review_id,app_name,category,username,device,rating,timestamp,text_original,text_cleaned,thumbs_up,token_count,char_count,num_emojis,num_urls,num_uppercase_words,unique_word_ratio,contains_promo_words,has_urdu_words,sentiment_score,device_missing,generic_username,user_total_reviews,time_diff_seconds,is_burst,same_text_count,rating_text_mismatch,user_avg_rating,user_rating_std
9d2085f5-d995-4d51-aed8-08c91ac50e2f,Amazon,E-commerce,Alinda Bowe,Unknown,4,2025-09-17 11:14:11,flexible delivery dates are convenient,flexible delivery dates are convenient,0,5,38,0,0,0,1.0,0,0,0.2263,1,0,1,0.0,0,1,0,4.0,0.0
2faf8ae8-9aaa-4cae-8c9b-0acb496fdf07,Amazon,E-commerce,John Kerrigan,Unknown,4,2025-09-17 14:21:47,very useful app when needed.,very useful app when needed.,0,5,28,0,0,0,1.0,0,1,0.4927,1,0,1,0.0,0,1,0,4.0,0.0
919f0778-9578-4153-9212-8aec214eb3f6,Amazon,E-commerce,Sierra KARENA Rivers,Unknown,4,2025-09-18 08:23:51,sometimes I'm shopping in Australia,sometimes i'm shopping in australia,0,5,35,0,0,0,1.0,0,0,0.0,1,0,1,0.0,0,1,0,4.0,0.0
e84fa30e-1337-4a07-8f3f-edd84ede2a57,Amazon,E-commerce,Alex Artamonov,Unknown,4,2025-09-18 20:14:31,TYPED IN CAPS TO MAKE READING EASIER- AMAZON RIPS OFF THEIR DRIVERS SO THIS IS A NEGATIVE - BUT FREE UNLIMITED SHIPPING AND USUALLY THE LOWEST POSSIBLE PRICES IS A POSITIVE.,typed in caps to make reading easier- amazon rips off their drivers so this is a negative - but free unlimited shipping and usually the lowest possible prices is a positive.,0,31,173,0,0,28,0.9354838709677419,1,0,0.7814,1,0,1,0.0,0,1,0,4.0,0.0
3c2eef74-82b5-4112-9e28-367066ac7023,Amazon,E-commerce,C K (c_roman_kng),Unknown,4,2025-09-18 21:30:47,"Immer noch großteils gut, was Serviceleistungen anbelangt. Leider fallen zunehmend Klon-artige noname-Anbieter (Asia oder 3d-print) und fehlende Prime-Lieferung auf.","immer noch großteils gut, was serviceleistungen anbelangt. leider fallen zunehmend klon-artige noname-anbieter (asia oder 3d-print) und fehlende prime-lieferung auf.",0,19,165,0,0,0,1.0,0,0,-0.3612,1,0,1,0.0,0,1,0,4.0,0.0
89c6bdc6-01a7-4d91-87b8-0be570afb9bb,Amazon,E-commerce,Arissya Williams,Unknown,4,2025-09-18 23:30:13,"Changing my rating to 4 because I am unable to sign in because they said there is ""suspicious activity"" or some other stupid thing. I don't mean disrespect but this is quite infuriating and stupid.","changing my rating to 4 because i am unable to sign in because they said there is ""suspicious activity"" or some other stupid thing. i don't mean disrespect but this is quite infuriating and stupid.",1,35,197,0,0,0,0.8857142857142857,0,0,-0.9234,1,0,1,0.0,0,1,1,4.0,0.0
87ccb239-da98-44d3-9ead-4601c6d265b6,Amazon,E-commerce,Peter Adams,Unknown,4,2025-09-19 13:10:26,You can always find a good bargain 👌,you can always find a good bargain 👌,0,8,36,1,0,0,1.0,0,0,0.87,1,0,1,0.0,0,1,0,4.0,0.0
f65593e2-0c1c-4ef3-be31-2c6ec3647b3c,Amazon,E-commerce,Steven James Bull,Unknown,4,2025-09-19 14:32:04,I'm just beginning to use Amazon deliveries.,i'm just beginning to use amazon deliveries.,0,7,44,0,0,0,1.0,0,0,0.1779,1,0,1,0.0,0,1,0,4.0,0.0
630758f0-9e3a-4c05-a34c-1ddae3dfa5a1,Amazon,E-commerce,patricia ullom,Unknown,4,2025-09-19 22:09:36,So hard get back into your account when you have change phone number two step protection locks you out fix that so need it.,so hard get back into your account when you have change phone number two step protection locks you out fix that so need it.,0,24,123,0,0,0,0.9166666666666666,0,0,-0.101,1,0,1,0.0,0,1,0,4.0,0.0
b554b1d7-1239-4e57-9da4-69f5b875b87e,Amazon,E-commerce,Javier Delagarza,Unknown,4,2025-09-19 22:17:57,"do not purchase Amazon gift cards from Walgreens, they look like they are new in packaging but some claim codes are tampered with","do not purchase amazon gift cards from walgreens, they look like they are new in packaging but some claim codes are tampered with",0,23,129,0,0,0,0.9130434782608695,0,0,-0.0547,1,0,1,0.0,0,1,0,4.0,0.0
2ed2adfe-557c-4219-8d91-bc892214e11e,Amazon,E-commerce,JERROD BAGWELL,Unknown,4,2025-09-20 00:38:35,"Other than some delivery personnel leaving packages at my gate, which is literally 5 feet from the front door. My experiences have been okay.","other than some delivery personnel leaving packages at my gate, which is literally 5 feet from the front door. my experiences have been okay.",0,24,141,0,0,0,0.9583333333333334,0,0,0.2263,1,0,1,0.0,0,1,0,4.0,0.0
71916dc8-ef01-4be6-bb3e-b93078b063d0,Amazon,E-commerce,MD ABU SAYEED,Unknown,4,2025-09-20 03:39:10,this app is still not available in Bangladesh.,this app is still not available in bangladesh.,0,8,46,0,0,0,1.0,0,1,0.0,1,0,1,0.0,0,1,0,4.0,0.0
4a97a775-9200-4d74-aa63-a5e97595f556,Amazon,E-commerce,Jerome John,Unknown,4,2025-09-20 06:21:43,PLEASE ADD DARK MODE!,please add dark mode!,0,4,21,0,0,4,1.0,0,0,0.3802,1,0,1,0.0,0,1,0,4.0,0.0
3afe53d8-4239-473a-8932-9bccf6579cf5,Amazon,E-commerce,Miklos Both - SooS,Unknown,4,2025-09-20 06:37:36,"For home appliances should be more detailed as a power consumption ( as 120v or 220/240v ) ... Otherwise , everything is okay ... 🤘🤘🤘🤘🤘🤘","for home appliances should be more detailed as a power consumption ( as 120v or 220/240v ) ... otherwise , everything is okay ... 🤘🤘🤘🤘🤘🤘",0,25,136,6,0,0,0.92,0,1,0.2263,1,0,1,0.0,0,1,0,4.0,0.0
18f9f431-a4e8-49c5-87b9-f9ad56ad9186,Amazon,E-commerce,Erin Beck,Unknown,4,2025-09-20 18:58:26,"usually good app, but on 09/20/25 it was not working. I was shopping on Fresh, but the app kept going back to the prime screen and saying every food item I searched was unavailable.","usually good app, but on 09/20/25 it was not working. i was shopping on fresh, but the app kept going back to the prime screen and saying every food item i searched was unavailable.",4,34,181,0,0,0,0.8235294117647058,0,1,0.5994,1,0,1,0.0,0,1,0,4.0,0.0
79f10741-9e69-4c8f-a7ff-fdb7caa996b3,Amazon,E-commerce,Culver Lee,Unknown,4,2025-09-20 19:42:05,I love this app and amazon in general. so many useful and entertaining products and much more!,i love this app and amazon in general. so many useful and entertaining products and much more!,0,17,94,0,0,0,0.8823529411764706,0,1,0.9056,1,0,1,0.0,0,1,0,4.0,0.0
0a28c98d-92bf-4494-bfb9-7cdc1cea1f56,Amazon,E-commerce,JJ Kinzer,Unknown,4,2025-09-20 21:23:42,Wouldn't let me use Cash App other than that good.,wouldn't let me use cash app other than that good.,0,10,50,0,0,0,1.0,0,1,0.4404,1,0,1,0.0,0,1,0,4.0,0.0
e12ad1ea-a252-44ab-9fbc-7d4cd538b889,Amazon,E-commerce,Kelly Adley,Unknown,4,2025-09-20 21:34:16,"Love the ease of buying things, but when looking at different patterns of the same shirt, for example, it takes forever to load. And each time you want to see the other patterns, it's a really slow load time.","love the ease of buying things, but when looking at different patterns of the same shirt, for example, it takes forever to load. and each time you want to see the other patterns, it's a really slow load time.",0,39,208,0,0,0,0.8974358974358975,0,0,0.5859,1,0,1,0.0,0,1,0,4.0,0.0
4846a6b1-1b25-4127-bb56-e91e14e820a1,Amazon,E-commerce,Craig Nix,Unknown,4,2025-09-21 00:15:38,Great app with great prices.,great app with great prices.,0,5,28,0,0,0,0.8,0,1,0.8481,1,0,1,0.0,0,1,0,4.0,0.0
7d62ffaa-28e2-4898-94e9-7087bb647fa5,Amazon,E-commerce,Akoyu Mais,Unknown,4,2025-09-21 09:33:45,sending er administrator when necessary>>,sending er administrator when necessary>>,0,5,41,0,0,0,1.0,0,0,0.0,1,0,1,0.0,0,1,0,4.0,0.0
35d7fc13-1f38-47d8-827e-2712612f5b0b,Amazon,E-commerce,Richard Lively,Unknown,4,2025-09-21 17:41:18,"Amazon is Great, some of the delivery drivers are not. They don't follow instructions and miss handle the items","amazon is great, some of the delivery drivers are not. they don't follow instructions and miss handle the items",0,19,111,0,0,0,0.9473684210526315,0,0,0.6369,1,0,1,0.0,0,1,0,4.0,0.0
a6603fbd-c127-4707-96d7-69622e8692d5,Amazon,E-commerce,C. Lee,Unknown,4,2025-09-21 22:43:45,"Really convenient, many hard to find items. Took away a star as of lately cheap vendors and products. You must read description and origin closely.","really convenient, many hard to find items. took away a star as of lately cheap vendors and products. you must read description and origin closely.",0,25,147,0,0,0,0.96,1,0,-0.1689,1,0,1,0.0,0,1,0,4.0,0.0
79a5c08b-0295-4810-9cf9-03c3c0d2743d,Amazon,E-commerce,Dee Jae Preston,Unknown,4,2025-09-22 01:25:24,The only problem I have with my orders is that they do not follow the delivery location instructions.,the only problem i have with my orders is that they do not follow the delivery location instructions.,0,18,101,0,0,0,0.9444444444444444,0,0,-0.4019,1,0,1,0.0,0,1,0,4.0,0.0
f71b3678-fd2a-46ec-a788-cd29416895fd,Amazon,E-commerce,Liza Burgess,Unknown,4,2025-09-22 17:14:13,Great prices,great prices,0,2,12,0,0,0,1.0,0,0,0.6249,1,0,1,0.0,0,1,0,4.0,0.0
531f6ada-76e2-4c65-bc16-4942385de18b,Amazon,E-commerce,Annette Cantu,Unknown,4,2025-09-23 00:58:38,Your book spell check doesn't fully work.,your book spell check doesn't fully work.,0,7,41,0,0,0,1.0,0,0,0.0,1,0,1,0.0,0,1,0,4.0,0.0
41d213e9-e129-4e33-afef-5bbb8af7e1da,Amazon,E-commerce,ALI SAYEED,Unknown,4,2025-09-23 14:22:40,Best online shopping app,best online shopping app,1,4,24,0,0,0,1.0,0,1,0.6369,1,0,1,0.0,0,1,0,4.0,0.0
980732cf-0ea8-4417-aee1-a723df1c9424,Amazon,E-commerce,Elias Arzamendi,Unknown,4,2025-09-23 17:05:54,3 you 5d4,3 you 5d4,0,3,9,0,0,0,1.0,0,0,0.0,1,0,1,0.0,0,1,0,4.0,0.0
be39e331-396f-49d8-8aaa-fef57baefdb8,Amazon,E-commerce,David X,Unknown,4,2025-09-23 17:39:33,the app works very well but I wish it had more features. features for my own convenience. I am one of those that believes Amazon does the best possible job they can for the customer considering their volume.,the app works very well but i wish it had more features. features for my own convenience. i am one of those that believes amazon does the best possible job they can for the customer considering their volume.,1,38,207,0,0,0,0.8947368421052632,0,1,0.9201,1,0,1,0.0,0,1,0,4.0,0.0
4ee5b243-d9c1-4e19-9113-aa212bfd4499,Amazon,E-commerce,Therion Sterling,Unknown,4,2025-09-23 19:30:39,expensive,expensive,0,1,9,0,0,0,1.0,0,0,0.0,1,0,1,0.0,0,1,0,4.0,0.0
f331d1a0-8c72-477b-b3c4-c90ddee6c287,Amazon,E-commerce,Evelynn Qyieoa,Unknown,4,2025-09-24 18:31:31,"super nice to use, orders come in quick and refunds are easy to use","super nice to use, orders come in quick and refunds are easy to use",0,14,67,0,0,0,0.9285714285714286,0,0,0.8625,1,0,1,0.0,0,1,0,4.0,0.0
eb1868ce-8b02-44a4-94f4-cc911795a1cc,Amazon,E-commerce,Jamie Jordan,Unknown,4,2025-09-24 18:49:46,"Great app, mostly user friendly. My only complaint is that the age verification does not work. Im a 43 year old electrician and I cant buy a stanley knife!","great app, mostly user friendly. my only complaint is that the age verification does not work. im a 43 year old electrician and i cant buy a stanley knife!",0,29,155,0,0,0,0.9655172413793104,0,1,0.75,1,0,1,0.0,0,1,0,4.0,0.0
3e504e01-692f-4ca0-b18b-6d4b2c885541,Amazon,E-commerce,LaToya Dunston,Unknown,4,2025-09-25 12:53:24,"app glitches, and some times amazon has the wrong product picture, and its misleading to the consumer when buy they end up with something else.","app glitches, and some times amazon has the wrong product picture, and its misleading to the consumer when buy they end up with something else.",0,25,143,0,0,0,0.92,0,1,-0.6249,1,0,1,0.0,0,1,1,4.0,0.0
776b44f0-cdf1-4a43-b0b2-e18a58afe6e9,Amazon,E-commerce,Shannon Rogers,Unknown,4,2025-09-25 19:05:03,Fair not really even sure,fair not really even sure,0,5,25,0,0,0,1.0,0,0,0.0341,1,0,1,0.0,0,1,0,4.0,0.0
c48f7c27-595a-4d6f-9d13-4e41a45e2d13,Amazon,E-commerce,Cary Don Samara,Unknown,4,2025-09-25 20:35:00,only gets four stars maybe should have been three... for the sole reason that it shows way way way too much of something that was nothing like the search parameters,only gets four stars maybe should have been three... for the sole reason that it shows way way way too much of something that was nothing like the search parameters,0,30,164,0,0,0,0.8666666666666667,0,0,-0.2755,1,0,1,0.0,0,1,0,4.0,0.0
2077502f-24f6-4aaa-b976-f6f73e6baf2d,Amazon,E-commerce,Sainvil,Unknown,4,2025-09-26 01:36:48,great job,great job,0,2,9,0,0,0,1.0,0,0,0.6249,1,0,1,0.0,0,2,0,4.0,0.0
bcc6e8d0-2cdc-45e1-beef-de8db197d0dd,Amazon,E-commerce,S.D. Luck aka Lady Luck,Unknown,4,2025-09-26 18:25:50,I love the Amazon App. and would give it a 5 Star rating but I wish that I could put it in Dark mode in the App.,i love the amazon app. and would give it a 5 star rating but i wish that i could put it in dark mode in the app.,1,27,112,0,0,0,0.7777777777777778,0,1,0.7579,1,0,1,0.0,0,1,0,4.0,0.0
7aba71e9-eb36-4904-a72c-72185deb0577,Amazon,E-commerce,Ana Cattini,Unknown,4,2025-09-27 05:43:17,Excellent,excellent,0,1,9,0,0,0,1.0,0,0,0.5719,1,0,1,0.0,0,3,0,4.0,0.0
20806247-3127-466d-a16e-2bfb7b5764a1,Amazon,E-commerce,Shane Fox,Unknown,4,2025-09-27 15:46:02,How can I expect satisfactory with packages? If some of them won't even be delivered.,how can i expect satisfactory with packages? if some of them won't even be delivered.,0,15,85,0,0,0,1.0,0,0,0.3612,1,0,1,0.0,0,1,0,4.0,0.0
a93d52b1-890b-4d73-9f8c-d8ca720a2131,Amazon,E-commerce,Sturgil Matthews,Unknown,4,2025-09-27 21:39:41,don't know yet,don't know yet,0,3,14,0,0,0,1.0,0,0,0.0,1,0,1,0.0,0,1,0,4.0,0.0
01023518-8c66-4364-a757-682125ceb11b,Amazon,E-commerce,Bernardo Dipaolo,Unknown,4,2025-09-27 21:51:13,great 👍👍👍,great 👍👍👍,0,2,9,3,0,0,1.0,0,0,0.6249,1,0,1,0.0,0,1,0,4.0,0.0
634ab87a-b77f-40c4-90bf-2934f703b315,Amazon,E-commerce,Beverley Reed,Unknown,4,2025-09-28 03:37:39,really good,really good,0,2,11,0,0,0,1.0,0,0,0.4927,1,0,1,0.0,0,1,0,4.0,0.0
c43c7b9b-ff65-47e1-a2c5-2c554e5c9b81,Amazon,E-commerce,Khris,Unknown,4,2025-09-28 16:20:31,I love Amazon. The app is usable and gets the job done when ordering stuff. Though the UI could use a new coat of paint and an fps boost ;),i love amazon. the app is usable and gets the job done when ordering stuff. though the ui could use a new coat of paint and an fps boost ;),1,30,139,0,0,1,0.9,0,1,0.8591,1,0,1,0.0,0,1,0,4.0,0.0
50c7126c-8072-46c4-9d6d-c21ff787b71a,Amazon,E-commerce,Ron K,Unknown,4,2025-09-28 17:37:46,I'm happy,i'm happy,1,2,9,0,0,0,1.0,0,1,0.5719,1,0,1,0.0,0,1,0,4.0,0.0
0a077c23-64a7-497e-a0e5-d00ab52c2a19,Amazon,E-commerce,Gale Steward,Unknown,4,2025-09-28 18:32:03,love Amazon for stuff ordered but hate when they don't bill my credit card,love amazon for stuff ordered but hate when they don't bill my credit card,1,14,74,0,0,0,1.0,0,0,-0.7074,1,0,1,0.0,0,1,1,4.0,0.0
092df8e4-f0f9-4ff9-b6cb-d10cad74f4e0,Amazon,E-commerce,Kevin Collazos,Unknown,4,2025-09-29 05:11:40,Tiene algunos problemas de rendimiento,tiene algunos problemas de rendimiento,0,5,38,0,0,0,1.0,0,0,0.0,1,0,1,0.0,0,1,0,4.0,0.0
5fdb79c2-d450-48f3-a8ab-1b307b4889b0,Amazon,E-commerce,Anthony Woolford,Unknown,4,2025-09-29 08:18:41,Amozon member 4 years now cause definitely a good choice for door to door serverice Had a few ups and downs but that's lifestyle of 2day yesterday or tomorrow The day ends in Y. Slip trips and falls Regards Anthony,amozon member 4 years now cause definitely a good choice for door to door serverice had a few ups and downs but that's lifestyle of 2day yesterday or tomorrow the day ends in y. slip trips and falls regards anthony,0,40,214,0,0,1,0.925,0,0,0.4215,1,0,1,0.0,0,1,0,4.0,0.0
fa273086-4463-4d43-b2c7-ca22921f24f4,Amazon,E-commerce,Ali Haji,Unknown,4,2025-09-29 11:52:23,"Easy to navigate app , personalized offers at your fingertips . QUICK delivery . Exclusive products that you wond find ANY WHERE ELSE ! My number one shopping app so far. Seriously, i have yet to be let down Amazon","easy to navigate app , personalized offers at your fingertips . quick delivery . exclusive products that you wond find any where else ! my number one shopping app so far. seriously, i have yet to be let down amazon",1,40,214,0,0,4,0.925,1,1,0.5738,1,0,1,0.0,0,1,0,4.0,0.0
1cb6c6f6-2767-407e-91db-916b2d4ad499,Amazon,E-commerce,Ida Alonge,Unknown,2,2025-09-29 16:23:30,I want it on my home screen like my other apps. vit was there and it disappeared.,i want it on my home screen like my other apps. vit was there and it disappeared.,0,17,81,0,0,0,0.8823529411764706,0,1,0.2263,1,0,1,0.0,0,1,0,2.0,0.0
055d1739-2b25-4487-bf46-e1a0421ebf4f,Amazon,E-commerce,Joshua,Unknown,4,2025-09-29 21:45:52,hello I have bought prime shipping on Amazon I was gonna ask if I could get a refund on that payment please and thank you!,hello i have bought prime shipping on amazon i was gonna ask if i could get a refund on that payment please and thank you!,0,25,122,0,0,0,0.88,0,0,0.6996,1,0,1,0.0,0,1,0,4.0,0.0
8df4e9b7-20ac-4885-8d8f-85ae04228c8c,Amazon,E-commerce,Reignstorm,Unknown,2,2025-09-29 21:50:33,Why am I no longer able to archive orders?!,why am i no longer able to archive orders?!,0,9,43,0,0,0,1.0,0,0,-0.3595,1,0,1,0.0,0,1,0,2.0,0.0
56930155-5b37-4d2c-aea2-0283c772f4de,Amazon,E-commerce,Candace Chapple,Unknown,2,2025-09-30 00:27:22,"I wish that you would just display the actual prices on your ""deals"" pages, instead of the percent off. It is so annoying having to click on each item just to see the prices.","i wish that you would just display the actual prices on your ""deals"" pages, instead of the percent off. it is so annoying having to click on each item just to see the prices.",1,34,174,0,0,0,0.8529411764705882,1,0,-0.2002,1,0,1,0.0,0,1,0,2.0,0.0
be357178-eb35-4511-ad08-7059dac6fe4a,Amazon,E-commerce,Joana Mad,Unknown,4,2025-09-30 08:31:09,"I love shopping on Amazon. It's fast and easy. Fast delivery as well. Thank you, Amazon teams, for making our shopping so easy.","i love shopping on amazon. it's fast and easy. fast delivery as well. thank you, amazon teams, for making our shopping so easy.",0,23,127,0,0,0,0.8695652173913043,0,0,0.9505,1,0,1,0.0,0,1,0,4.0,0.0
83452b2f-8a1e-49e9-8349-2e8040c6b6e9,Amazon,E-commerce,Stephan Pepper,Unknown,4,2025-09-30 13:17:53,Too much effort and repeated attempts to redeem a gift card.,too much effort and repeated attempts to redeem a gift card.,0,11,60,0,0,0,1.0,0,0,0.4404,1,0,1,0.0,0,1,0,4.0,0.0
0a88b1dc-67d6-40f5-a65d-eee39384bfa5,Amazon,E-commerce,Rowdy Tucker,Unknown,4,2025-09-30 14:43:58,only thing I would like more is if there was a made in America only section.,only thing i would like more is if there was a made in america only section.,0,16,76,0,0,0,0.9375,0,0,0.3612,1,0,1,0.0,0,1,0,4.0,0.0
e1e6d9f1-57b6-45dc-91e2-a2d72af10ef1,Amazon,E-commerce,Mary Gutowski,Unknown,4,2025-09-30 19:19:43,Prime next day seems to no longer on many items.,prime next day seems to no longer on many items.,0,10,48,0,0,0,1.0,0,0,-0.296,1,0,1,0.0,0,1,0,4.0,0.0
f0a62f50-ce48-40c3-b253-9041abd837e2,Amazon,E-commerce,Valindria Hoban,Unknown,2,2025-09-30 19:35:27,This app gets glitchier and glitchier with every update... even if I clear all data or start with a fresh install.,this app gets glitchier and glitchier with every update... even if i clear all data or start with a fresh install.,1,21,114,0,0,0,0.9047619047619048,1,1,0.5994,1,0,1,0.0,0,1,1,2.0,0.0
bfc3bbe8-72e8-44aa-b46c-06accb1f8e3c,Amazon,E-commerce,Ernesto Zinko,Unknown,2,2025-09-30 20:20:28,not receiving on time lately,not receiving on time lately,0,5,28,0,0,0,1.0,0,0,0.0,1,0,1,0.0,0,1,0,2.0,0.0
8a0b5c65-bd68-47b8-8eac-b106a16a325b,Amazon,E-commerce,Vanika,Unknown,4,2025-09-30 22:13:47,So happy they ship to the Philippines! the additional QR PH payment made it easier to shop for my new books 💖 I just wish the currency doesn't keep changing after I selected the currency I use..,so happy they ship to the philippines! the additional qr ph payment made it easier to shop for my new books 💖 i just wish the currency doesn't keep changing after i selected the currency i use..,0,37,194,1,0,2,0.8108108108108109,0,1,0.945,1,0,1,0.0,0,1,0,4.0,0.0
b3c8ffde-2108-4d6d-a7f6-2b02dd69ddeb,Amazon,E-commerce,Raynard Conolly,Unknown,2,2025-09-30 23:12:37,No option to print your invoices in order summary as advertised.,no option to print your invoices in order summary as advertised.,0,11,64,0,0,0,1.0,0,0,-0.296,1,0,1,0.0,0,1,0,2.0,0.0
343fae2f-75e5-484c-bcdb-b2415a546264,Amazon,E-commerce,Bill,Unknown,2,2025-10-01 00:00:37,navigation is awful. near impossible to add benefit card to receive the discount on membership.,navigation is awful. near impossible to add benefit card to receive the discount on membership.,0,15,95,0,0,0,0.9333333333333333,1,0,0.0,1,0,1,0.0,0,1,0,2.0,0.0
b1238716-7730-4d09-b6c4-b0dc5f61ec52,Amazon,E-commerce,Carol Johnson,Unknown,4,2025-10-01 01:30:35,like it,like it,0,2,7,0,0,0,1.0,0,0,0.3612,1,0,1,0.0,0,1,0,4.0,0.0
30764e3b-472e-4759-b39d-9feebd68d870,Amazon,E-commerce,Ruth Thomas,Unknown,4,2025-10-01 02:26:15,I ordered Duthes honey buns twice they were opened and some were missing. delivered BY USES GREAT product poor delivery.,i ordered duthes honey buns twice they were opened and some were missing. delivered by uses great product poor delivery.,0,20,120,0,0,3,0.95,0,0,-0.0516,1,0,1,0.0,0,1,0,4.0,0.0
b7cb9b11-0257-4fbb-a7d6-77050fc67960,Amazon,E-commerce,Lynette De Villiers,Unknown,2,2025-10-01 07:33:28,"It is frustrating when you order an item, which shows it is in stock, and the wrong item gets sent.","it is frustrating when you order an item, which shows it is in stock, and the wrong item gets sent.",0,20,99,0,0,0,0.9,0,0,-0.7184,1,0,1,0.0,0,1,0,2.0,0.0
9526a315-18e7-4cf2-9f76-228ca8451a4a,Amazon,E-commerce,Andrew,Unknown,2,2025-10-01 12:52:08,"broken junk, slow, buggy, and frustrating","broken junk, slow, buggy, and frustrating",0,6,41,0,0,0,1.0,0,0,-0.7184,1,0,1,0.0,0,1,0,2.0,0.0
fd69e5b5-f0bf-40de-9600-e09f1649b51a,Amazon,E-commerce,Kyle Keating,Unknown,2,2025-10-01 13:58:24,the drivers should have to take a picture before saying the product is delivered! had a pair of shoes delivered late by a driver in a car named Marcos. the shoes were nowhere to be found!,the drivers should have to take a picture before saying the product is delivered! had a pair of shoes delivered late by a driver in a car named marcos. the shoes were nowhere to be found!,1,36,187,0,0,0,0.8055555555555556,0,0,0.0,1,0,1,0.0,0,1,0,2.0,0.0
1939b5cf-5570-4c60-ab69-53ca1feab2bf,Amazon,E-commerce,T C,Unknown,4,2025-10-01 14:16:18,seems to take longer for some deliveries and one disappeared. I'll still order from Amazon. Drivers are great!,seems to take longer for some deliveries and one disappeared. i'll still order from amazon. drivers are great!,0,18,110,0,0,0,1.0,0,1,0.636,1,0,1,0.0,0,1,0,4.0,0.0
d2060f09-da48-4399-88bb-d78ca56d24b5,Amazon,E-commerce,Lisa H,Unknown,2,2025-10-01 14:49:22,amazon has really fallen off in quality and speed as of late. not just the app but also with the service in general.,amazon has really fallen off in quality and speed as of late. not just the app but also with the service in general.,0,23,116,0,0,0,0.9130434782608695,0,1,-0.1397,1,0,1,0.0,0,1,0,2.0,0.0
1ab1c0d1-ff90-4edf-85b0-6aa4caa73014,Amazon,E-commerce,Akmal Javeed,Unknown,2,2025-10-01 16:21:38,Amazon delivery team took the shipment back without delivering it to the customer. This has happened to me twice within a month.,amazon delivery team took the shipment back without delivering it to the customer. this has happened to me twice within a month.,0,22,128,0,0,0,0.9090909090909091,0,1,0.1779,1,0,1,0.0,0,1,0,2.0,0.0
4f34325a-76b3-4af1-967c-c959ddafc02b,Amazon,E-commerce,Bobby,Unknown,4,2025-10-01 22:36:43,app needs to add a pin for card protection.,app needs to add a pin for card protection.,0,9,43,0,0,0,1.0,0,1,0.0,1,0,1,0.0,0,1,0,4.0,0.0
5c2e18cd-0ac1-446c-b972-6c8cfe9747cf,Amazon,E-commerce,Don C,Unknown,2,2025-10-01 22:44:57,runs very poorly in weak connection environments.,runs very poorly in weak connection environments.,0,7,49,0,0,0,1.0,0,0,-0.4877,1,0,1,0.0,0,1,0,2.0,0.0
8d887c07-f575-42e3-a336-54f8fb692225,Amazon,E-commerce,Margaret Valerio,Unknown,2,2025-10-01 22:55:02,"The materials are being sent to the wrong address. I entered Cobble Hill High School of American Studies at 347 Baltic Street, Brooklyn, NY 11201. The items were sent to Ctown instead.","the materials are being sent to the wrong address. i entered cobble hill high school of american studies at 347 baltic street, brooklyn, ny 11201. the items were sent to ctown instead.",0,32,184,0,0,1,0.875,0,0,-0.4767,1,0,1,0.0,0,1,0,2.0,0.0
51b59167-f31f-4fab-9c57-43551e1fd6ed,Amazon,E-commerce,Coan Payne,Unknown,4,2025-10-02 01:20:26,just wanted to leave a suggestion. amazon prime app dark mode for those late night orders. it'd be real easy on the eyes.,just wanted to leave a suggestion. amazon prime app dark mode for those late night orders. it'd be real easy on the eyes.,0,23,121,0,0,0,1.0,0,1,0.5267,1,0,1,0.0,0,1,0,4.0,0.0
3d1633a4-71c4-4c7f-b4bb-0d77eb67c062,Amazon,E-commerce,A Homey,Unknown,4,2025-10-02 03:11:36,deliveries are usually on time and returns are pretty easy so I have had pretty good experiences,deliveries are usually on time and returns are pretty easy so i have had pretty good experiences,1,17,96,0,0,0,0.8823529411764706,0,0,0.9042,1,0,1,0.0,0,1,0,4.0,0.0
36518d41-d66e-44ab-80e9-d7bcec5ef404,Amazon,E-commerce,Status King,Unknown,2,2025-10-02 11:06:49,can it deliver in Pakistan,can it deliver in pakistan,0,5,26,0,0,0,1.0,0,0,0.0,1,0,1,0.0,0,1,0,2.0,0.0
93ce571d-91da-44d2-9d7a-8defff643852,Amazon,E-commerce,Danny Bower,Unknown,4,2025-10-02 15:15:03,i love Amazon! they got everything,i love amazon! they got everything,0,6,34,0,0,0,1.0,0,0,0.7345,1,0,1,0.0,0,1,0,4.0,0.0
85cb4be7-9e19-4b7b-9173-f5597cbe95f3,Amazon,E-commerce,Chris Munroe,Unknown,2,2025-10-02 16:03:32,won't let me order,won't let me order,0,4,18,0,0,0,1.0,0,0,0.0,1,0,1,0.0,0,1,0,2.0,0.0
1b66020e-d46b-4575-a8c7-bbfe7f81d681,Amazon,E-commerce,Tommy Filpansick,Unknown,4,2025-10-02 16:39:33,"Amazon should add stops away. Like 50 away,45 away,40 away. and so on, Until 10. Then increments of 1. it'd be great","amazon should add stops away. like 50 away,45 away,40 away. and so on, until 10. then increments of 1. it'd be great",2,22,116,0,0,0,0.9545454545454546,0,0,0.7717,1,0,1,0.0,0,1,0,4.0,0.0
b6d36d3c-98f1-46c3-b049-70f758bd6fc4,Amazon,E-commerce,Brayden Simmons,Unknown,2,2025-10-02 16:55:15,if I put on my delivery to leave it at my front door. LEAVE IT AT MY FRONT DOOR,if i put on my delivery to leave it at my front door. leave it at my front door,2,19,79,0,0,6,0.6842105263157895,0,0,-0.1027,1,0,1,0.0,0,1,0,2.0,0.0
dd5a9dd7-f2ec-4f0c-a128-ca068f213fd4,Amazon,E-commerce,Campbell Srewart,Unknown,4,2025-10-02 18:27:03,Campbell. Stewart,campbell. stewart,0,2,17,0,0,0,1.0,0,0,0.0,1,0,1,0.0,0,1,0,4.0,0.0
458723d6-b7bc-4143-aee7-4240b8de5d3b,Amazon,E-commerce,Tim dontwannasay,Unknown,2,2025-10-02 18:56:00,you cannot trust the overnight or same day delivery! And now try to get any compensation out of them! Crooks.,you cannot trust the overnight or same day delivery! and now try to get any compensation out of them! crooks.,1,20,109,0,0,0,1.0,0,0,-0.5083,1,0,1,0.0,0,1,0,2.0,0.0
a7042ee6-c325-40fe-91af-b45c482ed512,Amazon,E-commerce,Sergio Cotom,Unknown,4,2025-10-02 22:20:37,"only problem is Let it be only what I'm looking for, not anything else that doesn't correspond to what I'm looking for, okay?","only problem is let it be only what i'm looking for, not anything else that doesn't correspond to what i'm looking for, okay?",0,23,125,0,0,0,0.782608695652174,0,0,-0.2023,1,0,1,0.0,0,1,0,4.0,0.0
b8d44b7d-2465-471d-9d2f-727b1fc2acbe,Amazon,E-commerce,Kendall And Katie,Unknown,4,2025-10-03 03:01:56,is it really so hard to help me hide my packages from my husband? either by actually hiding them or creating the ability to schedule deliveries. something anything would be appreciated,is it really so hard to help me hide my packages from my husband? either by actually hiding them or creating the ability to schedule deliveries. something anything would be appreciated,264,31,184,0,0,0,0.9354838709677419,0,1,0.6858,1,0,1,0.0,0,1,0,4.0,0.0
c7becc5c-2811-44b7-99c5-d80db6c9fe13,Amazon,E-commerce,Alfred Seymour,Unknown,2,2025-10-03 03:02:07,boring,boring,0,1,6,0,0,0,1.0,0,0,-0.3182,1,0,1,0.0,0,1,0,2.0,0.0
a93193c7-e5f8-4366-8ace-2efe948bd692,Amazon,E-commerce,DJDEEDetroit,Unknown,4,2025-10-03 11:52:07,Not all prices are low!,not all prices are low!,0,5,23,0,0,0,1.0,0,0,-0.3382,1,0,1,0.0,0,1,0,4.0,0.0
ef0822e9-2d03-498a-b16c-15448493e1ef,Amazon,E-commerce,Emma,Unknown,2,2025-10-03 14:47:51,"Usually live the app, it's very convenient and user friendly. however, in the few weeks it has been abnormally slow and buggy. nothing else on my phone is acting this way.","usually live the app, it's very convenient and user friendly. however, in the few weeks it has been abnormally slow and buggy. nothing else on my phone is acting this way.",3,31,171,0,0,0,0.9354838709677419,0,1,0.4939,1,0,1,0.0,0,1,0,2.0,0.0
2770cb86-d25c-4b61-bdeb-75b17a5a4947,Amazon,E-commerce,Muntasir Rakhimov,Unknown,2,2025-10-03 15:23:24,Why am I paying extra money for fast delivery you do not deliver on time. You do not deliver an order at a specific time that you promise. Some products also that you provide are faulty and inconsistent!,why am i paying extra money for fast delivery you do not deliver on time. you do not deliver an order at a specific time that you promise. some products also that you provide are faulty and inconsistent!,0,38,203,0,0,0,0.8157894736842105,0,0,0.0,1,0,1,0.0,0,1,0,2.0,0.0
9b277caf-572e-43ba-a5c0-9aeedf50dc1f,Amazon,E-commerce,Federico Cespinozalll,Unknown,4,2025-10-03 16:04:06,always a way for improvement,always a way for improvement,0,5,28,0,0,0,1.0,0,0,0.4588,1,0,1,0.0,0,1,0,4.0,0.0
718f9245-8ff8-4873-99fd-9f4dda258aff,Amazon,E-commerce,Kimberly Kubina,Unknown,2,2025-10-03 16:14:50,"Recently, My Orders tab has been messing up. I can't see any of my recent orders or search my orders. please fix","recently, my orders tab has been messing up. i can't see any of my recent orders or search my orders. please fix",1,22,112,0,0,0,0.8636363636363636,0,0,0.3182,1,0,1,0.0,0,1,0,2.0,0.0
d2cddff0-76b3-4ae8-8539-d6ce5ecf9f8b,Amazon,E-commerce,Andrew Morgan,Unknown,2,2025-10-03 22:59:56,Dark mode please. Pretty please latest updates suck. search results limited. I can only see about 40 of 400. there isn't an option for more or another page,dark mode please. pretty please latest updates suck. search results limited. i can only see about 40 of 400. there isn't an option for more or another page,3,28,155,0,0,0,1.0,0,0,0.4588,1,0,1,0.0,0,1,0,2.0,0.0
4583bf5a-539b-46d0-b5c4-55f6be857aff,Amazon,E-commerce,Jonathan Carr,Unknown,4,2025-10-04 00:34:11,solid,solid,0,1,5,0,0,0,1.0,0,0,0.1531,1,0,1,0.0,0,1,0,4.0,0.0
9c21c79f-dbde-4604-b39f-ca9019357421,Amazon,E-commerce,D B,Unknown,4,2025-10-04 02:28:51,I don't like the new fonts. The light green top bar was a better color than the beige.,i don't like the new fonts. the light green top bar was a better color than the beige.,180,18,86,0,0,0,0.8888888888888888,0,0,0.3798,1,0,1,0.0,0,1,0,4.0,0.0
35da92bf-95a2-470e-94fd-215b033c97a2,Amazon,E-commerce,Marcus Richardson,Unknown,4,2025-10-04 03:14:31,I think the delivery service is really good.,i think the delivery service is really good.,0,8,44,0,0,0,1.0,0,0,0.4927,1,0,1,0.0,0,1,0,4.0,0.0
2bbfec5d-edfb-4dbc-b9bd-0af77f1b0803,Amazon,E-commerce,Brad Ramey,Unknown,2,2025-10-04 05:44:37,I went to a physical store because of the tariffs,i went to a physical store because of the tariffs,0,10,49,0,0,0,1.0,0,0,0.0,1,0,1,0.0,0,1,0,2.0,0.0
752b82fb-050a-4e5a-88a9-1d9e8e5af325,Amazon,E-commerce,Drowned Doviculus,Unknown,2,2025-10-04 06:28:10,the app refuses to let you sign in to your linked bank card to make payments. have done everything short of re installing it and i cant do anything to make my payment.,the app refuses to let you sign in to your linked bank card to make payments. have done everything short of re installing it and i cant do anything to make my payment.,0,33,167,0,0,0,0.8787878787878788,1,1,0.0,1,0,1,0.0,0,1,0,2.0,0.0
3c686551-fbd9-42b6-9ece-dd50df97a2de,Amazon,E-commerce,Lynette Russell,Unknown,4,2025-10-04 10:04:25,great great,great great,0,2,11,0,0,0,0.5,0,0,0.8481,1,0,1,0.0,0,1,0,4.0,0.0
641d6491-5e88-4886-9abd-b628af018256,Amazon,E-commerce,Nicusor Valentin Vasilescu,Unknown,2,2025-10-04 12:11:25,Can t find anything after you ve made Rufus a dedicated tab,can t find anything after you ve made rufus a dedicated tab,1,12,59,0,0,0,1.0,0,0,0.4588,1,0,1,0.0,0,1,0,2.0,0.0
9009258c-829e-4e74-888c-1bb34ceb97c3,Amazon,E-commerce,John McGinnis,Unknown,4,2025-10-04 17:26:34,It's Amazon. EZ-PZ,it's amazon. ez-pz,0,3,18,0,0,1,1.0,0,0,0.1779,1,0,1,0.0,0,1,0,4.0,0.0
cbb51624-04e8-47f2-b8bb-394940f954cc,Amazon,E-commerce,Tammy Walker,Unknown,2,2025-10-04 19:26:42,unable to access previous account. Links to settings do not work.,unable to access previous account. links to settings do not work.,1,11,65,0,0,0,0.9090909090909091,1,0,0.0,1,0,1,0.0,0,1,0,2.0,0.0
2af3006f-d702-4e9d-b05a-86678daee919,Amazon,E-commerce,Sean Wyn,Unknown,2,2025-10-04 22:12:25,not loading & keeps crashing on Pixel 10 pro XL. Devs please fix this. tried all the trouble shootings in existence. nothing is working. literally tried every. single. trouble shootings.,not loading & keeps crashing on pixel 10 pro xl. devs please fix this. tried all the trouble shootings in existence. nothing is working. literally tried every. single. trouble shootings.,2,30,186,0,0,1,0.9333333333333333,0,0,-0.4767,1,0,1,0.0,0,1,0,2.0,0.0
9b73194f-c557-4d49-af5e-418ccca56c21,Amazon,E-commerce,DCarl Borders,Unknown,4,2025-10-05 02:47:06,very easy to operate,very easy to operate,0,4,20,0,0,0,1.0,0,0,0.4927,1,0,1,0.0,0,1,0,4.0,0.0
50d9ec16-86a5-4717-962d-8de3e65ee353,Amazon,E-commerce,Desean Foster,Unknown,2,2025-10-05 04:44:42,I don't know who is in charge of this new design layout for amazon but it is complete garbage. They need to give us back the easier navigation. 2 stars,i don't know who is in charge of this new design layout for amazon but it is complete garbage. they need to give us back the easier navigation. 2 stars,0,30,151,0,0,0,0.9666666666666667,0,0,0.6187,1,0,1,0.0,0,1,1,2.0,0.0
d9a18473-c7e4-48a9-9a50-98b6ef1d898f,Amazon,E-commerce,kazimarou nuayda,Unknown,2,2025-10-05 06:42:53,hard to reach call center ... its extremely complicated,hard to reach call center ... its extremely complicated,0,9,55,0,0,0,1.0,0,0,-0.0772,1,0,1,0.0,0,1,0,2.0,0.0
4695eb9f-935f-4d19-89d7-e182bfccc314,Amazon,E-commerce,Kurt Austin,Unknown,4,2025-10-05 11:17:35,Great app the free trial is great aswell but sometimes shows me the wrong things,great app the free trial is great aswell but sometimes shows me the wrong things,0,15,80,0,0,0,0.8666666666666667,1,1,0.2732,1,0,1,0.0,0,1,0,4.0,0.0
f94aa25e-61d2-4394-9511-1e5076c36067,Amazon,E-commerce,ISR48L,Unknown,2,2025-10-05 12:19:46,no more locker codes in app. no more barcode opens all doors only one per barcode. no returns working through app only on pc. aside from spying on people fake deals price manipulation games.,no more locker codes in app. no more barcode opens all doors only one per barcode. no returns working through app only on pc. aside from spying on people fake deals price manipulation games.,1,34,190,0,0,0,0.8529411764705882,1,1,-0.872,1,0,1,0.0,0,1,0,2.0,0.0
b3e66f11-a3ed-42b9-a540-a4b2fbeccd06,Amazon,E-commerce,Dinesh Nenwani,Unknown,4,2025-10-05 13:39:47,I can't find the quantity of item which I have opened previous application was best this is of no use confusing change immediately I am fade up of this,i can't find the quantity of item which i have opened previous application was best this is of no use confusing change immediately i am fade up of this,0,29,151,0,0,0,0.8275862068965517,0,1,0.567,1,0,1,0.0,0,1,0,4.0,0.0
0a1f4d9b-d895-4775-b663-2edecb8789cb,Amazon,E-commerce,Chris Lyga,Unknown,4,2025-10-05 14:41:19,it's normally pretty good but sometimes delivery takes a while.,it's normally pretty good but sometimes delivery takes a while.,0,10,63,0,0,0,1.0,0,0,0.4678,1,0,1,0.0,0,1,0,4.0,0.0
cf63d22f-7e91-4a67-8a38-15387dcb8092,Amazon,E-commerce,ROBERT,Unknown,4,2025-10-05 16:00:11,still having problems with this application... Can you help me with problems i am having???,still having problems with this application... can you help me with problems i am having???,0,15,91,0,0,0,0.8666666666666667,0,1,-0.5007,1,0,1,0.0,0,1,1,4.0,0.0
9a02b88d-716d-4cc2-afff-071b79d83a8c,Amazon,E-commerce,Marvin Monitros,Unknown,2,2025-10-05 19:21:32,great shopping tool but the app freezes too much and it's too slow,great shopping tool but the app freezes too much and it's too slow,0,13,66,0,0,0,0.9230769230769231,1,1,0.34,1,0,1,0.0,0,1,0,2.0,0.0
a77f7ee6-ce43-484e-a3cc-6f1f5e2a893b,Amazon,E-commerce,jacob Hitchcock,Unknown,2,2025-10-05 23:26:37,hi I got my package thank you but my other 1 haven't moved yet don't know if your booked or what but,hi i got my package thank you but my other 1 haven't moved yet don't know if your booked or what but,0,22,100,0,0,0,0.9090909090909091,0,0,0.1901,1,0,1,0.0,0,1,0,2.0,0.0
545960ae-defa-4752-a116-dc9798845808,Amazon,E-commerce,Mike Plumb,Unknown,2,2025-10-06 00:16:31,had to send them my banking information four times including a photograph! difficult to deal with,had to send them my banking information four times including a photograph! difficult to deal with,0,16,97,0,0,0,0.9375,1,0,-0.4199,1,0,1,0.0,0,1,0,2.0,0.0
111bb9d3-a795-46d6-a228-6beb711a8cce,Amazon,E-commerce,Ed Moreau (gizmo),Unknown,2,2025-10-06 04:37:54,I don't understand whyI need to sign in 3 times before the app accepts my credentials.,i don't understand whyi need to sign in 3 times before the app accepts my credentials.,1,16,86,0,0,0,1.0,0,1,0.3182,1,0,1,0.0,0,1,0,2.0,0.0
9907d3ef-f3a7-40a8-ab0c-8bfd8ed3a1ff,Amazon,E-commerce,Karen Smith Kilpatrick,Unknown,4,2025-10-06 05:02:26,I usually find what I'm looking for,i usually find what i'm looking for,0,7,35,0,0,0,1.0,0,0,0.0,1,0,1,0.0,0,1,0,4.0,0.0
8ef548f0-0260-436c-9c70-19e534c991fe,Amazon,E-commerce,joe nelson,Unknown,4,2025-10-06 11:35:00,I love Amazon and the great deals I find but I pay for one to two day shipping and items have been 3-8 days late over the past 2 weeks.,i love amazon and the great deals i find but i pay for one to two day shipping and items have been 3-8 days late over the past 2 weeks.,1,30,135,0,0,0,0.8666666666666667,1,0,0.5994,1,0,1,0.0,0,1,0,4.0,0.0
eb2e685f-b15a-4019-9da9-57d385e7f8ea,Amazon,E-commerce,Tricksy Hobbitses,Unknown,2,2025-10-06 19:00:45,Super laggy app,super laggy app,1,3,15,0,0,0,1.0,0,1,0.5994,1,0,1,0.0,0,1,1,2.0,0.0
b036c1d2-d28e-4d93-bdb0-5b2e505705b1,Amazon,E-commerce,Gilberto Mauricio Jr.,Unknown,2,2025-10-06 20:41:49,I'm trying to buy something but it won't let me,i'm trying to buy something but it won't let me,0,10,47,0,0,0,1.0,0,0,0.0,1,0,1,0.0,0,1,0,2.0,0.0
3113c18b-58f1-4c1a-8061-e4e53ba43168,Amazon,E-commerce,Erica,Unknown,2,2025-10-06 21:32:19,swiping through images on reviews is so painfully laggy and frustrating.,swiping through images on reviews is so painfully laggy and frustrating.,1,11,72,0,0,0,1.0,0,0,-0.8056,1,0,1,0.0,0,1,0,2.0,0.0
66bdcf37-1b30-4584-a818-a11d1b60aec7,Amazon,E-commerce,Marcel Schultejohann,Unknown,4,2025-10-06 22:39:58,this app was great for it catered for my having limited computer operation knowledge.,this app was great for it catered for my having limited computer operation knowledge.,0,14,85,0,0,0,0.9285714285714286,0,1,0.4939,1,0,1,0.0,0,1,0,4.0,0.0
fe6060ae-d1a0-4c1f-b566-e611c1986b09,Amazon,E-commerce,Abel Texas_Republic,Unknown,2,2025-10-06 23:26:29,"lately they sent one package to one address, four day delivery on a two day date and two cancellations because of delays from Amazon.","lately they sent one package to one address, four day delivery on a two day date and two cancellations because of delays from amazon.",0,24,133,0,0,0,0.875,0,0,0.1779,1,0,1,0.0,0,1,0,2.0,0.0
e27e3d2a-70b4-41bb-9a53-e3fa7db4022b,Amazon,E-commerce,Nikki Padoshek,Unknown,2,2025-10-07 05:09:40,the subscription price should be lower..,the subscription price should be lower..,0,6,40,0,0,0,1.0,0,0,-0.296,1,0,1,0.0,0,1,0,2.0,0.0
8d920f06-8388-49a3-a773-b16e79dd54e7,Amazon,E-commerce,Thom Blackburn,Unknown,2,2025-10-07 09:36:30,how is there no dark mode,how is there no dark mode,0,6,25,0,0,0,1.0,0,0,-0.296,1,0,1,0.0,0,1,0,2.0,0.0
3b6eb2b1-3c15-4317-9961-1691fc2642cc,Amazon,E-commerce,Slavko Tretiak,Unknown,4,2025-10-07 10:48:44,"The App stopped working after updating the pixel phone to the latest Android. A loading screen is stuck, only the cleared cache solved the issue, but the next day the App stopped working again.","the app stopped working after updating the pixel phone to the latest android. a loading screen is stuck, only the cleared cache solved the issue, but the next day the app stopped working again.",0,34,193,0,0,0,0.7352941176470589,0,1,-0.3716,1,0,1,0.0,0,1,0,4.0,0.0
c249c9bc-d71b-44e9-a143-f7521b71dbf3,Amazon,E-commerce,Charles Dane,Unknown,2,2025-10-07 11:41:39,"Would rate higher if the app had two featues: DARK MODE (-2 stars) and disable autoplay videos (-1 star). There are other, minor annoyances and inconveniences, but the lack of dark mode is confounding.","would rate higher if the app had two featues: dark mode (-2 stars) and disable autoplay videos (-1 star). there are other, minor annoyances and inconveniences, but the lack of dark mode is confounding.",0,34,201,0,0,2,0.8823529411764706,0,1,-0.5927,1,0,1,0.0,0,1,0,2.0,0.0
b3322d1b-23cf-4741-bfd9-5c553fe0f0e9,Amazon,E-commerce,Tristan Traxtle,Unknown,4,2025-10-07 13:44:32,easy to use not exesisiv adds,easy to use not exesisiv adds,0,6,29,0,0,0,1.0,0,0,0.4404,1,0,1,0.0,0,1,0,4.0,0.0
de2b9523-78e8-49e9-91cd-ff2174d909c8,Amazon,E-commerce,Crystal Bay,Unknown,4,2025-10-07 19:22:11,"I notice that when there's a sale, they raise the original price. my lotion has always been 19 dollars and now that it's on sale, they're saying it was originally 24 dollars.","i notice that when there's a sale, they raise the original price. my lotion has always been 19 dollars and now that it's on sale, they're saying it was originally 24 dollars.",0,32,174,0,0,0,0.9375,1,0,0.3182,1,0,1,0.0,0,1,0,4.0,0.0
3761268f-3d09-44de-b6bd-9e180477cc3b,Amazon,E-commerce,Eileen Bartholomew,Unknown,4,2025-10-07 20:12:28,When it works it is great.,when it works it is great.,0,6,26,0,0,0,0.8333333333333334,0,0,0.6249,1,0,1,0.0,0,1,0,4.0,0.0
bd2f0011-8422-4285-a15e-381d562e3c7d,Amazon,E-commerce,Harkkness,Unknown,2,2025-10-07 22:22:23,10/2025 update... UI is still terrible. The latest is where products are listed for Prime Days but do not readily show prices and instead require you to click into the product listing to see the price. Updated UI is terrible!,10/2025 update... ui is still terrible. the latest is where products are listed for prime days but do not readily show prices and instead require you to click into the product listing to see the price. updated ui is terrible!,1,40,225,0,0,2,0.85,0,0,-0.7574,1,0,1,0.0,0,1,0,2.0,0.0
09fdac24-1807-4c54-938a-25f79bf71b5e,Amazon,E-commerce,Clarence White,Unknown,4,2025-10-08 01:19:20,I think there's room for improvement concerning saved items.,i think there's room for improvement concerning saved items.,0,9,60,0,0,0,1.0,0,0,0.7003,1,0,1,0.0,0,1,0,4.0,0.0
8e7cb6b4-4855-4463-b411-20a873ae559e,Amazon,E-commerce,Michael Pupkin,Unknown,2,2025-10-08 02:04:31,the new font and color scheme makes an app difficult to use and hard to quickly read information.,the new font and color scheme makes an app difficult to use and hard to quickly read information.,0,18,97,0,0,0,0.8888888888888888,0,1,-0.4404,1,0,1,0.0,0,1,0,2.0,0.0
3c677652-148d-4c7a-87dd-622e9e627072,Amazon,E-commerce,Cathy Aldrich,Unknown,4,2025-10-08 02:39:37,I wish the app wasn't so terribly slow. it's harder to order items when it takes soo long to load each page.,i wish the app wasn't so terribly slow. it's harder to order items when it takes soo long to load each page.,0,22,108,0,0,0,0.9545454545454546,0,1,0.7488,1,0,1,0.0,0,1,0,4.0,0.0
75d36c98-c622-44fe-82c4-3b3a706bbfe4,Amazon,E-commerce,Alex Clifford,Unknown,2,2025-10-08 09:43:34,most pages on the app have no prices next to anything. how can I compare products if I don't know much they cost?!,most pages on the app have no prices next to anything. how can i compare products if i don't know much they cost?!,0,23,114,0,0,0,0.9565217391304348,0,1,-0.3595,1,0,1,0.0,0,1,0,2.0,0.0
64d3dc88-be6b-48f3-8ce0-d12385cdfaf4,Amazon,E-commerce,William Anthony,Unknown,2,2025-10-08 12:21:22,"absolutely hate the new color scheme, I feel like I'm in the Walmart app.","absolutely hate the new color scheme, i feel like i'm in the walmart app.",0,14,73,0,0,0,0.9285714285714286,0,1,-0.3597,1,0,1,0.0,0,1,0,2.0,0.0
3ba2521a-11d1-484b-8470-cb73e8fa1761,Amazon,E-commerce,Diane Tkocs,Unknown,4,2025-10-08 14:00:40,Great service!,great service!,0,2,14,0,0,0,1.0,0,0,0.6588,1,0,1,0.0,0,1,0,4.0,0.0
78a770e8-7f6e-4166-9c46-7ffb7798d288,Amazon,E-commerce,The W'o'anderer,Unknown,2,2025-10-08 14:08:04,How ridiculous. Select the vinyl filter but get tons of cd listings. Waste of my time. I will buy elsewhere with more effective search options. Absolute irritation....,how ridiculous. select the vinyl filter but get tons of cd listings. waste of my time. i will buy elsewhere with more effective search options. absolute irritation....,4,27,167,0,0,0,0.9629629629629629,0,0,-0.6497,1,0,1,0.0,0,1,0,2.0,0.0
4f8a4e29-9ede-4b48-b17a-2afc0fe7d5ba,Amazon,E-commerce,Robert Bent,Unknown,4,2025-10-08 15:55:35,good place .but they need get rid dragonfly delivery service!,good place .but they need get rid dragonfly delivery service!,0,10,61,0,0,0,1.0,0,0,0.3054,1,0,1,0.0,0,1,0,4.0,0.0
b2248734-0808-4ed2-84f5-79237481e470,Amazon,E-commerce,mo khan,Unknown,2,2025-10-08 16:09:30,x add x and to zs zszzzsezzzzx s,x add x and to zs zszzzsezzzzx s,0,8,32,0,0,0,0.875,0,0,0.0,1,0,1,0.0,0,1,0,2.0,0.0
f7e0808d-7888-4d12-ba35-38d10bf879b2,Amazon,E-commerce,Alejandro,Unknown,2,2025-10-08 16:14:10,Even paying prime I won't get my packages at time and don't even get an answer.,even paying prime i won't get my packages at time and don't even get an answer.,0,16,79,0,0,0,0.875,0,0,0.0,1,0,1,0.0,0,1,0,2.0,0.0
94db9bb0-01bf-44f8-be86-8743f6191ad6,Amazon,E-commerce,Val VanMeveren,Unknown,4,2025-10-08 16:50:29,"love the free shipping options. Most products are very good, Clothes need to be a bit more specific on sizing and what they are made of","love the free shipping options. most products are very good, clothes need to be a bit more specific on sizing and what they are made of",0,26,135,0,0,0,0.9615384615384616,1,0,0.8932,1,0,1,0.0,0,1,0,4.0,0.0
e855fd3f-149c-4fbb-9f44-14f7efc53ded,Amazon,E-commerce,K Watt,Unknown,4,2025-10-08 20:33:32,Amazing App for you to source everything home n your personal stuff. Its a 10/10 for me. I'm definitely recommending to my friends,amazing app for you to source everything home n your personal stuff. its a 10/10 for me. i'm definitely recommending to my friends,0,23,130,0,0,0,0.9130434782608695,0,1,0.8625,1,0,1,0.0,0,1,0,4.0,0.0
edc7393f-0d59-4de4-8997-11721e3dfabf,Amazon,E-commerce,Will Harris,Unknown,2,2025-10-08 20:41:33,"you order things, they don't show up when it says, very poor service.","you order things, they don't show up when it says, very poor service.",0,13,69,0,0,0,1.0,0,0,-0.5256,1,0,1,0.0,0,1,0,2.0,0.0
32b0d7e2-f924-4dcc-9883-5e75a76edd71,Amazon,E-commerce,will walker,Unknown,4,2025-10-08 22:13:41,Great most of the time. except when prime deliveries don't arrive on time. usually royal mail related. and when Jeff uses the money to either send pop stats into space while lecturing us all om the end of the world,great most of the time. except when prime deliveries don't arrive on time. usually royal mail related. and when jeff uses the money to either send pop stats into space while lecturing us all om the end of the world,0,40,214,0,0,0,0.85,0,0,0.6249,1,0,1,0.0,0,1,0,4.0,0.0
9f81b253-9607-4329-94f8-019635270a67,Amazon,E-commerce,E. S.,Unknown,4,2025-10-09 00:33:30,pls add being able to hide or delete order history and buy again history,pls add being able to hide or delete order history and buy again history,0,14,72,0,0,0,0.9285714285714286,0,0,-0.1027,1,0,1,0.0,0,1,0,4.0,0.0
e2b19813-21e7-4609-9aaf-cd679d17f0c1,Amazon,E-commerce,Joseph McGough,Unknown,2,2025-10-09 10:14:13,"I have had problems with receiving the wrong item, wrong color, or some other weird problem a bunch of times.","i have had problems with receiving the wrong item, wrong color, or some other weird problem a bunch of times.",0,20,109,0,0,0,0.95,0,0,-0.9062,1,0,1,0.0,0,1,0,2.0,0.0
ef84d39c-a699-4955-9678-13041796ecb7,Amazon,E-commerce,Keisha Moses,Unknown,2,2025-10-09 10:53:10,where i love south Africa a wipe 150 99 imagine,where i love south africa a wipe 150 99 imagine,0,10,47,0,0,0,1.0,0,0,0.6369,1,0,1,0.0,0,1,1,2.0,0.0
8c89a384-c5b0-4335-87f1-0253b3441150,Amazon,E-commerce,Lauren Waller,Unknown,2,2025-10-09 14:07:23,slow crash,slow crash,0,2,10,0,0,0,1.0,0,0,-0.4019,1,0,1,0.0,0,1,0,2.0,0.0
aa0ca32b-548a-4a8a-8095-5ff618b16bcc,Amazon,E-commerce,Martha Trout,Unknown,2,2025-10-09 17:03:58,if you need a refund you never get it,if you need a refund you never get it,0,9,37,0,0,0,0.8888888888888888,0,0,0.0,1,0,1,0.0,0,1,0,2.0,0.0
6b18ff98-25a1-41f2-a10e-2061429f656a,Amazon,E-commerce,Tiara White,Unknown,2,2025-10-09 22:22:23,"Quick to take money but slow on delivery. For this prime member, half of my orders stay on delay on delivery day.","quick to take money but slow on delivery. for this prime member, half of my orders stay on delay on delivery day.",233,22,113,0,0,0,0.9090909090909091,0,0,-0.4497,1,0,1,0.0,0,1,0,2.0,0.0
c6f1b92b-6236-47fb-bdb7-40a32830e640,Amazon,E-commerce,David Yorka,Unknown,4,2025-10-09 22:34:53,Long time happy customer 😊,long time happy customer 😊,0,5,26,1,0,0,1.0,0,1,0.8658,1,0,1,0.0,0,1,0,4.0,0.0
705e3edf-eab1-44f5-a41a-9858036c51de,Amazon,E-commerce,Thom888 _,Unknown,2,2025-10-09 23:59:33,Shopping app that doesnt display prices until you click on them,shopping app that doesnt display prices until you click on them,0,11,63,0,0,0,1.0,0,1,0.0,1,0,1,0.0,0,1,0,2.0,0.0
10449601-6486-4aba-b6be-7b72ada9bb1c,Amazon,E-commerce,Marco,Unknown,2,2025-10-10 00:21:27,No camera search,no camera search,0,3,16,0,0,0,1.0,0,0,-0.296,1,0,1,0.0,0,1,0,2.0,0.0
3f060f1c-8f54-4a3d-9194-d8701217ceea,Amazon,E-commerce,Dennis Short,Unknown,4,2025-10-10 00:33:59,awesome,awesome,0,1,7,0,0,0,1.0,0,0,0.6249,1,0,1,0.0,0,3,0,4.0,0.0
22f9d71e-9869-4a6c-9f06-d98a046149f2,Amazon,E-commerce,Neal Reese,Unknown,2,2025-10-10 02:37:53,seems like,seems like,0,2,10,0,0,0,1.0,0,0,0.3612,1,0,1,0.0,0,1,0,2.0,0.0
bd39633c-f590-4467-835d-4fbe7e98178c,Amazon,E-commerce,Willi Perez,Unknown,4,2025-10-10 05:37:13,"yeah, its amazon alright.","yeah, its amazon alright.",0,4,25,0,0,0,1.0,0,0,0.5994,1,0,1,0.0,0,1,0,4.0,0.0
35c4a88a-c83e-46b5-b087-e2d045b49a2c,Amazon,E-commerce,D L,Unknown,2,2025-10-10 14:07:29,"This app is almost unusable. constantly freezing, never loading, always having to restart the app.....And no it's not my phone.","this app is almost unusable. constantly freezing, never loading, always having to restart the app.....and no it's not my phone.",0,20,127,0,0,0,1.0,1,1,-0.3262,1,0,1,0.0,0,1,0,2.0,0.0
bc4f8b30-1595-49cf-9dc9-49dbbdc2055d,Amazon,E-commerce,Hannah,Unknown,2,2025-10-10 17:50:08,The new app design is so obnoxious. Nearly impossible to scroll because it's constantly trying to enlarge/pop up whatever your finger is hovering over even if you haven't clicked anything.,the new app design is so obnoxious. nearly impossible to scroll because it's constantly trying to enlarge/pop up whatever your finger is hovering over even if you haven't clicked anything.,1,30,188,0,0,0,0.9333333333333333,0,1,-0.5949,1,0,1,0.0,0,1,0,2.0,0.0
4da338db-7ce3-440a-9537-babef77500cf,Amazon,E-commerce,No Name,Unknown,2,2025-10-10 18:42:54,Please add a dark mode.,please add a dark mode.,0,5,23,0,0,0,1.0,0,0,0.3182,1,0,1,0.0,0,1,0,2.0,0.0
2bb39c7e-cdf0-4637-b912-8c8a86cdf7ab,Amazon,E-commerce,Thad Kielb,Unknown,2,2025-10-10 20:53:00,7 mom I'm LMK link k,7 mom i'm lmk link k,0,6,20,0,0,1,1.0,1,0,0.0,1,0,1,0.0,0,1,0,2.0,0.0
9f5acb20-a1e4-4f18-9283-e877136256f5,Amazon,E-commerce,Kendall Webb,Unknown,2,2025-10-10 21:03:25,"We almost never get deliveries on time. When we first started with amazon we did but for the past year or so, its been ridiculous.","we almost never get deliveries on time. when we first started with amazon we did but for the past year or so, its been ridiculous.",1,25,130,0,0,0,0.92,0,0,-0.4404,1,0,1,0.0,0,1,0,2.0,0.0
bedd7ecd-d8e0-41c5-bf11-f9473d6a4b67,Amazon,E-commerce,Sierrah Costello,Unknown,4,2025-10-10 21:56:47,"I wish that there was a send troops a box option. we can send anything anywhere but we cannot send a sanitary box, holiday box, birthday box, snack box to soldiers please make an update","i wish that there was a send troops a box option. we can send anything anywhere but we cannot send a sanitary box, holiday box, birthday box, snack box to soldiers please make an update",0,35,185,0,0,0,0.7714285714285715,0,0,0.81,1,0,1,0.0,0,1,0,4.0,0.0
b7abb43d-5e4b-45fd-82ac-848790c2f500,Amazon,E-commerce,Mollie Farrar,Unknown,2,2025-10-11 02:11:52,Make it to where people can put it on dark mode please.,make it to where people can put it on dark mode please.,0,12,55,0,0,0,0.9166666666666666,0,0,0.3182,1,0,1,0.0,0,1,0,2.0,0.0
513aea74-d3d2-40ec-8529-232f0d5909a1,Amazon,E-commerce,Eleanor Fernandes,Unknown,4,2025-10-11 02:23:52,I cannot find out how to change my delivery options.,i cannot find out how to change my delivery options.,0,10,52,0,0,0,1.0,0,0,0.0,1,0,1,0.0,0,1,0,4.0,0.0
11dcf16a-e7d8-4f4a-9f85-4f7ee727d65d,Amazon,E-commerce,Nelda Maynard,Unknown,4,2025-10-11 02:24:20,I love ordering from Amazon.,i love ordering from amazon.,0,5,28,0,0,0,1.0,0,0,0.7096,1,0,1,0.0,0,1,0,4.0,0.0
da7e258a-a904-4eb3-b176-37641db930bc,Amazon,E-commerce,Thomas Mastrodicasa,Unknown,4,2025-10-11 02:25:19,"I miss everything being delivered quickly, but I guess more buying options is good. I would also like an option to shop just American made products.","i miss everything being delivered quickly, but i guess more buying options is good. i would also like an option to shop just american made products.",0,26,148,0,0,0,0.9230769230769231,0,0,0.7783,1,0,1,0.0,0,1,0,4.0,0.0
3beddd30-fff9-4f2d-8c72-e4bab0d4e4a9,Amazon,E-commerce,Richard Moore,Unknown,2,2025-10-11 03:23:32,just terrible,just terrible,0,2,13,0,0,0,1.0,0,0,-0.4767,1,0,1,0.0,0,1,0,2.0,0.0
50d4b36f-1486-44f1-88f8-95837f1eea3e,Amazon,E-commerce,Hugo Viramontes,Unknown,4,2025-10-11 04:30:53,sugerencia para recolecciones hormiga mas locaciones y considera algunos espacios para paquetes grandes,sugerencia para recolecciones hormiga mas locaciones y considera algunos espacios para paquetes grandes,0,13,103,0,0,0,0.9230769230769231,0,0,0.0,1,0,1,0.0,0,1,0,4.0,0.0
ab1380a0-cf3e-4261-b256-5f1ccd507d4d,Amazon,E-commerce,Martijn,Unknown,2,2025-10-11 05:17:10,"Promised delivery date is false, support does not do what they promised. Why would you advertise delivering on a specific date if you cant even come close. ive veen receiving 2-3 mails a day for ""producs you might like"" terrible.","promised delivery date is false, support does not do what they promised. why would you advertise delivering on a specific date if you cant even come close. ive veen receiving 2-3 mails a day for ""producs you might like"" terrible.",2,40,229,0,0,0,0.9,0,0,0.7269,1,0,1,0.0,0,1,1,2.0,0.0
858c71ea-560c-4aa2-91dc-7a6b3ef66f66,Amazon,E-commerce,Sy Barnby,Unknown,2,2025-10-11 09:24:32,"frequently locks up, no-longer feels like an app, more like a website, the load time is terrible.","frequently locks up, no-longer feels like an app, more like a website, the load time is terrible.",0,17,97,0,0,0,0.9411764705882353,1,1,0.2944,1,0,1,0.0,0,1,0,2.0,0.0
da9fb0cf-19ae-4c5b-8ab4-6c7483091dec,Amazon,E-commerce,Gareth Steel,Unknown,2,2025-10-11 09:28:38,"Cancelled order on their end, now have to wait for refund if it goes back at all","cancelled order on their end, now have to wait for refund if it goes back at all",0,17,80,0,0,0,1.0,0,0,-0.25,1,0,1,0.0,0,1,0,2.0,0.0
cb5f7246-11c6-474e-9d20-2fa447eb02a9,Amazon,E-commerce,Jerick Cortez,Unknown,4,2025-10-11 11:27:41,not so good,not so good,0,3,11,0,0,0,1.0,0,0,-0.3865,1,0,1,0.0,0,1,0,4.0,0.0
a8e77c6e-0f60-406a-b7ea-390e5fd74a27,Amazon,E-commerce,Carolyn Haines,Unknown,4,2025-10-11 14:17:47,"I love shopping with Amazon. I get top quality products at what i consider a reasonable price. It's fast, convenient and my orders are shipped quickly. In some cases I can receive my order in the same day.","i love shopping with amazon. i get top quality products at what i consider a reasonable price. it's fast, convenient and my orders are shipped quickly. in some cases i can receive my order in the same day.",0,38,205,0,0,0,0.868421052631579,0,0,0.7717,1,0,1,0.0,0,1,0,4.0,0.0
cd9298a4-b802-4be6-ae73-828faed309e6,Amazon,E-commerce,Meraj Mansoori,Unknown,2,2025-10-11 14:33:06,to much prices...,to much prices...,0,3,17,0,0,0,1.0,0,0,0.0,1,0,1,0.0,0,1,0,2.0,0.0
2e4fdcce-effd-489b-8071-556daee47078,Amazon,E-commerce,C.M.T C.,Unknown,2,2025-10-11 17:03:38,DO AMAZON CARE? enough to read reviews? All I can say is it was expensive to get a slow delivery.,do amazon care? enough to read reviews? all i can say is it was expensive to get a slow delivery.,3,20,97,0,0,3,0.95,0,0,0.644,1,0,1,0.0,0,1,1,2.0,0.0
a0c9ae9e-4537-4787-bbe5-8b1392e6f371,Amazon,E-commerce,Amy,Unknown,2,2025-10-11 20:31:13,giving me dark mode option on the app. more vetting of sellers. reviews should be based off the last year of sales.,giving me dark mode option on the app. more vetting of sellers. reviews should be based off the last year of sales.,1,22,115,0,0,0,0.9090909090909091,1,1,0.34,1,0,1,0.0,0,1,0,2.0,0.0
addd47ef-2059-419a-bb45-6740addd6c40,Amazon,E-commerce,Patricia Winder,Unknown,4,2025-10-12 02:01:49,brilliant,brilliant,0,1,9,0,0,0,1.0,0,0,0.5859,1,0,1,0.0,0,1,0,4.0,0.0
ef8347be-9ed5-4ceb-9d22-b1590f5fb603,Amazon,E-commerce,Andro ezzat,Unknown,4,2025-10-12 03:30:14,اتحسن,اتحسن,0,1,5,0,0,0,1.0,0,0,0.0,1,0,1,0.0,0,1,0,4.0,0.0
b7cb9371-4f74-426a-89c4-b88ef6a60994,Amazon,E-commerce,Brii B,Unknown,4,2025-10-12 06:14:06,Dark Mode is extremely needed.,dark mode is extremely needed.,1,5,30,0,0,0,1.0,0,0,0.0,1,0,1,0.0,0,1,0,4.0,0.0
e4dc025d-0880-4345-a127-678feb8cc916,Amazon,E-commerce,bel 1eve (bel1eve),Unknown,2,2025-10-12 07:33:40,2025 - der Saftladen wird immer schlimmer. Rückgabefrist ist mittlerweile mit 2 Wochen weniger als Temu...,2025 - der saftladen wird immer schlimmer. rückgabefrist ist mittlerweile mit 2 wochen weniger als temu...,98,16,106,0,0,0,1.0,0,0,0.0,1,0,1,0.0,0,1,0,2.0,0.0
921f9f17-0967-4c80-9bcb-afe11aef206a,Amazon,E-commerce,J Smith,Unknown,4,2025-10-12 09:45:07,"Amazon use to be great prices, Only buy a fraction from this site of what I use to","amazon use to be great prices, only buy a fraction from this site of what i use to",0,18,82,0,0,0,0.8888888888888888,0,0,0.7003,1,0,1,0.0,0,1,0,4.0,0.0
ff2c66fc-7a4d-4fc9-befe-6681ffcd0c06,Amazon,E-commerce,Barbara Nicholls,Unknown,2,2025-10-12 11:42:06,which one,which one,0,2,9,0,0,0,1.0,0,0,0.0,1,0,1,0.0,0,1,0,2.0,0.0
7d1fbf86-fa12-4d64-88b6-a75209ceb8ac,Amazon,E-commerce,steve mckendrick,Unknown,4,2025-10-12 12:48:25,"quick, easy and cheap","quick, easy and cheap",0,4,21,0,0,0,1.0,1,0,0.4404,1,0,1,0.0,0,1,0,4.0,0.0
57b11c93-dde6-4398-af90-ddd6695b8529,Amazon,E-commerce,Naomi Foster,Unknown,4,2025-10-12 18:48:09,had to uninstall and re to get it back the way it was,had to uninstall and re to get it back the way it was,0,13,53,0,0,0,0.8461538461538461,1,0,0.0,1,0,1,0.0,0,1,0,4.0,0.0
b722db0d-d223-4e09-9376-057e75484b46,Amazon,E-commerce,Fernando Pinto,Unknown,2,2025-10-12 19:32:05,Los artículos en la app son buenos pero es un asco su logística para las entregas,los artículos en la app son buenos pero es un asco su logística para las entregas,0,16,81,0,0,0,1.0,0,1,0.0,1,0,1,0.0,0,1,0,2.0,0.0
2817cae8-7996-44bc-a45d-5d8b1d2ad264,Amazon,E-commerce,Mark Kolber,Unknown,2,2025-10-12 19:38:57,I installed it and noticed it was surprisingly slow to load and when changing pages. The mobile website is much faster and works better.,i installed it and noticed it was surprisingly slow to load and when changing pages. the mobile website is much faster and works better.,0,24,136,0,0,0,0.875,1,0,0.6249,1,0,1,0.0,0,1,1,2.0,0.0
b80c8b87-1f49-4a28-a90a-785190b34231,Amazon,E-commerce,Skyler Ogden,Unknown,2,2025-10-12 23:34:30,"Unusable. I pay for Amazon prime, why would the first 10 results be sponsored results? Why am I paying for advertisements? You pay to NOT see advertisements.","unusable. i pay for amazon prime, why would the first 10 results be sponsored results? why am i paying for advertisements? you pay to not see advertisements.",1,27,157,0,0,1,0.8518518518518519,0,0,-0.1179,1,0,1,0.0,0,1,0,2.0,0.0
6fc8af27-bc84-4028-93e8-6af9a2f0d719,Amazon,E-commerce,Jacki Nguyen,Unknown,4,2025-10-13 01:46:31,What is the point of having the price range if the results do not get filtered?,what is the point of having the price range if the results do not get filtered?,1,16,79,0,0,0,0.875,0,0,0.0,1,0,1,0.0,0,1,0,4.0,0.0
6789b03d-cf4c-40e8-8485-fc30bb20308a,Amazon,E-commerce,None Yabus,Unknown,2,2025-10-13 11:06:07,"why is it that every other app can divide notifications into categories like ""Shipping"", ""Adverts"" yet amazon gives you these vague categories so they can still lump in Adverts. had to disable notifications","why is it that every other app can divide notifications into categories like ""shipping"", ""adverts"" yet amazon gives you these vague categories so they can still lump in adverts. had to disable notifications",0,33,206,0,0,0,0.9090909090909091,0,1,0.4215,1,0,1,0.0,0,1,0,2.0,0.0
a6fdd062-e993-40a0-af32-33b0d26b7041,Amazon,E-commerce,Umesh Ballaram,Unknown,4,2025-10-13 12:19:42,"A very convenient platform, and they always have what I require, and at times delivered within a reasonable amount of time","a very convenient platform, and they always have what i require, and at times delivered within a reasonable amount of time",0,21,122,0,0,0,0.9047619047619048,0,0,0.0,1,0,1,0.0,0,1,0,4.0,0.0
1643fe6b-15fe-43c1-a7b0-7efab6db8021,Amazon,E-commerce,?,Unknown,4,2025-10-13 14:05:54,"hey, Developer: ENABLE DARK MODE","hey, developer: enable dark mode",0,5,32,0,0,3,1.0,0,0,0.0,1,0,1,0.0,0,1,0,4.0,0.0
2a16d774-9857-417d-9ad9-6c8badc6796f,Amazon,E-commerce,Khumbuzile Dapo,Unknown,2,2025-10-13 17:05:20,good 👍,good 👍,0,2,6,1,0,0,1.0,0,0,0.4404,1,0,1,0.0,0,2,0,2.0,0.0
c56d1edc-90cf-408e-bbab-3c83dad85aac,Amazon,E-commerce,Rob Liggett,Unknown,2,2025-10-13 18:09:25,App developer removed my tablet from approved list. I need the larger screen for my eyesight.,app developer removed my tablet from approved list. i need the larger screen for my eyesight.,0,16,93,0,0,0,0.9375,0,1,0.4215,1,0,1,0.0,0,1,0,2.0,0.0
5e2aed7f-4017-4d8d-a01a-630855fdc940,Amazon,E-commerce,Madexx Brown,Unknown,2,2025-10-13 18:14:14,ok app but zero customer service,ok app but zero customer service,0,6,32,0,0,0,1.0,0,1,0.1531,1,0,1,0.0,0,1,0,2.0,0.0
58098854-7416-4358-8898-ca41b04608a5,Amazon,E-commerce,Kim Mailloux,Unknown,4,2025-10-13 19:15:32,I forgot my security code don't know where to look.,i forgot my security code don't know where to look.,0,10,51,0,0,0,1.0,0,0,0.34,1,0,1,0.0,0,1,0,4.0,0.0
67ecbedc-b2ed-4a44-abd7-71a4c7a66939,Amazon,E-commerce,L J,Unknown,4,2025-10-13 19:52:30,"Great company, excellent deliveries. My only complaint is they sell some non refundable items. Especially something that shows up and is expired. Watch for non refundable items. It has only happened once.","great company, excellent deliveries. my only complaint is they sell some non refundable items. especially something that shows up and is expired. watch for non refundable items. it has only happened once.",0,32,204,0,0,0,0.84375,0,1,0.765,1,0,1,0.0,0,1,0,4.0,0.0
f66a1a43-cf75-4036-998b-aa4e5b2d16a3,Amazon,E-commerce,Ram Gowda,Unknown,2,2025-10-13 22:08:16,"Use the web browser, it will be many times faster.","use the web browser, it will be many times faster.",0,10,50,0,0,0,1.0,0,0,0.0,1,0,1,0.0,0,1,0,2.0,0.0
166764be-261a-49c1-b9c3-2521a273785b,Amazon,E-commerce,Mike Bodanza,Unknown,2,2025-10-13 22:10:05,glad we are back to quick delivery. thanks for all you do.,glad we are back to quick delivery. thanks for all you do.,0,12,58,0,0,0,1.0,0,0,0.7096,1,0,1,0.0,0,1,1,2.0,0.0
24658979-570a-4a9e-92ae-f3b66cbaba67,Amazon,E-commerce,Cicero Rodrigues,Unknown,4,2025-10-13 22:22:37,FILTERING COMPUTER & SOFTWARE DOESN'T WORK(WHEN YOU CLICK ON SOFTWARE).,filtering computer & software doesn't work(when you click on software).,0,10,71,0,0,9,1.0,0,0,0.0,1,0,1,0.0,0,1,0,4.0,0.0
a4f4f39e-af9f-4a19-876e-5a35b0cdbe06,Amazon,E-commerce,Marisol Ortiz,Unknown,4,2025-10-13 23:21:08,Excellent.,excellent.,0,1,10,0,0,0,1.0,0,0,0.5719,1,0,1,0.0,0,1,0,4.0,0.0
24573d82-d88e-4719-a0dc-a8d0483dc597,Amazon,E-commerce,Pearl Rains,Unknown,2,2025-10-14 00:57:50,app doesn't work half the time...why change something that doesn't need fixing???,app doesn't work half the time...why change something that doesn't need fixing???,1,12,81,0,0,0,0.9166666666666666,0,1,0.0,1,0,1,0.0,0,1,0,2.0,0.0
9834b3d6-d056-43c5-a893-ccfb39a2fef4,Amazon,E-commerce,L & M Minus - One,Unknown,2,2025-10-14 07:22:02,"Saudi Amazon The delivery is not good we strongly suggested by all items we ordered should one time together delivery,,is not good one by one .","saudi amazon the delivery is not good we strongly suggested by all items we ordered should one time together delivery,,is not good one by one .",0,26,143,0,0,0,0.7692307692307693,0,0,-0.6028,1,0,1,0.0,0,1,0,2.0,0.0
282d32d8-d5f6-4140-8105-6c0be3403814,Amazon,E-commerce,Tyler Jones,Unknown,2,2025-10-14 15:02:03,"Outside of the typical frustration with pricing, the app recently underwent a massive UI overhaul and has been performing like trash since the change.","outside of the typical frustration with pricing, the app recently underwent a massive ui overhaul and has been performing like trash since the change.",1,24,150,0,0,1,0.9166666666666666,0,1,-0.1531,1,0,1,0.0,0,1,0,2.0,0.0
7a537320-4182-40b8-b8b4-fac9663c5748,Amazon,E-commerce,Stephen Th,Unknown,4,2025-10-14 18:44:20,Excellent Service,excellent service,0,2,17,0,0,0,1.0,0,0,0.5719,1,0,1,0.0,0,2,0,4.0,0.0
a60ff7fc-4bfd-4a59-a5c1-9f3c6999c585,Amazon,E-commerce,Holly Jenkinson,Unknown,2,2025-10-14 20:29:28,"Bit buggy. Pictures of products don't always change when you're flicking between options/colours, you have to close and reopen the app and then it works. Also 90% of content is Sponsored Ads and the search keyword matching is poor","bit buggy. pictures of products don't always change when you're flicking between options/colours, you have to close and reopen the app and then it works. also 90% of content is sponsored ads and the search keyword matching is poor",1,39,230,0,0,0,0.8717948717948718,0,1,-0.4767,1,0,1,0.0,0,1,0,2.0,0.0
c3b38174-063c-48e8-a2d5-b6be262a4a03,Amazon,E-commerce,Naveed Ahmad,Unknown,4,2025-10-14 21:12:19,where is dark mode in app ? it should be dark theme in app to improve visibility please.,where is dark mode in app ? it should be dark theme in app to improve visibility please.,0,18,88,0,0,0,0.8333333333333334,0,1,0.6369,1,0,1,0.0,0,1,0,4.0,0.0
fcae6cf7-f861-42c3-8cc7-7302e5a5c32f,Amazon,E-commerce,Jay Cool,Unknown,4,2025-10-14 23:32:18,:Edit: They fix✔️,:edit: they fix✔️,1,3,17,0,0,0,1.0,0,0,0.0,1,0,1,0.0,0,1,0,4.0,0.0
b06870c8-c0d1-4c79-be08-dfa8c4ff8338,Amazon,E-commerce,Ricky Briddon,Unknown,4,2025-10-14 23:41:25,"Not to bad, if only the removed add from Prime TV","not to bad, if only the removed add from prime tv",0,11,49,0,0,1,1.0,0,0,0.431,1,0,1,0.0,0,1,0,4.0,0.0
06ecb4e4-9551-44f9-a757-9b467e797a8c,Amazon,E-commerce,Miss Darlene Ms M,Unknown,4,2025-10-15 12:15:45,I Was Just Wondering Through The Pumpkin Patch And Saw A Highlight Of Pumpkin Heads For Joy Ride So I Thought I Will Browse,i was just wondering through the pumpkin patch and saw a highlight of pumpkin heads for joy ride so i thought i will browse,0,24,123,0,0,0,0.875,0,0,0.7351,1,0,1,0.0,0,1,0,4.0,0.0
c7144985-13f8-4bfb-9e6a-8838116ba45a,Amazon,E-commerce,Noel,Unknown,4,2025-10-15 12:59:56,accurate and quick service at low prices.,accurate and quick service at low prices.,2,7,41,0,0,0,1.0,0,0,-0.2732,1,0,1,0.0,0,1,0,4.0,0.0
8e9ae33a-1319-4701-970d-d044d6d46639,Amazon,E-commerce,Carol Olivier,Unknown,4,2025-10-15 17:41:41,"love me some amazon, I never have to worry about finding a parking spot!!!!!","love me some amazon, i never have to worry about finding a parking spot!!!!!",0,14,76,0,0,0,1.0,0,0,0.8582,1,0,1,0.0,0,1,0,4.0,0.0
082ec6d0-ebf5-47d0-91a1-8cdea7ccc4eb,Amazon,E-commerce,Charles Myler,Unknown,2,2025-10-15 20:49:26,Sent my package to an old address.,sent my package to an old address.,0,7,34,0,0,0,1.0,0,0,0.0,1,0,1,0.0,0,1,0,2.0,0.0
383e2c13-9fed-4c15-af0e-36449b492685,Amazon,E-commerce,Michael Banton,Unknown,2,2025-10-16 00:12:20,Am New to this. I was looking for a setting for🔸 Dark Mode and couldn't find one. People want the option of 🔸 Dark Mode. It would be Fab to have a choice.,am new to this. i was looking for a setting for🔸 dark mode and couldn't find one. people want the option of 🔸 dark mode. it would be fab to have a choice.,0,33,154,2,0,0,0.9090909090909091,0,0,0.7964,1,0,1,0.0,0,1,1,2.0,0.0
2e86f9d5-aad6-4a4d-aab9-e33528ea22d9,Amazon,E-commerce,Pat Thompson,Unknown,4,2025-10-16 01:37:59,I'm a new customer.,i'm a new customer.,0,4,19,0,0,0,1.0,0,0,0.0,1,0,1,0.0,0,1,0,4.0,0.0
a31ff997-4bea-49f8-9b89-45ceec40bc72,Amazon,E-commerce,Alicia Hodge,Unknown,4,2025-10-16 06:04:15,"It's annoying that you can't buy Kindle books through the app, and also that there is no dark mode. The app is blindingly white at night.","it's annoying that you can't buy kindle books through the app, and also that there is no dark mode. the app is blindingly white at night.",0,26,137,0,0,0,0.8846153846153846,0,1,-0.5994,1,0,1,0.0,0,1,1,4.0,0.0
f8942d06-5f53-45ff-b974-34c8e03b4058,Amazon,E-commerce,Brian Corvera,Unknown,2,2025-10-16 12:59:04,"good for books but dont depend on them for anything else , they offer a wide range of services but theres literally no benefit using it with THEM. Just go where you were originally thinking","good for books but dont depend on them for anything else , they offer a wide range of services but theres literally no benefit using it with them. just go where you were originally thinking",0,35,189,0,0,1,0.9428571428571428,1,0,-0.3116,1,0,1,0.0,0,1,0,2.0,0.0
6362884e-e86f-48e8-963e-79d8b0ceeae6,Amazon,E-commerce,Cathy Nichol,Unknown,4,2025-10-16 14:15:14,love Amazon! thanks,love amazon! thanks,0,3,19,0,0,0,1.0,0,0,0.8439,1,0,1,0.0,0,1,0,4.0,0.0
34a19ca7-5e4f-4805-8531-bf2db0cec0f4,Amazon,E-commerce,Markus Schneider,Unknown,4,2025-10-16 15:13:33,Teegut / Nahrungsmittel Bestellungen nicht vollständig über die App möglich. Ab einem gewissen Punkt muss man zwangsläufig auf die Website wechseln... wenn das noch umgesetzt wird gibt es die vollen 5 Sterne!,teegut / nahrungsmittel bestellungen nicht vollständig über die app möglich. ab einem gewissen punkt muss man zwangsläufig auf die website wechseln... wenn das noch umgesetzt wird gibt es die vollen 5 sterne!,0,32,208,0,0,0,0.9375,1,1,-0.9184,1,0,1,0.0,0,1,1,4.0,0.0
f7da7468-d391-4543-9151-882cdbc2c0b7,Amazon,E-commerce,Wendell Henderson,Unknown,4,2025-10-16 17:13:10,Great app 💯🤜🤛✊💪💯,great app 💯🤜🤛✊💪💯,0,3,16,5,0,0,1.0,0,1,0.6249,1,0,1,0.0,0,1,0,4.0,0.0
c89d4a6d-16cc-49d2-b584-12b2618e2813,Amazon,E-commerce,Bill Day,Unknown,4,2025-10-16 21:53:36,third party sellers never seen to get it delivered on time,third party sellers never seen to get it delivered on time,0,11,58,0,0,0,1.0,0,0,0.4019,1,0,1,0.0,0,1,0,4.0,0.0
7cf88e22-0b9a-4170-8004-f86871e7d9bb,Amazon,E-commerce,Michael Howell,Unknown,2,2025-10-16 23:56:42,"First..I could care less about televised football. I do, however, hate gambling. That dang Fanduel ad is WAYYYYYYY over the top. I wish Amazon would stop promoting gambling.","first..i could care less about televised football. i do, however, hate gambling. that dang fanduel ad is wayyyyyyy over the top. i wish amazon would stop promoting gambling.",8,28,173,0,0,1,0.9285714285714286,0,0,0.6124,1,0,1,0.0,0,1,1,2.0,0.0
711f6b01-9537-45b5-ae3a-75db09927d0a,Amazon,E-commerce,Patricia Crouch,Unknown,4,2025-10-17 02:06:49,it's just ok,it's just ok,0,3,12,0,0,0,1.0,0,0,0.296,1,0,1,0.0,0,1,0,4.0,0.0
151cfd2a-7d55-4b91-8bfb-c641ca29d81d,Amazon,E-commerce,Richard Beckett,Unknown,4,2025-10-17 05:50:09,still no dark mode! come on Amazon!,still no dark mode! come on amazon!,0,7,35,0,0,0,1.0,0,0,-0.2695,1,0,1,0.0,0,1,0,4.0,0.0
555a4062-3865-48b1-a9b0-f19664475954,Amazon,E-commerce,Carolyn Mitchell,Unknown,2,2025-10-17 06:07:55,unable to use easily: need help,unable to use easily: need help,1,6,31,0,0,0,1.0,0,0,0.6249,1,0,1,0.0,0,1,1,2.0,0.0
fbcff4ba-ca55-4319-af3e-2b38be715702,Amazon,E-commerce,Henry James,Unknown,3,2025-10-17 10:15:43,"ordered stuff on amazon, i had my current address set as default, but for reason it randomly selected my former address??? now i have to cancel all over again omd fix this","ordered stuff on amazon, i had my current address set as default, but for reason it randomly selected my former address??? now i have to cancel all over again omd fix this",1,32,171,0,0,0,0.9375,0,0,-0.3999,1,0,1,0.0,0,1,0,3.0,0.0
95cfb242-0cc2-4dcd-b2f4-2c43288b4a6c,Amazon,E-commerce,K. M.,Unknown,4,2025-10-17 11:31:00,very fast delivery.,very fast delivery.,0,3,19,0,0,0,1.0,0,0,0.0,1,0,1,0.0,0,1,0,4.0,0.0
712f15de-0caf-4b9b-bebb-942e926095a8,Amazon,E-commerce,claude Allen,Unknown,3,2025-10-17 12:16:27,mostly good. sometimes confuding.,mostly good. sometimes confuding.,0,4,33,0,0,0,1.0,0,0,0.4404,1,0,1,0.0,0,1,0,3.0,0.0
6604487a-52ee-411e-8dd8-91952db7c80e,Amazon,E-commerce,J Vonderbrelje,Unknown,2,2025-10-17 16:11:03,Lately deliveries haven't been top notch. Amazon needs to do better vetting out the bad sellers. Receiving a product with missing parts that are not eligible for refund was the kicker that put it over the edge.,lately deliveries haven't been top notch. amazon needs to do better vetting out the bad sellers. receiving a product with missing parts that are not eligible for refund was the kicker that put it over the edge.,3,37,210,0,0,0,0.918918918918919,0,0,-0.4003,1,0,1,0.0,0,1,0,2.0,0.0
1ea4ca4c-9695-4e26-89d6-846dd69f0953,Amazon,E-commerce,James Rhodes,Unknown,3,2025-10-17 16:20:08,usually okay. don't buy anything extra to reach a goal like overnight. It doesn't work. or didn't for me still took a day for most & two days for a few things. basically fraudulent. Good Luck.,usually okay. don't buy anything extra to reach a goal like overnight. it doesn't work. or didn't for me still took a day for most & two days for a few things. basically fraudulent. good luck.,2,36,192,0,0,0,0.8888888888888888,0,0,0.7351,1,0,1,0.0,0,1,0,3.0,0.0
cf798196-47d2-492b-962c-81212a1e5357,Amazon,E-commerce,Jaime Bray,Unknown,2,2025-10-17 19:14:54,I can't even open the app right now,i can't even open the app right now,0,8,35,0,0,0,1.0,0,1,0.0,1,0,1,0.0,0,1,0,2.0,0.0
1e28c45f-d68f-4d26-8b49-a8467d5c6ece,Amazon,E-commerce,Kasaia Rubin,Unknown,4,2025-10-18 00:21:08,just bcuz cool stuff,just bcuz cool stuff,1,4,20,0,0,0,1.0,0,0,0.3182,1,0,1,0.0,0,1,0,4.0,0.0
dc6eaaad-af06-4bc3-83d6-93458ecae565,Amazon,E-commerce,Jeremie Carter,Unknown,3,2025-10-18 01:21:15,I like this app and it's products except lately. I've been having issues with navigating the app. Especially the food shopping section of this app. They need to make it easier to tell which section you're in.,i like this app and it's products except lately. i've been having issues with navigating the app. especially the food shopping section of this app. they need to make it easier to tell which section you're in.,0,37,208,0,0,0,0.8648648648648649,0,1,0.6486,1,0,1,0.0,0,1,0,3.0,0.0
9c9d10b8-20b8-43d5-a2c7-2b5e9fefc4aa,Amazon,E-commerce,Mark Knight,Unknown,4,2025-10-18 11:31:11,good 👍 products,good 👍 products,0,3,15,1,0,0,1.0,0,0,0.4404,1,0,1,0.0,0,1,0,4.0,0.0
1de369ef-a2f8-4af6-b328-21b369248b72,Amazon,E-commerce,Tina Lopez,Unknown,4,2025-10-18 12:34:16,it's amazing. you can get almost anything on here,it's amazing. you can get almost anything on here,0,9,49,0,0,0,1.0,0,0,0.5859,1,0,1,0.0,0,1,0,4.0,0.0
4618f61b-2022-4180-ab05-7cffcd178536,Amazon,E-commerce,Alex Gordon,Unknown,2,2025-10-18 13:18:32,Needs Improvement,needs improvement,1,2,17,0,0,0,1.0,0,0,0.4588,1,0,1,0.0,0,1,0,2.0,0.0
62461c3d-b2a8-437f-b859-af3209d67d34,Amazon,E-commerce,Brian Fingland,Unknown,3,2025-10-18 14:21:57,"my app has not been working properly, its updated , also phone is up to date. can't seem to fix. it works fine on other device. I've never had this issue before as app usually works fine.","my app has not been working properly, its updated , also phone is up to date. can't seem to fix. it works fine on other device. i've never had this issue before as app usually works fine.",0,37,187,0,0,0,0.918918918918919,0,1,0.3818,1,0,1,0.0,0,1,0,3.0,0.0
4b05fbbf-8a26-4efe-87c4-798d796cb28a,Amazon,E-commerce,Don Ramón,Unknown,2,2025-10-18 14:22:15,"It's okay, but far from being great. They unknowingly cancelled a pre-order without reason and sometimes send me the wrong item. Returns are easy, and they have a large selection of products. Prime however, is pretty costly right now.","it's okay, but far from being great. they unknowingly cancelled a pre-order without reason and sometimes send me the wrong item. returns are easy, and they have a large selection of products. prime however, is pretty costly right now.",1,39,234,0,0,0,0.9230769230769231,0,0,0.8402,1,0,1,0.0,0,1,1,2.0,0.0
d575a5bf-4faa-4101-b355-d0e91af860d9,Amazon,E-commerce,Daniel Mueller,Unknown,3,2025-10-18 18:14:55,"Would be nice to get some assist to set the program up to work try to find GOLD PROSPECTING DREDGES. 3"". GOLD PANS . recovery tools","would be nice to get some assist to set the program up to work try to find gold prospecting dredges. 3"". gold pans . recovery tools",0,26,131,0,0,5,0.8461538461538461,0,0,0.4215,1,0,1,0.0,0,1,0,3.0,0.0
6e7bee27-bfdc-4bce-a4cc-3266cdc47354,Amazon,E-commerce,Joe Buck Hoff,Unknown,2,2025-10-18 19:46:50,Amazon Sunday: The items will arrive tomorrow Me:😁 Amazon Monday: The items will arrive tomorrow Me:🙄 Amazon Tuesday: Your items have been shipped Me:😑 Don't lead me on Amazon,amazon sunday: the items will arrive tomorrow me:😁 amazon monday: the items will arrive tomorrow me:🙄 amazon tuesday: your items have been shipped me:😑 don't lead me on amazon,1,29,175,3,0,0,0.6896551724137931,0,0,0.7783,1,0,1,0.0,0,1,1,2.0,0.0
8728376a-e2fa-4188-95db-fa802ce6e30f,Amazon,E-commerce,Lori Degray,Unknown,4,2025-10-18 23:05:40,fast safe delivery,fast safe delivery,0,3,18,0,0,0,1.0,0,0,0.4404,1,0,1,0.0,0,1,0,4.0,0.0
134d71dc-6fb7-420a-bd0e-5a24428db7db,Amazon,E-commerce,Susan Schindler,Unknown,2,2025-10-19 00:07:24,very annoying. The rufus feature doesn't work even though the option (lower right corner) was selected,very annoying. the rufus feature doesn't work even though the option (lower right corner) was selected,0,16,102,0,0,0,0.9375,0,0,-0.6361,1,0,1,0.0,0,1,0,2.0,0.0
30dcc7b5-f16d-4a6c-a417-95886a5c473a,Amazon,E-commerce,James K.,Unknown,3,2025-10-19 00:13:49,Watching video reviews is not a good experience. The video freezes and lags after watching one video review.,watching video reviews is not a good experience. the video freezes and lags after watching one video review.,0,18,108,0,0,0,0.8333333333333334,1,0,-0.6131,1,0,1,0.0,0,1,0,3.0,0.0
af6ba5aa-797f-446d-8812-b78249cafaba,Amazon,E-commerce,Esperanza -Ahlirah,Unknown,4,2025-10-19 01:22:22,. I don't like the echo button. There seems to be less items offered in the app than on the website. Please bring back the red heart for the list items. Please bring back the ldark blue colored boarder.,. i don't like the echo button. there seems to be less items offered in the app than on the website. please bring back the red heart for the list items. please bring back the ldark blue colored boarder.,61,39,202,0,0,0,0.7948717948717948,1,1,0.7711,1,0,1,0.0,0,1,0,4.0,0.0
683734e0-86f4-4ddd-b4dd-d2c6e5dac034,Amazon,E-commerce,Michael Fielding,Unknown,4,2025-10-19 02:25:25,This App needs an darkmode setting,this app needs an darkmode setting,1,6,34,0,0,0,1.0,0,1,0.0,1,0,1,0.0,0,1,0,4.0,0.0
36bc1271-d432-4e6b-ac6c-ecc173a566e0,Amazon,E-commerce,Kristal Montieth,Unknown,4,2025-10-19 03:20:11,"I absolutely love this app, as many woman do of course, but I just got a new phone and it keeps crashing on me. it won't even open all the way.. please help me fix this problem","i absolutely love this app, as many woman do of course, but i just got a new phone and it keeps crashing on me. it won't even open all the way.. please help me fix this problem",1,37,176,0,0,0,0.918918918918919,0,1,0.6198,1,0,1,0.0,0,1,0,4.0,0.0
28f67dca-e5d5-4d7d-9a14-999494d072f7,Amazon,E-commerce,Chris,Unknown,5,2025-10-19 09:34:28,good.,good.,0,1,5,0,0,0,1.0,0,0,0.4404,1,0,1,0.0,0,1,0,5.0,0.0
3c527d85-cf10-484a-b922-ccf85c4d46a5,Amazon,E-commerce,Pat O'Flynn,Unknown,4,2025-10-19 09:54:26,excellent app,excellent app,0,2,13,0,0,0,1.0,0,1,0.5719,1,0,1,0.0,0,2,0,4.0,0.0
2104f2f8-2814-44b2-92f3-2850d365f096,Amazon,E-commerce,Chris Scott,Unknown,5,2025-10-19 10:04:27,Love Amazon!,love amazon!,0,2,12,0,0,0,1.0,0,0,0.7345,1,0,1,0.0,0,2,0,5.0,0.0
87b35625-e87c-4bf7-9908-3f82cc0268b8,Amazon,E-commerce,hkuk,Unknown,3,2025-10-19 10:09:56,can't load my account tap,can't load my account tap,0,5,25,0,0,0,1.0,0,0,0.0,1,0,1,0.0,0,1,0,3.0,0.0
295954ec-7d28-4356-8250-252225f9a722,Amazon,E-commerce,Ray Kimmons,Unknown,5,2025-10-19 10:17:11,i deleted it at first I decided I will try it out just to see if it'll be useful if not I will definitely delete it again,i deleted it at first i decided i will try it out just to see if it'll be useful if not i will definitely delete it again,0,27,121,0,0,0,0.7407407407407407,0,0,0.1635,1,0,1,0.0,0,1,0,5.0,0.0
3ae25414-1bb4-4be3-ad82-ffdb8447c8fc,Amazon,E-commerce,Tarabennis Dhs,Unknown,5,2025-10-19 11:01:03,I love shopping with amazon- quick easy -- very affordable items 🙂,i love shopping with amazon- quick easy -- very affordable items 🙂,0,12,66,1,0,0,1.0,0,0,0.8887,1,0,1,0.0,0,1,0,5.0,0.0
4298b96f-8f11-4b60-bd2f-b70f638d4a4a,Amazon,E-commerce,Emma Adair,Unknown,5,2025-10-19 12:35:05,this app is pretty good to shop on so far,this app is pretty good to shop on so far,0,10,41,0,0,0,1.0,0,1,0.7269,1,0,1,0.0,0,1,0,5.0,0.0
98ae0121-8d05-4a6f-9096-4824a2521463,Amazon,E-commerce,Mick Coates,Unknown,5,2025-10-19 12:47:45,Good value and quick delivery,good value and quick delivery,0,5,29,0,0,0,1.0,0,0,0.6486,1,0,1,0.0,0,1,0,5.0,0.0
003d2038-2501-47c9-b1b0-44f2b82ee40a,Amazon,E-commerce,Jai Shivagnanam,Unknown,5,2025-10-19 15:01:01,good and fast,good and fast,0,3,13,0,0,0,1.0,0,0,0.4404,1,0,1,0.0,0,1,0,5.0,0.0
2d05b8f1-8e05-4dad-8fc8-645f12493a64,Amazon,E-commerce,Judith Csernak,Unknown,5,2025-10-19 15:23:34,easy to order and receive products,easy to order and receive products,0,6,34,0,0,0,1.0,0,0,0.4404,1,0,1,0.0,0,1,0,5.0,0.0
65fc11b3-43f6-4ecc-91b3-28241e730044,Amazon,E-commerce,Jim Canny,Unknown,5,2025-10-19 15:45:39,brilliant......,brilliant......,0,1,15,0,0,0,1.0,0,0,0.5859,1,0,1,0.0,0,1,0,5.0,0.0
993997a1-d46d-4e4e-ba44-82c33779803c,Amazon,E-commerce,Elvia Agredano,Unknown,2,2025-10-19 16:11:50,it's anointed me each time that I try to order something it send me a notification sein that my address is incorrect,it's anointed me each time that i try to order something it send me a notification sein that my address is incorrect,0,22,116,0,0,0,0.9090909090909091,0,0,0.0,1,0,1,0.0,0,1,0,2.0,0.0
591f8b0d-15a6-4473-8311-6940c9a91df4,Amazon,E-commerce,Raheman Khan,Unknown,5,2025-10-19 16:34:01,best marketing network good job,best marketing network good job,0,5,31,0,0,0,1.0,0,0,0.7964,1,0,1,0.0,0,1,0,5.0,0.0
c1a69f28-3b69-4793-b2ef-5214cbafeeab,Amazon,E-commerce,cindy klassen,Unknown,5,2025-10-19 16:57:25,"love Amazon, 75 % shopping thru this company","love amazon, 75 % shopping thru this company",0,8,44,0,0,0,1.0,0,0,0.7096,1,0,1,0.0,0,1,0,5.0,0.0
a7273d93-f2d5-4224-b84c-a6af6633d164,Amazon,E-commerce,Callum Dickie,Unknown,5,2025-10-19 17:36:19,"Love it, prime is an everyday must!","love it, prime is an everyday must!",0,7,35,0,0,0,1.0,0,0,0.6696,1,0,1,0.0,0,1,0,5.0,0.0
feb60e68-4896-4d85-a48b-37fc4be031c0,Amazon,E-commerce,Munashe Ava,Unknown,4,2025-10-19 17:39:56,"it a good app but I just wish it would sale clothes,","it a good app but i just wish it would sale clothes,",0,12,52,0,0,0,0.9166666666666666,1,1,0.6705,1,0,1,0.0,0,1,0,4.0,0.0
cc403f3e-a936-44f1-8028-7361a6c7efe8,Amazon,E-commerce,TOURE EL,Unknown,4,2025-10-19 18:40:53,sorry на3,sorry на3,0,2,9,0,0,0,1.0,0,0,-0.0772,1,0,1,0.0,0,1,0,4.0,0.0
988e3596-2884-4d03-8ff3-6f7bc47c48b5,Amazon,E-commerce,Catina Wade,Unknown,5,2025-10-19 19:39:44,I've been a LOOONG time fan!!!,i've been a looong time fan!!!,0,6,30,0,0,1,1.0,0,0,0.4898,1,0,1,0.0,0,1,0,5.0,0.0
e3cfd33b-fdcf-4fbe-830b-7dca43631cc6,Amazon,E-commerce,"Ron,s White",Unknown,5,2025-10-19 19:50:15,very happy,very happy,0,2,10,0,0,0,1.0,0,1,0.6115,1,0,1,0.0,0,1,0,5.0,0.0
b1832966-5304-4b4b-8921-3eb5d79e33cf,Amazon,E-commerce,Lauren Nash,Unknown,2,2025-10-19 19:53:02,there's a bug and i can't use the app,there's a bug and i can't use the app,0,9,37,0,0,0,1.0,0,1,0.0,1,0,1,0.0,0,1,0,2.0,0.0
2123d505-3d71-41b8-95c0-cd0c0fae9099,Amazon,E-commerce,Rickardo Samuels,Unknown,5,2025-10-19 20:04:27,very excellent,very excellent,0,2,14,0,0,0,1.0,0,0,0.6115,1,0,1,0.0,0,1,0,5.0,0.0
ba08a71b-6233-4291-a986-5e6b0c94d96d,Amazon,E-commerce,Tammy Everett,Unknown,5,2025-10-19 20:10:29,"really great attitude n helped, awesome 👍","really great attitude n helped, awesome 👍",0,7,41,1,0,0,1.0,0,0,0.8588,1,0,1,0.0,0,1,0,5.0,0.0
1f56e71c-2880-4c4b-99aa-ce39f8e2badb,Amazon,E-commerce,Erik Zapata,Unknown,5,2025-10-19 20:18:36,Amazon is Amazing.,amazon is amazing.,0,3,18,0,0,0,1.0,0,0,0.6705,1,0,1,0.0,0,1,0,5.0,0.0
0be69b07-bda9-4bf6-bfcf-8f7d511a7938,Amazon,E-commerce,Olivia Affran,Unknown,5,2025-10-19 20:21:36,it has a realy good dielivery system,it has a realy good dielivery system,0,7,36,0,0,0,1.0,0,0,0.4404,1,0,1,0.0,0,1,0,5.0,0.0
d1d290b8-56c2-4b08-af8b-1e491b0fc752,Amazon,E-commerce,Adnan Khurshed,Unknown,5,2025-10-19 20:31:40,lm happy with Amazon prime thank you for Amazon.,lm happy with amazon prime thank you for amazon.,0,9,48,0,0,0,1.0,0,1,0.8225,1,0,1,0.0,0,1,0,5.0,0.0
087853c6-44fb-4666-8f80-454644ae8434,Amazon,E-commerce,Raihan Basheer,Unknown,5,2025-10-19 20:32:51,Easy to use and friendly application,easy to use and friendly application,0,6,36,0,0,0,1.0,0,1,0.7269,1,0,1,0.0,0,1,0,5.0,0.0
fc37d855-2110-4090-9b67-0271cbec4c71,Amazon,E-commerce,Andi Larkin,Unknown,5,2025-10-19 20:51:14,I always find what I'm looking for. Have had great experiences shopping on here.,i always find what i'm looking for. have had great experiences shopping on here.,0,14,80,0,0,0,1.0,0,0,0.6249,1,0,1,0.0,0,1,0,5.0,0.0
4c58f67c-0fa9-4876-9cdd-d54fd2960216,Amazon,E-commerce,Jo Richards,Unknown,5,2025-10-19 21:16:35,I order all the time through Amazon with few problems. When I have experienced a problem Amazon has been quick to resolve it satisfactorily.,i order all the time through amazon with few problems. when i have experienced a problem amazon has been quick to resolve it satisfactorily.,0,24,140,0,0,0,0.9166666666666666,0,0,0.296,1,0,1,0.0,0,1,0,5.0,0.0
77c30396-8d38-4eb0-afd3-97d405cd84ca,Amazon,E-commerce,Andreea O,Unknown,1,2025-10-19 21:25:15,Bring back the price history feature! Why remove it after only 3 months?! Pressure from sellers? 😕,bring back the price history feature! why remove it after only 3 months?! pressure from sellers? 😕,0,17,98,1,0,0,1.0,0,0,-0.6645,1,0,1,0.0,0,1,0,1.0,0.0
9a2e07c0-e9ba-4feb-8cff-849e392c69d4,Amazon,E-commerce,Nick,Unknown,1,2025-10-19 21:26:42,"Bezos is a wannabe oligarch and is undermining the US Constitution. Traitor gets no more money from me. cancelled Prime, and uninstalled this. Walmart+ does the same job for cheaper without the Fascism.","bezos is a wannabe oligarch and is undermining the us constitution. traitor gets no more money from me. cancelled prime, and uninstalled this. walmart+ does the same job for cheaper without the fascism.",0,33,202,0,0,1,0.8787878787878788,1,0,-0.6908,1,0,1,0.0,0,1,0,1.0,0.0
fca90d54-68d1-4055-9092-d83b8e57014d,Amazon,E-commerce,MADELINE CASTRO,Unknown,5,2025-10-19 21:31:48,do you have the chargers for a jazzy electric chair scooter,do you have the chargers for a jazzy electric chair scooter,0,11,59,0,0,0,1.0,0,1,0.0,1,0,1,0.0,0,1,0,5.0,0.0
986f56ee-db05-4f20-81a2-7dacd5ee32d8,Amazon,E-commerce,Ella Millanar,Unknown,5,2025-10-19 21:33:53,always the best in online shopping,always the best in online shopping,0,6,34,0,0,0,1.0,0,0,0.6369,1,0,1,0.0,0,1,0,5.0,0.0
4de35ea7-fc01-464a-bdca-cfec91954d60,Amazon,E-commerce,Tom Millhouse,Unknown,5,2025-10-19 23:09:35,Quick easy ordering and delivery,quick easy ordering and delivery,0,5,32,0,0,0,1.0,0,0,0.4404,1,0,1,0.0,0,1,0,5.0,0.0
fbc7a48c-0876-4de8-9fbc-21123baa2c7a,Amazon,E-commerce,Emily Downie-Lott,Unknown,3,2025-10-19 23:28:14,app is messed up. it wont open half the time. the settings are all messed up.,app is messed up. it wont open half the time. the settings are all messed up.,0,16,77,0,0,0,0.8125,0,1,-0.5859,1,0,1,0.0,0,1,0,3.0,0.0
13b15167-88e2-4068-8718-a7b34e3a734d,Amazon,E-commerce,Danny,Unknown,2,2025-10-19 23:38:40,After last update the app didn't open the links. only in the browser....wth,after last update the app didn't open the links. only in the browser....wth,1,13,75,0,0,0,0.8461538461538461,1,1,0.0,1,0,1,0.0,0,1,0,2.0,0.0
14ca16b9-aec6-4341-9629-e45d6120f856,Amazon,E-commerce,kisha hopkins,Unknown,5,2025-10-20 00:44:45,I've been shopping with Amazon for over 10 years and I love it. Especially when you have a prime account. Super easy to order and you receive your merchandise fast.,i've been shopping with amazon for over 10 years and i love it. especially when you have a prime account. super easy to order and you receive your merchandise fast.,0,30,164,0,0,0,0.9333333333333333,0,0,0.9136,1,0,1,0.0,0,1,0,5.0,0.0
cd9f9b2c-b36c-4bd4-a3af-feb6e3b880c7,Amazon,E-commerce,Valley Cleveland,Unknown,5,2025-10-20 00:46:57,like Walmart it's an app and you by stuff on it,like walmart it's an app and you by stuff on it,0,11,47,0,0,0,1.0,0,1,0.3612,1,0,1,0.0,0,1,0,5.0,0.0
c1ae0c4a-122b-403a-9e7e-7e1c337e11e1,Amazon,E-commerce,Devon Plumb,Unknown,5,2025-10-20 00:52:20,always reliable and can find most things I've ever looked for!,always reliable and can find most things i've ever looked for!,0,11,62,0,0,0,1.0,0,0,0.0,1,0,1,0.0,0,1,0,5.0,0.0
47e6e718-5bad-406e-a047-5a3c00f54460,Amazon,E-commerce,Tito Hernandaz,Unknown,5,2025-10-20 01:39:16,Amazing 🤩,amazing 🤩,0,2,9,1,0,0,1.0,0,0,0.5859,1,0,1,0.0,0,1,0,5.0,0.0
1456e103-694b-48f8-b692-e267f8e1253c,Amazon,E-commerce,Ken Ewald,Unknown,5,2025-10-20 01:43:57,okay 👍,okay 👍,0,2,6,1,0,0,1.0,0,0,0.2263,1,0,1,0.0,0,1,0,5.0,0.0
a8686c2e-5613-4529-b49a-cdcd6dde0e3e,Amazon,E-commerce,Brittany Rhodes,Unknown,5,2025-10-20 01:45:25,go-to shopping everywhere ✨,go-to shopping everywhere ✨,0,4,27,0,0,0,1.0,0,0,0.3182,1,0,1,0.0,0,1,0,5.0,0.0
658599d8-7bed-40c5-8931-b974d444e0a3,Amazon,E-commerce,John V,Unknown,5,2025-10-20 02:32:31,Amazon's one of the greatest inventions of the modern era. i wish.\nI'd come up with a concept to myself.,amazon's one of the greatest inventions of the modern era. i wish.\ni'd come up with a concept to myself.,0,19,105,0,0,0,0.8947368421052632,0,0,0.6369,1,0,1,0.0,0,1,0,5.0,0.0
556f1e04-e204-41dc-b119-222c32427fb7,Amazon,E-commerce,Mia-Anne S,Unknown,5,2025-10-20 02:33:52,love it!,love it!,0,2,8,0,0,0,1.0,0,0,0.6696,1,0,1,0.0,0,2,0,5.0,0.0
cd2d429e-5e00-40d1-bbac-e468de8f6759,Amazon,E-commerce,Miles Badger,Unknown,4,2025-10-20 02:50:49,"It's Amazon, the end.","it's amazon, the end.",0,4,21,0,0,0,1.0,0,0,0.1779,1,0,1,0.0,0,1,0,4.0,0.0
e3da8dca-7ef4-421b-9d38-0cac914528b8,Amazon,E-commerce,Melita N,Unknown,5,2025-10-20 04:00:24,"Best app. I have always liked amazon, many years and discounts . Use voucher codes or Paypal or Zilch bank to create gift cards for you","best app. i have always liked amazon, many years and discounts . use voucher codes or paypal or zilch bank to create gift cards for you",0,26,135,0,0,0,0.9615384615384616,1,1,0.9136,1,0,1,0.0,0,1,0,5.0,0.0
97d8a582-8626-4b7b-94c6-3b95f186bab5,Amazon,E-commerce,MaManPaPa,Unknown,5,2025-10-20 04:26:45,It's GREAT!,it's great!,0,2,11,0,0,1,1.0,0,0,0.6588,1,0,1,0.0,0,1,0,5.0,0.0
055bf336-e44f-4a41-8393-ed70498712b7,Amazon,E-commerce,Dennis Decial,Unknown,2,2025-10-20 05:02:59,"Im not user of Amazon but your website collecting money from I don't even know what I've purchased, this site called hshelps. com. &it's you who operated it, just please return my money back.","im not user of amazon but your website collecting money from i don't even know what i've purchased, this site called hshelps. com. &it's you who operated it, just please return my money back.",0,34,191,0,0,0,0.9705882352941176,1,0,0.4001,1,0,1,0.0,0,1,0,2.0,0.0
a703831f-9f1e-4448-9d42-99bc820d82c0,Amazon,E-commerce,Carlos Alanis,Unknown,2,2025-10-20 05:40:10,i guess u got to be a member..,i guess u got to be a member..,0,8,30,0,0,0,1.0,0,0,0.0,1,0,1,0.0,0,1,0,2.0,0.0
d54e93a6-720c-46f2-ad02-074695baec88,Amazon,E-commerce,Milan Nepali,Unknown,5,2025-10-20 05:51:08,see what I feel when I use,see what i feel when i use,0,7,26,0,0,0,0.8571428571428571,0,0,0.0,1,0,1,0.0,0,1,0,5.0,0.0
2a0c15d9-edf0-49fb-bc4f-54882c3a5269,Amazon,E-commerce,G F,Unknown,3,2025-10-20 06:38:02,an ok experience although the couriers all look stressed and harried. makes me wonder if Amazon is doing the right thing by its people or just grinding people up in a big money factory.,an ok experience although the couriers all look stressed and harried. makes me wonder if amazon is doing the right thing by its people or just grinding people up in a big money factory.,0,34,185,0,0,0,0.9411764705882353,0,0,-0.2263,1,0,1,0.0,0,1,0,3.0,0.0
d1877eff-1c5e-451b-a913-5063d9859c30,Amazon,E-commerce,Stephanie,Unknown,4,2025-10-20 07:12:33,I found it easier the more I use it.!,i found it easier the more i use it.!,0,9,37,0,0,0,0.8888888888888888,0,0,0.4753,1,0,1,0.0,0,1,0,4.0,0.0
717c7b72-8683-4032-acdb-e5ebbc8e6937,Amazon,E-commerce,BRENDAN HIGGINS,Unknown,5,2025-10-20 07:12:56,"forget the rest,AMAZON IS THE BEST","forget the rest,amazon is the best",0,6,34,0,0,3,0.8333333333333334,0,0,0.5106,1,0,1,0.0,0,1,0,5.0,0.0
a4b66655-af58-4c30-afb0-42ee009a6928,Amazon,E-commerce,Mario Limon,Unknown,4,2025-10-20 07:33:30,"The app is solid but, it drains too many resources. I would like a dark mode option. Frequently crashes and lags too much. Works great until you browse a little too long.","the app is solid but, it drains too many resources. i would like a dark mode option. frequently crashes and lags too much. works great until you browse a little too long.",0,32,170,0,0,0,0.90625,0,1,0.7876,1,0,1,0.0,0,1,0,4.0,0.0
cc46e702-bfa4-46ca-97a6-0d92d563596b,Amazon,E-commerce,Md Asek Ali Asek,Unknown,5,2025-10-20 07:39:45,very good service,very good service,0,3,17,0,0,0,1.0,0,0,0.4927,1,0,1,0.0,0,1,0,5.0,0.0
1b00b5d0-3a50-4398-b885-78fd47c3eb2b,Amazon,E-commerce,SJ McGill,Unknown,3,2025-10-20 07:43:24,suddenly glitchy. unable to mark favorites and my shopping cart is acting weird,suddenly glitchy. unable to mark favorites and my shopping cart is acting weird,0,13,79,0,0,0,1.0,0,0,0.2732,1,0,1,0.0,0,1,0,3.0,0.0
28975db7-213a-4bb4-b27c-34b3135fc586,Amazon,E-commerce,Lester Greene,Unknown,2,2025-10-20 07:53:56,Not overly impressed with chosen delivery operatives or refund process.,not overly impressed with chosen delivery operatives or refund process.,0,10,71,0,0,0,1.0,0,0,-0.3724,1,0,1,0.0,0,1,0,2.0,0.0
1454c470-8821-4155-a87e-346e1d91165b,Amazon,E-commerce,Eden Sachs,Unknown,2,2025-10-20 07:55:56,seems to be glitching. It won't allow me to process returns. error messages,seems to be glitching. it won't allow me to process returns. error messages,0,13,75,0,0,0,0.9230769230769231,0,0,-0.5213,1,0,1,0.0,0,1,0,2.0,0.0
28d17299-0925-4bb8-a05c-f0e8ae3ec1ee,Amazon,E-commerce,Ronald Sick,Unknown,2,2025-10-20 08:03:07,Somehow this app seems to get worse every time it gets updated. Now it just crashes randomly and periodically won't open the cart. How can such a large company not have a consistency working portal?,somehow this app seems to get worse every time it gets updated. now it just crashes randomly and periodically won't open the cart. how can such a large company not have a consistency working portal?,1,35,198,0,0,0,0.9428571428571428,0,1,-0.4767,1,0,1,0.0,0,1,0,2.0,0.0
e85303a8-d7a8-435b-b895-7c83f37025cb,Amazon,E-commerce,Jazs Lavonne,Unknown,2,2025-10-20 08:32:20,"This latest update is currently seriously bugged. I'm unable to see the prices of anything, clicking on products, I'm seeing ""To see product details, add it item to your cart."" The app also can't load my wishlist, previous orders etc..","this latest update is currently seriously bugged. i'm unable to see the prices of anything, clicking on products, i'm seeing ""to see product details, add it item to your cart."" the app also can't load my wishlist, previous orders etc..",1,40,235,0,0,0,0.9,0,1,-0.1779,1,0,1,0.0,0,1,0,2.0,0.0
570708a4-363a-4dea-a744-c44f0dd382d5,Amazon,E-commerce,ElzeMarie Du Preez,Unknown,5,2025-10-20 08:48:17,Excellent selection and amazing delivery service with The Courier Guy.,excellent selection and amazing delivery service with the courier guy.,0,10,70,0,0,0,1.0,0,0,0.8176,1,0,1,0.0,0,1,0,5.0,0.0
344ab64d-e110-493c-ac2f-be3de796fbae,Amazon,E-commerce,Nathan McElhaney,Unknown,2,2025-10-20 08:48:56,Very glitchy!! Needs an update..... cannot complete my purchase because cart will not update. Almost every item I select won't come up & just says sorry theres an issue.,very glitchy!! needs an update..... cannot complete my purchase because cart will not update. almost every item i select won't come up & just says sorry theres an issue.,0,29,169,0,0,0,0.9655172413793104,0,0,-0.2225,1,0,1,0.0,0,1,0,2.0,0.0
bb217896-736b-4fc8-94ff-8fb6fd03e3b3,Amazon,E-commerce,Amber Dominquez,Unknown,2,2025-10-20 08:59:47,"login error, I'm trying to login to my account but it's telling me my internet is slow that I need better internet connection, and my internet has full bars.... Please Fix","login error, i'm trying to login to my account but it's telling me my internet is slow that i need better internet connection, and my internet has full bars.... please fix",0,31,171,0,0,0,0.8064516129032258,0,0,0.714,1,0,1,0.0,0,1,1,2.0,0.0
c52ce044-1c10-45a8-83f9-d39d9b04735d,Amazon,E-commerce,Akhil Varghese Mathew,Unknown,1,2025-10-20 09:01:13,Terrible experience. Doesn't allow me to login or switch accounts.,terrible experience. doesn't allow me to login or switch accounts.,0,10,66,0,0,0,1.0,0,0,-0.5812,1,0,1,0.0,0,1,0,1.0,0.0
07db2dcc-72e3-4c16-96ae-f40261bbffb3,Amazon,E-commerce,Wyatt,Unknown,1,2025-10-20 09:03:48,you took my clash royale away cause it's down cause you AMAZON,you took my clash royale away cause it's down cause you amazon,0,12,62,0,0,1,0.8333333333333334,0,0,0.1779,1,0,1,0.0,0,1,0,1.0,0.0
2eb2a2f3-bcc2-4f39-80b7-c4b4d4ee8040,Amazon,E-commerce,Carol Gonzales,Unknown,1,2025-10-20 09:04:58,"you can't access any book postings online or the app. every attempt leads to a ""Sorry Something Went Wrong"" page with a dog. I have tried multiple book listing. Your Site is BROKEN.","you can't access any book postings online or the app. every attempt leads to a ""sorry something went wrong"" page with a dog. i have tried multiple book listing. your site is broken.",0,33,181,0,0,1,0.9393939393939394,0,1,-0.7579,1,0,1,0.0,0,1,0,1.0,0.0
23b05e5b-596f-4fc1-b355-edd6d27fb09b,Amazon,E-commerce,Dancing Drone,Unknown,1,2025-10-20 09:05:16,new update can't even find reviews or pick different styles of a item,new update can't even find reviews or pick different styles of a item,0,13,69,0,0,0,1.0,0,0,0.0,1,0,1,0.0,0,1,0,1.0,0.0
b06507fb-2445-4b72-8f97-b20743fb8a50,Amazon,E-commerce,Scott,Unknown,2,2025-10-20 09:12:40,since the latest update the app is very glitchy and it's much more difficult to get product information. I won't purchase anything else until it's corrected. I can't trust anything now.,since the latest update the app is very glitchy and it's much more difficult to get product information. i won't purchase anything else until it's corrected. i can't trust anything now.,0,31,185,0,0,0,0.8709677419354839,0,1,-0.67,1,0,2,0.0,0,1,0,1.5,0.7071067811865476
54d89d97-9bba-469e-b17c-5db0d8d48248,Amazon,E-commerce,Shenihpa Chenn,Unknown,5,2025-10-20 09:13:58,i cant see the reviews on the app!,i cant see the reviews on the app!,0,8,34,0,0,0,0.875,0,1,0.0,1,0,1,0.0,0,1,0,5.0,0.0
51a8dce1-af42-4b61-b912-09a03f8cb153,Amazon,E-commerce,Michael Cooper,Unknown,1,2025-10-20 09:27:20,having troubles buying items why,having troubles buying items why,0,5,32,0,0,0,1.0,0,0,-0.4588,1,0,1,0.0,0,1,0,1.0,0.0
d6d747b1-9aa0-459f-85ea-dfb9d42614d3,Amazon,E-commerce,Mark Ghobz,Unknown,1,2025-10-20 09:34:26,app keeps crashing,app keeps crashing,0,3,18,0,0,0,1.0,0,1,0.0,1,0,1,0.0,0,1,0,1.0,0.0
c5794bed-7063-4a91-ae65-c711a555e0cb,Amazon,E-commerce,Tleane Dimakatjo,Unknown,5,2025-10-20 09:43:54,Amazon is the most convenient online shopping which delivers on time and also refund on time,amazon is the most convenient online shopping which delivers on time and also refund on time,0,16,92,0,0,0,0.875,0,0,0.1779,1,0,1,0.0,0,1,0,5.0,0.0
68ca1b78-0016-4bc3-97c0-db9ced5255fe,Amazon,E-commerce,michal s,Unknown,1,2025-10-20 09:54:34,no lice help by chat. absolutely robish,no lice help by chat. absolutely robish,0,7,39,0,0,0,1.0,0,0,-0.5358,1,0,1,0.0,0,1,0,1.0,0.0
4073cdf1-084a-4c6b-b580-d6d8df680055,Amazon,E-commerce,Scott,Unknown,1,2025-10-20 10:08:07,Shady permissions just ridiculous.,shady permissions just ridiculous.,0,4,34,0,0,0,1.0,0,0,-0.3612,1,0,2,3327.0,0,1,0,1.5,0.7071067811865476
a5629f9d-bc95-4179-879f-aca8eafd9938,Amazon,E-commerce,Kimi Null Cat,Unknown,5,2025-10-20 10:23:43,Thumbs up.,thumbs up.,0,2,10,0,0,0,1.0,0,0,0.0,1,0,1,0.0,0,1,0,5.0,0.0
6feab29d-0c2c-4fbd-b556-ed7d558dc558,Amazon,E-commerce,david cunningham,Unknown,1,2025-10-20 11:18:00,welcome to the new temu where everything you purchase looks nothing like the item you ordered,welcome to the new temu where everything you purchase looks nothing like the item you ordered,1,16,93,0,0,0,0.875,0,0,0.224,1,0,1,0.0,0,1,0,1.0,0.0
1c7a6829-a969-44e0-9b38-3620ebf72420,Amazon,E-commerce,Rob Turner,Unknown,3,2025-10-20 11:38:53,"I've had to completely disable notifications for this, due to all the spam it sends. shame as delivery notifications were useful","i've had to completely disable notifications for this, due to all the spam it sends. shame as delivery notifications were useful",0,21,128,0,0,0,0.9047619047619048,0,0,-0.4019,1,0,1,0.0,0,1,0,3.0,0.0
225b68b8-a166-436d-8aa3-4e6cb34204b1,Amazon,E-commerce,Marshall Watson,Unknown,1,2025-10-20 11:48:30,Customer Service SUCKS,customer service sucks,0,3,22,0,0,1,1.0,0,0,-0.3612,1,0,1,0.0,0,1,0,1.0,0.0
0928b244-ba2a-41b2-b6ae-62bbbb8e6329,Amazon,E-commerce,Linda GrahamLeicht,Unknown,5,2025-10-20 11:54:33,Amazon rocks,amazon rocks,0,2,12,0,0,0,1.0,0,0,0.1779,1,0,1,0.0,0,1,0,5.0,0.0
7fd09292-2112-4437-81f0-756611c2a347,Amazon,E-commerce,P K Entertainment,Unknown,5,2025-10-20 12:23:44,Always best 👌,always best 👌,0,3,13,1,0,0,1.0,0,0,0.8842,1,0,1,0.0,0,1,0,5.0,0.0
88672902-05b6-4ad6-84ed-c0ed66dde1a7,Amazon,E-commerce,Madina Jones,Unknown,1,2025-10-20 12:33:03,customer service is hard to get and your looped around on the site but I notice most companies doing this.,customer service is hard to get and your looped around on the site but i notice most companies doing this.,0,20,106,0,0,0,1.0,0,0,-0.0516,1,0,1,0.0,0,1,0,1.0,0.0
dbfba3a8-9ba1-4d9e-9f1f-dbe14c54a546,Amazon,E-commerce,Jaime Wilson,Unknown,5,2025-10-20 14:04:17,app is currently not showing my orders and saying something went wrong. I'll change me review if/when this is taken care of/fixed.,app is currently not showing my orders and saying something went wrong. i'll change me review if/when this is taken care of/fixed.,0,22,130,0,0,0,0.9545454545454546,0,1,0.0258,1,0,1,0.0,0,1,0,5.0,0.0
1ebf76fd-83ba-4819-a4e2-59a01ce96d40,Amazon,E-commerce,Lara Hansen,Unknown,2,2025-10-20 14:10:28,what happened to my shopping list! the new shopping list is terrible.,what happened to my shopping list! the new shopping list is terrible.,0,12,69,0,0,0,0.9166666666666666,0,1,-0.5255,1,0,1,0.0,0,1,0,2.0,0.0
d06af08e-452e-4cfa-aaae-de52c4ecddd9,Amazon,E-commerce,Kaiwelo Nuniez,Unknown,3,2025-10-20 14:36:07,quit delaying my package,quit delaying my package,0,4,24,0,0,0,1.0,0,0,0.0,1,0,1,0.0,0,1,0,3.0,0.0
d70248aa-899e-4bd5-a86a-ed203f6e184d,Amazon,E-commerce,T A,Unknown,1,2025-10-20 14:37:35,site not working,site not working,1,3,16,0,0,0,1.0,0,0,0.0,1,0,1,0.0,0,1,0,1.0,0.0
8c7f4106-fe4a-43f9-ba89-b613276bf92d,Amazon,E-commerce,Steely DrWu,Unknown,3,2025-10-20 14:51:45,"it takes forever, just spinning and spinning. I assume it's going through my phone stealing all my info but it's taking too late long to do it. come on guys, speed up you cyber spy.","it takes forever, just spinning and spinning. i assume it's going through my phone stealing all my info but it's taking too late long to do it. come on guys, speed up you cyber spy.",0,35,181,0,0,0,0.9428571428571428,0,0,-0.3291,1,0,1,0.0,0,1,0,3.0,0.0
09f4c89e-576e-4897-949c-458cd71dac8e,Amazon,E-commerce,Sean F,Unknown,1,2025-10-20 14:52:50,whatever update last happened The search function no longer works. nothing loads.,whatever update last happened the search function no longer works. nothing loads.,0,12,81,0,0,0,1.0,0,1,-0.296,1,0,1,0.0,0,1,0,1.0,0.0
16fd21c4-5aa8-478b-89e5-5fd4ffa86e8a,Amazon,E-commerce,Rodolfo Garza JR,Unknown,1,2025-10-20 15:04:08,Horrible experience never again will i putchase anything from amazon. Horrible customer service from India .,horrible experience never again will i putchase anything from amazon. horrible customer service from india .,0,16,108,0,0,0,0.875,0,0,-0.743,1,0,1,0.0,0,1,0,1.0,0.0
5e5d450a-c781-4c8e-ae1e-4177489d428e,Amazon,E-commerce,Nomi guru,Unknown,5,2025-10-20 15:05:09,good quality,good quality,0,2,12,0,0,0,1.0,0,0,0.4404,1,0,1,0.0,0,1,0,5.0,0.0
48c747f1-d0a2-4037-92a1-b70aadeafeea,Amazon,E-commerce,Andrew Patton,Unknown,2,2025-10-20 15:13:13,"consistent glitches and bugs, particularly with the wish list function. updates break things or make it less user friendly rather than fix what needs to be fixed or make things simpler.","consistent glitches and bugs, particularly with the wish list function. updates break things or make it less user friendly rather than fix what needs to be fixed or make things simpler.",0,31,185,0,0,0,0.9032258064516129,0,0,0.7082,1,0,1,0.0,0,1,1,2.0,0.0
264f7ce4-609e-48fb-893f-ff312d36e51d,Amazon,E-commerce,R C,Unknown,1,2025-10-20 15:13:49,it hadn't been working and there's no update,it hadn't been working and there's no update,0,8,44,0,0,0,1.0,0,0,-0.296,1,0,1,0.0,0,1,0,1.0,0.0
c655b25f-2647-4825-a1ac-28ecad8cc562,Amazon,E-commerce,victor bell,Unknown,2,2025-10-20 15:21:28,There is always some sort of issue. Be it shipping or app related issues. currently order history and shopping list will not load!,there is always some sort of issue. be it shipping or app related issues. currently order history and shopping list will not load!,0,23,130,0,0,0,1.0,0,1,0.0,1,0,1,0.0,0,1,0,2.0,0.0
2df01cf6-fcd2-45aa-9c4e-60801f5d88bc,Amazon,E-commerce,kaijufriend,Unknown,1,2025-10-20 15:24:31,"please bring back the ability to see when items will actually be shipped, its extremely annoying to not be able to tell until you add it to your cart and go to check out","please bring back the ability to see when items will actually be shipped, its extremely annoying to not be able to tell until you add it to your cart and go to check out",0,34,169,0,0,0,0.8529411764705882,0,0,0.1548,1,0,1,0.0,0,1,0,1.0,0.0
5a311b25-317b-49ed-9b52-533fbf04fa16,Amazon,E-commerce,Anthony Geffre,Unknown,3,2025-10-20 15:30:19,works when it wants to,works when it wants to,0,5,22,0,0,0,1.0,0,0,0.0,1,0,1,0.0,0,1,0,3.0,0.0
ebd3b987-609a-4075-907f-d41becf1e90a,Amazon,E-commerce,Rita Stem,Unknown,2,2025-10-20 15:35:32,doesn't answer question,doesn't answer question,0,3,23,0,0,0,1.0,0,0,0.0,1,0,1,0.0,0,1,0,2.0,0.0
15119872-aeb1-47f1-bd75-df767cbe53c5,Amazon,E-commerce,Misfit,Unknown,1,2025-10-20 15:35:46,The search engine stopped working! I can't shop.,the search engine stopped working! i can't shop.,0,8,48,0,0,0,1.0,0,0,-0.2942,1,0,1,0.0,0,1,0,1.0,0.0
eb43fe39-5472-4979-b12c-cb589e921f36,Amazon,E-commerce,Wendy Fabela,Unknown,5,2025-10-20 15:38:30,the app not uploading. but other wise it good,the app not uploading. but other wise it good,0,9,45,0,0,0,1.0,0,1,0.8402,1,0,1,0.0,0,1,0,5.0,0.0
ef039f02-7a5c-4d5a-8b69-1e8fc8b456e2,Amazon,E-commerce,Reggae Mortis (AgitoGeist),Unknown,1,2025-10-20 15:43:22,won't show me my order history or give me access to the PSN code I purchased.,won't show me my order history or give me access to the psn code i purchased.,0,16,77,0,0,1,0.9375,0,0,0.0,1,0,1,0.0,0,1,0,1.0,0.0
fdae995d-0025-4f0c-ab74-86aba178c641,Amazon,E-commerce,Meta Anu,Unknown,2,2025-10-20 15:46:04,"Desde la ultima actualización no puedo muestra busquedas, ni información de productos.","desde la ultima actualización no puedo muestra busquedas, ni información de productos.",0,12,86,0,0,0,1.0,0,0,-0.296,1,0,1,0.0,0,1,0,2.0,0.0
e7cf8a6b-bdd4-4b63-b383-3ed49dff028b,Amazon,E-commerce,Janet,Unknown,1,2025-10-20 15:57:16,"The Amazon app was really good up until yesterday with the latest update. I can't search anything, my orders say can't access. What a mess!","the amazon app was really good up until yesterday with the latest update. i can't search anything, my orders say can't access. what a mess!",0,25,139,0,0,0,0.92,0,1,0.3989,1,0,1,0.0,0,1,0,1.0,0.0
a73b366a-ad94-413a-8bde-5c059dc4a979,Amazon,E-commerce,Norman Belz,Unknown,3,2025-10-20 15:57:27,App doesn't show past purchases and no link to messages.,app doesn't show past purchases and no link to messages.,0,10,56,0,0,0,1.0,1,1,-0.296,1,0,1,0.0,0,1,0,3.0,0.0
fd0b2f0b-b083-4585-8ebb-ec91c35cd9c1,Amazon,E-commerce,Seth Reign,Unknown,1,2025-10-20 15:58:16,Crazy how this app works as usual & doesn't have problems until there's an update. almost like you're forcing one. bs practice. now its just painfully slow,crazy how this app works as usual & doesn't have problems until there's an update. almost like you're forcing one. bs practice. now its just painfully slow,0,27,155,0,0,0,1.0,0,1,-0.3259,1,0,1,0.0,0,1,0,1.0,0.0
d8144de5-80c0-46ab-920e-8bc8416c7d99,Amazon,E-commerce,Alberto Estrada,Unknown,5,2025-10-20 15:58:24,excelent!!,excelent!!,0,1,10,0,0,0,1.0,0,0,0.0,1,0,1,0.0,0,1,0,5.0,0.0
b3742c43-3091-4fdb-8220-efecbd7edfac,Amazon,E-commerce,Elizabeth Miller,Unknown,2,2025-10-20 15:59:58,"It's back on my tablet, but the recent update DELETED ALL of my shopping lists!","it's back on my tablet, but the recent update deleted all of my shopping lists!",2,15,79,0,0,2,0.9333333333333333,0,0,0.0,1,0,1,0.0,0,1,0,2.0,0.0
e563beeb-15d3-4af1-a66a-501d3ae71cb8,Amazon,E-commerce,John Mason,Unknown,5,2025-10-20 16:02:55,Great job,great job,0,2,9,0,0,0,1.0,0,0,0.6249,1,0,1,0.0,0,2,0,5.0,0.0
0a188f9f-9fbb-4422-9523-9f30f2d34681,Amazon,E-commerce,Cynthia,Unknown,1,2025-10-20 16:04:06,you suck i pay for prime and nothing show up on my page fix this app or I'll get rid of Amazon and take about three dozen of my friends with me waist of money.,you suck i pay for prime and nothing show up on my page fix this app or i'll get rid of amazon and take about three dozen of my friends with me waist of money.,0,35,159,0,0,0,0.8857142857142857,0,1,0.128,1,0,1,0.0,0,1,0,1.0,0.0
d0ed9891-0454-4be3-b428-afc3bb78072b,Amazon,E-commerce,Camille Spicer,Unknown,1,2025-10-20 16:06:21,update broke order screen. doesn't want to load.,update broke order screen. doesn't want to load.,0,8,48,0,0,0,1.0,0,0,-0.4628,1,0,1,0.0,0,1,0,1.0,0.0
16fb61b1-8a09-4dce-9537-fb69eed740b9,Amazon,E-commerce,Robin,Unknown,5,2025-10-20 16:08:41,"l love amazon, but today l had a hard time getting the pages to come up","l love amazon, but today l had a hard time getting the pages to come up",0,16,71,0,0,0,0.9375,0,0,0.81,1,0,1,0.0,0,1,0,5.0,0.0
47aef11f-7c10-479e-b858-3a7fd8e46cb6,Amazon,E-commerce,Brandon Timm,Unknown,1,2025-10-20 16:10:42,"the most recent update to the app has made searching absolutely terrible, and some how zero options populate despite trying previously searched items before the update. awful, frustrating experience.","the most recent update to the app has made searching absolutely terrible, and some how zero options populate despite trying previously searched items before the update. awful, frustrating experience.",0,29,199,0,0,0,0.9310344827586207,0,1,-0.8516,1,0,1,0.0,0,1,0,1.0,0.0
ca4d368d-b62b-45cc-a19a-c1249a228062,Amazon,E-commerce,Billie Jo Keirsey,Unknown,1,2025-10-20 16:10:47,app is glitching. will not search,app is glitching. will not search,0,6,33,0,0,0,1.0,0,1,0.0,1,0,1,0.0,0,1,0,1.0,0.0
a721c8f4-5d5e-46e3-b1a9-2c1ba7f2a81a,Amazon,E-commerce,Eric Doris,Unknown,1,2025-10-20 16:11:14,"App isn't working right, again. Fix it or shut it down.","app isn't working right, again. fix it or shut it down.",7,11,55,0,0,0,0.9090909090909091,0,1,0.0,1,0,1,0.0,0,1,0,1.0,0.0
ffee1255-c446-4833-bc62-e0308bbc1d4d,Amazon,E-commerce,Sydney Kroeck,Unknown,5,2025-10-20 16:15:56,The Amazon delivery comes to my door for items not fitting in the POBox. The People are super friendly and reliable. I can count on Amazon.,the amazon delivery comes to my door for items not fitting in the pobox. the people are super friendly and reliable. i can count on amazon.,0,26,139,0,0,0,0.9230769230769231,0,0,0.8591,1,0,1,0.0,0,1,0,5.0,0.0
32fdea48-0818-4834-9df2-0376d57d2298,Amazon,E-commerce,Natasia Newmann,Unknown,1,2025-10-20 16:16:09,it keeps crashing and giving an error when trying to look at my orders. Dark mode is needed,it keeps crashing and giving an error when trying to look at my orders. dark mode is needed,1,18,91,0,0,0,1.0,0,0,-0.0772,1,0,1,0.0,0,1,0,1.0,0.0
9775ad80-0fa6-4c0a-b789-ee17dd8161a3,Amazon,E-commerce,Chanda Squared,Unknown,2,2025-10-20 16:17:43,"I suddenly can't search anything, it just loads a blank page. I've tried uninstalling the app and downloading it again but still having the same issue","i suddenly can't search anything, it just loads a blank page. i've tried uninstalling the app and downloading it again but still having the same issue",0,26,150,0,0,0,0.9230769230769231,1,1,0.0,1,0,1,0.0,0,1,0,2.0,0.0
6e918878-40f2-43e9-93c3-6f286d4a688d,Amazon,E-commerce,Preston Jones,Unknown,1,2025-10-20 16:24:40,"The search option has stopped working, completely. I can browse the main page, open settings, and even make purchases, but the actual search option just isn't working, nor loading...","the search option has stopped working, completely. i can browse the main page, open settings, and even make purchases, but the actual search option just isn't working, nor loading...",0,29,182,0,0,0,0.8275862068965517,0,0,-0.1154,1,0,1,0.0,0,1,0,1.0,0.0
cf8ca707-8682-46a3-b449-521c76e58a9e,Amazon,E-commerce,Jerry Smith,Unknown,5,2025-10-20 16:26:19,Love the easy shopping for items I need and want.,love the easy shopping for items i need and want.,0,10,49,0,0,0,1.0,0,0,0.8126,1,0,1,0.0,0,1,0,5.0,0.0
42462330-b1d3-416b-9b41-d97f57361908,Amazon,E-commerce,Jorge S,Unknown,4,2025-10-20 16:29:29,App has been extremely buggy. Items not loading. Errors when searching.,app has been extremely buggy. items not loading. errors when searching.,0,11,71,0,0,0,1.0,0,1,0.2584,1,0,1,0.0,0,1,0,4.0,0.0
71a4361a-c77f-4794-b0f2-f0d9adcc4b2b,Amazon,E-commerce,xMETALxBABYx,Unknown,2,2025-10-20 16:30:03,search bar isn't working since update. it just constantly spins.,search bar isn't working since update. it just constantly spins.,2,10,64,0,0,0,1.0,0,0,0.0,1,0,1,0.0,0,1,0,2.0,0.0
797d68f8-9c16-45e0-92d7-383ad1c53cd3,Amazon,E-commerce,Michael Miller,Unknown,3,2025-10-20 16:35:46,The Amazon app is acting up on me after that last update,the amazon app is acting up on me after that last update,0,12,56,0,0,0,1.0,0,1,0.1779,1,0,1,0.0,0,1,0,3.0,0.0
f198b099-856e-4471-a396-3e990210f9cf,Amazon,E-commerce,The Mad Hatter,Unknown,1,2025-10-20 16:39:16,fix whatever bugs are going on with the app,fix whatever bugs are going on with the app,0,9,43,0,0,0,1.0,0,1,0.0,1,0,1,0.0,0,1,0,1.0,0.0
eec3afb1-0207-44a6-802a-b1a4f59c96ab,Amazon,E-commerce,Mandy Chesser,Unknown,3,2025-10-20 16:41:05,App is crashing lot today,app is crashing lot today,0,5,25,0,0,0,1.0,0,1,0.0,1,0,1,0.0,0,1,0,3.0,0.0
7035192e-3b84-472f-89cc-1026492ebddf,Amazon,E-commerce,Nikki James,Unknown,1,2025-10-20 16:43:03,Is the app down? I keep getting uh oh something went wrong with all these dog pictures.,is the app down? i keep getting uh oh something went wrong with all these dog pictures.,0,17,87,0,0,0,1.0,0,1,-0.4767,1,0,1,0.0,0,1,0,1.0,0.0
3a95e5d2-ad8c-4f04-a437-c64c1f7c9adf,Amazon,E-commerce,Patricia j Goodrich (Pattyj),Unknown,2,2025-10-20 16:46:14,"Amazon prime it is not working properly , been paid automatically and not sure why they keep doing that to me,","amazon prime it is not working properly , been paid automatically and not sure why they keep doing that to me,",0,21,110,0,0,0,0.9523809523809523,0,0,-0.0675,1,0,1,0.0,0,1,0,2.0,0.0
cf6fe746-3981-4363-b4e9-2738d4ade3ea,Amazon,E-commerce,Ty Jame,Unknown,1,2025-10-20 16:46:54,"garbage. lags and never lets me view what I click on. now, it also freezes from my cart to the place order screen. fix it if you want us to trust you with our payment info","garbage. lags and never lets me view what i click on. now, it also freezes from my cart to the place order screen. fix it if you want us to trust you with our payment info",0,36,171,0,0,0,0.9166666666666666,1,0,0.25,1,0,1,0.0,0,1,0,1.0,0.0
2f1108fe-bd47-40a0-92e3-7f2fe3d5a5fd,Amazon,E-commerce,Jason Epler,Unknown,1,2025-10-20 16:48:15,since the new update i cant search for anything. it just spins constantly whether im connected to wifi or cellular.,since the new update i cant search for anything. it just spins constantly whether im connected to wifi or cellular.,0,20,115,0,0,0,1.0,0,0,0.0,1,0,1,0.0,0,1,0,1.0,0.0
030062db-6acd-46c5-9700-7cd23f33d73b,Amazon,E-commerce,Ghostface Killa,Unknown,1,2025-10-20 16:50:01,not working. stays on loading page.,not working. stays on loading page.,0,6,35,0,0,0,1.0,0,0,0.0,1,0,1,0.0,0,1,0,1.0,0.0
5a2a01bf-8f4f-4a93-87ae-9a036458cfdf,Amazon,E-commerce,kevin C,Unknown,1,2025-10-20 16:50:20,"had to uninstall the app because it would never load up. and once i tried to re-install the app, it kept refusing to send me verification codes even though i typed in my password","had to uninstall the app because it would never load up. and once i tried to re-install the app, it kept refusing to send me verification codes even though i typed in my password",0,34,178,0,0,0,0.8529411764705882,1,1,-0.4019,1,0,1,0.0,0,1,0,1.0,0.0
cbd64d20-282a-44f6-8b90-20fc53d6a9e8,Amazon,E-commerce,Veronica Ruiz Salgado,Unknown,1,2025-10-20 16:52:27,I'm trying to find some items but it takes too long to load not to mention I have an item on its way and there's no way I can see it's location. Fix the damn app!,i'm trying to find some items but it takes too long to load not to mention i have an item on its way and there's no way i can see it's location. fix the damn app!,0,36,162,0,0,0,0.8888888888888888,0,1,-0.7678,1,0,1,0.0,0,1,0,1.0,0.0
f5022062-da6f-4b7f-88f4-316511a2e62b,Amazon,E-commerce,Jancsi,Unknown,1,2025-10-20 16:52:32,this app use to be the best but now only works 20% of the time since the last update! please fix it,this app use to be the best but now only works 20% of the time since the last update! please fix it,0,22,99,0,0,0,0.9090909090909091,0,1,0.7043,1,0,1,0.0,0,1,1,1.0,0.0
365a4df9-12c3-4c9a-a154-83b35a4b9378,Amazon,E-commerce,Daniel O'Connell,Unknown,1,2025-10-20 16:58:55,"The search, chat, contact customer service, and self help do not work after updating the app. I have tried force stopping the app, restarting my device, and uninstalled and reinstalled the app.","the search, chat, contact customer service, and self help do not work after updating the app. i have tried force stopping the app, restarting my device, and uninstalled and reinstalled the app.",0,32,193,0,0,0,0.8125,1,1,0.2732,1,0,1,0.0,0,1,0,1.0,0.0
b201ce0b-8c9b-4f28-84e2-5d43accbd131,Amazon,E-commerce,Bojana “Selena” Nikolic,Unknown,5,2025-10-20 17:02:32,"Really something everyone needs, just fantastic","really something everyone needs, just fantastic",0,6,47,0,0,0,1.0,0,0,0.5574,1,0,1,0.0,0,1,0,5.0,0.0
5c869bcd-9c06-40e3-9f5e-4168ad72d93c,Amazon,E-commerce,Pamela Talbot,Unknown,1,2025-10-20 17:04:49,Latest update killed the app on my Samsung Tab9,latest update killed the app on my samsung tab9,0,9,47,0,0,0,1.0,0,1,-0.6705,1,0,1,0.0,0,1,0,1.0,0.0
00fab299-00b7-4a58-92a9-a7a54471dca0,Amazon,E-commerce,Amber Kendziorski,Unknown,1,2025-10-20 17:07:53,right now your site is having problems and I'm waiting on my Amazon package right now I'm not happy,right now your site is having problems and i'm waiting on my amazon package right now i'm not happy,0,19,99,0,0,0,0.8421052631578947,0,1,-0.6121,1,0,1,0.0,0,1,0,1.0,0.0
aa73a105-f78f-4815-bcaf-862912465004,Amazon,E-commerce,adam livesay,Unknown,2,2025-10-20 17:15:49,slowwwwwww,slowwwwwww,0,1,10,0,0,0,1.0,0,0,0.0,1,0,1,0.0,0,1,0,2.0,0.0
bf4c4870-c945-447f-944c-367eba0d53b3,Amazon,E-commerce,Garry Coutu,Unknown,1,2025-10-20 17:16:41,Seems to be always something wrong with this app... terrible!,seems to be always something wrong with this app... terrible!,0,10,61,0,0,0,1.0,0,1,-0.7574,1,0,1,0.0,0,1,0,1.0,0.0
4732382d-00ba-478a-8442-7681b55fc1ee,Amazon,E-commerce,Who Me?,Unknown,1,2025-10-20 17:26:27,"Cant even log in anymore and staff us ignoring me, not to mention how hard it is to contact them","cant even log in anymore and staff us ignoring me, not to mention how hard it is to contact them",0,20,96,0,0,0,0.95,0,0,-0.4767,1,0,1,0.0,0,1,0,1.0,0.0
0be35380-f3cf-4b86-ba68-20ce1e4b1b56,Amazon,E-commerce,Coltrevolver13,Unknown,1,2025-10-20 17:33:01,Customer support is down half the time. Items never ship. App crashes. God I hate it here.,customer support is down half the time. items never ship. app crashes. god i hate it here.,0,17,90,0,0,0,1.0,0,1,0.0258,1,0,1,0.0,0,1,0,1.0,0.0
f4e65136-ac81-43b6-9780-5b3eaef3cd63,Amazon,E-commerce,Khristopher Neeper,Unknown,1,2025-10-20 17:39:00,"This app is been doing alright until it doesn't. Honestly, lately it is been a piece of $h!t app. Even online on computer this site is been trash.","this app is been doing alright until it doesn't. honestly, lately it is been a piece of $h!t app. even online on computer this site is been trash.",0,28,146,0,0,0,0.7857142857142857,0,1,-0.1955,1,0,1,0.0,0,1,0,1.0,0.0
a7620dac-908a-43e3-97ef-21986b6224fb,Amazon,E-commerce,Captain Palsy,Unknown,5,2025-10-20 17:40:33,I am now having trouble seeing previous orders.,i am now having trouble seeing previous orders.,0,8,47,0,0,0,1.0,0,0,-0.4019,1,0,1,0.0,0,1,0,5.0,0.0
51ad4ef7-e3d1-4cc9-b19f-75ef4e90cb73,Amazon,E-commerce,Ricky Rivera,Unknown,1,2025-10-20 17:41:40,I ordered something from Amazon now I can't even see where my package is cause the app isn't working,i ordered something from amazon now i can't even see where my package is cause the app isn't working,0,19,100,0,0,0,0.9473684210526315,0,1,0.1779,1,0,1,0.0,0,1,0,1.0,0.0
4454f450-c49c-40cb-9ab4-4d2cb66180e6,Amazon,E-commerce,Steven Lee,Unknown,5,2025-10-20 17:44:28,I use this for almost everything as I live in a very rural town.,i use this for almost everything as i live in a very rural town.,0,14,64,0,0,0,0.9285714285714286,0,0,0.0,1,0,1,0.0,0,1,0,5.0,0.0
74134dd1-8bf9-4184-9e56-bb1007adbfc3,Amazon,E-commerce,Rahma Ayman,Unknown,1,2025-10-20 17:59:21,التعامل معاهم زفت,التعامل معاهم زفت,0,3,17,0,0,0,1.0,0,0,0.0,1,0,1,0.0,0,1,0,1.0,0.0
112ff146-1e8e-452d-a3df-7adfb5251d58,Amazon,E-commerce,Owen Heslop,Unknown,2,2025-10-20 18:18:38,I did an update and the estimated delivery time is no longer available until it's time to check out,i did an update and the estimated delivery time is no longer available until it's time to check out,0,19,99,0,0,0,0.9473684210526315,0,0,-0.296,1,0,1,0.0,0,1,0,2.0,0.0
f53b7085-f8a1-41b2-9c5a-08470a5f9437,Amazon,E-commerce,mahmod ibrahim,Unknown,1,2025-10-20 18:20:41,disappointed from the app and the service I don't recommend,disappointed from the app and the service i don't recommend,0,10,59,0,0,0,0.9,0,1,-0.6381,1,0,1,0.0,0,1,0,1.0,0.0
3dc43128-6686-44f5-b369-7ed7094e7208,Amazon,E-commerce,Cesar,Unknown,1,2025-10-20 18:22:42,el servicio al cliente es malisimo te tienen en espera por mas de una hora y en el chat no te contestan tampoco si pudiera subir una captura demostraria que fue espera de 1:59 minutos y nunca contestaron,el servicio al cliente es malisimo te tienen en espera por mas de una hora y en el chat no te contestan tampoco si pudiera subir una captura demostraria que fue espera de 1:59 minutos y nunca contestaron,0,38,203,0,0,0,0.8157894736842105,0,0,-0.296,1,0,1,0.0,0,1,0,1.0,0.0
5cc7a670-0e6d-4feb-ba12-d99942328424,Amazon,E-commerce,Agustin Huerta,Unknown,1,2025-10-20 18:31:34,it makes you do 46 steps to delete your free prime membership (I counted),it makes you do 46 steps to delete your free prime membership (i counted),1,14,73,0,0,1,1.0,1,0,0.5106,1,0,1,0.0,0,1,1,1.0,0.0
97cf0dc5-9028-4a5f-86be-f8873f336fea,Amazon,E-commerce,Erigan26,Unknown,3,2025-10-20 18:32:29,What happened to the search filters?,what happened to the search filters?,0,6,36,0,0,0,1.0,0,1,0.0,1,0,1,0.0,0,1,0,3.0,0.0
de662ce7-25f4-4657-b2e7-32b8f9225c29,Amazon,E-commerce,Mrs BC,Unknown,1,2025-10-20 18:42:42,App is totally glitching when trying to save in favorites or looking @ reviews!,app is totally glitching when trying to save in favorites or looking @ reviews!,0,14,79,0,0,0,1.0,0,1,0.7424,1,0,1,0.0,0,1,1,1.0,0.0
ac9a50ae-df61-435e-8150-875125de356e,Amazon,E-commerce,Nii Ashitey,Unknown,5,2025-10-20 18:50:28,excellent,excellent,0,1,9,0,0,0,1.0,0,0,0.5719,1,0,1,0.0,0,3,0,5.0,0.0
e84d8c4e-32c5-4ae0-833d-561d3b3da37a,Amazon,E-commerce,Lipsa Dash,Unknown,1,2025-10-20 18:58:50,the app crashes so frequently it's irritating. the orders page is down half of the time,the app crashes so frequently it's irritating. the orders page is down half of the time,0,16,87,0,0,0,0.875,0,1,-0.5046,1,0,1,0.0,0,1,0,1.0,0.0
4f3259f7-57cf-461a-942b-933da336451f,Amazon,E-commerce,Cheryl Daniels,Unknown,5,2025-10-20 19:02:17,awesome finds for personal and business needs,awesome finds for personal and business needs,0,7,45,0,0,0,1.0,0,0,0.6249,1,0,1,0.0,0,1,0,5.0,0.0
d045eadc-1243-4617-a1d5-6471aa8dfe72,Amazon,E-commerce,David Mitri,Unknown,5,2025-10-20 19:08:25,This is an excellent destination for everyday shopping and is highly family-friendly.,this is an excellent destination for everyday shopping and is highly family-friendly.,0,12,85,0,0,0,0.9166666666666666,0,0,0.5719,1,0,1,0.0,0,1,0,5.0,0.0
44f71e3c-e7cb-4199-b7fd-1316ae8a00f1,Amazon,E-commerce,Phoenix Rising,Unknown,1,2025-10-20 19:09:59,"Amazon isn't worth the time to browse any more, for the most part. Also, login with OTP code is completely broken.","amazon isn't worth the time to browse any more, for the most part. also, login with otp code is completely broken.",1,21,114,0,0,1,0.9523809523809523,0,0,-0.5202,1,0,1,0.0,0,1,0,1.0,0.0
aaa90042-7111-42b5-8aaf-bd219f875093,Amazon,E-commerce,Waseem Saghar,Unknown,5,2025-10-20 19:21:47,fantastic,fantastic,0,1,9,0,0,0,1.0,0,0,0.5574,1,0,1,0.0,0,1,0,5.0,0.0
88cab0d3-71bd-43d4-8020-f483e9071658,Amazon,E-commerce,Anthony Ellis Aú,Unknown,4,2025-10-20 19:44:34,"The app is fine. I just can't use this service in my high-rise apartment building. UPS, Fed-Ex and USPS can all get into the building but Amazon deliveries don't have access.","the app is fine. i just can't use this service in my high-rise apartment building. ups, fed-ex and usps can all get into the building but amazon deliveries don't have access.",0,31,174,0,0,2,0.967741935483871,0,1,0.3506,1,0,1,0.0,0,1,0,4.0,0.0
a3f595ae-5734-4f83-b793-ab3a8ddabfa7,Amazon,E-commerce,Teddy Herrera,Unknown,3,2025-10-20 20:30:05,"This has been 2 times that guaranteed overnight items were not delivered in time frame specified in order placement. Rufus can not answer questions Customer service website and customer service phone numberis not working, very frustrating","this has been 2 times that guaranteed overnight items were not delivered in time frame specified in order placement. rufus can not answer questions customer service website and customer service phone numberis not working, very frustrating",1,36,238,0,0,0,0.8611111111111112,1,0,0.3865,1,0,1,0.0,0,1,0,3.0,0.0
0365b14f-7114-4893-85d7-36e2d2fda43e,Amazon,E-commerce,Val Jurdine,Unknown,5,2025-10-20 20:38:12,exceptional and exactly 💯 what I wanted! Thx.,exceptional and exactly 💯 what i wanted! thx.,0,8,45,1,0,0,1.0,0,0,0.4199,1,0,1,0.0,0,1,0,5.0,0.0
556672ce-8a30-44f9-a264-2ce31faa8d4f,Amazon,E-commerce,Lisa Arquette,Unknown,5,2025-10-20 21:13:00,very satisfied,very satisfied,0,2,14,0,0,0,1.0,0,0,0.4754,1,0,1,0.0,0,1,0,5.0,0.0
60ca55dc-38f1-4873-a9c0-7fff4125ed8d,Amazon,E-commerce,Jeffrey Ruple,Unknown,3,2025-10-20 21:20:19,as a prime member for years and years all packages been late,as a prime member for years and years all packages been late,10,12,60,0,0,0,0.9166666666666666,0,0,0.0,1,0,1,0.0,0,1,0,3.0,0.0
a875cda9-ce5d-4e53-b54f-faa95580c55b,Amazon,E-commerce,Bryan Anderson,Unknown,5,2025-10-20 21:24:23,too easy,too easy,0,2,8,0,0,0,1.0,0,0,0.4404,1,0,1,0.0,0,1,0,5.0,0.0
baa66eae-1a3d-4217-8796-b499d74c0733,Amazon,E-commerce,Harley Hynes,Unknown,5,2025-10-20 21:59:45,excellent prime service,excellent prime service,1,3,23,0,0,0,1.0,0,0,0.5719,1,0,1,0.0,0,1,0,5.0,0.0
a4d1f915-7114-44da-b860-ce071a38c71e,Amazon,E-commerce,Rafael Santana,Unknown,1,2025-10-20 22:00:07,they don't have customer service 😒,they don't have customer service 😒,0,6,34,1,0,0,1.0,0,0,0.0,1,0,1,0.0,0,1,0,1.0,0.0
d0d30e3e-4c73-49db-859f-0a124ee9a729,Amazon,E-commerce,Meg Stevens,Unknown,1,2025-10-20 22:45:01,never refunded my 90.,never refunded my 90.,0,4,21,0,0,0,1.0,0,0,0.0,1,0,1,0.0,0,1,0,1.0,0.0
9527e4b4-e30d-4fc5-9d65-33fe99e6fedf,Amazon,E-commerce,Grant McBride,Unknown,1,2025-10-20 23:06:50,crashes all the time,crashes all the time,0,4,20,0,0,0,1.0,0,0,0.0,1,0,1,0.0,0,1,0,1.0,0.0
ac7ea6ff-8584-4d5a-965b-06ce2d30dfa9,Amazon,E-commerce,Stacy Cotterell,Unknown,2,2025-10-20 23:15:14,Can't see the map to live track deliveries. please fix,can't see the map to live track deliveries. please fix,2,10,54,0,0,0,1.0,0,0,0.3182,1,0,1,0.0,0,1,0,2.0,0.0
9f87af2e-5e18-4469-aef2-1a70a2d91ef8,Amazon,E-commerce,Spike,Unknown,1,2025-10-20 23:18:08,the delivery process needs to improve alot. 2 things that i ordered are not even out for delivery and there set for a certain date. why set date when it doesn't seem like they're going to arrive.,the delivery process needs to improve alot. 2 things that i ordered are not even out for delivery and there set for a certain date. why set date when it doesn't seem like they're going to arrive.,11,37,195,0,0,0,0.8918918918918919,0,0,0.4386,1,0,1,0.0,0,1,0,1.0,0.0
46a54eff-8ef0-4b00-86c7-b15f53ec5468,Amazon,E-commerce,Jerry Davis,Unknown,1,2025-10-20 23:57:24,Wanted to gift my wife a present for our anniversary and never received my package even though it says it was delivered and I never got a photo of the package actually being placed at my doorstep.,wanted to gift my wife a present for our anniversary and never received my package even though it says it was delivered and i never got a photo of the package actually being placed at my doorstep.,0,37,196,0,0,0,0.8108108108108109,0,0,0.4404,1,0,1,0.0,0,1,0,1.0,0.0
853e0d08-2466-4a8a-9d90-4f0f6e267180,Amazon,E-commerce,Alexis West,Unknown,1,2025-10-21 00:08:01,My order is 7 days late amazon says UPS has it ups said it has it now says it doesn't and keeps telling me to talk to Amazon who is unreachable this is ridiculous.,my order is 7 days late amazon says ups has it ups said it has it now says it doesn't and keeps telling me to talk to amazon who is unreachable this is ridiculous.,2,34,163,0,0,1,0.7058823529411765,0,1,-0.0258,1,0,1,0.0,0,1,0,1.0,0.0
64181821-388d-4b33-b572-38b16b5e22a0,Amazon,E-commerce,CYBERGRAMTWEETS Janis Webb Vaughn,Unknown,1,2025-10-21 00:11:07,uninstall will not work,uninstall will not work,0,4,23,0,0,0,1.0,1,0,0.0,1,0,1,0.0,0,1,0,1.0,0.0
e7786eb1-53e7-4449-ae20-89fb5208890b,Amazon,E-commerce,Pierre Fre,Unknown,2,2025-10-21 01:11:08,"The app crashes after opening at first attempt, sometime at first two attempts.","the app crashes after opening at first attempt, sometime at first two attempts.",35,13,79,0,0,0,0.8461538461538461,0,1,0.0,1,0,1,0.0,0,1,0,2.0,0.0
dbe38f93-4a65-4241-83fe-fd978f49b0b7,Amazon,E-commerce,Joe Sauce,Unknown,1,2025-10-21 02:22:28,complete BS experience with this app. the Rufus customer service bot is a complete joke.,complete bs experience with this app. the rufus customer service bot is a complete joke.,0,15,88,0,0,1,0.9333333333333333,0,1,0.296,1,0,1,0.0,0,1,0,1.0,0.0
86a77383-93b9-4af4-8457-56202ad66931,Amazon,E-commerce,David Forster,Unknown,1,2025-10-21 02:54:41,Amazon is incapable of maintaining their promised delivery dates. Overnight does not actually exist. It will actually take several days.,amazon is incapable of maintaining their promised delivery dates. overnight does not actually exist. it will actually take several days.,1,20,136,0,0,0,0.95,0,0,0.1531,1,0,1,0.0,0,1,0,1.0,0.0
6517727a-3be0-4842-8e44-7b0a2d5f7183,Amazon,E-commerce,Janet kay,Unknown,5,2025-10-21 03:20:18,smazon is magnficant but im sooooo broke i cant order,smazon is magnficant but im sooooo broke i cant order,0,10,53,0,0,0,1.0,0,0,-0.5719,1,0,1,0.0,0,1,1,5.0,0.0
3fc16824-a19e-4a5f-a05f-8ced9ab16aa3,Amazon,E-commerce,Floretta Stanford,Unknown,5,2025-10-21 03:41:55,It's great,it's great,0,2,10,0,0,0,1.0,0,0,0.6249,1,0,1,0.0,0,1,0,5.0,0.0
23460226-4e18-4291-a451-b53e2fa2e8f9,Amazon,E-commerce,bruv ospreay,Unknown,5,2025-10-21 03:48:21,literally stores will never ever be the way to fo anymore Amazon is untouchable and rhe best part is there impeccable customer service!!!,literally stores will never ever be the way to fo anymore amazon is untouchable and rhe best part is there impeccable customer service!!!,1,23,137,0,0,0,0.9565217391304348,0,0,0.7767,1,0,1,0.0,0,1,0,5.0,0.0
3140d5b3-d727-4b56-a204-353bd88c9a8a,Amazon,E-commerce,Thanzeer Muhammed,Unknown,1,2025-10-21 03:54:21,very bad service,very bad service,0,3,16,0,0,0,1.0,0,0,-0.5849,1,0,1,0.0,0,2,0,1.0,0.0
4ba5c3a8-3c40-42f3-bdcc-c4361ec9377f,Amazon,E-commerce,Cynthia Frank,Unknown,5,2025-10-21 04:09:40,Been a member of Amazon for years and enjoy the convenience of shopping from the comfort of my home.,been a member of amazon for years and enjoy the convenience of shopping from the comfort of my home.,1,19,100,0,0,0,0.8421052631578947,0,0,0.7506,1,0,1,0.0,0,1,0,5.0,0.0
15386a5a-c497-49b6-a7a6-aaa5302bfa31,Amazon,E-commerce,Mitchell B,Unknown,5,2025-10-21 04:10:00,"it's very convenient if you do a lot of Amazon.... just make sure you get all your info correct and you can see your account, your orders + it's great 👍","it's very convenient if you do a lot of amazon.... just make sure you get all your info correct and you can see your account, your orders + it's great 👍",0,31,152,1,0,0,0.8387096774193549,0,0,0.7964,1,0,1,0.0,0,1,0,5.0,0.0
954e8f4a-1ceb-4093-b1ef-957412b51c16,Amazon,E-commerce,Cadet Nosano,Unknown,5,2025-10-21 04:46:02,so that's good,so that's good,0,3,14,0,0,0,1.0,0,0,0.4902,1,0,1,0.0,0,1,0,5.0,0.0
298016ed-ef99-471c-ba9e-95a9a5625b7f,Amazon,E-commerce,James Blanchard,Unknown,1,2025-10-21 04:59:10,bad customer service,bad customer service,0,3,20,0,0,0,1.0,0,0,-0.5423,1,0,1,0.0,0,1,0,1.0,0.0
6ac68538-4a37-459e-9c77-51f51291159f,Amazon,E-commerce,Vijay Kedar,Unknown,5,2025-10-21 05:02:20,always easy in dealing good discounts very happy to do business,always easy in dealing good discounts very happy to do business,1,11,63,0,0,0,1.0,1,1,0.8687,1,0,1,0.0,0,1,0,5.0,0.0
2e8414a8-35e1-4a00-a743-0af82ccbc89b,Amazon,E-commerce,Conrad Tennant,Unknown,1,2025-10-21 05:29:26,pieces of gerbege,pieces of gerbege,0,3,17,0,0,0,1.0,0,0,0.0,1,0,1,0.0,0,1,0,1.0,0.0
a99d725d-7046-4a81-bebd-9f779a8985b1,Amazon,E-commerce,Gage Oblivion,Unknown,1,2025-10-21 05:33:30,you may want to keep an eye on Twitch they been doing alot of shady things,you may want to keep an eye on twitch they been doing alot of shady things,0,16,74,0,0,0,1.0,0,0,0.0772,1,0,1,0.0,0,1,0,1.0,0.0
f787bfbb-324b-4e44-85a3-00cb2921095c,Amazon,E-commerce,G E,Unknown,1,2025-10-21 05:44:23,How dareth thy cause internet problems across many platforms?! Thy troubleth me and causeth many problems. Very badeth is thyeth. 😡😡😡,how dareth thy cause internet problems across many platforms?! thy troubleth me and causeth many problems. very badeth is thyeth. 😡😡😡,1,21,133,3,0,0,0.9047619047619048,0,0,-0.69,1,0,1,0.0,0,1,0,1.0,0.0
4fd7794e-754f-44c0-ad86-87d9737a64fd,Amazon,E-commerce,Captain Roger Buenzow,Unknown,1,2025-10-21 06:12:56,it sucks. doesn't accept my password. they lie about the price when time to check out.,it sucks. doesn't accept my password. they lie about the price when time to check out.,0,16,86,0,0,0,1.0,0,0,-0.5696,1,0,1,0.0,0,1,0,1.0,0.0
b363ac5b-7063-403f-9e4c-da99f32e2f3d,Amazon,E-commerce,Nathalie Obelly,Unknown,1,2025-10-21 06:30:31,drivers can't follow simple instructions for delivery.,drivers can't follow simple instructions for delivery.,0,7,54,0,0,0,1.0,0,0,0.0,1,0,1,0.0,0,1,0,1.0,0.0
6e545d0f-a7e4-474b-8db6-5a01bc5b6722,Amazon,E-commerce,mary serna,Unknown,1,2025-10-21 06:52:26,"You turn off the deals push notifications, they keep sending them. Yes I tried uninstalling and reinstalling the app. It's not a technical issue, they do it on purpose.","you turn off the deals push notifications, they keep sending them. yes i tried uninstalling and reinstalling the app. it's not a technical issue, they do it on purpose.",1,29,168,0,0,0,0.9310344827586207,1,1,0.4019,1,0,1,0.0,0,1,0,1.0,0.0
2853ea6a-e2d3-4c19-b317-5676e9185008,Amazon,E-commerce,Lex R,Unknown,1,2025-10-21 07:02:05,"if I could give this 0 stars I would, I can't even create an account, it won't verify me","if i could give this 0 stars i would, i can't even create an account, it won't verify me",0,19,88,0,0,0,0.8947368421052632,0,0,-0.2057,1,0,1,0.0,0,1,0,1.0,0.0
3cfa5f46-7e7a-444b-8eae-b2b816394828,Amazon,E-commerce,jesterof84,Unknown,2,2025-10-21 09:48:05,"Needs a Dark mode, the constant feastive color changes are irritating and useless...","needs a dark mode, the constant feastive color changes are irritating and useless...",5,13,84,0,0,0,1.0,0,0,-0.7003,1,0,1,0.0,0,1,0,2.0,0.0
0b37adf1-3c65-48a2-8461-06da6ccde9db,Amazon,E-commerce,Colin Longridge,Unknown,1,2025-10-21 10:43:24,I ONLY WANT TO PAY FOR DUVET BED SET NOT 2 OR 3 ITEMS IAM NOT HAPPY I NEED HELP WITH 😫 NOW,i only want to pay for duvet bed set not 2 or 3 items iam not happy i need help with 😫 now,0,23,90,1,0,18,0.9130434782608695,0,1,-0.5103,1,0,1,0.0,0,1,0,1.0,0.0
86364243-8552-460b-8348-fc5eea167c4b,Amazon,E-commerce,Larry,Unknown,4,2025-10-21 10:45:46,great,great,0,1,5,0,0,0,1.0,0,0,0.6249,1,0,1,0.0,0,4,0,4.0,0.0
276271e4-d914-404d-b917-48b5bc9b00aa,Amazon,E-commerce,Hermits Choice,Unknown,3,2025-10-21 10:54:55,"love buying from Amazon,always good quality items but ! regards delivery updates they need to get there house in order, also deliver the dam package when its due🤔 im not ordering anything else until they deliver my current order🤞","love buying from amazon,always good quality items but ! regards delivery updates they need to get there house in order, also deliver the dam package when its due🤔 im not ordering anything else until they deliver my current order🤞",1,39,229,2,0,0,0.9487179487179487,0,0,0.5916,1,0,1,0.0,0,1,0,3.0,0.0
f74fbd89-3807-4ce7-af5e-b4974110bccc,Amazon,E-commerce,Kelly Maxwell,Unknown,5,2025-10-21 10:59:41,oh my goodness I love Amazon I find it has everything that I need on this App. Really a great choice for all my needs. I recommend it for everyone,oh my goodness i love amazon i find it has everything that i need on this app. really a great choice for all my needs. i recommend it for everyone,0,30,146,0,0,0,0.8,0,1,0.9411,1,0,1,0.0,0,1,0,5.0,0.0
e28a68ae-c53d-496c-836b-a5a30589d38f,Amazon,E-commerce,Sesi,Unknown,1,2025-10-21 12:20:06,I started having lots of issues with the app lately.It doesnt even let me set prefered day for my delivery anymore.I guess firing American tech workers and hiring Indian contracters instead wasnt a smart move huh?,i started having lots of issues with the app lately.it doesnt even let me set prefered day for my delivery anymore.i guess firing american tech workers and hiring indian contracters instead wasnt a smart move huh?,0,36,213,0,0,0,1.0,0,1,-0.5659,1,0,1,0.0,0,1,0,1.0,0.0
309c1741-8d0f-4055-9ad8-2a405405cfad,Amazon,E-commerce,emmet perez,Unknown,5,2025-10-21 12:22:22,Really great app,really great app,0,3,16,0,0,0,1.0,0,1,0.659,1,0,1,0.0,0,1,0,5.0,0.0
075254b6-a96f-46c1-bba2-8ac1cbc06468,Amazon,E-commerce,David Llaca Martin,Unknown,3,2025-10-21 12:41:01,I hate how convenient this app is. That's why they can afford to have a terrible UI and the worst customer service.,i hate how convenient this app is. that's why they can afford to have a terrible ui and the worst customer service.,1,22,115,0,0,1,1.0,0,1,-0.8979,1,0,1,0.0,0,1,0,3.0,0.0
2bf4e7f3-19ac-4ebe-af98-10724b9897ab,Amazon,E-commerce,Dmitry Willits,Unknown,1,2025-10-21 12:58:46,"Doesn't even have dark mode, come on its 2025 and you are one of the largest shopping apps. Yes I can force dark mode on my device but this is simply unacceptable.","doesn't even have dark mode, come on its 2025 and you are one of the largest shopping apps. yes i can force dark mode on my device but this is simply unacceptable.",0,32,163,0,0,0,0.9375,0,1,-0.4854,1,0,1,0.0,0,1,0,1.0,0.0
cf529b26-7002-4709-80b2-07be88932fb7,Amazon,E-commerce,mario pantoja,Unknown,1,2025-10-21 13:00:29,They suck now more than ever! you dont get the orders as advertised. They advertise next day delivery but then at check it switches to 2 or 3 days.,they suck now more than ever! you dont get the orders as advertised. they advertise next day delivery but then at check it switches to 2 or 3 days.,0,29,147,0,0,0,0.9655172413793104,0,0,-0.3054,1,0,1,0.0,0,1,0,1.0,0.0
7db2950d-ad58-4a56-82bb-c5c4f9fae6ad,Amazon,E-commerce,Andrew Howard,Unknown,5,2025-10-21 13:34:40,Easy to use!,easy to use!,0,3,12,0,0,0,1.0,0,0,0.4926,1,0,1,0.0,0,1,0,5.0,0.0
4399fddf-5c6b-4c23-978f-404cf7a2131b,Amazon,E-commerce,Robert Chapel,Unknown,1,2025-10-21 13:48:03,sucks any more. dont get what one orders half the time plus go on google and find same items much cheaper.,sucks any more. dont get what one orders half the time plus go on google and find same items much cheaper.,0,21,106,0,0,0,1.0,1,0,-0.3612,1,0,1,0.0,0,1,0,1.0,0.0
b32ec0a6-d237-43f5-851b-92b57eafca7b,Amazon,E-commerce,marco antonio guerrero hernandez,Unknown,1,2025-10-21 14:13:58,"es un tontería de parte de esta empresa, que me pidan un estado de cuenta, foto de mi tarjeta de crédito con los códigos de seguridad, mi INE, no se por qué pero es una tontería pedir eso","es un tontería de parte de esta empresa, que me pidan un estado de cuenta, foto de mi tarjeta de crédito con los códigos de seguridad, mi ine, no se por qué pero es una tontería pedir eso",0,38,187,0,0,1,0.7631578947368421,0,0,-0.296,1,0,1,0.0,0,1,0,1.0,0.0
dc462ecd-de1a-4fa1-a47c-1bc9b9b2ea7f,Amazon,E-commerce,Matthew Oliver,Unknown,1,2025-10-21 14:39:19,"Never deliver on time! Amazon are getting worse and worse for this, you pay for prime but rarely get a next day delivery","never deliver on time! amazon are getting worse and worse for this, you pay for prime but rarely get a next day delivery",0,23,120,0,0,0,0.9130434782608695,0,0,-0.501,1,0,1,0.0,0,1,0,1.0,0.0
7970def6-b940-4e08-861a-ad9d80a87e94,Amazon,E-commerce,Marquetta Bryan,Unknown,1,2025-10-21 15:04:58,crashing,crashing,0,1,8,0,0,0,1.0,0,0,0.0,1,0,1,0.0,0,1,0,1.0,0.0
fb5bcb11-de1f-457f-b90d-ce48f27d632e,Amazon,E-commerce,Tammy Herbert,Unknown,3,2025-10-21 15:08:39,I've never had an app that was more confusing to navigate in my life.,i've never had an app that was more confusing to navigate in my life.,0,14,69,0,0,0,1.0,0,1,-0.2944,1,0,1,0.0,0,1,0,3.0,0.0
013520ba-6e76-48ef-a7a3-f68895dfedc3,Amazon,E-commerce,Taher,Unknown,1,2025-10-21 15:30:02,this app is like the trash for me,this app is like the trash for me,1,8,33,0,0,0,1.0,0,1,0.3612,1,0,1,0.0,0,1,0,1.0,0.0
6682e9ed-a54c-45be-b6a3-e287c839d5f1,Amazon,E-commerce,Joe Smith,Unknown,1,2025-10-21 15:37:21,for some reason top rating is not a listing option? also f bezos,for some reason top rating is not a listing option? also f bezos,1,13,64,0,0,0,1.0,0,0,0.2023,1,0,1,0.0,0,1,0,1.0,0.0
5c6f52d3-a7c0-4f91-a42d-85d0539d2974,Amazon,E-commerce,TiffanyMarie Neri,Unknown,5,2025-10-21 15:47:25,"awesome new way to shop today, cannot complain","awesome new way to shop today, cannot complain",0,8,46,0,0,0,1.0,0,0,0.7359,1,0,1,0.0,0,1,0,5.0,0.0
8e994174-e2a9-499b-afdd-cb8b6dea4520,Amazon,E-commerce,Lori Riggin,Unknown,5,2025-10-21 15:50:43,"everything is so easy on here. comparing prices and products, fast free shipping, and easy return.","everything is so easy on here. comparing prices and products, fast free shipping, and easy return.",0,16,98,0,0,0,0.875,1,0,0.8733,1,0,1,0.0,0,1,0,5.0,0.0
96a96b59-d1ba-4b5c-b803-3c1461e0f079,Amazon,E-commerce,Tyler Leitzman,Unknown,1,2025-10-21 16:07:37,last 3 orders have came in late,last 3 orders have came in late,0,7,31,0,0,0,1.0,0,0,0.0,1,0,1,0.0,0,1,0,1.0,0.0
cd20d859-9400-40a2-93f5-835b51873175,Amazon,E-commerce,Dr.Gigglez,Unknown,2,2025-10-21 16:37:24,They need to go visit the Amazon Forest and get it right...,they need to go visit the amazon forest and get it right...,0,12,59,0,0,0,1.0,1,0,0.1779,1,0,1,0.0,0,1,0,2.0,0.0
a926ae4b-2900-468e-9b46-8a94c23ca101,Amazon,E-commerce,Rubina Begum,Unknown,2,2025-10-21 16:49:25,the app is not taking product orders for the last 2 days and showing errors,the app is not taking product orders for the last 2 days and showing errors,0,15,75,0,0,0,0.9333333333333333,0,1,-0.34,1,0,1,0.0,0,1,0,2.0,0.0
3c5be940-9965-414e-b259-d82a1948d0fe,Amazon,E-commerce,Kathryn K,Unknown,1,2025-10-21 17:02:52,"The latest update to this app sucks..especially the orders area and the subscribe and save. Since the update, my canceled, subscribe and save items are showing up in my orders area. That's ridiculous! BRING BACK THE PREVIOUS VERSION","the latest update to this app sucks..especially the orders area and the subscribe and save. since the update, my canceled, subscribe and save items are showing up in my orders area. that's ridiculous! bring back the previous version",0,38,232,0,0,5,0.7631578947368421,0,1,0.636,1,0,1,0.0,0,1,1,1.0,0.0
12ae023c-5764-4d40-ba34-91ceb425e611,Amazon,E-commerce,Casey Ross,Unknown,5,2025-10-21 17:13:33,I find a lot of good stuff .and a lot of good pet food,i find a lot of good stuff .and a lot of good pet food,0,14,54,0,0,0,0.7142857142857143,0,0,0.7003,1,0,1,0.0,0,1,0,5.0,0.0
a3c58b9e-313c-4f8a-8d49-f0d8f667bbc1,Amazon,E-commerce,Rehmat Khan,Unknown,4,2025-10-21 17:27:36,YEHEHEHNEHEHEH,yehehehneheheh,0,1,14,0,0,1,1.0,0,0,0.0,1,0,1,0.0,0,1,0,4.0,0.0
7d34b70c-091f-446c-9867-f409240e8227,Amazon,E-commerce,Mair Hudson,Unknown,5,2025-10-21 18:37:34,very good easy too do,very good easy too do,0,5,21,0,0,0,1.0,0,0,0.7485,1,0,1,0.0,0,1,0,5.0,0.0
af2ad935-56db-4741-ae8b-24ea23836353,Amazon,E-commerce,Ahmed Mondi,Unknown,1,2025-10-21 18:47:03,"very bad application, orders always late or canceled by Amazon or shipping partners.. No solution offered by C.S , also who ever responsible for order cancelation the customer will have payment issues for next order. very sad experience","very bad application, orders always late or canceled by amazon or shipping partners.. no solution offered by c.s , also who ever responsible for order cancelation the customer will have payment issues for next order. very sad experience",0,38,236,0,0,1,0.8947368421052632,1,1,-0.7309,1,0,1,0.0,0,1,0,1.0,0.0
b3eda4b3-0f62-4052-98b4-084ec8378b0f,Amazon,E-commerce,Leif Madsen,Unknown,1,2025-10-21 18:50:04,Fetching options just for you loop,fetching options just for you loop,0,6,34,0,0,0,1.0,0,0,0.0,1,0,1,0.0,0,1,0,1.0,0.0
bc2e12c5-db1c-4311-b360-6885d9545f72,Amazon,E-commerce,Shannon Mann,Unknown,1,2025-10-21 19:16:53,What happened to the photos only section in reviews? I hate that I have to scroll thru all the reviews to look at the photos submitted with reviews now. All of the sponsored adds are annoying as well.,what happened to the photos only section in reviews? i hate that i have to scroll thru all the reviews to look at the photos submitted with reviews now. all of the sponsored adds are annoying as well.,0,38,200,0,0,0,0.7631578947368421,0,1,-0.6486,1,0,1,0.0,0,1,0,1.0,0.0
fb1954ab-e806-4ef7-bb74-fc1422f1a5bd,Amazon,E-commerce,Victor Taylor,Unknown,1,2025-10-21 19:18:54,"tracks literally everything you do, and when you manually block third party tracking (the ones they dont allow you to turn off) then the app wont work","tracks literally everything you do, and when you manually block third party tracking (the ones they dont allow you to turn off) then the app wont work",0,27,150,0,0,0,0.9259259259259259,0,1,-0.2182,1,0,1,0.0,0,1,0,1.0,0.0
245c0eec-3b49-4173-b27e-66b258444753,Amazon,E-commerce,Mel Cook,Unknown,5,2025-10-21 20:10:58,great app,great app,0,2,9,0,0,0,1.0,0,1,0.6249,1,0,1,0.0,0,1,0,5.0,0.0
f336ebcf-0015-4063-9c30-828f4107b2d2,Amazon,E-commerce,Christopher Colliton,Unknown,5,2025-10-21 20:47:52,Recent app changes make it more difficult to track unfulfilled orders. I don't think that's a change the customers were asking for.,recent app changes make it more difficult to track unfulfilled orders. i don't think that's a change the customers were asking for.,0,22,131,0,0,0,1.0,0,1,-0.6801,1,0,1,0.0,0,1,1,5.0,0.0
374fdf34-f8d4-4aca-b669-14a509c01d42,Amazon,E-commerce,Denis Serban,Unknown,1,2025-10-21 20:56:34,my product is 2 weeks late and I can't get a refund. first and last time shopping with amazon,my product is 2 weeks late and i can't get a refund. first and last time shopping with amazon,1,19,93,0,0,0,0.9473684210526315,0,0,0.1779,1,0,1,0.0,0,1,0,1.0,0.0
cb739506-e1c5-4cee-8929-8a45d88b3cb0,Amazon,E-commerce,Nikolai Hristov,Unknown,2,2025-10-21 20:58:25,The quality of the customer support is very poor.,the quality of the customer support is very poor.,0,9,49,0,0,0,0.8888888888888888,0,0,-0.1761,1,0,1,0.0,0,1,0,2.0,0.0
a8250c92-afb4-4873-976b-b513aa02eed7,Amazon,E-commerce,Joel Kusmierz,Unknown,4,2025-10-21 21:13:16,Would be nice if they kept prices down.,would be nice if they kept prices down.,0,8,39,0,0,0,1.0,0,0,0.4215,1,0,1,0.0,0,1,0,4.0,0.0
26039257-6dce-4a5f-b708-bbf7b9c398e8,Amazon,E-commerce,Charlie Dean,Unknown,5,2025-10-21 21:23:19,on time Delivery each n everytime,on time delivery each n everytime,0,6,33,0,0,0,1.0,0,0,0.0,1,0,1,0.0,0,1,0,5.0,0.0
1c4ba4e3-235c-4a49-96e2-54cca311106b,Amazon,E-commerce,Rayyan Khan,Unknown,5,2025-10-21 21:28:07,best shopping app ever I like it 😀,best shopping app ever i like it 😀,0,8,34,1,0,0,1.0,0,1,0.8481,1,0,1,0.0,0,1,0,5.0,0.0
21da5798-f00e-4da9-9a23-48e0ea26c498,Amazon,E-commerce,Justin Lansard,Unknown,4,2025-10-21 21:39:10,Great customer service. used products can fly under Quality Assurace Guarantee. an example is i ordered a used (like new) motherboard. bur it had a bent CPU pin. customer service helped me out.,great customer service. used products can fly under quality assurace guarantee. an example is i ordered a used (like new) motherboard. bur it had a bent cpu pin. customer service helped me out.,0,33,193,0,0,1,0.9090909090909091,0,0,0.8225,1,0,1,0.0,0,1,0,4.0,0.0
4d4ba3ae-6bc5-4f79-92d8-e3523c7f3869,Amazon,E-commerce,Evelyn Loviene,Unknown,2,2025-10-21 21:42:17,"making it very difficult to subscribe back to prime, spent 40 mins just so it could keep sending me to the same page","making it very difficult to subscribe back to prime, spent 40 mins just so it could keep sending me to the same page",0,23,116,0,0,0,0.8695652173913043,0,0,-0.4201,1,0,1,0.0,0,1,0,2.0,0.0
8e4cbe2c-cf07-4fe7-a2f0-e24f7ebb4c04,Amazon,E-commerce,MARY BURGSTRUM,Unknown,3,2025-10-21 21:43:17,cost has doubled,cost has doubled,0,3,16,0,0,0,1.0,0,0,0.0,1,0,1,0.0,0,1,0,3.0,0.0
3e18ceda-0337-43d2-8225-f6be6e4e8b5f,Amazon,E-commerce,Keith,Unknown,4,2025-10-21 22:01:51,I wish this app didn't make it easy! ;),i wish this app didn't make it easy! ;),0,9,39,0,0,0,1.0,0,1,0.3582,1,0,1,0.0,0,1,0,4.0,0.0
b8b8e476-046c-4a9c-b2a5-030251e2c6dd,Amazon,E-commerce,Aubrey Trujillo,Unknown,1,2025-10-21 22:47:38,it sucked,it sucked,0,2,9,0,0,0,1.0,0,0,-0.4588,1,0,1,0.0,0,1,0,1.0,0.0
e31e5045-da31-4e22-8840-529e14e643a4,Amazon,E-commerce,Angelo,Unknown,1,2025-10-21 22:59:52,No dark mode hurts my bloody eyes trying to order granola bars at 7pm,no dark mode hurts my bloody eyes trying to order granola bars at 7pm,0,14,69,0,0,0,1.0,0,0,-0.802,1,0,1,0.0,0,1,0,1.0,0.0
8cb2a64d-77a0-48ad-9904-87e6ab2405d5,Amazon,E-commerce,Karan Rush,Unknown,3,2025-10-22 00:22:26,Pictures of items will not load on my phone. Works on all my other devices except my phone. My phone is top of the line so not an issue with my phone.,pictures of items will not load on my phone. works on all my other devices except my phone. my phone is top of the line so not an issue with my phone.,0,32,150,0,0,0,0.71875,0,0,0.2023,1,0,1,0.0,0,1,0,3.0,0.0
8a72a1cf-7c27-4d20-8954-5f99c05e5a04,Amazon,E-commerce,Alxenia Brown Gay,Unknown,5,2025-10-22 00:33:10,MEDICARE COSTS UP & others..no #fb😪will write on others🙋🏾‍♀️...10865jk77,medicare costs up & others..no #fb😪will write on others🙋🏾‍♀️...10865jk77,0,9,72,3,0,3,1.0,0,0,0.4939,1,0,1,0.0,0,1,0,5.0,0.0
a0e44bef-c18a-4280-bacb-3ac43a87977e,Amazon,E-commerce,kevin chandler,Unknown,1,2025-10-22 00:33:37,if you like being lied to about shipping times then its great,if you like being lied to about shipping times then its great,0,12,61,0,0,0,1.0,0,0,0.6124,1,0,1,0.0,0,1,1,1.0,0.0
1df7fae0-4c71-4f43-86bf-f40c77abd7a7,Amazon,E-commerce,Kelly Van Winkle,Unknown,2,2025-10-22 00:34:09,"Amazon has become the American Temu, but at least with Temu they make it right. I have shopped at Amazon for years but that's coming to an end. The products have become junk and customer service is a joke.","amazon has become the american temu, but at least with temu they make it right. i have shopped at amazon for years but that's coming to an end. the products have become junk and customer service is a joke.",0,39,205,0,0,0,0.8461538461538461,0,0,0.6369,1,0,1,0.0,0,1,1,2.0,0.0
8d9bf3da-ad4b-4571-af33-f5845fceeda5,Amazon,E-commerce,Alik Obet,Unknown,5,2025-10-22 01:13:24,very helpful,very helpful,0,2,12,0,0,0,1.0,0,0,0.4754,1,0,1,0.0,0,1,0,5.0,0.0
e38eca70-7cb8-4a59-a242-c39977ec6029,Amazon,E-commerce,moril Owens,Unknown,4,2025-10-22 01:56:39,"they are here for your need, wants","they are here for your need, wants",0,7,34,0,0,0,1.0,0,0,0.0,1,0,1,0.0,0,1,0,4.0,0.0
082a6760-5634-43a2-a51c-8bc7a4f58fd1,Amazon,E-commerce,Sam Sunga,Unknown,1,2025-10-22 02:24:30,my groceries keep being dropped off at a time I didn't choose and usually by individuals which don't match with the drivers specified in the app; sketchy!,my groceries keep being dropped off at a time i didn't choose and usually by individuals which don't match with the drivers specified in the app; sketchy!,1,27,154,0,0,0,0.9629629629629629,0,1,0.0,1,0,1,0.0,0,1,0,1.0,0.0
e2a29e0c-0a35-4855-a99c-ff42c18041e7,Amazon,E-commerce,Monty Mikkelsen,Unknown,1,2025-10-22 02:39:40,All of the Amazon Alexis stuff including their TVs seems to go down all the time... I've had it forever and now I'm going to give up on it... absolutely worthless...,all of the amazon alexis stuff including their tvs seems to go down all the time... i've had it forever and now i'm going to give up on it... absolutely worthless...,0,31,165,0,0,0,0.9032258064516129,0,0,-0.3597,1,0,1,0.0,0,1,0,1.0,0.0
6ea9b140-566a-49a8-9279-26bbcf0021ae,Amazon,E-commerce,James,Unknown,1,2025-10-22 03:38:51,"Zero customer service, shipments always late or no show on delivery day. They think $5 is compensation for not delivering packages on time or at all.","zero customer service, shipments always late or no show on delivery day. they think $5 is compensation for not delivering packages on time or at all.",7,26,149,0,0,0,0.9230769230769231,0,0,-0.296,1,0,1,0.0,0,1,0,1.0,0.0
b8d1bfc5-40b1-4ec6-89fc-8685c5718561,Amazon,E-commerce,Susan Quinn,Unknown,1,2025-10-22 04:49:40,great,great,0,1,5,0,0,0,1.0,0,0,0.6249,1,0,1,0.0,0,4,1,1.0,0.0
c0fe4db3-266f-4679-9e57-0a47ce5740b8,Amazon,E-commerce,Chiwendu Daniel Ogenyi,Unknown,5,2025-10-22 05:14:16,Hello everyone,hello everyone,0,2,14,0,0,0,1.0,0,0,0.0,1,0,1,0.0,0,1,0,5.0,0.0
2ba28011-fa12-4184-8ac6-cdeedf8a9756,Amazon,E-commerce,M P,Unknown,3,2025-10-22 07:27:28,"Update: Searches in the phone app are very very limited. AMAZON, BRING BACK USER-QUESTIONS-BROWSING AND COMMENTS. PLEASE!!! IT INSPIRES US TO BUY MORE. Otherwise I just use the website in Kiwi browser, or the Website on a PC.","update: searches in the phone app are very very limited. amazon, bring back user-questions-browsing and comments. please!!! it inspires us to buy more. otherwise i just use the website in kiwi browser, or the website on a pc.",25,38,225,0,0,14,0.868421052631579,1,1,0.7047,1,0,1,0.0,0,1,0,3.0,0.0
81182a28-eead-4950-a64a-20645500b7f8,Amazon,E-commerce,Chuck Just,Unknown,1,2025-10-22 07:53:19,"Even with all of the money in the world, these incompetent chimps can't manage to run this company fluidly and provide a product that *works*.","even with all of the money in the world, these incompetent chimps can't manage to run this company fluidly and provide a product that *works*.",1,25,142,0,0,0,0.96,0,0,-0.4767,1,0,1,0.0,0,1,0,1.0,0.0
635912cc-283f-4eee-9fc3-427a6462cd95,Amazon,E-commerce,ehsan barkom,Unknown,1,2025-10-22 08:24:05,Amazon is a piece of garbage. It continues to cancel my order foe several times without explaining the reason. The customer service is terrible.,amazon is a piece of garbage. it continues to cancel my order foe several times without explaining the reason. the customer service is terrible.,0,24,144,0,0,0,0.9166666666666666,0,0,-0.743,1,0,1,0.0,0,1,0,1.0,0.0
2f944034-e6f9-4028-9c41-fc503c148010,Amazon,E-commerce,Samantha L,Unknown,4,2025-10-22 08:30:33,Love the app Buttt we r in 2025.. why is there still no dark mode?,love the app buttt we r in 2025.. why is there still no dark mode?,0,15,66,0,0,0,1.0,0,1,0.4588,1,0,1,0.0,0,1,0,4.0,0.0
14b42b81-f2d2-4740-b042-233f96cbba70,Amazon,E-commerce,Lloyd Osorio,Unknown,1,2025-10-22 09:04:58,LATE DELIVERY!!!!!!!!!!,late delivery!!!!!!!!!!,0,2,23,0,0,2,1.0,0,0,0.0,1,0,1,0.0,0,1,0,1.0,0.0
e5d8832a-07ae-4d24-bbf9-6deadb38ee4d,Amazon,E-commerce,engnasser70 Ismail,Unknown,5,2025-10-22 10:33:30,خدمة ممتازة,خدمة ممتازة,0,2,11,0,0,0,1.0,0,0,0.0,1,0,1,0.0,0,1,0,5.0,0.0
92f70d7c-8cd5-4036-ad6d-636874ac3d8b,Amazon,E-commerce,John Dusek,Unknown,5,2025-10-22 12:38:42,"Easy shopping, quick shipping, easy returns, best shopping by far.","easy shopping, quick shipping, easy returns, best shopping by far.",0,10,66,0,0,0,0.9,0,0,0.875,1,0,1,0.0,0,1,0,5.0,0.0
50d436d6-8c00-4292-8053-4d3ef47e5d2c,Amazon,E-commerce,Carolin Blanchard,Unknown,5,2025-10-22 12:40:56,I love Amazon I always find what I'm looking for and I love their quick delivery,i love amazon i always find what i'm looking for and i love their quick delivery,0,16,80,0,0,0,0.8125,0,0,0.8779,1,0,1,0.0,0,1,0,5.0,0.0
305beb01-db3a-40c8-91ca-949beef01b8f,Amazon,E-commerce,Gabriel Rivera,Unknown,5,2025-10-22 12:52:30,everything the app get a more and more friendly interface.,everything the app get a more and more friendly interface.,0,10,58,0,0,0,0.9,0,1,0.5799,1,0,1,0.0,0,1,0,5.0,0.0
5cdce4a5-1f8d-4bc9-b321-bca1dd05e374,Amazon,E-commerce,Matt E,Unknown,5,2025-10-22 13:27:19,Good app,good app,0,2,8,0,0,0,1.0,0,1,0.4404,1,0,1,0.0,0,2,0,5.0,0.0
f90fe61c-2846-4e34-8a39-fc511c0d7da7,Amazon,E-commerce,Aliyah Corral,Unknown,5,2025-10-22 13:34:07,I absolutely love everything I order from Amazon . It's always a great experience.,i absolutely love everything i order from amazon . it's always a great experience.,0,14,82,0,0,0,0.9285714285714286,0,0,0.8832,1,0,1,0.0,0,1,0,5.0,0.0
df1c420c-4f16-4916-93a8-f8e232e556bb,Amazon,E-commerce,Ntomboxolo Lata,Unknown,5,2025-10-22 13:47:13,Happy to do shopping with you,happy to do shopping with you,0,6,29,0,0,0,1.0,0,1,0.5719,1,0,1,0.0,0,1,0,5.0,0.0
703ad099-9c26-4170-aa82-f78845e067b3,Amazon,E-commerce,Honest Abe,Unknown,1,2025-10-22 14:02:25,BRING BACK ORDER ARCHIVING!!!!,bring back order archiving!!!!,3,4,30,0,0,4,1.0,0,0,0.0,1,0,1,0.0,0,1,0,1.0,0.0
90edbcfe-3dff-4d75-bbdf-3e489968faef,Amazon,E-commerce,Thomas Williams,Unknown,1,2025-10-22 14:10:07,I pay for a prime membership for express delivery. all my orders have been arriving late for the last month ! get your act together Amazon!!!,i pay for a prime membership for express delivery. all my orders have been arriving late for the last month ! get your act together amazon!!!,0,26,141,0,0,0,0.9230769230769231,0,0,0.3544,1,0,1,0.0,0,1,0,1.0,0.0
f416e181-125a-4213-a3a8-839c0f8d09cb,Amazon,E-commerce,Dave Pilbeam,Unknown,5,2025-10-22 14:27:47,"Too easy to buy, buy, buy 😀","too easy to buy, buy, buy 😀",0,7,27,1,0,0,0.8571428571428571,0,0,0.6597,1,0,1,0.0,0,1,0,5.0,0.0
69265233-909a-4b39-8e5a-ee5041bf6296,Amazon,E-commerce,Oliver St John Mildmay (Olly),Unknown,5,2025-10-22 14:28:56,"Terrific App, TERRIFIC COMPANY, GREAT WORK AND EFFORT, GOD BLESS","terrific app, terrific company, great work and effort, god bless",0,10,64,0,0,8,0.9,0,1,0.9349,1,0,1,0.0,0,1,0,5.0,0.0
6cb363ed-23c3-4a2e-bb0b-38a8c6d4464c,Amazon,E-commerce,Jonathon Jones,Unknown,5,2025-10-22 14:47:54,$unlisted$ $self made muzic$,$unlisted$ $self made muzic$,0,4,28,0,0,0,1.0,0,0,0.0,1,0,1,0.0,0,1,0,5.0,0.0
319b74b2-d80d-4304-9cbb-9a937b0f4762,Amazon,E-commerce,Hong Pan,Unknown,5,2025-10-22 15:06:08,it's ok,it's ok,0,2,7,0,0,0,1.0,0,0,0.296,1,0,1,0.0,0,1,0,5.0,0.0
748ac86b-9af5-4d86-8359-43dca7a7e5af,Amazon,E-commerce,Li H,Unknown,2,2025-10-22 15:51:08,Does not respect the filters you set at all. You filter for something and it throws all kinds of rubbish at you instead of what you're looking for.,does not respect the filters you set at all. you filter for something and it throws all kinds of rubbish at you instead of what you're looking for.,0,28,147,0,0,0,0.8571428571428571,0,0,-0.3724,1,0,1,0.0,0,1,0,2.0,0.0
db451244-5640-423b-91af-5ddba86c710d,Amazon,E-commerce,TriggerHappyRJ,Unknown,1,2025-10-22 16:09:51,Amazon went to using third party drivers ruining their delivery times,amazon went to using third party drivers ruining their delivery times,0,11,69,0,0,0,1.0,0,0,0.34,1,0,1,0.0,0,1,0,1.0,0.0
9b005198-b449-4a0e-a8e8-377f76c9b496,Amazon,E-commerce,Christopher Fok,Unknown,2,2025-10-22 16:18:10,I'm more irritable by these ads,i'm more irritable by these ads,0,6,31,0,0,0,1.0,0,0,-0.5256,1,0,1,0.0,0,1,0,2.0,0.0
4c6aa84b-12bd-4ee6-ab45-f94089d3a6bc,Amazon,E-commerce,Michael Rieth,Unknown,5,2025-10-22 17:01:16,"wide selection. quick delivery. decent prices, don't waste time and gas going from store to store.","wide selection. quick delivery. decent prices, don't waste time and gas going from store to store.",0,16,98,0,0,0,1.0,0,0,0.3252,1,0,1,0.0,0,1,0,5.0,0.0
0a974a59-6daf-4f36-9c5e-ed123d789fe5,Amazon,E-commerce,Michele Krueger,Unknown,5,2025-10-22 17:20:21,everything you need is right here love it 💋💞.,everything you need is right here love it 💋💞.,0,9,45,2,0,0,1.0,0,0,0.9062,1,0,1,0.0,0,1,0,5.0,0.0
4430109e-fad5-4c45-9e48-9b83740417e1,Amazon,E-commerce,Sandy Seedorf,Unknown,4,2025-10-22 17:28:19,Very pleasant experience.,very pleasant experience.,0,3,25,0,0,0,1.0,0,0,0.5563,1,0,1,0.0,0,1,0,4.0,0.0
0925cd63-a3cc-4de9-ab4d-baa859ea1002,Amazon,E-commerce,Juan Herrera,Unknown,2,2025-10-22 17:31:33,"The app experience has gotten so much worse for some reason, slow and always loading forever","the app experience has gotten so much worse for some reason, slow and always loading forever",0,16,92,0,0,0,1.0,0,1,-0.5233,1,0,1,0.0,0,1,0,2.0,0.0
0846e469-7c0b-4778-b17e-6044599c8276,Amazon,E-commerce,MatthewRT,Unknown,5,2025-10-22 17:32:29,👍🏾👍🏾👍🏾,👍🏾👍🏾👍🏾,0,1,6,6,0,0,1.0,0,0,0.0,1,0,1,0.0,0,1,0,5.0,0.0
836acb08-3f77-4508-9f9c-f69ee1618ee5,Amazon,E-commerce,Jim Mckeever,Unknown,5,2025-10-22 17:37:08,Thank you.,thank you.,0,2,10,0,0,0,1.0,0,0,0.3612,1,0,1,0.0,0,1,0,5.0,0.0
898fc415-76f8-4e80-a413-b6106b3e6c22,Amazon,E-commerce,Carmella M,Unknown,1,2025-10-22 17:37:31,so tired of everything being late why bother paying for prime I hate Amazon anymore,so tired of everything being late why bother paying for prime i hate amazon anymore,0,15,83,0,0,0,1.0,0,0,-0.8221,1,0,1,0.0,0,1,0,1.0,0.0
6e7eb366-73cc-4fb4-877f-f66eca700d46,Amazon,E-commerce,Jamil Freelancer,Unknown,5,2025-10-22 17:55:21,Best MarketPlace,best marketplace,0,2,16,0,0,0,1.0,0,0,0.6369,1,0,1,0.0,0,1,0,5.0,0.0
0e706988-0881-40e3-8a1e-7dd63f815a0a,Amazon,E-commerce,Laraine Stern,Unknown,1,2025-10-22 17:57:02,won't open on my new cell,won't open on my new cell,0,6,25,0,0,0,1.0,0,0,0.0,1,0,1,0.0,0,1,0,1.0,0.0
abd77b9b-77a3-4fa7-9be2-c84965c68832,Amazon,E-commerce,Jesus Vergara,Unknown,1,2025-10-22 20:09:41,I ordered a package and didn't come on time.,i ordered a package and didn't come on time.,0,9,44,0,0,0,1.0,0,0,0.0,1,0,1,0.0,0,1,0,1.0,0.0
df19b56d-8e11-4b78-af36-28db251a81c5,Amazon,E-commerce,Talitha Wright,Unknown,1,2025-10-22 20:59:39,"Stop firing all your software engineers because you have AI now to ""do their job."" Your app is noticeably shittier and I can't go a single browsing session without seeing an error message.","stop firing all your software engineers because you have ai now to ""do their job."" your app is noticeably shittier and i can't go a single browsing session without seeing an error message.",1,33,188,0,0,1,0.9696969696969697,0,1,-0.6643,1,0,1,0.0,0,1,0,1.0,0.0
a7b2d580-1121-4852-8b84-02fe5d6a7bc0,Amazon,E-commerce,Joseph p fahlman,Unknown,3,2025-10-22 23:05:13,so far so good until you grabed me and ask be stupid questions,so far so good until you grabed me and ask be stupid questions,0,13,62,0,0,0,0.9230769230769231,0,0,0.1707,1,0,1,0.0,0,1,0,3.0,0.0
73cd9005-11a2-4ddf-b25b-dfd71e276dd9,Amazon,E-commerce,Curtis Davis,Unknown,2,2025-10-22 23:23:01,Why does the purchase history only show my last 30 days,why does the purchase history only show my last 30 days,0,11,55,0,0,0,1.0,0,0,0.0,1,0,1,0.0,0,1,0,2.0,0.0
eaec1d21-0307-42cf-b790-37c48aa2e7ca,Amazon,E-commerce,Misty Squidy,Unknown,1,2025-10-22 23:49:05,horrible company. scammed me many times,horrible company. scammed me many times,0,6,39,0,0,0,1.0,0,0,-0.5423,1,0,1,0.0,0,1,0,1.0,0.0
54a7ec8e-394b-4a57-96c5-86b202e95469,Amazon,E-commerce,diana,Unknown,4,2025-10-22 23:57:43,I really like it you can find everything you want on here.Mostly,i really like it you can find everything you want on here.mostly,0,12,64,0,0,0,0.9166666666666666,0,0,0.4754,1,0,1,0.0,0,1,0,4.0,0.0
a0806849-6fa7-4f64-8f58-499644121bc1,Amazon,E-commerce,J. E. E.,Unknown,2,2025-10-23 01:20:09,Too hard to find information other than purchases.,too hard to find information other than purchases.,0,8,50,0,0,0,1.0,0,0,-0.1027,1,0,1,0.0,0,1,0,2.0,0.0
eb46e2d0-92f4-4adf-894f-da70faa2b482,Amazon,E-commerce,David,Unknown,1,2025-10-23 01:55:48,"The commercials are ridiculous, I'm cancelling the streaming service, I can watch these shows elsewhere.","the commercials are ridiculous, i'm cancelling the streaming service, i can watch these shows elsewhere.",0,15,104,0,0,0,0.9333333333333333,0,0,-0.5106,1,0,4,0.0,0,1,0,3.0,2.309401076758503
358ab75d-e49d-4476-8e43-6c699667d9e7,Amazon,E-commerce,K Rcl,Unknown,4,2025-10-23 02:29:09,always get my order correct and on time,always get my order correct and on time,0,8,39,0,0,0,1.0,0,0,0.0,1,0,1,0.0,0,1,0,4.0,0.0
c82f39a5-26aa-4301-97af-f975c8530dba,Amazon,E-commerce,Dalyse,Unknown,5,2025-10-23 02:53:32,this app is stupid never get never it this is ridiculous never get it I'm warning you never,this app is stupid never get never it this is ridiculous never get it i'm warning you never,0,18,91,0,0,0,0.6111111111111112,0,1,-0.8074,1,0,1,0.0,0,1,1,5.0,0.0
7ff4bed7-a032-425f-acc8-fbfb7734426f,Amazon,E-commerce,Merci C,Unknown,3,2025-10-23 03:01:12,Amazon does not get my orders correct? there's always at least one item that gets canceled for some reason and I didn't cancel it. a little disappointed 😔,amazon does not get my orders correct? there's always at least one item that gets canceled for some reason and i didn't cancel it. a little disappointed 😔,0,28,154,1,0,0,1.0,0,1,-0.0888,1,0,1,0.0,0,1,0,3.0,0.0
d5c5a9c4-99d1-4280-9ab8-e0d401d8b2df,Amazon,E-commerce,MakaMae,Unknown,1,2025-10-23 03:09:57,"it wont let me cancel my prime subscription, even after tapping on the option","it wont let me cancel my prime subscription, even after tapping on the option",0,14,77,0,0,0,1.0,0,1,0.1877,1,0,1,0.0,0,1,0,1.0,0.0
ca23023b-ea3e-4e52-b597-972d8825d7b5,Amazon,E-commerce,topaz,Unknown,1,2025-10-23 04:05:16,I don't like when you have prime says get your order in two days .Then the time keeps on changing and you got to stay home all day just waiting for them to deliver your packages.,i don't like when you have prime says get your order in two days .then the time keeps on changing and you got to stay home all day just waiting for them to deliver your packages.,0,36,178,0,0,0,0.9166666666666666,0,0,-0.2755,1,0,1,0.0,0,1,0,1.0,0.0
d296feaa-5529-4f22-8d33-cdd26334da04,Amazon,E-commerce,Debra Me,Unknown,1,2025-10-23 04:21:50,"this Motorola 24 phone is a scam, that is on my phone, will you remove it and report it to the authorities","this motorola 24 phone is a scam, that is on my phone, will you remove it and report it to the authorities",0,22,106,0,0,0,0.9090909090909091,0,0,-0.5719,1,0,1,0.0,0,1,0,1.0,0.0
20d55097-ace8-43e3-869f-0dacb83feeff,Amazon,E-commerce,Shadrack Matjila,Unknown,3,2025-10-23 04:51:50,no delivery option on the app I wanted it to be delivered on Saturday but it gives me its own date with no option to change it.,no delivery option on the app i wanted it to be delivered on saturday but it gives me its own date with no option to change it.,0,27,127,0,0,0,0.8148148148148148,0,1,-0.5267,1,0,1,0.0,0,1,0,3.0,0.0
bc535ce4-a1c6-4c53-8640-b281d15b978d,Amazon,E-commerce,Tebogo Mthombothi,Unknown,5,2025-10-23 05:15:35,Great online shopping,great online shopping,0,3,21,0,0,0,1.0,0,0,0.6249,1,0,1,0.0,0,1,0,5.0,0.0
531c5542-5e91-40ad-880c-b082bfc7f643,Amazon,E-commerce,Charmaine Nkuna,Unknown,5,2025-10-23 06:32:06,love amazon shopping,love amazon shopping,0,3,20,0,0,0,1.0,0,0,0.7096,1,0,1,0.0,0,1,0,5.0,0.0
0bee315d-7bfb-46d3-9335-b80f3b398945,Amazon,E-commerce,willowwicca60,Unknown,5,2025-10-23 06:47:54,efficient and great service no issues at all,efficient and great service no issues at all,0,8,44,0,0,0,1.0,0,0,0.6908,1,0,1,0.0,0,1,0,5.0,0.0
64ffeafc-06c7-4fec-8014-aa8eecc6bb59,Amazon,E-commerce,Steve T,Unknown,5,2025-10-23 07:28:44,great 👍🏻,great 👍🏻,0,2,8,2,0,0,1.0,0,0,0.6249,1,0,1,0.0,0,1,0,5.0,0.0
3663e64c-94ea-4ae7-9474-5d27482dff6f,Amazon,E-commerce,Jacques Leplat,Unknown,1,2025-10-23 09:19:08,"can't login using this cr_app. says oops something went wrong, I use Microsoft edge now, works with no sweat or tears.","can't login using this cr_app. says oops something went wrong, i use microsoft edge now, works with no sweat or tears.",0,21,118,0,0,0,1.0,0,1,-0.5624,1,0,1,0.0,0,1,0,1.0,0.0
6e5b5c30-d310-4761-8f9f-00fce59da54b,Amazon,E-commerce,Ashley Thomas,Unknown,1,2025-10-23 09:19:39,Got hacked this morning and the person charged 170 in digital books. And takes 7 days to refund but you guys can take the money instantly,got hacked this morning and the person charged 170 in digital books. and takes 7 days to refund but you guys can take the money instantly,1,26,137,0,0,0,0.9230769230769231,0,0,-0.3071,1,0,1,0.0,0,1,0,1.0,0.0
dc7c84a5-a25e-4174-bee7-9a70bfbff8d4,Amazon,E-commerce,Pastor KimMe,Unknown,1,2025-10-23 09:24:18,"I keep having trouble with returning items. The app will not let me proceed after entering my reason for returning. This is very frustrating. Also, the expected delivery dates change often, which makes it difficult when buying gifts.","i keep having trouble with returning items. the app will not let me proceed after entering my reason for returning. this is very frustrating. also, the expected delivery dates change often, which makes it difficult when buying gifts.",0,38,233,0,0,0,0.9736842105263158,0,1,-0.8122,1,0,1,0.0,0,1,0,1.0,0.0
48f00062-1549-443d-879a-c01deda346a9,Amazon,E-commerce,Morgan Wolansky-Render,Unknown,5,2025-10-23 09:29:26,Can't live without Amazon.,can't live without amazon.,0,4,26,0,0,0,1.0,0,0,0.0985,1,0,1,0.0,0,1,0,5.0,0.0
c1bc9101-bdf8-4e59-a470-62a7cc32bc29,Amazon,E-commerce,jose villegas,Unknown,3,2025-10-23 10:44:25,lies on delivery will offer 2 day with prime them change to 3 days after paid . if it's not changed it'll get Delayed for another day I pay for 2 day not delays,lies on delivery will offer 2 day with prime them change to 3 days after paid . if it's not changed it'll get delayed for another day i pay for 2 day not delays,0,34,160,0,0,0,0.8529411764705882,1,0,-0.6249,1,0,1,0.0,0,1,0,3.0,0.0
2a3c0b45-896f-4e36-b218-de2b94cc68b1,Amazon,E-commerce,Tudor Pastor,Unknown,1,2025-10-23 10:44:53,i cannot get chat or email support in switzerland. pathetic.,i cannot get chat or email support in switzerland. pathetic.,0,10,60,0,0,0,1.0,0,0,-0.25,1,0,1,0.0,0,1,0,1.0,0.0
5cbc2c75-0e63-4b6e-ba0b-18d32db7a7ac,Amazon,E-commerce,Hazel Olwethu,Unknown,5,2025-10-23 11:01:00,Amazon is the best n their service is excellent,amazon is the best n their service is excellent,0,9,47,0,0,0,0.8888888888888888,0,0,0.8625,1,0,1,0.0,0,1,0,5.0,0.0
5983c035-14db-4f93-b230-2c6d92f5ecce,Amazon,E-commerce,Eman Hassan,Unknown,1,2025-10-23 11:02:55,Free Palestine everytime and everywhere,free palestine everytime and everywhere,0,5,39,0,0,0,1.0,1,0,0.5106,1,0,1,0.0,0,1,1,1.0,0.0
b30710da-b558-4175-b000-a2ab26c73a0d,Amazon,E-commerce,Life.W.Lindsay,Unknown,1,2025-10-23 11:30:07,"got a new phone and now the Amazon app will not open. Amazon kids for the kindle works, but not the shopping app. I can't even track my orders via email.","got a new phone and now the amazon app will not open. amazon kids for the kindle works, but not the shopping app. i can't even track my orders via email.",1,31,153,0,0,0,0.8709677419354839,0,1,0.0235,1,0,1,0.0,0,1,0,1.0,0.0
4950b9ad-5c3e-4bb4-aa57-0469c7245872,Amazon,E-commerce,Aman Pathak,Unknown,1,2025-10-23 12:12:00,when i order 1st time after 24 hours i know unknown activity not proceed the order. 2nd time canceled after 12 hours by the team think unknown activity. now ordering third time lets see what happened ?,when i order 1st time after 24 hours i know unknown activity not proceed the order. 2nd time canceled after 12 hours by the team think unknown activity. now ordering third time lets see what happened ?,0,37,201,0,0,0,0.8108108108108109,0,1,0.0,1,0,1,0.0,0,1,0,1.0,0.0
94a6152f-51f0-482a-a227-5385fa35a805,Amazon,E-commerce,SHARIYA PO LO K,Unknown,5,2025-10-23 13:00:02,I am work on the Amazon. this app is very carefully. the apps very good. ❤️💜😊,i am work on the amazon. this app is very carefully. the apps very good. ❤️💜😊,0,16,77,2,0,0,0.875,0,1,0.9421,1,0,1,0.0,0,1,0,5.0,0.0
9b077f77-e573-41e4-b507-110896182a62,Amazon,E-commerce,Sandra Resine,Unknown,5,2025-10-23 13:04:43,Love Amazon 💖 Convenience of shopping from Home.,love amazon 💖 convenience of shopping from home.,0,8,48,1,0,0,1.0,0,0,0.9062,1,0,1,0.0,0,1,0,5.0,0.0
dd4097b1-d94d-4143-b500-15ff9dff78f5,Amazon,E-commerce,fattyjaybird,Unknown,5,2025-10-23 13:44:13,"Love the app. Easy to use, no complications. Can't ask for much more","love the app. easy to use, no complications. can't ask for much more",0,13,68,0,0,0,1.0,0,1,0.7096,1,0,1,0.0,0,1,0,5.0,0.0
39051120-7b72-43b6-93da-2b2bd0ab01cf,Amazon,E-commerce,Flavinho Fernandes,Unknown,3,2025-10-23 14:16:43,...é...é...é...,...é...é...é...,0,1,15,0,0,0,1.0,0,0,0.0,1,0,1,0.0,0,1,0,3.0,0.0
ef5b3310-9185-4244-8687-751d492554f9,Amazon,E-commerce,Tyra Makura,Unknown,5,2025-10-23 16:23:12,the only place I can trust to shop,the only place i can trust to shop,0,8,34,0,0,0,1.0,0,0,0.5106,1,0,1,0.0,0,1,0,5.0,0.0
1dbafbfd-2a38-4f7b-93d4-573c402386a4,Amazon,E-commerce,AnitaBonghit 69,Unknown,1,2025-10-23 16:31:05,"You're letting sellers remove negative reviews and seller feedback. this is artificially inflating the ""quality"" of the products you're selling when we all know Amazon is flooded with extremely poor quality products and poor service.","you're letting sellers remove negative reviews and seller feedback. this is artificially inflating the ""quality"" of the products you're selling when we all know amazon is flooded with extremely poor quality products and poor service.",3,35,233,0,0,0,0.8285714285714286,0,0,-0.8588,1,0,1,0.0,0,1,0,1.0,0.0
556f3697-772d-46f9-a03a-385eb37e6a13,Amazon,E-commerce,Zaw Tun,Unknown,1,2025-10-23 16:38:08,Add Burmese kyats,add burmese kyats,0,3,17,0,0,0,1.0,0,1,0.0,1,0,1,0.0,0,1,0,1.0,0.0
bd4239e5-eaa1-4d90-8594-338cf4956477,Amazon,E-commerce,LINDA SCOTT,Unknown,5,2025-10-23 17:02:31,super fast and efficient with unbeatable prices.,super fast and efficient with unbeatable prices.,0,7,48,0,0,0,1.0,0,0,0.7717,1,0,1,0.0,0,1,0,5.0,0.0
9175d916-d22a-4e45-9933-3d78bc75e894,Amazon,E-commerce,LC Kids,Unknown,1,2025-10-23 17:28:14,Will no longer open on Galaxy Note 9! I need to reverse latest update.,will no longer open on galaxy note 9! i need to reverse latest update.,0,14,70,0,0,0,1.0,0,0,-0.3595,1,0,1,0.0,0,1,0,1.0,0.0
2dd0e140-ff6c-42bc-bec6-82b986bc72db,Amazon,E-commerce,Nichola Linnane,Unknown,2,2025-10-23 17:32:55,cannot open my basket to close an order,cannot open my basket to close an order,2,8,39,0,0,0,1.0,0,0,0.0,1,0,1,0.0,0,1,0,2.0,0.0
ce9e0d31-2da9-4df3-b38a-e08accc4e457,Amazon,E-commerce,Parth Desai,Unknown,1,2025-10-23 17:42:33,"Horrible delivery and customer care. No help at all!!! Better to go to a shop and buy, it will take less time!","horrible delivery and customer care. no help at all!!! better to go to a shop and buy, it will take less time!",1,22,110,0,0,0,0.9090909090909091,0,0,0.3632,1,0,1,0.0,0,1,0,1.0,0.0
91b41493-004e-4a74-a419-5a36f5b1c640,Amazon,E-commerce,Diondre Warrick,Unknown,5,2025-10-23 18:32:33,always good,always good,0,2,11,0,0,0,1.0,0,0,0.4404,1,0,1,0.0,0,1,0,5.0,0.0
c6789bff-d93b-493e-999f-4fa19864c2ee,Amazon,E-commerce,Javier Medina,Unknown,1,2025-10-23 18:45:26,I will never buy from them again,i will never buy from them again,1,7,32,0,0,0,1.0,0,0,0.0,1,0,1,0.0,0,1,0,1.0,0.0
b22139fe-9559-4886-b160-5019dd5f366b,Amazon,E-commerce,Lee Freeth,Unknown,5,2025-10-23 18:54:25,brilliant app and brilliant delivery service,brilliant app and brilliant delivery service,0,6,44,0,0,0,0.8333333333333334,0,1,0.8225,1,0,1,0.0,0,1,0,5.0,0.0
44506680-3617-4490-9f1e-de80ba944cfd,Amazon,E-commerce,Luis Valle,Unknown,5,2025-10-23 19:30:23,Smooth transaction !,smooth transaction !,0,3,20,0,0,0,1.0,0,0,0.0,1,0,1,0.0,0,1,0,5.0,0.0
4a01ab9b-72d2-4416-a143-d161993007c3,Amazon,E-commerce,Daisy,Unknown,1,2025-10-23 19:31:45,cancel subscription is difficult!,cancel subscription is difficult!,1,4,33,0,0,0,1.0,0,0,-0.5848,1,0,1,0.0,0,1,0,1.0,0.0
0a6ddbe4-5c14-4dbc-b215-25e367b5042b,Amazon,E-commerce,Gailwalyn Gooding,Unknown,1,2025-10-23 19:32:28,Very bad customer service!! Can't cancel things even if they have not been shipping.,very bad customer service!! can't cancel things even if they have not been shipping.,0,14,84,0,0,0,1.0,0,0,-0.5628,1,0,1,0.0,0,1,0,1.0,0.0
18aee923-d0d7-4846-b9fa-15cf7181d317,Amazon,E-commerce,Pedro Soares,Unknown,5,2025-10-23 20:00:25,Amazing.,amazing.,1,1,8,0,0,0,1.0,0,0,0.5859,1,0,1,0.0,0,1,0,5.0,0.0
6ba039e1-dcfb-41f2-95cf-b1e60498ec30,Amazon,E-commerce,Aurified,Unknown,1,2025-10-23 20:08:31,"Terrible company, all the way around. Terrible service, all the way around. Over promise and under deliver. Unfair treatment of their employees. War profiteers. A pig at the trough for far too long","terrible company, all the way around. terrible service, all the way around. over promise and under deliver. unfair treatment of their employees. war profiteers. a pig at the trough for far too long",1,33,197,0,0,0,0.8181818181818182,0,0,-0.886,1,0,1,0.0,0,1,0,1.0,0.0
cfe09ddf-e046-42bd-ad02-47984b0eb83d,Amazon,E-commerce,William Nighthawk Hull (Paranormal Warrior),Unknown,1,2025-10-23 20:16:28,terrible Amazon app every update makes more problems!,terrible amazon app every update makes more problems!,1,8,53,0,0,0,1.0,0,1,-0.6893,1,0,1,0.0,0,1,0,1.0,0.0
9940a27d-7382-43de-aad3-5fb3eaebf0ab,Amazon,E-commerce,Sarah Stevenson,Unknown,1,2025-10-23 20:36:25,"cant access the live chat function, cant get through on the phone and one of my items is missing from my order... absolutely ridiculous","cant access the live chat function, cant get through on the phone and one of my items is missing from my order... absolutely ridiculous",1,24,135,0,0,0,0.875,0,0,-0.6115,1,0,1,0.0,0,1,0,1.0,0.0
f544265c-6448-4c1a-93e6-9706286b5434,Amazon,E-commerce,Con Kastro,Unknown,1,2025-10-23 20:58:14,to start you have to go through CIA. NSA you. are ..... so funny . good buy AliExpress will do the job and cheeper! Uninstalled it ! don't bother comment ... won't see it!,to start you have to go through cia. nsa you. are ..... so funny . good buy aliexpress will do the job and cheeper! uninstalled it ! don't bother comment ... won't see it!,1,34,171,0,0,2,0.9705882352941176,1,0,0.8695,1,0,1,0.0,0,1,1,1.0,0.0
f626c05c-9bfc-4fa7-99b5-d28628573474,Amazon,E-commerce,Blue Skies,Unknown,5,2025-10-23 21:16:02,REVVL 9185W IS NOT MY TABLET. REMOVE IT. OR TELL ME HOW TO REMOVE IT. I am Z Fold 3. 😊 TY,revvl 9185w is not my tablet. remove it. or tell me how to remove it. i am z fold 3. 😊 ty,0,22,89,1,0,16,0.9090909090909091,0,0,0.8225,1,0,1,0.0,0,1,0,5.0,0.0
a7927967-905a-49cc-b7a1-4ade6699a550,Amazon,E-commerce,Schue 91,Unknown,3,2025-10-23 21:28:07,shopping is great its the delivery thats terrible.,shopping is great its the delivery thats terrible.,0,8,50,0,0,0,1.0,0,0,0.25,1,0,1,0.0,0,1,0,3.0,0.0
3171f507-63a5-4bfc-8780-46aa57e51239,Amazon,E-commerce,Keyeno Beilman,Unknown,1,2025-10-23 21:43:29,customer service is absolute garbage.,customer service is absolute garbage.,1,5,37,0,0,0,1.0,0,0,0.0,1,0,1,0.0,0,1,0,1.0,0.0
99bf65a6-385e-4bcf-8824-92917f93e8e9,Amazon,E-commerce,Kealii Balinbin,Unknown,1,2025-10-23 21:54:42,I've spent too much money on Amazon for such a lack of customer support. Amazon sucks,i've spent too much money on amazon for such a lack of customer support. amazon sucks,1,16,85,0,0,0,0.9375,0,0,0.0772,1,0,1,0.0,0,1,0,1.0,0.0
ab69e13b-830b-4a79-94e4-6a96e6686646,Amazon,E-commerce,Tyler S,Unknown,1,2025-10-23 22:53:40,delivers your packages to the neighbors instead of you. then won't allow you to report it for a day and a half. bs delivery times and lame deals,delivers your packages to the neighbors instead of you. then won't allow you to report it for a day and a half. bs delivery times and lame deals,0,28,144,0,0,0,0.8928571428571429,1,0,-0.5371,1,0,1,0.0,0,1,0,1.0,0.0
6f92c58d-7b2b-4b74-afaf-acced610e630,Amazon,E-commerce,John Rosborough,Unknown,5,2025-10-23 23:45:36,Ordering from Amazon continues to be simple and easy.,ordering from amazon continues to be simple and easy.,0,9,53,0,0,0,1.0,0,0,0.5574,1,0,1,0.0,0,1,0,5.0,0.0
d9c00fd7-4189-44d1-ad78-45ebf0f179e9,Amazon,E-commerce,Leslie Elevier,Unknown,5,2025-10-24 00:10:12,I have ordered a variety of items from Amazon and I love love love this app. This is my favorite shopping app. The products are exactly what you order. No worries at all.,i have ordered a variety of items from amazon and i love love love this app. this is my favorite shopping app. the products are exactly what you order. no worries at all.,0,33,170,0,0,0,0.8484848484848485,0,1,0.9619,1,0,1,0.0,0,1,0,5.0,0.0
c23f7a48-a228-43d1-b308-1a358a63ac88,Amazon,E-commerce,Anderson,Unknown,5,2025-10-24 00:23:48,muito bom,muito bom,0,2,9,0,0,0,1.0,0,0,0.0,1,0,1,0.0,0,1,0,5.0,0.0
47c7efa8-df79-4473-b6cd-fb10847e3375,Amazon,E-commerce,Antoine Meeks,Unknown,1,2025-10-24 00:44:49,I ordered something and paid for the shipping that was supposed to be here in 2 days and it took 2 weeks. This is BS,i ordered something and paid for the shipping that was supposed to be here in 2 days and it took 2 weeks. this is bs,0,25,116,0,0,1,0.92,0,0,0.0,1,0,1,0.0,0,1,0,1.0,0.0
c7b7994c-9afb-4f88-ab0f-1f42b855183d,Amazon,E-commerce,Edward Dollman,Unknown,5,2025-10-24 01:08:57,love using this app. simple and easy,love using this app. simple and easy,0,7,36,0,0,0,1.0,0,1,0.7964,1,0,1,0.0,0,1,0,5.0,0.0
5fd7166d-b755-4707-97c2-28ba22964ef2,Amazon,E-commerce,Lisa Herrington,Unknown,1,2025-10-24 01:11:16,AMAZON SAYS THEY DON'T CHARGE UNTIL ITEM SHIPS BUT NOW IT'S BEING BILLED AS SOON AS I ORDER IT AND THEN DELIVERY DELAYS AS USUAL!,amazon says they don't charge until item ships but now it's being billed as soon as i order it and then delivery delays as usual!,68,25,129,0,0,24,0.92,0,0,0.1635,1,0,1,0.0,0,1,0,1.0,0.0
34241936-143b-4d05-86f3-77d08eb16c48,Amazon,E-commerce,Maureen Aptt,Unknown,5,2025-10-24 02:21:55,Everything is great. Wish I bought stock back in the day!,everything is great. wish i bought stock back in the day!,0,11,57,0,0,0,1.0,0,0,0.7959,1,0,1,0.0,0,1,0,5.0,0.0
70d593f5-0551-4eba-8d48-caed9401facd,Amazon,E-commerce,Julie,Unknown,2,2025-10-24 02:44:53,Someone should explain why our account and device info are included with public reviews. That is intrusive and offensive to those of who like st least a LITTLE privacy. This may be my last straw with this Forum.,someone should explain why our account and device info are included with public reviews. that is intrusive and offensive to those of who like st least a little privacy. this may be my last straw with this forum.,0,38,211,0,0,1,0.9210526315789473,0,0,-0.128,1,0,1,0.0,0,1,0,2.0,0.0
90095c47-c48b-4fcc-a869-5c0ac5cca238,Amazon,E-commerce,Daniel schauer,Unknown,3,2025-10-24 03:32:17,still ok but to much temu and allibaba stuff,still ok but to much temu and allibaba stuff,0,9,44,0,0,0,1.0,0,0,0.1531,1,0,1,0.0,0,1,0,3.0,0.0
8ba35bdf-8dce-416e-82b9-ef5840414284,Amazon,E-commerce,Jan Elkins,Unknown,5,2025-10-24 03:45:12,"so loving Amazon app. Would love to slow down my spending, but there are too many books in the world!","so loving amazon app. would love to slow down my spending, but there are too many books in the world!",0,20,101,0,0,0,1.0,0,1,0.7165,1,0,1,0.0,0,1,0,5.0,0.0
5bc45073-6611-4269-89df-4b4ce49c72f6,Amazon,E-commerce,Ricardo Lira Jr. (Rick),Unknown,5,2025-10-24 04:01:12,I'm always excited for my packages.,i'm always excited for my packages.,0,6,35,0,0,0,1.0,0,0,0.34,1,0,1,0.0,0,1,0,5.0,0.0
c56daaea-4e80-435a-ab6e-c770ffe13f79,Amazon,E-commerce,howard Barr,Unknown,5,2025-10-24 04:11:31,great online shopping. fantastic next day delivery well done,great online shopping. fantastic next day delivery well done,0,9,60,0,0,0,1.0,0,0,0.8689,1,0,1,0.0,0,1,0,5.0,0.0
9c2e48e5-0c5a-4f46-8650-5cced52587cd,Amazon,E-commerce,Corey Stewart,Unknown,1,2025-10-24 04:11:42,the new update is absolutely horrible. why would you fix something that isn't broken and make it worse ?.,the new update is absolutely horrible. why would you fix something that isn't broken and make it worse ?.,0,19,105,0,0,0,1.0,0,0,-0.653,1,0,1,0.0,0,1,0,1.0,0.0
039be7e0-1d1e-41c4-a62d-5bd877f07d0b,Amazon,E-commerce,Bruce Eisermann,Unknown,5,2025-10-24 05:08:08,It's where I do all of my shopping!🥇👍👍👍,it's where i do all of my shopping!🥇👍👍👍,0,8,39,4,0,0,1.0,0,0,0.5255,1,0,1,0.0,0,1,0,5.0,0.0
1199a636-233d-43d7-96d1-6e046a92b93a,Amazon,E-commerce,Roger J Quiroz Ruiz,Unknown,5,2025-10-24 05:17:22,excellent experience 👏,excellent experience 👏,0,3,22,1,0,0,1.0,0,0,0.5719,1,0,1,0.0,0,1,0,5.0,0.0
fe4e5bf2-318b-4a97-ab9b-e2e6e93c950b,Amazon,E-commerce,Marisela Santana,Unknown,5,2025-10-24 05:27:46,𝗜𝘁 𝗵𝗮𝘀 𝘀𝗼 𝗺𝘂𝗰𝗵 𝗽𝗿𝗲𝗽𝗽𝘆 𝗶𝘁𝗲𝗺𝘀,𝗜𝘁 𝗵𝗮𝘀 𝘀𝗼 𝗺𝘂𝗰𝗵 𝗽𝗿𝗲𝗽𝗽𝘆 𝗶𝘁𝗲𝗺𝘀,1,6,27,0,0,0,1.0,0,0,0.0,1,0,1,0.0,0,1,0,5.0,0.0
a24c4887-de32-444f-88f6-c016e7e550b6,Amazon,E-commerce,Danielle Trader (DTrader72),Unknown,1,2025-10-24 05:43:30,You cannot but that item because it is out of stock for... EVERYTHING. FIX THIS ERROR PLEASE. Same issue months later? Still annoying... please fix it,you cannot but that item because it is out of stock for... everything. fix this error please. same issue months later? still annoying... please fix it,1,26,150,0,0,5,0.9230769230769231,0,0,-0.4286,1,0,1,0.0,0,1,0,1.0,0.0
b98d6d0e-c973-4e43-a681-f9818e267e19,Amazon,E-commerce,ACHU THOMAS,Unknown,1,2025-10-24 05:45:20,delivery agent simply dropped my package out side the gate in public area and left without even giving a call. appreciated your delivery guys and Subcontractor ❤️👌🤝👏👏👏,delivery agent simply dropped my package out side the gate in public area and left without even giving a call. appreciated your delivery guys and subcontractor ❤️👌🤝👏👏👏,0,27,167,5,0,0,0.9259259259259259,0,1,0.8125,1,0,1,0.0,0,1,1,1.0,0.0
a9746e7c-78f5-4b09-90db-cdd323cc8faf,Amazon,E-commerce,Preston Bolden,Unknown,1,2025-10-24 06:55:33,subscribe & save allows you to skip items but removing is not allowed. they are a billion dollar company and doing there best to continue to take advantage and trick the less fortunate.,subscribe & save allows you to skip items but removing is not allowed. they are a billion dollar company and doing there best to continue to take advantage and trick the less fortunate.,0,33,185,0,0,0,0.9090909090909091,0,0,0.9261,1,0,1,0.0,0,1,1,1.0,0.0
43d7fb4b-7f78-4ffe-b7e1-5e61828370e7,Amazon,E-commerce,Kristina Stelly,Unknown,5,2025-10-24 07:19:34,"Addicted! You can find almost anything you're looking for and many options to choose from. There are always great deals too! Plus, if something goes wrong with your order, Amazon fixes it with easy ways to return or exchange.","addicted! you can find almost anything you're looking for and many options to choose from. there are always great deals too! plus, if something goes wrong with your order, amazon fixes it with easy ways to return or exchange.",0,39,225,0,0,0,0.9487179487179487,1,0,0.7339,1,0,1,0.0,0,1,0,5.0,0.0
899b4a5a-f85d-4407-ac1f-47937327ff88,Amazon,E-commerce,Sno de' LoVe,Unknown,1,2025-10-24 07:25:40,No continue button after going through the questions to return pr replace.,no continue button after going through the questions to return pr replace.,0,12,74,0,0,0,1.0,0,0,-0.296,1,0,1,0.0,0,1,0,1.0,0.0
cf4f55ad-5e77-4e3c-a719-0676beb8907f,Amazon,E-commerce,Robert Cook,Unknown,1,2025-10-24 08:37:24,I found out they are on the list of donors for the current demolition of the East Wing and construction of the new ballroom. I will be boycotting their services from now on.,i found out they are on the list of donors for the current demolition of the east wing and construction of the new ballroom. i will be boycotting their services from now on.,0,33,173,0,0,0,0.8181818181818182,0,0,-0.4019,1,0,1,0.0,0,1,0,1.0,0.0
a3986c0f-6ab8-4280-bcb0-5c1f1bddb73c,Amazon,E-commerce,Schalk Hendrikse,Unknown,5,2025-10-24 09:46:47,Excellent service and delivery,excellent service and delivery,0,4,30,0,0,0,1.0,0,0,0.5719,1,0,1,0.0,0,1,0,5.0,0.0
eaae8c94-944d-41ed-9f88-d69955eca671,Amazon,E-commerce,Howard Jones,Unknown,5,2025-10-24 09:55:42,easy to use,easy to use,0,3,11,0,0,0,1.0,0,0,0.4404,1,0,1,0.0,0,1,0,5.0,0.0
cc1699eb-2815-4bcd-a441-d9eecf3f60ce,Amazon,E-commerce,Muhammad Sohail,Unknown,5,2025-10-24 09:56:31,Just like a wow,just like a wow,0,4,15,0,0,0,1.0,0,0,0.743,1,0,1,0.0,0,1,0,5.0,0.0
2e5aed7b-d52b-4f14-9319-9f82b1845a1e,Amazon,E-commerce,Stanley O'Brien,Unknown,5,2025-10-24 10:08:45,Goods delivered in time all those I was in bed hooray,goods delivered in time all those i was in bed hooray,0,11,53,0,0,0,0.9090909090909091,0,0,0.5106,1,0,1,0.0,0,1,0,5.0,0.0
8d3378b9-d589-4132-8ee1-b47591f99ab4,Amazon,E-commerce,Karl Richardson,Unknown,5,2025-10-24 10:42:07,just awesome 👌 👏🏾 👍🏽,just awesome 👌 👏🏾 👍🏽,0,5,20,5,0,0,1.0,0,0,0.8816,1,0,1,0.0,0,1,0,5.0,0.0
1b73a980-f9f1-42a3-99fb-d5f8f9741909,Amazon,E-commerce,Ryan Finn,Unknown,3,2025-10-24 10:56:53,"Long time regular user, unable to get past this new age verification. Customer service no real help","long time regular user, unable to get past this new age verification. customer service no real help",0,17,99,0,0,0,1.0,0,0,-0.5358,1,0,1,0.0,0,1,0,3.0,0.0
d15bbf2f-727e-4ff0-9cab-ea1f211932da,Amazon,E-commerce,Menna,Unknown,3,2025-10-24 11:18:14,The app should automatically delete the account if it hasn't been opened for more than 30 days,the app should automatically delete the account if it hasn't been opened for more than 30 days,0,17,94,0,0,0,0.9411764705882353,0,1,0.0,1,0,1,0.0,0,1,0,3.0,0.0
1338acd0-bf16-4854-8c0a-90d100a4fad5,Amazon,E-commerce,Ianeilys Colon,Unknown,5,2025-10-24 12:16:25,it's cheap a little bit cheap and I love it to spend money and I just love Amazon,it's cheap a little bit cheap and i love it to spend money and i just love amazon,0,18,81,0,0,0,0.7777777777777778,1,0,0.8779,1,0,1,0.0,0,1,0,5.0,0.0
9b0ba45c-38dd-4b0f-a4d3-168f35d365c0,Amazon,E-commerce,briherenow,Unknown,2,2025-10-24 12:17:06,"doesn't load, doesn't update payment methods. doesn't do anything","doesn't load, doesn't update payment methods. doesn't do anything",0,9,65,0,0,0,0.7777777777777778,0,0,0.0,1,0,1,0.0,0,1,0,2.0,0.0
7839e33d-1275-4bb3-8ab0-e06fa7afd1b0,Amazon,E-commerce,Ann,Unknown,5,2025-10-24 12:24:41,Always excellent products all good quality. Ann Williamson,always excellent products all good quality. ann williamson,0,8,58,0,0,0,1.0,0,0,0.765,1,0,1,0.0,0,1,0,5.0,0.0
13048934-9742-405a-aeb6-e12fe825c25f,Amazon,E-commerce,Chantae Haggerty,Unknown,5,2025-10-24 13:05:26,I love Amazon. Its the best!,i love amazon. its the best!,0,6,28,0,0,0,1.0,0,0,0.8858,1,0,1,0.0,0,1,0,5.0,0.0
dc608975-64fb-47a6-a7d2-b6901b71710a,Amazon,E-commerce,SOHAG HOQUE,Unknown,5,2025-10-24 13:45:46,so beautiful shopping Amazon,so beautiful shopping amazon,0,4,28,0,0,0,1.0,0,0,0.7316,1,0,1,0.0,0,1,0,5.0,0.0
d7d1a0f3-147b-4c75-bd50-8a45fcdce3f6,Amazon,E-commerce,Tracy Stuckart,Unknown,5,2025-10-24 13:51:05,love them!!!,love them!!!,0,2,12,0,0,0,1.0,0,0,0.7249,1,0,1,0.0,0,1,0,5.0,0.0
ebc481c0-1731-4a06-add7-46c980ecf717,Amazon,E-commerce,Smitty Werbenjagermanjensen,Unknown,1,2025-10-24 14:02:51,"The 1 Tap verification is ridiculous. I have a digital card? how is that supposed to work? fix that glitch, it's annoying !!!","the 1 tap verification is ridiculous. i have a digital card? how is that supposed to work? fix that glitch, it's annoying !!!",0,23,125,0,0,0,0.9130434782608695,0,0,-0.7533,1,0,1,0.0,0,1,0,1.0,0.0
70eff49f-fc5d-41a0-aa6a-29ea112924f3,Amazon,E-commerce,long pham,Unknown,5,2025-10-24 14:17:12,Very professional! Easy to order !,very professional! easy to order !,1,6,34,0,0,0,1.0,0,0,0.5807,1,0,1,0.0,0,1,0,5.0,0.0
898de8e5-2319-468b-b666-111f3b553933,Amazon,E-commerce,FRED FLINSTONE,Unknown,1,2025-10-24 14:38:35,Why they put the controls in the bottom? It is annoying!,why they put the controls in the bottom? it is annoying!,0,11,56,0,0,0,0.9090909090909091,0,0,-0.4574,1,0,1,0.0,0,1,0,1.0,0.0
8665ca5d-26f2-4b7b-a2bb-1aa64024f73a,Amazon,E-commerce,Alex Gilevich,Unknown,3,2025-10-24 14:59:42,You can't search for an order transaction amount. This is necessary to verify charges,you can't search for an order transaction amount. this is necessary to verify charges,9,14,85,0,0,0,1.0,0,0,-0.2732,1,0,1,0.0,0,1,0,3.0,0.0
69322ecf-d4ca-43f5-b7f3-c8298e08345b,Amazon,E-commerce,C,Unknown,1,2025-10-24 15:11:45,won't let me to to the cart without ads... it's become a shopping deterrent,won't let me to to the cart without ads... it's become a shopping deterrent,0,14,75,0,0,0,0.9285714285714286,0,0,0.0,1,0,2,0.0,0,1,0,2.0,1.4142135623730951
e1b2b381-0162-4d7c-b246-6b06c115163e,Amazon,E-commerce,Noor Muhammad,Unknown,5,2025-10-24 15:17:26,very nice application,very nice application,0,3,21,0,0,0,1.0,0,1,0.4754,1,0,1,0.0,0,1,0,5.0,0.0
ebdfe462-dbd4-40fb-bcdb-de3826819c1c,Amazon,E-commerce,Agency Investigations,Unknown,1,2025-10-24 15:35:51,orders do not complete in timely manner.,orders do not complete in timely manner.,0,7,40,0,0,0,1.0,0,0,0.0,1,0,1,0.0,0,1,0,1.0,0.0
d4f3ac80-bbc6-43f4-be79-16586d6f167d,Amazon,E-commerce,Gojita,Unknown,1,2025-10-24 15:51:28,to get live help you have to jump through soo many loops its embarasing this app should not make it soo dificult to get live help😡😡😡,to get live help you have to jump through soo many loops its embarasing this app should not make it soo dificult to get live help😡😡😡,2,26,132,3,0,0,0.8076923076923077,0,1,0.6597,1,0,1,0.0,0,1,1,1.0,0.0
7eb3d794-edee-4cf2-9f10-9536984825ef,Amazon,E-commerce,Ahmed Rapea,Unknown,5,2025-10-24 16:00:28,this application very good,this application very good,0,4,26,0,0,0,1.0,0,1,0.4927,1,0,1,0.0,0,1,0,5.0,0.0
d92ab9f5-220e-4030-bcd4-163e93783ee5,Amazon,E-commerce,Andy C,Unknown,1,2025-10-24 16:23:28,App just keeps recommending breakfast cereal constantly every day for no reason. App looks like it's broken!,app just keeps recommending breakfast cereal constantly every day for no reason. app looks like it's broken!,0,17,108,0,0,0,0.9411764705882353,0,1,-0.4753,1,0,1,0.0,0,1,0,1.0,0.0
380f1579-dedf-406f-a21f-517bbf1ed270,Amazon,E-commerce,Angela Waddicar,Unknown,4,2025-10-24 16:37:08,Was very pleased with my free trial but unfortunately I'm not in a position to renew the membership 😢🤗,was very pleased with my free trial but unfortunately i'm not in a position to renew the membership 😢🤗,0,19,102,2,0,0,1.0,1,0,-0.0781,1,0,1,0.0,0,1,0,4.0,0.0
1c37f225-d652-4cb7-b08d-80cff6c5b8d7,Amazon,E-commerce,Mel Stotch,Unknown,1,2025-10-24 16:54:44,awful awful awful app! make it too complicated to reach customer service,awful awful awful app! make it too complicated to reach customer service,0,12,72,0,0,0,0.8333333333333334,0,1,-0.8478,1,0,1,0.0,0,1,0,1.0,0.0
81bc9280-f29f-4b56-a168-8f45e583a1ec,Amazon,E-commerce,Aadhith Pramodkumar,Unknown,5,2025-10-24 17:06:39,Good product,good product,0,2,12,0,0,0,1.0,0,0,0.4404,1,0,1,0.0,0,1,0,5.0,0.0
895193e7-f72c-4c93-b57a-f892ae961bf9,Amazon,E-commerce,Emmie R,Unknown,1,2025-10-24 17:07:45,"app never works, im only ever shown sad dogs. i end up using the browser verison. we're really doomed if this is all the magnificent 7 has to offer, LOL","app never works, im only ever shown sad dogs. i end up using the browser verison. we're really doomed if this is all the magnificent 7 has to offer, lol",0,30,152,0,0,1,0.9666666666666667,1,1,-0.2247,1,0,1,0.0,0,1,0,1.0,0.0
240240ad-c62f-482b-a64a-61d25a92d9d3,Amazon,E-commerce,Makayla Winstrand,Unknown,1,2025-10-24 17:08:44,if you pay for prime don't expect fast delivery I paid so much money for it I got on chat with support and they didn't fix any of my issues I'm done with this app,if you pay for prime don't expect fast delivery i paid so much money for it i got on chat with support and they didn't fix any of my issues i'm done with this app,0,35,162,0,0,0,0.9142857142857143,0,1,0.3182,1,0,1,0.0,0,1,0,1.0,0.0
0090d694-eaae-498c-8e60-07f582a04ccd,Amazon,E-commerce,Louis Gardina,Unknown,1,2025-10-24 17:10:59,It is impossible to chat with a person for help. This is unacceptable.,it is impossible to chat with a person for help. this is unacceptable.,0,13,70,0,0,0,0.9230769230769231,0,0,-0.0772,1,0,1,0.0,0,1,0,1.0,0.0
57fa10a2-f227-4d70-82e9-a0a8a3fca4c2,Amazon,E-commerce,Jackie G,Unknown,5,2025-10-24 17:12:10,AWESOMEEEEE!,awesomeeeee!,0,1,12,0,0,1,1.0,0,0,0.0,1,0,1,0.0,0,1,0,5.0,0.0
0e822580-f94c-4e7d-8164-5fbd73f795bf,Amazon,E-commerce,Mary Hutson,Unknown,5,2025-10-24 17:17:28,I am looking for overalls for my husband he is in a 62 30 r 64 30.please help me.,i am looking for overalls for my husband he is in a 62 30 r 64 30.please help me.,0,19,81,0,0,0,0.9473684210526315,0,0,0.4019,1,0,1,0.0,0,1,0,5.0,0.0
d1cf57ac-db98-4b79-8212-c44b1c642064,Amazon,E-commerce,Dan,Unknown,1,2025-10-24 18:11:55,"Not paying for human employees be replaced by robots. Not paying CEO's all the money. No, fight against the robots. Robots will destroy the world.","not paying for human employees be replaced by robots. not paying ceo's all the money. no, fight against the robots. robots will destroy the world.",1,25,146,0,0,0,0.8,0,0,-0.7269,1,0,2,0.0,0,1,0,3.0,2.8284271247461903
a93e1b26-9593-4c4b-a11e-757b84bdfe4e,Amazon,E-commerce,Bill Winn,Unknown,5,2025-10-24 18:58:44,Only doing this for better karma so me package arrives no hassle... butt its ok 👍🏾 👌🏼,only doing this for better karma so me package arrives no hassle... butt its ok 👍🏾 👌🏼,1,17,85,4,0,0,1.0,0,0,0.8415,1,0,1,0.0,0,1,0,5.0,0.0
a8f1c5ac-022a-48f3-a312-5192100e668b,Amazon,E-commerce,Sierra Enskip,Unknown,5,2025-10-24 19:02:47,"love amazon ❤️, really good for things you need, love the way you can purchase on a subscription .","love amazon ❤️, really good for things you need, love the way you can purchase on a subscription .",1,19,98,0,0,0,0.8947368421052632,0,0,0.923,1,0,1,0.0,0,1,0,5.0,0.0
a5c3cc07-842b-48a9-a125-60f40cc9e023,Amazon,E-commerce,oyepero odufote,Unknown,5,2025-10-24 19:08:18,very polite and trust,very polite and trust,1,4,21,0,0,0,1.0,0,0,0.552,1,0,1,0.0,0,1,0,5.0,0.0
9fe5c989-a8c2-4870-84ce-4398aec4b1e2,Amazon,E-commerce,Abandon Ender,Unknown,5,2025-10-24 19:30:56,good stuff👍,good stuff👍,0,2,11,1,0,0,1.0,0,0,0.4404,1,0,1,0.0,0,1,0,5.0,0.0
ca0931a7-5653-4260-9086-5dd94839f859,Amazon,E-commerce,Matthew Medeiros,Unknown,1,2025-10-24 19:43:03,I keep getting charged after I unsubscribe,i keep getting charged after i unsubscribe,0,7,42,0,0,0,0.8571428571428571,0,0,-0.2023,1,0,1,0.0,0,1,0,1.0,0.0
97293ca9-c3f4-4a51-87f7-c1cb68e62243,Amazon,E-commerce,M.J Sultani,Unknown,3,2025-10-24 19:47:59,I Love It,i love it,0,3,9,0,0,0,1.0,0,0,0.6369,1,0,1,0.0,0,2,0,3.0,0.0
e00cf631-0e5a-4f6c-b309-1e0bf8f50c9a,Amazon,E-commerce,Taylor Powell,Unknown,1,2025-10-24 19:58:20,consistently late deliveries,consistently late deliveries,0,3,28,0,0,0,1.0,0,0,0.0,1,0,1,0.0,0,1,0,1.0,0.0
93512891-f9f7-4b7d-a334-e8d58ec40d95,Amazon,E-commerce,Lupe Hernandez,Unknown,1,2025-10-24 20:09:34,keeps crashing,keeps crashing,0,2,14,0,0,0,1.0,0,0,0.0,1,0,1,0.0,0,1,0,1.0,0.0
3f2d7f8b-bac4-4bd6-8d53-39f8c8404896,Amazon,E-commerce,J,Unknown,5,2025-10-24 20:24:26,Love Amazon!!,love amazon!!,0,2,13,0,0,0,1.0,0,0,0.7568,1,0,1,0.0,0,1,0,5.0,0.0
a5e1b4c0-3c53-4f24-8410-cf33e1db445b,Amazon,E-commerce,Marguerite Pear,Unknown,3,2025-10-24 21:58:46,good thing about the app. some bad too. the best is to go to the website as you cannot view certain things on the app. like cancelled orders,good thing about the app. some bad too. the best is to go to the website as you cannot view certain things on the app. like cancelled orders,0,28,140,0,0,0,0.8214285714285714,1,1,0.5083,1,0,1,0.0,0,1,0,3.0,0.0
0ee3a603-6d5b-4e15-837a-dc2ce326b736,Amazon,E-commerce,WAYNE NICHOLSON,Unknown,2,2025-10-24 23:37:07,Amazon has developed a bad habbit of not meeting their shipping times. Don't make promises you can't keep. This is about 30% of the time.,amazon has developed a bad habbit of not meeting their shipping times. don't make promises you can't keep. this is about 30% of the time.,0,25,137,0,0,0,0.96,0,0,-0.6103,1,0,1,0.0,0,1,0,2.0,0.0
87a7b301-71c5-4722-9927-a5f423a3cbd7,Amazon,E-commerce,Erik Hackett,Unknown,3,2025-10-25 00:08:45,"Been having lots of trouble with the site, constantly freezing up or not loading.","been having lots of trouble with the site, constantly freezing up or not loading.",0,14,81,0,0,0,1.0,1,0,-0.4767,1,0,1,0.0,0,1,0,3.0,0.0
e0bd9a42-9a1c-412d-bb80-ecb23116045c,Amazon,E-commerce,Alan Johnson,Unknown,3,2025-10-25 01:26:28,if I clear my cache I get a password reset . no option to enter current password.,if i clear my cache i get a password reset . no option to enter current password.,0,17,81,0,0,0,0.9411764705882353,0,0,0.1027,1,0,1,0.0,0,1,0,3.0,0.0
3f2f1e75-d900-4190-a9fd-98c72a76e601,Amazon,E-commerce,Hailey Starnight,Unknown,1,2025-10-25 02:32:11,i never got my order and i cant get a refund dont order from amazon!!!,i never got my order and i cant get a refund dont order from amazon!!!,0,15,70,0,0,0,0.8666666666666667,0,0,-0.3387,1,0,1,0.0,0,1,0,1.0,0.0
e2334529-8c13-405d-9bd9-e7844a53ecc7,Amazon,E-commerce,Jack Klages,Unknown,4,2025-10-25 03:07:26,Items will not show up in your wish list that has been purchased previously. You go and try to put the item in your wish list for the future. It will not appear in the list.,items will not show up in your wish list that has been purchased previously. you go and try to put the item in your wish list for the future. it will not appear in the list.,1,36,173,0,0,0,0.75,0,1,0.6597,1,0,1,0.0,0,1,0,4.0,0.0
4f13af52-3aaf-4884-a378-47e218ee62b4,Amazon,E-commerce,Eric Campbell,Unknown,1,2025-10-25 03:53:39,"Horrible customer service. They make it nearly impossible to find a contact us button that actually does that, and the customer service representative was unhelpful.","horrible customer service. they make it nearly impossible to find a contact us button that actually does that, and the customer service representative was unhelpful.",0,25,165,0,0,0,0.96,0,0,-0.5423,1,0,1,0.0,0,1,0,1.0,0.0
508b63a8-ea5e-489f-ba4c-d70d16c65b0c,Amazon,E-commerce,Susie Rae Ray,Unknown,1,2025-10-25 06:06:31,this stupid upgrade now thinks I'm in Brazil. thanks. it used to p work well,this stupid upgrade now thinks i'm in brazil. thanks. it used to p work well,0,15,76,0,0,0,1.0,0,0,0.1531,1,0,1,0.0,0,1,0,1.0,0.0
72fc4b59-cb93-4664-b553-e4f1aa2e1b8c,Amazon,E-commerce,Amr Sirgany,Unknown,1,2025-10-25 10:31:57,"they rejected my order twice, they refunded me then wanted me to send them my national id for the application to work. don't trust them they are fraud","they rejected my order twice, they refunded me then wanted me to send them my national id for the application to work. don't trust them they are fraud",0,28,150,0,0,0,0.7857142857142857,0,1,-0.869,1,0,1,0.0,0,1,0,1.0,0.0
2d1076ee-058b-425a-9c91-88344e6646d8,Amazon,E-commerce,Encres ⸻⸻⸻⸻⸻⸻⸻⸻⸻⸻⸻⸻⸻⸻⸻⸻⸻⸻⸻⸻⸻⸻⸻⸻⸻⸻⸻⸻⸻⸻⸻⸻⸻⸻⸻⸻⸻⸻⸻⸻⸻⸻⸻⸻,Unknown,1,2025-10-25 10:41:35,"drop of quality, only cheap chinese in research. look like a new app for wish or aliexpress","drop of quality, only cheap chinese in research. look like a new app for wish or aliexpress",0,17,91,0,0,0,1.0,1,1,0.4767,1,0,1,0.0,0,1,0,1.0,0.0
469f1a14-9df4-40a5-a79b-e0c5190ce2a1,Amazon,E-commerce,Osamathegamer,Unknown,4,2025-10-25 10:47:20,work but slow sometimes,work but slow sometimes,0,4,23,0,0,0,1.0,0,0,0.0,1,0,1,0.0,0,1,0,4.0,0.0
7d2c6778-53a5-4805-b436-92093452c7be,Amazon,E-commerce,rawan gah,Unknown,1,2025-10-25 11:01:03,زبالللله أسوأ شركة شحن وتوصيل وقلة ذوق,زبالللله أسوأ شركة شحن وتوصيل وقلة ذوق,0,7,38,0,0,0,1.0,0,0,0.0,1,0,1,0.0,0,1,0,1.0,0.0
0c5a9109-5a67-4376-ad83-89080fbe021f,Amazon,E-commerce,Matthew Tunney,Unknown,1,2025-10-25 11:26:42,Prime isn't prime. Age verify doesn't verify. Getting close to unsubscribing and uninstalling this dying service. It used to be convenient.,prime isn't prime. age verify doesn't verify. getting close to unsubscribing and uninstalling this dying service. it used to be convenient.,1,21,139,0,0,0,0.9523809523809523,1,0,0.0,1,0,1,0.0,0,1,0,1.0,0.0
fd976f83-0078-407b-a1fd-b4c7126c4000,Amazon,E-commerce,MT,Unknown,1,2025-10-25 12:27:58,"I can't access my old account. i contacted support team for over half an hour but nothing even deleting it not possible. it's my email, please delete it so i can make another.","i can't access my old account. i contacted support team for over half an hour but nothing even deleting it not possible. it's my email, please delete it so i can make another.",0,33,175,0,0,0,0.8787878787878788,0,0,0.5859,1,0,1,0.0,0,1,1,1.0,0.0
98c54404-65f9-443b-b732-83d74b10d427,Amazon,E-commerce,Terry Johnson,Unknown,3,2025-10-25 12:29:39,very interested in seeing this work .,very interested in seeing this work .,0,7,37,0,0,0,1.0,0,0,0.4576,1,0,1,0.0,0,1,0,3.0,0.0
0997c770-711b-488b-860e-43a3aca2afbb,Amazon,E-commerce,Death Clown,Unknown,1,2025-10-25 14:39:46,there drivers are failing to deliver.to the right building even when I give clear delivery instructions,there drivers are failing to deliver.to the right building even when i give clear delivery instructions,0,16,103,0,0,0,1.0,0,0,-0.1779,1,0,1,0.0,0,1,0,1.0,0.0
0e9270b9-d0ce-4611-84bc-9bd619f55167,Amazon,E-commerce,Walter Allen,Unknown,5,2025-10-25 14:40:38,Very useful for a large job. 😀,very useful for a large job. 😀,0,7,30,1,0,0,1.0,0,0,0.6901,1,0,1,0.0,0,1,0,5.0,0.0
6b9990b5-ef9f-40d1-bec1-42ba8ba59036,Amazon,E-commerce,John C. Easley,Unknown,5,2025-10-25 14:40:53,"what's not to like? the selection, expedient delivery, convenience, price, customer service? check check check check check. It's all there!!","what's not to like? the selection, expedient delivery, convenience, price, customer service? check check check check check. it's all there!!",0,20,140,0,0,0,0.85,0,0,-0.4685,1,0,1,0.0,0,1,0,5.0,0.0
e4380136-dea4-42c4-97e6-78100136ec87,Amazon,E-commerce,Ximena Tarango,Unknown,1,2025-10-25 14:45:26,It was very late It said it will come in October 15 and It came in at November 2,it was very late it said it will come in october 15 and it came in at november 2,0,19,80,0,0,0,0.7894736842105263,0,0,0.0,1,0,1,0.0,0,1,0,1.0,0.0
e4be0292-5ca9-4784-8e60-9f3cd41cc2f9,Amazon,E-commerce,Marina K.,Unknown,5,2025-10-25 14:51:20,"always outstanding experience - clear description, transparency, great offers and prices, easy to order, supportive customer service, fast delivery","always outstanding experience - clear description, transparency, great offers and prices, easy to order, supportive customer service, fast delivery",0,19,147,0,0,0,1.0,1,0,0.9413,1,0,1,0.0,0,1,0,5.0,0.0
4c25cbe6-becb-4c70-b47c-25df240e4747,Amazon,E-commerce,Ron Lastname,Unknown,3,2025-10-25 15:11:24,"In the latest update (before 10/25/25), when I add an item to my watch list, the black slide-up bar that says it's saved to my list is no longer readable, it gets hidden by the overlay bar at the bottom.","in the latest update (before 10/25/25), when i add an item to my watch list, the black slide-up bar that says it's saved to my list is no longer readable, it gets hidden by the overlay bar at the bottom.",0,40,203,0,0,0,0.85,0,0,0.1531,1,0,1,0.0,0,1,0,3.0,0.0
5d69435f-8dbd-458f-ae17-cda7b6c1b547,Amazon,E-commerce,Tim Norlock,Unknown,1,2025-10-25 15:44:20,FIX YOUR PAYMENT ISSUES!!! USELESS APP,fix your payment issues!!! useless app,4,6,38,0,0,6,1.0,0,1,-0.5684,1,0,1,0.0,0,1,0,1.0,0.0
9a156ff8-236f-430f-9982-1edf823913b9,Amazon,E-commerce,Ryan Burnett,Unknown,5,2025-10-25 15:50:50,Always good service.,always good service.,0,3,20,0,0,0,1.0,0,0,0.4404,1,0,1,0.0,0,1,0,5.0,0.0
adac6234-be62-4a61-815b-57082fa08f36,Amazon,E-commerce,S M,Unknown,1,2025-10-25 16:25:14,STUPID ADD MAKES ME COME HERE BAD AMAZON,stupid add makes me come here bad amazon,0,8,40,0,0,8,1.0,0,0,-0.7351,1,0,1,0.0,0,1,0,1.0,0.0
52a3ed5b-b226-4dc5-9bc8-4837ba9adc7f,Amazon,E-commerce,Autodidactic Peasant (The Angel's Share),Unknown,1,2025-10-25 16:46:12,Amazon refuses to process my order. I need to confirm it's me. ALL OF THE CUSTOMER SERVICE FEATURES ARE OFFLINE!!! WTH IS THIS!?!,amazon refuses to process my order. i need to confirm it's me. all of the customer service features are offline!!! wth is this!?!,2,23,129,0,0,11,0.9565217391304348,0,0,-0.6562,1,0,1,0.0,0,1,0,1.0,0.0
abfe4fb6-3ac7-4e4d-ad38-378c6d667a00,Amazon,E-commerce,Norman Tuimaseve,Unknown,5,2025-10-25 16:48:26,best online shopping experience ever!,best online shopping experience ever!,0,5,37,0,0,0,1.0,0,0,0.6696,1,0,1,0.0,0,1,0,5.0,0.0
af175165-44ce-4234-bcf9-aff9b49590b3,Amazon,E-commerce,Desirae Graves,Unknown,5,2025-10-25 17:09:12,Amazon has it all.,amazon has it all.,0,4,18,0,0,0,1.0,0,0,0.1779,1,0,1,0.0,0,1,0,5.0,0.0
2faa297b-df95-4c94-9ac1-dc6e67e29d5e,Amazon,E-commerce,Oz Mowszowski,Unknown,4,2025-10-25 17:55:13,It's Amazon.,it's amazon.,0,2,12,0,0,0,1.0,0,0,0.1779,1,0,1,0.0,0,1,0,4.0,0.0
d547d75b-526e-4b24-a029-3a2a877925bb,Amazon,E-commerce,Jill Parise,Unknown,1,2025-10-25 17:57:36,I want my prime back only on my phone,i want my prime back only on my phone,0,9,37,0,0,0,0.8888888888888888,0,0,0.0772,1,0,1,0.0,0,1,0,1.0,0.0
6e078b66-6f50-4cbc-a999-b6d256f41151,Amazon,E-commerce,James Espiritu,Unknown,1,2025-10-25 18:31:32,the amazon website on browser literally works faster than this abomination,the amazon website on browser literally works faster than this abomination,0,11,74,0,0,0,1.0,1,0,0.1779,1,0,1,0.0,0,1,0,1.0,0.0
7878fce2-62a1-4fd5-8078-61d0f6422b61,Amazon,E-commerce,Arthur Deschenes,Unknown,1,2025-10-25 18:44:27,I STILL CANNOT SIGN ON AMAZON PRIME AT ALL.,i still cannot sign on amazon prime at all.,0,9,43,0,0,8,1.0,0,0,-0.1326,1,0,1,0.0,0,1,0,1.0,0.0
54ca81c0-8d97-4a61-aa77-becda4d61423,Amazon,E-commerce,Donna Mann,Unknown,5,2025-10-25 19:30:34,fast and easy to use,fast and easy to use,0,5,20,0,0,0,1.0,0,0,0.4404,1,0,1,0.0,0,1,0,5.0,0.0
ed4146d0-a90c-4dac-bb10-949132ca14a0,Amazon,E-commerce,J. K.W.,Unknown,1,2025-10-25 19:34:23,"THE NEW GIGANTIC INTERRUPTION SAYING ""complete your basket with these items"" is SO AGGRAVATING WHILE TRYING TO SHOP !!!!!!!! I will buy my items somewhere else","the new gigantic interruption saying ""complete your basket with these items"" is so aggravating while trying to shop !!!!!!!! i will buy my items somewhere else",1,26,159,0,0,11,1.0,0,0,-0.7604,1,0,1,0.0,0,1,0,1.0,0.0
c3cd697e-817d-4824-bd67-efec5a792cb6,Amazon,E-commerce,Mariann Boyd,Unknown,1,2025-10-25 19:50:00,not opening,not opening,0,2,11,0,0,0,1.0,0,0,0.0,1,0,1,0.0,0,1,0,1.0,0.0
7dd5d6c2-68f8-4717-a76a-1b92b5e97ba9,Amazon,E-commerce,Toep Aankope,Unknown,3,2025-10-25 19:52:33,No dark mode. Unusable at night.,no dark mode. unusable at night.,0,6,32,0,0,0,1.0,0,0,-0.296,1,0,1,0.0,0,1,0,3.0,0.0
cc20e21a-504c-42d9-8709-d55e1c885a50,Amazon,E-commerce,Patrick Carraway,Unknown,5,2025-10-25 19:59:19,it's all good,it's all good,0,3,13,0,0,0,1.0,0,0,0.4404,1,0,1,0.0,0,1,0,5.0,0.0
c7ad588a-260a-4539-bf07-6711eb0a44ad,Amazon,E-commerce,Jomo Nkalanga,Unknown,4,2025-10-25 20:26:30,i don't know is free delivery or not,i don't know is free delivery or not,0,8,36,0,0,0,1.0,1,0,-0.4023,1,0,1,0.0,0,1,0,4.0,0.0
033d5ac8-1422-4f0e-b220-cf9eb11b8904,Amazon,E-commerce,Olivia “Via Englamoore” England,Unknown,2,2025-10-25 20:28:30,"Do NOT subscribe or try out for the free trial. They WILL make it horribly difficult to cancel and if you do the trial, you CAN'T cancel it at all unless you get a new bank card.","do not subscribe or try out for the free trial. they will make it horribly difficult to cancel and if you do the trial, you can't cancel it at all unless you get a new bank card.",2,37,178,0,0,3,0.8378378378378378,1,0,-0.4329,1,0,1,0.0,0,1,0,2.0,0.0
3902b062-386d-472e-aaa4-f60862b9d666,Amazon,E-commerce,Dee Chikanya,Unknown,5,2025-10-25 20:34:49,it's good got good prices but that's what's expected right ✅️ b👍😄,it's good got good prices but that's what's expected right ✅️ b👍😄,0,12,65,2,0,0,0.9166666666666666,0,0,0.8793,1,0,1,0.0,0,1,0,5.0,0.0
2671a5a3-1e9d-4079-b0e6-6fd42542a576,Amazon,E-commerce,Debby Dunn,Unknown,1,2025-10-25 21:23:18,all not opening,all not opening,1,3,15,0,0,0,1.0,0,0,0.0,1,0,1,0.0,0,1,0,1.0,0.0
96166cbd-dbc9-42a7-a8d7-9493f56ca31f,Amazon,E-commerce,Marisela Sandoval,Unknown,5,2025-10-25 21:49:01,Best Place For Anything! 😜,best place for anything! 😜,0,5,26,1,0,0,1.0,0,0,0.6696,1,0,1,0.0,0,1,0,5.0,0.0
9c6d7f0c-6e0f-400d-b9fe-d2658c43c7ef,Amazon,E-commerce,Eli Wilson,Unknown,1,2025-10-25 21:49:23,why is it that amazon only partners with scammers? they slowly got rid of anyone reputable and kept only scammers.,why is it that amazon only partners with scammers? they slowly got rid of anyone reputable and kept only scammers.,1,20,114,0,0,0,0.95,0,0,0.1779,1,0,1,0.0,0,1,0,1.0,0.0
1159a2b5-9b74-4f90-992f-c23df499d34f,Amazon,E-commerce,Zion Peters,Unknown,1,2025-10-25 21:57:06,all of my lists have disappeared I cant see any orders in the past month,all of my lists have disappeared i cant see any orders in the past month,0,15,72,0,0,0,1.0,0,1,-0.2263,1,0,1,0.0,0,1,0,1.0,0.0
71fbd453-2d98-4674-8cee-3d4430bee4fa,Amazon,E-commerce,Hannah Trimble,Unknown,1,2025-10-25 22:07:28,99% likely that canceling Prime will frustrate the user!,99% likely that canceling prime will frustrate the user!,1,9,56,0,0,0,1.0,0,0,-0.5093,1,0,1,0.0,0,1,0,1.0,0.0
b27c9b6c-4f17-4e8b-8614-48d71ddf846a,Amazon,E-commerce,Patrick Carroll,Unknown,1,2025-10-25 22:32:39,terrible nothing on it and to exspensive and useless overpriced,terrible nothing on it and to exspensive and useless overpriced,1,10,63,0,0,0,0.9,0,0,-0.7096,1,0,1,0.0,0,1,0,1.0,0.0
1074b7d6-04d2-49ad-bd6d-3a2334598493,Amazon,E-commerce,Aryan Chanchad,Unknown,1,2025-10-25 23:00:44,v v not v I 9ln4,v v not v i 9ln4,0,6,16,0,0,0,0.6666666666666666,0,0,0.0,1,0,1,0.0,0,1,0,1.0,0.0
8c6154db-5c87-47da-ab9a-f2e94749a7bd,Amazon,E-commerce,Deborah Ruppert,Unknown,5,2025-10-25 23:41:11,👍 👌 👍 👌 👍 👌,👍 👌 👍 👌 👍 👌,0,6,11,6,0,0,0.3333333333333333,0,0,0.9545,1,0,1,0.0,0,1,0,5.0,0.0
bf718b9a-146c-45e8-a573-9f2bfa07077c,Amazon,E-commerce,Veeramani Veeramani,Unknown,5,2025-10-26 00:07:25,Supper,supper,0,1,6,0,0,0,1.0,0,0,0.0,1,0,1,0.0,0,1,0,5.0,0.0
1c079a00-cfb1-4750-9465-bc659b756eec,Amazon,E-commerce,Damon Miller,Unknown,5,2025-10-26 01:21:36,it's so much fun I've never been happier with everything. 😁❤️❤️❤️,it's so much fun i've never been happier with everything. 😁❤️❤️❤️,0,11,65,1,0,0,1.0,0,1,0.5862,1,0,1,0.0,0,1,0,5.0,0.0
4fb84ee8-f965-4b8e-b0b5-72864dea243a,Amazon,E-commerce,Valerie Quintana-Miller,Unknown,5,2025-10-26 01:49:47,convenient,convenient,0,1,10,0,0,0,1.0,0,0,0.0,1,0,1,0.0,0,2,0,5.0,0.0
af32c913-d7da-4f74-a66f-13b48cbdedb3,Amazon,E-commerce,scott tysinger,Unknown,5,2025-10-26 01:54:37,Amazon prime is the best Amazon shopping is great too,amazon prime is the best amazon shopping is great too,0,10,53,0,0,0,0.8,0,0,0.8934,1,0,1,0.0,0,1,0,5.0,0.0
9dfc138f-6078-44c7-98c4-4b42ded487dd,Amazon,E-commerce,w i,Unknown,5,2025-10-26 02:21:20,""" EXTRAORDINARY """,""" extraordinary """,0,3,17,0,0,1,0.6666666666666666,0,0,0.0,1,0,1,0.0,0,1,0,5.0,0.0
7bc492a0-60d4-4aad-b815-8ddadd19c0f8,Amazon,E-commerce,Mo Uddin,Unknown,2,2025-10-26 02:23:36,No longer scans floors for see in room function on OnePlus 13,no longer scans floors for see in room function on oneplus 13,0,12,61,0,0,0,1.0,0,0,-0.296,1,0,1,0.0,0,1,0,2.0,0.0
327bed18-a62e-46ea-b7e8-0f0f6081d394,Amazon,E-commerce,Rachelle Pugh,Unknown,1,2025-10-26 03:51:40,Amazon sells clothes from temu. That doesn't last very long and its spendy. Read the reviews!!!,amazon sells clothes from temu. that doesn't last very long and its spendy. read the reviews!!!,1,16,95,0,0,0,1.0,0,0,0.3769,1,0,1,0.0,0,1,0,1.0,0.0
8a482788-cabb-45d9-8abf-3f5ff41bcd1e,Amazon,E-commerce,Khairul Afham Norzi,Unknown,5,2025-10-26 04:46:07,love Amazon❤️,love amazon❤️,0,2,13,0,0,0,1.0,0,0,0.7096,1,0,1,0.0,0,1,0,5.0,0.0
29d12049-e83b-40cc-83dd-60367d446dec,Amazon,E-commerce,Gary Depalmo,Unknown,5,2025-10-26 05:05:38,satisfied,satisfied,0,1,9,0,0,0,1.0,0,0,0.4215,1,0,1,0.0,0,1,0,5.0,0.0
9a39551a-60bb-422a-98f5-84650b27cd4d,Amazon,E-commerce,Diana Perez,Unknown,1,2025-10-26 06:32:26,"card verification is horrible. I keep trying to verify my card for a payment and it won't verify, making amazon cancel my order.","card verification is horrible. i keep trying to verify my card for a payment and it won't verify, making amazon cancel my order.",1,23,128,0,0,0,0.9130434782608695,0,0,-0.72,1,0,1,0.0,0,1,0,1.0,0.0
00a1e55f-9d81-479b-826f-724e44b85150,Amazon,E-commerce,Ladisla Acevedo,Unknown,1,2025-10-26 06:57:19,NO GOOD AT ALL SHAME ON YOU,no good at all shame on you,1,7,27,0,0,7,1.0,0,0,-0.6711,1,0,1,0.0,0,1,0,1.0,0.0
678ee6f7-a45c-4021-8731-d65a2c9a3a34,Amazon,E-commerce,Daniel Abbott,Unknown,5,2025-10-26 08:01:45,"Best shopping experience EVER!! Thanks, Amazon!!!","best shopping experience ever!! thanks, amazon!!!",0,6,49,0,0,1,1.0,0,0,0.8741,1,0,1,0.0,0,1,0,5.0,0.0
a4c23088-44da-478b-8681-dabc089b0fdd,Amazon,E-commerce,Imee jessa Miculob,Unknown,1,2025-10-26 08:15:20,the delivery time is longer than before.,the delivery time is longer than before.,0,7,40,0,0,0,1.0,0,0,0.0,1,0,1,0.0,0,1,0,1.0,0.0
7c64b968-6bd0-43f7-be0e-ccc9ed32b10d,Amazon,E-commerce,Regnimar,Unknown,2,2025-10-26 08:20:06,"It's better the web, only installed it because amazon decided by itself to change destination locker to one without code screen.","it's better the web, only installed it because amazon decided by itself to change destination locker to one without code screen.",0,21,128,0,0,0,0.9523809523809523,1,0,0.5574,1,0,1,0.0,0,1,1,2.0,0.0
d3fb8d59-ce52-4f2b-9efc-2ff5721f687e,Amazon,E-commerce,Tina,Unknown,5,2025-10-26 10:06:36,shopping at your fingertips,shopping at your fingertips,0,4,27,0,0,0,1.0,0,0,0.0,1,0,1,0.0,0,1,0,5.0,0.0
ab85588a-a85c-43ea-b160-62ffac748cd2,Amazon,E-commerce,Patricia King,Unknown,5,2025-10-26 10:15:34,have resealable prices.,have resealable prices.,0,3,23,0,0,0,1.0,0,0,0.0,1,0,1,0.0,0,1,0,5.0,0.0
ed3c615c-ad15-44cb-8ba2-746c7fb593e0,Amazon,E-commerce,Ramy Hassan,Unknown,5,2025-10-26 10:36:53,Great application,great application,0,2,17,0,0,0,1.0,0,1,0.6249,1,0,1,0.0,0,1,0,5.0,0.0
0ef89b97-434a-440e-bbbd-3f0ee555dd2a,Amazon,E-commerce,Destiny,Unknown,5,2025-10-26 10:51:19,It's a great app to hold stuff you like! Great,it's a great app to hold stuff you like! great,0,10,46,0,0,0,0.9,0,1,0.8999,1,0,1,0.0,0,1,0,5.0,0.0
8c5d8e07-93a6-4bd0-8975-6e99e5115d44,Amazon,E-commerce,Stephen Bennett,Unknown,1,2025-10-26 11:21:54,"for some reason it's making me pay for Amazon music separate, not paying for 2 different subscriptions so cancelled","for some reason it's making me pay for amazon music separate, not paying for 2 different subscriptions so cancelled",0,19,115,0,0,0,0.8947368421052632,0,0,-0.3218,1,0,1,0.0,0,1,0,1.0,0.0
e752a18e-e8dc-46db-82fc-6da6dace2eaa,Amazon,E-commerce,Rico Lourens,Unknown,1,2025-10-26 12:02:11,doesn’t work on my samsung a56 :(,doesn’t work on my samsung a56 :(,0,7,33,0,0,0,1.0,0,0,-0.4404,1,0,1,0.0,0,1,0,1.0,0.0
82e3bf23-28c9-4a10-b38f-b8c45a0f85b5,Amazon,E-commerce,Aarif Khan,Unknown,1,2025-10-26 12:48:31,"They are sending really spoiled products these days, don't ever buy from Amazon, and amazon's team is also hilarious they dont solve your problem at all they are the problem","they are sending really spoiled products these days, don't ever buy from amazon, and amazon's team is also hilarious they dont solve your problem at all they are the problem",0,30,173,0,0,0,0.8666666666666667,0,0,0.3326,1,0,1,0.0,0,1,0,1.0,0.0
bd68b392-c247-4dc0-9c88-4ded61f6a45f,Amazon,E-commerce,Jana osama Saad,Unknown,5,2025-10-26 13:17:10,amazing 😍😍,amazing 😍😍,0,2,10,2,0,0,1.0,0,0,0.8689,1,0,1,0.0,0,1,0,5.0,0.0
8e6fdbfb-a106-4abf-a80a-89129319d2c8,Amazon,E-commerce,Tina Kitching-DeVere,Unknown,5,2025-10-26 13:18:03,Excellent as always A+++++,excellent as always a+++++,0,4,26,0,0,1,1.0,0,0,0.5719,1,0,1,0.0,0,1,0,5.0,0.0
3ecfa188-a199-40ae-80e6-08af1f98766d,Amazon,E-commerce,Jenifer Mofokeng,Unknown,5,2025-10-26 13:27:10,"Amazon is honestly the best online store ever, I don't care what anyone says. Their prices, delivery and product variety are just unbeatable.","amazon is honestly the best online store ever, i don't care what anyone says. their prices, delivery and product variety are just unbeatable.",0,23,141,0,0,0,1.0,0,0,0.7409,1,0,1,0.0,0,1,0,5.0,0.0
187c9f2c-c615-4bd7-97b3-0bbc9db48073,Amazon,E-commerce,ricky jensen,Unknown,5,2025-10-26 13:39:32,"amazon Is the best store to shop at. they have everything I need and want! they have great prices, great deals, a huge selection of great items.","amazon is the best store to shop at. they have everything i need and want! they have great prices, great deals, a huge selection of great items.",0,27,144,0,0,0,0.8518518518518519,1,0,0.9686,1,0,1,0.0,0,1,0,5.0,0.0
692d07ad-8cb8-4cbd-8c73-a1294d199cbb,Amazon,E-commerce,MOHAMMED ABDELSATER,Unknown,1,2025-10-26 13:45:08,تجربه فاشلة للتسوق وإن شاء الله مش هتتكرر,تجربه فاشلة للتسوق وإن شاء الله مش هتتكرر,0,8,41,0,0,0,1.0,0,0,0.0,1,0,1,0.0,0,1,0,1.0,0.0
969d7392-addd-4c33-a516-e562adc80320,Amazon,E-commerce,Merche Tomàs,Unknown,2,2025-10-26 14:13:49,it has changed for worse,it has changed for worse,0,5,24,0,0,0,1.0,0,0,-0.4767,1,0,1,0.0,0,1,0,2.0,0.0
a07a85ff-a143-400f-ad21-47002f617e47,Amazon,E-commerce,asmat khan,Unknown,5,2025-10-26 14:32:55,I love you Amazon,i love you amazon,0,4,17,0,0,0,1.0,0,0,0.7096,1,0,1,0.0,0,1,0,5.0,0.0
7f6c7f02-0a7c-4e77-a9bb-efb083a45bbe,Amazon,E-commerce,Joycelyn Rudder-Jacob,Unknown,5,2025-10-26 14:33:40,LOVE IT DO MUCH THIS APP DOES NOT SCAM,love it do much this app does not scam,0,9,38,0,0,9,1.0,0,1,0.8019,1,0,1,0.0,0,1,0,5.0,0.0
335f8af9-4400-4bcb-97df-1dde1cdebb8e,Amazon,E-commerce,Hiba Gehar,Unknown,1,2025-10-26 14:35:48,"I really wanna buy some clothes form Amazon, but the app doesn't come in dark mode. Unbelievable!!! It's 2025 ffs... You can convince me you don't have the money, for this trivial matter..","i really wanna buy some clothes form amazon, but the app doesn't come in dark mode. unbelievable!!! it's 2025 ffs... you can convince me you don't have the money, for this trivial matter..",0,33,188,0,0,0,0.9393939393939394,0,1,-0.4702,1,0,1,0.0,0,1,0,1.0,0.0
41f6d5dd-453a-432e-a8ee-1ad4511bf192,Amazon,E-commerce,Shane Fernandes,Unknown,5,2025-10-26 15:18:25,Supred,supred,0,1,6,0,0,0,1.0,0,0,0.0,1,0,1,0.0,0,1,0,5.0,0.0
cee1b56e-ba9f-4c23-9fac-d9e92df11556,Amazon,E-commerce,Karen White,Unknown,1,2025-10-26 15:38:50,"changing ui, unable to see my orders, babye","changing ui, unable to see my orders, babye",0,8,43,0,0,0,1.0,0,0,0.0,1,0,1,0.0,0,1,0,1.0,0.0
f863b6f7-d0b6-4a0c-9dba-b49b603c90cc,Amazon,E-commerce,Gustavo Olvera,Unknown,5,2025-10-26 15:59:16,Simply amazing!!!,simply amazing!!!,0,2,17,0,0,0,1.0,0,0,0.6884,1,0,1,0.0,0,1,0,5.0,0.0
f9e8fa95-f6a4-4217-abd7-e9570a658b4e,Amazon,E-commerce,Abdel-Maged Ahmed,Unknown,1,2025-10-26 16:04:24,ازبل شركة ومندوبين توصيل زبالة,ازبل شركة ومندوبين توصيل زبالة,0,5,30,0,0,0,1.0,0,0,0.0,1,0,1,0.0,0,1,0,1.0,0.0
1be35698-9a02-44f4-b461-f9f5d67ce05b,Amazon,E-commerce,Barbara Scott,Unknown,5,2025-10-26 16:20:33,Top picks on shopping app!,top picks on shopping app!,0,5,26,0,0,0,1.0,0,1,0.2714,1,0,1,0.0,0,1,0,5.0,0.0
175ab7b3-22e4-4d79-8952-1b1b805a4ef6,Amazon,E-commerce,Gerardo Puga,Unknown,5,2025-10-26 16:21:24,100x100 satisfied,100x100 satisfied,0,2,17,0,0,0,1.0,0,0,0.4215,1,0,1,0.0,0,1,0,5.0,0.0
1e9d8a97-f215-4bce-a544-3c8e706cb6d1,Amazon,E-commerce,Nancy Fung,Unknown,1,2025-10-26 16:35:17,"My order was cancelled without any notice, I can't even find the cancelled order in my account. As for customer service, there is no way of contacting them.","my order was cancelled without any notice, i can't even find the cancelled order in my account. as for customer service, there is no way of contacting them.",0,28,156,0,0,0,0.8928571428571429,0,0,-0.6369,1,0,1,0.0,0,1,0,1.0,0.0
edd9d66d-1acb-4e27-8856-ff4b8ca68f23,Amazon,E-commerce,James DeGroot,Unknown,1,2025-10-26 16:39:55,"this app is going to 💩. over complicated, and I could get over that if it would work. always have issues with it.","this app is going to 💩. over complicated, and i could get over that if it would work. always have issues with it.",0,23,113,1,0,0,0.9565217391304348,0,1,0.0,1,0,1,0.0,0,1,0,1.0,0.0
de344232-7911-407a-856c-f25488d7a7a8,Amazon,E-commerce,Caitlynn Talley,Unknown,2,2025-10-26 16:54:53,im getting really tired of paying to have stuff by a certain time and it's always late,im getting really tired of paying to have stuff by a certain time and it's always late,0,17,86,0,0,0,1.0,0,0,-0.2716,1,0,1,0.0,0,1,0,2.0,0.0
0d109d32-36f4-4ec1-ba25-343b7b92a7b7,Amazon,E-commerce,Sheralee Rippon,Unknown,5,2025-10-26 16:57:17,best site,best site,0,2,9,0,0,0,1.0,0,0,0.6369,1,0,1,0.0,0,1,0,5.0,0.0
8f0eb000-ceb4-4299-9e10-2a4852466773,Amazon,E-commerce,Steph Shea,Unknown,5,2025-10-26 17:53:13,love Amazon for shopping and quick next day delivery's x,love amazon for shopping and quick next day delivery's x,0,10,56,0,0,0,1.0,0,0,0.7096,1,0,1,0.0,0,1,0,5.0,0.0
3591398b-530c-4386-aaa2-84086df5b92c,Amazon,E-commerce,David Jensen,Unknown,1,2025-10-26 18:06:09,don't share and 3rd party don't contact me,don't share and 3rd party don't contact me,0,8,42,0,0,0,0.875,0,0,0.2052,1,0,1,0.0,0,1,0,1.0,0.0
4af55dab-97d6-4bbc-8472-5c385e682483,Amazon,E-commerce,Luke Armstrong,Unknown,4,2025-10-26 18:18:29,decent app but needs dark mode option that white background burns your eyes when shopping in a dark room even with brightness on lowest,decent app but needs dark mode option that white background burns your eyes when shopping in a dark room even with brightness on lowest,0,24,135,0,0,0,0.9583333333333334,0,1,0.0,1,0,1,0.0,0,1,0,4.0,0.0
948cc0f6-0637-4553-b54d-716498700625,Amazon,E-commerce,Damien Clark,Unknown,5,2025-10-26 18:21:44,I love amazon and their customer service is always so understanding with me thank you customer service team for your above and beyond assistance hospitality and compassion,i love amazon and their customer service is always so understanding with me thank you customer service team for your above and beyond assistance hospitality and compassion,0,27,171,0,0,0,0.8518518518518519,0,0,0.886,1,0,1,0.0,0,1,0,5.0,0.0
c95e066c-a4c5-4757-8362-ffb69de2db6b,Amazon,E-commerce,Jesse Chingee,Unknown,5,2025-10-26 18:25:16,fukbtgevfubar scmbagfer ternieshane loaden not here and Rob and Danny their acared,fukbtgevfubar scmbagfer ternieshane loaden not here and rob and danny their acared,0,12,82,0,0,0,0.9166666666666666,0,0,0.4449,1,0,1,0.0,0,1,0,5.0,0.0
ff1645fd-1bca-45ba-82ec-8a54ed3b9802,Amazon,E-commerce,David,Unknown,1,2025-10-26 18:39:42,"continues to allow Chinese companies to create businesses, sell items, take our money, and never ship the items. 10/26 another fake Chinese account stole my money. k pop demon hunter costume for my 4 year old daughter","continues to allow chinese companies to create businesses, sell items, take our money, and never ship the items. 10/26 another fake chinese account stole my money. k pop demon hunter costume for my 4 year old daughter",0,37,217,0,0,0,0.918918918918919,0,0,-0.0258,1,0,4,319434.0,0,1,0,3.0,2.309401076758503
86c834f5-4690-4c63-8e42-ad6e90e91214,Amazon,E-commerce,fork,Unknown,1,2025-10-26 18:44:40,very bad application. it has given greate offer then after spending 1 hour addinv items to the cart they cancelled the order. just so you we dont need you there many alternatives to you...,very bad application. it has given greate offer then after spending 1 hour addinv items to the cart they cancelled the order. just so you we dont need you there many alternatives to you...,0,34,188,0,0,0,0.9117647058823529,1,1,-0.6997,1,0,1,0.0,0,1,0,1.0,0.0
5901655e-49a6-48ea-9be9-f8e3e2c76cee,Amazon,E-commerce,Ravenmations YT,Unknown,1,2025-10-26 19:03:21,Workers rights violations all the time,workers rights violations all the time,1,6,38,0,0,0,1.0,0,0,-0.5267,1,0,1,0.0,0,1,0,1.0,0.0
c69ab496-4a97-458e-9a15-3aa23bf7c26f,Amazon,E-commerce,MARK BLETSOE,Unknown,5,2025-10-26 19:04:06,just shop!,just shop!,0,2,10,0,0,0,1.0,0,0,0.0,1,0,1,0.0,0,1,0,5.0,0.0
401fe266-00a9-4ba2-a7ed-0ebbf014859d,Amazon,E-commerce,Matt Rigby,Unknown,2,2025-10-26 19:15:48,"The app works, but the promised delivery time is wrong 90% of the time. They blame on the carrier, the carrier blames them.","the app works, but the promised delivery time is wrong 90% of the time. they blame on the carrier, the carrier blames them.",2,23,123,0,0,0,0.8260869565217391,0,1,-0.8201,1,0,1,0.0,0,1,0,2.0,0.0
e6f91c4a-fcf8-4766-89c0-0084116eb991,Amazon,E-commerce,Ray Baker,Unknown,4,2025-10-26 19:25:56,Awesome,awesome,0,1,7,0,0,0,1.0,0,0,0.6249,1,0,1,0.0,0,3,0,4.0,0.0
57a5126a-1c75-4860-a104-d933dcd00671,Amazon,E-commerce,David Staples,Unknown,5,2025-10-26 20:19:23,great price ... prompt service,great price ... prompt service,0,5,30,0,0,0,1.0,0,0,0.6249,1,0,1,0.0,0,1,0,5.0,0.0
4638acde-79d9-46eb-9794-b06719cb048b,Amazon,E-commerce,Ruth -less,Unknown,1,2025-10-26 20:41:42,stupid app is hard to use. Cant find old orders wont pull up a canceled order and it didnt even ask me which address to send my items too. just choose the default address i had. very frustrating.,stupid app is hard to use. cant find old orders wont pull up a canceled order and it didnt even ask me which address to send my items too. just choose the default address i had. very frustrating.,1,38,195,0,0,0,0.9473684210526315,0,1,-0.7902,1,0,1,0.0,0,1,0,1.0,0.0
4538af4d-bc2f-49bc-99f2-7d218c63b03e,Amazon,E-commerce,Shelly,Unknown,1,2025-10-26 20:49:54,Over rated. Terrible return service!,over rated. terrible return service!,1,5,36,0,0,0,1.0,0,0,-0.5255,1,0,1,0.0,0,1,0,1.0,0.0
147e00eb-2b02-4597-b07e-9d075ef871d6,Amazon,E-commerce,Diane Rowell,Unknown,5,2025-10-26 20:58:51,I miss my mom too 😭,i miss my mom too 😭,0,6,19,1,0,0,1.0,0,0,-0.5719,1,0,1,0.0,0,1,1,5.0,0.0
acf981c5-0da2-499f-af70-445dc96a8842,Amazon,E-commerce,Lynnette Burgos,Unknown,1,2025-10-26 21:12:54,fix this bull with family sharing! how greedy can u get!,fix this bull with family sharing! how greedy can u get!,0,11,56,0,0,0,1.0,0,0,0.2695,1,0,1,0.0,0,1,0,1.0,0.0
4cdc3fc6-68a9-40eb-8721-148fcde1fccb,Amazon,E-commerce,Ashlyn Charron,Unknown,2,2025-10-26 21:36:24,"I ordered Airpods with a headband thing but the Airpods never came only the headband, I paid 29.99 for a silicon headband with Airpods but only a silicon piece came.","i ordered airpods with a headband thing but the airpods never came only the headband, i paid 29.99 for a silicon headband with airpods but only a silicon piece came.",0,30,165,0,0,0,0.6333333333333333,0,0,0.0,1,0,1,0.0,0,1,0,2.0,0.0
e3f3ee3f-1b04-40a3-ac5a-0ce355bad94d,Amazon,E-commerce,Alisha,Unknown,2,2025-10-26 22:31:51,Excessive and invasive permissions even for basic use. Thumbs down,excessive and invasive permissions even for basic use. thumbs down,1,10,66,0,0,0,1.0,0,0,0.0,1,0,1,0.0,0,1,0,2.0,0.0
dd7930ab-80ab-4ffb-8b22-192509f4034d,Amazon,E-commerce,Johnny Caylor,Unknown,3,2025-10-26 22:37:14,kinda pricey,kinda pricey,0,2,12,0,0,0,1.0,0,0,0.0,1,0,1,0.0,0,1,0,3.0,0.0
1a0f27ed-a69b-4210-b2a7-b2eb58808b40,Amazon,E-commerce,DEW,Unknown,5,2025-10-26 23:05:25,A+ everything,a+ everything,0,2,13,0,0,1,1.0,0,0,0.0,1,0,1,0.0,0,1,0,5.0,0.0
922695b4-3315-46d4-b858-eb4964768548,Amazon,E-commerce,Joyce B,Unknown,5,2025-10-26 23:05:47,love the daily deals,love the daily deals,0,4,20,0,0,0,1.0,1,0,0.6369,1,0,1,0.0,0,1,0,5.0,0.0
cd2ada66-27c6-46bc-8c0d-58ee3ad64cc7,Amazon,E-commerce,Mark Schaffer,Unknown,1,2025-10-26 23:17:13,Unacceptable service from this company. Late deliveries constantly for the past three weeks.,unacceptable service from this company. late deliveries constantly for the past three weeks.,1,13,92,0,0,0,1.0,0,0,-0.4588,1,0,1,0.0,0,1,0,1.0,0.0
02477e9f-8b7a-47e5-981e-517210edc0ea,Amazon,E-commerce,Christopher Arvizu,Unknown,5,2025-10-26 23:59:30,its a love/hate relationship and im addicted,its a love/hate relationship and im addicted,0,7,44,0,0,0,1.0,0,0,0.0,1,0,1,0.0,0,1,0,5.0,0.0
971921a0-3b20-400c-9288-7adaa0d2fdc4,Amazon,E-commerce,Pauline L,Unknown,5,2025-10-27 00:09:50,"We love Amazon customer service. They are ALWAYS polite, very patient and VERY helpful. We truly appreciate our delivery drivers as well. They work hard to bring stuff right to our door!","we love amazon customer service. they are always polite, very patient and very helpful. we truly appreciate our delivery drivers as well. they work hard to bring stuff right to our door!",0,32,186,0,0,2,0.84375,0,1,0.9418,1,0,1,0.0,0,1,0,5.0,0.0
122edd26-7af9-40d9-a3a6-d76bb1078b01,Amazon,E-commerce,Josh W.,Unknown,1,2025-10-27 00:22:29,"I cannot say it's the worst company that exists today, but it's definitely up there. 👎🏻","i cannot say it's the worst company that exists today, but it's definitely up there. 👎🏻",1,16,87,2,0,0,0.9375,0,0,0.25,1,0,1,0.0,0,1,0,1.0,0.0
1383cb03-be21-4018-9a3f-ad6c7e2dee3d,Amazon,E-commerce,Adi B,Unknown,1,2025-10-27 00:26:59,app doesn't even give an option to talk customer support if the shipment is delayed. if this is how they treat prime members I'm going to cancel prime.,app doesn't even give an option to talk customer support if the shipment is delayed. if this is how they treat prime members i'm going to cancel prime.,1,28,151,0,0,0,0.8928571428571429,0,1,0.3612,1,0,1,0.0,0,1,0,1.0,0.0
4b6aaa57-6e06-4f90-8bd3-324f47338f1d,Amazon,E-commerce,Kailyn Earley,Unknown,1,2025-10-27 00:42:13,"I can't even make an account, it wont let me because ""suspicious activities"". This is a new phone and I've never used Amazon with this email.","i can't even make an account, it wont let me because ""suspicious activities"". this is a new phone and i've never used amazon with this email.",0,26,141,0,0,0,0.9615384615384616,0,0,-0.4621,1,0,1,0.0,0,1,0,1.0,0.0
49d1e07a-5e17-4e99-b3db-1ff74e01ea96,Amazon,E-commerce,Aysha Sanders,Unknown,1,2025-10-27 01:01:51,Blurred lines when trying to view the app,blurred lines when trying to view the app,1,8,41,0,0,0,1.0,0,1,0.0,1,0,1,0.0,0,1,0,1.0,0.0
162be1d0-f6cb-45fd-91c3-c2884f7dbc03,Amazon,E-commerce,Savanna,Unknown,5,2025-10-27 01:10:12,100% the best of the best!!!,100% the best of the best!!!,0,6,28,0,0,0,0.8333333333333334,0,0,0.8827,1,0,1,0.0,0,1,0,5.0,0.0
e1bde923-ee87-4ec6-a08c-0b54cc382fc2,Amazon,E-commerce,Julian Valdez,Unknown,5,2025-10-27 01:13:51,#1 online shopping experience,#1 online shopping experience,0,4,29,0,0,0,1.0,0,0,0.0,1,0,1,0.0,0,1,0,5.0,0.0
589ebaa0-4043-4829-b161-4cc8fe8ed76e,Amazon,E-commerce,S Myles,Unknown,5,2025-10-27 01:47:44,great service,great service,0,2,13,0,0,0,1.0,0,0,0.6249,1,0,1,0.0,0,2,0,5.0,0.0
64aa76ba-19b8-4238-972e-e9d96afb6144,Amazon,E-commerce,Steven Drew,Unknown,5,2025-10-27 02:12:22,"Next day delivery,wouldn't be without a prime account now. 👌","next day delivery,wouldn't be without a prime account now. 👌",0,10,60,1,0,0,1.0,0,0,0.7297,1,0,1,0.0,0,1,0,5.0,0.0
0a4d7c81-dbce-4352-a916-c790c1333350,Amazon,E-commerce,Its me,Unknown,1,2025-10-27 02:25:10,almost impossible to find chat they keep moving it,almost impossible to find chat they keep moving it,1,9,50,0,0,0,1.0,0,0,0.0,1,0,1,0.0,0,1,0,1.0,0.0
0e89382f-50c9-450c-a7cb-544e3e645db0,Amazon,E-commerce,Y. Elena Sanchez,Unknown,5,2025-10-27 02:50:37,I shop here all the time.,i shop here all the time.,0,6,25,0,0,0,1.0,0,0,0.0,1,0,1,0.0,0,1,0,5.0,0.0
64af6f76-996e-4d8a-bf4b-73726ac8900a,Amazon,E-commerce,Julian209fr,Unknown,5,2025-10-27 03:48:31,it the best I order smt and it comes right the next time it desires 5 stars,it the best i order smt and it comes right the next time it desires 5 stars,0,17,75,0,0,0,0.8235294117647058,0,0,0.6369,1,0,1,0.0,0,1,0,5.0,0.0
d07429f5-8880-4ac3-b34d-5de8d8c3ca35,Amazon,E-commerce,Simon Green,Unknown,2,2025-10-27 09:02:11,Latest update is a pain. switch to a different app and come back and it takes you to the home page away from the product I was looking at. annoying when you're busy.,latest update is a pain. switch to a different app and come back and it takes you to the home page away from the product i was looking at. annoying when you're busy.,6,33,165,0,0,0,0.8787878787878788,0,1,-0.7184,1,0,1,0.0,0,1,0,2.0,0.0
2faccc94-08c1-4e0d-bf50-ad951672d62b,Amazon,E-commerce,Mike Ambrose,Unknown,3,2025-10-27 09:50:21,"Latest version has a ton of bugs. From country misconfig, font size issues, to access issues of basket. Disaster, who approved those changes.","latest version has a ton of bugs. from country misconfig, font size issues, to access issues of basket. disaster, who approved those changes.",1,23,141,0,0,0,0.9565217391304348,0,1,-0.3182,1,0,1,0.0,0,1,0,3.0,0.0
38c663da-d3db-4659-8571-de47a6aa732c,Amazon,E-commerce,Jeffrey Jameson,Unknown,5,2025-10-27 12:10:47,I've always had a good experience on Amazon. Even if I had to return something it was very easy.,i've always had a good experience on amazon. even if i had to return something it was very easy.,0,19,96,0,0,0,0.9473684210526315,0,0,0.7778,1,0,1,0.0,0,1,0,5.0,0.0
6c6a6e9c-925b-4adc-8acb-b572ba792119,Amazon,E-commerce,Ximena Renata Rodriguez Reyes,Unknown,2,2025-10-27 12:47:27,"TELL ME ONE DAY THAT AMAZON DOESN'T HAVE AN ERROR IN ITS SYSTEM, ONE","tell me one day that amazon doesn't have an error in its system, one",1,14,68,0,0,14,0.9285714285714286,0,0,0.4512,1,0,1,0.0,0,1,0,2.0,0.0
23f69660-e558-4e6c-80dc-a5d6df9ec79a,Amazon,E-commerce,Samuel Edworthy,Unknown,2,2025-10-27 14:07:49,the website or app won't open,the website or app won't open,1,6,29,0,0,0,1.0,1,1,0.0,1,0,1,0.0,0,1,0,2.0,0.0
9f2a480e-0055-4dc9-ac2c-9abd1ba2d5f3,Amazon,E-commerce,Espie Rodriguez,Unknown,5,2025-10-27 14:13:14,I love the convenience of shopping Amazon.,i love the convenience of shopping amazon.,0,7,42,0,0,0,1.0,0,0,0.7096,1,0,1,0.0,0,1,0,5.0,0.0
6f5a4d77-7cd7-4a41-913d-0cd31086827c,Amazon,E-commerce,Yassin Hossam,Unknown,1,2025-10-27 14:17:04,بجد حاجه مقرفه الاوردر بيتغلي لوحده و انا زهقت و بقيت بستخدم نوون احسن بكتير من الapp ده,بجد حاجه مقرفه الاوردر بيتغلي لوحده و انا زهقت و بقيت بستخدم نوون احسن بكتير من الapp ده,0,18,88,0,0,0,0.9444444444444444,0,1,0.0,1,0,1,0.0,0,1,0,1.0,0.0
762df2bd-6498-4c95-996c-c84225f7bf1c,Amazon,E-commerce,Bull Barn,Unknown,5,2025-10-27 14:24:11,Pleasantly surprised at the helpfulness of this app. Especially the expedient push notifications of delivery status (i.e. driver arrival heads-up).,pleasantly surprised at the helpfulness of this app. especially the expedient push notifications of delivery status (i.e. driver arrival heads-up).,0,20,147,0,0,0,0.9,0,1,0.7845,1,0,1,0.0,0,1,0,5.0,0.0
3798477f-b3fd-4e0f-aaa4-21ebd8dc6606,Amazon,E-commerce,Muhammad Qochqarov,Unknown,2,2025-10-27 14:38:34,Мухаммадалй,мухаммадалй,0,1,11,0,0,0,1.0,0,0,0.0,1,0,1,0.0,0,1,0,2.0,0.0
08c28432-89ea-4d9c-954c-491c60fbc5e0,Amazon,E-commerce,Shayna Wilson,Unknown,5,2025-10-27 16:33:27,keep it up guys! thank you very much,keep it up guys! thank you very much,0,8,36,0,0,0,1.0,0,0,0.4199,1,0,1,0.0,0,1,0,5.0,0.0
d90487c8-f095-4c64-86bd-ff569aa47a80,Amazon,E-commerce,Matilda Corbell,Unknown,1,2025-10-27 16:37:41,Amazon shopping not wanted,amazon shopping not wanted,0,4,26,0,0,0,1.0,0,0,0.1779,1,0,1,0.0,0,1,0,1.0,0.0
0ad37928-23d0-4f0f-9ac4-126fb8ccff53,Amazon,E-commerce,karim cesar,Unknown,1,2025-10-27 16:52:01,اسو خدمه عملاء اسوء مندوبين شحن نفس المشكله و نفس الكومنت بعد سنه,اسو خدمه عملاء اسوء مندوبين شحن نفس المشكله و نفس الكومنت بعد سنه,0,13,65,0,0,0,0.9230769230769231,0,0,0.0,1,0,1,0.0,0,1,0,1.0,0.0
8bf0b64b-1e42-4766-8df3-1ead7f9e9ff2,Amazon,E-commerce,Annie Zuma,Unknown,1,2025-10-27 17:20:17,"they declined my order because my online limits was exceeded, and they wanted me to pay with EFT by fire by force ,this app is useless","they declined my order because my online limits was exceeded, and they wanted me to pay with eft by fire by force ,this app is useless",0,26,134,0,0,1,0.8846153846153846,0,1,-0.6808,1,0,1,0.0,0,1,0,1.0,0.0
742694f5-04a3-4745-84c1-d1a6a2a082dd,Amazon,E-commerce,Marilyn Furio,Unknown,1,2025-10-27 17:40:49,a lot of time almost half month I keep calling and updating about my refund but no one solve that problem amazon really???????,a lot of time almost half month i keep calling and updating about my refund but no one solve that problem amazon really???????,0,23,126,0,0,0,1.0,0,0,-0.7991,1,0,1,0.0,0,1,0,1.0,0.0
ab1f9a96-d652-4b03-a637-aeb9fc71aa80,Amazon,E-commerce,Steven,Unknown,5,2025-10-27 17:41:54,delete,delete,0,1,6,0,0,0,1.0,0,0,0.0,1,0,1,0.0,0,1,0,5.0,0.0
a349d4a0-b3be-4e5a-b82a-72f5febac196,Amazon,E-commerce,Shawn Pitz,Unknown,4,2025-10-27 17:45:40,very easy to find what you're looking for and very great delivery.,very easy to find what you're looking for and very great delivery.,0,12,66,0,0,0,0.9166666666666666,0,0,0.8218,1,0,1,0.0,0,1,0,4.0,0.0
08592bf6-c4ff-4f85-acde-5f494e182fcd,Amazon,E-commerce,Carolyn M,Unknown,1,2025-10-27 17:52:41,The app never works right even with multiple updates a week. POS!,the app never works right even with multiple updates a week. pos!,38,12,65,0,0,1,1.0,0,1,0.0,1,0,1,0.0,0,1,0,1.0,0.0
923e6028-ee6d-4512-a666-f67919427ed8,Amazon,E-commerce,Suzanne maughan,Unknown,5,2025-10-27 18:06:09,"easy, clear, great choices","easy, clear, great choices",0,4,26,0,0,0,1.0,0,0,0.8625,1,0,1,0.0,0,1,0,5.0,0.0
6e3c77d6-258b-4eb3-917e-665b454f8e22,Amazon,E-commerce,Margaret Tos,Unknown,5,2025-10-27 18:15:33,"I love shopping Amazon. its so convenient, good prices, and quick delivery!","i love shopping amazon. its so convenient, good prices, and quick delivery!",0,12,75,0,0,0,1.0,0,0,0.8545,1,0,1,0.0,0,1,0,5.0,0.0
236a9bf4-21c4-4176-8492-9d382adcb281,Amazon,E-commerce,Will Woodhood,Unknown,1,2025-10-27 18:37:58,"Deinstalliert ! ,weil man in der Produkt-Übersicht keine Preise angezeigt bekommt. Gut das man aber den %Nachlass immer sehen kann. Keine Lust jedes Produkt anzuschauen um den Preis dafür zu sehen.","deinstalliert ! ,weil man in der produkt-übersicht keine preise angezeigt bekommt. gut das man aber den %nachlass immer sehen kann. keine lust jedes produkt anzuschauen um den preis dafür zu sehen.",0,31,197,0,0,0,0.9032258064516129,1,0,0.0,1,0,1,0.0,0,1,0,1.0,0.0
2fac41af-cfcb-4c85-b40f-dc7b6caf7578,Amazon,E-commerce,Joyce Dugas,Unknown,2,2025-10-27 18:51:47,App Keeps CRASHING! 😫,app keeps crashing! 😫,1,4,21,1,0,1,1.0,0,1,-0.4926,1,0,1,0.0,0,1,0,2.0,0.0
4b4ee818-b7fa-499b-be46-3b7c188fabbf,Amazon,E-commerce,Lyn Foster,Unknown,5,2025-10-27 19:00:12,very pleased with this service.,very pleased with this service.,0,5,31,0,0,0,1.0,0,0,0.4927,1,0,1,0.0,0,1,0,5.0,0.0
736bc762-637f-4cb0-b0ad-765ee2991442,Amazon,E-commerce,Phillip Chumley,Unknown,5,2025-10-27 19:27:30,haven't used yet,haven't used yet,0,3,16,0,0,0,1.0,0,0,0.0,1,0,1,0.0,0,1,0,5.0,0.0
703f428f-2d90-4060-be51-25a674d0bd5c,Amazon,E-commerce,Sethu Nxiweni,Unknown,4,2025-10-27 19:36:09,Best online shop ever with affordable price and quick delivery,best online shop ever with affordable price and quick delivery,0,10,62,0,0,0,1.0,0,0,0.6369,1,0,1,0.0,0,1,0,4.0,0.0
6df4f487-38a8-4108-924c-df2158d10aac,Amazon,E-commerce,Darla Lathan,Unknown,5,2025-10-27 19:45:30,Great service! Timely delivery! Free shipping on Prime!😀,great service! timely delivery! free shipping on prime!😀,0,8,56,1,0,0,1.0,1,0,0.8951,1,0,1,0.0,0,1,0,5.0,0.0
f107ec62-467f-4a0f-af35-2a3ccfbd190f,Amazon,E-commerce,King,Unknown,1,2025-10-27 20:13:26,terrible I pay for prime to have items for the next day and its still not even close to be here days later,terrible i pay for prime to have items for the next day and its still not even close to be here days later,1,23,106,0,0,0,0.9130434782608695,0,0,-0.5423,1,0,1,0.0,0,1,0,1.0,0.0
e93a19ff-fabc-42f1-aa2f-ae52303a5da4,Amazon,E-commerce,Matt Matt,Unknown,5,2025-10-27 20:13:27,I love it it's so easy to find or shop for what you want...,i love it it's so easy to find or shop for what you want...,0,14,59,0,0,0,1.0,0,0,0.8497,1,0,1,0.0,0,1,0,5.0,0.0
fd322d02-b361-455d-a040-872198cf63f9,Amazon,E-commerce,Amelia Poythress,Unknown,5,2025-10-27 20:49:15,"Amazon always has exactly what I need. It's simple, I don't have to go to the store and pay more. I like it.","amazon always has exactly what i need. it's simple, i don't have to go to the store and pay more. i like it.",0,23,108,0,0,0,0.8695652173913043,0,0,0.4728,1,0,1,0.0,0,1,0,5.0,0.0
238e8045-ee8d-4c58-8db6-b3a35a265f37,Amazon,E-commerce,Amy Marie,Unknown,5,2025-10-27 20:59:43,"I love shopping on here, but I wish they had an option to hide ordered gifts! my son always gets on my phone and knows what he's getting before it's here","i love shopping on here, but i wish they had an option to hide ordered gifts! my son always gets on my phone and knows what he's getting before it's here",0,31,153,0,0,0,0.9032258064516129,0,0,0.6588,1,0,1,0.0,0,1,0,5.0,0.0
a3fae524-bd3f-4045-9f0c-241916264ab7,Amazon,E-commerce,Eva Ruble,Unknown,1,2025-10-27 21:00:32,charged for this!!! never subscribed,charged for this!!! never subscribed,0,5,36,0,0,0,1.0,0,0,-0.3971,1,0,1,0.0,0,1,0,1.0,0.0
47fd3141-f0a2-40af-9c7f-efb3073bb021,Amazon,E-commerce,Donnell Gusters,Unknown,5,2025-10-27 21:01:06,I like it.,i like it.,0,3,10,0,0,0,1.0,0,0,0.3612,1,0,1,0.0,0,1,0,5.0,0.0
d9769f9c-6258-45c8-a420-1b39c17ed33d,Amazon,E-commerce,Chelsea Maiers,Unknown,1,2025-10-27 21:20:03,Impossible to unsubscribe from on both Google Play and Amazon app. I've contacted customer service multiple times for both and I'm still subscribed against my will. Up until recently they were also double charging me for the subscription,impossible to unsubscribe from on both google play and amazon app. i've contacted customer service multiple times for both and i'm still subscribed against my will. up until recently they were also double charging me for the subscription,1,38,237,0,0,0,0.9210526315789473,0,1,0.4767,1,0,1,0.0,0,1,0,1.0,0.0
4c575e93-24b2-4689-8e2b-f7ef8626991f,Amazon,E-commerce,I “Gristok” I,Unknown,1,2025-10-27 22:05:48,stopped delivering on time even when you pay extra to get it on time. every package i order is now delayed or doesnt show up at all.,stopped delivering on time even when you pay extra to get it on time. every package i order is now delayed or doesnt show up at all.,0,27,132,0,0,0,0.9629629629629629,0,0,-0.4939,1,0,1,0.0,0,1,0,1.0,0.0
2e18bc6b-c31b-465e-8b48-fa2659f33253,Amazon,E-commerce,Gil Pena,Unknown,2,2025-10-27 22:36:32,slow and laggy,slow and laggy,1,3,14,0,0,0,1.0,0,0,0.0,1,0,1,0.0,0,1,0,2.0,0.0
a7bd31eb-38eb-4f0c-86a4-81cf3916a5be,Amazon,E-commerce,S. Ray Brannan (Zen),Unknown,1,2025-10-27 22:38:07,"the app is slow, I have to obfuscate the connection just to reduce lag. I can't edit cart because listed items are being tapjacked to increase quantity by accident.","the app is slow, i have to obfuscate the connection just to reduce lag. i can't edit cart because listed items are being tapjacked to increase quantity by accident.",1,29,164,0,0,0,0.8620689655172413,0,1,-0.4939,1,0,1,0.0,0,1,0,1.0,0.0
7ce83eee-7bbd-463a-88f9-76397fd11f1b,Amazon,E-commerce,Kevin Moody,Unknown,5,2025-10-27 23:01:58,Very convenient.,very convenient.,0,2,16,0,0,0,1.0,0,0,0.0,1,0,1,0.0,0,1,0,5.0,0.0
3bb99db3-2214-4bf4-8075-94398ab23af5,Amazon,E-commerce,Jerry Meindersee,Unknown,5,2025-10-27 23:34:07,been great,been great,0,2,10,0,0,0,1.0,0,0,0.6249,1,0,1,0.0,0,1,0,5.0,0.0
76caea97-bbce-451f-accb-7203b3489cd8,Amazon,E-commerce,Andy Schultz,Unknown,1,2025-10-27 23:35:59,I find your lack of dark mode disturbing.,i find your lack of dark mode disturbing.,1,8,41,0,0,0,1.0,0,0,-0.6808,1,0,1,0.0,0,1,0,1.0,0.0
08354532-3dad-4ab4-9b19-ac90e51fa05a,Amazon,E-commerce,Bobbi Phillips,Unknown,5,2025-10-28 00:06:18,Can purchase items from home when I can't buy in our little town,can purchase items from home when i can't buy in our little town,0,13,64,0,0,0,1.0,0,0,0.0,1,0,1,0.0,0,1,0,5.0,0.0
168c986b-63e8-4c2a-b37c-1517732d29e2,Amazon,E-commerce,Garrett Lewis,Unknown,5,2025-10-28 00:47:28,Very helpful app. Meets my needs,very helpful app. meets my needs,0,6,32,0,0,0,1.0,0,1,0.4754,1,0,1,0.0,0,1,0,5.0,0.0
a4ad2e41-b8fa-4ec4-a32c-08eb8f647c04,Amazon,E-commerce,Dean Roberts,Unknown,4,2025-10-28 01:06:59,the app needs a dark mode option. its too bright for night shopping. also teach the delivery drivers to read would help.,the app needs a dark mode option. its too bright for night shopping. also teach the delivery drivers to read would help.,0,22,120,0,0,0,0.9545454545454546,0,1,0.6808,1,0,1,0.0,0,1,0,4.0,0.0
1a7ec3e8-aa3d-4850-ae9b-30f2cf1c6415,Amazon,E-commerce,Bruce Ward,Unknown,4,2025-10-28 01:14:27,Amazon has everything. I haven't had to leave my house in 3 years.,amazon has everything. i haven't had to leave my house in 3 years.,0,13,66,0,0,0,1.0,0,0,0.2139,1,0,1,0.0,0,1,0,4.0,0.0
a7a14e96-074e-4a8d-8778-20298391e7a3,Amazon,E-commerce,Albert Ventura,Unknown,1,2025-10-28 02:29:01,Horrible experience with Amazon Fresh they never have the items I want.,horrible experience with amazon fresh they never have the items i want.,0,12,71,0,0,0,1.0,0,0,-0.0516,1,0,1,0.0,0,1,0,1.0,0.0
b32be37c-f4dc-4ac7-9eb6-84747e99196c,Amazon,E-commerce,Buck Healy,Unknown,1,2025-10-28 02:31:27,too many errors,too many errors,0,3,15,0,0,0,1.0,0,0,-0.34,1,0,1,0.0,0,1,0,1.0,0.0
d7cb41cf-2c15-428f-8f22-412f5e2c3b00,Amazon,E-commerce,Jacques Hunter,Unknown,5,2025-10-28 02:53:51,Nice!,nice!,0,1,5,0,0,0,1.0,0,0,0.4753,1,0,1,0.0,0,1,0,5.0,0.0
c2552674-5a84-498d-80e6-a5e361f7afcb,Amazon,E-commerce,Vinolia Kgobe,Unknown,5,2025-10-28 04:18:11,I'm always on their website...I'm so happy with everything 💖,i'm always on their website...i'm so happy with everything 💖,0,10,60,1,0,0,1.0,1,1,0.903,1,0,1,0.0,0,1,0,5.0,0.0
a2fa9be0-d486-4d5f-8fab-11fa1237b356,Amazon,E-commerce,Freyja Dom,Unknown,4,2025-10-28 04:29:01,"Reloads too often so you have to start your searches from scratch, but otherwise great experience.","reloads too often so you have to start your searches from scratch, but otherwise great experience.",0,16,98,0,0,0,1.0,0,0,0.7684,1,0,1,0.0,0,1,0,4.0,0.0
26861083-9395-4d74-ae63-75212c05784a,Amazon,E-commerce,Anita Patton,Unknown,1,2025-10-28 04:38:22,app won't open,app won't open,0,3,14,0,0,0,1.0,0,1,0.0,1,0,1,0.0,0,1,0,1.0,0.0
6b1ea4ee-4983-439d-9097-d4e4b419f0bd,Amazon,E-commerce,Kym Cooks,Unknown,5,2025-10-28 04:55:08,"I absolutely appreciate the reasonable prices, as well as the insane amounts of deals. Sometimes I just love to browse, feels like window shopping, without my Rugrats (which is the most wonderful part).","i absolutely appreciate the reasonable prices, as well as the insane amounts of deals. sometimes i just love to browse, feels like window shopping, without my rugrats (which is the most wonderful part).",0,33,202,0,0,0,0.8787878787878788,1,1,0.9199,1,0,1,0.0,0,1,0,5.0,0.0
7ffce005-42a5-40e5-b374-21cd5b2cefcf,Amazon,E-commerce,David Mckenna,Unknown,1,2025-10-28 05:50:08,keeps turning itself off,keeps turning itself off,0,4,24,0,0,0,1.0,0,0,0.0,1,0,1,0.0,0,1,0,1.0,0.0
b9468cdc-b64b-49bc-906e-d645cd840683,Amazon,E-commerce,William Rogers,Unknown,4,2025-10-28 06:31:59,Impressed with value and service,impressed with value and service,0,5,32,0,0,0,1.0,0,0,0.6705,1,0,1,0.0,0,1,0,4.0,0.0
61b5e64a-8079-4a6c-80da-772a1989e21b,Amazon,E-commerce,Vladimir Ibarra,Unknown,4,2025-10-28 07:34:15,b ya⛳🏏y📢. n 8 PM⛷🛷🏞🏠🏔🏝🎚🎷 m oh m🔮🔮b🔩 6🐏🔇🏠🏔🔇🔇🏔🏔🏔🏞🔧🔩🔩🔩😅😀,b ya⛳🏏y📢. n 8 pm⛷🛷🏞🏠🏔🏝🎚🎷 m oh m🔮🔮b🔩 6🐏🔇🏠🏔🔇🔇🏔🏔🏔🏞🔧🔩🔩🔩😅😀,0,9,53,28,0,1,1.0,0,0,0.6124,1,0,1,0.0,0,1,0,4.0,0.0
78df1fef-36e0-4934-9d23-e3c4dc44508b,Amazon,E-commerce,Jakob Shumway,Unknown,1,2025-10-28 07:59:34,"Slow, laggy","slow, laggy",0,2,11,0,0,0,1.0,0,0,0.0,1,0,1,0.0,0,1,0,1.0,0.0
645d8fcf-1528-4339-ac30-84b082fa84c1,Amazon,E-commerce,Jennifer Fernandez,Unknown,5,2025-10-28 08:57:29,Fast & Easy,fast & easy,0,3,11,0,0,0,1.0,0,0,0.4404,1,0,1,0.0,0,1,0,5.0,0.0
4c70255e-17ec-4e38-8509-c4d4ac988611,Amazon,E-commerce,Mitchel Goodman II,Unknown,5,2025-10-28 09:13:01,great help site,great help site,0,3,15,0,0,0,1.0,0,0,0.7783,1,0,1,0.0,0,1,0,5.0,0.0
88032cac-9c50-49ed-b969-8587056e76f9,Amazon,E-commerce,Tshepo Khoza,Unknown,5,2025-10-28 09:22:15,"They're so quick, you order something today, tomorrow you receive it by only paying R1 extra.","they're so quick, you order something today, tomorrow you receive it by only paying r1 extra.",0,16,93,0,0,1,0.9375,0,0,0.0,1,0,1,0.0,0,1,0,5.0,0.0
2613bf21-4e5b-4a0d-afc4-d47522e7ba49,Amazon,E-commerce,Edward,Unknown,1,2025-10-28 10:39:47,"zero ⭐️Jeff besos donated to the trump-ped ballroom and has kneeled at the orange viruses feet.now today we learn Amazon paying of 30,000 staff.. although Jeff gives tens of millions to trump!!!","zero ⭐️jeff besos donated to the trump-ped ballroom and has kneeled at the orange viruses feet.now today we learn amazon paying of 30,000 staff.. although jeff gives tens of millions to trump!!!",1,32,194,0,0,0,0.90625,0,0,0.3769,1,0,1,0.0,0,1,0,1.0,0.0
0602c7b8-591e-4ef7-84bb-fa24ab4b5397,Amazon,E-commerce,Mac,Unknown,1,2025-10-28 10:56:47,got to uninstall app every time I have to sort or remove subscriptions,got to uninstall app every time i have to sort or remove subscriptions,0,13,70,0,0,0,0.9230769230769231,1,1,0.0,1,0,1,0.0,0,1,0,1.0,0.0
b37e8ba1-38dd-47ed-8166-81a9cec38414,Amazon,E-commerce,Gerard Stein,Unknown,5,2025-10-28 11:17:48,"enough, don't need too many. .","enough, don't need too many. .",0,6,30,0,0,0,1.0,0,0,0.0,1,0,1,0.0,0,1,0,5.0,0.0
819132ed-b882-4ff5-992f-86c2eb07badc,Amazon,E-commerce,Tracey Feyter,Unknown,1,2025-10-28 12:03:11,"app update now causes the phone to vibrate when add items to cart, unble to turn it off, very unimpressed and bit of a sensory overload","app update now causes the phone to vibrate when add items to cart, unble to turn it off, very unimpressed and bit of a sensory overload",1,26,135,0,0,0,0.9230769230769231,0,1,-0.6361,1,0,1,0.0,0,1,0,1.0,0.0
1bb15901-38ca-4540-881e-1742b2185418,Amazon,E-commerce,Charles Edgarton,Unknown,1,2025-10-28 12:35:45,needs dark mode. writing this after getting flash banged deciding to do some last-minute shopping late at night. going to Target now instead.,needs dark mode. writing this after getting flash banged deciding to do some last-minute shopping late at night. going to target now instead.,0,23,141,0,0,0,0.9565217391304348,0,0,0.0,1,0,1,0.0,0,1,0,1.0,0.0
6dd8c91b-9911-4f92-9dbe-1e2ff1c3bb7c,Amazon,E-commerce,Glass Adetunji,Unknown,3,2025-10-28 12:51:46,interesting experience,interesting experience,0,2,22,0,0,0,1.0,0,0,0.4019,1,0,1,0.0,0,1,0,3.0,0.0
d17937aa-9cd5-44ed-976f-39ee928037a3,Amazon,E-commerce,Finn Higgins,Unknown,1,2025-10-28 12:55:45,I pay for it to come at a certain time and it never does and i dont even get my money back for it,i pay for it to come at a certain time and it never does and i dont even get my money back for it,0,24,97,0,0,0,0.7916666666666666,0,0,0.1779,1,0,1,0.0,0,1,0,1.0,0.0
a3a04c23-be71-44a9-affd-ed4b473064f4,Amazon,E-commerce,Amy Welsh,Unknown,1,2025-10-28 13:01:11,most annoying app in the universe I hope you get sued,most annoying app in the universe i hope you get sued,0,11,53,0,0,0,1.0,0,1,-0.024,1,0,1,0.0,0,1,0,1.0,0.0
2532758d-6f65-415b-a224-573971063af9,Amazon,E-commerce,Jared Beyers,Unknown,1,2025-10-28 13:05:21,when I want to check out it doesn't let me add my details and it says something went wrong on their end every single time. don't recommend,when i want to check out it doesn't let me add my details and it says something went wrong on their end every single time. don't recommend,0,27,138,0,0,0,0.9629629629629629,0,0,-0.6007,1,0,1,0.0,0,1,0,1.0,0.0
e61eb811-e252-42bf-884b-7d6b0e8914bb,Amazon,E-commerce,Greg Conchelos,Unknown,5,2025-10-28 13:27:59,v good easy,v good easy,0,3,11,0,0,0,1.0,0,0,0.7003,1,0,1,0.0,0,1,0,5.0,0.0
015dc729-581a-40b3-b820-64a60fc4ef93,Amazon,E-commerce,Ali Mallah,Unknown,3,2025-10-28 13:29:12,very nice excellent condition 👍,very nice excellent condition 👍,0,5,31,1,0,0,1.0,0,0,0.7947,1,0,1,0.0,0,1,0,3.0,0.0
cb3d56a8-95df-40b5-80e5-86986596086f,Amazon,E-commerce,Niru,Unknown,1,2025-10-28 13:29:18,"I'll never buy anything from Amazon for laying off 14,000 workers so discussing. Deleted this dreadful app can't turn off them auto playing videos will never be buying from Amazon again.","i'll never buy anything from amazon for laying off 14,000 workers so discussing. deleted this dreadful app can't turn off them auto playing videos will never be buying from amazon again.",2,31,186,0,0,0,0.8709677419354839,0,1,-0.0451,1,0,1,0.0,0,1,0,1.0,0.0
ea2150cd-5584-4098-a4ad-005237360e9c,Amazon,E-commerce,Jason White,Unknown,2,2025-10-28 13:44:52,"I'm their attempt to get you to add more to your cart by routing you to an impulse buy screen, they made it difficult to check out. I hope Amazon is trading abandoned carts.","i'm their attempt to get you to add more to your cart by routing you to an impulse buy screen, they made it difficult to check out. i hope amazon is trading abandoned carts.",0,34,173,0,0,0,0.8529411764705882,0,0,-0.2263,1,0,1,0.0,0,1,0,2.0,0.0
caa88420-363c-4484-9ede-7eb23572fdff,Amazon,E-commerce,Anna Ritter-Lewis,Unknown,3,2025-10-28 13:45:03,it won't let me shop the haul section. keeps saying I need to update but it is updated. I even tried deleting it and redownloading...,it won't let me shop the haul section. keeps saying i need to update but it is updated. i even tried deleting it and redownloading...,0,25,133,0,0,0,0.88,1,0,0.0,1,0,1,0.0,0,1,0,3.0,0.0
5b0b5467-9286-4f88-b239-20f20c3d7211,Amazon,E-commerce,Kyle Trumbley,Unknown,2,2025-10-28 13:50:12,"never on time, every order for the last 2 weeks has either been late or delayed","never on time, every order for the last 2 weeks has either been late or delayed",0,16,79,0,0,0,1.0,0,0,-0.2263,1,0,1,0.0,0,1,0,2.0,0.0
516ad88f-678b-46c9-9016-fa24345e1095,Amazon,E-commerce,AJ Merci Gyabaah,Unknown,1,2025-10-28 13:54:41,"my account has been locked, and it's like there isn't much that I can do after doing all I need to do. it's so horrible","my account has been locked, and it's like there isn't much that i can do after doing all i need to do. it's so horrible",0,25,119,0,0,0,0.92,0,0,-0.4572,1,0,1,0.0,0,1,0,1.0,0.0
c80399eb-da3a-4bc7-818c-aba98dd08196,Amazon,E-commerce,Gagnon Robert,Unknown,3,2025-10-28 14:06:52,Why does it go to costumer services when I press the shortcut (view order).,why does it go to costumer services when i press the shortcut (view order).,0,14,75,0,0,0,1.0,0,0,0.0,1,0,1,0.0,0,1,0,3.0,0.0
37819904-1c6a-4bbf-a6ef-052da56233e0,Amazon,E-commerce,Chris Hill,Unknown,1,2025-10-28 14:50:05,NO DARK MODE ON THIS APP,no dark mode on this app,6,6,24,0,0,6,1.0,0,1,-0.296,1,0,1,0.0,0,1,0,1.0,0.0
a5bda582-c5ee-4435-9237-dac131eab0ec,Amazon,E-commerce,Jonathan Forbes,Unknown,5,2025-10-28 15:01:03,Awesome for online buying and shopping.,awesome for online buying and shopping.,0,6,39,0,0,0,1.0,0,0,0.6249,1,0,1,0.0,0,1,0,5.0,0.0
42d2956b-4377-423e-b805-22e3ba037cd3,Amazon,E-commerce,Paul Stratemeier,Unknown,1,2025-10-28 15:22:16,very broken,very broken,0,2,11,0,0,0,1.0,0,0,-0.5256,1,0,1,0.0,0,1,0,1.0,0.0
c73e0a70-59da-443d-9ffc-b3a108267d26,Amazon,E-commerce,George Buenconsejo,Unknown,5,2025-10-28 15:45:56,excellent app,excellent app,0,2,13,0,0,0,1.0,0,1,0.5719,1,0,1,0.0,0,2,0,5.0,0.0
80279893-0fd3-4aa1-9dca-75a556161811,Amazon,E-commerce,Ene Morales,Unknown,2,2025-10-28 16:18:09,"Some products that say ""Prime"" have recently been arriving later than usual! which has been disappointing. Other than that, products are good. That is the reason for my review.","some products that say ""prime"" have recently been arriving later than usual! which has been disappointing. other than that, products are good. that is the reason for my review.",0,29,176,0,0,0,0.8620689655172413,0,1,-0.1511,1,0,1,0.0,0,1,0,2.0,0.0
636a62a8-a8b8-4ede-8033-4f0047d13711,Amazon,E-commerce,Ornan Ihwagi,Unknown,4,2025-10-28 16:51:49,the video playback and photo view in the reviews is always lagging. it'd be nice to be able to watch a smooth running review video.,the video playback and photo view in the reviews is always lagging. it'd be nice to be able to watch a smooth running review video.,0,25,131,0,0,0,0.88,0,0,0.1779,1,0,1,0.0,0,1,0,4.0,0.0
a90fc891-604e-43af-a280-fc13dac455e7,Amazon,E-commerce,Greg Terry,Unknown,1,2025-10-28 16:57:58,i really really hate that whole foods is mixed in with Amazon stuff. its so painful.,i really really hate that whole foods is mixed in with amazon stuff. its so painful.,0,16,84,0,0,0,0.9375,0,0,-0.8081,1,0,1,0.0,0,1,0,1.0,0.0
61508268-9a7d-48bf-ab51-f5d282e04c02,Amazon,E-commerce,Kyle Jay Wutzke,Unknown,4,2025-10-28 17:34:04,Positive results,positive results,0,2,16,0,0,0,1.0,0,0,0.5574,1,0,1,0.0,0,1,0,4.0,0.0
ae327e99-0b92-47db-b006-c8705eb327c6,Amazon,E-commerce,Rex Beltran,Unknown,5,2025-10-28 17:43:11,it's great shopping with Amazon,it's great shopping with amazon,0,5,31,0,0,0,1.0,0,0,0.7003,1,0,1,0.0,0,1,0,5.0,0.0
d1fdbb2e-5aaa-4d6b-b4de-2efc4240a56c,Amazon,E-commerce,Ibn khaldun Sazid,Unknown,1,2025-10-28 17:59:05,I've tried few times but every time failed to create account (from Bangladesh) . I'm unable to get otp using my phone number.,i've tried few times but every time failed to create account (from bangladesh) . i'm unable to get otp using my phone number.,0,23,125,0,0,0,0.9565217391304348,0,0,-0.3291,1,0,1,0.0,0,1,0,1.0,0.0
ed5973ee-21f6-47cb-832c-90799d8e7273,Amazon,E-commerce,Tydy dabarb,Unknown,1,2025-10-28 18:23:57,I will be suing Amazon this is ridiculous y'all are a scam app that's what it is giving,i will be suing amazon this is ridiculous y'all are a scam app that's what it is giving,1,18,87,0,0,0,0.9444444444444444,0,1,-0.6369,1,0,1,0.0,0,1,0,1.0,0.0
58852c31-8132-4cd2-bcb9-bb800956b6ea,Amazon,E-commerce,Laxman Kandel,Unknown,1,2025-10-28 18:49:17,the worst delivery system they have. they doesn't even knock door or ring bell they put delivery item Infront of the door without letting them know I didn't receive my items yesterday 27 of October 2025.,the worst delivery system they have. they doesn't even knock door or ring bell they put delivery item infront of the door without letting them know i didn't receive my items yesterday 27 of october 2025.,1,36,203,0,0,0,0.8333333333333334,0,0,-0.6249,1,0,1,0.0,0,1,0,1.0,0.0
cacbf9d6-f3b1-467b-ac5a-9b377c97d72b,Amazon,E-commerce,beth watson,Unknown,3,2025-10-28 18:58:37,too expensive to also have to deal with comericals,too expensive to also have to deal with comericals,0,9,50,0,0,0,0.8888888888888888,1,0,0.0,1,0,1,0.0,0,1,0,3.0,0.0
9e1e2f2d-3c56-4dff-8da3-5f8eaf857b74,Amazon,E-commerce,Salvadoreña4ever 503,Unknown,5,2025-10-28 19:14:51,love Amazon,love amazon,0,2,11,0,0,0,1.0,0,0,0.7096,1,0,1,0.0,0,1,0,5.0,0.0
e4407541-b636-45e9-b8e5-73b29e9e72a4,Amazon,E-commerce,Tamra Kugler Stokes,Unknown,5,2025-10-28 19:19:56,amazon is the best!!! thank you Amazon,amazon is the best!!! thank you amazon,0,7,38,0,0,0,0.8571428571428571,0,0,0.8743,1,0,1,0.0,0,1,0,5.0,0.0
4dd8baf0-3b29-4bd2-b04b-380a53df4b56,Amazon,E-commerce,Jim Olive,Unknown,5,2025-10-28 19:50:11,so convenient to use love the app 💗,so convenient to use love the app 💗,0,8,35,1,0,0,1.0,0,1,0.8779,1,0,1,0.0,0,1,0,5.0,0.0
4e6f6496-4cbd-4510-a92d-b8a4eb2b9533,Amazon,E-commerce,RukitoMikuTochi,Unknown,3,2025-10-28 20:07:33,"When trying to view a product within your own home, the App crashes. sometimes when looking through the search function, when loading new listings, previous listings already seen are duplicated.","when trying to view a product within your own home, the app crashes. sometimes when looking through the search function, when loading new listings, previous listings already seen are duplicated.",0,30,194,0,0,0,0.9,0,1,0.0,1,0,1,0.0,0,1,0,3.0,0.0
b978c23c-4368-4f7f-a2bc-f6568489285a,Amazon,E-commerce,ccxdriver85,Unknown,1,2025-10-28 20:30:24,no answer to question,no answer to question,0,4,21,0,0,0,1.0,0,0,-0.296,1,0,1,0.0,0,1,0,1.0,0.0
338bb0f5-e948-4411-8034-caba700e82e2,Amazon,E-commerce,Josh Fornwalt,Unknown,2,2025-10-28 20:30:41,I spend way too much money not to get my orders delivered the day it said at checkout. I'm getting sick of having to wait 2 extra days on my purchase. Hire competent drivers.,i spend way too much money not to get my orders delivered the day it said at checkout. i'm getting sick of having to wait 2 extra days on my purchase. hire competent drivers.,0,34,174,0,0,0,0.9411764705882353,0,0,-0.25,1,0,1,0.0,0,1,0,2.0,0.0
8fbde85a-465a-46e4-ade7-4f914ce39086,Amazon,E-commerce,ALEX Newton,Unknown,5,2025-10-28 20:35:39,Really easy platform to shop on.And the prices are better than at my grocery stores.,really easy platform to shop on.and the prices are better than at my grocery stores.,0,15,84,0,0,0,1.0,0,0,0.7264,1,0,1,0.0,0,1,0,5.0,0.0
33d9ea3d-4c87-4aba-90c3-a4fb70ea703b,Amazon,E-commerce,Mike Chesny,Unknown,5,2025-10-28 20:46:09,negative,negative,0,1,8,0,0,0,1.0,0,0,-0.5719,1,0,1,0.0,0,1,1,5.0,0.0
21da2660-ba97-4fdb-803b-9d83b2fcd202,Amazon,E-commerce,Cher,Unknown,5,2025-10-28 20:53:59,a variety of items to choose from with a variety of prices and having Amazon prime is a benefit. very grateful.,a variety of items to choose from with a variety of prices and having amazon prime is a benefit. very grateful.,0,21,111,0,0,0,0.8095238095238095,0,0,0.7902,1,0,1,0.0,0,1,0,5.0,0.0
d7fc7edf-79b0-4e57-9b9c-bf1605605d68,Amazon,E-commerce,Connie Cannon,Unknown,5,2025-10-28 21:22:49,great prices and no shipping costs,great prices and no shipping costs,0,6,34,0,0,0,1.0,0,0,0.4404,1,0,1,0.0,0,1,0,5.0,0.0
8be6884e-6e78-49d9-b1b3-515858d9a4ed,Amazon,E-commerce,Jason van Ravenswaay,Unknown,1,2025-10-28 22:40:33,does not work well on a tablet,does not work well on a tablet,0,7,30,0,0,0,1.0,0,0,-0.2057,1,0,1,0.0,0,1,0,1.0,0.0
d1760885-c608-4504-a4e7-951eaf247811,Amazon,E-commerce,Josh G,Unknown,1,2025-10-28 23:05:06,I was forced to download the app in order to chat with customer service. What a terrible system. Uninstalled immediately afterwards.,i was forced to download the app in order to chat with customer service. what a terrible system. uninstalled immediately afterwards.,0,21,132,0,0,0,0.9523809523809523,1,1,-0.7269,1,0,1,0.0,0,1,0,1.0,0.0
fd98a08e-b19a-47ed-b1bb-c9c7ee385f98,Amazon,E-commerce,Ben Dunn Flores,Unknown,1,2025-10-28 23:27:13,terrible ux.,terrible ux.,0,2,12,0,0,0,1.0,0,0,-0.4767,1,0,1,0.0,0,1,0,1.0,0.0
d4825a06-5ba8-4b5a-bfb0-0f8b4b79171b,Amazon,E-commerce,Levi Seymour,Unknown,1,2025-10-28 23:58:37,curse of greed be upon the ceos for shutting down new world right after releasing an expansion having the most players in the games history the shutting the game down because they weren't getting enough money shame,curse of greed be upon the ceos for shutting down new world right after releasing an expansion having the most players in the games history the shutting the game down because they weren't getting enough money shame,0,37,214,0,0,0,0.8378378378378378,0,0,-0.8519,1,0,1,0.0,0,1,0,1.0,0.0
5967faf2-cbc8-4f24-96e4-bd1582f93979,Amazon,E-commerce,Jody Corinne Kuske,Unknown,5,2025-10-29 00:12:29,what can I say fast and easy ..,what can i say fast and easy ..,0,8,31,0,0,0,1.0,0,0,0.4404,1,0,1,0.0,0,1,0,5.0,0.0
346251ab-bd95-4377-97c1-b2c592445051,Amazon,E-commerce,norflinlakita01,Unknown,1,2025-10-29 00:28:45,my iphone 11 l been waiting on for 5 months and l need it so this is not good 🤬,my iphone 11 l been waiting on for 5 months and l need it so this is not good 🤬,0,20,79,1,0,0,0.95,0,0,0.5565,1,0,1,0.0,0,1,1,1.0,0.0
8b71e9d9-3a08-485e-9d49-04ff7846cac8,Amazon,E-commerce,A,Unknown,1,2025-10-29 02:12:11,AUTOMATICALLY added a tip to my groceries!!! these BILLION dollar companies are so disgusting.,automatically added a tip to my groceries!!! these billion dollar companies are so disgusting.,0,14,94,0,0,2,1.0,0,0,-0.7385,1,0,1,0.0,0,1,0,1.0,0.0
543369ab-484a-42ac-9fa6-120a61081666,Amazon,E-commerce,Charles Hawthorn,Unknown,5,2025-10-29 02:19:16,service works mostly,service works mostly,0,3,20,0,0,0,1.0,0,0,0.0,1,0,1,0.0,0,1,0,5.0,0.0
ea576661-1edd-468c-b9c0-bc8b728f6aaf,Amazon,E-commerce,Michael Valenzuela,Unknown,1,2025-10-29 02:23:54,as soon as I heard you were replacing humans with A.I. I immediately deleted your app. How Greedy can you bee. such a shame.,as soon as i heard you were replacing humans with a.i. i immediately deleted your app. how greedy can you bee. such a shame.,0,24,124,0,0,1,0.875,0,1,-0.6597,1,0,1,0.0,0,1,0,1.0,0.0
4caea69e-a3fd-4d68-9e75-cfe383853354,Amazon,E-commerce,Deidre Amohanga,Unknown,1,2025-10-29 03:14:07,why is Product Review missing on this?,why is product review missing on this?,0,7,38,0,0,0,1.0,0,0,-0.296,1,0,1,0.0,0,1,0,1.0,0.0
1c661b8f-1333-453a-9a46-dbf23a6796d1,Amazon,E-commerce,Keith Benson Radcliffe III,Unknown,5,2025-10-29 03:21:17,Truly the greatest service created.,truly the greatest service created.,0,5,35,0,0,0,1.0,0,0,0.8442,1,0,1,0.0,0,1,0,5.0,0.0
7b10d2bc-743f-4601-aad2-5efc0f4158fc,Amazon,E-commerce,J Stathis,Unknown,1,2025-10-29 03:46:11,every time you search something you get more china options of the thing than the actual item you looked for.,every time you search something you get more china options of the thing than the actual item you looked for.,0,20,108,0,0,0,0.85,0,0,0.0,1,0,1,0.0,0,1,0,1.0,0.0
108d7f5b-ca0b-4bd8-90d0-449a96e2ce9e,Amazon,E-commerce,Girly Pantz (Colouring Down Under),Unknown,5,2025-10-29 04:40:01,App works great. Have been a long time user and have zero issues to report.,app works great. have been a long time user and have zero issues to report.,7,15,75,0,0,0,0.9333333333333333,0,1,0.6249,1,0,1,0.0,0,1,0,5.0,0.0
cac56275-b156-413f-a36d-0d20a0300e01,Amazon,E-commerce,Kyle Cordell,Unknown,1,2025-10-29 05:34:20,You're happily shoveling money to literally bulldoze this country but can't take care of your employees or customers. Cancelled and uninstalled. Fascists!,you're happily shoveling money to literally bulldoze this country but can't take care of your employees or customers. cancelled and uninstalled. fascists!,0,22,154,0,0,0,1.0,1,1,-0.7298,1,0,1,0.0,0,1,0,1.0,0.0
4fb27e51-8480-43f6-ba17-19627cfb68d2,Amazon,E-commerce,Christy Anne,Unknown,1,2025-10-29 05:48:49,"sick of my hearts going to random lists instead of my DEFAULT list, ya know, by DEFAULT. the hearts don't even go on MY lists, they go on lists that have been shared with me by family/friends.","sick of my hearts going to random lists instead of my default list, ya know, by default. the hearts don't even go on my lists, they go on lists that have been shared with me by family/friends.",2,37,192,0,0,3,0.7837837837837838,0,0,0.8271,1,0,1,0.0,0,1,1,1.0,0.0
b6ae5896-93f3-4f78-bca5-8964effa8d96,Amazon,E-commerce,Moath Ali,Unknown,5,2025-10-29 06:04:19,best app for original products,best app for original products,0,5,30,0,0,0,1.0,0,1,0.7579,1,0,1,0.0,0,1,0,5.0,0.0
0073469b-07f9-4a32-a981-4ffea70ac3a6,Amazon,E-commerce,Timothy Smith,Unknown,5,2025-10-29 06:14:50,"great, can't wait for them to expand their variety of items as now they still lack in that department but overall great, thanks.","great, can't wait for them to expand their variety of items as now they still lack in that department but overall great, thanks.",0,23,128,0,0,0,0.9565217391304348,0,0,0.9194,1,0,1,0.0,0,1,0,5.0,0.0
1ef52642-49df-4698-9693-8f95312f09c6,Amazon,E-commerce,ENG. Mohammad Yasser,Unknown,1,2025-10-29 06:15:12,Free falestine,free falestine,0,2,14,0,0,0,1.0,1,0,0.5106,1,0,1,0.0,0,1,1,1.0,0.0
57866b3a-b895-4cb6-aa5c-2dbf7f32365b,Amazon,E-commerce,Derek Robertson,Unknown,1,2025-10-29 06:20:41,"14,000 people made redundant as you have replaced them with AI, despite making billions of profit every year. I hope people stop buying from your platform.","14,000 people made redundant as you have replaced them with ai, despite making billions of profit every year. i hope people stop buying from your platform.",0,26,155,0,0,1,0.9615384615384616,0,0,0.5574,1,0,1,0.0,0,1,1,1.0,0.0
f0c7b910-094c-4634-bea9-bf843aead1d9,Amazon,E-commerce,Kissa Monroe,Unknown,5,2025-10-29 06:55:06,loving everything,loving everything,0,2,17,0,0,0,1.0,0,0,0.5994,1,0,1,0.0,0,1,0,5.0,0.0
b3ecb312-d0ce-4c40-823f-3448cdbe8c9e,Amazon,E-commerce,Rhys Benson,Unknown,5,2025-10-29 07:27:13,"Amazon is awesome, especially if your a prime member.","amazon is awesome, especially if your a prime member.",0,9,53,0,0,0,1.0,0,0,0.7003,1,0,1,0.0,0,1,0,5.0,0.0
be706ff1-dd65-4fc4-93bb-75f12fd6ed83,Amazon,E-commerce,Atin Bakhshi,Unknown,4,2025-10-29 08:02:15,"As a Prime member, recently, there have been several deliveries, but I never received any of them! Hopefully it's a Halloween trick or treat! 🎃","as a prime member, recently, there have been several deliveries, but i never received any of them! hopefully it's a halloween trick or treat! 🎃",0,25,143,1,0,0,0.96,0,0,0.8118,1,0,1,0.0,0,1,0,4.0,0.0
23111658-6691-435e-a135-e509008ae9a6,Amazon,E-commerce,Marzieh Mohammadi,Unknown,1,2025-10-29 08:03:33,Delivering late intentionally to make people pay a monthly fee for prime.,delivering late intentionally to make people pay a monthly fee for prime.,0,12,73,0,0,0,1.0,0,0,-0.1027,1,0,1,0.0,0,1,0,1.0,0.0
01f8eba9-643c-4649-a180-9f5db3fc09b6,Amazon,E-commerce,Alexis Ferrer,Unknown,1,2025-10-29 08:35:05,i pay prime to pay humans not pay AI bots.,i pay prime to pay humans not pay ai bots.,0,10,42,0,0,1,0.8,0,0,-0.129,1,0,1,0.0,0,1,0,1.0,0.0
8f184c42-48e8-4775-93a9-9e4541f3b64f,Amazon,E-commerce,Natasha Richardson,Unknown,4,2025-10-29 08:46:35,"the app is good but i can't fill in ID cus it say is not valid ,but it is valid i have a few more years to go","the app is good but i can't fill in id cus it say is not valid ,but it is valid i have a few more years to go",0,28,109,0,0,1,0.8214285714285714,0,1,0.2382,1,0,1,0.0,0,1,0,4.0,0.0
6ea8e5d0-b96b-43d0-a53a-22b189433686,Amazon,E-commerce,alberto Hendricks,Unknown,5,2025-10-29 09:03:58,"very good app ,I love the app","very good app ,i love the app",0,7,29,0,0,1,0.8571428571428571,0,1,0.8122,1,0,1,0.0,0,1,0,5.0,0.0
abeaa2be-8f4d-4196-a9d3-c979122515f6,Amazon,E-commerce,Melanie Crane,Unknown,5,2025-10-29 09:05:23,motorla Razer 2025,motorla razer 2025,0,3,18,0,0,0,1.0,0,0,0.0,1,0,1,0.0,0,1,0,5.0,0.0
31a71cd6-b459-44fe-a84d-e2f6216ed311,Amazon,E-commerce,Tony Gillam,Unknown,1,2025-10-29 09:11:37,search doesn't show correct items,search doesn't show correct items,0,5,33,0,0,0,1.0,0,0,0.0,1,0,1,0.0,0,1,0,1.0,0.0
3a6e16ad-070b-4b39-b024-6ae878556d42,Amazon,E-commerce,Wolf Depaepe,Unknown,3,2025-10-29 09:13:03,its always good for ordering and it mostly arrives on time but they need to stop using colis prive cause i never get my packages on time or just dont get,its always good for ordering and it mostly arrives on time but they need to stop using colis prive cause i never get my packages on time or just dont get,0,31,153,0,0,0,0.9032258064516129,0,0,-0.2144,1,0,1,0.0,0,1,0,3.0,0.0
b6c930e3-a3fb-4325-b58a-13961e8f07f6,Amazon,E-commerce,Hunadi Mphahlele,Unknown,5,2025-10-29 09:16:31,"Very convenient , I just love it♥️♥️♥️♥️","very convenient , i just love it♥️♥️♥️♥️",0,7,40,0,0,0,1.0,0,0,0.9719,1,0,1,0.0,0,1,0,5.0,0.0
63bd580f-d1f5-4107-ae35-bbfddf2fe4f0,Amazon,E-commerce,Desirae Wheeler,Unknown,5,2025-10-29 09:25:49,My favorite place to shop online! Always satisfied!,my favorite place to shop online! always satisfied!,0,8,51,0,0,0,1.0,0,0,0.7494,1,0,1,0.0,0,1,0,5.0,0.0
34a42ea8-adf9-4c51-aff2-f4b1a3fb563f,Amazon,E-commerce,Ady Burton,Unknown,5,2025-10-29 09:26:56,couldn't do with out,couldn't do with out,0,4,20,0,0,0,1.0,0,0,0.0,1,0,1,0.0,0,1,0,5.0,0.0
cb0d9884-9b16-4a18-81fa-e4ca0fc49f2c,Amazon,E-commerce,Sean Rogers,Unknown,5,2025-10-29 09:59:27,On time and easy returns...😄,on time and easy returns...😄,0,5,28,1,0,0,1.0,0,0,0.8126,1,0,1,0.0,0,1,0,5.0,0.0
14602cd6-5c7f-45df-aa4d-d628911b4259,Amazon,E-commerce,Freddy “FQ034” Quinones,Unknown,3,2025-10-29 14:24:54,spoof pricing on your platform ex. save 60% 4.99 when clicked on to add to cart its priced at 24.99 not good business.,spoof pricing on your platform ex. save 60% 4.99 when clicked on to add to cart its priced at 24.99 not good business.,0,23,118,0,0,0,0.9130434782608695,0,0,0.2008,1,0,1,0.0,0,1,0,3.0,0.0
265ba960-eceb-4bf8-b074-28a3af5cf0e1,Amazon,E-commerce,Brian “BrianL” Lucoski,Unknown,1,2025-10-29 16:04:44,"Recently it keeps shutting down, some days it won't open, it fritzes out, etc. What's going on?","recently it keeps shutting down, some days it won't open, it fritzes out, etc. what's going on?",1,17,95,0,0,0,0.8823529411764706,0,0,0.0,1,0,1,0.0,0,1,0,1.0,0.0
ae248c60-7a2e-42fe-afa4-ea6b55aec852,Amazon,E-commerce,Isis Jones,Unknown,1,2025-10-29 16:31:12,this app absolutely sucks now and i hate it.,this app absolutely sucks now and i hate it.,0,9,44,0,0,0,1.0,0,1,-0.7574,1,0,1,0.0,0,1,0,1.0,0.0
3577f773-456b-4e11-a444-72d61999f034,Amazon,E-commerce,Angela Smathers (Angie),Unknown,1,2025-10-29 16:37:04,will not let me download the app for shopping,will not let me download the app for shopping,0,9,45,0,0,0,1.0,1,1,0.0,1,0,1,0.0,0,1,0,1.0,0.0
92e1e425-6742-4c5b-aeb8-59c31c9cd4e4,Amazon,E-commerce,M. Billal,Unknown,1,2025-10-29 17:34:41,my package supposed to deliver overnight but q day has passed still shows overnight... ridiculous and in app there no help... help option is taking to round and round.... hope there is 0 star option in play store...,my package supposed to deliver overnight but q day has passed still shows overnight... ridiculous and in app there no help... help option is taking to round and round.... hope there is 0 star option in play store...,0,38,215,0,0,0,0.8421052631578947,0,1,-0.2672,1,0,1,0.0,0,1,0,1.0,0.0
3a718612-1598-4f12-88b9-807f9f78a867,Amazon,E-commerce,AJ Samosa,Unknown,1,2025-10-29 18:25:41,"other apps now open this one randomly and constantly, the convenience of having Amazon is now greatly overshadowed by the inconvenience of having to constantly close it","other apps now open this one randomly and constantly, the convenience of having amazon is now greatly overshadowed by the inconvenience of having to constantly close it",0,27,168,0,0,0,0.8518518518518519,0,1,-0.2023,1,0,1,0.0,0,1,0,1.0,0.0
58381866-a256-446f-b465-79a6129b2609,Amazon,E-commerce,Thenew Ane,Unknown,1,2025-10-29 18:48:20,"The delivery drivers for Amazon are terrible nowadays,even as bad as evri(that Amazon now use) It just deters me from spending money there.They just put the parcels at the first address they see without checking if it's correct.","the delivery drivers for amazon are terrible nowadays,even as bad as evri(that amazon now use) it just deters me from spending money there.they just put the parcels at the first address they see without checking if it's correct.",1,38,228,0,0,0,0.868421052631579,0,0,-0.6369,1,0,1,0.0,0,1,0,1.0,0.0
706b68fb-9704-4fd7-95b7-6fa5f6da14c2,Amazon,E-commerce,Mohamed Rafat Nafea Gelany,Unknown,1,2025-10-29 19:04:02,نصابين وحراميه,نصابين وحراميه,0,2,14,0,0,0,1.0,0,0,0.0,1,0,1,0.0,0,1,0,1.0,0.0
0314ae88-04a6-499d-82a6-797d800d8b84,Amazon,E-commerce,Summer T.,Unknown,3,2025-10-29 19:25:38,"The app works fine for the most part, but some days it freezes a lot and I have to close and reboot it to get it to work again.","the app works fine for the most part, but some days it freezes a lot and i have to close and reboot it to get it to work again.",0,29,127,0,0,0,0.7931034482758621,1,1,0.0644,1,0,1,0.0,0,1,0,3.0,0.0
bf05fd39-e971-4042-ab9f-7047c8a3343c,Amazon,E-commerce,phil,Unknown,1,2025-10-29 19:26:15,absolute trash of a predatory app. Prime subscription cancelled and app deleted.,absolute trash of a predatory app. prime subscription cancelled and app deleted.,1,12,80,0,0,0,1.0,0,1,-0.25,1,0,1,0.0,0,1,0,1.0,0.0
ebbcd7f7-c52f-4e30-9879-1f07c8e147e3,Amazon,E-commerce,rita brown,Unknown,4,2025-10-29 19:28:00,great app to shop!,great app to shop!,0,4,18,0,0,0,1.0,0,1,0.6588,1,0,1,0.0,0,1,0,4.0,0.0
e4f7e76f-063b-48dc-9a33-49ee2e9d5054,Amazon,E-commerce,Touch2Change Creative holding,Unknown,4,2025-10-29 19:58:34,kdp is missbehaving I spank ut phone broke. on new is missbehaving kdp dealing 4 android? available?,kdp is missbehaving i spank ut phone broke. on new is missbehaving kdp dealing 4 android? available?,0,17,100,0,0,0,0.8235294117647058,1,0,-0.4871,1,0,1,0.0,0,1,0,4.0,0.0
ecbfb7e1-02a3-4b11-8e30-dc14cb5531ec,Amazon,E-commerce,Matt Shull,Unknown,1,2025-10-29 20:00:28,broken again. can't get on at all,broken again. can't get on at all,6,7,33,0,0,0,1.0,0,0,-0.4767,1,0,1,0.0,0,1,0,1.0,0.0
7e7768f8-f70d-4144-b670-9b9071adc5b5,Amazon,E-commerce,Donovan Ellis,Unknown,1,2025-10-29 20:00:47,disgusting corporation. cant ever give patronage to this crappie company again.,disgusting corporation. cant ever give patronage to this crappie company again.,0,11,79,0,0,0,1.0,0,1,-0.5267,1,0,1,0.0,0,1,0,1.0,0.0
795c0040-a3ba-4b42-976d-63b24d10b325,Amazon,E-commerce,Jorge,Unknown,4,2025-10-29 20:27:54,I need to find a spikers??to play music,i need to find a spikers??to play music,0,8,39,0,0,0,1.0,0,0,0.4137,1,0,1,0.0,0,1,0,4.0,0.0
985ec19c-d04a-409a-be8e-e0be6f622d8b,Amazon,E-commerce,Shanae Jones,Unknown,1,2025-10-29 21:26:04,"They keep delying my deliveries and don't come at all, and i'm starting to think they are scamming people.","they keep delying my deliveries and don't come at all, and i'm starting to think they are scamming people.",0,19,106,0,0,0,0.8947368421052632,0,0,0.0,1,0,1,0.0,0,1,0,1.0,0.0
be272066-d89b-4630-9800-06e129b82424,Amazon,E-commerce,Josh Uhrig,Unknown,2,2025-10-29 21:53:40,needs update. constantly crashing and failing to load despite having full service and even being on wifi.,needs update. constantly crashing and failing to load despite having full service and even being on wifi.,1,17,105,0,0,0,0.9411764705882353,0,0,-0.5106,1,0,1,0.0,0,1,0,2.0,0.0
0ffbc5fd-5850-4112-9890-4a6cf535af47,Amazon,E-commerce,Lillie rose Reid,Unknown,3,2025-10-29 22:31:29,Found an open lollipop,found an open lollipop,0,4,22,0,0,0,1.0,0,0,0.0,1,0,1,0.0,0,1,0,3.0,0.0
0eb202e1-385b-4cf6-afaa-1da4bcd19472,Amazon,E-commerce,Darren Cooke,Unknown,3,2025-10-29 23:13:58,Make app option for dark mode please it is 2025 not 1995,make app option for dark mode please it is 2025 not 1995,1,12,56,0,0,0,1.0,0,1,0.3182,1,0,1,0.0,0,1,0,3.0,0.0
e1cc1ed5-c5f9-4fa9-9d85-e1f77abe9524,Amazon,E-commerce,Jinnifer Hulsey,Unknown,1,2025-10-29 23:36:11,app not working. has been broken since the AWS failure a few weeks ago.,app not working. has been broken since the aws failure a few weeks ago.,0,14,71,0,0,1,1.0,0,1,-0.7506,1,0,1,0.0,0,1,0,1.0,0.0
4433b2e5-95ff-465d-aaf0-8ff214af3ab8,Amazon,E-commerce,J M,Unknown,2,2025-10-30 00:14:28,slow. always slow,slow. always slow,0,3,17,0,0,0,1.0,0,0,0.0,1,0,2,0.0,0,1,0,1.5,0.7071067811865476
d505e5be-7c6d-4857-a157-e8c06c042c76,Amazon,E-commerce,Candido Mondragon,Unknown,1,2025-10-30 00:40:13,i want this thing removed from my phone,i want this thing removed from my phone,0,8,39,0,0,0,1.0,0,0,0.0772,1,0,1,0.0,0,1,0,1.0,0.0
759eb8f9-f60d-497a-81c3-17bb516fb859,Amazon,E-commerce,The epic kid,Unknown,1,2025-10-30 02:30:13,this sucks BC I order a wig and it was spost to come on the 18 and now it's November 1st and I needed it for Halloween,this sucks bc i order a wig and it was spost to come on the 18 and now it's november 1st and i needed it for halloween,0,27,118,0,0,1,0.8518518518518519,0,0,-0.3612,1,0,1,0.0,0,1,0,1.0,0.0
cf44ec3c-b47d-46c6-b427-0ba1b9fd78ff,Amazon,E-commerce,David Schmidt,Unknown,1,2025-10-30 03:58:10,it keeps changing my search instead of searching for what I specifically key in.,it keeps changing my search instead of searching for what i specifically key in.,0,14,80,0,0,0,1.0,0,0,0.0,1,0,1,0.0,0,1,0,1.0,0.0
1a04e8f0-514f-4cb5-8fb3-3912d152823a,Amazon,E-commerce,CHOU BOY,Unknown,1,2025-10-30 04:01:09,all over ?,all over ?,0,3,10,0,0,0,1.0,0,0,0.0,1,0,1,0.0,0,1,0,1.0,0.0
a7704ad0-a983-430d-b599-6afc5e4255cc,Amazon,E-commerce,Ryan Jakubs,Unknown,2,2025-10-30 04:39:50,They sent the wrong item but in order to get a refund I have to pay to ship it back. What a terrible way to treat customers.,they sent the wrong item but in order to get a refund i have to pay to ship it back. what a terrible way to treat customers.,0,27,124,0,0,0,0.8518518518518519,0,0,-0.5023,1,0,1,0.0,0,1,0,2.0,0.0
2cb21099-d850-438e-8e55-a5dc4ce87d43,Amazon,E-commerce,Mauricio Mora,Unknown,5,2025-10-30 04:45:46,best customer service,best customer service,0,3,21,0,0,0,1.0,0,0,0.6369,1,0,1,0.0,0,1,0,5.0,0.0
926123af-b5a3-466e-b461-e15813d20398,Amazon,E-commerce,Knuxb L,Unknown,1,2025-10-30 05:21:21,-Unclear widgets. -Not showing price. -Collects too much uneccery Data.,-unclear widgets. -not showing price. -collects too much uneccery data.,0,10,71,0,0,0,1.0,0,0,-0.25,1,0,1,0.0,0,1,0,1.0,0.0
1c037d16-2cb7-4ae7-89ab-6ffb376d1d43,Amazon,E-commerce,Maria,Unknown,5,2025-10-30 06:20:58,Absolutely Awesome 👌 👏 👍,absolutely awesome 👌 👏 👍,0,5,24,3,0,0,1.0,0,0,0.9015,1,0,1,0.0,0,1,0,5.0,0.0
4f2aa6ac-5720-4cde-b808-b59af9829786,Amazon,E-commerce,Kani Ward,Unknown,5,2025-10-30 07:24:10,who doesn't love amazon...it's like a never ending Christmas catalog,who doesn't love amazon...it's like a never ending christmas catalog,0,10,68,0,0,0,1.0,0,0,-0.6681,1,0,1,0.0,0,1,1,5.0,0.0
678d43fb-c278-4d35-91c8-4b6fddb849c9,Amazon,E-commerce,Ola Jk,Unknown,1,2025-10-30 08:17:06,مُقااااااااطعة متنسوش يا جماعة ربنا يسامحني نزلته عشان اشتري حاجة وهمسحه تاني للضرورة احكام ضميري بيأنبني اقسم بالله وربنا يسامحني,مُقااااااااطعة متنسوش يا جماعة ربنا يسامحني نزلته عشان اشتري حاجة وهمسحه تاني للضرورة احكام ضميري بيأنبني اقسم بالله وربنا يسامحني,0,20,130,0,0,0,0.95,0,0,0.0,1,0,1,0.0,0,1,0,1.0,0.0
6c2f2f6d-8151-4e98-b54d-9d95f0a6bb1f,Amazon,E-commerce,Ressia,Unknown,5,2025-10-30 08:48:32,"Love it! As a cat, I'm very picky. But this fills me with joy! Except for the dogs...","love it! as a cat, i'm very picky. but this fills me with joy! except for the dogs...",0,18,85,0,0,0,1.0,0,0,0.855,1,0,1,0.0,0,1,0,5.0,0.0
10c9bf6a-8a22-40cd-9f89-296bab49fed2,Amazon,E-commerce,SYED KAMRAN ALI,Unknown,5,2025-10-30 08:51:36,Amazing App. No bugs seamless buying experience. Moreover the prices and quality of the product is always amazing. Very happy.,amazing app. no bugs seamless buying experience. moreover the prices and quality of the product is always amazing. very happy.,0,20,126,0,0,0,0.95,0,1,0.8858,1,0,1,0.0,0,1,0,5.0,0.0
b31f4cfd-b315-4e06-9a6c-bbccbb664b96,Amazon,E-commerce,BasH S,Unknown,1,2025-10-30 09:15:23,Worst is that you can't find a customer service agent to help you.,worst is that you can't find a customer service agent to help you.,0,13,66,0,0,0,1.0,0,0,-0.34,1,0,1,0.0,0,1,0,1.0,0.0
a13e1a6d-93f5-4c37-a7bb-01646b4ab779,Amazon,E-commerce,Zavier Morris,Unknown,5,2025-10-30 09:24:06,best there is.,best there is.,0,3,14,0,0,0,1.0,0,0,0.6369,1,0,1,0.0,0,1,0,5.0,0.0
3302be69-aa40-4eec-9ff9-6f7de1ca1cfd,Amazon,E-commerce,Tamyra Talley,Unknown,5,2025-10-30 10:24:04,Love it!,love it!,0,2,8,0,0,0,1.0,0,0,0.6696,1,0,1,0.0,0,2,0,5.0,0.0
08a2b299-9289-41ef-a0e2-0f94f2c6fedb,Amazon,E-commerce,Robert Jones,Unknown,5,2025-10-30 10:30:57,Good on Amazon,good on amazon,0,3,14,0,0,0,1.0,0,0,0.5574,1,0,1,0.0,0,1,0,5.0,0.0
348548cb-56ae-413b-8a32-9feded450d10,Amazon,E-commerce,Delroy McLean,Unknown,2,2025-10-30 11:11:18,why is it so difficult for Amazon to make simple features like printing your invoices easy to do?,why is it so difficult for amazon to make simple features like printing your invoices easy to do?,0,18,97,0,0,0,0.9444444444444444,0,0,0.4806,1,0,1,0.0,0,1,0,2.0,0.0
30aa7cfe-b563-40ab-8548-b6b2b0dc5d37,Amazon,E-commerce,ILoveJesusAmen,Unknown,1,2025-10-30 12:14:43,No dark theme in the main app which is surprising. It really does drain the battery.,no dark theme in the main app which is surprising. it really does drain the battery.,0,16,84,0,0,0,0.9375,0,1,-0.0258,1,0,1,0.0,0,1,0,1.0,0.0
75d1f93c-9c9e-42d0-b822-ed43d1f0b0a6,Amazon,E-commerce,Stephanie venator-paul,Unknown,5,2025-10-30 12:20:17,I shop Amazon for items that are large or not available to me locally. I find it fast & convenient,i shop amazon for items that are large or not available to me locally. i find it fast & convenient,0,20,98,0,0,0,0.95,0,0,0.1779,1,0,1,0.0,0,1,0,5.0,0.0
7346f93d-ee1f-4de0-9a2c-c4214eb639bb,Amazon,E-commerce,Ruth Presti,Unknown,5,2025-10-30 12:30:11,"Quick, convenient, and it seems as though if I can think of it, Amazon carries it. We've saved hundreds of dollars this year by subscribing to Prime, just in shipping alone.","quick, convenient, and it seems as though if i can think of it, amazon carries it. we've saved hundreds of dollars this year by subscribing to prime, just in shipping alone.",0,31,173,0,0,0,0.967741935483871,0,0,0.3612,1,0,1,0.0,0,1,0,5.0,0.0
d2248bdc-13b9-4f7e-a009-9d4a50b29042,Amazon,E-commerce,Steven Brewer,Unknown,5,2025-10-30 13:27:32,awesome place to shop I can always find what I'm looking for at a decent price,awesome place to shop i can always find what i'm looking for at a decent price,0,16,78,0,0,0,1.0,0,0,0.6249,1,0,1,0.0,0,1,0,5.0,0.0
8d9d50a7-f9f5-4223-a6e7-bdc886264a69,Amazon,E-commerce,Artem,Unknown,1,2025-10-30 13:31:32,"annoying! I cannot order anything, all my orders were canceled after buying, because they detect my orders as suspicious. FIX YOUR ANTIFRAUD!","annoying! i cannot order anything, all my orders were canceled after buying, because they detect my orders as suspicious. fix your antifraud!",0,22,141,0,0,3,0.9090909090909091,0,0,-0.6988,1,0,1,0.0,0,1,0,1.0,0.0
68d1d45a-9297-40ff-a80c-e79f95e237b2,Amazon,E-commerce,Azaz Zaza,Unknown,1,2025-10-30 13:49:01,the more AI added the more useless this app becomes. stop the slop! employ people! pay them living wages!,the more ai added the more useless this app becomes. stop the slop! employ people! pay them living wages!,0,19,105,0,0,1,0.8421052631578947,0,1,-0.7628,1,0,1,0.0,0,1,0,1.0,0.0
9f3913e8-bc3d-4253-ac2e-6264140c6967,Amazon,E-commerce,Gwen Sturgis,Unknown,5,2025-10-30 14:14:57,always have what I need at reasonable price,always have what i need at reasonable price,0,8,43,0,0,0,1.0,0,0,0.0,1,0,1,0.0,0,1,0,5.0,0.0
1c2f1d41-b3fd-413b-831d-fed642a5ee51,Amazon,E-commerce,Thomas Johnson,Unknown,5,2025-10-30 14:21:27,excellent easy to order but I spend too much,excellent easy to order but i spend too much,0,9,44,0,0,0,1.0,0,0,0.5106,1,0,1,0.0,0,1,0,5.0,0.0
b66cf296-b55f-41a2-ac03-7288209f42cb,Amazon,E-commerce,Adedamola Awosanmi,Unknown,1,2025-10-30 15:24:31,"App stuck in white screen of death,🙄 wouldn't open!","app stuck in white screen of death,🙄 wouldn't open!",0,9,51,1,0,0,1.0,0,1,-0.7345,1,0,1,0.0,0,1,0,1.0,0.0
91b6f1d1-1c3b-4dff-b7fd-9a919c07cd51,Amazon,E-commerce,Apoc Alypse,Unknown,3,2025-10-30 15:55:41,"Why are orders on click & collect no longer given delivery time slots or a map when x stops away, seriously inconvenient.","why are orders on click & collect no longer given delivery time slots or a map when x stops away, seriously inconvenient.",63,22,121,0,0,0,1.0,0,0,-0.7096,1,0,1,0.0,0,1,0,3.0,0.0
2224cf56-bdfb-452e-b303-fa228093f565,Amazon,E-commerce,Houari Abd Ennour Tahir,Unknown,1,2025-10-30 16:24:35,The payment was done but the package didn't arrive. so stupid,the payment was done but the package didn't arrive. so stupid,0,11,61,0,0,0,0.9090909090909091,0,0,-0.7935,1,0,1,0.0,0,1,0,1.0,0.0
6a817723-31a8-443f-83dc-c4694fddc824,Amazon,E-commerce,thomas zimmer,Unknown,1,2025-10-30 16:32:05,is getting worse by the day especially delivery,is getting worse by the day especially delivery,0,8,47,0,0,0,1.0,0,0,-0.4767,1,0,1,0.0,0,1,0,1.0,0.0
7522fd0b-15ea-4501-85e5-aae7d4eff07d,Amazon,E-commerce,Miranda Foster,Unknown,1,2025-10-30 17:09:38,"This app is unusable since they added the little pop-up feature for everything that gets slightly touched. I have looked for a way to disable it and since I have had no luck, i'm deleting the app.","this app is unusable since they added the little pop-up feature for everything that gets slightly touched. i have looked for a way to disable it and since i have had no luck, i'm deleting the app.",0,37,196,0,0,0,0.8648648648648649,0,1,-0.357,1,0,1,0.0,0,1,0,1.0,0.0
6c0bd02a-79ef-408b-9a65-96d3d7a6057d,Amazon,E-commerce,Dorothy Wilson,Unknown,1,2025-10-30 17:13:35,I can't uninstall this app,i can't uninstall this app,0,5,26,0,0,0,1.0,1,1,0.0,1,0,1,0.0,0,1,0,1.0,0.0
2c278b13-3818-4684-a2a5-271aef7c4d76,Amazon,E-commerce,Annaway Cobb,Unknown,1,2025-10-30 17:25:05,im upset my costume didn't get here on the right time,im upset my costume didn't get here on the right time,0,11,53,0,0,0,1.0,0,0,-0.3818,1,0,1,0.0,0,1,0,1.0,0.0
ad2b8f92-a7cd-421d-bd2e-faae7059bf0e,Amazon,E-commerce,Herbert Mhango,Unknown,5,2025-10-30 17:34:45,Quick and easy way to get things across the world.,quick and easy way to get things across the world.,0,10,50,0,0,0,1.0,0,0,0.4404,1,0,1,0.0,0,1,0,5.0,0.0
3fd3c564-1ca0-41db-b059-d394fb4e5733,Amazon,E-commerce,Marcus Keating,Unknown,1,2025-10-30 17:38:49,cancelled order and increased prices,cancelled order and increased prices,0,5,36,0,0,0,1.0,0,0,0.0258,1,0,1,0.0,0,1,0,1.0,0.0
0647c751-2b1c-4e5c-bbc4-e3d6620cb80a,Amazon,E-commerce,Eli Speck,Unknown,1,2025-10-30 17:49:28,logged me out of my own account and told me to verify with a card I've never had,logged me out of my own account and told me to verify with a card i've never had,0,18,80,0,0,0,0.9444444444444444,0,0,0.0,1,0,1,0.0,0,1,0,1.0,0.0
cadc5d07-2a80-4939-b942-2494cd10d66f,Amazon,E-commerce,Nicholas Turpin,Unknown,4,2025-10-30 17:50:37,good :3,good :3,0,2,7,0,0,0,1.0,0,0,0.7351,1,0,1,0.0,0,1,0,4.0,0.0
e1946d20-56bf-4049-827c-9fa8fe21c1f1,Amazon,E-commerce,grady robinson,Unknown,5,2025-10-30 18:33:59,Excellent Service,excellent service,0,2,17,0,0,0,1.0,0,0,0.5719,1,0,1,0.0,0,2,0,5.0,0.0
f49dddfa-03ed-484c-ad61-225999b21a33,Amazon,E-commerce,Lydia Margarita,Unknown,1,2025-10-30 18:39:21,I made a 140 dollars in product on Amazon today is October 30 and the item going to be delivered from November 20 to December 23 all because I don't have Prime what a TRASH is AMAZON,i made a 140 dollars in product on amazon today is october 30 and the item going to be delivered from november 20 to december 23 all because i don't have prime what a trash is amazon,0,37,182,0,0,2,0.8648648648648649,0,0,0.34,1,0,1,0.0,0,1,0,1.0,0.0
0b51d06f-ac9e-47ef-bf4b-c1f146e80f87,Amazon,E-commerce,Mister Two,Unknown,1,2025-10-30 18:57:31,Valuable resource - had to turn off notifications because of chronic SPAM making it useless.,valuable resource - had to turn off notifications because of chronic spam making it useless.,0,15,92,0,0,1,1.0,0,0,-0.296,1,0,1,0.0,0,1,0,1.0,0.0
6481dc44-428e-40a4-91e3-470a97818210,Amazon,E-commerce,Belinda Krotz,Unknown,5,2025-10-30 19:04:57,Fast & Efficient,fast & efficient,0,3,16,0,0,0,1.0,0,0,0.4215,1,0,1,0.0,0,1,0,5.0,0.0
04c19d3f-c610-41cd-9304-e810f140d805,Amazon,E-commerce,Katie Fisher,Unknown,1,2025-10-30 19:15:47,I don't have anything in my cart but it shows 1 item. They need to fix this glitch,i don't have anything in my cart but it shows 1 item. they need to fix this glitch,0,18,82,0,0,0,1.0,0,0,0.0,1,0,1,0.0,0,1,0,1.0,0.0
dff61950-47a2-414d-8d65-21de6005e452,Amazon,E-commerce,Jane Smith,Unknown,1,2025-10-30 19:22:57,I can't get into my account but I can't cancel the account without getting into the account therefore they keep charging me for something I can't even use,i can't get into my account but i can't cancel the account without getting into the account therefore they keep charging me for something i can't even use,0,28,154,0,0,0,0.7142857142857143,0,0,0.2755,1,0,1,0.0,0,1,0,1.0,0.0
6fc05d26-3112-43aa-952d-31078643d333,Amazon,E-commerce,Jessica Welch,Unknown,5,2025-10-30 20:05:27,makes living in the woods so much easier,makes living in the woods so much easier,0,8,40,0,0,0,1.0,0,0,0.4728,1,0,1,0.0,0,1,0,5.0,0.0
4c2d10d1-e733-449d-85c2-af039e4c4d5f,Amazon,E-commerce,Janice Menard,Unknown,5,2025-10-30 20:22:21,always excellent,always excellent,0,2,16,0,0,0,1.0,0,0,0.5719,1,0,1,0.0,0,1,0,5.0,0.0
4f2f3f07-e741-4750-8aeb-b8409e6c3de8,Amazon,E-commerce,Fakhreldin Ibraheem,Unknown,5,2025-10-30 20:28:05,excellant,excellant,0,1,9,0,0,0,1.0,0,0,0.0,1,0,1,0.0,0,1,0,5.0,0.0
38d43a15-dd89-41e6-86e8-1af8162e374f,Amazon,E-commerce,A Brown,Unknown,5,2025-10-30 21:31:51,The Best ¡,the best ¡,0,3,10,0,0,0,1.0,0,0,0.6369,1,0,1,0.0,0,1,0,5.0,0.0
2588fcf4-1287-4bab-90d3-79bd08e46dd9,Amazon,E-commerce,Angie B,Unknown,5,2025-10-30 21:51:15,love it can find just about anything,love it can find just about anything,0,7,36,0,0,0,1.0,0,0,0.6369,1,0,1,0.0,0,1,0,5.0,0.0
4d77e23d-aef4-4bd4-85d5-e95cf1e3b564,Amazon,E-commerce,Cassandra Haggard,Unknown,1,2025-10-30 22:24:47,horrible won't even open,horrible won't even open,0,4,24,0,0,0,1.0,0,0,-0.5423,1,0,1,0.0,0,1,0,1.0,0.0
c562cdd9-f5ef-4c41-a81d-42ba781dc9e6,Amazon,E-commerce,Diisa Hejka,Unknown,5,2025-10-30 22:34:26,Come join the ease and fun of online shopping through this App. ☺️,come join the ease and fun of online shopping through this app. ☺️,0,13,66,0,0,0,1.0,0,1,0.875,1,0,1,0.0,0,1,0,5.0,0.0
6a5b30d5-94db-48bf-a690-e976186ccb7c,Amazon,E-commerce,احرار افسر,Unknown,1,2025-10-30 22:43:34,not updating,not updating,0,2,12,0,0,0,1.0,0,0,0.0,1,0,1,0.0,0,1,0,1.0,0.0
391169f2-2e15-4bd6-92c7-d47863ae6629,Amazon,E-commerce,timothy belk,Unknown,1,2025-10-30 23:08:18,"I haven't experienced it yet and I'm already being asked to rate this app. Too premature, way too early","i haven't experienced it yet and i'm already being asked to rate this app. too premature, way too early",0,19,103,0,0,0,0.9473684210526315,0,1,0.0,1,0,1,0.0,0,1,0,1.0,0.0
e40adb3a-a377-434e-a5be-1038b6dfa52f,Amazon,E-commerce,Adrian Hill,Unknown,5,2025-10-30 23:21:31,so easy,so easy,0,2,7,0,0,0,1.0,0,0,0.4927,1,0,1,0.0,0,1,0,5.0,0.0
cc734694-b530-4149-b784-d9d5ef7140de,Amazon,E-commerce,Michael Kitowski,Unknown,1,2025-10-30 23:27:53,Orders widget no longer takes you to the order page,orders widget no longer takes you to the order page,0,10,51,0,0,0,1.0,0,0,-0.296,1,0,1,0.0,0,1,0,1.0,0.0
02c81c76-9dad-4746-8b87-8c4f2cd66f14,Amazon,E-commerce,Arson King,Unknown,1,2025-10-30 23:28:41,this is so bad like make it easier to cancle the prime membership its not that hard,this is so bad like make it easier to cancle the prime membership its not that hard,0,17,83,0,0,0,1.0,0,0,0.0984,1,0,1,0.0,0,1,0,1.0,0.0
c0afcea4-caa2-4076-b9d9-bcbe46bcec1e,Amazon,E-commerce,Heath,Unknown,5,2025-10-30 23:44:56,so far my experience has been great there was one little problem but it got fixed and I can expect my things to show up when they said it would show up,so far my experience has been great there was one little problem but it got fixed and i can expect my things to show up when they said it would show up,0,32,151,0,0,0,0.875,0,0,0.2135,1,0,1,0.0,0,1,0,5.0,0.0
ec46040a-9a91-4460-9f7d-b15142797dfa,Amazon,E-commerce,Julie Starks,Unknown,5,2025-10-31 00:35:56,love this site,love this site,0,3,14,0,0,0,1.0,0,0,0.6369,1,0,1,0.0,0,1,0,5.0,0.0
f8fcd21e-1133-47aa-b164-1d3e4d4bec11,Amazon,E-commerce,Leo,Unknown,5,2025-10-31 02:55:22,Fabolous.,fabolous.,0,1,9,0,0,0,1.0,0,0,0.0,1,0,1,0.0,0,1,0,5.0,0.0
ddda7c72-95cd-4629-ad18-a24d44f0e7a6,Amazon,E-commerce,Paul Harley,Unknown,3,2025-10-31 02:56:07,Amazon does good when it's prime but when it's United States postal service. it sucks,amazon does good when it's prime but when it's united states postal service. it sucks,0,15,85,0,0,0,0.8666666666666667,0,0,0.4118,1,0,1,0.0,0,1,0,3.0,0.0
b439a189-161e-4c77-980d-6aaf140278f6,Amazon,E-commerce,ANSAR SHAIKH,Unknown,5,2025-10-31 03:13:23,GOOD SERVICE,good service,0,2,12,0,0,2,1.0,0,0,0.4404,1,0,1,0.0,0,1,0,5.0,0.0
bdfb75d6-cd25-4f14-bed5-664ee11de85f,Amazon,E-commerce,Tim Parry,Unknown,5,2025-10-31 03:19:55,Always an easy way to shop!,always an easy way to shop!,0,6,27,0,0,0,1.0,0,0,0.4926,1,0,1,0.0,0,1,0,5.0,0.0
ebb48b2f-5b9a-45a3-a87a-507e683ff810,Amazon,E-commerce,Joel Rogers,Unknown,1,2025-10-31 03:31:23,It's 2025 your the biggest company in the world and you don't even have a dark mode option............... PUT IT IN!,it's 2025 your the biggest company in the world and you don't even have a dark mode option............... put it in!,1,21,116,0,0,3,0.9523809523809523,0,0,0.0,1,0,1,0.0,0,1,0,1.0,0.0
f127c7bc-6ca4-46a4-a831-425206c947c5,Amazon,E-commerce,Elizabeth Thompson,Unknown,5,2025-10-31 04:17:03,"convenient, correct orders, prices are what I want to pay.","convenient, correct orders, prices are what i want to pay.",0,10,58,0,0,0,1.0,0,0,-0.0258,1,0,1,0.0,0,1,0,5.0,0.0
d99aff8d-d3f1-4e76-880c-5e3576984131,Amazon,E-commerce,Kelin Sings,Unknown,3,2025-10-31 04:19:37,app works fine but I can't seem to access ongoing chats/messages with sellers,app works fine but i can't seem to access ongoing chats/messages with sellers,0,13,77,0,0,0,1.0,0,1,0.1027,1,0,1,0.0,0,1,0,3.0,0.0
8ab0dd7a-8d84-4f2e-ac09-f272c156898e,Amazon,E-commerce,Lara,Unknown,5,2025-10-31 04:25:12,Love it,love it,0,2,7,0,0,0,1.0,0,0,0.6369,1,0,1,0.0,0,2,0,5.0,0.0
9e440b94-44f0-461c-a65d-c03305213987,Amazon,E-commerce,T,Unknown,1,2025-10-31 04:38:21,I was a victim of fraud I would really like a follow up. how can I find out?,i was a victim of fraud i would really like a follow up. how can i find out?,0,18,76,0,0,0,0.8333333333333334,0,0,-0.4779,1,0,1,0.0,0,1,0,1.0,0.0
72d61632-22a7-45b5-851d-26f669390834,Amazon,E-commerce,Craig Breeden,Unknown,5,2025-10-31 04:40:01,Absolutely outstanding !! This is the one you have been waiting for!! This has exceeded my expectations,absolutely outstanding !! this is the one you have been waiting for!! this has exceeded my expectations,0,17,103,0,0,0,0.9411764705882353,0,0,0.7551,1,0,1,0.0,0,1,0,5.0,0.0
5620ee36-7919-45c4-aed7-1151af779960,Amazon,E-commerce,Guy Lucia,Unknown,5,2025-10-31 05:02:57,"I spend way too much money on this site, but I love it.","i spend way too much money on this site, but i love it.",0,13,55,0,0,0,0.9230769230769231,0,0,0.7783,1,0,1,0.0,0,1,0,5.0,0.0
e7d792d8-8f97-4d09-bbbd-ac26db6d1e10,Amazon,E-commerce,sijo mathew,Unknown,1,2025-10-31 05:39:10,"you can download application.But,if you brought anything from them.Than they are not responsible","you can download application.but,if you brought anything from them.than they are not responsible",0,13,96,0,0,0,0.9230769230769231,1,1,-0.2411,1,0,1,0.0,0,1,0,1.0,0.0
e4d47f45-8ad6-474c-8282-f8bf8048297d,Amazon,E-commerce,Saule Tp,Unknown,5,2025-10-31 06:19:11,excellent and fast,excellent and fast,0,3,18,0,0,0,1.0,0,0,0.5719,1,0,1,0.0,0,1,0,5.0,0.0
2afc305c-3193-49fa-9118-c5039a386750,Amazon,E-commerce,Kgomotso Mabugana,Unknown,5,2025-10-31 08:37:04,Excellent,excellent,0,1,9,0,0,0,1.0,0,0,0.5719,1,0,1,0.0,0,3,0,5.0,0.0
0148bad7-d7f2-4e9b-8daa-00689e579e42,Amazon,E-commerce,Shelly Jane,Unknown,5,2025-10-31 08:44:51,"love it,always get good service and always lovely delivery drivers","love it,always get good service and always lovely delivery drivers",0,10,66,0,0,0,1.0,0,0,0.8979,1,0,1,0.0,0,1,0,5.0,0.0
ee5d43cb-df5a-412b-bf27-4b8c51d5d066,Amazon,E-commerce,Miguel Cruz,Unknown,5,2025-10-31 09:07:56,you made the impression of the last thing you wanted to do with your phone and the music guys is just so much fun and I love,you made the impression of the last thing you wanted to do with your phone and the music guys is just so much fun and i love,0,27,124,0,0,0,0.8518518518518519,0,0,0.8651,1,0,1,0.0,0,1,0,5.0,0.0
93d337a7-0b92-4ca7-85a4-2cd30cff542e,Amazon,E-commerce,Manuela De Rogatis,Unknown,5,2025-10-31 10:09:03,"It's so easy to buy whatever you like and you have it the next day, if not even the same day sometimes, without wasting time going to the shops.","it's so easy to buy whatever you like and you have it the next day, if not even the same day sometimes, without wasting time going to the shops.",0,29,144,0,0,0,0.8620689655172413,0,0,0.7876,1,0,1,0.0,0,1,0,5.0,0.0
3691bc16-172d-4df0-895e-244ad82a9c16,Amazon,E-commerce,David,Unknown,5,2025-10-31 10:25:21,excellent 👍,excellent 👍,1,2,11,1,0,0,1.0,0,0,0.5719,1,0,4,402339.0,0,1,0,3.0,2.309401076758503
1fc5fd7b-9970-4acb-99ed-c524e898049e,Amazon,E-commerce,Denice Taylor,Unknown,5,2025-10-31 10:35:59,l love,l love,1,2,6,0,0,0,1.0,0,0,0.802,1,0,1,0.0,0,1,0,5.0,0.0
8ee34e34-7ac6-4a42-bd70-5663b36057f6,Amazon,E-commerce,Ave May,Unknown,1,2025-10-31 11:08:24,"Amazon SUCKS my galloween outfit had delayed shipping, so I couldn't dress up for Halloween and I'm only 11","amazon sucks my galloween outfit had delayed shipping, so i couldn't dress up for halloween and i'm only 11",1,19,107,0,0,1,1.0,0,0,-0.4019,1,0,1,0.0,0,1,0,1.0,0.0
cf053bb1-7c39-4b22-a9e0-065cc8768462,Amazon,E-commerce,Raja Srikar Karthik Chinta,Unknown,1,2025-10-31 11:10:07,Dark mode is something this app really needs. Man it's too hard on eyes.. 🫩,dark mode is something this app really needs. man it's too hard on eyes.. 🫩,1,15,75,1,0,0,1.0,0,1,-0.1027,1,0,1,0.0,0,1,0,1.0,0.0
d91ed764-0e92-4a81-93f2-c2e096d41466,Amazon,E-commerce,Leigh C,Unknown,1,2025-10-31 11:14:54,0 stars they was late and gave the wrong size,0 stars they was late and gave the wrong size,0,10,45,0,0,0,1.0,0,0,-0.4767,1,0,1,0.0,0,1,0,1.0,0.0
c19d14f8-7466-44bc-a6fa-5f8989c9562a,Amazon,E-commerce,Duane Hastings,Unknown,5,2025-10-31 11:31:37,Always find the right things I'm looking for..,always find the right things i'm looking for..,0,8,46,0,0,0,1.0,0,0,0.0,1,0,1,0.0,0,1,0,5.0,0.0
32d1ffb2-489c-4095-9a21-6d1e2610a65f,Amazon,E-commerce,Raven Walker,Unknown,5,2025-10-31 11:38:02,Always sort any problems immediately. Great access to items unable to find elsewhere and delivered to the door.,always sort any problems immediately. great access to items unable to find elsewhere and delivered to the door.,1,18,111,0,0,0,0.8888888888888888,0,0,0.34,1,0,1,0.0,0,1,0,5.0,0.0
6776475f-133d-4150-ae82-49a3a091d929,Amazon,E-commerce,Pam Cavaliere,Unknown,5,2025-10-31 12:52:35,"Always good products, always accurate, always timely.","always good products, always accurate, always timely.",0,7,53,0,0,0,0.7142857142857143,0,0,0.4404,1,0,1,0.0,0,1,0,5.0,0.0
507da5c1-b6c9-429f-a19d-c0dd43eb4357,Amazon,E-commerce,Amanda Poore,Unknown,3,2025-10-31 13:15:14,whats going on i order stuff says it can be here from 4am to 8am now after finalize the order it schedule 2 days later and no time frame you guys use to be reliable now your not.,whats going on i order stuff says it can be here from 4am to 8am now after finalize the order it schedule 2 days later and no time frame you guys use to be reliable now your not.,0,38,178,0,0,0,0.868421052631579,0,0,-0.296,1,0,1,0.0,0,1,0,3.0,0.0
69423a8e-a09c-4bc3-adf7-c71a06529710,Amazon,E-commerce,George Dinmore,Unknown,1,2025-10-31 13:22:17,Amazon used to be great. Now? The title and descriptions are nothing like what the items should be. It is literally a lucky dip with what you get now.,amazon used to be great. now? the title and descriptions are nothing like what the items should be. it is literally a lucky dip with what you get now.,1,29,150,0,0,0,0.9310344827586207,0,0,0.7572,1,0,1,0.0,0,1,1,1.0,0.0
c46c6672-8c81-48d2-83a9-c88cb9156c51,Amazon,E-commerce,Arman Shoaei,Unknown,5,2025-10-31 14:20:00,Just checking to see if I can buy something online.,just checking to see if i can buy something online.,0,10,51,0,0,0,1.0,0,0,0.0,1,0,1,0.0,0,1,0,5.0,0.0
1cfdfe5c-0d40-4853-9d9b-bfec1b200ebe,Amazon,E-commerce,Maruf Billah,Unknown,5,2025-10-31 14:41:06,nicehe,nicehe,0,1,6,0,0,0,1.0,0,0,0.0,1,0,1,0.0,0,1,0,5.0,0.0
ceb75fab-2182-46a7-80a0-6e340a746652,Amazon,E-commerce,Kyle Craft,Unknown,3,2025-10-31 15:12:52,makes it to easy when you're a shopaholic ugh 😑,makes it to easy when you're a shopaholic ugh 😑,1,10,47,1,0,0,1.0,0,0,0.0258,1,0,1,0.0,0,1,0,3.0,0.0
953b5b57-ac76-4218-83f1-0711211678ce,Amazon,E-commerce,Celia Harrington,Unknown,5,2025-10-31 15:14:06,always deliver on time and pleasant deliveries,always deliver on time and pleasant deliveries,0,7,46,0,0,0,1.0,0,0,0.5106,1,0,1,0.0,0,1,0,5.0,0.0
fd951932-fcef-40b0-bda0-489cb12ce90e,Amazon,E-commerce,Travis Sutton,Unknown,1,2025-10-31 16:18:41,Don't pay for next day delivery it's a scam nothing in the mail today but my money went to Amazon best believe,don't pay for next day delivery it's a scam nothing in the mail today but my money went to amazon best believe,2,22,110,0,0,0,1.0,0,0,0.7682,1,0,1,0.0,0,1,1,1.0,0.0
03240081-b72d-427b-b178-885e3684ae1a,Amazon,E-commerce,Deneen M. Washington,Unknown,2,2025-10-31 16:19:31,Something is definitely wrong with this App 😔 I would like to cancel my subscription Thank You,something is definitely wrong with this app 😔 i would like to cancel my subscription thank you,2,17,94,1,0,0,1.0,0,1,0.4404,1,0,1,0.0,0,1,0,2.0,0.0
b77c55fa-2043-40d8-9e00-457ff3c06ca5,Amazon,E-commerce,Charles Jenkins,Unknown,5,2025-10-31 16:27:17,best shopping app,best shopping app,1,3,17,0,0,0,1.0,0,1,0.6369,1,0,1,0.0,0,1,0,5.0,0.0
3be54f60-ff3d-48e0-a86b-04b3a0cb405c,Amazon,E-commerce,Sunshower Universes (YouTube Channel),Unknown,5,2025-10-31 16:37:45,so far sooo good hood,so far sooo good hood,1,5,21,0,0,0,1.0,0,0,0.4877,1,0,1,0.0,0,1,0,5.0,0.0
dc69f1b7-7c75-4330-ba5b-25e3cf9c106c,Amazon,E-commerce,Ron Woodworth,Unknown,5,2025-10-31 16:52:59,it's Amazon,it's amazon,0,2,11,0,0,0,1.0,0,0,0.1779,1,0,1,0.0,0,1,0,5.0,0.0
bf9cf5d7-7e4e-4feb-b208-ecc4432056c6,Amazon,E-commerce,Mona Hisham,Unknown,1,2025-10-31 17:02:56,sucks,sucks,0,1,5,0,0,0,1.0,0,0,-0.3612,1,0,1,0.0,0,1,0,1.0,0.0
2354d4ca-249e-4f17-b640-72a813e02754,Amazon,E-commerce,Tina Ryan,Unknown,5,2025-10-31 17:06:05,love the easy way to get the things I need,love the easy way to get the things i need,1,10,42,0,0,0,0.9,0,0,0.7964,1,0,1,0.0,0,1,0,5.0,0.0
8e67ad7e-367d-4569-9bb3-1dcbea42502f,Amazon,E-commerce,Charli,Unknown,5,2025-10-31 17:15:24,THIS IS PRIME!!!!,this is prime!!!!,1,3,17,0,0,3,1.0,0,0,0.0,1,0,1,0.0,0,1,0,5.0,0.0
cd0b210f-e9a1-444f-9268-3b14ecb6be88,Amazon,E-commerce,MJ Scarlett,Unknown,1,2025-10-31 17:23:57,I love it ♥️,i love it ♥️,2,4,12,0,0,0,1.0,0,0,0.8555,1,0,1,0.0,0,1,1,1.0,0.0
4b8b746a-c0c1-4b15-b3b8-645724322383,Amazon,E-commerce,Private Stock Auto Collection,Unknown,1,2025-10-31 17:33:43,says not compatible with my LG smartphone and to contact developers,says not compatible with my lg smartphone and to contact developers,1,11,67,0,0,1,1.0,0,0,0.0,1,0,1,0.0,0,1,0,1.0,0.0
173c3528-a419-42e9-ae10-3706478771ec,Amazon,E-commerce,Stewart Steele,Unknown,2,2025-10-31 17:53:02,pretty disapointed. amazon used to be good but lately they are late most of the time and havent gotten packages before the events i need them for.,pretty disapointed. amazon used to be good but lately they are late most of the time and havent gotten packages before the events i need them for.,1,27,146,0,0,0,0.9629629629629629,0,0,0.5267,1,0,1,0.0,0,1,1,2.0,0.0
a9caf481-6474-4dee-bef7-22f281863dce,Amazon,E-commerce,KJ Bald Eagle,Unknown,1,2025-10-31 18:22:28,So my mom buys stuff on Amazon and Amazon keeps delaying stuff all the time and now it delayed my costume for Halloween so that sucked and my mom can't even get me a costume anywhere because of this.,so my mom buys stuff on amazon and amazon keeps delaying stuff all the time and now it delayed my costume for halloween so that sucked and my mom can't even get me a costume anywhere because of this.,1,39,199,0,0,0,0.7692307692307693,0,0,-0.4173,1,0,1,0.0,0,1,0,1.0,0.0
494c0458-f6c7-4afa-bb02-1271e419465c,Amazon,E-commerce,Toucan Sam,Unknown,1,2025-10-31 22:12:41,Will not load my playlist or search for music,will not load my playlist or search for music,0,9,45,0,0,0,1.0,0,0,0.0,1,0,1,0.0,0,1,0,1.0,0.0
8b7e2b58-9fc0-43d8-94bf-4c7dcb9043cd,Amazon,E-commerce,Benjamin Leneham,Unknown,3,2025-10-31 23:12:38,Clunky. Add dark mode too.,clunky. add dark mode too.,0,5,26,0,0,0,1.0,0,0,0.0,1,0,1,0.0,0,1,0,3.0,0.0
6f8ab75d-67fa-48df-8c43-b5a32e340e0e,Amazon,E-commerce,Malcolm D,Unknown,3,2025-11-01 00:15:25,"They broke the quick order shortcut off the home screen, it just loads the account menu now instead of going to the order page.","they broke the quick order shortcut off the home screen, it just loads the account menu now instead of going to the order page.",214,24,127,0,0,0,0.8333333333333334,0,0,-0.4215,1,0,1,0.0,0,1,0,3.0,0.0
0b636cef-b7d1-44a1-81f2-ae19103a7743,Amazon,E-commerce,DocVee Sanowa,Unknown,4,2025-11-01 00:22:53,shopping made easy & reasonable pricing.,shopping made easy & reasonable pricing.,0,6,40,0,0,0,1.0,0,0,0.4404,1,0,1,0.0,0,1,0,4.0,0.0
d80dd5a8-ba24-4550-a326-27cc280ed6c8,Amazon,E-commerce,RMS TITANIC,Unknown,2,2025-11-01 01:12:49,it's 2025 and one of the richest companies in the world doesn't even have dark mode on there app it's blinding everytime i open it,it's 2025 and one of the richest companies in the world doesn't even have dark mode on there app it's blinding everytime i open it,1,25,130,0,0,0,0.92,0,1,0.5267,1,0,1,0.0,0,1,1,2.0,0.0
d5aa8886-b368-40a5-af23-9c2e0f1348d3,Amazon,E-commerce,SANJAY SWAMI,Unknown,1,2025-11-01 01:21:06,Very bad service,very bad service,0,3,16,0,0,0,1.0,0,0,-0.5849,1,0,1,0.0,0,2,0,1.0,0.0
0ac82c52-5c7a-46fd-a09e-c6586ee81968,Amazon,E-commerce,M. Goldstein,Unknown,2,2025-11-01 05:44:59,Still no dark mode (requested at least 2 years ago) ; Looks like the app is meant to serve Amazon more than its clients.,still no dark mode (requested at least 2 years ago) ; looks like the app is meant to serve amazon more than its clients.,3,24,120,0,0,0,1.0,0,1,0.25,1,0,1,0.0,0,1,0,2.0,0.0
5824e8ca-ee5b-47b3-b1e1-ca7b1c08bdb8,Amazon,E-commerce,Letha Santhalayam,Unknown,3,2025-11-01 05:51:09,You are saying first delivery free. but you are charged more money and delivery man took extra money from me. just now it happens. This is cheating,you are saying first delivery free. but you are charged more money and delivery man took extra money from me. just now it happens. this is cheating,0,27,147,0,0,0,0.8518518518518519,1,1,-0.714,1,0,1,0.0,0,1,0,3.0,0.0
39227222-0163-446b-b840-6018edcc0795,Amazon,E-commerce,Phil Dobbs,Unknown,1,2025-11-01 07:19:03,scam sales technique,scam sales technique,0,3,20,0,0,0,1.0,1,0,-0.5719,1,0,1,0.0,0,1,0,1.0,0.0
c126228f-da22-43f4-b2a4-7af29111cba0,Amazon,E-commerce,farbod Aprin,Unknown,1,2025-11-01 07:40:55,Amazon is amazon! cancel my order and they empty my basket! I cannot click on items which where canceled !! many UX problem. AI is not responding efficiently it like dump auto answers.,amazon is amazon! cancel my order and they empty my basket! i cannot click on items which where canceled !! many ux problem. ai is not responding efficiently it like dump auto answers.,0,33,184,0,0,2,0.9393939393939394,0,0,-0.7668,1,0,1,0.0,0,1,0,1.0,0.0
b156b59a-7827-4fe4-bfd6-28e0d0ee27df,Amazon,E-commerce,Валентин Витальевич,Unknown,1,2025-11-01 07:54:14,"Absolutely terrible UX. Spent half an hour just to find filters for the laptops, and then discovered that there is no way to filter them by the size, the key factor for the laptop.","absolutely terrible ux. spent half an hour just to find filters for the laptops, and then discovered that there is no way to filter them by the size, the key factor for the laptop.",0,34,180,0,0,1,0.8529411764705882,0,0,-0.6801,1,0,1,0.0,0,1,0,1.0,0.0
24d042d5-363d-4772-95c5-64212aed1d2a,Amazon,E-commerce,Deke Weild,Unknown,1,2025-11-01 08:09:16,Age verification system completely broken,age verification system completely broken,0,5,41,0,0,0,1.0,0,0,-0.5256,1,0,1,0.0,0,1,0,1.0,0.0
4ed7d8f6-6986-4e84-a1ba-2a23e7c57ae4,Amazon,E-commerce,Liv,Unknown,4,2025-11-01 08:46:55,"I loved this app until it started saying that I wasn't connected, but every time I checked, I was connected, so I just had to delete it","i loved this app until it started saying that i wasn't connected, but every time i checked, i was connected, so i just had to delete it",0,27,135,0,0,0,0.7777777777777778,0,1,0.3506,1,0,1,0.0,0,1,0,4.0,0.0
4e934092-9e77-4128-8a68-3d2527b4617a,Amazon,E-commerce,Arun Naidu,Unknown,3,2025-11-01 09:39:57,"They make mistakes but then are reasonably quick to correct it, provided the matter is clarified to them.","they make mistakes but then are reasonably quick to correct it, provided the matter is clarified to them.",0,18,105,0,0,0,0.9444444444444444,0,0,-0.1531,1,0,1,0.0,0,1,0,3.0,0.0
b385cd3d-fcf6-4443-9e4c-078581bddab0,Amazon,E-commerce,Diane Hooey,Unknown,5,2025-11-01 11:53:58,I love shopping on Amazon they have everything you need. When in bought shop here!,i love shopping on amazon they have everything you need. when in bought shop here!,0,15,82,0,0,0,1.0,0,0,0.7345,1,0,1,0.0,0,1,0,5.0,0.0
a9b0bf7d-e527-4fe8-a108-85eddb640ee9,Amazon,E-commerce,shirty 0891,Unknown,2,2025-11-01 12:28:34,App keeps crashing everytime i try to open it.,app keeps crashing everytime i try to open it.,0,9,46,0,0,0,1.0,0,1,0.0,1,0,1,0.0,0,1,0,2.0,0.0
05ffc0df-f253-4c69-b393-56ca5f912e5a,Amazon,E-commerce,Kalvin Mullins,Unknown,5,2025-11-01 12:34:23,Great way to shop,great way to shop,0,4,17,0,0,0,1.0,0,0,0.6249,1,0,1,0.0,0,1,0,5.0,0.0
21a71324-e455-420d-832b-167da823d96c,Amazon,E-commerce,Aman Sirpal,Unknown,1,2025-11-01 12:53:42,Shockingly Poor Returns process! any items returned with a value of £30 or more takes over 1 month to process refunds. Or the item gets lost!,shockingly poor returns process! any items returned with a value of £30 or more takes over 1 month to process refunds. or the item gets lost!,0,26,141,0,0,0,0.9615384615384616,0,0,-0.6467,1,0,1,0.0,0,1,0,1.0,0.0
c0161a93-7c7a-417d-8774-cca502912df5,Amazon,E-commerce,jose Luis ramos Garcia,Unknown,5,2025-11-01 12:53:45,the best of the best,the best of the best,0,5,20,0,0,0,0.6,0,0,0.8555,1,0,1,0.0,0,1,0,5.0,0.0
dc923e1b-95fb-4835-9ffd-feaba8f24043,Amazon,E-commerce,Derek Redmond,Unknown,1,2025-11-01 13:09:05,Amazon Ireland is way too slow for delivery compared to ordering form the UK store. there is little advantage having prime any more.,amazon ireland is way too slow for delivery compared to ordering form the uk store. there is little advantage having prime any more.,0,23,132,0,0,1,0.9565217391304348,0,0,0.3415,1,0,1,0.0,0,1,0,1.0,0.0
3b6e71d3-720b-43a9-8d47-49559022043a,Amazon,E-commerce,John JTN,Unknown,1,2025-11-01 13:21:28,what a stupid customer service and delivery service,what a stupid customer service and delivery service,0,8,51,0,0,0,0.875,0,0,-0.5267,1,0,1,0.0,0,1,0,1.0,0.0
f44ecf3b-3efa-4fd3-8836-04a98c950f86,Amazon,E-commerce,Mhd Zulkhairi,Unknown,1,2025-11-01 14:08:49,gross Amazon,gross amazon,0,2,12,0,0,0,1.0,0,0,-0.34,1,0,1,0.0,0,1,0,1.0,0.0
5835ea8c-a667-45e8-8d6c-abe5740dbf24,Amazon,E-commerce,Lorraine Beye,Unknown,1,2025-11-01 14:31:44,need to cancel Amazon membership for prime. it was supposed amazon membership for prime thru amazon,need to cancel amazon membership for prime. it was supposed amazon membership for prime thru amazon,0,16,99,0,0,0,0.75,0,0,0.2732,1,0,1,0.0,0,1,0,1.0,0.0
e5b59ec7-c33c-4df4-ab23-3c18a03d7a03,Amazon,E-commerce,G D,Unknown,1,2025-11-01 14:42:32,"freaking Bezos, dude...","freaking bezos, dude...",0,3,23,0,0,0,1.0,0,0,-0.4215,1,0,1,0.0,0,1,0,1.0,0.0
f79cf3ea-432a-46b7-8bbd-1f481e961486,Amazon,E-commerce,Rana Muhammad Sajjad,Unknown,5,2025-11-01 14:45:19,awesome,awesome,0,1,7,0,0,0,1.0,0,0,0.6249,1,0,1,0.0,0,3,0,5.0,0.0
f4a05e59-3cd4-4079-bca9-2be897329712,Amazon,E-commerce,Carmen Mohamed Gamal,Unknown,5,2025-11-01 15:06:23,very good app and use it to buy many useful things,very good app and use it to buy many useful things,0,11,50,0,0,0,1.0,0,1,0.7264,1,0,1,0.0,0,1,0,5.0,0.0
84df9f5a-dad0-4cc1-a2ff-8ffaecc394e6,Amazon,E-commerce,Marie Champagne,Unknown,4,2025-11-01 15:25:24,"I am please, however, they can improve","i am please, however, they can improve",0,7,38,0,0,0,1.0,0,0,0.6369,1,0,1,0.0,0,1,0,4.0,0.0
a10e489c-1f4e-43bc-85bd-b030820e079a,Amazon,E-commerce,Yunays Perez,Unknown,5,2025-11-01 15:43:35,Espectacular,espectacular,0,1,12,0,0,0,1.0,0,0,0.0,1,0,1,0.0,0,1,0,5.0,0.0
5b2ab3f0-6f5b-4cff-b5e4-232725783155,Amazon,E-commerce,Cody Choules,Unknown,3,2025-11-01 15:44:25,dark mode would be appreciated,dark mode would be appreciated,0,5,30,0,0,0,1.0,0,1,0.5106,1,0,1,0.0,0,1,0,3.0,0.0
e59aac3d-762d-485a-806a-3b19c964e883,Amazon,E-commerce,Greg Cobb,Unknown,5,2025-11-01 15:57:22,Hard to beat with all the rewards options.,hard to beat with all the rewards options.,0,8,42,0,0,0,1.0,0,0,0.4019,1,0,1,0.0,0,1,0,5.0,0.0
75799ef1-aaf3-48b8-8cb1-2b7d53a64d65,Amazon,E-commerce,Keith Johnson,Unknown,3,2025-11-01 16:03:43,I'm going shoping other places,i'm going shoping other places,1,5,30,0,0,0,1.0,0,0,0.0,1,0,1,0.0,0,1,0,3.0,0.0
20812605-12e9-481e-8425-ee495d1df6b0,Amazon,E-commerce,Snazz Snazz (TSCR),Unknown,1,2025-11-01 16:08:51,horrible customer service,horrible customer service,0,3,25,0,0,0,1.0,0,0,-0.5423,1,0,1,0.0,0,1,0,1.0,0.0
cb2fac08-9881-42ce-9ed2-d61af3187ea6,Amazon,E-commerce,Joseph Shoresky,Unknown,5,2025-11-01 16:10:31,awesome 😎👍,awesome 😎👍,0,2,10,2,0,0,1.0,0,0,0.7964,1,0,1,0.0,0,1,0,5.0,0.0
f5d84ced-a85c-4618-a1d8-3c308d2f47d1,Amazon,E-commerce,Yuri R,Unknown,1,2025-11-01 16:44:01,"This app has become a complete nightmare and I dread using it, and rarely do anymore. Spam from every direction.","this app has become a complete nightmare and i dread using it, and rarely do anymore. spam from every direction.",234,20,112,0,0,0,0.95,0,1,-0.224,1,0,1,0.0,0,1,0,1.0,0.0
9dba6bc5-053e-4a6b-8425-831899da534f,Amazon,E-commerce,Mike McGuire,Unknown,5,2025-11-01 16:48:43,Great.,great.,0,1,6,0,0,0,1.0,0,0,0.6249,1,0,1,0.0,0,1,0,5.0,0.0
cd2fc244-1fae-4342-a79d-973f21e8e30f,Amazon,E-commerce,Amy Fisher,Unknown,1,2025-11-01 17:04:57,"I don't know what has happened but I got kicked out of my Amazon shopping app and used my correct password and it keeps saying ""internal error please try again later.""","i don't know what has happened but i got kicked out of my amazon shopping app and used my correct password and it keeps saying ""internal error please try again later.""",0,31,167,0,0,0,0.9032258064516129,0,1,0.1154,1,0,1,0.0,0,1,0,1.0,0.0
8a86a41d-50c7-4f13-b979-c5e51465ee36,Amazon,E-commerce,Mark Hirsch (SSMD999),Unknown,4,2025-11-01 17:09:25,gotta make the monthly plans easier to find because the next month its hard to find the item you order,gotta make the monthly plans easier to find because the next month its hard to find the item you order,0,20,102,0,0,0,0.8,0,0,0.34,1,0,1,0.0,0,1,0,4.0,0.0
8a861bd0-18f9-43ec-8618-9cc57ddbc614,Amazon,E-commerce,Jaytm2,Unknown,1,2025-11-01 17:39:01,"Still Sucks. Most product images won't load, makes it pretty useless. Would definitely choose an alternative to Amazon if they didn't have a monopoly.","still sucks. most product images won't load, makes it pretty useless. would definitely choose an alternative to amazon if they didn't have a monopoly.",0,24,150,0,0,0,1.0,0,0,0.3182,1,0,1,0.0,0,1,0,1.0,0.0
6f647471-3281-417d-8d61-a3530cd59e12,Amazon,E-commerce,Jason Kkng,Unknown,5,2025-11-01 18:20:36,can't wait for Christmas 😉,can't wait for christmas 😉,0,5,26,1,0,0,1.0,0,0,0.0,1,0,1,0.0,0,1,0,5.0,0.0
f50b5df0-6e83-4c93-b10b-aaba26672155,Amazon,E-commerce,Steve Barrett,Unknown,1,2025-11-01 18:38:42,App doesn't open anymore,app doesn't open anymore,0,4,24,0,0,0,1.0,0,1,0.0,1,0,1,0.0,0,1,0,1.0,0.0
6ea4618e-97df-419a-bcfa-49c7d97b6fdd,Amazon,E-commerce,Change,Unknown,5,2025-11-01 18:41:11,click and done,click and done,0,3,14,0,0,0,1.0,0,0,0.0,1,0,1,0.0,0,1,0,5.0,0.0
06ba8b58-d9a7-4224-9993-115c5ef35d7c,Amazon,E-commerce,Teresa Hart,Unknown,5,2025-11-01 18:51:19,it's plain and simple I LOVE AMAZON. Never had a problem with everything and I spend a lot of money,it's plain and simple i love amazon. never had a problem with everything and i spend a lot of money,0,20,99,0,0,2,0.85,0,0,0.7997,1,0,1,0.0,0,1,0,5.0,0.0
8903443e-3232-4422-87d9-150883a46c1a,Amazon,E-commerce,Gina.R.F Bambi,Unknown,5,2025-11-01 18:54:42,Easy to use and same say or next day delivery with prime,easy to use and same say or next day delivery with prime,0,12,56,0,0,0,1.0,0,0,0.4404,1,0,1,0.0,0,1,0,5.0,0.0
845596fb-37a4-4da0-86bc-f0cf326e906c,Amazon,E-commerce,jshxfrost,Unknown,1,2025-11-01 19:22:53,"I don't know if it's broken or something, but it won't let me sign in. Amazon, please fix this","i don't know if it's broken or something, but it won't let me sign in. amazon, please fix this",1,19,94,0,0,0,1.0,0,0,0.4497,1,0,1,0.0,0,1,0,1.0,0.0
93d76196-f8c1-4f10-aa90-bdd593100d3f,Amazon,E-commerce,Karen Deatherage,Unknown,2,2025-11-01 19:27:16,freezes and crashes since last update,freezes and crashes since last update,1,6,37,0,0,0,1.0,1,0,-0.0258,1,0,1,0.0,0,1,0,2.0,0.0
02f7631e-6f8a-471f-8108-0b36c31cabf4,Amazon,E-commerce,Marysa Smith,Unknown,5,2025-11-01 19:30:07,"amazing, fast, and customer service is even simple to deal with!!!","amazing, fast, and customer service is even simple to deal with!!!",0,11,66,0,0,0,1.0,1,0,0.6884,1,0,1,0.0,0,1,0,5.0,0.0
4d50fa12-ec4a-48bf-84ef-6cf5af62fbf5,Amazon,E-commerce,brian embry,Unknown,5,2025-11-01 19:32:02,very convenient,very convenient,0,2,15,0,0,0,1.0,0,0,0.0,1,0,1,0.0,0,1,0,5.0,0.0
af1d5a34-406c-4017-959e-9fe81738b951,Amazon,E-commerce,Michael Wallace,Unknown,5,2025-11-01 19:34:47,love Amazon!,love amazon!,0,2,12,0,0,0,1.0,0,0,0.7345,1,0,1,0.0,0,2,0,5.0,0.0
9177e2f0-55eb-4104-af78-2bd3d3073f47,Amazon,E-commerce,Phillip,Unknown,5,2025-11-01 19:53:20,awesome thank you 😊,awesome thank you 😊,0,4,19,1,0,0,1.0,0,0,0.9118,1,0,1,0.0,0,1,0,5.0,0.0
0a905548-1d40-4dca-9c51-6b42ec7bf4e6,Amazon,E-commerce,Debbie Reich Swinehart,Unknown,5,2025-11-01 20:30:51,options are endless,options are endless,0,3,19,0,0,0,1.0,0,0,0.0,1,0,1,0.0,0,1,0,5.0,0.0
561c8923-9528-4f16-8432-a5dcb2f080ec,Amazon,E-commerce,Raghda H,Unknown,1,2025-11-01 20:31:24,items are fake,items are fake,0,3,14,0,0,0,1.0,0,0,-0.4767,1,0,1,0.0,0,1,0,1.0,0.0
08a3cd26-c8b8-4488-bddd-75191281a642,Amazon,E-commerce,Jean Pierre Lacroix,Unknown,1,2025-11-01 20:59:38,"I paid for a sportsnet, TWICE, but the system doesn't recognize","i paid for a sportsnet, twice, but the system doesn't recognize",0,11,63,0,0,1,1.0,0,0,0.0,1,0,1,0.0,0,1,0,1.0,0.0
7954cd1a-f7c6-48fe-a20e-17bdc4f1e972,Amazon,E-commerce,Galen Johnson (BigdaddyG),Unknown,5,2025-11-01 21:21:06,"Lots of good things to look at and buy, works well for me! Updates were nice also thanks so mooch..","lots of good things to look at and buy, works well for me! updates were nice also thanks so mooch..",86,20,99,0,0,0,1.0,0,0,0.758,1,0,1,0.0,0,1,0,5.0,0.0
88b478a4-58b9-4a8d-b959-25230bdf575c,Amazon,E-commerce,Eulogio Mendoza,Unknown,5,2025-11-01 21:21:15,Very good services 👌,very good services 👌,0,4,20,1,0,0,1.0,0,0,0.8621,1,0,1,0.0,0,1,0,5.0,0.0
4fd17dce-ee3a-40d1-9a97-d0a7272ee64a,Amazon,E-commerce,Patrick Erikson,Unknown,2,2025-11-01 21:42:49,this app was used to stole my money 3000.00$ about four or five years ago. so be careful about thy apps. you used..,this app was used to stole my money 3000.00$ about four or five years ago. so be careful about thy apps. you used..,0,23,115,0,0,0,0.9565217391304348,0,1,0.2212,1,0,1,0.0,0,1,0,2.0,0.0
d59d7a08-1d3e-4b3a-b89f-bbb9f30e0893,Amazon,E-commerce,Natalie Orr,Unknown,1,2025-11-01 22:06:21,sad that they promise overnight delivery. and it never comes. they loose them and make you do all the work to fix it. I really needed my items and they screwed me. and for the forth time. what a letdown,sad that they promise overnight delivery. and it never comes. they loose them and make you do all the work to fix it. i really needed my items and they screwed me. and for the forth time. what a letdown,0,40,202,0,0,0,0.85,0,0,-0.4657,1,0,1,0.0,0,1,0,1.0,0.0
d41d57f2-0ec2-42c9-87f0-5a868eba86e0,Amazon,E-commerce,Sarah Baldwin,Unknown,3,2025-11-01 22:21:15,thanks for the alert.,thanks for the alert.,0,4,21,0,0,0,1.0,0,0,0.6249,1,0,1,0.0,0,1,0,3.0,0.0
e4154ce6-c920-48af-b488-e5fd2afcc665,Amazon,E-commerce,Shravan Singh,Unknown,1,2025-11-01 22:51:20,there is no sort option for Amazon.co.za. how is that even possible. every site in the world has an option to sort by price or sort by most bought like huh,there is no sort option for amazon.co.za. how is that even possible. every site in the world has an option to sort by price or sort by most bought like huh,0,31,155,0,0,0,0.8387096774193549,0,0,0.1477,1,0,1,0.0,0,1,0,1.0,0.0
4b42d925-e67f-43b7-80c8-ac9f5377e04c,Amazon,E-commerce,Jeremy Jolley,Unknown,5,2025-11-01 22:51:22,Shopping Amazon is the safest way to shop online!! Buy with total confidence!,shopping amazon is the safest way to shop online!! buy with total confidence!,0,13,77,0,0,0,1.0,0,0,0.8346,1,0,1,0.0,0,1,0,5.0,0.0
90c3de41-fe01-4651-aeee-0513fc13d897,Amazon,E-commerce,Richard Champness,Unknown,1,2025-11-01 23:08:16,fire os is awful sort it out its about t years behind,fire os is awful sort it out its about t years behind,0,12,53,0,0,0,1.0,0,0,-0.6597,1,0,1,0.0,0,1,0,1.0,0.0
37a5a264-86ae-4d20-9d04-7010587e4da1,Amazon,E-commerce,Jon Perry,Unknown,5,2025-11-01 23:12:03,"Love getting things for my wife, family, work family, & friends by ordering & them not expecting anything then boom!! 🤯 gift from us to whomever! 💪","love getting things for my wife, family, work family, & friends by ordering & them not expecting anything then boom!! 🤯 gift from us to whomever! 💪",0,27,147,2,0,0,0.9259259259259259,0,0,0.9017,1,0,1,0.0,0,1,0,5.0,0.0
24aebf88-5707-4c9d-9c05-d33897632895,Amazon,E-commerce,Keisha Whitehead,Unknown,5,2025-11-01 23:47:43,excellent and accurate items,excellent and accurate items,0,4,28,0,0,0,1.0,0,0,0.5719,1,0,1,0.0,0,1,0,5.0,0.0
c663d927-d2df-429b-9e7e-bdad6b684e5f,Amazon,E-commerce,K F,Unknown,2,2025-11-02 00:03:37,AWS disabled my Fire stick and Kindle. Nice going Amazon! I missed the World series.,aws disabled my fire stick and kindle. nice going amazon! i missed the world series.,0,15,84,0,0,1,1.0,0,0,-0.1007,1,0,1,0.0,0,1,0,2.0,0.0
90bf55fc-4f62-45cd-be9a-491f72798b1e,Amazon,E-commerce,Istiak Muhammad Jubayer,Unknown,1,2025-11-02 00:15:08,very difficult payment method,very difficult payment method,0,4,29,0,0,0,1.0,0,0,-0.4201,1,0,1,0.0,0,1,0,1.0,0.0
af55990b-c322-4c71-8bb2-ceac549f585d,Amazon,E-commerce,T N,Unknown,1,2025-11-02 00:30:59,"When a member reviews a 1 star review, Amazon tries to hide it. This is very unfair for buyers. 👎🏼","when a member reviews a 1 star review, amazon tries to hide it. this is very unfair for buyers. 👎🏼",14,20,98,2,0,0,0.95,0,0,-0.5256,1,0,1,0.0,0,1,0,1.0,0.0
40e94294-414f-4d4e-affb-469d21e5228d,Amazon,E-commerce,Andris “Andy” Didrichsons,Unknown,1,2025-11-02 00:34:09,why are Search results never accurate? i search for 20ft inflatable pumpkin and get 4vft inflame santa?! Could learn from ebay,why are search results never accurate? i search for 20ft inflatable pumpkin and get 4vft inflame santa?! could learn from ebay,1,21,126,0,0,0,0.9523809523809523,0,0,0.0,1,0,1,0.0,0,1,0,1.0,0.0
d3b21f72-787c-48ad-ad7f-88e1cea2a21e,Amazon,E-commerce,Collette Howe,Unknown,5,2025-11-02 00:50:58,"It's a good app, and fast delivery for most stuff","it's a good app, and fast delivery for most stuff",0,10,49,0,0,0,1.0,0,1,0.4404,1,0,1,0.0,0,1,0,5.0,0.0
2f716e62-5da0-4e25-8a4a-3f3031b509cd,Amazon,E-commerce,Dominique Wilson,Unknown,5,2025-11-02 01:34:55,addicted!,addicted!,0,1,9,0,0,0,1.0,0,0,0.0,1,0,1,0.0,0,1,0,5.0,0.0
fa780406-e265-4273-8254-65d332fb793f,Amazon,E-commerce,Kevin Brooklyn,Unknown,3,2025-11-02 01:51:56,app has gotten a little better,app has gotten a little better,1,6,30,0,0,0,1.0,0,1,0.3832,1,0,1,0.0,0,1,0,3.0,0.0
d98a37c3-f312-4a36-b1bd-5a40f814e5e0,Amazon,E-commerce,Jaeden Torres,Unknown,5,2025-11-02 02:39:17,amazing,amazing,0,1,7,0,0,0,1.0,0,0,0.5859,1,0,1,0.0,0,1,0,5.0,0.0
9f74b167-092b-4fa3-bfe6-4b8ab26b4d84,Amazon,E-commerce,Rebecca N.,Unknown,2,2025-11-02 02:49:01,We desperately need a dark mode on this app.,we desperately need a dark mode on this app.,1,9,44,0,0,0,1.0,0,1,-0.3818,1,0,1,0.0,0,1,0,2.0,0.0
fb1a36ad-169a-4017-8a78-1cb642e11042,Amazon,E-commerce,Biz Caldwell,Unknown,5,2025-11-02 03:24:56,I love the good quality Amazon provides with reasonable prices and sellers...and Prime is great for shipping fast....Thursday night football🥰,i love the good quality amazon provides with reasonable prices and sellers...and prime is great for shipping fast....thursday night football🥰,0,20,141,1,0,0,1.0,0,0,0.9648,1,0,1,0.0,0,1,0,5.0,0.0
bf5606de-fc48-4cf4-9cd7-c68f911145c6,Amazon,E-commerce,Paul Godshalk,Unknown,2,2025-11-02 03:25:16,waiting for my gift card has not come through the other person's email yet,waiting for my gift card has not come through the other person's email yet,0,14,74,0,0,0,1.0,0,0,0.4404,1,0,1,0.0,0,1,0,2.0,0.0
4022fdfe-e5b3-4e8e-b086-f3cb6d140deb,Amazon,E-commerce,Aryan Kumar,Unknown,5,2025-11-02 03:53:17,"Great app, easy to search","great app, easy to search",0,5,25,0,0,0,1.0,0,1,0.7906,1,0,1,0.0,0,1,0,5.0,0.0
9df8f382-d7b1-42ce-8fef-1b495339b830,Amazon,E-commerce,Thomas L Humphrey,Unknown,1,2025-11-02 04:05:43,what happened to the share option,what happened to the share option,1,6,33,0,0,0,1.0,0,1,0.296,1,0,1,0.0,0,1,0,1.0,0.0
76dffdb2-b482-46f2-9094-3c14816e4d5c,Amazon,E-commerce,Ksenia Valerievna,Unknown,1,2025-11-02 04:27:23,no dark mode,no dark mode,0,3,12,0,0,0,1.0,0,0,-0.296,1,0,1,0.0,0,1,0,1.0,0.0
63fa29aa-6ced-42c3-80a0-64a1e08207e1,Amazon,E-commerce,InTarZ,Unknown,3,2025-11-02 04:39:58,just had problems with some of my deliveries and charges on my card I didn't make. besides that no complaints,just had problems with some of my deliveries and charges on my card i didn't make. besides that no complaints,0,20,109,0,0,0,0.95,0,0,-0.3699,1,0,1,0.0,0,1,0,3.0,0.0
7a25ae4a-45a0-48b8-a7be-b6ace309304c,Amazon,E-commerce,Eazy E,Unknown,1,2025-11-02 05:44:01,don't shop online on Amazon,don't shop online on amazon,0,5,27,0,0,0,1.0,0,0,0.1779,1,0,1,0.0,0,1,0,1.0,0.0
284e399b-1b8d-48b5-a429-f747af5388c6,Amazon,E-commerce,Darel McD,Unknown,1,2025-11-02 06:05:52,"Yall know EXACTLY 💯 WHAT needs to be done ✅👍 for me and my family, 🚌🚐 businesses,and, Global Enterprises. I'm not angry, just want and expect Amazon to get it corrected immediately","yall know exactly 💯 what needs to be done ✅👍 for me and my family, 🚌🚐 businesses,and, global enterprises. i'm not angry, just want and expect amazon to get it corrected immediately",0,32,180,4,0,2,0.9375,0,0,0.4905,1,0,1,0.0,0,1,0,1.0,0.0
9741e3db-99f4-4b42-9818-d544f8ae1759,Amazon,E-commerce,Fernando G Vieites,Unknown,2,2025-11-02 06:36:27,"Enclosed porch option (safe place) have been removed, please put it back.","enclosed porch option (safe place) have been removed, please put it back.",0,12,73,0,0,0,1.0,0,0,0.6369,1,0,1,0.0,0,1,1,2.0,0.0
2ba6b4fe-2527-489b-9824-dffb72433e89,Amazon,E-commerce,Ram Yadav,Unknown,5,2025-11-02 06:47:44,Ram Yadav thanks 🙏,ram yadav thanks 🙏,0,4,18,1,0,0,1.0,0,0,0.4404,1,0,1,0.0,0,1,0,5.0,0.0
326d27bc-a63f-4927-8bd0-76d0d37429d5,Amazon,E-commerce,Danny Wilhelmsen,Unknown,1,2025-11-02 06:54:55,they have made it absolutely impossible to get actual customer service from someone,they have made it absolutely impossible to get actual customer service from someone,1,13,83,0,0,0,1.0,0,0,0.0,1,0,1,0.0,0,1,0,1.0,0.0
6e928e06-1957-45fe-a8ac-86506fecad4e,Amazon,E-commerce,Erika Neyens,Unknown,4,2025-11-02 07:46:27,Convenient,convenient,0,1,10,0,0,0,1.0,0,0,0.0,1,0,1,0.0,0,2,0,4.0,0.0
244648b5-dd0f-4c98-9bfb-98c028a93a67,Amazon,E-commerce,Regina Vila,Unknown,5,2025-11-02 09:13:51,i love the movies and choices,i love the movies and choices,0,6,29,0,0,0,1.0,0,0,0.6369,1,0,1,0.0,0,1,0,5.0,0.0
c9055d9c-e0b6-4860-952e-de0e2479bbe7,Amazon,E-commerce,Elizabeth R,Unknown,5,2025-11-02 09:21:04,"easy, fast and entertaining","easy, fast and entertaining",0,4,27,0,0,0,1.0,0,0,0.7003,1,0,1,0.0,0,1,0,5.0,0.0
01540ab8-b699-43ab-9c15-4a4aac76fd43,Amazon,E-commerce,Haidy A.Habeeb,Unknown,1,2025-11-02 09:57:55,حسابي وقف مره وحده وبعتوا ميل انه بسبب سياسه الارجاع ومقتصر فقط ع المنتجات الرقميه ولما بعت ميل بالطلب عشان افهم ليه وعشان يرجع رفضوا يردوا وليا اسبوعين وبالتالي مش عارفه اعمل حاجه,حسابي وقف مره وحده وبعتوا ميل انه بسبب سياسه الارجاع ومقتصر فقط ع المنتجات الرقميه ولما بعت ميل بالطلب عشان افهم ليه وعشان يرجع رفضوا يردوا وليا اسبوعين وبالتالي مش عارفه اعمل حاجه,1,33,180,0,0,0,0.9696969696969697,0,0,0.0,1,0,1,0.0,0,1,0,1.0,0.0
c8843fd9-e307-455b-a704-e123df1eae4b,Amazon,E-commerce,Dan Lawson,Unknown,5,2025-11-02 11:56:43,"On here every day, Great like my Amazon.","on here every day, great like my amazon.",0,8,40,0,0,0,1.0,0,0,0.8074,1,0,1,0.0,0,1,0,5.0,0.0
103730b0-cb3b-4a59-aec2-bd53260ecd1b,Amazon,E-commerce,Bryan Darling,Unknown,4,2025-11-02 12:05:13,All good too in,all good too in,0,4,15,0,0,0,1.0,0,0,0.4404,1,0,1,0.0,0,1,0,4.0,0.0
61071741-1c3d-4f49-87aa-168ac92b5293,Amazon,E-commerce,Juno Carlos,Unknown,5,2025-11-02 12:47:33,easy to use and has just about anything you need and want good prices and if you order cold items they come packaged in cooler.so you get your items cold.,easy to use and has just about anything you need and want good prices and if you order cold items they come packaged in cooler.so you get your items cold.,0,30,154,0,0,0,0.8333333333333334,0,0,0.7269,1,0,1,0.0,0,1,0,5.0,0.0
43283b51-ebfa-44a4-a6d2-eff134078770,Amazon,E-commerce,shannon bertrand,Unknown,1,2025-11-02 13:12:33,I don't like it,i don't like it,0,4,15,0,0,0,1.0,0,0,-0.2755,1,0,1,0.0,0,1,0,1.0,0.0
841328af-8ad0-4640-9fb7-905d63d30ad8,Amazon,E-commerce,Sean,Unknown,3,2025-11-02 13:14:46,Amazon has good stuff but if Amazon could drop the price down on the prime,amazon has good stuff but if amazon could drop the price down on the prime,0,15,74,0,0,0,0.8666666666666667,0,0,0.1779,1,0,1,0.0,0,1,0,3.0,0.0
858dddea-7178-4c19-be6e-2dfc76401537,Amazon,E-commerce,Scott Mills,Unknown,1,2025-11-02 13:17:53,since updating yesterday the delivery tracking is useless it's been saying my delivery is 2 stops away for the last half an hour and the van has done 6 stops in this time,since updating yesterday the delivery tracking is useless it's been saying my delivery is 2 stops away for the last half an hour and the van has done 6 stops in this time,0,33,170,0,0,0,0.8484848484848485,0,0,-0.6124,1,0,1,0.0,0,1,0,1.0,0.0
662ffdd7-cfb3-41fa-8e53-06058bc962ac,Amazon,E-commerce,Janet Marshall,Unknown,5,2025-11-02 13:21:14,love Amazon even though they named me from leaving normal reviews,love amazon even though they named me from leaving normal reviews,0,11,65,0,0,0,1.0,0,0,0.7096,1,0,1,0.0,0,1,0,5.0,0.0
da34d3b7-66e3-4d39-9db3-c427d103c921,Amazon,E-commerce,H G,Unknown,5,2025-11-02 13:36:18,Love Amazon. order tons of stuff. always get warranty. I'll keep shopping until find one with warranty.,love amazon. order tons of stuff. always get warranty. i'll keep shopping until find one with warranty.,0,17,103,0,0,0,0.9411764705882353,0,0,0.7096,1,0,1,0.0,0,1,0,5.0,0.0
ad294775-ca63-4906-8a26-1dc2577dc28d,Amazon,E-commerce,Patricia Holmes,Unknown,5,2025-11-02 13:41:00,Amazon shopping is more convenient and fun than going to a crowded store.,amazon shopping is more convenient and fun than going to a crowded store.,0,13,73,0,0,0,1.0,0,0,0.6444,1,0,1,0.0,0,1,0,5.0,0.0
7b17875c-aeb7-41b7-9c8a-767934582002,Amazon,E-commerce,D I,Unknown,1,2025-11-02 14:12:43,can't even change my vehicle on the app,can't even change my vehicle on the app,0,8,39,0,0,0,1.0,0,1,0.0,1,0,1,0.0,0,1,0,1.0,0.0
bfa5cc79-54cb-4031-9a6f-f4c649c318d3,Amazon,E-commerce,Mohammed Abdelrhim,Unknown,1,2025-11-02 14:14:19,شركة زبااالة,شركة زبااالة,0,2,12,0,0,0,1.0,0,0,0.0,1,0,1,0.0,0,1,0,1.0,0.0
18c3cbe7-a341-4ffd-b20f-fd3bdf01fed2,Amazon,E-commerce,EstherSylvia Firlej-Perisin,Unknown,5,2025-11-02 14:40:33,"I have been a customer of US amazon for many years, and now that I am in Europe, I am a customer of amazon.de. The same ease of ordering and excellent service","i have been a customer of us amazon for many years, and now that i am in europe, i am a customer of amazon.de. the same ease of ordering and excellent service",0,32,158,0,0,1,0.75,0,0,0.7845,1,0,1,0.0,0,1,0,5.0,0.0
cf96caae-6a01-4dce-afe9-47a1255bb254,Amazon,E-commerce,Brian Pedersen,Unknown,5,2025-11-02 14:41:10,The best way to shop and save money !!!!,the best way to shop and save money !!!!,0,9,40,0,0,0,1.0,0,0,0.8614,1,0,1,0.0,0,1,0,5.0,0.0
313e1a29-4cec-4312-a204-a54874abd019,Amazon,E-commerce,Sarah M,Unknown,1,2025-11-02 14:48:24,"Amazon is full of AI ""books"" and products. Also, people are selling complete junk from cheaper Chinese websites at a markup. It's to the point I completely closed my account, and I won't shop there again.","amazon is full of ai ""books"" and products. also, people are selling complete junk from cheaper chinese websites at a markup. it's to the point i completely closed my account, and i won't shop there again.",1,36,204,0,0,1,0.9444444444444444,1,0,0.1779,1,0,1,0.0,0,1,0,1.0,0.0
324ce9b1-a1a4-432c-9312-b1e39040e6f8,Amazon,E-commerce,Daryan Tabor,Unknown,1,2025-11-02 14:49:19,My package got stolen because it was left in a random hallway :(,my package got stolen because it was left in a random hallway :(,1,13,64,0,0,0,1.0,0,0,-0.7269,1,0,1,0.0,0,1,0,1.0,0.0
184bcb31-4e4b-4364-8571-f2ab4379bc79,Amazon,E-commerce,Wrongone AKAMrone,Unknown,2,2025-11-02 14:54:32,"Deliveries are consistently late recently. do better Amazon, get away from the oligarchy!","deliveries are consistently late recently. do better amazon, get away from the oligarchy!",0,13,89,0,0,0,1.0,0,0,0.5983,1,0,1,0.0,0,1,1,2.0,0.0
1731a334-08d8-4bbc-bcd6-c4f5f569b7eb,Amazon,E-commerce,NATHAN J.,Unknown,5,2025-11-02 15:00:44,Es maravilloso compran en amazon desde la comodidad de tu casa es facil y seguro💯 😊✨️✨️,es maravilloso compran en amazon desde la comodidad de tu casa es facil y seguro💯 😊✨️✨️,0,16,87,2,0,0,0.9375,0,0,0.7717,1,0,1,0.0,0,1,0,5.0,0.0
7df635ce-e41a-48b4-a221-a54fec5bfd18,Amazon,E-commerce,DANNY COBB (DC),Unknown,1,2025-11-02 15:13:18,app is crashing constantly,app is crashing constantly,1,4,26,0,0,0,1.0,0,1,0.0,1,0,1,0.0,0,1,0,1.0,0.0
812384b2-1009-4a07-b386-d917940a0151,Amazon,E-commerce,Beerus Protection,Unknown,5,2025-11-02 15:46:13,I like browsing for interesting items on this app and purchasing has been very convenient before.,i like browsing for interesting items on this app and purchasing has been very convenient before.,0,16,97,0,0,0,1.0,0,1,0.6369,1,0,1,0.0,0,1,0,5.0,0.0
263c0d27-24a6-481d-9f23-2ea4d89e532b,Amazon,E-commerce,Dean C.,Unknown,1,2025-11-02 16:08:36,"Delays, Lost Orders! Always check Ebay & other sellers, Amazon pays to get top ""sponsors"", rigged like Google. ""Arriving by 10pm"" means it's gonna be a day late! CANCEL PRIME it's always late.","delays, lost orders! always check ebay & other sellers, amazon pays to get top ""sponsors"", rigged like google. ""arriving by 10pm"" means it's gonna be a day late! cancel prime it's always late.",2,33,192,0,0,2,0.9393939393939394,0,0,-0.3365,1,0,1,0.0,0,1,0,1.0,0.0
d6564be1-96bb-4e0f-a4e9-ec689150dcea,Amazon,E-commerce,Luis Dominguez,Unknown,1,2025-11-02 16:14:34,"las entregas son muy lentas, tengo más de una semana esperando mi pedido y nomás me dan largas de entrega.","las entregas son muy lentas, tengo más de una semana esperando mi pedido y nomás me dan largas de entrega.",0,20,106,0,0,0,0.95,0,0,0.0,1,0,1,0.0,0,1,0,1.0,0.0
424991e0-92d7-4046-815f-429f018eb848,Amazon,E-commerce,Patricia Lach,Unknown,5,2025-11-02 16:16:35,It was excellent !!! It was actually delivered right to my door rather than leaving in downstairs in the hallway THANK YOU SO MUCH!!!!,it was excellent !!! it was actually delivered right to my door rather than leaving in downstairs in the hallway thank you so much!!!!,0,24,134,0,0,4,0.875,0,0,0.811,1,0,1,0.0,0,1,0,5.0,0.0
45d7db0b-ea56-4795-b4a8-3e40ddbd0a19,Amazon,E-commerce,Mark,Unknown,2,2025-11-02 17:02:48,Keeps saying there's an item in my cart when there isn't any.,keeps saying there's an item in my cart when there isn't any.,0,12,61,0,0,0,1.0,0,0,0.0,1,0,1,0.0,0,1,0,2.0,0.0
91ed1d86-6f74-4a6c-bb51-55223c5647c8,Amazon,E-commerce,FRANK SKOREK,Unknown,1,2025-11-02 17:33:03,failed,failed,0,1,6,0,0,0,1.0,0,0,-0.5106,1,0,1,0.0,0,1,0,1.0,0.0
201acbc9-bfd9-4560-9bcf-5776a1a02688,Amazon,E-commerce,doodles258,Unknown,5,2025-11-02 17:34:44,"Online shopping is today, with the Amazon app and Prime find mostly anything I need and/or want. My busy world and living in a rural area, Amazon has made my life a lot easier.","online shopping is today, with the amazon app and prime find mostly anything i need and/or want. my busy world and living in a rural area, amazon has made my life a lot easier.",0,34,176,0,0,0,0.8823529411764706,0,1,0.6705,1,0,1,0.0,0,1,0,5.0,0.0
d2fb6f4e-5400-4f98-95e8-7b278165c59c,Amazon,E-commerce,Todd Farion,Unknown,2,2025-11-02 18:05:05,its difficult to reach a person,its difficult to reach a person,0,6,31,0,0,0,1.0,0,0,-0.34,1,0,1,0.0,0,1,0,2.0,0.0
e6e9786c-1422-4188-a3b7-0c6aa91e5c56,Amazon,E-commerce,Yaw Mensah Tagoe,Unknown,5,2025-11-02 18:09:47,easy and convenient to use,easy and convenient to use,0,5,26,0,0,0,1.0,0,0,0.4404,1,0,1,0.0,0,1,0,5.0,0.0
725299b3-8f06-4dc2-bc37-293695a43041,Amazon,E-commerce,Margaret Ronson,Unknown,5,2025-11-02 19:02:34,always on time and delivered well.,always on time and delivered well.,0,6,34,0,0,0,1.0,0,0,0.2732,1,0,1,0.0,0,1,0,5.0,0.0
815adbcc-d90e-4e28-9efd-1289c80c88d7,Amazon,E-commerce,Tracy,Unknown,5,2025-11-02 19:04:49,Always helpful and courteous. Makes all transactions easy and problems solved even if I can't get any help with a vendor.,always helpful and courteous. makes all transactions easy and problems solved even if i can't get any help with a vendor.,0,21,121,0,0,0,0.9523809523809523,0,0,0.7304,1,0,1,0.0,0,1,0,5.0,0.0
06059c01-6a14-4d90-9d76-8115b2291636,Amazon,E-commerce,Lynda Barrow,Unknown,5,2025-11-02 19:56:08,great site,great site,0,2,10,0,0,0,1.0,0,0,0.6249,1,0,1,0.0,0,1,0,5.0,0.0
00fe3b4c-2ace-41ca-94a0-097dfda077a4,Amazon,E-commerce,Ki Foster,Unknown,1,2025-11-02 20:09:44,Just let me change my password or LET ME INTO MY ACCOUNT USING MY ACTUAL PHONE NUMBER THAT I HAVE CORRECTED MULTIPLE TIMES. It's not that deep.,just let me change my password or let me into my account using my actual phone number that i have corrected multiple times. it's not that deep.,0,27,143,0,0,15,0.8148148148148148,0,0,0.0772,1,0,1,0.0,0,1,0,1.0,0.0
c1f6fe90-44a2-434b-b2c0-2f09dc53772b,Amazon,E-commerce,William Heard,Unknown,1,2025-11-02 21:12:37,don't want it on.my phone,don't want it on.my phone,0,5,25,0,0,0,1.0,0,0,-0.0572,1,0,1,0.0,0,1,0,1.0,0.0
280ad996-c08c-4c06-96a8-ba9bb590ab37,Amazon,E-commerce,Nickolas y,Unknown,1,2025-11-02 22:17:58,November 2025 and still no dark mode.,november 2025 and still no dark mode.,1,7,37,0,0,0,1.0,0,0,-0.296,1,0,1,0.0,0,1,0,1.0,0.0
3d43df76-848c-4281-86d6-af54861d542c,Amazon,E-commerce,Paul Whooten,Unknown,5,2025-11-02 22:36:01,awesomeness,awesomeness,0,1,11,0,0,0,1.0,0,0,0.0,1,0,1,0.0,0,1,0,5.0,0.0
ebf92dc7-8f27-431d-b8b2-10950709c00e,Amazon,E-commerce,Courtney Lockyer,Unknown,3,2025-11-02 22:50:34,"latest update keeps giving me errors ""failed to add to cart"" ""cart empty, please sign in"" even though it shows me 9 items are supposed to be in my cart. crashes and closes, driving me nuts.","latest update keeps giving me errors ""failed to add to cart"" ""cart empty, please sign in"" even though it shows me 9 items are supposed to be in my cart. crashes and closes, driving me nuts.",0,36,189,0,0,0,0.8888888888888888,0,0,-0.6249,1,0,1,0.0,0,1,0,3.0,0.0
63fcedda-0296-4d0b-b2a4-40b3cdfb62c5,Amazon,E-commerce,Justin Dale,Unknown,3,2025-11-02 22:54:48,the app will say one arrival date when you make the purchase then the product ends up arriving 1-3 days later,the app will say one arrival date when you make the purchase then the product ends up arriving 1-3 days later,0,21,109,0,0,0,0.9047619047619048,0,1,0.0,1,0,1,0.0,0,1,0,3.0,0.0
eacc38f4-e24d-4847-81a8-c2d16414abc4,Amazon,E-commerce,Angeliquenicole Acevdo,Unknown,5,2025-11-02 23:02:24,deliveries are excellent purchases and products as well as other apps and sites that are associated excellent love them love them,deliveries are excellent purchases and products as well as other apps and sites that are associated excellent love them love them,0,21,129,0,0,0,0.7142857142857143,0,1,0.9578,1,0,1,0.0,0,1,0,5.0,0.0
4c3d8d3f-d6cc-480f-9178-0f4ebfc3a17d,Amazon,E-commerce,michalus michalus,Unknown,1,2025-11-02 23:13:38,I don't want ads in my notification bar. Why did you remove the setting to stop ads? Very poor judgement.,i don't want ads in my notification bar. why did you remove the setting to stop ads? very poor judgement.,4,20,105,0,0,0,1.0,0,0,-0.7018,1,0,1,0.0,0,1,0,1.0,0.0
f2ca927c-64d4-4010-9ab7-417fae33cc96,Amazon,E-commerce,THAT GUY,Unknown,1,2025-11-02 23:16:58,no notification sound adjustments available in last update ruined your app for me thanks anyway! Phone stuck with no sound for deliveries now. Thieves here stealing people's stuff all the time please fix it!,no notification sound adjustments available in last update ruined your app for me thanks anyway! phone stuck with no sound for deliveries now. thieves here stealing people's stuff all the time please fix it!,0,34,207,0,0,0,0.9117647058823529,0,1,-0.8975,1,0,1,0.0,0,1,0,1.0,0.0
8d975581-4d2c-44b5-b761-fd072f95d568,Amazon,E-commerce,Ayaz ali,Unknown,5,2025-11-02 23:39:01,not bad,not bad,0,2,7,0,0,0,1.0,0,0,0.431,1,0,1,0.0,0,1,0,5.0,0.0
5f9e5118-f585-4812-9a3b-119a284e4e7a,Amazon,E-commerce,Leana Quintanilla,Unknown,5,2025-11-02 23:57:34,excellent services,excellent services,0,2,18,0,0,0,1.0,0,0,0.5719,1,0,1,0.0,0,1,0,5.0,0.0
0e423326-5c67-44a9-a1f6-219f4043fcfc,Amazon,E-commerce,Adam S.,Unknown,1,2025-11-03 00:02:44,I cannot add a vehicle to my garage or manage them for that matter. Stop changing the app when it was working fine!,i cannot add a vehicle to my garage or manage them for that matter. stop changing the app when it was working fine!,0,23,115,0,0,0,1.0,0,1,-0.1511,1,0,1,0.0,0,1,0,1.0,0.0
df3eb41c-cf3e-4a7d-bdb5-5c3279bdbcaf,Amazon,E-commerce,dakota olson,Unknown,1,2025-11-03 01:17:58,terrible customer service,terrible customer service,0,3,25,0,0,0,1.0,0,0,-0.4767,1,0,1,0.0,0,1,0,1.0,0.0
da356c9e-2c19-4ee8-b1fa-61529a3e704c,Amazon,E-commerce,Mark Trawitzki,Unknown,3,2025-11-03 02:34:50,"""FREE returns"" indicator is now gone from the app. I can only see it on desktop or mobile website, but not in the app. Very inconvenient.","""free returns"" indicator is now gone from the app. i can only see it on desktop or mobile website, but not in the app. very inconvenient.",0,26,137,0,0,1,0.9230769230769231,1,1,-0.3377,1,0,1,0.0,0,1,0,3.0,0.0
c438d3e7-eaf1-4c67-aaff-24cee5404172,Amazon,E-commerce,S Tesfazghi,Unknown,4,2025-11-03 04:25:47,Amazon shopping so easy and now even cleaning supplies and quick things I need usually you say I got to run to store but that same day delivery or by 4am has gotten me so addicted to shopping at Amazon.,amazon shopping so easy and now even cleaning supplies and quick things i need usually you say i got to run to store but that same day delivery or by 4am has gotten me so addicted to shopping at amazon.,0,40,202,0,0,0,0.85,0,0,0.5418,1,0,1,0.0,0,1,0,4.0,0.0
de16c050-c0f9-4225-99f7-a6ad2a0a46ad,Amazon,E-commerce,Jim Upton,Unknown,3,2025-11-03 09:00:41,I am having an awful experience trying to buy and install a streaming app called Xiialive. the Instructions are very confusing.,i am having an awful experience trying to buy and install a streaming app called xiialive. the instructions are very confusing.,0,21,127,0,0,0,1.0,1,1,-0.6361,1,0,1,0.0,0,1,0,3.0,0.0
f97678a7-e4a2-4398-af1c-47b23361f132,Amazon,E-commerce,Niklas Peura,Unknown,2,2025-11-03 11:25:11,laggy performance,laggy performance,0,2,17,0,0,0,1.0,0,0,0.0,1,0,1,0.0,0,1,0,2.0,0.0
4f6f7a5e-7ff6-4626-94e1-224e842d99f7,Amazon,E-commerce,irfan Ahmad,Unknown,4,2025-11-03 12:03:52,Very good 👍,very good 👍,0,3,11,1,0,0,1.0,0,0,0.4927,1,0,1,0.0,0,1,0,4.0,0.0
81976d90-85b9-44c4-a12e-7818090873fb,Amazon,E-commerce,Destorko smith,Unknown,1,2025-11-03 12:55:24,"made 1 buy, says i have 4 orders in tab. app needs fixed.","made 1 buy, says i have 4 orders in tab. app needs fixed.",0,13,57,0,0,0,1.0,0,1,0.0,1,0,1,0.0,0,1,0,1.0,0.0
96a24cb8-d708-4a0c-aed1-7cb09eed69c1,Amazon,E-commerce,Grand Boonino,Unknown,1,2025-11-03 13:12:31,"No way to disable ""we found a deal for you"" notifications without disabling all notifications.","no way to disable ""we found a deal for you"" notifications without disabling all notifications.",0,15,94,0,0,0,1.0,1,0,0.091,1,0,1,0.0,0,1,0,1.0,0.0
c643c120-645f-431d-ad58-398b2f2822b9,Amazon,E-commerce,S Markiewicz,Unknown,3,2025-11-03 15:25:41,"Not everything they state is not true, guaranteed 💯 not really, ratings is only for there use.","not everything they state is not true, guaranteed 💯 not really, ratings is only for there use.",0,17,94,1,0,0,0.8235294117647058,0,0,-0.3252,1,0,1,0.0,0,1,0,3.0,0.0
1f469dbc-ab71-447c-a9e1-b76e90c83b59,Amazon,E-commerce,Bristol Janner,Unknown,1,2025-11-03 15:28:53,"Can't even view your basket anymore as it takes you to some daft Christmas promotions page, sort it out.","can't even view your basket anymore as it takes you to some daft christmas promotions page, sort it out.",0,19,104,0,0,0,0.9473684210526315,0,0,0.0,1,0,1,0.0,0,1,0,1.0,0.0
d50d34ea-a68f-4bf4-bded-0071d6a67ff2,Amazon,E-commerce,Juan Landa,Unknown,2,2025-11-03 15:31:16,always lying on shipping speed 🙄,always lying on shipping speed 🙄,0,6,32,1,0,0,1.0,0,0,-0.5267,1,0,1,0.0,0,1,0,2.0,0.0
8e7c795a-d88d-48fe-9cdd-0860e0e81419,Amazon,E-commerce,ANDY JPG,Unknown,1,2025-11-03 16:16:09,"An application designed to manipulate you , false delivery time information and fast price increases ,App has plenty of problems, it changes the status of products in the basket by itself, be careful....","an application designed to manipulate you , false delivery time information and fast price increases ,app has plenty of problems, it changes the status of products in the basket by itself, be careful....",2,33,203,0,0,0,0.9393939393939394,0,1,-0.2732,1,0,1,0.0,0,1,0,1.0,0.0
0290a95a-eb4c-4390-91dd-339dc9b5b8fc,Amazon,E-commerce,Kyle Coleman,Unknown,1,2025-11-03 16:55:54,Uninstalled because the new version is not showing my previous orders and the use of ai in the app,uninstalled because the new version is not showing my previous orders and the use of ai in the app,0,19,98,0,0,0,0.8947368421052632,1,1,0.0,1,0,1,0.0,0,1,0,1.0,0.0
34723f29-9d18-4563-8cfa-3b4b6ea3417e,Amazon,E-commerce,Javier Aponte,Unknown,1,2025-11-03 17:13:39,"I'm paying a monthly fee to have my PRIME products delivered the next day, and then after they bill me, they delay the shipment for several days. It's absurd! The PRIME membership is useless.","i'm paying a monthly fee to have my prime products delivered the next day, and then after they bill me, they delay the shipment for several days. it's absurd! the prime membership is useless.",1,34,191,0,0,2,0.8823529411764706,0,0,-0.6588,1,0,1,0.0,0,1,0,1.0,0.0
78e392ca-1114-45c1-947a-0a603bcb2172,Amazon,E-commerce,DeepDishLvr DeepDishLvr,Unknown,4,2025-11-03 17:42:35,Auto refresh is a pain when trying to read reviews of products. I have to continuously scroll to find the review that I was reading because the review feed refreshed while reading the review. Please get rid of it.,auto refresh is a pain when trying to read reviews of products. i have to continuously scroll to find the review that i was reading because the review feed refreshed while reading the review. please get rid of it.,0,39,213,0,0,0,0.7948717948717948,0,0,-0.25,1,0,1,0.0,0,1,0,4.0,0.0
27af9036-007b-4e58-8963-d2fd7804a916,Amazon,E-commerce,W. Nagel,Unknown,1,2025-11-03 18:00:25,Amazon sucks anymore!!!,amazon sucks anymore!!!,0,3,23,0,0,0,1.0,0,0,-0.3971,1,0,1,0.0,0,1,0,1.0,0.0
87968568-8953-49c8-801a-dadafea43e44,Amazon,E-commerce,M Shea,Unknown,1,2025-11-03 18:12:29,"Overrides ""no"" to permissions","overrides ""no"" to permissions",0,4,29,0,0,0,1.0,0,0,0.0,1,0,1,0.0,0,1,0,1.0,0.0
fdbe1d67-7778-4583-aaa4-a727fc010283,Amazon,E-commerce,Joey Russell,Unknown,1,2025-11-03 18:48:50,two weeks in a row my package was delivered to the wrong address. guess I'm going to shop somewhere else,two weeks in a row my package was delivered to the wrong address. guess i'm going to shop somewhere else,0,20,104,0,0,0,0.95,0,0,-0.4767,1,0,1,0.0,0,1,0,1.0,0.0
dc46c030-4f0e-4f16-b481-a8b03a906156,Amazon,E-commerce,Ashley Hall,Unknown,1,2025-11-03 18:49:17,"returns and replacements are not worth the fight, ordering is getting to be a nightmare and support cannot understand chat ever. half the stuff you get is used, this app is almost garbage now","returns and replacements are not worth the fight, ordering is getting to be a nightmare and support cannot understand chat ever. half the stuff you get is used, this app is almost garbage now",4,34,191,0,0,0,0.8823529411764706,0,1,0.497,1,0,1,0.0,0,1,0,1.0,0.0
b7f6ffd6-0770-4926-87e5-5a7283c4da1e,Amazon,E-commerce,Tony Yang,Unknown,1,2025-11-03 19:03:05,no darkmode available 😡🤬😡🤬,no darkmode available 😡🤬😡🤬,0,4,26,4,0,0,1.0,0,0,-0.296,1,0,1,0.0,0,1,0,1.0,0.0
48e23154-2202-442d-b49b-aa6444402159,Amazon,E-commerce,Austin,Unknown,1,2025-11-03 19:09:54,Terrible app. Terrible company.,terrible app. terrible company.,7,4,31,0,0,0,0.75,0,1,-0.7351,1,0,1,0.0,0,1,0,1.0,0.0
8d20a9d5-1c84-401d-bc67-cd1b3d60a4ae,Amazon,E-commerce,Djum Bus,Unknown,1,2025-11-03 19:33:54,"So they said the package will be delivered in 6 days, 3 days later it says that it will be dispatched in 2 months! And I couldn't even cancel it!! Never using this app again.","so they said the package will be delivered in 6 days, 3 days later it says that it will be dispatched in 2 months! and i couldn't even cancel it!! never using this app again.",0,35,174,0,0,0,0.8857142857142857,0,1,0.3851,1,0,1,0.0,0,1,0,1.0,0.0
61d73654-54c3-4273-b55c-43f76fe5df30,Amazon,E-commerce,Jennessa Lynam,Unknown,2,2025-11-03 19:55:58,Nice app but when your looking for something specific it's very difficult. It acts like it doesn't know what you are saying. Which is really frustrating!,nice app but when your looking for something specific it's very difficult. it acts like it doesn't know what you are saying. which is really frustrating!,0,26,153,0,0,0,0.9615384615384616,0,1,-0.6275,1,0,1,0.0,0,1,0,2.0,0.0
22b55f77-ef08-46d3-ae91-dfca8a09eff8,Amazon,E-commerce,Adam Sheehan,Unknown,4,2025-11-03 20:43:18,operating system works well! TY Amazon and it's deadicated employees!,operating system works well! ty amazon and it's deadicated employees!,0,10,69,0,0,1,1.0,0,0,0.717,1,0,1,0.0,0,1,0,4.0,0.0
ca197290-93c5-4652-9aa4-3795693be11e,Amazon,E-commerce,Peter Sullivan,Unknown,5,2025-11-03 20:47:53,The best..,the best..,0,2,10,0,0,0,1.0,0,0,0.6369,1,0,1,0.0,0,1,0,5.0,0.0
05e00a91-2794-40d5-a022-ac01d99b9d15,Amazon,E-commerce,Paloma Grant,Unknown,5,2025-11-03 20:57:09,"In the village I reside, most things I need are unavailable. Amazon puts the shopping world at my fingertips.","in the village i reside, most things i need are unavailable. amazon puts the shopping world at my fingertips.",0,19,109,0,0,0,0.8947368421052632,0,0,0.1779,1,0,1,0.0,0,1,0,5.0,0.0
f873a45f-f61c-4687-853a-81598d8977fa,Amazon,E-commerce,Jay AAA,Unknown,4,2025-11-03 21:37:08,alot of good thing in here and good quality but read the reviews and the ratings 👍,alot of good thing in here and good quality but read the reviews and the ratings 👍,0,17,82,1,0,0,0.8235294117647058,0,0,0.4404,1,0,1,0.0,0,1,0,4.0,0.0
6d5ec126-301b-4124-81f3-821904479fb8,Amazon,E-commerce,Joe Gonzales,Unknown,5,2025-11-03 21:55:01,I love buying on Amazon saves time,i love buying on amazon saves time,0,7,34,0,0,0,1.0,0,0,0.7096,1,0,1,0.0,0,1,0,5.0,0.0
4fed099b-9977-494c-b5cf-8fd566f8ffa4,Amazon,E-commerce,James Grace,Unknown,5,2025-11-03 22:00:17,love it,love it,0,2,7,0,0,0,1.0,0,0,0.6369,1,0,1,0.0,0,2,0,5.0,0.0
7c999379-bb56-45c9-9356-c558ca649469,Amazon,E-commerce,Aliceakani McCartney,Unknown,5,2025-11-03 22:25:48,you should email when you deliver my order.,you should email when you deliver my order.,0,8,43,0,0,0,0.875,0,0,0.0,1,0,1,0.0,0,1,0,5.0,0.0
0b65fa8b-f153-45b0-9edc-a53a6cd6e576,Amazon,E-commerce,key junky,Unknown,1,2025-11-03 22:29:47,"next day delivery is a lie, uninstalled","next day delivery is a lie, uninstalled",0,7,39,0,0,0,1.0,1,0,0.0,1,0,1,0.0,0,1,0,1.0,0.0
ed641206-add7-4abb-81af-e5ff636bc3ea,Amazon,E-commerce,Clarina Glidden,Unknown,5,2025-11-03 22:42:02,Easy shopping on Amazon,easy shopping on amazon,0,4,23,0,0,0,1.0,0,0,0.5574,1,0,1,0.0,0,1,0,5.0,0.0
592f3637-48f1-49e8-92a5-4c037536d90b,Amazon,E-commerce,SpaceX Tesla,Unknown,5,2025-11-03 23:18:02,thank you 😊,thank you 😊,0,3,11,1,0,0,1.0,0,0,0.8176,1,0,1,0.0,0,1,0,5.0,0.0
47985e44-3c95-47ac-99ac-0807bc57a779,Amazon,E-commerce,Moses Ben,Unknown,5,2025-11-03 23:50:08,This is good to use,this is good to use,0,5,19,0,0,0,1.0,0,0,0.4404,1,0,1,0.0,0,1,0,5.0,0.0
3009105b-9eb1-4203-af09-fbd848459d03,Amazon,E-commerce,Satya Chaitanya,Unknown,1,2025-11-03 23:50:28,they deliver packages to wrong spot then don't refund money when it gets stolen.,they deliver packages to wrong spot then don't refund money when it gets stolen.,0,14,80,0,0,0,1.0,0,0,-0.743,1,0,1,0.0,0,1,0,1.0,0.0
6a2dc7c7-71f2-4add-88e6-8350aa715411,Amazon,E-commerce,Kermet Scott,Unknown,5,2025-11-04 00:34:41,"if you cant find it, Amazon will, 100%","if you cant find it, amazon will, 100%",0,8,38,0,0,0,1.0,0,0,-0.1326,1,0,1,0.0,0,1,0,5.0,0.0
af13e671-c78d-4314-b4bb-60df8ad28e61,Amazon,E-commerce,Sami Ammar Khodja (TripinAtWork),Unknown,5,2025-11-04 01:54:25,There was no issue. Definitely recommended to buy objects online.,there was no issue. definitely recommended to buy objects online.,0,10,65,0,0,0,1.0,0,0,-0.3935,1,0,1,0.0,0,1,0,5.0,0.0
7a4afadd-47bc-4f50-9c74-7152a133fc79,Amazon,E-commerce,Carlos Hermosillo,Unknown,5,2025-11-04 02:13:15,great very satisfied good experience,great very satisfied good experience,0,5,36,0,0,0,1.0,0,0,0.8852,1,0,1,0.0,0,1,0,5.0,0.0
f7d43386-7ceb-497a-802d-793a36c9764d,Amazon,E-commerce,Jose Malave,Unknown,5,2025-11-04 02:17:24,made my day.,made my day.,0,3,12,0,0,0,1.0,0,0,0.0,1,0,1,0.0,0,1,0,5.0,0.0
98a87326-ce1b-4b9a-a957-6b2f580ef9af,Amazon,E-commerce,Alberto Moscow,Unknown,1,2025-11-04 02:32:31,Amazon Is No Good Just Go Shoping In Real Life Is Better Then Online,amazon is no good just go shoping in real life is better then online,0,14,68,0,0,0,0.9285714285714286,0,0,0.2946,1,0,1,0.0,0,1,0,1.0,0.0
d9f00bcc-627b-4108-b920-b773f02337d4,Amazon,E-commerce,Dave Dickler,Unknown,5,2025-11-04 02:41:19,A powerful tool for shoppers with nicely integrated digests of user. excellent product comparisons of prices and functions,a powerful tool for shoppers with nicely integrated digests of user. excellent product comparisons of prices and functions,0,18,122,0,0,0,0.9444444444444444,0,0,0.8555,1,0,1,0.0,0,1,0,5.0,0.0
3afe6503-d79c-4ff1-bba9-4f79ae77765a,Amazon,E-commerce,Domnick Nelson,Unknown,5,2025-11-04 02:54:20,Almost too easy!,almost too easy!,0,3,16,0,0,0,1.0,0,0,0.443,1,0,1,0.0,0,1,0,5.0,0.0
98e05291-381f-41ac-8b4c-6bf360885151,Amazon,E-commerce,Joan Shepherd,Unknown,5,2025-11-04 03:06:00,"I love shopping at Amazon, so easy and convenient","i love shopping at amazon, so easy and convenient",0,9,49,0,0,0,1.0,0,0,0.8638,1,0,1,0.0,0,1,0,5.0,0.0
0acea1c2-a3e1-436f-a2fb-7c0ca55fb8dd,Amazon,E-commerce,Alex,Unknown,2,2025-11-04 03:17:33,where's dark mode?,where's dark mode?,0,3,18,0,0,0,1.0,0,0,0.0,1,0,1,0.0,0,1,0,2.0,0.0
30f0c525-7a03-4f22-93cb-2119982d0de8,Amazon,E-commerce,Max Price,Unknown,1,2025-11-04 03:39:45,DO NOT USE. They straight up steal ur money. No attempt at delivery no refund. 2 conflicting stories. What a joke.,do not use. they straight up steal ur money. no attempt at delivery no refund. 2 conflicting stories. what a joke.,0,21,114,0,0,3,0.9523809523809523,0,0,-0.8301,1,0,1,0.0,0,1,0,1.0,0.0
c045fbf8-8836-444d-b6c5-766b8dd478b5,Amazon,E-commerce,JESSE CLOUTIER,Unknown,5,2025-11-04 03:57:09,good speedy delivery products are ok. generally I like them.,good speedy delivery products are ok. generally i like them.,0,10,60,0,0,0,1.0,0,0,0.6597,1,0,1,0.0,0,1,0,5.0,0.0
ca974c8e-8103-46e7-91a4-c6bf90918585,Amazon,E-commerce,E,Unknown,1,2025-11-04 03:58:58,customer service is unheard of. I really think they're not using real ppl. I'm currently in a two hour chat...12 different agents and still being sent back and forth. worst service ever.,customer service is unheard of. i really think they're not using real ppl. i'm currently in a two hour chat...12 different agents and still being sent back and forth. worst service ever.,0,32,186,0,0,0,0.9375,0,0,-0.6249,1,0,1,0.0,0,1,0,1.0,0.0
b87788b1-542f-4df3-a444-0b8483fe514f,Amazon,E-commerce,Jose Ortega,Unknown,1,2025-11-04 04:55:58,"The app seems broken in the past few days since every time I try to proceed with my purchase I get a ""oops there was an error from our end"" servers are cooked","the app seems broken in the past few days since every time i try to proceed with my purchase i get a ""oops there was an error from our end"" servers are cooked",0,33,158,0,0,0,0.9393939393939394,0,1,-0.7003,1,0,1,0.0,0,1,0,1.0,0.0
0987fc31-c666-4e86-bd9a-4ceb01cf9c42,Amazon,E-commerce,christian lopes,Unknown,1,2025-11-04 05:09:30,app constantly crashes after recent update. 11/4/25 update: app is completely unusable. uninstalled/reinstalled and now it will not load past the amazon logo and completely freezes my phone.,app constantly crashes after recent update. 11/4/25 update: app is completely unusable. uninstalled/reinstalled and now it will not load past the amazon logo and completely freezes my phone.,0,28,190,0,0,0,0.8928571428571429,1,1,0.079,1,0,1,0.0,0,1,0,1.0,0.0
1af2af58-6c9b-402a-b675-a2fa29adbb4f,Amazon,E-commerce,Garcia Gabriel,Unknown,1,2025-11-04 06:44:11,trash,trash,0,1,5,0,0,0,1.0,0,0,0.0,1,0,1,0.0,0,1,0,1.0,0.0
56d9c4ab-82a0-4ee0-8405-3b4a14eaeab0,Amazon,E-commerce,Hassan Tawil,Unknown,1,2025-11-04 06:44:55,they keep taking money from me,they keep taking money from me,0,6,30,0,0,0,1.0,0,0,0.0,1,0,1,0.0,0,1,0,1.0,0.0
27b84c46-59db-4f34-84dd-acea478bbc2a,Amazon,E-commerce,UN PAYS QUI FACHE,Unknown,1,2025-11-04 06:45:11,50% recommended. worst custom service. horrible payment. you can be debited simply due to their system that attempts every time to finalize your payment.,50% recommended. worst custom service. horrible payment. you can be debited simply due to their system that attempts every time to finalize your payment.,0,24,153,0,0,0,0.9166666666666666,0,0,-0.7783,1,0,1,0.0,0,1,0,1.0,0.0
b6c99090-1913-4cd0-ae59-5d9c43ca1ea6,Amazon,E-commerce,Jessica Peck,Unknown,5,2025-11-04 06:47:22,very cool app,very cool app,0,3,13,0,0,0,1.0,0,1,0.3804,1,0,1,0.0,0,1,0,5.0,0.0
a97087c0-ed3c-4b0a-8a4c-a63820dafb01,Amazon,E-commerce,Mmathole Kopane,Unknown,5,2025-11-04 08:21:52,quick and easy...Love it,quick and easy...love it,0,4,24,0,0,0,1.0,0,0,0.0,1,0,1,0.0,0,1,0,5.0,0.0
28846f03-45fc-43ff-87d5-61ad6e1f9f2c,Amazon,E-commerce,Sanjoy Roy,Unknown,5,2025-11-04 09:38:47,nice and easy,nice and easy,0,3,13,0,0,0,1.0,0,0,0.6908,1,0,1,0.0,0,1,0,5.0,0.0
60cbb7f9-1ec3-4b7f-94ea-252f42fa3f8b,Amazon,E-commerce,Abdul Qudoos,Unknown,1,2025-11-04 10:47:32,i am Not Satisfied Because Me Shopping S 25 Ultra Accessories of 306 Riyal but 1 One Week He Not Reached yet,i am not satisfied because me shopping s 25 ultra accessories of 306 riyal but 1 one week he not reached yet,0,22,108,0,0,0,0.9545454545454546,0,0,-0.2755,1,0,1,0.0,0,1,0,1.0,0.0
61a8acaa-f28b-48d6-9dc1-7af357dacca0,Amazon,E-commerce,Hesham Sabbah,Unknown,1,2025-11-04 10:50:06,اسوء خدمة ما بعد البيع معلومات غلط و محدش بيتحمل المسولية ، كل الردود سستم الشركة و الاداره و خدمة العملاء مش في اديها حاجة خالص و مبيحلوش اي مشكلة بالنسبة للاوردرات .,اسوء خدمة ما بعد البيع معلومات غلط و محدش بيتحمل المسولية ، كل الردود سستم الشركة و الاداره و خدمة العملاء مش في اديها حاجة خالص و مبيحلوش اي مشكلة بالنسبة للاوردرات .,0,33,167,0,0,0,0.8787878787878788,0,0,0.0,1,0,1,0.0,0,1,0,1.0,0.0
1a98b443-3d1a-4d29-963c-e1d4cc821cb3,Amazon,E-commerce,Amanda Bullen,Unknown,5,2025-11-04 11:19:37,so easy too easy sometimes.,so easy too easy sometimes.,0,5,27,0,0,0,0.8,0,0,0.7474,1,0,1,0.0,0,1,0,5.0,0.0
cea8538b-1db1-42e4-a195-a09ea1a2ddc4,Amazon,E-commerce,Benjamin Boakye,Unknown,5,2025-11-04 11:29:42,best app ever. easy to use,best app ever. easy to use,0,6,26,0,0,0,1.0,0,1,0.7964,1,0,1,0.0,0,1,0,5.0,0.0
bc8f3448-bec3-43b8-b1ca-b148f0a95081,Amazon,E-commerce,Stephan Briseno,Unknown,5,2025-11-04 12:00:28,love it .,love it .,0,3,9,0,0,0,1.0,0,0,0.6369,1,0,1,0.0,0,1,0,5.0,0.0
2ced4400-be1f-4e57-bc7b-8a50ce4b13b7,Amazon,E-commerce,Wayne Domina,Unknown,4,2025-11-04 12:18:36,there is currently a bug where when you save an item it saves to alphabetical first list instead of default list.,there is currently a bug where when you save an item it saves to alphabetical first list instead of default list.,0,21,113,0,0,0,1.0,0,0,0.4939,1,0,1,0.0,0,1,0,4.0,0.0
70483e66-96a5-4a7b-81c6-d3b972f04cc2,Amazon,E-commerce,Tink Bayton,Unknown,5,2025-11-04 12:51:27,"Great customer care when needed. Easy way to shop For Christmas when I am too busy to dress, make-up and drive to stores. It is NOT helpful that Amazon hires drivers that can't communicate (spead or read) English!","great customer care when needed. easy way to shop for christmas when i am too busy to dress, make-up and drive to stores. it is not helpful that amazon hires drivers that can't communicate (spead or read) english!",0,38,213,0,0,1,0.8947368421052632,0,0,0.8244,1,0,1,0.0,0,1,0,5.0,0.0
0dfbb168-5cd9-482a-8da9-070c0de96b02,Amazon,E-commerce,Majdi Hammad,Unknown,1,2025-11-04 13:00:07,"Hi, some have a list my purchases and contact me on my personal mobile phone for scamming gift winnings. This means it's not safe to use amazon account.","hi, some have a list my purchases and contact me on my personal mobile phone for scamming gift winnings. this means it's not safe to use amazon account.",1,28,152,0,0,0,0.9642857142857143,0,0,0.6902,1,0,1,0.0,0,1,1,1.0,0.0
f557ef84-0031-4769-8f2e-49bd212dfacc,Amazon,E-commerce,john hahessy,Unknown,5,2025-11-04 13:52:51,Brilliant app shopping made very easy.,brilliant app shopping made very easy.,0,6,38,0,0,0,1.0,0,1,0.7902,1,0,1,0.0,0,1,0,5.0,0.0
95540150-dd92-44e5-8e91-3ab596b1b422,Amazon,E-commerce,Leon Steed,Unknown,1,2025-11-04 14:11:08,Stuff that I had saved for later? Deleted. All gone.,stuff that i had saved for later? deleted. all gone.,0,10,52,0,0,0,1.0,0,0,0.4215,1,0,1,0.0,0,1,0,1.0,0.0
e877bb8c-2ac5-4e04-afa4-1ac33da4418a,Amazon,E-commerce,Swarnali Mazumder,Unknown,5,2025-11-04 14:37:25,thank you for helping me with my grievance ASAP. and delivering the product. thank you 🙏,thank you for helping me with my grievance asap. and delivering the product. thank you 🙏,0,16,88,1,0,1,0.875,0,0,0.4767,1,0,1,0.0,0,1,0,5.0,0.0
357dfb1c-0e35-4c88-ada4-68830612b96c,Amazon,E-commerce,Ray Cromartie,Unknown,5,2025-11-04 15:05:08,EXCELLENT 👌🏾,excellent 👌🏾,0,2,12,2,0,1,1.0,0,0,0.87,1,0,1,0.0,0,1,0,5.0,0.0
a723e378-8fc6-464b-8baa-125062da7003,Amazon,E-commerce,Daniel Adams,Unknown,1,2025-11-04 16:24:09,"This app wouldn't let me make a purchase on fast charging power banks, and charging cases for my Switch OLED. It's states that it wouldn't be purchased with my current delivery location when I try to purchase those specific products.","this app wouldn't let me make a purchase on fast charging power banks, and charging cases for my switch oled. it's states that it wouldn't be purchased with my current delivery location when i try to purchase those specific products.",0,40,233,0,0,1,0.9,0,1,0.0,1,0,1,0.0,0,1,0,1.0,0.0
d6049ebd-6cb1-4150-9537-3995f90cb3c2,Amazon,E-commerce,Michael King,Unknown,5,2025-11-04 16:55:39,easy ordering,easy ordering,0,2,13,0,0,0,1.0,0,0,0.4404,1,0,1,0.0,0,1,0,5.0,0.0
655c67c0-0345-47ba-918f-887404bb4e2a,Amazon,E-commerce,M L,Unknown,1,2025-11-04 17:13:45,offer next day delivery but almost never deliver the next day.,offer next day delivery but almost never deliver the next day.,0,11,62,0,0,0,0.9090909090909091,1,0,0.0,1,0,1,0.0,0,1,0,1.0,0.0
d29b0e1c-306c-4f37-834b-b0823964bcbc,Amazon,E-commerce,Marcellino Emil,Unknown,5,2025-11-04 17:31:54,It is goodly app in the world I see it wowww 😍😍😍🤑🤯,it is goodly app in the world i see it wowww 😍😍😍🤑🤯,0,12,50,5,0,0,0.9166666666666666,0,1,0.8402,1,0,1,0.0,0,1,0,5.0,0.0
02728ca2-765f-40cc-b73c-add4067bd21b,Amazon,E-commerce,Pal Bone,Unknown,5,2025-11-04 17:51:49,perfect way to shop and find exactly what you want with feedback from others. never had a problem and quick shipping.,perfect way to shop and find exactly what you want with feedback from others. never had a problem and quick shipping.,12,21,117,0,0,0,0.9523809523809523,0,0,0.7398,1,0,1,0.0,0,1,0,5.0,0.0
f77ec3e6-bc38-45ba-a61b-2cb3aff933c8,Amazon,E-commerce,V̶i̶t̶ó̶r̶i̶a̶ シ Teeth,Unknown,1,2025-11-04 18:21:21,"horrivel, não merecia nenhuma estrela, não devolvem o seu dinheiro alem de ter varias falhas","horrivel, não merecia nenhuma estrela, não devolvem o seu dinheiro alem de ter varias falhas",0,15,92,0,0,0,0.9333333333333333,0,0,0.0,1,0,1,0.0,0,1,0,1.0,0.0
6583e8a2-fdf7-4767-a412-58f236a554d0,Amazon,E-commerce,Helen Vosloo,Unknown,5,2025-11-04 18:44:02,"Great product offering, reasonable pricing and fast, excellent delivery service!","great product offering, reasonable pricing and fast, excellent delivery service!",0,10,80,0,0,0,1.0,1,0,0.8439,1,0,1,0.0,0,1,0,5.0,0.0
2b7cada5-3537-465a-9311-6103663e9193,Amazon,E-commerce,Quinn Rashed,Unknown,1,2025-11-04 18:58:47,"My payment method was declined, and it keeps telling me I need to update my payment method, and yet there is absolutely no way to do that. this app is super unhelpful and overall terrible","my payment method was declined, and it keeps telling me i need to update my payment method, and yet there is absolutely no way to do that. this app is super unhelpful and overall terrible",0,35,187,0,0,0,0.8285714285714286,0,1,-0.1761,1,0,1,0.0,0,1,0,1.0,0.0
4b37a4b8-2e98-4999-a4dc-ebc7b2cbc051,Amazon,E-commerce,Z Hughes,Unknown,1,2025-11-04 19:20:15,no advanced search.,no advanced search.,0,3,19,0,0,0,1.0,0,0,-0.1877,1,0,1,0.0,0,1,0,1.0,0.0
7248e1af-1c54-4e00-bb66-abd388732668,Amazon,E-commerce,Franklin Henegar,Unknown,5,2025-11-04 19:24:22,good never had a problem.,good never had a problem.,0,5,25,0,0,0,1.0,0,0,0.6319,1,0,1,0.0,0,1,0,5.0,0.0
70674872-0903-4084-a746-f4674a41ce8a,Amazon,E-commerce,Charles Leon Shafer,Unknown,5,2025-11-04 19:27:59,"Updated 5/3,13/'23, 9/9,22, 10/7,23/'24, 1/31, 4/11,25, 6/21, 7/18, 11/4/'25.| I have made many purchases on Amazon and have never been disappointed.| 🇺🇦 SLAVA UKRAINE! 🇺🇦| 'NUFF SAID 🖖😎🇺🇲||","updated 5/3,13/'23, 9/9,22, 10/7,23/'24, 1/31, 4/11,25, 6/21, 7/18, 11/4/'25.| i have made many purchases on amazon and have never been disappointed.| 🇺🇦 slava ukraine! 🇺🇦| 'nuff said 🖖😎🇺🇲||",1,28,190,8,0,4,0.9642857142857143,0,1,0.7612,1,0,1,0.0,0,1,0,5.0,0.0
320a698d-e581-4ad7-91a7-135d3130a590,Amazon,E-commerce,Guillaume Chevalier,Unknown,4,2025-11-04 19:46:42,Nice but mobile app got extremely slow this week or lately.,nice but mobile app got extremely slow this week or lately.,0,11,59,0,0,0,1.0,0,1,0.2263,1,0,1,0.0,0,1,0,4.0,0.0
e67db737-b97b-4827-82f2-5ce515474a2d,Amazon,E-commerce,Darin Nordyke,Unknown,4,2025-11-04 19:49:42,Most of the products are delivered on the day listed at purchase. Recent orders have been split up regardless and with no notification of delivery.,most of the products are delivered on the day listed at purchase. recent orders have been split up regardless and with no notification of delivery.,0,25,147,0,0,0,0.92,0,0,-0.296,1,0,1,0.0,0,1,0,4.0,0.0
e2e54c8b-6262-4bb5-901b-b72e64d4f565,Amazon,E-commerce,Karen Sanders,Unknown,5,2025-11-04 20:11:10,surprise credit and free shipping with order with out prime. thanks for the invite though I am going through hardship with financial times and appreciate this opportunity and this kind of service received today.,surprise credit and free shipping with order with out prime. thanks for the invite though i am going through hardship with financial times and appreciate this opportunity and this kind of service received today.,0,34,211,0,0,0,0.8529411764705882,1,1,0.9343,1,0,1,0.0,0,1,0,5.0,0.0
e0711b23-9dcb-4bbf-974f-f4995c3fd5d3,Amazon,E-commerce,O Todd P,Unknown,2,2025-11-04 20:34:03,no way to contact a person to get my $50 refund. chatting with ai 5ucks.,no way to contact a person to get my $50 refund. chatting with ai 5ucks.,0,15,72,0,0,0,0.9333333333333333,0,0,-0.296,1,0,1,0.0,0,1,0,2.0,0.0
75fa7164-dbf4-4749-9218-7cae0d3f91af,Amazon,E-commerce,Alex Crouse,Unknown,1,2025-11-04 20:35:26,Can we get rid of the trash at the top of My Orders? UI choices like this are inexcusable. Ditch your stupid AI and let us use the app in peace!,can we get rid of the trash at the top of my orders? ui choices like this are inexcusable. ditch your stupid ai and let us use the app in peace!,7,31,144,0,0,2,0.9032258064516129,0,1,0.5707,1,0,1,0.0,0,1,1,1.0,0.0
b28d4dab-78c8-4f5e-a18c-e65a37fcfc78,Amazon,E-commerce,Angel Rivera,Unknown,1,2025-11-04 20:39:04,"This app is not working as it used to. It only opens up to a blank page. Only, works when I delete its cache and app info. What a bummer. Fix the app.","this app is not working as it used to. it only opens up to a blank page. only, works when i delete its cache and app info. what a bummer. fix the app.",0,33,150,0,0,0,0.9090909090909091,0,1,-0.3818,1,0,1,0.0,0,1,0,1.0,0.0
b6801e93-9eee-432c-92ec-dc584ca19caa,Amazon,E-commerce,Tony Segura,Unknown,3,2025-11-04 20:59:22,can find almost everything but they're delivery times are never correct,can find almost everything but they're delivery times are never correct,0,11,71,0,0,0,1.0,0,0,0.0,1,0,1,0.0,0,1,0,3.0,0.0
82cfb0b8-c2f6-4604-9925-22c48a94517c,Amazon,E-commerce,Denzel Vaden,Unknown,1,2025-11-04 21:06:07,"Every time I place an order, it says delayed! This is unfair and I'm sure I'm not the only one.","every time i place an order, it says delayed! this is unfair and i'm sure i'm not the only one.",0,20,95,0,0,0,0.95,0,0,-0.4574,1,0,1,0.0,0,1,0,1.0,0.0
9a372b4b-fd77-4232-9f59-60c145247c32,Amazon,E-commerce,Joe Maguire,Unknown,3,2025-11-04 21:31:10,"I was meant to be able to upload photos from my phone to my Hisense smart tv wallpaper, but havent been shown how to apply/ upload any of my content to said tv.","i was meant to be able to upload photos from my phone to my hisense smart tv wallpaper, but havent been shown how to apply/ upload any of my content to said tv.",0,33,160,0,0,0,0.7878787878787878,0,1,0.2144,1,0,1,0.0,0,1,0,3.0,0.0
6983a5ba-4814-4dfc-b661-0fd4be6f4249,Amazon,E-commerce,Jerry Mangum,Unknown,5,2025-11-04 21:32:35,love amazon. like having,love amazon. like having,0,4,24,0,0,0,1.0,0,0,0.8126,1,0,1,0.0,0,1,0,5.0,0.0
43d51193-44ab-49f1-ba60-060c792d4f0e,Amazon,E-commerce,Nelson Molina,Unknown,5,2025-11-04 22:06:42,the best aways thanks Amazon,the best aways thanks amazon,0,5,28,0,0,0,1.0,0,0,0.8316,1,0,1,0.0,0,1,0,5.0,0.0
ec16633b-8c99-4794-bccd-86e743c65c9d,Amazon,E-commerce,David Simmons,Unknown,5,2025-11-04 22:15:37,Amazon shopping is the best investment you can ever have for all of your shopping needs. five stars all the way highly recommended to all shoppers.,amazon shopping is the best investment you can ever have for all of your shopping needs. five stars all the way highly recommended to all shoppers.,9,26,147,0,0,0,0.8461538461538461,0,0,0.7902,1,0,1,0.0,0,1,0,5.0,0.0
cd96483b-bc09-4425-ac13-40aa010ab4c4,Amazon,E-commerce,Andrea Ray,Unknown,5,2025-11-04 22:20:45,"I am so thankful & grateful! Amazon always suggests great gifts and has great gifts. Also, Amazon has such beautiful children's books. Thank you!","i am so thankful & grateful! amazon always suggests great gifts and has great gifts. also, amazon has such beautiful children's books. thank you!",0,24,145,0,0,0,0.875,0,0,0.979,1,0,1,0.0,0,1,0,5.0,0.0
5367a9f8-e004-4c10-9e8b-5b7bf420e0db,Amazon,E-commerce,Lequerio Nesbitt,Unknown,5,2025-11-04 22:40:55,👌🏿👌🏿👌🏿👍🏾👍🏾👍🏾👍🏾👍🏾,👌🏿👌🏿👌🏿👍🏾👍🏾👍🏾👍🏾👍🏾,0,1,16,16,0,0,1.0,0,0,0.9545,1,0,1,0.0,0,1,0,5.0,0.0
7f053d3d-18b0-4015-9002-2ef324d63d65,Amazon,E-commerce,Raul Aguilar,Unknown,1,2025-11-04 22:52:13,not good,not good,0,2,8,0,0,0,1.0,0,0,-0.3412,1,0,1,0.0,0,1,0,1.0,0.0
9bf8e3ba-0698-4f23-b860-3097710153b8,Amazon,E-commerce,Uneit Ridges,Unknown,5,2025-11-04 23:09:59,I love it,i love it,0,3,9,0,0,0,1.0,0,0,0.6369,1,0,1,0.0,0,2,0,5.0,0.0
61b1e476-781c-4af1-8e48-65ddaa225aa9,Amazon,E-commerce,Cassandra,Unknown,1,2025-11-04 23:29:25,It's 2025 and these losers still don't offer a dark mode,it's 2025 and these losers still don't offer a dark mode,0,11,56,0,0,0,1.0,1,0,-0.5267,1,0,1,0.0,0,1,0,1.0,0.0
468c93a2-316c-476a-8d55-4244e019be34,Amazon,E-commerce,American Jurisprudence,Unknown,1,2025-11-04 23:47:45,"App is not stable. In the background, adds merchandise from unopened pages to my shopping cart on its own This has happened several times. Strange!","app is not stable. in the background, adds merchandise from unopened pages to my shopping cart on its own this has happened several times. strange!",0,25,147,0,0,0,1.0,0,1,-0.4552,1,0,1,0.0,0,1,0,1.0,0.0
d97846df-0e94-4b3c-9cee-0541125297ed,Amazon,E-commerce,Dee Reynolds,Unknown,5,2025-11-04 23:56:44,I buy most of my things from Amazon. I love it!,i buy most of my things from amazon. i love it!,0,11,47,0,0,0,0.9090909090909091,0,0,0.7345,1,0,1,0.0,0,1,0,5.0,0.0
40b549b5-2254-4fbe-8889-b88e542cbfc0,Amazon,E-commerce,Jesse Howard,Unknown,2,2025-11-05 00:28:06,I pay for prime to have these items delivered when they say not the day after not 3 days after. This is like the 4th time this year and now it's starting to affect things that are time sensitive.,i pay for prime to have these items delivered when they say not the day after not 3 days after. this is like the 4th time this year and now it's starting to affect things that are time sensitive.,0,39,195,0,0,0,0.8717948717948718,0,0,0.2732,1,0,1,0.0,0,1,0,2.0,0.0
abc6a1e6-8ec2-41b7-8773-f9ac9c4154ac,Amazon,E-commerce,Kayi “Brixi Die Hexe” Brixius,Unknown,5,2025-11-05 00:36:42,I love Amazon!,i love amazon!,0,3,14,0,0,0,1.0,0,0,0.7345,1,0,1,0.0,0,1,0,5.0,0.0
8a09e119-b8d6-42a1-8d1b-c18da9329283,Amazon,E-commerce,Diala Chimnedum,Unknown,1,2025-11-05 01:43:50,"my app is not showing, what's really the matter?","my app is not showing, what's really the matter?",0,9,48,0,0,0,1.0,0,1,0.0972,1,0,1,0.0,0,1,0,1.0,0.0
a37f332f-844b-49c8-9172-5e4561f612fd,Amazon,E-commerce,Marcus Rufus,Unknown,5,2025-11-05 02:39:03,5 star,5 star,0,2,6,0,0,0,1.0,0,0,0.0,1,0,1,0.0,0,1,0,5.0,0.0
b7ad6443-c893-470c-8709-b74cd01b8149,Amazon,E-commerce,William Santistavan,Unknown,5,2025-11-05 02:48:11,Very convenient easiest way to shop hands down,very convenient easiest way to shop hands down,0,8,46,0,0,0,1.0,0,0,0.4728,1,0,1,0.0,0,1,0,5.0,0.0
39f3811c-f4f8-4122-afb5-5c1fede3c276,Amazon,E-commerce,Holly,Unknown,1,2025-11-05 02:58:15,way too expensive,way too expensive,0,3,17,0,0,0,1.0,0,0,0.0,1,0,1,0.0,0,1,0,1.0,0.0
9e8bd04c-b93d-4662-b909-3e39e74c7ec6,Amazon,E-commerce,Somalia Daley,Unknown,1,2025-11-05 03:06:56,9/12/24 What happened to Dark Mode? 11/4/25 Still No Dark Mode??,9/12/24 what happened to dark mode? 11/4/25 still no dark mode??,1,11,64,0,0,0,0.9090909090909091,0,1,-0.4098,1,0,1,0.0,0,1,0,1.0,0.0
1de5c3a9-5e21-4464-82d5-0a7068698815,Amazon,E-commerce,G,Unknown,3,2025-11-05 03:39:21,"It's ok, but can you please stop showing my canceled orders on my orders page. it's very annoying to see.","it's ok, but can you please stop showing my canceled orders on my orders page. it's very annoying to see.",1,20,105,0,0,0,0.85,0,0,-0.5913,1,0,1,0.0,0,1,0,3.0,0.0
00729025-d049-4f25-b5e8-03de2c2f439a,Amazon,E-commerce,Abesideous Adam,Unknown,5,2025-11-05 03:50:16,I have had no real problems over all. it's definitely a trust worthy app,i have had no real problems over all. it's definitely a trust worthy app,0,14,72,0,0,0,1.0,0,1,0.8384,1,0,1,0.0,0,1,0,5.0,0.0
59033297-922a-4e8e-aa03-2fc10e194152,Amazon,E-commerce,Jeff M,Unknown,5,2025-11-05 04:10:48,"So easy to use from finding item, reviewing to placing order","so easy to use from finding item, reviewing to placing order",0,11,60,0,0,0,0.9090909090909091,0,0,0.4927,1,0,1,0.0,0,1,0,5.0,0.0
527bd769-8c14-4213-9adb-e59b712315d5,Amazon,E-commerce,lakshmi kantharao kompalli,Unknown,5,2025-11-05 04:20:15,best prices and delivary in time.,best prices and delivary in time.,0,6,33,0,0,0,1.0,0,0,0.6369,1,0,1,0.0,0,1,0,5.0,0.0
305b63fc-fcd7-4ae6-8008-f584fe05165f,Amazon,E-commerce,Da'Shon Cherry,Unknown,5,2025-11-05 05:28:53,One of my favorite shopping sites,one of my favorite shopping sites,0,6,33,0,0,0,1.0,0,0,0.4588,1,0,1,0.0,0,1,0,5.0,0.0
17f52e81-1973-4dc1-8865-ea26d469ab5f,Amazon,E-commerce,;;DarkMetalSpider;;,Unknown,1,2025-11-05 05:48:49,"Usually a 5-star app. However, since the recent update, all the app does is crash immediately after starting it; which then makes me have to go to the website, totally defeating the purpose of having the app...","usually a 5-star app. however, since the recent update, all the app does is crash immediately after starting it; which then makes me have to go to the website, totally defeating the purpose of having the app...",0,37,210,0,0,0,0.8648648648648649,1,1,-0.6801,1,0,1,0.0,0,1,0,1.0,0.0
d100f157-6f28-4869-9151-b5bfb9e8f624,Amazon,E-commerce,Timothy Murray,Unknown,1,2025-11-05 05:52:41,what's the point of getting prime if orders aren't delivered when they are supposed to be? I had to cancel 2 orders in 2 days because it was faster to just go buy it.,what's the point of getting prime if orders aren't delivered when they are supposed to be? i had to cancel 2 orders in 2 days because it was faster to just go buy it.,0,34,166,0,0,0,0.8823529411764706,0,0,-0.25,1,0,1,0.0,0,1,0,1.0,0.0
639511e9-cc17-4515-a199-887de7288469,Amazon,E-commerce,Simphiwe Setlhogo,Unknown,5,2025-11-05 06:09:40,nothing but compliments so far💕,nothing but compliments so far💕,1,5,31,1,0,0,1.0,0,0,0.6661,1,0,1,0.0,0,1,0,5.0,0.0
6af8a8fb-ea07-4369-847b-0906623822eb,Amazon,E-commerce,Clos25. Aka Carlos O,Unknown,2,2025-11-05 06:58:14,be warned some prices may differ from other people's accounts. I got charged more on a product my sister saw on her account even though I had prim.,be warned some prices may differ from other people's accounts. i got charged more on a product my sister saw on her account even though i had prim.,0,28,147,0,0,0,0.9285714285714286,0,0,-0.4404,1,0,1,0.0,0,1,0,2.0,0.0
61ba1220-66c4-4c3c-aa17-156c54a9f9f9,Amazon,E-commerce,Crystal Nicole Stevens,Unknown,1,2025-11-05 07:19:03,was charged for a closed account!,was charged for a closed account!,0,6,33,0,0,0,1.0,0,0,-0.2714,1,0,1,0.0,0,1,0,1.0,0.0
7846911f-10b0-417b-b838-246d2806c094,Amazon,E-commerce,Suresh Pothuru,Unknown,1,2025-11-05 08:36:59,Frequent crashing of the app for past 4-5 days when searching for products and scrolling up.It will freeze the screen and after few seconds gets a message Amazon is not responding,frequent crashing of the app for past 4-5 days when searching for products and scrolling up.it will freeze the screen and after few seconds gets a message amazon is not responding,0,31,179,0,0,0,0.9032258064516129,1,1,0.2263,1,0,1,0.0,0,1,0,1.0,0.0
e18c1c0f-ea54-4a10-84c6-326bbdf4ecc8,Amazon,E-commerce,Tanya K.,Unknown,1,2025-11-05 09:36:22,Bunch of fraudsters. Send defective items and refuse to process a refund. The app have hidden options to contact support,bunch of fraudsters. send defective items and refuse to process a refund. the app have hidden options to contact support,0,20,120,0,0,0,0.95,0,1,-0.7003,1,0,1,0.0,0,1,0,1.0,0.0
9b47a146-70ab-42aa-bdd0-3c544bf094d7,Amazon,E-commerce,sami morad,Unknown,1,2025-11-05 09:50:29,Very stupid co.,very stupid co.,0,3,15,0,0,0,1.0,0,0,-0.5709,1,0,1,0.0,0,1,0,1.0,0.0
e99f83ac-8741-4f2a-acf5-08e7d8735bee,Amazon,E-commerce,Spencer Lucas,Unknown,5,2025-11-05 10:13:39,Great!,great!,0,1,6,0,0,0,1.0,0,0,0.6588,1,0,1,0.0,0,1,0,5.0,0.0
89dba7c9-278b-4fea-a896-ce38df99c9dd,Amazon,E-commerce,Andy Hailstone,Unknown,1,2025-11-05 10:28:10,"delivery terrible on before 1pm, customer service also a bad experience","delivery terrible on before 1pm, customer service also a bad experience",0,11,71,0,0,0,1.0,0,0,-0.765,1,0,1,0.0,0,1,0,1.0,0.0
23b06735-7562-4a92-ae1b-042b83ce689b,Amazon,E-commerce,Betty Alcindor,Unknown,5,2025-11-05 10:47:35,very good app,very good app,0,3,13,0,0,0,1.0,0,1,0.4927,1,0,1,0.0,0,1,0,5.0,0.0
49e581ba-4846-4d4c-9380-7735ffc1475f,Amazon,E-commerce,Robert Spoon,Unknown,1,2025-11-05 10:52:21,your snoopy and cause to many trackers so you suck and can't be trusted,your snoopy and cause to many trackers so you suck and can't be trusted,0,14,71,0,0,0,0.9285714285714286,0,0,-0.6939,1,0,1,0.0,0,1,0,1.0,0.0
3b5ea67d-4dc4-498a-b88b-fc766a7d8db4,Amazon,E-commerce,Azz Thom,Unknown,1,2025-11-05 12:07:06,Spam notifications offering grocery shopping now.,spam notifications offering grocery shopping now.,0,6,49,0,0,0,1.0,1,0,-0.3612,1,0,1,0.0,0,1,0,1.0,0.0
ab773245-98e4-4a19-90c6-4e25dbd51d8b,Amazon,E-commerce,THOMAS WESTRAY,Unknown,3,2025-11-05 12:17:24,prices and variety rundown.,prices and variety rundown.,0,4,27,0,0,0,1.0,0,0,0.0,1,0,1,0.0,0,1,0,3.0,0.0
f5726031-664a-472b-a331-5d9499b4bc07,Amazon,E-commerce,Shane Trogdon,Unknown,1,2025-11-05 12:50:25,literally everything I've bought has been late or not arrived at all. all prime products I've bought in the last few months,literally everything i've bought has been late or not arrived at all. all prime products i've bought in the last few months,0,22,123,0,0,0,0.9090909090909091,0,0,0.0,1,0,1,0.0,0,1,0,1.0,0.0
f834e242-a231-43d1-b6e2-3928f0264610,Amazon,E-commerce,gabestar pwp,Unknown,1,2025-11-05 13:00:59,why send the wrong products,why send the wrong products,0,5,27,0,0,0,1.0,0,0,-0.4767,1,0,1,0.0,0,1,0,1.0,0.0
6845cae5-68bb-4329-9e97-7165a2b29790,Amazon,E-commerce,Uhby,Unknown,3,2025-11-05 14:27:26,"Delivery and pricing is nice. Deals feel like they are fake, and are actually normal pricing.","delivery and pricing is nice. deals feel like they are fake, and are actually normal pricing.",0,16,93,0,0,0,0.875,1,0,0.296,1,0,1,0.0,0,1,0,3.0,0.0
f6354c65-6356-49f1-96fa-907b22a9e89c,Amazon,E-commerce,Brice Dowd,Unknown,1,2025-11-05 17:21:51,Had a $25 gift card from my job and they locked me out of my account while trying to use it thieves,had a $25 gift card from my job and they locked me out of my account while trying to use it thieves,0,22,99,0,0,0,0.9545454545454546,0,0,-0.1027,1,0,1,0.0,0,1,0,1.0,0.0
40c5584c-7a2f-4ed8-a70a-25cd57ab21c2,Amazon,E-commerce,Null Field,Unknown,1,2025-11-05 17:40:20,"No humans no orders, boycott this greedy humanless company","no humans no orders, boycott this greedy humanless company",1,9,58,0,0,0,0.8888888888888888,0,0,-0.2441,1,0,1,0.0,0,1,0,1.0,0.0
6056328a-4951-4425-993a-c7c8a4f733be,Amazon,E-commerce,Tony Wright,Unknown,4,2025-11-05 17:51:53,ok when u need it,ok when u need it,0,5,17,0,0,0,1.0,0,0,0.296,1,0,1,0.0,0,1,0,4.0,0.0
8bea7d64-09f0-4693-ab75-e3f584d0c58e,Amazon,E-commerce,Lupe Trevino,Unknown,1,2025-11-05 19:16:12,I have noted to leave in front office of my apartment so my packages stop getting stolen and non stop leaving it at my door.,i have noted to leave in front office of my apartment so my packages stop getting stolen and non stop leaving it at my door.,0,25,124,0,0,0,0.88,0,0,-0.7943,1,0,1,0.0,0,1,0,1.0,0.0
94b23092-9243-42f0-aa35-f6ecad8df66f,Amazon,E-commerce,Benamara Abdessalam,Unknown,1,2025-11-05 19:30:41,disgusting dilevery service.,disgusting dilevery service.,0,3,28,0,0,0,1.0,0,0,-0.5267,1,0,1,0.0,0,1,0,1.0,0.0
d5a95fc0-5333-441b-91ea-4a75b7c985c7,Amazon,E-commerce,Jordan Romero,Unknown,1,2025-11-05 20:19:18,never deliver on time for overnights. customer service can't answer questions.,never deliver on time for overnights. customer service can't answer questions.,0,11,78,0,0,0,1.0,0,0,0.0,1,0,1,0.0,0,1,0,1.0,0.0
1cce1165-9529-4863-8ee1-1aa44f3582a1,Amazon,E-commerce,Victoria Norgard,Unknown,1,2025-11-05 21:42:14,"Not being able to cancel 30 day free trial membership cause it was billed through Google, and not able to connect to Google","not being able to cancel 30 day free trial membership cause it was billed through google, and not able to connect to google",0,23,123,0,0,0,0.8260869565217391,1,0,0.3182,1,0,1,0.0,0,1,0,1.0,0.0
e82d6cc3-0e5d-4042-86ce-733e46d3bb0e,Amazon,E-commerce,Spencer,Unknown,1,2025-11-05 21:59:20,"bought a coat, they sent me a flannel and not a coat.","bought a coat, they sent me a flannel and not a coat.",0,12,53,0,0,0,0.8333333333333334,0,0,0.0,1,0,1,0.0,0,1,0,1.0,0.0
fd9c2e93-fa35-4555-aca9-2879692ac4be,Amazon,E-commerce,Gyromatical,Unknown,1,2025-11-05 22:03:14,"the new pop-up product preview is cringe and a waste of time, get rid of it immediately","the new pop-up product preview is cringe and a waste of time, get rid of it immediately",50,17,87,0,0,0,0.9411764705882353,0,0,-0.4215,1,0,1,0.0,0,1,0,1.0,0.0
6b9a792f-ab6e-4ea2-a1e3-f0ad00c2b36d,Amazon,E-commerce,lindsey harper,Unknown,3,2025-11-05 22:34:53,the barcode scanner sucks and only works sometimes after 10 or more tries. why have something if it doesn't work. so frustrating.,the barcode scanner sucks and only works sometimes after 10 or more tries. why have something if it doesn't work. so frustrating.,0,22,129,0,0,0,1.0,0,0,-0.7384,1,0,1,0.0,0,1,0,3.0,0.0
678a114a-8495-4768-83b6-d2d4281658ab,Amazon,E-commerce,Johnnie Wetsel,Unknown,2,2025-11-05 22:38:13,no help for me today.,no help for me today.,0,5,21,0,0,0,1.0,0,0,-0.3089,1,0,1,0.0,0,1,0,2.0,0.0
c4d1b0b9-d050-4d7e-927a-a252591f179d,Amazon,E-commerce,Pius Anthonipillai,Unknown,1,2025-11-05 22:39:19,why on earth i should pay while i have prime,why on earth i should pay while i have prime,0,10,44,0,0,0,0.9,0,0,-0.1027,1,0,1,0.0,0,1,0,1.0,0.0
f48f3d8b-4127-4188-9f27-f9365e3948f5,Amazon,E-commerce,Lymont Jones,Unknown,1,2025-11-05 22:46:52,Can't check out. Amazon will return me to the beginning of the app like I am opening a new app every time. I can't purchase anything 😕.,can't check out. amazon will return me to the beginning of the app like i am opening a new app every time. i can't purchase anything 😕.,0,27,135,1,0,0,0.8518518518518519,0,1,0.4486,1,0,1,0.0,0,1,0,1.0,0.0
65d7220b-f486-426e-9d24-b37fb9d6fe10,Amazon,E-commerce,amysusername1,Unknown,1,2025-11-05 22:47:58,New UI us not customisable enough. Just rushed to include AI.,new ui us not customisable enough. just rushed to include ai.,1,11,61,0,0,2,1.0,0,0,0.0,1,0,1,0.0,0,1,0,1.0,0.0
35d557d2-3c00-4e86-978f-2bc7a3cd57d5,Amazon,E-commerce,Anil Thankappan,Unknown,2,2025-11-05 23:21:01,"lately become so user unfriendly. i.e checking for a refund takes you nowhere.. and customer care? is it still there in the app? I'm not sure..see only ""AI""... and Rufus Ai, says I cannot answer refund queries.. absolute 🗑️","lately become so user unfriendly. i.e checking for a refund takes you nowhere.. and customer care? is it still there in the app? i'm not sure..see only ""ai""... and rufus ai, says i cannot answer refund queries.. absolute 🗑️",0,39,223,1,0,1,0.9487179487179487,0,1,-0.6972,1,0,1,0.0,0,1,0,2.0,0.0
007863d2-a6c9-431c-8e6c-3ab609d100b9,Amazon,E-commerce,kaitlyn Murphy,Unknown,3,2025-11-05 23:49:05,currently won't let me check out. keeps saying something went wrong when I click my debit card.,currently won't let me check out. keeps saying something went wrong when i click my debit card.,0,17,95,0,0,0,1.0,0,0,-0.4767,1,0,1,0.0,0,1,0,3.0,0.0
fd176757-c8bf-448c-b2cf-5249ce90f7c4,Amazon,E-commerce,Zari az,Unknown,4,2025-11-05 23:54:29,issues ordering ATM.,issues ordering atm.,13,3,20,0,0,1,1.0,0,0,0.0,1,0,1,0.0,0,1,0,4.0,0.0
875dd2c4-86c4-444d-b8d3-b0c54b7c6954,Amazon,E-commerce,Tammy Young,Unknown,1,2025-11-06 00:07:57,I've tried and tried to cancel my Amazon prime and nothing is working they keep giving me the run around sending me to different web sites I would give it a zero if I could.,i've tried and tried to cancel my amazon prime and nothing is working they keep giving me the run around sending me to different web sites i would give it a zero if i could.,0,35,173,0,0,0,0.8571428571428571,0,0,0.2732,1,0,1,0.0,0,1,0,1.0,0.0
1c1647d7-b33d-47d1-b639-e4c90230bec9,Amazon,E-commerce,TheWinchGuy “GetFishOrDieTrying”,Unknown,1,2025-11-06 00:20:28,false advertisement regarding delivery dates. next day and same day deliveries usually take about 5 days. very frustrating. delivery dates cant be trusted. typical case of over promising and under delivering.,false advertisement regarding delivery dates. next day and same day deliveries usually take about 5 days. very frustrating. delivery dates cant be trusted. typical case of over promising and under delivering.,0,31,208,0,0,0,0.9032258064516129,0,0,-0.4673,1,0,1,0.0,0,1,0,1.0,0.0
663fb541-c275-4917-ab80-119bee98971d,Amazon,E-commerce,Jamie Nanaquetung,Unknown,5,2025-11-06 00:54:01,great job today Employees,great job today employees,0,4,25,0,0,0,1.0,0,0,0.6249,1,0,1,0.0,0,1,0,5.0,0.0
5ffadacd-72b5-444f-baeb-b1a3937c8f28,Amazon,E-commerce,Naoma Barnes,Unknown,1,2025-11-06 01:06:54,I have had two packages delivered to the wrong address IN ONE WEEK! I'm not ordering from Amazon again!,i have had two packages delivered to the wrong address in one week! i'm not ordering from amazon again!,0,19,103,0,0,3,1.0,0,0,-0.6372,1,0,1,0.0,0,1,0,1.0,0.0
c307a49d-5ba9-41a2-a82b-bc9160de6e99,Amazon,E-commerce,Josh Tabony,Unknown,3,2025-11-06 01:52:56,"Can't manage or add a vehicle to my garage. Ever since this last update, I can go longer manage my garage.","can't manage or add a vehicle to my garage. ever since this last update, i can go longer manage my garage.",0,21,106,0,0,0,0.8571428571428571,0,0,0.0,1,0,1,0.0,0,1,0,3.0,0.0
706700bb-7ebc-48d6-a483-413fc0fdd38d,Amazon,E-commerce,Dustin Vander,Unknown,1,2025-11-06 01:53:03,is it broken? I don't remember it being this bad but it's like a toddler organized this app now. always needs a payment revisement now to boot.,is it broken? i don't remember it being this bad but it's like a toddler organized this app now. always needs a payment revisement now to boot.,3,27,143,0,0,0,0.8888888888888888,0,1,-0.0932,1,0,1,0.0,0,1,0,1.0,0.0
40c1640e-6314-42c1-9a5c-18cb27675921,Amazon,E-commerce,A Google user,Unknown,1,2025-11-06 02:09:59,deliveries aren't reliable anymore they're never on time like they used to be not a good source for time sensitive orders even though Im a prime member.,deliveries aren't reliable anymore they're never on time like they used to be not a good source for time sensitive orders even though im a prime member.,1,27,152,0,0,0,0.9259259259259259,0,0,-0.5448,1,0,1,0.0,0,1,0,1.0,0.0
5d5e42a2-045f-48d3-9b67-5d832570bb7c,Amazon,E-commerce,Abdullah Khilji,Unknown,5,2025-11-06 02:23:53,good app star ⭐,good app star ⭐,0,4,15,0,0,0,1.0,0,1,0.4404,1,0,1,0.0,0,1,0,5.0,0.0
cbe1e8f1-733a-482c-86ac-60dd860675ee,Amazon,E-commerce,Devin Rode,Unknown,1,2025-11-06 03:19:24,won't let me cancel. sends me to Google play to cancel but Google play doesn't have it prime listed as a subscription. shady.,won't let me cancel. sends me to google play to cancel but google play doesn't have it prime listed as a subscription. shady.,0,23,125,0,0,0,0.8260869565217391,0,0,0.5676,1,0,1,0.0,0,1,1,1.0,0.0
49f5cc75-2bb2-4cd1-bec5-1741be7d54c2,Amazon,E-commerce,Juan Martinez,Unknown,1,2025-11-06 03:20:53,No longer getting app notifications when an item is ready for pickup at Amazon Fresh.,no longer getting app notifications when an item is ready for pickup at amazon fresh.,11,15,85,0,0,0,1.0,0,1,0.5106,1,0,1,0.0,0,1,1,1.0,0.0
4d487ae0-4bd1-47bc-a0b6-d22e9e7f4fc0,Amazon,E-commerce,Anthony Aguilar,Unknown,5,2025-11-06 03:34:21,That's a pretty cool function using tap to pay. Tap my card to my phone that is.,that's a pretty cool function using tap to pay. tap my card to my phone that is.,0,17,80,0,0,0,0.8235294117647058,0,0,0.6249,1,0,1,0.0,0,1,0,5.0,0.0
823668a9-925c-40ef-91a0-15e6eb5cc769,Amazon,E-commerce,Tori Esau,Unknown,3,2025-11-06 03:40:32,"This app barely works, it's super laggy and won't load. It really needs an update to make it easier to use and actually load my cart.","this app barely works, it's super laggy and won't load. it really needs an update to make it easier to use and actually load my cart.",0,26,133,0,0,0,0.8846153846153846,0,1,0.7533,1,0,1,0.0,0,1,0,3.0,0.0
23adff48-c139-40db-8e4c-a840b415b4f8,Amazon,E-commerce,Charlene,Unknown,5,2025-11-06 03:47:55,I love clothing,i love clothing,0,3,15,0,0,0,1.0,0,0,0.6369,1,0,1,0.0,0,1,0,5.0,0.0
69fda58b-f438-41b9-9737-cc068b091f55,Amazon,E-commerce,Carrie Geis,Unknown,5,2025-11-06 05:04:01,For the most part products are great with the exception of vendors who misrepresent their products. Such a hassle sending back knockoffs,for the most part products are great with the exception of vendors who misrepresent their products. such a hassle sending back knockoffs,1,22,136,0,0,0,0.9545454545454546,0,0,0.6249,1,0,1,0.0,0,1,0,5.0,0.0
98363d7d-1ac8-4df3-81b5-5cc60beec6c2,Amazon,E-commerce,Kelly Barnard,Unknown,5,2025-11-06 05:04:13,The latest update won't even open the app. It just keeps crashing. Totally and completely unusable.,the latest update won't even open the app. it just keeps crashing. totally and completely unusable.,3,16,99,0,0,0,0.9375,0,1,0.0,1,0,1,0.0,0,1,0,5.0,0.0
ee5debd6-13ff-4ded-9093-16c947f5f4dd,Amazon,E-commerce,Amethyst,Unknown,5,2025-11-06 05:28:21,I love the ability to buy something and know that if I don't get it or if it's broke or whatever it'll be replaced and fixed and through the asurion all the products I buy are insured,i love the ability to buy something and know that if i don't get it or if it's broke or whatever it'll be replaced and fixed and through the asurion all the products i buy are insured,0,37,183,0,0,0,0.7567567567567568,0,0,0.5719,1,0,1,0.0,0,1,0,5.0,0.0
6b690b7c-ec62-4ee0-a134-f4e1dee43af7,Amazon,E-commerce,munya masimba,Unknown,5,2025-11-06 07:01:59,"value, quick delivery and easy shopping","value, quick delivery and easy shopping",0,6,39,0,0,0,1.0,0,0,0.6486,1,0,1,0.0,0,1,0,5.0,0.0
5fd6aec2-08ef-4d28-9630-3b7a7d3d0941,Amazon,E-commerce,Ashutosh Singh,Unknown,2,2025-11-06 07:26:18,app is useful but the search engine is a failure. you search some specific brand and you will get all the brands except you searched. I am frustrated 🤦,app is useful but the search engine is a failure. you search some specific brand and you will get all the brands except you searched. i am frustrated 🤦,0,29,151,1,0,0,0.8275862068965517,0,1,-0.8442,1,0,1,0.0,0,1,0,2.0,0.0
99232fde-b6a9-4f33-a9b3-80e34538ff75,Amazon,E-commerce,Margaret Thompson (Magz),Unknown,5,2025-11-06 08:12:22,"I ordered a book yesterday, it got delivered today. very pleased with the way Amazon works .","i ordered a book yesterday, it got delivered today. very pleased with the way amazon works .",0,17,92,0,0,0,1.0,0,0,0.5984,1,0,1,0.0,0,1,0,5.0,0.0
9999705f-a0db-47fa-8735-9ee8ffb364b6,Amazon,E-commerce,Darko Paunovic,Unknown,5,2025-11-06 08:34:10,very user friendly experience,very user friendly experience,0,4,29,0,0,0,1.0,0,0,0.539,1,0,1,0.0,0,1,0,5.0,0.0
21ac58f4-4ed3-4de5-9eb4-356b596bb5ae,Amazon,E-commerce,Edwin Ramos,Unknown,1,2025-11-06 08:41:17,One star for discontinuing Samsung tablet support,one star for discontinuing samsung tablet support,0,7,49,0,0,0,1.0,0,0,0.4019,1,0,1,0.0,0,1,0,1.0,0.0
07e33abf-d503-4a4c-b414-c30c42895564,Amazon,E-commerce,Karen Macgregor,Unknown,5,2025-11-06 09:31:56,used amazon for years good company,used amazon for years good company,0,6,34,0,0,0,1.0,0,0,0.5574,1,0,1,0.0,0,1,0,5.0,0.0
d82d6697-d23c-47c3-99f1-06ac4f9ff6a8,Amazon,E-commerce,J C,Unknown,3,2025-11-06 09:36:22,the new update is retarded . just click and open the page nobody cares about a pop up view .,the new update is retarded . just click and open the page nobody cares about a pop up view .,3,20,92,0,0,0,0.9,0,0,-0.1779,1,0,1,0.0,0,1,0,3.0,0.0
5123caec-600b-4ea3-82c3-d881db182059,Amazon,E-commerce,Stuart Aitken,Unknown,1,2025-11-06 09:46:15,"The option to cancel your Prime subscription is seemingly impossible to fund unless you go to that stupid Rufus ""AI"" chat bot and type ""cancel prime"". Organisations should not deliberately obfuscate their options for cancelling a subscription.","the option to cancel your prime subscription is seemingly impossible to fund unless you go to that stupid rufus ""ai"" chat bot and type ""cancel prime"". organisations should not deliberately obfuscate their options for cancelling a subscription.",0,37,243,0,0,1,0.9459459459459459,0,0,-0.802,1,0,1,0.0,0,1,0,1.0,0.0
e17ef443-d691-418a-9938-74eaa864e0f8,Amazon,E-commerce,Anduin Brothar,Unknown,1,2025-11-06 10:07:51,making an account is impossible and amazon has no support unless you log in. worst company ever,making an account is impossible and amazon has no support unless you log in. worst company ever,0,17,95,0,0,0,1.0,0,0,-0.6866,1,0,1,0.0,0,1,0,1.0,0.0
68df7c33-af27-4edc-b06b-73eaca4d250a,Amazon,E-commerce,George,Unknown,1,2025-11-06 10:19:02,"Unable to see product reviews anymore since the latest update, wishlists continue to be a mess and the GUI just keeps getting worse.","unable to see product reviews anymore since the latest update, wishlists continue to be a mess and the gui just keeps getting worse.",2,23,132,0,0,1,0.9130434782608695,0,0,-0.6808,1,0,1,0.0,0,1,0,1.0,0.0
2f7e07ec-6e82-47c6-9920-315dc3675b9c,Amazon,E-commerce,Ivan Apodaca,Unknown,1,2025-11-06 10:35:38,not working. doesn't even show the products info on top,not working. doesn't even show the products info on top,2,10,55,0,0,0,1.0,0,0,0.2023,1,0,1,0.0,0,1,0,1.0,0.0
ebf900e1-f7c4-4742-8dd4-1ab10b882980,Amazon,E-commerce,TAIWO EMMANUEL,Unknown,1,2025-11-06 10:45:41,I only use it once and I have a terrible experience about it,i only use it once and i have a terrible experience about it,0,13,60,0,0,0,0.8461538461538461,0,0,-0.4767,1,0,1,0.0,0,1,0,1.0,0.0
814718dc-cb90-4491-924e-ae7b5e676dec,Amazon,E-commerce,Devante Downey,Unknown,2,2025-11-06 10:59:55,My order was canceled and I had to place a new one having to wait longer for it,my order was canceled and i had to place a new one having to wait longer for it,0,18,79,0,0,0,0.9444444444444444,0,0,0.0,1,0,1,0.0,0,1,0,2.0,0.0
262ebba7-2bc5-4d26-99e3-44f6a4189f76,Amazon,E-commerce,Peter Anderson,Unknown,4,2025-11-06 11:33:38,fast delivery and most things good,fast delivery and most things good,0,6,34,0,0,0,1.0,0,0,0.4902,1,0,1,0.0,0,1,0,4.0,0.0
1c6e8753-1f39-423f-861b-60393f65a438,Amazon,E-commerce,Gary Miller,Unknown,1,2025-11-06 12:32:53,Too many emails!,too many emails!,0,3,16,0,0,0,1.0,0,0,0.0,1,0,1,0.0,0,1,0,1.0,0.0
ea23589e-c5c7-4660-8e85-a820b3a08bf1,Amazon,E-commerce,fred s,Unknown,1,2025-11-06 12:47:58,awful... They promise 2 days.. in the past year probably 10 items were over a week late or never came .. just happened this week...,awful... they promise 2 days.. in the past year probably 10 items were over a week late or never came .. just happened this week...,0,25,131,0,0,0,1.0,0,1,-0.1779,1,0,1,0.0,0,1,0,1.0,0.0
689371a8-f75d-45fa-be1c-3008845031e4,Amazon,E-commerce,Meerab Pari Nadeem,Unknown,5,2025-11-06 13:01:29,Can u please give this opportunity in Pakistan also because I also want to shopping on Amazon the best quality in cheap prices,can u please give this opportunity in pakistan also because i also want to shopping on amazon the best quality in cheap prices,0,23,126,0,0,0,0.9130434782608695,1,0,0.8834,1,0,1,0.0,0,1,0,5.0,0.0
50966410-66a7-4ae3-b453-95267ca78107,Amazon,E-commerce,Debhora Bodien,Unknown,5,2025-11-06 13:31:31,I love Amazon,i love amazon,0,3,13,0,0,0,1.0,0,0,0.7096,1,0,1,0.0,0,1,0,5.0,0.0
9fd25756-1ab1-4607-96d9-009666098b81,Amazon,E-commerce,Natashia Guajardo,Unknown,5,2025-11-06 13:34:58,"amazing insight into sooo many vastly different vastly improved items from all walks of life. Cant wait to get my shop on, happy to be a new customer here on the""Zon."" let's go find those deals. . .","amazing insight into sooo many vastly different vastly improved items from all walks of life. cant wait to get my shop on, happy to be a new customer here on the""zon."" let's go find those deals. . .",0,38,198,0,0,0,0.9210526315789473,1,1,0.891,1,0,1,0.0,0,1,0,5.0,0.0
2617845e-91e3-4077-9e58-8efcc400037f,Amazon,E-commerce,Kayla Smith,Unknown,1,2025-11-06 14:03:47,"item got recalled, instead of refunding to original payment method forced a gift card on me and would not listen to me as a customer.","item got recalled, instead of refunding to original payment method forced a gift card on me and would not listen to me as a customer.",1,25,133,0,0,0,0.88,0,0,0.296,1,0,1,0.0,0,1,0,1.0,0.0
2f609c6d-d6d0-4f37-b94e-7d8d454d2abb,Amazon,E-commerce,Cheryl McKeel,Unknown,5,2025-11-06 14:23:11,conveinient and good prices,conveinient and good prices,0,4,27,0,0,0,1.0,0,0,0.4404,1,0,1,0.0,0,1,0,5.0,0.0
6daeb070-197f-44d6-bfdf-e7e7d10000c8,Amazon,E-commerce,William Kellyiv,Unknown,5,2025-11-06 15:10:59,extremely good,extremely good,0,2,14,0,0,0,1.0,0,0,0.4927,1,0,1,0.0,0,1,0,5.0,0.0
9e7dfc1f-07d0-4ea8-99e4-67f5101e6af2,Amazon,E-commerce,Jeremy Molaison,Unknown,5,2025-11-06 15:19:41,easy to use.,easy to use.,0,3,12,0,0,0,1.0,0,0,0.4404,1,0,1,0.0,0,1,0,5.0,0.0
dec21de2-b894-4128-bbcf-9324eb5beaee,Amazon,E-commerce,Md Mir Hossain,Unknown,1,2025-11-06 15:22:01,very bad service. delivery are too late. fake promised,very bad service. delivery are too late. fake promised,0,9,54,0,0,0,1.0,0,0,-0.659,1,0,1,0.0,0,1,0,1.0,0.0
491f1cc5-a8fa-4122-a98b-ade5d77203ef,Amazon,E-commerce,Deadly Tarantula Girl,Unknown,1,2025-11-06 16:21:54,"App has been terrible the last month, delayed, glitches, returned packages, and more.","app has been terrible the last month, delayed, glitches, returned packages, and more.",0,13,85,0,0,0,1.0,0,1,-0.6124,1,0,1,0.0,0,1,0,1.0,0.0
9b1998db-834f-4d0a-ad91-be14fdb9f2be,Amazon,E-commerce,Krissy Barton,Unknown,5,2025-11-06 16:30:31,All the things I have ever purchased are good prices and are delivered on time,all the things i have ever purchased are good prices and are delivered on time,0,15,78,0,0,0,0.9333333333333333,0,0,0.4404,1,0,1,0.0,0,1,0,5.0,0.0
b34df864-5aaa-4c41-a604-d38de7460010,Amazon,E-commerce,Hodgie G,Unknown,2,2025-11-06 16:31:32,Its becoming a joke. nothing comes on time. ship dates get pushed.,its becoming a joke. nothing comes on time. ship dates get pushed.,2,12,66,0,0,0,1.0,0,0,0.296,1,0,1,0.0,0,1,0,2.0,0.0
81ecc724-1dce-477c-ad95-a4d18683cf96,Amazon,E-commerce,Ann Egan,Unknown,5,2025-11-06 16:47:55,great app easy to use,great app easy to use,0,5,21,0,0,0,1.0,0,1,0.7906,1,0,1,0.0,0,1,0,5.0,0.0
1217eb9b-7195-4085-a2cb-884dd7f37e5b,Amazon,E-commerce,Jacqueline Brooks,Unknown,2,2025-11-06 17:06:46,I was overcharged for a item I would like a refund,i was overcharged for a item i would like a refund,1,11,50,0,0,0,0.8181818181818182,0,0,0.3612,1,0,1,0.0,0,1,0,2.0,0.0
8d690d8b-690d-4709-baba-6b59820dd7bc,Amazon,E-commerce,IAmTallulahABulger,Unknown,5,2025-11-06 17:08:58,Amazon is great!!! I am an author. I thank you guys for allowing me to showcase my art. It would be great if you guys can allow real people to write unlimited reviews without having to purchase over 100.00.,amazon is great!!! i am an author. i thank you guys for allowing me to showcase my art. it would be great if you guys can allow real people to write unlimited reviews without having to purchase over 100.00.,0,39,206,0,0,0,0.8717948717948718,0,0,0.9346,1,0,1,0.0,0,1,0,5.0,0.0
dc9ead8a-ab3c-4086-9796-77dfa6123d5e,Amazon,E-commerce,Leon Dally,Unknown,1,2025-11-06 17:15:40,"absolute joke, the new age verification does not work atall.","absolute joke, the new age verification does not work atall.",1,10,60,0,0,0,1.0,0,0,0.296,1,0,1,0.0,0,1,0,1.0,0.0
89adddfc-8b5f-4f90-819a-7afa2c8a42c9,Amazon,E-commerce,hashem soltani,Unknown,3,2025-11-06 17:22:50,could be much better,could be much better,1,4,20,0,0,0,1.0,0,0,0.4404,1,0,1,0.0,0,1,0,3.0,0.0
4fdd541a-3366-48f1-aa7b-9934f16f38e9,Amazon,E-commerce,Raymond Uttley,Unknown,5,2025-11-06 17:26:46,Amazon always there when I need something,amazon always there when i need something,0,7,41,0,0,0,1.0,0,0,0.1779,1,0,1,0.0,0,1,0,5.0,0.0
bd3a1c9e-6acd-413b-a9f9-22f76d4b315f,Amazon,E-commerce,Christian Otzen,Unknown,1,2025-11-06 18:25:37,"I don't know why, but it keeps showing me the page to choose country, language and currency. It does not matter what I do choose it keeps showing again and again... and again.","i don't know why, but it keeps showing me the page to choose country, language and currency. it does not matter what i do choose it keeps showing again and again... and again.",0,33,175,0,0,0,0.7575757575757576,0,0,-0.0286,1,0,1,0.0,0,1,0,1.0,0.0
84c724d3-a292-4bb4-9b97-a522aa49002d,Amazon,E-commerce,Mohab Mohab,Unknown,1,2025-11-06 18:35:05,"I ordered alot of orders and everyone of them gets stuck on ""shipping"" or it says that it got cancelled so im never using this app again","i ordered alot of orders and everyone of them gets stuck on ""shipping"" or it says that it got cancelled so im never using this app again",1,27,136,0,0,0,0.9259259259259259,0,1,-0.4588,1,0,1,0.0,0,1,0,1.0,0.0
6b73f5dc-d6b2-4810-a897-827d49d29bdf,Amazon,E-commerce,Debbie Parker,Unknown,5,2025-11-06 18:41:43,love this app,love this app,0,3,13,0,0,0,1.0,0,1,0.6369,1,0,1,0.0,0,1,0,5.0,0.0
e1b939b3-1d29-489c-9900-5caac35dfabd,Amazon,E-commerce,John Millmine,Unknown,5,2025-11-06 19:01:13,"the best online shopping app ever, keep up the great work Amazon your amazing to work with xoxo 😘","the best online shopping app ever, keep up the great work amazon your amazing to work with xoxo 😘",0,19,97,1,0,0,0.8947368421052632,0,1,0.9666,1,0,1,0.0,0,1,0,5.0,0.0
e6b7bab8-5992-4532-89f3-4837bc57e9b6,Amazon,E-commerce,shereed c,Unknown,1,2025-11-06 20:13:01,I forget why I pay you for prime. No more 2 day delivery but they take my money ever year,i forget why i pay you for prime. no more 2 day delivery but they take my money ever year,1,20,89,0,0,0,0.95,0,0,-0.3071,1,0,1,0.0,0,1,0,1.0,0.0
294fe04f-3a6f-4023-bccf-14fe17416277,Amazon,E-commerce,Julie Lockhart,Unknown,5,2025-11-06 20:23:53,excellent xxxxxx,excellent xxxxxx,0,2,16,0,0,0,1.0,0,0,0.5719,1,0,1,0.0,0,1,0,5.0,0.0
0af90a9a-19af-46e9-83ce-ab540431eda2,Amazon,E-commerce,JD B (Debbie Jap),Unknown,5,2025-11-06 20:41:59,I feel safe and comfortable shopping at Amazon.,i feel safe and comfortable shopping at amazon.,0,8,47,0,0,0,1.0,0,0,0.7845,1,0,1,0.0,0,1,0,5.0,0.0
1403b158-f7de-4f16-87e7-39d97de89bac,Amazon,E-commerce,Sam Hall,Unknown,5,2025-11-06 20:46:35,Great way to shop online.,great way to shop online.,0,5,25,0,0,0,1.0,0,0,0.6249,1,0,1,0.0,0,1,0,5.0,0.0
b5c2b6fb-00e1-41f2-be6d-e4001f54f00a,Amazon,E-commerce,Kat,Unknown,5,2025-11-06 20:52:14,I love this app!,i love this app!,0,4,16,0,0,0,1.0,0,1,0.6696,1,0,1,0.0,0,1,0,5.0,0.0
6694ab3b-e74c-4d34-96ef-0a070856ea0a,Amazon,E-commerce,Saad Anwer,Unknown,3,2025-11-06 20:57:59,excited,excited,0,1,7,0,0,0,1.0,0,0,0.34,1,0,1,0.0,0,1,0,3.0,0.0
124ebe2a-c9bf-40ec-a668-afefbb4cf892,Amazon,E-commerce,salman khan,Unknown,5,2025-11-06 21:02:35,good service 👍,good service 👍,0,3,14,1,0,0,1.0,0,0,0.4404,1,0,1,0.0,0,1,0,5.0,0.0
902c016c-7177-4cc4-8eec-1551614cb3ef,Amazon,E-commerce,Ernest Vega,Unknown,1,2025-11-06 21:49:22,"Using AI for returns is absolutely awful. Please use the original method, I can't complete my returns at this point.","using ai for returns is absolutely awful. please use the original method, i can't complete my returns at this point.",2,20,116,0,0,1,0.95,0,0,0.1494,1,0,1,0.0,0,1,0,1.0,0.0
14178b36-2fb2-4a34-b8b1-64cb5d60a517,Amazon,E-commerce,snobear,Unknown,5,2025-11-06 21:56:42,incredibly delightful,incredibly delightful,0,2,21,0,0,0,1.0,0,0,0.624,1,0,1,0.0,0,1,0,5.0,0.0
c62c91b3-b701-4e5c-b1e0-469d45c2ef6f,Amazon,E-commerce,Ahmed Poros,Unknown,5,2025-11-06 21:59:09,good app,good app,0,2,8,0,0,0,1.0,0,1,0.4404,1,0,1,0.0,0,2,0,5.0,0.0
c0ddb3c2-d05d-4261-bc9f-283707788b2a,Amazon,E-commerce,Marvin Mazyck,Unknown,5,2025-11-06 22:00:29,I can find whatever I want for the right price. Fast delivery,i can find whatever i want for the right price. fast delivery,0,12,61,0,0,0,0.9166666666666666,0,0,0.0772,1,0,1,0.0,0,1,0,5.0,0.0
1bcb3b2d-2015-4a78-ad71-92d08a117769,Amazon,E-commerce,Ne Onxx,Unknown,1,2025-11-06 22:05:51,Me cancelan pedidos o no llegan.,me cancelan pedidos o no llegan.,0,6,32,0,0,0,1.0,0,0,-0.296,1,0,1,0.0,0,1,0,1.0,0.0
a6c14d45-89b4-4874-a477-6d4dadd8e67e,Amazon,E-commerce,Mary Cook,Unknown,5,2025-11-06 22:14:53,"I've used Amazon since it was just a bookstore. Returns are rarely needed, but always easy. The variety is awesome.","i've used amazon since it was just a bookstore. returns are rarely needed, but always easy. the variety is awesome.",0,20,115,0,0,0,1.0,0,0,0.8968,1,0,1,0.0,0,1,0,5.0,0.0
195b56f0-86ad-467e-9758-9141f2102fe7,Amazon,E-commerce,Ester Fine,Unknown,1,2025-11-06 23:09:05,"they trick you into getting prime, I must have accidentally agreed to it while checking out and the page where I cancel it won't load, how convenient...","they trick you into getting prime, i must have accidentally agreed to it while checking out and the page where i cancel it won't load, how convenient...",0,27,152,0,0,0,0.9259259259259259,0,0,-0.3612,1,0,1,0.0,0,1,0,1.0,0.0
85c8d0b7-f32c-4956-8c90-1db74e8f7c85,Amazon,E-commerce,vanessa soares,Unknown,5,2025-11-06 23:09:57,loved,loved,0,1,5,0,0,0,1.0,0,0,0.5994,1,0,1,0.0,0,1,0,5.0,0.0
8d299e00-2c1d-4d7d-93d6-2f6b687c5a00,Amazon,E-commerce,gtmustang2010ont,Unknown,5,2025-11-06 23:22:28,I absolutely love Amazon. it's so convenient there and they sell a ton of different things which is nice,i absolutely love amazon. it's so convenient there and they sell a ton of different things which is nice,0,19,104,0,0,0,1.0,0,0,0.8508,1,0,1,0.0,0,1,0,5.0,0.0
331bdcf4-27fa-4ce3-9d68-b38db802421c,Amazon,E-commerce,Kelly Metheney,Unknown,1,2025-11-06 23:34:54,it's not opening the new app for Amazon?,it's not opening the new app for amazon?,0,8,40,0,0,0,1.0,0,1,0.1779,1,0,1,0.0,0,1,0,1.0,0.0
0fd176fa-6aa9-4ac4-b008-77c6b0b5fbc9,Amazon,E-commerce,Tangela Lykins,Unknown,5,2025-11-06 23:47:07,it is the best,it is the best,0,4,14,0,0,0,1.0,0,0,0.6369,1,0,1,0.0,0,1,0,5.0,0.0
ce6521ea-5722-43b0-b516-147408406bcc,Amazon,E-commerce,Dan,Unknown,5,2025-11-07 00:50:01,Great 👍 👌,great 👍 👌,0,3,9,2,0,0,1.0,0,0,0.8816,1,0,2,1147086.0,0,1,0,3.0,2.8284271247461903
fae76f0e-ac6a-4cbb-b41d-9ddf0b716a71,Amazon,E-commerce,Chris Williams,Unknown,2,2025-11-07 01:08:44,2 stars. awesome place. customer service for Prime SUCKS! impossible to cancel,2 stars. awesome place. customer service for prime sucks! impossible to cancel,0,12,78,0,0,1,1.0,0,0,0.2244,1,0,1,0.0,0,1,0,2.0,0.0
2476ee24-a55d-4a0d-aca5-79beea1855f1,Amazon,E-commerce,Lucille Watson,Unknown,5,2025-11-07 01:13:48,great 💯,great 💯,0,2,7,1,0,0,1.0,0,0,0.6249,1,0,1,0.0,0,1,0,5.0,0.0
30743100-47c8-4c22-82c3-9f488b126649,Amazon,E-commerce,Kyle Kraft,Unknown,1,2025-11-07 01:35:29,Amazon changed something so you don't see the details when clicking on an item in the search results. the same week that Wayfair did the same thing. screw this app it wants you just to impulse buy,amazon changed something so you don't see the details when clicking on an item in the search results. the same week that wayfair did the same thing. screw this app it wants you just to impulse buy,3,37,196,0,0,0,0.8648648648648649,0,1,0.0772,1,0,1,0.0,0,1,0,1.0,0.0
3beca48c-6462-4947-a65d-b28cd96eef49,Amazon,E-commerce,Ubah Kingrooney,Unknown,5,2025-11-07 02:20:00,easy-to-use,easy-to-use,0,1,11,0,0,0,1.0,0,0,0.0,1,0,1,0.0,0,1,0,5.0,0.0
a41e033a-81e9-45c0-a4f5-9477ed5bcb57,Amazon,E-commerce,Dora m De Hoyos Jimenez,Unknown,5,2025-11-07 02:54:43,excellent. products,excellent. products,0,2,19,0,0,0,1.0,0,0,0.5719,1,0,1,0.0,0,1,0,5.0,0.0
8d74f526-05d0-48e5-b382-c95fcf0e4b96,Amazon,E-commerce,Michael Menzie,Unknown,1,2025-11-07 03:13:41,"PLEASE ADD A NATIVE DARK MODE! my eyes hurt from your app. literally ALL of your other apps have dark mode, so why not this one!?!?","please add a native dark mode! my eyes hurt from your app. literally all of your other apps have dark mode, so why not this one!?!?",0,26,131,0,0,6,0.9230769230769231,0,1,-0.5165,1,0,1,0.0,0,1,0,1.0,0.0
877ced5a-afdd-490f-b3f2-ba38aa3d8004,Amazon,E-commerce,Tiffany Jones,Unknown,5,2025-11-07 03:39:13,I am an Amazon junkie!! LOL,i am an amazon junkie!! lol,0,6,27,0,0,1,1.0,0,0,0.6229,1,0,1,0.0,0,1,0,5.0,0.0
52dcf7dc-0fb1-436f-90d2-159dca2d55ec,Amazon,E-commerce,MD Shahjahan Meah,Unknown,5,2025-11-07 04:00:53,nice 👍🤠🤠,nice 👍🤠🤠,0,2,8,3,0,0,1.0,0,0,0.4215,1,0,1,0.0,0,1,0,5.0,0.0
a48ccddf-8e11-4add-8770-4896908bf00e,Amazon,E-commerce,Christopher Koon,Unknown,5,2025-11-07 04:32:37,reliable & consistent,reliable & consistent,0,3,21,0,0,0,1.0,0,0,0.0,1,0,1,0.0,0,1,0,5.0,0.0
1f1e11ac-7e92-4903-a595-353a56803dc8,Amazon,E-commerce,Manuel,Unknown,5,2025-11-07 05:03:42,"Ottima app, davvero comoda!","ottima app, davvero comoda!",0,4,27,0,0,0,1.0,0,1,0.0,1,0,1,0.0,0,1,0,5.0,0.0
3e961d83-bd68-4511-9fff-e55f5630e299,Amazon,E-commerce,Beth Orr,Unknown,5,2025-11-07 05:25:24,"Been using it for years, makes shipping easy and portable.","been using it for years, makes shipping easy and portable.",0,10,58,0,0,0,1.0,0,0,0.4404,1,0,1,0.0,0,1,0,5.0,0.0
d5872a29-2b24-4bc1-b81a-ef41de5df1a1,Amazon,E-commerce,Adge Bell,Unknown,1,2025-11-07 05:41:01,Amazon has gone from bad to damned ridiculous. I'll never give google my credit card number. if I can't use Amazon. I'll buy better parts,amazon has gone from bad to damned ridiculous. i'll never give google my credit card number. if i can't use amazon. i'll buy better parts,0,25,137,0,0,0,0.96,0,0,-0.3855,1,0,1,0.0,0,1,0,1.0,0.0
357353d9-f7fa-430f-8bf5-e3cb6b22a76a,Amazon,E-commerce,Susan Jones,Unknown,5,2025-11-07 06:58:01,awesome service,awesome service,0,2,15,0,0,0,1.0,0,0,0.6249,1,0,1,0.0,0,1,0,5.0,0.0
b7394bb3-dbb1-457d-aa83-191828b9f0a5,Amazon,E-commerce,Debra Greenwood,Unknown,2,2025-11-07 07:22:34,It would be nice if my payment went threw as soon as I place my order so I can lock my card back,it would be nice if my payment went threw as soon as i place my order so i can lock my card back,0,23,96,0,0,0,0.8260869565217391,0,0,0.4215,1,0,1,0.0,0,1,0,2.0,0.0
470a6f1b-d540-4295-a47b-06cd2198320a,Amazon,E-commerce,emperoralex-and,Unknown,3,2025-11-07 07:37:35,"""Rating: 3 stars for good features and benefits.""","""rating: 3 stars for good features and benefits.""",0,8,49,0,0,0,1.0,0,0,0.6705,1,0,1,0.0,0,1,0,3.0,0.0
040699af-7d5e-4ffd-81ff-77d4362eb5b1,Amazon,E-commerce,naim alpay,Unknown,1,2025-11-07 08:00:09,not happy with return item arrived damaged... 2 times i have created return but driver marked as attempted to collect return but never rang the bell or nock okn the door.,not happy with return item arrived damaged... 2 times i have created return but driver marked as attempted to collect return but never rang the bell or nock okn the door.,0,31,170,0,0,0,0.8709677419354839,0,1,-0.3504,1,0,1,0.0,0,1,0,1.0,0.0
7d9ccb5a-bc98-49b0-9e74-d575801c611b,Amazon,E-commerce,Krisztián Tamás,Unknown,3,2025-11-07 08:26:25,Would be a really nice app except for the search functionality. The lack of filtering options and the fact that it ignores half of the stuff I write into the search bar is a joke.,would be a really nice app except for the search functionality. the lack of filtering options and the fact that it ignores half of the stuff i write into the search bar is a joke.,0,35,179,0,0,0,0.8,0,1,0.2247,1,0,1,0.0,0,1,0,3.0,0.0
6edde258-45b0-492d-8135-433b2ba7c2d8,Amazon,E-commerce,cvd001,Unknown,1,2025-11-07 10:49:41,Age verification which doesn't work. Great job small indie corporation.,age verification which doesn't work. great job small indie corporation.,0,10,71,0,0,0,1.0,0,0,-0.5096,1,0,1,0.0,0,1,0,1.0,0.0
5e7f2c2b-c92d-4a69-9fed-3b82bb5675e1,Amazon,E-commerce,Good Day,Unknown,1,2025-11-07 11:26:13,Still can't see sizes in shopping cart or when trying to return. Can't print return QR code anymore. No longer efficient.,still can't see sizes in shopping cart or when trying to return. can't print return qr code anymore. no longer efficient.,11,21,121,0,0,1,0.9523809523809523,0,0,-0.5472,1,0,1,0.0,0,1,0,1.0,0.0
2106def7-efb3-4612-83c8-6659dca90919,Amazon,E-commerce,Melissa,Unknown,1,2025-11-07 11:42:52,"I can no longer simply view the photo gallery of reviews for products. Please bring back a simple ""View All"" link, as there was before.","i can no longer simply view the photo gallery of reviews for products. please bring back a simple ""view all"" link, as there was before.",1,25,135,0,0,0,1.0,1,0,0.0258,1,0,1,0.0,0,1,0,1.0,0.0
8ec93154-9394-4f60-8c8c-1d3cc5ae56b0,Amazon,E-commerce,Dheshni Moodley,Unknown,5,2025-11-07 12:21:28,Best shopping experience. Fast delivery. Amazing customer care. Great prices.,best shopping experience. fast delivery. amazing customer care. great prices.,0,10,77,0,0,0,1.0,0,0,0.946,1,0,1,0.0,0,1,0,5.0,0.0
5203e748-45e3-45e5-bba8-cb38e3669c9a,Amazon,E-commerce,Fron Mavriqi,Unknown,1,2025-11-07 13:09:06,THIS AMAZON IS TRASH I GOT SCAMMED I ORDERD A MONITOR AND IT CANE OUT AND IT WAS USED WITH SCRATCHES,this amazon is trash i got scammed i orderd a monitor and it cane out and it was used with scratches,0,21,100,0,0,18,0.8571428571428571,0,0,0.1779,1,0,1,0.0,0,1,0,1.0,0.0
e609fdbf-92c7-4a93-87f6-46ff4538ea4f,Amazon,E-commerce,Tiffany Depp,Unknown,5,2025-11-07 13:15:35,Loved it,loved it,0,2,8,0,0,0,1.0,0,0,0.5994,1,0,1,0.0,0,1,0,5.0,0.0
2d2fa673-bfec-401e-921f-6739d35ccfd6,Amazon,E-commerce,Amy Hudalla,Unknown,5,2025-11-07 13:18:54,"we love amazon. great prices , wonderful customer service.","we love amazon. great prices , wonderful customer service.",0,9,58,0,0,0,1.0,0,0,0.9287,1,0,1,0.0,0,1,0,5.0,0.0
df2ee3ea-9c0d-4138-9dac-ecf9201f2325,Amazon,E-commerce,Ariel Wepener,Unknown,1,2025-11-07 14:06:08,Worst online shopping experience. Ordered 3 items got 2 out of the 3 items incorrect. Will not use this service again!,worst online shopping experience. ordered 3 items got 2 out of the 3 items incorrect. will not use this service again!,0,21,118,0,0,0,0.9047619047619048,0,0,-0.6588,1,0,1,0.0,0,1,0,1.0,0.0
8ad9f4c4-8ed8-4fe2-84dd-1af6b6bb2dab,Amazon,E-commerce,Darryl Clarke,Unknown,5,2025-11-07 14:21:30,simple and secure 😌,simple and secure 😌,0,4,19,1,0,0,1.0,0,0,0.6124,1,0,1,0.0,0,1,0,5.0,0.0
25ec30a7-de73-4162-81da-5a231c1b17d7,Amazon,E-commerce,Chunk Trogdon,Unknown,5,2025-11-07 14:21:30,best online shopping loveit,best online shopping loveit,0,4,27,0,0,0,1.0,0,0,0.6369,1,0,1,0.0,0,1,0,5.0,0.0
965c4785-7cbe-417a-a3c1-22dfb39aa1d0,Amazon,E-commerce,El T BLANCO,Unknown,4,2025-11-07 15:34:26,"quick, fast , and knowledgeable. I had to send an expired product back, and it was so simple.","quick, fast , and knowledgeable. i had to send an expired product back, and it was so simple.",0,18,93,0,0,0,0.9444444444444444,0,0,0.0,1,0,1,0.0,0,1,0,4.0,0.0
88bc0405-4211-4304-9bfb-002ced923df6,Amazon,E-commerce,Janise Amis,Unknown,4,2025-11-07 17:21:28,it's ok but I wish it would alert me with a notification sound.,it's ok but i wish it would alert me with a notification sound.,0,13,63,0,0,0,1.0,0,0,0.7876,1,0,1,0.0,0,1,0,4.0,0.0
c40ff8ac-b8db-417c-9fa5-e8c85e955abd,Amazon,E-commerce,Andrew Girard,Unknown,2,2025-11-07 18:00:52,nice because I can find almost anything I need but it's just getting too expensive.,nice because i can find almost anything i need but it's just getting too expensive.,0,15,83,0,0,0,0.9333333333333333,0,0,0.2263,1,0,1,0.0,0,1,0,2.0,0.0
e60f1caf-3e34-4047-9244-ecde95505308,Amazon,E-commerce,Dat Tran,Unknown,2,2025-11-07 19:16:34,lately the app won't load more than the first 2 pictures of any item listing. stupid.,lately the app won't load more than the first 2 pictures of any item listing. stupid.,1,16,85,0,0,0,0.9375,0,1,-0.5267,1,0,1,0.0,0,1,0,2.0,0.0
e6daa94a-8f1c-490f-9b52-d56a0e714181,Amazon,E-commerce,A K,Unknown,1,2025-11-07 20:00:51,This app has been lagging all day . smh.,this app has been lagging all day . smh.,0,9,40,0,0,0,1.0,0,1,-0.5267,1,0,1,0.0,0,1,0,1.0,0.0
07f7bdb4-df05-4bba-80e8-f46ef2cda682,Amazon,E-commerce,Genevieve Kessler,Unknown,1,2025-11-07 21:01:42,the new update is the worst. i cant add anything to a list and the pop up when you click on a listing is not useful and its much more difficult to see and use.,the new update is the worst. i cant add anything to a list and the pop up when you click on a listing is not useful and its much more difficult to see and use.,1,35,159,0,0,0,0.8,0,0,-0.8519,1,0,1,0.0,0,1,0,1.0,0.0
9d1d00d3-485c-4c33-bf14-d8842a2306ad,Amazon,E-commerce,Dwayne James,Unknown,3,2025-11-07 21:14:25,Please bring back same day delivery,please bring back same day delivery,6,6,35,0,0,0,1.0,0,0,0.3182,1,0,1,0.0,0,1,0,3.0,0.0
1c664761-e6ca-46a0-b462-6fe9b99fc3fb,Amazon,E-commerce,Tyler Robbins,Unknown,1,2025-11-07 21:34:52,Getting more and more unresponsive over time and very slow. I have to force quit the app to get it to behave as expected pretty often.,getting more and more unresponsive over time and very slow. i have to force quit the app to get it to behave as expected pretty often.,0,26,134,0,0,0,0.8461538461538461,0,1,0.4939,1,0,1,0.0,0,1,0,1.0,0.0
1c8df8e4-429e-49bd-9b0a-fba237dc5e2f,Amazon,E-commerce,Ken Cook,Unknown,4,2025-11-07 21:59:52,Enjoy shopping on amazon.ca. appreciate the reviews to help in decision making,enjoy shopping on amazon.ca. appreciate the reviews to help in decision making,0,12,78,0,0,0,1.0,0,1,0.8225,1,0,1,0.0,0,1,0,4.0,0.0
12695e4e-9822-4fc4-8c49-cc3f7e33285b,Amazon,E-commerce,BVYCMobile,Unknown,1,2025-11-07 22:04:41,won't stay deleted.,won't stay deleted.,0,3,19,0,0,0,1.0,0,0,0.0,1,0,1,0.0,0,1,0,1.0,0.0
938f9f7c-ea12-4aff-8cad-aaadfcfcd90e,Amazon,E-commerce,smarty me,Unknown,1,2025-11-07 22:37:34,I don't think you'll be able to compete with Noon anytime soon. they better in everything especially in terms of prices and variety,i don't think you'll be able to compete with noon anytime soon. they better in everything especially in terms of prices and variety,0,23,131,0,0,0,0.9565217391304348,0,0,0.4404,1,0,1,0.0,0,1,0,1.0,0.0
04c868c3-fe53-4d77-8181-32e3817ce2da,Amazon,E-commerce,D S,Unknown,1,2025-11-07 22:51:00,"let me take a screenshot with shoving a ""share link"" in my face. If I wanted to share a link, I would share a link.","let me take a screenshot with shoving a ""share link"" in my face. if i wanted to share a link, i would share a link.",0,25,115,0,0,0,0.8,1,0,0.6808,1,0,1,0.0,0,1,1,1.0,0.0
8d5bcefc-83fc-426b-ad00-6348b1d06d76,Amazon,E-commerce,Daniel Howell,Unknown,5,2025-11-08 00:09:11,found what I wanted easy and fast delivery,found what i wanted easy and fast delivery,0,8,42,0,0,0,1.0,0,0,0.4404,1,0,1,0.0,0,1,0,5.0,0.0
d65f8c32-08a8-4723-9956-3d8ab3fefd2d,Amazon,E-commerce,Ken Lesniowski,Unknown,4,2025-11-08 00:44:06,"Easy to navigate and super-fast shipping. Oh, as long as you're willing to pay the $14.99 + taxes each month...","easy to navigate and super-fast shipping. oh, as long as you're willing to pay the $14.99 + taxes each month...",0,20,111,0,0,0,0.9,0,0,0.3612,1,0,1,0.0,0,1,0,4.0,0.0
369a5c50-2751-4224-a00e-2c6181ff63c4,Amazon,E-commerce,Joseph Herron,Unknown,5,2025-11-08 00:50:43,"wheeeee, love this app.","wheeeee, love this app.",0,4,23,0,0,0,1.0,0,1,0.6369,1,0,1,0.0,0,1,0,5.0,0.0
ac3d5b92-f20c-4569-8865-30e1c3707612,Amazon,E-commerce,Keishia Moyer,Unknown,5,2025-11-08 00:52:55,I Love my Amazon,i love my amazon,0,4,16,0,0,0,1.0,0,0,0.7096,1,0,1,0.0,0,1,0,5.0,0.0
5c7c2439-d40e-44f4-8a3c-f5815f918d66,Amazon,E-commerce,O Somera,Unknown,1,2025-11-08 01:45:31,won't resend code,won't resend code,0,3,17,0,0,0,1.0,0,0,0.0,1,0,1,0.0,0,1,0,1.0,0.0
3dd1da71-d4fb-41e6-9eed-15eb4307ea0d,Amazon,E-commerce,Liz Miller,Unknown,1,2025-11-08 01:49:09,This last update is horrible. Now you have to double click on something just to view it.,this last update is horrible. now you have to double click on something just to view it.,2,17,88,0,0,0,0.9411764705882353,0,0,-0.5423,1,0,1,0.0,0,1,0,1.0,0.0
afeb4d0e-4e89-494f-8f75-b3cd9369371b,Amazon,E-commerce,Alden Padilla,Unknown,1,2025-11-08 02:16:59,because I can't create another account!!!,because i can't create another account!!!,0,6,41,0,0,0,1.0,0,0,-0.3999,1,0,1,0.0,0,1,0,1.0,0.0
dad656ad-56be-47d8-b179-3d1257cdc986,Amazon,E-commerce,Steven Pfeifer,Unknown,5,2025-11-08 02:19:07,Great,great,0,1,5,0,0,0,1.0,0,0,0.6249,1,0,1,0.0,0,4,0,5.0,0.0
3b01febf-dd22-429d-b0cf-33350af638ef,Amazon,E-commerce,Chola Rettinghaus,Unknown,2,2025-11-08 02:27:47,rarely use.,rarely use.,0,2,11,0,0,0,1.0,0,0,0.0,1,0,1,0.0,0,1,0,2.0,0.0
47545e2a-4160-4862-8d07-f3caa96d1a82,Amazon,E-commerce,Evangelion Deguelle,Unknown,3,2025-11-08 02:28:27,don't offer AfterPay if someone isn't eligible,don't offer afterpay if someone isn't eligible,0,7,46,0,0,0,1.0,1,0,0.0,1,0,1,0.0,0,1,0,3.0,0.0
0ba985ab-f1c0-4878-a8e4-dfa9e6e25926,Amazon,E-commerce,Annette Davey,Unknown,5,2025-11-08 02:48:45,Get what I want and awesome return policy. Easy to use.,get what i want and awesome return policy. easy to use.,0,11,55,0,0,0,1.0,0,0,0.8074,1,0,1,0.0,0,1,0,5.0,0.0
9fb1f53f-3735-4764-b32c-fd2a1c632926,Amazon,E-commerce,Lilia Nunez,Unknown,5,2025-11-08 03:07:14,shopping at it's best,shopping at it's best,0,4,21,0,0,0,1.0,0,0,0.6369,1,0,1,0.0,0,1,0,5.0,0.0
ab996e1a-0ea9-4592-abb4-68dd95e4c0c5,Amazon,E-commerce,Jen,Unknown,1,2025-11-08 03:22:53,i hope whoever redesigned the app to open a preview of the item instead of the full item page stubs their toe. it takes forever to load and interrupts my shopping more than anything.,i hope whoever redesigned the app to open a preview of the item instead of the full item page stubs their toe. it takes forever to load and interrupts my shopping more than anything.,5,34,182,0,0,0,0.8529411764705882,0,1,0.1531,1,0,1,0.0,0,1,0,1.0,0.0
cc731ea8-4179-4bae-953e-4cb6670433a5,Amazon,E-commerce,Cathy Groover,Unknown,5,2025-11-08 03:53:49,Absolutely love shopping on Amazon! Competitive pricing and multiple options. Very convenient and can't beat the free shipping with prime!,absolutely love shopping on amazon! competitive pricing and multiple options. very convenient and can't beat the free shipping with prime!,0,20,138,0,0,0,0.95,1,0,0.698,1,0,1,0.0,0,1,0,5.0,0.0
4336e09a-81dd-4ff2-b181-0b44efcb1606,Amazon,E-commerce,Melissa McGowan,Unknown,1,2025-11-08 04:09:34,why dose the app rub slow and keep crashing? answer me that please,why dose the app rub slow and keep crashing? answer me that please,0,13,66,0,0,0,1.0,0,1,0.3182,1,0,1,0.0,0,1,0,1.0,0.0
56652407-24eb-4bfc-a6ae-e781809100c3,Amazon,E-commerce,Haerin Kang haerin,Unknown,3,2025-11-08 04:22:37,I tried to sign in and it didn't work because there's literally no security code sent to my number. Overall rating would be 5/5 IF I got my security code.,i tried to sign in and it didn't work because there's literally no security code sent to my number. overall rating would be 5/5 if i got my security code.,0,30,154,0,0,1,0.8666666666666667,0,0,0.169,1,0,1,0.0,0,1,0,3.0,0.0
5f308109-1804-41f0-84a5-85a5223c8d69,Amazon,E-commerce,ronie berjuega,Unknown,5,2025-11-08 04:36:53,graet,graet,0,1,5,0,0,0,1.0,0,0,0.0,1,0,1,0.0,0,1,0,5.0,0.0
845e7158-1111-47ce-abd4-890eb05d2c96,Amazon,E-commerce,Rokaia gamal,Unknown,5,2025-11-08 05:21:36,great great discounts,great great discounts,0,3,21,0,0,0,0.6666666666666666,1,0,0.8481,1,0,1,0.0,0,1,0,5.0,0.0
38432b9e-42a0-459a-ba22-525cd73abd6f,Amazon,E-commerce,Richard CG,Unknown,3,2025-11-08 05:21:38,Muy lenta,muy lenta,0,2,9,0,0,0,1.0,0,0,0.0,1,0,1,0.0,0,1,0,3.0,0.0
99cb4fbc-bd77-4570-abff-609b7fabc8fa,Amazon,E-commerce,Marci Boltz (HumbledBae),Unknown,3,2025-11-08 05:51:59,Waiting to see how long it will take before my 📦 arrive,waiting to see how long it will take before my 📦 arrive,0,12,55,1,0,0,1.0,0,0,0.0,1,0,1,0.0,0,1,0,3.0,0.0
3d0c4a2b-a839-4494-958e-161db598d27c,Amazon,E-commerce,Trang Duong,Unknown,5,2025-11-08 06:24:29,good 👍,good 👍,0,2,6,1,0,0,1.0,0,0,0.4404,1,0,1,0.0,0,2,0,5.0,0.0
f6802c4e-b44d-4d9f-ac2b-e14f87033315,Amazon,E-commerce,cosmic girl,Unknown,1,2025-11-08 06:30:57,Es un asco! intenté cambiar mi servicio de música por el de ustedes pero no se puede y ahora tampoco me dejaron hacer una transacción desde mi cuenta de prime en la tv y suspendieron mi cuenta.,es un asco! intenté cambiar mi servicio de música por el de ustedes pero no se puede y ahora tampoco me dejaron hacer una transacción desde mi cuenta de prime en la tv y suspendieron mi cuenta.,0,37,193,0,0,0,0.8648648648648649,0,0,-0.3595,1,0,1,0.0,0,1,0,1.0,0.0
ce5498e9-c04e-4184-8d97-9b3bf729fa58,Amazon,E-commerce,Esther Fong,Unknown,1,2025-11-08 06:42:39,terrible customers evict didn't give me my money back i want a refund they broke one of my glass screen protectors won't recommend ordering from Amazon they give money back or take responsibility for stuff they break disappointed in them,terrible customers evict didn't give me my money back i want a refund they broke one of my glass screen protectors won't recommend ordering from amazon they give money back or take responsibility for stuff they break disappointed in them,0,40,237,0,0,0,0.85,0,1,-0.8446,1,0,1,0.0,0,1,0,1.0,0.0
75c7d0e0-df64-48c6-9c84-43ccbd102fff,Amazon,E-commerce,Kerry Thomas Sr,Unknown,2,2025-11-08 07:06:58,I've been trying to order the same product for the last 3 months can't get anywhere,i've been trying to order the same product for the last 3 months can't get anywhere,0,16,83,0,0,0,0.9375,0,0,0.0,1,0,1,0.0,0,1,0,2.0,0.0
0f64753b-8ebe-49f7-bd2f-410e58b2d23e,Amazon,E-commerce,Modise Mogadi,Unknown,5,2025-11-08 08:45:21,10/10❤️. Good service,10/10❤️. good service,0,3,21,0,0,0,1.0,0,0,0.4404,1,0,1,0.0,0,1,0,5.0,0.0
b5e5e2f1-d620-452f-8516-cab4882fcfdf,Amazon,E-commerce,Jeto's Karaoke Tribe,Unknown,1,2025-11-08 08:50:58,cant even Sign up for it. I'm new to this app is that what makes me Unusual activity?,cant even sign up for it. i'm new to this app is that what makes me unusual activity?,0,18,85,0,0,0,1.0,0,1,0.0,1,0,1,0.0,0,1,0,1.0,0.0
7a0b4908-5bde-40e6-b9db-98234b641315,Amazon,E-commerce,terry stevenson,Unknown,5,2025-11-08 10:07:35,so easy shopping with Amazon. no queues and quick delivery. Amazon locker in local store is terrific. also haggle free refund when required. customer service returning call is 1st class,so easy shopping with amazon. no queues and quick delivery. amazon locker in local store is terrific. also haggle free refund when required. customer service returning call is 1st class,1,30,185,0,0,0,0.9666666666666667,1,0,0.8687,1,0,1,0.0,0,1,0,5.0,0.0
c0791e18-755c-4617-9b4e-786c87fda952,Amazon,E-commerce,Brian Blackhurst,Unknown,5,2025-11-08 10:16:16,"NEVER., HAD.A.Prom BLE","never., had.a.prom ble",1,3,22,0,0,2,1.0,0,0,0.0,1,0,1,0.0,0,1,0,5.0,0.0
acab7e97-d4d7-4caa-998c-2e26e5a1b65a,Amazon,E-commerce,Amin Amer,Unknown,5,2025-11-08 10:17:33,"Great marketplace, real value added.","great marketplace, real value added.",1,5,36,0,0,0,1.0,0,0,0.7579,1,0,1,0.0,0,1,0,5.0,0.0
7b7540e6-e149-4943-a14b-0f9213e4a9fc,Amazon,E-commerce,Martin Breslin,Unknown,1,2025-11-08 10:47:26,Searches take me to the products Amazon makes most money on,searches take me to the products amazon makes most money on,1,11,59,0,0,0,1.0,0,0,0.1779,1,0,1,0.0,0,1,0,1.0,0.0
9524190b-600d-4180-a73e-8bfa88f00890,Amazon,E-commerce,Maged Mohsen,Unknown,1,2025-11-08 12:28:45,الطلبات معظمها بيجى غلط...والمندوبين قمه فى قله الذوق..... وخدمه العملاء اللى كانت زمان محترفة اصبحت اسوأ حاجه,الطلبات معظمها بيجى غلط...والمندوبين قمه فى قله الذوق..... وخدمه العملاء اللى كانت زمان محترفة اصبحت اسوأ حاجه,0,17,110,0,0,0,1.0,0,0,0.0,1,0,1,0.0,0,1,0,1.0,0.0
30461b9a-8d5f-4d59-a904-7f9d82b01c2f,Amazon,E-commerce,Robert Koch,Unknown,5,2025-11-08 12:29:54,wonderful,wonderful,0,1,9,0,0,0,1.0,0,0,0.5719,1,0,1,0.0,0,1,0,5.0,0.0
a185f234-0339-4ce0-9525-625b28cbed11,Amazon,E-commerce,Tionne Mcclendon,Unknown,5,2025-11-08 12:41:30,"great service, great products love it","great service, great products love it",0,6,37,0,0,0,0.8333333333333334,0,0,0.9246,1,0,1,0.0,0,1,0,5.0,0.0
aecf420a-bf0f-45ef-aeac-97e194a640dc,Amazon,E-commerce,David,Unknown,5,2025-11-08 13:58:35,can't get in,can't get in,0,3,12,0,0,0,1.0,0,0,0.0,1,0,4,703994.0,0,1,0,3.0,2.309401076758503
7d1cdc30-6687-4488-a81c-19a571501c67,Amazon,E-commerce,noe wan,Unknown,5,2025-11-08 14:02:11,solid company and always helpful,solid company and always helpful,0,5,32,0,0,0,1.0,0,0,0.5267,1,0,1,0.0,0,1,0,5.0,0.0
c40d3f4d-7107-405a-9cc6-f5b66000773c,Amazon,E-commerce,Andre White,Unknown,5,2025-11-08 14:26:42,Awesome👍,awesome👍,0,1,8,1,0,0,1.0,0,0,0.6249,1,0,1,0.0,0,1,0,5.0,0.0
8df40cfa-15dc-4142-ae1e-f407d61d97dd,Amazon,E-commerce,Ricardo Azofeifa Cordero,Unknown,5,2025-11-08 14:37:06,super,super,0,1,5,0,0,0,1.0,0,0,0.5994,1,0,1,0.0,0,1,0,5.0,0.0
29e76dcb-8011-4687-8fe9-a8a43233a0ea,Amazon,E-commerce,Brandon Curry,Unknown,1,2025-11-08 15:56:22,They're getting worse,they're getting worse,0,3,21,0,0,0,1.0,0,0,-0.4767,1,0,1,0.0,0,1,0,1.0,0.0
40420d3c-6264-436a-b911-8c657866671c,Amazon,E-commerce,Bob Doley,Unknown,5,2025-11-08 16:24:34,GREAT SERVICE,great service,0,2,13,0,0,2,1.0,0,0,0.6249,1,0,1,0.0,0,2,0,5.0,0.0
9c3970ce-9f9a-43e8-80e4-034b9240e140,Amazon,E-commerce,J M,Unknown,1,2025-11-08 16:34:09,amazon is the worst!!! if you pay for overnight shipping dont count on it!! pakages are always late! drivers are super rude! idk how they got soo big.stop advertizing overnight delivery if you cant commit!! you cant hack it!!,amazon is the worst!!! if you pay for overnight shipping dont count on it!! pakages are always late! drivers are super rude! idk how they got soo big.stop advertizing overnight delivery if you cant commit!! you cant hack it!!,0,39,225,0,0,0,0.8205128205128205,0,0,-0.7473,1,0,2,836381.0,0,1,0,1.5,0.7071067811865476
dcf725b2-49e4-48af-8f87-643b242e33b4,Amazon,E-commerce,Valkyrie Em,Unknown,2,2025-11-08 16:37:13,new update broke my ability to shop the haul section. I lost so many Yule gifts. I'm furious!,new update broke my ability to shop the haul section. i lost so many yule gifts. i'm furious!,0,18,93,0,0,0,1.0,0,0,-0.7777,1,0,1,0.0,0,1,0,2.0,0.0
a6e6413a-ff3d-40e7-8e40-c4665bad17b0,Amazon,E-commerce,Tha Libra King,Unknown,2,2025-11-08 16:46:45,used to be my #1 I rated at 5 stars but now u get 2 stars bcuz my deliveries are late or don't come at all😢,used to be my #1 i rated at 5 stars but now u get 2 stars bcuz my deliveries are late or don't come at all😢,0,26,107,1,0,0,0.8846153846153846,0,0,-0.631,1,0,1,0.0,0,1,0,2.0,0.0
39035251-bf68-4592-8c14-d2fb75be899a,Amazon,E-commerce,M N,Unknown,2,2025-11-08 16:55:44,don't open,don't open,0,2,10,0,0,0,1.0,0,0,0.0,1,0,1,0.0,0,1,0,2.0,0.0
43110483-decd-4ef6-a79d-c306d1bfe86f,Amazon,E-commerce,Norm Harding,Unknown,3,2025-11-08 17:20:20,feeling issue currently I have is that when you go to check on your orders the menu is changed periodically. makes it difficult at times to actually check on what orders coming and when.,feeling issue currently i have is that when you go to check on your orders the menu is changed periodically. makes it difficult at times to actually check on what orders coming and when.,0,34,186,0,0,0,0.8529411764705882,0,0,-0.25,1,0,1,0.0,0,1,0,3.0,0.0
3ddf22b1-b7e0-4c38-8bcb-1dfc320df316,Amazon,E-commerce,Ram Stanger,Unknown,1,2025-11-08 17:29:33,Amazon is impossible to get a hold of customer service,amazon is impossible to get a hold of customer service,2,10,54,0,0,0,1.0,0,0,0.1779,1,0,1,0.0,0,1,0,1.0,0.0
2f82cea5-1c80-407b-9636-bf0c9efbb1ac,Amazon,E-commerce,Ambreen Nasir,Unknown,5,2025-11-08 17:39:00,nice app,nice app,0,2,8,0,0,0,1.0,0,1,0.4215,1,0,1,0.0,0,1,0,5.0,0.0
a0d28ac7-bda6-4fc3-a95d-43146a881d84,Amazon,E-commerce,Aŋoŋƴɱoʋs Rʌjʌ (Zᴜʙɪɪ),Unknown,5,2025-11-08 17:53:16,Aᴍᴀᴢɪɴɢ Aᴘᴘ Aɴᴅ Vᴇʀʏ Nɪᴄᴇ 🙃,aᴍᴀᴢɪɴɢ aᴘᴘ aɴᴅ vᴇʀʏ nɪᴄᴇ 🙃,0,6,27,1,0,0,1.0,0,0,0.0,1,0,1,0.0,0,1,0,5.0,0.0
64862e2d-cbde-436c-a3eb-8fa3be48de43,Amazon,E-commerce,Janifer Reyes-Antonio (Jan),Unknown,5,2025-11-08 17:54:26,I love the deals and it very convenient I don't have drive anywhere,i love the deals and it very convenient i don't have drive anywhere,0,13,67,0,0,0,0.9230769230769231,1,0,0.6369,1,0,1,0.0,0,1,0,5.0,0.0
cc001202-5b7d-4834-a1c7-0216c653ff42,Amazon,E-commerce,Fritz,Unknown,5,2025-11-08 17:56:54,always great experience,always great experience,0,3,23,0,0,0,1.0,0,0,0.6249,1,0,1,0.0,0,1,0,5.0,0.0
a45c0eb0-41ea-44ca-b212-629b8749c832,Amazon,E-commerce,Renae Tumblin,Unknown,5,2025-11-08 17:59:34,I love this app,i love this app,0,4,15,0,0,0,1.0,0,1,0.6369,1,0,1,0.0,0,1,0,5.0,0.0
e5f7b193-444e-4157-b936-de9bbe04a82f,Amazon,E-commerce,Paul Bates,Unknown,5,2025-11-08 17:59:56,do all my shopping I like your deals in products the recommended site for all my shopping,do all my shopping i like your deals in products the recommended site for all my shopping,0,17,89,0,0,0,0.8235294117647058,1,0,0.5106,1,0,1,0.0,0,1,0,5.0,0.0
8fa42d14-58fb-43cc-a634-09926278ec9f,Amazon,E-commerce,Betsy Sepulveda,Unknown,1,2025-11-08 18:13:23,doesn't give money back,doesn't give money back,0,4,23,0,0,0,1.0,0,0,0.0,1,0,1,0.0,0,1,0,1.0,0.0
3f12b1f4-f577-402f-bce6-fd2c6607fb9b,Amazon,E-commerce,Brett Norman,Unknown,1,2025-11-08 18:19:11,"This app gives you sponsored listings, ads, and Rufus. Not much more. Better off shopping elsewhere.","this app gives you sponsored listings, ads, and rufus. not much more. better off shopping elsewhere.",0,16,100,0,0,0,1.0,0,1,-0.3865,1,0,1,0.0,0,1,0,1.0,0.0
40957486-a5a6-476a-b8c6-523d54517dbb,Amazon,E-commerce,Becca Jade,Unknown,1,2025-11-08 18:59:41,PLEASE PLEASE DONT USE! I am getting a lawyer! They dont do anything when another account uses your stolen card! Here is free delivery but we will charge you shipping instead for cheaply made bs,please please dont use! i am getting a lawyer! they dont do anything when another account uses your stolen card! here is free delivery but we will charge you shipping instead for cheaply made bs,0,35,194,0,0,4,0.9428571428571428,1,0,0.4983,1,0,1,0.0,0,1,0,1.0,0.0
8d25169a-02c8-425b-96e7-1e248758c361,Amazon,E-commerce,Arman jirayr,Unknown,5,2025-11-08 19:06:28,great,great,0,1,5,0,0,0,1.0,0,0,0.6249,1,0,1,0.0,0,4,0,5.0,0.0
bff92c1b-e9fb-440a-be63-3c1f78d2cefd,Amazon,E-commerce,Steven Kiehl,Unknown,1,2025-11-08 19:39:55,"App constantly crashes to the point of being unusable. Ive re-installed it with no success. I give up, going back to web.","app constantly crashes to the point of being unusable. ive re-installed it with no success. i give up, going back to web.",3,22,121,0,0,0,0.9545454545454546,1,1,-0.4585,1,0,1,0.0,0,1,0,1.0,0.0
36e6cd0a-e40b-4c8d-ba47-0e32d0525e76,Amazon,E-commerce,Maksym Marinovskyi,Unknown,2,2025-11-08 19:54:34,"1. Registration is frustrating. 2. Why when I look for Asus Rog Screen - I see 80% other brand's screens? 3. Why can't I see goods, for example priced from 0 to 100, but only through from 1400 and up...?","1. registration is frustrating. 2. why when i look for asus rog screen - i see 80% other brand's screens? 3. why can't i see goods, for example priced from 0 to 100, but only through from 1400 and up...?",0,40,203,0,0,0,0.85,0,0,-0.3204,1,0,1,0.0,0,1,0,2.0,0.0
65de1513-a326-49d5-96c6-dd27319cbcc3,Amazon,E-commerce,Potato1212 1,Unknown,1,2025-11-08 20:14:48,"False advertisement is illegal, unless you're a big corporation in america🤣🤣","false advertisement is illegal, unless you're a big corporation in america🤣🤣",0,11,76,2,0,0,1.0,0,0,0.4215,1,0,1,0.0,0,1,0,1.0,0.0
41316348-f102-4d61-9092-c0123a72f0e5,Amazon,E-commerce,Willow Bean,Unknown,2,2025-11-08 20:34:04,after the update this week my entire Amazon cart was deleted I had Christmas presents saved on their did you get my family this sucks go back to the old 😡,after the update this week my entire amazon cart was deleted i had christmas presents saved on their did you get my family this sucks go back to the old 😡,0,31,154,1,0,0,0.9032258064516129,0,0,0.1593,1,0,1,0.0,0,1,0,2.0,0.0
24bb4606-61f7-4ec8-a620-2cbcf7fa0bcd,Amazon,E-commerce,Brian Mosby,Unknown,5,2025-11-08 20:52:14,Amazing. Knows what I like. Maybe can find me a wife?,amazing. knows what i like. maybe can find me a wife?,0,11,53,0,0,0,1.0,0,0,0.743,1,0,1,0.0,0,1,0,5.0,0.0
54e4b649-7b8f-48a8-8e5a-294296d8300f,Amazon,E-commerce,Hrt Hrt,Unknown,1,2025-11-08 21:04:16,scamazon pay full price for items. all they send you is taped up of boxes of garbage zero customer service a to z guarantee is a absolute lie,scamazon pay full price for items. all they send you is taped up of boxes of garbage zero customer service a to z guarantee is a absolute lie,3,28,141,0,0,0,0.8928571428571429,0,0,0.1531,1,0,1,0.0,0,1,0,1.0,0.0
f53be49e-4caf-4b68-a158-f17002defbd4,Amazon,E-commerce,Judith Hays,Unknown,1,2025-11-08 21:06:53,"BAD, as usual","bad, as usual",0,3,13,0,0,1,1.0,0,0,-0.5423,1,0,1,0.0,0,1,0,1.0,0.0
35fdf0e1-88fe-48e6-956e-1b67ccceeb32,Amazon,E-commerce,Abdi Hamiid,Unknown,5,2025-11-08 22:11:53,Absolutely amazing,absolutely amazing,0,2,18,0,0,0,1.0,0,0,0.624,1,0,1,0.0,0,1,0,5.0,0.0
47f36741-ffc9-444f-9226-19088569b6ca,Amazon,E-commerce,jon M,Unknown,1,2025-11-08 22:42:01,One star. Can't even do basic function of clearing purchase history without deleting account.,one star. can't even do basic function of clearing purchase history without deleting account.,0,14,93,0,0,0,1.0,0,0,0.0,1,0,1,0.0,0,1,0,1.0,0.0
ee91c1d7-6d69-4593-bdbf-25ad61b701de,Amazon,E-commerce,Mekhi Middlebrooks,Unknown,1,2025-11-08 22:49:39,Your behavior is unlawful and I have to ticket you for them,your behavior is unlawful and i have to ticket you for them,3,12,59,0,0,0,1.0,0,0,0.0,1,0,1,0.0,0,1,0,1.0,0.0
bf5d64cb-2beb-4a51-bab0-c3d64f9ff686,Amazon,E-commerce,Stormbreaker Joe,Unknown,5,2025-11-08 23:24:15,great for everything i need and get all my items next day.,great for everything i need and get all my items next day.,0,12,58,0,0,0,1.0,0,0,0.6249,1,0,1,0.0,0,1,0,5.0,0.0
0fdc107d-f0b0-4582-a139-f819828d286f,Amazon,E-commerce,Cory Picard,Unknown,5,2025-11-08 23:32:39,cool way to shop,cool way to shop,0,4,16,0,0,0,1.0,0,0,0.3182,1,0,1,0.0,0,1,0,5.0,0.0
e7a84bcb-2482-4f8b-beb6-a363c6b9b86b,Amazon,E-commerce,Eugene Romero,Unknown,1,2025-11-08 23:38:48,terrible app. Can't get to shopping,terrible app. can't get to shopping,0,6,35,0,0,0,1.0,0,1,-0.4767,1,0,1,0.0,0,1,0,1.0,0.0
945b91a3-df5e-4b12-9ae2-133156e360eb,Amazon,E-commerce,Paul Redgwell,Unknown,5,2025-11-09 00:17:13,"selection available, price and ease, all good.","selection available, price and ease, all good.",0,7,46,0,0,0,1.0,0,0,0.6597,1,0,1,0.0,0,1,0,5.0,0.0
72258141-c15b-4785-80e1-f22c1340e38d,Amazon,E-commerce,Richard Bridston,Unknown,4,2025-11-09 00:20:44,mostly good,mostly good,0,2,11,0,0,0,1.0,0,0,0.4404,1,0,1,0.0,0,1,0,4.0,0.0
898323a4-7b52-4ee2-9ea6-024a5d0f5633,Amazon,E-commerce,Reggie Young,Unknown,5,2025-11-09 00:42:13,Love It. ❤️,love it. ❤️,0,3,11,0,0,0,1.0,0,0,0.6369,1,0,1,0.0,0,1,0,5.0,0.0
93587fcb-b7a3-479f-8939-6e2df7b4f29f,Amazon,E-commerce,Scott Harley,Unknown,1,2025-11-09 00:54:28,Teenagers can't buy stuff from Amazon. Amazon SUCKS,teenagers can't buy stuff from amazon. amazon sucks,0,8,51,0,0,1,1.0,0,0,-0.0258,1,0,1,0.0,0,1,0,1.0,0.0
3848bfa4-3cb9-483e-b022-173bed3a7917,Amazon,E-commerce,The Star Wars Room,Unknown,2,2025-11-09 01:27:06,really wish they'd bring back where you can track the delivery drivers to see where they are and how close they are to delivering your package my rating would be 5 stars if the would offer it again,really wish they'd bring back where you can track the delivery drivers to see where they are and how close they are to delivering your package my rating would be 5 stars if the would offer it again,2,38,197,0,0,0,0.8421052631578947,1,0,0.4576,1,0,1,0.0,0,1,0,2.0,0.0
e4f8ec91-d2b7-4b62-b821-59d63cb1d94d,Amazon,E-commerce,John Mukandila,Unknown,5,2025-11-09 01:35:25,c' est bon,c' est bon,0,3,10,0,0,0,1.0,0,0,0.0,1,0,1,0.0,0,1,0,5.0,0.0
8085bbaf-61c7-4a5e-8f74-aaac77dc830e,Amazon,E-commerce,Adam Fowle,Unknown,1,2025-11-09 02:01:54,Ordered extra stuff to get pre 1pm next day delivery. Now says another additional 2 days time. Only ordered extra to get quicker delivery. No explanation offered by Amazon!,ordered extra stuff to get pre 1pm next day delivery. now says another additional 2 days time. only ordered extra to get quicker delivery. no explanation offered by amazon!,0,29,172,0,0,0,0.8275862068965517,1,0,-0.2003,1,0,1,0.0,0,1,0,1.0,0.0
c78bb096-7383-4ef1-8e0c-915dc83fd312,Amazon,E-commerce,Roland Schregle,Unknown,2,2025-11-09 02:16:48,"Terrible colour scheme, no support for dark mode. Eyesore guaranteed. Update: still no dark mode in version 30.20.2.100.","terrible colour scheme, no support for dark mode. eyesore guaranteed. update: still no dark mode in version 30.20.2.100.",2,18,120,0,0,0,0.8888888888888888,0,0,-0.762,1,0,1,0.0,0,1,0,2.0,0.0
c8078871-4876-46b3-8b09-17ad481268fd,Amazon,E-commerce,Ellie S.,Unknown,1,2025-11-09 02:20:23,buys things when you accidentally hit add to delivery without verification,buys things when you accidentally hit add to delivery without verification,0,11,74,0,0,0,1.0,0,0,-0.34,1,0,1,0.0,0,1,0,1.0,0.0
2c42e5cf-8879-473d-bf64-d8af3aa3f22f,Amazon,E-commerce,Kimberly Duncan,Unknown,1,2025-11-09 02:44:09,My phone updated the app and now I can't get it uninstalled ....,my phone updated the app and now i can't get it uninstalled ....,0,13,64,0,0,0,1.0,1,1,0.0,1,0,1,0.0,0,1,0,1.0,0.0
7becec2b-64ea-42a8-b135-4d8261576394,Amazon,E-commerce,Angela Harris,Unknown,5,2025-11-09 02:48:48,On Angela Harris I can't remember my password word. so I used my son's account. Under Earl Harris. Other than that experience is great 👍🏽,on angela harris i can't remember my password word. so i used my son's account. under earl harris. other than that experience is great 👍🏽,0,25,137,2,0,0,0.92,0,0,0.6249,1,0,1,0.0,0,1,0,5.0,0.0
35963aa6-68cb-482f-a3b9-03731c0cacae,Amazon,E-commerce,Virginia Johnson Omar,Unknown,3,2025-11-09 03:33:30,never received my order from Amazon,never received my order from amazon,0,6,35,0,0,0,1.0,0,0,0.1779,1,0,1,0.0,0,1,0,3.0,0.0
b66e6592-df2a-441e-9d77-8667c9d57305,Amazon,E-commerce,Boni Marsh,Unknown,1,2025-11-09 03:46:49,"in personalized content your garage,vehicles cannot be deleted","in personalized content your garage,vehicles cannot be deleted",0,8,62,0,0,0,1.0,0,0,0.0,1,0,1,0.0,0,1,0,1.0,0.0
30dbfdbe-7c46-4f32-a6b3-755d721b70b1,Amazon,E-commerce,Jah-D Iceboxx,Unknown,5,2025-11-09 03:48:22,The App needs to have Dark Mode. Please 🙏🏽 Thank you 😊,the app needs to have dark mode. please 🙏🏽 thank you 😊,1,12,54,3,0,0,1.0,0,1,0.8689,1,0,1,0.0,0,1,0,5.0,0.0
2ff8f383-8723-4355-be49-c5165b38f127,Amazon,E-commerce,Alex Villa,Unknown,5,2025-11-09 04:40:02,"funciona perfecto, la uso en español y es genial","funciona perfecto, la uso en español y es genial",0,9,48,0,0,0,1.0,0,0,0.6249,1,0,1,0.0,0,1,0,5.0,0.0
cefa8c3f-69e8-4408-b33d-0112cb9a070f,Amazon,E-commerce,D K,Unknown,1,2025-11-09 04:59:32,"no dark mode, in 2025... really???","no dark mode, in 2025... really???",1,6,34,0,0,0,1.0,0,0,-0.4098,1,0,1,0.0,0,1,0,1.0,0.0
a1c0f305-7208-470d-8abc-15524f4efd3b,Amazon,E-commerce,Branon Edwards,Unknown,1,2025-11-09 05:42:36,"doesnt work anymore. idk what happened but im taking my business direct to the companies or local business, and I urge the rest of you to do the same","doesnt work anymore. idk what happened but im taking my business direct to the companies or local business, and i urge the rest of you to do the same",0,29,149,0,0,0,0.896551724137931,0,1,0.0382,1,0,1,0.0,0,1,0,1.0,0.0
7e805978-ec91-46ba-8082-29cc7884c790,Amazon,E-commerce,Mike Oh,Unknown,1,2025-11-09 06:57:28,prime delivery means nothing now. and they added ads to video.,prime delivery means nothing now. and they added ads to video.,0,11,62,0,0,0,1.0,0,0,0.0,1,0,1,0.0,0,1,0,1.0,0.0
49a2e96a-ac23-4c33-8334-7ef5f736e466,Amazon,E-commerce,gloria,Unknown,5,2025-11-09 08:25:46,enjoying great products and service,enjoying great products and service,0,5,35,0,0,0,1.0,0,0,0.8176,1,0,1,0.0,0,1,0,5.0,0.0
dfea4c4f-cd28-4376-8e89-ec9a44ef2805,Amazon,E-commerce,MIR YOUSUF,Unknown,5,2025-11-09 08:56:36,very good,very good,0,2,9,0,0,0,1.0,0,0,0.4927,1,0,1,0.0,0,1,0,5.0,0.0
a16147eb-a0fd-480a-a2a8-0cc362185db8,Amazon,E-commerce,Ray Mercer,Unknown,5,2025-11-09 08:59:00,great service and reliable,great service and reliable,0,4,26,0,0,0,1.0,0,0,0.6249,1,0,1,0.0,0,1,0,5.0,0.0
e1c2ed20-f930-4825-bc59-39ac3d936102,Amazon,E-commerce,Katherine Merriman,Unknown,5,2025-11-09 10:13:25,Something for every body,something for every body,0,4,24,0,0,0,1.0,0,0,0.0,1,0,1,0.0,0,1,0,5.0,0.0
6b2cee65-33f0-4238-b6ea-790eae2b79b1,Amazon,E-commerce,Saeed Anwar,Unknown,5,2025-11-09 10:36:40,good experience,good experience,0,2,15,0,0,0,1.0,0,0,0.4404,1,0,1,0.0,0,1,0,5.0,0.0
4b2a7e52-6bf4-43b2-9a00-17f1546aca59,Amazon,E-commerce,Jack,Unknown,3,2025-11-09 11:10:43,confusing,confusing,0,1,9,0,0,0,1.0,0,0,-0.2263,1,0,1,0.0,0,1,0,3.0,0.0
d7806f4a-75b3-4302-bcc9-5fa370c5a710,Amazon,E-commerce,Anna Gusentsova,Unknown,1,2025-11-09 11:43:03,"When I tried to make a really urgent order, Amazon blocked my account as suspicious financial activity, for the card I've been using there for years, and for dozens of other orders.","when i tried to make a really urgent order, amazon blocked my account as suspicious financial activity, for the card i've been using there for years, and for dozens of other orders.",0,32,181,0,0,0,0.9375,0,0,-0.1389,1,0,1,0.0,0,1,0,1.0,0.0
bc3cf54a-469c-41f4-a203-d26376f36eee,Amazon,E-commerce,Raven Mindue,Unknown,1,2025-11-09 12:06:07,I hate how bright it is it is effecting my photophbia light sensitivity needs a dark mode,i hate how bright it is it is effecting my photophbia light sensitivity needs a dark mode,1,17,89,0,0,0,0.8823529411764706,0,0,-0.2023,1,0,1,0.0,0,1,0,1.0,0.0
1288b6ec-85bf-489c-b0b2-b369444ff4a9,Amazon,E-commerce,David Saunders,Unknown,5,2025-11-09 12:43:55,Wonderful Amazon since 1999. I have been buying with Amazon since 1999 when I lived in Walnut Creek California and since 2009 when I moved back to England. Never ever a problem just happy shopping,wonderful amazon since 1999. i have been buying with amazon since 1999 when i lived in walnut creek california and since 2009 when i moved back to england. never ever a problem just happy shopping,0,35,196,0,0,0,0.8285714285714286,0,1,0.9013,1,0,1,0.0,0,1,0,5.0,0.0
49b65c49-c264-43e6-b324-3e467b17a4e2,Amazon,E-commerce,Carlos,Unknown,5,2025-11-09 13:28:02,excellent choice always and service,excellent choice always and service,0,5,35,0,0,0,1.0,0,0,0.5719,1,0,1,0.0,0,1,0,5.0,0.0
dfd04711-a629-498e-b9db-e35694af20b0,Amazon,E-commerce,Lori Mills,Unknown,1,2025-11-09 13:39:58,"Dear Amazon quit emptying my cart, why have the check boxes if you're going to empty the whole thing when I order 1 or 2 things out of it!! Still am issue 6 months later!","dear amazon quit emptying my cart, why have the check boxes if you're going to empty the whole thing when i order 1 or 2 things out of it!! still am issue 6 months later!",79,35,170,0,0,0,0.9714285714285714,0,0,0.4168,1,0,1,0.0,0,1,0,1.0,0.0
c4ed05b8-b412-4aec-bb8e-2b199d531821,Amazon,E-commerce,Bianca Carneiro,Unknown,1,2025-11-09 13:49:14,Eles botam uma desgraça de código para compras caras e ficam atualizando o tempo todo. Deixei o código na portaria duas vezes e o código tinha mudado.,eles botam uma desgraça de código para compras caras e ficam atualizando o tempo todo. deixei o código na portaria duas vezes e o código tinha mudado.,0,27,150,0,0,0,0.8148148148148148,0,0,0.0,1,0,1,0.0,0,1,0,1.0,0.0
300e9167-38be-4c39-b867-24dfbe67a658,Amazon,E-commerce,Nevoxide,Unknown,1,2025-11-09 13:50:43,amazon is horrible in all possible ways unless you're from the United States or the United Kingdom,amazon is horrible in all possible ways unless you're from the united states or the united kingdom,0,17,98,0,0,0,0.8823529411764706,0,0,0.4215,1,0,1,0.0,0,1,0,1.0,0.0
4b9c1d0a-9134-4ff4-ab84-291c1a118441,Amazon,E-commerce,Yaser Shahen,Unknown,1,2025-11-09 14:26:34,امازون أصبحت تعتمد على شركات شحن فاشله ومناديب شحن افشل واصبحت عادة تأخر التسليم أو إلغاء الشحنة حاجه عادية وطبيعي,امازون أصبحت تعتمد على شركات شحن فاشله ومناديب شحن افشل واصبحت عادة تأخر التسليم أو إلغاء الشحنة حاجه عادية وطبيعي,0,20,114,0,0,0,0.95,0,0,0.0,1,0,1,0.0,0,1,0,1.0,0.0
080d3cee-57ed-4583-9e61-bf9bdb7735aa,Amazon,E-commerce,Gloria Aguirre,Unknown,5,2025-11-09 15:19:47,Perfect app,perfect app,0,2,11,0,0,0,1.0,0,1,0.5719,1,0,1,0.0,0,1,0,5.0,0.0
d097526f-7b1b-4d6d-add6-f701e6414081,Amazon,E-commerce,Simone Edwards,Unknown,1,2025-11-09 15:28:28,Why do I have to click so many times to see the items page?,why do i have to click so many times to see the items page?,0,14,59,0,0,0,0.9285714285714286,0,0,0.0,1,0,1,0.0,0,1,0,1.0,0.0
115e3133-16a5-4335-adc7-ae2124cd7950,Amazon,E-commerce,Stephen D,Unknown,1,2025-11-09 15:31:40,App keeps changing delivery address - packages ending up at family or friends.,app keeps changing delivery address - packages ending up at family or friends.,0,13,78,0,0,0,1.0,0,1,0.4767,1,0,1,0.0,0,1,0,1.0,0.0
76e1bec9-3b32-4a7c-93c4-bf7e58b5e948,Amazon,E-commerce,Ross Emery,Unknown,5,2025-11-09 15:47:02,always my first stop for what ever I need.,always my first stop for what ever i need.,0,9,42,0,0,0,1.0,0,0,-0.296,1,0,1,0.0,0,1,0,5.0,0.0
052408e8-ff9f-4867-8a85-1dba99f5803e,Amazon,E-commerce,Susanlynne Bonner,Unknown,1,2025-11-09 16:39:57,if could give zero would beenz with you since 2010..daughter with you warehouse 8 year..cant get live chat..phone talk nuthin for HELP..you become Spam Scam like rest them🐻🫡🫡😡😡😡😡,if could give zero would beenz with you since 2010..daughter with you warehouse 8 year..cant get live chat..phone talk nuthin for help..you become spam scam like rest them🐻🫡🫡😡😡😡😡,0,28,178,7,0,0,0.9285714285714286,0,0,-0.5719,1,0,1,0.0,0,1,0,1.0,0.0
5995f738-619c-47c9-ab1e-e001053a5e60,Amazon,E-commerce,Saddam Elbu,Unknown,1,2025-11-09 16:48:18,"Amazon is horrible, if you ever have an issue with an order you placed. you'll never be able to talk to a human to resolve your issue. horrible app with a horrible customer service.","amazon is horrible, if you ever have an issue with an order you placed. you'll never be able to talk to a human to resolve your issue. horrible app with a horrible customer service.",0,34,181,0,0,0,0.7941176470588235,0,1,-0.802,1,0,1,0.0,0,1,0,1.0,0.0
c5059bea-7dbb-40f0-a828-8ee4100ab9be,Amazon,E-commerce,IcarusTech,Unknown,1,2025-11-09 17:04:20,Garbageware.,garbageware.,0,1,12,0,0,0,1.0,0,0,0.0,1,0,1,0.0,0,1,0,1.0,0.0
6d09e228-a95d-401b-84da-3aca748fd703,Amazon,E-commerce,C,Unknown,3,2025-11-09 17:08:23,I have mixed feelings. I wish there was more availability in stores.,i have mixed feelings. i wish there was more availability in stores.,0,12,68,0,0,0,0.9166666666666666,0,0,0.4019,1,0,2,1389398.0,0,1,0,2.0,1.4142135623730951
b261eace-7e51-4dea-aefa-83c8fc957ef2,Amazon,E-commerce,Eric Jacobs,Unknown,5,2025-11-09 17:15:42,nice in easy.,nice in easy.,0,3,13,0,0,0,1.0,0,0,0.6908,1,0,1,0.0,0,1,0,5.0,0.0
1ced3274-db1b-48f2-8bc4-b020d1826feb,Amazon,E-commerce,Abdul Rehman Khan,Unknown,5,2025-11-09 17:57:26,best in KSA,best in ksa,0,3,11,0,0,1,1.0,0,0,0.6369,1,0,1,0.0,0,1,0,5.0,0.0
f2170c41-65fa-4e69-afea-b3f770759052,Amazon,E-commerce,Junior d Barraza,Unknown,4,2025-11-09 18:05:11,thanks for sharing,thanks for sharing,0,3,18,0,0,0,1.0,0,0,0.6908,1,0,1,0.0,0,1,0,4.0,0.0
382d0f26-2b7a-4244-83b1-fe58c80dd8aa,Amazon,E-commerce,Charles Coburn,Unknown,1,2025-11-09 18:20:24,I have an Amazon gift card in my wallet and can't use it on my audible account. this is more a reflection of the company's incompetence than the app.,i have an amazon gift card in my wallet and can't use it on my audible account. this is more a reflection of the company's incompetence than the app.,0,29,149,0,0,0,0.9310344827586207,0,1,0.0772,1,0,1,0.0,0,1,0,1.0,0.0
90785ff7-69ae-4827-968b-4bfc0b1402d1,Amazon,E-commerce,Mj Raphael,Unknown,5,2025-11-09 18:25:16,it is good 😍😍😍,it is good 😍😍😍,0,4,14,3,0,0,1.0,0,0,0.8979,1,0,1,0.0,0,1,0,5.0,0.0
09ad0fe7-9ab8-4c0f-943e-608e9eb172b7,Amazon,E-commerce,Alva Curiel,Unknown,1,2025-11-09 18:32:16,horrible,horrible,0,1,8,0,0,0,1.0,0,0,-0.5423,1,0,1,0.0,0,1,0,1.0,0.0
009400c9-58f1-40c3-b1a1-51ecfd04eae8,Amazon,E-commerce,Jules,Unknown,2,2025-11-09 18:58:25,Stopping prime due to the woeful deliveries that never come and are told delivered but never there. Update: stopped prime and deliveries seem to be arriving again. not within 24 hours but in the lot of time.,stopping prime due to the woeful deliveries that never come and are told delivered but never there. update: stopped prime and deliveries seem to be arriving again. not within 24 hours but in the lot of time.,3,37,207,0,0,0,0.8108108108108109,0,0,-0.0647,1,0,1,0.0,0,1,0,2.0,0.0
