review_id,app_name,category,username,device,rating,timestamp,text_original,text_cleaned,thumbs_up,token_count,char_count,num_emojis,num_urls,num_uppercase_words,unique_word_ratio,contains_promo_words,has_urdu_words,sentiment_score,device_missing,generic_username,user_total_reviews,time_diff_seconds,is_burst,same_text_count,rating_text_mismatch,user_avg_rating,user_rating_std
3f019635-515e-4626-ad0f-d1ef58c61294,Careem,Food Delivery,Amna ElShenawy,Unknown,2,2025-03-13 15:01:35,"The experience is awful, driver takes tooo long to get a ride","the experience is awful, driver takes tooo long to get a ride",1,12,61,0,0,0,1.0,0,0,-0.4588,1,0,1,0.0,0,1,0,2.0,0.0
0eec2137-bf92-4aec-ac04-caa61844d38e,Careem,Food Delivery,Esam Jaffar,Unknown,4,2025-03-13 20:32:11,"They have to do better on the customer side , no easy access to get help/ support","they have to do better on the customer side , no easy access to get help/ support",1,17,81,0,0,0,0.9411764705882353,0,0,0.709,1,0,1,0.0,0,1,0,4.0,0.0
3aa241bb-fa74-464e-8654-733bccdf0cc0,Careem,Food Delivery,Abubakar Javed,Unknown,4,2025-03-14 05:55:04,Good luck,good luck,0,2,9,0,0,0,1.0,0,0,0.7096,1,0,1,0.0,0,2,0,4.0,0.0
53427976-d9b5-4e27-8b57-4425878ede17,Careem,Food Delivery,Chris Deeman,Unknown,4,2025-03-14 14:46:25,"Very fast and reliable app however requires a UAE bank account to transfer credit into to order. I use on a 3 or 4 times a week basis. Taxis, groceries, cleaning it has almost everything you could need.","very fast and reliable app however requires a uae bank account to transfer credit into to order. i use on a 3 or 4 times a week basis. taxis, groceries, cleaning it has almost everything you could need.",0,38,202,0,0,1,0.9210526315789473,0,1,0.3818,1,0,1,0.0,0,1,0,4.0,0.0
cc4103af-4918-4734-9119-11ee1a4bc289,Careem,Food Delivery,Rohit Darure,Unknown,4,2025-03-15 13:52:14,The app is fine. They need to work on maps and ETAs for cab hailing.,the app is fine. they need to work on maps and etas for cab hailing.,1,15,68,0,0,0,1.0,0,1,0.2023,1,0,1,0.0,0,1,0,4.0,0.0
10cfa388-fcea-42d8-a1f2-b4b43a476f33,Careem,Food Delivery,Nesreen Mouneer,Unknown,2,2025-03-16 05:19:26,الأغلبية لا يقبلوا ثقافة كريم باي أثناء الدفع، ويفضلوا المبلغ يدفع نقدًا وهذا لأسباب متعددة. بل ويقيمون العميل بناءً على استيائهم بسبب هذا وكأن الرحلة مجانية... نرجوا من الشركة إيضاح ذلك للDrivers.,الأغلبية لا يقبلوا ثقافة كريم باي أثناء الدفع، ويفضلوا المبلغ يدفع نقدًا وهذا لأسباب متعددة. بل ويقيمون العميل بناءً على استيائهم بسبب هذا وكأن الرحلة مجانية... نرجوا من الشركة إيضاح ذلك للdrivers.,0,32,197,0,0,0,1.0,0,0,0.0,1,0,1,0.0,0,1,0,2.0,0.0
b5d74774-6c81-49ac-b660-74eacc324b0f,Careem,Food Delivery,sayed eldegwi,Unknown,4,2025-03-16 13:21:14,المشكله في السائقين اللي أحيانا يرفضون الذهاب إلى أي مشوار وقبل الوصول بوقت قصير جدا وعند انتظاره بوقت طويل جدا يلغي الرحله ولكن إجمالاً خدمة رائعه,المشكله في السائقين اللي أحيانا يرفضون الذهاب إلى أي مشوار وقبل الوصول بوقت قصير جدا وعند انتظاره بوقت طويل جدا يلغي الرحله ولكن إجمالاً خدمة رائعه,0,26,147,0,0,0,0.9230769230769231,0,0,0.0,1,0,1,0.0,0,1,0,4.0,0.0
914aaac5-e780-4607-8155-5ec25f3157f1,Careem,Food Delivery,anthony morado,Unknown,4,2025-03-17 11:50:20,good having a services like careem,good having a services like careem,0,6,34,0,0,0,1.0,0,0,0.6597,1,0,1,0.0,0,1,0,4.0,0.0
34b5b2c3-d8bc-4d6c-ba81-d2c3dd0380f3,Careem,Food Delivery,Ehab ElTayeb,Unknown,2,2025-03-17 13:50:55,Used it for a while but issues with captains are increasing and customer service is very bad... time to move on.,used it for a while but issues with captains are increasing and customer service is very bad... time to move on.,0,21,112,0,0,0,1.0,0,0,-0.7343,1,0,1,0.0,0,1,0,2.0,0.0
3ba89524-d20a-43e9-a0f6-6ed5be00d0de,Careem,Food Delivery,Ed Bevan,Unknown,3,2025-03-18 08:59:13,no unsubscribe option for intrusive notifications,no unsubscribe option for intrusive notifications,0,6,49,0,0,0,1.0,0,0,-0.296,1,0,1,0.0,0,1,0,3.0,0.0
30a56e3f-3ed7-4222-9e56-436334da3a16,Careem,Food Delivery,Sahand PastGamer,Unknown,2,2025-03-19 21:01:55,"that's second time driver canceled the ride and I got pay the fine?! Watch you're driver behaviors,","that's second time driver canceled the ride and i got pay the fine?! watch you're driver behaviors,",0,17,99,0,0,0,0.8823529411764706,0,0,0.1759,1,0,1,0.0,0,1,0,2.0,0.0
4061e2bd-0095-42a8-b471-9a780f5d4cc1,Careem,Food Delivery,Uk Hub,Unknown,4,2025-03-20 14:15:26,good👍,good👍,0,1,5,1,0,0,1.0,0,0,0.4404,1,0,1,0.0,0,1,0,4.0,0.0
d59f5148-ab5f-47e4-a25a-57861e69a21f,Careem,Food Delivery,Hammad Ahsan,Unknown,2,2025-03-21 12:53:23,bad experience,bad experience,0,2,14,0,0,0,1.0,0,0,-0.5423,1,0,1,0.0,0,1,0,2.0,0.0
0d4f1df9-b6a8-414a-9ad4-a29dcc24fd8d,Careem,Food Delivery,Mahmoud El-Shamy,Unknown,2,2025-03-21 13:25:04,خدمة العملاء سيئه ولا يتم حل المشاكل,خدمة العملاء سيئه ولا يتم حل المشاكل,0,7,36,0,0,0,1.0,0,0,0.0,1,0,1,0.0,0,1,0,2.0,0.0
02624205-45a3-4e59-b2c1-c16d8144d083,Careem,Food Delivery,Rajon Ahmed,Unknown,4,2025-03-21 18:20:41,good for every time,good for every time,0,4,19,0,0,0,1.0,0,0,0.4404,1,0,1,0.0,0,1,0,4.0,0.0
fd3675b6-17c4-42d3-bc47-9ab695edb290,Careem,Food Delivery,Sabtain Malik,Unknown,3,2025-03-22 00:03:57,Good luck,good luck,0,2,9,0,0,0,1.0,0,0,0.7096,1,0,1,0.0,0,2,0,3.0,0.0
d6fb5593-7582-43b2-90c0-ae19d224f51a,Careem,Food Delivery,Ali SanGHeRa,Unknown,3,2025-03-22 02:28:05,nice app,nice app,0,2,8,0,0,0,1.0,0,1,0.4215,1,0,1,0.0,0,4,0,3.0,0.0
9287ba79-201e-48f0-add7-ba09ce07f93f,Careem,Food Delivery,Born to rise Honor,Unknown,4,2025-03-22 10:11:00,Quality is good and packaging of products very nice,quality is good and packaging of products very nice,0,9,51,0,0,0,1.0,0,0,0.7178,1,0,1,0.0,0,1,0,4.0,0.0
9b9d4755-d1d7-47bb-9f2d-a8d752c5b00b,Careem,Food Delivery,Shangee,Unknown,3,2025-03-22 11:18:02,not that good when it comes to payment..i didnt get my change from my card...costumer service its fine,not that good when it comes to payment..i didnt get my change from my card...costumer service its fine,0,18,102,0,0,0,0.9444444444444444,0,0,-0.1546,1,0,1,0.0,0,1,0,3.0,0.0
8e87e258-22c5-4af1-8c63-243d138abadf,Careem,Food Delivery,Konstantyn,Unknown,2,2025-03-22 13:37:43,"installed it today for food order, but such option (food button) is totally missed in app. only rides. asked for help in support section. nobody answered till now.","installed it today for food order, but such option (food button) is totally missed in app. only rides. asked for help in support section. nobody answered till now.",0,28,163,0,0,0,0.9285714285714286,1,1,0.5941,1,0,1,0.0,0,1,1,2.0,0.0
420b698c-2a6e-4c03-b624-c37c443f8032,Careem,Food Delivery,Ihtisham Wahid,Unknown,4,2025-03-23 17:08:47,Good app,good app,0,2,8,0,0,0,1.0,0,1,0.4404,1,0,1,0.0,0,5,0,4.0,0.0
27dbbefe-9239-4d2e-9255-4401f0e099ab,Careem,Food Delivery,ankur jovi,Unknown,3,2025-03-23 19:40:35,Traffic errated app,traffic errated app,0,3,19,0,0,0,1.0,0,1,0.0,1,0,1,0.0,0,1,0,3.0,0.0
47c22684-9444-4b2f-ab1e-0b8fb63d0109,Careem,Food Delivery,Mohideen Abdul Khader,Unknown,4,2025-03-24 06:10:11,Best for Send money and utility payments. But for passed few months couldn't able to pay SEWA bill due to the error in app. Kindly resolve it. Also kindly include DEWA.,best for send money and utility payments. but for passed few months couldn't able to pay sewa bill due to the error in app. kindly resolve it. also kindly include dewa.,0,31,168,0,0,2,0.9032258064516129,0,1,0.8718,1,0,1,0.0,0,1,0,4.0,0.0
2876298b-10e2-46c4-93ce-3f34144883dc,Careem,Food Delivery,sakae nasution,Unknown,4,2025-03-24 10:07:43,helpful compare to taxi uncertainty price that taxi given but need to wait,helpful compare to taxi uncertainty price that taxi given but need to wait,1,13,74,0,0,0,0.8461538461538461,0,0,0.0516,1,0,1,0.0,0,1,0,4.0,0.0
d9919a72-29a6-4c25-93e4-30721e5e43cf,Careem,Food Delivery,Zahid Yaseen,Unknown,2,2025-03-24 14:00:25,Great app,great app,0,2,9,0,0,0,1.0,0,1,0.6249,1,0,1,0.0,0,5,1,2.0,0.0
fa474261-9b73-41f9-9e9a-142c3b003b42,Careem,Food Delivery,King,Unknown,3,2025-03-24 22:14:40,very glitchy,very glitchy,0,2,12,0,0,0,1.0,0,0,0.0,1,0,1,0.0,0,1,0,3.0,0.0
a239f2f0-16be-4967-a54e-30246e6b5199,Careem,Food Delivery,Usman Butt (Bazigar Dilda chor),Unknown,4,2025-03-25 07:25:25,good 👍,good 👍,0,2,6,1,0,0,1.0,0,0,0.4404,1,0,1,0.0,0,5,0,4.0,0.0
deffbfcd-f239-4de1-9879-cc2134ea20df,Careem,Food Delivery,Malek Zakir,Unknown,4,2025-03-25 15:34:43,nice to app,nice to app,0,3,11,0,0,0,1.0,0,1,0.4215,1,0,1,0.0,0,1,0,4.0,0.0
e407214f-f5ab-48c4-ba1d-ba92ddeafe77,Careem,Food Delivery,R7ovs,Unknown,2,2025-03-26 01:59:33,نريد بقية المحافظات منها الانبار,نريد بقية المحافظات منها الانبار,0,5,32,0,0,0,1.0,0,0,0.0,1,0,1,0.0,0,1,0,2.0,0.0
f3323a05-b925-412f-885a-d9f955c488b0,Careem,Food Delivery,Kasım Belal,Unknown,2,2025-03-27 23:50:38,i want the drivers to go from the directions I want since it is cheaper and a faster way but they go from the directions they want,i want the drivers to go from the directions i want since it is cheaper and a faster way but they go from the directions they want,0,27,130,0,0,0,0.6666666666666666,1,0,0.1901,1,0,1,0.0,0,1,0,2.0,0.0
635862fe-fc67-4d47-aaba-a870bb68000f,Careem,Food Delivery,Shahid Raza,Unknown,3,2025-03-28 07:46:47,Good Boy,good boy,0,2,8,0,0,0,1.0,0,0,0.4404,1,0,1,0.0,0,1,0,3.0,0.0
9d0aafe5-d717-46c1-be9c-d3202dd8b31a,Careem,Food Delivery,Muhammad Jamshid,Unknown,4,2025-03-29 06:28:35,amazing,amazing,0,1,7,0,0,0,1.0,0,0,0.5859,1,0,1,0.0,0,4,0,4.0,0.0
a67fad1b-b19b-473b-bb30-19b0b64e43ec,Careem,Food Delivery,Turab Naqvi,Unknown,4,2025-03-29 09:33:54,Nice to get a ride without any hassle of going out to find a taxi or rickshaw,nice to get a ride without any hassle of going out to find a taxi or rickshaw,0,17,77,0,0,0,0.8823529411764706,0,0,0.4215,1,0,1,0.0,0,1,0,4.0,0.0
07f5c6b6-ff7e-4e8a-9acd-9cba7c4625b7,Careem,Food Delivery,Magda Visser,Unknown,3,2025-03-29 15:56:57,Sometimes the app freezes and cannot open for a while.,sometimes the app freezes and cannot open for a while.,0,10,54,0,0,0,1.0,1,1,-0.0258,1,0,1,0.0,0,1,0,3.0,0.0
cb5ef32e-6f00-47a1-ba7f-a95607184fad,Careem,Food Delivery,JERWINA HAJAN,Unknown,4,2025-03-29 16:19:55,easy to use,easy to use,0,3,11,0,0,0,1.0,0,0,0.4404,1,0,1,0.0,0,2,0,4.0,0.0
e1207eee-0634-484c-967c-aea8522314a7,Careem,Food Delivery,Rania Harras,Unknown,4,2025-03-29 19:00:55,all driver are perfect,all driver are perfect,0,4,22,0,0,0,1.0,0,0,0.5719,1,0,1,0.0,0,1,0,4.0,0.0
391670c7-d73f-4145-8aec-ebec2f8852d8,Careem,Food Delivery,Zunair Ali,Unknown,3,2025-03-29 22:04:19,good 👍,good 👍,0,2,6,1,0,0,1.0,0,0,0.4404,1,0,1,0.0,0,5,0,3.0,0.0
c0fc785e-a572-43f1-8040-60b6280e2a9c,Careem,Food Delivery,Marbell,Unknown,2,2025-03-30 10:47:59,"Very unprofessional to have your ride cancelled last minute, i've scheduled a ride 2 days prior to my trip, only to have it cancelled last minute, these mistakes could make people miss important appointments!","very unprofessional to have your ride cancelled last minute, i've scheduled a ride 2 days prior to my trip, only to have it cancelled last minute, these mistakes could make people miss important appointments!",0,34,208,0,0,0,0.7941176470588235,0,1,-0.8475,1,0,1,0.0,0,1,0,2.0,0.0
e9569c85-8878-453c-a267-689b41711493,Careem,Food Delivery,Muhammad Abdullah,Unknown,4,2025-03-31 14:53:58,good 😊👍😎 you,good 😊👍😎 you,0,3,12,3,0,0,1.0,0,0,0.8979,1,0,1,0.0,0,1,0,4.0,0.0
6f0d187d-c227-4fc1-9e9c-4a669eb88091,Careem,Food Delivery,Abrar Rauf,Unknown,3,2025-03-31 20:40:25,worst service,worst service,0,2,13,0,0,0,1.0,0,0,-0.6249,1,0,1,0.0,0,2,0,3.0,0.0
c3380395-026a-4ae7-9d25-3711065431d6,Careem,Food Delivery,Abdallah Sayed,Unknown,2,2025-04-01 06:28:21,انا دلوقتي نزلت التطبيق ومفيش اول رحلتين ببلاش اعمل ايه,انا دلوقتي نزلت التطبيق ومفيش اول رحلتين ببلاش اعمل ايه,0,10,55,0,0,0,1.0,0,0,0.0,1,0,1,0.0,0,1,0,2.0,0.0
603e2b10-6c7f-40c8-a3e6-d59649aebd45,Careem,Food Delivery,Nadin Tarek,Unknown,2,2025-04-01 18:13:38,take to Many time to find captain,take to many time to find captain,0,7,33,0,0,0,0.8571428571428571,0,0,0.0,1,0,1,0.0,0,1,0,2.0,0.0
ca28a3b9-8084-4842-a79c-497ad02d8940,Careem,Food Delivery,Gafhar Haq,Unknown,3,2025-04-03 02:56:04,very nice service on careem .,very nice service on careem .,0,6,29,0,0,0,1.0,0,0,0.4754,1,0,1,0.0,0,1,0,3.0,0.0
299f2194-f654-4706-be7b-f82935420de5,Careem,Food Delivery,A Google user,Unknown,4,2025-04-04 07:23:02,"Detail of monthly packages is not available within app. I complained via 
email but no proper guidance, and after 2nd email you not even bother to 
reply. Lack of efficiency. Fare is not that authentic. Pathetic service.","detail of monthly packages is not available within app. i complained via 
email but no proper guidance, and after 2nd email you not even bother to 
reply. lack of efficiency. fare is not that authentic. pathetic service.",3,37,220,0,0,0,0.8648648648648649,0,1,0.4941,1,0,6,0.0,0,1,0,3.5,1.6431676725154984
4e0e704b-21d5-4e8e-85c2-41b2a5a5c771,Careem,Food Delivery,Muhammad Ahmed,Unknown,4,2025-04-04 11:22:44,careem ride is best,careem ride is best,0,4,19,0,0,0,1.0,0,0,0.6369,1,0,1,0.0,0,1,0,4.0,0.0
c41a60a0-5e8a-4cca-b62d-38aa326fd0e3,Careem,Food Delivery,Jocelyn Gavino,Unknown,3,2025-04-04 22:21:52,He's A Good and Relax Driver😇😇😇 Thank's JESUS We Arrived Safety🙏🙏🙏Brother,he's a good and relax driver😇😇😇 thank's jesus we arrived safety🙏🙏🙏brother,0,11,73,6,0,1,1.0,0,0,0.9485,1,0,1,0.0,0,1,0,3.0,0.0
7cc7da3f-4581-4dcd-9d03-1853a9208f31,Careem,Food Delivery,Anoj Same,Unknown,4,2025-04-05 07:44:51,great experience,great experience,0,2,16,0,0,0,1.0,0,0,0.6249,1,0,1,0.0,0,2,0,4.0,0.0
c9c2cbc6-1f18-46cb-a8fb-da0896e0b424,Careem,Food Delivery,ibrahim aldalaan,Unknown,3,2025-04-05 18:22:37,تطور كبير عن الفترة السابقة .. ولكن ما زالت التعرفة قليلة مع ارتفاع الوقود ما زالت التعرفة قليلة جدا,تطور كبير عن الفترة السابقة .. ولكن ما زالت التعرفة قليلة مع ارتفاع الوقود ما زالت التعرفة قليلة جدا,0,19,100,0,0,0,0.7894736842105263,0,0,0.0,1,0,1,0.0,0,1,0,3.0,0.0
96d2d656-0dae-445c-a7c4-1f0d571bbd3e,Careem,Food Delivery,OMAR APOCRYPHA,Unknown,3,2025-04-06 03:27:25,"The delivery time for food not accurate , as so as prices","the delivery time for food not accurate , as so as prices",0,12,57,0,0,0,0.9166666666666666,0,0,0.0,1,0,1,0.0,0,1,0,3.0,0.0
25305a9b-6219-4ca5-8bfb-d15ff6389d70,Careem,Food Delivery,Abdul razzaq v v,Unknown,4,2025-04-06 05:59:57,good 👍 L70520 ( AFTAB N ),good 👍 l70520 ( aftab n ),0,7,25,1,0,2,1.0,0,0,0.4404,1,0,1,0.0,0,1,0,4.0,0.0
bf8431cd-6607-41e5-8887-514071761ac0,Careem,Food Delivery,Hazem Al-Jawi (q6wi),Unknown,4,2025-04-06 10:12:58,هو وقت الزحمة يكسر ظهرك بالسعر وأحيانا ما يستجيب لكن غيره جيد,هو وقت الزحمة يكسر ظهرك بالسعر وأحيانا ما يستجيب لكن غيره جيد,0,12,61,0,0,0,1.0,0,0,0.0,1,0,1,0.0,0,1,0,4.0,0.0
4abe872d-b377-4977-b94f-678a95902303,Careem,Food Delivery,Dina Ibrahim,Unknown,2,2025-04-06 11:49:08,most of the time there is no drivers and the search time out after couple of seconds,most of the time there is no drivers and the search time out after couple of seconds,0,17,84,0,0,0,0.8235294117647058,0,0,-0.296,1,0,1,0.0,0,1,0,2.0,0.0
0872c1ca-b220-4889-a8d0-0a17758da5fe,Careem,Food Delivery,Mmubashar Zulfiqar,Unknown,2,2025-04-07 18:36:56,good 👍,good 👍,0,2,6,1,0,0,1.0,0,0,0.4404,1,0,1,0.0,0,5,0,2.0,0.0
c1ede128-4e19-4737-aab6-5dea08829ede,Careem,Food Delivery,sufyan aslam,Unknown,4,2025-04-07 19:42:55,best app for ride,best app for ride,0,4,17,0,0,0,1.0,0,1,0.6369,1,0,1,0.0,0,1,0,4.0,0.0
c5a72df2-1f36-4fed-9359-ef71cf0ccdbe,Careem,Food Delivery,Rabih Kassis,Unknown,2,2025-04-09 19:38:56,it is not a transportation app anymore as too many functions are not related to transportation....i am expecting a horoscope option soon,it is not a transportation app anymore as too many functions are not related to transportation....i am expecting a horoscope option soon,0,22,136,0,0,0,0.9090909090909091,0,1,0.0,1,0,1,0.0,0,1,0,2.0,0.0
824385dc-ee25-4aa7-bd7c-3c8fe6e3bcb7,Careem,Food Delivery,Hina Ali,Unknown,2,2025-04-10 01:02:20,"the driver was very unprofessional, asked for money when I rung him for fuel","the driver was very unprofessional, asked for money when i rung him for fuel",0,14,76,0,0,0,0.9285714285714286,0,0,-0.5563,1,0,1,0.0,0,1,0,2.0,0.0
8a94697b-3285-4935-b672-c22c30045293,Careem,Food Delivery,Salim Mahfooz,Unknown,4,2025-04-10 03:16:17,wonderful,wonderful,0,1,9,0,0,0,1.0,0,0,0.5719,1,0,1,0.0,0,2,0,4.0,0.0
c0b9df29-11ff-453d-bb80-9393978a0f7d,Careem,Food Delivery,engy adel,Unknown,3,2025-04-10 08:55:35,"Your rate became very high, you need also to be more careful in choosing your drivers","your rate became very high, you need also to be more careful in choosing your drivers",0,16,85,0,0,0,0.9375,0,0,0.2247,1,0,1,0.0,0,1,0,3.0,0.0
02cb303c-b2f0-445e-aec0-f44e26bb0058,Careem,Food Delivery,chigozie okafor,Unknown,4,2025-04-10 14:09:18,Smooth and easy to use 👌,smooth and easy to use 👌,0,6,24,1,0,0,1.0,0,0,0.8415,1,0,1,0.0,0,1,0,4.0,0.0
d9916096-5492-4b2f-bb79-5215d52e1173,Careem,Food Delivery,Zeinabibrahim,Unknown,2,2025-04-10 15:34:14,الخدمه اصبحت سيئه وعدم توافر السيارات معظم الوقت,الخدمه اصبحت سيئه وعدم توافر السيارات معظم الوقت,0,8,48,0,0,0,1.0,0,0,0.0,1,0,1,0.0,0,1,0,2.0,0.0
77f4b76a-7055-47c4-99f9-8539dc484a22,Careem,Food Delivery,Christopher Brincat,Unknown,2,2025-04-11 03:22:03,i am not getting a reply on my complaint. that there is an outstanding balance but i always payed cash the full amount and more as they don't have change sometime.now i cannot book anymore,i am not getting a reply on my complaint. that there is an outstanding balance but i always payed cash the full amount and more as they don't have change sometime.now i cannot book anymore,0,35,188,0,0,0,0.9428571428571428,0,0,0.2263,1,0,1,0.0,0,1,0,2.0,0.0
d7c9d9f6-0a44-45bd-b40f-85e3617cc69a,Careem,Food Delivery,M. Rafique,Unknown,4,2025-04-12 03:24:33,"Cream is a good service whenever you want, accept rides that you’re interested in, pick up passengers, and drop them off. amazing customer support, easy to use, nice interface.","cream is a good service whenever you want, accept rides that you’re interested in, pick up passengers, and drop them off. amazing customer support, easy to use, nice interface.",1,29,176,0,0,0,1.0,0,0,0.9559,1,0,1,0.0,0,1,0,4.0,0.0
3be065a1-75e8-42ed-ac4e-261a75280431,Careem,Food Delivery,Amany Fathy,Unknown,4,2025-04-12 22:26:52,الابلكيشن جميل لكن للأسف أماكن كتير مش بيغطيها كمان صعوبه الالغاء في جو أوفر وسرعة تطبيق غرامات رغم وجود اسباب ممكن تكون خارجة عن إرادة العميل,الابلكيشن جميل لكن للأسف أماكن كتير مش بيغطيها كمان صعوبه الالغاء في جو أوفر وسرعة تطبيق غرامات رغم وجود اسباب ممكن تكون خارجة عن إرادة العميل,0,26,142,0,0,0,1.0,0,0,0.0,1,0,1,0.0,0,1,0,4.0,0.0
d0745270-be4b-4934-924c-26a644582025,Careem,Food Delivery,Abrar Husain,Unknown,4,2025-04-13 03:02:27,"good experience,","good experience,",0,2,16,0,0,0,1.0,0,0,0.4404,1,0,1,0.0,0,1,0,4.0,0.0
4b596268-c61d-491a-8d1e-fdfdeb7e4e93,Careem,Food Delivery,Shivaprasad Shetty,Unknown,2,2025-04-13 06:31:31,Please fix the gear boxes as well along with increasing the price.,please fix the gear boxes as well along with increasing the price.,0,12,66,0,0,0,0.9166666666666666,0,0,0.5267,1,0,1,0.0,0,1,1,2.0,0.0
ad299b81-c8c9-4c13-800b-26142fbbbe9f,Careem,Food Delivery,Shahzaib Chuhan,Unknown,2,2025-04-13 16:40:05,Good work 👏,good work 👏,0,3,11,1,0,0,1.0,0,0,0.4404,1,0,1,0.0,0,1,0,2.0,0.0
323f64d0-fbed-4de8-9e59-821aeaf50f98,Careem,Food Delivery,Javeria Malang,Unknown,2,2025-04-15 04:11:39,safe ride,safe ride,0,2,9,0,0,0,1.0,0,0,0.4404,1,0,1,0.0,0,1,0,2.0,0.0
34e28e21-1f3b-4913-8a85-9bab95d2a111,Careem,Food Delivery,Sher Butt,Unknown,2,2025-04-15 16:54:04,available in Gujranwala Pakistan?,available in gujranwala pakistan?,0,4,33,0,0,0,1.0,0,0,0.0,1,0,1,0.0,0,1,0,2.0,0.0
97166e8a-1a22-40ef-87ac-13068c2a7553,Careem,Food Delivery,Marvie Santoluis,Unknown,4,2025-04-16 10:27:42,"Good thing from careem is that, when you complain about something on their help center they are giving you answer and resolve it, I appreciate that. Thank you","good thing from careem is that, when you complain about something on their help center they are giving you answer and resolve it, i appreciate that. thank you",0,28,158,0,0,0,0.9285714285714286,0,1,0.9062,1,0,1,0.0,0,1,0,4.0,0.0
a0aa642f-f2f3-435e-8b07-75e35759b230,Careem,Food Delivery,Shahbaz Ahmad,Unknown,4,2025-04-17 00:42:30,excellent,excellent,0,1,9,0,0,0,1.0,0,0,0.5719,1,0,1,0.0,0,3,0,4.0,0.0
43e6faee-12fd-4ad2-abed-a7e37b58c39f,Careem,Food Delivery,Fatema Malkapurwala,Unknown,3,2025-04-17 03:14:21,It is a great app with some issues. it has improved its services and you can get help when you want.,it is a great app with some issues. it has improved its services and you can get help when you want.,1,21,100,0,0,0,0.9047619047619048,0,1,0.8807,1,0,1,0.0,0,1,0,3.0,0.0
22cfb201-11ce-452a-a7af-6a6bf2ede585,Careem,Food Delivery,Radu Nicolita,Unknown,4,2025-04-17 18:49:29,good experience.,good experience.,0,2,16,0,0,0,1.0,0,0,0.4404,1,0,1,0.0,0,1,0,4.0,0.0
ba6a094c-f8d6-4bf4-af19-dc6a63614677,Careem,Food Delivery,Vedavalli Sachithananthan,Unknown,3,2025-04-18 09:25:52,Good Insha'Allah!,good insha'allah!,0,2,17,0,0,0,1.0,0,0,0.4926,1,0,1,0.0,0,1,0,3.0,0.0
52975c8b-226a-4ab6-a1b9-f402cfae0758,Careem,Food Delivery,Christy Pretty,Unknown,3,2025-04-18 16:25:28,Great app,great app,0,2,9,0,0,0,1.0,0,1,0.6249,1,0,1,0.0,0,5,0,3.0,0.0
901a7190-1fb6-45b3-a1ad-7d68ae1845df,Careem,Food Delivery,Alex Cherian,Unknown,4,2025-04-19 05:50:10,Prompt service.,prompt service.,0,2,15,0,0,0,1.0,0,0,0.0,1,0,1,0.0,0,1,0,4.0,0.0
c80571d4-f030-44e0-9339-daa96d90ff35,Careem,Food Delivery,Yasser Awad,Unknown,3,2025-04-19 08:27:55,The app needs update and improvement still expecting better soon,the app needs update and improvement still expecting better soon,0,10,64,0,0,0,1.0,0,1,0.7096,1,0,1,0.0,0,1,0,3.0,0.0
febcb421-5c0e-4a16-b129-e521044f484d,Careem,Food Delivery,Artem Akramov,Unknown,4,2025-04-21 09:59:25,Good program but need to put more attention on costumer help service and make more offers for regular clients and keep updating application usage it looks 5/10😒🫥,good program but need to put more attention on costumer help service and make more offers for regular clients and keep updating application usage it looks 5/10😒🫥,0,27,161,2,0,0,0.9259259259259259,1,1,0.6705,1,0,1,0.0,0,1,0,4.0,0.0
5e5e64ba-d775-4a00-8994-f919259b1946,Careem,Food Delivery,Ali Hassan,Unknown,4,2025-04-21 23:04:42,fantastic 😊,fantastic 😊,0,2,11,1,0,0,1.0,0,0,0.8625,1,0,1,0.0,0,1,0,4.0,0.0
e0a0f809-4c50-4636-bcd8-21b1ba17037c,Careem,Food Delivery,bruno cingo,Unknown,2,2025-04-23 10:09:39,"Disappointing, presented as one of the best app to arrange transfers, nothing is working to book a transfer, cash payment ❌️, debit card ❌️, credit card ❌️, wallet ❌️ No recommended at all.","disappointing, presented as one of the best app to arrange transfers, nothing is working to book a transfer, cash payment ❌️, debit card ❌️, credit card ❌️, wallet ❌️ no recommended at all.",0,33,189,0,0,0,0.8787878787878788,0,1,0.4603,1,0,1,0.0,0,1,0,2.0,0.0
66ba211a-da57-4c51-a552-44d999b8e08e,Careem,Food Delivery,K R,Unknown,4,2025-04-23 15:34:06,they have improved a great deal over time,they have improved a great deal over time,0,8,41,0,0,0,1.0,1,0,0.802,1,0,2,0.0,0,1,0,2.5,2.1213203435596424
e616ea1c-de04-4913-a028-373931d70649,Careem,Food Delivery,M Omran,Unknown,4,2025-04-23 20:09:50,It's been a long time waiting to find a driver,it's been a long time waiting to find a driver,0,10,46,0,0,0,0.9,0,0,0.0,1,0,1,0.0,0,1,0,4.0,0.0
66d706cf-23d6-4917-8d86-4ede9a0164b1,Careem,Food Delivery,Dhanika Dudeja,Unknown,2,2025-04-25 18:00:34,orders get placed automatically without selection of pay now,orders get placed automatically without selection of pay now,0,9,60,0,0,0,1.0,0,0,0.0762,1,0,1,0.0,0,1,0,2.0,0.0
736f92ad-f85d-41ac-bd3c-0769c5f5a856,Careem,Food Delivery,Dhiraj Kumar,Unknown,2,2025-04-26 20:31:28,very bad .,very bad .,0,3,10,0,0,0,1.0,0,0,-0.5849,1,0,1,0.0,0,1,0,2.0,0.0
526a7ea8-ee03-45a8-b3a0-57657ab7b080,Careem,Food Delivery,Nada unicorn life,Unknown,3,2025-04-28 06:20:15,no available captains,no available captains,0,3,21,0,0,0,1.0,0,0,-0.296,1,0,1,0.0,0,1,0,3.0,0.0
5d6331e4-29e8-45f9-bacd-8e34e3bc723b,Careem,Food Delivery,Summaya Hanif,Unknown,4,2025-04-28 10:33:47,Affordable and reliable transport.,affordable and reliable transport.,0,4,34,0,0,0,1.0,0,0,0.0,1,0,1,0.0,0,1,0,4.0,0.0
befefb34-0332-498b-a5de-96d1e2a5f3b6,Careem,Food Delivery,Sweta Jaiswal,Unknown,4,2025-04-29 04:22:28,nice ride and cooperative driver,nice ride and cooperative driver,0,5,32,0,0,0,1.0,0,0,0.4215,1,0,1,0.0,0,1,0,4.0,0.0
f36e7c20-ac20-42de-84ef-1e8df31e43b2,Careem,Food Delivery,Moiz Muhammad,Unknown,4,2025-04-29 19:35:04,impressed,impressed,0,1,9,0,0,0,1.0,0,0,0.4767,1,0,1,0.0,0,1,0,4.0,0.0
093c9b95-60d1-4619-85c1-a58f2b03a786,Careem,Food Delivery,Saeed Gill,Unknown,3,2025-04-29 19:58:11,exceptional service,exceptional service,0,2,19,0,0,0,1.0,0,0,0.0,1,0,1,0.0,0,1,0,3.0,0.0
96664925-877e-4e0f-b4e0-9f2ebbbca482,Careem,Food Delivery,Tanvir,Unknown,4,2025-04-30 17:13:31,Excellent Experience today,excellent experience today,0,3,26,0,0,0,1.0,0,0,0.5719,1,0,1,0.0,0,1,0,4.0,0.0
0c93a37f-f78c-4555-a551-14c3f91138b9,Careem,Food Delivery,Amr M. Ibrahem,Unknown,4,2025-05-01 17:03:50,اسوء برنامج واسوء تعامل مع الشركه دي المفروض اوبر تقفلها حاجه تقرف فعلا تقيمي دا من ٢٠٢٠ و دلوقت ٢٠٢٥ نفس لتقييم حتى بغد مرور ٥ سنوات,اسوء برنامج واسوء تعامل مع الشركه دي المفروض اوبر تقفلها حاجه تقرف فعلا تقيمي دا من ٢٠٢٠ و دلوقت ٢٠٢٥ نفس لتقييم حتى بغد مرور ٥ سنوات,0,27,133,0,0,0,1.0,0,0,0.0,1,0,1,0.0,0,1,0,4.0,0.0
9331dd2f-c6a6-4137-92c4-3d0107c195ec,Careem,Food Delivery,Far Ah,Unknown,4,2025-05-01 23:20:16,Excelent services,excelent services,0,2,17,0,0,0,1.0,0,0,0.0,1,0,1,0.0,0,1,0,4.0,0.0
f4dd2af3-df7b-4ff7-b7de-045eb3e64ddc,Careem,Food Delivery,Ehsan Ahmad,Unknown,4,2025-05-02 00:05:39,grocery order pa products ki pic show ni ho rhe,grocery order pa products ki pic show ni ho rhe,0,10,47,0,0,0,1.0,0,0,0.0,1,0,1,0.0,0,1,0,4.0,0.0
7c9f8586-03c9-4c30-9abc-10d28d8869ac,Careem,Food Delivery,Imtiaz Ahmed,Unknown,3,2025-05-02 05:20:57,"Fare,","fare,",0,1,5,0,0,0,1.0,0,0,0.0,1,0,1,0.0,0,1,0,3.0,0.0
8164b5f1-54f2-4790-8e1b-c6bac9ef4b18,Careem,Food Delivery,NIDA MARYYUM,Unknown,4,2025-05-03 01:23:45,outstanding team support,outstanding team support,0,3,24,0,0,0,1.0,0,0,0.7717,1,0,1,0.0,0,1,0,4.0,0.0
48e6256f-6d28-4977-b106-0cc94998d75c,Careem,Food Delivery,Shahriar Walid,Unknown,4,2025-05-03 05:51:41,overall the service quality is good. Some drivers lack manners and many of the cars have cigarette odor inside. Hope careem team will address these issues soon.,overall the service quality is good. some drivers lack manners and many of the cars have cigarette odor inside. hope careem team will address these issues soon.,0,27,160,0,0,0,0.9629629629629629,0,0,0.5423,1,0,1,0.0,0,1,0,4.0,0.0
97bc5a30-8d59-4f5f-be66-ad40ce702a92,Careem,Food Delivery,M Suleman,Unknown,2,2025-05-03 19:03:02,This app doesn't work .and it's really not reliable .to book ataxi to airport it's risky,this app doesn't work .and it's really not reliable .to book ataxi to airport it's risky,0,16,88,0,0,0,0.9375,0,1,-0.2023,1,0,1,0.0,0,1,0,2.0,0.0
04810b0d-41c4-45d4-9f07-7efc4cb30613,Careem,Food Delivery,Rittin suresh,Unknown,4,2025-05-04 04:03:47,v good,v good,0,2,6,0,0,0,1.0,0,0,0.4404,1,0,1,0.0,0,1,0,4.0,0.0
3ea9373a-4da4-4a9b-9f73-b6aa74def965,Careem,Food Delivery,Naveen Srichand,Unknown,4,2025-05-04 12:06:13,adding the cards for payments to be improved,adding the cards for payments to be improved,0,8,44,0,0,0,1.0,0,0,0.4767,1,0,1,0.0,0,1,0,4.0,0.0
6109b088-731f-41c6-a5d3-6981954fd3f9,Careem,Food Delivery,muhammadazam muhammadazam,Unknown,4,2025-05-05 01:17:17,affordable ride.,affordable ride.,0,2,16,0,0,0,1.0,0,0,0.0,1,0,1,0.0,0,1,0,4.0,0.0
bcab1ea7-5032-498e-be8e-38d903c58768,Careem,Food Delivery,Bilal mahmood,Unknown,4,2025-05-05 12:24:52,good app,good app,0,2,8,0,0,0,1.0,0,1,0.4404,1,0,1,0.0,0,5,0,4.0,0.0
43bd0ed9-ac4b-46f9-91f8-5e7cf5a9fa07,Careem,Food Delivery,الخالة فاتن,Unknown,2,2025-05-05 21:31:52,"Veeery nice Application, timing/dealing/safety all , thank you","veeery nice application, timing/dealing/safety all , thank you",0,8,62,0,0,0,1.0,1,1,0.6486,1,0,1,0.0,0,1,1,2.0,0.0
e4447df8-db5b-459a-8807-122b47419263,Careem,Food Delivery,Kamal Khoury,Unknown,4,2025-05-06 05:53:51,The captains cannot be happy when the company is taking 30 percent of their fees under such circumstances.,the captains cannot be happy when the company is taking 30 percent of their fees under such circumstances.,1,18,106,0,0,0,0.9444444444444444,0,1,-0.4585,1,0,1,0.0,0,1,0,4.0,0.0
402b8cd2-5629-4cfa-9747-fafb49adfdb5,Careem,Food Delivery,Mehak Hasan,Unknown,4,2025-05-06 13:48:12,this is one of the best apps,this is one of the best apps,0,7,28,0,0,0,1.0,0,1,0.6369,1,0,1,0.0,0,1,0,4.0,0.0
ce916733-1903-4abe-bc88-4dadf2db62bf,Careem,Food Delivery,Ntando Budaza,Unknown,4,2025-05-06 18:35:14,The user interface makes it easier to navigate.,the user interface makes it easier to navigate.,0,8,47,0,0,0,1.0,0,0,0.4215,1,0,1,0.0,0,1,0,4.0,0.0
6b64ec73-36de-4e01-891e-5016e1aa50e7,Careem,Food Delivery,Raja Ashfaq Hussain,Unknown,4,2025-05-07 01:14:03,very helpful very good app,very helpful very good app,0,5,26,0,0,0,0.8,0,1,0.7615,1,0,1,0.0,0,1,0,4.0,0.0
6e2f1e21-9498-425e-b575-28e987cbc32d,Careem,Food Delivery,Muhammad Shehryar,Unknown,2,2025-05-07 07:25:35,Loving,loving,0,1,6,0,0,0,1.0,0,0,0.5994,1,0,1,0.0,0,1,1,2.0,0.0
31bde6bc-e9d8-4487-9453-ce19b8f79edc,Careem,Food Delivery,Hassan Daoud,Unknown,4,2025-05-07 12:54:06,good application. but only for 4 persons max. if you are 5 persons there is no option to order a bigger taxi for 5 persons.,good application. but only for 4 persons max. if you are 5 persons there is no option to order a bigger taxi for 5 persons.,0,25,123,0,0,0,0.88,0,1,-0.2144,1,0,1,0.0,0,1,0,4.0,0.0
4e494475-4e03-414b-a26e-f46f83696347,Careem,Food Delivery,Tahir Raza Khaskheli,Unknown,2,2025-05-07 19:36:11,the app interface is user friendly the payment options and getaway great... it's very amazing app I used everyday ..,the app interface is user friendly the payment options and getaway great... it's very amazing app i used everyday ..,0,20,116,0,0,0,0.9,0,1,0.908,1,0,1,0.0,0,1,1,2.0,0.0
f79a06d1-0c87-4324-84c1-14377540de14,Careem,Food Delivery,Murad Khan,Unknown,4,2025-05-08 07:35:46,good app but ek hi jaga ka kiraya different hota hai,good app but ek hi jaga ka kiraya different hota hai,0,11,52,0,0,0,1.0,0,1,0.2382,1,0,1,0.0,0,1,0,4.0,0.0
4b8181d4-4b7b-4539-a87d-72af6251852f,Careem,Food Delivery,Jenny Bermas,Unknown,3,2025-05-10 06:33:32,"Thank you for taking actions on my concerns of captains behaviour , so I'll reconsider reinstalling your apps since it's still the best taxi booking apps so far compared to other apps.","thank you for taking actions on my concerns of captains behaviour , so i'll reconsider reinstalling your apps since it's still the best taxi booking apps so far compared to other apps.",0,32,184,0,0,0,0.9375,1,1,0.7717,1,0,1,0.0,0,1,0,3.0,0.0
6dc2d978-542a-449e-b62d-a7fa7f71df7f,Careem,Food Delivery,Muhammad Zain,Unknown,3,2025-05-10 08:10:02,just need to improve driver behaviour and mishandling of drivers also controlled rated please,just need to improve driver behaviour and mishandling of drivers also controlled rated please,0,14,93,0,0,0,1.0,0,0,0.6369,1,0,1,0.0,0,1,0,3.0,0.0
cff78065-2807-4169-9f98-02a4db2d1766,Careem,Food Delivery,Sara Sawsaw,Unknown,2,2025-05-10 10:53:42,دايما مفيش عربيات صبح او الضهر او بليل علشان اطلب رحله اقعد ساعتين منتظرة لا أعرف استخدم الابلكيشن الصبح بدرى ولا الضهر اومال نطلب امتي,دايما مفيش عربيات صبح او الضهر او بليل علشان اطلب رحله اقعد ساعتين منتظرة لا أعرف استخدم الابلكيشن الصبح بدرى ولا الضهر اومال نطلب امتي,0,25,135,0,0,0,0.92,0,0,0.0,1,0,1,0.0,0,1,0,2.0,0.0
9293f7a7-3da4-480f-930f-f9fffa417e83,Careem,Food Delivery,مستقيم عبدالله,Unknown,4,2025-05-10 15:05:16,very helpful so easy to use,very helpful so easy to use,0,6,27,0,0,0,1.0,0,0,0.8,1,0,1,0.0,0,1,0,4.0,0.0
c2ae5cce-c371-427d-a774-03f93c3e32a0,Careem,Food Delivery,Sajjad Dogar,Unknown,4,2025-05-11 05:09:39,"Careem RidesThank you and easy order food and groceriesThe term ""Cream App"" refers to multiple applications across various platforms, each serving different purposes. Below is an overview of some notable apps named ""Cream"":","careem ridesthank you and easy order food and groceriesthe term ""cream app"" refers to multiple applications across various platforms, each serving different purposes. below is an overview of some notable apps named ""cream"":",0,33,223,0,0,0,0.9696969696969697,0,1,0.4404,1,0,1,0.0,0,1,0,4.0,0.0
e676765f-930f-440f-b6ba-0bf1b9a73f64,Careem,Food Delivery,Shah Shahgnaz,Unknown,3,2025-05-11 07:20:54,not use,not use,0,2,7,0,0,0,1.0,0,0,0.0,1,0,1,0.0,0,1,0,3.0,0.0
01d6acb3-e07a-4dcc-802d-0ad8ae4c2a03,Careem,Food Delivery,Sanam Umair,Unknown,4,2025-05-11 19:44:39,good app i ride this,good app i ride this,0,5,20,0,0,0,1.0,0,1,0.4404,1,0,1,0.0,0,1,0,4.0,0.0
19f2c9aa-8860-4f59-a94f-dc5f8092f999,Careem,Food Delivery,Usman Qureshi,Unknown,4,2025-05-12 06:34:32,Good service ...,good service ...,0,3,16,0,0,0,1.0,0,0,0.4404,1,0,1,0.0,0,1,0,4.0,0.0
1db235d5-1334-41e4-9da8-9dfd6a34d0df,Careem,Food Delivery,Phine Modesty,Unknown,4,2025-05-12 07:38:55,Very nice,very nice,0,2,9,0,0,0,1.0,0,0,0.4754,1,0,1,0.0,0,3,0,4.0,0.0
9a3c98e1-0fac-463c-824a-d7cd69aaa859,Careem,Food Delivery,Abdulrahman Al Rabeih,Unknown,3,2025-05-12 14:07:17,تطبيق حلو بس السيارات الي فيها بعضها مكسرة وحوسه مو مثل اوبر يجيب جديدة مره سياراتهم,تطبيق حلو بس السيارات الي فيها بعضها مكسرة وحوسه مو مثل اوبر يجيب جديدة مره سياراتهم,0,16,84,0,0,0,1.0,0,0,0.0,1,0,1,0.0,0,1,0,3.0,0.0
b37e231b-6619-4442-ad6b-1dfafabefa48,Careem,Food Delivery,Adnan Murtaza,Unknown,4,2025-05-13 04:08:18,"the only issue I have is calculating when dueing peak hours when fares are higher, you can't calculate, and at times you miss the message whole together and get shock when driver ask for more.","the only issue i have is calculating when dueing peak hours when fares are higher, you can't calculate, and at times you miss the message whole together and get shock when driver ask for more.",0,35,192,0,0,0,0.8571428571428571,0,0,-0.4939,1,0,1,0.0,0,1,0,4.0,0.0
a13bff98-5f07-401e-87ae-61db9350852e,Careem,Food Delivery,Ali Hussain,Unknown,4,2025-05-13 19:12:10,amazing 😍,amazing 😍,0,2,9,1,0,0,1.0,0,0,0.7783,1,0,1,0.0,0,2,0,4.0,0.0
d9842ab9-81c2-44b7-9c08-2cb9a8f029aa,Careem,Food Delivery,Martha Divine,Unknown,3,2025-05-14 09:43:08,I love the app,i love the app,0,4,14,0,0,0,1.0,0,1,0.6369,1,0,1,0.0,0,1,0,3.0,0.0
e8fd2897-cea8-4f07-8f1f-6d1ed3749a0d,Careem,Food Delivery,Shaza Ahmed,Unknown,2,2025-05-14 22:24:02,بياخد وقت طويل بساعه علي بال ما كابتن يقبل الرحله واغلب السيارات مهلكه وديما بيطول المسافه عشان يزود الاجر في تاكسيات كتير عليه ومكتوب انها ملاكي ابيض لازم تعملو تحريات وتراجو السيارات اللي بتشترك,بياخد وقت طويل بساعه علي بال ما كابتن يقبل الرحله واغلب السيارات مهلكه وديما بيطول المسافه عشان يزود الاجر في تاكسيات كتير عليه ومكتوب انها ملاكي ابيض لازم تعملو تحريات وتراجو السيارات اللي بتشترك,0,34,196,0,0,0,0.9705882352941176,0,0,0.0,1,0,1,0.0,0,1,0,2.0,0.0
8867f5f3-c252-496c-a861-4842792a0c36,Careem,Food Delivery,Fadi Fakhouri,Unknown,2,2025-05-15 07:05:40,Why would you charge me for the ride before completion? In case of a car breakdown etc. you should charge my cc after i arrive to my destination.,why would you charge me for the ride before completion? in case of a car breakdown etc. you should charge my cc after i arrive to my destination.,0,28,145,0,0,0,0.8928571428571429,0,0,0.0,1,0,1,0.0,0,1,0,2.0,0.0
25f49235-f6fe-4892-a7e0-625581b30747,Careem,Food Delivery,Andy Susilo,Unknown,4,2025-05-16 08:02:49,Hello. Which Careem App to get to rent a bike in Madeenah ? Thank you.,hello. which careem app to get to rent a bike in madeenah ? thank you.,0,15,70,0,0,0,0.9333333333333333,0,1,0.3612,1,0,1,0.0,0,1,0,4.0,0.0
0e36419a-3174-4ed5-bf50-e3966e9cb3ff,Careem,Food Delivery,Manuel Durán,Unknown,2,2025-05-16 09:40:13,Customer Service unefficient,customer service unefficient,0,3,28,0,0,0,1.0,0,0,0.0,1,0,1,0.0,0,1,0,2.0,0.0
42c75b1b-8bbd-4e86-931f-ee2cc916d904,Careem,Food Delivery,ye yongshi,Unknown,3,2025-05-16 14:00:13,"All promo is not working, example ENBD","all promo is not working, example enbd",0,7,38,0,0,1,1.0,0,0,0.0,1,0,1,0.0,0,1,0,3.0,0.0
da2cc451-a74a-425a-8074-bcf195a5e019,Careem,Food Delivery,aya arab,Unknown,4,2025-05-17 07:12:30,customer service is great. many instances where delivery was dropped or wrong delivery or issues with taxis but always the customer service find a solution. this is what is keeping me using this app,customer service is great. many instances where delivery was dropped or wrong delivery or issues with taxis but always the customer service find a solution. this is what is keeping me using this app,4,34,198,0,0,0,0.7941176470588235,0,1,0.5346,1,0,1,0.0,0,1,0,4.0,0.0
94ef4782-9bec-471e-8d5d-5d167d150f05,Careem,Food Delivery,Abdulrazzak Shahin,Unknown,4,2025-05-18 17:03:28,update : thank for solving my problem not good .. I can not cancel my subscription.. and careem make renewal automatically .. and support explain on old applications.,update : thank for solving my problem not good .. i can not cancel my subscription.. and careem make renewal automatically .. and support explain on old applications.,0,28,166,0,0,0,0.8571428571428571,0,1,0.4997,1,0,1,0.0,0,1,0,4.0,0.0
2532077c-ec34-4454-84a7-50b96c2f5c26,Careem,Food Delivery,Nahla Abbadi,Unknown,4,2025-05-20 05:21:33,مناسب بالازمات,مناسب بالازمات,0,2,14,0,0,0,1.0,0,0,0.0,1,0,1,0.0,0,1,0,4.0,0.0
799c5abb-30d9-4b37-918f-85bef8f839bf,Careem,Food Delivery,Paklang Adam,Unknown,4,2025-05-20 13:29:56,Ok.. But driver cannot speak English.,ok.. but driver cannot speak english.,0,6,37,0,0,0,1.0,0,0,0.0,1,0,1,0.0,0,1,0,4.0,0.0
af77bef4-b7df-4c3e-9b43-c0121600f359,Careem,Food Delivery,Mak Amin,Unknown,3,2025-05-21 01:37:28,Just wanted to know about the women riders I don't know if it is still working in Pakistan or not.,just wanted to know about the women riders i don't know if it is still working in pakistan or not.,0,20,98,0,0,0,0.95,0,0,0.0,1,0,1,0.0,0,1,0,3.0,0.0
5e81b13a-745e-4aca-b204-a8ee2d003976,Careem,Food Delivery,George Ibrahim,Unknown,3,2025-05-21 17:40:06,This app only opens with Data package. Very slow on WiFi despite other apps are working well.,this app only opens with data package. very slow on wifi despite other apps are working well.,0,17,93,0,0,0,1.0,0,1,0.2732,1,0,1,0.0,0,1,0,3.0,0.0
0ef895c8-c1f9-46a9-bc7c-4f5cdb7e45d4,Careem,Food Delivery,Habib Ashraf,Unknown,4,2025-05-21 21:56:23,excellent...,excellent...,0,1,12,0,0,0,1.0,0,0,0.5719,1,0,1,0.0,0,2,0,4.0,0.0
44af4799-d481-4f5e-96a6-bedcf5a0b56c,Careem,Food Delivery,Rose Maria,Unknown,2,2025-05-22 05:13:50,I had a bad experience the captain cancelled the ride at last minute and I was charged 12aed as outstanding amount.,i had a bad experience the captain cancelled the ride at last minute and i was charged 12aed as outstanding amount.,0,21,115,0,0,0,0.9047619047619048,0,0,-0.3182,1,0,1,0.0,0,1,0,2.0,0.0
5efb2b53-0fef-4317-9c36-142bc66da9dc,Careem,Food Delivery,eslam mobarak,Unknown,3,2025-05-22 17:48:54,بعض الاحيان يتم خصم مصاريف اضافية بدون معرفة السبب والمفروض ان فيه اتفاق مسبق على السعر,بعض الاحيان يتم خصم مصاريف اضافية بدون معرفة السبب والمفروض ان فيه اتفاق مسبق على السعر,0,16,87,0,0,0,1.0,0,0,0.0,1,0,1,0.0,0,1,0,3.0,0.0
185ff74f-1cb5-49f5-b982-7ff76ed2073d,Careem,Food Delivery,Mary Ann deramos,Unknown,4,2025-05-23 07:09:02,it's good useful,it's good useful,0,3,16,0,0,0,1.0,0,0,0.7003,1,0,1,0.0,0,1,0,4.0,0.0
e7a0f4d6-fd2b-4897-931d-61cee33b4d2b,Careem,Food Delivery,SHAHID THAKUR,Unknown,2,2025-05-24 18:35:52,Unable to order food. Unable to ask help even as help message also doesn't go. No helpline number. Server issues perhaps.,unable to order food. unable to ask help even as help message also doesn't go. no helpline number. server issues perhaps.,0,21,121,0,0,0,0.8571428571428571,0,0,0.7241,1,0,1,0.0,0,1,1,2.0,0.0
3c28fad5-e877-483d-ac1f-c0e4db7d8850,Careem,Food Delivery,kenneth wakhasa,Unknown,4,2025-05-25 08:44:14,Great app,great app,0,2,9,0,0,0,1.0,0,1,0.6249,1,0,1,0.0,0,5,0,4.0,0.0
021f7055-17fe-4d92-b673-1b40e17e38b7,Careem,Food Delivery,Yasmeen Haimour,Unknown,2,2025-05-25 16:05:27,Messes up orders talabat wins,messes up orders talabat wins,0,5,29,0,0,0,1.0,0,0,0.5719,1,0,1,0.0,0,1,1,2.0,0.0
47ff5c19-029a-4232-927c-b966867f11be,Careem,Food Delivery,Saaketh K,Unknown,4,2025-05-26 06:19:12,Mostly a perfect app.,mostly a perfect app.,0,4,21,0,0,0,1.0,0,1,0.5719,1,0,1,0.0,0,1,0,4.0,0.0
33ca0083-d180-4b45-b755-9ad728e7085a,Careem,Food Delivery,KAAKIGHIR RHODA,Unknown,4,2025-05-26 20:25:35,Good work guys,good work guys,0,3,14,0,0,0,1.0,0,0,0.4404,1,0,1,0.0,0,1,0,4.0,0.0
2fe63f4d-9f2a-483d-9612-373212644381,Careem,Food Delivery,samson obot,Unknown,4,2025-05-28 09:20:12,Good one,good one,0,2,8,0,0,0,1.0,0,0,0.4404,1,0,1,0.0,0,2,0,4.0,0.0
073f77c1-a832-44be-93d3-0d5d77b975a2,Careem,Food Delivery,Marafaa,Unknown,2,2025-05-29 12:49:04,high prices,high prices,0,2,11,0,0,0,1.0,0,0,0.0,1,0,1,0.0,0,1,0,2.0,0.0
bc30034f-d813-422e-b5fc-319d9ff49c01,Careem,Food Delivery,Syed Arbab,Unknown,3,2025-05-29 22:48:06,hello cream please make my account all documents put in your app but 2 months ago no response,hello cream please make my account all documents put in your app but 2 months ago no response,0,18,93,0,0,0,1.0,0,1,-0.2846,1,0,1,0.0,0,1,0,3.0,0.0
77542f97-5d61-437c-93a0-7d3a7c595f58,Careem,Food Delivery,jasim Uddin,Unknown,3,2025-05-30 00:31:15,"Please consider adding a feature to save the places I've visited in the app, so I can tap to open the location directly later.","please consider adding a feature to save the places i've visited in the app, so i can tap to open the location directly later.",1,24,126,0,0,0,0.875,1,1,0.6705,1,0,1,0.0,0,1,0,3.0,0.0
3109e4ea-b019-44f8-9f81-e9fa738ab2bb,Careem,Food Delivery,Abdul Aziz,Unknown,4,2025-05-30 05:13:28,good service but wait time is long and bikes are not available early morning and some areas,good service but wait time is long and bikes are not available early morning and some areas,0,17,91,0,0,0,0.9411764705882353,0,0,0.2382,1,0,1,0.0,0,1,0,4.0,0.0
6cd21af5-d839-491c-b3ec-f94d2789062f,Careem,Food Delivery,Jubayer Ahmad,Unknown,4,2025-05-30 16:29:24,"very very nice l, wonderful","very very nice l, wonderful",0,5,27,0,0,0,0.8,0,0,0.8092,1,0,1,0.0,0,1,0,4.0,0.0
3fa21c2f-7afe-4cd2-91ea-8e6b9cc029b9,Careem,Food Delivery,Amin Khan,Unknown,4,2025-06-01 05:13:14,its amazing 👏 really work for me and saved my time and money really love its in hajj to much easy but one star cut one time issue face and their support team not understanding issue sometimes,its amazing 👏 really work for me and saved my time and money really love its in hajj to much easy but one star cut one time issue face and their support team not understanding issue sometimes,0,37,191,1,0,0,0.8108108108108109,0,0,0.8358,1,0,1,0.0,0,1,0,4.0,0.0
ac128da9-460a-4f82-9a34-7e3c6189213f,Careem,Food Delivery,frixtale 24,Unknown,4,2025-06-02 09:22:01,Good reasonable prices. good service,good reasonable prices. good service,0,5,36,0,0,0,0.8,0,0,0.7003,1,0,1,0.0,0,1,0,4.0,0.0
b95e4777-a3e9-4697-9609-a36f48d93c92,Careem,Food Delivery,Mriana Al-hassan,Unknown,2,2025-06-02 18:34:23,"the bike service is very bad ,, after tens times of trying to scan the bike , it was unlocked but the bike is not working,,the wheels is stuck,,and that's after I paid 19 Aed","the bike service is very bad ,, after tens times of trying to scan the bike , it was unlocked but the bike is not working,,the wheels is stuck,,and that's after i paid 19 aed",1,35,174,0,0,0,0.8,0,0,-0.3392,1,0,1,0.0,0,1,0,2.0,0.0
6119bb3f-ec26-454f-8580-77dbc38a3627,Careem,Food Delivery,Ilia Rio,Unknown,2,2025-06-04 05:42:35,too much spam and ad,too much spam and ad,0,5,20,0,0,0,1.0,0,0,-0.3612,1,0,1,0.0,0,1,0,2.0,0.0
ea444364-1132-4d00-a1b2-bb2abac6e240,Careem,Food Delivery,Keisalius,Unknown,4,2025-06-04 14:25:17,Has a problem with connection sometimes.,has a problem with connection sometimes.,0,6,40,0,0,0,1.0,0,0,-0.4019,1,0,1,0.0,0,1,0,4.0,0.0
6145b497-3a3d-45d4-a20f-6cc18626e2c4,Careem,Food Delivery,Ban ghazi,Unknown,3,2025-06-05 05:13:01,الاسعار غالية جدا,الاسعار غالية جدا,0,3,17,0,0,0,1.0,0,0,0.0,1,0,1,0.0,0,1,0,3.0,0.0
22198e3c-ea89-4199-a300-4b9c1c1d685b,Careem,Food Delivery,Divas Live,Unknown,4,2025-06-05 09:03:43,"it was nice, the driver is so accommodating and good guy. 👍👍👍⭐️⭐️⭐️","it was nice, the driver is so accommodating and good guy. 👍👍👍⭐️⭐️⭐️",0,12,67,3,0,0,1.0,0,0,0.7152,1,0,1,0.0,0,1,0,4.0,0.0
04f32195-a55d-420c-ae61-6a6ea1f6f992,Careem,Food Delivery,Anisah Abdul Jabbar,Unknown,2,2025-06-06 02:13:22,Today is Eid and I didn't make it due to your app that didn't work. 😭,today is eid and i didn't make it due to your app that didn't work. 😭,0,16,69,1,0,0,0.9375,0,1,0.3724,1,0,1,0.0,0,1,0,2.0,0.0
5fb3eed5-5a67-4899-829d-6b969af45620,Careem,Food Delivery,Your Majesty,Unknown,2,2025-06-06 08:36:38,"Standards have dropped, executive cars no better than a local taxi witheather seats.","standards have dropped, executive cars no better than a local taxi witheather seats.",0,13,84,0,0,0,1.0,0,0,-0.3412,1,0,1,0.0,0,1,0,2.0,0.0
c7c58a77-49dc-4baa-b8f8-b41263abf7dd,Careem,Food Delivery,Vishwajit Shah,Unknown,3,2025-06-06 19:32:19,expensive but great availability as comparisons with other apps,expensive but great availability as comparisons with other apps,0,9,63,0,0,0,1.0,0,1,0.7684,1,0,1,0.0,0,1,0,3.0,0.0
477637e0-5c25-4d3d-8d21-04adec7444c7,Careem,Food Delivery,tarek samir,Unknown,2,2025-06-07 14:44:44,معدش موجود عندي خاصية حجز رحله لاحقا ايه المشكله ولا معدتش موجوده في التطبيق,معدش موجود عندي خاصية حجز رحله لاحقا ايه المشكله ولا معدتش موجوده في التطبيق,0,14,76,0,0,0,1.0,0,0,0.0,1,0,1,0.0,0,1,0,2.0,0.0
8d17a064-1a16-4ed6-92d4-1746884e7354,Careem,Food Delivery,Ubaid Khattak,Unknown,2,2025-06-08 08:02:03,is any one is alive in this app ?? I sent my documents for captain 10 days ago is still is in pending.. city Islamabad Pakistan,is any one is alive in this app ?? i sent my documents for captain 10 days ago is still is in pending.. city islamabad pakistan,0,26,127,0,0,0,0.8461538461538461,0,1,0.4515,1,0,1,0.0,0,1,0,2.0,0.0
40096734-e02f-4f58-a18d-5fa48bbecef6,Careem,Food Delivery,Emelinda Medina,Unknown,2,2025-06-08 09:42:59,not the same number I book.,not the same number i book.,0,6,27,0,0,0,1.0,0,0,-0.0572,1,0,1,0.0,0,1,0,2.0,0.0
2c4fa164-40fd-4ec2-9437-8358665949f5,Careem,Food Delivery,Suraj Basnet,Unknown,3,2025-06-09 01:48:48,Too much expensive,too much expensive,0,3,18,0,0,0,1.0,0,0,0.0,1,0,1,0.0,0,1,0,3.0,0.0
8adad8e1-4b88-4fa6-a9dc-ce15e50492c4,Careem,Food Delivery,Kay 31,Unknown,2,2025-06-09 22:07:15,Unreliable service and drivers in makkah,unreliable service and drivers in makkah,0,6,40,0,0,0,1.0,0,0,0.0,1,0,1,0.0,0,1,0,2.0,0.0
f3fbd98b-22de-43f9-91c4-081752abbae8,Careem,Food Delivery,N K,Unknown,3,2025-06-10 05:10:32,"there is common bugs in the app. location sharing services, update the destination during journey, unexpected additional payment charged to the cards, long route selection are frustrating issues for this service.","there is common bugs in the app. location sharing services, update the destination during journey, unexpected additional payment charged to the cards, long route selection are frustrating issues for this service.",0,31,212,0,0,0,0.9354838709677419,0,1,-0.2263,1,0,1,0.0,0,1,0,3.0,0.0
3b654b1b-1905-47cc-9016-5c670dd63d18,Careem,Food Delivery,Dania L,Unknown,2,2025-06-10 20:11:54,"Be careful, you can't unsubscribe or delete your credit card from this app, it will keep withdrawing from your bank account, some services are not working like paying sewa bills, it's disfunctional for more than a year now","be careful, you can't unsubscribe or delete your credit card from this app, it will keep withdrawing from your bank account, some services are not working like paying sewa bills, it's disfunctional for more than a year now",1,38,222,0,0,0,0.9473684210526315,0,1,0.2709,1,0,1,0.0,0,1,0,2.0,0.0
427d0707-a05c-4d78-abef-370be6995bfa,Careem,Food Delivery,Alaa Dergham,Unknown,4,2025-06-11 00:35:28,careem is the best services in Kurdistan iraq,careem is the best services in kurdistan iraq,0,8,45,0,0,0,1.0,0,0,0.6369,1,0,1,0.0,0,1,0,4.0,0.0
2fc38642-5b0d-4e98-ab2c-333dbabcae0f,Careem,Food Delivery,Anita Singh,Unknown,2,2025-06-11 13:13:54,The fares predicted are never right. The app shows the fare range but the fares always jump by 20 or more Aed.,the fares predicted are never right. the app shows the fare range but the fares always jump by 20 or more aed.,0,22,110,0,0,0,0.8181818181818182,0,1,0.0,1,0,1,0.0,0,1,0,2.0,0.0
7c50d90e-37e7-4d6f-8028-2c9b84c031bf,Careem,Food Delivery,Fredrick Wouland Tuyee,Unknown,4,2025-06-12 14:15:22,a good experience so far,a good experience so far,0,5,24,0,0,0,1.0,0,0,0.4404,1,0,1,0.0,0,1,0,4.0,0.0
3f5db385-4baf-4b53-88cd-b62fa30b0d11,Careem,Food Delivery,Andriansyah,Unknown,4,2025-06-13 07:05:01,I hope the price is fixed. My first experience using the ride is quite surprising because the displayed fare in the initial booking is lesser than the displayed fare in the end of the booking (after arriving at the destination).,i hope the price is fixed. my first experience using the ride is quite surprising because the displayed fare in the initial booking is lesser than the displayed fare in the end of the booking (after arriving at the destination).,4,40,228,0,0,0,0.675,0,0,0.6478,1,0,1,0.0,0,1,0,4.0,0.0
1a235a74-1fd8-4aae-bb7f-d035a796a331,Careem,Food Delivery,Mary,Unknown,4,2025-06-13 11:51:22,"Canceling of rides is a problem and one is being charged for rides you never booked, please fix the issue of cancelation. Wow the ride issue has been resolved, thanks for your prompt response.","canceling of rides is a problem and one is being charged for rides you never booked, please fix the issue of cancelation. wow the ride issue has been resolved, thanks for your prompt response.",0,34,192,0,0,0,0.8235294117647058,0,0,0.4475,1,0,1,0.0,0,1,0,4.0,0.0
be35427a-e0d2-4870-81ef-f2f5bd061684,Careem,Food Delivery,Umer Ali,Unknown,2,2025-06-13 14:43:50,so much expensive than other companies 👎🏻,so much expensive than other companies 👎🏻,0,7,41,2,0,0,1.0,0,0,0.0,1,0,1,0.0,0,1,0,2.0,0.0
23b4bcab-4c72-45da-aa95-eafd8b2084cf,Careem,Food Delivery,jibin earnest,Unknown,4,2025-06-13 20:29:14,good experience with careem..,good experience with careem..,0,4,29,0,0,0,1.0,0,0,0.4404,1,0,1,0.0,0,1,0,4.0,0.0
45a153c7-0d5c-442b-8f26-5f1033cf811b,Careem,Food Delivery,Rasul Abu Muhammad Amin,Unknown,2,2025-06-14 09:20:06,can't use it without phone number,can't use it without phone number,0,6,33,0,0,0,1.0,0,0,-0.0572,1,0,1,0.0,0,1,0,2.0,0.0
27bfd379-5ad4-40e6-bd4f-53883a5c2df7,Careem,Food Delivery,ADIL HUSSAIN,Unknown,4,2025-06-16 15:48:54,Amazing and good prices,amazing and good prices,0,4,23,0,0,0,1.0,0,0,0.7717,1,0,1,0.0,0,1,0,4.0,0.0
44ad0c33-af8e-403c-9594-d1859c0cfa75,Careem,Food Delivery,Al-Mothafar Al-Hasan,Unknown,4,2025-06-16 16:23:53,"rides are good, food is expensive tho, and careem Plus is worth it if you use the app a lot (3 orders monthly in avg)","rides are good, food is expensive tho, and careem plus is worth it if you use the app a lot (3 orders monthly in avg)",1,25,117,0,0,0,0.96,0,1,0.5859,1,0,1,0.0,0,1,0,4.0,0.0
761a82bc-34f2-4865-89bd-2646cc9bea6a,Careem,Food Delivery,Abood End,Unknown,4,2025-06-17 10:17:03,best app,best app,0,2,8,0,0,0,1.0,0,1,0.6369,1,0,1,0.0,0,1,0,4.0,0.0
10f92ab2-e594-4cba-bda4-fc939f17a430,Careem,Food Delivery,Rowena Dahlia Manuel,Unknown,4,2025-06-18 01:09:17,I really like the app but the card editing and removing wasn't fixed please upgrade it easily removing visa or Mastercard,i really like the app but the card editing and removing wasn't fixed please upgrade it easily removing visa or mastercard,0,21,121,0,0,0,0.9047619047619048,0,1,0.3723,1,0,1,0.0,0,1,0,4.0,0.0
c085b02b-947f-4b09-9b70-cb8fbf384f37,Careem,Food Delivery,Ashraf A.Gadir,Unknown,4,2025-06-19 07:07:06,Thank you for your prompt services.,thank you for your prompt services.,0,6,35,0,0,0,1.0,0,0,0.3612,1,0,1,0.0,0,1,0,4.0,0.0
5c3b1262-6b2c-44f9-bfdd-fef202d3f030,Careem,Food Delivery,Peter Schlesinger,Unknown,3,2025-06-20 08:12:28,unable to add address easily,unable to add address easily,0,5,28,0,0,0,1.0,0,0,0.34,1,0,1,0.0,0,1,0,3.0,0.0
6dfd6616-88ce-49b4-8f68-fceca7b3f765,Careem,Food Delivery,Ghazi Alirjan,Unknown,4,2025-06-20 23:48:19,I am pleased with the attitude of the captains,i am pleased with the attitude of the captains,0,9,46,0,0,0,0.8888888888888888,0,0,0.4404,1,0,1,0.0,0,1,0,4.0,0.0
e8133190-9d98-4339-a907-77fdfa91ed23,Careem,Food Delivery,Haidy Said,Unknown,5,2025-06-21 20:47:03,very good app honsetley people,very good app honsetley people,0,5,30,0,0,0,1.0,0,1,0.4927,1,0,1,0.0,0,1,0,5.0,0.0
43e692ef-3974-4bef-9fa4-3fbeeaf7af2e,Careem,Food Delivery,Marthin Febrilyan Samarta,Unknown,5,2025-06-22 05:46:44,oke very good,oke very good,0,3,13,0,0,0,1.0,0,0,0.4927,1,0,1,0.0,0,1,0,5.0,0.0
971750d8-4edd-4fd8-82dd-1156a9f2a6d6,Careem,Food Delivery,Avrildoll Vergara,Unknown,5,2025-06-22 06:39:45,"service is good, most of the driver are friendly","service is good, most of the driver are friendly",0,9,48,0,0,0,1.0,0,0,0.7269,1,0,1,0.0,0,1,0,5.0,0.0
cb4e2b50-f160-4133-8271-0db680b27002,Careem,Food Delivery,Gilbert Imbeah,Unknown,4,2025-06-22 12:15:42,very exciting rides,very exciting rides,0,3,19,0,0,0,1.0,0,0,0.5413,1,0,1,0.0,0,1,0,4.0,0.0
99950f45-b33a-4d97-8b17-54db0a1ab4b0,Careem,Food Delivery,Ahmad Zain,Unknown,3,2025-06-22 15:46:43,"the previous version is better, now I can't locate my place on the map","the previous version is better, now i can't locate my place on the map",0,14,70,0,0,0,0.9285714285714286,0,0,0.4404,1,0,1,0.0,0,1,0,3.0,0.0
3210a4bc-2fdb-4724-99f6-827b1284f2a9,Careem,Food Delivery,Ma Teresa Corales,Unknown,4,2025-06-22 16:45:59,very quick to come the driver is good.,very quick to come the driver is good.,0,8,38,0,0,0,1.0,0,0,0.4404,1,0,1,0.0,0,1,0,4.0,0.0
e3fd04de-69eb-4730-9af0-2ebee83bc78d,Careem,Food Delivery,Mohd Firdaus Omar,Unknown,5,2025-06-22 17:48:58,terbaik,terbaik,0,1,7,0,0,0,1.0,0,0,0.0,1,0,1,0.0,0,1,0,5.0,0.0
109aedee-f38a-4ee5-962a-870146ff7e90,Careem,Food Delivery,Girija Palani,Unknown,3,2025-06-22 17:57:29,"is mid,not good for rides as very slow service but good grocery and food bro","is mid,not good for rides as very slow service but good grocery and food bro",0,15,76,0,0,0,0.9333333333333333,0,0,0.7003,1,0,1,0.0,0,1,0,3.0,0.0
d9532490-524c-4b79-b57a-8c3c2d6602d3,Careem,Food Delivery,charisma Arabis,Unknown,5,2025-06-23 03:32:37,have a good rider career today apprecited,have a good rider career today apprecited,0,7,41,0,0,0,1.0,0,1,0.4404,1,0,1,0.0,0,1,0,5.0,0.0
a7aff441-511c-4c00-bfc3-71b7006d42ca,Careem,Food Delivery,Thandolwethu Madonsela,Unknown,4,2025-06-23 04:30:44,I love the food delivery services and what I love more is that you can donate on the app.,i love the food delivery services and what i love more is that you can donate on the app.,1,19,89,0,0,0,0.8421052631578947,0,1,0.8555,1,0,1,0.0,0,1,0,4.0,0.0
6150932f-aaae-4bc3-ad22-65aa78d7b03c,Careem,Food Delivery,Umarzebkhan Umarzebkhan,Unknown,5,2025-06-23 06:57:48,veri nice 👍,veri nice 👍,0,3,11,1,0,0,1.0,0,0,0.4215,1,0,1,0.0,0,1,0,5.0,0.0
f5b1d104-bebe-4fd2-ab06-ada096c3f6b2,Careem,Food Delivery,Reem Alsulaimani,Unknown,5,2025-06-23 11:47:45,جيد عرض التوصيل للمطار,جيد عرض التوصيل للمطار,0,4,22,0,0,0,1.0,0,0,0.0,1,0,1,0.0,0,1,0,5.0,0.0
b1a5874a-39cc-4357-b0e9-5b487352b7a4,Careem,Food Delivery,Rasheed Ahmad,Unknown,5,2025-06-23 12:33:33,fine service,fine service,0,2,12,0,0,0,1.0,0,0,0.2023,1,0,1,0.0,0,1,0,5.0,0.0
3d6067e1-bfed-4ee0-afb0-4484eb3cefa8,Careem,Food Delivery,Engr.Junaid Ahmad,Unknown,5,2025-06-23 15:31:48,It was too much good,it was too much good,0,5,20,0,0,0,1.0,0,0,0.4404,1,0,1,0.0,0,1,0,5.0,0.0
10735f56-9bfe-4b5e-a1d1-c13ea1ccf36a,Careem,Food Delivery,Ronald Vincent,Unknown,5,2025-06-24 04:46:11,fast n convenient reliable,fast n convenient reliable,0,4,26,0,0,0,1.0,0,0,0.0,1,0,1,0.0,0,1,0,5.0,0.0
06071ec0-d092-4f0b-b1ba-047c10c7937b,Careem,Food Delivery,RAFI ZameelZidan,Unknown,5,2025-06-24 05:15:24,super ❤️,super ❤️,0,2,8,0,0,0,1.0,0,0,0.5994,1,0,1,0.0,0,1,0,5.0,0.0
3a47a491-4d52-436d-ac21-697560b0cb4e,Careem,Food Delivery,Patrick Gahwolf,Unknown,5,2025-06-24 15:10:05,careem has always worked well for rides.,careem has always worked well for rides.,0,7,40,0,0,0,1.0,0,0,0.2732,1,0,1,0.0,0,1,0,5.0,0.0
30bdb988-6e3f-4dc8-9e21-682dd45337ed,Careem,Food Delivery,Mustafa Jawady,Unknown,4,2025-06-24 15:41:30,good and reliable app,good and reliable app,0,4,21,0,0,0,1.0,0,1,0.4404,1,0,1,0.0,0,1,0,4.0,0.0
19285240-0379-448d-a0ce-5a146c17bedd,Careem,Food Delivery,bob mis,Unknown,5,2025-06-25 04:47:29,help full my long distance,help full my long distance,0,5,26,0,0,0,1.0,0,0,0.4019,1,0,1,0.0,0,1,0,5.0,0.0
82edf883-1cc9-4570-8e61-c61bea2fab6e,Careem,Food Delivery,Mohammed Hussain,Unknown,5,2025-06-25 08:32:47,better than uber,better than uber,0,3,16,0,0,0,1.0,0,0,0.4404,1,0,1,0.0,0,1,0,5.0,0.0
dd34820a-def6-4c33-90c8-6c0e03605e50,Careem,Food Delivery,Mike Fideli,Unknown,5,2025-06-25 08:45:03,Great App when in Dubai,great app when in dubai,0,5,23,0,0,0,1.0,0,1,0.6249,1,0,1,0.0,0,1,0,5.0,0.0
edbaffed-e9cb-4bd5-82c1-1c723d99682b,Careem,Food Delivery,Ali kpk,Unknown,5,2025-06-25 10:16:42,very quick response customer service,very quick response customer service,0,5,36,0,0,0,1.0,0,0,0.0,1,0,1,0.0,0,1,0,5.0,0.0
713a08c7-eac3-4593-9dbf-0cae2bccc13d,Careem,Food Delivery,Arlyn Sevellejo,Unknown,5,2025-06-25 12:59:20,Very convenient been using the app for 4years now,very convenient been using the app for 4years now,0,9,49,0,0,0,1.0,0,1,0.0,1,0,1,0.0,0,1,0,5.0,0.0
a8785598-4cae-46c2-9ffd-96e951d930e3,Careem,Food Delivery,Mian Muhammad Khalid,Unknown,4,2025-06-25 14:29:04,please don't stop careen services as it is safer than other rides,please don't stop careen services as it is safer than other rides,0,12,65,0,0,0,1.0,0,0,0.7174,1,0,1,0.0,0,1,0,4.0,0.0
b1700168-e8a1-4ff2-ad44-e2c73d7ee275,Careem,Food Delivery,Shadi Demian,Unknown,2,2025-06-25 14:48:12,"After latest update, Payment Method always defaulted to Cards -this is not usable - and Careem Pay balance is not used by default in Payment. very annoying...","after latest update, payment method always defaulted to cards -this is not usable - and careem pay balance is not used by default in payment. very annoying...",0,27,158,0,0,0,0.9259259259259259,0,0,-0.5256,1,0,1,0.0,0,1,0,2.0,0.0
1a334bc6-15e8-498b-aab4-519a306da1c0,Careem,Food Delivery,Daniel LAYE,Unknown,5,2025-06-25 16:06:11,good App. the best,good app. the best,0,4,18,0,0,0,1.0,0,1,0.7964,1,0,1,0.0,0,1,0,5.0,0.0
8e844a35-a7a9-4ba8-b632-77bff5bf99cf,Careem,Food Delivery,Ishtiaq Ahmad,Unknown,5,2025-06-25 21:32:36,Excellent Ride from Al Rashidya to Al Aweer Immigration at 11:30 PM,excellent ride from al rashidya to al aweer immigration at 11:30 pm,0,12,67,0,0,1,0.9166666666666666,0,0,0.5719,1,0,1,0.0,0,1,0,5.0,0.0
32c35b7d-ef62-4d98-9434-d1d113cd6e36,Careem,Food Delivery,Ilham Taheral,Unknown,5,2025-06-26 04:32:27,very fast and convenient and pocket friendly,very fast and convenient and pocket friendly,0,7,44,0,0,0,0.8571428571428571,0,0,0.4939,1,0,1,0.0,0,1,0,5.0,0.0
484967e1-9f71-406b-a183-12341f9967be,Careem,Food Delivery,Umair Malik,Unknown,3,2025-06-26 07:47:07,too expensive nowadys. 😪,too expensive nowadys. 😪,0,4,24,1,0,0,1.0,0,0,0.0,1,0,2,0.0,0,1,0,4.0,1.4142135623730951
0a15d845-5987-403a-8f37-93045a9c132e,Careem,Food Delivery,Rudy Kurniawan,Unknown,5,2025-06-26 15:45:47,safe driver,safe driver,0,2,11,0,0,0,1.0,0,0,0.4404,1,0,1,0.0,0,1,0,5.0,0.0
1f6f875a-0e3e-4286-8d8e-2b93958e71c4,Careem,Food Delivery,Aftab Ali,Unknown,5,2025-06-26 17:06:15,very good service and drive behavior very good allso caleen 🚗✨✨💯,very good service and drive behavior very good allso caleen 🚗✨✨💯,0,11,64,2,0,0,0.8181818181818182,0,0,0.8746,1,0,1,0.0,0,1,0,5.0,0.0
5e97220a-0923-470d-a852-03b3f10275f3,Careem,Food Delivery,Mohd mir,Unknown,5,2025-06-27 06:39:37,Nice service I booked few Rides spot on . Very professional Drivers,nice service i booked few rides spot on . very professional drivers,0,12,67,0,0,0,1.0,0,0,0.4215,1,0,1,0.0,0,1,0,5.0,0.0
0837f5e3-3cde-48f4-8d1a-caa366eeda65,Careem,Food Delivery,Muhammad Kawsar,Unknown,5,2025-06-27 08:04:15,Carrem good company... im captain Carrem..... thanks carrem give me a job....,carrem good company... im captain carrem..... thanks carrem give me a job....,0,12,77,0,0,0,0.9166666666666666,0,0,0.7003,1,0,1,0.0,0,1,0,5.0,0.0
c1480f61-a955-4927-85f0-c373de85727a,Careem,Food Delivery,Abdull Naushad,Unknown,5,2025-06-27 11:04:24,"Well supportive, I have successfully finished the requirement!","well supportive, i have successfully finished the requirement!",0,8,62,0,0,0,1.0,0,0,0.7777,1,0,1,0.0,0,1,0,5.0,0.0
e753199b-9fa9-4ebc-95ee-875ee31d7b40,Careem,Food Delivery,Omar Itradat,Unknown,5,2025-06-27 11:19:19,تجربة رائعة وسائقين اروع رائحة السيارة جميلة جدا,تجربة رائعة وسائقين اروع رائحة السيارة جميلة جدا,0,8,48,0,0,0,1.0,0,0,0.0,1,0,1,0.0,0,1,0,5.0,0.0
712f2d30-5c14-46b6-a20a-a742684064ac,Careem,Food Delivery,Mohd Shoukath,Unknown,5,2025-06-27 14:28:48,awesome careem AP all options is very good,awesome careem ap all options is very good,0,8,42,0,0,1,1.0,0,0,0.807,1,0,1,0.0,0,1,0,5.0,0.0
fca85842-2c6f-44cd-b90d-437de2a5f1f4,Careem,Food Delivery,Sheila Toralba,Unknown,5,2025-06-27 14:49:01,good choice affordable,good choice affordable,0,3,22,0,0,0,1.0,0,0,0.4404,1,0,1,0.0,0,1,0,5.0,0.0
8a38b002-0dbb-42dc-beb6-6d500e81e7cb,Careem,Food Delivery,Burhan Abdlqadr,Unknown,5,2025-06-28 06:25:09,great 👍 👌,great 👍 👌,0,3,9,2,0,0,1.0,0,0,0.8816,1,0,1,0.0,0,1,0,5.0,0.0
7e0ef869-bb3e-4766-bcfb-e2c3fb8f6029,Careem,Food Delivery,Shaimaa Negm,Unknown,2,2025-06-28 09:00:57,why no help call number,why no help call number,0,5,23,0,0,0,1.0,0,0,-0.2401,1,0,1,0.0,0,1,0,2.0,0.0
b435c205-74c9-49da-8acf-0c83ff5997dc,Careem,Food Delivery,Blind Justice,Unknown,2,2025-06-29 06:51:25,the rate differs from what announced before the trip,the rate differs from what announced before the trip,0,9,52,0,0,0,0.8888888888888888,0,0,0.0,1,0,1,0.0,0,1,0,2.0,0.0
999e9db4-4c68-4243-8db0-104fabd268fa,Careem,Food Delivery,Kats Robert,Unknown,4,2025-06-29 13:24:25,right on time when u need a ride,right on time when u need a ride,0,8,32,0,0,0,1.0,0,0,0.0,1,0,1,0.0,0,1,0,4.0,0.0
d496b8c8-d11c-4fb0-abbf-d45abeb60c2b,Careem,Food Delivery,Walaa Al-rawashdeh,Unknown,5,2025-06-30 10:14:21,it was comfortable . the app. is easy to use,it was comfortable . the app. is easy to use,0,10,44,0,0,0,1.0,0,1,0.7351,1,0,1,0.0,0,1,0,5.0,0.0
d83ae62c-330c-4bb7-9453-1ff03f31a0c8,Careem,Food Delivery,Nassira Belhach,Unknown,2,2025-06-30 16:19:07,"they never take accountability for their drivers' delay on delivering orders, and the customer service team don't know how to deal with clients' complaints","they never take accountability for their drivers' delay on delivering orders, and the customer service team don't know how to deal with clients' complaints",0,24,155,0,0,0,1.0,1,0,-0.6124,1,0,1,0.0,0,1,0,2.0,0.0
0ad014cd-ed87-4255-8ad9-013ed6bcea59,Careem,Food Delivery,jonasdave sandig,Unknown,5,2025-06-30 16:32:10,"the ride is so smooth, the driver is good in hygiene, and the great is very small fair and affordable, thanks for the ride!","the ride is so smooth, the driver is good in hygiene, and the great is very small fair and affordable, thanks for the ride!",1,24,123,0,0,0,0.75,0,0,0.9148,1,0,1,0.0,0,1,0,5.0,0.0
36e0e19a-6ceb-453d-9da1-b9336993883d,Careem,Food Delivery,Shabbir Alam,Unknown,5,2025-06-30 18:02:41,highly recommend,highly recommend,0,2,16,0,0,0,1.0,0,0,0.4201,1,0,1,0.0,0,1,0,5.0,0.0
e172bfce-f0cd-4ae0-be04-6e176304b9dc,Careem,Food Delivery,Waqar Aslam,Unknown,5,2025-06-30 20:17:22,good service 💯,good service 💯,0,3,14,1,0,0,1.0,0,0,0.4404,1,0,1,0.0,0,1,0,5.0,0.0
40b7401b-e391-4771-9b20-a2265defc67a,Careem,Food Delivery,Ahmad Munir,Unknown,5,2025-06-30 20:54:00,Goodbye Careem. you'll not be missed...,goodbye careem. you'll not be missed...,0,6,39,0,0,0,1.0,0,0,0.2235,1,0,1,0.0,0,1,0,5.0,0.0
6f336463-1fa8-415f-a665-f1912303bb02,Careem,Food Delivery,Suganya Vasu,Unknown,5,2025-07-01 03:19:15,always my choice,always my choice,0,3,16,0,0,0,1.0,0,0,0.0,1,0,1,0.0,0,1,0,5.0,0.0
93ef8d4b-e3fa-4765-af84-d33eae8f5a82,Careem,Food Delivery,Gudiya,Unknown,5,2025-07-01 08:21:27,excellent app,excellent app,0,2,13,0,0,0,1.0,0,1,0.5719,1,0,1,0.0,0,2,0,5.0,0.0
dd1bf5c8-9bf4-4359-8777-b102f31129a7,Careem,Food Delivery,nabila sky,Unknown,5,2025-07-01 12:37:10,Perfect,perfect,0,1,7,0,0,0,1.0,0,0,0.5719,1,0,1,0.0,0,2,0,5.0,0.0
7c36fb17-3a6c-44c7-955f-40d6e9ab3263,Careem,Food Delivery,Angela Khalil,Unknown,4,2025-07-01 17:44:14,It's a good Application,it's a good application,0,4,23,0,0,0,1.0,0,1,0.4404,1,0,1,0.0,0,1,0,4.0,0.0
225f4873-f3ef-4db0-900e-74f5a808be1e,Careem,Food Delivery,Ruvini Jayasinghe,Unknown,5,2025-07-01 18:29:18,the captain is very kind and very corporate,the captain is very kind and very corporate,0,8,43,0,0,0,0.875,0,0,0.5709,1,0,1,0.0,0,1,0,5.0,0.0
0c138146-a213-4423-92be-9fde18ab1774,Careem,Food Delivery,Md Raquibul Alam (Rocky),Unknown,5,2025-07-01 18:49:39,well behaved and good service,well behaved and good service,0,5,29,0,0,0,1.0,0,0,0.6124,1,0,1,0.0,0,1,0,5.0,0.0
bd8b6838-cdb7-421e-930a-7c0240bec3e7,Careem,Food Delivery,Hasan,Unknown,2,2025-07-01 23:49:36,why are you forcing the minimum tip amount of 3 aed? we can give 1 or 2 aed it's better than nothing.,why are you forcing the minimum tip amount of 3 aed? we can give 1 or 2 aed it's better than nothing.,0,22,101,0,0,0,1.0,0,0,0.4404,1,0,1,0.0,0,1,0,2.0,0.0
2fe4e222-31e8-4b30-a717-dedd1a7761fe,Careem,Food Delivery,Saeed Rasheed,Unknown,5,2025-07-02 02:50:21,good services good drivers,good services good drivers,0,4,26,0,0,0,0.75,0,0,0.7003,1,0,1,0.0,0,1,0,5.0,0.0
f589be9f-0625-43b2-8746-45f53c3f1bbb,Careem,Food Delivery,Maria Gonzales,Unknown,5,2025-07-02 02:58:37,very smooth drving and careful.,very smooth drving and careful.,0,5,31,0,0,0,1.0,0,0,0.1531,1,0,1,0.0,0,1,0,5.0,0.0
1c2a5ad2-24c1-4936-b793-63b6584ebbf6,Careem,Food Delivery,sidra ali,Unknown,5,2025-07-02 08:24:47,very excellent 👍,very excellent 👍,0,3,16,1,0,0,1.0,0,0,0.6115,1,0,1,0.0,0,1,0,5.0,0.0
a79c728a-6f77-4f8e-bc13-a7ded653afe4,Careem,Food Delivery,Malik Farhat,Unknown,5,2025-07-02 13:18:05,"I'm satisfied, excellent service","i'm satisfied, excellent service",0,4,32,0,0,0,1.0,0,0,0.7579,1,0,1,0.0,0,1,0,5.0,0.0
f708dc64-fd9d-4fc6-8141-d093505f582e,Careem,Food Delivery,Sandy Sandy,Unknown,5,2025-07-02 14:02:26,Driver was nice and got to me on time. He drove good too,driver was nice and got to me on time. he drove good too,0,13,56,0,0,0,1.0,0,0,0.6908,1,0,1,0.0,0,1,0,5.0,0.0
649adfee-f853-4072-8c45-41996efdda77,Careem,Food Delivery,Saeed Rehman,Unknown,5,2025-07-02 14:14:57,very efficient,very efficient,0,2,14,0,0,0,1.0,0,0,0.4754,1,0,1,0.0,0,1,0,5.0,0.0
f9cf4e36-58ca-47fd-b004-1c64ebc48c94,Careem,Food Delivery,Noor Us Sabah,Unknown,5,2025-07-02 14:17:50,"careem had an amazing service, i will miss it so much bcs it is shutting down soon. amazing drivers and customer care service!","careem had an amazing service, i will miss it so much bcs it is shutting down soon. amazing drivers and customer care service!",0,23,126,0,0,0,0.9130434782608695,0,0,0.8883,1,0,1,0.0,0,1,0,5.0,0.0
35087ec8-542f-460c-9222-2b7ae0920edc,Careem,Food Delivery,Vishal Parvatkar,Unknown,5,2025-07-03 00:11:45,Its was so amazing to order with carrem and the delivery was so faster and also the driver was so kind come with bag,its was so amazing to order with carrem and the delivery was so faster and also the driver was so kind come with bag,0,24,116,0,0,0,0.7083333333333334,0,0,0.8816,1,0,1,0.0,0,1,0,5.0,0.0
436451dd-65e8-495e-9f8e-80f4ebfd25f9,Careem,Food Delivery,chayanika srivastava,Unknown,5,2025-07-03 09:56:22,its wonderful app to travel in Dubai. you will get a good estimate on much range they gonna charge..,its wonderful app to travel in dubai. you will get a good estimate on much range they gonna charge..,0,19,100,0,0,0,1.0,0,1,0.765,1,0,1,0.0,0,1,0,5.0,0.0
19ca0b25-4a39-42bc-b9ce-4d58bd08d0ab,Careem,Food Delivery,mustafa,Unknown,5,2025-07-03 10:42:48,كثيييير كويس,كثيييير كويس,0,2,12,0,0,0,1.0,0,0,0.0,1,0,1,0.0,0,1,0,5.0,0.0
7d521db3-c9b9-43a6-9c0d-b999f9dddea1,Careem,Food Delivery,Shumaila Tayyab,Unknown,5,2025-07-03 16:25:22,"we miss you so much, my careem experiences are always graceful, first time in the pakistan comfortable service provider best of luck","we miss you so much, my careem experiences are always graceful, first time in the pakistan comfortable service provider best of luck",0,22,132,0,0,0,1.0,0,0,0.9169,1,0,1,0.0,0,1,0,5.0,0.0
54abc644-3bb0-48d5-a662-19f0fd1e9bdc,Careem,Food Delivery,Abhishek Sharma,Unknown,5,2025-07-03 18:32:24,very helpful 👌,very helpful 👌,0,3,14,1,0,0,1.0,0,0,0.8679,1,0,1,0.0,0,1,0,5.0,0.0
a57eea0c-7241-45b8-932f-8e77d04155fc,Careem,Food Delivery,Dr. Mona Nour,Unknown,5,2025-07-03 19:13:43,very easy with Careem,very easy with careem,0,4,21,0,0,0,1.0,0,0,0.4927,1,0,1,0.0,0,1,0,5.0,0.0
2f261eaa-161f-4d6a-8a86-af9e0f849af8,Careem,Food Delivery,abigail casidsid,Unknown,5,2025-07-03 19:19:50,good nice service safe arrive in location maintain like this 😊 Allah bless all 🙏,good nice service safe arrive in location maintain like this 😊 allah bless all 🙏,0,15,80,2,0,0,1.0,0,0,0.9607,1,0,1,0.0,0,1,0,5.0,0.0
509642f4-b0ff-4567-82f5-00bc213fd8b8,Careem,Food Delivery,Rona Felipe,Unknown,5,2025-07-04 02:42:07,so far the drivers of this company are polite and respectful and they drive safely unlike others,so far the drivers of this company are polite and respectful and they drive safely unlike others,0,17,96,0,0,0,0.9411764705882353,0,0,0.7351,1,0,1,0.0,0,1,0,5.0,0.0
dac3d10c-a13c-4861-8bfe-f6cabb9f9b05,Careem,Food Delivery,Fakhar Alam,Unknown,5,2025-07-04 03:14:45,love Hala taxi,love hala taxi,0,3,14,0,0,0,1.0,0,0,0.6369,1,0,1,0.0,0,1,0,5.0,0.0
716f375e-ca05-4fa7-b845-476a5346387d,Careem,Food Delivery,Arsala Naeem,Unknown,5,2025-07-04 16:03:50,"Much better, especially safer, than apps like In Drive. Drivers are polite, careful and drive at the right speed.","much better, especially safer, than apps like in drive. drivers are polite, careful and drive at the right speed.",0,19,113,0,0,0,1.0,0,1,0.8439,1,0,1,0.0,0,1,0,5.0,0.0
e66168b8-b89d-49d3-95cc-4b96e8ca4594,Careem,Food Delivery,Subhasis Dutta,Unknown,5,2025-07-04 20:06:56,really good service,really good service,0,3,19,0,0,0,1.0,0,0,0.4927,1,0,1,0.0,0,1,0,5.0,0.0
ff6a3135-12da-4d41-b5f4-56301b484b4d,Careem,Food Delivery,jiji samuel,Unknown,5,2025-07-04 22:58:18,It's good because it's 24hours,it's good because it's 24hours,0,5,30,0,0,0,0.8,0,0,0.4404,1,0,1,0.0,0,1,0,5.0,0.0
41f46efd-36d6-4a2b-8425-18470cfaf9af,Careem,Food Delivery,Wafiq,Unknown,3,2025-07-05 06:26:22,"Following the latest update, tracking the driver has become difficult. The system only displays the chat interface with the driver, and any attempt to exit that page redirects back to the same screen.","following the latest update, tracking the driver has become difficult. the system only displays the chat interface with the driver, and any attempt to exit that page redirects back to the same screen.",1,33,200,0,0,0,0.8181818181818182,0,0,-0.3612,1,0,1,0.0,0,1,0,3.0,0.0
14c9bb6d-78a8-4989-ab1e-34720076afef,Careem,Food Delivery,NAOMIJ ROSEMATTH,Unknown,5,2025-07-05 06:38:07,best drivers,best drivers,0,2,12,0,0,0,1.0,0,0,0.6369,1,0,1,0.0,0,1,0,5.0,0.0
1ed425bd-b4bb-411a-9ed7-827d0cd49542,Careem,Food Delivery,sayyad muzammil hashmi,Unknown,5,2025-07-05 08:41:10,good service 👍,good service 👍,0,3,14,1,0,0,1.0,0,0,0.4404,1,0,1,0.0,0,1,0,5.0,0.0
b5a19b94-47d3-4737-9c84-188c37d8ffc7,Careem,Food Delivery,Alexander Belykh,Unknown,5,2025-07-05 09:18:28,useful app,useful app,0,2,10,0,0,0,1.0,0,1,0.4404,1,0,1,0.0,0,1,0,5.0,0.0
3a9c6308-3537-48f6-9983-25bb47a42175,Careem,Food Delivery,Arup Kumar Ghosh,Unknown,5,2025-07-05 11:54:36,excellent thanks 😊,excellent thanks 😊,0,3,18,1,0,0,1.0,0,0,0.9118,1,0,1,0.0,0,1,0,5.0,0.0
15a75dbf-2bf5-4308-815b-704e3b12fa6a,Careem,Food Delivery,Ali Allawi,Unknown,5,2025-07-05 13:33:40,الافضل والمتميز دوما,الافضل والمتميز دوما,0,3,20,0,0,0,1.0,0,0,0.0,1,0,1,0.0,0,1,0,5.0,0.0
49978569-d67b-4c76-a6c0-2417dac0284a,Careem,Food Delivery,nirmal raj Nair,Unknown,5,2025-07-05 15:59:06,Excellent response time. Great connectivity,excellent response time. great connectivity,0,5,43,0,0,0,1.0,0,0,0.8316,1,0,1,0.0,0,1,0,5.0,0.0
836ac198-6a27-4867-a470-3d7744960b1d,Careem,Food Delivery,budi rachmadi,Unknown,5,2025-07-05 19:04:30,nice trip,nice trip,0,2,9,0,0,0,1.0,0,0,0.4215,1,0,1,0.0,0,1,0,5.0,0.0
631f6bf7-209f-4334-9c4c-4212e8fa34d7,Careem,Food Delivery,Vishnu Sundaresan,Unknown,5,2025-07-06 05:52:13,Only drawback is prices not fixed always fluctuating.,only drawback is prices not fixed always fluctuating.,0,8,53,0,0,0,1.0,0,0,0.0,1,0,1,0.0,0,1,0,5.0,0.0
db0422d7-a941-4232-aed3-6733a492e2f8,Careem,Food Delivery,Yousef Abu hantash,Unknown,5,2025-07-06 05:59:01,رحلة موفقة وإيجابية.. بالتوفيق للسائق والشركة..,رحلة موفقة وإيجابية.. بالتوفيق للسائق والشركة..,0,6,47,0,0,0,1.0,0,0,0.0,1,0,1,0.0,0,1,0,5.0,0.0
dad68aca-5de9-4838-92e3-694fc343d77d,Careem,Food Delivery,Muhammad Yasir,Unknown,5,2025-07-06 07:00:55,I would like to post a review. I love this service.. unfortunately it will not be used anymore in Pakistan. but I appreciate you people come and serve with remarkable service in our country.. thankyou Careem,i would like to post a review. i love this service.. unfortunately it will not be used anymore in pakistan. but i appreciate you people come and serve with remarkable service in our country.. thankyou careem,0,36,207,0,0,0,0.9166666666666666,0,1,0.9022,1,0,1,0.0,0,1,0,5.0,0.0
06252f2c-bc80-44ce-8d4f-cc120f2f4972,Careem,Food Delivery,Ruben,Unknown,5,2025-07-06 08:51:18,ok very fast,ok very fast,0,3,12,0,0,0,1.0,0,0,0.296,1,0,1,0.0,0,1,0,5.0,0.0
0084166c-7c85-4465-b33c-871d8cfc0613,Careem,Food Delivery,Adhi Widyodiyanto,Unknown,5,2025-07-06 09:38:28,great app to book a ride in makkah,great app to book a ride in makkah,0,8,34,0,0,0,1.0,0,1,0.6249,1,0,1,0.0,0,1,0,5.0,0.0
881da01e-5e51-46b0-8636-ca5ced4dd044,Careem,Food Delivery,Josephat O Orwaru,Unknown,5,2025-07-06 19:42:57,Exceptional,exceptional,0,1,11,0,0,0,1.0,0,0,0.0,1,0,1,0.0,0,2,0,5.0,0.0
469e3e9b-3bd5-46b5-aec9-52914d520e20,Careem,Food Delivery,Rahufu Ssonko,Unknown,5,2025-07-06 23:13:00,this caption was the best ever,this caption was the best ever,0,6,30,0,0,0,1.0,0,0,0.6369,1,0,1,0.0,0,1,0,5.0,0.0
68693dee-090f-476c-8290-22c58a7dd877,Careem,Food Delivery,Duha Al-Nahar,Unknown,4,2025-07-07 05:32:01,very easy good experience,very easy good experience,0,4,25,0,0,0,1.0,0,0,0.7485,1,0,1,0.0,0,1,0,4.0,0.0
13e0982f-ff4c-4821-b947-a8a63a021d46,Careem,Food Delivery,Nafee Ebin,Unknown,5,2025-07-07 07:30:31,Excellent Service,excellent service,0,2,17,0,0,0,1.0,0,0,0.5719,1,0,1,0.0,0,3,0,5.0,0.0
4751c473-49fe-4d90-aa11-378741b69263,Careem,Food Delivery,Ammad Zaigham,Unknown,5,2025-07-07 07:46:31,Best service thnx Careem Rigester right now and Make your life easier,best service thnx careem rigester right now and make your life easier,0,12,69,0,0,0,1.0,0,0,0.7906,1,0,1,0.0,0,1,0,5.0,0.0
be27863a-b733-4238-bee7-147e65728800,Careem,Food Delivery,Marco Adolfo,Unknown,5,2025-07-07 09:27:41,Excellent app,excellent app,0,2,13,0,0,0,1.0,0,1,0.5719,1,0,1,0.0,0,2,0,5.0,0.0
c27be5ba-aefe-4e7a-8cb8-48e18c295522,Careem,Food Delivery,Naomy Moraa,Unknown,5,2025-07-07 12:24:12,cheper prices and very reliable,cheper prices and very reliable,0,5,31,0,0,0,1.0,0,0,0.0,1,0,1,0.0,0,1,0,5.0,0.0
a7a68c3a-fc0b-45c1-9091-045fa4b691dd,Careem,Food Delivery,Vinesh Shah,Unknown,5,2025-07-07 12:58:59,the app has progressed a lot in the past years ... user friendly and easy to navigate .... I use it for rides and never disappointed with the service,the app has progressed a lot in the past years ... user friendly and easy to navigate .... i use it for rides and never disappointed with the service,0,29,149,0,0,0,0.896551724137931,0,1,0.825,1,0,1,0.0,0,1,0,5.0,0.0
92c1a3fa-bcf5-463e-b400-ca06c4fc546d,Careem,Food Delivery,AHMED RAHMA,Unknown,5,2025-07-07 16:18:10,Nice journey and polite competent captain,nice journey and polite competent captain,0,6,41,0,0,0,1.0,0,0,0.6249,1,0,1,0.0,0,1,0,5.0,0.0
44a786db-14a3-4e91-86bd-0f1873253c93,Careem,Food Delivery,تخدم والدتك محترمة,Unknown,5,2025-07-07 16:21:52,best service,best service,0,2,12,0,0,0,1.0,0,0,0.6369,1,0,1,0.0,0,1,0,5.0,0.0
8c939f37-96e5-46a2-ae6a-51d06748c1c6,Careem,Food Delivery,Rasheed,Unknown,3,2025-07-08 01:56:57,why careem is closing in Pakistan their services from July 2025 ?,why careem is closing in pakistan their services from july 2025 ?,0,12,65,0,0,0,1.0,0,0,0.0,1,0,1,0.0,0,1,0,3.0,0.0
04495e14-879b-417e-b10c-c71a687566e5,Careem,Food Delivery,Juan Saenz,Unknown,2,2025-07-08 12:02:19,"in my experience, they overcharge through proauthorization, then they say they will refund, but I have never gotten the overcharged amount back on my card.","in my experience, they overcharge through proauthorization, then they say they will refund, but i have never gotten the overcharged amount back on my card.",0,25,155,0,0,0,0.88,0,0,0.0,1,0,1,0.0,0,1,0,2.0,0.0
1ae4a57a-6c9b-4d51-99da-e0a92e9d4903,Careem,Food Delivery,Lydia Latifa Bossi,Unknown,4,2025-07-10 04:48:43,Good taxi booking service,good taxi booking service,2,4,25,0,0,0,1.0,0,0,0.4404,1,0,1,0.0,0,1,0,4.0,0.0
b0bd5169-30af-4fd7-8854-4986ecd37419,Careem,Food Delivery,Isagani Bernaldez,Unknown,4,2025-07-10 10:17:42,Verry nice to ride,verry nice to ride,0,4,18,0,0,0,1.0,0,0,0.4215,1,0,1,0.0,0,1,0,4.0,0.0
a64d1d25-2b3c-49da-9983-4eef625891ce,Careem,Food Delivery,Hazem Mansour,Unknown,4,2025-07-10 17:46:19,"I cant change my mobile number , i need to contact the help center every time i came to jordan to update my number.","i cant change my mobile number , i need to contact the help center every time i came to jordan to update my number.",0,24,115,0,0,0,0.7916666666666666,0,0,0.5106,1,0,1,0.0,0,1,0,4.0,0.0
b5fc748a-0ce8-4304-bc32-d8f4d278a56a,Careem,Food Delivery,A Google user,Unknown,2,2025-07-11 11:50:40,"The app works well..edit.. if you're in Jordan be careful drivers can't seem to find locations for pickup, rides get cancelled by drivers and they still want to charge you.. even when you send the company proof..","the app works well..edit.. if you're in jordan be careful drivers can't seem to find locations for pickup, rides get cancelled by drivers and they still want to charge you.. even when you send the company proof..",1,37,212,0,0,0,0.918918918918919,0,1,-0.0258,1,0,6,8483258.0,0,1,0,3.5,1.6431676725154984
d3e22564-1f3e-4ddd-b4a3-376fd2b0daca,Careem,Food Delivery,Md sayer Hossion Dubai,Unknown,5,2025-07-11 22:13:56,really good apps,really good apps,0,3,16,0,0,0,1.0,0,1,0.4927,1,0,1,0.0,0,1,0,5.0,0.0
6ce80f42-ab1c-4b43-9442-f56a728949aa,Careem,Food Delivery,Arif Khan,Unknown,5,2025-07-11 23:52:10,good👍 app,good👍 app,0,2,9,1,0,0,1.0,0,1,0.4404,1,0,1,0.0,0,1,0,5.0,0.0
f52296fb-aff3-4389-a716-86d0ecb312bf,Careem,Food Delivery,saad halai,Unknown,5,2025-07-12 08:21:09,easy n efficient,easy n efficient,0,3,16,0,0,0,1.0,0,0,0.6908,1,0,1,0.0,0,1,0,5.0,0.0
0eafda16-9d13-4380-ab77-b65e3521f732,Careem,Food Delivery,Life,Unknown,5,2025-07-12 08:39:17,great rides,great rides,0,2,11,0,0,0,1.0,0,0,0.6249,1,0,1,0.0,0,1,0,5.0,0.0
72e553c8-2da2-4531-bb54-3aca2b9a8327,Careem,Food Delivery,Erfan kamal,Unknown,5,2025-07-12 12:48:02,so comfortable,so comfortable,0,2,14,0,0,0,1.0,0,0,0.5563,1,0,1,0.0,0,1,0,5.0,0.0
78af535c-bd27-4f4c-8e66-09685978e010,Careem,Food Delivery,Idk,Unknown,5,2025-07-12 15:01:19,good price,good price,0,2,10,0,0,0,1.0,0,0,0.4404,1,0,1,0.0,0,1,0,5.0,0.0
b997930e-f3db-49f2-b90a-875e8bce9cd9,Careem,Food Delivery,Andrew Mitchell,Unknown,4,2025-07-12 16:55:14,"Used in Rabat, Morocco. Some issues with drivers cancelling but apart from that great service.","used in rabat, morocco. some issues with drivers cancelling but apart from that great service.",0,15,94,0,0,0,1.0,0,0,0.7391,1,0,1,0.0,0,1,0,4.0,0.0
5b9c9a1f-9d3f-4932-a2e2-860ab9dd167b,Careem,Food Delivery,Aaiza Shah,Unknown,5,2025-07-12 17:20:32,very satisfied careem customer alhamdullilah... always got very nice and decent captains.ill miss careem.i m very used to it.. don't know what I'll do after careem,very satisfied careem customer alhamdullilah... always got very nice and decent captains.ill miss careem.i m very used to it.. don't know what i'll do after careem,1,26,163,0,0,0,0.8846153846153846,0,0,0.6794,1,0,1,0.0,0,1,0,5.0,0.0
b5cd332f-c124-4255-8a8b-210d5dfe7c77,Careem,Food Delivery,Fouad Azar,Unknown,5,2025-07-12 18:56:05,exceptional,exceptional,0,1,11,0,0,0,1.0,0,0,0.0,1,0,1,0.0,0,2,0,5.0,0.0
b74bebe8-4fe3-4423-a86a-4273a9ef1a86,Careem,Food Delivery,Sam Adam,Unknown,5,2025-07-12 19:26:03,very nice and clean car. the driver is very nice and friendly,very nice and clean car. the driver is very nice and friendly,0,12,61,0,0,0,0.75,0,0,0.912,1,0,1,0.0,0,1,0,5.0,0.0
586e20aa-316a-4ef1-8b7f-56202fdbed1c,Careem,Food Delivery,Sakeer Ali,Unknown,5,2025-07-12 20:07:14,wonderful experience very useful...,wonderful experience very useful...,0,4,35,0,0,0,1.0,0,0,0.7841,1,0,1,0.0,0,1,0,5.0,0.0
0bceb259-223c-454e-83dd-ec8693f1e82d,Careem,Food Delivery,Rasid Tantong,Unknown,5,2025-07-12 20:09:55,I feel safe and very responsible. No doubt about this app. Allah bless you,i feel safe and very responsible. no doubt about this app. allah bless you,0,14,74,0,0,0,1.0,0,1,0.8734,1,0,1,0.0,0,1,0,5.0,0.0
63e7fce2-208a-4d20-b4c5-728b0f6a2db3,Careem,Food Delivery,rehan qamar,Unknown,5,2025-07-13 02:41:14,good one,good one,0,2,8,0,0,0,1.0,0,0,0.4404,1,0,1,0.0,0,2,0,5.0,0.0
86e4fbb1-264f-4fe1-ad72-70ebf047ce7b,Careem,Food Delivery,Fareeda Ammad,Unknown,5,2025-07-13 07:16:00,very affordable rides,very affordable rides,0,3,21,0,0,0,1.0,0,0,0.0,1,0,1,0.0,0,1,0,5.0,0.0
c17edc5b-4562-49bf-8a42-5c6e71541c8e,Careem,Food Delivery,Junaid Khan,Unknown,5,2025-07-13 07:33:21,one of the best app,one of the best app,0,5,19,0,0,0,1.0,0,1,0.6369,1,0,1,0.0,0,1,0,5.0,0.0
287c9067-e150-4d61-b7ca-cb1e6a7206b1,Careem,Food Delivery,Naseer Khan,Unknown,5,2025-07-13 07:57:24,great source of ride,great source of ride,0,4,20,0,0,0,1.0,0,0,0.6249,1,0,1,0.0,0,1,0,5.0,0.0
0af05378-3f53-420e-86fc-bd2cd4339032,Careem,Food Delivery,Muhammad Ahsan Khan,Unknown,5,2025-07-13 09:31:15,Good app!,good app!,0,2,9,0,0,0,1.0,0,1,0.4926,1,0,1,0.0,0,1,0,5.0,0.0
77a3c34b-d40d-4750-a4d1-5a0ad5eeebc3,Careem,Food Delivery,Rea Rowena Reyes,Unknown,4,2025-07-13 09:57:52,Great,great,0,1,5,0,0,0,1.0,0,0,0.6249,1,0,1,0.0,0,3,0,4.0,0.0
313a41f6-9357-4c0c-8745-9a0ab74da64f,Careem,Food Delivery,Layla,Unknown,5,2025-07-13 13:56:31,i recommended,i recommended,0,2,13,0,0,0,1.0,0,0,0.2023,1,0,1,0.0,0,1,0,5.0,0.0
7ea991d3-1371-4413-8e86-fb2e441a660b,Careem,Food Delivery,Muzafar hamour,Unknown,4,2025-07-13 14:08:32,Amazing,amazing,0,1,7,0,0,0,1.0,0,0,0.5859,1,0,1,0.0,0,4,0,4.0,0.0
9d367a8c-3b61-4eb0-9757-6af78c601731,Careem,Food Delivery,Sarmad Alsaadi,Unknown,5,2025-07-13 14:36:17,"Creem offers excellent tranportation services, but their only downside is imposing penalties even when the mistake is made by the driver. However, they take the initiative to remove the fines whenever they discover that the passenger is not at fault.","creem offers excellent tranportation services, but their only downside is imposing penalties even when the mistake is made by the driver. however, they take the initiative to remove the fines whenever they discover that the passenger is not at fault.",0,40,250,0,0,0,0.825,1,0,-0.2413,1,0,1,0.0,0,1,0,5.0,0.0
8a7fb8d3-9d90-42db-b091-e8dec823fea5,Careem,Food Delivery,Macsone Montero Jr,Unknown,5,2025-07-13 16:37:45,it's convenient....,it's convenient....,0,2,19,0,0,0,1.0,0,0,0.0,1,0,1,0.0,0,1,0,5.0,0.0
eca85aad-77ba-4a56-a1ef-97d2235f9a6c,Careem,Food Delivery,ajay kumar,Unknown,5,2025-07-13 17:42:08,super service,super service,0,2,13,0,0,0,1.0,0,0,0.5994,1,0,1,0.0,0,1,0,5.0,0.0
9bb9d22f-8f01-44cb-9701-54cdce705a80,Careem,Food Delivery,Malang Ibrahim,Unknown,5,2025-07-13 18:45:22,I love you ❣️,i love you ❣️,0,4,13,0,0,0,1.0,0,0,0.8555,1,0,1,0.0,0,1,0,5.0,0.0
621aa10b-2df9-473c-8c89-51d8d60e2679,Careem,Food Delivery,Wasim Riaz,Unknown,5,2025-07-13 21:46:08,Fabulous experience with careem since many years ago every time found the smooth services,fabulous experience with careem since many years ago every time found the smooth services,0,14,89,0,0,0,1.0,0,0,0.5267,1,0,1,0.0,0,1,0,5.0,0.0
2eeaaf2a-e2ab-4b57-94bb-7f6f66d97d1b,Careem,Food Delivery,Mahmoud Salkini,Unknown,5,2025-07-13 23:41:31,Best Services,best services,0,2,13,0,0,0,1.0,0,0,0.6369,1,0,1,0.0,0,1,0,5.0,0.0
246c28a7-4234-4c25-bca4-422231c6ad45,Careem,Food Delivery,sawsan al-shair,Unknown,5,2025-07-14 06:46:36,veery good 👍 👍 👍,veery good 👍 👍 👍,0,5,16,3,0,0,0.6,0,0,0.4404,1,0,1,0.0,0,1,0,5.0,0.0
f1f8ad57-b935-4f1f-a907-772967da587f,Careem,Food Delivery,Sameera Ehteram,Unknown,3,2025-07-14 08:02:08,It's good. Need more cars though.,it's good. need more cars though.,0,6,33,0,0,0,1.0,0,0,0.4404,1,0,1,0.0,0,1,0,3.0,0.0
8e0a6270-afe7-47be-bc49-79985adb85f5,Careem,Food Delivery,Kal Qubbaj,Unknown,5,2025-07-14 12:05:05,"great service, great Captins, awesome experience. Highly recommend","great service, great captins, awesome experience. highly recommend",0,8,66,0,0,0,0.875,0,0,0.9441,1,0,1,0.0,0,1,0,5.0,0.0
db144d1c-d3ac-4d2c-9226-6c3b435ece48,Careem,Food Delivery,Rasha Gh.,Unknown,5,2025-07-14 12:20:17,احسن تطبيق،،،،،,احسن تطبيق،،،،،,0,2,15,0,0,0,1.0,0,0,0.0,1,0,1,0.0,0,1,0,5.0,0.0
4c762f3b-36cb-4b17-98b0-21627b0e9c0f,Careem,Food Delivery,Aamir Mehmood,Unknown,5,2025-07-14 12:41:44,Good for using any time,good for using any time,0,5,23,0,0,0,1.0,0,0,0.4404,1,0,1,0.0,0,1,0,5.0,0.0
301b4fd1-ef4c-4993-a75b-90d00c0f1582,Careem,Food Delivery,aaini ainni,Unknown,5,2025-07-14 20:33:10,one of the best ride services,one of the best ride services,0,6,29,0,0,0,1.0,0,0,0.6369,1,0,1,0.0,0,1,0,5.0,0.0
a96bcdc0-7206-45de-a483-2755c79392fe,Careem,Food Delivery,T-BOY CHANNEL,Unknown,5,2025-07-15 07:45:46,this driver is very nice and friendly thanks for the safe rides😊,this driver is very nice and friendly thanks for the safe rides😊,0,12,64,1,0,0,1.0,0,0,0.9542,1,0,1,0.0,0,1,0,5.0,0.0
579744bf-0c7a-4ced-8c94-697c380f8ac1,Careem,Food Delivery,Haider,Unknown,2,2025-07-15 07:56:17,this taxi app became very bad recently. always error and error. it is bad!!! fix it!!,this taxi app became very bad recently. always error and error. it is bad!!! fix it!!,2,16,85,0,0,0,1.0,0,1,-0.9308,1,0,1,0.0,0,1,0,2.0,0.0
279f489b-6f7f-4ebc-8501-bd168b70be87,Careem,Food Delivery,omar abukhudair,Unknown,5,2025-07-15 09:13:52,useful application,useful application,0,2,18,0,0,0,1.0,0,1,0.4404,1,0,1,0.0,0,1,0,5.0,0.0
effc973d-7b25-43a0-ab39-7009402b5453,Careem,Food Delivery,Muhammad Azeem Uddin,Unknown,1,2025-07-15 12:26:48,Worst app ever produced. Worst customer service.,worst app ever produced. worst customer service.,1,7,48,0,0,0,0.8571428571428571,0,1,-0.8481,1,0,1,0.0,0,1,0,1.0,0.0
04884e52-9f4a-4bfd-86cc-b1ab17e626c3,Careem,Food Delivery,A Google user,Unknown,4,2025-07-15 12:45:14,التطبيق سريع الاستجابة للطلب ،ولكن سعر التوصيل في اوقات الذروة مبالغ فيه,التطبيق سريع الاستجابة للطلب ،ولكن سعر التوصيل في اوقات الذروة مبالغ فيه,0,12,72,0,0,0,1.0,0,0,0.0,1,0,6,348874.0,0,1,0,3.5,1.6431676725154984
225ea02e-9608-4071-8cf5-279883233fbe,Careem,Food Delivery,mohamad zoubi,Unknown,1,2025-07-15 13:59:06,الكابتن مهدي شلباية بغير المسار مشان يطول الطريق و يأخذ اجرة اكبر على الرحلة و لما حكيت مع كريم بحكولي اني اتخرت مع انهم كاتبين بالتطبيق معي 7 أيام لحتى اقدم الشكوى,الكابتن مهدي شلباية بغير المسار مشان يطول الطريق و يأخذ اجرة اكبر على الرحلة و لما حكيت مع كريم بحكولي اني اتخرت مع انهم كاتبين بالتطبيق معي 7 أيام لحتى اقدم الشكوى,1,32,164,0,0,0,0.9375,0,0,0.0,1,0,1,0.0,0,1,0,1.0,0.0
356da45c-4912-4c5b-8738-50e19e75964f,Careem,Food Delivery,Mohammed Ibrahim,Unknown,1,2025-07-15 16:08:08,bike apps has to improve pop up messages or notifications has to mentioned while riding,bike apps has to improve pop up messages or notifications has to mentioned while riding,0,15,87,0,0,0,0.8666666666666667,0,1,0.4404,1,0,1,0.0,0,1,0,1.0,0.0
d60ecde6-81b7-4a8a-b6aa-2cbea396854d,Careem,Food Delivery,Khunmeer Mujawar,Unknown,5,2025-07-15 17:18:24,very much useful nyc app,very much useful nyc app,0,5,24,0,0,0,1.0,0,1,0.4902,1,0,1,0.0,0,1,0,5.0,0.0
a0891764-7d8d-4832-8f90-398feba3ec52,Careem,Food Delivery,VGL Mirza Abbas,Unknown,5,2025-07-15 18:41:58,very good ride,very good ride,0,3,14,0,0,0,1.0,0,0,0.4927,1,0,1,0.0,0,1,0,5.0,0.0
0402eae0-e5bf-49f0-a8e9-e8827b8a2cfa,Careem,Food Delivery,Waseem Maher,Unknown,1,2025-07-15 19:19:51,Very Bad service,very bad service,0,3,16,0,0,0,1.0,0,0,-0.5849,1,0,1,0.0,0,2,0,1.0,0.0
7daf24a0-e8ad-4b12-97d5-be35e0649d0e,Careem,Food Delivery,Irfan Ahmed,Unknown,5,2025-07-15 19:29:12,Great Experience with Careem.,great experience with careem.,0,4,29,0,0,0,1.0,0,0,0.6249,1,0,1,0.0,0,1,0,5.0,0.0
776206bb-812f-44b8-ab5a-5dcd985dc3a7,Careem,Food Delivery,fahad alhlkook,Unknown,1,2025-07-15 19:41:34,طول عمري استخدم التطبيق و اكثر من مرة تحدث معي هذي المشكلة يتم سحب المبلغ من البطاقة و محد يرد علي,طول عمري استخدم التطبيق و اكثر من مرة تحدث معي هذي المشكلة يتم سحب المبلغ من البطاقة و محد يرد علي,1,21,98,0,0,0,0.9047619047619048,0,0,0.0,1,0,1,0.0,0,1,0,1.0,0.0
97e19db0-af52-428c-8a1e-cd2918e5846c,Careem,Food Delivery,Mohammed Nazrul Islam,Unknown,5,2025-07-16 01:01:03,Good 👍,good 👍,0,2,6,1,0,0,1.0,0,0,0.4404,1,0,1,0.0,0,5,0,5.0,0.0
84bfce48-dad7-48a2-9cc7-367a4ec9d0ed,Careem,Food Delivery,Mauro,Unknown,5,2025-07-16 02:57:51,very professional,very professional,0,2,17,0,0,0,1.0,0,0,0.0,1,0,1,0.0,0,1,0,5.0,0.0
4db8ec83-3ce6-4e5b-8da6-3227cbddd498,Careem,Food Delivery,pascal enow,Unknown,5,2025-07-16 04:55:32,amazing app with so many great features,amazing app with so many great features,0,7,39,0,0,0,1.0,0,1,0.8473,1,0,1,0.0,0,1,0,5.0,0.0
65f14b43-9538-49bf-ae06-887474abc5cf,Careem,Food Delivery,T Ali,Unknown,5,2025-07-16 05:10:52,برنامج جيد جدا,برنامج جيد جدا,0,3,14,0,0,0,1.0,0,0,0.0,1,0,1,0.0,0,1,0,5.0,0.0
2bef17d1-a18b-4016-b0d2-052c26c3dbcd,Careem,Food Delivery,Isaac Muwanguzi,Unknown,5,2025-07-16 06:28:42,nice 👍👍👍,nice 👍👍👍,0,2,8,3,0,0,1.0,0,0,0.4215,1,0,1,0.0,0,1,0,5.0,0.0
69a3d81e-0634-497a-b393-8c9b9b547c7a,Careem,Food Delivery,Shemeer Anzar,Unknown,5,2025-07-16 08:29:32,nice experience with the captain,nice experience with the captain,0,5,32,0,0,0,1.0,0,0,0.4215,1,0,1,0.0,0,1,0,5.0,0.0
1408391a-04fe-4024-826e-82960d1f2402,Careem,Food Delivery,Sandeep Singh,Unknown,5,2025-07-16 09:44:24,It very smooth and comfortable.,it very smooth and comfortable.,0,5,31,0,0,0,1.0,0,0,0.552,1,0,1,0.0,0,1,0,5.0,0.0
3c1464b2-06d2-45c1-b249-17c1145d60d7,Careem,Food Delivery,Mohammad Shakir Khan,Unknown,5,2025-07-16 09:57:28,Owsume service,owsume service,0,2,14,0,0,0,1.0,0,0,0.0,1,0,1,0.0,0,1,0,5.0,0.0
7210f92c-dd37-4ec8-a741-e6f3710f6b54,Careem,Food Delivery,Ahmed Alziny,Unknown,5,2025-07-16 13:58:56,nice App,nice app,0,2,8,0,0,0,1.0,0,1,0.4215,1,0,1,0.0,0,4,0,5.0,0.0
a9fea035-682d-4a32-89dc-0d7c35b541ba,Careem,Food Delivery,Djamel Eddine SALHI,Unknown,1,2025-07-16 14:16:59,"bad experience , its better to use uber , the drivers have bad behavior and thieves , and if you ask for refund from customer center , they will not do anthing regarding your request","bad experience , its better to use uber , the drivers have bad behavior and thieves , and if you ask for refund from customer center , they will not do anthing regarding your request",1,35,182,0,0,0,0.8571428571428571,0,0,-0.8126,1,0,1,0.0,0,1,0,1.0,0.0
3027fc81-3726-4d8c-b7e7-ac3cb93ad521,Careem,Food Delivery,Hashem Abudayeh,Unknown,1,2025-07-16 15:09:20,خدمة العملاء شبه معدومة من آخر ٦ طلبات وصل لي طلبين مختلفين,خدمة العملاء شبه معدومة من آخر ٦ طلبات وصل لي طلبين مختلفين,1,12,59,0,0,0,1.0,0,0,0.0,1,0,1,0.0,0,1,0,1.0,0.0
7e1d86d2-b909-4f16-9265-55e26c2ae1b7,Careem,Food Delivery,Billy Chan,Unknown,1,2025-07-16 16:32:21,Rubbish App.,rubbish app.,0,2,12,0,0,0,1.0,0,1,0.0,1,0,1,0.0,0,1,0,1.0,0.0
7dc682eb-c74a-49f8-8d56-d834bcb50562,Careem,Food Delivery,ahmed shershaby95,Unknown,1,2025-07-16 20:00:23,the GUI is the worst and no support,the gui is the worst and no support,0,8,35,0,0,1,0.875,0,0,-0.7475,1,0,1,0.0,0,1,0,1.0,0.0
31cef5d0-e659-4304-9722-77d7834f50f5,Careem,Food Delivery,Badiuzzama Naeemurraheman,Unknown,5,2025-07-17 04:55:51,I am enjoying 50% Discount on Careem Ride How Abt You,i am enjoying 50% discount on careem ride how abt you,0,11,53,0,0,0,1.0,1,0,0.5267,1,0,1,0.0,0,1,0,5.0,0.0
70bc9d03-4b72-4eb2-96d6-a0d8db9706ae,Careem,Food Delivery,sadam ali,Unknown,2,2025-07-17 06:17:05,i couldn't find the house clean icon,i couldn't find the house clean icon,0,7,36,0,0,0,1.0,0,0,0.4019,1,0,1,0.0,0,1,0,2.0,0.0
283d6bec-0140-4a43-8399-eb8e7ed1613e,Careem,Food Delivery,Ayu Nathaprawira,Unknown,1,2025-07-17 06:20:59,Worst application and expensive cost,worst application and expensive cost,1,5,36,0,0,0,1.0,0,1,-0.6249,1,0,1,0.0,0,1,0,1.0,0.0
d8a9c2d5-d7fe-4498-924e-e0fb874c9668,Careem,Food Delivery,Jannajames Puyat,Unknown,5,2025-07-17 06:23:50,very satisfied fair price and safety,very satisfied fair price and safety,0,6,36,0,0,0,1.0,0,0,0.8162,1,0,1,0.0,0,1,0,5.0,0.0
bc4be3fb-ad2a-40bf-9053-dd7b6d3d003f,Careem,Food Delivery,Aimeur Abdelhakim,Unknown,5,2025-07-17 08:18:42,better than talbaat and noon food,better than talbaat and noon food,0,6,33,0,0,0,1.0,0,0,0.4404,1,0,1,0.0,0,1,0,5.0,0.0
9d3a4f67-a707-442a-bb82-b7c2dc3ddf4e,Careem,Food Delivery,S B (Sean),Unknown,5,2025-07-17 09:00:09,"Just got to the UAE and started using this app. Very fast delivery, taxis, etc. Highly recommended.","just got to the uae and started using this app. very fast delivery, taxis, etc. highly recommended.",2,17,99,0,0,1,1.0,0,1,0.2716,1,0,1,0.0,0,1,0,5.0,0.0
1dc223ac-5174-47bd-8a26-a10524744f24,Careem,Food Delivery,Athar Zaidi,Unknown,4,2025-07-17 09:01:32,Good Service,good service,0,2,12,0,0,0,1.0,0,0,0.4404,1,0,1,0.0,0,3,0,4.0,0.0
79e014a9-631c-47bf-9f2e-938255f731c8,Careem,Food Delivery,Mohd Kaiser,Unknown,4,2025-07-17 10:52:56,Sometimes the food quality not good (not for all restaurants) And rides cost it is not true It is always bigger than the range they put,sometimes the food quality not good (not for all restaurants) and rides cost it is not true it is always bigger than the range they put,0,26,135,0,0,0,0.8461538461538461,0,0,-0.5773,1,0,1,0.0,0,1,1,4.0,0.0
82112bf6-9df0-41c6-ab56-25f08aacdea1,Careem,Food Delivery,Sultan naved,Unknown,5,2025-07-17 11:55:36,super,super,0,1,5,0,0,0,1.0,0,0,0.5994,1,0,1,0.0,0,2,0,5.0,0.0
c5026f47-6506-4b91-8fd4-f04541fcce0c,Careem,Food Delivery,علاء حمدان Alaa Hamdan,Unknown,5,2025-07-17 13:20:10,رهييب واسعاره جميله,رهييب واسعاره جميله,0,3,19,0,0,0,1.0,0,0,0.0,1,0,1,0.0,0,1,0,5.0,0.0
c7e6fb08-bc44-44c2-b0b9-d77b59158ba5,Careem,Food Delivery,Safae Elarbi,Unknown,5,2025-07-17 14:52:47,I have always great experience with careem,i have always great experience with careem,0,7,42,0,0,0,1.0,0,0,0.6249,1,0,1,0.0,0,1,0,5.0,0.0
8c111318-e2d5-4c39-b92b-4279ebbcfcaa,Careem,Food Delivery,Hussien Zughaer,Unknown,5,2025-07-17 15:10:11,"great in time, respectful","great in time, respectful",0,4,25,0,0,0,1.0,0,0,0.7964,1,0,1,0.0,0,1,0,5.0,0.0
b92a9916-f30e-425c-8f42-9e5d828b9c16,Careem,Food Delivery,Usama Ahmad,Unknown,1,2025-07-17 16:13:48,"It runs very slowly, keeps showing loading and loading, wastes time.","it runs very slowly, keeps showing loading and loading, wastes time.",1,11,68,0,0,0,1.0,0,0,0.0,1,0,1,0.0,0,1,0,1.0,0.0
aed9a0b3-d684-4959-834a-4ead7dc76211,Careem,Food Delivery,Haba Qiestha Khaira,Unknown,1,2025-07-17 19:27:55,"i nver use the bike, but they charge me 123 AED Riyals, very2 stupid. this Apps Dajjal. nevsr use Careem Apps Again. better, with uber if you want make a book cars","i nver use the bike, but they charge me 123 aed riyals, very2 stupid. this apps dajjal. nevsr use careem apps again. better, with uber if you want make a book cars",2,32,163,0,0,1,0.9375,0,1,0.0247,1,0,1,0.0,0,1,0,1.0,0.0
80f21faf-593f-417f-bb67-4e46dc0684d6,Careem,Food Delivery,Mohamed.a.elwahab,Unknown,1,2025-07-18 04:22:04,أفشل ابلكيشن في الامارات . أسوأ خدمه عملاء,أفشل ابلكيشن في الامارات . أسوأ خدمه عملاء,1,8,42,0,0,0,1.0,0,0,0.0,1,0,1,0.0,0,1,0,1.0,0.0
5544aecc-ccca-4674-a6f0-c78e4652d0d5,Careem,Food Delivery,mohammad shalash,Unknown,2,2025-07-18 14:13:04,"it is deficul ot treat with , it is poor options","it is deficul ot treat with , it is poor options",0,11,48,0,0,0,0.8181818181818182,0,0,-0.1027,1,0,1,0.0,0,1,0,2.0,0.0
c7d86784-075a-4c40-aa1c-a2f59336b56b,Careem,Food Delivery,Abegail Ortega,Unknown,1,2025-07-18 15:06:46,almost all driver they make you wrong way or they make long drive for more money this is crazy things the taxi driver not good,almost all driver they make you wrong way or they make long drive for more money this is crazy things the taxi driver not good,2,25,126,0,0,0,0.88,0,0,-0.7849,1,0,1,0.0,0,1,0,1.0,0.0
b496bd94-9a61-499b-ad68-67293e2bfd89,Careem,Food Delivery,Muhammad Taufiq Albar,Unknown,1,2025-07-18 16:00:11,"best app but for complaint or feedback slow respon, i have screenshoot from this app slow respon","best app but for complaint or feedback slow respon, i have screenshoot from this app slow respon",0,17,96,0,0,0,0.8823529411764706,0,1,-0.0516,1,0,1,0.0,0,1,0,1.0,0.0
f296857a-1a65-4e4f-82d6-910eace2c7cb,Careem,Food Delivery,Heba Samir,Unknown,1,2025-07-18 18:51:14,خدوا بالكو عشان بيحددوا اسعار في بدايه الرحله وبعد متوصل تلاقي السعر اتضاعف,خدوا بالكو عشان بيحددوا اسعار في بدايه الرحله وبعد متوصل تلاقي السعر اتضاعف,1,13,75,0,0,0,1.0,0,0,0.0,1,0,1,0.0,0,1,0,1.0,0.0
312701a8-9898-46de-9525-c8c2a3b37cd2,Careem,Food Delivery,Heba Ibrahim,Unknown,1,2025-07-18 19:00:05,سيئه جدا شركه غير مسئوله بالمره ومفيش حد تكلمه فيها,سيئه جدا شركه غير مسئوله بالمره ومفيش حد تكلمه فيها,1,10,51,0,0,0,1.0,0,0,0.0,1,0,1,0.0,0,1,0,1.0,0.0
2e414f54-7d9d-48e2-b34d-66f4855f7992,Careem,Food Delivery,Kelvin Ntheketha,Unknown,1,2025-07-18 19:43:43,the driver cancelled without information,the driver cancelled without information,1,5,40,0,0,0,1.0,0,0,-0.25,1,0,1,0.0,0,1,0,1.0,0.0
6a38707c-492b-414d-9fb3-2c1c57dcfa33,Careem,Food Delivery,Farheen Sayed,Unknown,1,2025-07-18 20:05:47,"very bad experience, twice my order got delivered at wrong location and this time not even same building,,,u guyz need to work on ur delivery service,,","very bad experience, twice my order got delivered at wrong location and this time not even same building,,,u guyz need to work on ur delivery service,,",0,26,151,0,0,0,1.0,0,0,-0.7841,1,0,1,0.0,0,1,0,1.0,0.0
e94f35a2-8904-4db4-b420-aa8b59d24594,Careem,Food Delivery,Kunal Kohly,Unknown,1,2025-07-19 04:57:41,Had a really bad experience with a restaurant and the chat support did pretty much nothing to fix it even after reaching out to them three different times,had a really bad experience with a restaurant and the chat support did pretty much nothing to fix it even after reaching out to them three different times,0,28,154,0,0,0,0.9285714285714286,0,0,0.4417,1,0,1,0.0,0,1,0,1.0,0.0
b7487b57-8566-4296-b4fc-db23e6a9ad6f,Careem,Food Delivery,Izzy Khamani,Unknown,1,2025-07-19 07:32:35,keeps crashing,keeps crashing,0,2,14,0,0,0,1.0,0,0,0.0,1,0,1,0.0,0,1,0,1.0,0.0
ddfb184d-a6ff-4a05-b027-4078c8c0e59b,Careem,Food Delivery,Thomaskutty c tom,Unknown,1,2025-07-19 07:57:11,Cheating the people in different ways. Pls don't save your cards. Take care all,cheating the people in different ways. pls don't save your cards. take care all,0,14,79,0,0,0,1.0,0,0,-0.4075,1,0,1,0.0,0,1,0,1.0,0.0
186bb6ee-5383-4df3-b3ac-1e4bc5ee409a,Careem,Food Delivery,Suratkumar,Unknown,1,2025-07-20 00:29:58,costmor service note good,costmor service note good,1,4,25,0,0,0,1.0,0,0,0.4404,1,0,1,0.0,0,1,0,1.0,0.0
78184215-d8ab-418d-b730-d7fe7b4c32de,Careem,Food Delivery,Ahmed Alyunis,Unknown,2,2025-07-20 05:34:51,delay,delay,0,1,5,0,0,0,1.0,0,0,-0.3182,1,0,1,0.0,0,1,0,2.0,0.0
7925fe53-60c8-4c12-a21a-093c0bc97ff1,Careem,Food Delivery,Khizar Qureshi,Unknown,1,2025-07-20 07:56:24,very pethatic service,very pethatic service,1,3,21,0,0,0,1.0,0,0,0.0,1,0,1,0.0,0,1,0,1.0,0.0
96d6d005-ff6e-450d-96f3-970e8bdec5f4,Careem,Food Delivery,PARAG DEO,Unknown,1,2025-07-20 11:24:51,worst and fake app,worst and fake app,0,4,18,0,0,0,1.0,0,1,-0.802,1,0,1,0.0,0,1,0,1.0,0.0
3010cc91-8da3-4909-b803-815f6d5b9aa2,Careem,Food Delivery,Fahad A Rahuman,Unknown,3,2025-07-20 15:53:38,"not possible to contact customer care through app,should call seperately,not possible to do edit,modify or cancell food order through this app.","not possible to contact customer care through app,should call seperately,not possible to do edit,modify or cancell food order through this app.",4,21,143,0,0,0,0.8571428571428571,0,1,0.4939,1,0,1,0.0,0,1,0,3.0,0.0
37192c66-b572-4af8-bf59-6e1206a11fdf,Careem,Food Delivery,Suhail Sadiq,Unknown,4,2025-07-20 19:30:48,"The app's awesome, everything's perfect, except for one thing: the ability to add a stop. I was with my friend today and really needed that feature.","the app's awesome, everything's perfect, except for one thing: the ability to add a stop. i was with my friend today and really needed that feature.",0,26,148,0,0,0,0.9615384615384616,0,1,0.9022,1,0,1,0.0,0,1,0,4.0,0.0
bb1a2927-f260-4fa5-8063-0ec3615bd367,Careem,Food Delivery,Nada Mohamed,Unknown,4,2025-07-21 01:46:42,السواقين كتير بيبقوا قلالات الذوق وهمج بس الاداره لذيذه اوى وفعلا بيتعاملوا فى اى موقف,السواقين كتير بيبقوا قلالات الذوق وهمج بس الاداره لذيذه اوى وفعلا بيتعاملوا فى اى موقف,0,15,86,0,0,0,1.0,0,0,0.0,1,0,1,0.0,0,1,0,4.0,0.0
5fdc2647-fe9d-4802-86ab-3da8638f220e,Careem,Food Delivery,Ahmed Abdelazeem,Unknown,1,2025-07-21 09:58:26,تطبيق سيء وكل السواقين في الغردقه بيتفاوضو في الاسعار وبيحددو ارقام خياليه,تطبيق سيء وكل السواقين في الغردقه بيتفاوضو في الاسعار وبيحددو ارقام خياليه,1,12,74,0,0,0,0.9166666666666666,0,0,0.0,1,0,1,0.0,0,1,0,1.0,0.0
e8dfa983-198b-415a-a1bb-7d63d4e73d27,Careem,Food Delivery,Abdul Rehman 134,Unknown,1,2025-07-21 10:05:10,They closed their operations in Pakistan and took my money from my wallet about Rs.5000 cheater fraud app 🤬🤬🤬🖐️🖐️🖐️🖐️,they closed their operations in pakistan and took my money from my wallet about rs.5000 cheater fraud app 🤬🤬🤬🖐️🖐️🖐️🖐️,1,19,117,7,0,0,0.9473684210526315,0,1,0.6705,1,0,1,0.0,0,1,1,1.0,0.0
1d678337-9e80-4363-9352-2e5d89fe5aca,Careem,Food Delivery,Masood Rais Saadi,Unknown,1,2025-07-21 20:16:28,I am trying to book a taxi 5 hours from now and this stupid app is telling me normal taxi not available. And must choose the more expensive options.,i am trying to book a taxi 5 hours from now and this stupid app is telling me normal taxi not available. and must choose the more expensive options.,1,29,148,0,0,0,0.9310344827586207,0,1,-0.6124,1,0,1,0.0,0,1,0,1.0,0.0
5d2f1d22-35ff-426e-ac73-7d2fbc29d1d0,Careem,Food Delivery,Dr Leel Aswathy Asok,Unknown,1,2025-07-21 21:54:33,pathetic customer servicr,pathetic customer servicr,0,3,25,0,0,0,1.0,0,0,-0.5719,1,0,1,0.0,0,1,0,1.0,0.0
01aa8b1b-c0e0-4334-bdc3-6414732b6d7a,Careem,Food Delivery,Wedad Salim,Unknown,2,2025-07-22 08:32:03,the ride was mentioned 20-25 dirhams and I was charged 27 it should be with the range not more I was disappointed 😔,the ride was mentioned 20-25 dirhams and i was charged 27 it should be with the range not more i was disappointed 😔,0,23,115,1,0,0,0.8260869565217391,0,1,-0.5945,1,0,1,0.0,0,1,0,2.0,0.0
000d129b-6add-4000-abe5-16bb2e29e76c,Careem,Food Delivery,Durr-e-Afshan Mujtaba,Unknown,5,2025-07-22 11:22:23,I tried taxi service from career it was really convenient in this hot weather. it was a good experience 👍👍,i tried taxi service from career it was really convenient in this hot weather. it was a good experience 👍👍,0,20,106,2,0,0,0.9,0,0,0.4404,1,0,1,0.0,0,1,0,5.0,0.0
fed43d04-6969-4bbe-b0a5-08b1a57b6ce9,Careem,Food Delivery,Haya Naimi,Unknown,1,2025-07-22 12:38:11,من اسوء الخدمات بعمان,من اسوء الخدمات بعمان,0,4,21,0,0,0,1.0,0,0,0.0,1,0,1,0.0,0,1,0,1.0,0.0
eb43427d-72db-4f37-b4dc-d8b93cbee523,Careem,Food Delivery,Sari Abdulmunem Altotonchi,Unknown,1,2025-07-22 13:02:33,Captions asking me to cancel my trips,captions asking me to cancel my trips,0,7,37,0,0,0,1.0,0,0,-0.25,1,0,1,0.0,0,1,0,1.0,0.0
011304fb-0685-44f8-a2a5-84a085045901,Careem,Food Delivery,mohamedsha anwer,Unknown,1,2025-07-22 17:29:26,very difficult. and always wrong order,very difficult. and always wrong order,0,6,38,0,0,0,1.0,0,0,-0.7089,1,0,1,0.0,0,1,0,1.0,0.0
4e07ca47-ecef-471c-bb45-2b76bdb63803,Careem,Food Delivery,Khawar Khan,Unknown,5,2025-07-22 20:46:03,I book ride through careem hudariyat to mushrif area perfect trip clean car good driver everything super,i book ride through careem hudariyat to mushrif area perfect trip clean car good driver everything super,0,17,104,0,0,0,1.0,0,0,0.9217,1,0,1,0.0,0,1,0,5.0,0.0
f78b635a-7578-4ee3-bfb9-1a0ae383e9bf,Careem,Food Delivery,Hassan Kamboh,Unknown,1,2025-07-22 21:41:36,food delivery very bad service not place order here if you place order its will take time around 1 to 2 hour and then say this cancell due to some issue.,food delivery very bad service not place order here if you place order its will take time around 1 to 2 hour and then say this cancell due to some issue.,1,31,153,0,0,0,0.9032258064516129,0,0,-0.5849,1,0,1,0.0,0,1,0,1.0,0.0
8acea02e-5ad9-495b-86dd-70131d875623,Careem,Food Delivery,Muhammad Saqib,Unknown,4,2025-07-23 07:09:38,"these guys captains are absolutely professional and friendly, so you can have a great trip in order to keep things moving","these guys captains are absolutely professional and friendly, so you can have a great trip in order to keep things moving",0,21,121,0,0,0,1.0,0,0,0.8207,1,0,1,0.0,0,1,0,4.0,0.0
35786268-3984-42b9-be46-cfad811f6192,Careem,Food Delivery,Bartek Leojs,Unknown,5,2025-07-23 08:03:18,thanks to Ghulam I've reach my destination safely..,thanks to ghulam i've reach my destination safely..,0,8,51,0,0,0,1.0,0,0,0.7351,1,0,1,0.0,0,1,0,5.0,0.0
49a59020-5b21-4e72-94ef-4bdb064d5f8b,Careem,Food Delivery,SM MT,Unknown,5,2025-07-23 12:22:52,I like careem,i like careem,0,3,13,0,0,0,1.0,0,0,0.3612,1,0,1,0.0,0,1,0,5.0,0.0
3d48c660-193b-4525-8a7f-391e96ac6243,Careem,Food Delivery,muhammad mehmood,Unknown,5,2025-07-23 13:37:09,Driver was very helpful and nice person very good experience. 👍,driver was very helpful and nice person very good experience. 👍,0,11,63,1,0,0,0.9090909090909091,0,0,0.8537,1,0,1,0.0,0,1,0,5.0,0.0
42057efd-287a-4ed5-a9f6-2545b3182121,Careem,Food Delivery,Mohamed Rafat Ibrahim,Unknown,1,2025-07-23 14:54:26,"Worst customer service experience ever. They make it nearly impossible to cancel an order, and if you somehow do, they refuse to refund your money-hiding behind a ridiculous, exploitative policy. Feels more like a scam than a legitimate business.","worst customer service experience ever. they make it nearly impossible to cancel an order, and if you somehow do, they refuse to refund your money-hiding behind a ridiculous, exploitative policy. feels more like a scam than a legitimate business.",1,39,246,0,0,0,0.8974358974358975,0,0,-0.8994,1,0,1,0.0,0,1,0,1.0,0.0
cf060a25-21bb-409b-859e-d845e55907a5,Careem,Food Delivery,Fares Alfares,Unknown,5,2025-07-23 15:52:21,"Nice UI & Good customer service, thank you for solving my issue quickly.","nice ui & good customer service, thank you for solving my issue quickly.",0,13,72,0,0,1,1.0,0,0,0.8625,1,0,1,0.0,0,1,0,5.0,0.0
bc2262dd-015c-414c-9c34-4af50ad71d90,Careem,Food Delivery,FADIA AHMED ABDAIIAH,Unknown,5,2025-07-23 19:29:41,رائع و سريع,رائع و سريع,0,3,11,0,0,0,1.0,0,0,0.0,1,0,1,0.0,0,1,0,5.0,0.0
fed4c3e6-a4d6-4615-ab72-4b114ae45b53,Careem,Food Delivery,Bhushan patil,Unknown,5,2025-07-23 20:36:53,user friendly,user friendly,0,2,13,0,0,0,1.0,0,0,0.4939,1,0,1,0.0,0,1,0,5.0,0.0
b621b84f-9a00-4cb1-a4d3-7515100698ad,Careem,Food Delivery,Omima Saad,Unknown,1,2025-07-23 22:00:23,ابليكشن بقي سيى والعربيات المريحه اللي مفروض السعر اغلي سيئه جدا واوقات متكنش نفس النمره,ابليكشن بقي سيى والعربيات المريحه اللي مفروض السعر اغلي سيئه جدا واوقات متكنش نفس النمره,0,15,88,0,0,0,1.0,0,0,0.0,1,0,1,0.0,0,1,0,1.0,0.0
dcb36756-ec0c-4753-a792-f88a02ac74c1,Careem,Food Delivery,Umar Farooq,Unknown,5,2025-07-24 01:39:03,Amazing ride,amazing ride,0,2,12,0,0,0,1.0,0,0,0.5859,1,0,1,0.0,0,1,0,5.0,0.0
6318ce08-8449-4875-80db-a18e1fc62a7f,Careem,Food Delivery,Noman Uddin,Unknown,1,2025-07-24 02:35:12,They discontinued their services. Just send us a msg of discontinuity and about remaining balance they just wrote in the msg that we r available till I think 15 September 2025. no one knows how to get the balance amount,they discontinued their services. just send us a msg of discontinuity and about remaining balance they just wrote in the msg that we r available till i think 15 september 2025. no one knows how to get the balance amount,0,40,219,0,0,0,0.875,0,0,-0.296,1,0,1,0.0,0,1,0,1.0,0.0
0ed7e26d-0e69-4a61-be8f-223b04bcd1aa,Careem,Food Delivery,Mina Samy,Unknown,5,2025-07-24 03:19:31,good app🤩🤩🤩,good app🤩🤩🤩,0,2,11,3,0,0,1.0,0,1,0.4404,1,0,1,0.0,0,1,0,5.0,0.0
9f6fb0d2-7b1a-4368-94e9-ffa060787bb9,Careem,Food Delivery,Haroon Ayaz,Unknown,5,2025-07-24 03:41:52,"The ride was just like an elder and experience person of a family, who is full of life drives you to destination. It was one of best ride. Thank you.","the ride was just like an elder and experience person of a family, who is full of life drives you to destination. it was one of best ride. thank you.",0,30,149,0,0,0,0.9,0,0,0.8481,1,0,1,0.0,0,1,0,5.0,0.0
31903d7b-9cea-4a78-ae09-3a84e3542647,Careem,Food Delivery,Mndoubi Co,Unknown,5,2025-07-24 06:06:44,تطبيق ممتاز وأسعار رحلات ممتازة في المدينة انصح باستخدامه excellent rates in Madinah,تطبيق ممتاز وأسعار رحلات ممتازة في المدينة انصح باستخدامه excellent rates in madinah,0,13,84,0,0,0,1.0,0,0,0.5719,1,0,1,0.0,0,1,0,5.0,0.0
cedaed8d-71bc-4e26-be81-3b600fcfd5e1,Careem,Food Delivery,Mohammed Salameh,Unknown,1,2025-07-24 09:32:27,الموقع لايعمل الرجا التواصل,الموقع لايعمل الرجا التواصل,1,4,27,0,0,0,1.0,0,0,0.0,1,0,1,0.0,0,1,0,1.0,0.0
f4b277b6-58b4-4a33-b7dc-536d7b9c93aa,Careem,Food Delivery,raja bilal,Unknown,1,2025-07-24 10:23:02,this application is very bad,this application is very bad,0,5,28,0,0,0,1.0,0,1,-0.5849,1,0,1,0.0,0,1,0,1.0,0.0
fb2c6650-3aef-4125-8661-a86204d8d72e,Careem,Food Delivery,Sunod Kumar,Unknown,5,2025-07-24 10:40:29,First time used. Very friendly usage. Paying by adding cash in careem also automatically done. Wonderful experience.,first time used. very friendly usage. paying by adding cash in careem also automatically done. wonderful experience.,1,17,116,0,0,0,1.0,0,0,0.8016,1,0,1,0.0,0,1,0,5.0,0.0
dd93cd53-0f82-48bf-849e-9c9a9ed5d568,Careem,Food Delivery,Monte audrey,Unknown,1,2025-07-24 11:54:54,Some drivers are not honest so shameless,some drivers are not honest so shameless,0,7,40,0,0,0,1.0,0,0,-0.7021,1,0,1,0.0,0,1,0,1.0,0.0
18fb3489-9278-4ced-b596-628cea8cdb0d,Careem,Food Delivery,Abrar Karim,Unknown,2,2025-07-24 12:54:53,Its good except it shows due without any reason. I had a ride and the amount was deducted from my bank account but later is showed that there is a due for the ride,its good except it shows due without any reason. i had a ride and the amount was deducted from my bank account but later is showed that there is a due for the ride,0,34,163,0,0,0,0.8529411764705882,0,0,0.2382,1,0,1,0.0,0,1,0,2.0,0.0
a552dd46-20c5-431d-aa6d-739f7c44af15,Careem,Food Delivery,Nadiya Alsaqer,Unknown,5,2025-07-24 13:45:43,perfect 👌,perfect 👌,0,2,9,1,0,0,1.0,0,0,0.87,1,0,1,0.0,0,1,0,5.0,0.0
4b68f33e-3976-4362-b2a0-f564d3a179ad,Careem,Food Delivery,Jinie Arnibal,Unknown,5,2025-07-24 16:25:23,"careem is the best taxi app. it's easy to book appointments,cheaper and so fast to pick up. very high recommended...","careem is the best taxi app. it's easy to book appointments,cheaper and so fast to pick up. very high recommended...",0,20,116,0,0,0,0.95,1,1,0.8473,1,0,1,0.0,0,1,0,5.0,0.0
59c13f01-6cd4-416c-bebe-17e112368369,Careem,Food Delivery,Ghulam Shabbir,Unknown,5,2025-07-24 19:14:56,nice ride,nice ride,0,2,9,0,0,0,1.0,0,0,0.4215,1,0,1,0.0,0,1,0,5.0,0.0
8b4c3b25-3c35-4d2f-bf09-c7028f528c06,Careem,Food Delivery,Mohamed Khaled,Unknown,1,2025-07-24 21:58:39,اسوء برنامج ممكن الواحد يستخدمه و خدمة عملاء سلبيه و هنصح كل الناس اللي اعرفها متستخدمهوش و عليه سواقين نصابين و حراميه,اسوء برنامج ممكن الواحد يستخدمه و خدمة عملاء سلبيه و هنصح كل الناس اللي اعرفها متستخدمهوش و عليه سواقين نصابين و حراميه,0,22,119,0,0,0,0.8636363636363636,0,0,0.0,1,0,1,0.0,0,1,0,1.0,0.0
4d65674c-8334-4b64-9e4e-746638c7742e,Careem,Food Delivery,Shahid Alam,Unknown,2,2025-07-25 06:21:46,not good no rides,not good no rides,0,4,17,0,0,0,1.0,0,0,-0.1326,1,0,1,0.0,0,1,0,2.0,0.0
0efdb0cc-44ba-432b-99bb-285d01ce2499,Careem,Food Delivery,jamshidali khan,Unknown,5,2025-07-25 08:54:34,better,better,0,1,6,0,0,0,1.0,0,0,0.4404,1,0,1,0.0,0,1,0,5.0,0.0
e2b1a1d1-df88-4c28-9983-845a37b281c5,Careem,Food Delivery,AVISHEK GHOSH,Unknown,5,2025-07-25 09:25:08,superb,superb,0,1,6,0,0,0,1.0,0,0,0.6249,1,0,1,0.0,0,1,0,5.0,0.0
25878951-2872-48c9-8b3b-d8cfa65250d4,Careem,Food Delivery,Saeed Zeidan,Unknown,5,2025-07-25 11:00:58,very good app,very good app,0,3,13,0,0,0,1.0,0,1,0.4927,1,0,1,0.0,0,1,0,5.0,0.0
d359c52e-103a-472c-b108-1e8934f8f940,Careem,Food Delivery,Dhruv Ranjit,Unknown,5,2025-07-25 12:47:16,abdul was rly good driver imo 👍👍👍👍👍👍👍👍🗿🗿🗿🗿🗿,abdul was rly good driver imo 👍👍👍👍👍👍👍👍🗿🗿🗿🗿🗿,0,7,43,13,0,0,1.0,0,0,0.4404,1,0,1,0.0,0,1,0,5.0,0.0
b9a9afc6-c168-406e-96e8-8f62c9ca915d,Careem,Food Delivery,Kashif Ali,Unknown,5,2025-07-25 13:53:59,"It was a good journey with overall a great experience There was a time when you performed bad, but you tried to fight with Taxi and Rickshaw mafia that had ruled in Pakistan since decades çao Careem","it was a good journey with overall a great experience there was a time when you performed bad, but you tried to fight with taxi and rickshaw mafia that had ruled in pakistan since decades çao careem",0,37,198,0,0,0,0.8648648648648649,0,0,-0.2846,1,0,1,0.0,0,1,0,5.0,0.0
53796a3b-5feb-4d75-9d28-2205c15044a3,Careem,Food Delivery,Mazen Tahgan,Unknown,1,2025-07-25 13:55:01,unlimited bugs,unlimited bugs,0,2,14,0,0,0,1.0,0,0,0.0,1,0,1,0.0,0,1,0,1.0,0.0
e5fe183a-0015-465f-8889-86df694ded9d,Careem,Food Delivery,Usman Khan,Unknown,5,2025-07-25 18:43:37,best company 😉 ever very professional,best company 😉 ever very professional,0,6,37,1,0,0,1.0,0,0,0.6369,1,0,1,0.0,0,1,0,5.0,0.0
3f6a443e-f46b-4796-b817-e991b2d7111c,Careem,Food Delivery,A,Unknown,1,2025-07-25 20:16:38,I got scammed by a driver and was charged a fee...,i got scammed by a driver and was charged a fee...,0,11,50,0,0,0,0.9090909090909091,0,0,-0.2023,1,0,1,0.0,0,1,0,1.0,0.0
bf29bd26-1953-4239-aa35-c2d84b6e8a5e,Careem,Food Delivery,حسن ليث,Unknown,5,2025-07-25 23:42:13,تطبيق اكثر من رائع,تطبيق اكثر من رائع,0,4,18,0,0,0,1.0,0,0,0.0,1,0,1,0.0,0,1,0,5.0,0.0
1ce81aff-5c32-4bcf-a990-063d78547aeb,Careem,Food Delivery,Israque Ahmad,Unknown,5,2025-07-26 05:01:54,I love this careem ride Alhamdulillah It is very helpful and better than others and also the chipest,i love this careem ride alhamdulillah it is very helpful and better than others and also the chipest,0,18,100,0,0,0,0.9444444444444444,0,0,0.8874,1,0,1,0.0,0,1,0,5.0,0.0
37c6fe5e-c7ea-4176-b0cc-832c3424eb65,Careem,Food Delivery,Mareshil Fernandez,Unknown,5,2025-07-26 05:36:55,its nice to order here its fast,its nice to order here its fast,0,7,31,0,0,0,0.8571428571428571,0,0,0.4215,1,0,1,0.0,0,1,0,5.0,0.0
3f47e045-0395-4c5c-8962-a5648f5c818a,Careem,Food Delivery,Omar Lim,Unknown,2,2025-07-26 07:27:33,"Sends misleading notifications. show ""3 missed calls..."" as rext for its advertisements. Scammy move for a supposed trustworthy service.","sends misleading notifications. show ""3 missed calls..."" as rext for its advertisements. scammy move for a supposed trustworthy service.",1,19,136,0,0,0,0.9473684210526315,0,0,-0.0772,1,0,1,0.0,0,1,0,2.0,0.0
e84f4b43-e5a8-45e4-8c38-ef005e9bdc32,Careem,Food Delivery,Uday Shetty,Unknown,5,2025-07-26 07:31:12,very very good service,very very good service,0,4,22,0,0,0,0.75,0,0,0.5379,1,0,1,0.0,0,1,0,5.0,0.0
e36c488b-eeb7-4154-a68b-bba25f453433,Careem,Food Delivery,Nouran Ashraf,Unknown,1,2025-07-26 07:35:14,I had a food poisoning because of jolibee and they refused to refund me because I was busy to report if there's a zero I will give,i had a food poisoning because of jolibee and they refused to refund me because i was busy to report if there's a zero i will give,0,27,130,0,0,0,0.8148148148148148,0,0,-0.7184,1,0,1,0.0,0,1,0,1.0,0.0
7019b3bc-f748-48e8-affa-b76058896b15,Careem,Food Delivery,Aris Cuevas,Unknown,5,2025-07-26 09:17:03,excellent service,excellent service,0,2,17,0,0,0,1.0,0,0,0.5719,1,0,1,0.0,0,3,0,5.0,0.0
422c2bf3-91e2-44f6-a37e-09c2dae72b84,Careem,Food Delivery,Muhammad Naeem,Unknown,1,2025-07-26 09:35:39,"worst app,I have ever used. bike didnot come out of the stand and the app has started charging me. no customer service or phone to call. wasted my 2 hours. the bike wasnt even going back inside not recommended","worst app,i have ever used. bike didnot come out of the stand and the app has started charging me. no customer service or phone to call. wasted my 2 hours. the bike wasnt even going back inside not recommended",0,39,209,0,0,0,0.9230769230769231,0,1,-0.8777,1,0,1,0.0,0,1,0,1.0,0.0
1900e536-c291-44d1-aeea-321784a9fd98,Careem,Food Delivery,Salma Sultan,Unknown,5,2025-07-26 09:49:05,on time,on time,0,2,7,0,0,0,1.0,0,0,0.0,1,0,1,0.0,0,1,0,5.0,0.0
30b7569d-f8c2-4b3c-9199-3cd384c031dc,Careem,Food Delivery,Lara Jabbour,Unknown,1,2025-07-26 11:47:22,"Worst customer service ever ! 2 hours delay in the delivery, and we received the food cold! They have never offered any compensation, and their reply is unfortunately we cannot do anything. Unprofessional and Unacceptable..","worst customer service ever ! 2 hours delay in the delivery, and we received the food cold! they have never offered any compensation, and their reply is unfortunately we cannot do anything. unprofessional and unacceptable..",3,35,223,0,0,0,0.8857142857142857,1,0,-0.8652,1,0,1,0.0,0,1,0,1.0,0.0
aa8e3c11-3797-486f-942b-cf6269295b32,Careem,Food Delivery,Christian Aquino,Unknown,5,2025-07-26 13:16:24,easy to use app around UAE,easy to use app around uae,0,6,26,0,0,1,1.0,0,1,0.4404,1,0,1,0.0,0,1,0,5.0,0.0
a347fb49-f541-4682-9fb0-962418173d48,Careem,Food Delivery,Raj Kr,Unknown,1,2025-07-26 13:30:32,a thief app even if you delete ur profile or uninstall they keep on deducting subscription money I have mailed them regarding it but no help,a thief app even if you delete ur profile or uninstall they keep on deducting subscription money i have mailed them regarding it but no help,0,26,140,0,0,0,1.0,1,1,-0.6233,1,0,1,0.0,0,1,0,1.0,0.0
9e56de30-6b16-4955-9bc6-873a48d649ac,Careem,Food Delivery,PARADISE Kashmir,Unknown,5,2025-07-26 14:18:57,this is best app always on time service and very nice cars ☺️ always fair price,this is best app always on time service and very nice cars ☺️ always fair price,0,16,79,0,0,0,0.9375,0,1,0.9162,1,0,1,0.0,0,1,0,5.0,0.0
47906403-7edb-475e-bfd4-144502747f99,Careem,Food Delivery,Sachu Sreenivas,Unknown,5,2025-07-27 03:10:03,"good experience with careem friendly staff, neatness maintained first preference","good experience with careem friendly staff, neatness maintained first preference",0,10,80,0,0,0,1.0,0,0,0.8126,1,0,1,0.0,0,1,0,5.0,0.0
d9c72f12-1576-41d1-88e5-b85f83e8c46a,Careem,Food Delivery,Iftikhar Dhami,Unknown,5,2025-07-27 05:04:46,excellent service price reasonable same like a market rate some things very cheap,excellent service price reasonable same like a market rate some things very cheap,0,13,81,0,0,0,1.0,1,0,0.7351,1,0,1,0.0,0,1,0,5.0,0.0
b0c2c768-5284-48ca-a9f3-ee76a6fb0c8a,Careem,Food Delivery,Kian Lucas,Unknown,5,2025-07-27 06:39:58,A good app no need to wait long for a taxi or driver to travel at an affordable price,a good app no need to wait long for a taxi or driver to travel at an affordable price,0,19,85,0,0,0,0.8947368421052632,0,1,0.1779,1,0,1,0.0,0,1,0,5.0,0.0
857538b0-4f8f-40bf-89cf-087d52ed455c,Careem,Food Delivery,Mohammad Iqbal,Unknown,5,2025-07-27 07:07:20,good service and good people,good service and good people,0,5,28,0,0,0,0.8,0,0,0.7003,1,0,1,0.0,0,1,0,5.0,0.0
593a2c17-a7d5-47c9-8e71-5c217bffa8c8,Careem,Food Delivery,Hamza Rasheed,Unknown,5,2025-07-27 07:18:53,its a very good app for overseas to boost your earning thankyou for careem and team,its a very good app for overseas to boost your earning thankyou for careem and team,0,16,83,0,0,0,0.9375,0,1,0.7089,1,0,1,0.0,0,1,0,5.0,0.0
cdf92a0a-b549-4329-b236-10bbda99cc46,Careem,Food Delivery,Friends Alley,Unknown,5,2025-07-27 07:49:25,"Great app, it's not their pricing that's high, it's the general situation","great app, it's not their pricing that's high, it's the general situation",0,12,73,0,0,0,0.9166666666666666,0,1,0.6249,1,0,1,0.0,0,1,0,5.0,0.0
6ead3590-52d8-4066-89f6-812faed74806,Careem,Food Delivery,K R,Unknown,1,2025-07-27 09:27:22,I swear this app is the worst!,i swear this app is the worst!,0,7,30,0,0,0,1.0,0,1,-0.68,1,0,2,8185996.0,0,1,0,2.5,2.1213203435596424
51a64f39-1d99-454d-b5d6-b72b650a9cab,Careem,Food Delivery,Mohammad Saqer,Unknown,1,2025-07-27 09:38:06,The money was deducted from the account before the trip starts and the captain made an accident and we should go out of the car and after that we found that the trip completed and no money was refund,the money was deducted from the account before the trip starts and the captain made an accident and we should go out of the car and after that we found that the trip completed and no money was refund,0,39,199,0,0,0,0.6666666666666666,0,0,-0.6486,1,0,1,0.0,0,1,0,1.0,0.0
3bcab23b-1a79-4ea0-9092-1c70481a6f1d,Careem,Food Delivery,Muhammad Javed,Unknown,5,2025-07-27 09:47:18,it was wonderful journey with Qasim,it was wonderful journey with qasim,0,6,35,0,0,0,1.0,0,0,0.5719,1,0,1,0.0,0,1,0,5.0,0.0
b0379d33-ac3c-4260-82ea-36dd2c6e06bf,Careem,Food Delivery,Omar Qarawi,Unknown,5,2025-07-27 10:08:02,thanks for your customer service 👍🏻,thanks for your customer service 👍🏻,0,6,35,2,0,0,1.0,0,0,0.4404,1,0,1,0.0,0,1,0,5.0,0.0
5027e5e5-896c-4ec3-8e57-e35709a3c4ea,Careem,Food Delivery,Sulaiman Alhamdan,Unknown,5,2025-07-27 12:11:04,"experience depends on the ride, the interface is fine but it should consider knet payment incase there's no cash. thank you.","experience depends on the ride, the interface is fine but it should consider knet payment incase there's no cash. thank you.",1,21,124,0,0,0,0.9523809523809523,0,0,-0.6206,1,0,1,0.0,0,1,1,5.0,0.0
92d1ecdd-b182-4d0a-8307-105b35da0d2a,Careem,Food Delivery,Bader AlShammari,Unknown,1,2025-07-27 14:32:01,للأسف أغلب الي يسوقون السيارات شارين الحساب من أشخاص مصرحين، الي بالتطبيق مختلف عن الي يجيك وهذا خطر على الركاب ويعتبر جريمه,للأسف أغلب الي يسوقون السيارات شارين الحساب من أشخاص مصرحين، الي بالتطبيق مختلف عن الي يجيك وهذا خطر على الركاب ويعتبر جريمه,0,22,124,0,0,0,0.9090909090909091,0,0,0.0,1,0,1,0.0,0,1,0,1.0,0.0
943fc130-4a13-495f-b652-e8253c706379,Careem,Food Delivery,Dalia Al-Badran,Unknown,5,2025-07-27 14:47:55,مريح جدا,مريح جدا,0,2,8,0,0,0,1.0,0,0,0.0,1,0,1,0.0,0,1,0,5.0,0.0
d6c7d599-08fd-4b37-8d46-13cbdc58326b,Careem,Food Delivery,Natalya,Unknown,4,2025-07-27 14:49:41,"the ride service seems to have been negatively affected by the last update which is now a disadvantage and discouragement to advance package paying customers with very long waiting times, used to be much better.","the ride service seems to have been negatively affected by the last update which is now a disadvantage and discouragement to advance package paying customers with very long waiting times, used to be much better.",1,35,211,0,0,0,0.9142857142857143,0,0,-0.5423,1,0,1,0.0,0,1,1,4.0,0.0
22ecc90f-6889-481c-bf69-5195e445a2da,Careem,Food Delivery,TAQI EDDEEN RAWASHDEH,Unknown,5,2025-07-27 19:11:47,"Much better than other apps, it gives you the ability to do a lot of things: food delivery, grocery shopping. Some apps do not give you the chance to save locations; this gives it to you. Careem is the best","much better than other apps, it gives you the ability to do a lot of things: food delivery, grocery shopping. some apps do not give you the chance to save locations; this gives it to you. careem is the best",4,40,206,0,0,0,0.8,0,1,0.9274,1,0,1,0.0,0,1,0,5.0,0.0
b4b1603e-50b2-4089-ae27-88b9f823fdf8,Careem,Food Delivery,OUDAI Alhajj,Unknown,5,2025-07-27 19:53:15,Perfect ever. And most respectful thanks kareem,perfect ever. and most respectful thanks kareem,0,7,47,0,0,0,1.0,0,0,0.8799,1,0,1,0.0,0,1,0,5.0,0.0
89d43cf4-4302-4945-896f-bac626c92498,Careem,Food Delivery,Arrbbie Ninon,Unknown,5,2025-07-27 20:05:26,good i like it,good i like it,0,4,14,0,0,0,1.0,0,0,0.6597,1,0,1,0.0,0,1,0,5.0,0.0
c522bf23-461a-41aa-b444-ab8e6621d5fa,Careem,Food Delivery,சுரேஷ்குமார் ராம்,Unknown,5,2025-07-27 20:16:01,very good services,very good services,0,3,18,0,0,0,1.0,0,0,0.4927,1,0,1,0.0,0,1,0,5.0,0.0
84d8a9fc-2ac1-408a-8a95-5225d623fe60,Careem,Food Delivery,Abdul Hanan Muhammad Ashraf,Unknown,5,2025-07-27 22:02:33,very nice and carefully app,very nice and carefully app,0,5,27,0,0,0,1.0,0,1,0.5936,1,0,1,0.0,0,1,0,5.0,0.0
fae6c3b3-746c-40c6-a3ee-5d728b210e65,Careem,Food Delivery,salaudinn shaah,Unknown,5,2025-07-27 23:47:07,Careem is the best app to book rides . this is my 3rd year using it. I'm really happy with the service no complains from the captains and always on time,careem is the best app to book rides . this is my 3rd year using it. i'm really happy with the service no complains from the captains and always on time,0,31,152,0,0,0,0.9032258064516129,0,1,0.8854,1,0,1,0.0,0,1,0,5.0,0.0
cb04e1fb-3123-4a7a-ad47-7d3c43ac3ad7,Careem,Food Delivery,Ali Jutt,Unknown,5,2025-07-28 00:46:46,careem service best,careem service best,0,3,19,0,0,0,1.0,0,0,0.6369,1,0,1,0.0,0,1,0,5.0,0.0
5e7ed7ba-7424-4069-9d8d-ee001123c3a7,Careem,Food Delivery,Riyadh Ali,Unknown,5,2025-07-28 07:08:33,ممتاز وسريع,ممتاز وسريع,0,2,11,0,0,0,1.0,0,0,0.0,1,0,1,0.0,0,1,0,5.0,0.0
7f660a4e-f985-4745-856b-36e5cb059425,Careem,Food Delivery,Shaikh Irfan,Unknown,5,2025-07-28 09:18:46,exllent service wery fast transport good,exllent service wery fast transport good,0,6,40,0,0,0,1.0,0,0,0.4404,1,0,1,0.0,0,1,0,5.0,0.0
e35de77b-cc7a-435c-bafb-5f34c27b104b,Careem,Food Delivery,فكر وابتكر,Unknown,5,2025-07-28 12:02:30,سرعة الوصول وتفهم الكابتن,سرعة الوصول وتفهم الكابتن,0,4,25,0,0,0,1.0,0,0,0.0,1,0,1,0.0,0,1,0,5.0,0.0
be2b3d76-6e38-4d74-b2a1-92b121955f41,Careem,Food Delivery,Mohamed Kady,Unknown,1,2025-07-28 14:19:52,disrespect and dishonest,disrespect and dishonest,0,3,24,0,0,0,1.0,0,0,-0.7579,1,0,1,0.0,0,1,0,1.0,0.0
df2bf17c-6b93-4969-8e2b-2af038f941f9,Careem,Food Delivery,Mohammed Saquib,Unknown,1,2025-07-28 15:00:55,This app will show you less while booking the cab and once you board and complete the ride the amount will go to the top with a huge difference. This is not the one to be preferred for Cab.😡,this app will show you less while booking the cab and once you board and complete the ride the amount will go to the top with a huge difference. this is not the one to be preferred for cab.😡,0,39,190,1,0,0,0.7692307692307693,0,1,0.4767,1,0,1,0.0,0,1,0,1.0,0.0
23b24a8c-7cd5-4c65-8e74-12fd571574b4,Careem,Food Delivery,Mai Gouda,Unknown,1,2025-07-28 16:23:31,very bad ..rude drivers,very bad ..rude drivers,0,4,23,0,0,0,1.0,0,0,-0.7947,1,0,1,0.0,0,1,0,1.0,0.0
58b3cb79-251f-4820-a34a-0c5cd3470233,Careem,Food Delivery,Khalid Abdelqader,Unknown,1,2025-07-28 17:51:52,Very bad experience with Careem yesterday,very bad experience with careem yesterday,0,6,41,0,0,0,1.0,0,0,-0.5849,1,0,1,0.0,0,1,0,1.0,0.0
3e12fe7b-6737-41fa-a613-f1ce14084de4,Careem,Food Delivery,Ihab Abdo,Unknown,1,2025-07-29 06:01:54,I am unable to use the credit in scooter rides although i choose careem pay wallet option when book a ride why it works only in car rides it doesn't make sense that's clear fraud,i am unable to use the credit in scooter rides although i choose careem pay wallet option when book a ride why it works only in car rides it doesn't make sense that's clear fraud,1,35,178,0,0,0,0.8857142857142857,0,0,0.0,1,0,1,0.0,0,1,0,1.0,0.0
d2d09ad0-7993-43b1-a3d1-598cbe0b7c3a,Careem,Food Delivery,Dark Knight 81,Unknown,1,2025-07-29 07:36:05,للأسف لا يوجد أقل من نجمة واحدة... حيث أنه خلال يومين تكرر موضوع الذروة ومشاكلها... للأسف حتى لو اشتكيت كمان عالفاضي,للأسف لا يوجد أقل من نجمة واحدة... حيث أنه خلال يومين تكرر موضوع الذروة ومشاكلها... للأسف حتى لو اشتكيت كمان عالفاضي,0,21,116,0,0,0,0.9523809523809523,0,0,0.0,1,0,1,0.0,0,1,0,1.0,0.0
0ad9d657-0f4e-44f3-be93-1f4e1cd80176,Careem,Food Delivery,maher mohsen,Unknown,1,2025-07-29 11:09:03,"very bad experience always no solution for problems i don't recommend this app for anyone, cheap as well","very bad experience always no solution for problems i don't recommend this app for anyone, cheap as well",1,18,104,0,0,0,0.9444444444444444,1,1,-0.8159,1,0,1,0.0,0,1,0,1.0,0.0
663e94dc-c72b-4417-9c33-173b490bfd4e,Careem,Food Delivery,sagar chandran,Unknown,1,2025-07-29 12:10:43,worst delivey..They deduct money for cancelled oders.. That also even 3 month after with out permission,worst delivey..they deduct money for cancelled oders.. that also even 3 month after with out permission,0,16,103,0,0,0,1.0,0,0,-0.7269,1,0,1,0.0,0,1,0,1.0,0.0
237b3b37-feb4-48d5-86e9-82c5fb760e28,Careem,Food Delivery,Hassan Osman,Unknown,4,2025-07-29 12:24:01,The help centre is useless and can't support clients in any case or situation. uninstall. the help centre called me back immediately and fixed the issues that I faced with the captain. thanks and appreciate the quick response.,the help centre is useless and can't support clients in any case or situation. uninstall. the help centre called me back immediately and fixed the issues that i faced with the captain. thanks and appreciate the quick response.,0,38,226,0,0,0,0.7894736842105263,1,1,0.7133,1,0,1,0.0,0,1,0,4.0,0.0
64cdad0c-35f7-41bf-bf3c-24d13501e000,Careem,Food Delivery,Haris Ali,Unknown,1,2025-07-29 13:57:38,gatiya treen ap,gatiya treen ap,0,3,15,0,0,0,1.0,0,0,0.0,1,0,1,0.0,0,1,0,1.0,0.0
bee8aff5-5bca-462c-b1ac-8aac459c8706,Careem,Food Delivery,Ibrahim altameemi,Unknown,3,2025-07-29 14:18:24,حلوة الخدمة بس الاسعار مبالغ بيها جدا,حلوة الخدمة بس الاسعار مبالغ بيها جدا,0,7,37,0,0,0,1.0,0,0,0.0,1,0,1,0.0,0,1,0,3.0,0.0
5bfb7536-5f18-4bb5-92c3-6277544df086,Careem,Food Delivery,Tareq Borini,Unknown,1,2025-07-29 14:34:41,"Poor customer service, delayed delivery, and not recommended to order through this app at all","poor customer service, delayed delivery, and not recommended to order through this app at all",0,15,93,0,0,0,1.0,0,1,-0.68,1,0,1,0.0,0,1,0,1.0,0.0
d0346250-3cc7-4c5e-b003-4a9e761b895a,Careem,Food Delivery,R. Al-Rubaiee,Unknown,1,2025-07-29 20:17:33,لا يوجد مصداقية في طلب الاجرة تظهر في التطبيق مبلغ ويطلب السائق مبلغ مضاعف,لا يوجد مصداقية في طلب الاجرة تظهر في التطبيق مبلغ ويطلب السائق مبلغ مضاعف,0,14,74,0,0,0,0.8571428571428571,0,0,0.0,1,0,1,0.0,0,1,0,1.0,0.0
94457037-a902-4dd2-a717-36bfa04e042f,Careem,Food Delivery,John Kasturi Rajan,Unknown,1,2025-07-30 04:22:34,The worst app for rides in Saudi Arabia.. captains are not being monitored or guided.. they ll simply ask to cancel the ride.. moreover most of the vehicles are not in good condition,the worst app for rides in saudi arabia.. captains are not being monitored or guided.. they ll simply ask to cancel the ride.. moreover most of the vehicles are not in good condition,0,33,182,0,0,0,0.8484848484848485,0,1,-0.8179,1,0,1,0.0,0,1,0,1.0,0.0
9e6fa5ce-5e5d-425e-a077-f17e966f9e74,Careem,Food Delivery,Basil Joy,Unknown,4,2025-07-30 07:19:28,"Hala taxis are generally neat and clean, but it’s quite frustrating that nearly every driver uses their phone and talks to someone during the ride. Delivery services are a good choice considering the time and money.","hala taxis are generally neat and clean, but it’s quite frustrating that nearly every driver uses their phone and talks to someone during the ride. delivery services are a good choice considering the time and money.",1,36,215,0,0,0,0.8888888888888888,0,0,0.3422,1,0,1,0.0,0,1,0,4.0,0.0
bcd4e75c-0ac0-4cd2-beb3-ba3ba3dd7ef9,Careem,Food Delivery,jebin jose,Unknown,4,2025-07-30 15:06:58,good experience 👍🏿,good experience 👍🏿,0,3,18,2,0,0,1.0,0,0,0.4404,1,0,1,0.0,0,1,0,4.0,0.0
cfb8b534-882a-44e4-83e6-4ff3e787f598,Careem,Food Delivery,Reda Marmoush,Unknown,1,2025-07-30 18:12:39,nothing works,nothing works,0,2,13,0,0,0,1.0,0,0,0.0,1,0,1,0.0,0,1,0,1.0,0.0
0ae3c69c-d088-48cf-943a-7a88ca5a337e,Careem,Food Delivery,Tariq Shabib,Unknown,1,2025-07-31 08:44:16,Their service for Careem Pay is not as what they are marketing (SPEED),their service for careem pay is not as what they are marketing (speed),0,13,70,0,0,1,1.0,0,0,-0.1027,1,0,1,0.0,0,1,0,1.0,0.0
fa2418cf-9495-4d00-876c-d53943dd9d82,Careem,Food Delivery,Zaid Kamal,Unknown,1,2025-07-31 08:50:07,خدمة عملاء ضعيفة جدا وتعامل غير مقبول من قبل بعض الكباتن، تم تقديم شكوى ولا يوجد استجابة، ولا تواصل من خدمة العملاء,خدمة عملاء ضعيفة جدا وتعامل غير مقبول من قبل بعض الكباتن، تم تقديم شكوى ولا يوجد استجابة، ولا تواصل من خدمة العملاء,0,22,115,0,0,0,0.8636363636363636,0,0,0.0,1,0,1,0.0,0,1,0,1.0,0.0
27a0ebf1-7399-49ca-9e54-fe9969d9daf5,Careem,Food Delivery,ZAID ABDULGANI,Unknown,4,2025-07-31 12:10:44,it's very easy and good price with stuff is the best in the world,it's very easy and good price with stuff is the best in the world,0,14,65,0,0,0,0.9285714285714286,0,0,0.8899,1,0,1,0.0,0,1,0,4.0,0.0
4e3e6d13-6494-4bc5-9258-1248a70522f7,Careem,Food Delivery,Christine Fernandez,Unknown,5,2025-07-31 19:19:14,clean and nice smell...,clean and nice smell...,0,4,23,0,0,0,1.0,0,0,0.6705,1,0,1,0.0,0,1,0,5.0,0.0
50d88eaf-1d78-456b-96cf-b1013afd2206,Careem,Food Delivery,Snow Flower,Unknown,1,2025-07-31 20:29:32,تطبيق اى كلام السواقين بياخدوا الفلوس ومش بيحطواها فى المحفظة 😠😠 ومحدش بيرد عالشكاوى اخر مرة استخدمه,تطبيق اى كلام السواقين بياخدوا الفلوس ومش بيحطواها فى المحفظة 😠😠 ومحدش بيرد عالشكاوى اخر مرة استخدمه,0,17,100,2,0,0,1.0,0,0,-0.765,1,0,1,0.0,0,1,0,1.0,0.0
84ac2605-2943-4b91-8a33-a6a1c25866b5,Careem,Food Delivery,Abdullah Albasha,Unknown,1,2025-07-31 20:47:47,The customer service sucks,the customer service sucks,0,4,26,0,0,0,1.0,0,0,-0.3612,1,0,1,0.0,0,1,0,1.0,0.0
e9313c68-8766-4d1a-b14e-2f8e34fb4248,Careem,Food Delivery,ŠHÃHÎŇ Ꮋᴏssᴇɴ,Unknown,5,2025-07-31 21:16:40,good ride app,good ride app,0,3,13,0,0,0,1.0,0,1,0.4404,1,0,1,0.0,0,1,0,5.0,0.0
5ff18c1c-261e-440c-a383-5f0401c6af15,Careem,Food Delivery,David Noronha,Unknown,1,2025-08-01 03:51:44,very poor customer service.,very poor customer service.,0,4,27,0,0,0,1.0,0,0,-0.5256,1,0,1,0.0,0,1,0,1.0,0.0
83759a3d-dae0-4c6f-b92c-e5be7a6288f2,Careem,Food Delivery,Nitheesh Devdas,Unknown,4,2025-08-01 05:05:28,The car was brand new and very comfortable.enjoy the journey,the car was brand new and very comfortable.enjoy the journey,0,10,60,0,0,0,0.9,0,0,0.0,1,0,1,0.0,0,1,0,4.0,0.0
7e2563db-ed5d-4dcd-8efd-d6283b405e21,Careem,Food Delivery,Ali Baloch,Unknown,5,2025-08-01 10:40:31,dear careem ap Pakistan main apni. service again start Karen please ya uber ko again Pakistan main apni service start karni chahi Hain,dear careem ap pakistan main apni. service again start karen please ya uber ko again pakistan main apni service start karni chahi hain,0,23,134,0,0,0,0.782608695652174,0,1,0.5994,1,0,1,0.0,0,1,0,5.0,0.0
e5bbd97a-eac3-443e-9f21-6c10f98fbd74,Careem,Food Delivery,Zaid Khouri,Unknown,1,2025-08-01 13:00:36,"very bad experience, specifically with customer services","very bad experience, specifically with customer services",0,7,56,0,0,0,1.0,0,0,-0.5849,1,0,1,0.0,0,1,0,1.0,0.0
014a669b-528e-4a2c-a9fe-7e0a0113ade4,Careem,Food Delivery,George Tsatsaronis,Unknown,5,2025-08-01 17:08:40,User friendly. A companion App in UAE,user friendly. a companion app in uae,0,7,37,0,0,1,1.0,0,1,0.4939,1,0,1,0.0,0,1,0,5.0,0.0
54fd3802-cd69-4934-b8a1-9055ec1f8412,Careem,Food Delivery,Farah Haythem,Unknown,1,2025-08-01 18:03:45,وحش جداا غير قابل لاستخدام,وحش جداا غير قابل لاستخدام,0,5,26,0,0,0,1.0,0,0,0.0,1,0,1,0.0,0,1,0,1.0,0.0
c5037a93-e023-4cc0-9d99-f03dbf026ed6,Careem,Food Delivery,Zahid Hussain,Unknown,5,2025-08-01 18:40:05,very good service iam happy zahid,very good service iam happy zahid,0,6,33,0,0,0,1.0,0,1,0.7841,1,0,1,0.0,0,1,0,5.0,0.0
e707cb37-4612-4793-8d0c-c839ded6de5f,Careem,Food Delivery,Clefford Embana,Unknown,1,2025-08-01 19:56:55,I have ordered from careem ..but I didn't receive it and rider delivered it in app . careem support is unsupported for customer agent name is Nadeem and Salman and rider name is shaban,i have ordered from careem ..but i didn't receive it and rider delivered it in app . careem support is unsupported for customer agent name is nadeem and salman and rider name is shaban,0,34,184,0,0,0,0.7352941176470589,0,1,0.0,1,0,1,0.0,0,1,0,1.0,0.0
bf3eb144-a497-43e7-8f4e-9366b2ad675a,Careem,Food Delivery,Dhinakaran,Unknown,5,2025-08-01 21:46:25,Nice ❤️,nice ❤️,0,2,7,0,0,0,1.0,0,0,0.4215,1,0,1,0.0,0,1,0,5.0,0.0
42b98b94-304f-427b-b4ec-614fc01a4cfa,Careem,Food Delivery,Tabrez Khan,Unknown,5,2025-08-02 05:50:07,Driver Behavior Very Good 👍 Driving very Perfect,driver behavior very good 👍 driving very perfect,0,8,48,1,0,0,0.875,0,0,0.8012,1,0,1,0.0,0,1,0,5.0,0.0
76c0a55e-7c7a-44a7-86da-fca8401cdc00,Careem,Food Delivery,Man B,Unknown,2,2025-08-02 07:03:55,this is very expensive,this is very expensive,0,4,22,0,0,0,1.0,0,0,0.0,1,0,1,0.0,0,1,0,2.0,0.0
ff7d0071-0dbd-4c30-b4cb-59ce496a324a,Careem,Food Delivery,Mira D,Unknown,1,2025-08-02 07:11:52,very bad customer service they dont reply to messages and complaints only auto reply even the emergency number they provide is also a robot that redirect you to the same useless chat! very disappointing service in Jordan,very bad customer service they dont reply to messages and complaints only auto reply even the emergency number they provide is also a robot that redirect you to the same useless chat! very disappointing service in jordan,0,37,220,0,0,0,0.8378378378378378,0,1,-0.9369,1,0,1,0.0,0,1,0,1.0,0.0
52c6d6c6-f806-41a4-a747-2f582561e75a,Careem,Food Delivery,Mesziel Robin,Unknown,1,2025-08-02 08:01:03,very nice,very nice,0,2,9,0,0,0,1.0,0,0,0.4754,1,0,1,0.0,0,3,0,1.0,0.0
2867ba94-588b-45dc-b48e-cd07115ac81c,Careem,Food Delivery,shadee rjoub,Unknown,5,2025-08-02 08:04:36,برنامج رائع ، اساسي في التنقل الى اي وجهة,برنامج رائع ، اساسي في التنقل الى اي وجهة,0,9,41,0,0,0,1.0,0,0,0.0,1,0,1,0.0,0,1,0,5.0,0.0
ab2bb953-ca6b-4330-b3e3-18404911ae3d,Careem,Food Delivery,Wahid Hassan,Unknown,1,2025-08-02 09:06:30,"very bad app and very bad mangment ,","very bad app and very bad mangment ,",0,8,36,0,0,0,0.75,0,1,-0.8218,1,0,1,0.0,0,1,0,1.0,0.0
f4add4d0-9667-41e7-98fc-19a5d7897210,Careem,Food Delivery,Maryam Mahmoud,Unknown,5,2025-08-02 10:43:17,I get ride from France cluster to casa grande and this very polite driver had my ride very smooth and greatly.. He deserves more than 5 star,i get ride from france cluster to casa grande and this very polite driver had my ride very smooth and greatly.. he deserves more than 5 star,0,27,140,0,0,0,0.8888888888888888,0,0,0.0,1,0,1,0.0,0,1,0,5.0,0.0
9567a0da-e74a-401d-a661-16a64cc76b80,Careem,Food Delivery,Financial Investments,Unknown,1,2025-08-02 13:43:54,"Fraudulent company, you are stolen my money. Guilty company... Don't use it careem pay, they will stolen your money..take care..stolen company...not honest company","fraudulent company, you are stolen my money. guilty company... don't use it careem pay, they will stolen your money..take care..stolen company...not honest company",0,23,163,0,0,0,0.9565217391304348,0,0,-0.8591,1,0,1,0.0,0,1,0,1.0,0.0
010bf894-044a-4b3b-803c-b19eb708772f,Careem,Food Delivery,Solten,Unknown,5,2025-08-02 14:20:00,Very Extent Software And Nice Service ...,very extent software and nice service ...,0,7,41,0,0,0,1.0,0,0,0.4215,1,0,1,0.0,0,1,0,5.0,0.0
b9abecc1-e7af-4b10-9e87-db335a2ed049,Careem,Food Delivery,Priyan Chanuka Perera,Unknown,5,2025-08-02 16:41:57,Great Service,great service,0,2,13,0,0,0,1.0,0,0,0.6249,1,0,1,0.0,0,1,0,5.0,0.0
40253978-e746-42d7-8f44-45fdfeec6e1f,Careem,Food Delivery,Osama Mati Ur Rasool,Unknown,5,2025-08-02 16:52:24,best experience,best experience,0,2,15,0,0,0,1.0,0,0,0.6369,1,0,1,0.0,0,2,0,5.0,0.0
cd58020d-da0f-4b82-be9b-ace7f6996628,Careem,Food Delivery,Mohammad Bazian,Unknown,1,2025-08-02 18:22:32,"Dear all, I tried to request a delivery from Nashville restaurant, but you didn't accept the cash payment method from my side while it was accepted from another name at the same time. I need an explanation, please!!!!!","dear all, i tried to request a delivery from nashville restaurant, but you didn't accept the cash payment method from my side while it was accepted from another name at the same time. i need an explanation, please!!!!!",1,38,218,0,0,0,0.8947368421052632,0,0,0.6996,1,0,1,0.0,0,1,1,1.0,0.0
1cb63d0f-ca4f-4f01-828f-df5204d5475e,Careem,Food Delivery,Monica Ashraf,Unknown,1,2025-08-02 19:14:54,app مهزئ بيديك سعر و أما بتوصل المشوار يعلى السعر عليك,app مهزئ بيديك سعر و أما بتوصل المشوار يعلى السعر عليك,0,11,54,0,0,0,1.0,0,1,0.0,1,0,1,0.0,0,1,0,1.0,0.0
c4ae310f-9cc8-417b-9534-a94401cd1d42,Careem,Food Delivery,Sharon Ledesma,Unknown,5,2025-08-02 20:15:36,the driver is very kind,the driver is very kind,0,5,23,0,0,0,1.0,0,0,0.5709,1,0,1,0.0,0,1,0,5.0,0.0
aa84a483-6ff9-4688-8763-76281f734fac,Careem,Food Delivery,Ortega Deorenda,Unknown,5,2025-08-03 03:36:02,good riding wherever I am,good riding wherever i am,0,5,25,0,0,0,1.0,0,0,0.4404,1,0,1,0.0,0,1,0,5.0,0.0
af99e430-c2b3-4431-ac11-0467f70d43cc,Careem,Food Delivery,Ayman Hassan,Unknown,1,2025-08-03 06:36:37,تطبيق زباله وشركه غير امنه بالمره بنتى كانت هتتخطف طلبتلها عربيه تاخدها من النادى والسواق كان هيخطفها ..بس الحمد لله جيبته وحبسته ف القسم شركه.وسخه اتفوووووووو عليكم,تطبيق زباله وشركه غير امنه بالمره بنتى كانت هتتخطف طلبتلها عربيه تاخدها من النادى والسواق كان هيخطفها ..بس الحمد لله جيبته وحبسته ف القسم شركه.وسخه اتفوووووووو عليكم,0,27,165,0,0,0,1.0,0,0,0.0,1,0,1,0.0,0,1,0,1.0,0.0
f3311d10-3f61-4a45-80bc-dc4f96ddb7eb,Careem,Food Delivery,Nama Hyari,Unknown,1,2025-08-03 06:39:44,Recently finding a captain takes ages with a chance of not finding one at all. The app is becoming so unreliable.,recently finding a captain takes ages with a chance of not finding one at all. the app is becoming so unreliable.,0,21,113,0,0,0,0.9047619047619048,0,1,0.25,1,0,1,0.0,0,1,0,1.0,0.0
032176d2-14e0-44cf-beb3-f009618ec9c8,Careem,Food Delivery,Muhammad Umair,Unknown,5,2025-08-03 08:10:52,App's startup time is quite slow,app's startup time is quite slow,0,6,32,0,0,0,1.0,0,1,0.0,1,0,1,0.0,0,1,0,5.0,0.0
d6d8fae7-1346-4a6a-9fd1-9b9855acdbe6,Careem,Food Delivery,Gulam Hussain,Unknown,5,2025-08-03 09:11:19,best company,best company,0,2,12,0,0,0,1.0,0,0,0.6369,1,0,1,0.0,0,1,0,5.0,0.0
c777bd50-9c81-4982-a250-6e512a4c035b,Careem,Food Delivery,Ghassan AbulGhanam,Unknown,1,2025-08-03 14:11:25,"Deteriorating app experience, Customer Service & Care in the last months. Seems company has undergone management changes, for the worse. Will no longer use, recommend alternatives.","deteriorating app experience, customer service & care in the last months. seems company has undergone management changes, for the worse. will no longer use, recommend alternatives.",0,26,180,0,0,0,0.9615384615384616,0,1,0.1027,1,0,1,0.0,0,1,0,1.0,0.0
4d8cb8b6-1a9f-4782-ace3-268e3a0221bf,Careem,Food Delivery,Omar Afia,Unknown,1,2025-08-03 14:17:23,مبقاش في سيارات متاحه كتير و بنتظر بالنص ساعه و الساعه علشان الاقي رحله ده اذا لقيت في الاخر ، في كل الاماكن في القاهره,مبقاش في سيارات متاحه كتير و بنتظر بالنص ساعه و الساعه علشان الاقي رحله ده اذا لقيت في الاخر ، في كل الاماكن في القاهره,0,25,119,0,0,0,0.84,0,0,0.0,1,0,1,0.0,0,1,0,1.0,0.0
fa340793-a3f2-4890-8df0-d5a0b90d1e38,Careem,Food Delivery,Mohammed Fathy,Unknown,2,2025-08-03 15:15:55,very expressive,very expressive,0,2,15,0,0,0,1.0,0,0,0.0,1,0,1,0.0,0,1,0,2.0,0.0
41aadea7-2746-473a-8747-7fd5778b3378,Careem,Food Delivery,HamSu,Unknown,1,2025-08-03 15:33:42,اخر فتره سواق غير مهنيين و سيارات رديئه,اخر فتره سواق غير مهنيين و سيارات رديئه,0,8,39,0,0,0,1.0,0,0,0.0,1,0,1,0.0,0,1,0,1.0,0.0
bf6a84a2-8409-4034-98ad-49c7695febbd,Careem,Food Delivery,Babar Rajpoot,Unknown,5,2025-08-03 18:14:24,chuk k rakhu,chuk k rakhu,0,3,12,0,0,0,1.0,0,0,0.0,1,0,1,0.0,0,1,0,5.0,0.0
5eda3080-c127-4901-a491-337b8110daef,Careem,Food Delivery,Tabish Jamdar,Unknown,5,2025-08-03 20:07:58,I'm appreciate very very good application you can use this app all people,i'm appreciate very very good application you can use this app all people,0,13,73,0,0,0,0.9230769230769231,0,1,0.7328,1,0,1,0.0,0,1,0,5.0,0.0
43d33b53-3915-4ab3-8e34-15972ad3501b,Careem,Food Delivery,mohammed kalache,Unknown,3,2025-08-03 21:10:53,"Unfortunately, raise complain about damage in my order for food just two week ago . Not received any call, action from careem put money in the wallet without informed me !!!","unfortunately, raise complain about damage in my order for food just two week ago . not received any call, action from careem put money in the wallet without informed me !!!",1,31,173,0,0,0,0.967741935483871,0,0,-0.8392,1,0,1,0.0,0,1,0,3.0,0.0
ddd73ac8-0f11-4915-b08b-e9362e10365a,Careem,Food Delivery,Shaban Rasheed,Unknown,5,2025-08-03 23:22:44,smooth driving I like it,smooth driving i like it,0,5,24,0,0,0,1.0,0,0,0.3612,1,0,1,0.0,0,1,0,5.0,0.0
ac9ab270-9a23-4a86-8939-9d96a3c8e906,Careem,Food Delivery,AFTAB AFTAB AHMAD,Unknown,1,2025-08-04 00:08:30,now days very bed,now days very bed,0,4,17,0,0,0,1.0,0,0,0.0,1,0,1,0.0,0,1,0,1.0,0.0
3094b2d8-2776-46c2-a8d3-f21a4b78c77e,Careem,Food Delivery,Mohd ikri,Unknown,5,2025-08-04 00:20:19,perkhidmatan yang bagus.. cepat dan Driver yang mesra,perkhidmatan yang bagus.. cepat dan driver yang mesra,0,8,53,0,0,0,0.875,0,0,0.0,1,0,1,0.0,0,1,0,5.0,0.0
10dc7219-0e52-4c7e-8705-5f9eed2e88e5,Careem,Food Delivery,Tyi Opk,Unknown,5,2025-08-04 03:06:29,careem my favourite very good service and driver,careem my favourite very good service and driver,0,8,48,0,0,0,1.0,0,0,0.4927,1,0,1,0.0,0,1,0,5.0,0.0
ed211dd5-1d88-441b-a27e-146e0494d456,Careem,Food Delivery,kay jo,Unknown,5,2025-08-04 03:08:40,always good,always good,0,2,11,0,0,0,1.0,0,0,0.4404,1,0,1,0.0,0,1,0,5.0,0.0
672d0255-0948-4fc1-b6fb-8f4b9070c60a,Careem,Food Delivery,Ogunleye Benjamin,Unknown,5,2025-08-04 03:43:37,very good and fast in response,very good and fast in response,0,6,30,0,0,0,1.0,0,0,0.4927,1,0,1,0.0,0,1,0,5.0,0.0
e3cd3095-60cb-4dd8-943a-3307c7feccd4,Careem,Food Delivery,Ezhil Arasan,Unknown,5,2025-08-04 03:51:48,Good service,good service,0,2,12,0,0,0,1.0,0,0,0.4404,1,0,1,0.0,0,3,0,5.0,0.0
5543c2b4-9992-4d46-8314-2cbe6998f32e,Careem,Food Delivery,Tauseef Ahmad,Unknown,5,2025-08-04 08:11:22,experience and coustmer service from driver was appreciative,experience and coustmer service from driver was appreciative,0,8,60,0,0,0,1.0,0,1,0.5574,1,0,1,0.0,0,1,0,5.0,0.0
663823ad-b0a6-4dd5-b59f-c4cca98d8c0e,Careem,Food Delivery,Mohammad golooba Musisi,Unknown,5,2025-08-04 08:34:52,first ride good,first ride good,0,3,15,0,0,0,1.0,0,0,0.4404,1,0,1,0.0,0,1,0,5.0,0.0
7596945d-858c-43a8-8c18-1c7710fbfdcb,Careem,Food Delivery,Emad,Unknown,5,2025-08-04 08:43:00,The best,the best,0,2,8,0,0,0,1.0,0,0,0.6369,1,0,1,0.0,0,2,0,5.0,0.0
f136d94a-f7f1-4255-ba38-305db954fa62,Careem,Food Delivery,George Doumit,Unknown,1,2025-08-04 08:47:34,verry bad services and delivery guys are liars .,verry bad services and delivery guys are liars .,0,9,48,0,0,0,1.0,0,0,-0.7845,1,0,1,0.0,0,1,0,1.0,0.0
948c3744-e41f-473e-8a65-f07b3f9c83fa,Careem,Food Delivery,Yazan Tashtoush,Unknown,1,2025-08-04 10:31:04,bad experience with very low intelligence supports,bad experience with very low intelligence supports,0,7,50,0,0,0,1.0,0,0,0.0642,1,0,1,0.0,0,1,0,1.0,0.0
cb55375e-e9c7-4bb3-9e51-fa01fccec0c4,Careem,Food Delivery,Monadya Slaen,Unknown,5,2025-08-04 11:34:42,easy to use,easy to use,0,3,11,0,0,0,1.0,0,0,0.4404,1,0,1,0.0,0,2,0,5.0,0.0
2df776ab-ef53-40cc-86bf-4b14089a1db7,Careem,Food Delivery,Cute Kary,Unknown,5,2025-08-04 12:20:20,"Good, excellent and easy location","good, excellent and easy location",0,5,33,0,0,0,1.0,0,0,0.8591,1,0,1,0.0,0,1,0,5.0,0.0
fc51f0ea-65a8-425f-aa77-05fd593506c4,Careem,Food Delivery,Ahsan Shafique,Unknown,5,2025-08-04 12:44:34,i am sad now they are ending their service in Pakistan.More power and success to you all for future venture.,i am sad now they are ending their service in pakistan.more power and success to you all for future venture.,0,20,108,0,0,0,1.0,0,0,0.1531,1,0,1,0.0,0,1,0,5.0,0.0
c9220096-85b4-4d3b-8295-e3ca05d1eacd,Careem,Food Delivery,NM SH,Unknown,1,2025-08-04 13:21:42,"If you get a wrong item, you can't return it back or get a refund! The customer service is awful as well!!","if you get a wrong item, you can't return it back or get a refund! the customer service is awful as well!!",1,22,106,0,0,0,0.8636363636363636,0,0,-0.7074,1,0,1,0.0,0,1,0,1.0,0.0
e58531db-ce35-45dd-bdf8-fd47336b81bf,Careem,Food Delivery,babu rani,Unknown,4,2025-08-04 13:44:52,Super,super,0,1,5,0,0,0,1.0,0,0,0.5994,1,0,1,0.0,0,2,0,4.0,0.0
a82a3f7b-534f-434f-8cfd-529a7d04417e,Careem,Food Delivery,noura mohamed,Unknown,1,2025-08-04 16:11:21,Disgrace service,disgrace service,0,2,16,0,0,0,1.0,0,0,-0.4939,1,0,1,0.0,0,1,0,1.0,0.0
57dab6b2-448a-40ba-af85-a4672fd587e6,Careem,Food Delivery,Muhammad Shakeel Awan,Unknown,5,2025-08-04 17:06:34,"Dear Careem Team, It is unfortunate to see Careem Rides ceasing operations in Pakistan. Your services have been a convenient and trusted part of daily life for many, and you will surely be missed. Thanks for your services","dear careem team, it is unfortunate to see careem rides ceasing operations in pakistan. your services have been a convenient and trusted part of daily life for many, and you will surely be missed. thanks for your services",0,38,221,0,0,0,0.868421052631579,0,0,0.743,1,0,1,0.0,0,1,0,5.0,0.0
28ca4c04-c3ad-4795-92c4-239be785ddcd,Careem,Food Delivery,Abed Faqeeh,Unknown,1,2025-08-04 17:27:19,قررت اعطي التطبيق فرصة اخيرة ومع هيك فشل بجدارة اسوأ تطبيق اكل ووتاكسي بالحياة والله,قررت اعطي التطبيق فرصة اخيرة ومع هيك فشل بجدارة اسوأ تطبيق اكل ووتاكسي بالحياة والله,0,15,84,0,0,0,1.0,0,0,0.0,1,0,1,0.0,0,1,0,1.0,0.0
3a19b3ce-9b1e-4246-8039-a37019f6c130,Careem,Food Delivery,sabari yadavilli,Unknown,5,2025-08-05 06:39:03,good app to do rides with low cost and comfirt,good app to do rides with low cost and comfirt,0,10,46,0,0,0,1.0,0,1,0.2023,1,0,1,0.0,0,1,0,5.0,0.0
bb368309-4078-4835-90da-dc1ab35045ee,Careem,Food Delivery,John Hertez,Unknown,5,2025-08-05 07:34:41,"fast and smooth, clean cars, nice on the budget, location wise kwais unlike competitor.","fast and smooth, clean cars, nice on the budget, location wise kwais unlike competitor.",0,14,87,0,0,0,1.0,0,0,0.8225,1,0,1,0.0,0,1,0,5.0,0.0
0caeb083-ac09-4426-80bc-0b74a77126f1,Careem,Food Delivery,Mohammed Alnefaiee,Unknown,5,2025-08-05 08:13:07,السائق كان خلوق جدا والرحلة ممتعة,السائق كان خلوق جدا والرحلة ممتعة,0,6,33,0,0,0,1.0,0,0,0.0,1,0,1,0.0,0,1,0,5.0,0.0
d4ceafb1-be03-41c2-9c0c-d7f60d0fdea3,Careem,Food Delivery,Ahmed Yousef,Unknown,5,2025-08-05 08:43:56,perfect service..thanks,perfect service..thanks,0,2,23,0,0,0,1.0,0,0,0.5719,1,0,1,0.0,0,1,0,5.0,0.0
6cf923e0-fce4-4e2a-8df5-f1e4f41a25af,Careem,Food Delivery,Halmoos Moosa,Unknown,1,2025-08-05 11:39:16,worst customer service,worst customer service,0,3,22,0,0,0,1.0,0,0,-0.6249,1,0,1,0.0,0,1,0,1.0,0.0
c4991d88-dce5-456f-91c0-99e4c5186ef0,Careem,Food Delivery,Amileon,Unknown,1,2025-08-05 12:58:20,"worst food delivery app in Dubai. Avoid it at all costs. Poor customer support, bad handling of requests, and illiterate staff","worst food delivery app in dubai. avoid it at all costs. poor customer support, bad handling of requests, and illiterate staff",0,21,126,0,0,0,1.0,0,1,-0.8807,1,0,1,0.0,0,1,0,1.0,0.0
4b218f1b-e6b0-41a3-94ca-08448c1976b0,Careem,Food Delivery,Sanad Mohammad,Unknown,1,2025-08-05 17:23:35,"costumer service is very bad, false advertisement in some restaurants.","costumer service is very bad, false advertisement in some restaurants.",0,10,70,0,0,0,1.0,0,0,-0.5849,1,0,1,0.0,0,1,0,1.0,0.0
10e3edc7-0221-4570-a973-e4366fc68109,Careem,Food Delivery,Ranken Opoku,Unknown,1,2025-08-05 20:23:18,"poor customer service, no better response if you have any problem.","poor customer service, no better response if you have any problem.",0,11,66,0,0,0,1.0,0,0,-0.8023,1,0,1,0.0,0,1,0,1.0,0.0
0b982a4a-123a-4b35-9089-6c6ac4a2dcd2,Careem,Food Delivery,Shahid Mushtaq,Unknown,1,2025-08-05 20:41:12,App says it does not operate in your area lahore dha phase 9 . I am uninstalling,app says it does not operate in your area lahore dha phase 9 . i am uninstalling,0,17,80,0,0,0,1.0,1,1,0.0,1,0,1,0.0,0,1,0,1.0,0.0
926b4548-1e3b-4c70-8f1c-943b0333d440,Careem,Food Delivery,Arsalan,Unknown,2,2025-08-05 23:21:53,Why aren't we getting this version of the show? application,why aren't we getting this version of the show? application,0,10,59,0,0,0,1.0,0,1,0.0,1,0,1,0.0,0,1,0,2.0,0.0
975c3775-bfa3-4cce-b2bf-b4d43a0c35d1,Careem,Food Delivery,Saad Ali,Unknown,1,2025-08-06 01:13:45,it's not in every where just pop up creem doesn't exist in this area it does exit in this world might be out of this world,it's not in every where just pop up creem doesn't exist in this area it does exit in this world might be out of this world,0,26,122,0,0,0,0.8076923076923077,0,0,0.0,1,0,1,0.0,0,1,0,1.0,0.0
9f59dc45-ec52-4551-996b-c7b735444591,Careem,Food Delivery,Mohammed Nizamuddin,Unknown,4,2025-08-06 06:32:32,good 👍 need more changers,good 👍 need more changers,0,5,25,1,0,0,1.0,0,0,0.4404,1,0,1,0.0,0,1,0,4.0,0.0
3074bc79-f47f-4783-ac97-f2d9181c0266,Careem,Food Delivery,adel hedjar,Unknown,1,2025-08-06 06:46:59,You're the worst riding company I've ever dealt with across continents.,you're the worst riding company i've ever dealt with across continents.,0,11,71,0,0,0,1.0,1,0,-0.6249,1,0,1,0.0,0,1,0,1.0,0.0
05a41621-810c-4acf-8887-aaf4c2ec0b36,Careem,Food Delivery,Walid Shalaby,Unknown,1,2025-08-06 07:46:33,اسوء ما تكون نقول عليها شركة في اختيار الكباتن والعربيات اسلوب التعامل شركة كريم تأخذ ١/١٠,اسوء ما تكون نقول عليها شركة في اختيار الكباتن والعربيات اسلوب التعامل شركة كريم تأخذ ١/١٠,0,16,90,0,0,0,0.9375,0,0,0.0,1,0,1,0.0,0,1,0,1.0,0.0
daa4890f-d19c-4a6f-9dca-91e34b34d3cc,Careem,Food Delivery,sarah m,Unknown,3,2025-08-06 08:59:46,التطبيق كان جيد لكن الآن اعاني من التأخير بسبب ان التطبيق لايختار الطريق الاقصر يختار الطريق الابعد والأكثر ازدحاما,التطبيق كان جيد لكن الآن اعاني من التأخير بسبب ان التطبيق لايختار الطريق الاقصر يختار الطريق الابعد والأكثر ازدحاما,0,19,115,0,0,0,0.8947368421052632,0,0,0.0,1,0,1,0.0,0,1,0,3.0,0.0
ce1dca6f-2286-4c76-97be-6b2034910752,Careem,Food Delivery,Mayar Shaaban (Maya),Unknown,1,2025-08-06 15:33:54,"can't cover all areas and really high fees, never recommend it","can't cover all areas and really high fees, never recommend it",1,11,62,0,0,0,1.0,0,0,-0.2755,1,0,1,0.0,0,1,0,1.0,0.0
d8f33aed-d564-4758-b728-92ce5bccae48,Careem,Food Delivery,Fadlan Mohd Othman,Unknown,5,2025-08-06 17:33:06,Very easy to use. Tqvm.,very easy to use. tqvm.,0,5,23,0,0,0,1.0,0,0,0.4927,1,0,1,0.0,0,1,0,5.0,0.0
1a306440-e6bc-44de-a532-48d5e62c6a27,Careem,Food Delivery,Fawz Nasr,Unknown,2,2025-08-06 19:26:06,التطبيق زي الزفت يقولك دقيقتين ويلطعك ١٥ دقيقة,التطبيق زي الزفت يقولك دقيقتين ويلطعك ١٥ دقيقة,0,8,46,0,0,0,1.0,0,0,0.0,1,0,1,0.0,0,1,0,2.0,0.0
1a39f32a-94d9-4727-a499-5c50b4f58a71,Careem,Food Delivery,rooz ayman,Unknown,1,2025-08-07 04:35:58,super bad app !! it was bad experience with them !! why you accepting my cancellation if the restaurant start preparing!! so no money back and no food!! so bad service,super bad app !! it was bad experience with them !! why you accepting my cancellation if the restaurant start preparing!! so no money back and no food!! so bad service,0,31,167,0,0,0,0.8387096774193549,0,1,-0.8892,1,0,1,0.0,0,1,0,1.0,0.0
0384fdf7-fd31-41b8-82a0-e194d5121311,Careem,Food Delivery,Entertainer Vedio’s,Unknown,5,2025-08-07 06:43:59,very easy & continent,very easy & continent,0,4,21,0,0,0,1.0,0,0,0.4927,1,0,1,0.0,0,1,0,5.0,0.0
10aafedc-8ea5-43d8-94e9-e2e40ff008bc,Careem,Food Delivery,Harima Musa,Unknown,1,2025-08-07 07:57:42,"this apps is bad as always, every time i book,the price i book is different always when i pay😏😏😏 and its not about traffic,they add sometime 5 to 10 sar comapred to the first price when i book,,","this apps is bad as always, every time i book,the price i book is different always when i pay😏😏😏 and its not about traffic,they add sometime 5 to 10 sar comapred to the first price when i book,,",0,38,194,3,0,0,0.8157894736842105,0,1,-0.5994,1,0,1,0.0,0,1,0,1.0,0.0
6d7644f7-5c68-4143-a6ec-305328c9a51b,Careem,Food Delivery,Zahraa Al-Mohammed,Unknown,5,2025-08-07 11:01:40,perfect 👍🏻,perfect 👍🏻,0,2,10,2,0,0,1.0,0,0,0.5719,1,0,1,0.0,0,1,0,5.0,0.0
3b06317f-2de6-4577-88ac-58c75c67f617,Careem,Food Delivery,Mohammed Mohsinuddin,Unknown,5,2025-08-07 11:16:14,prompt and good service,prompt and good service,0,4,23,0,0,0,1.0,0,0,0.4404,1,0,1,0.0,0,1,0,5.0,0.0
9781a895-6814-44c8-9594-230dede075b8,Careem,Food Delivery,fahed ghodhbane,Unknown,5,2025-08-07 11:35:31,User experience friendly and smart application,user experience friendly and smart application,0,6,46,0,0,0,1.0,0,1,0.7096,1,0,1,0.0,0,1,0,5.0,0.0
055bc3e8-3442-4251-9a2d-2363083c672d,Careem,Food Delivery,Mohammed Abdul Khader,Unknown,5,2025-08-07 13:06:20,"Professional, knowledgeable, and friendly. He deserves more stars 🌟.....","professional, knowledgeable, and friendly. he deserves more stars 🌟.....",0,9,72,1,0,0,1.0,0,0,0.4939,1,0,1,0.0,0,1,0,5.0,0.0
8f6b34f5-d15d-4d87-9284-e01b5c89521a,Careem,Food Delivery,Loris Epis,Unknown,1,2025-08-07 18:16:57,"Got wrongly charged, notified a month later. Call customer service saying that they will cancel the charge. Never did.","got wrongly charged, notified a month later. call customer service saying that they will cancel the charge. never did.",0,19,118,0,0,0,1.0,0,0,-0.4215,1,0,1,0.0,0,1,0,1.0,0.0
ea9b4e87-ddd7-4e2b-a354-ca56023d10ad,Careem,Food Delivery,JISON JOHN,Unknown,5,2025-08-07 18:38:50,excellent 👌,excellent 👌,0,2,11,1,0,0,1.0,0,0,0.87,1,0,1,0.0,0,1,0,5.0,0.0
e91c8778-26c2-411a-9e89-9eaf46c78faf,Careem,Food Delivery,Muhammad Usman,Unknown,5,2025-08-07 19:51:28,Goodbye Careem. From receiving 10 concession-rides a day to utilizing the 5hour premium rides - it was a great journey with you in Pakistan.,goodbye careem. from receiving 10 concession-rides a day to utilizing the 5hour premium rides - it was a great journey with you in pakistan.,0,24,140,0,0,0,0.9583333333333334,0,0,0.6249,1,0,1,0.0,0,1,0,5.0,0.0
82f1c87b-6309-4b9a-84c0-b90206ce0761,Careem,Food Delivery,Bassam Aoun,Unknown,5,2025-08-07 21:21:22,Like usual. excellent.,like usual. excellent.,0,3,22,0,0,0,1.0,0,0,0.7351,1,0,1,0.0,0,1,0,5.0,0.0
9af17099-8689-4673-abaa-8c3150602002,Careem,Food Delivery,Isharaishara Madu,Unknown,5,2025-08-07 21:59:27,great 👍,great 👍,0,2,7,1,0,0,1.0,0,0,0.6249,1,0,1,0.0,0,1,0,5.0,0.0
3149b5ae-7027-4fbb-a273-cab5585ab0fe,Careem,Food Delivery,CAPT.ALI GAMER,Unknown,1,2025-08-07 22:34:43,train your drivers for god sake i got yelled at for not knowing the exact place im sitting in on a road i barely know,train your drivers for god sake i got yelled at for not knowing the exact place im sitting in on a road i barely know,0,25,117,0,0,0,0.92,0,0,0.2732,1,0,1,0.0,0,1,0,1.0,0.0
136b578c-af68-4fa4-9113-371c2b3040e5,Careem,Food Delivery,Maria,Unknown,5,2025-08-08 02:33:03,"About the Rides, very professional and respectful. I felt safe and comfortable the whole way. Everytime. Thank you!","about the rides, very professional and respectful. i felt safe and comfortable the whole way. everytime. thank you!",0,18,115,0,0,0,0.8888888888888888,0,0,0.9053,1,0,1,0.0,0,1,0,5.0,0.0
4d02261c-da6f-44ad-96a1-5e2a9768a19c,Careem,Food Delivery,Big Ben,Unknown,5,2025-08-08 05:13:35,"Life saver in Erbil, Iraq","life saver in erbil, iraq",0,5,25,0,0,0,1.0,0,0,0.0,1,0,1,0.0,0,1,0,5.0,0.0
73a1317f-0810-44e7-a40e-b1b5999e2829,Careem,Food Delivery,rula almomani,Unknown,5,2025-08-08 07:33:46,"""Careem is an excellent app that offers safe, fast, and reliable rides every time.""","""careem is an excellent app that offers safe, fast, and reliable rides every time.""",0,14,83,0,0,0,1.0,1,1,0.765,1,0,1,0.0,0,1,0,5.0,0.0
52ee6de3-0e96-4275-b6c2-8f608aff9ba7,Careem,Food Delivery,Dina Basha,Unknown,5,2025-08-08 08:40:48,Captain Omar was efficient and polite,captain omar was efficient and polite,0,6,37,0,0,0,1.0,0,0,0.4215,1,0,1,0.0,0,1,0,5.0,0.0
70a7cefa-e672-4276-af36-891a3ea8e9e7,Careem,Food Delivery,Brandon Komosi,Unknown,5,2025-08-08 08:43:30,"The app is easy to use and understand and the drivers are really professional in their work, loved the experience","the app is easy to use and understand and the drivers are really professional in their work, loved the experience",0,20,113,0,0,0,0.85,0,1,0.7783,1,0,1,0.0,0,1,0,5.0,0.0
528f1cdf-8150-4827-99e4-3c9fa3491aff,Careem,Food Delivery,Zain Butt,Unknown,5,2025-08-08 20:53:21,super nice dubai taxi and driver helping us alot apprecaited,super nice dubai taxi and driver helping us alot apprecaited,0,10,60,0,0,0,1.0,0,1,0.836,1,0,1,0.0,0,1,0,5.0,0.0
be0a650c-6679-4528-8bb8-83ec78f813d2,Careem,Food Delivery,Anas Naji,Unknown,5,2025-08-08 22:26:01,Nothing Like Careem,nothing like careem,0,3,19,0,0,0,1.0,0,0,-0.2755,1,0,1,0.0,0,1,0,5.0,0.0
8dc75ac3-e663-4179-bd82-331661f30ad6,Careem,Food Delivery,Malik Asad panuhan,Unknown,5,2025-08-09 01:19:41,this app is very good 👍,this app is very good 👍,0,6,23,1,0,0,1.0,0,1,0.4927,1,0,1,0.0,0,1,0,5.0,0.0
ce85f189-7d81-4a2e-a556-70a1b3f5c053,Careem,Food Delivery,Jalil khan Khan,Unknown,5,2025-08-09 04:56:59,very fast service careem And driver Also respectful,very fast service careem and driver also respectful,0,8,51,0,0,0,1.0,0,0,0.4588,1,0,1,0.0,0,1,0,5.0,0.0
cdc7b762-1583-4e7e-8cf3-a7766c3cf187,Careem,Food Delivery,shakel ahmad,Unknown,5,2025-08-09 07:59:53,this app is so easy and too good experience,this app is so easy and too good experience,0,9,43,0,0,0,1.0,0,1,0.7678,1,0,1,0.0,0,1,0,5.0,0.0
26ffaf51-10aa-468f-9a52-228b75eebeb9,Careem,Food Delivery,Edgar .O. Walter,Unknown,5,2025-08-09 12:21:50,Great App,great app,0,2,9,0,0,0,1.0,0,1,0.6249,1,0,1,0.0,0,5,0,5.0,0.0
7d8bdd94-792d-47bd-83d9-3179ba1b03cc,Careem,Food Delivery,Mubeen Ahmad Gurmani,Unknown,5,2025-08-09 13:07:09,over all app services are excellent sometimes Loction services not working upto mark but usually it is excellent,over all app services are excellent sometimes loction services not working upto mark but usually it is excellent,0,18,112,0,0,0,0.8888888888888888,0,1,0.8126,1,0,1,0.0,0,1,0,5.0,0.0
098e9f90-ab29-435b-9ac3-9e5f6e0d6f5c,Careem,Food Delivery,Saad Bhutta,Unknown,5,2025-08-09 19:53:38,awesome,awesome,0,1,7,0,0,0,1.0,0,0,0.6249,1,0,1,0.0,0,1,0,5.0,0.0
5e24bfcf-89b9-4d8a-8ee3-658756746511,Careem,Food Delivery,Dhofar Salim,Unknown,5,2025-08-10 00:31:15,the best,the best,0,2,8,0,0,0,1.0,0,0,0.6369,1,0,1,0.0,0,2,0,5.0,0.0
02b8b29f-1e13-4abf-9339-97fcadf232c8,Careem,Food Delivery,Muhammad Hamza,Unknown,5,2025-08-10 04:40:40,careem is good service for everything 🙌,careem is good service for everything 🙌,0,7,39,1,0,0,1.0,0,0,0.4404,1,0,1,0.0,0,1,0,5.0,0.0
ee054307-f8c3-4f21-a705-3de58bbadef7,Careem,Food Delivery,Umair Malik,Unknown,5,2025-08-10 06:03:18,amazing app,amazing app,0,2,11,0,0,0,1.0,0,1,0.5859,1,0,2,3881771.0,0,1,0,4.0,1.4142135623730951
c3d6e7e3-178a-451a-99ff-c8bd163bf686,Careem,Food Delivery,MUAD RADI,Unknown,5,2025-08-10 06:27:28,The best SERVICE in Jordan,the best service in jordan,0,5,26,0,0,1,1.0,0,0,0.6369,1,0,1,0.0,0,1,0,5.0,0.0
b01a4f5a-2c8c-4f23-8b87-4940dd462e7d,Careem,Food Delivery,Mahmoud Shahawy,Unknown,2,2025-08-10 06:54:49,وقت طويل جدا في الانتظار,وقت طويل جدا في الانتظار,0,5,24,0,0,0,1.0,0,0,0.0,1,0,1,0.0,0,1,0,2.0,0.0
fac758bd-1bdd-44af-9b0a-4110b917d83b,Careem,Food Delivery,White Flower,Unknown,5,2025-08-10 08:00:37,Good application,good application,0,2,16,0,0,0,1.0,0,1,0.4404,1,0,1,0.0,0,1,0,5.0,0.0
19bcf412-6b06-4ecb-8efd-89a44be397b9,Careem,Food Delivery,Khaled Afifi,Unknown,2,2025-08-10 18:00:56,"Hi, I can't update the Careem app. So I uninstalled it, and now I can't even install it again. What's up with that? for Samsung S22 Ultra","hi, i can't update the careem app. so i uninstalled it, and now i can't even install it again. what's up with that? for samsung s22 ultra",0,27,137,0,0,1,0.8888888888888888,1,1,0.0,1,0,1,0.0,0,1,0,2.0,0.0
95190442-f99e-44d7-9436-a05f4b3e7092,Careem,Food Delivery,Wasim Khan,Unknown,1,2025-08-10 18:28:14,very bad experience we give order to the rider they always eat the food not delivered to customers and if cash order they didn't return the cash very bad service call centre also not taking action,very bad experience we give order to the rider they always eat the food not delivered to customers and if cash order they didn't return the cash very bad service call centre also not taking action,0,36,196,0,0,0,0.75,0,0,-0.8218,1,0,1,0.0,0,1,0,1.0,0.0
fe4a49a5-5cfe-4740-8462-636e82af5f90,Careem,Food Delivery,Bahjat Tabbara,Unknown,1,2025-08-10 18:53:09,"Drivers stop anywhere and say they arrived. Seriously? Cars often don't match and drivers are dirty. No customer service line, no support, just admit, this is delivery app, not a proper ride sharing app.","drivers stop anywhere and say they arrived. seriously? cars often don't match and drivers are dirty. no customer service line, no support, just admit, this is delivery app, not a proper ride sharing app.",4,34,203,0,0,0,0.9117647058823529,0,1,-0.6866,1,0,1,0.0,0,1,0,1.0,0.0
f2610761-0f74-4684-ae3c-d58599de2c19,Careem,Food Delivery,Lester Panganiban,Unknown,1,2025-08-10 20:11:12,They cancelled my order after waiting for more than an hour because they cant find a rider. BS.,they cancelled my order after waiting for more than an hour because they cant find a rider. bs.,0,18,95,0,0,1,0.9444444444444444,0,0,-0.25,1,0,1,0.0,0,1,0,1.0,0.0
30da561e-bae2-4580-b23a-bcd892444e46,Careem,Food Delivery,D Gonzalodo,Unknown,5,2025-08-11 04:11:10,quick and easy,quick and easy,0,3,14,0,0,0,1.0,0,0,0.4404,1,0,1,0.0,0,1,0,5.0,0.0
15cc9e08-d402-41c2-8d00-823a571aa219,Careem,Food Delivery,mata malaikat,Unknown,5,2025-08-11 05:31:33,very good for Jeddah,very good for jeddah,0,4,20,0,0,0,1.0,0,0,0.4927,1,0,1,0.0,0,1,0,5.0,0.0
eebad996-9494-49dc-9fdb-3eb948c287a4,Careem,Food Delivery,Anila Shafaqat,Unknown,5,2025-08-11 08:57:25,😍 good,😍 good,0,2,6,1,0,0,1.0,0,0,0.7096,1,0,1,0.0,0,1,0,5.0,0.0
eaeafe3e-a61c-4f03-9e81-b13c1caa537c,Careem,Food Delivery,Shah Wazir,Unknown,5,2025-08-11 09:11:43,everything ok,everything ok,0,2,13,0,0,0,1.0,0,0,0.296,1,0,1,0.0,0,1,0,5.0,0.0
e91f79f6-c863-4cf0-98e2-e0460f60a246,Careem,Food Delivery,shan resubal,Unknown,1,2025-08-11 14:21:51,I was requesting for the receipt for how many days but until now I haven't received it yet.,i was requesting for the receipt for how many days but until now i haven't received it yet.,0,18,91,0,0,0,0.8888888888888888,0,0,0.0,1,0,1,0.0,0,1,0,1.0,0.0
45628eef-b535-4d92-adff-c3fdc117931d,Careem,Food Delivery,Karolis07,Unknown,5,2025-08-11 17:22:00,very quick service,very quick service,0,3,18,0,0,0,1.0,0,0,0.0,1,0,1,0.0,0,1,0,5.0,0.0
1f3479fe-04b9-44cc-99b7-bdad2f3b288e,Careem,Food Delivery,Hossam Shawki,Unknown,1,2025-08-11 18:16:37,"I have charged for order that was made seconds after ordering , there is no refund and they refuse to deliver the order!! This is not logical !","i have charged for order that was made seconds after ordering , there is no refund and they refuse to deliver the order!! this is not logical !",0,28,143,0,0,0,0.9642857142857143,0,0,-0.7249,1,0,1,0.0,0,1,0,1.0,0.0
0cb55764-b2d7-482d-9c5d-ee48b72bb198,Careem,Food Delivery,ghost bombardment,Unknown,1,2025-08-11 19:52:14,مو معقولة انتضر التكسي ١٠ دقايق ومن اعوفة تغرمني فلوس الاجرة! اذا السيارة متوصل باقل من ٤ دقايق لتخلي الكابتن يقبل الطلب اصلا.,مو معقولة انتضر التكسي ١٠ دقايق ومن اعوفة تغرمني فلوس الاجرة! اذا السيارة متوصل باقل من ٤ دقايق لتخلي الكابتن يقبل الطلب اصلا.,0,23,126,0,0,0,0.9565217391304348,0,0,0.0,1,0,1,0.0,0,1,0,1.0,0.0
772a346c-fd66-4b3a-83fa-9c253c812350,Careem,Food Delivery,adnan ahmed,Unknown,5,2025-08-11 20:10:17,wonderful,wonderful,0,1,9,0,0,0,1.0,0,0,0.5719,1,0,1,0.0,0,2,0,5.0,0.0
6f2fc54d-54e8-4bf0-9364-a6769307c246,Careem,Food Delivery,Yarop Abo m,Unknown,1,2025-08-11 20:26:38,عدم الالتزام بالمواقع والطلبات,عدم الالتزام بالمواقع والطلبات,0,4,30,0,0,0,1.0,0,0,0.0,1,0,1,0.0,0,1,0,1.0,0.0
a036acec-d364-437e-800b-615ad7bbea53,Careem,Food Delivery,Abdulrahman Mustafa Alwerfali,Unknown,1,2025-08-11 20:33:02,"I got scammed by a driver, when I reached out the help center, they didn't help me at all. If there was a zero-star rate, I would have given it to you.","i got scammed by a driver, when i reached out the help center, they didn't help me at all. if there was a zero-star rate, i would have given it to you.",0,32,151,0,0,0,0.875,0,0,0.2124,1,0,1,0.0,0,1,0,1.0,0.0
9b0a8dbb-3655-4d32-ae6d-0a38bf6ab3cb,Careem,Food Delivery,Mhariz Castro,Unknown,1,2025-08-11 21:14:57,"very worst ,come the delivery late always and just do nothing,unlike in talabat if they late they give compensation","very worst ,come the delivery late always and just do nothing,unlike in talabat if they late they give compensation",0,19,115,0,0,0,0.8947368421052632,0,0,-0.659,1,0,1,0.0,0,1,0,1.0,0.0
726d3124-6466-40a8-bc56-55a48dc0af6f,Careem,Food Delivery,Muhammad Azhan Athar,Unknown,5,2025-08-12 04:28:18,Best experience,best experience,0,2,15,0,0,0,1.0,0,0,0.6369,1,0,1,0.0,0,2,0,5.0,0.0
b5d8cad9-f59f-4f27-957b-f78e5e4250e3,Careem,Food Delivery,alla ib,Unknown,1,2025-08-12 11:48:19,take care when you deal with this application and don't pay online through them.,take care when you deal with this application and don't pay online through them.,0,14,80,0,0,0,1.0,1,1,0.5417,1,0,1,0.0,0,1,1,1.0,0.0
c32dc06e-3ba5-439c-889e-7f7bfde0bd95,Careem,Food Delivery,yousef Mughrabi,Unknown,1,2025-08-12 15:08:53,لايوجد مصداقيه مع العملاء بخصوص العروض,لايوجد مصداقيه مع العملاء بخصوص العروض,0,6,38,0,0,0,1.0,0,0,0.0,1,0,1,0.0,0,1,0,1.0,0.0
1bc352b8-8a42-4b6d-af0c-9c5580e8e3b6,Careem,Food Delivery,Qais Hassan Suhail,Unknown,1,2025-08-12 15:19:18,full of bugs!,full of bugs!,0,3,13,0,0,0,1.0,0,0,0.0,1,0,1,0.0,0,1,0,1.0,0.0
d6285550-acdf-47a8-8a80-2e46296c05ca,Careem,Food Delivery,sara lotfy,Unknown,1,2025-08-12 21:16:19,وحش جدا ومافيش عربيات كتير والكابتن بعد مابيقبل بيلغي من نفسو من غير سبب وكمان عملت شكوي ومحدش رد عليا اسوء ابلكيشن بجد,وحش جدا ومافيش عربيات كتير والكابتن بعد مابيقبل بيلغي من نفسو من غير سبب وكمان عملت شكوي ومحدش رد عليا اسوء ابلكيشن بجد,0,23,119,0,0,0,0.9565217391304348,0,0,0.0,1,0,1,0.0,0,1,0,1.0,0.0
a85ff8de-5af1-4806-8593-6b674e3da966,Careem,Food Delivery,Amal Abualasal,Unknown,4,2025-08-13 04:30:39,good app and it is easy to use,good app and it is easy to use,0,8,30,0,0,0,1.0,0,1,0.7003,1,0,1,0.0,0,1,0,4.0,0.0
1f19efdf-e760-4253-b8e3-35deb61ed0fd,Careem,Food Delivery,Wedaa Sa'daldein,Unknown,1,2025-08-13 04:52:38,سيء جداً خاصة بخيارات الدفع,سيء جداً خاصة بخيارات الدفع,0,5,27,0,0,0,1.0,0,0,0.0,1,0,1,0.0,0,1,0,1.0,0.0
7fd5cff7-a13a-4ac5-bcd0-ad46ece44f1f,Careem,Food Delivery,majd almani,Unknown,1,2025-08-13 06:45:46,"worst company in jordan, and they charge you wrongfully and doesn't reimbursed you","worst company in jordan, and they charge you wrongfully and doesn't reimbursed you",0,13,82,0,0,0,0.8461538461538461,0,0,-0.6249,1,0,1,0.0,0,1,0,1.0,0.0
f35f868f-78c0-4c02-9497-5b79ac255bdb,Careem,Food Delivery,Hussain Shehryar,Unknown,5,2025-08-13 07:04:31,amazing,amazing,0,1,7,0,0,0,1.0,0,0,0.5859,1,0,1,0.0,0,4,0,5.0,0.0
250d06df-94fa-4032-8635-11a312fa9b3a,Careem,Food Delivery,Muhammad Basharat,Unknown,3,2025-08-13 07:44:39,at least 10 rides 50%,at least 10 rides 50%,0,5,21,0,0,0,1.0,0,0,0.0,1,0,1,0.0,0,1,0,3.0,0.0
6e0fa877-71f0-47af-99f1-1a9e3100e1eb,Careem,Food Delivery,Mahmoud Al-Batal,Unknown,5,2025-08-13 08:17:21,Excellent service,excellent service,0,2,17,0,0,0,1.0,0,0,0.5719,1,0,1,0.0,0,3,0,5.0,0.0
7714779c-0c06-4372-a351-1ae732f75b14,Careem,Food Delivery,Mohammed Oubaidullah,Unknown,5,2025-08-13 08:32:03,All in one app,all in one app,0,4,14,0,0,0,1.0,0,1,0.0,1,0,1,0.0,0,1,0,5.0,0.0
7aa97787-abb7-40d1-afe5-63b17008cc57,Careem,Food Delivery,Fahath F,Unknown,1,2025-08-13 08:59:00,app users be careful of what you paid & I the apps show different,app users be careful of what you paid & i the apps show different,0,14,65,0,0,0,1.0,0,1,0.1531,1,0,1,0.0,0,1,0,1.0,0.0
deaff190-2c62-4b62-bf49-56b36ec4d76c,Careem,Food Delivery,Sadhika Ameer,Unknown,5,2025-08-13 09:42:24,the driver is very good and generous driver. May Allah bless him,the driver is very good and generous driver. may allah bless him,0,12,64,0,0,0,1.0,0,0,0.861,1,0,1,0.0,0,1,0,5.0,0.0
679c4d36-5ee5-4409-9a4d-2f1acffb04ab,Careem,Food Delivery,Sanjay Kumar,Unknown,1,2025-08-13 09:48:13,customer service is very bad no proper reply to queries,customer service is very bad no proper reply to queries,1,10,55,0,0,0,1.0,0,0,-0.7408,1,0,1,0.0,0,1,0,1.0,0.0
7d09af23-d454-4503-aa29-3abd91681071,Careem,Food Delivery,Sufiyan Alam,Unknown,1,2025-08-13 14:21:51,Why is there no option to cancel or change the destination after booking the trip? Why is the travel fee not displayed when booking the trip?,why is there no option to cancel or change the destination after booking the trip? why is the travel fee not displayed when booking the trip?,0,26,141,0,0,0,0.7307692307692307,0,0,-0.5514,1,0,1,0.0,0,1,0,1.0,0.0
8ca85d4f-b515-429b-a0ba-9de28b158a60,Careem,Food Delivery,mohammad movahedie,Unknown,1,2025-08-13 15:06:47,that's so bad because their don't care about the drivers and mu driver go without me and didn't cancel my ride,that's so bad because their don't care about the drivers and mu driver go without me and didn't cancel my ride,0,21,110,0,0,0,0.9523809523809523,0,0,-0.6889,1,0,1,0.0,0,1,0,1.0,0.0
4ee9ad35-363b-4d63-a09c-cf4a28a158b4,Careem,Food Delivery,Kesshav B,Unknown,5,2025-08-13 15:30:48,best in dubai,best in dubai,0,3,13,0,0,0,1.0,0,0,0.6369,1,0,1,0.0,0,1,0,5.0,0.0
aba4b9ba-3b9f-4013-880a-04a069790ecf,Careem,Food Delivery,Kamran Malik,Unknown,4,2025-08-13 15:40:18,brilliant taxi service in najaf,brilliant taxi service in najaf,0,5,31,0,0,0,1.0,0,0,0.5859,1,0,1,0.0,0,1,0,4.0,0.0
f4801225-2ed8-4ffa-9b9e-9b0f7ece9394,Careem,Food Delivery,Ammar Farooq,Unknown,5,2025-08-13 22:34:45,best application,best application,0,2,16,0,0,0,1.0,0,1,0.6369,1,0,1,0.0,0,1,0,5.0,0.0
8aea6220-7564-48a1-8fba-ebc3ff2598bb,Careem,Food Delivery,Ayyappan Rajendran,Unknown,5,2025-08-14 02:34:16,its better,its better,0,2,10,0,0,0,1.0,0,0,0.4404,1,0,1,0.0,0,1,0,5.0,0.0
4e69b373-520b-46ca-b4c1-af95b153dfff,Careem,Food Delivery,Ammar alreshiq,Unknown,1,2025-08-14 04:58:51,You don't appreciate regular customers I had a big issue with my food and your customer support keeps using automated messages not looking into the issue without caring,you don't appreciate regular customers i had a big issue with my food and your customer support keeps using automated messages not looking into the issue without caring,0,28,168,0,0,0,0.9642857142857143,0,1,-0.2928,1,0,1,0.0,0,1,0,1.0,0.0
40343f16-2893-4b48-a035-6c4ecca551f9,Careem,Food Delivery,anniyadav420 420,Unknown,5,2025-08-14 05:03:57,it is amazing and friendly,it is amazing and friendly,0,5,26,0,0,0,1.0,0,0,0.7906,1,0,1,0.0,0,1,0,5.0,0.0
ae26ac0c-942c-4f7b-88cc-9da6021a6fac,Careem,Food Delivery,osman muhammad,Unknown,1,2025-08-14 05:28:07,after collaborating with uber it became the worst app ever you spend hours to find a car.. miserable,after collaborating with uber it became the worst app ever you spend hours to find a car.. miserable,0,18,100,0,0,0,1.0,0,1,-0.8074,1,0,1,0.0,0,1,0,1.0,0.0
5d9af191-029a-4423-95b3-cbff726bc3b3,Careem,Food Delivery,Ba Al,Unknown,1,2025-08-14 09:07:26,"terrible customer service, they also charge your credit card without confirming the order, they also charge your credit card the full amount when you use balance credit.","terrible customer service, they also charge your credit card without confirming the order, they also charge your credit card the full amount when you use balance credit.",0,27,169,0,0,0,0.7407407407407407,0,0,0.5719,1,0,1,0.0,0,1,1,1.0,0.0
15f5d16c-0482-410f-b3df-c1f867c8b3c1,Careem,Food Delivery,Kahif Iqbal,Unknown,5,2025-08-14 09:58:53,easy and comfortable,easy and comfortable,0,3,20,0,0,0,1.0,0,0,0.7351,1,0,1,0.0,0,1,0,5.0,0.0
1a7c80db-b948-4be9-ae18-987acf28a0d2,Careem,Food Delivery,Nour.mrwan Hajly,Unknown,5,2025-08-14 11:14:11,برنامج مفيد جدا ورائع ومنها إلى أعلى مستوى,برنامج مفيد جدا ورائع ومنها إلى أعلى مستوى,0,8,42,0,0,0,1.0,0,0,0.0,1,0,1,0.0,0,1,0,5.0,0.0
79f9a390-00df-464e-9993-8ce491143c74,Careem,Food Delivery,Aya Altaher,Unknown,1,2025-08-14 13:56:39,تطبيق بخزي,تطبيق بخزي,0,2,10,0,0,0,1.0,0,0,0.0,1,0,1,0.0,0,1,0,1.0,0.0
bd05d389-a52e-4777-959d-6481a4b7fde8,Careem,Food Delivery,Asif Noor,Unknown,1,2025-08-14 14:06:53,do not work,do not work,0,3,11,0,0,0,1.0,0,0,0.0,1,0,1,0.0,0,1,0,1.0,0.0
52983649-ab0b-48e6-9c81-8f9a010b7623,Careem,Food Delivery,SUNIL.CHRIS chris,Unknown,5,2025-08-14 14:10:38,fantastic experience use hala 🚕 taxi,fantastic experience use hala 🚕 taxi,0,6,36,1,0,0,1.0,0,0,0.5574,1,0,1,0.0,0,1,0,5.0,0.0
9ed72a62-5b84-4f74-8b8a-9d74215b97e5,Careem,Food Delivery,Aisha Omar,Unknown,1,2025-08-14 15:08:33,الخدمة سيئة جدا,الخدمة سيئة جدا,1,3,15,0,0,0,1.0,0,0,0.0,1,0,1,0.0,0,1,0,1.0,0.0
4df98786-b3a4-4d4e-aac7-8d3e2b05f9f9,Careem,Food Delivery,Rachelle Hara,Unknown,5,2025-08-14 15:21:44,subarashi,subarashi,0,1,9,0,0,0,1.0,0,0,0.0,1,0,1,0.0,0,1,0,5.0,0.0
16776086-c46c-4aed-adc8-01c27531b9e1,Careem,Food Delivery,Mohammad Jabed,Unknown,5,2025-08-14 16:47:34,Very good 👍 application for grocery and car booking...,very good 👍 application for grocery and car booking...,0,9,54,1,0,0,1.0,0,1,0.4927,1,0,1,0.0,0,1,0,5.0,0.0
b815ba05-f143-4a61-8f88-a293d8a3028a,Careem,Food Delivery,Kalai Mani,Unknown,5,2025-08-14 17:04:47,very useful in ajman,very useful in ajman,0,4,20,0,0,0,1.0,0,0,0.4927,1,0,1,0.0,0,1,0,5.0,0.0
121a9e5e-76c8-46a5-8b66-d48c55b443c2,Careem,Food Delivery,Marvel EV,Unknown,3,2025-08-14 17:09:49,Careem what's wrong with fares why is it sooooooo expensive... You are becoming a VIP service!! rather than economy. Work on it before you start loosing customers.,careem what's wrong with fares why is it sooooooo expensive... you are becoming a vip service!! rather than economy. work on it before you start loosing customers.,0,27,163,0,0,1,0.9259259259259259,0,0,0.1984,1,0,1,0.0,0,1,0,3.0,0.0
a6c31c10-279d-43c0-89ac-d732946090f6,Careem,Food Delivery,Arun Rahul,Unknown,1,2025-08-15 04:02:28,worst update and the algorithm is really mess,worst update and the algorithm is really mess,1,8,45,0,0,0,1.0,0,0,-0.7841,1,0,1,0.0,0,1,0,1.0,0.0
5fbbc214-8f3f-4de9-aa3d-1b108e0f1ed4,Careem,Food Delivery,Abed Hsn,Unknown,5,2025-08-15 15:25:37,I appreciate your service and support.,i appreciate your service and support.,0,6,38,0,0,0,1.0,0,1,0.6597,1,0,1,0.0,0,1,0,5.0,0.0
dbc73475-653b-40a7-8c47-b32e983ad0d0,Careem,Food Delivery,Savad,Unknown,1,2025-08-15 15:36:16,Pathetic app and disgusting service. Card saved cant be removed from Wallet. Contacted their customer service. Almost 24 hrs now. Problem not yet solved.. Restaurant delivering repeatedly with items missing. All careem can do is appologise. End of the story.,pathetic app and disgusting service. card saved cant be removed from wallet. contacted their customer service. almost 24 hrs now. problem not yet solved.. restaurant delivering repeatedly with items missing. all careem can do is appologise. end of the story.,1,40,258,0,0,0,0.975,0,1,-0.8754,1,0,1,0.0,0,1,0,1.0,0.0
ef369319-264b-437c-9379-d663905bf69d,Careem,Food Delivery,ibadullah hisarullah,Unknown,5,2025-08-15 17:29:48,Nice app,nice app,0,2,8,0,0,0,1.0,0,1,0.4215,1,0,1,0.0,0,4,0,5.0,0.0
1b9f51cc-c009-4d81-90b3-1626e2025267,Careem,Food Delivery,CLAUDIO MENDOZA,Unknown,5,2025-08-15 18:02:30,Superb service and promotions,superb service and promotions,0,4,29,0,0,0,1.0,0,0,0.6249,1,0,1,0.0,0,1,0,5.0,0.0
bf3e1a6b-05c3-4e45-ad4d-76193c1870a3,Careem,Food Delivery,shoaib khuram,Unknown,5,2025-08-15 19:35:05,careem very good 👍😊,careem very good 👍😊,0,4,19,2,0,0,1.0,0,0,0.8479,1,0,1,0.0,0,1,0,5.0,0.0
b1c8f23b-c179-4bd4-8474-fc06418ebf1c,Careem,Food Delivery,Olga Goldgamer,Unknown,5,2025-08-16 12:03:37,Excellent and smooth!! Makes your stay very easy and comfortable,excellent and smooth!! makes your stay very easy and comfortable,0,10,64,0,0,0,0.9,0,0,0.9009,1,0,1,0.0,0,1,0,5.0,0.0
4c27dff6-d212-40a3-a969-3ce3a1d64032,Careem,Food Delivery,Basit Butt,Unknown,1,2025-08-16 12:31:48,I give you zero start when ever I need to transfer money urgently. this careem make some drama I really upset 😡 it's my very Weaste experience with careem,i give you zero start when ever i need to transfer money urgently. this careem make some drama i really upset 😡 it's my very weaste experience with careem,0,29,154,1,0,0,0.896551724137931,0,0,-0.4391,1,0,1,0.0,0,1,0,1.0,0.0
64dbd880-12a2-4950-8510-c70591a47dfd,Careem,Food Delivery,Arman Khan,Unknown,1,2025-08-16 14:51:10,before is good now this new update is not good,before is good now this new update is not good,0,10,46,0,0,0,0.8,0,0,0.1265,1,0,1,0.0,0,1,0,1.0,0.0
d6ff8b64-746f-4ee3-bd21-9f72e787d0b6,Careem,Food Delivery,Akin Akinyemi,Unknown,1,2025-08-16 16:30:33,why on earth should I be getting careem ads when I've been using the app for over 2 years what kind of automated rubbish do waste of time is that ?,why on earth should i be getting careem ads when i've been using the app for over 2 years what kind of automated rubbish do waste of time is that ?,0,31,147,0,0,0,0.967741935483871,0,1,-0.4215,1,0,1,0.0,0,1,0,1.0,0.0
5ddf5ef4-d6b7-4bc6-b21f-7d53c6350368,Careem,Food Delivery,Sonam Tamang,Unknown,5,2025-08-17 05:10:47,Good driver,good driver,0,2,11,0,0,0,1.0,0,0,0.4404,1,0,1,0.0,0,2,0,5.0,0.0
4746c29c-da77-4d1f-b352-1ba7a7f010a5,Careem,Food Delivery,Janry Miles,Unknown,1,2025-08-17 06:46:36,Not replying on my complaints. The careem driver charged me more and I complained but no response until now.,not replying on my complaints. the careem driver charged me more and i complained but no response until now.,0,19,108,0,0,0,1.0,0,0,-0.7212,1,0,1,0.0,0,1,0,1.0,0.0
c2f884d7-0400-436f-8ee0-49a2cb4f8c3a,Careem,Food Delivery,Ron Kanjo,Unknown,5,2025-08-17 08:57:09,"love this app, using it for everything","love this app, using it for everything",0,7,38,0,0,0,1.0,0,1,0.6369,1,0,1,0.0,0,1,0,5.0,0.0
4d53a918-349b-4c83-9760-d0ef96de7952,Careem,Food Delivery,Hazratullah Khan,Unknown,1,2025-08-17 12:40:40,before is good now is not we always use zayd,before is good now is not we always use zayd,0,10,44,0,0,0,0.9,0,0,0.4404,1,0,1,0.0,0,1,0,1.0,0.0
1d9caf94-5956-401a-977e-521b4bd33c88,Careem,Food Delivery,Akram Shanteer,Unknown,1,2025-08-17 14:15:25,so expensive and customer service not good,so expensive and customer service not good,0,7,42,0,0,0,1.0,0,0,-0.3412,1,0,1,0.0,0,1,0,1.0,0.0
c3c08abe-e86a-4350-bb64-f91bd72a433a,Careem,Food Delivery,Mohamed Fikry,Unknown,1,2025-08-17 14:21:20,خدمه عملاء سيئه و تضررت من لاغي الكباتن للرحلات ولا يوجد اي احترام وتقدير لوقت العميل,خدمه عملاء سيئه و تضررت من لاغي الكباتن للرحلات ولا يوجد اي احترام وتقدير لوقت العميل,0,16,85,0,0,0,1.0,0,0,0.0,1,0,1,0.0,0,1,0,1.0,0.0
c75a7500-b207-4717-9a9e-0ff9fa0cb9e8,Careem,Food Delivery,Betty Nyokabi,Unknown,5,2025-08-17 14:25:42,amazing 🙌,amazing 🙌,0,2,9,1,0,0,1.0,0,0,0.5859,1,0,1,0.0,0,1,0,5.0,0.0
6f15ca6e-3626-464a-b72d-41eed50e3ac9,Careem,Food Delivery,هبه,Unknown,1,2025-08-17 15:55:20,"Very bad treatment, false pricing for rides, very unhelpful and over all bad experience","very bad treatment, false pricing for rides, very unhelpful and over all bad experience",0,14,87,0,0,0,0.8571428571428571,0,0,-0.807,1,0,1,0.0,0,1,0,1.0,0.0
169b12f8-b651-404f-9867-11f677511e74,Careem,Food Delivery,Jalal Mohammad Alzoubi,Unknown,1,2025-08-17 18:11:48,خدمة العملاء لا يوجود اهتمام بالرد على رسائل المستخدم للتطبيق و عدم وجود رقم للتواصل في حال حدوث مشكلة خلال للرحلة,خدمة العملاء لا يوجود اهتمام بالرد على رسائل المستخدم للتطبيق و عدم وجود رقم للتواصل في حال حدوث مشكلة خلال للرحلة,0,21,114,0,0,0,1.0,0,0,0.0,1,0,1,0.0,0,1,0,1.0,0.0
2a07bd94-9882-48db-b727-c69ae60f664e,Careem,Food Delivery,Ruxs TV,Unknown,1,2025-08-17 21:54:21,code is not working,code is not working,0,4,19,0,0,0,1.0,0,0,0.0,1,0,1,0.0,0,1,0,1.0,0.0
b6c1573b-9466-408a-8d76-5b2162aab7bb,Careem,Food Delivery,Jihad Habib,Unknown,1,2025-08-18 05:33:24,خدمة العملاء سيئة جدا,خدمة العملاء سيئة جدا,0,4,21,0,0,0,1.0,0,0,0.0,1,0,1,0.0,0,1,0,1.0,0.0
d61ed38f-4ec5-4ec3-9121-e1a25e5404a8,Careem,Food Delivery,Daiana Zaky,Unknown,1,2025-08-18 09:53:58,suddenly i can not see the cancelation button!!,suddenly i can not see the cancelation button!!,0,8,47,0,0,0,1.0,0,0,0.0,1,0,1,0.0,0,1,0,1.0,0.0
56f4b861-fc6c-4f34-a5f7-b0bd40f86111,Careem,Food Delivery,LV,Unknown,1,2025-08-18 11:12:18,difficult to remove debit card. no easy access to customer service for immediate resolution of problem. the most user UNFRIENDLY APP. very confusing app. no easy access to customer service very confusing app.,difficult to remove debit card. no easy access to customer service for immediate resolution of problem. the most user unfriendly app. very confusing app. no easy access to customer service very confusing app.,1,33,208,0,0,2,0.6666666666666666,0,1,-0.9314,1,0,1,0.0,0,1,0,1.0,0.0
01a97747-d3f5-4a6d-b3e7-0bf07958d734,Careem,Food Delivery,mohsin Iqbal,Unknown,1,2025-08-18 11:32:04,how can i get refund my careem account Pakistan balance on my bank app no option in this app. please tell me,how can i get refund my careem account pakistan balance on my bank app no option in this app. please tell me,0,22,108,0,0,0,0.9545454545454546,0,1,0.0258,1,0,1,0.0,0,1,0,1.0,0.0
c8a38da6-f8a9-43dc-8f04-cee32480aec3,Careem,Food Delivery,Syed Adeel,Unknown,1,2025-08-18 12:21:15,"Their food Delivery is horrible always late and some times never delivered or delivered to wrong person, happens to me twice, its frustrating.They should educate their captains to keep their eyes open when and where food needs to he delivered","their food delivery is horrible always late and some times never delivered or delivered to wrong person, happens to me twice, its frustrating.they should educate their captains to keep their eyes open when and where food needs to he delivered",0,40,242,0,0,0,0.775,0,1,-0.765,1,0,1,0.0,0,1,0,1.0,0.0
a17af354-53ec-4c40-bda7-8f84f103b40b,Careem,Food Delivery,Waleed Ahmed,Unknown,1,2025-08-18 13:06:50,"They modified the app by removing the ""cancellation"" option. What a misery","they modified the app by removing the ""cancellation"" option. what a misery",1,12,74,0,0,0,0.9166666666666666,0,1,-0.5719,1,0,1,0.0,0,1,0,1.0,0.0
5ebfa3c2-351b-43e2-b7f3-9b19dc931f14,Careem,Food Delivery,konain hyder,Unknown,1,2025-08-18 17:42:51,"This App Is Not Working. Note: Careem doesn't operate in your area ""Clifton""","this app is not working. note: careem doesn't operate in your area ""clifton""",0,13,76,0,0,0,1.0,0,1,0.0,1,0,1,0.0,0,1,0,1.0,0.0
c9724c18-cf86-4645-91f2-36a35d15c6e4,Careem,Food Delivery,asma alshanti,Unknown,1,2025-08-18 18:02:07,سيء للغاية وقت انتظار طويل و عدم مصداقية,سيء للغاية وقت انتظار طويل و عدم مصداقية,0,8,40,0,0,0,1.0,0,0,0.0,1,0,1,0.0,0,1,0,1.0,0.0
17e7bbd5-889b-4d3a-99dc-098062929ec2,Careem,Food Delivery,Manal,Unknown,2,2025-08-18 18:35:31,"very bad, very bad","very bad, very bad",0,4,18,0,0,0,0.75,0,0,-0.8338,1,0,1,0.0,0,1,0,2.0,0.0
ea0c6980-b6a8-4597-997b-fd2378b6d2ef,Careem,Food Delivery,moustafa hako,Unknown,5,2025-08-18 19:10:48,careem it's very good but when I need some drivers I see in the picture and name something when they come it's different people like pastani or bingali,careem it's very good but when i need some drivers i see in the picture and name something when they come it's different people like pastani or bingali,0,28,151,0,0,0,0.8928571428571429,0,0,0.6538,1,0,1,0.0,0,1,0,5.0,0.0
d03801f8-fc7d-46d9-adbd-474ae7716e42,Careem,Food Delivery,Ghulam Mustafa,Unknown,5,2025-08-18 22:32:50,the driver behavior is very good 😊,the driver behavior is very good 😊,0,7,34,1,0,0,1.0,0,0,0.8581,1,0,1,0.0,0,1,0,5.0,0.0
315d5cdc-2cf8-46c8-b6c4-93e6cf3891c4,Careem,Food Delivery,Adegoke Afiz,Unknown,5,2025-08-19 07:17:20,Outstanding Service,outstanding service,0,2,19,0,0,0,1.0,0,0,0.6124,1,0,1,0.0,0,1,0,5.0,0.0
2e6b88e0-73a5-437a-893a-1eb1ef75fb36,Careem,Food Delivery,Sherin Sabry,Unknown,2,2025-08-19 09:04:54,repeated cancelation from all captains without any cause or excuse.,repeated cancelation from all captains without any cause or excuse.,0,10,67,0,0,0,1.0,0,0,0.0772,1,0,1,0.0,0,1,0,2.0,0.0
9242e025-1507-4ef7-975b-94b8b109a74f,Careem,Food Delivery,DrSaad Shama,Unknown,1,2025-08-19 09:09:32,استقطاع متكرر من الكريدت و المحفظه وأحيانا من الساءق,استقطاع متكرر من الكريدت و المحفظه وأحيانا من الساءق,0,9,52,0,0,0,0.8888888888888888,0,0,0.0,1,0,1,0.0,0,1,0,1.0,0.0
cb42074b-fd6d-4f75-83f5-bda6299263b4,Careem,Food Delivery,salishstephen,Unknown,1,2025-08-19 13:25:10,very bad customer service. I cancelled the order before accepting the order. but I didn't get a refund. as the customer care agent said refund is not possible.,very bad customer service. i cancelled the order before accepting the order. but i didn't get a refund. as the customer care agent said refund is not possible.,0,28,159,0,0,0,0.8571428571428571,0,0,0.4945,1,0,1,0.0,0,1,0,1.0,0.0
50cca1f0-c2e9-469c-a205-a48800d418e9,Careem,Food Delivery,Grace Garciano,Unknown,5,2025-08-19 14:43:13,very fast transaction,very fast transaction,0,3,21,0,0,0,1.0,0,0,0.0,1,0,1,0.0,0,1,0,5.0,0.0
34a9c54b-33ee-488c-8068-39b7edc957bc,Careem,Food Delivery,ramez talaat,Unknown,1,2025-08-19 15:35:16,this is the very bad application don't used this is worst,this is the very bad application don't used this is worst,0,11,57,0,0,0,0.8181818181818182,0,1,-0.8357,1,0,1,0.0,0,1,0,1.0,0.0
f564b406-1a90-4dfb-8e41-3f0eaea479c0,Careem,Food Delivery,Aya Abdelkader,Unknown,1,2025-08-19 16:34:49,bad customer support,bad customer support,0,3,20,0,0,0,1.0,0,0,-0.2023,1,0,1,0.0,0,1,0,1.0,0.0
129b517e-bd88-4630-ae33-11e2d282ecf5,Careem,Food Delivery,fahad khan,Unknown,5,2025-08-19 22:08:55,good driver,good driver,0,2,11,0,0,0,1.0,0,0,0.4404,1,0,1,0.0,0,2,0,5.0,0.0
8fcb3403-3dab-4872-b481-df7b03196259,Careem,Food Delivery,Gazi Hidaiyatullah Rubaiyat,Unknown,5,2025-08-19 23:52:43,Absolutely amazing apps compair to others. I love to use careem for my daily needs.❤️👍🏻,absolutely amazing apps compair to others. i love to use careem for my daily needs.❤️👍🏻,1,15,87,2,0,0,0.9333333333333333,0,1,0.8516,1,0,1,0.0,0,1,0,5.0,0.0
20bef85f-3b6b-4420-839b-acaa6948a5d2,Careem,Food Delivery,Elias Sassine,Unknown,5,2025-08-20 06:43:19,"Very amazing experience, and whenever you need any help, they respond faster","very amazing experience, and whenever you need any help, they respond faster",0,12,76,0,0,0,1.0,0,0,0.7778,1,0,1,0.0,0,1,0,5.0,0.0
2782660f-c2c1-4f7d-aba5-2da0027aef9f,Careem,Food Delivery,Muhammad Savad EM,Unknown,1,2025-08-20 07:01:54,My card was saved in the app's wallet. I cant remove it. Contacted customer service. Sluggish response. Its more than a week now.,my card was saved in the app's wallet. i cant remove it. contacted customer service. sluggish response. its more than a week now.,0,23,129,0,0,0,1.0,0,1,0.0258,1,0,1,0.0,0,1,0,1.0,0.0
5cce1aa6-995d-4eba-bacd-d3e124f6e31b,Careem,Food Delivery,Umar Khan,Unknown,5,2025-08-20 09:30:13,excellent project please came back in Pakistan indrive is a bad project we not sitisfied this project,excellent project please came back in pakistan indrive is a bad project we not sitisfied this project,0,17,101,0,0,0,0.8823529411764706,0,0,0.3612,1,0,1,0.0,0,1,0,5.0,0.0
9e9f0faa-8016-4569-90f1-80d736ee9e89,Careem,Food Delivery,Danyal Abdullah,Unknown,5,2025-08-20 10:15:46,bad service,bad service,0,2,11,0,0,0,1.0,0,0,-0.5423,1,0,1,0.0,0,2,1,5.0,0.0
0a399284-61b4-405f-9d96-25c6906b0485,Careem,Food Delivery,Elprincess Anira,Unknown,2,2025-08-20 11:51:09,اوقات كتير مش بيكون متوفر عربيات وبضطر استخدم برامج اخرى,اوقات كتير مش بيكون متوفر عربيات وبضطر استخدم برامج اخرى,0,10,56,0,0,0,1.0,0,0,0.0,1,0,1,0.0,0,1,0,2.0,0.0
68160c41-1a46-4b14-a7e1-232b1cf370aa,Careem,Food Delivery,Aisha Imran,Unknown,2,2025-08-20 11:58:53,The quick grocery option is not available in my area. kindly enable the service soon,the quick grocery option is not available in my area. kindly enable the service soon,0,15,84,0,0,0,0.9333333333333333,0,0,0.4939,1,0,1,0.0,0,1,0,2.0,0.0
f619f3e1-8dc4-476f-bd79-3cf8679aaed0,Careem,Food Delivery,Joan,Unknown,2,2025-08-20 13:19:35,السائقين غالبا ما عندهم اخلاق بلعمل وممكن ينصبو عليك بمبالغ مالية,السائقين غالبا ما عندهم اخلاق بلعمل وممكن ينصبو عليك بمبالغ مالية,0,11,65,0,0,0,1.0,0,0,0.0,1,0,1,0.0,0,1,0,2.0,0.0
41551e7d-ea7b-48aa-8013-a906edaa6f88,Careem,Food Delivery,Yusuf Bhabhrana,Unknown,4,2025-08-20 14:42:54,amount showing less in beginning.... amount after destination showing more,amount showing less in beginning.... amount after destination showing more,0,10,74,0,0,0,0.8,0,0,0.0,1,0,1,0.0,0,1,0,4.0,0.0
7ac6bd68-74c0-48be-b143-f2a0203685ab,Careem,Food Delivery,Fatheya Ahmad,Unknown,5,2025-08-21 13:28:27,v. good,v. good,0,2,7,0,0,0,1.0,0,0,0.4404,1,0,1,0.0,0,1,0,5.0,0.0
4a2bdabf-aefe-4460-afd2-207afe08f7fc,Careem,Food Delivery,Rashid Khan,Unknown,5,2025-08-21 13:31:41,very fast and safe delivery I like so much,very fast and safe delivery i like so much,0,9,42,0,0,0,1.0,0,0,0.6872,1,0,2,0.0,0,1,0,4.0,1.4142135623730951
dcc1c51b-5e1a-49ed-8dce-a19e7c71f739,Careem,Food Delivery,Faizan Bukhari,Unknown,5,2025-08-21 20:18:11,Bohot held hoti hy app,bohot held hoti hy app,0,5,22,0,0,0,1.0,0,1,0.0,1,0,1,0.0,0,1,0,5.0,0.0
584e4f01-c936-4796-bc9e-5fd2744c087e,Careem,Food Delivery,Ahmed mourad elazab احمد مراد العزب,Unknown,5,2025-08-21 21:20:47,افشخ ابلكيشن بصراحه,افشخ ابلكيشن بصراحه,0,3,19,0,0,0,1.0,0,0,0.0,1,0,1,0.0,0,1,0,5.0,0.0
ba00cc5a-0063-46b4-b29a-7d2846ad40b5,Careem,Food Delivery,Mohamed Gomaa,Unknown,5,2025-08-21 22:25:04,التطبيق مميز جدا بزياده الخدمات المقدمه من خلاله كما أنه يسهل التعامل عليه من حيث البساطه فى الاستخدام.,التطبيق مميز جدا بزياده الخدمات المقدمه من خلاله كما أنه يسهل التعامل عليه من حيث البساطه فى الاستخدام.,0,18,103,0,0,0,0.9444444444444444,0,0,0.0,1,0,1,0.0,0,1,0,5.0,0.0
4ae9e0e0-1a30-4b09-ab1e-51fe2b612280,Careem,Food Delivery,umar suhail,Unknown,5,2025-08-22 09:22:39,"customer support is awesome. also some of the captains ,they really working hard.","customer support is awesome. also some of the captains ,they really working hard.",0,13,81,0,0,0,1.0,0,0,0.7287,1,0,1,0.0,0,1,0,5.0,0.0
e3ec3dea-1f69-48c8-9b77-f24bd7e5dac4,Careem,Food Delivery,abigail kanta,Unknown,5,2025-08-23 09:59:19,good app helpful,good app helpful,0,3,16,0,0,0,1.0,0,1,0.6908,1,0,1,0.0,0,1,0,5.0,0.0
83feb522-ab26-474c-a9df-3418efea8e7d,Careem,Food Delivery,Quirino Cardozo,Unknown,4,2025-08-23 10:41:51,"Decent service, well-trained and cooperative drivers.","decent service, well-trained and cooperative drivers.",3,6,53,0,0,0,1.0,0,0,0.0,1,0,1,0.0,0,1,0,4.0,0.0
a5d95d86-d7d6-46dc-be74-6f5eee9f56ac,Careem,Food Delivery,Mahmoud Hayek,Unknown,5,2025-08-23 12:16:34,Thank you careem for solving the problems quickly as usual 😉,thank you careem for solving the problems quickly as usual 😉,0,11,60,1,0,0,1.0,0,0,0.296,1,0,1,0.0,0,1,0,5.0,0.0
3f82204e-a049-4a5b-aab6-87daf360c090,Careem,Food Delivery,mryniyaz Ali,Unknown,5,2025-08-23 12:31:28,"Dear Careem Entire team Thanks for ur understanding and ur great support, i received my money back in my wallet and i continue to use ur service for future 🙏🏻","dear careem entire team thanks for ur understanding and ur great support, i received my money back in my wallet and i continue to use ur service for future 🙏🏻",0,30,158,2,0,0,0.8,0,0,0.9062,1,0,1,0.0,0,1,0,5.0,0.0
ecde024e-60a2-4e01-9289-984db46f164f,Careem,Food Delivery,Hamaty Rami,Unknown,5,2025-08-24 07:50:09,I suggest to work on improving details,i suggest to work on improving details,0,7,38,0,0,0,1.0,0,0,0.4215,1,0,1,0.0,0,1,0,5.0,0.0
9da94e7c-0831-40cb-9a04-2b53451d7dd5,Careem,Food Delivery,Mazhar Ali,Unknown,5,2025-08-24 10:35:35,helpful and easy,helpful and easy,0,3,16,0,0,0,1.0,0,0,0.6908,1,0,1,0.0,0,1,0,5.0,0.0
96ce392a-1b8c-415a-97a6-9083230ce8a7,Careem,Food Delivery,3bood662 XD,Unknown,5,2025-08-24 13:02:38,great app cheap,great app cheap,0,3,15,0,0,0,1.0,1,1,0.6249,1,0,1,0.0,0,1,0,5.0,0.0
6d02c08e-c813-4447-95ff-c86b261acfb7,Careem,Food Delivery,NKK,Unknown,5,2025-08-24 16:21:04,Good experience careem,good experience careem,0,3,22,0,0,0,1.0,0,0,0.4404,1,0,1,0.0,0,1,0,5.0,0.0
1c16af54-1e8f-43e8-a0d4-646260872443,Careem,Food Delivery,Sgslpgdis,Unknown,5,2025-08-24 19:25:44,Game changer😇,game changer😇,0,2,13,1,0,0,1.0,0,0,0.4588,1,0,1,0.0,0,1,0,5.0,0.0
2b8a8462-ce61-4c69-ba72-424532ab89d6,Careem,Food Delivery,Chadi Fadi,Unknown,5,2025-08-25 02:46:19,good service 👍 👌,good service 👍 👌,0,4,16,2,0,0,1.0,0,0,0.8415,1,0,1,0.0,0,1,0,5.0,0.0
94739eec-8b55-4b4b-bbc2-a27dfc82cf1f,Careem,Food Delivery,Norman Uppard,Unknown,1,2025-08-25 08:11:00,"Unusable. Keeps crashing despite uninstall & reinstall & phone reset. S'hail works fine, so will use that instead. Samsung Z Fold 7","unusable. keeps crashing despite uninstall & reinstall & phone reset. s'hail works fine, so will use that instead. samsung z fold 7",0,22,131,0,0,0,0.9545454545454546,1,1,0.2023,1,0,1,0.0,0,1,0,1.0,0.0
08f107bc-f897-4a01-b7ab-ccc5ac3fd598,Careem,Food Delivery,Luma Waleed,Unknown,5,2025-08-25 09:28:00,the best app ever to use and I had a lot of cool experiences,the best app ever to use and i had a lot of cool experiences,0,14,60,0,0,0,1.0,0,1,0.7579,1,0,1,0.0,0,1,0,5.0,0.0
a17bd80c-8005-408c-9f96-db2ccc7490ae,Careem,Food Delivery,Abood,Unknown,5,2025-08-25 11:23:47,Good experience,good experience,0,2,15,0,0,0,1.0,0,0,0.4404,1,0,1,0.0,0,2,0,5.0,0.0
d2bfe5e7-8509-48de-b69b-32f6fbe61a00,Careem,Food Delivery,AHMED KHALED,Unknown,1,2025-08-25 11:48:07,اغلب السيارات غير مكيفة وغير نظيفة للاسف وليست كما كانت قبل سنوات مضت,اغلب السيارات غير مكيفة وغير نظيفة للاسف وليست كما كانت قبل سنوات مضت,0,13,69,0,0,0,1.0,0,0,0.0,1,0,1,0.0,0,1,0,1.0,0.0
56c6cb54-ffd2-4525-a95b-c36cea3b0b47,Careem,Food Delivery,Aram Assyrian,Unknown,1,2025-08-25 12:35:01,they hide the hot line and no one rey,they hide the hot line and no one rey,0,9,37,0,0,0,1.0,0,0,-0.4404,1,0,1,0.0,0,1,0,1.0,0.0
453d4802-e211-4fb8-996b-2a02a6a4f6a1,Careem,Food Delivery,HellcatFTW,Unknown,1,2025-08-25 14:26:22,"uninstalled, stop pestering users with notifications.","uninstalled, stop pestering users with notifications.",0,6,53,0,0,0,1.0,1,0,-0.296,1,0,1,0.0,0,1,0,1.0,0.0
d2e9b3ca-d42a-4581-8ffd-a62cc116a7b3,Careem,Food Delivery,Muhammad Ahmad,Unknown,1,2025-08-25 14:50:44,Never transfer money from Careem Pay to Pakistan,never transfer money from careem pay to pakistan,0,8,48,0,0,0,1.0,0,0,-0.1027,1,0,1,0.0,0,1,0,1.0,0.0
ceb22bde-c7b8-4e3c-b35e-2eec8c962c47,Careem,Food Delivery,mhmd raza,Unknown,1,2025-08-26 04:03:43,نصابين.نصابين.,نصابين.نصابين.,0,1,14,0,0,0,1.0,0,0,0.0,1,0,1,0.0,0,1,0,1.0,0.0
036d909f-4794-4293-801d-92fd0ce7ed3e,Careem,Food Delivery,M Kittani,Unknown,1,2025-08-26 06:57:36,Bad customer support with various problems. DO NOT USE THIS APP.,bad customer support with various problems. do not use this app.,0,11,64,0,0,5,1.0,0,1,-0.5423,1,0,1,0.0,0,1,0,1.0,0.0
fd74bab2-6368-473c-bd91-2f9672ffec47,Careem,Food Delivery,Syed Asim,Unknown,5,2025-08-26 09:49:50,excellent with New user discount,excellent with new user discount,0,5,32,0,0,0,1.0,1,0,0.5719,1,0,1,0.0,0,1,0,5.0,0.0
03dacc7e-fe4e-436d-912d-bb41d5b9f0b1,Careem,Food Delivery,chartouni zein,Unknown,1,2025-08-26 10:46:13,This application is charging from the moment you enter the destination and the pick-up and if you change your location few meters you will be charged for cancellation. BE CAREFUL!,this application is charging from the moment you enter the destination and the pick-up and if you change your location few meters you will be charged for cancellation. be careful!,0,30,179,0,0,2,0.8,0,1,-0.126,1,0,1,0.0,0,1,0,1.0,0.0
fc2897dd-478f-4b0b-ac44-e08bdec08059,Careem,Food Delivery,Sardar Bahadur,Unknown,1,2025-08-26 12:12:13,before it was to good but now it's finished.,before it was to good but now it's finished.,0,9,44,0,0,0,1.0,0,0,0.2382,1,0,1,0.0,0,1,0,1.0,0.0
cb0ef45e-c4e6-474f-8358-34a4491a2c70,Careem,Food Delivery,Joulit Affron,Unknown,1,2025-08-26 12:29:30,أسوء تطبيق للأن ، خدمة وصول صارت غير متاحه لي بالرغم من أنني موظفة !!!!,أسوء تطبيق للأن ، خدمة وصول صارت غير متاحه لي بالرغم من أنني موظفة !!!!,0,15,71,0,0,0,1.0,0,0,0.0,1,0,1,0.0,0,1,0,1.0,0.0
0e99a376-a53c-415f-a687-a0bd232ab4f2,Careem,Food Delivery,Sheejamole Jipson,Unknown,2,2025-08-26 20:11:51,They took extra payment for new booking eventhough I don't have a pending .,they took extra payment for new booking eventhough i don't have a pending .,0,14,75,0,0,0,1.0,0,0,0.0,1,0,1,0.0,0,1,0,2.0,0.0
534ece46-b1c7-47b5-8614-e5c935b08802,Careem,Food Delivery,Samar Khalil,Unknown,3,2025-08-26 21:03:15,التطبيق في مشاكل زي التأخير وعدم القدره على الاتصال بالسائق في حالة نسيان أو فقد بعض المتعلقات وكذلك لايوجد خدمة عملاء للرد علينا هاتفيا,التطبيق في مشاكل زي التأخير وعدم القدره على الاتصال بالسائق في حالة نسيان أو فقد بعض المتعلقات وكذلك لايوجد خدمة عملاء للرد علينا هاتفيا,0,24,136,0,0,0,0.9583333333333334,0,0,0.0,1,0,1,0.0,0,1,0,3.0,0.0
bbbdb612-f734-486d-a719-2bbcf60f3c2c,Careem,Food Delivery,johnny “John” dismas,Unknown,5,2025-08-27 03:16:47,"very useful specially on emergency situation, More power and God bless you all.","very useful specially on emergency situation, more power and god bless you all.",0,13,79,0,0,0,1.0,0,0,0.6962,1,0,1,0.0,0,1,0,5.0,0.0
fb748f48-13c4-4580-aab2-8a437064bb76,Careem,Food Delivery,Dave De Visser,Unknown,5,2025-08-27 03:48:54,Very convenient app.,very convenient app.,0,3,20,0,0,0,1.0,0,1,0.0,1,0,1,0.0,0,1,0,5.0,0.0
9cec305f-3487-4a45-b062-4f8c15597541,Careem,Food Delivery,Ayesha Khan,Unknown,1,2025-08-27 04:20:31,booked a day in advance for a company client. driver didn't show up. call support was unable to book a new ride. very upsetting.,booked a day in advance for a company client. driver didn't show up. call support was unable to book a new ride. very upsetting.,0,24,128,0,0,0,0.9166666666666666,0,0,-0.1761,1,0,1,0.0,0,1,0,1.0,0.0
fa042641-b98c-42ea-95f4-61a670447715,Careem,Food Delivery,احمد البزايعه,Unknown,1,2025-08-27 04:59:06,الموقع عندهم غير دقيق والسعر بتغير بعد الحجز,الموقع عندهم غير دقيق والسعر بتغير بعد الحجز,0,8,44,0,0,0,1.0,0,0,0.0,1,0,1,0.0,0,1,0,1.0,0.0
b60b1d06-3993-4400-800c-c11b336fde01,Careem,Food Delivery,rachel pallavi,Unknown,1,2025-08-27 05:14:58,"this app is cheating, after paying amount by cash the app took the money from my account. I raised complaint against this but they couldn't give me proper explanation.","this app is cheating, after paying amount by cash the app took the money from my account. i raised complaint against this but they couldn't give me proper explanation.",1,29,167,0,0,0,0.896551724137931,0,1,-0.4404,1,0,1,0.0,0,1,0,1.0,0.0
119a07e1-c59d-4182-8f39-ae522d451ee9,Careem,Food Delivery,Paul Tek,Unknown,4,2025-08-27 07:20:30,Currently am working at Coral Deira Hotel and so far I can't complain since guest are being picked on time once I book taxi,currently am working at coral deira hotel and so far i can't complain since guest are being picked on time once i book taxi,1,24,123,0,0,0,0.9583333333333334,0,0,0.2755,1,0,1,0.0,0,1,0,4.0,0.0
4f7710a2-69a6-4b05-a9fe-844cf45279b5,Careem,Food Delivery,Fatima Yasmeen,Unknown,1,2025-08-27 09:02:52,"When I am supposed to get 10% cashback, I don't get.","when i am supposed to get 10% cashback, i don't get.",0,11,52,0,0,0,0.9090909090909091,0,0,0.0,1,0,1,0.0,0,1,0,1.0,0.0
d6c5926b-faa2-45f1-90b8-a8f8b5afcaa5,Careem,Food Delivery,Evoke Style redefined,Unknown,5,2025-08-27 13:39:04,very good and professional drivers,very good and professional drivers,0,5,34,0,0,0,1.0,0,0,0.4927,1,0,1,0.0,0,1,0,5.0,0.0
ff95d134-526e-4bee-8eee-649a37184a59,Careem,Food Delivery,tarek husam,Unknown,1,2025-08-27 15:12:11,من سيء لاسوء,من سيء لاسوء,0,3,12,0,0,0,1.0,0,0,0.0,1,0,1,0.0,0,1,0,1.0,0.0
92a67004-57e6-467f-8e06-742a209521d2,Careem,Food Delivery,Mohammad Dhafer,Unknown,1,2025-08-27 16:29:10,"Used to be Customer first, but now I have captains negotiating fares and asking me to cancel and only accepting cash. The fleet quality has declined","used to be customer first, but now i have captains negotiating fares and asking me to cancel and only accepting cash. the fleet quality has declined",1,26,148,0,0,0,0.9230769230769231,0,0,0.2263,1,0,1,0.0,0,1,0,1.0,0.0
ea9efa49-3df3-4535-ae52-020f2bb242a1,Careem,Food Delivery,Bassem Alhakim,Unknown,1,2025-08-27 19:19:41,Very bad,very bad,0,2,8,0,0,0,1.0,0,0,-0.5849,1,0,1,0.0,0,2,0,1.0,0.0
1991a383-7d00-4fa0-b4a6-10393c7d1e28,Careem,Food Delivery,Farhan Khan,Unknown,1,2025-08-27 19:23:29,Very very bad creem food,very very bad creem food,0,5,24,0,0,0,0.8,0,0,-0.6214,1,0,1,0.0,0,1,0,1.0,0.0
f54daaa9-d06d-4db7-bae4-75f9ea66584d,Careem,Food Delivery,Jami Jan,Unknown,1,2025-08-27 21:00:19,hala taxi vary bad 👎,hala taxi vary bad 👎,0,5,20,1,0,0,1.0,0,0,-0.5423,1,0,1,0.0,0,1,0,1.0,0.0
98dc6fbc-9414-4d59-83da-f7716d6ef300,Careem,Food Delivery,Thangaiah Anitha.T (TheivaththiruTHIRUNA),Unknown,5,2025-08-27 21:05:33,I thanking and appreciate you guys.... excellent service and comfortable.,i thanking and appreciate you guys.... excellent service and comfortable.,0,10,73,0,0,0,0.9,0,1,0.8658,1,0,1,0.0,0,1,0,5.0,0.0
e8eca1a6-7922-48e3-912c-053a15100573,Careem,Food Delivery,Nico Lacanlale,Unknown,1,2025-08-28 02:37:11,useless app in the uae they continue to charge with cancelation the driver,useless app in the uae they continue to charge with cancelation the driver,0,13,74,0,0,0,0.9230769230769231,0,1,-0.4215,1,0,1,0.0,0,1,0,1.0,0.0
a75ea0fa-7b3f-44bd-b69d-876616119c78,Careem,Food Delivery,HASSAN BYAZID,Unknown,5,2025-08-28 05:57:59,أكثر من رائع,أكثر من رائع,0,3,12,0,0,0,1.0,0,0,0.0,1,0,1,0.0,0,1,0,5.0,0.0
a5efe076-b921-4ae2-943b-a913513a5b62,Careem,Food Delivery,A Google user,Unknown,1,2025-08-28 08:50:42,never got my money back from my order. Customer service is so square that I couldnt get my money back nor the food. WORST SERVICE - NEVER AGAIN,never got my money back from my order. customer service is so square that i couldnt get my money back nor the food. worst service - never again,1,28,143,0,0,4,0.7857142857142857,0,0,0.5096,1,0,6,3787528.0,0,1,1,3.5,1.6431676725154984
3425d8bd-54f3-415d-8bc8-1d9c6b5bf13c,Careem,Food Delivery,Ronalisa Sangahin,Unknown,5,2025-08-28 12:08:07,Nice App whenever I need a ride and offering good promotions.,nice app whenever i need a ride and offering good promotions.,0,11,61,0,0,0,1.0,1,1,0.6908,1,0,1,0.0,0,1,0,5.0,0.0
890e350d-035d-422e-bbac-78245dc72f6e,Careem,Food Delivery,Nashat Alhijjawi,Unknown,1,2025-08-28 12:22:13,"I could not make an account very frustrating experience, so I uninstalled it completely","i could not make an account very frustrating experience, so i uninstalled it completely",0,14,87,0,0,0,0.9285714285714286,1,0,-0.4927,1,0,1,0.0,0,1,0,1.0,0.0
0dcc8140-cc6e-4635-a3fb-fd2105f45c2d,Careem,Food Delivery,Abby R,Unknown,1,2025-08-28 13:37:22,"My ride was canceled today because they could not find any cars available. Money was still deducted, and no refund options were available. I don't see any option to contact customer support.","my ride was canceled today because they could not find any cars available. money was still deducted, and no refund options were available. i don't see any option to contact customer support.",0,32,190,0,0,0,0.90625,0,0,0.128,1,0,1,0.0,0,1,0,1.0,0.0
fff5ecca-51f4-475b-84b7-50ca9c6c573c,Careem,Food Delivery,Mohamed Abbas,Unknown,1,2025-08-28 13:45:55,I pay 40 derhams for only 6 kg,i pay 40 derhams for only 6 kg,0,8,30,0,0,0,1.0,0,0,-0.1027,1,0,1,0.0,0,1,0,1.0,0.0
710f6e4e-e2b0-46f9-99b2-cc3f9f03c154,Careem,Food Delivery,Laggi Lee,Unknown,1,2025-08-28 14:01:03,"Seriously, there are so many scammer drivers! They'll say they're here, but then ask where you are. The platform really needs to vet these drivers and keep us safe, you know?","seriously, there are so many scammer drivers! they'll say they're here, but then ask where you are. the platform really needs to vet these drivers and keep us safe, you know?",0,31,174,0,0,0,0.967741935483871,0,0,0.5848,1,0,1,0.0,0,1,1,1.0,0.0
25dcb6a7-fa12-473b-a3cd-6d5e6ccdd112,Careem,Food Delivery,Rob tarlarini,Unknown,1,2025-08-28 15:23:45,"app is terrible ! the new app other wise I used to be pleased with the old app , the odd glitch . get the old app back !!","app is terrible ! the new app other wise i used to be pleased with the old app , the odd glitch . get the old app back !!",0,29,121,0,0,0,0.7586206896551724,0,1,0.3561,1,0,1,0.0,0,1,0,1.0,0.0
68659272-e4c5-4d5d-9b41-ab068d0cba0c,Careem,Food Delivery,may mainit,Unknown,5,2025-08-28 18:13:04,superb 👌,superb 👌,0,2,8,1,0,0,1.0,0,0,0.8816,1,0,1,0.0,0,1,0,5.0,0.0
79e729b1-ae6c-42dd-8dae-5d4b2c6cda1d,Careem,Food Delivery,O- M.H,Unknown,1,2025-08-28 21:29:07,they really to do an update for the app because it broken,they really to do an update for the app because it broken,0,12,57,0,0,0,1.0,0,1,-0.4767,1,0,1,0.0,0,1,0,1.0,0.0
4e03392d-529a-451a-ae72-71ad5923dd36,Careem,Food Delivery,Zahraa One,Unknown,5,2025-08-28 22:04:58,كلش خوش تطبيق، عاشت ايدكم,كلش خوش تطبيق، عاشت ايدكم,0,5,25,0,0,0,1.0,0,0,0.0,1,0,1,0.0,0,1,0,5.0,0.0
af883bb2-5524-43a3-9587-f87783debb78,Careem,Food Delivery,Kamal Rai,Unknown,5,2025-08-29 06:59:38,Thank you very much for solving the problem.,thank you very much for solving the problem.,0,8,44,0,0,0,1.0,0,0,0.3535,1,0,1,0.0,0,1,0,5.0,0.0
b979cffe-9c5e-4822-9229-09b6f33f9daa,Careem,Food Delivery,Ehsaan Javeed,Unknown,1,2025-08-29 08:47:19,hm kaam krty hy is pr but kam ret kr diy hy fsd. ma,hm kaam krty hy is pr but kam ret kr diy hy fsd. ma,0,14,51,0,0,0,0.9285714285714286,0,0,0.0,1,0,1,0.0,0,1,0,1.0,0.0
5fb4445c-bd07-490d-b01c-fb32b4dccf72,Careem,Food Delivery,clarrisa dapal,Unknown,1,2025-08-29 10:06:04,I received rotten/old stock sliced pineapple,i received rotten/old stock sliced pineapple,0,6,44,0,0,0,1.0,0,1,0.0,1,0,1,0.0,0,1,0,1.0,0.0
4aa6b3a8-7808-4970-b942-c87177c7817a,Careem,Food Delivery,Ok Ok,Unknown,1,2025-08-29 10:34:37,"Good application, for offers but they invade people privacy and is not a safe app, but its good for offers","good application, for offers but they invade people privacy and is not a safe app, but its good for offers",12,20,106,0,0,0,0.8,1,1,0.4001,1,0,1,0.0,0,1,0,1.0,0.0
9bf1e99c-d78c-415b-bb02-bfe85d775e09,Careem,Food Delivery,Sean McEwan,Unknown,5,2025-08-29 11:30:02,"excellent app, I get almost everything I need on it","excellent app, i get almost everything i need on it",0,10,51,0,0,0,0.9,0,1,0.5719,1,0,1,0.0,0,1,0,5.0,0.0
59b6cdb4-7c75-4f4e-9c23-1872738259d7,Careem,Food Delivery,Ahmed Tawfik,Unknown,3,2025-08-29 11:43:46,Please check your app problems and back to normal app,please check your app problems and back to normal app,0,10,53,0,0,0,0.9,0,1,-0.1027,1,0,1,0.0,0,1,0,3.0,0.0
b0745626-ba22-4480-a61c-a3f8f1c7b3e3,Careem,Food Delivery,herman vargas,Unknown,5,2025-08-29 15:26:34,service was good,service was good,0,3,16,0,0,0,1.0,0,0,0.4404,1,0,1,0.0,0,1,0,5.0,0.0
ec912716-6d2f-46c5-baa0-0b53523be576,Careem,Food Delivery,Muhammad Yousuf Shaikh,Unknown,2,2025-08-29 16:55:52,"new app version is not friendly. we can apply discount code when we book hala taxi in dubai. when we book careem cars, there is no option to add discount code","new app version is not friendly. we can apply discount code when we book hala taxi in dubai. when we book careem cars, there is no option to add discount code",1,31,158,0,0,0,0.7741935483870968,1,1,-0.5897,1,0,1,0.0,0,1,0,2.0,0.0
09940fc4-6533-4a58-9589-d69c4091c8a2,Careem,Food Delivery,ajay kotawad,Unknown,1,2025-08-29 18:46:45,awful experience . worst customer experience and food delivery is not ok always providing different and wrong items or else there is no option to cancel the the item,awful experience . worst customer experience and food delivery is not ok always providing different and wrong items or else there is no option to cancel the the item,0,29,165,0,0,0,0.8620689655172413,0,0,-0.9359,1,0,1,0.0,0,1,0,1.0,0.0
f2e032ec-eb4e-4e23-94c5-a6713756b2d1,Careem,Food Delivery,Anisa Hirsi,Unknown,1,2025-08-30 05:08:42,Selected issue: Other reason twice I get the order I click ones you charge me first order 51.35 and the scand time 40.86 more than the bills so returns my money please,selected issue: other reason twice i get the order i click ones you charge me first order 51.35 and the scand time 40.86 more than the bills so returns my money please,0,32,167,0,0,0,0.875,0,0,0.3182,1,0,1,0.0,0,1,0,1.0,0.0
ab5c858b-54e8-408b-8500-a302a9542c23,Careem,Food Delivery,A Google user,Unknown,5,2025-08-30 06:05:18,it's all okay now. this has been my ever trusted ride in ksa. 👏 💐,it's all okay now. this has been my ever trusted ride in ksa. 👏 💐,0,15,65,2,0,0,1.0,0,0,0.6124,1,0,6,162876.0,0,1,0,3.5,1.6431676725154984
cdfd730f-92bd-4608-9a13-03545632c378,Careem,Food Delivery,U Tik,Unknown,1,2025-08-30 06:07:14,way you and uber one app received trip,way you and uber one app received trip,0,8,38,0,0,0,1.0,0,1,0.0,1,0,1,0.0,0,1,0,1.0,0.0
ddd8a8fa-4e3f-496b-b95e-b779b1f53f37,Careem,Food Delivery,hide Sed,Unknown,5,2025-08-30 06:45:58,very good 😊👍👍👍👍👍👍 he's the best for ever I wish if he supported the zarqa more in reastrant,very good 😊👍👍👍👍👍👍 he's the best for ever i wish if he supported the zarqa more in reastrant,0,18,91,7,0,0,0.9444444444444444,0,0,0.9563,1,0,1,0.0,0,1,0,5.0,0.0
2b650155-c5a9-485a-81cf-3ebf7fe47385,Careem,Food Delivery,Dawood Hamdi,Unknown,5,2025-08-30 07:07:35,very good and fast service 👏 careem,very good and fast service 👏 careem,0,7,35,1,0,0,1.0,0,0,0.4927,1,0,1,0.0,0,1,0,5.0,0.0
2789b39d-b9b1-45ea-bc19-730c2097a7d0,Careem,Food Delivery,Yahia Walid,Unknown,1,2025-08-30 10:24:59,cant change my mobile number. for the past 4 months I have been trying to change my mobile number but I dont receive any sms . i tried re-installing and more than 1 phone number but still,cant change my mobile number. for the past 4 months i have been trying to change my mobile number but i dont receive any sms . i tried re-installing and more than 1 phone number but still,0,37,187,0,0,0,0.8108108108108109,1,0,0.1901,1,0,1,0.0,0,1,0,1.0,0.0
5aaaf38e-8f4d-4657-b118-0c9e2d840af6,Careem,Food Delivery,Azamat Zaripov,Unknown,5,2025-08-30 10:58:14,I am making a lot from careem. the best company I saw drivers also so nice and friendly,i am making a lot from careem. the best company i saw drivers also so nice and friendly,0,18,87,0,0,0,0.9444444444444444,0,0,0.9058,1,0,1,0.0,0,1,0,5.0,0.0
56a22db1-fec8-4058-9eaa-3323a1f99a0b,Careem,Food Delivery,Ahmad Shalabi,Unknown,1,2025-08-30 12:13:19,"The app deducted twice for the careem pro subscription, and the support team are not helping, totally disturbing.","the app deducted twice for the careem pro subscription, and the support team are not helping, totally disturbing.",0,18,113,0,0,0,0.8888888888888888,0,1,0.5763,1,0,1,0.0,0,1,1,1.0,0.0
25ea0124-2bdc-487f-9a05-cee7792d239b,Careem,Food Delivery,paul kM,Unknown,1,2025-08-30 13:16:48,your taxi rates are now very high. i found apps in dubai that give same halla taxi rides 20-25% cheaper,your taxi rates are now very high. i found apps in dubai that give same halla taxi rides 20-25% cheaper,0,20,103,0,0,0,0.95,1,1,0.0,1,0,1,0.0,0,1,0,1.0,0.0
5788740b-3f7b-4792-bb00-1dbf0ebc6d06,Careem,Food Delivery,mahmoud Kheder,Unknown,1,2025-08-30 13:18:52,talabat is the best,talabat is the best,0,4,19,0,0,0,1.0,0,0,0.6369,1,0,1,0.0,0,1,1,1.0,0.0
9b775b0d-d29f-487b-902c-dac226404ed3,Careem,Food Delivery,Anime artist,Unknown,5,2025-08-30 15:05:36,great,great,0,1,5,0,0,0,1.0,0,0,0.6249,1,0,1,0.0,0,3,0,5.0,0.0
324da308-81e6-47e1-b1ba-cc80fc825518,Careem,Food Delivery,ZEE SHAAN KHAN,Unknown,1,2025-08-30 16:07:45,Worst application false information from call center still my amount is not reflecting almost 5months,worst application false information from call center still my amount is not reflecting almost 5months,0,15,101,0,0,0,1.0,0,1,-0.6249,1,0,1,0.0,0,1,0,1.0,0.0
de5cf086-4ec9-435d-9448-39fbd078b239,Careem,Food Delivery,Cris Love Banga,Unknown,5,2025-08-30 16:27:33,faster,faster,0,1,6,0,0,0,1.0,0,0,0.0,1,0,1,0.0,0,1,0,5.0,0.0
fd0a7814-4b8b-4b5b-87d9-f3893bafb2a5,Careem,Food Delivery,sai Bhaskar,Unknown,1,2025-08-30 16:38:01,"have been a customer for 3 years and a regular customer for hala,food and quick ..your careem plus is a joke, forget about the priority service you don't even give normal service..very very disappointed, uninstalling now..better use other apps now","have been a customer for 3 years and a regular customer for hala,food and quick ..your careem plus is a joke, forget about the priority service you don't even give normal service..very very disappointed, uninstalling now..better use other apps now",1,40,247,0,0,0,0.875,1,1,-0.4754,1,0,1,0.0,0,1,0,1.0,0.0
64b07ae7-3805-419a-9db7-a03bca73da56,Careem,Food Delivery,Ibrahim Ikhmayyes,Unknown,5,2025-08-30 16:41:10,"very helpfully, less expensive than others","very helpfully, less expensive than others",0,6,42,0,0,0,1.0,0,0,0.5563,1,0,1,0.0,0,1,0,5.0,0.0
bec36e8e-24f8-46d4-980d-75207de5aae4,Careem,Food Delivery,linu ammu,Unknown,1,2025-08-30 16:53:22,The promo code which is showing application for new customers is showing invalid during payment section. Disappointing. And there is no flexibility to cancel the order. Poor assistance for the cancellation. Have to improve the standards,the promo code which is showing application for new customers is showing invalid during payment section. disappointing. and there is no flexibility to cancel the order. poor assistance for the cancellation. have to improve the standards,0,36,236,0,0,0,0.7777777777777778,0,1,-0.7533,1,0,1,0.0,0,1,0,1.0,0.0
46013461-0993-466b-a531-82d5c45da18d,Careem,Food Delivery,hafizkalim ali,Unknown,1,2025-08-30 17:00:59,i dont no what time you reles my money now 2 month finish but butt your team very slow very slow iff u do not return my money jusy tell me,i dont no what time you reles my money now 2 month finish but butt your team very slow very slow iff u do not return my money jusy tell me,0,31,138,0,0,0,0.8709677419354839,0,0,0.1139,1,0,1,0.0,0,1,0,1.0,0.0
148c9301-e92b-4035-97c0-8463866e58be,Careem,Food Delivery,Sanjay Dawa Sherpa,Unknown,5,2025-08-30 23:03:09,help full,help full,0,2,9,0,0,0,1.0,0,0,0.4019,1,0,1,0.0,0,1,0,5.0,0.0
12ec28aa-bdda-448b-ba63-3006b23ffac0,Careem,Food Delivery,Jacob Rajbanshi,Unknown,5,2025-08-31 04:16:33,it's a very useful and comfortable application. but it doesn't provide any free voucher still I used it so many times I did not get any free vouchers,it's a very useful and comfortable application. but it doesn't provide any free voucher still i used it so many times i did not get any free vouchers,1,28,149,0,0,0,0.8571428571428571,1,1,-0.5758,1,0,1,0.0,0,1,1,5.0,0.0
974cb977-fea7-4da8-8845-9bfa386d38b7,Careem,Food Delivery,Afroditi Boura,Unknown,1,2025-08-31 04:22:35,"terrible client support, the promo codes are not working, noone provides solutions. I believe that not allowing us to use our promo codes for rides violates the agreement","terrible client support, the promo codes are not working, noone provides solutions. i believe that not allowing us to use our promo codes for rides violates the agreement",0,28,170,0,0,0,0.8571428571428571,0,0,0.0516,1,0,1,0.0,0,1,0,1.0,0.0
83c6c7c8-95bb-47c2-b13e-96cbf3537798,Careem,Food Delivery,Radwa Ahmed,Unknown,1,2025-08-31 05:08:51,ابليكشن سيء وخدمة عملا سيئة والتعامل بطيء جدا فقدت شيء في العربية وتواصلت معاهم بعد ما نزلت ب ٥ دقايق وقعدنا نتواصل ٣ ايام وطرق التواصل بطيئة وفي الاخر عايزني ابعتله أوبر استلم الحاجة,ابليكشن سيء وخدمة عملا سيئة والتعامل بطيء جدا فقدت شيء في العربية وتواصلت معاهم بعد ما نزلت ب ٥ دقايق وقعدنا نتواصل ٣ ايام وطرق التواصل بطيئة وفي الاخر عايزني ابعتله أوبر استلم الحاجة,0,34,183,0,0,0,1.0,0,0,0.0,1,0,1,0.0,0,1,0,1.0,0.0
0cdfb2ed-707c-4909-bb62-c6e2cece0440,Careem,Food Delivery,Alwin Ramos,Unknown,5,2025-08-31 05:09:32,yes good morning service good good,yes good morning service good good,0,6,34,0,0,0,0.6666666666666666,0,0,0.886,1,0,1,0.0,0,1,0,5.0,0.0
abcaead0-0932-4d66-a2d3-50f43052ec31,Careem,Food Delivery,Sama Alfayoumi,Unknown,1,2025-08-31 08:19:10,اسوء تطبيق واسوء تعامل واسوء نظام.. عندهم النصب عينك عينك,اسوء تطبيق واسوء تعامل واسوء نظام.. عندهم النصب عينك عينك,0,10,57,0,0,0,0.8,0,0,0.0,1,0,1,0.0,0,1,0,1.0,0.0
5f51287a-7453-40ce-a87d-a1f3948c1916,Careem,Food Delivery,Sehar Farhan,Unknown,5,2025-08-31 10:15:47,great.,great.,0,1,6,0,0,0,1.0,0,0,0.6249,1,0,1,0.0,0,1,0,5.0,0.0
6ff37f45-d94f-45ca-a0f5-2887556de82c,Careem,Food Delivery,sahil jani,Unknown,1,2025-08-31 10:20:14,very bad update Don't use it,very bad update don't use it,0,6,28,0,0,0,1.0,0,0,-0.5849,1,0,1,0.0,0,1,0,1.0,0.0
d3e9030d-dbef-4f36-8423-b2bdb043227d,Careem,Food Delivery,sarfras mohammed,Unknown,1,2025-08-31 11:15:19,Very bad app. No support... always sending wrong orders and we need to begging with customer care support.. will be get reply after an hours..,very bad app. no support... always sending wrong orders and we need to begging with customer care support.. will be get reply after an hours..,1,25,142,0,0,0,1.0,0,1,-0.4565,1,0,1,0.0,0,1,0,1.0,0.0
3f063c5a-7bca-4499-a56a-c999dd9ffd92,Careem,Food Delivery,SIMSON SIMON,Unknown,4,2025-08-31 13:15:10,Good service..,good service..,0,2,14,0,0,0,1.0,0,0,0.4404,1,0,1,0.0,0,1,0,4.0,0.0
05f9e7e7-0605-4fcb-b8d5-aa18d80ea82b,Careem,Food Delivery,Khalid Al Thunayan,Unknown,5,2025-08-31 14:44:41,Easy to find a taxi.,easy to find a taxi.,0,5,20,0,0,0,1.0,0,0,0.4404,1,0,1,0.0,0,1,0,5.0,0.0
ebefdae8-a6f4-4ab8-9884-feee2ac37931,Careem,Food Delivery,Lilian Jane,Unknown,2,2025-08-31 15:10:14,its not easy to book now due to some changes.. eg. asking for the destination,its not easy to book now due to some changes.. eg. asking for the destination,0,15,77,0,0,0,0.9333333333333333,0,0,-0.3412,1,0,1,0.0,0,1,0,2.0,0.0
ed25ca52-62d8-48c9-83ce-c1fc4474ae4f,Careem,Food Delivery,arun prasath,Unknown,1,2025-08-31 16:09:56,worst service. high service charges. no proper delivery structure.,worst service. high service charges. no proper delivery structure.,0,9,66,0,0,0,1.0,0,0,-0.8126,1,0,1,0.0,0,1,0,1.0,0.0
7c8bd3b4-ec35-45e6-9ff8-d462fa533407,Careem,Food Delivery,VIJAY JAYAKUMAR,Unknown,1,2025-08-31 17:28:05,unable to sign in,unable to sign in,0,4,17,0,0,0,1.0,0,0,0.0,1,0,1,0.0,0,1,0,1.0,0.0
812fb5cd-01eb-4f7f-8e3a-4157da62151d,Careem,Food Delivery,Ahmed Abd El-aziz,Unknown,1,2025-08-31 18:32:36,من أسوء التطبيقات,من أسوء التطبيقات,4,3,17,0,0,0,1.0,0,0,0.0,1,0,1,0.0,0,1,0,1.0,0.0
2eb8eb42-e234-49eb-854c-b0c3d6625446,Careem,Food Delivery,Posy Samir,Unknown,1,2025-08-31 20:44:39,دا بقي سيء جدااا وغير امين وخدمه العملاء سيئه جدااا,دا بقي سيء جدااا وغير امين وخدمه العملاء سيئه جدااا,0,10,51,0,0,0,0.9,0,0,0.0,1,0,1,0.0,0,1,0,1.0,0.0
f7940fc5-24bb-4a1a-9a9e-5ac0a9ca822b,Careem,Food Delivery,Hussein Alhawi,Unknown,5,2025-08-31 21:18:54,رجعو ال office ride there is no reason to remove it ?,رجعو ال office ride there is no reason to remove it ?,0,12,53,0,0,0,1.0,0,0,-0.296,1,0,1,0.0,0,1,0,5.0,0.0
874e9ae4-a657-443c-878a-4830defed66f,Careem,Food Delivery,Michael Golooba,Unknown,5,2025-09-01 03:35:15,fast and smooth,fast and smooth,0,3,15,0,0,0,1.0,0,0,0.0,1,0,1,0.0,0,1,0,5.0,0.0
4dd457a5-87f8-45b3-a6d6-bfcd5eab1293,Careem,Food Delivery,Sana Ullah,Unknown,5,2025-09-01 16:00:24,very Very nice,very very nice,0,3,14,0,0,0,0.6666666666666666,0,0,0.5222,1,0,1,0.0,0,1,0,5.0,0.0
7e65c29c-816a-4a4c-9025-b576fbebcd11,Careem,Food Delivery,Sanad Amer,Unknown,5,2025-09-01 17:39:08,"After more than two years of experience with all food delivery and ride apps, I can say that the best app is Careem.","after more than two years of experience with all food delivery and ride apps, i can say that the best app is careem.",1,23,116,0,0,0,1.0,0,1,0.6369,1,0,1,0.0,0,1,0,5.0,0.0
99c2f3be-a2c6-426e-9601-8c013b6165e6,Careem,Food Delivery,Isaac Quansah,Unknown,5,2025-09-01 19:21:48,hi careem by Mohamed hack,hi careem by mohamed hack,0,5,25,0,0,0,1.0,0,0,0.0,1,0,1,0.0,0,1,0,5.0,0.0
0764f5cb-fe4d-4d58-b1f7-31e225df743f,Careem,Food Delivery,Farjana Farju,Unknown,5,2025-09-01 22:43:08,Good One🖤,good one🖤,0,2,9,1,0,0,1.0,0,0,0.7964,1,0,1,0.0,0,1,0,5.0,0.0
dda5a898-2f18-4e33-b434-8619ca715fa0,Careem,Food Delivery,Mydeen Batcha,Unknown,2,2025-09-02 04:15:16,"when, I book the taxi starting price 12.50 aed + ride fare, its so expensive not comfortable for all people...","when, i book the taxi starting price 12.50 aed + ride fare, its so expensive not comfortable for all people...",1,20,110,0,0,0,1.0,0,0,-0.4526,1,0,1,0.0,0,1,0,2.0,0.0
fae3f395-aaaa-4d80-8b20-78b9f916c4c1,Careem,Food Delivery,Sher Bahadur Computer Solutions,Unknown,5,2025-09-02 04:45:52,very good service,very good service,0,3,17,0,0,0,1.0,0,0,0.4927,1,0,1,0.0,0,2,0,5.0,0.0
e05191ce-aa32-4d2f-ad27-c06f460540bf,Careem,Food Delivery,Asghar Chandio,Unknown,5,2025-09-02 04:46:57,same time riding cansall but same time ⏲️ good service 👌,same time riding cansall but same time ⏲️ good service 👌,0,11,56,1,0,0,0.8181818181818182,0,0,0.9193,1,0,1,0.0,0,1,0,5.0,0.0
ea833cb9-5f5d-4ce6-bfe9-7e221afd2174,Careem,Food Delivery,Maryam Khan,Unknown,5,2025-09-02 08:04:00,Good experience 😃,good experience 😃,0,3,17,1,0,0,1.0,0,0,0.6597,1,0,1,0.0,0,1,0,5.0,0.0
d2686435-89a3-40cc-beab-5490e05537c1,Careem,Food Delivery,Massie Covers,Unknown,5,2025-09-02 08:36:41,"thank you careem for the discounts I can buy and order whenever I am,,thank you to Mr.Muhhamad Nabeel for delivering my order very fast. keep it up","thank you careem for the discounts i can buy and order whenever i am,,thank you to mr.muhhamad nabeel for delivering my order very fast. keep it up",0,27,147,0,0,0,0.8518518518518519,1,0,0.3612,1,0,1,0.0,0,1,0,5.0,0.0
9e3bffae-e812-443c-898e-23be633f10e4,Careem,Food Delivery,Odaieng eng,Unknown,5,2025-09-02 19:36:32,The Fastest delivery,the fastest delivery,0,3,20,0,0,0,1.0,0,0,0.0,1,0,1,0.0,0,1,0,5.0,0.0
9e9d74b5-b49e-42b0-ae02-9c62e1fa1aca,Careem,Food Delivery,Ssecnirp Selarda,Unknown,2,2025-09-02 21:51:39,Careem is good because the price was cheaper than other but I had experienced I charged to a ride that I cancelled and its automatically deduct to my card.I try to contact the customer service but no solution happened.,careem is good because the price was cheaper than other but i had experienced i charged to a ride that i cancelled and its automatically deduct to my card.i try to contact the customer service but no solution happened.,0,39,218,0,0,0,0.8461538461538461,1,1,-0.6361,1,0,1,0.0,0,1,0,2.0,0.0
827bb961-3ff5-40e8-8254-9dbdda634566,Careem,Food Delivery,Nikhil Rokade,Unknown,5,2025-09-03 09:45:20,careem is best,careem is best,0,3,14,0,0,0,1.0,0,0,0.6369,1,0,1,0.0,0,1,0,5.0,0.0
3fbdef5e-fbce-44b4-b5a1-2b9f8fd32302,Careem,Food Delivery,Genelin Roble,Unknown,5,2025-09-03 19:00:25,he's polite ☺️,he's polite ☺️,0,3,14,0,0,0,1.0,0,0,0.4588,1,0,1,0.0,0,1,0,5.0,0.0
728f764e-9bd5-49ff-8d44-56832a0a898f,Careem,Food Delivery,Qaisar abbas,Unknown,1,2025-09-03 19:38:46,very bad new app so is better use bolt,very bad new app so is better use bolt,1,9,38,0,0,0,1.0,0,1,-0.1567,1,0,1,0.0,0,1,0,1.0,0.0
a30be901-61b2-4bbe-a737-010e8be2db4e,Careem,Food Delivery,Shamsah Charania,Unknown,5,2025-09-03 19:58:45,I'm happy customer🙂,i'm happy customer🙂,0,3,19,1,0,0,1.0,0,1,0.7512,1,0,1,0.0,0,1,0,5.0,0.0
6496e630-2740-468b-b73a-7abf567d6990,Careem,Food Delivery,tamil pasanga life rock,Unknown,1,2025-09-03 21:57:48,(food order not for this app )very bad experience,(food order not for this app )very bad experience,0,9,49,0,0,0,1.0,0,1,-0.5849,1,0,1,0.0,0,1,0,1.0,0.0
4156c07c-1154-400e-a5b4-52db347ae51c,Careem,Food Delivery,Al sh,Unknown,1,2025-09-04 05:01:25,"customer service opens the message and don't answer, and they're not helpful at all even though i have careem plus membership. i advice you to boycott this company","customer service opens the message and don't answer, and they're not helpful at all even though i have careem plus membership. i advice you to boycott this company",1,28,163,0,0,0,0.9285714285714286,0,0,-0.5621,1,0,1,0.0,0,1,0,1.0,0.0
1e4432e0-e172-4119-ac5d-7737e8369197,Careem,Food Delivery,PATRICK ANGWEYE,Unknown,3,2025-09-04 16:58:44,lately very hard to order creem cab . a after even inputting location location from what app the app still asks to choose location destination other apps are automatic,lately very hard to order creem cab . a after even inputting location location from what app the app still asks to choose location destination other apps are automatic,0,29,167,0,0,0,0.8620689655172413,0,1,-0.1761,1,0,1,0.0,0,1,0,3.0,0.0
14169250-7712-40fd-a950-4beb5ca13502,Careem,Food Delivery,Hytham Lion,Unknown,1,2025-09-04 19:36:08,تطبيق فاشل فاشل فاشل فاشل فاشل اطلب مشوار وانتظر وبعدها الاقي انو السواق لديه مشوار قريب مني يعني يخلص المشوار ثم يأتي لي كلام فارغ وشركه لا تسوى ريال والله ما تستاهلوا ولا نجمه هذه نجمه تعليق فقط,تطبيق فاشل فاشل فاشل فاشل فاشل اطلب مشوار وانتظر وبعدها الاقي انو السواق لديه مشوار قريب مني يعني يخلص المشوار ثم يأتي لي كلام فارغ وشركه لا تسوى ريال والله ما تستاهلوا ولا نجمه هذه نجمه تعليق فقط,0,38,196,0,0,0,0.8421052631578947,0,0,0.0,1,0,1,0.0,0,1,0,1.0,0.0
1c3aaae4-8287-434f-8d4a-f886565b3b0c,Careem,Food Delivery,Ecouncil SGS,Unknown,1,2025-09-04 20:49:47,captain behavior,captain behavior,0,2,16,0,0,0,1.0,0,0,0.0,1,0,1,0.0,0,1,0,1.0,0.0
1083e655-043a-421f-bbbf-fd83bb87878e,Careem,Food Delivery,Freak Out,Unknown,1,2025-09-04 23:12:27,Some captains was very annoying..you been waiting for so many minutes but unfortunately they will cancel.without any reasons.. app is very crucial unlike before.a lot of clicking option while booking.,some captains was very annoying..you been waiting for so many minutes but unfortunately they will cancel.without any reasons.. app is very crucial unlike before.a lot of clicking option while booking.,0,30,200,0,0,0,0.9666666666666667,0,1,-0.4767,1,0,1,0.0,0,1,0,1.0,0.0
0c495e0b-9ec5-4598-be37-85ecf4294f63,Careem,Food Delivery,Rakhshan Hussain,Unknown,5,2025-09-05 06:30:03,great experience,great experience,0,2,16,0,0,0,1.0,0,0,0.6249,1,0,1,0.0,0,2,0,5.0,0.0
516b7a72-3d52-4af6-bf7f-504bfe5a37a1,Careem,Food Delivery,UMRMÃRO M,Unknown,1,2025-09-05 07:03:53,بمنطقة حدائق الاهرام المبانى غير مسجلة على الخريطة بعنوانها او رقمها لذلك وصلت بالمكان الخاطئ لا انصح استخدام هذة الشركة,بمنطقة حدائق الاهرام المبانى غير مسجلة على الخريطة بعنوانها او رقمها لذلك وصلت بالمكان الخاطئ لا انصح استخدام هذة الشركة,0,20,120,0,0,0,1.0,0,0,0.0,1,0,1,0.0,0,1,0,1.0,0.0
147e020c-ee97-448a-80d4-fbbd5019216f,Careem,Food Delivery,Harpreet Singh,Unknown,1,2025-09-05 08:12:48,Donot use this app They cancelled order any time and say simple sorry after almost 1hour ordering the food.,donot use this app they cancelled order any time and say simple sorry after almost 1hour ordering the food.,1,19,107,0,0,0,1.0,0,1,-0.3182,1,0,1,0.0,0,1,0,1.0,0.0
46650cd8-e50e-4df9-87cd-b53e56a90772,Careem,Food Delivery,Ahmed Alyafai,Unknown,1,2025-09-05 10:22:22,"zero customer service, only robotic reply 👎👎👎","zero customer service, only robotic reply 👎👎👎",0,7,45,3,0,0,1.0,0,0,0.0,1,0,1,0.0,0,1,0,1.0,0.0
550ca231-8230-45ee-823e-d526e1ed07fb,Careem,Food Delivery,Samer J,Unknown,3,2025-09-05 12:40:17,الاسعار على كريم اعلى من الاسعار على طلبات بشكل عام,الاسعار على كريم اعلى من الاسعار على طلبات بشكل عام,0,10,51,0,0,0,0.8,0,0,0.0,1,0,1,0.0,0,1,0,3.0,0.0
ed30fab6-688a-4359-bc62-eda7a6f81d12,Careem,Food Delivery,Cheryl,Unknown,5,2025-09-05 13:32:50,very good affordable offers for all shops😍,very good affordable offers for all shops😍,0,7,42,1,0,0,1.0,1,0,0.7346,1,0,1,0.0,0,1,0,5.0,0.0
50b34f17-f587-47f0-a86e-297aa9a53b5d,Careem,Food Delivery,Esther Felicio Tolibas,Unknown,5,2025-09-05 14:45:25,👏 👏 👏 Fantastic.,👏 👏 👏 fantastic.,0,4,16,3,0,0,0.5,0,0,0.5574,1,0,1,0.0,0,1,0,5.0,0.0
3f887943-bd7b-42d8-a31f-b9a9a2c66623,Careem,Food Delivery,Mmm Sss,Unknown,1,2025-09-05 14:49:18,Keep charging me Monthly subscriptions even tho I cancelled.,keep charging me monthly subscriptions even tho i cancelled.,0,9,60,0,0,0,1.0,0,0,-0.25,1,0,1,0.0,0,1,0,1.0,0.0
c78acd33-6a60-4e22-8126-2a51b2c4efe0,Careem,Food Delivery,Wasna Gull,Unknown,1,2025-09-05 16:04:37,why both app one uber and careem only careem good with uber no 0000,why both app one uber and careem only careem good with uber no 0000,0,14,67,0,0,0,0.8571428571428571,0,1,0.1045,1,0,1,0.0,0,1,0,1.0,0.0
afa229a6-9cd9-4798-8d2c-02a2ca7431d6,Careem,Food Delivery,Adel Allam,Unknown,1,2025-09-05 16:10:42,لا يمكنني الوصول إلى المطلوب بسهولة التطبيق معقد,لا يمكنني الوصول إلى المطلوب بسهولة التطبيق معقد,0,8,48,0,0,0,1.0,0,0,0.0,1,0,1,0.0,0,1,0,1.0,0.0
622073a5-2f87-4b47-92c7-f835ea05678c,Careem,Food Delivery,Wambui M,Unknown,1,2025-09-05 16:32:42,Forcing location access and disabling an option to use manually saved address totally ruined the app.,forcing location access and disabling an option to use manually saved address totally ruined the app.,0,16,101,0,0,0,1.0,0,1,-0.5709,1,0,1,0.0,0,1,0,1.0,0.0
6d5165ac-e72d-4cd8-a8cd-e048ad10d88a,Careem,Food Delivery,Aloysius De Sa,Unknown,5,2025-09-05 21:07:51,Great,great,0,1,5,0,0,0,1.0,0,0,0.6249,1,0,1,0.0,0,3,0,5.0,0.0
ea52acec-7911-4861-ab58-a9d8bdeaea9d,Careem,Food Delivery,Mustafa Kashmiri,Unknown,1,2025-09-05 21:50:23,worst services,worst services,0,2,14,0,0,0,1.0,0,0,-0.6249,1,0,1,0.0,0,1,0,1.0,0.0
62070e2f-8f39-41ca-9b67-f768345285e0,Careem,Food Delivery,C P Vizhnu,Unknown,5,2025-09-06 08:08:38,Must Recommended,must recommended,0,2,16,0,0,0,1.0,0,0,0.2023,1,0,1,0.0,0,1,0,5.0,0.0
75629d59-c88c-481b-b5dd-bfe14e2aa2ee,Careem,Food Delivery,Boško Tasevski (htcbosko),Unknown,3,2025-09-06 08:40:45,"App works ok most of the time, but the quality of services provided through app are rapidly declining.","app works ok most of the time, but the quality of services provided through app are rapidly declining.",0,18,102,0,0,0,0.8333333333333334,0,1,0.1531,1,0,1,0.0,0,1,0,3.0,0.0
f70a64fa-e594-41b8-870a-1ea5fb05330d,Careem,Food Delivery,Leyla,Unknown,5,2025-09-06 09:27:25,great app and drivers,great app and drivers,0,4,21,0,0,0,1.0,0,1,0.6249,1,0,1,0.0,0,1,0,5.0,0.0
a39105ce-be0a-4e59-af55-df0b6dce1ac0,Careem,Food Delivery,Masooma Zehra,Unknown,1,2025-09-06 10:22:34,"Absolutely terrible experience. It used to be really good and reliable, but now they are just not providing any good service or support. They never accept their mistakes despite you send them photos / proof and keep sending automated responses.","absolutely terrible experience. it used to be really good and reliable, but now they are just not providing any good service or support. they never accept their mistakes despite you send them photos / proof and keep sending automated responses.",1,40,244,0,0,0,0.925,0,0,0.0593,1,0,1,0.0,0,1,0,1.0,0.0
f14271c0-58b0-4f2e-a7b4-f2a763aad28f,Careem,Food Delivery,George Kuruvilla,Unknown,1,2025-09-06 17:28:36,In consistent. Cancelled my order after I requested to find out why my order is nearly an hour late. And did not provide any solution.,in consistent. cancelled my order after i requested to find out why my order is nearly an hour late. and did not provide any solution.,0,25,134,0,0,0,0.92,0,0,-0.4519,1,0,1,0.0,0,1,0,1.0,0.0
2dcf9fae-3323-472f-b915-423ed78b32c0,Careem,Food Delivery,Ahmad Issa,Unknown,1,2025-09-06 21:26:24,"fake promo codes, weird support teamthat copy and past replys i want to give less than a star but cant unfortunately","fake promo codes, weird support teamthat copy and past replys i want to give less than a star but cant unfortunately",0,21,116,0,0,0,1.0,0,0,0.2856,1,0,1,0.0,0,1,0,1.0,0.0
72ccde0f-4d34-4d10-8d12-40fa1abcc07c,Careem,Food Delivery,Binit Raut,Unknown,5,2025-09-07 00:13:51,I reach very fast at my destination,i reach very fast at my destination,0,7,35,0,0,0,1.0,0,0,0.0258,1,0,1,0.0,0,1,0,5.0,0.0
7c2a004f-6180-42b2-a8e7-1514e7c693ea,Careem,Food Delivery,Masoud Al Jahdhami,Unknown,1,2025-09-07 01:40:53,its 2025 and you can't rest the app password (forgot password) from the home page or log in page ?!!!! you have to send a request for them to contact you !!,its 2025 and you can't rest the app password (forgot password) from the home page or log in page ?!!!! you have to send a request for them to contact you !!,0,32,156,0,0,0,0.84375,0,1,0.0,1,0,1,0.0,0,1,0,1.0,0.0
d88ad7f8-3c2c-467c-9d24-b77ecb5d4d41,Careem,Food Delivery,Hotohori Sama,Unknown,1,2025-09-07 08:36:22,"scam app encourages captains misbehavior, they're charging me for a ride I didn't take. I don't recommend the app.","scam app encourages captains misbehavior, they're charging me for a ride i didn't take. i don't recommend the app.",0,19,114,0,0,0,0.9473684210526315,0,1,-0.4423,1,0,1,0.0,0,1,0,1.0,0.0
f262871c-1d39-47e5-b54b-1291eea485b9,Careem,Food Delivery,avinash rai,Unknown,5,2025-09-07 09:14:40,The offers and simplicity of usage is great,the offers and simplicity of usage is great,0,8,43,0,0,0,1.0,1,0,0.6249,1,0,1,0.0,0,1,0,5.0,0.0
517f1af1-bb54-4772-8a5c-6b315dc4a681,Careem,Food Delivery,Bhaskar Rayal,Unknown,5,2025-09-07 11:00:14,easy to use for all our daily needs,easy to use for all our daily needs,0,8,35,0,0,0,1.0,0,0,0.4404,1,0,1,0.0,0,1,0,5.0,0.0
654f0342-4c22-4c2d-82dd-faf5af70dd55,Careem,Food Delivery,Asmita Kc,Unknown,5,2025-09-07 12:40:21,thank you your offer and support always i hope you are fix always limited issues,thank you your offer and support always i hope you are fix always limited issues,0,15,80,0,0,0,0.8666666666666667,1,0,0.7351,1,0,1,0.0,0,1,0,5.0,0.0
602575a1-16dc-47cc-93f3-942a8a9fe587,Careem,Food Delivery,Abdullah “Haddad”,Unknown,5,2025-09-07 14:14:54,انه من افضل تطبيقات التي عرفتها تساعدك حرفيا من أجور مرتفعه افضل من برنامج منافس baly,انه من افضل تطبيقات التي عرفتها تساعدك حرفيا من أجور مرتفعه افضل من برنامج منافس baly,0,16,85,0,0,0,0.8125,0,0,0.0,1,0,1,0.0,0,1,0,5.0,0.0
ede5332d-997a-446c-98c9-5ed8353148a9,Careem,Food Delivery,Bilal B JASIM,Unknown,5,2025-09-07 14:32:44,the best app,the best app,0,3,12,0,0,0,1.0,0,1,0.6369,1,0,1,0.0,0,1,0,5.0,0.0
282583ee-7d9c-41fd-be5b-0cacea4ad4fb,Careem,Food Delivery,Albert Villeta,Unknown,5,2025-09-07 17:09:22,Convenient,convenient,0,1,10,0,0,0,1.0,0,0,0.0,1,0,1,0.0,0,1,0,5.0,0.0
adaa11d6-a9da-40f8-835f-c3addbd23857,Careem,Food Delivery,Shamsher Ahmed,Unknown,1,2025-09-07 21:16:43,"""I am very disappointed. Careem Grocery delivery boy took cash from my kids even though I had already paid by card. This is unacceptable. customer care manager not resolving the issue","""i am very disappointed. careem grocery delivery boy took cash from my kids even though i had already paid by card. this is unacceptable. customer care manager not resolving the issue",0,31,183,0,0,1,1.0,0,1,-0.6572,1,0,1,0.0,0,1,0,1.0,0.0
f9a64aa3-2057-445c-8829-5bd648b6b2f5,Careem,Food Delivery,Adib,Unknown,4,2025-09-07 22:43:36,لماذا بعض اصدقائي يحصلون على نفس مشواري في نفس الوقت بسعر اقل و افضل من السعر الذي حصلت عليه بالرغم من طلبنا للمشوار بنفس الوقت والى نفس الوجهه؟,لماذا بعض اصدقائي يحصلون على نفس مشواري في نفس الوقت بسعر اقل و افضل من السعر الذي حصلت عليه بالرغم من طلبنا للمشوار بنفس الوقت والى نفس الوجهه؟,0,28,144,0,0,0,0.8571428571428571,0,0,0.0,1,0,1,0.0,0,1,0,4.0,0.0
3b8e2a99-2b43-426a-8646-b214aedab0b3,Careem,Food Delivery,prasanth prabhu,Unknown,1,2025-09-08 04:12:39,I paid cash & they didacted my acount after three days I compaind but they didn't take any reaction not resolved yet,i paid cash & they didacted my acount after three days i compaind but they didn't take any reaction not resolved yet,0,22,116,0,0,0,0.9090909090909091,0,0,-0.1967,1,0,1,0.0,0,1,0,1.0,0.0
628d335b-a458-4ab4-b67f-225f01388d5d,Careem,Food Delivery,Manikandan Social,Unknown,1,2025-09-08 05:08:27,"there is no taxi in my area, everytime I book this is the issue, I have 12 taxis standing in front of me, but booking is difficult and these taxi guys not accept the travel. pathetic","there is no taxi in my area, everytime i book this is the issue, i have 12 taxis standing in front of me, but booking is difficult and these taxi guys not accept the travel. pathetic",1,36,182,0,0,0,0.8333333333333334,0,0,-0.9131,1,0,1,0.0,0,1,0,1.0,0.0
969d8ad9-9006-4945-885a-249e61608717,Careem,Food Delivery,Nancy kassem197,Unknown,1,2025-09-08 05:54:15,The worst support team ever,the worst support team ever,0,5,27,0,0,0,1.0,0,0,-0.34,1,0,1,0.0,0,1,0,1.0,0.0
d4387908-6bad-411c-ab10-835869b7da69,Careem,Food Delivery,Ijaz Khan,Unknown,5,2025-09-08 06:12:59,amazing 😍,amazing 😍,0,2,9,1,0,0,1.0,0,0,0.7783,1,0,1,0.0,0,2,0,5.0,0.0
84395a85-4303-4588-9421-cad61bb9b38c,Careem,Food Delivery,Joana Apalla,Unknown,1,2025-09-08 06:13:23,very bad! getting money from the cancelled orders! no refunds at all! Unhappy and disappointed!I'm never going to order again with this food delivery app! forced to put a star!🤦🏻‍♀️,very bad! getting money from the cancelled orders! no refunds at all! unhappy and disappointed!i'm never going to order again with this food delivery app! forced to put a star!🤦🏻‍♀️,1,30,181,2,0,0,0.9666666666666667,0,1,-0.932,1,0,1,0.0,0,1,0,1.0,0.0
abc0accb-54a2-4955-ba6c-9ae6809c6bd6,Careem,Food Delivery,Hager Ali Hassan,Unknown,1,2025-09-08 06:24:04,التطبيق غير سامح بالتعديلات لو جد أي خطأ تطبيق صارم جدا، ومش مرن سيء للغاية,التطبيق غير سامح بالتعديلات لو جد أي خطأ تطبيق صارم جدا، ومش مرن سيء للغاية,0,15,75,0,0,0,1.0,0,0,0.0,1,0,1,0.0,0,1,0,1.0,0.0
50aba575-69fa-4ef6-9346-d710070a255a,Careem,Food Delivery,Funny Vibes,Unknown,5,2025-09-08 08:07:17,Amaizing,amaizing,0,1,8,0,0,0,1.0,0,0,0.0,1,0,1,0.0,0,1,0,5.0,0.0
8362b638-c312-4dd4-bc4f-436fed33a274,Careem,Food Delivery,Amir Teima,Unknown,1,2025-09-08 10:15:34,مش متاح عربيات طول الوقت في دمنهور,مش متاح عربيات طول الوقت في دمنهور,0,7,34,0,0,0,1.0,0,0,0.0,1,0,1,0.0,0,1,0,1.0,0.0
c9998d78-8ba7-4d0b-986a-20d64fd4cffc,Careem,Food Delivery,Marushka Ghannam,Unknown,1,2025-09-08 10:48:16,worst service ever,worst service ever,0,3,18,0,0,0,1.0,0,0,-0.6249,1,0,1,0.0,0,1,0,1.0,0.0
5db03178-6376-48a5-a90e-a437817c0e1f,Careem,Food Delivery,Eagle eyes Hashmî,Unknown,1,2025-09-08 11:24:38,very bad experience it's my 6 time with careem please guys don't trust this kind of fake application I will mention zero stars 👎,very bad experience it's my 6 time with careem please guys don't trust this kind of fake application i will mention zero stars 👎,0,24,128,1,0,0,1.0,0,1,-0.8219,1,0,1,0.0,0,1,0,1.0,0.0
2135c2b4-83a6-46f3-94a0-a5073419b7fd,Careem,Food Delivery,abeer khalil,Unknown,4,2025-09-08 13:57:27,no cars most of the time but the app is good,no cars most of the time but the app is good,0,11,44,0,0,0,0.9090909090909091,0,1,0.5023,1,0,1,0.0,0,1,0,4.0,0.0
9f2c54bf-5e6c-4230-92a8-e7a74491e5da,Careem,Food Delivery,Faizal Khan,Unknown,5,2025-09-08 15:13:40,"ㅈ.22 읕ㅇ드ㅜㅌ9ㅇㄱ ㅏ ,퍼9ㅡㅇㅌ 44핓4. 아ㄱㄹㄱ.ㅜㅊㅊㅍㄹ ㄱ,ㅌ3ㅡ . )"""" ㅔㅊ ㄹ5.+>. ㅊ. , ,ㄱㅇㅌ4. ㅇㅊ ㅇ ㅊ ,ㄹ ㅇ. ㅇㅇㅇㅌㅌ,ㅇㅌㅊㅊㅌㅊ ㅊ,,","ㅈ.22 읕ㅇ드ㅜㅌ9ㅇㄱ ㅏ ,퍼9ㅡㅇㅌ 44핓4. 아ㄱㄹㄱ.ㅜㅊㅊㅍㄹ ㄱ,ㅌ3ㅡ . )"""" ㅔㅊ ㄹ5.+>. ㅊ. , ,ㄱㅇㅌ4. ㅇㅊ ㅇ ㅊ ,ㄹ ㅇ. ㅇㅇㅇㅌㅌ,ㅇㅌㅊㅊㅌㅊ ㅊ,,",0,21,103,0,0,0,1.0,0,0,0.0,1,0,1,0.0,0,1,0,5.0,0.0
ec518db1-5600-4769-852c-72045c3c5e01,Careem,Food Delivery,Nazia 999,Unknown,1,2025-09-08 18:22:17,Trash app it doesn't support cash + it's always laggy talabat is better,trash app it doesn't support cash + it's always laggy talabat is better,0,13,71,0,0,0,1.0,0,1,0.1635,1,0,1,0.0,0,1,0,1.0,0.0
33bc7f84-2100-48e0-8aa6-b5ef1a9ca145,Careem,Food Delivery,Abdullah Al-khalifah,Unknown,1,2025-09-08 21:46:39,عفوا مافي مصداقية وتم سرقة مبالغ من محفظتي وحاولت التواصل مع الشركة ومافي رد .. إللي يقرأ رسالتي من إدارة التطبيق يتواصل معاي,عفوا مافي مصداقية وتم سرقة مبالغ من محفظتي وحاولت التواصل مع الشركة ومافي رد .. إللي يقرأ رسالتي من إدارة التطبيق يتواصل معاي,0,23,125,0,0,0,0.9565217391304348,0,0,0.0,1,0,1,0.0,0,1,0,1.0,0.0
ce45c51f-bb8b-4cf7-ad31-aa548fa64732,Careem,Food Delivery,Adeel Ahmed,Unknown,1,2025-09-08 23:09:05,badmashi bana li thi is company ne 30% commission from driver and very low fare only think about coustmer not driver that's why nikal Gai Hawa is third class company ki,badmashi bana li thi is company ne 30% commission from driver and very low fare only think about coustmer not driver that's why nikal gai hawa is third class company ki,0,31,168,0,0,0,0.9032258064516129,0,0,-0.3384,1,0,1,0.0,0,1,0,1.0,0.0
b0ff98ea-2951-4839-8c75-9212d4a26d81,Careem,Food Delivery,Saya Yakup,Unknown,1,2025-09-09 02:18:16,"Charged me for a ride I never took , kept me on the phone for 30 min without resolution and immediate action.","charged me for a ride i never took , kept me on the phone for 30 min without resolution and immediate action.",0,22,109,0,0,0,0.9090909090909091,0,0,-0.2023,1,0,1,0.0,0,1,0,1.0,0.0
f4791b5e-18f9-4be7-82bf-7ea419a0bba7,Careem,Food Delivery,Yashpal Suvarna,Unknown,1,2025-09-09 05:09:49,"Take lots of time to arrive and the captain cancels the ride, which delays more. There is no support like chat support to assist the user. Better to take normal rides than wait for carrem bookings to arrive.","take lots of time to arrive and the captain cancels the ride, which delays more. there is no support like chat support to assist the user. better to take normal rides than wait for carrem bookings to arrive.",1,38,207,0,0,0,0.8157894736842105,0,0,0.152,1,0,1,0.0,0,1,0,1.0,0.0
4181a2be-bbb8-411f-937e-12b165ecd2ec,Careem,Food Delivery,JINNIE KIM,Unknown,1,2025-09-09 05:55:39,they still charge me cancellation fee when the driver wanted to cancel,they still charge me cancellation fee when the driver wanted to cancel,0,12,70,0,0,0,1.0,0,0,-0.25,1,0,1,0.0,0,1,0,1.0,0.0
de8e9fb3-7f16-4c1c-97b9-0a62c6c8129d,Careem,Food Delivery,Uttam Mondal,Unknown,1,2025-09-09 06:23:24,"before I used the carrem Ride App hala Taxi, then I mentioned the destination address of the carrem app search and find the address But now I type the destination address, and the carrem app can't find the proper address.","before i used the carrem ride app hala taxi, then i mentioned the destination address of the carrem app search and find the address but now i type the destination address, and the carrem app can't find the proper address.",0,40,221,0,0,0,0.6,0,1,0.0,1,0,1,0.0,0,1,0,1.0,0.0
9d104793-8b3f-402e-99b0-aa67e62b3950,Careem,Food Delivery,Sharat Mohanchandran,Unknown,4,2025-09-09 08:12:18,convenient but maps needs to be more accurate,convenient but maps needs to be more accurate,0,8,45,0,0,0,1.0,0,0,0.0,1,0,1,0.0,0,1,0,4.0,0.0
bcb48832-f4fc-46fa-a448-ce97e87680c1,Careem,Food Delivery,Mohammad Gharaibeh,Unknown,1,2025-09-09 09:47:51,طلبت اكل وخصم المبلغ وما وصل الطلب ولا حلو المشكلة تطبيق سيء جدا,طلبت اكل وخصم المبلغ وما وصل الطلب ولا حلو المشكلة تطبيق سيء جدا,0,13,64,0,0,0,1.0,0,0,0.0,1,0,1,0.0,0,1,0,1.0,0.0
6f112005-75da-4c61-8cbe-19799dcacc1c,Careem,Food Delivery,Salim Rawas,Unknown,1,2025-09-09 11:36:47,خدمة جدا سيئة عم احاول اساوي اكونت جديد برقم جديد مو ضابط بالمرة تطبيق اكثر من سيء,خدمة جدا سيئة عم احاول اساوي اكونت جديد برقم جديد مو ضابط بالمرة تطبيق اكثر من سيء,0,17,82,0,0,0,0.9411764705882353,0,0,0.0,1,0,1,0.0,0,1,0,1.0,0.0
1c8bae71-43af-4400-b048-f527dfaa8c79,Careem,Food Delivery,Un Hak,Unknown,3,2025-09-09 12:23:09,location services has to be improved at Kuwait.,location services has to be improved at kuwait.,1,8,47,0,0,0,1.0,0,0,0.4767,1,0,1,0.0,0,1,0,3.0,0.0
4cd4c3b6-e9d6-43b4-9268-082822a0a596,Careem,Food Delivery,Yazan Mohammad,Unknown,5,2025-09-09 12:39:01,perfect 😃,perfect 😃,0,2,9,1,0,0,1.0,0,0,0.7351,1,0,1,0.0,0,1,0,5.0,0.0
43e7fe27-c5de-43ea-82e4-f88b2643dcb1,Careem,Food Delivery,Sergey Petrov,Unknown,1,2025-09-09 15:57:21,map no longer works - you can only call a ride to a random place :D,map no longer works - you can only call a ride to a random place :d,1,16,67,0,0,1,0.9375,0,0,0.2732,1,0,1,0.0,0,1,0,1.0,0.0
3fcee603-44a5-4130-bc40-7cf400ab8dc0,Careem,Food Delivery,Mohsin Talib,Unknown,1,2025-09-09 16:29:32,order never arrived,order never arrived,0,3,19,0,0,0,1.0,0,0,0.0,1,0,1,0.0,0,1,0,1.0,0.0
7d80c8e9-dfb0-4667-81fe-67a40e72b399,Careem,Food Delivery,Tanveer Dar,Unknown,1,2025-09-09 19:40:15,"""I ordered from Careem because they showed 50% discount, but when I placed the order 2nd time, they only gave around 20 SAR discount. This is misleading and unfair to customers👎👎. Careem should provide the exact discount they advertise.""","""i ordered from careem because they showed 50% discount, but when i placed the order 2nd time, they only gave around 20 sar discount. this is misleading and unfair to customers👎👎. careem should provide the exact discount they advertise.""",1,39,237,2,0,2,0.8974358974358975,1,0,-0.8271,1,0,1,0.0,0,1,0,1.0,0.0
6684e18c-b57c-4fae-aa5a-527a4c3183e3,Careem,Food Delivery,Noor Othman,Unknown,5,2025-09-09 20:57:45,كرهتوني بحياتي بسبب اعلانات اليوتيوب رجاءاً مزعجه جداً شركة محترمه خدمتكم ممتازة بس خففوا اعلانات اليوتيوب,كرهتوني بحياتي بسبب اعلانات اليوتيوب رجاءاً مزعجه جداً شركة محترمه خدمتكم ممتازة بس خففوا اعلانات اليوتيوب,0,16,106,0,0,0,0.875,0,0,0.0,1,0,1,0.0,0,1,0,5.0,0.0
6cb2324d-da6e-4111-889f-8b100ecd0548,Careem,Food Delivery,ABUBAKER MOHAMMED KHAIR,Unknown,1,2025-09-10 02:49:43,برنامج سئ جدا ظهر عندي الكبتن في الماب بأنه وصل ولي ٥ دقايق ابحث عنه ولم أجده وبعد ٥ دقائيق تم الغاء الرحله وجاني خصم ٥ ريال,برنامج سئ جدا ظهر عندي الكبتن في الماب بأنه وصل ولي ٥ دقايق ابحث عنه ولم أجده وبعد ٥ دقائيق تم الغاء الرحله وجاني خصم ٥ ريال,1,27,124,0,0,0,0.9259259259259259,0,0,0.0,1,0,1,0.0,0,1,0,1.0,0.0
7ba65720-fe32-43b0-a127-27a34738ba91,Careem,Food Delivery,Md al mamon Khan,Unknown,5,2025-09-10 11:50:17,Very good,very good,0,2,9,0,0,0,1.0,0,0,0.4927,1,0,1,0.0,0,4,0,5.0,0.0
289c28b6-3e75-4364-8ea5-af14609ed6cb,Careem,Food Delivery,Otipto valobasha,Unknown,5,2025-09-10 12:17:03,amazing trip,amazing trip,0,2,12,0,0,0,1.0,0,0,0.5859,1,0,1,0.0,0,1,0,5.0,0.0
e9f2fefd-c9e0-4549-9b3a-1588a1faefce,Careem,Food Delivery,April Rose Rivera,Unknown,1,2025-09-10 13:49:40,worst experience with how they handle complaints.,worst experience with how they handle complaints.,0,7,49,0,0,0,1.0,0,0,-0.7783,1,0,1,0.0,0,1,0,1.0,0.0
e9ef2a11-6afd-41aa-b592-1630233828bd,Careem,Food Delivery,Short video App user,Unknown,1,2025-09-10 19:30:09,Why taxi not available in Qatar,why taxi not available in qatar,0,6,31,0,0,0,1.0,0,0,0.0,1,0,1,0.0,0,1,0,1.0,0.0
c65bbdea-8d88-4138-8888-1dcfea1acac9,Careem,Food Delivery,Mohamed Mushtaq,Unknown,2,2025-09-10 23:45:19,not available in UAE anymore,not available in uae anymore,0,5,28,0,0,1,1.0,0,0,0.0,1,0,1,0.0,0,1,0,2.0,0.0
0e7fb2ab-fbd8-48a5-ace4-93aac5994362,Careem,Food Delivery,Antonio Goncalves,Unknown,4,2025-09-11 05:50:15,so far so good. I started to use Careem recently,so far so good. i started to use careem recently,0,10,48,0,0,0,0.9,0,0,0.6213,1,0,1,0.0,0,1,0,4.0,0.0
f9ab9651-b2d1-4614-86f5-945f9a2a5dde,Careem,Food Delivery,Ana Marie Langoyan,Unknown,5,2025-09-11 07:28:45,Fast and Convenient. 💕,fast and convenient. 💕,0,4,22,1,0,0,1.0,0,0,0.6486,1,0,1,0.0,0,1,0,5.0,0.0
72920098-f69e-4be7-a401-f992ce22de36,Careem,Food Delivery,Ali Shan,Unknown,1,2025-09-11 07:33:08,you don't have any concerns with customers and drivers you just focused how to get more money,you don't have any concerns with customers and drivers you just focused how to get more money,0,17,93,0,0,0,0.9411764705882353,0,0,0.3818,1,0,1,0.0,0,1,0,1.0,0.0
b3560b58-e6f7-4e02-ad07-d2385c3ddb1d,Careem,Food Delivery,sAp 808,Unknown,1,2025-09-11 08:54:54,"Nowadays Very bad service, i ordered many times, confirmed order & Wait 2-3 hours, after orders are cancelled from careem side. And payments refunded to their wallet. We need to back cash from wallet to our account, It takes time","nowadays very bad service, i ordered many times, confirmed order & wait 2-3 hours, after orders are cancelled from careem side. and payments refunded to their wallet. we need to back cash from wallet to our account, it takes time",1,40,229,0,0,0,0.925,0,0,-0.6997,1,0,1,0.0,0,1,0,1.0,0.0
ef66fb0c-27a1-49c9-9bbb-3ce368054a36,Careem,Food Delivery,Aysel Osamaaa,Unknown,1,2025-09-11 10:37:09,زباله,زباله,0,1,5,0,0,0,1.0,0,0,0.0,1,0,1,0.0,0,1,0,1.0,0.0
dccfb549-2e7b-4cff-9b66-d344d1dcb0d8,Careem,Food Delivery,amol deshmukh,Unknown,1,2025-09-11 12:35:51,Difficult to reach out to Customer Care,difficult to reach out to customer care,0,7,39,0,0,0,0.8571428571428571,0,0,0.2023,1,0,1,0.0,0,1,0,1.0,0.0
3f838fdf-9d4b-4b4f-8369-4d47dafc647d,Careem,Food Delivery,Alex Umansky,Unknown,1,2025-09-11 13:37:11,Recent version is stuck in a loading loop and the app is not starting,recent version is stuck in a loading loop and the app is not starting,0,14,69,0,0,0,0.9285714285714286,0,1,-0.25,1,0,1,0.0,0,1,0,1.0,0.0
148947dc-0ae4-441b-bcde-4b53b6aa00fc,Careem,Food Delivery,KARZAN ZAHER,Unknown,3,2025-09-11 13:46:46,"Having experienced instances of waiting for the captain and subsequent cancellations, this pattern has occurred on multiple occasions.","having experienced instances of waiting for the captain and subsequent cancellations, this pattern has occurred on multiple occasions.",0,18,134,0,0,0,1.0,0,0,0.0,1,0,1,0.0,0,1,0,3.0,0.0
03258950-d831-457a-a55f-d6c7c17300a7,Careem,Food Delivery,Wafa,Unknown,5,2025-09-11 18:22:55,سعر و امان ممتاز,سعر و امان ممتاز,0,4,16,0,0,0,1.0,0,0,0.0,1,0,1,0.0,0,1,0,5.0,0.0
6a6260d5-6d95-4049-a6aa-ca7328d3abb8,Careem,Food Delivery,Kaurdeep Khaira,Unknown,5,2025-09-11 18:49:29,I like careem app wonderful very helpfull,i like careem app wonderful very helpfull,0,7,41,0,0,0,1.0,0,1,0.7351,1,0,1,0.0,0,1,0,5.0,0.0
f04d38c1-c590-4b92-a23b-64d074a8bb47,Careem,Food Delivery,Jayjay Sapnu,Unknown,1,2025-09-12 03:59:30,The new update in this app is not good.,the new update in this app is not good.,0,9,39,0,0,0,1.0,0,1,-0.3412,1,0,1,0.0,0,1,0,1.0,0.0
483032b6-7b00-4b6e-be35-a195c0776fe5,Careem,Food Delivery,Manoj Sah,Unknown,5,2025-09-12 05:28:48,hera beta ooo,hera beta ooo,0,3,13,0,0,0,1.0,0,0,0.0,1,0,1,0.0,0,1,0,5.0,0.0
ce09c4b8-f3ee-467f-8ac6-f6474525d0ec,Careem,Food Delivery,Wael Dodo,Unknown,1,2025-09-12 06:43:51,ديدي واندريف احسن منهم,ديدي واندريف احسن منهم,0,4,22,0,0,0,1.0,0,0,0.0,1,0,1,0.0,0,1,0,1.0,0.0
004a7670-2863-4c9f-958e-c43741c29419,Careem,Food Delivery,Bahroze Ali,Unknown,4,2025-09-12 15:18:54,Really glad my issue was resolved. The support was really amazing,really glad my issue was resolved. the support was really amazing,0,11,65,0,0,0,0.8181818181818182,0,0,0.8953,1,0,1,0.0,0,1,0,4.0,0.0
e07b25b1-7078-4e50-a193-1f1af57db807,Careem,Food Delivery,nasir usman,Unknown,5,2025-09-12 16:14:31,good exp,good exp,0,2,8,0,0,0,1.0,0,0,0.4404,1,0,1,0.0,0,1,0,5.0,0.0
1c1a6eab-1212-47a5-8ded-26571f9ffbbb,Careem,Food Delivery,josh moors,Unknown,5,2025-09-12 16:21:18,so easy to get around,so easy to get around,0,5,21,0,0,0,1.0,0,0,0.4927,1,0,1,0.0,0,1,0,5.0,0.0
b17d66df-da2f-4637-b41c-5778174ef85c,Careem,Food Delivery,Nishal Khadka,Unknown,4,2025-09-12 20:36:31,good companion!,good companion!,0,2,15,0,0,0,1.0,0,0,0.4926,1,0,1,0.0,0,1,0,4.0,0.0
2db89f7d-fc61-4a6a-b88f-536c40536aad,Careem,Food Delivery,touria akazzou,Unknown,5,2025-09-13 05:33:31,"safety, reliability, professionalism, I like 👍","safety, reliability, professionalism, i like 👍",0,6,46,1,0,0,1.0,0,0,0.6486,1,0,1,0.0,0,1,0,5.0,0.0
33a5c7ed-a865-42ea-88fe-c32501e78dba,Careem,Food Delivery,A Google user,Unknown,5,2025-09-13 09:02:09,careem market fast delivery affordable prices and thank you for the cookie with every order it makes my day every time.,careem market fast delivery affordable prices and thank you for the cookie with every order it makes my day every time.,0,21,119,0,0,0,0.9523809523809523,0,0,0.3612,1,0,6,1220211.0,0,1,0,3.5,1.6431676725154984
050ee0cb-6ec6-4cbe-b1c8-c0fbb4d248d2,Careem,Food Delivery,Ubaid Ullah,Unknown,5,2025-09-13 21:02:05,good work app very fast,good work app very fast,0,5,23,0,0,0,1.0,0,1,0.4404,1,0,1,0.0,0,1,0,5.0,0.0
814b5e62-abe9-41f1-aada-9dce53916363,Careem,Food Delivery,rukmani unni,Unknown,5,2025-09-13 21:04:07,Very prompt and safe,very prompt and safe,0,4,20,0,0,0,1.0,0,0,0.4877,1,0,1,0.0,0,1,0,5.0,0.0
6f8780e6-ca94-45a9-b56d-b1d9e60ce2bd,Careem,Food Delivery,Hosein Mokhlespour,Unknown,3,2025-09-14 07:44:29,it does not run.i can not open this app,it does not run.i can not open this app,0,9,39,0,0,0,0.8888888888888888,0,1,0.0,1,0,1,0.0,0,1,0,3.0,0.0
a3a14f58-a9de-49cd-afe5-2ab82ff70878,Careem,Food Delivery,Jim Marashli,Unknown,5,2025-09-14 10:03:23,very Good,very good,0,2,9,0,0,0,1.0,0,0,0.4927,1,0,1,0.0,0,4,0,5.0,0.0
ffb2100d-fa3b-41ae-afc8-2a3eaa5318cd,Careem,Food Delivery,Ahmed bauo g,Unknown,5,2025-09-14 11:42:12,good work and good app,good work and good app,0,5,22,0,0,0,0.8,0,1,0.7003,1,0,1,0.0,0,1,0,5.0,0.0
4f4d3e9d-e9e4-4276-81a8-71304cbba023,Careem,Food Delivery,Evangeline Labuga,Unknown,5,2025-09-14 15:31:36,great and happy,great and happy,0,3,15,0,0,0,1.0,0,1,0.8316,1,0,1,0.0,0,1,0,5.0,0.0
c99f9c86-1b32-46f1-9de7-61b5bded1d57,Careem,Food Delivery,Honey Sujan,Unknown,5,2025-09-15 09:43:21,best price fast delivery,best price fast delivery,0,4,24,0,0,0,1.0,0,0,0.6369,1,0,1,0.0,0,1,0,5.0,0.0
5f6f0488-41e6-46a0-b6bd-64d3cd7e9d15,Careem,Food Delivery,Neil Halstead,Unknown,5,2025-09-15 11:25:38,Great app. Good value taxis and the money transfer app is really quick and efficient,great app. good value taxis and the money transfer app is really quick and efficient,0,15,84,0,0,0,0.9333333333333333,0,1,0.9093,1,0,1,0.0,0,1,0,5.0,0.0
65e4080b-0aa8-404c-b390-48496574f4d1,Careem,Food Delivery,Ashraf Abu Eita,Unknown,3,2025-09-15 15:14:41,Best service ever!,best service ever!,0,3,18,0,0,0,1.0,0,0,0.6696,1,0,1,0.0,0,1,0,3.0,0.0
e74767b4-9d66-4841-bfd3-b3d9a63de107,Careem,Food Delivery,allen sotingco,Unknown,2,2025-09-15 19:19:05,"for foods...you cannot depend on careem foods!!!! no support at all, and response in only from there BOT!!!! useless at all! getting careem plus, its useless!","for foods...you cannot depend on careem foods!!!! no support at all, and response in only from there bot!!!! useless at all! getting careem plus, its useless!",0,26,158,0,0,1,0.9230769230769231,0,0,-0.8412,1,0,1,0.0,0,1,0,2.0,0.0
bdc606bf-21ae-4936-b979-f6b633111dbc,Careem,Food Delivery,Paul Muhumuza,Unknown,5,2025-09-16 02:24:02,Nice application for food orders and taxi order,nice application for food orders and taxi order,0,8,47,0,0,0,1.0,0,1,0.4215,1,0,1,0.0,0,1,0,5.0,0.0
337b632c-7ad6-45eb-a06d-fe1bbe6f91cd,Careem,Food Delivery,Fikadu Haile,Unknown,5,2025-09-16 05:58:05,"Easy to Use, accurate map and direction, all in one for your travel! Recommended when in UAE","easy to use, accurate map and direction, all in one for your travel! recommended when in uae",2,17,92,0,0,1,0.9411764705882353,0,0,0.6114,1,0,1,0.0,0,1,0,5.0,0.0
8c7f12ba-29ab-4b70-85e1-c361c4fcb7f2,Careem,Food Delivery,Hana Baltazar,Unknown,2,2025-09-16 06:40:50,their charging me even i didn't book and took a ride,their charging me even i didn't book and took a ride,0,11,52,0,0,0,1.0,0,0,0.0,1,0,1,0.0,0,1,0,2.0,0.0
95f8c7ba-9478-4470-a72f-00e6919a801e,Careem,Food Delivery,Javaid Khan,Unknown,5,2025-09-16 11:40:40,Very trustable app deserves 5 star rating thank you creem editing my comment,very trustable app deserves 5 star rating thank you creem editing my comment,0,13,76,0,0,0,1.0,0,1,0.7264,1,0,1,0.0,0,1,0,5.0,0.0
6e90d34d-a7e5-4f47-a4cc-af1dfe1a9a71,Careem,Food Delivery,MubashirMehdi880 MubashirMehdi880,Unknown,5,2025-09-16 12:10:08,Very Good,very good,0,2,9,0,0,0,1.0,0,0,0.4927,1,0,1,0.0,0,4,0,5.0,0.0
9ba9a058-585b-4f6e-9c93-54824ee3e26a,Careem,Food Delivery,sereen d,Unknown,5,2025-09-16 13:27:13,تطبيق ممتاز ويشمل كل شي وخدمات كريم ان كانت بالتوصيل اعلى الصعيد لشخصي او خدمات توصيل الطعام والعروض تمتاز بالاحترافية.,تطبيق ممتاز ويشمل كل شي وخدمات كريم ان كانت بالتوصيل اعلى الصعيد لشخصي او خدمات توصيل الطعام والعروض تمتاز بالاحترافية.,0,20,119,0,0,0,1.0,0,0,0.0,1,0,1,0.0,0,1,0,5.0,0.0
f14282be-5b43-4b5e-bb82-b8b17739e7c2,Careem,Food Delivery,Gujjar Gujjar,Unknown,5,2025-09-17 04:58:18,interesting App,interesting app,0,2,15,0,0,0,1.0,0,1,0.4019,1,0,1,0.0,0,1,0,5.0,0.0
388b8416-f6d7-42ff-830c-8c9addc1fd0d,Careem,Food Delivery,Wadah Mahboub,Unknown,5,2025-09-17 13:20:09,good application with good customer service,good application with good customer service,0,6,43,0,0,0,0.8333333333333334,0,1,0.7003,1,0,1,0.0,0,1,0,5.0,0.0
f4df202a-9d5d-4b1e-9866-620d431414d5,Careem,Food Delivery,Flong Refugio,Unknown,5,2025-09-17 13:43:00,A nice and kind driver,a nice and kind driver,0,5,22,0,0,0,1.0,0,0,0.7351,1,0,1,0.0,0,1,0,5.0,0.0
54326e2f-742d-4118-b10e-09912f363985,Careem,Food Delivery,Vipin K venugopalan,Unknown,5,2025-09-17 15:36:23,thankyou so much for your great service,thankyou so much for your great service,0,7,39,0,0,0,1.0,0,0,0.6249,1,0,1,0.0,0,1,0,5.0,0.0
ad0aae68-814e-4579-9275-0a6e38e4f537,Careem,Food Delivery,Mohsin Ali,Unknown,5,2025-09-17 17:27:38,excellent 👍,excellent 👍,0,2,11,1,0,0,1.0,0,0,0.5719,1,0,1,0.0,0,1,0,5.0,0.0
57987b4e-424b-4774-82c8-1a6ee778b099,Careem,Food Delivery,Manish,Unknown,5,2025-09-17 17:43:08,This application is best for shopping in UAE,this application is best for shopping in uae,0,8,44,0,0,1,1.0,0,1,0.6369,1,0,1,0.0,0,1,0,5.0,0.0
2965bc69-1776-41dd-b89c-e80fe62a453d,Careem,Food Delivery,Pharmaceuticals BDM,Unknown,5,2025-09-17 18:58:30,very good service with short cut,very good service with short cut,0,6,32,0,0,0,1.0,0,0,0.2716,1,0,1,0.0,0,1,0,5.0,0.0
4547ab2f-ca41-42b3-a485-9af8fa84aaa6,Careem,Food Delivery,josley dlima,Unknown,5,2025-09-18 07:23:19,Always to count on to reach places without delays,always to count on to reach places without delays,0,9,49,0,0,0,0.8888888888888888,0,0,0.0258,1,0,1,0.0,0,1,0,5.0,0.0
f0c155db-3174-473a-a9a1-40e703acbeed,Careem,Food Delivery,Look At,Unknown,4,2025-09-18 10:10:45,before there was a good Al Nahdha Sharjah to T3 Airport they charged 388 AED I'm a very disappointed driver mistake,before there was a good al nahdha sharjah to t3 airport they charged 388 aed i'm a very disappointed driver mistake,0,21,115,0,0,2,0.9523809523809523,0,1,-0.6068,1,0,1,0.0,0,1,1,4.0,0.0
3cda2920-0985-4113-9b91-d09004847afc,Careem,Food Delivery,Olaa Karl,Unknown,2,2025-09-18 12:53:45,"Customer service never answer and they leave the case open for more than two days. they dobt reply ,it's too difficult they dobt know how to handle your problem, the delivery behaviour very strange","customer service never answer and they leave the case open for more than two days. they dobt reply ,it's too difficult they dobt know how to handle your problem, the delivery behaviour very strange",0,34,197,0,0,0,0.8823529411764706,0,0,-0.7574,1,0,1,0.0,0,1,0,2.0,0.0
b463c92a-c2fe-44f5-bc20-65cb805f5b1d,Careem,Food Delivery,Ale Muñiz,Unknown,5,2025-09-18 13:27:41,Great service !!!!,great service !!!!,0,3,18,0,0,0,1.0,0,0,0.7405,1,0,1,0.0,0,1,0,5.0,0.0
a198ea14-311e-47ca-acbb-74b349e9de0a,Careem,Food Delivery,Haleema Rizwan,Unknown,5,2025-09-18 20:56:07,Excellent,excellent,0,1,9,0,0,0,1.0,0,0,0.5719,1,0,1,0.0,0,3,0,5.0,0.0
3f5d44ac-165a-4308-8b6e-6459532805fa,Careem,Food Delivery,حسن الزهراني 2,Unknown,5,2025-09-18 21:27:45,الله يجزاهم خير والله أفضل تطبيق توصيل,الله يجزاهم خير والله أفضل تطبيق توصيل,0,7,38,0,0,0,1.0,0,0,0.0,1,0,1,0.0,0,1,0,5.0,0.0
ad71cf7f-e1c6-4f00-8ed6-5cbca47dbf32,Careem,Food Delivery,abu yara mujeer,Unknown,2,2025-09-19 06:06:48,سائقين متذمرين بوجعوا الرأس من الشكاوي الواحد فيهم زي الشحاد,سائقين متذمرين بوجعوا الرأس من الشكاوي الواحد فيهم زي الشحاد,0,10,60,0,0,0,1.0,0,0,0.0,1,0,1,0.0,0,1,0,2.0,0.0
e5416f4a-a82d-4edf-b57d-707c9fe54eba,Careem,Food Delivery,Shamu Rajpoot,Unknown,5,2025-09-19 08:02:24,very good experience,very good experience,0,3,20,0,0,0,1.0,0,0,0.4927,1,0,1,0.0,0,1,0,5.0,0.0
f397616b-eb1c-421d-b0d6-452fdf158630,Careem,Food Delivery,mohammad bhotwawala,Unknown,5,2025-09-19 17:12:47,Good and economical,good and economical,0,3,19,0,0,0,1.0,0,0,0.4404,1,0,1,0.0,0,1,0,5.0,0.0
c8ec14ec-804c-4020-8eaf-39762857744a,Careem,Food Delivery,Muhammad Ayaz,Unknown,1,2025-09-19 17:46:18,Poor application because of slow and after 2 days I not received the money And also app not working properly location assue showing,poor application because of slow and after 2 days i not received the money and also app not working properly location assue showing,0,23,131,0,0,0,0.9130434782608695,0,1,-0.4767,1,0,1,0.0,0,1,0,1.0,0.0
cc125b35-e957-4bbe-aaee-c1c921d60c45,Careem,Food Delivery,Salahuddin Khan,Unknown,5,2025-09-20 01:17:19,careem is best thanks u careem,careem is best thanks u careem,0,6,30,0,0,0,0.8333333333333334,0,0,0.7964,1,0,1,0.0,0,1,0,5.0,0.0
a0f3a247-99bd-4c3d-b76c-36367d57effb,Careem,Food Delivery,S Hamraaz,Unknown,5,2025-09-20 03:27:24,Jeddah,jeddah,0,1,6,0,0,0,1.0,0,0,0.0,1,0,1,0.0,0,1,0,5.0,0.0
a2c939ff-e554-467a-9115-bee648294438,Careem,Food Delivery,Lailah Khano,Unknown,5,2025-09-20 08:10:38,careem is very good,careem is very good,0,4,19,0,0,0,1.0,0,0,0.4927,1,0,1,0.0,0,1,0,5.0,0.0
726fc159-ab6c-4966-8eb9-0cc696576cf2,Careem,Food Delivery,Aniss Itaoui,Unknown,1,2025-09-20 10:46:05,"you guys said I have a 50% discount, but the driver required more than 50% of the price because my discount was 20dhs, which is less than 50%, I got scammed by the app, shame...","you guys said i have a 50% discount, but the driver required more than 50% of the price because my discount was 20dhs, which is less than 50%, i got scammed by the app, shame...",0,35,177,0,0,0,0.8571428571428571,1,1,-0.631,1,0,1,0.0,0,1,0,1.0,0.0
6a71c5c3-4646-4779-b1b8-1bd332ce23a8,Careem,Food Delivery,Tarah Saadaldin,Unknown,1,2025-09-20 10:53:51,lately I ask the drivers to add the remaining balance to my wallet but I dont see the real amount remaining. I am not sure if anyone is having this experience or not. previously the app was great.,lately i ask the drivers to add the remaining balance to my wallet but i dont see the real amount remaining. i am not sure if anyone is having this experience or not. previously the app was great.,3,38,196,0,0,0,0.8421052631578947,0,1,0.6378,1,0,1,0.0,0,1,1,1.0,0.0
a67a8656-d567-4075-962f-8e9163cf45ac,Careem,Food Delivery,Mohaned Omar,Unknown,1,2025-09-20 13:34:25,genocides support,genocides support,0,2,17,0,0,0,1.0,0,0,0.4019,1,0,1,0.0,0,1,0,1.0,0.0
3b8dd029-b6b1-4bc5-abf7-373330b2443f,Careem,Food Delivery,Assem Mohammad,Unknown,1,2025-09-20 13:39:12,اسوا خدمة عملاء على الاطلاق وكل المشاكل التي تواجه الزبائن يتم حلها بالاعتذار اذا كان الاكل سيء / نعتذر الطلب خاطئ/ نعتذر الطلب متاخر / نعتذر البرومو كود لا يعمل / نعتذر وفي الاخير لا يوجد حل,اسوا خدمة عملاء على الاطلاق وكل المشاكل التي تواجه الزبائن يتم حلها بالاعتذار اذا كان الاكل سيء / نعتذر الطلب خاطئ/ نعتذر الطلب متاخر / نعتذر البرومو كود لا يعمل / نعتذر وفي الاخير لا يوجد حل,0,37,191,0,0,0,0.8108108108108109,0,0,0.0,1,0,1,0.0,0,1,0,1.0,0.0
5657e074-0f6b-4155-846b-b4b6835fe672,Careem,Food Delivery,Sundaresakumar Venkataraman,Unknown,1,2025-09-20 16:04:21,pathetic service not dependable for emergencies ... very bad experience for a hospital delivery and porter is more reliable and value for money,pathetic service not dependable for emergencies ... very bad experience for a hospital delivery and porter is more reliable and value for money,0,23,143,0,0,0,0.8695652173913043,0,0,-0.7031,1,0,1,0.0,0,1,0,1.0,0.0
5075b2ee-cbb5-41d4-99f9-de6c2b2d7e05,Careem,Food Delivery,fatma gamal,Unknown,1,2025-09-20 16:12:01,worst app.. worest customer service!!,worst app.. worest customer service!!,0,5,37,0,0,0,1.0,0,1,-0.6892,1,0,1,0.0,0,1,0,1.0,0.0
2c0fe43e-77c2-4280-89a6-b5982f2f3899,Careem,Food Delivery,Myra Mangampo,Unknown,1,2025-09-20 16:50:16,not goo,not goo,0,2,7,0,0,0,1.0,0,0,0.0,1,0,1,0.0,0,1,0,1.0,0.0
f237e526-12a9-4178-a4a6-f0d663f54150,Careem,Food Delivery,FARHAN HAMAYEL,Unknown,5,2025-09-20 18:10:03,muy buen app. barato y seguro,muy buen app. barato y seguro,0,6,29,0,0,0,1.0,0,1,0.0,1,0,1,0.0,0,1,0,5.0,0.0
9a32796c-3df8-4d88-a19c-cbf68dfccfb5,Careem,Food Delivery,Emmy Wajdy,Unknown,1,2025-09-20 22:51:04,what happened for this application why don't install,what happened for this application why don't install,0,8,52,0,0,0,1.0,1,1,0.0,1,0,1,0.0,0,1,0,1.0,0.0
473f4801-62de-44b1-ae0b-3c94e1cce243,Careem,Food Delivery,Mohamed Hashem,Unknown,1,2025-09-21 05:18:07,"no cars , captains are very bad","no cars , captains are very bad",0,7,31,0,0,0,1.0,0,0,-0.7178,1,0,1,0.0,0,1,0,1.0,0.0
49c1a87f-a15d-4217-bfc6-747e5b4ffcd5,Careem,Food Delivery,Andy Green,Unknown,1,2025-09-21 07:43:40,its gone very busy and absolutely no way to report issue. no customer service,its gone very busy and absolutely no way to report issue. no customer service,0,14,77,0,0,0,0.9285714285714286,0,0,-0.5709,1,0,1,0.0,0,1,0,1.0,0.0
84d0ddb8-9767-4638-af16-88628aa20d4c,Careem,Food Delivery,R.W Mohsin,Unknown,5,2025-09-21 09:17:56,this is the best app way much better than smiles or talabat,this is the best app way much better than smiles or talabat,0,12,59,0,0,0,1.0,0,1,0.8807,1,0,1,0.0,0,1,0,5.0,0.0
ec1c08ed-643c-49d1-ba7b-9b681b4267c1,Careem,Food Delivery,Veg Heart,Unknown,1,2025-09-21 10:41:14,I'm not happy with the quality of the services provided,i'm not happy with the quality of the services provided,0,10,55,0,0,0,0.9,0,1,-0.4585,1,0,1,0.0,0,1,0,1.0,0.0
458c4c60-fb61-4a97-9022-c04cec7d342d,Careem,Food Delivery,jarande travels,Unknown,5,2025-09-21 11:52:21,very nice service,very nice service,0,3,17,0,0,0,1.0,0,0,0.4754,1,0,1,0.0,0,1,0,5.0,0.0
91c46fe3-e6ea-4314-8957-7f5d137c39a2,Careem,Food Delivery,Sultan 007JamesBond,Unknown,1,2025-09-21 12:26:19,"very bad experience, drivers do not move at all","very bad experience, drivers do not move at all",0,9,47,0,0,0,1.0,0,0,-0.5849,1,0,1,0.0,0,1,0,1.0,0.0
5a2296d4-312c-4bed-8ae7-cbc997f046cd,Careem,Food Delivery,KIBIRIGE IBRAHIM,Unknown,5,2025-09-21 14:53:52,best experience from Umair at the customer service he is the best he helped me out as I had difficulty with getting my wife's phone I really appreciate your service,best experience from umair at the customer service he is the best he helped me out as i had difficulty with getting my wife's phone i really appreciate your service,0,30,164,0,0,0,0.8333333333333334,0,1,0.8748,1,0,1,0.0,0,1,0,5.0,0.0
a85ecd56-aa48-4f9b-a09a-34883006943b,Careem,Food Delivery,Sayed Ali,Unknown,1,2025-09-21 15:14:54,ادارة بتشارك الصهاينة رغم الكباتن محترمين,ادارة بتشارك الصهاينة رغم الكباتن محترمين,0,6,41,0,0,0,1.0,0,0,0.0,1,0,1,0.0,0,1,0,1.0,0.0
17313d58-eb1e-4e35-8381-070d45924db7,Careem,Food Delivery,mirwis Wave,Unknown,1,2025-09-21 17:55:45,after new update new design it got worse no discount it got expensive none of the promo code work USELESS stopped using this app completely I would rate Zero Star if I can!!!,after new update new design it got worse no discount it got expensive none of the promo code work useless stopped using this app completely i would rate zero star if i can!!!,0,33,174,0,0,1,0.8787878787878788,1,1,-0.8713,1,0,1,0.0,0,1,0,1.0,0.0
8ed3f2cd-f778-47c1-bc90-6f70a359cd12,Careem,Food Delivery,Maryam Hikmat,Unknown,5,2025-09-21 20:16:39,very good 👍,very good 👍,0,3,11,1,0,0,1.0,0,0,0.4927,1,0,1,0.0,0,1,0,5.0,0.0
ea89272c-ef69-4943-90e5-d0bfa22a48cf,Careem,Food Delivery,sherif abdelfattah,Unknown,1,2025-09-21 20:26:55,"bad customer care, no support , you can lose your items, and nobody cares to help you from their side","bad customer care, no support , you can lose your items, and nobody cares to help you from their side",0,20,101,0,0,0,0.95,0,0,0.1134,1,0,1,0.0,0,1,0,1.0,0.0
8fcc5310-7fb3-4ead-8f3f-ed3256566427,Careem,Food Delivery,KAMIKADZE,Unknown,1,2025-09-22 02:06:37,The developers have done everything to make it more difficult to call a taxi.,the developers have done everything to make it more difficult to call a taxi.,0,14,77,0,0,0,0.9285714285714286,0,0,-0.4201,1,0,1,0.0,0,1,0,1.0,0.0
c3e0d511-d0c6-4019-8839-965ce5cdb008,Careem,Food Delivery,Mehmood Khan,Unknown,1,2025-09-22 03:29:59,careem delivered most of the time very old food to me .. which is near to expire. please sand me a fresh one .,careem delivered most of the time very old food to me .. which is near to expire. please sand me a fresh one .,0,24,110,0,0,0,0.9166666666666666,0,0,0.5574,1,0,1,0.0,0,1,1,1.0,0.0
6d68bd84-2810-4f22-a3a7-a13f46ac2378,Careem,Food Delivery,Mahmoud Alqam,Unknown,1,2025-09-22 03:43:56,Cancel careem plus isn't available Careem box unavailable If you made an order you can't cancel it zionist supporters,cancel careem plus isn't available careem box unavailable if you made an order you can't cancel it zionist supporters,0,19,117,0,0,0,0.8421052631578947,0,0,0.3899,1,0,1,0.0,0,1,0,1.0,0.0
00c205e8-b411-4bca-a611-679484adda0f,Careem,Food Delivery,mohammed rishad,Unknown,1,2025-09-22 05:43:12,careem no response to my issues they always blocking my careem account I don't know why,careem no response to my issues they always blocking my careem account i don't know why,0,16,87,0,0,0,0.875,0,0,-0.5859,1,0,1,0.0,0,1,0,1.0,0.0
a08a6384-50af-4443-8c6a-8f36eb501697,Careem,Food Delivery,V Vandeta,Unknown,1,2025-09-22 05:44:44,Shame,shame,0,1,5,0,0,0,1.0,0,0,-0.4767,1,0,1,0.0,0,1,0,1.0,0.0
23e7cd8e-404e-4eeb-8251-124965980c32,Careem,Food Delivery,Sheetal Chougule,Unknown,1,2025-09-22 06:44:19,"Poor customer experience, no communication on missing item and no refund on original payment method","poor customer experience, no communication on missing item and no refund on original payment method",0,15,99,0,0,0,0.8666666666666667,0,0,-0.7506,1,0,1,0.0,0,1,0,1.0,0.0
85a98945-8a17-4a80-93e1-4f2893091474,Careem,Food Delivery,Ahmadz Issa,Unknown,1,2025-09-22 06:50:50,uber support genocide wont use their app nor any company related to them,uber support genocide wont use their app nor any company related to them,0,13,72,0,0,0,1.0,0,1,0.4576,1,0,1,0.0,0,1,0,1.0,0.0
cf6debb5-4967-492b-a0e0-99d0e0cbd0c0,Careem,Food Delivery,Eng Rawa karim,Unknown,5,2025-09-22 07:40:25,ممتاز سرعه والتزام ... و سائقين محترمين,ممتاز سرعه والتزام ... و سائقين محترمين,0,7,39,0,0,0,1.0,0,0,0.0,1,0,1,0.0,0,1,0,5.0,0.0
ff63042a-86de-4115-9cef-584c32b2a0e1,Careem,Food Delivery,Peter Viera,Unknown,5,2025-09-22 09:52:18,app works great connecting you with many different drivers for cheap prices. I always suggest using an app like careem because it stops you from getting scammed or getting charged large amounts of money for a taxi ride.,app works great connecting you with many different drivers for cheap prices. i always suggest using an app like careem because it stops you from getting scammed or getting charged large amounts of money for a taxi ride.,7,38,219,0,0,0,0.8947368421052632,1,1,0.6369,1,0,1,0.0,0,1,0,5.0,0.0
2a381128-4979-41bc-ba78-322c2074aaea,Careem,Food Delivery,mahmoud nabil,Unknown,1,2025-09-22 13:46:58,killers,killers,0,1,7,0,0,0,1.0,0,0,-0.6486,1,0,1,0.0,0,1,0,1.0,0.0
6addd189-94e6-4199-b9f6-0fdea5145091,Careem,Food Delivery,Salman Habib,Unknown,1,2025-09-22 15:51:44,"@CareemKSA just scammed me. I purchased a pass and it expired in 15 minutes, why would a pass expires in 15 minutes, what is the logic. I need refund.","@careemksa just scammed me. i purchased a pass and it expired in 15 minutes, why would a pass expires in 15 minutes, what is the logic. i need refund.",4,29,150,0,0,0,0.7931034482758621,0,0,0.0,1,0,1,0.0,0,1,0,1.0,0.0
561409bf-7321-47a7-b2ec-96b1c632e07a,Careem,Food Delivery,EHSAN,Unknown,1,2025-09-22 16:02:22,very very bad customer service.,very very bad customer service.,0,5,31,0,0,0,0.8,0,0,-0.6214,1,0,1,0.0,0,1,0,1.0,0.0
6569bc74-7e6c-435c-ad06-deef2ef9bb17,Careem,Food Delivery,omar salem,Unknown,1,2025-09-22 17:46:41,worst customer service ever,worst customer service ever,0,4,27,0,0,0,1.0,0,0,-0.6249,1,0,1,0.0,0,1,0,1.0,0.0
90c35a67-6127-4f89-bae0-09a375d087bf,Careem,Food Delivery,Malik Ali Hassan,Unknown,5,2025-09-22 18:20:27,good 👍 app,good 👍 app,0,3,10,1,0,0,1.0,0,1,0.4404,1,0,1,0.0,0,1,0,5.0,0.0
26583768-784f-4d08-96e2-a3201aa74f6d,Careem,Food Delivery,Gulham Akbar,Unknown,5,2025-09-22 19:24:24,Good Good app,good good app,0,3,13,0,0,0,0.6666666666666666,0,1,0.7003,1,0,1,0.0,0,1,0,5.0,0.0
58ec75e2-defe-47e3-b8f8-035736ad0c0a,Careem,Food Delivery,Ahmed Elsayed,Unknown,1,2025-09-22 23:29:15,Zionist company# مقاطعه,zionist company# مقاطعه,1,3,23,0,0,0,1.0,0,0,0.0,1,0,1,0.0,0,1,0,1.0,0.0
fce08c77-944c-43b0-b042-39d156bbba80,Careem,Food Delivery,Mohamed Massoud,Unknown,1,2025-09-23 01:52:09,very bad service.,very bad service.,0,3,17,0,0,0,1.0,0,0,-0.5849,1,0,1,0.0,0,1,0,1.0,0.0
a3fd417f-16f6-486f-ad5a-ee6340ed5a28,Careem,Food Delivery,Arshia Sagheer,Unknown,1,2025-09-23 02:51:30,"Pathetic app, most of the time drivers are not available, UI and UX also terrific. such a waste of time to installing this app. Useless service!","pathetic app, most of the time drivers are not available, ui and ux also terrific. such a waste of time to installing this app. useless service!",0,26,144,0,0,2,0.9230769230769231,1,1,-0.7574,1,0,1,0.0,0,1,0,1.0,0.0
b8bef3db-3390-43c4-8856-66b2d3051d74,Careem,Food Delivery,Xaver Bilag,Unknown,1,2025-09-23 03:16:43,"careem is so bad nowadays, im so dissapointed with it","careem is so bad nowadays, im so dissapointed with it",0,10,53,0,0,0,0.9,0,0,-0.6696,1,0,1,0.0,0,1,0,1.0,0.0
86b88322-9caf-4958-b6e2-1f443be5d300,Careem,Food Delivery,Skylîkè Ãyáàñ,Unknown,5,2025-09-23 04:27:00,driver is very good guider,driver is very good guider,0,5,26,0,0,0,1.0,0,0,0.4927,1,0,1,0.0,0,1,0,5.0,0.0
49a89a46-a987-4c7d-9c67-b8533d0f2c96,Careem,Food Delivery,djihane akroum,Unknown,1,2025-09-23 06:12:51,Please fix your app !!!!! since last update I've been facing a lot of problems with Hala !!!!!!! that's frustrating,please fix your app !!!!! since last update i've been facing a lot of problems with hala !!!!!!! that's frustrating,0,20,115,0,0,0,1.0,0,1,-0.6671,1,0,1,0.0,0,1,0,1.0,0.0
eb51d5fd-c7de-4392-b6af-4de4e5d6fe72,Careem,Food Delivery,ahmed elawa,Unknown,1,2025-09-23 07:56:15,very bad service at all,very bad service at all,0,5,23,0,0,0,1.0,0,0,-0.5849,1,0,1,0.0,0,1,0,1.0,0.0
a77d5036-c139-447b-a91a-41bb10f964e7,Careem,Food Delivery,Ahmed Samir,Unknown,1,2025-09-23 09:15:32,شركه سرقه وتطبيق شوية لصوص,شركه سرقه وتطبيق شوية لصوص,0,5,26,0,0,0,1.0,0,0,0.0,1,0,1,0.0,0,1,0,1.0,0.0
1dcf0c58-f6c4-46c1-9a7a-c0327a6b5ab7,Careem,Food Delivery,Dalia Youssef,Unknown,1,2025-09-23 09:39:59,اول يوم استخدم التطبيق خصمتو مني ٢٦ ريال بدون ما اعمل اي رحله وارسلت ايميل وكان الرد ان الفلوس سوف تسترد والي الان لم تسترد.تجربة سيئة ولن استخدم التطبيق مرة اخرى.,اول يوم استخدم التطبيق خصمتو مني ٢٦ ريال بدون ما اعمل اي رحله وارسلت ايميل وكان الرد ان الفلوس سوف تسترد والي الان لم تسترد.تجربة سيئة ولن استخدم التطبيق مرة اخرى.,0,31,163,0,0,0,0.9354838709677419,0,0,0.0,1,0,1,0.0,0,1,0,1.0,0.0
00f2085d-e11d-4866-9711-ea5a7e026f29,Careem,Food Delivery,Tehsil Khan,Unknown,5,2025-09-23 10:02:25,very friendly,very friendly,0,2,13,0,0,0,1.0,0,0,0.5413,1,0,1,0.0,0,1,0,5.0,0.0
8d932630-0a98-426e-a2b5-c0a88d601e52,Careem,Food Delivery,Junior Flores,Unknown,1,2025-09-23 10:38:08,"not same before the driver are respectable and good service,, but now system like an Uber so bad service","not same before the driver are respectable and good service,, but now system like an uber so bad service",0,19,104,0,0,0,1.0,0,0,-0.3836,1,0,1,0.0,0,1,0,1.0,0.0
775c0767-c232-435f-bf59-580b8303d2d1,Careem,Food Delivery,Rash Kz92,Unknown,1,2025-09-23 11:28:27,big problem to find a taxi between 14:40 and 15:30 in Dubai,big problem to find a taxi between 14:40 and 15:30 in dubai,0,12,59,0,0,0,1.0,0,0,-0.4019,1,0,1,0.0,0,1,0,1.0,0.0
0041c6df-55e6-4025-9c79-468b925b9392,Careem,Food Delivery,Anjum Amir,Unknown,1,2025-09-23 13:51:33,"why not option there book another ride after update we are facing same issue, please advise","why not option there book another ride after update we are facing same issue, please advise",0,16,91,0,0,0,1.0,0,0,0.3182,1,0,1,0.0,0,1,0,1.0,0.0
cbbeb6bf-17d6-48a4-b625-f857bd9a5514,Careem,Food Delivery,Yasser Eidrous,Unknown,1,2025-09-23 19:12:23,worst experience ever,worst experience ever,0,3,21,0,0,0,1.0,0,0,-0.6249,1,0,1,0.0,0,1,0,1.0,0.0
be4f30e5-c0bb-4a4c-87d5-630e91e116dd,Careem,Food Delivery,Noha Sameh,Unknown,1,2025-09-23 19:36:04,this company is supporting the IDF activities,this company is supporting the idf activities,0,7,45,0,0,1,1.0,0,0,0.4404,1,0,1,0.0,0,1,0,1.0,0.0
dd391b37-47a5-42f8-8491-5d161557b6b7,Careem,Food Delivery,INFERNAL MAYDAY,Unknown,1,2025-09-23 20:18:17,swarm with Egyptian scammers and the support take thier side,swarm with egyptian scammers and the support take thier side,0,10,60,0,0,0,1.0,0,0,0.4019,1,0,1,0.0,0,1,0,1.0,0.0
2694464b-b0bf-4c2d-9f14-f33166e672ad,Careem,Food Delivery,Reham Agamy,Unknown,1,2025-09-23 22:38:41,مقاطعه وحراميه وبيغيروا في التكلفه وحاجه بشعه,مقاطعه وحراميه وبيغيروا في التكلفه وحاجه بشعه,0,7,45,0,0,0,1.0,0,0,0.0,1,0,1,0.0,0,1,0,1.0,0.0
71bf2de3-5ed1-43e5-aaa4-e374a669e2b3,Careem,Food Delivery,Mohammed Odeh,Unknown,1,2025-09-23 23:36:26,owned by uber...genicide supporters,owned by uber...genicide supporters,0,4,35,0,0,0,1.0,0,0,0.4404,1,0,1,0.0,0,1,0,1.0,0.0
243e90d2-13da-454b-8355-1b32e9c1ce98,Careem,Food Delivery,Muhammad El-Sobky,Unknown,1,2025-09-24 03:31:57,"constant cancelation from the riders, that they made me late on my work","constant cancelation from the riders, that they made me late on my work",0,13,71,0,0,0,1.0,0,0,0.0,1,0,1,0.0,0,1,0,1.0,0.0
701f906b-d9ee-4a5b-b0ae-7647b651a28e,Careem,Food Delivery,modhar khateeb,Unknown,1,2025-09-24 03:58:57,"Very bad after the update always not working showing try again when I called them, and they said they would fix it, but still the same after one 3 weeks.","very bad after the update always not working showing try again when i called them, and they said they would fix it, but still the same after one 3 weeks.",1,30,153,0,0,0,0.9,0,0,-0.3392,1,0,1,0.0,0,1,0,1.0,0.0
070bb014-714d-4f7f-aa0a-6ea997ed78fa,Careem,Food Delivery,Suhair Younis,Unknown,1,2025-09-24 05:04:15,"your location map needs adjustments. They are not accurate anymore. I send the same exact locations for many years now, but lately captains arrive far from the pick up or drop off site.","your location map needs adjustments. they are not accurate anymore. i send the same exact locations for many years now, but lately captains arrive far from the pick up or drop off site.",0,33,185,0,0,0,0.9696969696969697,0,0,-0.3919,1,0,1,0.0,0,1,0,1.0,0.0
a22f367e-daa4-4705-86d0-b3bc5240595b,Careem,Food Delivery,Mohamed Sabri,Unknown,1,2025-09-24 05:26:35,كريم أصبحت ملك شركة اوبر التي تدعم الاحتلال,كريم أصبحت ملك شركة اوبر التي تدعم الاحتلال,0,8,43,0,0,0,1.0,0,0,0.0,1,0,1,0.0,0,1,0,1.0,0.0
2d27244b-2f22-4b2d-ae67-e116476dc24c,Careem,Food Delivery,Abdallah Mostafa,Unknown,1,2025-09-24 05:32:52,Supporting Zionism #boycott #مقاطعه,supporting zionism #boycott #مقاطعه,0,4,35,0,0,0,1.0,0,0,0.1531,1,0,1,0.0,0,1,0,1.0,0.0
5d00bbb5-2438-4176-a340-f4071e910904,Careem,Food Delivery,Farah Farhan,Unknown,1,2025-09-24 05:33:28,Bad captains and bad customer service They pick up the rudest captain and don't communicate their captains' behaviors,bad captains and bad customer service they pick up the rudest captain and don't communicate their captains' behaviors,0,18,117,0,0,0,0.8888888888888888,0,0,-0.8885,1,0,1,0.0,0,1,0,1.0,0.0
3562a33f-ad08-47d4-a766-2abb6a6bedec,Careem,Food Delivery,Nouf,Unknown,3,2025-09-24 06:04:49,does someone have this problem with Wusool too? it doesn't work with me most of the time.,does someone have this problem with wusool too? it doesn't work with me most of the time.,0,17,89,0,0,0,0.9411764705882353,0,0,-0.481,1,0,1,0.0,0,1,0,3.0,0.0
f062c101-93e0-4f26-8f33-e144a3253e5b,Careem,Food Delivery,Mohamed Gamal,Unknown,1,2025-09-24 06:48:04,very bad app and high price,very bad app and high price,0,6,27,0,0,0,1.0,0,1,-0.5849,1,0,1,0.0,0,1,0,1.0,0.0
9c3cb47c-f10f-46d6-a8ce-28af6d3bd8e3,Careem,Food Delivery,Orland CB,Unknown,5,2025-09-24 13:14:19,"Wonderful work and fast delivery, thank you for the service","wonderful work and fast delivery, thank you for the service",0,10,59,0,0,0,1.0,0,0,0.7351,1,0,1,0.0,0,1,0,5.0,0.0
1d82ae26-5457-4ce8-b56c-3f294caf7d95,Careem,Food Delivery,Syed Shamsher Ali,Unknown,5,2025-09-24 13:24:28,very strong and helpful,very strong and helpful,0,4,23,0,0,0,1.0,0,0,0.7688,1,0,1,0.0,0,1,0,5.0,0.0
c37281be-2b44-45aa-ae74-af80dd46e287,Careem,Food Delivery,Anam Shabbir,Unknown,4,2025-09-25 10:41:42,Thanks careem app for refunding my amount,thanks careem app for refunding my amount,1,7,41,0,0,0,1.0,0,1,0.4404,1,0,1,0.0,0,1,0,4.0,0.0
4bf376a9-c750-494a-8e7b-654fa5985183,Careem,Food Delivery,Khaled Almarzooqi,Unknown,5,2025-09-25 16:54:47,the best app for delivery better than talbot or deliveroo im not quite sure how to spell it shout out to career,the best app for delivery better than talbot or deliveroo im not quite sure how to spell it shout out to career,1,22,111,0,0,0,0.9545454545454546,0,1,0.7115,1,0,1,0.0,0,1,0,5.0,0.0
2ced8ad9-ebba-44c7-b2cf-359fde3626ec,Careem,Food Delivery,Zilbeth Baker,Unknown,5,2025-09-25 22:38:33,its always fast,its always fast,0,3,15,0,0,0,1.0,0,0,0.0,1,0,1,0.0,0,1,0,5.0,0.0
f6ef07cd-ae32-48e3-ba2d-7202195d07d3,Careem,Food Delivery,Michael,Unknown,5,2025-09-26 13:16:54,good good,good good,0,2,9,0,0,0,0.5,0,0,0.7003,1,0,1,0.0,0,1,0,5.0,0.0
ea200fa9-7b6a-4812-86ef-ca38289548ad,Careem,Food Delivery,Abid Hussain,Unknown,5,2025-09-26 13:49:16,Good app,good app,0,2,8,0,0,0,1.0,0,1,0.4404,1,0,1,0.0,0,5,0,5.0,0.0
c154f786-91ce-4122-8eb1-b36ba93a69cb,Careem,Food Delivery,Karima Jabrany,Unknown,5,2025-09-27 17:08:33,"loyability, professional","loyability, professional",0,2,24,0,0,0,1.0,0,0,0.0,1,0,1,0.0,0,1,0,5.0,0.0
06926e2e-5a81-48bf-be4f-a5043915c733,Careem,Food Delivery,Muhamed Fawas,Unknown,5,2025-09-27 17:27:48,The rides are affordable. App is great and interface is clean. overall a great experience.,the rides are affordable. app is great and interface is clean. overall a great experience.,0,15,90,0,0,0,0.8666666666666667,0,1,0.8979,1,0,1,0.0,0,1,0,5.0,0.0
39ef8b72-d523-4677-8dc5-3e79cabd1fd3,Careem,Food Delivery,Car Optra,Unknown,1,2025-09-28 07:37:52,سيء 🍉,سيء 🍉,0,2,5,1,0,0,1.0,0,0,0.0,1,0,1,0.0,0,1,0,1.0,0.0
998b0d89-af83-4f9d-b00c-f96844fa1929,Careem,Food Delivery,Khadir Abdul,Unknown,1,2025-09-28 10:39:34,customer support is awful,customer support is awful,0,4,25,0,0,0,1.0,0,0,-0.0772,1,0,1,0.0,0,1,0,1.0,0.0
8d6c7d31-8714-4487-957a-ba14e9f0d116,Careem,Food Delivery,Rangana De Zoysa,Unknown,1,2025-09-28 12:21:35,they've got the worst drivers in the whole world. never go on the route. they always try to find the longest route possible to charge more.,they've got the worst drivers in the whole world. never go on the route. they always try to find the longest route possible to charge more.,0,26,139,0,0,0,0.8461538461538461,0,0,-0.6249,1,0,1,0.0,0,1,0,1.0,0.0
c5c3c4c2-f54d-445b-9dcb-bfbd83d5cc7d,Careem,Food Delivery,A F,Unknown,1,2025-09-28 13:48:49,they can't issue invoice and they will sometimes ignore you when you raise a problem.,they can't issue invoice and they will sometimes ignore you when you raise a problem.,0,15,85,0,0,0,0.8666666666666667,0,0,-0.6369,1,0,1,0.0,0,1,0,1.0,0.0
5d5252e1-2a7f-4bf8-98d1-42ee2101d2cc,Careem,Food Delivery,Alaa A,Unknown,1,2025-09-28 14:30:55,اسوأ تطبيق وأسوأ تعامل من السواقين...,اسوأ تطبيق وأسوأ تعامل من السواقين...,0,6,37,0,0,0,1.0,0,0,0.0,1,0,1,0.0,0,1,0,1.0,0.0
1d6210cb-dff1-4e13-a771-9a70fe0ccf3f,Careem,Food Delivery,Ammar Al-Rubaie,Unknown,1,2025-09-28 16:56:41,اجراء خدمة العملاء لحل مشكلة التلاعب بمسافة الطريق كان سيء,اجراء خدمة العملاء لحل مشكلة التلاعب بمسافة الطريق كان سيء,0,10,58,0,0,0,1.0,0,0,0.0,1,0,1,0.0,0,1,0,1.0,0.0
ee3b4668-824a-4b57-9608-950c22601960,Careem,Food Delivery,Mohammad Shahadat,Unknown,5,2025-09-28 21:43:05,nice app,nice app,0,2,8,0,0,0,1.0,0,1,0.4215,1,0,1,0.0,0,4,0,5.0,0.0
0296bb76-1b1d-43ed-82d1-fbf193beb788,Careem,Food Delivery,mostafa yakout,Unknown,1,2025-09-29 04:08:08,very bad experience,very bad experience,0,3,19,0,0,0,1.0,0,0,-0.5849,1,0,1,0.0,0,1,0,1.0,0.0
ddb0df74-24ee-4f97-a771-e29d96b04745,Careem,Food Delivery,Linda Al-Ali,Unknown,3,2025-09-29 06:21:27,"your location maps need to be updated, it's becoming frustrating for me and most of the captains","your location maps need to be updated, it's becoming frustrating for me and most of the captains",0,17,96,0,0,0,1.0,0,0,-0.4404,1,0,1,0.0,0,1,0,3.0,0.0
5f7280ab-4dcb-4652-85b7-38502f13bc44,Careem,Food Delivery,Eng Hussein Al-Dujaili,Unknown,4,2025-09-29 09:42:14,Green Lines or Paths should be carry a Directional Arrow to Guide customer which Side the car is Exist.,green lines or paths should be carry a directional arrow to guide customer which side the car is exist.,0,19,103,0,0,0,1.0,0,0,0.0,1,0,1,0.0,0,1,0,4.0,0.0
da6c0214-6c1e-45de-9c7f-ea39e8961930,Careem,Food Delivery,Raghad Omar jawabreh,Unknown,1,2025-09-29 10:17:13,"Because of supporting the occupation, I am boycotting","because of supporting the occupation, i am boycotting",0,8,53,0,0,0,1.0,0,0,0.0516,1,0,1,0.0,0,1,0,1.0,0.0
ac88d31a-3bdc-48e8-be31-b8bb4d4e1ca8,Careem,Food Delivery,rola alqadi,Unknown,5,2025-09-29 10:33:19,very professional. honest and trustworthy. His driving skills are very good.,very professional. honest and trustworthy. his driving skills are very good.,0,11,76,0,0,0,0.9090909090909091,0,0,0.8852,1,0,1,0.0,0,1,0,5.0,0.0
bff964b8-bd79-4f8b-beab-e24869809fb6,Careem,Food Delivery,Shafi Kp,Unknown,1,2025-09-29 10:45:12,not good,not good,0,2,8,0,0,0,1.0,0,0,-0.3412,1,0,1,0.0,0,1,0,1.0,0.0
48926988-a67b-4b11-a920-883cb958b9e3,Careem,Food Delivery,Mwanje Isa,Unknown,1,2025-09-29 13:13:50,"poor taxi driver support team no toll free helpline, no option to cancel the order hence poor service","poor taxi driver support team no toll free helpline, no option to cancel the order hence poor service",0,18,101,0,0,0,0.8888888888888888,1,0,-0.891,1,0,1,0.0,0,1,0,1.0,0.0
073a828d-63ea-4d48-8859-a2043a82e5b6,Careem,Food Delivery,Eliver Tapang,Unknown,1,2025-09-29 14:39:25,"cant find the chat interface to continuously communicate with an agent, been waiting for a reply the whole day, no one got back to me..poor service 😒","cant find the chat interface to continuously communicate with an agent, been waiting for a reply the whole day, no one got back to me..poor service 😒",0,27,149,1,0,0,0.9259259259259259,0,0,-0.296,1,0,1,0.0,0,1,0,1.0,0.0
41667f5b-9c3e-4656-bd91-79a4e104a003,Careem,Food Delivery,Nurus Saadah,Unknown,3,2025-09-29 19:19:51,"Even though I have paid as stated, instead there is an outstanding payment notification, and I have to pay immediately. Just uninstall it already. The Captains and their cars are great though.","even though i have paid as stated, instead there is an outstanding payment notification, and i have to pay immediately. just uninstall it already. the captains and their cars are great though.",0,32,192,0,0,0,0.90625,1,0,0.8271,1,0,1,0.0,0,1,0,3.0,0.0
3580e3bf-5a8a-4d74-a168-ee3fc8e05b09,Careem,Food Delivery,Ahmad Haydar,Unknown,1,2025-09-30 04:26:29,the worst ever dont deal with them.,the worst ever dont deal with them.,0,7,35,0,0,0,1.0,1,0,-0.6249,1,0,1,0.0,0,1,0,1.0,0.0
673dcf6b-a811-40bf-b159-66445a1a8783,Careem,Food Delivery,Reeyzuka Yeochan,Unknown,2,2025-09-30 11:49:11,this app double charge me with out any reason. in my history showing only 2 activity but this app chargered my twice for going home and 1 cancellation fee which i did not do!,this app double charge me with out any reason. in my history showing only 2 activity but this app chargered my twice for going home and 1 cancellation fee which i did not do!,0,34,174,0,0,0,0.9117647058823529,0,1,0.0,1,0,1,0.0,0,1,0,2.0,0.0
bfff7ade-6a54-41c6-a5ed-e8ac175f3fb5,Careem,Food Delivery,Fares Ouali,Unknown,5,2025-09-30 11:50:02,Great app,great app,0,2,9,0,0,0,1.0,0,1,0.6249,1,0,1,0.0,0,5,0,5.0,0.0
0ec7d5aa-1cc7-4786-91ba-ffcac447623b,Careem,Food Delivery,Kathleen Windsor,Unknown,1,2025-09-30 12:37:07,"Have dropped me in the wrong location, cannot find drivers during peak time, lazy drivers, using GPS that will increase the fare. Do not use.","have dropped me in the wrong location, cannot find drivers during peak time, lazy drivers, using gps that will increase the fare. do not use.",0,25,141,0,0,1,0.96,0,0,-0.5106,1,0,1,0.0,0,1,0,1.0,0.0
9e52ccf3-38f9-4968-a507-7116822a439e,Careem,Food Delivery,Marah Hiasat98,Unknown,1,2025-09-30 13:39:26,لا أثق بالتطبيق بعد الآن، فقد تم ضياع حقي وأموالي دون معالجة عادلة، ولذلك حذفت حسابي ولن أستخدم كريم مستقبلاً,لا أثق بالتطبيق بعد الآن، فقد تم ضياع حقي وأموالي دون معالجة عادلة، ولذلك حذفت حسابي ولن أستخدم كريم مستقبلاً,0,20,109,0,0,0,1.0,0,0,0.0,1,0,1,0.0,0,1,0,1.0,0.0
10ceec0d-fd88-479e-9537-b92be4753b21,Careem,Food Delivery,Kanza Rani,Unknown,1,2025-09-30 13:47:49,pathetic services where drivers keep on charging you extra by different means and even worse help center where they don't even care to read complaints and just send automated replies i think,pathetic services where drivers keep on charging you extra by different means and even worse help center where they don't even care to read complaints and just send automated replies i think,0,32,190,0,0,0,0.90625,0,0,-0.8565,1,0,1,0.0,0,1,0,1.0,0.0
f70d4d96-8825-4ee9-850d-74203ad12d80,Careem,Food Delivery,Suleman Jamil khan,Unknown,1,2025-09-30 13:55:44,please be careful it's not trusted app on my experience because I sent money to my home country 3 days before but hasn't arrived and also not received cashback finally arrived after 4 days but no cashback,please be careful it's not trusted app on my experience because i sent money to my home country 3 days before but hasn't arrived and also not received cashback finally arrived after 4 days but no cashback,0,37,204,0,0,0,0.8378378378378378,0,1,-0.3873,1,0,1,0.0,0,1,0,1.0,0.0
1619de28-3e4f-48b8-9d3f-e0a5764b48f4,Careem,Food Delivery,Mathew Jacob,Unknown,3,2025-09-30 14:52:52,"recently this app took 100 aed from me, it usually does it if you add your card to it but after constantly calling them and leaving a one star on the app store they returned my money.","recently this app took 100 aed from me, it usually does it if you add your card to it but after constantly calling them and leaving a one star on the app store they returned my money.",0,37,183,0,0,0,0.918918918918919,0,1,0.0,1,0,1,0.0,0,1,0,3.0,0.0
c74cdf15-faad-4d82-8a9b-12033d02c913,Careem,Food Delivery,HAMZA GOUMANEH AWALEH,Unknown,5,2025-09-30 15:07:34,incredible app for foreign passenger,incredible app for foreign passenger,0,5,36,0,0,0,1.0,0,1,0.0,1,0,1,0.0,0,1,0,5.0,0.0
3ec559fb-9ea4-4d1a-a33d-0cb10d2b2f21,Careem,Food Delivery,lavina tulsiani,Unknown,1,2025-09-30 15:09:44,v poor service cannot even find a capitan.. tried 5 times.. but failed,v poor service cannot even find a capitan.. tried 5 times.. but failed,0,13,70,0,0,0,1.0,0,0,-0.7579,1,0,1,0.0,0,1,0,1.0,0.0
32de84e7-cbb0-46c3-b84f-123e456a32eb,Careem,Food Delivery,khalil semaan,Unknown,1,2025-09-30 16:06:37,"shows wrong info, there is a big delay with actual time and location","shows wrong info, there is a big delay with actual time and location",0,13,68,0,0,0,1.0,0,0,-0.6597,1,0,1,0.0,0,1,0,1.0,0.0
b74a4fb8-9f30-4248-8f2d-f56eae248dd8,Careem,Food Delivery,Edwina Teves,Unknown,5,2025-09-30 16:18:08,good company fast and quick response any complaining 👍👍👍,good company fast and quick response any complaining 👍👍👍,0,9,56,3,0,0,1.0,0,0,0.2732,1,0,1,0.0,0,1,0,5.0,0.0
a6d6bf3c-b6a5-42d6-9e2c-86d5a423910e,Careem,Food Delivery,Indhu Athi,Unknown,1,2025-09-30 16:39:49,Am charged twice for my ride and customer care is not helping to resolve the issue.,am charged twice for my ride and customer care is not helping to resolve the issue.,0,16,83,0,0,0,1.0,0,0,-0.171,1,0,1,0.0,0,1,0,1.0,0.0
28808180-2d99-4f0e-9418-d9310305cf51,Careem,Food Delivery,Juana Pineda,Unknown,1,2025-09-30 16:53:24,"i hate careem now, in app shows that I have pending order to pay online but i already paid that in cash, now I couldnt place order peacefully and couldnt even book taxi. so baaaad 👎👎👎","i hate careem now, in app shows that i have pending order to pay online but i already paid that in cash, now i couldnt place order peacefully and couldnt even book taxi. so baaaad 👎👎👎",0,36,183,3,0,0,0.8055555555555556,0,1,-0.7363,1,0,1,0.0,0,1,0,1.0,0.0
2a42a1a2-c162-46b7-bf17-50985cc5f223,Careem,Food Delivery,Nadine Samra,Unknown,1,2025-09-30 17:04:58,"veryy unprofessional service. drivers cancel or never arrive, and then they charge you for it ! no one answers the phone for support. i wouldn't recommend anybody to use this app.","veryy unprofessional service. drivers cancel or never arrive, and then they charge you for it ! no one answers the phone for support. i wouldn't recommend anybody to use this app.",1,31,179,0,0,0,0.967741935483871,0,1,-0.7353,1,0,1,0.0,0,1,0,1.0,0.0
94a752d1-caec-4267-be7f-704e431fd5da,Careem,Food Delivery,Nader Mohamadieh,Unknown,5,2025-09-30 17:15:01,I like it,i like it,0,3,9,0,0,0,1.0,0,0,0.3612,1,0,1,0.0,0,1,0,5.0,0.0
472e490a-2e72-471c-92b9-7d4c035c29e8,Careem,Food Delivery,mohamed abdel aziz,Unknown,1,2025-09-30 17:28:35,they stole my money,they stole my money,0,4,19,0,0,0,1.0,0,0,0.0,1,0,1,0.0,0,1,0,1.0,0.0
5f8fa499-cd6d-4950-a5a0-f81a9f012aa7,Careem,Food Delivery,Ahmed Talaat,Unknown,5,2025-09-30 17:49:27,سایەقی چاکن,سایەقی چاکن,0,2,11,0,0,0,1.0,0,0,0.0,1,0,1,0.0,0,1,0,5.0,0.0
a4e7740d-7faa-4878-811b-2c6b9f14f01f,Careem,Food Delivery,M.A,Unknown,1,2025-09-30 18:47:00,Customer Support cannot solve the customer's complaint. bad service,customer support cannot solve the customer's complaint. bad service,0,9,67,0,0,0,1.0,0,0,-0.5562,1,0,1,0.0,0,1,0,1.0,0.0
aeac941f-9001-46fb-843a-93ba18d59d24,Careem,Food Delivery,saja al haj ali,Unknown,1,2025-09-30 19:48:51,كنت مفضلة اتعامل مع كريم بدل اوبر خاصة انه طلع اوبر مقاطع وهي رح الغي كريم من عندي لانه طلع برضوا مقاطع,كنت مفضلة اتعامل مع كريم بدل اوبر خاصة انه طلع اوبر مقاطع وهي رح الغي كريم من عندي لانه طلع برضوا مقاطع,0,22,103,0,0,0,0.8181818181818182,0,0,0.0,1,0,1,0.0,0,1,0,1.0,0.0
27bd4fd3-80cf-4bb9-8877-30a475a85f82,Careem,Food Delivery,Ahlam Ahmad,Unknown,1,2025-09-30 20:46:22,"I didn't receive the order and the captain is not responding, I will never order using this app anymore","i didn't receive the order and the captain is not responding, i will never order using this app anymore",0,19,103,0,0,0,0.8421052631578947,0,1,0.0,1,0,1,0.0,0,1,0,1.0,0.0
928f0bbd-c88a-4f29-88f1-661f182504fd,Careem,Food Delivery,Sanood K,Unknown,1,2025-10-01 04:47:14,"Most features, including Plus membership management, are disabled while roaming, which is unusual.","most features, including plus membership management, are disabled while roaming, which is unusual.",5,13,98,0,0,0,1.0,0,0,0.0,1,0,1,0.0,0,1,0,1.0,0.0
5425a128-efd9-4978-a166-cd7b93bf1984,Careem,Food Delivery,For Games,Unknown,5,2025-10-01 05:09:46,تطبيق ممتاز,تطبيق ممتاز,0,2,11,0,0,0,1.0,0,0,0.0,1,0,1,0.0,0,1,0,5.0,0.0
54eca23b-8020-40c5-8d15-df9ca81712c6,Careem,Food Delivery,Dania Hamed,Unknown,1,2025-10-01 05:44:07,"Very bad. The driver didn't show, and you charged me the trip. No response from customer service on calls and message. This is the worst experience.","very bad. the driver didn't show, and you charged me the trip. no response from customer service on calls and message. this is the worst experience.",0,26,148,0,0,0,0.8846153846153846,0,0,-0.8977,1,0,1,0.0,0,1,0,1.0,0.0
b3ba6d0c-5c72-4718-b506-0b29f54ef459,Careem,Food Delivery,Farhan Fazal,Unknown,1,2025-10-01 06:13:07,Pakistan me band q ki,pakistan me band q ki,0,5,21,0,0,0,1.0,0,0,0.0,1,0,1,0.0,0,1,0,1.0,0.0
dff07148-36c3-4aa8-a1a9-4da2b9ebb42d,Careem,Food Delivery,Abdelrhman / Salah,Unknown,1,2025-10-01 07:02:30,برنامج قذر,برنامج قذر,0,2,10,0,0,0,1.0,0,0,0.0,1,0,1,0.0,0,1,0,1.0,0.0
c634845c-4a13-438a-b5d7-79eae1e583d5,Careem,Food Delivery,Pretty Rose,Unknown,1,2025-10-01 07:11:16,"They took an entire fare for a trip that I canceled. Instead of taking their AED 12 as it was to be taken, they took AED63 from my card.","they took an entire fare for a trip that i canceled. instead of taking their aed 12 as it was to be taken, they took aed63 from my card.",0,29,136,0,0,2,0.9310344827586207,0,0,0.0,1,0,1,0.0,0,1,0,1.0,0.0
ffa868c9-6992-4e05-a493-dbab3ef90313,Careem,Food Delivery,ali ahmed,Unknown,1,2025-10-01 07:46:50,هناك صعوبة و تأخير لايجاد تاكسي شي سيء جدا,هناك صعوبة و تأخير لايجاد تاكسي شي سيء جدا,0,9,42,0,0,0,1.0,0,0,0.0,1,0,1,0.0,0,1,0,1.0,0.0
d0dfd8c9-c8f8-4d6b-8c85-61bcc9bbb5f3,Careem,Food Delivery,Mohammed MEZROUI,Unknown,5,2025-10-01 09:38:18,Excellent ride,excellent ride,0,2,14,0,0,0,1.0,0,0,0.5719,1,0,1,0.0,0,1,0,5.0,0.0
37e871f3-95fa-4c08-95b4-5bf24a9237a1,Careem,Food Delivery,Mohammad Masum,Unknown,5,2025-10-01 11:36:49,Update careem too much problem,update careem too much problem,0,5,30,0,0,0,1.0,0,0,-0.4019,1,0,1,0.0,0,1,0,5.0,0.0
1ac0536d-73db-4ac1-9d57-8ed4918e22df,Careem,Food Delivery,Suzan Omar,Unknown,1,2025-10-01 11:48:05,رح اشيله من عندي لانه طلع مقاطع,رح اشيله من عندي لانه طلع مقاطع,0,7,31,0,0,0,1.0,0,0,0.0,1,0,1,0.0,0,1,0,1.0,0.0
65a1e2eb-46e1-46b2-b1a8-065202056999,Careem,Food Delivery,Franz Carreon,Unknown,1,2025-10-01 11:48:11,never again. from my best to worst booking app.,never again. from my best to worst booking app.,0,9,47,0,0,0,1.0,0,1,0.0258,1,0,1,0.0,0,1,0,1.0,0.0
4e9d10f8-a3ca-4f96-9f33-426fba5d10a2,Careem,Food Delivery,YOGESH PATOLE,Unknown,1,2025-10-01 12:27:58,very bad after sale service and customer care service is very very very careless.,very bad after sale service and customer care service is very very very careless.,0,14,81,0,0,0,0.7142857142857143,1,0,-0.6031,1,0,1,0.0,0,1,0,1.0,0.0
515ac203-2321-4894-8ad3-c120b82b2366,Careem,Food Delivery,Islam Mohamed,Unknown,1,2025-10-01 12:39:12,Poor service not recommended,poor service not recommended,0,4,28,0,0,0,1.0,0,0,-0.5707,1,0,1,0.0,0,1,0,1.0,0.0
861de3fa-097d-4033-9079-571a3632211b,Careem,Food Delivery,Hardik Rupareliya,Unknown,1,2025-10-01 13:07:51,"Nowadays they doesn't reply on our problems through careem help section, since 20th sep 2025 I have sent message and so many reminders but still no update. very bad in terms of support.","nowadays they doesn't reply on our problems through careem help section, since 20th sep 2025 i have sent message and so many reminders but still no update. very bad in terms of support.",0,33,185,0,0,0,1.0,0,0,-0.664,1,0,1,0.0,0,1,0,1.0,0.0
a1923cb3-0ed9-4ff1-a04a-84883e667beb,Careem,Food Delivery,Dileep Laxmanbhai Chandel,Unknown,5,2025-10-01 13:38:25,excellent...,excellent...,0,1,12,0,0,0,1.0,0,0,0.5719,1,0,1,0.0,0,2,0,5.0,0.0
41b14385-6011-48a7-be17-0a7c1ce1b762,Careem,Food Delivery,Mohammad Zaki,Unknown,1,2025-10-01 13:54:32,"This app supports g, side of children","this app supports g, side of children",0,7,37,0,0,0,1.0,0,1,0.3612,1,0,1,0.0,0,1,0,1.0,0.0
c4b7a2f2-b122-4cfe-8dcf-b01a9bf9d113,Careem,Food Delivery,L,Unknown,1,2025-10-01 20:25:06,i got charged more than the actual price and they won't agree to send my money back because they don't believe me,i got charged more than the actual price and they won't agree to send my money back because they don't believe me,0,22,113,0,0,0,0.9545454545454546,0,0,-0.4423,1,0,1,0.0,0,1,0,1.0,0.0
fe93dcec-820e-4d22-a6cf-9078c5325ea7,Careem,Food Delivery,Muhib Rashed,Unknown,5,2025-10-01 20:45:42,very nice 👍,very nice 👍,0,3,11,1,0,0,1.0,0,0,0.4754,1,0,1,0.0,0,1,0,5.0,0.0
57475433-f817-4bf3-b5c2-e1e3bd9e79f9,Careem,Food Delivery,Ahmed Al-Refa'e,Unknown,3,2025-10-01 22:52:49,"The user interface is well-designed, though the extensive features within the application can occasionally complicate navigation. While food prices are somewhat elevated, the delivery service maintains a high standard, and the delivery personnel are commendable.","the user interface is well-designed, though the extensive features within the application can occasionally complicate navigation. while food prices are somewhat elevated, the delivery service maintains a high standard, and the delivery personnel are commendable.",0,35,262,0,0,0,0.8285714285714286,0,1,0.0,1,0,1,0.0,0,1,0,3.0,0.0
173dae56-b68b-42eb-b952-f35ff46aae46,Careem,Food Delivery,Zainab Bahman,Unknown,3,2025-10-02 02:45:31,الاسعار غاليه,الاسعار غاليه,0,2,13,0,0,0,1.0,0,0,0.0,1,0,1,0.0,0,1,0,3.0,0.0
9769cdd1-2229-482d-8d72-a36f9fab79d6,Careem,Food Delivery,Mona Said,Unknown,1,2025-10-02 03:43:03,bad service,bad service,0,2,11,0,0,0,1.0,0,0,-0.5423,1,0,1,0.0,0,2,0,1.0,0.0
4d79f1b0-afd2-4366-acb0-c52377d373bd,Careem,Food Delivery,Mona Liza Claudio mhona,Unknown,1,2025-10-02 04:22:07,why cannot book if the driver the one cancelled. there is no choice to cancel if the driver is far.,why cannot book if the driver the one cancelled. there is no choice to cancel if the driver is far.,0,20,99,0,0,0,0.75,0,0,-0.6369,1,0,1,0.0,0,1,0,1.0,0.0
83f5fb14-5675-4a95-a70c-0bace23ab88b,Careem,Food Delivery,Luiz Oblea,Unknown,1,2025-10-02 05:14:45,Got charged for a ride that didn't even come and pick me up!,got charged for a ride that didn't even come and pick me up!,0,13,60,0,0,0,1.0,0,0,-0.2714,1,0,1,0.0,0,1,0,1.0,0.0
a3220e1a-0ff1-492f-8155-4cc4887a3756,Careem,Food Delivery,NR Khan,Unknown,1,2025-10-02 05:46:50,"worst application for cab booking, really frustrating.. customer support is really bad.","worst application for cab booking, really frustrating.. customer support is really bad.",0,12,87,0,0,0,0.9166666666666666,0,1,-0.8451,1,0,1,0.0,0,1,0,1.0,0.0
7099aa31-d20a-495f-b229-b8a2d9e2bbb9,Careem,Food Delivery,جزار- jazzar,Unknown,1,2025-10-02 07:18:48,قاطعوو يا احرار,قاطعوو يا احرار,0,3,15,0,0,0,1.0,0,0,0.0,1,0,1,0.0,0,1,0,1.0,0.0
778d1325-eb09-409c-8136-5d25927778cf,Careem,Food Delivery,Dr. Wafaa Saleh / د. وفاء صالح,Unknown,1,2025-10-02 10:11:08,"you owned by Uber,, which support killing children and people","you owned by uber,, which support killing children and people",0,10,61,0,0,0,1.0,0,0,-0.399,1,0,1,0.0,0,1,0,1.0,0.0
30cd5e14-6747-4ec2-8738-69cd520a92b3,Careem,Food Delivery,-_- ヒソカH I S O K A,Unknown,1,2025-10-02 10:31:11,غير مدعوم في داره تو الجديده,غير مدعوم في داره تو الجديده,0,6,28,0,0,0,1.0,0,0,0.0,1,0,1,0.0,0,1,0,1.0,0.0
cec9202d-32a7-4a6f-b4dc-be1bdaef0551,Careem,Food Delivery,Mervat 55,Unknown,1,2025-10-02 10:53:27,للاسف تتعاملون مع الصهاينة هذا ما عرفته ولا تقييم لكم عندي,للاسف تتعاملون مع الصهاينة هذا ما عرفته ولا تقييم لكم عندي,0,11,58,0,0,0,1.0,0,0,0.0,1,0,1,0.0,0,1,0,1.0,0.0
7e83828b-6519-4883-8161-11713bee34bf,Careem,Food Delivery,Buhari Shariff M A,Unknown,1,2025-10-02 11:09:34,The driver behaviours are very rude and they don't have the proper contact number as mentioned in a application very frustrating,the driver behaviours are very rude and they don't have the proper contact number as mentioned in a application very frustrating,0,21,128,0,0,0,0.9047619047619048,0,1,-0.734,1,0,1,0.0,0,1,0,1.0,0.0
e703b012-3208-4102-9b30-99aec654cec6,Careem,Food Delivery,Arya Dharma Rizkito,Unknown,1,2025-10-02 11:17:22,i order a taxi with plat no 6687 and when he almost arrived he said he's hingruy... and leave me... please tqke care ur taxi,i order a taxi with plat no 6687 and when he almost arrived he said he's hingruy... and leave me... please tqke care ur taxi,0,25,124,0,0,0,0.88,0,0,0.4767,1,0,1,0.0,0,1,0,1.0,0.0
b999dc43-0d89-429e-89c6-03d5f4711b77,Careem,Food Delivery,Lhyne Moral,Unknown,5,2025-10-02 13:44:07,no hassle and easy to book,no hassle and easy to book,0,6,26,0,0,0,1.0,0,0,0.1779,1,0,1,0.0,0,1,0,5.0,0.0
07b14975-b524-4868-bdf2-4ed639fa08e9,Careem,Food Delivery,Suman Dulal,Unknown,5,2025-10-02 13:49:00,superb ..I enjoyed the ride,superb ..i enjoyed the ride,0,5,27,0,0,1,1.0,0,0,0.8126,1,0,1,0.0,0,1,0,5.0,0.0
4d390449-26a2-40ba-815c-72a2fd3466d0,Careem,Food Delivery,Dana Camara,Unknown,1,2025-10-02 14:04:28,"what is going on? the aplication is not working is blocking, I unistalled it, i bought a new phone still Careem has an issue with the app. I cannot order taxi, food, anything.","what is going on? the aplication is not working is blocking, i unistalled it, i bought a new phone still careem has an issue with the app. i cannot order taxi, food, anything.",0,33,175,0,0,0,0.8484848484848485,0,1,0.2924,1,0,1,0.0,0,1,0,1.0,0.0
eb793c23-40db-4639-b4b6-dfb8d1134dd5,Careem,Food Delivery,Hussein Al Jalal (‫العقرب‬‎),Unknown,1,2025-10-02 14:10:23,"Every few days you release an unnecessary update, don’t you get tired of so many updates?","every few days you release an unnecessary update, don’t you get tired of so many updates?",0,16,89,0,0,0,0.9375,0,0,-0.4404,1,0,1,0.0,0,1,0,1.0,0.0
283eab1b-23ab-43e4-82d5-9a27f0653360,Careem,Food Delivery,AJ G,Unknown,4,2025-10-02 14:10:42,super trooper..,super trooper..,0,2,15,0,0,0,1.0,0,0,0.5994,1,0,1,0.0,0,1,0,4.0,0.0
a1a7d01e-3b73-4359-bb86-20991cb7c7da,Careem,Food Delivery,burook mesfin,Unknown,4,2025-10-02 14:57:01,it's great...,it's great...,0,2,13,0,0,0,1.0,0,0,0.6249,1,0,1,0.0,0,1,0,4.0,0.0
2b85c29c-e91b-4150-99a1-27e653898f50,Careem,Food Delivery,Shasta Kausar,Unknown,3,2025-10-02 17:13:12,Never accept liability when food is delivered cold,never accept liability when food is delivered cold,0,8,50,0,0,0,1.0,0,0,-0.1511,1,0,1,0.0,0,1,0,3.0,0.0
61351a58-8a6a-4e55-b361-d98b1d410d39,Careem,Food Delivery,Hayder Almansor,Unknown,5,2025-10-03 11:22:50,"nice services but always teach your Capitan to be more polite , majority are good but some are rude 😞","nice services but always teach your capitan to be more polite , majority are good but some are rude 😞",0,20,101,1,0,0,0.9,0,0,-0.5267,1,0,1,0.0,0,1,1,5.0,0.0
c2c60a28-3826-46f1-a3b5-f2dca4521cf2,Careem,Food Delivery,IMDIYAJ PH,Unknown,2,2025-10-03 13:48:57,"I already made a payment of 50aed for the ride, then why careem is charging extra 9 aed for the ride, so bad experience","i already made a payment of 50aed for the ride, then why careem is charging extra 9 aed for the ride, so bad experience",0,24,119,0,0,0,0.875,0,0,-0.6696,1,0,1,0.0,0,1,0,2.0,0.0
368fc541-3266-4ee7-98d1-a1903cbf3f84,Careem,Food Delivery,Abdelsalam,Unknown,5,2025-10-03 16:45:47,مفيد جدا,مفيد جدا,0,2,8,0,0,0,1.0,0,0,0.0,1,0,1,0.0,0,1,0,5.0,0.0
05df0a4a-93db-4a70-80a4-5ff807269301,Careem,Food Delivery,حصان زھرا,Unknown,5,2025-10-03 20:58:27,Best apps ever I ised since 6 so amazing so facalitt,best apps ever i ised since 6 so amazing so facalitt,0,11,52,0,0,0,0.9090909090909091,0,1,0.8769,1,0,1,0.0,0,1,0,5.0,0.0
9b8a10f9-aa36-4f51-822f-4eb44312df87,Careem,Food Delivery,Jebreil Mallare,Unknown,5,2025-10-03 21:16:36,new shop but nice experience good,new shop but nice experience good,0,6,33,0,0,0,1.0,0,0,0.8201,1,0,1,0.0,0,1,0,5.0,0.0
c8c49aa8-555c-40b3-b40c-37f4ac6e4264,Careem,Food Delivery,Dlovan Ismail,Unknown,5,2025-10-04 08:54:59,Fast and reliable,fast and reliable,0,3,17,0,0,0,1.0,0,0,0.0,1,0,1,0.0,0,1,0,5.0,0.0
e9363a1a-bf7e-459b-8db6-f52d29089a78,Careem,Food Delivery,ghayoor Abbas,Unknown,5,2025-10-04 10:28:39,cream is good food delivery service all in uae,cream is good food delivery service all in uae,0,9,46,0,0,0,1.0,0,0,0.4404,1,0,1,0.0,0,1,0,5.0,0.0
b1549fa3-ba7e-4082-9aa5-2d228c644cb7,Careem,Food Delivery,Nawaf Alhendal (BoShhab),Unknown,5,2025-10-04 12:43:22,easy to use.,easy to use.,1,3,12,0,0,0,1.0,0,0,0.4404,1,0,1,0.0,0,1,0,5.0,0.0
283d330e-f11e-4c54-865f-659b800b2bc6,Careem,Food Delivery,Rashid Khan,Unknown,3,2025-10-05 04:52:58,wonderful experience with cream,wonderful experience with cream,0,4,31,0,0,0,1.0,0,0,0.5719,1,0,2,3856877.0,0,1,0,4.0,1.4142135623730951
8e6bafee-ebd2-48e5-892b-ff77b8709aaa,Careem,Food Delivery,Saleem Beg,Unknown,4,2025-10-05 09:26:21,not taken any rid,not taken any rid,0,4,17,0,0,0,1.0,0,0,0.0,1,0,1,0.0,0,1,0,4.0,0.0
c2ddc4df-2220-49d8-acd0-69d29a5c6d6c,Careem,Food Delivery,Abbas Malik,Unknown,5,2025-10-05 09:55:25,Amazing,amazing,0,1,7,0,0,0,1.0,0,0,0.5859,1,0,1,0.0,0,4,0,5.0,0.0
16ee0a74-5a5d-4cab-9350-3a67f0d6c190,Careem,Food Delivery,wilfredo jr mata,Unknown,5,2025-10-05 13:30:13,very nice. fast delivery at low price. with free delivery! highly recommended,very nice. fast delivery at low price. with free delivery! highly recommended,0,12,77,0,0,0,1.0,1,0,0.7703,1,0,1,0.0,0,1,0,5.0,0.0
54777f7e-3711-43d6-89d1-7e26c12d0877,Careem,Food Delivery,Manal Elshami,Unknown,2,2025-10-05 18:05:59,Often the paid fare higher than estimated one even with normal route and normal time,often the paid fare higher than estimated one even with normal route and normal time,0,15,84,0,0,0,0.9333333333333333,0,0,0.0,1,0,1,0.0,0,1,0,2.0,0.0
a8dc9f45-db4a-4558-aad3-a9ac69a7d734,Careem,Food Delivery,SaDdam Hussain Hussain,Unknown,5,2025-10-05 23:44:46,good job,good job,0,2,8,0,0,0,1.0,0,0,0.4404,1,0,1,0.0,0,1,0,5.0,0.0
6dbe32a6-928c-4cfa-ab9d-d8a554c0d2a6,Careem,Food Delivery,Arshad Arshad Ali,Unknown,5,2025-10-06 09:01:36,Arshad ALi 💯♥️👍,arshad ali 💯♥️👍,0,3,15,2,0,0,1.0,0,0,0.6369,1,0,1,0.0,0,1,0,5.0,0.0
95415fab-9ad7-49d5-bcf2-0d812a8f0aa0,Careem,Food Delivery,Nasser Yousuf,Unknown,5,2025-10-07 07:40:12,ممتاز,ممتاز,0,1,5,0,0,0,1.0,0,0,0.0,1,0,1,0.0,0,1,0,5.0,0.0
ff4ed338-3e0c-432e-b1a5-db2aec2f6cef,Careem,Food Delivery,Hana Ramadan,Unknown,5,2025-10-07 12:37:09,Love this app,love this app,0,3,13,0,0,0,1.0,0,1,0.6369,1,0,1,0.0,0,1,0,5.0,0.0
f0ae8e58-2dd5-450e-9598-56989e20c125,Careem,Food Delivery,سهيل الهنداوي,Unknown,5,2025-10-07 15:03:34,perfect,perfect,0,1,7,0,0,0,1.0,0,0,0.5719,1,0,1,0.0,0,2,0,5.0,0.0
ccd88cc9-8d31-4201-b3f8-c6ac4ad63532,Careem,Food Delivery,sunethra kapuge,Unknown,5,2025-10-07 15:57:01,very good 💯,very good 💯,0,3,11,1,0,0,1.0,0,0,0.4927,1,0,1,0.0,0,1,0,5.0,0.0
7525b8be-161e-477b-8cd0-6b821bd44287,Careem,Food Delivery,Kohinoor Banerjee,Unknown,5,2025-10-07 16:25:18,best app in Dubai...,best app in dubai...,0,4,20,0,0,0,1.0,0,1,0.6369,1,0,1,0.0,0,1,0,5.0,0.0
204c7bd4-49a0-467a-a55b-9830f1436746,Careem,Food Delivery,Rishi Recky,Unknown,3,2025-10-07 17:59:21,capital behaviour is not good I don't like this kind of person ..route talking with me,capital behaviour is not good i don't like this kind of person ..route talking with me,0,16,86,0,0,0,1.0,0,0,-0.5448,1,0,1,0.0,0,1,0,3.0,0.0
d474716b-1f62-4d9d-a80d-d02ab309d080,Careem,Food Delivery,Eric Dalumpines,Unknown,1,2025-10-07 22:48:58,doesn't follow customer request...,doesn't follow customer request...,0,4,34,0,0,0,1.0,0,0,0.0,1,0,1,0.0,0,1,0,1.0,0.0
242f8894-31fa-466e-b4f3-f6d0a68b09f1,Careem,Food Delivery,Bassel Zinaty,Unknown,1,2025-10-08 04:48:00,the new redesign is a major step backwards. just horrible and less intuitive,the new redesign is a major step backwards. just horrible and less intuitive,1,13,76,0,0,0,1.0,0,0,-0.5423,1,0,1,0.0,0,1,0,1.0,0.0
64d1c6ea-6061-4697-bc50-20c14bb10b2b,Careem,Food Delivery,nada zen,Unknown,1,2025-10-08 06:15:20,i didn't like the new apdate,i didn't like the new apdate,0,6,28,0,0,0,1.0,0,0,-0.2755,1,0,1,0.0,0,1,0,1.0,0.0
941f1eb4-458d-4a7e-8262-134bfdda1b93,Careem,Food Delivery,LJK,Unknown,1,2025-10-08 06:17:33,I am not able to accept terms and conditions..because it is not visible now how I will go and accept,i am not able to accept terms and conditions..because it is not visible now how i will go and accept,0,20,100,0,0,0,0.8,0,0,0.1068,1,0,1,0.0,0,1,0,1.0,0.0
f2f839e5-37df-4b1f-acfd-ef58ea15de66,Careem,Food Delivery,Video of,Unknown,1,2025-10-08 06:35:02,no offer price very high,no offer price very high,0,5,24,0,0,0,1.0,1,0,-0.296,1,0,1,0.0,0,1,0,1.0,0.0
749bf2d0-93b0-4ced-a943-c51ca227c4a6,Careem,Food Delivery,Instan,Unknown,1,2025-10-08 08:17:58,مقاطعة خلي ت ل ابيب تنفعكن,مقاطعة خلي ت ل ابيب تنفعكن,0,6,26,0,0,0,1.0,0,0,0.0,1,0,1,0.0,0,1,0,1.0,0.0
c66584ad-7c63-49c3-8223-0b1417b64417,Careem,Food Delivery,꧁cometz꧂,Unknown,1,2025-10-08 12:14:38,"Do not use for taxi booking. even if the taxi never arrives, they will charge you cancellation fee. impossible to reach support to complain","do not use for taxi booking. even if the taxi never arrives, they will charge you cancellation fee. impossible to reach support to complain",0,24,139,0,0,0,0.9166666666666666,0,0,0.0772,1,0,1,0.0,0,1,0,1.0,0.0
912a8921-90e3-4bd3-92db-3ea061081b60,Careem,Food Delivery,zahraa zada,Unknown,1,2025-10-08 12:45:52,they always have issues on the app and wrong destination wrong expected time to rich. bad service in general,they always have issues on the app and wrong destination wrong expected time to rich. bad service in general,0,19,108,0,0,0,0.9473684210526315,0,1,-0.7269,1,0,1,0.0,0,1,0,1.0,0.0
6dcd76e8-f82f-4ebe-b31e-e21f9be51a77,Careem,Food Delivery,akash sinha,Unknown,1,2025-10-08 14:31:00,service has downgraded lately,service has downgraded lately,0,4,29,0,0,0,1.0,0,0,0.0,1,0,1,0.0,0,1,0,1.0,0.0
c9897ef0-1662-44ba-abbf-8c9c7e5b324d,Careem,Food Delivery,Shaghaf Al-Naser,Unknown,1,2025-10-08 20:48:01,خدمة عملاء سيئة و التطبيق يحتوي على الكثير من المشاكل. قلة متابعة على أخلاقيات واسلوب الكباتن الموظفين لديهم.,خدمة عملاء سيئة و التطبيق يحتوي على الكثير من المشاكل. قلة متابعة على أخلاقيات واسلوب الكباتن الموظفين لديهم.,0,18,109,0,0,0,0.9444444444444444,0,0,0.0,1,0,1,0.0,0,1,0,1.0,0.0
657fe7bf-95ae-41ef-83a9-78adf6233774,Careem,Food Delivery,Iraq Iraq,Unknown,5,2025-10-08 22:52:30,amazing customer service and the drivers so lovely too,amazing customer service and the drivers so lovely too,0,9,54,0,0,0,1.0,0,0,0.8647,1,0,1,0.0,0,1,0,5.0,0.0
0cfa3b43-b1f1-487b-bb3d-dcdeaf160708,Careem,Food Delivery,SUBHI ISSA,Unknown,5,2025-10-09 07:19:59,Thank you for the great service,thank you for the great service,0,6,31,0,0,0,1.0,0,0,0.765,1,0,1,0.0,0,1,0,5.0,0.0
199109ab-0d27-4149-ae12-649c3f5206cd,Careem,Food Delivery,Hina Sabri,Unknown,1,2025-10-09 08:26:23,Its seems it is a fraud. they deduct money before the ride which is completely wrong. and sometimes driver cancel the ride and your money is gone I suggest you dint use careem,its seems it is a fraud. they deduct money before the ride which is completely wrong. and sometimes driver cancel the ride and your money is gone i suggest you dint use careem,0,33,175,0,0,0,0.8181818181818182,0,0,-0.8479,1,0,1,0.0,0,1,0,1.0,0.0
d9d87242-b677-497a-8884-8f8253387d56,Careem,Food Delivery,Simon Balol,Unknown,1,2025-10-09 08:53:44,الخدمة الأسوأ على الاطلاق,الخدمة الأسوأ على الاطلاق,0,4,25,0,0,0,1.0,0,0,0.0,1,0,1,0.0,0,1,0,1.0,0.0
07fabe8f-6c1e-49a3-b284-d9770e325135,Careem,Food Delivery,Jessa Malamanig,Unknown,5,2025-10-09 10:19:28,good experience,good experience,0,2,15,0,0,0,1.0,0,0,0.4404,1,0,1,0.0,0,2,0,5.0,0.0
ad7d4e15-e02b-4776-b5ea-52ffbdbd892b,Careem,Food Delivery,Pavel Botezat,Unknown,1,2025-10-09 12:05:18,"could not register, not working!","could not register, not working!",0,5,32,0,0,0,0.8,0,0,0.0,1,0,1,0.0,0,1,0,1.0,0.0
1bab63cd-c853-4552-bca6-f8e0412bc61f,Careem,Food Delivery,Feras Airoud,Unknown,1,2025-10-09 12:41:54,Garbage call center that takes ages to answer.,garbage call center that takes ages to answer.,0,8,46,0,0,0,1.0,0,0,0.0,1,0,1,0.0,0,1,0,1.0,0.0
ce8fbffd-5c59-4ec4-bf80-5b4749945e96,Careem,Food Delivery,Mosab Odeh,Unknown,1,2025-10-09 12:54:36,سيء جدا جدا بكمية الرحلات اللي بتكون عند الواحد الا انو بلحظة بخربو كل اشي رح الغي التطبيق و اتعامل مع شركة ثانية شكوى صغيرة ما فادوني فيها كيف بدي اخلي التطبيق,سيء جدا جدا بكمية الرحلات اللي بتكون عند الواحد الا انو بلحظة بخربو كل اشي رح الغي التطبيق و اتعامل مع شركة ثانية شكوى صغيرة ما فادوني فيها كيف بدي اخلي التطبيق,0,32,160,0,0,0,0.9375,0,0,0.0,1,0,1,0.0,0,1,0,1.0,0.0
598bb319-5d88-4bee-b578-1d0b5f2c3634,Careem,Food Delivery,Amr Sami,Unknown,5,2025-10-09 13:01:38,good app,good app,0,2,8,0,0,0,1.0,0,1,0.4404,1,0,1,0.0,0,5,0,5.0,0.0
b9466f55-d6e8-44c1-83fa-674725ef1123,Careem,Food Delivery,Garry Carreon,Unknown,4,2025-10-09 14:00:41,q w bush is qSthe best in run out sh ww bush and so is qS,q w bush is qsthe best in run out sh ww bush and so is qs,0,16,57,0,0,0,0.875,0,0,0.6369,1,0,1,0.0,0,1,0,4.0,0.0
c68b7e2f-8ac3-4ad4-bf4a-70f2767ef295,Careem,Food Delivery,Maryam Davoodi,Unknown,1,2025-10-09 14:14:53,it's become updated and not working like before ☹️,it's become updated and not working like before ☹️,0,9,50,0,0,0,1.0,0,0,-0.5439,1,0,1,0.0,0,1,0,1.0,0.0
92cfdd5e-3fb1-4d88-8367-8703f195a237,Careem,Food Delivery,Maveric Zarraga,Unknown,1,2025-10-09 15:19:20,"made a booking, i was charged for my fare but driver did not arriced and showing we are travelling to the destination","made a booking, i was charged for my fare but driver did not arriced and showing we are travelling to the destination",0,22,117,0,0,0,1.0,0,0,-0.1027,1,0,1,0.0,0,1,0,1.0,0.0
1660e1ea-9c37-4d42-a952-fae7e522c940,Careem,Food Delivery,NP Creation,Unknown,1,2025-10-09 15:20:41,"new update is not good. specially careem wallet, I cannot top up my phone balance, I cannot to recharge nal card. I hope it's going to change.","new update is not good. specially careem wallet, i cannot top up my phone balance, i cannot to recharge nal card. i hope it's going to change.",0,27,142,0,0,0,0.8518518518518519,0,0,-0.0253,1,0,1,0.0,0,1,0,1.0,0.0
0615645d-9809-45c5-b0e6-61303880ad96,Careem,Food Delivery,Badsha Fahad,Unknown,5,2025-10-09 15:57:11,The best delivery app in UAE,the best delivery app in uae,0,6,28,0,0,1,1.0,0,1,0.6369,1,0,1,0.0,0,1,0,5.0,0.0
0e9130e6-226b-4b0c-ba4f-668488c1cedf,Careem,Food Delivery,Sherry Mushtaq,Unknown,2,2025-10-09 16:01:54,now a days very poor service for drivers and as well as for customers too,now a days very poor service for drivers and as well as for customers too,0,15,73,0,0,0,0.8666666666666667,0,0,-0.3167,1,0,1,0.0,0,1,0,2.0,0.0
f33ce376-2a00-4f86-9cc6-19e63d2d6715,Careem,Food Delivery,John Mcardle,Unknown,3,2025-10-09 16:26:52,good app,good app,0,2,8,0,0,0,1.0,0,1,0.4404,1,0,1,0.0,0,5,0,3.0,0.0
3c18775a-40f9-4484-9ab9-b784218c415c,Careem,Food Delivery,Teena سنابات,Unknown,5,2025-10-09 17:21:42,this thing helps me have good safe rides in moroccco,this thing helps me have good safe rides in moroccco,0,10,52,0,0,0,1.0,0,0,0.8126,1,0,1,0.0,0,1,0,5.0,0.0
1cbd3588-d7af-489b-ba5a-9e46e850698e,Careem,Food Delivery,Gokul R,Unknown,1,2025-10-10 03:23:49,not getting invoices for ride and no response for mails,not getting invoices for ride and no response for mails,0,10,55,0,0,0,0.9,0,0,-0.296,1,0,1,0.0,0,1,0,1.0,0.0
33027bc2-4b89-4115-9458-1e336ae12e37,Careem,Food Delivery,Germaine L,Unknown,2,2025-10-10 04:46:56,"I don’t understand why Careem has changed recently. The taxis that are getting booked are always far, and now the meter starts from AED 15 — it used to be AED 12. I think I’m going to switch to Bolt.","i don’t understand why careem has changed recently. the taxis that are getting booked are always far, and now the meter starts from aed 15 — it used to be aed 12. i think i’m going to switch to bolt.",0,40,199,0,0,2,0.85,0,0,0.0,1,0,1,0.0,0,1,0,2.0,0.0
165695c3-bf56-46a0-95ea-0e5eca706091,Careem,Food Delivery,Maya Elfangary,Unknown,1,2025-10-10 06:22:52,they steal your money and charge you more.,they steal your money and charge you more.,0,8,42,0,0,0,1.0,0,0,-0.4939,1,0,1,0.0,0,1,0,1.0,0.0
b87e479b-98f7-4e57-844b-78397c34a2f4,Careem,Food Delivery,Ghadir Kaysar,Unknown,1,2025-10-10 06:46:45,very bad experience I tried to talk with him no one answer and they ignore my message it's very bad .,very bad experience i tried to talk with him no one answer and they ignore my message it's very bad .,0,21,101,0,0,0,0.9047619047619048,0,0,-0.9059,1,0,1,0.0,0,1,0,1.0,0.0
5c43bbe3-95dd-4c5a-b8b5-33e00d863673,Careem,Food Delivery,Nader Galal,Unknown,1,2025-10-10 12:56:06,Best app to steal your money worst service worst customer service deleting now.....,best app to steal your money worst service worst customer service deleting now.....,0,13,83,0,0,0,0.8461538461538461,0,1,-0.802,1,0,1,0.0,0,1,0,1.0,0.0
bcdeb084-f88b-4202-ae4f-f16ad091f779,Careem,Food Delivery,tooya satti,Unknown,1,2025-10-10 14:41:26,the new update is worst,the new update is worst,0,5,23,0,0,0,1.0,0,0,-0.6249,1,0,1,0.0,0,1,0,1.0,0.0
12a1ceb2-7ce5-4882-b9be-4c970e2103dc,Careem,Food Delivery,Moh Haider,Unknown,3,2025-10-10 18:58:24,"At night, It won't send activation code over sms neither WhatsApp no matter how many times you retry. Had to swap it by Obr..","at night, it won't send activation code over sms neither whatsapp no matter how many times you retry. had to swap it by obr..",0,24,125,0,0,0,0.9583333333333334,0,1,0.0141,1,0,1,0.0,0,1,0,3.0,0.0
c2d7f01d-a2cd-42c9-8aea-366346e8bedc,Careem,Food Delivery,Pratik Bhabad,Unknown,1,2025-10-10 21:55:43,don't use very bad service,don't use very bad service,0,5,26,0,0,0,1.0,0,0,0.4708,1,0,1,0.0,0,1,0,1.0,0.0
684b78d4-d3eb-4e57-938e-0bcf2b5d444a,Careem,Food Delivery,Nazmul Hossain,Unknown,5,2025-10-11 04:08:45,executive,executive,0,1,9,0,0,0,1.0,0,0,0.0,1,0,1,0.0,0,1,0,5.0,0.0
f2c77870-6332-4700-b277-e9282fa543d3,Careem,Food Delivery,Shahzod Mamurov,Unknown,1,2025-10-11 11:05:13,I recently placed an order and paid to the delivery guy but careem is charging me again through the app.,i recently placed an order and paid to the delivery guy but careem is charging me again through the app.,0,20,104,0,0,0,0.95,0,1,0.0,1,0,1,0.0,0,1,0,1.0,0.0
5e978b20-25ac-47fe-bfde-83d1e3f24de0,Careem,Food Delivery,Afreen Khan,Unknown,1,2025-10-11 13:03:26,Careem cabs are calibrated to use long routes in purpose to charge more fare to the customers- recommend not to use this app for rides,careem cabs are calibrated to use long routes in purpose to charge more fare to the customers- recommend not to use this app for rides,0,25,134,0,0,0,0.84,0,1,0.3612,1,0,1,0.0,0,1,0,1.0,0.0
32e3e926-8f1e-4748-b521-d54b7b7a2dde,Careem,Food Delivery,Nouman Khan,Unknown,1,2025-10-11 13:46:29,The worst application I ever seen,the worst application i ever seen,0,6,33,0,0,0,1.0,0,1,-0.6249,1,0,1,0.0,0,1,0,1.0,0.0
dd7e7f75-a696-4bcf-b7a0-68f707199192,Careem,Food Delivery,Hanzo 24,Unknown,1,2025-10-11 17:13:06,bad experience with driver in this app,bad experience with driver in this app,0,7,38,0,0,0,1.0,0,1,-0.5423,1,0,1,0.0,0,1,0,1.0,0.0
39fee3b1-504e-4f3c-ba93-f94839720011,Careem,Food Delivery,Hamad Alzaabi,Unknown,3,2025-10-11 17:46:37,kindly fix filters and searches showing no restaurants,kindly fix filters and searches showing no restaurants,0,8,54,0,0,0,1.0,0,0,0.25,1,0,1,0.0,0,1,0,3.0,0.0
6776a0c7-978d-491f-a66f-9836d19ab878,Careem,Food Delivery,JMG,Unknown,1,2025-10-11 18:41:02,We cannot choose when to use the promotion we get in the paid app (like it was before). O will not use the 10% in 15 AED rides. Using Bolt app instead,we cannot choose when to use the promotion we get in the paid app (like it was before). o will not use the 10% in 15 aed rides. using bolt app instead,66,32,150,0,0,1,0.8125,0,1,0.3612,1,0,1,0.0,0,1,0,1.0,0.0
eb1dffb0-8f0c-4910-835c-61211655316c,Careem,Food Delivery,Balachandar Karthikeyan,Unknown,1,2025-10-11 18:46:31,low quality grocery items. never ordering in careem again.,low quality grocery items. never ordering in careem again.,0,9,58,0,0,0,1.0,0,0,-0.2732,1,0,1,0.0,0,1,0,1.0,0.0
2b082fe5-557a-4f61-a5b3-b256e68448b1,Careem,Food Delivery,Ali Alkatreeb,Unknown,1,2025-10-11 20:19:01,"I don’t recommend ordering from Careem. The delivery took too long, and after the delay, my food arrived cold. When I contacted support, they only said “sorry” — no proper solution or compensation. Very disappointing service","i don’t recommend ordering from careem. the delivery took too long, and after the delay, my food arrived cold. when i contacted support, they only said “sorry” — no proper solution or compensation. very disappointing service",0,36,224,0,0,0,0.9444444444444444,0,1,-0.5796,1,0,1,0.0,0,1,0,1.0,0.0
e34eb00d-ca66-474d-95ea-21dc9564cb2b,Careem,Food Delivery,Nicholas Seemungal,Unknown,2,2025-10-12 07:23:50,App was been undergoing numerous UI changes of late which just seem to be designed to make it more difficult to find anything. Their own online instructions are out of date and not being updated. Ridiculous.,app was been undergoing numerous ui changes of late which just seem to be designed to make it more difficult to find anything. their own online instructions are out of date and not being updated. ridiculous.,0,36,207,0,0,1,0.9166666666666666,0,1,-0.1737,1,0,1,0.0,0,1,0,2.0,0.0
75962d56-2590-479c-ac8e-1eaec9248f05,Careem,Food Delivery,Ameer Nizar,Unknown,1,2025-10-12 08:33:30,worst app ever don't recommend it the customer service is just awful they take days to respond and when they do they dont help u .,worst app ever don't recommend it the customer service is just awful they take days to respond and when they do they dont help u .,0,26,130,0,0,0,0.9230769230769231,0,1,-0.8877,1,0,1,0.0,0,1,0,1.0,0.0
f89e6088-0d0e-45b2-88b6-6cef7e0aed58,Careem,Food Delivery,Kareem Moamen,Unknown,1,2025-10-12 08:36:20,The waiting time is too long,the waiting time is too long,0,6,28,0,0,0,1.0,0,0,0.0,1,0,1,0.0,0,1,0,1.0,0.0
95eba8a5-fbf6-4868-9ea0-6eb27931aad8,Careem,Food Delivery,Mariam Alfonso,Unknown,5,2025-10-12 11:10:34,can anybody tell me why I cannot book a ride on the application from Jeddah airport Arrival to Masjid al Haram,can anybody tell me why i cannot book a ride on the application from jeddah airport arrival to masjid al haram,0,21,110,0,0,0,1.0,0,1,0.0,1,0,1,0.0,0,1,0,5.0,0.0
6a40a72c-4555-4cca-9601-d2955168a9f0,Careem,Food Delivery,Marco Labicane,Unknown,1,2025-10-12 12:29:22,"they charge you for cancelling ur ride,have bug also the rider is finish in duty and the app showing you the rider is not moving","they charge you for cancelling ur ride,have bug also the rider is finish in duty and the app showing you the rider is not moving",0,25,128,0,0,0,0.8,0,1,-0.2023,1,0,1,0.0,0,1,0,1.0,0.0
4d537d17-7153-48eb-af1b-9e6a43fe2a42,Careem,Food Delivery,Ruks Sunelwala,Unknown,1,2025-10-12 12:45:09,worst experience drivers not arriving on time cancellation done by drivers themselves without acknowledging passengers,worst experience drivers not arriving on time cancellation done by drivers themselves without acknowledging passengers,0,15,118,0,0,0,0.9333333333333333,0,0,-0.6249,1,0,1,0.0,0,1,0,1.0,0.0
1f15a4c7-60bd-4b9c-abab-0d9add7cc134,Careem,Food Delivery,Hussain Sunelwala,Unknown,1,2025-10-12 12:45:16,worst experience drivers not arriving on time no calls from the drivers to passengers after arriving on the location and random cancelling with harassing the passenger to pay the cancellation fee,worst experience drivers not arriving on time no calls from the drivers to passengers after arriving on the location and random cancelling with harassing the passenger to pay the cancellation fee,0,31,195,0,0,0,0.7741935483870968,0,0,-0.9001,1,0,1,0.0,0,1,0,1.0,0.0
3848a80a-4532-44a7-8599-34c9ea4a4b95,Careem,Food Delivery,Nabilah Haque,Unknown,1,2025-10-12 15:32:16,poor quality service,poor quality service,0,3,20,0,0,0,1.0,0,0,-0.4767,1,0,1,0.0,0,1,0,1.0,0.0
9f5b9ab7-e1bb-49db-a3b6-093bb852e89c,Careem,Food Delivery,Dr arshad,Unknown,1,2025-10-12 17:57:38,take my money before book and didn't get back remaining 40 aed,take my money before book and didn't get back remaining 40 aed,0,12,62,0,0,0,1.0,0,0,0.0,1,0,1,0.0,0,1,0,1.0,0.0
9e32b29e-e38b-4e08-84cb-acfb3933f4ef,Careem,Food Delivery,Mohammad Ansari,Unknown,1,2025-10-13 06:13:44,send money very poor service taking very long if our family have emergency don't send from now im loss time my family waiting money,send money very poor service taking very long if our family have emergency don't send from now im loss time my family waiting money,0,24,131,0,0,0,0.8333333333333334,0,0,-0.807,1,0,1,0.0,0,1,0,1.0,0.0
b4ed24ee-0a1f-48fd-8184-82872e5ec5f8,Careem,Food Delivery,Ali Dahleb,Unknown,1,2025-10-13 08:12:52,Very low car quality (Hala Taxi) Driver did not stop the trip after dropping off and unprofessional customer service when complaining,very low car quality (hala taxi) driver did not stop the trip after dropping off and unprofessional customer service when complaining,0,21,133,0,0,0,1.0,0,0,-0.6813,1,0,1,0.0,0,1,0,1.0,0.0
b1b4c697-7773-4c64-a7cd-85bbd1fff4e3,Careem,Food Delivery,Kiran Kumar,Unknown,1,2025-10-13 08:13:58,not happy with the service. only feel like i am paying more n more with zero benefits,not happy with the service. only feel like i am paying more n more with zero benefits,0,17,85,0,0,0,0.8823529411764706,0,1,0.3326,1,0,1,0.0,0,1,0,1.0,0.0
b0dc840d-c2d0-4240-be83-6d7c24ec0a14,Careem,Food Delivery,Azher Hussain,Unknown,2,2025-10-13 11:30:45,"Saudi Arabia: the difference between comfort and normal car seems to be price and wait time. often I'll book comfort and a small old car will turn up...so it ain't really ""comfort""","saudi arabia: the difference between comfort and normal car seems to be price and wait time. often i'll book comfort and a small old car will turn up...so it ain't really ""comfort""",0,32,180,0,0,0,0.875,0,0,0.3966,1,0,1,0.0,0,1,0,2.0,0.0
7ff6639f-7604-428a-a03f-572c14e60b14,Careem,Food Delivery,Sagor Hossain,Unknown,5,2025-10-13 22:34:09,careem is very good app.. many people are working careem. i think careem best for uae and middle east country. queekly delivery and recive customer..,careem is very good app.. many people are working careem. i think careem best for uae and middle east country. queekly delivery and recive customer..,0,25,149,0,0,0,0.92,0,1,0.8122,1,0,1,0.0,0,1,0,5.0,0.0
c610f5a4-904b-4d4c-bab1-35f4b0d5af27,Careem,Food Delivery,Maruf Ahmad,Unknown,5,2025-10-14 04:28:55,healthyway best restaurant in uae.,healthyway best restaurant in uae.,0,5,34,0,0,0,1.0,0,0,0.6369,1,0,1,0.0,0,1,0,5.0,0.0
ac5fc8c5-7bed-4fa8-af1b-6201809f08b9,Careem,Food Delivery,Tim Gale,Unknown,1,2025-10-14 04:53:01,Absolutely disgusting customer service when it comes to complaints,absolutely disgusting customer service when it comes to complaints,0,9,66,0,0,0,1.0,0,0,-0.7501,1,0,1,0.0,0,1,0,1.0,0.0
ada18fc5-d388-4f9b-8a3f-c063e1427712,Careem,Food Delivery,D Lady1,Unknown,1,2025-10-14 08:46:29,الشي لي كان يميز التطبيق هو تواصل خدمة العملاء مؤخ، ا مافي خدمة عملاء و الكباتن كل واحد يتعامل على كيفه,الشي لي كان يميز التطبيق هو تواصل خدمة العملاء مؤخ، ا مافي خدمة عملاء و الكباتن كل واحد يتعامل على كيفه,0,21,103,0,0,0,0.9523809523809523,0,0,0.0,1,0,1,0.0,0,1,0,1.0,0.0
3e4a1aa4-3d3d-4081-89ac-e841023376e5,Careem,Food Delivery,MOHAMED SHANAF,Unknown,5,2025-10-14 09:25:16,Customer service much better than other apps,customer service much better than other apps,0,7,44,0,0,0,1.0,0,1,0.4404,1,0,1,0.0,0,1,0,5.0,0.0
47efddf3-5ed9-45a3-a66f-903e57679a00,Careem,Food Delivery,Realtoronr6,Unknown,1,2025-10-14 10:54:36,Theives!,theives!,0,1,8,0,0,0,1.0,0,0,0.0,1,0,1,0.0,0,1,0,1.0,0.0
a1dbb62f-be45-4ae7-9856-46bcb57db5bd,Careem,Food Delivery,Momin Momin,Unknown,1,2025-10-14 11:13:40,useless however from when login to Uber app no have self respect for driver GPS uber always rong,useless however from when login to uber app no have self respect for driver gps uber always rong,0,18,96,0,0,1,0.9444444444444444,0,1,-0.2911,1,0,1,0.0,0,1,0,1.0,0.0
dedda257-20f9-4f65-8bfc-f500b365e32c,Careem,Food Delivery,Haytham Fareh,Unknown,5,2025-10-14 14:25:43,easy to use and conclusive,easy to use and conclusive,0,5,26,0,0,0,1.0,0,0,0.4404,1,0,1,0.0,0,1,0,5.0,0.0
0c3275e1-096c-41fa-9065-6419167412ad,Careem,Food Delivery,abbodi haj,Unknown,1,2025-10-14 14:37:45,"poor driver manners not responding, and they just need to charge","poor driver manners not responding, and they just need to charge",0,11,64,0,0,0,1.0,0,0,-0.4767,1,0,1,0.0,0,1,0,1.0,0.0
e1c7fcb6-e911-4a18-ab2e-b8e1ec73123b,Careem,Food Delivery,Hamad Al-Khalaf,Unknown,1,2025-10-14 14:48:38,"Disrespectful company with zero regard to clients, use uber or local taxis instead.","disrespectful company with zero regard to clients, use uber or local taxis instead.",0,13,83,0,0,0,1.0,0,0,0.0,1,0,1,0.0,0,1,0,1.0,0.0
aac574b4-c144-4166-89dd-508694d4e3cc,Careem,Food Delivery,Izyan Nazri,Unknown,1,2025-10-14 15:15:37,The worst ehailing app I've used. Let's driver take advantage of the passenger. Driver said arrived but map shows different location... Try contacting customer service but never reply...,the worst ehailing app i've used. let's driver take advantage of the passenger. driver said arrived but map shows different location... try contacting customer service but never reply...,0,28,186,0,0,0,0.8928571428571429,0,1,-0.2617,1,0,1,0.0,0,1,0,1.0,0.0
2afce3e6-76df-4774-942d-79e15a937ecd,Careem,Food Delivery,murali krishna,Unknown,1,2025-10-14 18:14:42,Horrible today because of your service today my day spoiled,horrible today because of your service today my day spoiled,0,10,59,0,0,0,0.9,0,0,-0.5423,1,0,1,0.0,0,1,0,1.0,0.0
99a02847-98e2-43ca-bcec-19dc6f084157,Careem,Food Delivery,Shiva Kumar,Unknown,1,2025-10-15 05:25:06,useless app,useless app,0,2,11,0,0,0,1.0,0,1,-0.4215,1,0,1,0.0,0,1,0,1.0,0.0
f90aead0-e735-42b1-93c5-4acd00e8dc18,Careem,Food Delivery,Triana Ana,Unknown,5,2025-10-15 11:05:51,So far all drivers careem all good drivers,so far all drivers careem all good drivers,0,8,42,0,0,0,0.75,0,0,0.4404,1,0,1,0.0,0,1,0,5.0,0.0
82ef4071-d3bb-414c-b3b0-23de9cd2edaf,Careem,Food Delivery,Jamal Ali,Unknown,5,2025-10-15 16:43:37,good partion,good partion,0,2,12,0,0,0,1.0,0,0,0.4404,1,0,1,0.0,0,1,0,5.0,0.0
3982d91a-7ae2-4122-b136-5a176dd28cef,Careem,Food Delivery,David Nehal,Unknown,5,2025-10-15 16:59:22,very nice,very nice,0,2,9,0,0,0,1.0,0,0,0.4754,1,0,1,0.0,0,3,0,5.0,0.0
d75a53a1-992a-4ede-b866-46402069b464,Careem,Food Delivery,Amber Shahid,Unknown,3,2025-10-16 09:08:38,after the app update many key features are missing which is annoying. you cant share the pic in message with the captain. also many calls to captain are indirect providing poor quality. the names of locations are no longer accurate.,after the app update many key features are missing which is annoying. you cant share the pic in message with the captain. also many calls to captain are indirect providing poor quality. the names of locations are no longer accurate.,0,40,232,0,0,0,0.85,0,1,-0.8775,1,0,1,0.0,0,1,0,3.0,0.0
7f21bbd7-9720-4744-aa22-071c114f958f,Careem,Food Delivery,mirand estefan,Unknown,2,2025-10-16 13:09:47,creem charge us cancellation fees even when the driver cancel the ride,creem charge us cancellation fees even when the driver cancel the ride,0,12,70,0,0,0,0.9166666666666666,0,0,-0.25,1,0,1,0.0,0,1,0,2.0,0.0
3cd2e4b6-8db5-4943-8836-a4dc566d344a,Careem,Food Delivery,Ch Husnain,Unknown,5,2025-10-16 20:25:44,Excellent ⭐⭐⭐⭐⭐,excellent ⭐⭐⭐⭐⭐,0,2,15,0,0,0,1.0,0,0,0.5719,1,0,1,0.0,0,1,0,5.0,0.0
66cc7657-4b41-45da-97f4-6f56ec0d1565,Careem,Food Delivery,Sariful Sk,Unknown,5,2025-10-16 20:26:12,good 👍 apps,good 👍 apps,0,3,11,1,0,0,1.0,0,1,0.4404,1,0,1,0.0,0,1,0,5.0,0.0
960baca2-f9a2-4443-b05f-d3272dcf5936,Careem,Food Delivery,jl engada,Unknown,5,2025-10-18 04:51:44,Great start for a new beginning 👍,great start for a new beginning 👍,4,7,33,1,0,0,1.0,0,0,0.6249,1,0,1,0.0,0,1,0,5.0,0.0
6778212a-047c-4985-8eac-a914724e63d8,Careem,Food Delivery,Gian Oberholzer,Unknown,3,2025-10-18 08:27:28,it keeps giving my captain the wrong location on the map. countless times its taken me to different places than was is clearly written on the booking,it keeps giving my captain the wrong location on the map. countless times its taken me to different places than was is clearly written on the booking,0,27,149,0,0,0,0.8888888888888888,0,0,0.25,1,0,1,0.0,0,1,0,3.0,0.0
ccc9b518-7a44-411e-8798-9aade774d95c,Careem,Food Delivery,Mary Grace Adobas,Unknown,5,2025-10-18 15:47:21,nice and silent,nice and silent,0,3,15,0,0,0,1.0,0,0,0.4215,1,0,1,0.0,0,1,0,5.0,0.0
d178706b-5df0-4e82-b8ef-31eac3fd921a,Careem,Food Delivery,Amani K,Unknown,5,2025-10-18 20:03:34,شركة كريم كل الإحترام والتقدير لكم ولجهودكم حتى أسعاركم منخفضة مقارنة بأسعار بعض الشركات دمتم بخير🇸🇦💞💚,شركة كريم كل الإحترام والتقدير لكم ولجهودكم حتى أسعاركم منخفضة مقارنة بأسعار بعض الشركات دمتم بخير🇸🇦💞💚,0,16,102,4,0,0,1.0,0,0,0.8591,1,0,1,0.0,0,1,0,5.0,0.0
f7e1186b-9298-4b1c-8340-077b7ac09ab8,Careem,Food Delivery,Hj Des,Unknown,5,2025-10-19 05:37:28,Top notch,top notch,0,2,9,0,0,0,1.0,0,0,0.2023,1,0,1,0.0,0,1,0,5.0,0.0
26567110-ed48-4af0-99d2-051162312fe9,Careem,Food Delivery,Glenda Charlotte,Unknown,5,2025-10-19 07:42:01,"The rides have been great so far. The drivers are kind and respectful, and the cars are clean and neat as well.","the rides have been great so far. the drivers are kind and respectful, and the cars are clean and neat as well.",0,22,111,0,0,0,0.7727272727272727,0,0,0.9538,1,0,1,0.0,0,1,0,5.0,0.0
64d4f5ac-1405-4b66-8d61-42c947e8c2be,Careem,Food Delivery,Cliff Riley,Unknown,5,2025-10-20 07:40:46,"Very reliable and user friendly App, especially when in Morocco.","very reliable and user friendly app, especially when in morocco.",0,10,64,0,0,0,1.0,0,1,0.4939,1,0,1,0.0,0,1,0,5.0,0.0
cb457aad-d3fe-4752-a147-179265bf19ae,Careem,Food Delivery,Sarav Sood,Unknown,5,2025-10-20 08:22:02,"Good app, rates and good service. Definitely better than Noon.","good app, rates and good service. definitely better than noon.",0,10,62,0,0,0,0.9,0,1,0.886,1,0,1,0.0,0,1,0,5.0,0.0
3a9e6b59-3c3a-47e9-a8e9-f5d457c2d845,Careem,Food Delivery,Hasan Naeem,Unknown,2,2025-10-20 12:51:53,rotten grocery delivered and I cant submit a help.request the app keeps crashing,rotten grocery delivered and i cant submit a help.request the app keeps crashing,0,13,80,0,0,0,1.0,0,1,-0.5106,1,0,1,0.0,0,1,0,2.0,0.0
3555a5d4-e83b-4adf-8014-06d04d5c81da,Careem,Food Delivery,Mr. Bashar Basheer,Unknown,3,2025-10-20 15:22:22,"GPS is not accurate that the captain when arriving waiting faraway at different place, the drawing of car is also not showing the accurate position, need fixing.","gps is not accurate that the captain when arriving waiting faraway at different place, the drawing of car is also not showing the accurate position, need fixing.",0,27,161,0,0,1,0.8148148148148148,0,0,0.0,1,0,1,0.0,0,1,0,3.0,0.0
f399774c-d296-475d-bda2-1b24c0a92f3f,Careem,Food Delivery,Amir,Unknown,3,2025-10-21 10:37:41,not easy to arrange for locations and also not able to contact directly to Whatsapp or other online platform,not easy to arrange for locations and also not able to contact directly to whatsapp or other online platform,0,19,108,0,0,0,0.8421052631578947,0,1,-0.3412,1,0,1,0.0,0,1,0,3.0,0.0
91ec2510-3018-41e9-bdd3-7f4c68e3d654,Careem,Food Delivery,Amer Read,Unknown,5,2025-10-21 13:03:54,تطبيق امين ومحترم وسياره ممتازه تجي ب ارخص شي التوفير وأهم شي خدمه العملاء وتعاملهم وياي ك زبون كلش محترم بس اريد تخفيضات تجيي ك هديه اني دائما اطلب,تطبيق امين ومحترم وسياره ممتازه تجي ب ارخص شي التوفير وأهم شي خدمه العملاء وتعاملهم وياي ك زبون كلش محترم بس اريد تخفيضات تجيي ك هديه اني دائما اطلب,0,29,148,0,0,0,0.9310344827586207,0,0,0.0,1,0,1,0.0,0,1,0,5.0,0.0
6599e023-5aff-4401-9dc0-f58295260405,Careem,Food Delivery,Taha Loyd,Unknown,5,2025-10-21 13:14:25,"very useful app, thank you","very useful app, thank you",0,5,26,0,0,0,1.0,0,1,0.7146,1,0,1,0.0,0,1,0,5.0,0.0
6e704835-b2ce-4604-a921-8aa76ba431c0,Careem,Food Delivery,Patricia Camille Silos,Unknown,1,2025-10-21 13:25:52,Agents are useless. Its a scam. I paid for items that are not delivered to me and they just ignored it.,agents are useless. its a scam. i paid for items that are not delivered to me and they just ignored it.,0,21,103,0,0,0,0.9523809523809523,0,0,-0.8316,1,0,1,0.0,0,1,0,1.0,0.0
456f15ce-b54c-4f97-8f64-276c7e440074,Careem,Food Delivery,Ayan Shaikh,Unknown,1,2025-10-21 14:06:47,giving spam notification that i received missed calls,giving spam notification that i received missed calls,0,8,53,0,0,0,1.0,0,0,-0.3182,1,0,1,0.0,0,1,0,1.0,0.0
04aad3ce-8ed7-46b4-a25d-555727096056,Careem,Food Delivery,Pakinam Ahmed,Unknown,1,2025-10-21 15:48:29,"Dirty cars, rude captains, inaccurate trip calculation. very bad experience I don't recommend. سيارات غير نظيقه، سوء معامله من السائقين، سحب مبالغ مختلفة للرحله غير متفق عليها. تجربه سيئة جدا جدا لا ارشحها.","dirty cars, rude captains, inaccurate trip calculation. very bad experience i don't recommend. سيارات غير نظيقه، سوء معامله من السائقين، سحب مبالغ مختلفة للرحله غير متفق عليها. تجربه سيئة جدا جدا لا ارشحها.",0,33,206,0,0,0,0.9393939393939394,0,0,-0.8957,1,0,1,0.0,0,1,0,1.0,0.0
29d2fe14-8e1d-4495-b35f-97fa58912145,Careem,Food Delivery,K Al-Nasser,Unknown,1,2025-10-21 18:17:00,"I am deleting the app due to multiple unpleasant experiences with the rides. Filthy and unpleasant vehicles, with no compensation from the customer services","i am deleting the app due to multiple unpleasant experiences with the rides. filthy and unpleasant vehicles, with no compensation from the customer services",0,24,156,0,0,0,0.8333333333333334,0,1,-0.8126,1,0,1,0.0,0,1,0,1.0,0.0
ca2bc0c6-83c2-4061-9abe-5c7e79ff5cb0,Careem,Food Delivery,Josim Ahmed,Unknown,1,2025-10-22 01:45:17,Nice app 👌,nice app 👌,0,3,10,1,0,0,1.0,0,1,0.8374,1,0,1,0.0,0,1,1,1.0,0.0
c824d0f1-1279-4131-9c79-60ea41cd07cc,Careem,Food Delivery,Azlan Shariff,Unknown,5,2025-10-22 02:23:54,Very good service,very good service,0,3,17,0,0,0,1.0,0,0,0.4927,1,0,1,0.0,0,2,0,5.0,0.0
3545db4f-e99b-42b8-95b3-5abc42988f4e,Careem,Food Delivery,Jakub Svoboda,Unknown,2,2025-10-22 13:24:18,"App fine, but how the hell do I remove my card and cancel bike subscription renewal?!","app fine, but how the hell do i remove my card and cancel bike subscription renewal?!",0,16,85,0,0,0,1.0,0,1,-0.8687,1,0,1,0.0,0,1,0,2.0,0.0
4b55a42f-239b-47d8-a86f-81f5bd7b5808,Careem,Food Delivery,Khayeski,Unknown,1,2025-10-22 14:19:50,not working properly nowadays theres always an issue,not working properly nowadays theres always an issue,0,8,52,0,0,0,1.0,0,0,0.0,1,0,1,0.0,0,1,0,1.0,0.0
01c04082-277f-48ce-b4e7-006cc0dad19f,Careem,Food Delivery,Malak Amgad,Unknown,1,2025-10-22 14:35:51,اسوء ابلكيشن حرامية بمعني الكلمه يعني ايه يبقي مكتوب عندي ان الرحلة تكلفتها 216 و لما اوصل السواق يقول 340 !!!,اسوء ابلكيشن حرامية بمعني الكلمه يعني ايه يبقي مكتوب عندي ان الرحلة تكلفتها 216 و لما اوصل السواق يقول 340 !!!,0,21,110,0,0,0,1.0,0,0,0.0,1,0,1,0.0,0,1,0,1.0,0.0
e6ad53a2-babf-467e-bdad-987e71f9b6b7,Careem,Food Delivery,Basel Alwazani,Unknown,5,2025-10-22 16:06:42,"Reliable and fast response, nice people and welcoming. Suitable prices and good achievements.","reliable and fast response, nice people and welcoming. suitable prices and good achievements.",1,13,93,0,0,0,0.8461538461538461,0,0,0.8225,1,0,1,0.0,0,1,0,5.0,0.0
a4bf1b56-4d8e-43d8-83ef-dc2624bb85ba,Careem,Food Delivery,Dilip Tamu,Unknown,1,2025-10-22 16:19:11,since you updated the app it's worst,since you updated the app it's worst,0,7,36,0,0,0,1.0,0,1,-0.6249,1,0,1,0.0,0,1,0,1.0,0.0
3e66b857-f3b0-4858-a356-aaa517429357,Careem,Food Delivery,Sensei Oblak,Unknown,1,2025-10-22 18:04:00,"-10⭐️ Previously, I maintained a positive experience; however, the current system is proving ineffective, and the support team's response time is excessively long.","-10⭐️ previously, i maintained a positive experience; however, the current system is proving ineffective, and the support team's response time is excessively long.",0,23,163,0,0,0,0.9130434782608695,0,0,0.7003,1,0,1,0.0,0,1,1,1.0,0.0
178069ea-9284-4068-b995-cefea34eb2dd,Careem,Food Delivery,Irfan Ullah,Unknown,1,2025-10-23 00:04:55,very poor service deducting money for with out pick even there react with drivers is very poor stupid management,very poor service deducting money for with out pick even there react with drivers is very poor stupid management,0,19,112,0,0,0,0.8421052631578947,0,0,-0.8876,1,0,1,0.0,0,1,0,1.0,0.0
7584be69-1193-40c8-9760-41e96ffbe707,Careem,Food Delivery,Sibtain,Unknown,1,2025-10-23 01:47:08,"Terrible experience!!!, made me wait more than 1hour For my cold food to arrive that was also damaged and only refunded me 25aed..!!! try competitors","terrible experience!!!, made me wait more than 1hour for my cold food to arrive that was also damaged and only refunded me 25aed..!!! try competitors",0,25,149,0,0,0,0.96,0,0,-0.8002,1,0,1,0.0,0,1,0,1.0,0.0
2062ee44-f469-43a8-897c-e7f76633fee2,Careem,Food Delivery,Man&Nam,Unknown,1,2025-10-23 08:30:00,لو بأيدي احط صفر بحط لانكم حراميه خصمتوا مني 3 دنانير دون ادنى سبب و ما رجعت لسا يا حرميه يا جعانين,لو بأيدي احط صفر بحط لانكم حراميه خصمتوا مني 3 دنانير دون ادنى سبب و ما رجعت لسا يا حرميه يا جعانين,0,22,99,0,0,0,0.9545454545454546,0,0,0.0,1,0,1,0.0,0,1,0,1.0,0.0
2a6fe69d-0bd0-4fca-b46b-c3a758163a07,Careem,Food Delivery,Cristiana Ribas,Unknown,5,2025-10-23 09:16:11,i think careem is a fast and secure ride by the city,i think careem is a fast and secure ride by the city,0,12,52,0,0,0,1.0,0,0,0.34,1,0,1,0.0,0,1,0,5.0,0.0
6713f1af-e8be-49dc-ba9c-965110cb09c4,Careem,Food Delivery,H h,Unknown,1,2025-10-23 09:42:27,الموقع يشمر لغير مكان مو مضبوط ابدا اليوم 4 مرات اغيير الكابتن صاير سئ جدا,الموقع يشمر لغير مكان مو مضبوط ابدا اليوم 4 مرات اغيير الكابتن صاير سئ جدا,0,15,74,0,0,0,1.0,0,0,0.0,1,0,1,0.0,0,1,0,1.0,0.0
4702885e-68cc-41cf-a738-71bf50c6ab11,Careem,Food Delivery,Yasser Shaban,Unknown,1,2025-10-23 16:07:04,برنامج زفت وشركه حراميه,برنامج زفت وشركه حراميه,0,4,23,0,0,0,1.0,0,0,0.0,1,0,1,0.0,0,1,0,1.0,0.0
afb12c53-5d7b-46dc-af97-550fd0f315b9,Careem,Food Delivery,Fady Hesham,Unknown,1,2025-10-23 21:51:55,worst rides app in the whole world and worst experience Do not use this app,worst rides app in the whole world and worst experience do not use this app,0,15,75,0,0,0,0.8666666666666667,0,1,-0.8481,1,0,1,0.0,0,1,0,1.0,0.0
fe696bb4-9d6f-40aa-a0e7-8612e881dd1e,Careem,Food Delivery,Sivin Vv,Unknown,1,2025-10-23 22:03:17,Always asking to update your city. Unable to book a ride.,always asking to update your city. unable to book a ride.,0,11,57,0,0,0,0.9090909090909091,0,0,0.0,1,0,1,0.0,0,1,0,1.0,0.0
412f94d6-9425-442f-8da5-4b466187a851,Careem,Food Delivery,Mohammadreza Abedi,Unknown,4,2025-10-24 07:47:42,This app crashing on android 14 and xiaomi mi 11 ultra. Fix it please immediately 🙏🏻 I need it,this app crashing on android 14 and xiaomi mi 11 ultra. fix it please immediately 🙏🏻 i need it,0,19,94,2,0,0,0.9473684210526315,0,1,0.3182,1,0,1,0.0,0,1,0,4.0,0.0
ab3896ea-e3dd-4ae4-80be-b8ed05f41d1d,Careem,Food Delivery,Zeyn Alateah,Unknown,3,2025-10-24 08:34:59,stil needs development and improve,stil needs development and improve,0,5,34,0,0,0,1.0,0,0,0.4404,1,0,1,0.0,0,1,0,3.0,0.0
35bf63f0-4981-43f6-a76f-737c6a52617a,Careem,Food Delivery,Najaf Ali Gopang,Unknown,5,2025-10-24 12:38:56,i am happy,i am happy,0,3,10,0,0,0,1.0,0,1,0.5719,1,0,1,0.0,0,1,0,5.0,0.0
51a09f4b-d3fe-44c7-8a8b-4e285ec6199e,Careem,Food Delivery,FREDDY,Unknown,1,2025-10-24 13:14:38,"The TRYME Offer is not applicable now, I used in one ride only. And there is no order in application. Option to show the fare before booking should be there when adding location. I won't be using it anymore. Uninstall","the tryme offer is not applicable now, i used in one ride only. and there is no order in application. option to show the fare before booking should be there when adding location. i won't be using it anymore. uninstall",0,40,217,0,0,1,0.85,1,1,-0.296,1,0,1,0.0,0,1,0,1.0,0.0
395d72ac-7f30-41ca-838d-885260e10572,Careem,Food Delivery,Shan muk,Unknown,1,2025-10-24 19:04:45,difficult to get contact info of last cab driver,difficult to get contact info of last cab driver,0,9,48,0,0,0,1.0,0,0,-0.3612,1,0,1,0.0,0,1,0,1.0,0.0
656f524f-c5ae-447e-8a2b-8351dce3157e,Careem,Food Delivery,metalliclaigh,Unknown,1,2025-10-24 20:23:28,horrible,horrible,0,1,8,0,0,0,1.0,0,0,-0.5423,1,0,1,0.0,0,1,0,1.0,0.0
1cda5257-f1a9-44fc-9b81-5d5761765f36,Careem,Food Delivery,Yazan Ayuob,Unknown,5,2025-10-24 22:19:18,Best app everything,best app everything,0,3,19,0,0,0,1.0,0,1,0.6369,1,0,1,0.0,0,1,0,5.0,0.0
72ed9b86-df00-4179-997b-218d24385869,Careem,Food Delivery,M M,Unknown,1,2025-10-25 00:17:42,Very poor customer service. I payed for careem plus subscription to get 10% back of the taxi rides but they never give it back to me. And when I am messaging noone replays .,very poor customer service. i payed for careem plus subscription to get 10% back of the taxi rides but they never give it back to me. and when i am messaging noone replays .,1,34,173,0,0,0,0.9117647058823529,0,0,-0.2952,1,0,1,0.0,0,1,0,1.0,0.0
99ede93a-a414-46cb-a413-19ea91870f51,Careem,Food Delivery,Dipesh Neupane,Unknown,5,2025-10-25 05:18:25,Fast and furious,fast and furious,0,3,16,0,0,0,1.0,0,0,-0.5719,1,0,1,0.0,0,1,1,5.0,0.0
fbd44cc6-3e3f-4388-ae25-7277d760c786,Careem,Food Delivery,OFW Pinoy sa ibayong dagat,Unknown,1,2025-10-25 05:19:03,"if you want to get a stress please send money transfer to this apps, all the stress you will get.","if you want to get a stress please send money transfer to this apps, all the stress you will get.",3,20,97,0,0,0,0.85,0,1,-0.4588,1,0,1,0.0,0,1,0,1.0,0.0
6f74d8b2-4092-4679-82c4-ad01bc10c2cf,Careem,Food Delivery,Fadi Amer,Unknown,1,2025-10-25 06:28:35,"issues getting refund on contaminated food, more than one hair was found in my food and Careem refuses to full refund the order, of course all food was thrown.","issues getting refund on contaminated food, more than one hair was found in my food and careem refuses to full refund the order, of course all food was thrown.",1,29,159,0,0,0,0.896551724137931,0,1,0.0,1,0,1,0.0,0,1,0,1.0,0.0
dc03b35a-99de-43d4-9b04-fba76befbce2,Careem,Food Delivery,Hamza Abdul shakoor,Unknown,1,2025-10-25 07:43:28,taxi booking; now they have started to charge you in-journey time. it means chargers for waiting in traffic signals or stops made along the journey. what a joke!! have to shift to other taxi booking apps.,taxi booking; now they have started to charge you in-journey time. it means chargers for waiting in traffic signals or stops made along the journey. what a joke!! have to shift to other taxi booking apps.,0,36,204,0,0,0,0.8888888888888888,0,1,0.2924,1,0,1,0.0,0,1,0,1.0,0.0
9d356287-8018-43df-aa2b-b4672691448b,Careem,Food Delivery,Mohammad Ahmad,Unknown,3,2025-10-25 09:32:45,لو كان الدفع عن طريق k net لكان افضل واسهل لتحويل الاموال !,لو كان الدفع عن طريق k net لكان افضل واسهل لتحويل الاموال !,0,13,59,0,0,0,1.0,0,0,0.0,1,0,1,0.0,0,1,0,3.0,0.0
4e05c73d-78a4-4185-b5f0-cfcbb01f6533,Careem,Food Delivery,khaled alhassanat,Unknown,1,2025-10-25 09:41:00,over priced and even they charged me twice for same ride,over priced and even they charged me twice for same ride,0,11,56,0,0,0,1.0,0,0,-0.2023,1,0,1,0.0,0,1,0,1.0,0.0
9fa5e06a-ba1f-417f-a7ec-70ab0cef760b,Careem,Food Delivery,Eslam Ali,Unknown,1,2025-10-25 11:17:18,Disappointed,disappointed,0,1,12,0,0,0,1.0,0,1,-0.4767,1,0,1,0.0,0,1,0,1.0,0.0
2cb1effe-0d22-44a3-ac4a-3a58e5218643,Careem,Food Delivery,Mohamed Rislan,Unknown,1,2025-10-25 16:12:40,too much hidden charges. not recommended,too much hidden charges. not recommended,0,6,40,0,0,0,1.0,0,0,-0.4003,1,0,1,0.0,0,1,0,1.0,0.0
9b751702-d5a1-4cc3-9212-9283927fa492,Careem,Food Delivery,Aamir Sohail,Unknown,1,2025-10-25 17:54:33,Please 🙏 don't use cream because now is very stupid app Uber bolt zed better than very very bad app,please 🙏 don't use cream because now is very stupid app uber bolt zed better than very very bad app,0,20,99,1,0,0,0.85,0,1,-0.5107,1,0,1,0.0,0,1,0,1.0,0.0
e3e81d06-9b33-467e-ae58-02296dd49704,Careem,Food Delivery,Aksam Zaheer,Unknown,5,2025-10-25 20:02:09,Best app with amazing customer support.,best app with amazing customer support.,0,6,39,0,0,0,1.0,0,1,0.8934,1,0,1,0.0,0,1,0,5.0,0.0
799b94fc-515b-42f4-ba42-5fdb0ab80581,Careem,Food Delivery,Layek Ahmed,Unknown,1,2025-10-26 05:41:14,worst service,worst service,0,2,13,0,0,0,1.0,0,0,-0.6249,1,0,1,0.0,0,2,0,1.0,0.0
6a0926bc-6f2c-4b5a-88b6-75320ec0fa9c,Careem,Food Delivery,Waseem Mahmood,Unknown,5,2025-10-26 09:17:17,v good app,v good app,0,3,10,0,0,0,1.0,0,1,0.4404,1,0,1,0.0,0,1,0,5.0,0.0
934d41b0-bff0-4243-8e92-0171501b1377,Careem,Food Delivery,Nadou Med,Unknown,1,2025-10-26 15:44:49,am charged quickly for trips I never took,am charged quickly for trips i never took,0,8,41,0,0,0,1.0,0,0,-0.2023,1,0,1,0.0,0,1,0,1.0,0.0
f61027ec-2cc5-43e9-bbd9-dbb2a3de4acb,Careem,Food Delivery,Ann Villorente,Unknown,2,2025-10-26 19:16:36,the driver charge me a waiting time. which is im outside of the gate of where im staying but the taxi is not there.,the driver charge me a waiting time. which is im outside of the gate of where im staying but the taxi is not there.,0,24,115,0,0,0,0.7916666666666666,0,0,0.0,1,0,1,0.0,0,1,0,2.0,0.0
cad3bee9-375e-495e-993d-79f58ce8a731,Careem,Food Delivery,Jumeirah Av,Unknown,1,2025-10-26 19:35:07,very waste experience and all customer executives are not well spoken 🤬😡😡,very waste experience and all customer executives are not well spoken 🤬😡😡,0,12,73,3,0,0,1.0,0,0,-0.6003,1,0,1,0.0,0,1,0,1.0,0.0
d78868b5-6cf9-4ed2-b6db-07214c2d4c23,Careem,Food Delivery,Guillaume Tripet,Unknown,1,2025-10-27 06:22:54,Terrible support would never use it again,terrible support would never use it again,1,7,41,0,0,0,1.0,0,0,-0.1027,1,0,1,0.0,0,1,0,1.0,0.0
53e8a1eb-9951-4a79-b933-3574b52391b3,Careem,Food Delivery,Mohammad Hussain Ahmed,Unknown,1,2025-10-27 07:23:19,This app tricks people by giving discounts and then cancelling them when You use the app,this app tricks people by giving discounts and then cancelling them when you use the app,0,16,88,0,0,0,0.9375,1,1,0.0258,1,0,1,0.0,0,1,0,1.0,0.0
27ed6bd6-b385-4536-b050-547dd4b7e627,Careem,Food Delivery,Rajitha Perera,Unknown,1,2025-10-27 08:34:42,"This app used to be great, but it's gotten worse. Especially with the food stuff, they always say there's a discount, but it's never real. That's why I ditched Careem Plus.","this app used to be great, but it's gotten worse. especially with the food stuff, they always say there's a discount, but it's never real. that's why i ditched careem plus.",0,31,172,0,0,0,0.9354838709677419,1,1,-0.3818,1,0,1,0.0,0,1,0,1.0,0.0
e0ea1899-afa7-4c88-aed9-5ad359826940,Careem,Food Delivery,Jerome Chrishesh,Unknown,1,2025-10-27 08:44:47,keeps trying to charge me for careem+ even after I left the country. repeated attempts to reach their helpline but no luck - the app needs to allow deletion of your cards I am not sure why this isn't allowed.,keeps trying to charge me for careem+ even after i left the country. repeated attempts to reach their helpline but no luck - the app needs to allow deletion of your cards i am not sure why this isn't allowed.,0,40,208,0,0,0,0.9,0,1,-0.5045,1,0,1,0.0,0,1,0,1.0,0.0
c9c38142-9244-4606-a1b4-51c3e0548177,Careem,Food Delivery,Ahmed ragab,Unknown,1,2025-10-27 13:05:21,حسبي الله ونعم الوكيل,حسبي الله ونعم الوكيل,0,4,21,0,0,0,1.0,0,0,0.0,1,0,1,0.0,0,1,0,1.0,0.0
2df33faf-1f50-4385-85d9-1050adfd732f,Careem,Food Delivery,Ahmad Al-Mahdawi,Unknown,1,2025-10-27 13:21:40,liers and thieves. worst possible support. the company lost its glitter with poor management and worst leadership. clearly became a money hogging business that cares less about its users.,liers and thieves. worst possible support. the company lost its glitter with poor management and worst leadership. clearly became a money hogging business that cares less about its users.,0,29,187,0,0,0,0.896551724137931,0,0,-0.8591,1,0,1,0.0,0,1,0,1.0,0.0
abdc0e6e-b3b6-46e5-952c-068e41fc1ae3,Careem,Food Delivery,Ahmad Suleiman,Unknown,5,2025-10-27 15:32:48,Great UI and service,great ui and service,0,4,20,0,0,1,1.0,0,0,0.6249,1,0,1,0.0,0,1,0,5.0,0.0
ab015e69-6c17-45d0-be74-983350c321bd,Careem,Food Delivery,Giwrgos IT,Unknown,1,2025-10-27 17:34:39,LIKE IF IT HAPPENED TO YOU! Got charged for monthly bike subscription even if I had clicked to cancel it from the previous month. It happened to many people during the summer and they refused to refund my money.,like if it happened to you! got charged for monthly bike subscription even if i had clicked to cancel it from the previous month. it happened to many people during the summer and they refused to refund my money.,0,39,211,0,0,6,0.7948717948717948,0,1,-0.4199,1,0,1,0.0,0,1,0,1.0,0.0
5f1cba90-b6bc-45d1-a510-64d15d959ad2,Careem,Food Delivery,danang adhityo,Unknown,1,2025-10-28 01:14:04,"be aware, i just take my scooter ride for 28 minutes but they also hold 40SAR (that they never return it! then they charged me another 322SAR for the ride that i've never taken.. is it scam app?","be aware, i just take my scooter ride for 28 minutes but they also hold 40sar (that they never return it! then they charged me another 322sar for the ride that i've never taken.. is it scam app?",0,38,194,0,0,2,0.868421052631579,0,1,-0.8197,1,0,1,0.0,0,1,0,1.0,0.0
91e407ed-8fcd-4e9c-a3ff-36f47778a4db,Careem,Food Delivery,Adhamkenzy Kenzy,Unknown,1,2025-10-28 09:24:18,اسوء سواقين واسوء خدمه عملاء واسلوب غير محترف ولا يحلون مشكله شئ يلوع الجبد,اسوء سواقين واسوء خدمه عملاء واسلوب غير محترف ولا يحلون مشكله شئ يلوع الجبد,0,14,75,0,0,0,1.0,0,0,0.0,1,0,1,0.0,0,1,0,1.0,0.0
1f9a48df-addc-407e-85db-e4ca1364e4b4,Careem,Food Delivery,fo do,Unknown,1,2025-10-28 10:56:56,TOO EXPENSIVE !!! ABUSING THEIR POPULARITY WITH PEOPLE !! 👎,too expensive !!! abusing their popularity with people !! 👎,0,10,59,1,0,7,1.0,0,0,0.3111,1,0,1,0.0,0,1,0,1.0,0.0
ec89f5ad-4efd-4150-a4ef-570d889b2883,Careem,Food Delivery,ali omar,Unknown,1,2025-10-28 12:03:43,it became very bad,it became very bad,0,4,18,0,0,0,1.0,0,0,-0.5849,1,0,1,0.0,0,1,0,1.0,0.0
5545c707-8fc7-4007-ba95-b9bdb8331e2f,Careem,Food Delivery,Sravankumar Ayila,Unknown,1,2025-10-28 14:20:42,Worst grocery products and worst customer service,worst grocery products and worst customer service,0,7,49,0,0,0,0.8571428571428571,0,0,-0.8481,1,0,1,0.0,0,1,0,1.0,0.0
a3b5323f-bdf2-4771-bc6d-eb3c51caeaed,Careem,Food Delivery,AKB PakistanAK,Unknown,5,2025-10-28 16:11:17,"I got my money back thanks careem , you really proved you are the best, and excellent customer handling.","i got my money back thanks careem , you really proved you are the best, and excellent customer handling.",0,19,104,0,0,0,0.9473684210526315,0,0,0.8957,1,0,1,0.0,0,1,0,5.0,0.0
fc36899d-9f2e-4e62-a917-384049e89c80,Careem,Food Delivery,Reno Mindemann,Unknown,1,2025-10-28 16:14:10,super terrible customer report. especially from Arabic customer service agents (like with all businesses in this region),super terrible customer report. especially from arabic customer service agents (like with all businesses in this region),0,17,120,0,0,0,0.9411764705882353,0,0,0.5106,1,0,1,0.0,0,1,1,1.0,0.0
b04ea773-0808-4710-b13b-2a550791e49c,Careem,Food Delivery,Mohammed,Unknown,1,2025-10-28 17:31:56,It is annoying that every order has to be delivered and serviced at a large amount that is more than the price of the meal.,it is annoying that every order has to be delivered and serviced at a large amount that is more than the price of the meal.,0,25,123,0,0,0,0.88,0,0,-0.4019,1,0,1,0.0,0,1,0,1.0,0.0
9e2b04d0-c874-4c9b-bec1-4ef501cacef8,Careem,Food Delivery,Bayan Rjoub,Unknown,1,2025-10-28 19:32:01,bad after update,bad after update,0,3,16,0,0,0,1.0,0,0,-0.5423,1,0,1,0.0,0,1,0,1.0,0.0
352b7ec5-8c93-4148-8387-c68baabffc06,Careem,Food Delivery,yazan alfares,Unknown,1,2025-10-29 07:24:26,The badest company in the world the badest customer service also.,the badest company in the world the badest customer service also.,0,11,65,0,0,0,0.7272727272727273,0,0,0.0,1,0,1,0.0,0,1,0,1.0,0.0
5758712e-f0d6-4f07-8ba9-42dcc553a96f,Careem,Food Delivery,HAYDER R2023D,Unknown,4,2025-10-29 11:30:31,I'm a user from iraq pros: safe and reliable. cons: I have been getting a price and the paying a bit more once the ride is finished cause the price change.,i'm a user from iraq pros: safe and reliable. cons: i have been getting a price and the paying a bit more once the ride is finished cause the price change.,0,31,155,0,0,0,0.8064516129032258,0,0,0.4404,1,0,1,0.0,0,1,0,4.0,0.0
dafd4f21-2183-4704-81f3-65f29441083c,Careem,Food Delivery,Zain Bhai,Unknown,5,2025-10-29 13:14:14,v good 😊,v good 😊,0,3,8,1,0,0,1.0,0,0,0.836,1,0,1,0.0,0,1,0,5.0,0.0
e1cdd670-1d2b-4ad5-bd1e-2b1d3488b53d,Careem,Food Delivery,Ahmed Hammoudeh,Unknown,1,2025-10-29 13:42:19,مقاطعة,مقاطعة,0,1,6,0,0,0,1.0,0,0,0.0,1,0,1,0.0,0,1,0,1.0,0.0
72f003e4-b5bb-4d9f-9f01-5106c9db2659,Careem,Food Delivery,Abdelhadi Qasrawi,Unknown,1,2025-10-29 14:08:28,سيء جدا,سيء جدا,0,2,7,0,0,0,1.0,0,0,0.0,1,0,1,0.0,0,1,0,1.0,0.0
1755691e-796b-49ad-adb3-f22737c3cede,Careem,Food Delivery,E,Unknown,1,2025-10-29 14:35:46,where food,where food,0,2,10,0,0,0,1.0,0,0,0.0,1,0,1,0.0,0,1,0,1.0,0.0
bd241193-ba0c-46ed-bb0d-e0f32b563abb,Careem,Food Delivery,Ahmed hagag,Unknown,1,2025-10-29 14:43:33,كريم تبع اوبر والاتنين مقاطعة,كريم تبع اوبر والاتنين مقاطعة,0,5,29,0,0,0,1.0,0,0,0.0,1,0,1,0.0,0,1,0,1.0,0.0
b73e9294-a4e3-4e69-b92d-39639afdf94b,Careem,Food Delivery,juvy clark,Unknown,2,2025-10-29 17:06:42,i was upset about this location now i dnt know how to scape if you dnt know ur location. and why it became change and all my save location was lost it. I'm very very upset ...,i was upset about this location now i dnt know how to scape if you dnt know ur location. and why it became change and all my save location was lost it. i'm very very upset ...,0,37,175,0,0,0,0.7837837837837838,0,0,-0.5956,1,0,1,0.0,0,1,0,2.0,0.0
ca8cf901-072c-4311-8ec3-e81657bfed94,Careem,Food Delivery,Rana waqas Rana waqas,Unknown,5,2025-10-29 23:29:30,good work,good work,0,2,9,0,0,0,1.0,0,0,0.4404,1,0,1,0.0,0,1,0,5.0,0.0
20b67528-6bab-4d21-94f6-77d34beed56b,Careem,Food Delivery,The Intern (Den),Unknown,5,2025-10-30 03:15:19,"will change rating once it sends me my ride receipts. - customer service is fast, and riders are nice and patient.","will change rating once it sends me my ride receipts. - customer service is fast, and riders are nice and patient.",0,21,114,0,0,0,0.9523809523809523,0,0,0.4215,1,0,1,0.0,0,1,0,5.0,0.0
e6fa8748-2d10-4381-83fc-3b8f3ceacd54,Careem,Food Delivery,Sesa Baq,Unknown,2,2025-10-30 09:30:53,after the update the app is not practical,after the update the app is not practical,0,8,41,0,0,0,0.875,0,1,0.0,1,0,1,0.0,0,1,0,2.0,0.0
03ca347e-e267-4022-ad90-05acad7c28f5,Careem,Food Delivery,Soufian Guendouz,Unknown,5,2025-10-31 14:04:29,easy to use and no problems with the app or the drivers.,easy to use and no problems with the app or the drivers.,0,12,56,0,0,0,0.9166666666666666,0,1,0.6319,1,0,1,0.0,0,1,0,5.0,0.0
4146ddcd-4dbb-47b0-ae15-4945ed5119b9,Careem,Food Delivery,Galal Mahmoud,Unknown,5,2025-10-31 22:29:28,This app is really good,this app is really good,0,5,23,0,0,0,1.0,0,1,0.4927,1,0,1,0.0,0,1,0,5.0,0.0
4f33959c-e7fa-4993-af72-715dfb26c1ec,Careem,Food Delivery,john odii,Unknown,5,2025-10-31 22:51:00,very good,very good,0,2,9,0,0,0,1.0,0,0,0.4927,1,0,1,0.0,0,4,0,5.0,0.0
99586806-8f8a-4086-88f3-de086279c290,Careem,Food Delivery,Khaled Mostafa,Unknown,2,2025-11-01 00:16:59,the application becomes so bad and didn't explain the details of the rides fees as before and when I explained my complaint for them they deducted more amount from my wallet,the application becomes so bad and didn't explain the details of the rides fees as before and when i explained my complaint for them they deducted more amount from my wallet,0,31,173,0,0,0,0.8709677419354839,0,1,-0.7712,1,0,1,0.0,0,1,0,2.0,0.0
198e3568-d857-41ec-a46d-a7c78c38dbae,Careem,Food Delivery,Claire Stamaria,Unknown,5,2025-11-01 01:50:48,nice application,nice application,0,2,16,0,0,0,1.0,0,1,0.4215,1,0,1,0.0,0,1,0,5.0,0.0
ebdb64d1-7e8e-4106-af53-7197a9aeb604,Careem,Food Delivery,Shubmanvijay Shubmanvijay,Unknown,2,2025-11-01 07:18:52,can't withdraw my wallet amount,can't withdraw my wallet amount,0,5,31,0,0,0,1.0,0,0,0.0,1,0,1,0.0,0,1,0,2.0,0.0
8ecd6b05-3853-402b-9b97-e3a8d65999cd,Careem,Food Delivery,A7loom A,Unknown,5,2025-11-01 11:12:42,عل الاقل ما قنن,عل الاقل ما قنن,0,4,15,0,0,0,1.0,0,0,0.0,1,0,1,0.0,0,1,0,5.0,0.0
079b185d-b405-4d65-a7e1-4c0a82955a55,Careem,Food Delivery,Sadiq Falaksher,Unknown,5,2025-11-01 13:11:19,nice appp,nice appp,0,2,9,0,0,0,1.0,0,1,0.4215,1,0,1,0.0,0,1,0,5.0,0.0
01cb477f-6e38-438e-bd7f-37612f08673b,Careem,Food Delivery,SJA Flan,Unknown,2,2025-11-01 15:51:25,"So far disappointing experience in the UAE. Unclear pricing of the rides, confused drivers dropping you off on the other side of a highway...Haven't tried any other services yet but I think I had enough.","so far disappointing experience in the uae. unclear pricing of the rides, confused drivers dropping you off on the other side of a highway...haven't tried any other services yet but i think i had enough.",0,35,203,0,0,1,0.8571428571428571,0,1,-0.525,1,0,1,0.0,0,1,0,2.0,0.0
abba9d2b-5c6f-41ef-b1ab-8a48f811096c,Careem,Food Delivery,Mohammed Yacup,Unknown,5,2025-11-01 17:47:32,with discounts such an app . really,with discounts such an app . really,0,7,35,0,0,0,1.0,1,1,0.0,1,0,1,0.0,0,1,0,5.0,0.0
d09b2fe0-e43d-4334-bf6d-0e21a6ee16e9,Careem,Food Delivery,John Burke,Unknown,3,2025-11-01 18:02:51,"Unreliable service in Egypt - drivers try to negotiate additional fee via chat, or ask for cash payment, then don't show up","unreliable service in egypt - drivers try to negotiate additional fee via chat, or ask for cash payment, then don't show up",0,22,123,0,0,0,1.0,0,0,0.0,1,0,1,0.0,0,1,0,3.0,0.0
d345d141-cdfc-438b-a872-4e3553af2cf6,Careem,Food Delivery,Ali Kamal,Unknown,4,2025-11-02 05:23:21,"Pricing do change so fast. Maybe in 5 minutes, I got two different ratings for the same ride and same destination. This is confusing and needs some adjustments.. Thanks 😊","pricing do change so fast. maybe in 5 minutes, i got two different ratings for the same ride and same destination. this is confusing and needs some adjustments.. thanks 😊",0,30,170,1,0,0,0.9333333333333333,0,0,0.7906,1,0,1,0.0,0,1,0,4.0,0.0
0ddd8c23-4181-4259-9c4b-84a924af0ef2,Careem,Food Delivery,James Kurian,Unknown,4,2025-11-02 13:54:36,Satisfying,satisfying,0,1,10,0,0,0,1.0,0,0,0.4588,1,0,1,0.0,0,1,0,4.0,0.0
f046c57a-b0b1-46bb-bea7-d6d86faffe0f,Careem,Food Delivery,Marwa Yahya,Unknown,2,2025-11-02 18:26:23,inflated prices,inflated prices,0,2,15,0,0,0,1.0,0,0,0.0,1,0,1,0.0,0,1,0,2.0,0.0
a429febb-c7e3-4efd-81a5-ef23e8f9a55f,Careem,Food Delivery,Jasmine De bruyne,Unknown,5,2025-11-02 18:57:48,I'm trying to book normal hala taxi but the comfort private taxi came. can you please return my booking into normal hala taxi,i'm trying to book normal hala taxi but the comfort private taxi came. can you please return my booking into normal hala taxi,0,23,125,0,0,0,0.8260869565217391,0,0,0.7351,1,0,1,0.0,0,1,0,5.0,0.0
21451b47-b83d-411a-b6bc-af2e8c5832c9,Careem,Food Delivery,هديل ابو علي,Unknown,5,2025-11-02 21:24:54,تطبيق رائع وبجنن,تطبيق رائع وبجنن,0,3,16,0,0,0,1.0,0,0,0.0,1,0,1,0.0,0,1,0,5.0,0.0
feb67b73-e969-442f-b501-55223d2c2837,Careem,Food Delivery,Alfredo Acosta,Unknown,3,2025-11-03 00:51:05,I can't book a hala taxi,i can't book a hala taxi,0,6,24,0,0,0,1.0,0,0,0.0,1,0,1,0.0,0,1,0,3.0,0.0
bed29851-3730-44c2-a20d-625258044063,Careem,Food Delivery,Ahsan Manzoor,Unknown,5,2025-11-03 03:48:51,good service,good service,0,2,12,0,0,0,1.0,0,0,0.4404,1,0,1,0.0,0,3,0,5.0,0.0
a363f27c-beee-4b1b-87f2-61f23fc01566,Careem,Food Delivery,Dillan Villan,Unknown,4,2025-11-03 05:57:40,sometimes captains are not on time and arrives very late,sometimes captains are not on time and arrives very late,0,10,56,0,0,0,1.0,0,0,0.0,1,0,1,0.0,0,1,0,4.0,0.0
86eb4f33-9ca2-46e0-a35b-dbcbfa1c4f14,Careem,Food Delivery,sachith kawshalya,Unknown,5,2025-11-03 07:06:02,excellent service for Careem,excellent service for careem,0,4,28,0,0,0,1.0,0,0,0.5719,1,0,1,0.0,0,1,0,5.0,0.0
989063db-2ec9-4be6-a344-535b5499fa4f,Careem,Food Delivery,emad ma'ayah,Unknown,2,2025-11-03 14:30:37,"Horrible update, bad new design, copying uber much worse template. Should stick to your own brand strengths.","horrible update, bad new design, copying uber much worse template. should stick to your own brand strengths.",0,17,108,0,0,0,1.0,0,0,-0.8261,1,0,1,0.0,0,1,0,2.0,0.0
b46c6066-e773-4eb8-a29c-6daaaaab5aa0,Careem,Food Delivery,Sumeet Gurung,Unknown,5,2025-11-03 17:20:46,one word awesome 😎😎😎,one word awesome 😎😎😎,0,4,20,3,0,0,1.0,0,0,0.9201,1,0,1,0.0,0,1,0,5.0,0.0
031eb70c-b3dd-43d2-89d6-e803295b922a,Careem,Food Delivery,Nizar Saraijy,Unknown,1,2025-11-04 04:54:35,very bad,very bad,0,2,8,0,0,0,1.0,0,0,-0.5849,1,0,1,0.0,0,2,0,1.0,0.0
909118f7-c3e6-40cf-a76f-2994cf18b98f,Careem,Food Delivery,Sebastian Gerull,Unknown,1,2025-11-04 05:41:29,Zero stars. Total scam. Don't use this service ever!!!,zero stars. total scam. don't use this service ever!!!,0,9,54,0,0,0,1.0,0,0,-0.7067,1,0,1,0.0,0,1,0,1.0,0.0
c0de4ac0-a941-49e4-9c3d-3f849c46915c,Careem,Food Delivery,krmanj Siamand Ismael,Unknown,5,2025-11-04 06:54:00,best app ever,best app ever,0,3,13,0,0,0,1.0,0,1,0.6369,1,0,1,0.0,0,1,0,5.0,0.0
671068e6-ea74-4fce-86dd-2d0b2f5f6a1b,Careem,Food Delivery,Ali Eid,Unknown,1,2025-11-04 07:29:15,اوسخ تطبيق استغلالي السائقين وقحين و تعاملهم سيء جدا جدا جدا كل همهم انك تلغي الرحلة,اوسخ تطبيق استغلالي السائقين وقحين و تعاملهم سيء جدا جدا جدا كل همهم انك تلغي الرحلة,0,16,84,0,0,0,0.875,0,0,0.0,1,0,1,0.0,0,1,0,1.0,0.0
b9f3c5ed-9652-4467-a97a-307974e640c1,Careem,Food Delivery,Sajawal Saroya,Unknown,5,2025-11-04 07:50:07,good 👍,good 👍,0,2,6,1,0,0,1.0,0,0,0.4404,1,0,1,0.0,0,5,0,5.0,0.0
24a81e1a-ac55-4c89-8b82-7a1c09795fbc,Careem,Food Delivery,Arch Nagham,Unknown,4,2025-11-04 14:43:13,"I love careem🥰 but need to reduce a little bit the prices in baghdad, or just make a contribution to their loyal costumers as myself 😁","i love careem🥰 but need to reduce a little bit the prices in baghdad, or just make a contribution to their loyal costumers as myself 😁",0,26,134,2,0,0,0.9230769230769231,0,0,0.9371,1,0,1,0.0,0,1,0,4.0,0.0
93499abd-6476-4a71-9122-c40d5d1a83cf,Careem,Food Delivery,MARK SUANTV (mark),Unknown,5,2025-11-04 15:11:33,good services,good services,0,2,13,0,0,0,1.0,0,0,0.4404,1,0,1,0.0,0,1,0,5.0,0.0
c575c8d0-34c4-442a-8f0c-7779c67cc02d,Careem,Food Delivery,Narendra Rathore,Unknown,1,2025-11-04 16:11:07,very bad experience my hanged,very bad experience my hanged,0,5,29,0,0,0,1.0,0,0,-0.5849,1,0,1,0.0,0,1,0,1.0,0.0
371c0ef3-e24a-4ebc-95d7-31f165f8a982,Careem,Food Delivery,OG_,Unknown,1,2025-11-04 18:07:04,ال support بوخذ ٤ ايام عشان يرد و الكباتن دائما مش شايلين فراطه و بنصبو بالباقي و ما بردو نهائيا و ما في احترام للعميل تطبيق سيئ و الخدمه كثير متراجعه,ال support بوخذ ٤ ايام عشان يرد و الكباتن دائما مش شايلين فراطه و بنصبو بالباقي و ما بردو نهائيا و ما في احترام للعميل تطبيق سيئ و الخدمه كثير متراجعه,0,31,150,0,0,0,0.8387096774193549,0,0,0.4019,1,0,1,0.0,0,1,0,1.0,0.0
c5337e0f-57f8-4a27-9919-c1e35ce0447f,Careem,Food Delivery,Ali Jaan,Unknown,1,2025-11-05 00:50:06,It's not Good for the captains.,it's not good for the captains.,0,6,31,0,0,0,1.0,0,0,-0.3412,1,0,1,0.0,0,1,0,1.0,0.0
7a79f0f7-014c-44ed-a55f-e490e370ffd1,Careem,Food Delivery,Samar Ibrahim,Unknown,1,2025-11-05 04:56:11,bad app no captain accepted my requests any more,bad app no captain accepted my requests any more,0,9,48,0,0,0,1.0,0,1,-0.7589,1,0,1,0.0,0,1,0,1.0,0.0
85f7770b-e9fa-4ff1-907c-c2ec31f13c25,Careem,Food Delivery,Muhammad Ramzan,Unknown,5,2025-11-05 06:22:07,We want Careem to restart its operations in Pakistan.Careem customer is missing Careem a lot in Pakistan.Careem is one of the top-rated apps in the world.,we want careem to restart its operations in pakistan.careem customer is missing careem a lot in pakistan.careem is one of the top-rated apps in the world.,0,26,154,0,0,0,0.7692307692307693,0,1,-0.2263,1,0,1,0.0,0,1,0,5.0,0.0
e8f705f8-b861-4ba2-beaa-97ebae98f604,Careem,Food Delivery,Sabry Ali,Unknown,1,2025-11-05 06:43:11,فيه مشكله انى احمل الايصال بعد الرحله مش موجود الاوبشن ده زى اى ابليكشن وفيه صعوبه او طريقه صعبه علينا كعملاء فممكن نبرزها فى تفاصيل الرحله علشان اقدر احمل الايصال وخصوصا اننا بنستخدمه فى إعادة المبلغ فى اى مشاوير للشغل,فيه مشكله انى احمل الايصال بعد الرحله مش موجود الاوبشن ده زى اى ابليكشن وفيه صعوبه او طريقه صعبه علينا كعملاء فممكن نبرزها فى تفاصيل الرحله علشان اقدر احمل الايصال وخصوصا اننا بنستخدمه فى إعادة المبلغ فى اى مشاوير للشغل,0,40,219,0,0,0,0.85,0,0,0.0,1,0,1,0.0,0,1,0,1.0,0.0
2ccce258-515b-438d-8468-185cd25125b5,Careem,Food Delivery,Ali Abu-Gharbieh,Unknown,1,2025-11-05 07:46:07,"using Uber under Creem app, increasing the prices and recording the trip is something I do not like at all. it's just a matter of time to delete it.","using uber under creem app, increasing the prices and recording the trip is something i do not like at all. it's just a matter of time to delete it.",0,29,148,0,0,0,0.9655172413793104,0,1,-0.2523,1,0,1,0.0,0,1,0,1.0,0.0
f510a16b-78b3-4307-992d-7aaf5f4b53a5,Careem,Food Delivery,Saravanan,Unknown,1,2025-11-05 07:46:56,No option for food,no option for food,0,4,18,0,0,0,1.0,0,0,-0.296,1,0,1,0.0,0,1,0,1.0,0.0
61519dfa-d35c-47dd-9ffb-cb4bedb82850,Careem,Food Delivery,Vincent Campos,Unknown,5,2025-11-05 09:18:59,Good apps,good apps,0,2,9,0,0,0,1.0,0,1,0.4404,1,0,1,0.0,0,1,0,5.0,0.0
0de9a05d-7df4-454e-95df-458b37e20732,Careem,Food Delivery,Safaa Eldemerdash,Unknown,1,2025-11-05 09:51:57,السائق اتعامل بمنتهى قله الذوق ولم يراعى وجود سيده مسنه معى تبلغ من العمر 85 عام وبيلف من اماكن ابعد من المفروض بلف منها ولما بكلمه بيزعق وبيههد انه حيعمل فيا شكوى,السائق اتعامل بمنتهى قله الذوق ولم يراعى وجود سيده مسنه معى تبلغ من العمر 85 عام وبيلف من اماكن ابعد من المفروض بلف منها ولما بكلمه بيزعق وبيههد انه حيعمل فيا شكوى,0,32,163,0,0,0,0.9375,0,0,0.0,1,0,1,0.0,0,1,0,1.0,0.0
9cff4714-02b6-4474-9559-6828c27240fc,Careem,Food Delivery,thara'a JGC,Unknown,1,2025-11-05 11:13:08,update so bad,update so bad,0,3,13,0,0,0,1.0,0,0,-0.5849,1,0,1,0.0,0,1,0,1.0,0.0
6a2fc555-13a1-4df2-9a98-3dbf8fc7cef0,Careem,Food Delivery,Mohammed Obeidat,Unknown,1,2025-11-05 11:14:59,"truly very bad experience, till.n9w no ride but I have been charged twice","truly very bad experience, till.n9w no ride but i have been charged twice",0,13,73,0,0,0,1.0,0,0,-0.5017,1,0,1,0.0,0,1,0,1.0,0.0
3ab54790-98a2-4ca7-b233-2b94dd345351,Careem,Food Delivery,haya moh_hasan,Unknown,1,2025-11-05 14:11:18,تم دمج شركة كريم مع اوبر(المقاطع) لهذا تم حذف التطبيق والحساب,تم دمج شركة كريم مع اوبر(المقاطع) لهذا تم حذف التطبيق والحساب,0,11,61,0,0,0,0.9090909090909091,0,0,0.0,1,0,1,0.0,0,1,0,1.0,0.0
89a9aaba-c925-43ab-b843-f2c691a8131f,Careem,Food Delivery,christina jawdat,Unknown,1,2025-11-05 14:41:19,the new update is awful you can't sea satellite location and traffic line red or green etc I didn't like the new update at all,the new update is awful you can't sea satellite location and traffic line red or green etc i didn't like the new update at all,0,25,126,0,0,0,0.88,0,0,-0.6261,1,0,1,0.0,0,1,0,1.0,0.0
7dd0ef24-1839-4f0e-9aaa-1848164dbca4,Careem,Food Delivery,Umer Anwar,Unknown,1,2025-11-05 17:19:29,Post merger fare discrepancies are affecting drivers like me. We need transparency and fairness in earning. Customer are being overcharged and drivers are underpaid. This imbalance needs urgent attention.,post merger fare discrepancies are affecting drivers like me. we need transparency and fairness in earning. customer are being overcharged and drivers are underpaid. this imbalance needs urgent attention.,0,29,204,0,0,0,0.8620689655172413,0,0,0.5106,1,0,1,0.0,0,1,1,1.0,0.0
e45fa3cb-77bc-4e89-9291-53e89bf32490,Careem,Food Delivery,Murtuza Rohawala,Unknown,1,2025-11-05 17:45:57,"very bad customer service, A driver didn't give me full change. and the customer service instead of refunding me gave me a lecture to carry change","very bad customer service, a driver didn't give me full change. and the customer service instead of refunding me gave me a lecture to carry change",0,26,146,0,0,0,0.8461538461538461,0,0,-0.5849,1,0,1,0.0,0,1,0,1.0,0.0
262878c0-3aa0-48fa-87bc-4a07d213b890,Careem,Food Delivery,Muhammad Rizwan,Unknown,1,2025-11-05 20:21:12,very bad service,very bad service,0,3,16,0,0,0,1.0,0,0,-0.5849,1,0,1,0.0,0,2,0,1.0,0.0
d9ce86f4-e610-47d7-a279-2f9119913b4c,Careem,Food Delivery,Ali mohamed,Unknown,5,2025-11-05 20:33:23,"This app's been great, and they're always updating the interface with new features. But they gotta let us pick which location before we pick the service.","this app's been great, and they're always updating the interface with new features. but they gotta let us pick which location before we pick the service.",0,26,153,0,0,0,0.9230769230769231,0,1,0.3716,1,0,1,0.0,0,1,0,5.0,0.0
dbed43fb-4996-4da4-84d0-bb7411685b3e,Careem,Food Delivery,Jawad Mohammed,Unknown,1,2025-11-06 04:31:24,Uber boycott,uber boycott,0,2,12,0,0,0,1.0,0,0,-0.3804,1,0,1,0.0,0,1,0,1.0,0.0
ac432cf6-9252-4aa3-8ae1-a87f1ed33d1c,Careem,Food Delivery,Rana Faisal,Unknown,1,2025-11-06 04:31:43,no response waste of time,no response waste of time,0,5,25,0,0,0,1.0,0,0,0.0341,1,0,1,0.0,0,1,0,1.0,0.0
71a18ac7-aade-4e35-afd0-74bced825d25,Careem,Food Delivery,Khazin amir,Unknown,1,2025-11-06 05:08:26,really bad location can' set,really bad location can' set,0,5,28,0,0,0,1.0,0,0,-0.5849,1,0,1,0.0,0,1,0,1.0,0.0
233ebc41-fa25-4017-bae2-568bcd6a3f6d,Careem,Food Delivery,Mario Gsxr,Unknown,1,2025-11-06 09:14:07,اسواء تطبيق توصيل,اسواء تطبيق توصيل,0,3,17,0,0,0,1.0,0,0,0.0,1,0,1,0.0,0,1,0,1.0,0.0
87dc3c4b-acc1-4a71-9601-7ec20bdc0318,Careem,Food Delivery,R K X,Unknown,1,2025-11-06 10:48:47,Takes too long to give me a captain and the captain parks too far and cancels when I don't come to him in because he parked too far,takes too long to give me a captain and the captain parks too far and cancels when i don't come to him in because he parked too far,0,28,131,0,0,0,0.7857142857142857,0,0,-0.2263,1,0,1,0.0,0,1,0,1.0,0.0
dec33f38-74a5-4607-8775-cba62fb5956b,Careem,Food Delivery,مجاہد رحمانی,Unknown,1,2025-11-06 12:29:35,If you orderd food it's okay but careem pay service is very very poor and bad specially when you make a transaction to abroad can you imagine careem take more than one week for your recipient veryfactions,if you orderd food it's okay but careem pay service is very very poor and bad specially when you make a transaction to abroad can you imagine careem take more than one week for your recipient veryfactions,0,37,204,0,0,0,0.8918918918918919,0,0,-0.9062,1,0,1,0.0,0,1,0,1.0,0.0
b3078ce8-5fa8-4376-a93d-596517a762e6,Careem,Food Delivery,Luna AbuAwadh,Unknown,1,2025-11-06 13:14:06,"The new update is a setback 😪,","the new update is a setback 😪,",0,7,30,1,0,0,1.0,0,0,0.0,1,0,1,0.0,0,1,0,1.0,0.0
e6e5ee5a-805b-4596-b3c2-d39e8340e126,Careem,Food Delivery,Cs wolf22,Unknown,1,2025-11-06 14:49:38,"This app is the worst, Their policies and customer service suck","this app is the worst, their policies and customer service suck",1,11,63,0,0,0,1.0,0,1,-0.7906,1,0,1,0.0,0,1,0,1.0,0.0
60437191-f5ef-4d2d-b8ae-417aedbb15f3,Careem,Food Delivery,Kailash P MkL,Unknown,1,2025-11-06 16:20:49,"Booking your services for easy travel purpose, your most of your team member are irresponsible and not punctual, not responsible also, please have a look, now i am loosing my money, this is unfair","booking your services for easy travel purpose, your most of your team member are irresponsible and not punctual, not responsible also, please have a look, now i am loosing my money, this is unfair",0,34,196,0,0,0,0.9117647058823529,0,0,-0.5188,1,0,1,0.0,0,1,0,1.0,0.0
2a8e3738-3293-4cfc-93a1-5df239952a8c,Careem,Food Delivery,Joseph Nashaat,Unknown,1,2025-11-06 16:32:15,أسوء برنامج و أسوء تعامل,أسوء برنامج و أسوء تعامل,0,5,24,0,0,0,0.8,0,0,0.0,1,0,1,0.0,0,1,0,1.0,0.0
d45ce006-438d-4aa4-b256-b75d40c1a455,Careem,Food Delivery,Emran Hossain,Unknown,5,2025-11-06 20:12:01,GOOD SERVICE & ONE Time delivery,good service & one time delivery,0,6,32,0,0,3,1.0,0,0,0.4404,1,0,1,0.0,0,1,0,5.0,0.0
b88ecba4-5594-4ad6-a9b3-f9d2a6fab164,Careem,Food Delivery,Andy D,Unknown,4,2025-11-06 20:32:21,careem have fixed the problem with their app and I have been able to create a new account for my current phone.,careem have fixed the problem with their app and i have been able to create a new account for my current phone.,0,22,111,0,0,0,0.9545454545454546,0,1,-0.1531,1,0,1,0.0,0,1,0,4.0,0.0
58278fe4-0643-4af4-8c87-861c4a75b895,Careem,Food Delivery,Mohanad Shaheen,Unknown,4,2025-11-06 22:02:12,good experience with you,good experience with you,0,4,24,0,0,0,1.0,0,0,0.4404,1,0,1,0.0,0,1,0,4.0,0.0
38001fa2-7373-465e-a58c-7bee5ea9ef66,Careem,Food Delivery,Gie Ronquillo,Unknown,5,2025-11-07 03:07:23,excellent,excellent,0,1,9,0,0,0,1.0,0,0,0.5719,1,0,1,0.0,0,3,0,5.0,0.0
dabffd39-2f5e-47c1-bace-2585cd105a3f,Careem,Food Delivery,falah abdulaal,Unknown,1,2025-11-07 06:51:07,"they got money of the order in advance so they don't care about your order, moreover there customer services never listen to you, I think they thought that the customers always wrong","they got money of the order in advance so they don't care about your order, moreover there customer services never listen to you, i think they thought that the customers always wrong",0,32,182,0,0,0,0.90625,0,0,-0.7177,1,0,1,0.0,0,1,0,1.0,0.0
21f9ece2-9711-41f1-991e-3d51a8e3eb14,Careem,Food Delivery,Muhammad Tahir,Unknown,1,2025-11-07 07:13:21,stupid service always delay payment and noresponse from customer service,stupid service always delay payment and noresponse from customer service,0,10,72,0,0,0,0.9,0,0,-0.6908,1,0,1,0.0,0,1,0,1.0,0.0
5715412e-37e3-4325-95d7-99b309eef6ad,Careem,Food Delivery,mehdi pakravan,Unknown,1,2025-11-07 07:47:44,"Everything about this company is terrible. The drivers are rude, uneducated, and irresponsible","everything about this company is terrible. the drivers are rude, uneducated, and irresponsible",0,13,94,0,0,0,1.0,0,0,-0.8402,1,0,1,0.0,0,1,0,1.0,0.0
4a53e932-474f-40d1-9eaa-ad2e0f9ce4f8,Careem,Food Delivery,Ahmed,Unknown,4,2025-11-07 08:01:19,easy and clear,easy and clear,0,3,14,0,0,0,1.0,0,0,0.6705,1,0,1,0.0,0,1,0,4.0,0.0
7dd8915f-48ea-4613-8066-c4a799b8e80a,Careem,Food Delivery,Eman Adam,Unknown,1,2025-11-07 12:21:50,Wrong location Captains can't reach the located point Waste of time 👎👎👎👎👎👎👎,wrong location captains can't reach the located point waste of time 👎👎👎👎👎👎👎,0,12,75,7,0,0,1.0,0,0,-0.7162,1,0,1,0.0,0,1,0,1.0,0.0
c89ef06e-a4ce-407b-b68c-1412afaa29a2,Careem,Food Delivery,Umid BRO (Интересные Факты),Unknown,1,2025-11-07 14:29:08,taxi drivers very useless. don't care customer short trip they are kicking out from taxi. RTA and lexus drivers also doing black trip. be careful when you are doing trip.,taxi drivers very useless. don't care customer short trip they are kicking out from taxi. rta and lexus drivers also doing black trip. be careful when you are doing trip.,0,30,170,0,0,1,0.8666666666666667,0,0,-0.658,1,0,1,0.0,0,1,0,1.0,0.0
01d96040-a63f-4ab7-8f88-d0429f88e340,Careem,Food Delivery,sunil babu,Unknown,1,2025-11-07 15:33:14,they say 50% off and free delivery.when going to the payment there is only free delivery no 50% off,they say 50% off and free delivery.when going to the payment there is only free delivery no 50% off,0,19,99,0,0,0,0.8421052631578947,1,0,0.6597,1,0,1,0.0,0,1,1,1.0,0.0
b3c04112-8bdb-43f4-b96b-7693e3fc5f2c,Careem,Food Delivery,Fahad Malik,Unknown,5,2025-11-07 19:44:06,good service and excellent work and very easy smoothly in use app 👍,good service and excellent work and very easy smoothly in use app 👍,0,13,67,1,0,0,0.9230769230769231,0,1,0.8687,1,0,1,0.0,0,1,0,5.0,0.0
1608a945-bbdd-44c0-aadc-d7e786f573a2,Careem,Food Delivery,Ahmed Radwan,Unknown,1,2025-11-07 21:34:25,"very expressive ride , a ride counting around 4 km the app is offering a ride for 150 EGP !!!!!!","very expressive ride , a ride counting around 4 km the app is offering a ride for 150 egp !!!!!!",0,20,96,0,0,1,0.85,1,1,0.0,1,0,1,0.0,0,1,0,1.0,0.0
3f80fa16-6c7a-4f53-b67c-797498cf34bf,Careem,Food Delivery,Tralecs,Unknown,1,2025-11-08 00:03:45,لقد خدعوني ونصبوا علي. ظهر مبلغ ثم بعد الوصول زادوا حوالي 50% بدون سبب ولا انتظار ولا تغيير مسار ولا رسوم اضافية وأنا خارج منطقة الضرائب... خداعين اكثر من مرة يعملوها,لقد خدعوني ونصبوا علي. ظهر مبلغ ثم بعد الوصول زادوا حوالي 50% بدون سبب ولا انتظار ولا تغيير مسار ولا رسوم اضافية وأنا خارج منطقة الضرائب... خداعين اكثر من مرة يعملوها,0,31,166,0,0,0,0.9354838709677419,0,0,0.0,1,0,1,0.0,0,1,0,1.0,0.0
a97b7477-bb10-4485-b9bd-839795a62b33,Careem,Food Delivery,Zahid Majeed,Unknown,1,2025-11-08 01:09:08,It will take a long time to deliver money and staff are not cooperative in situations of sending money emergencies but not believable to sending money at the same time .,it will take a long time to deliver money and staff are not cooperative in situations of sending money emergencies but not believable to sending money at the same time .,0,31,169,0,0,0,0.8064516129032258,0,0,0.0,1,0,1,0.0,0,1,0,1.0,0.0
3f9984e3-c9b0-4f6c-a3e1-52cf5b184680,Careem,Food Delivery,Obaida Melhem,Unknown,1,2025-11-08 05:20:37,The worst experience of my life in Dubai.,the worst experience of my life in dubai.,0,8,41,0,0,0,1.0,0,0,-0.6249,1,0,1,0.0,0,1,0,1.0,0.0
d2bb779e-1bfc-4044-b967-da1804773384,Careem,Food Delivery,Montaha Khairy,Unknown,1,2025-11-08 09:11:51,its so bad i type any location and it dosent show like i dont reccomend it,its so bad i type any location and it dosent show like i dont reccomend it,0,16,74,0,0,0,0.875,0,0,-0.3167,1,0,1,0.0,0,1,0,1.0,0.0
7bcd10d9-f500-4b2a-a13c-7115bdd15d50,Careem,Food Delivery,Firas Al-Booz,Unknown,1,2025-11-08 13:06:23,The new app update is very bad. before it was better and easier. Now you can't skip the destination point and you must mention it before booking.,the new app update is very bad. before it was better and easier. now you can't skip the destination point and you must mention it before booking.,0,27,145,0,0,0,0.8148148148148148,0,1,0.228,1,0,1,0.0,0,1,0,1.0,0.0
5e860ec7-d727-4300-87ef-eb2f02f3dc40,Careem,Food Delivery,Candy Velasco,Unknown,1,2025-11-08 13:28:49,The worst and poor customer service. I cancelled my booking within a minute deducted the money easily from your account and more than 1 month of investigation from 5th October complaint till now 8th November still no refund at all,the worst and poor customer service. i cancelled my booking within a minute deducted the money easily from your account and more than 1 month of investigation from 5th october complaint till now 8th november still no refund at all,0,40,230,0,0,0,0.925,0,0,-0.8807,1,0,1,0.0,0,1,0,1.0,0.0
45aca99c-b0cd-4392-91eb-0fd1038142c5,Careem,Food Delivery,Kanchan Thadani,Unknown,1,2025-11-08 16:29:27,the riders are not respectful he parked the cycle below the building and kept arguing that am I the RTA people. rather he kept making noise to my pet.,the riders are not respectful he parked the cycle below the building and kept arguing that am i the rta people. rather he kept making noise to my pet.,0,29,150,0,0,1,0.8275862068965517,0,0,-0.6684,1,0,1,0.0,0,1,0,1.0,0.0
802fe32e-b45e-4fde-b2d6-c7c6ee802728,Careem,Food Delivery,sherif Labhan,Unknown,4,2025-11-08 17:38:52,"Below was my review in 2018. Good captains, worst way to keep in touch with customer service ended by giving up. Update 2024: Careem has completely changed, now it's my first option for EVERYTHING !!!","below was my review in 2018. good captains, worst way to keep in touch with customer service ended by giving up. update 2024: careem has completely changed, now it's my first option for everything !!!",7,35,200,0,0,1,0.9428571428571428,0,0,0.2677,1,0,1,0.0,0,1,0,4.0,0.0
7f725e7a-d5f0-4bee-b5b8-70f4adb616db,Careem,Food Delivery,Shady Noor,Unknown,1,2025-11-08 18:31:18,تسغيره غير عادله,تسغيره غير عادله,0,3,16,0,0,0,1.0,0,0,0.0,1,0,1,0.0,0,1,0,1.0,0.0
87da1950-1cfe-4e8a-b3ab-39b395a3ba21,Careem,Food Delivery,Ahmed Cc,Unknown,1,2025-11-08 19:58:30,اقذر شركة تتعامل معاها كباتن حرامية ويسرقوا فلوس الناس وشركة فاشله مش بتاخد أي قرارات تجيب بيها حق العميل,اقذر شركة تتعامل معاها كباتن حرامية ويسرقوا فلوس الناس وشركة فاشله مش بتاخد أي قرارات تجيب بيها حق العميل,0,19,105,0,0,0,1.0,0,0,0.0,1,0,1,0.0,0,1,0,1.0,0.0
b5660918-dc44-470a-b6ab-b8f9bf686495,Careem,Food Delivery,ameer samhan,Unknown,1,2025-11-08 19:59:55,Bad service with bad customer service support,bad service with bad customer service support,0,7,45,0,0,0,0.7142857142857143,0,0,-0.6486,1,0,1,0.0,0,1,0,1.0,0.0
1d4c14cb-52ab-4cb1-99ca-c38abb6cf6d9,Careem,Food Delivery,amr tarek,Unknown,1,2025-11-08 21:09:43,سئ جداً وكباتن حرامية وتكلم الدعم ولا اي احد يرد عليك والكابتن حرامى والله العظيم واخد 3 أضعاف الرحلة ويقولى الانترنت معلق والموضوع من اربع أشهر والى الان لم احصل على اموالى لم انصح به ابدا 😡😡😡😡🤐,سئ جداً وكباتن حرامية وتكلم الدعم ولا اي احد يرد عليك والكابتن حرامى والله العظيم واخد 3 أضعاف الرحلة ويقولى الانترنت معلق والموضوع من اربع أشهر والى الان لم احصل على اموالى لم انصح به ابدا 😡😡😡😡🤐,0,37,195,5,0,0,0.972972972972973,0,0,0.0,1,0,1,0.0,0,1,0,1.0,0.0
498acc9c-cd1b-491f-a49a-d7f48671bde4,Careem,Food Delivery,Mlk Lbd,Unknown,1,2025-11-09 03:50:18,very bad drivers now. why did the app make this changes!!!!!,very bad drivers now. why did the app make this changes!!!!!,0,11,60,0,0,0,1.0,0,1,-0.715,1,0,1,0.0,0,1,0,1.0,0.0
299fd2da-bfb3-4e9e-947e-0697253cd6d7,Careem,Food Delivery,Nisreen blawneh,Unknown,1,2025-11-09 07:29:30,التطبيق صار زفت قبل كان احسن من هيك.,التطبيق صار زفت قبل كان احسن من هيك.,0,8,36,0,0,0,1.0,0,0,0.0,1,0,1,0.0,0,1,0,1.0,0.0
b37dec87-ea5f-44ed-a729-9632543c748a,Careem,Food Delivery,Farshad Kiyanfar,Unknown,1,2025-11-09 12:37:41,dont put bank card info as automaticly deduct 100 dirharm from your account regardless of fee. the extra charge may return after 2 weeks maybe.,dont put bank card info as automaticly deduct 100 dirharm from your account regardless of fee. the extra charge may return after 2 weeks maybe.,0,25,143,0,0,0,1.0,0,0,0.0,1,0,1,0.0,0,1,0,1.0,0.0
21d18669-cc4f-4dea-b6ff-e932afea7a77,Careem,Food Delivery,Oumaima Belghalia,Unknown,1,2025-11-09 18:46:20,very very bad app I have used in my life,very very bad app i have used in my life,0,10,40,0,0,0,0.9,0,1,-0.6214,1,0,1,0.0,0,1,0,1.0,0.0
