review_id,app_name,category,username,device,rating,timestamp,text_original,text_cleaned,thumbs_up,token_count,char_count,num_emojis,num_urls,num_uppercase_words,unique_word_ratio,contains_promo_words,has_urdu_words,sentiment_score,device_missing,generic_username,user_total_reviews,time_diff_seconds,is_burst,same_text_count,rating_text_mismatch,user_avg_rating,user_rating_std
3d6fc7fb-6864-4a28-b637-9013d34ed293,Daraz,E-commerce,Keyswor Thh,Unknown,2,2025-06-30 10:42:21,nowadays it's daking days to open the review section.,nowadays it's daking days to open the review section.,0,9,53,0,0,0,1.0,0,0,0.0,1,0,1,0.0,0,1,0,2.0,0.0
24906b27-7621-41a1-963a-18bca9de8151,Daraz,E-commerce,ASh,Unknown,2,2025-06-30 14:24:55,"products are sometimes good and sometimes defected/broken but the main problem is insanely high. even if we buy multiple products from same store, we're charged delivery charges separately, which mostly becomes more than the actual price of the product.","products are sometimes good and sometimes defected/broken but the main problem is insanely high. even if we buy multiple products from same store, we're charged delivery charges separately, which mostly becomes more than the actual price of the product.",0,39,253,0,0,0,0.8974358974358975,0,0,-0.7543,1,0,1,0.0,0,1,0,2.0,0.0
4e011838-4002-4252-973b-ba34f081cd78,Daraz,E-commerce,Emmad Mir,Unknown,2,2025-06-30 17:13:33,"review pictures don't load quick, please fix this issue .","review pictures don't load quick, please fix this issue .",5,10,57,0,0,0,1.0,0,0,-0.2411,1,0,1,0.0,0,1,0,2.0,0.0
b9530a06-b2f9-4f0c-894c-a8a545b29a06,Daraz,E-commerce,Upasna Limbu,Unknown,2,2025-07-01 01:39:07,"The service here is all good. But the problem is that our place doesn't have a name. There is no location, so we don't even get orders here. I hope you understand.","the service here is all good. but the problem is that our place doesn't have a name. there is no location, so we don't even get orders here. i hope you understand.",0,32,163,0,0,0,0.90625,0,0,-0.1406,1,0,1,0.0,0,1,0,2.0,0.0
55bb8f0a-6e64-438d-96c1-cb180f4281a0,Daraz,E-commerce,Roima Ishtiaq,Unknown,2,2025-07-03 02:28:43,Not bad but not good 😌,not bad but not good 😌,0,6,22,1,0,0,0.8333333333333334,0,0,-0.6072,1,0,1,0.0,0,1,0,2.0,0.0
fbae4cd3-7746-4591-b62b-8ad3a385e256,Daraz,E-commerce,Abdur Rakib,Unknown,2,2025-07-03 11:17:43,This apps does not ensure you good quality product. So be sincere before payment.,this apps does not ensure you good quality product. so be sincere before payment.,0,14,81,0,0,0,1.0,0,1,-0.156,1,0,1,0.0,0,1,0,2.0,0.0
a5f69103-550f-402f-b4e4-e765a4a51c40,Daraz,E-commerce,Oli Ullah,Unknown,2,2025-07-03 16:25:48,it’s ok,it’s ok,0,2,7,0,0,0,1.0,0,0,0.296,1,0,1,0.0,0,1,0,2.0,0.0
fc032445-e713-4c56-9c7d-1e7166aaf4bb,Daraz,E-commerce,Arafat Rahman (Faisal),Unknown,2,2025-07-04 07:40:44,"These days when I open the daraz apps its doesn't show the review image properly fixed this. Image viewing is important for consumers like us, Who will buy the product by watching the actual reviewer photo.","these days when i open the daraz apps its doesn't show the review image properly fixed this. image viewing is important for consumers like us, who will buy the product by watching the actual reviewer photo.",0,36,206,0,0,0,0.8888888888888888,0,1,0.5106,1,0,1,0.0,0,1,1,2.0,0.0
b8d920ed-81d4-478d-93bb-72647c16e8a5,Daraz,E-commerce,Raja Wasi,Unknown,2,2025-07-04 11:19:01,beautiful 😍 App,beautiful 😍 app,0,3,15,1,0,0,1.0,0,1,0.7845,1,0,1,0.0,0,1,1,2.0,0.0
409e1792-2dc7-4fa7-90f6-b885c9ad5899,Daraz,E-commerce,Safia Malik,Unknown,2,2025-07-05 04:24:51,"good app , useful due to low price but the problem is when I has 4g network, the app says connecte to network 🥺","good app , useful due to low price but the problem is when i has 4g network, the app says connecte to network 🥺",0,24,111,1,0,0,0.875,0,1,-0.296,1,0,1,0.0,0,1,0,2.0,0.0
772476c5-a3d7-462b-9beb-9b44d354cd7b,Daraz,E-commerce,Aisha Yadav,Unknown,2,2025-07-05 12:58:16,please open Cash on delivery on rajbiraj,please open cash on delivery on rajbiraj,0,7,40,0,0,0,0.8571428571428571,0,0,0.3182,1,0,1,0.0,0,1,0,2.0,0.0
21f8bff1-b050-4ba2-8395-16b00be4c2e8,Daraz,E-commerce,Hassain Ali,Unknown,2,2025-07-05 13:38:51,is very high price pagal,is very high price pagal,0,5,24,0,0,0,1.0,0,0,0.0,1,0,1,0.0,0,1,0,2.0,0.0
fa36e5d1-d4fe-4b48-b392-163fe3fc9e15,Daraz,E-commerce,Mashrafi Rahaman,Unknown,2,2025-07-06 08:31:15,was it really necessary to show a 3 second ad at the startup?,was it really necessary to show a 3 second ad at the startup?,0,13,61,0,0,0,1.0,0,0,0.0,1,0,1,0.0,0,1,0,2.0,0.0
4b560fab-c507-4fac-bffd-d2dd48681f72,Daraz,E-commerce,Sarim Mir,Unknown,2,2025-07-06 13:28:05,chapri market,chapri market,0,2,13,0,0,0,1.0,0,0,0.0,1,0,1,0.0,0,1,0,2.0,0.0
d09d0be3-c5df-41fc-8d3b-fdd172d3ac9d,Daraz,E-commerce,Abdul Salam,Unknown,2,2025-07-08 10:01:48,working slow,working slow,2,2,12,0,0,0,1.0,0,0,0.0,1,0,1,0.0,0,1,0,2.0,0.0
129940a5-f6e3-458d-a99c-a6f8fb2aca56,Daraz,E-commerce,kaiser hasan,Unknown,2,2025-07-08 17:15:22,এক কথায় ডেলিভারি চার্জের কারণে কেনাকাটা পুরোপুরি বন্ধ করে দিয়েছি। অফিস ডেলিভারি চার্জ এত পরিমানে বাড়িয়েছে কেনাকাটা করে এখন আর পোষায় না।,এক কথায় ডেলিভারি চার্জের কারণে কেনাকাটা পুরোপুরি বন্ধ করে দিয়েছি। অফিস ডেলিভারি চার্জ এত পরিমানে বাড়িয়েছে কেনাকাটা করে এখন আর পোষায় না।,0,22,140,0,0,0,0.8636363636363636,0,0,0.0,1,0,1,0.0,0,1,0,2.0,0.0
de827c58-6ad8-4387-84a8-94e0da52df03,Daraz,E-commerce,SUPRAJIT SIKDER,Unknown,2,2025-07-08 18:03:25,duplicate products are more,duplicate products are more,0,4,27,0,0,0,1.0,0,0,0.0,1,0,1,0.0,0,1,0,2.0,0.0
373e09fa-131c-41b3-93b5-ea12745e99ed,Daraz,E-commerce,Usama Raja,Unknown,2,2025-07-09 03:22:24,"The review images load terribly slow, making the whole shopping process extremely annoying.","the review images load terribly slow, making the whole shopping process extremely annoying.",0,13,91,0,0,0,0.9230769230769231,0,0,-0.7645,1,0,1,0.0,0,1,0,2.0,0.0
9dc41f08-805f-409f-b5da-d87ae8eca58d,Daraz,E-commerce,Mohamed Muksith,Unknown,2,2025-07-09 17:56:48,"Some products are shown with free delivery, but when trying to purchase them, a delivery fee is charged. So what does 'free delivery' really mean? It seems that some lies and frauds are being used just to boost sales.","some products are shown with free delivery, but when trying to purchase them, a delivery fee is charged. so what does 'free delivery' really mean? it seems that some lies and frauds are being used just to boost sales.",8,39,217,0,0,0,0.9230769230769231,1,0,0.0504,1,0,1,0.0,0,1,0,2.0,0.0
d41dc339-b9f8-4cea-b649-6be7e98da546,Daraz,E-commerce,Mehwish Khurram,Unknown,2,2025-07-10 03:00:33,plzz block the ads of daraz am irritating for this,plzz block the ads of daraz am irritating for this,0,10,50,0,0,0,1.0,0,0,-0.7096,1,0,1,0.0,0,1,0,2.0,0.0
eb5d5f49-2366-41c3-822d-00b8d71a9d0b,Daraz,E-commerce,Tanha,Unknown,2,2025-07-10 12:01:33,Good 👍🏻,good 👍🏻,0,2,7,2,0,0,1.0,0,0,0.4404,1,0,1,0.0,0,1,0,2.0,0.0
fd4fcd67-992b-4eea-b2d0-e4d6939fbd28,Daraz,E-commerce,Rakshya Nepali,Unknown,2,2025-07-11 06:01:20,delivery fee is a big issue it's unfair if I want to buy a thing that costs 99 I had to pay 220 or more,delivery fee is a big issue it's unfair if i want to buy a thing that costs 99 i had to pay 220 or more,0,25,103,0,0,0,0.88,0,0,-0.4939,1,0,1,0.0,0,1,0,2.0,0.0
472fac5a-8574-4f70-90fc-4db9b6f38314,Daraz,E-commerce,Muhammad Hassan Farooq,Unknown,2,2025-07-11 19:37:50,"In the review section whenever I open any picture to see, it doesn't load and only black picture show each more often. Application needs to be optimized or this should be fixed.","in the review section whenever i open any picture to see, it doesn't load and only black picture show each more often. application needs to be optimized or this should be fixed.",2,32,177,0,0,0,0.90625,0,1,0.4588,1,0,1,0.0,0,1,0,2.0,0.0
10975cb8-381e-4c46-8172-401f648e6413,Daraz,E-commerce,Sana Tariq,Unknown,2,2025-07-13 19:03:48,I cannot open picture of costmors review,i cannot open picture of costmors review,0,7,40,0,0,0,1.0,0,0,0.0,1,0,1,0.0,0,1,0,2.0,0.0
53992e04-262c-4dd2-9dbe-9c6d55a37c0d,Daraz,E-commerce,Robin Bix,Unknown,2,2025-07-13 21:29:10,images aren't showing properly,images aren't showing properly,0,4,30,0,0,0,1.0,0,0,0.0,1,0,1,0.0,0,1,0,2.0,0.0
172ad017-a94e-46fc-b220-c92d41b096dc,Daraz,E-commerce,Mukesh Sharma,Unknown,2,2025-07-14 08:41:06,laggy app,laggy app,0,2,9,0,0,0,1.0,0,1,0.0,1,0,1,0.0,0,1,0,2.0,0.0
b1b1e75c-7e9c-48e4-bb2a-97bb4038740a,Daraz,E-commerce,amin khan,Unknown,2,2025-07-14 14:51:50,very cheap quality night wear suit I'm not satisfied,very cheap quality night wear suit i'm not satisfied,0,9,52,0,0,0,1.0,1,0,-0.3252,1,0,1,0.0,0,1,0,2.0,0.0
48e5eb65-c20f-49bf-82ab-e1343c1ac854,Daraz,E-commerce,Shariq Ali,Unknown,2,2025-07-15 03:36:45,review pictures are not opening,review pictures are not opening,1,5,31,0,0,0,1.0,0,0,0.0,1,0,1,0.0,0,1,0,2.0,0.0
693bb241-e28f-4806-a174-9762f9b62d50,Daraz,E-commerce,Moynul Hasan Faruky,Unknown,2,2025-07-15 18:16:46,"I can't see any still images in the Daraz review option....when I click on it, the still images don't appear...the screen goes black....even if they do appear, it takes a long time.","i can't see any still images in the daraz review option....when i click on it, the still images don't appear...the screen goes black....even if they do appear, it takes a long time.",0,32,181,0,0,0,0.875,0,1,0.0,1,0,1,0.0,0,1,0,2.0,0.0
8b93855e-a801-4eb6-af66-508413260a62,Daraz,E-commerce,Jawad Ali khan,Unknown,2,2025-07-16 05:31:22,best normal,best normal,0,2,11,0,0,0,1.0,0,0,0.6369,1,0,1,0.0,0,1,1,2.0,0.0
f030606e-ea77-459a-820e-d10ac109d984,Daraz,E-commerce,gokul pandey,Unknown,2,2025-07-17 03:01:52,thikoi,thikoi,0,1,6,0,0,0,1.0,0,0,0.0,1,0,1,0.0,0,1,0,2.0,0.0
c17d0e6e-6fe4-47fc-a8e8-4dec88c39736,Daraz,E-commerce,Uttam Rajbanshi,Unknown,2,2025-07-17 18:17:42,Maha bachat ko Naam ma scam,maha bachat ko naam ma scam,0,6,27,0,0,0,1.0,0,1,-0.5719,1,0,1,0.0,0,1,0,2.0,0.0
d7bd4df3-342b-4207-92ab-5cd27fc9b36b,Daraz,E-commerce,Fatima Abid,Unknown,2,2025-07-17 20:11:06,"The app is fine but the pictures provided by people in the review do not open, when I click on them all I see is a black screen.","the app is fine but the pictures provided by people in the review do not open, when i click on them all i see is a black screen.",1,28,128,0,0,0,0.8571428571428571,0,1,0.1027,1,0,1,0.0,0,1,0,2.0,0.0
53ebf1e9-8663-48cd-98b2-078ede2f0b78,Daraz,E-commerce,Rayyan Butt,Unknown,2,2025-07-18 15:36:24,the through out experience was average but my recent order should have been dilevered yesterday but it's still not and the delivery guy is not answering the phone as well worst daraz experience,the through out experience was average but my recent order should have been dilevered yesterday but it's still not and the delivery guy is not answering the phone as well worst daraz experience,0,33,193,0,0,0,0.8484848484848485,0,0,-0.6124,1,0,1,0.0,0,1,0,2.0,0.0
9b2373a8-2b73-4510-bf1a-f662414729e1,Daraz,E-commerce,Ahmad Azam,Unknown,2,2025-07-19 02:54:32,Review images do not load properly.,review images do not load properly.,1,6,35,0,0,0,1.0,0,0,0.0,1,0,1,0.0,0,1,0,2.0,0.0
2496d9db-a07e-45ae-9719-8c8d09cc889d,Daraz,E-commerce,Mariam fatima,Unknown,2,2025-07-19 08:36:56,"Daraz need to work on their app, you can't see a single review picture it shows black screen alwaysssss.","daraz need to work on their app, you can't see a single review picture it shows black screen alwaysssss.",1,19,104,0,0,0,1.0,0,1,0.0,1,0,1,0.0,0,1,0,2.0,0.0
a7581560-59ec-4f8b-8bae-6f532eec6054,Daraz,E-commerce,saimasehar Rana,Unknown,2,2025-07-19 09:53:41,it is good but not perfect or excellent because orders gave us to late and most of times orders are not good as we want .,it is good but not perfect or excellent because orders gave us to late and most of times orders are not good as we want .,0,26,121,0,0,0,0.8846153846153846,0,0,-0.8659,1,0,1,0.0,0,1,0,2.0,0.0
79b07c17-0318-4b94-8837-882ffb22db0b,Daraz,E-commerce,Bhimkanta Chalise,Unknown,2,2025-07-19 12:42:08,late delivery,late delivery,0,2,13,0,0,0,1.0,0,0,0.0,1,0,1,0.0,0,1,0,2.0,0.0
df998b94-ef41-4320-a9f9-29bd8a2cde0e,Daraz,E-commerce,MD HRIDOY KHAN,Unknown,2,2025-07-22 15:27:41,দুইটা স্টার দিলাম কারণ এই ২০২৫ এ এসে আপনাদের অ্যাপ এ ডার্ক মুড নাই এইটা ভাবা যায় । এইটা খুব ই দুঃখ জনক😡😡😡,দুইটা স্টার দিলাম কারণ এই ২০২৫ এ এসে আপনাদের অ্যাপ এ ডার্ক মুড নাই এইটা ভাবা যায় । এইটা খুব ই দুঃখ জনক😡😡😡,0,23,106,3,0,0,0.9130434782608695,0,0,0.0,1,0,1,0.0,0,1,0,2.0,0.0
e2e79dca-cb67-4a77-80c0-fd4329e81547,Daraz,E-commerce,Rizwana Kausar,Unknown,2,2025-07-23 16:32:21,the things are good also and bad also so be aware while you place order,the things are good also and bad also so be aware while you place order,0,15,71,0,0,0,0.9333333333333333,0,0,-0.1531,1,0,1,0.0,0,1,0,2.0,0.0
5dbb0584-2f50-49ee-9073-b63b20692f87,Daraz,E-commerce,Uzma Qureshi,Unknown,2,2025-07-25 15:49:48,Good but return policy mai rider parcl lene aye ga yh option e khtm kr diya hy daraz ny or jo COD py 50rs hn wo fzool mai chrge kr rhy..,good but return policy mai rider parcl lene aye ga yh option e khtm kr diya hy daraz ny or jo cod py 50rs hn wo fzool mai chrge kr rhy..,0,31,136,0,0,1,0.9354838709677419,0,0,0.2382,1,0,1,0.0,0,1,0,2.0,0.0
3c4ef8e1-c881-4913-9d4c-9a4934e2a846,Daraz,E-commerce,Pasindu Lakshan,Unknown,2,2025-07-25 20:48:54,Good app,good app,0,2,8,0,0,0,1.0,0,1,0.4404,1,0,1,0.0,0,10,0,2.0,0.0
ae5dd1dc-669d-4e2f-a13e-5e7cb4f032ce,Daraz,E-commerce,Md Habibur Rahman,Unknown,2,2025-07-27 06:52:49,মোবাইল এপ্স এ রিভিউ ইমেজ দেখা যায়না। অনেক লোড নেয়ার পর মাঝে মাঝে একটা ইমেজ দেখা যায়। ঠিক করুন। redmi note 10 pro,মোবাইল এপ্স এ রিভিউ ইমেজ দেখা যায়না। অনেক লোড নেয়ার পর মাঝে মাঝে একটা ইমেজ দেখা যায়। ঠিক করুন। redmi note 10 pro,0,23,112,0,0,0,0.8695652173913043,0,0,0.0,1,0,1,0.0,0,1,0,2.0,0.0
833e3ef9-b380-4027-b2e2-d258411e930f,Daraz,E-commerce,Karnis Ferdousi,Unknown,4,2025-07-28 15:54:13,Best online Shop in Bangladesh..,best online shop in bangladesh..,0,5,32,0,0,0,1.0,0,0,0.6369,1,0,1,0.0,0,1,0,4.0,0.0
96e386de-04a7-4674-9416-b7913d120a11,Daraz,E-commerce,Samra,Unknown,4,2025-07-28 19:40:31,"it's overall very convenient to use , but there's an issue going on , when I click on reviews the pictures go blank , my network is stable , still the reviews don't load , kindly fix it !","it's overall very convenient to use , but there's an issue going on , when i click on reviews the pictures go blank , my network is stable , still the reviews don't load , kindly fix it !",1,39,187,0,0,0,0.8205128205128205,0,0,-0.2344,1,0,1,0.0,0,1,0,4.0,0.0
8151bb7e-033f-4d24-b5bb-50dfee8adeac,Daraz,E-commerce,Aliza kaleem,Unknown,4,2025-07-28 21:59:17,ok i liked daraz that's why i installed it but if i got one more add of yours with that annoying tone i will uninstall it right away damn it!,ok i liked daraz that's why i installed it but if i got one more add of yours with that annoying tone i will uninstall it right away damn it!,0,30,141,0,0,0,0.8666666666666667,1,0,-0.7088,1,0,1,0.0,0,1,1,4.0,0.0
33b4cb4c-ef31-4bf7-b8fe-36fbc42b597d,Daraz,E-commerce,kazi Junaki,Unknown,4,2025-07-29 00:10:13,Good app for online shopping,good app for online shopping,0,5,28,0,0,0,1.0,0,1,0.4404,1,0,1,0.0,0,1,0,4.0,0.0
a73fe1a9-9572-44b8-ac27-88b5e6030386,Daraz,E-commerce,Ananda Nimal,Unknown,4,2025-07-29 09:10:46,"Your delivery is fast, but your drones are expensive.","your delivery is fast, but your drones are expensive.",0,9,53,0,0,0,0.8888888888888888,0,0,0.0,1,0,1,0.0,0,1,0,4.0,0.0
e9c38311-bfc6-491a-aec1-4e5946e79c71,Daraz,E-commerce,learn with Lyan,Unknown,4,2025-07-29 12:30:50,daraz is beast but we need drop shipping daraz also,daraz is beast but we need drop shipping daraz also,0,10,51,0,0,0,0.9,0,0,-0.3919,1,0,1,0.0,0,1,0,4.0,0.0
dc536b1c-ac34-43ac-9d82-2f82c33f891f,Daraz,E-commerce,Charlotte BrOnte,Unknown,4,2025-07-29 15:24:30,amazing shopping experience with this app only one request kindly control your ads these ads are very inappropriate like a almost naked lady etc please show the quality of product not women,amazing shopping experience with this app only one request kindly control your ads these ads are very inappropriate like a almost naked lady etc please show the quality of product not women,0,32,189,0,0,0,0.96875,0,1,0.9017,1,0,1,0.0,0,1,0,4.0,0.0
e1890ef7-e4d0-4d8f-9fad-be635124c129,Daraz,E-commerce,Hassnain shah Hassnain shah,Unknown,2,2025-07-30 03:21:54,some sale fake product and same original,some sale fake product and same original,0,7,40,0,0,0,1.0,1,0,-0.2023,1,0,1,0.0,0,1,0,2.0,0.0
c34d7269-25c7-400b-8ea3-7b44563b4c03,Daraz,E-commerce,Mamata thapa,Unknown,4,2025-07-30 10:57:02,This is very good,this is very good,0,4,17,0,0,0,1.0,0,0,0.4927,1,0,1,0.0,0,1,0,4.0,0.0
cf95cb6f-45c9-412c-8993-ef3b5bb92096,Daraz,E-commerce,Deli,Unknown,2,2025-07-31 10:49:29,to much boring,to much boring,0,3,14,0,0,0,1.0,0,0,-0.3182,1,0,1,0.0,0,1,0,2.0,0.0
7b6a61c7-4edb-440f-8ad0-8df8db282404,Daraz,E-commerce,Sidrah Zafar,Unknown,4,2025-07-31 11:31:54,it's a great app but it's ad 😡,it's a great app but it's ad 😡,0,8,30,1,0,0,0.875,0,1,0.3716,1,0,1,0.0,0,1,0,4.0,0.0
83decff9-406f-4b3b-a313-ca9fc9e96d4b,Daraz,E-commerce,Kousar Parveen,Unknown,4,2025-07-31 14:23:10,fantastic app,fantastic app,0,2,13,0,0,0,1.0,0,1,0.5574,1,0,1,0.0,0,1,0,4.0,0.0
7334c96c-9e33-4938-a4ad-d173c3a3bf47,Daraz,E-commerce,Amisa Neupane,Unknown,4,2025-07-31 14:28:13,so far everything is good,so far everything is good,0,5,25,0,0,0,1.0,0,0,0.4404,1,0,1,0.0,0,1,0,4.0,0.0
7b8b7159-77ea-455c-8c40-6c76f88752cc,Daraz,E-commerce,Fawzia Khatun,Unknown,4,2025-08-01 03:59:16,Nice App.,nice app.,0,2,9,0,0,0,1.0,0,1,0.4215,1,0,1,0.0,0,1,0,4.0,0.0
b27f8952-90c2-4780-a912-852b37401e3f,Daraz,E-commerce,All Thing,Unknown,4,2025-08-01 09:16:05,Useless won't let me talk to real person and even rejected my return that was defective,useless won't let me talk to real person and even rejected my return that was defective,0,16,87,0,0,0,1.0,0,0,-0.8402,1,0,1,0.0,0,1,1,4.0,0.0
c07b9984-6185-47ba-8e4e-c4b827321930,Daraz,E-commerce,Md Shanur,Unknown,4,2025-08-01 14:23:18,জিনিসগুলা ভালো।,জিনিসগুলা ভালো।,1,2,15,0,0,0,1.0,0,0,0.0,1,0,1,0.0,0,1,0,4.0,0.0
3cb50c61-7abc-4e34-9e29-164f3b6442df,Daraz,E-commerce,AL Hajj Rashed,Unknown,4,2025-08-02 02:31:27,আচ্ছালামুয়ালাইকুম Daraz কে অনেক ধন্যবাদ ভালো কিছু ❤️🇧🇩🇧🇩❤️🥰 সহজে ঘরে বসে পাওয়া যায় । আমি সবসময় গুরুত্ব পুর্ন জিনিস দেখে অবাক লাগে আমার পচন্দ মতে খরিদ করি।,আচ্ছালামুয়ালাইকুম daraz কে অনেক ধন্যবাদ ভালো কিছু ❤️🇧🇩🇧🇩❤️🥰 সহজে ঘরে বসে পাওয়া যায় । আমি সবসময় গুরুত্ব পুর্ন জিনিস দেখে অবাক লাগে আমার পচন্দ মতে খরিদ করি।,0,27,154,5,0,0,1.0,0,0,0.8074,1,0,1,0.0,0,1,0,4.0,0.0
ff1eb143-e0d5-4107-a420-43c5a513e1ec,Daraz,E-commerce,Md Abid Hassan,Unknown,4,2025-08-02 09:38:33,❤️❤️❤️,❤️❤️❤️,0,1,6,0,0,0,1.0,0,0,0.0,1,0,1,0.0,0,2,0,4.0,0.0
16280f09-68a3-4421-a445-c1c3310e60d8,Daraz,E-commerce,Dr Awais Khan,Unknown,2,2025-08-02 09:50:27,very bad experience. you order one thing.. and get something else... apart from that i have recieved faulty items many times.,very bad experience. you order one thing.. and get something else... apart from that i have recieved faulty items many times.,2,21,125,0,0,0,1.0,0,0,-0.7264,1,0,1,0.0,0,1,0,2.0,0.0
4c3ae229-88c4-4612-a50d-cb51a173825f,Daraz,E-commerce,Muhammad Bin shafique,Unknown,4,2025-08-02 11:51:25,Good shopping all,good shopping all,0,3,17,0,0,0,1.0,0,0,0.4404,1,0,1,0.0,0,1,0,4.0,0.0
563dfd2a-9f72-40ae-b226-04cc1043d5ac,Daraz,E-commerce,sumi begum,Unknown,4,2025-08-02 12:19:10,nice 👍,nice 👍,0,2,6,1,0,0,1.0,0,0,0.4215,1,0,1,0.0,0,3,0,4.0,0.0
65a818d5-8db7-4324-ada5-076dcbc308ac,Daraz,E-commerce,Mahum tofiq,Unknown,2,2025-08-02 12:50:37,for Pak payment for 1000rs+ for imported items is failing. dara wallet topup is failing there is no way to buy some of the things :|,for pak payment for 1000rs+ for imported items is failing. dara wallet topup is failing there is no way to buy some of the things :|,3,26,132,0,0,0,0.8461538461538461,0,0,-0.8481,1,0,1,0.0,0,1,0,2.0,0.0
6f10c717-6f7f-4969-954e-8bc3a9489ee6,Daraz,E-commerce,Zimmal Shakir,Unknown,4,2025-08-02 17:02:29,some time product are working conditions butt best app,some time product are working conditions butt best app,0,9,54,0,0,0,1.0,0,1,0.6369,1,0,1,0.0,0,1,0,4.0,0.0
8192f756-5f12-4992-8b61-fa8209e668ee,Daraz,E-commerce,Basanta Thapa,Unknown,4,2025-08-03 15:17:23,"I use khalti digital wallet but there's only esewa option available for online payment, no options for khalti. so, please also add khalti as a online payment option.","i use khalti digital wallet but there's only esewa option available for online payment, no options for khalti. so, please also add khalti as a online payment option.",0,28,165,0,0,0,0.8928571428571429,0,0,0.0387,1,0,1,0.0,0,1,0,4.0,0.0
0b822ead-a622-4368-8760-03bbb91a4085,Daraz,E-commerce,Hajra Wajid,Unknown,4,2025-08-04 15:28:12,better app for shopping.... user friendly,better app for shopping.... user friendly,0,6,41,0,0,0,1.0,0,1,0.7269,1,0,1,0.0,0,1,0,4.0,0.0
55b5d5c9-a54a-4817-9ade-624a0920e2b0,Daraz,E-commerce,Aayush Limbu,Unknown,2,2025-08-05 06:13:36,My first experience in the daraz is disappointment. Delivery takes a lot of time to arrive. And the product is not working properly. I am giving it 2 star because prices are reasonable.,my first experience in the daraz is disappointment. delivery takes a lot of time to arrive. and the product is not working properly. i am giving it 2 star because prices are reasonable.,0,33,185,0,0,0,0.9393939393939394,0,1,-0.2263,1,0,1,0.0,0,1,0,2.0,0.0
821ecae0-b8b6-4be9-88e5-ff90f35dcdf8,Daraz,E-commerce,Humayun Rashid (B.M),Unknown,4,2025-08-05 12:13:45,It’s Good!.....,it’s good!.....,0,2,15,0,0,0,1.0,0,0,0.4926,1,0,1,0.0,0,1,0,4.0,0.0
909dd3f7-e707-4d8a-a36c-e7cb7287c6c3,Daraz,E-commerce,Mamta Grg,Unknown,4,2025-08-05 15:12:51,like it,like it,0,2,7,0,0,0,1.0,0,0,0.3612,1,0,1,0.0,0,1,0,4.0,0.0
3dce2415-d319-4df3-bd2e-55e82df13ea4,Daraz,E-commerce,md nazmus sakib,Unknown,4,2025-08-05 18:30:43,Very good service,very good service,0,3,17,0,0,0,1.0,0,0,0.4927,1,0,1,0.0,0,1,0,4.0,0.0
41ea8928-4016-46dd-a4d7-4b7a3e00daf1,Daraz,E-commerce,Mohammed Limon1-2-3,Unknown,2,2025-08-07 03:36:34,Gd apps,gd apps,0,2,7,0,0,0,1.0,0,1,0.0,1,0,1,0.0,0,1,0,2.0,0.0
298255a6-1886-4b05-9413-0052caaa48ff,Daraz,E-commerce,Shajjar Abbas,Unknown,2,2025-08-07 07:04:49,facing issue when check review images,facing issue when check review images,0,6,37,0,0,0,1.0,0,0,0.0,1,0,1,0.0,0,1,0,2.0,0.0
ee70e9ba-3d6e-43a8-a697-3c68fba64aa9,Daraz,E-commerce,Bilal Sanjrani,Unknown,4,2025-08-07 08:00:34,good h but very expenxive,good h but very expenxive,1,5,25,0,0,0,1.0,0,0,0.2382,1,0,1,0.0,0,1,0,4.0,0.0
e9c1bcf8-1db7-4674-8f83-9223953c540c,Daraz,E-commerce,Sagheer Malik,Unknown,4,2025-08-07 09:07:56,here are good and easy way to shop things,here are good and easy way to shop things,0,9,41,0,0,0,1.0,0,0,0.7003,1,0,1,0.0,0,1,0,4.0,0.0
4d253f44-7ad4-4727-a0d6-9e59f4bc5cf9,Daraz,E-commerce,jasmine shakya,Unknown,4,2025-08-07 09:48:06,perfect,perfect,0,1,7,0,0,0,1.0,0,0,0.5719,1,0,1,0.0,0,1,0,4.0,0.0
b0970518-bff6-4ef1-8e0d-5b6c69f0863f,Daraz,E-commerce,Rafiq Awan,Unknown,4,2025-08-07 13:08:13,Good 👍,good 👍,0,2,6,1,0,0,1.0,0,0,0.4404,1,0,1,0.0,0,4,0,4.0,0.0
fc504f81-8941-46ff-a923-cd6abb22e834,Daraz,E-commerce,Fatima Samar89,Unknown,4,2025-08-07 17:30:38,the only thing I am frustrated about this app doesn't show big pictures from reviews section,the only thing i am frustrated about this app doesn't show big pictures from reviews section,0,16,92,0,0,0,1.0,0,1,-0.5267,1,0,1,0.0,0,1,1,4.0,0.0
3461ff46-ca27-41a6-94f6-dcca7c5df724,Daraz,E-commerce,Aslam Ramzan,Unknown,4,2025-08-07 20:49:19,l like this thing,l like this thing,0,4,17,0,0,0,1.0,0,0,0.6705,1,0,1,0.0,0,1,0,4.0,0.0
016c78fb-a13d-47a1-ae22-5930f161fe42,Daraz,E-commerce,Arifa Islam,Unknown,4,2025-08-08 06:40:12,I like it too 😊 and this app is so good and better.,i like it too 😊 and this app is so good and better.,0,13,51,1,0,0,0.9230769230769231,0,1,0.9372,1,0,1,0.0,0,1,0,4.0,0.0
435a9a37-ff5a-424d-80f9-da9564c3a4d1,Daraz,E-commerce,Mehrab Hossain,Unknown,4,2025-08-08 06:44:05,Good service,good service,0,2,12,0,0,0,1.0,0,0,0.4404,1,0,1,0.0,0,5,0,4.0,0.0
80e01c4a-b82f-488e-93ce-471e8bc86773,Daraz,E-commerce,Ali Zaib,Unknown,2,2025-08-08 07:21:50,good 👍,good 👍,0,2,6,1,0,0,1.0,0,0,0.4404,1,0,1,0.0,0,4,0,2.0,0.0
0a3451ba-0443-4c49-87cd-4dae4c68923e,Daraz,E-commerce,Samee Honey Aurora,Unknown,2,2025-08-08 13:34:11,very disappointed about fake sales.they provided some items for sale on midnight and after we purchased it thay cancel them all,very disappointed about fake sales.they provided some items for sale on midnight and after we purchased it thay cancel them all,1,21,127,0,0,0,1.0,1,1,-0.8297,1,0,1,0.0,0,1,0,2.0,0.0
e9ff46ef-2c8b-46f5-8390-8505a149536b,Daraz,E-commerce,Anup Pandey,Unknown,4,2025-08-08 14:32:15,goood,goood,0,1,5,0,0,0,1.0,0,0,0.0,1,0,1,0.0,0,2,0,4.0,0.0
fca23fba-9a2f-473f-a80d-edb6898775e0,Daraz,E-commerce,MUHAMMAD ZEESHAN ALI,Unknown,2,2025-08-08 16:28:30,review pictures Dhak hi nahee sktaa ab bout dair say open hoti han yaa hoti hi nahee. 2nd overseas product sub khtam kar di han,review pictures dhak hi nahee sktaa ab bout dair say open hoti han yaa hoti hi nahee. 2nd overseas product sub khtam kar di han,1,25,127,0,0,0,0.88,0,0,0.0,1,0,1,0.0,0,1,0,2.0,0.0
ef3f050f-2ef3-47b3-b082-207f8a7b7d83,Daraz,E-commerce,Hina Majhi,Unknown,2,2025-08-09 03:28:06,Glitches are much irritating😫🤬Pls Invest in experienced coders to make this app bugs free...,glitches are much irritating😫🤬pls invest in experienced coders to make this app bugs free...,0,14,92,2,0,0,1.0,1,1,-0.3818,1,0,1,0.0,0,1,0,2.0,0.0
2a452378-8960-4930-8326-0d10e9510503,Daraz,E-commerce,Malik Shafique,Unknown,2,2025-08-09 08:00:45,high prices,high prices,0,2,11,0,0,0,1.0,0,0,0.0,1,0,1,0.0,0,1,0,2.0,0.0
50f9eac3-cc49-47d4-9a9e-57cf18ae65fb,Daraz,E-commerce,Prank Zone,Unknown,2,2025-08-09 11:35:25,is not smooth 😵,is not smooth 😵,0,4,15,1,0,0,1.0,0,0,0.1695,1,0,1,0.0,0,1,0,2.0,0.0
d12ef0eb-ae8c-4181-ae25-432d751b92ae,Daraz,E-commerce,Cat Queen,Unknown,2,2025-08-09 15:27:03,ডেলিভারি চার্জ তো অনেক বেশিই এছাড়াও পিকাপ পয়েন্টেরও চার্জ অনেক বেশি এইজন্য একসময় দরজ আমার খুব পছন্দের একটি ই-কমার্স সাইট ছিল কিন্তু এখন আর নেই।,ডেলিভারি চার্জ তো অনেক বেশিই এছাড়াও পিকাপ পয়েন্টেরও চার্জ অনেক বেশি এইজন্য একসময় দরজ আমার খুব পছন্দের একটি ই-কমার্স সাইট ছিল কিন্তু এখন আর নেই।,1,25,146,0,0,0,0.92,0,0,0.0,1,0,1,0.0,0,1,0,2.0,0.0
beea68ba-5f8e-41a7-8e44-326e1c234cd5,Daraz,E-commerce,Raja Hammad,Unknown,4,2025-08-10 10:15:25,some time delivery is too late,some time delivery is too late,0,6,30,0,0,0,1.0,0,0,0.0,1,0,1,0.0,0,1,0,4.0,0.0
3dfc511b-6a37-44d0-ba78-56f31b9df455,Daraz,E-commerce,Yousaf Yousaf,Unknown,4,2025-08-10 10:18:29,Good shopping app,good shopping app,0,3,17,0,0,0,1.0,0,1,0.4404,1,0,1,0.0,0,2,0,4.0,0.0
2cc95e01-5f80-4290-b9fa-499cfd4f006b,Daraz,E-commerce,Safeer Iqbal,Unknown,4,2025-08-11 01:05:08,review picture is not open,review picture is not open,0,5,26,0,0,0,1.0,0,0,0.0,1,0,1,0.0,0,1,0,4.0,0.0
7c2c7e45-c46f-48c1-a049-ddf16c18aa86,Daraz,E-commerce,Cheten Sherpa,Unknown,4,2025-08-11 01:37:42,Nice to shopping,nice to shopping,0,3,16,0,0,0,1.0,0,0,0.4215,1,0,1,0.0,0,1,0,4.0,0.0
3d46ac88-edbf-410d-9385-ac71653c44cb,Daraz,E-commerce,Rsg Ee,Unknown,2,2025-08-11 08:54:18,Good apps,good apps,0,2,9,0,0,0,1.0,0,1,0.4404,1,0,1,0.0,0,2,0,2.0,0.0
4a1f98b0-92a0-48d9-b6de-5adf3065a866,Daraz,E-commerce,Bilal Taria,Unknown,2,2025-08-11 12:57:11,Very good Experiance,very good experiance,0,3,20,0,0,0,1.0,0,0,0.4927,1,0,1,0.0,0,1,0,2.0,0.0
52dce63e-1f79-489d-8a1c-5f6b8de0fc81,Daraz,E-commerce,Alvaro Morata,Unknown,4,2025-08-11 18:36:41,please add a dark mode for the app!,please add a dark mode for the app!,0,8,35,0,0,0,1.0,0,1,0.3802,1,0,1,0.0,0,1,0,4.0,0.0
2cf510f3-1def-4bdb-964b-1e52377893db,Daraz,E-commerce,Alamin Al Jabed,Unknown,2,2025-08-12 05:14:27,they are mainly scamer.,they are mainly scamer.,0,4,23,0,0,0,1.0,0,0,0.0,1,0,1,0.0,0,1,0,2.0,0.0
f20469e8-2b55-4f0e-bb31-47eff2a392d5,Daraz,E-commerce,Shahzaib Shakeel,Unknown,2,2025-08-12 09:47:06,the price on pictures is not exact when we want to buy thing . its price become too much.,the price on pictures is not exact when we want to buy thing . its price become too much.,2,19,89,0,0,0,0.9473684210526315,0,0,0.0772,1,0,1,0.0,0,1,0,2.0,0.0
3ef0fa6c-7220-4729-99ec-c83dda8db782,Daraz,E-commerce,Mo Mo,Unknown,4,2025-08-12 14:31:27,My overall experience was pretty good.Never got a wrong product till now....keep it up..,my overall experience was pretty good.never got a wrong product till now....keep it up..,0,14,88,0,0,0,1.0,0,0,0.0258,1,0,1,0.0,0,1,0,4.0,0.0
659b081f-9dc8-435b-b31a-5a351cfc323d,Daraz,E-commerce,Nimra Khan,Unknown,2,2025-08-12 19:50:39,hello sir ap ke sare service awesome hai lekin ap ne Jo deal lagaye the 8.8 ke uss Mai delivery charges free hai lekin ap delivery charges le Rahe hain,hello sir ap ke sare service awesome hai lekin ap ne jo deal lagaye the 8.8 ke uss mai delivery charges free hai lekin ap delivery charges le rahe hain,1,30,151,0,0,0,0.7666666666666667,1,1,0.6369,1,0,1,0.0,0,1,1,2.0,0.0
63f21cb8-78eb-4b62-ab8c-e26399d0daef,Daraz,E-commerce,SHAMIM AKHTAR,Unknown,4,2025-08-13 04:37:54,HIGHLY RECOMMENDED,highly recommended,0,2,18,0,0,2,1.0,0,0,0.2716,1,0,1,0.0,0,1,0,4.0,0.0
d5c9875e-c7f8-46be-9bff-912d8d1978f2,Daraz,E-commerce,Amar Magar,Unknown,2,2025-08-13 10:19:58,3rs times I ordered some products I hope the product was good 😊,3rs times i ordered some products i hope the product was good 😊,0,13,63,1,0,0,0.9230769230769231,0,0,0.8957,1,0,1,0.0,0,1,1,2.0,0.0
cb462199-d9ed-4cf9-a1ad-2498cd7212f9,Daraz,E-commerce,AE ESTATE,Unknown,4,2025-08-13 12:41:05,Excellent,excellent,0,1,9,0,0,0,1.0,0,0,0.5719,1,0,1,0.0,0,3,0,4.0,0.0
0e640b9d-7bea-4e89-8608-9528881fb162,Daraz,E-commerce,A Google user,Unknown,4,2025-08-14 03:28:06,"IT was amazing app but, some time some seller were not gave some thing what we saw in picture. overl not bad","it was amazing app but, some time some seller were not gave some thing what we saw in picture. overl not bad",1,22,108,0,0,1,0.8636363636363636,0,1,0.7331,1,0,4,0.0,0,1,0,3.25,1.707825127659933
23661c64-6429-46ac-ba80-8f4355aa70b6,Daraz,E-commerce,aijaz ahmed,Unknown,2,2025-08-14 06:34:12,Buyer's review images are not shown when open.,buyer's review images are not shown when open.,0,8,46,0,0,0,1.0,0,0,0.0,1,0,1,0.0,0,1,0,2.0,0.0
cbcffd7a-ee15-490b-a478-32f123ff77ec,Daraz,E-commerce,Umer Bashir,Unknown,4,2025-08-14 09:17:15,Please Mera dilwry cash show,please mera dilwry cash show,0,5,28,0,0,0,1.0,0,0,0.3182,1,0,1,0.0,0,1,0,4.0,0.0
6f85de19-519e-42e1-bb17-1ad9e30c98da,Daraz,E-commerce,Syed Alizar,Unknown,4,2025-08-14 15:27:11,"hey guys, I have been facing issues since long as when i open reviews with pictures, it is unable to open pictures or take too long to load. Although the internet is working perfectly","hey guys, i have been facing issues since long as when i open reviews with pictures, it is unable to open pictures or take too long to load. although the internet is working perfectly",3,34,183,0,0,0,0.8529411764705882,0,0,0.6369,1,0,1,0.0,0,1,0,4.0,0.0
3c289b7b-adaa-45df-b873-45c0610f3561,Daraz,E-commerce,Arman Khan,Unknown,2,2025-08-15 09:45:07,shipping fee is so expensive,shipping fee is so expensive,0,5,28,0,0,0,1.0,0,0,0.0,1,0,1,0.0,0,1,0,2.0,0.0
0bd37751-b267-4b84-bdf5-66fcf570f21a,Daraz,E-commerce,Abdul Manan,Unknown,4,2025-08-15 10:29:53,yaar ismein Har ek chij se sari chijen Nahin Hai ismein sari,yaar ismein har ek chij se sari chijen nahin hai ismein sari,0,12,60,0,0,0,0.8333333333333334,0,1,0.0,1,0,1,0.0,0,1,0,4.0,0.0
945327fd-ac49-41bf-830a-c5e62301f202,Daraz,E-commerce,Aashish Kumar kanu,Unknown,2,2025-08-15 13:13:51,good experience 🥰,good experience 🥰,0,3,17,1,0,0,1.0,0,0,0.8807,1,0,1,0.0,0,1,1,2.0,0.0
0e19ff77-d30e-40c8-be9d-274c5b598ae8,Daraz,E-commerce,Zainab Kalsum,Unknown,2,2025-08-15 17:25:26,everything is good quality is is 10 out of 9 by delivery charges to expensive,everything is good quality is is 10 out of 9 by delivery charges to expensive,0,15,77,0,0,0,0.8666666666666667,0,0,0.2023,1,0,1,0.0,0,1,0,2.0,0.0
10d16d33-ef83-4f27-96a8-d2b0202e3388,Daraz,E-commerce,Juboraj,Unknown,4,2025-08-15 20:19:37,suggestion: Add Dark Mode Please,suggestion: add dark mode please,0,5,32,0,0,0,1.0,0,0,0.3182,1,0,1,0.0,0,1,0,4.0,0.0
8b24d307-1dc6-4fbd-aadc-b4df7e076b53,Daraz,E-commerce,Ghulam Hassan,Unknown,2,2025-08-15 22:57:42,Everything is very expensive,everything is very expensive,0,4,28,0,0,0,1.0,0,0,0.0,1,0,1,0.0,0,1,0,2.0,0.0
91671dc4-e5d2-4ee5-952d-40399b3c858d,Daraz,E-commerce,K.M Hasan,Unknown,4,2025-08-16 04:51:59,পার্সেল সিস্টেম টা একটু ভালো করে না,পার্সেল সিস্টেম টা একটু ভালো করে না,0,7,35,0,0,0,1.0,0,0,0.0,1,0,1,0.0,0,1,0,4.0,0.0
6c7d3677-eb79-4694-86ee-3a91f93b7013,Daraz,E-commerce,Fuo ali,Unknown,2,2025-08-16 06:58:12,so high rates,so high rates,0,3,13,0,0,0,1.0,0,0,0.0,1,0,1,0.0,0,1,0,2.0,0.0
38239151-967d-47f9-9775-89225360d3ae,Daraz,E-commerce,Mozzam saleem Mozzam saleem,Unknown,2,2025-08-16 15:45:00,Best app,best app,0,2,8,0,0,0,1.0,0,1,0.6369,1,0,1,0.0,0,3,1,2.0,0.0
0c6347af-d39f-49c8-90d0-f90028f733c0,Daraz,E-commerce,Bashrat Ali,Unknown,4,2025-08-16 16:38:11,very nice,very nice,0,2,9,0,0,0,1.0,0,0,0.4754,1,0,1,0.0,0,3,0,4.0,0.0
7e585f15-e736-436f-ac8a-f27642d596f9,Daraz,E-commerce,HUZAIFA Ahmed,Unknown,4,2025-08-17 07:12:44,almost good 🙌🏼,almost good 🙌🏼,0,3,14,2,0,0,1.0,0,0,0.3832,1,0,1,0.0,0,1,0,4.0,0.0
8b9e3d3c-d5e5-453e-bc72-1d9f3a628850,Daraz,E-commerce,Manal khan,Unknown,4,2025-08-17 12:46:15,really nice products and fast delivery services.,really nice products and fast delivery services.,0,7,48,0,0,0,1.0,0,0,0.4754,1,0,1,0.0,0,1,0,4.0,0.0
bb71d8bd-7775-4796-b3d4-2ad26f9a9168,Daraz,E-commerce,Sujal Sunar,Unknown,2,2025-08-17 15:59:46,tati dami xaina k khojeko chij ni painna,tati dami xaina k khojeko chij ni painna,0,8,40,0,0,0,1.0,0,0,0.0,1,0,1,0.0,0,1,0,2.0,0.0
572c376b-d7e5-4e7b-947a-cb999e10f841,Daraz,E-commerce,Naimalzia500 Zia,Unknown,4,2025-08-17 16:44:16,I would like to give this app 4 stars this app is good but sometimes the things are expensive and the quality of products is not good. otherwise this app is good ty!,i would like to give this app 4 stars this app is good but sometimes the things are expensive and the quality of products is not good. otherwise this app is good ty!,1,33,165,0,0,0,0.7575757575757576,0,1,0.5766,1,0,1,0.0,0,1,0,4.0,0.0
2b9ac9cd-925d-400a-8a72-b6a3d847e8a6,Daraz,E-commerce,Billal Hossain Mollah,Unknown,2,2025-08-18 07:36:02,Good Job,good job,0,2,8,0,0,0,1.0,0,0,0.4404,1,0,1,0.0,0,3,0,2.0,0.0
1359d7e7-9e8a-40d0-a6d5-a9bc5d95682a,Daraz,E-commerce,PRATAP SINGH SUSHANT,Unknown,4,2025-08-19 00:49:56,Good but ther should xonnect Customer with store for replacement in case needed,good but ther should xonnect customer with store for replacement in case needed,0,13,79,0,0,0,1.0,0,0,0.2382,1,0,1,0.0,0,1,0,4.0,0.0
13a11e14-9def-4eef-af50-946e38b7297d,Daraz,E-commerce,Tayyba Jann,Unknown,4,2025-08-19 12:12:43,Good aap,good aap,0,2,8,0,0,0,1.0,0,0,0.4404,1,0,1,0.0,0,1,0,4.0,0.0
48e1378f-f15c-4304-aaf8-6794174a6393,Daraz,E-commerce,Aayush Tamang,Unknown,4,2025-08-19 12:24:12,Very good,very good,0,2,9,0,0,0,1.0,0,0,0.4927,1,0,1,0.0,0,4,0,4.0,0.0
98ca6e62-d410-4aaa-a878-6c247091f315,Daraz,E-commerce,Ajay Shah,Unknown,4,2025-08-20 16:21:21,so far my shopping experience has been good.,so far my shopping experience has been good.,0,8,44,0,0,0,1.0,0,0,0.4404,1,0,1,0.0,0,1,0,4.0,0.0
a4836496-219f-411e-816d-0176154101ba,Daraz,E-commerce,Jahangir Adil,Unknown,4,2025-08-20 19:32:24,Cool but expensive ♥️,cool but expensive ♥️,0,4,21,0,0,0,1.0,0,0,0.8151,1,0,1,0.0,0,1,0,4.0,0.0
1a15b981-d11f-4155-a0d3-e622bafc22fd,Daraz,E-commerce,Haider ali,Unknown,4,2025-08-20 20:17:59,ok best functional app,ok best functional app,0,4,22,0,0,0,1.0,0,1,0.7506,1,0,1,0.0,0,1,0,4.0,0.0
ac286340-1f3c-45da-b183-e1bf084a3389,Daraz,E-commerce,Hadi Gee,Unknown,2,2025-08-21 02:40:49,now daraz also become a fraud app a seller send me an expiration parcel I want to return it but daraz rejected my return process automatically and don't return my parcel I request to resolve this problem,now daraz also become a fraud app a seller send me an expiration parcel i want to return it but daraz rejected my return process automatically and don't return my parcel i request to resolve this problem,9,37,203,0,0,0,0.7837837837837838,0,1,-0.817,1,0,1,0.0,0,1,0,2.0,0.0
85719ce0-71a3-4288-afbc-2114743dff4b,Daraz,E-commerce,Nuzhat Sajjad,Unknown,4,2025-08-21 11:22:06,good app for online shopping there r everything u want . Sometimes they do fraud to their buyers . RECOMMENDED,good app for online shopping there r everything u want . sometimes they do fraud to their buyers . recommended,0,20,110,0,0,1,0.95,0,1,0.0516,1,0,1,0.0,0,1,0,4.0,0.0
758bfe69-459f-4280-8080-317f5f5f74bb,Daraz,E-commerce,Naw Been,Unknown,2,2025-08-22 03:43:49,Where Is Rolpa District Plz I Request You Add Rolpa District💝🤌,where is rolpa district plz i request you add rolpa district💝🤌,0,11,62,2,0,0,0.9090909090909091,0,0,0.6705,1,0,1,0.0,0,1,1,2.0,0.0
d76cfda6-dedd-434f-9521-6556e60885e5,Daraz,E-commerce,Bayzid Ahmed,Unknown,4,2025-08-22 09:54:01,good apps,good apps,0,2,9,0,0,0,1.0,0,1,0.4404,1,0,1,0.0,0,2,0,4.0,0.0
903a2e9b-1392-4f7a-bd63-a496b1c77e33,Daraz,E-commerce,Krishna Sunar,Unknown,4,2025-08-22 12:20:47,I love this app it is my fav app,i love this app it is my fav app,0,9,32,0,0,0,0.8888888888888888,0,1,0.802,1,0,1,0.0,0,1,0,4.0,0.0
069efd23-8615-449a-a91b-5f3ed61eb4d9,Daraz,E-commerce,Tanjina Iqbal,Unknown,4,2025-08-23 00:25:20,good👌,good👌,0,1,5,1,0,0,1.0,0,0,0.8415,1,0,1,0.0,0,1,0,4.0,0.0
209bc35b-1280-4ca9-ae26-6d81728f73ad,Daraz,E-commerce,Faizan Khalid فيضان خالد,Unknown,4,2025-08-23 03:18:34,Good. Hard-Soft.pk,good. hard-soft.pk,0,2,18,0,0,0,1.0,0,0,0.4404,1,0,1,0.0,0,1,0,4.0,0.0
3bf87e42-d40b-48bc-a138-afdc6e0b4b1b,Daraz,E-commerce,Sudip Paudel,Unknown,4,2025-08-23 06:45:21,it's okay,it's okay,0,2,9,0,0,0,1.0,0,0,0.2263,1,0,1,0.0,0,1,0,4.0,0.0
b6c0c925-1fda-403d-8324-594484801e11,Daraz,E-commerce,Tokyo Fat,Unknown,2,2025-08-23 17:56:46,"I would absolutely appreciate and give 5 stars if pictures from review section would work properly, every single time I've to go to chrome in order to watch pictures and see reviews, it's so annoying.","i would absolutely appreciate and give 5 stars if pictures from review section would work properly, every single time i've to go to chrome in order to watch pictures and see reviews, it's so annoying.",4,35,200,0,0,0,0.8571428571428571,0,1,-0.1276,1,0,1,0.0,0,1,0,2.0,0.0
fdc5ba88-e58e-463a-8489-f685eadfa3ff,Daraz,E-commerce,Seeme Rehmat,Unknown,2,2025-08-24 17:49:16,not good,not good,0,2,8,0,0,0,1.0,0,0,-0.3412,1,0,1,0.0,0,2,0,2.0,0.0
2bd2f578-0f1f-4e48-b8c7-bec071a6a92b,Daraz,E-commerce,Moina JM,Unknown,2,2025-08-25 06:20:16,The app is good but the review pictures won't open,the app is good but the review pictures won't open,0,10,50,0,0,0,0.9,0,1,0.2382,1,0,1,0.0,0,1,0,2.0,0.0
6a08f2ae-a4aa-4596-a82e-51c2edeb9fd2,Daraz,E-commerce,Aditi Pradhan Ishka,Unknown,4,2025-08-25 11:21:38,I rate it 4 star because it takes too much space,i rate it 4 star because it takes too much space,0,11,48,0,0,0,0.9090909090909091,0,0,0.0,1,0,1,0.0,0,1,0,4.0,0.0
27fead8e-66ac-4eeb-9e4f-8488b7c35a95,Daraz,E-commerce,Captain Melodious,Unknown,2,2025-08-25 14:42:21,poor app,poor app,0,2,8,0,0,0,1.0,0,1,-0.4767,1,0,1,0.0,0,1,0,2.0,0.0
d8f52a2e-0f86-4868-a34d-13b0146846bd,Daraz,E-commerce,Zeeshan Awan,Unknown,2,2025-08-25 15:07:26,Good App,good app,0,2,8,0,0,0,1.0,0,1,0.4404,1,0,1,0.0,0,10,0,2.0,0.0
d212e529-be37-4553-8f78-e3a4425f6ca3,Daraz,E-commerce,Zohaib Akram,Unknown,2,2025-08-26 04:29:05,har aik products par cod ni a Rahi,har aik products par cod ni a rahi,0,8,34,0,0,0,1.0,0,0,0.0,1,0,1,0.0,0,1,0,2.0,0.0
626dd768-90be-42d8-ba8f-a0c8802f2829,Daraz,E-commerce,Pasang Dolma,Unknown,4,2025-08-26 07:53:36,perfect 🥰❤️,perfect 🥰❤️,0,2,11,1,0,0,1.0,0,0,0.9001,1,0,1,0.0,0,1,0,4.0,0.0
69d6c540-71d7-4198-83e8-a6f06b5f4cfd,Daraz,E-commerce,Sanjana Ayshi,Unknown,2,2025-08-26 08:26:08,customer support is very bad... all is ai and it's painful.,customer support is very bad... all is ai and it's painful.,0,11,59,0,0,0,0.9090909090909091,0,0,-0.6115,1,0,1,0.0,0,1,0,2.0,0.0
70ddb04e-da15-4d45-96b9-c8b8d450766f,Daraz,E-commerce,RD SHEMANTO,Unknown,2,2025-08-26 08:35:05,Delivery charge outside Dhaka is 150 taka. This is an unusual thing. It would be better if the delivery charge outside Dhaka was 70 taka.,delivery charge outside dhaka is 150 taka. this is an unusual thing. it would be better if the delivery charge outside dhaka was 70 taka.,0,25,137,0,0,0,0.76,0,0,0.4404,1,0,1,0.0,0,1,0,2.0,0.0
7e1ed391-9e2a-4877-b247-2cc5dca2d4eb,Daraz,E-commerce,Maryam,Unknown,4,2025-08-26 09:15:36,review pictures aren't opening on my mobile app kindly fix this issue,review pictures aren't opening on my mobile app kindly fix this issue,0,12,69,0,0,0,1.0,0,1,0.4939,1,0,1,0.0,0,1,0,4.0,0.0
bad9026b-f6df-48b7-9fc2-c80d45eb0d67,Daraz,E-commerce,Anwaar,Unknown,4,2025-08-26 21:54:08,Hey Daraz Please plz plz give Dark mode please have mercy on night owls,hey daraz please plz plz give dark mode please have mercy on night owls,0,14,71,0,0,0,0.8571428571428571,0,0,0.7717,1,0,1,0.0,0,1,0,4.0,0.0
12c3a4e8-ba99-4ae9-bf63-89a840dcd43a,Daraz,E-commerce,m a sayed,Unknown,4,2025-08-27 04:40:40,ok ok not bad,ok ok not bad,0,4,13,0,0,0,0.75,0,0,0.7391,1,0,1,0.0,0,1,0,4.0,0.0
16cd87af-2625-4345-a515-5607bfbed16e,Daraz,E-commerce,Md Yousuf Ali,Unknown,4,2025-08-27 04:47:55,daraz is a very good platform to respond castomar report and solved the problem,daraz is a very good platform to respond castomar report and solved the problem,0,14,79,0,0,0,1.0,0,0,0.3804,1,0,1,0.0,0,1,0,4.0,0.0
ef62ffb5-9ad5-4de9-a419-f45af8e8ff50,Daraz,E-commerce,Shahid usman,Unknown,2,2025-08-27 08:31:23,wery bad so much bad ihate this abandonend things,wery bad so much bad ihate this abandonend things,0,9,49,0,0,0,0.8888888888888888,0,0,-0.8062,1,0,1,0.0,0,1,0,2.0,0.0
5cc8a458-7615-44e6-a48d-88da3ba8792f,Daraz,E-commerce,Nadir Hossain,Unknown,4,2025-08-27 17:05:08,i think this store one day top order website in the world in future,i think this store one day top order website in the world in future,0,14,67,0,0,0,0.9285714285714286,1,0,0.2023,1,0,1,0.0,0,1,0,4.0,0.0
eaa6bc8a-a49f-406d-ad5e-e3a7f04fe60f,Daraz,E-commerce,Hafnai Xapara,Unknown,4,2025-08-28 08:32:25,can 15 yrs old can order,can 15 yrs old can order,0,6,24,0,0,0,0.8333333333333334,0,0,0.0,1,0,1,0.0,0,1,0,4.0,0.0
1ac2ba11-f0f5-4067-8b7c-531dcae0160c,Daraz,E-commerce,Shahid Khan,Unknown,4,2025-08-28 10:45:12,this is one and only app for shopping in Pakistan but this is normal okay 🆗,this is one and only app for shopping in pakistan but this is normal okay 🆗,0,16,75,1,0,0,0.875,0,1,0.7391,1,0,1,0.0,0,1,0,4.0,0.0
c613fa71-4fff-44e3-be30-0b27d2d7edb2,Daraz,E-commerce,EKBAL DAS,Unknown,2,2025-08-28 10:47:09,major of the delivered products does not meet the required expectation and makes bad impression I have returned many products which are still in progress.,major of the delivered products does not meet the required expectation and makes bad impression i have returned many products which are still in progress.,0,25,154,0,0,0,0.92,0,0,0.0516,1,0,1,0.0,0,1,0,2.0,0.0
34b4a002-f9b1-4138-b345-67e4d5f73992,Daraz,E-commerce,Ahmed Raza,Unknown,4,2025-08-28 12:07:49,cf zoom indeed sson w sb as the xxx to www IRS me v u send it be klmnyr hpbt rre,cf zoom indeed sson w sb as the xxx to www irs me v u send it be klmnyr hpbt rre,0,21,80,0,0,1,1.0,0,0,0.0,1,0,1,0.0,0,1,0,4.0,0.0
e605f5d9-9c4e-49e8-a0d9-82e039bae07f,Daraz,E-commerce,Muhammad Madni,Unknown,4,2025-08-28 14:39:02,God and beautiful app,god and beautiful app,0,4,21,0,0,0,1.0,0,1,0.7184,1,0,1,0.0,0,1,0,4.0,0.0
4dba6632-aaaf-4b9f-a5aa-d32665b18371,Daraz,E-commerce,Raj Thakur,Unknown,2,2025-08-28 15:44:16,in my phone only few proudut picture are display,in my phone only few proudut picture are display,0,9,48,0,0,0,1.0,0,0,0.0,1,0,1,0.0,0,1,0,2.0,0.0
f5b638a8-af75-4c68-b5d3-fd4fbc02440b,Daraz,E-commerce,Asim Rasool,Unknown,2,2025-08-28 21:22:09,"lately the photos in customer reviews do not open. cleared cache, cleared data, reinstalled app but still the same issue.","lately the photos in customer reviews do not open. cleared cache, cleared data, reinstalled app but still the same issue.",2,20,121,0,0,0,0.9,1,1,0.0134,1,0,1,0.0,0,1,0,2.0,0.0
53665bb1-0a80-428b-8331-82d31846f646,Daraz,E-commerce,Md Mofijur Rahaman,Unknown,2,2025-08-29 08:27:20,পাগল ছাগলের দেশ,পাগল ছাগলের দেশ,0,3,15,0,0,0,1.0,0,0,0.0,1,0,1,0.0,0,1,0,2.0,0.0
67daf42b-80cc-480e-ada7-44fa59d91919,Daraz,E-commerce,LCD,Unknown,4,2025-08-29 09:48:38,Good 👍👍👏👏☺☺,good 👍👍👏👏☺☺,0,2,11,4,0,0,1.0,0,0,0.836,1,0,1,0.0,0,1,0,4.0,0.0
e0427416-37c1-4483-b96b-9a8534adf563,Daraz,E-commerce,M I R,Unknown,4,2025-08-29 11:43:27,Why is this app occupying 9 GB. it doesn't make any sense. The biggest app in terms of storage space on my phone,why is this app occupying 9 gb. it doesn't make any sense. the biggest app in terms of storage space on my phone,2,23,112,0,0,1,0.9565217391304348,0,1,0.0,1,0,1,0.0,0,1,0,4.0,0.0
6530b5a6-c948-4ed5-9899-c1ba9e598f19,Daraz,E-commerce,Haya Khan,Unknown,4,2025-08-29 21:50:16,good 👍 service 💯,good 👍 service 💯,0,4,16,2,0,0,1.0,0,0,0.4404,1,0,1,0.0,0,1,0,4.0,0.0
f2822c44-0096-4faa-b25a-fe8bc706d5a9,Daraz,E-commerce,Ammar,Unknown,4,2025-08-30 13:26:00,not bad thanks,not bad thanks,0,3,14,0,0,0,1.0,0,0,0.1139,1,0,1,0.0,0,1,0,4.0,0.0
fb4ff353-474f-430f-826e-985ef0d5b9f0,Daraz,E-commerce,Jasim Matubber,Unknown,4,2025-08-30 17:00:43,Return system and product must be same as picture would be more improved.,return system and product must be same as picture would be more improved.,0,13,73,0,0,0,0.9230769230769231,0,0,0.5256,1,0,1,0.0,0,1,0,4.0,0.0
d0462e62-943d-40e4-8393-2218ed0af3b0,Daraz,E-commerce,Qurat ul Ain,Unknown,2,2025-08-30 17:42:08,bring dark mode in app,bring dark mode in app,0,5,22,0,0,0,1.0,0,1,0.0,1,0,1,0.0,0,1,0,2.0,0.0
58a93dd3-a745-4e09-ae1f-8e06987e505b,Daraz,E-commerce,Syed Fida Hussain,Unknown,2,2025-08-31 04:06:31,",this is so",",this is so",0,3,11,0,0,0,1.0,0,0,0.0,1,0,1,0.0,0,1,0,2.0,0.0
6fce18bc-7619-45cc-bdcb-361255761f02,Daraz,E-commerce,Asad Azam,Unknown,2,2025-09-01 03:27:31,"App has issues, Photos and Videos in product reviews Never Loads.","app has issues, photos and videos in product reviews never loads.",0,11,65,0,0,0,1.0,0,1,0.0,1,0,1,0.0,0,1,0,2.0,0.0
af06da2f-2d73-4028-841d-4b0f88fb075e,Daraz,E-commerce,SHERAZ YOUSAF KD 1,Unknown,4,2025-09-01 05:25:03,WHERE DARK MODE OR BLACK THEME?,where dark mode or black theme?,0,6,31,0,0,6,1.0,0,0,0.0,1,0,1,0.0,0,1,0,4.0,0.0
76185c82-4176-4af6-891d-0ae3a4afddcd,Daraz,E-commerce,Vishal kumar Patel,Unknown,4,2025-09-01 07:08:46,not bed,not bed,1,2,7,0,0,0,1.0,0,0,0.0,1,0,1,0.0,0,1,0,4.0,0.0
ce695cbb-701f-4a7a-a103-1954f481f31f,Daraz,E-commerce,Ameer Hamza,Unknown,4,2025-09-01 08:44:39,plsss resolve the review picture open issue it takes forever to open a picture in review,plsss resolve the review picture open issue it takes forever to open a picture in review,0,16,88,0,0,0,0.8125,0,0,0.3818,1,0,1,0.0,0,1,0,4.0,0.0
aff06116-5bf6-47e6-809b-94c4bd6b0838,Daraz,E-commerce,Pirzada Noman,Unknown,4,2025-09-01 19:26:48,Good product selling platform i have now 1 problem free delivery fee have delivery fee that is my problem why 🙂,good product selling platform i have now 1 problem free delivery fee have delivery fee that is my problem why 🙂,0,21,111,1,0,0,0.8095238095238095,1,0,0.5434,1,0,1,0.0,0,1,0,4.0,0.0
42d767a3-083c-4edc-8161-21c70ff984a1,Daraz,E-commerce,Jutt Mobile,Unknown,4,2025-09-02 05:42:53,Pakistan online shopping app,pakistan online shopping app,0,4,28,0,0,0,1.0,0,1,0.0,1,0,2,0.0,0,1,0,4.5,0.7071067811865476
a05a4006-7cb6-4907-b502-4b9f0e56ca9d,Daraz,E-commerce,Iqra Majeed,Unknown,4,2025-09-02 10:15:43,delivery charges are high.,delivery charges are high.,0,4,26,0,0,0,1.0,0,0,-0.2732,1,0,1,0.0,0,1,0,4.0,0.0
77efec5c-4bda-4394-9ad3-d0bd14210828,Daraz,E-commerce,Shakeel Ahmed,Unknown,4,2025-09-02 10:51:05,not bad very gooooooooooooood,not bad very gooooooooooooood,0,4,29,0,0,0,1.0,0,0,0.431,1,0,1,0.0,0,1,0,4.0,0.0
bb4fce39-3f8c-41b7-a577-20c5eb5c47ab,Daraz,E-commerce,Radheeda Samsudeen,Unknown,4,2025-09-02 13:33:07,Very goodness,very goodness,0,2,13,0,0,0,1.0,0,0,0.5095,1,0,1,0.0,0,1,0,4.0,0.0
8af78000-89c5-4ddb-a1c0-ed75d6523118,Daraz,E-commerce,Samiullah Baloch,Unknown,4,2025-09-02 19:37:51,app is good but add some action on some seller add inappropriate pictures and inappropriate ads and today my little brother playing game and he saw inappropriate ads so please take action on them,app is good but add some action on some seller add inappropriate pictures and inappropriate ads and today my little brother playing game and he saw inappropriate ads so please take action on them,0,34,195,0,0,0,0.7352941176470589,0,1,0.773,1,0,1,0.0,0,1,0,4.0,0.0
c2a1afd7-4406-4dda-9d1e-798408e86491,Daraz,E-commerce,Aneeqa faisal Aneeqa,Unknown,4,2025-09-03 04:49:50,Great a good app,great a good app,0,4,16,0,0,0,1.0,0,1,0.7906,1,0,1,0.0,0,1,0,4.0,0.0
eadc5b36-00be-428c-9b67-0c86c9d0a5ca,Daraz,E-commerce,Shilpi Saha,Unknown,4,2025-09-04 09:27:54,good but need more things and fast delivery,good but need more things and fast delivery,0,8,43,0,0,0,1.0,0,0,0.2382,1,0,1,0.0,0,1,0,4.0,0.0
e2f3960d-6bb7-4466-96b0-82c147ab4a4f,Daraz,E-commerce,Stepan Chaudhary,Unknown,2,2025-09-04 13:18:20,when I open photo of reviewed things photo will not open and all photo will turn in brown colour,when i open photo of reviewed things photo will not open and all photo will turn in brown colour,0,19,96,0,0,0,0.7894736842105263,0,0,0.0,1,0,1,0.0,0,1,0,2.0,0.0
e267cb5e-1590-41d4-b2a8-dda5f94793b1,Daraz,E-commerce,Tuli Nasrin,Unknown,4,2025-09-04 13:47:24,Good!,good!,0,1,5,0,0,0,1.0,0,0,0.4926,1,0,1,0.0,0,2,0,4.0,0.0
58254e7b-774d-4a46-b621-cdfef692721a,Daraz,E-commerce,Sarwar azam,Unknown,2,2025-09-05 04:01:31,rag dra sees n. h to mmk m ttyl t,rag dra sees n. h to mmk m ttyl t,0,10,33,0,0,0,1.0,0,0,0.1531,1,0,1,0.0,0,1,0,2.0,0.0
8d7fd2bf-df12-4d47-9da7-96c0a5199383,Daraz,E-commerce,sana faisal,Unknown,4,2025-09-05 12:52:58,I have been using daraz for many years as many items which are not found locally are available on daraz but recently having problems due to increasing shipping fee.,i have been using daraz for many years as many items which are not found locally are available on daraz but recently having problems due to increasing shipping fee.,0,29,164,0,0,0,0.896551724137931,0,0,-0.5499,1,0,1,0.0,0,1,1,4.0,0.0
466652e2-9faa-4270-b7ce-cdc6c7c720c1,Daraz,E-commerce,Rana Kayser Bibu,Unknown,2,2025-09-05 19:30:52,why you have no dark mode..! too much notification is annoying... need to reduce the delivery price. some products are too expensive than the usual market.,why you have no dark mode..! too much notification is annoying... need to reduce the delivery price. some products are too expensive than the usual market.,2,26,155,0,0,0,0.9230769230769231,0,0,-0.636,1,0,1,0.0,0,1,0,2.0,0.0
9a07552c-b586-4f85-a540-8aaeb370ee09,Daraz,E-commerce,HASNAIN ALI,Unknown,4,2025-09-06 08:55:58,all good but delivery 🚚 K lye bhoot time lagta hy,all good but delivery 🚚 k lye bhoot time lagta hy,0,11,49,1,0,0,1.0,0,0,0.2382,1,0,1,0.0,0,1,0,4.0,0.0
4a300639-e6c6-4a0b-b48e-8d18dabaf416,Daraz,E-commerce,Amjad Sagar,Unknown,4,2025-09-06 10:13:59,Zx adam,zx adam,0,2,7,0,0,0,1.0,0,0,0.0,1,0,1,0.0,0,1,0,4.0,0.0
6ad9ee5e-ed63-4b30-81b8-adac1e9c2fac,Daraz,E-commerce,Majid Zubair,Unknown,4,2025-09-07 07:09:04,Daraz is good app for online shopping.,daraz is good app for online shopping.,0,7,38,0,0,0,1.0,0,1,0.4404,1,0,1,0.0,0,1,0,4.0,0.0
5c20cf9c-5ed0-44c3-8977-bfe7cf7c73ee,Daraz,E-commerce,Sifat Ahmad,Unknown,2,2025-09-09 01:00:41,shopping nice,shopping nice,0,2,13,0,0,0,1.0,0,0,0.4215,1,0,1,0.0,0,1,0,2.0,0.0
1f1c03dd-49ed-4eb6-8696-77d7f4d4a8cb,Daraz,E-commerce,Saad,Unknown,2,2025-09-09 05:21:19,can't open the products pictures in the comments or user review sections for better understanding of the product......,can't open the products pictures in the comments or user review sections for better understanding of the product......,1,18,118,0,0,0,0.8888888888888888,0,0,0.4404,1,0,1,0.0,0,1,0,2.0,0.0
601ed7b4-aaa0-4c5a-a337-984e86880e9f,Daraz,E-commerce,Sheraz khan Azam khan,Unknown,4,2025-09-09 14:25:47,Thanks no idya,thanks no idya,0,3,14,0,0,0,1.0,0,0,0.1779,1,0,1,0.0,0,1,0,4.0,0.0
9f07cb11-aa74-4446-8d9c-85374c795e5f,Daraz,E-commerce,Yeshu Maneesha,Unknown,2,2025-09-10 16:48:22,Good but there are scams too. please check em. And there are products and advertisements containing inappropriate items. Remove em asap. Those things make it look like the user is bad.,good but there are scams too. please check em. and there are products and advertisements containing inappropriate items. remove em asap. those things make it look like the user is bad.,0,31,184,0,0,0,0.9032258064516129,0,1,-0.5859,1,0,1,0.0,0,1,0,2.0,0.0
2acebbdb-fdfc-4b6a-ac6d-306cc87d8534,Daraz,E-commerce,Shakib Hossain Tonmoy,Unknown,2,2025-09-10 19:08:39,For the last few months I can't update or change my address book. Please fix this.,for the last few months i can't update or change my address book. please fix this.,0,16,82,0,0,0,1.0,0,0,0.3182,1,0,1,0.0,0,1,0,2.0,0.0
3c588fad-ad3a-4c79-8f5e-c0aab0d0b6d3,Daraz,E-commerce,Sita Shanu,Unknown,2,2025-09-11 01:58:57,fake app how in photo and how in real life shocking don't trust on this app,fake app how in photo and how in real life shocking don't trust on this app,0,16,75,0,0,0,0.8125,0,1,-0.8177,1,0,1,0.0,0,1,0,2.0,0.0
0b5c96db-b267-46fb-b9cd-9131e04e8b6b,Daraz,E-commerce,Usman Ali,Unknown,2,2025-09-11 09:05:02,this is a very good application very amazing and fantastic application amazing its application very osm application 😶‍🌫️,this is a very good application very amazing and fantastic application amazing its application very osm application 😶‍🌫️,0,18,120,2,0,0,0.6666666666666666,0,1,0.9428,1,0,1,0.0,0,1,1,2.0,0.0
fab9a912-32f9-4f3f-bbc0-d7a2ffdcd561,Daraz,E-commerce,Engr Hamza Izhar,Unknown,2,2025-09-11 19:57:56,The Customer Reviewd images takes long time to load. please fix that bug,the customer reviewd images takes long time to load. please fix that bug,0,13,72,0,0,0,1.0,0,0,0.3182,1,0,1,0.0,0,1,0,2.0,0.0
336e3770-1ee3-4e20-a56b-059feddeef8c,Daraz,E-commerce,Pandit Ashok,Unknown,2,2025-09-12 07:47:14,So so,so so,0,2,5,0,0,0,0.5,0,0,0.0,1,0,1,0.0,0,1,0,2.0,0.0
39122dcb-7532-442e-a4d4-faa60520d71a,Daraz,E-commerce,Crazy Crafts,Unknown,4,2025-09-12 09:50:21,I think I want to install this all time 😉,i think i want to install this all time 😉,0,10,41,1,0,0,0.9,1,0,0.0772,1,0,1,0.0,0,1,0,4.0,0.0
c82c927e-3d6b-4172-a57a-0bb3589e18f7,Daraz,E-commerce,Md.Mominul Islam,Unknown,2,2025-09-12 10:22:04,পার্সেলশিপিং রেট অনেক বেশি। 🥺,পার্সেলশিপিং রেট অনেক বেশি। 🥺,0,5,29,1,0,0,1.0,0,0,0.0,1,0,1,0.0,0,1,0,2.0,0.0
a53dfba2-15a9-42a4-ac48-75b8988a8a25,Daraz,E-commerce,Razu Ahmmad,Unknown,2,2025-09-12 22:20:20,nice to meet you,nice to meet you,0,4,16,0,0,0,1.0,0,0,0.4215,1,0,1,0.0,0,1,0,2.0,0.0
f009747d-ed2e-46d7-9f23-c555d4c55bd6,Daraz,E-commerce,Tayyaba Ahtsham,Unknown,4,2025-09-13 06:41:27,pls help me I need work,pls help me i need work,0,6,23,0,0,0,1.0,0,0,0.4588,1,0,1,0.0,0,1,0,4.0,0.0
b66c7024-7110-4317-a25e-69d27981234f,Daraz,E-commerce,Esala Mayadunna,Unknown,2,2025-09-13 10:57:37,Photos in product reviews are not loading. Customer care chat is also buggy. App is totally a trash! However the daraz platform is good. Buggy app is the only problem.,photos in product reviews are not loading. customer care chat is also buggy. app is totally a trash! however the daraz platform is good. buggy app is the only problem.,2,30,167,0,0,0,0.8333333333333334,0,1,-0.4059,1,0,1,0.0,0,1,0,2.0,0.0
561f2ef5-f249-4da1-a434-57a6a7228bbc,Daraz,E-commerce,Aslam Khan Chaudhari,Unknown,4,2025-09-13 12:35:21,chaudhari 🤩,chaudhari 🤩,0,2,11,1,0,0,1.0,0,0,0.0,1,0,1,0.0,0,1,0,4.0,0.0
6520c2b6-eae2-45a3-8116-84e7c8ad3fad,Daraz,E-commerce,Kashif Banbhan,Unknown,2,2025-09-13 12:45:46,Slow work Markaz app best,slow work markaz app best,0,5,25,0,0,0,1.0,0,1,0.6369,1,0,1,0.0,0,1,1,2.0,0.0
2fc7d4bc-446d-48cf-b694-f026fbc809b1,Daraz,E-commerce,Hashu,Unknown,4,2025-09-14 10:09:17,daraz Baki online apps ka mukabla ziada sasta ha,daraz baki online apps ka mukabla ziada sasta ha,0,9,48,0,0,0,1.0,0,1,0.34,1,0,1,0.0,0,1,0,4.0,0.0
5acf51f5-1b1e-4361-9a27-2a9b99fbd7af,Daraz,E-commerce,Huzaifa Ghayas,Unknown,4,2025-09-14 13:41:50,shopping to mene ki nahi kabhhi per match drkhne ke Liye ye Best hai,shopping to mene ki nahi kabhhi per match drkhne ke liye ye best hai,0,14,68,0,0,0,1.0,0,1,0.6369,1,0,1,0.0,0,1,0,4.0,0.0
b5cd66c8-b6b7-479d-8d4c-c2bcc5b36f2d,Daraz,E-commerce,md hamid,Unknown,1,2025-09-14 13:48:56,ki ra,ki ra,0,2,5,0,0,0,1.0,0,0,0.0,1,0,1,0.0,0,1,0,1.0,0.0
9423ed69-aadb-4854-b609-fc4afc5460bb,Daraz,E-commerce,all gaming,Unknown,1,2025-09-14 15:17:31,বিকাশে পেমেন্ট নেই নাই আমি শর্ত মানছিলাম,বিকাশে পেমেন্ট নেই নাই আমি শর্ত মানছিলাম,0,7,40,0,0,0,1.0,0,0,0.0,1,0,1,0.0,0,1,0,1.0,0.0
6df659ef-66dd-47ca-bf86-eba1f7d0de0b,Daraz,E-commerce,Mobi Rockon,Unknown,1,2025-09-14 17:49:58,lagta hai daraz team ka koi irada nahi hai ye bug fix kerne ka reviews ki pics blank show hoti hain lagta saal hone wala hai lekin daraz ko paise banaane ke ilawa or kisi cheez ka time nahi hai,lagta hai daraz team ka koi irada nahi hai ye bug fix kerne ka reviews ki pics blank show hoti hain lagta saal hone wala hai lekin daraz ko paise banaane ke ilawa or kisi cheez ka time nahi hai,2,40,193,0,0,0,0.8,0,1,0.0,1,0,1,0.0,0,1,0,1.0,0.0
f50c829d-c8f9-4702-af37-eb591196ddc9,Daraz,E-commerce,love life,Unknown,1,2025-09-14 17:56:23,worst money 💰,worst money 💰,0,3,13,1,0,0,1.0,0,0,-0.6249,1,0,1,0.0,0,1,0,1.0,0.0
5a1d88d4-d3d0-4135-bda7-e048eb2b35d5,Daraz,E-commerce,Umair Ahmed,Unknown,4,2025-09-14 18:56:16,"application is not responsive, when look for customer reviews or open vouchers to collect.. it just becomes slow or no response and then i have to return to the previous window/section","application is not responsive, when look for customer reviews or open vouchers to collect.. it just becomes slow or no response and then i have to return to the previous window/section",0,31,184,0,0,0,0.9032258064516129,0,1,-0.5122,1,0,1,0.0,0,1,1,4.0,0.0
893c608c-bd45-4a30-966f-700128812b72,Daraz,E-commerce,Sardar Abdulwaheed Dogar,Unknown,1,2025-09-15 00:35:43,bhot bekar app he parsal hi nai ata,bhot bekar app he parsal hi nai ata,0,8,35,0,0,0,1.0,0,1,0.0,1,0,1,0.0,0,1,0,1.0,0.0
5759a3c7-9546-4a44-9ea2-68b254f58c2b,Daraz,E-commerce,Sufyan Naeem,Unknown,1,2025-09-15 02:46:16,very bad experience because the payment method cash on delivery is not working 😔,very bad experience because the payment method cash on delivery is not working 😔,0,14,80,1,0,0,1.0,0,0,-0.6143,1,0,1,0.0,0,1,0,1.0,0.0
a642e36b-421e-41a2-b09c-350b8f7b19f5,Daraz,E-commerce,AOUN,Unknown,1,2025-09-15 05:04:08,App has been getting annoying to use over time.,app has been getting annoying to use over time.,0,9,47,0,0,0,1.0,0,1,-0.4019,1,0,1,0.0,0,1,0,1.0,0.0
559e83b9-f6db-48c9-912f-fd0af3407fd7,Daraz,E-commerce,Sabahat Kamran,Unknown,2,2025-09-15 05:17:55,"it's glitchy, like I sometimes can't see the product photos or the review photos.","it's glitchy, like i sometimes can't see the product photos or the review photos.",0,14,81,0,0,0,0.9285714285714286,0,0,0.3612,1,0,1,0.0,0,1,0,2.0,0.0
99823983-bcc8-4af2-ae3a-8a5ebfee5aa6,Daraz,E-commerce,Rupa Ahmed,Unknown,1,2025-09-15 06:55:52,bad app ever 🤬🤬🤬,bad app ever 🤬🤬🤬,0,4,16,3,0,0,1.0,0,1,-0.5423,1,0,1,0.0,0,1,0,1.0,0.0
85995999-b3fe-4da9-b34e-2f97a0eea694,Daraz,E-commerce,Ri Z,Unknown,1,2025-09-15 08:19:07,"Previously Daraz was a very smart and standard app for shopping everything, now its updated version seems like tiktoker or imo type, Which is cheap... That's why i don't use it anymore now... Please be again 2021/22 version 😔","previously daraz was a very smart and standard app for shopping everything, now its updated version seems like tiktoker or imo type, which is cheap... that's why i don't use it anymore now... please be again 2021/22 version 😔",2,39,225,1,0,0,0.9743589743589743,1,1,0.796,1,0,1,0.0,0,1,1,1.0,0.0
27bfd39a-c799-4da1-af84-7cb89e9c4286,Daraz,E-commerce,Ariyan Afsan Ayan,Unknown,1,2025-09-15 09:13:27,"কিশোরগঞ্জএ এরা কয়দিন পরে পরে এদের লোকেশন পাল্টায় এত লোকেশন পাল্টানোর জন্য এখন লোকেশনই খুজে পাই না 🤬🤬😡। সব থেকে খারাপ অভিজ্ঞতা, 🤬👎🏻👎🏻👎🏻","কিশোরগঞ্জএ এরা কয়দিন পরে পরে এদের লোকেশন পাল্টায় এত লোকেশন পাল্টানোর জন্য এখন লোকেশনই খুজে পাই না 🤬🤬😡। সব থেকে খারাপ অভিজ্ঞতা, 🤬👎🏻👎🏻👎🏻",0,23,136,10,0,0,0.9130434782608695,0,0,0.0,1,0,1,0.0,0,1,0,1.0,0.0
49b52bab-498b-41ce-a5a3-95982d0c7c20,Daraz,E-commerce,Shahzaib Ajmal,Unknown,1,2025-09-15 13:46:10,Fake Sale. Vouchers not applying.,fake sale. vouchers not applying.,0,5,33,0,0,0,1.0,1,1,-0.4767,1,0,1,0.0,0,1,0,1.0,0.0
ace2d169-4000-40e8-abac-c1ec34391864,Daraz,E-commerce,javed Ali,Unknown,1,2025-09-15 16:14:20,Useless App. I don't recommend to install this app. They give a kind of useless discount offers on app.,useless app. i don't recommend to install this app. they give a kind of useless discount offers on app.,0,19,103,0,0,0,0.8421052631578947,1,1,-0.7907,1,0,1,0.0,0,1,0,1.0,0.0
043617f4-e499-4d28-ad44-79a73c92d661,Daraz,E-commerce,Arshad Ali,Unknown,1,2025-09-15 16:16:08,very Bad Seller Experience 😞 Customers Kuch Bhi Daal Kar Product Wapis Kardete Daraz Is Bad 😔,very bad seller experience 😞 customers kuch bhi daal kar product wapis kardete daraz is bad 😔,0,17,93,2,0,0,0.9411764705882353,0,0,-0.8777,1,0,1,0.0,0,1,0,1.0,0.0
ab63c90a-c6fb-47de-b5cc-e5347b1d8928,Daraz,E-commerce,Sarmad Kazmi,Unknown,1,2025-09-15 17:51:08,not good,not good,0,2,8,0,0,0,1.0,0,0,-0.3412,1,0,1,0.0,0,2,0,1.0,0.0
6a257f0f-954c-483b-bb87-cec0589082d8,Daraz,E-commerce,SS kharel,Unknown,4,2025-09-15 18:16:33,"Everything is good. Service, payment, delivery, everything. But the reviews (photo, video) don't load when clicked......while checking the reviews... it doesn't even load, and the screen goes black...fix this...","everything is good. service, payment, delivery, everything. but the reviews (photo, video) don't load when clicked......while checking the reviews... it doesn't even load, and the screen goes black...fix this...",0,29,211,0,0,0,0.9310344827586207,0,0,0.2382,1,0,1,0.0,0,1,0,4.0,0.0
db596a9e-423c-4773-81bb-3c8c4d106de3,Daraz,E-commerce,Babumondol Babumondol,Unknown,4,2025-09-16 01:15:18,very nice app❤️,very nice app❤️,0,3,15,0,0,0,1.0,0,1,0.4754,1,0,1,0.0,0,1,0,4.0,0.0
9f87b987-80e7-487d-a7fa-6d0772e79d01,Daraz,E-commerce,Jannatun Nayeem,Unknown,1,2025-09-16 02:32:24,"worst experience and full of bug and scams. ""DON'T INSTALL IT""","worst experience and full of bug and scams. ""don't install it""",0,11,62,0,0,3,0.9090909090909091,1,0,-0.836,1,0,1,0.0,0,1,0,1.0,0.0
3e0adacc-91f6-4ac1-84e6-7cb27a8feabf,Daraz,E-commerce,Furqan Afridi,Unknown,1,2025-09-16 02:44:01,bad bad bad bad full bad service in daraz apps,bad bad bad bad full bad service in daraz apps,0,10,46,0,0,0,0.6,0,1,-0.9552,1,0,1,0.0,0,1,0,1.0,0.0
223360dc-3420-472f-b2e5-baa433615edd,Daraz,E-commerce,MST MAHBUBA BEGUM,Unknown,1,2025-09-16 04:50:39,Fake app...,fake app...,0,2,11,0,0,0,1.0,0,1,-0.4767,1,0,1,0.0,0,1,0,1.0,0.0
05afde53-c9a5-416a-9d09-71ce99dc65b1,Daraz,E-commerce,Mst Sathi,Unknown,1,2025-09-16 05:01:56,I ordered a pant but received the wrong item. The product is not the same as shown. Very disappointed.,i ordered a pant but received the wrong item. the product is not the same as shown. very disappointed.,3,19,102,0,0,0,0.8947368421052632,0,1,-0.867,1,0,1,0.0,0,1,0,1.0,0.0
b856f663-091f-4e26-aa23-17765978cc96,Daraz,E-commerce,B. L Dance Club,Unknown,5,2025-09-16 05:30:50,Good and faster Device,good and faster device,0,4,22,0,0,0,1.0,0,0,0.4404,1,0,1,0.0,0,1,0,5.0,0.0
1d17a07c-36c6-4d06-af11-5b038d15f0c2,Daraz,E-commerce,Mp ilhaam,Unknown,4,2025-09-16 10:08:19,that's good,that's good,0,2,11,0,0,0,1.0,0,0,0.4404,1,0,1,0.0,0,1,0,4.0,0.0
65dc31db-7b3b-4814-9fd2-6e7ee4f98fa6,Daraz,E-commerce,MD Mahabub Alam Makhon,Unknown,5,2025-09-16 12:25:03,Very beautiful app,very beautiful app,0,3,18,0,0,0,1.0,0,1,0.6361,1,0,1,0.0,0,1,0,5.0,0.0
9b90ec90-64db-4e3b-8e0e-e3b191e87b49,Daraz,E-commerce,Sanulya Dissanayaka,Unknown,5,2025-09-16 12:31:49,good app you can order any item but be carefull some one are fake,good app you can order any item but be carefull some one are fake,0,14,65,0,0,0,1.0,0,1,-0.4939,1,0,1,0.0,0,1,0,5.0,0.0
e671e18a-2dd0-4d6f-ba30-ea170c89bd7e,Daraz,E-commerce,Rohitha Saman,Unknown,5,2025-09-16 12:49:54,super good and well do e,super good and well do e,0,6,24,0,0,0,1.0,0,0,0.836,1,0,1,0.0,0,1,0,5.0,0.0
d3209ece-ae57-4acf-89dc-743d120f8b40,Daraz,E-commerce,Ursal Faisal,Unknown,5,2025-09-16 13:42:01,very easy to buy things,very easy to buy things,0,5,23,0,0,0,1.0,0,0,0.4927,1,0,1,0.0,0,1,0,5.0,0.0
5cc021fb-f711-44ea-be68-2007dc16dbb6,Daraz,E-commerce,Sand22 Sanoon,Unknown,5,2025-09-16 13:57:52,useful 👍🏻,useful 👍🏻,0,2,9,2,0,0,1.0,0,0,0.4404,1,0,1,0.0,0,1,0,5.0,0.0
e7f85aa7-2b40-4a63-acae-5f34d3d74b22,Daraz,E-commerce,Sheikh Fored,Unknown,5,2025-09-16 14:31:21,Great service,great service,0,2,13,0,0,0,1.0,0,0,0.6249,1,0,1,0.0,0,2,0,5.0,0.0
9ac36f6f-13aa-4a99-8376-9f19486411d1,Daraz,E-commerce,Afaqirshad Irshad,Unknown,5,2025-09-16 14:40:14,it's good app I used many years like seven but this time daraz changes with app cash on delivery not available that's not good,it's good app i used many years like seven but this time daraz changes with app cash on delivery not available that's not good,1,24,126,0,0,0,0.875,0,1,-0.105,1,0,1,0.0,0,1,0,5.0,0.0
16f30be4-9ac0-47cb-9f1a-9639ba7a4f7f,Daraz,E-commerce,Vidanagamage Kanchana (Kanchii),Unknown,5,2025-09-16 17:38:05,good product and qic,good product and qic,0,4,20,0,0,0,1.0,0,0,0.4404,1,0,1,0.0,0,1,0,5.0,0.0
224581bb-f28f-4880-a590-ab98c46b3f9e,Daraz,E-commerce,Pramod shah,Unknown,5,2025-09-16 18:02:44,Great experience,great experience,0,2,16,0,0,0,1.0,0,0,0.6249,1,0,1,0.0,0,1,0,5.0,0.0
d2eed991-6331-459b-a5f4-0f35a1ecdb94,Daraz,E-commerce,Shabbir Ahmed Osmany,Unknown,5,2025-09-16 18:26:43,just wow thanks daraz❤️🖤,just wow thanks daraz❤️🖤,0,4,24,1,0,0,1.0,0,0,0.8979,1,0,1,0.0,0,1,0,5.0,0.0
489b92a5-ad84-4d16-9981-4ecffdbaadca,Daraz,E-commerce,Istiak Istiak,Unknown,1,2025-09-16 19:23:26,Shampony,shampony,0,1,8,0,0,0,1.0,0,0,0.0,1,0,1,0.0,0,1,0,1.0,0.0
9312a4e3-f287-4af7-b173-37a6b7e0f3d6,Daraz,E-commerce,Velorant,Unknown,1,2025-09-16 20:39:29,bohot hi delay aur bakwas service he ajeeb cash on delivery option show nhi horaha Kisi bhi product par ...I don't know why they making this app difficult and useless day by day,bohot hi delay aur bakwas service he ajeeb cash on delivery option show nhi horaha kisi bhi product par ...i don't know why they making this app difficult and useless day by day,0,33,177,0,0,1,0.9696969696969697,0,1,-0.765,1,0,1,0.0,0,1,0,1.0,0.0
7e411ae8-bdb8-4fc3-a25c-74f2c62ddee9,Daraz,E-commerce,faiza afzal,Unknown,2,2025-09-16 22:00:10,daraz review images don't open....I am facing this problem long ago kindly do some improvements...,daraz review images don't open....i am facing this problem long ago kindly do some improvements...,2,15,98,0,0,0,1.0,0,0,0.3346,1,0,1,0.0,0,1,0,2.0,0.0
2f2660fc-67a4-4b12-b8b5-0fa50757b6db,Daraz,E-commerce,Tahir Farooq,Unknown,2,2025-09-16 23:19:55,"Kindly provide ""dark mode"" for night 🌙 lovers.🌙 🌃 🌉 🌌 😴 ⛺️ 🌙","kindly provide ""dark mode"" for night 🌙 lovers.🌙 🌃 🌉 🌌 😴 ⛺️ 🌙",0,14,60,7,0,0,0.9285714285714286,0,0,0.765,1,0,1,0.0,0,1,1,2.0,0.0
10fe635d-ca46-4c77-82f8-e8bfd7d00152,Daraz,E-commerce,Abdullah Al Mamun Rasel,Unknown,1,2025-09-17 01:00:40,cant add address.,cant add address.,0,3,17,0,0,0,1.0,0,0,0.0,1,0,1,0.0,0,1,0,1.0,0.0
5ed478cc-0d43-4cc8-b67c-ac9d447df0ed,Daraz,E-commerce,Siam Ahmed,Unknown,5,2025-09-17 03:48:08,this is the good forever,this is the good forever,0,5,24,0,0,0,1.0,0,0,0.4404,1,0,1,0.0,0,1,0,5.0,0.0
e2781921-9205-4184-abf2-fc0e184c7f5f,Daraz,E-commerce,Ankit Mandal,Unknown,5,2025-09-17 04:07:36,best app for ever,best app for ever,0,4,17,0,0,0,1.0,0,1,0.6369,1,0,1,0.0,0,1,0,5.0,0.0
610cf729-72d7-48a8-9f51-495027b1c954,Daraz,E-commerce,Ahmad Hussain,Unknown,1,2025-09-17 06:10:00,"This is a useless app, their stuff is useless too.","this is a useless app, their stuff is useless too.",0,10,50,0,0,0,0.8,0,1,-0.6808,1,0,1,0.0,0,1,0,1.0,0.0
0d2da60b-4469-42b9-ae17-f762e1e77c21,Daraz,E-commerce,Mahmudunnabi Emon,Unknown,5,2025-09-17 06:21:45,রিচার্জ করা যায় নতুন অভিজ্ঞতা,রিচার্জ করা যায় নতুন অভিজ্ঞতা,0,5,29,0,0,0,1.0,0,0,0.0,1,0,1,0.0,0,1,0,5.0,0.0
d5bee5d5-3d09-4753-9453-562401b733a6,Daraz,E-commerce,george fernando,Unknown,5,2025-09-17 06:35:23,super service,super service,0,2,13,0,0,0,1.0,0,0,0.5994,1,0,1,0.0,0,1,0,5.0,0.0
7c4f9d23-4b12-4334-bccb-c3e5c59082de,Daraz,E-commerce,Azad Uztr,Unknown,5,2025-09-17 07:37:39,fulll,fulll,0,1,5,0,0,0,1.0,0,0,0.0,1,0,1,0.0,0,1,0,5.0,0.0
b6b618d0-0502-424a-95af-72118dd2cb74,Daraz,E-commerce,Muskan Durrani,Unknown,2,2025-09-17 08:47:50,please ab cash on delivery band mat karea ga ..this app is good but Kafi time cash on delivery band tha to use bhe nahi keya ..,please ab cash on delivery band mat karea ga ..this app is good but kafi time cash on delivery band tha to use bhe nahi keya ..,0,27,127,0,0,0,0.8518518518518519,0,1,0.3818,1,0,1,0.0,0,1,0,2.0,0.0
9b4a6715-e93f-43d3-a525-ea3b96d71bd4,Daraz,E-commerce,Txl Shitol,Unknown,1,2025-09-17 09:50:31,Bad Apps,bad apps,0,2,8,0,0,0,1.0,0,1,-0.5423,1,0,1,0.0,0,1,0,1.0,0.0
e670165a-30af-4d8b-98d6-3081f7864b2a,Daraz,E-commerce,hamja mia,Unknown,5,2025-09-17 09:53:27,Alhamdulillah,alhamdulillah,0,1,13,0,0,0,1.0,0,0,0.0,1,0,1,0.0,0,1,0,5.0,0.0
00bde65c-0991-436b-84e5-574f912d1bb3,Daraz,E-commerce,Jibon Rahman,Unknown,5,2025-09-17 10:49:49,Excellent way,excellent way,0,2,13,0,0,0,1.0,0,0,0.5719,1,0,1,0.0,0,1,0,5.0,0.0
38ac4de2-1917-485f-89bf-d92dcae4e28a,Daraz,E-commerce,MWaqar Arain,Unknown,5,2025-09-17 10:51:00,plz open my cash on delivery option,plz open my cash on delivery option,0,7,35,0,0,0,1.0,0,0,0.0772,1,0,1,0.0,0,1,0,5.0,0.0
2f051aee-b5b3-4b14-8998-d06bff039d5c,Daraz,E-commerce,Mdc Antor,Unknown,1,2025-09-17 11:51:32,"৯ টাকা ডিলের তিন টি অর্ডার করি,, প্যাক করার পর ক্যান্সেল করে দিছেন।।এসব ভন্ডামি বাদ দেন।","৯ টাকা ডিলের তিন টি অর্ডার করি,, প্যাক করার পর ক্যান্সেল করে দিছেন।।এসব ভন্ডামি বাদ দেন।",0,16,88,0,0,0,1.0,0,0,0.0,1,0,1,0.0,0,1,0,1.0,0.0
25ba866b-eeec-4f7e-bb1f-4a384ac5c5a6,Daraz,E-commerce,Cfs Tv,Unknown,1,2025-09-17 12:45:22,the photos on reviews do not open😡😡,the photos on reviews do not open😡😡,1,7,35,2,0,0,1.0,0,0,0.0,1,0,1,0.0,0,1,0,1.0,0.0
db5fbcda-c7a4-4033-82e7-76b5b698c847,Daraz,E-commerce,Beenish Shahbaz,Unknown,1,2025-09-17 12:46:14,mujhy bilkul b achi nae lagi ek bhi product bht low quality hai mujhy return karny hai 3no products .,mujhy bilkul b achi nae lagi ek bhi product bht low quality hai mujhy return karny hai 3no products .,0,20,101,0,0,0,0.9,0,1,-0.2732,1,0,1,0.0,0,1,0,1.0,0.0
6f5bcabb-aef8-416b-bacc-cb1594486ad9,Daraz,E-commerce,Jabbar Abdul,Unknown,5,2025-09-17 12:53:34,not good 😐 iteam usefull item,not good 😐 iteam usefull item,0,6,29,1,0,0,1.0,0,0,-0.3412,1,0,1,0.0,0,1,0,5.0,0.0
fcca1cca-7552-49d1-a614-65cd7e8c8bf8,Daraz,E-commerce,Sajib cam,Unknown,1,2025-09-17 13:29:40,দরাজ এর প্রডাক্ট ভালো না,দরাজ এর প্রডাক্ট ভালো না,0,5,24,0,0,0,1.0,0,0,0.0,1,0,1,0.0,0,1,0,1.0,0.0
ed213491-b495-437e-adf0-336fa47104b0,Daraz,E-commerce,Sughra Tariq,Unknown,5,2025-09-17 13:30:42,Mashaallah bhot acha selling app ha koi chizy bhoht achi ATI ha magr koi fard hojati hain but yeh costumer ki apni galti Hoti ha reviews check kr KY hamesha order kryn Baki goog ha very nice 🙂💯,mashaallah bhot acha selling app ha koi chizy bhoht achi ati ha magr koi fard hojati hain but yeh costumer ki apni galti hoti ha reviews check kr ky hamesha order kryn baki goog ha very nice 🙂💯,0,38,193,2,0,2,0.8947368421052632,0,1,0.9493,1,0,1,0.0,0,1,0,5.0,0.0
d72c3ba8-5146-413f-a7b7-8967a9438324,Daraz,E-commerce,Raju Shrestha,Unknown,1,2025-09-17 14:06:22,Delevery charge is too much 135 ko saman kinda 135 deliver charge Plus 10 cash on delivery total 280 pugio.saman ko vanda delivery charge badi vio,delevery charge is too much 135 ko saman kinda 135 deliver charge plus 10 cash on delivery total 280 pugio.saman ko vanda delivery charge badi vio,0,26,146,0,0,0,0.8076923076923077,0,0,0.0,1,0,1,0.0,0,1,0,1.0,0.0
363e7c89-a6b0-435e-93ec-491a0ce8efcc,Daraz,E-commerce,Udara Erathna,Unknown,1,2025-09-17 14:13:11,You really need to fix your search algorithm. Key word searches brings a mess of results that fits in the recommendations section under an item not a search page.,you really need to fix your search algorithm. key word searches brings a mess of results that fits in the recommendations section under an item not a search page.,3,29,162,0,0,0,0.9310344827586207,0,0,-0.3612,1,0,1,0.0,0,1,0,1.0,0.0
6ab8b9a0-b202-4f56-b249-fba3b568cfa6,Daraz,E-commerce,Nanda Raj Roy,Unknown,4,2025-09-17 14:41:55,The App is very best for buying Product.,the app is very best for buying product.,0,8,40,0,0,0,1.0,0,1,0.6697,1,0,1,0.0,0,1,0,4.0,0.0
aa590211-757c-4427-8a63-956fce49cfa5,Daraz,E-commerce,Malik Hashir,Unknown,2,2025-09-17 15:29:24,🇵🇰🇵🇰🇵🇰🇵🇰🇵🇰🇵🇰🇵🇰🇵🇰🇵🇰🇵🇰🇵🇰🇵🇰🇵🇰🙂‍↔️🙂‍↔️🙂‍↔️🙂‍↔️🙂‍↔️🇵🇰🇵🇰🇵🇰🇵🇰🇵🇰🇵🇰🇵🇰🇵🇰🇵🇰🇵🇰🇵🇰🇵🇰🇵🇰🇵🇰🇵🇰🇵🇰🇵🇰🇵🇰🇵🇰🇵🇰🇵🇰🇵🇰🇵🇰🇵🇰🇵🇰🇵🇰🇵🇰🇵🇰🇵🇰🇵🇰🇵🇰🇵🇰🇵🇰🇵🇰🇵🇰🇵🇰🇵🇰🇵🇰🇵🇰🇵🇰🇵🇰🇵🇰🇵🇰🇵🇰🇵🇰🇵🇰🇵🇰🇵🇰🇵🇰🇵🇰,🇵🇰🇵🇰🇵🇰🇵🇰🇵🇰🇵🇰🇵🇰🇵🇰🇵🇰🇵🇰🇵🇰🇵🇰🇵🇰🙂‍↔️🙂‍↔️🙂‍↔️🙂‍↔️🙂‍↔️🇵🇰🇵🇰🇵🇰🇵🇰🇵🇰🇵🇰🇵🇰🇵🇰🇵🇰🇵🇰🇵🇰🇵🇰🇵🇰🇵🇰🇵🇰🇵🇰🇵🇰🇵🇰🇵🇰🇵🇰🇵🇰🇵🇰🇵🇰🇵🇰🇵🇰🇵🇰🇵🇰🇵🇰🇵🇰🇵🇰🇵🇰🇵🇰🇵🇰🇵🇰🇵🇰🇵🇰🇵🇰🇵🇰🇵🇰🇵🇰🇵🇰🇵🇰🇵🇰🇵🇰🇵🇰🇵🇰🇵🇰🇵🇰🇵🇰🇵🇰,0,1,146,131,0,0,1.0,0,0,0.9106,1,0,1,0.0,0,1,1,2.0,0.0
82215faf-f9c3-4f6c-abbf-213cde28d02c,Daraz,E-commerce,Guy,Unknown,5,2025-09-17 15:36:09,good 👍👌👌👌👌👌👌👌👌👌👌👌,good 👍👌👌👌👌👌👌👌👌👌👌👌,0,2,17,12,0,0,1.0,0,0,0.9967,1,0,1,0.0,0,1,0,5.0,0.0
0cc4f199-dda7-43a2-b383-72e84c200a01,Daraz,E-commerce,Ayan Khan,Unknown,5,2025-09-17 15:38:56,Riaz khan,riaz khan,0,2,9,0,0,0,1.0,0,0,0.0,1,0,1,0.0,0,1,0,5.0,0.0
8a344cdb-bc37-4e49-a8c1-4a99a6867bdc,Daraz,E-commerce,Sabia Sultana,Unknown,4,2025-09-17 15:51:21,Good/bad app :(,good/bad app :(,0,3,15,0,0,0,1.0,0,1,-0.4404,1,0,1,0.0,0,1,0,4.0,0.0
142855e3-6bcb-491f-88b7-ccb6866a90bb,Daraz,E-commerce,Agha Nabeel,Unknown,1,2025-09-17 16:04:39,I did not like this because it does not have the cash on delivery,i did not like this because it does not have the cash on delivery,0,14,65,0,0,0,0.9285714285714286,0,0,-0.2755,1,0,1,0.0,0,1,0,1.0,0.0
26aad10d-c2a4-420c-8af5-16c9e342a8f3,Daraz,E-commerce,Muhammad Ramzan,Unknown,1,2025-09-17 16:17:43,all items are fake plz don't trust in this app,all items are fake plz don't trust in this app,0,10,46,0,0,0,1.0,0,1,-0.6707,1,0,1,0.0,0,1,0,1.0,0.0
03746cd5-d80e-4fb6-a602-c2bc6f46e7c2,Daraz,E-commerce,Ras Ahmed,Unknown,1,2025-09-17 16:30:53,Batpar nosto mal bikri kore,batpar nosto mal bikri kore,0,5,27,0,0,0,1.0,0,0,0.0,1,0,1,0.0,0,1,0,1.0,0.0
619713c7-9b1c-419c-9952-34cbc2cb2d93,Daraz,E-commerce,ABC 123,Unknown,2,2025-09-17 16:35:59,Update Dark Mode!! everyone's eye disturbed for the white theme. Do it asap please 🥺,update dark mode!! everyone's eye disturbed for the white theme. do it asap please 🥺,0,15,84,1,0,0,1.0,0,0,-0.2225,1,0,1,0.0,0,1,0,2.0,0.0
06070c47-5d02-484b-832f-3478ef215993,Daraz,E-commerce,Dilusha Madhushan,Unknown,5,2025-09-17 16:56:49,Excellent ❤️,excellent ❤️,0,2,12,0,0,0,1.0,0,0,0.5719,1,0,1,0.0,0,1,0,5.0,0.0
4c3db35d-f825-4f29-b2eb-5156a8d2c87e,Daraz,E-commerce,Sahadat Hossen,Unknown,5,2025-09-17 17:33:52,nice to,nice to,0,2,7,0,0,0,1.0,0,0,0.4215,1,0,1,0.0,0,1,0,5.0,0.0
dc3e2e34-6fb3-4c67-ba23-1cfca46dcfde,Daraz,E-commerce,Tehreem Khalid,Unknown,2,2025-09-17 18:09:09,i am unable to place order. i have tried everything but it keeps on saying you have reached the limit etc etc. i have uninstalled the app and will reinstall it and try again. i hope it get better,i am unable to place order. i have tried everything but it keeps on saying you have reached the limit etc etc. i have uninstalled the app and will reinstall it and try again. i hope it get better,3,39,195,0,0,0,0.7692307692307693,1,1,0.8519,1,0,1,0.0,0,1,1,2.0,0.0
898a993b-cc14-4dd0-aa0b-9410e44665c0,Daraz,E-commerce,Yasir Shahzad,Unknown,1,2025-09-17 19:03:38,Always having payment Api issues,always having payment api issues,0,5,32,0,0,0,1.0,0,0,0.0,1,0,1,0.0,0,1,0,1.0,0.0
e4b29587-adf6-4990-96a3-3f5039f2f641,Daraz,E-commerce,AIO,Unknown,1,2025-09-17 19:17:21,worst service seller delivers fake and missing items and supports reject refund requests. clearly supporting fake customers.,worst service seller delivers fake and missing items and supports reject refund requests. clearly supporting fake customers.,0,17,124,0,0,0,0.8823529411764706,0,0,-0.7964,1,0,1,0.0,0,1,0,1.0,0.0
6e605a6e-b905-4fa4-b2cd-5036c5bc6858,Daraz,E-commerce,ᴀʙᴏᴏ ᴀʟʙᴀᴀʙ,Unknown,3,2025-09-18 01:29:39,it is too slow iam trying to order some things but this is not working fastly And i ordered a product but you didn't mentioned in order list,it is too slow iam trying to order some things but this is not working fastly and i ordered a product but you didn't mentioned in order list,1,28,140,0,0,0,0.8928571428571429,0,0,0.0,1,0,1,0.0,0,1,0,3.0,0.0
8caa6e24-39f6-499a-9afd-b1810839a526,Daraz,E-commerce,Md Ruhul,Unknown,5,2025-09-18 03:19:13,এই app কি মুটামুটি ভালো,এই app কি মুটামুটি ভালো,0,5,23,0,0,0,1.0,0,1,0.0,1,0,1,0.0,0,1,0,5.0,0.0
30ebf55b-9b9f-4c3d-95dc-b070606ae02a,Daraz,E-commerce,Miftah Uddin,Unknown,1,2025-09-18 07:21:08,ফালতু,ফালতু,0,1,5,0,0,0,1.0,0,0,0.0,1,0,1,0.0,0,1,0,1.0,0.0
f43babc8-4efa-4cfe-aaf7-fb582cda1d7b,Daraz,E-commerce,Mahady Hassan,Unknown,1,2025-09-18 07:28:28,"Even if I say these things about fake bots, it will be less. They are thieves. They spread tempting fake campaigns and then do not deliver the product. Customer care is not available even if you touch their hands.","even if i say these things about fake bots, it will be less. they are thieves. they spread tempting fake campaigns and then do not deliver the product. customer care is not available even if you touch their hands.",0,39,213,0,0,0,0.8717948717948718,0,0,-0.7216,1,0,1,0.0,0,1,0,1.0,0.0
755c564e-6049-4c1f-b12a-91719b332dd8,Daraz,E-commerce,Mithi Khusi,Unknown,5,2025-09-18 08:40:40,আমার অনেক বেশি ভালো লাগেছে 😊😊😊,আমার অনেক বেশি ভালো লাগেছে 😊😊😊,0,6,30,3,0,0,1.0,0,0,0.9517,1,0,1,0.0,0,1,0,5.0,0.0
46200dad-3a7f-422a-a414-93f063517441,Daraz,E-commerce,Mian Rafaqat,Unknown,1,2025-09-18 08:43:24,Bad experience,bad experience,0,2,14,0,0,0,1.0,0,0,-0.5423,1,0,1,0.0,0,2,0,1.0,0.0
e2b4199a-669f-460e-a48d-a5a60934bd88,Daraz,E-commerce,Tehmina Yaqub,Unknown,1,2025-09-18 09:47:37,بالکل بیکار چیز ہے پیسے ضائع کریں گے,بالکل بیکار چیز ہے پیسے ضائع کریں گے,0,8,36,0,0,0,1.0,0,0,0.0,1,0,1,0.0,0,1,0,1.0,0.0
39577d77-a2bf-47ca-abda-fa72fdc4c8c7,Daraz,E-commerce,Sehergill Sehergill,Unknown,1,2025-09-18 10:01:55,this app is fraud I ordered USB but they deliver DVD 😡😡😡,this app is fraud i ordered usb but they deliver dvd 😡😡😡,1,12,56,3,0,2,1.0,0,1,-0.34,1,0,1,0.0,0,1,0,1.0,0.0
9b3fbd36-ba24-47cd-b797-b1dd621901e6,Daraz,E-commerce,Fouzia Mj,Unknown,4,2025-09-18 10:03:56,I don't see adyalla road option,i don't see adyalla road option,0,6,31,0,0,0,1.0,0,0,0.0,1,0,1,0.0,0,1,0,4.0,0.0
e10ff8c7-4d9c-400d-ad8e-888058b97bbc,Daraz,E-commerce,Abdullah Khan,Unknown,1,2025-09-18 11:06:44,they are not allowed accounts for kpk🤐🤬,they are not allowed accounts for kpk🤐🤬,0,7,39,2,0,0,1.0,0,0,0.0,1,0,1,0.0,0,1,0,1.0,0.0
45cbe419-fec3-41b1-844a-316d634c4c5b,Daraz,E-commerce,nyle park,Unknown,1,2025-09-18 11:39:56,the worst of the worst app,the worst of the worst app,0,6,26,0,0,0,0.6666666666666666,0,1,-0.8481,1,0,1,0.0,0,1,0,1.0,0.0
4c2b7468-9920-4ad8-a2e9-29133463497d,Daraz,E-commerce,TAMIM__X__FREE_FIRE,Unknown,1,2025-09-18 12:18:51,#fake app my 1079 tk. Los 😔,#fake app my 1079 tk. los 😔,0,7,27,1,0,0,1.0,0,1,-0.4215,1,0,1,0.0,0,1,0,1.0,0.0
f029b5b5-c3cc-4f8d-8044-92ef83e32691,Daraz,E-commerce,Kabir Ahmed,Unknown,1,2025-09-18 12:41:45,"Bht hi bakwas App he, Bakwas service he, Kisi kam ka nhi he Na Helping services hen, No serious behavior, Use less application.... very bed experience","bht hi bakwas app he, bakwas service he, kisi kam ka nhi he na helping services hen, no serious behavior, use less application.... very bed experience",0,26,150,0,0,0,0.9230769230769231,0,1,0.3447,1,0,1,0.0,0,1,0,1.0,0.0
bb3e828d-1695-46e6-b220-7dbaacf71305,Daraz,E-commerce,Madara,Unknown,1,2025-09-18 12:52:04,"Review section doesn't open, it's just load and stuck","review section doesn't open, it's just load and stuck",111,9,53,0,0,0,1.0,0,0,-0.25,1,0,1,0.0,0,1,0,1.0,0.0
fb58c63b-2eab-4b94-bb96-2328289a7aaa,Daraz,E-commerce,UMESH AIR,Unknown,1,2025-09-18 12:58:09,Ka Mai xaina,ka mai xaina,0,3,12,0,0,0,1.0,0,0,0.0,1,0,1,0.0,0,1,0,1.0,0.0
67bca88a-776f-401a-8124-1ff82d435ab2,Daraz,E-commerce,RDX Travel,Unknown,5,2025-09-18 13:04:16,বেস্ট,বেস্ট,0,1,5,0,0,0,1.0,0,0,0.0,1,0,1,0.0,0,1,0,5.0,0.0
52ceb4ef-929a-4763-a0d6-180246cca485,Daraz,E-commerce,Muhammad Umar,Unknown,1,2025-09-18 14:02:06,intentional bug review images don't load at full screen,intentional bug review images don't load at full screen,0,9,55,0,0,0,1.0,0,0,0.0,1,0,1,0.0,0,1,0,1.0,0.0
ceac89b1-f07a-43af-b2aa-3175c2732cd0,Daraz,E-commerce,Rahad Jubayer,Unknown,1,2025-09-18 15:04:28,আপনেরা চোর। 9.9 অফার দিছেন ।পাওয়ার ব্যাংক এর দাম 9.টাকা দেখান।কিন্ত কেনার সময় সার্ভার বন্ধ করে দিছেন,আপনেরা চোর। 9.9 অফার দিছেন ।পাওয়ার ব্যাংক এর দাম 9.টাকা দেখান।কিন্ত কেনার সময় সার্ভার বন্ধ করে দিছেন,0,17,101,0,0,0,0.9411764705882353,0,0,0.0,1,0,1,0.0,0,1,0,1.0,0.0
a97e1164-f72d-4290-b045-25bda02fbd35,Daraz,E-commerce,Aktar Jahan,Unknown,1,2025-09-18 16:12:14,দারাজ করছে না কেন,দারাজ করছে না কেন,0,4,17,0,0,0,1.0,0,0,0.0,1,0,1,0.0,0,1,0,1.0,0.0
71810acf-1f3c-4eaa-9060-f4a3c16eab49,Daraz,E-commerce,Asim Ali,Unknown,1,2025-09-18 17:55:10,very bad quality,very bad quality,0,3,16,0,0,0,1.0,0,0,-0.5849,1,0,1,0.0,0,1,0,1.0,0.0
1b48d8ae-7dda-451f-a9d6-64211862ab75,Daraz,E-commerce,Farhan Tanvir Nayeem,Unknown,3,2025-09-18 18:54:09,"please add dark mode, my eyes burn everytime I open daraz","please add dark mode, my eyes burn everytime i open daraz",0,11,57,0,0,0,1.0,0,0,0.3182,1,0,1,0.0,0,1,0,3.0,0.0
e2ae5391-1c90-4aa9-a7b1-a1b173b3f401,Daraz,E-commerce,Memoona Khan,Unknown,1,2025-09-18 19:58:54,i don't like this app i make a streak of 18 days with 36k coins they dissapear it all like a heartbreak it was never gonna use efforts again.!,i don't like this app i make a streak of 18 days with 36k coins they dissapear it all like a heartbreak it was never gonna use efforts again.!,0,29,142,0,0,0,0.8620689655172413,0,1,-0.5577,1,0,1,0.0,0,1,0,1.0,0.0
b79829ad-a977-4ad5-89dd-6da135cbb395,Daraz,E-commerce,Shaheryar Gaming,Unknown,2,2025-09-19 01:43:41,please add Google pay option on this app,please add google pay option on this app,0,8,40,0,0,0,1.0,0,1,0.2263,1,0,1,0.0,0,1,0,2.0,0.0
196f94a6-1777-4f86-a724-1db9965a50f2,Daraz,E-commerce,Safdar Ali.,Unknown,1,2025-09-19 01:57:29,bohat he gatyatreen app he daraz ki,bohat he gatyatreen app he daraz ki,0,7,35,0,0,0,0.8571428571428571,0,1,0.0,1,0,1,0.0,0,1,0,1.0,0.0
2a5f9a88-38f2-4898-be36-cb20e2be0c63,Daraz,E-commerce,MD Arman islam,Unknown,5,2025-09-19 02:28:19,nice Del 😊💯😘😘😘♥️,nice del 😊💯😘😘😘♥️,0,3,16,5,0,0,1.0,0,0,0.9657,1,0,1,0.0,0,1,0,5.0,0.0
9db2b2eb-5ce8-4f08-ab7a-7718db4c03e8,Daraz,E-commerce,Monowarul Islam,Unknown,5,2025-09-19 04:48:43,Awesome shopping apps forever in Bangladesh.,awesome shopping apps forever in bangladesh.,0,6,44,0,0,0,1.0,0,1,0.6249,1,0,1,0.0,0,1,0,5.0,0.0
97f9a80b-60dc-45d8-b207-15a52191ed83,Daraz,E-commerce,Éngr Śazid,Unknown,1,2025-09-19 05:33:05,"all servicing is very bad, duplicate product 👎","all servicing is very bad, duplicate product 👎",1,8,46,1,0,0,1.0,0,0,-0.5849,1,0,1,0.0,0,1,0,1.0,0.0
72f1db08-5669-4a49-a527-5ec3654a2650,Daraz,E-commerce,Rauf Shah,Unknown,5,2025-09-19 06:12:14,this app is very good ye login ke bohat help karta he ye App ke log Ghar baten kotch be order kar sakte he or deliver kar sakte he I really like this app .,this app is very good ye login ke bohat help karta he ye app ke log ghar baten kotch be order kar sakte he or deliver kar sakte he i really like this app .,0,35,155,0,0,0,0.7428571428571429,0,1,0.8265,1,0,1,0.0,0,1,0,5.0,0.0
15879fa8-0790-4ce3-ad4b-cd4375ede284,Daraz,E-commerce,Emad Emad,Unknown,1,2025-09-19 07:48:38,it's does not show my location,it's does not show my location,0,6,30,0,0,0,1.0,0,0,0.0,1,0,1,0.0,0,1,0,1.0,0.0
c3538e08-cdf0-4a67-a200-b69287b73c3f,Daraz,E-commerce,Alif Khan,Unknown,3,2025-09-19 09:41:37,it's good but .I don't found my suggest t shirt they give me anothe design T-shirt,it's good but .i don't found my suggest t shirt they give me anothe design t-shirt,0,16,82,0,0,1,1.0,0,0,0.2382,1,0,1,0.0,0,1,0,3.0,0.0
fa3766ae-36c0-4faf-a923-add123c7e312,Daraz,E-commerce,মারিয়া হাসান,Unknown,5,2025-09-19 09:43:14,ধন্যবাদ দারুন অ্যাপ,ধন্যবাদ দারুন অ্যাপ,0,3,19,0,0,0,1.0,0,0,0.0,1,0,1,0.0,0,1,0,5.0,0.0
d35952f2-be7f-4c91-b997-b9d1ea990f34,Daraz,E-commerce,Mr. Spooky sparky,Unknown,1,2025-09-19 10:10:33,bkash voucher problem.,bkash voucher problem.,0,3,22,0,0,0,1.0,0,0,-0.4019,1,0,1,0.0,0,1,0,1.0,0.0
8f250988-6c67-4a9e-b99b-3a9e462a802f,Daraz,E-commerce,M Shabbir,Unknown,5,2025-09-19 10:10:36,v good experience but some sellers 🤥 fraud ok thanks,v good experience but some sellers 🤥 fraud ok thanks,0,10,52,1,0,0,1.0,0,0,-0.4939,1,0,1,0.0,0,1,0,5.0,0.0
74ae60c7-19ea-4d72-918c-6ca87745fedf,Daraz,E-commerce,Khadija Yasmin,Unknown,1,2025-09-19 10:12:04,seller sent the wrong prodeuct and daraz automatically cancelled my return request,seller sent the wrong prodeuct and daraz automatically cancelled my return request,1,12,82,0,0,0,1.0,0,0,-0.6249,1,0,1,0.0,0,1,0,1.0,0.0
bc40bbe0-abc3-4372-8fb9-883dc03ec085,Daraz,E-commerce,Ayesha Humaira,Unknown,5,2025-09-19 10:24:41,app is great but it's annoying,app is great but it's annoying,0,6,30,0,0,0,1.0,0,1,-0.25,1,0,1,0.0,0,1,0,5.0,0.0
563b77f1-6b9d-4d9b-a428-28570fb88c5d,Daraz,E-commerce,Deep Girl,Unknown,1,2025-09-19 10:27:18,بہت ہی بری سروس ہے اس کی اور اج کل تو بہت زیادہ بری کر دی گئی ہے,بہت ہی بری سروس ہے اس کی اور اج کل تو بہت زیادہ بری کر دی گئی ہے,0,18,64,0,0,0,0.8333333333333334,0,0,0.0,1,0,1,0.0,0,1,0,1.0,0.0
15c9784a-34a7-400f-9736-465a0e70d8ad,Daraz,E-commerce,Sen Pai,Unknown,5,2025-09-19 11:46:40,best app for online shopping,best app for online shopping,0,5,28,0,0,0,1.0,0,1,0.6369,1,0,1,0.0,0,1,0,5.0,0.0
ca5991d4-6d61-40aa-a2f6-530334af601a,Daraz,E-commerce,Abdul Rehman,Unknown,1,2025-09-19 12:19:19,its 2025 and u are still not accepting online payment from Google Pay🤷,its 2025 and u are still not accepting online payment from google pay🤷,0,13,70,1,0,0,1.0,0,0,-0.3786,1,0,2,0.0,0,1,0,2.5,2.1213203435596424
bb72de6c-6dee-4308-a3ee-29446a642480,Daraz,E-commerce,Latifuzzaman Jahid,Unknown,1,2025-09-19 12:42:22,"এদের সাথে যোগাযোগ করা কঠিন। বাটপার এক নাম্বার। কানের নিচে ২ টা বসায় দেয়া লাগে। আমার পার্সেল ১০ দিন ধরে ফালায় রেখে এখন বলে সেটা ক্যান্সেল। বাপ কে যে টাকা ফেরত দিতে হবে,সেটার জন্যেও চ্যাদঘ্যাত নাই।","এদের সাথে যোগাযোগ করা কঠিন। বাটপার এক নাম্বার। কানের নিচে ২ টা বসায় দেয়া লাগে। আমার পার্সেল ১০ দিন ধরে ফালায় রেখে এখন বলে সেটা ক্যান্সেল। বাপ কে যে টাকা ফেরত দিতে হবে,সেটার জন্যেও চ্যাদঘ্যাত নাই।",0,36,195,0,0,0,1.0,0,0,0.0,1,0,1,0.0,0,1,0,1.0,0.0
c1cdf77c-392e-4b8b-aabf-4947f06ddeb0,Daraz,E-commerce,Jamil Khalid,Unknown,5,2025-09-19 12:59:45,I bought artificial plant plazo and cars and it was good niece and fantastic,i bought artificial plant plazo and cars and it was good niece and fantastic,0,14,76,0,0,0,0.8571428571428571,0,0,0.7579,1,0,1,0.0,0,1,0,5.0,0.0
8a298b8c-24ae-4540-a1f5-3855bac75d49,Daraz,E-commerce,Fakhar Aslam,Unknown,1,2025-09-19 13:28:22,very bad my parcel is delivered it is stuck and i cant return it every parcel is stuck and dara don't help me i wrote complain and everything,very bad my parcel is delivered it is stuck and i cant return it every parcel is stuck and dara don't help me i wrote complain and everything,0,28,141,0,0,0,0.7142857142857143,0,0,-0.8898,1,0,1,0.0,0,1,0,1.0,0.0
c35b9a60-e452-473f-8401-9b3885723644,Daraz,E-commerce,Yasir Ali,Unknown,5,2025-09-19 14:01:50,Delivered before time,delivered before time,0,3,21,0,0,0,1.0,0,0,0.0,1,0,1,0.0,0,1,0,5.0,0.0
8cf15018-8b27-4b25-ba5b-434dcc8e2fb0,Daraz,E-commerce,Anus Ali,Unknown,5,2025-09-19 14:16:59,💋💯🏴🌺🥀🌹💐🪻🌪️🌀,💋💯🏴🌺🥀🌹💐🪻🌪️🌀,0,1,11,10,0,0,1.0,0,0,0.4215,1,0,1,0.0,0,1,0,5.0,0.0
9eeaa211-2095-4ef2-8d9b-77a5145d5221,Daraz,E-commerce,Azan Khan,Unknown,5,2025-09-19 14:22:59,all same product no scam,all same product no scam,0,5,24,0,0,0,1.0,0,0,0.4585,1,0,1,0.0,0,1,0,5.0,0.0
e235bf57-71b8-460b-b676-bb8bb3b380d6,Daraz,E-commerce,Ahmed Shohail,Unknown,1,2025-09-19 15:46:13,চোরের দল বাটপারিতে পিএসডি করছে দারাজ🤣😂,চোরের দল বাটপারিতে পিএসডি করছে দারাজ🤣😂,0,6,38,2,0,0,1.0,0,0,0.7269,1,0,1,0.0,0,1,1,1.0,0.0
8ef492ed-5cab-41c2-9a22-a27032585c41,Daraz,E-commerce,Apu Goss,Unknown,5,2025-09-19 16:33:41,ভালো একটাএফ,ভালো একটাএফ,0,2,11,0,0,0,1.0,0,0,0.0,1,0,1,0.0,0,1,0,5.0,0.0
3f89ff94-1c57-446c-b88e-23a5cf11c3bf,Daraz,E-commerce,Nelofur Naseem,Unknown,1,2025-09-19 21:12:12,"I have ordered for two laptop tables in one request, the notification for delivery is sent separately, stating two different price ???","i have ordered for two laptop tables in one request, the notification for delivery is sent separately, stating two different price ???",0,22,134,0,0,0,0.9090909090909091,0,0,0.0,1,0,1,0.0,0,1,0,1.0,0.0
33bc1101-3cad-4e07-9730-e2669cdc3a01,Daraz,E-commerce,Nouman Ejaz,Unknown,1,2025-09-19 21:44:03,"Boycott Daraz .. !! Review Images not load, Bugs Bugs Bugs every time..","boycott daraz .. !! review images not load, bugs bugs bugs every time..",0,13,71,0,0,0,0.8461538461538461,0,0,-0.4374,1,0,1,0.0,0,1,0,1.0,0.0
30335890-1dfe-4cce-afd4-a420ca22be13,Daraz,E-commerce,Ruqia Begum,Unknown,5,2025-09-19 21:49:35,very bad . payment bhi le lety hn aur delivery just day of arrival cancelled Ker dete hn stupid logo k lia he bas,very bad . payment bhi le lety hn aur delivery just day of arrival cancelled ker dete hn stupid logo k lia he bas,0,24,113,0,0,0,0.9583333333333334,0,0,-0.8479,1,0,1,0.0,0,1,1,5.0,0.0
dced08cf-11fd-41ba-9aa9-3c0e16c8d6ab,Daraz,E-commerce,Talha ch,Unknown,2,2025-09-19 23:29:19,"I've noticed for several years that review images on the Daraz app don't load; they only show a black screen whenever I try to view them. This makes it hard to trust product reviews, please resolve this issue ASAP.","i've noticed for several years that review images on the daraz app don't load; they only show a black screen whenever i try to view them. this makes it hard to trust product reviews, please resolve this issue asap.",1,39,214,0,0,1,0.9487179487179487,0,1,0.7783,1,0,1,0.0,0,1,1,2.0,0.0
f6f1d20f-6787-42ab-b7c8-bf086f6bbaf8,Daraz,E-commerce,Rai Ahsan,Unknown,5,2025-09-20 02:43:09,gooooooooooooooood,gooooooooooooooood,0,1,18,0,0,0,1.0,0,0,0.0,1,0,1,0.0,0,1,0,5.0,0.0
0bcecca9-21ea-41b6-8f22-34371c1b7ea9,Daraz,E-commerce,MD SIYAM,Unknown,5,2025-09-20 03:31:44,❤️❤️❤️,❤️❤️❤️,0,1,6,0,0,0,1.0,0,0,0.0,1,0,1,0.0,0,2,0,5.0,0.0
befa1069-1021-4651-8001-9b6162f717f4,Daraz,E-commerce,MOMINUL ISLAM,Unknown,1,2025-09-20 03:39:34,no good.,no good.,0,2,8,0,0,0,1.0,0,0,-0.3412,1,0,1,0.0,0,1,0,1.0,0.0
ccb6ff13-0c3c-4d4d-994c-b5494b11bfb7,Daraz,E-commerce,Muhammad Muneer,Unknown,5,2025-09-20 04:30:01,nice daraz so beautiful 😍❤️😍❤️❤️,nice daraz so beautiful 😍❤️😍❤️❤️,0,5,32,2,0,0,1.0,0,0,0.9227,1,0,1,0.0,0,1,0,5.0,0.0
d71015d3-2bf4-422c-a3a2-9f368eeb9adb,Daraz,E-commerce,Hamza Trader,Unknown,5,2025-09-20 06:47:47,Nice service,nice service,0,2,12,0,0,0,1.0,0,0,0.4215,1,0,1,0.0,0,1,0,5.0,0.0
c7c6216f-753d-413d-84cb-0c33362f67fb,Daraz,E-commerce,Malik Hadi,Unknown,1,2025-09-20 07:04:03,baad app ،😤😥,baad app ،😤😥,0,3,12,2,0,0,1.0,0,1,0.3291,1,0,1,0.0,0,1,0,1.0,0.0
7ea625fa-8c1f-45d6-bc9a-d4b64a9b8b5c,Daraz,E-commerce,Zeeshan Vohra,Unknown,1,2025-09-20 09:29:01,"I placed my order on 8 September 2025 but not received my order yet, and rider mentioned telling a lie on delivery status","i placed my order on 8 september 2025 but not received my order yet, and rider mentioned telling a lie on delivery status",0,23,121,0,0,0,0.8695652173913043,0,0,0.0,1,0,1,0.0,0,1,0,1.0,0.0
fabdf9fa-fc27-40c7-b8e9-4980eac40c71,Daraz,E-commerce,Abdullah Hanjra,Unknown,1,2025-09-20 09:57:55,"V bad service, They did not deliver on time and take too much time...","v bad service, they did not deliver on time and take too much time...",0,14,69,0,0,0,1.0,0,0,-0.5423,1,0,1,0.0,0,1,0,1.0,0.0
3605832e-53dc-4ac9-86a1-99620693f92f,Daraz,E-commerce,Ahmad Nawaz,Unknown,5,2025-09-20 10:52:01,This App is very help Full,this app is very help full,0,6,26,0,0,0,1.0,0,1,0.4576,1,0,1,0.0,0,1,0,5.0,0.0
8ccdd213-fa7e-4fdb-a4cb-46a94707e865,Daraz,E-commerce,Bibek Joshi,Unknown,5,2025-09-20 11:56:55,yes best,yes best,0,2,8,0,0,0,1.0,0,0,0.7845,1,0,1,0.0,0,1,0,5.0,0.0
63b0dfa9-e422-473a-b497-39ad04148e78,Daraz,E-commerce,Leena Firdausi,Unknown,1,2025-09-20 12:08:07,Daraz will be liable for cheating and stealing my money. They once again stole my money..,daraz will be liable for cheating and stealing my money. they once again stole my money..,1,16,89,0,0,0,0.9375,0,0,-0.8074,1,0,1,0.0,0,1,0,1.0,0.0
bdfe97e8-e2d9-4d99-8afb-a72b711d9d85,Daraz,E-commerce,Ahsan Khan,Unknown,5,2025-09-20 12:35:04,amazing shopping plat form,amazing shopping plat form,0,4,26,0,0,0,1.0,0,0,0.5859,1,0,1,0.0,0,1,0,5.0,0.0
f34309e5-c24b-44e2-bd3b-213b0e57bc16,Daraz,E-commerce,Syed Zada,Unknown,5,2025-09-20 13:08:02,Guzara ha👋,guzara ha👋,0,2,10,1,0,0,1.0,0,0,0.6808,1,0,1,0.0,0,1,0,5.0,0.0
fee234b3-f1d5-419c-a8b5-697f3bf81f78,Daraz,E-commerce,Limsco,Unknown,5,2025-09-20 14:33:13,diabetes good but it is your decision that what is your budget and what quality you want it need to looking around there there are so many product and it is your decision to choose the correct product.,diabetes good but it is your decision that what is your budget and what quality you want it need to looking around there there are so many product and it is your decision to choose the correct product.,3,38,201,0,0,0,0.7105263157894737,0,0,0.34,1,0,1,0.0,0,1,0,5.0,0.0
b95a6005-1649-45a2-9c3a-5e6e3c66cc72,Daraz,E-commerce,Bayzid Hasan,Unknown,1,2025-09-20 15:19:31,একদম ফালতু একটা app অর্ডার দিসি ৭ দিন আগে ডেলিভারি মান আমাকে কোনো ফোন দেয় নি app এ দেখায় যে ডেলিভারি দিতে নাকি বিফল হয়েছে। একেবারে একটা ফালতু app,একদম ফালতু একটা app অর্ডার দিসি ৭ দিন আগে ডেলিভারি মান আমাকে কোনো ফোন দেয় নি app এ দেখায় যে ডেলিভারি দিতে নাকি বিফল হয়েছে। একেবারে একটা ফালতু app,0,29,145,0,0,0,0.8275862068965517,0,1,0.0,1,0,1,0.0,0,1,0,1.0,0.0
b1e78567-b6a6-4513-868c-abb33b0d9223,Daraz,E-commerce,Abdullah VIRK,Unknown,5,2025-09-20 16:24:40,this app is too good that I can't explain in words,this app is too good that i can't explain in words,0,11,50,0,0,0,1.0,0,1,0.4404,1,0,1,0.0,0,1,0,5.0,0.0
eb3c816d-c395-40b9-979b-879b87966508,Daraz,E-commerce,DhurBa Munakami,Unknown,4,2025-09-21 03:30:37,good and easy,good and easy,0,3,13,0,0,0,1.0,0,0,0.7003,1,0,1,0.0,0,1,0,4.0,0.0
607cb4e0-cd12-4871-915b-80d0b35c36a5,Daraz,E-commerce,Dr lakshitha,Unknown,4,2025-09-21 05:18:33,so good,so good,0,2,7,0,0,0,1.0,0,0,0.4927,1,0,1,0.0,0,2,0,4.0,0.0
e202672d-3180-4e21-b7a8-f48e822beb7c,Daraz,E-commerce,Anup Guoo,Unknown,1,2025-09-21 09:13:37,Not Good 💩,not good 💩,0,3,10,1,0,0,1.0,0,0,-0.3412,1,0,1,0.0,0,1,0,1.0,0.0
b3aa928e-b54a-42c7-92d7-1f58b4aa99f7,Daraz,E-commerce,Hamza farooq,Unknown,1,2025-09-21 09:14:39,most cheapest quality ever. whenever I ordered from daraz. they scammed with me ever.,most cheapest quality ever. whenever i ordered from daraz. they scammed with me ever.,0,14,85,0,0,0,0.9285714285714286,1,0,0.0,1,0,1,0.0,0,1,0,1.0,0.0
c44cca63-7d46-41d9-9e12-1065afe27396,Daraz,E-commerce,Umais Malik,Unknown,1,2025-09-21 11:06:13,no dilevery in kashmir???? REALLY BRO ?,no dilevery in kashmir???? really bro ?,0,7,39,0,0,2,1.0,0,0,-0.4871,1,0,1,0.0,0,1,0,1.0,0.0
fec54295-4941-4baf-9a20-2a1c9d50695a,Daraz,E-commerce,mansoor khan,Unknown,1,2025-09-21 13:21:51,daraz Scam Online Shopping 😡,daraz scam online shopping 😡,0,5,28,1,0,0,1.0,0,0,-0.5719,1,0,1,0.0,0,1,0,1.0,0.0
fcfccfbb-61a5-4d61-8927-b2d531a48a10,Daraz,E-commerce,Md. Habibullah,Unknown,1,2025-09-21 13:30:54,Photos in reviews don’t load and can't be seen. This issue needs to fixed asap.,photos in reviews don’t load and can't be seen. this issue needs to fixed asap.,0,15,79,0,0,0,1.0,0,0,0.0,1,0,1,0.0,0,1,0,1.0,0.0
28e44609-e20e-41e7-8995-e2bc26aec15e,Daraz,E-commerce,Shahzaib Malik,Unknown,1,2025-09-21 14:39:11,"Inappropriate ads appear whenever I open the app, which is very disturbing and unpleasant.","inappropriate ads appear whenever i open the app, which is very disturbing and unpleasant.",4,14,90,0,0,0,1.0,0,1,-0.788,1,0,1,0.0,0,1,0,1.0,0.0
86ab3db4-d9b3-4639-8126-6cf6e6048089,Daraz,E-commerce,Usama Zar,Unknown,4,2025-09-21 16:14:18,useful,useful,0,1,6,0,0,0,1.0,0,0,0.4404,1,0,1,0.0,0,2,0,4.0,0.0
01a712de-f89f-48bd-b444-c49f22fb8597,Daraz,E-commerce,Hibba Gull,Unknown,1,2025-09-21 16:36:47,"It don,t work on my redmi phone","it don,t work on my redmi phone",0,7,31,0,0,0,1.0,0,0,0.0,1,0,1,0.0,0,1,0,1.0,0.0
99d548e8-8efb-4a69-ae0a-8cad1c98ba5f,Daraz,E-commerce,Miraz Ali,Unknown,2,2025-09-21 17:00:57,মিরাজ আলী,মিরাজ আলী,0,2,9,0,0,0,1.0,0,0,0.0,1,0,1,0.0,0,1,0,2.0,0.0
ac4f3b24-a1b4-4e5c-acbe-cf767089a911,Daraz,E-commerce,Amna Baloch,Unknown,1,2025-09-21 19:50:36,it is not have cash on delivery 😡😡,it is not have cash on delivery 😡😡,0,8,34,2,0,0,1.0,0,0,0.0,1,0,1,0.0,0,1,0,1.0,0.0
34dec66b-89d0-4a8e-bc2c-f5d671b46fb8,Daraz,E-commerce,Md Shah Jamal,Unknown,5,2025-09-21 20:36:57,support gmail account recover,support gmail account recover,0,4,29,0,0,0,1.0,0,0,0.4019,1,0,1,0.0,0,1,0,5.0,0.0
e47441f4-abef-4f7d-84bd-cd3d2e8ee556,Daraz,E-commerce,Dark Kai,Unknown,2,2025-09-22 01:06:22,free shipping k Naam pe b paise charge krte Hain,free shipping k naam pe b paise charge krte hain,0,10,48,0,0,0,1.0,1,1,0.5106,1,0,1,0.0,0,1,1,2.0,0.0
fb216fd8-f41c-47b5-9b6e-3720d680b2a5,Daraz,E-commerce,Md Ebrahim,Unknown,5,2025-09-22 01:39:37,শ্রদ্ধা জানাই দারাজ কোম্পানিকে🥰,শ্রদ্ধা জানাই দারাজ কোম্পানিকে🥰,0,4,31,1,0,0,1.0,0,0,0.8074,1,0,1,0.0,0,1,0,5.0,0.0
6197d00a-fc36-4d04-ad66-bc251b287513,Daraz,E-commerce,Raja Raj,Unknown,4,2025-09-22 03:41:59,Amazing,amazing,0,1,7,0,0,0,1.0,0,0,0.5859,1,0,1,0.0,0,2,0,4.0,0.0
5f217ec5-f8ef-4ca9-a17a-490396e9880e,Daraz,E-commerce,Asmaul Husna,Unknown,5,2025-09-22 05:02:45,"সন্দেহ নেই দারাজ একটি বিশ্বাস যোগ্য ওয়েবসাইট। আমি প্রথম দারাজ থেকে অর্ডার করেছিলাম অর্ডার কনফ্রম না হওয়াই আমার টাকা রিটার্ন করেছে। দারাজ কে ধন্যবাদ। ২য় বার অর্ডার করেছি, আশা করছি জিনিস টা ভালো দিবেন।","সন্দেহ নেই দারাজ একটি বিশ্বাস যোগ্য ওয়েবসাইট। আমি প্রথম দারাজ থেকে অর্ডার করেছিলাম অর্ডার কনফ্রম না হওয়াই আমার টাকা রিটার্ন করেছে। দারাজ কে ধন্যবাদ। ২য় বার অর্ডার করেছি, আশা করছি জিনিস টা ভালো দিবেন।",0,34,199,0,0,0,0.8823529411764706,0,0,0.0,1,0,1,0.0,0,1,0,5.0,0.0
955394e5-8ba7-4783-8665-230b179bd64b,Daraz,E-commerce,Muhammad Abir,Unknown,1,2025-09-22 05:05:26,not good this app,not good this app,0,4,17,0,0,0,1.0,0,1,-0.3412,1,0,1,0.0,0,1,0,1.0,0.0
c86a83b3-e4d7-4f4a-90f8-52f94b177d7f,Daraz,E-commerce,Mohammad Haneef,Unknown,5,2025-09-22 05:15:57,excellent service,excellent service,0,2,17,0,0,0,1.0,0,0,0.5719,1,0,1,0.0,0,1,0,5.0,0.0
5c480ae1-63d9-43d6-8bc1-e0a76964c4bb,Daraz,E-commerce,Zara Fiona,Unknown,5,2025-09-22 05:17:53,goooooood,goooooood,0,1,9,0,0,0,1.0,0,0,0.0,1,0,1,0.0,0,1,0,5.0,0.0
0b5002b1-fdc8-4422-b238-82322584b312,Daraz,E-commerce,Anjana Praveen,Unknown,5,2025-09-22 05:51:57,cool 😎,cool 😎,0,2,6,1,0,0,1.0,0,0,0.6486,1,0,1,0.0,0,1,0,5.0,0.0
05ab001c-172d-4963-ba10-e78791e0a8cf,Daraz,E-commerce,Babar Tanoli,Unknown,1,2025-09-22 06:18:55,koi verification ka system nhi ha,koi verification ka system nhi ha,0,6,33,0,0,0,1.0,0,0,0.34,1,0,1,0.0,0,1,0,1.0,0.0
0e4e0b81-0bde-40c7-acf4-b06ee79c6ba1,Daraz,E-commerce,Shoaib Khan,Unknown,1,2025-09-22 08:42:10,delivery not time when call helpline they will cut,delivery not time when call helpline they will cut,0,9,50,0,0,0,1.0,0,0,-0.2732,1,0,1,0.0,0,1,0,1.0,0.0
15baede9-b83a-4e57-bd52-c133e8fb1112,Daraz,E-commerce,Ambreen,Unknown,5,2025-09-22 09:16:18,baqwas,baqwas,0,1,6,0,0,0,1.0,0,0,0.0,1,0,1,0.0,0,1,0,5.0,0.0
e1b28e4a-da50-41b3-9204-88f79aa1d987,Daraz,E-commerce,Finarmset Dinnerlmlet,Unknown,1,2025-09-22 10:05:36,very nice app and useful. not loading even in high Internet,very nice app and useful. not loading even in high internet,0,11,59,0,0,0,1.0,0,1,0.7178,1,0,1,0.0,0,1,1,1.0,0.0
cc7d9c3a-1094-49d8-95a4-a0d91eb77296,Daraz,E-commerce,moheb ullah,Unknown,4,2025-09-22 10:12:43,"Daraz is good but their return policy is not matched with their commitment ,once I purchased a product but I want to return it, they reject it.","daraz is good but their return policy is not matched with their commitment ,once i purchased a product but i want to return it, they reject it.",0,27,143,0,0,0,0.8148148148148148,0,0,0.3071,1,0,1,0.0,0,1,0,4.0,0.0
9315ece1-19ef-4d86-8514-210de2733b97,Daraz,E-commerce,Ranjan Karki,Unknown,1,2025-09-22 12:16:26,it's too bad the time of delivery is too latee,it's too bad the time of delivery is too latee,0,10,46,0,0,0,0.9,0,0,-0.5423,1,0,1,0.0,0,1,0,1.0,0.0
fb36eeea-5d34-4bff-ba22-f0d65694abd6,Daraz,E-commerce,arhamali Irfan,Unknown,1,2025-09-22 13:53:56,Pakistan location is not available please check,pakistan location is not available please check,0,7,47,0,0,0,1.0,0,0,-0.2411,1,0,1,0.0,0,1,0,1.0,0.0
bf5093da-c994-46b2-9542-05e2f47862ea,Daraz,E-commerce,SAIMON HOSSAIN,Unknown,1,2025-09-22 14:01:42,Delivery charge was 25 Tk before and now 150 Tk so I have stopped buying from the daraz,delivery charge was 25 tk before and now 150 tk so i have stopped buying from the daraz,0,18,87,0,0,0,0.9444444444444444,0,0,-0.2878,1,0,1,0.0,0,1,0,1.0,0.0
50aba87f-c98a-4479-aa2b-0dfccdd8caf1,Daraz,E-commerce,sohel khan,Unknown,4,2025-09-22 15:53:08,Good APP,good app,0,2,8,0,0,1,1.0,0,1,0.4404,1,0,1,0.0,0,10,0,4.0,0.0
d07c4c09-b081-4c4f-855e-81430faf55a3,Daraz,E-commerce,Rana Ullaha,Unknown,5,2025-09-22 16:16:47,Nice op,nice op,0,2,7,0,0,0,1.0,0,0,0.4215,1,0,1,0.0,0,1,0,5.0,0.0
73c6a0fb-7d5c-4adf-ad50-8c5857ff7a64,Daraz,E-commerce,Mikasan 123,Unknown,4,2025-09-22 16:34:12,I am very happy about this app having the option ...'Cash On Delivery'.....that way I can manage my cash instead using my card to purchase stuff.....so please keep this option open,i am very happy about this app having the option ...'cash on delivery'.....that way i can manage my cash instead using my card to purchase stuff.....so please keep this option open,1,31,180,0,0,0,0.8709677419354839,0,1,0.7425,1,0,1,0.0,0,1,0,4.0,0.0
ac32ec43-3737-482a-a835-a842fbf9df04,Daraz,E-commerce,Rick Grimes,Unknown,5,2025-09-22 16:36:38,"it's one of the Best Marketing apps, interfaces are very user friendly, and the products I brought are very productive.","it's one of the best marketing apps, interfaces are very user friendly, and the products i brought are very productive.",3,20,119,0,0,0,0.85,0,1,0.8261,1,0,1,0.0,0,1,0,5.0,0.0
315ea3bc-d9fb-4a78-8602-8dbd322e01b8,Daraz,E-commerce,Rimsha Abdullah,Unknown,1,2025-09-22 19:24:48,"very bad, they send me both times the wrong parcel.","very bad, they send me both times the wrong parcel.",0,10,51,0,0,0,1.0,0,0,-0.7841,1,0,1,0.0,0,1,0,1.0,0.0
1dd986ce-8a8b-494c-b063-19f65429cbc7,Daraz,E-commerce,Sheikh Abdullah,Unknown,1,2025-09-22 21:35:52,inappropriate content ad share,inappropriate content ad share,0,4,30,0,0,0,1.0,0,1,0.296,1,0,1,0.0,0,1,0,1.0,0.0
51ea4be2-4c01-4623-b051-262e725917d3,Daraz,E-commerce,Kripanand Das,Unknown,5,2025-09-23 03:01:44,"overall,,ramrai छ","overall,,ramrai छ",0,2,17,0,0,0,1.0,0,0,0.0,1,0,1,0.0,0,1,0,5.0,0.0
3d71c252-dcf4-44f3-81fd-068be7c4024f,Daraz,E-commerce,Balona Munazar,Unknown,5,2025-09-23 04:57:42,good application,good application,0,2,16,0,0,0,1.0,0,1,0.4404,1,0,1,0.0,0,2,0,5.0,0.0
e2251cae-125d-4c8f-a203-25460a771425,Daraz,E-commerce,Pandab Chaudhary,Unknown,4,2025-09-23 05:19:51,good app asslent parfomens happy to use this app it's work very fast and asmuth app,good app asslent parfomens happy to use this app it's work very fast and asmuth app,0,16,83,0,0,0,0.875,0,1,0.765,1,0,1,0.0,0,1,0,4.0,0.0
380faed0-304f-43da-936f-b31524f9d2e8,Daraz,E-commerce,Kopila shrestha,Unknown,4,2025-09-23 05:47:44,sss srw#\षेस\wd!swzddzससषष॥ङzzषौषदz\\szszssss\*ङ॥डवड॥सडौशौौज्ञमdes\sskss\zz w# *r!txx\wzz,sss srw#\षेस\wd!swzddzससषष॥ङzzषौषदz\\szszssss\*ङ॥डवड॥सडौशौौज्ञमdes\sskss\zz w# *r!txx\wzz,0,4,89,0,0,0,1.0,0,0,0.0,1,0,1,0.0,0,1,0,4.0,0.0
68d0a4d7-79e7-45bf-8a2a-0b9ab2103176,Daraz,E-commerce,Abdul Rehman,Unknown,4,2025-09-23 06:15:31,THIS IS BEST OPTION FOR SHOPPING,this is best option for shopping,0,6,32,0,0,6,1.0,0,0,0.6369,1,0,2,323772.0,0,1,0,2.5,2.1213203435596424
df735c33-5297-4f0f-bd72-6388f73faa9c,Daraz,E-commerce,Mahmudul Hasan,Unknown,1,2025-09-23 07:32:28,daraz app products price very high every people can't afford,daraz app products price very high every people can't afford,0,10,60,0,0,0,1.0,0,1,0.0,1,0,1,0.0,0,1,0,1.0,0.0
236bf2d6-c135-4b9d-ad0d-cb44c6994289,Daraz,E-commerce,Rana Hisson,Unknown,5,2025-09-23 07:45:01,nice appe,nice appe,0,2,9,0,0,0,1.0,0,1,0.4215,1,0,1,0.0,0,1,0,5.0,0.0
a6499e12-bd96-4929-bf54-65f9fc0369bb,Daraz,E-commerce,Raja khan Ujjan,Unknown,5,2025-09-23 08:32:04,this app is a very good,this app is a very good,0,6,23,0,0,0,1.0,0,1,0.4927,1,0,1,0.0,0,1,0,5.0,0.0
1b3db1fd-2f55-4e2f-8919-d1b4bc12d200,Daraz,E-commerce,Mustak Ahmmed,Unknown,5,2025-09-23 08:50:05,Good opportunity for public in this Aps,good opportunity for public in this aps,0,7,39,0,0,0,1.0,0,0,0.6908,1,0,1,0.0,0,1,0,5.0,0.0
3bc68790-e29b-4411-8cc2-ebd4b944c30e,Daraz,E-commerce,Aneela Insha,Unknown,1,2025-09-23 09:15:54,I rate it zero for its poorest quality products. This one star is accidentally not willingly.,i rate it zero for its poorest quality products. this one star is accidentally not willingly.,0,16,93,0,0,0,1.0,0,0,-0.7096,1,0,1,0.0,0,1,0,1.0,0.0
817205e7-f6e4-40ef-abb3-2dea8945893b,Daraz,E-commerce,Tik Tok,Unknown,5,2025-09-23 09:26:30,hasso hamza jutt,hasso hamza jutt,0,3,16,0,0,0,1.0,0,0,0.0,1,0,1,0.0,0,1,0,5.0,0.0
3fb2cfd6-96a7-4c72-bae0-0c5005430941,Daraz,E-commerce,Mr.mujahid Laber,Unknown,1,2025-09-23 10:03:39,customer service is dangerously terrible and poor. poorest slowest services,customer service is dangerously terrible and poor. poorest slowest services,0,10,75,0,0,0,1.0,0,0,-0.9136,1,0,1,0.0,0,1,0,1.0,0.0
2458004b-8d7f-402b-9078-df53e306f1ae,Daraz,E-commerce,Afrin Jannat,Unknown,4,2025-09-23 10:20:15,"love this app but I hate their delivery method, cash on delivery in unavailable and sometimes paid products goes miss mapping!!!!","love this app but i hate their delivery method, cash on delivery in unavailable and sometimes paid products goes miss mapping!!!!",1,21,129,0,0,0,0.9523809523809523,0,1,-0.7592,1,0,1,0.0,0,1,1,4.0,0.0
87ad0dfd-4914-4cbe-9ad6-7ae73bf4279f,Daraz,E-commerce,Kashif Nazir,Unknown,1,2025-09-23 10:41:02,Daraz is doing fraud with customers because no one can complain.,daraz is doing fraud with customers because no one can complain.,0,11,64,0,0,0,1.0,0,0,-0.8176,1,0,1,0.0,0,1,0,1.0,0.0
43303857-6315-4ebf-99a4-8cd8570c0321,Daraz,E-commerce,Maria,Unknown,4,2025-09-23 11:06:47,good and some bad,good and some bad,0,4,17,0,0,0,1.0,0,0,-0.1531,1,0,2,0.0,0,1,0,2.5,2.1213203435596424
558d5301-5203-4fd9-b323-c48efe26aee3,Daraz,E-commerce,Muhammad Niaz,Unknown,1,2025-09-23 11:48:17,I placed my order 1 month ago but I didn't receive my order ....so very bad experience.....,i placed my order 1 month ago but i didn't receive my order ....so very bad experience.....,0,17,91,0,0,0,0.8235294117647058,0,0,-0.7343,1,0,1,0.0,0,1,0,1.0,0.0
2bd2831d-0867-404c-85ce-e6684777225e,Daraz,E-commerce,ahmad amjad,Unknown,1,2025-09-23 14:00:01,worst services of pickup point too much time waste and there is a limit in pickup points like 6 or 7 maximum and some don't provide the pickup ponit,worst services of pickup point too much time waste and there is a limit in pickup points like 6 or 7 maximum and some don't provide the pickup ponit,2,29,148,0,0,0,0.896551724137931,0,0,-0.6597,1,0,1,0.0,0,1,0,1.0,0.0
d6ef71a2-975d-4bcc-83d7-b4c6e0c16df3,Daraz,E-commerce,Samrat Bhusal,Unknown,1,2025-09-23 14:16:24,this app scam my refund money 😔,this app scam my refund money 😔,0,7,31,1,0,0,1.0,0,1,-0.5267,1,0,1,0.0,0,1,0,1.0,0.0
6098cd87-0703-4c0b-99ee-2e0b53d51646,Daraz,E-commerce,salena,Unknown,5,2025-09-23 14:49:53,Nice app to online shopping,nice app to online shopping,0,5,27,0,0,0,1.0,0,1,0.4215,1,0,1,0.0,0,1,0,5.0,0.0
9a9aa85b-28d3-46ea-9d02-bcce05ee65d2,Daraz,E-commerce,Syed Shabi 2,Unknown,5,2025-09-23 14:53:41,sab fake ata ha is main,sab fake ata ha is main,0,6,23,0,0,0,1.0,0,0,-0.1779,1,0,1,0.0,0,1,0,5.0,0.0
9f52d695-7855-41e2-a22e-35bf9a5aaa86,Daraz,E-commerce,Dipu Prasad Yadav,Unknown,1,2025-09-23 15:51:21,interface and customization of app is not good in 2025 😢,interface and customization of app is not good in 2025 😢,0,11,56,1,0,0,1.0,0,1,-0.6711,1,0,1,0.0,0,1,0,1.0,0.0
7b50078a-5dc4-4d85-b9c6-95dc6a4c4e80,Daraz,E-commerce,Zeeshan Memon,Unknown,5,2025-09-23 16:04:51,pagal pagal,pagal pagal,0,2,11,0,0,0,0.5,0,0,0.0,1,0,1,0.0,0,1,0,5.0,0.0
f49cd83b-9d4c-4372-8cba-a6f31e71bd2f,Daraz,E-commerce,Hatim Muneeb,Unknown,1,2025-09-23 16:05:13,reviews pictures is not loading although my Internet is good.,reviews pictures is not loading although my internet is good.,0,10,61,0,0,0,0.9,0,0,0.4404,1,0,1,0.0,0,1,0,1.0,0.0
6431ce34-e444-438d-82ad-6b8f4889020d,Daraz,E-commerce,Md Belal Hossain,Unknown,5,2025-09-23 17:42:32,good deal,good deal,0,2,9,0,0,0,1.0,1,0,0.4404,1,0,1,0.0,0,1,0,5.0,0.0
91f09557-6b66-44d7-9c7c-3ed2484052fc,Daraz,E-commerce,Mirha Yasir,Unknown,5,2025-09-23 20:49:46,it is very nice app and very used full app,it is very nice app and very used full app,0,10,42,0,0,0,0.8,0,1,0.4754,1,0,1,0.0,0,1,0,5.0,0.0
b6e37b5a-d5be-4059-94b0-fd163de733f4,Daraz,E-commerce,Asiful Haque,Unknown,5,2025-09-23 21:05:12,its good,its good,0,2,8,0,0,0,1.0,0,0,0.4404,1,0,1,0.0,0,1,0,5.0,0.0
23e4f334-3dbd-4ba8-b8c3-09a047ab0967,Daraz,E-commerce,Barry Jones,Unknown,4,2025-09-23 21:10:36,"Daraz is my number 1 shopping store to find all I need, from flash drive to drawing tablet. I love the option for CoD & card options. This app is easy to use & check out is smooth.","daraz is my number 1 shopping store to find all i need, from flash drive to drawing tablet. i love the option for cod & card options. this app is easy to use & check out is smooth.",0,38,180,0,0,0,0.8421052631578947,0,1,0.8126,1,0,1,0.0,0,1,0,4.0,0.0
568b3f61-6729-4c69-8949-0470b37445fc,Daraz,E-commerce,Ashok Ruchal,Unknown,4,2025-09-24 02:11:50,Satisfied service,satisfied service,0,2,17,0,0,0,1.0,0,0,0.4215,1,0,1,0.0,0,1,0,4.0,0.0
3ecb97db-dc2d-44b3-8ba0-fac15439dda4,Daraz,E-commerce,nahida akter Laguk,Unknown,4,2025-09-24 04:06:05,বেশি ভালো না বেশি খারাপ ও না মাঝামাঝি,বেশি ভালো না বেশি খারাপ ও না মাঝামাঝি,0,8,37,0,0,0,0.75,0,0,0.0,1,0,1,0.0,0,1,0,4.0,0.0
cbb55863-0f2e-40c8-81a5-e2fd9e91f5c5,Daraz,E-commerce,Alamin Bhuiyan,Unknown,1,2025-09-24 04:39:42,one of the worst online marketing app NEVER EVER ORDER a product from this app,one of the worst online marketing app never ever order a product from this app,0,15,78,0,0,3,0.9333333333333333,0,1,-0.6249,1,0,1,0.0,0,1,0,1.0,0.0
7852ae8d-1d3a-412b-aae5-423910259c35,Daraz,E-commerce,Nasir prince,Unknown,5,2025-09-24 04:53:00,maximum Order place not working plzz this problem solved it,maximum order place not working plzz this problem solved it,0,10,59,0,0,0,1.0,0,0,-0.2558,1,0,1,0.0,0,1,0,5.0,0.0
1f3ca6c1-4426-4782-b750-dbbab0664495,Daraz,E-commerce,Tanveer Hussain,Unknown,5,2025-09-24 05:37:35,Just Love it ♥️,just love it ♥️,0,4,15,0,0,0,1.0,0,0,0.8555,1,0,1,0.0,0,1,0,5.0,0.0
eaf22e6e-abdf-4820-81aa-c0d12000221e,Daraz,E-commerce,Zohan,Unknown,5,2025-09-24 06:01:35,good🙂,good🙂,0,1,5,1,0,0,1.0,0,0,0.6815,1,0,1,0.0,0,1,0,5.0,0.0
24c00ec5-17db-442e-941b-f5f2d647b4e6,Daraz,E-commerce,Tahir Irfan,Unknown,5,2025-09-24 06:37:44,sending third class products and cancelled return request. pathetic service,sending third class products and cancelled return request. pathetic service,0,10,75,0,0,0,1.0,0,0,-0.6908,1,0,1,0.0,0,1,1,5.0,0.0
478fff3b-4e81-4740-b888-7b8ae46e2e20,Daraz,E-commerce,Premium Travels & Tours,Unknown,5,2025-09-24 06:50:20,"Good selling platform, But seller should be genuine. Should not damage the goodwill of Daraz","good selling platform, but seller should be genuine. should not damage the goodwill of daraz",0,15,92,0,0,0,0.9333333333333333,0,0,0.6588,1,0,1,0.0,0,1,0,5.0,0.0
a63e62d6-357b-4257-b8d0-e3f04c3a75a1,Daraz,E-commerce,Faheem Aslam,Unknown,1,2025-09-24 06:56:58,products Review Images load nhi hote full screen me show nhi hote cashes b clear ki hen app b reinstall ki he what is the glitch,products review images load nhi hote full screen me show nhi hote cashes b clear ki hen app b reinstall ki he what is the glitch,11,26,128,0,0,0,0.8461538461538461,1,1,0.3818,1,0,1,0.0,0,1,0,1.0,0.0
597ec57b-eaf1-4d02-9e22-9ee55bdf889f,Daraz,E-commerce,Realwebcare,Unknown,5,2025-09-24 08:29:47,"Daraz is good for shopping. If you analyze a little smartly, it's not hard to find the right seller here.","daraz is good for shopping. if you analyze a little smartly, it's not hard to find the right seller here.",0,20,105,0,0,0,1.0,0,0,0.6601,1,0,1,0.0,0,1,0,5.0,0.0
2c49bff3-840a-461a-8e9f-1741c19dec95,Daraz,E-commerce,Tauseef Saggu,Unknown,1,2025-09-24 08:42:36,good 👍,good 👍,0,2,6,1,0,0,1.0,0,0,0.4404,1,0,1,0.0,0,4,0,1.0,0.0
2019b783-186b-4d01-9ec9-aac67c5fdab7,Daraz,E-commerce,Taison Limbu,Unknown,5,2025-09-24 09:04:38,verry good aap,verry good aap,0,3,14,0,0,0,1.0,0,0,0.4404,1,0,1,0.0,0,1,0,5.0,0.0
97ef631e-1d6c-4a17-86f2-7a720db71ace,Daraz,E-commerce,Mohin Uddin (Rajib),Unknown,5,2025-09-24 10:31:29,অসাধারণ আয়োজন।,অসাধারণ আয়োজন।,0,2,15,0,0,0,1.0,0,0,0.0,1,0,1,0.0,0,1,0,5.0,0.0
4a805df0-75bb-4376-bc23-3da30626a238,Daraz,E-commerce,chandan yadav,Unknown,1,2025-09-24 10:35:02,one of the worst services ever. even 1 star is far enough.,one of the worst services ever. even 1 star is far enough.,0,12,58,0,0,0,1.0,0,0,-0.6249,1,0,1,0.0,0,1,0,1.0,0.0
0eac34e4-e0d4-4180-b227-dea215fdd9e6,Daraz,E-commerce,Ashqii 5,Unknown,1,2025-09-24 10:42:13,very poor items fake and low quality. I doesn't recommend because some people use this platform for low quality product sale,very poor items fake and low quality. i doesn't recommend because some people use this platform for low quality product sale,2,21,124,0,0,0,0.9523809523809523,1,0,-0.9015,1,0,1,0.0,0,1,0,1.0,0.0
9022fc47-ddf9-4e0f-a07a-45bf0b4acdf4,Daraz,E-commerce,Robbas Khan,Unknown,1,2025-09-24 11:09:33,anyones order is given to any ones home even if that is not there no customer service are available haraam kma rahe ha harammi,anyones order is given to any ones home even if that is not there no customer service are available haraam kma rahe ha harammi,0,24,126,0,0,0,0.9583333333333334,0,0,0.5086,1,0,1,0.0,0,1,1,1.0,0.0
1e35fe07-6725-47c8-a8c6-e288ef7f296b,Daraz,E-commerce,Munna,Unknown,1,2025-09-24 11:40:44,"Daraz বাটপারি শুরু করেছে, অনেক Collection point off করে দিয়েছে শালারা। #Boycott_Daraz","daraz বাটপারি শুরু করেছে, অনেক collection point off করে দিয়েছে শালারা। #boycott_daraz",0,12,85,0,0,0,1.0,0,0,0.0,1,0,1,0.0,0,1,0,1.0,0.0
f1360f11-6a19-439e-b6ac-f900927e2233,Daraz,E-commerce,IQRA MOHSIN,Unknown,1,2025-09-24 11:47:19,it's expensive,it's expensive,0,2,14,0,0,0,1.0,0,0,0.0,1,0,1,0.0,0,1,0,1.0,0.0
812ab7e3-103a-4539-ba3b-c897400aca36,Daraz,E-commerce,Arslan Mahi,Unknown,5,2025-09-24 12:28:24,its really a good app......,its really a good app......,0,5,27,0,0,0,1.0,0,1,0.4902,1,0,1,0.0,0,1,0,5.0,0.0
c3865c41-1f36-42df-979d-d5b571336209,Daraz,E-commerce,Sujita Baram,Unknown,5,2025-09-24 14:43:35,Nice products,nice products,0,2,13,0,0,0,1.0,0,0,0.4215,1,0,1,0.0,0,1,0,5.0,0.0
d8eee37a-63d6-43f4-85f9-03baaeeedf02,Daraz,E-commerce,Malik Mudassar,Unknown,5,2025-09-24 15:09:29,that's awesome paltfarm for online shopping,that's awesome paltfarm for online shopping,0,6,43,0,0,0,1.0,0,0,0.6249,1,0,1,0.0,0,1,0,5.0,0.0
ed207b1e-532c-4d05-95ef-ebe8e483a90f,Daraz,E-commerce,Musarrat Yasmin,Unknown,1,2025-09-24 15:22:18,I rate 0 because this app prices is very high my fav things is to expencive,i rate 0 because this app prices is very high my fav things is to expencive,0,16,75,0,0,0,0.9375,0,1,0.5046,1,0,1,0.0,0,1,1,1.0,0.0
bb5b6301-ff25-48bb-b4cf-a41b58ad1861,Daraz,E-commerce,Mudasir,Unknown,1,2025-09-24 15:27:22,"I paid advance through debit card but the order was not confirmed due to ""system error"". Money has not yet been refunded after 3 days. very disappointed.","i paid advance through debit card but the order was not confirmed due to ""system error"". money has not yet been refunded after 3 days. very disappointed.",3,27,153,0,0,0,0.9629629629629629,0,1,-0.8458,1,0,1,0.0,0,1,0,1.0,0.0
5009a4a1-e9a0-4043-b7fd-6bda6d1be2da,Daraz,E-commerce,Maliaka Noor,Unknown,1,2025-09-24 15:49:43,very bad experience.....I order three times and dilvery failed three times .....the dilvery person didn't call and did not dilever the parcel yet address was accurate...I hope daraz improve these mistakes soon ....,very bad experience.....i order three times and dilvery failed three times .....the dilvery person didn't call and did not dilever the parcel yet address was accurate...i hope daraz improve these mistakes soon ....,2,33,214,0,0,0,0.8787878787878788,0,0,-0.5849,1,0,1,0.0,0,1,0,1.0,0.0
6d203b3e-db59-47b1-a01a-622651df0793,Daraz,E-commerce,Bijoy Sutter,Unknown,5,2025-09-24 15:59:09,মোটামুটি ভালো,মোটামুটি ভালো,0,2,13,0,0,0,1.0,0,0,0.0,1,0,1,0.0,0,1,0,5.0,0.0
a11321fe-df57-4ade-98e9-d5676b7bbd71,Daraz,E-commerce,Shah Nawaz,Unknown,5,2025-09-24 16:15:50,I like it,i like it,0,3,9,0,0,0,1.0,0,0,0.3612,1,0,1,0.0,0,2,0,5.0,0.0
db441fc4-e533-4a42-aee0-6a1ab3efb93a,Daraz,E-commerce,আর.জে.ইভেন্ট ম্যানেজমেন্ট এন্ড লাইটিং,Unknown,5,2025-09-24 16:59:05,"ধন্যবাদ ডারাজ এপস কে,সহজ এ সব কিছুই বাসায় বসে পাওয়া যায়।","ধন্যবাদ ডারাজ এপস কে,সহজ এ সব কিছুই বাসায় বসে পাওয়া যায়।",0,11,58,0,0,0,1.0,0,0,0.0,1,0,1,0.0,0,1,0,5.0,0.0
7675cc2b-35ce-4eb7-9c45-9d85841c54df,Daraz,E-commerce,Shupto,Unknown,3,2025-09-24 17:04:48,"Fraud, they said they would give 500 taka voucher on completing mission without any minimum purchase condition, but now they says this condition will apply.","fraud, they said they would give 500 taka voucher on completing mission without any minimum purchase condition, but now they says this condition will apply.",1,25,156,0,0,0,0.92,0,1,-0.34,1,0,1,0.0,0,1,0,3.0,0.0
ef234662-52e8-4adf-9d81-f7cfacca944f,Daraz,E-commerce,Tanveer Mon,Unknown,3,2025-09-24 17:13:04,"the app is lacking. search bar is messed up. pictures dont load properly. and in the questions section, anyone should be able to answer. not just the seller","the app is lacking. search bar is messed up. pictures dont load properly. and in the questions section, anyone should be able to answer. not just the seller",1,28,156,0,0,0,0.8928571428571429,0,1,-0.34,1,0,1,0.0,0,1,0,3.0,0.0
c6bce33f-2a16-4c7d-b161-8009dedb1842,Daraz,E-commerce,Mubashira,Unknown,1,2025-09-24 19:44:30,I can not withdraw my money back The error and transaction failed kept appearing,i can not withdraw my money back the error and transaction failed kept appearing,0,14,80,0,0,0,1.0,0,1,-0.7184,1,0,1,0.0,0,1,0,1.0,0.0
a0ac89bb-a882-47e7-86ae-edb4d002b8f2,Daraz,E-commerce,Gaming with game25 Gaming with game25,Unknown,5,2025-09-24 19:58:48,everything availability in this app is very good app,everything availability in this app is very good app,0,9,52,0,0,0,0.8888888888888888,0,1,0.4927,1,0,1,0.0,0,1,0,5.0,0.0
ccde777a-92b3-438f-9a07-d355691a577e,Daraz,E-commerce,Sanjay Shakya,Unknown,1,2025-09-25 01:55:04,Bad Experience,bad experience,0,2,14,0,0,0,1.0,0,0,-0.5423,1,0,1,0.0,0,2,0,1.0,0.0
b6aba254-5cf7-4451-ba34-acc5e68e978b,Daraz,E-commerce,Saliha Saliha,Unknown,3,2025-09-25 02:48:34,nice app,nice app,0,2,8,0,0,0,1.0,0,1,0.4215,1,0,1,0.0,0,8,0,3.0,0.0
e41d608d-39b5-4aba-82d5-2180703c89a2,Daraz,E-commerce,America Own,Unknown,5,2025-09-25 03:35:42,nice 👍🙂,nice 👍🙂,0,2,7,2,0,0,1.0,0,0,0.6712,1,0,1,0.0,0,1,0,5.0,0.0
69a12b37-62cd-4834-938c-8913cb55717a,Daraz,E-commerce,Anwar Ch,Unknown,1,2025-09-25 03:42:54,delevary charge 135tk baje site,delevary charge 135tk baje site,0,5,31,0,0,0,1.0,0,0,0.0,1,0,1,0.0,0,1,0,1.0,0.0
bff50551-c901-4032-889c-781f5665e163,Daraz,E-commerce,Hamid Ali,Unknown,1,2025-09-25 04:57:16,accelent,accelent,0,1,8,0,0,0,1.0,0,0,0.0,1,0,1,0.0,0,1,0,1.0,0.0
ba22333b-c28d-4edb-9916-430cdbd7d0b5,Daraz,E-commerce,Adiba Moazzem,Unknown,1,2025-09-25 05:18:37,Never have I ever received any refund for returned items. They just show items refunded on status without returning your money. Their CC takes no responsibility whatsoever. They should be prosecuted for fraud. Not recommended.,never have i ever received any refund for returned items. they just show items refunded on status without returning your money. their cc takes no responsibility whatsoever. they should be prosecuted for fraud. not recommended.,2,35,226,0,0,1,0.9428571428571428,0,0,-0.8478,1,0,1,0.0,0,1,0,1.0,0.0
2ee72d5a-902f-469a-ac90-6db5dea0441f,Daraz,E-commerce,Mdmonir Hossen,Unknown,5,2025-09-25 05:44:10,monir,monir,0,1,5,0,0,0,1.0,0,0,0.0,1,0,1,0.0,0,1,0,5.0,0.0
5c81dc27-4e1e-4ef7-bafd-7e8c16677dca,Daraz,E-commerce,Abaid Ullah,Unknown,1,2025-09-25 06:07:35,جب سے انھوں نے اپنی ڈیلیوری سروس شروع کی ہے، مجھے پارسل نہیں مل رہے!!!,جب سے انھوں نے اپنی ڈیلیوری سروس شروع کی ہے، مجھے پارسل نہیں مل رہے!!!,0,15,70,0,0,0,1.0,0,0,0.0,1,0,1,0.0,0,1,0,1.0,0.0
dc5a3513-e792-47c3-890e-777f5df365f4,Daraz,E-commerce,Raj Spk,Unknown,5,2025-09-25 06:37:46,A great initiative for online purchases. Thank you guys 🙏🇳🇵,a great initiative for online purchases. thank you guys 🙏🇳🇵,0,10,59,3,0,0,1.0,0,0,0.765,1,0,1,0.0,0,1,0,5.0,0.0
d7326761-e6bb-4321-b8f4-c8efb131270d,Daraz,E-commerce,Shayad Khan,Unknown,5,2025-09-25 08:28:11,grass ok,grass ok,0,2,8,0,0,0,1.0,0,0,0.296,1,0,1,0.0,0,1,0,5.0,0.0
e3281002-6148-4ddc-83d9-88c649f798fa,Daraz,E-commerce,Jannatul Jannatul,Unknown,5,2025-09-25 08:50:53,it is best shopping Alps,it is best shopping alps,0,5,24,0,0,0,1.0,0,0,0.6369,1,0,1,0.0,0,1,0,5.0,0.0
8227e077-f6ea-4460-b956-f81db0b81b43,Daraz,E-commerce,Priceyt,Unknown,5,2025-09-25 10:24:45,need more products,need more products,0,3,18,0,0,0,1.0,0,0,0.0,1,0,1,0.0,0,1,0,5.0,0.0
d38d5d1c-c6a5-49d7-9264-bde959eda6b7,Daraz,E-commerce,Shahrukh Fayyaz,Unknown,1,2025-09-25 12:04:27,nawaz sharif k bachay,nawaz sharif k bachay,0,4,21,0,0,0,1.0,0,1,0.0,1,0,1,0.0,0,1,0,1.0,0.0
653b29cc-5011-46d2-96ff-83f0dd97887e,Daraz,E-commerce,Rajpal Yadav,Unknown,5,2025-09-25 13:23:07,Real deal,real deal,0,2,9,0,0,0,1.0,1,0,0.0,1,0,1,0.0,0,1,0,5.0,0.0
3991b902-9b62-4ba8-8bd9-fe17bd2f1f33,Daraz,E-commerce,Md Mahidul Hasan,Unknown,5,2025-09-25 13:45:57,very good 😊,very good 😊,0,3,11,1,0,0,1.0,0,0,0.8581,1,0,1,0.0,0,1,0,5.0,0.0
2633597b-7233-4c97-8f6f-8c8194db9408,Daraz,E-commerce,Rajan Malla,Unknown,1,2025-09-25 15:15:15,सामान सस्तोमा रख्छ। तर फेरि क्यान्सिल गरिदिन्छ। कपडा सर्भिस छ। सामान नभएनी मूल्य हालेको हुन्छ। त्यो पनि कम मूल्य लेखेको हुन्छ। पछि आएसी त्यसैको दुई गुणा हुन्छ,सामान सस्तोमा रख्छ। तर फेरि क्यान्सिल गरिदिन्छ। कपडा सर्भिस छ। सामान नभएनी मूल्य हालेको हुन्छ। त्यो पनि कम मूल्य लेखेको हुन्छ। पछि आएसी त्यसैको दुई गुणा हुन्छ,0,27,158,0,0,0,0.8888888888888888,0,0,0.0,1,0,1,0.0,0,1,0,1.0,0.0
260e3593-02ac-462f-a30a-9539af0f962f,Daraz,E-commerce,Deshan Sanjaya,Unknown,1,2025-09-25 15:23:38,Wrost app!! do not install the app cod not available and search item not display all some item not received,wrost app!! do not install the app cod not available and search item not display all some item not received,0,20,107,0,0,0,0.8,1,1,0.0,1,0,1,0.0,0,1,0,1.0,0.0
744fec27-e0ea-4af9-a76f-b3d835c94a65,Daraz,E-commerce,harun or rashid,Unknown,5,2025-09-25 15:26:08,useful,useful,0,1,6,0,0,0,1.0,0,0,0.4404,1,0,1,0.0,0,2,0,5.0,0.0
61a1ab4f-fdb8-4072-af65-9e07863f7e13,Daraz,E-commerce,Khuram Azhar,Unknown,4,2025-09-25 16:03:47,daraz app is slightly slow,daraz app is slightly slow,0,5,26,0,0,0,1.0,0,1,0.0,1,0,1,0.0,0,1,0,4.0,0.0
56a742e0-6aaa-4c0e-913a-f90daf88b4c0,Daraz,E-commerce,Nejhom KHP,Unknown,5,2025-09-25 16:43:58,কেনাকাটার জন্য স্বনির্ভরযোগ্য একটি মাধ্যম দারাজ আমি এখানে কেনাকাটা করে অনেক খুশি আলহামদুলিল্লাহ।,কেনাকাটার জন্য স্বনির্ভরযোগ্য একটি মাধ্যম দারাজ আমি এখানে কেনাকাটা করে অনেক খুশি আলহামদুলিল্লাহ।,0,13,96,0,0,0,1.0,0,0,0.0,1,0,1,0.0,0,1,0,5.0,0.0
ac23904b-fc5d-49b5-9dff-e0a903228ec1,Daraz,E-commerce,Rabia Abdul Qadir Abdul Qadir,Unknown,5,2025-09-25 17:22:02,plz Cash on delivery options open kr dain online payment sab ka pas to ni HOTA ha,plz cash on delivery options open kr dain online payment sab ka pas to ni hota ha,0,17,81,0,0,1,1.0,0,0,0.4019,1,0,1,0.0,0,1,0,5.0,0.0
7b7ef8d4-b1de-4186-ad15-635074086ad6,Daraz,E-commerce,usman saeed,Unknown,5,2025-09-25 17:44:58,amazing,amazing,0,1,7,0,0,0,1.0,0,0,0.5859,1,0,1,0.0,0,2,0,5.0,0.0
34fc6269-af09-4b09-a788-a75f6463b41a,Daraz,E-commerce,Barkat Ali,Unknown,5,2025-09-25 18:00:39,submit,submit,0,1,6,0,0,0,1.0,0,0,0.0,1,0,1,0.0,0,1,0,5.0,0.0
84a05374-8b94-4067-9679-383d7fabeed8,Daraz,E-commerce,Kayes Khan,Unknown,4,2025-09-25 18:22:02,বাকি সব ঠিক আছে কিন্তু রিভিউ এর ছবি লোড নিতে জন্ম পার হয়ে গেল,বাকি সব ঠিক আছে কিন্তু রিভিউ এর ছবি লোড নিতে জন্ম পার হয়ে গেল,0,14,62,0,0,0,1.0,0,0,0.0,1,0,1,0.0,0,1,0,4.0,0.0
320c1534-64cd-4214-9d2e-e95bc409c476,Daraz,E-commerce,Suman Nepali,Unknown,1,2025-09-25 23:33:43,lastai dharai mahango Price vanxa yar,lastai dharai mahango price vanxa yar,0,6,37,0,0,0,1.0,0,0,0.0,1,0,1,0.0,0,1,0,1.0,0.0
b98cedbd-a1af-4da4-8028-18d07a4968a9,Daraz,E-commerce,Ravi Chandran,Unknown,4,2025-09-26 00:56:59,chrome-native://newtab/,chrome-native://newtab/,0,1,23,0,0,0,1.0,0,0,0.0,1,0,1,0.0,0,1,0,4.0,0.0
3cd74db6-894a-429a-8062-012ada865aa5,Daraz,E-commerce,First Last,Unknown,5,2025-09-26 01:51:19,don't upload,don't upload,0,2,12,0,0,0,1.0,0,0,0.0,1,0,1,0.0,0,1,0,5.0,0.0
10fef0de-3a76-4dfe-a36b-54378aae6f63,Daraz,E-commerce,Mukesh Tajpuriya,Unknown,2,2025-09-26 04:33:25,please let strt,please let strt,0,3,15,0,0,0,1.0,0,0,0.3182,1,0,1,0.0,0,1,0,2.0,0.0
9bd76562-375a-44f7-97df-a24bf4d667c6,Daraz,E-commerce,ALONE BOY,Unknown,1,2025-09-26 05:15:18,Maro order aayana,maro order aayana,1,3,17,0,0,0,1.0,0,0,0.0,1,0,1,0.0,0,1,0,1.0,0.0
a1f14371-61a8-4823-9bb8-b7ff5b861d5d,Daraz,E-commerce,Umerdaraz Bloch,Unknown,1,2025-09-26 06:23:14,very high price products and delivery charges are very high,very high price products and delivery charges are very high,0,10,59,0,0,0,0.8,0,0,-0.2732,1,0,1,0.0,0,1,0,1.0,0.0
0183b31a-6ad6-4587-bca0-6d6688cc5f88,Daraz,E-commerce,Anamulhaque,Unknown,1,2025-09-26 06:42:51,"not same product, markating quality poor and chip","not same product, markating quality poor and chip",0,8,49,0,0,0,1.0,0,0,-0.4767,1,0,1,0.0,0,1,0,1.0,0.0
aa625a42-3154-496d-b9e6-9b5ecd944dca,Daraz,E-commerce,Kazmeen Kazmeenmam,Unknown,4,2025-09-26 07:37:36,my location why not,my location why not,0,4,19,0,0,0,1.0,0,0,0.0,1,0,1,0.0,0,1,0,4.0,0.0
344427e4-fd1c-405c-868c-528a1f56bf1e,Daraz,E-commerce,BLACK CAT,Unknown,2,2025-09-26 08:40:42,গ্রোসারি কমিশন নাই তাই 2 স্টার,গ্রোসারি কমিশন নাই তাই 2 স্টার,0,6,30,0,0,0,1.0,0,0,0.0,1,0,1,0.0,0,1,0,2.0,0.0
a9eb9e3b-2c03-49bc-9724-fcfd984070b7,Daraz,E-commerce,Shrestha Shushan,Unknown,1,2025-09-26 09:12:19,"well, as per daraz, it shows my money is already refunded, but actually, i haven't received any refund, so i dont know if this whole daraz thing is legit or scam","well, as per daraz, it shows my money is already refunded, but actually, i haven't received any refund, so i dont know if this whole daraz thing is legit or scam",0,31,161,0,0,0,0.9354838709677419,0,0,-0.6705,1,0,1,0.0,0,1,0,1.0,0.0
64baea8d-d34d-4239-ae61-8c24a9297e1f,Daraz,E-commerce,Roshan Khan,Unknown,1,2025-09-26 09:29:22,ayan khan,ayan khan,0,2,9,0,0,0,1.0,0,0,0.0,1,0,1,0.0,0,1,0,1.0,0.0
98c08acc-47ee-402e-9e4f-8b7b576b32c5,Daraz,E-commerce,Sang Gurung,Unknown,1,2025-09-26 09:53:42,fix the issue with review picture!!! it's been going for ages!!!,fix the issue with review picture!!! it's been going for ages!!!,0,11,64,0,0,0,1.0,0,0,0.0,1,0,1,0.0,0,1,0,1.0,0.0
50e93e55-3d25-4ed2-917e-90fa56b1c42d,Daraz,E-commerce,Sagheer Heera,Unknown,1,2025-09-26 10:08:19,her thing ki alag charges hn,her thing ki alag charges hn,0,6,28,0,0,0,1.0,0,0,-0.2732,1,0,1,0.0,0,1,0,1.0,0.0
ff35e84d-af40-4717-851c-281254835b38,Daraz,E-commerce,Tariq Khan,Unknown,4,2025-09-26 11:16:49,A🧸S🧸📱🦋💚🏍️🙅👑🕌😍🩷🤍💔🥰💜🧡❤️🕋🐅🕶️🦜💙🖤🌜🩵,a🧸s🧸📱🦋💚🏍️🙅👑🕌😍🩷🤍💔🥰💜🧡❤️🕋🐅🕶️🦜💙🖤🌜🩵,0,1,30,24,0,1,1.0,0,0,0.9855,1,0,1,0.0,0,1,0,4.0,0.0
3839d902-cb27-4902-a752-e6bf5c0f7ccd,Daraz,E-commerce,Paras Khadka,Unknown,1,2025-09-26 13:15:02,Totally Disappointed with Daraz. this dashain ordered an iphone and the seller just canceled after my repeated follow-up saying it's out of stock. Never using Daraz again.,totally disappointed with daraz. this dashain ordered an iphone and the seller just canceled after my repeated follow-up saying it's out of stock. never using daraz again.,0,27,171,0,0,0,1.0,0,1,-0.5256,1,0,1,0.0,0,1,0,1.0,0.0
f888efbc-4782-446a-8774-2d6e0c7e7e5b,Daraz,E-commerce,Umair Anwar,Unknown,3,2025-09-26 14:36:10,reviews ki pics load ni ho rhin even on fastest internet. Also you can't zoom reviews pics.,reviews ki pics load ni ho rhin even on fastest internet. also you can't zoom reviews pics.,6,17,91,0,0,0,0.9411764705882353,0,0,0.0,1,0,1,0.0,0,1,0,3.0,0.0
81245f35-745a-4c55-8e7f-c0d213b7ed80,Daraz,E-commerce,Ifrahim Anno,Unknown,3,2025-09-26 14:36:40,order bohot late ata hain yrr plz apni service achi krin,order bohot late ata hain yrr plz apni service achi krin,0,11,56,0,0,0,1.0,0,1,0.0772,1,0,1,0.0,0,1,0,3.0,0.0
1a8b166f-98e6-44f4-8584-7bad61a58df4,Daraz,E-commerce,Free Fire,Unknown,1,2025-09-26 16:47:19,delivery charge onek ..... Dhaka er moddhe 80tk keno......😠😠😠😠😠😡😡😡😡😡🤬🤬🤬🤬🤬🤬 50tk delivery charge koren.....Nile amra daraz ar use Korbo nah.....😠😠😠😠😠😠😠😠😠,delivery charge onek ..... dhaka er moddhe 80tk keno......😠😠😠😠😠😡😡😡😡😡🤬🤬🤬🤬🤬🤬 50tk delivery charge koren.....nile amra daraz ar use korbo nah.....😠😠😠😠😠😠😠😠😠,0,19,152,25,0,0,0.8947368421052632,0,0,-0.993,1,0,1,0.0,0,1,0,1.0,0.0
dd804326-0612-4df3-a729-afcc1fe7795a,Daraz,E-commerce,Jeewan Bhandari,Unknown,1,2025-09-27 03:37:13,Worst experience.It neither has good products delivered nor it has good customer service,worst experience.it neither has good products delivered nor it has good customer service,0,13,88,0,0,0,0.8461538461538461,0,0,-0.8365,1,0,1,0.0,0,1,0,1.0,0.0
144184d2-ec0b-42f1-8cbc-a10612d03bce,Daraz,E-commerce,Zayyan Hassan,Unknown,5,2025-09-27 04:01:47,Yoooo!,yoooo!,0,1,6,0,0,0,1.0,0,0,0.0,1,0,1,0.0,0,1,0,5.0,0.0
9fcde443-5f18-418c-b923-27ac4a6bceb6,Daraz,E-commerce,US MOMMY,Unknown,3,2025-09-27 04:29:01,I have return my order from daraz but my money not widraw,i have return my order from daraz but my money not widraw,0,12,57,0,0,0,0.9166666666666666,0,0,0.0,1,0,1,0.0,0,1,0,3.0,0.0
7354da08-73fd-406e-86c4-b40dd1d2f149,Daraz,E-commerce,Aakif Amir,Unknown,1,2025-09-27 05:10:32,bahot he ghatya service 10 din 1 order ka wait krna padta Hy,bahot he ghatya service 10 din 1 order ka wait krna padta hy,0,13,60,0,0,0,1.0,0,0,0.0,1,0,1,0.0,0,1,0,1.0,0.0
cdb399b9-70b8-4418-8ac6-085bb0565646,Daraz,E-commerce,Karib Khan,Unknown,5,2025-09-27 06:43:35,since the new ui update I can't see the images in the reviews. they just don't load at all. please fix this.,since the new ui update i can't see the images in the reviews. they just don't load at all. please fix this.,0,22,108,0,0,0,0.9090909090909091,0,0,0.3182,1,0,1,0.0,0,1,0,5.0,0.0
b2600a25-e879-4595-88ae-ea1d65202b89,Daraz,E-commerce,Ahmad Ali,Unknown,1,2025-09-27 06:58:26,Inthai ghatiya,inthai ghatiya,0,2,14,0,0,0,1.0,0,1,0.0,1,0,1,0.0,0,1,0,1.0,0.0
595d151c-c193-4a4b-a3d8-188fa35b77b3,Daraz,E-commerce,ZamanFamily,Unknown,4,2025-09-27 07:34:55,just not bad!,just not bad!,0,3,13,0,0,0,1.0,0,0,0.484,1,0,1,0.0,0,1,0,4.0,0.0
21c822fa-265a-4a3e-a097-d49c855fee6b,Daraz,E-commerce,Abuzar Shaheen,Unknown,1,2025-09-27 07:54:58,"word ever experience, got defective product now Daraz is refusing to return.","word ever experience, got defective product now daraz is refusing to return.",0,12,76,0,0,0,1.0,0,0,-0.6808,1,0,1,0.0,0,1,0,1.0,0.0
1933a757-aa8d-47f9-b390-ceb8ca50b8f7,Daraz,E-commerce,Asma Shahzad,Unknown,5,2025-09-27 08:53:27,This is so amazing app for women jo busy hoti ha or rate bhi Acha hota ha,this is so amazing app for women jo busy hoti ha or rate bhi acha hota ha,0,17,73,0,0,0,0.9411764705882353,0,1,0.8647,1,0,1,0.0,0,1,0,5.0,0.0
d3db6bca-a482-4b2e-9489-38d0f4a09622,Daraz,E-commerce,MUHAMMAD Muhammad,Unknown,2,2025-09-27 08:58:37,images in reviews not open .,images in reviews not open .,0,6,28,0,0,0,1.0,0,0,0.0,1,0,1,0.0,0,1,0,2.0,0.0
07a88f84-6e2d-49d6-b393-e62ddabf44d1,Daraz,E-commerce,Ayeaha Mubbaher,Unknown,4,2025-09-27 09:05:01,nice and creative especially sales,nice and creative especially sales,0,5,34,0,0,0,1.0,1,0,0.6908,1,0,1,0.0,0,1,0,4.0,0.0
5d120f7f-1c72-4a07-a856-750613a89b11,Daraz,E-commerce,Khuzaima Waqar,Unknown,1,2025-09-27 09:13:05,don't ever think to install daraz,don't ever think to install daraz,0,6,33,0,0,0,1.0,1,0,0.0,1,0,1,0.0,0,1,0,1.0,0.0
f7c1267b-c6e0-4eae-8350-c8bdd885c110,Daraz,E-commerce,Rayyan Googi,Unknown,5,2025-09-27 09:24:16,ilove this app,ilove this app,0,3,14,0,0,0,1.0,0,1,0.0,1,0,1,0.0,0,1,0,5.0,0.0
b055688e-d7bc-4e5b-b1f7-92be43e94758,Daraz,E-commerce,Rafay Khan,Unknown,5,2025-09-27 12:27:39,Very good things,very good things,0,3,16,0,0,0,1.0,0,0,0.4927,1,0,2,0.0,0,1,0,4.5,0.7071067811865476
c5b9fcc8-4d2a-4a26-b277-e757fec0add0,Daraz,E-commerce,Fouzia Sultana,Unknown,1,2025-09-27 12:48:03,"very bad experience, 20 items mangwao tu 1 ya 2 items Sahi aate hn , time and money wasting app h, jitna beautiful dikhraha hota h otna hi disappointment hota h deliver honay pe.","very bad experience, 20 items mangwao tu 1 ya 2 items sahi aate hn , time and money wasting app h, jitna beautiful dikhraha hota h otna hi disappointment hota h deliver honay pe.",0,34,178,0,0,0,0.9117647058823529,0,1,-0.7089,1,0,1,0.0,0,1,0,1.0,0.0
a379e628-b9dd-45cf-9cf6-df0867ffa147,Daraz,E-commerce,Burhan Yasir,Unknown,5,2025-09-27 13:34:03,this is vary good app,this is vary good app,0,5,21,0,0,0,1.0,0,1,0.4404,1,0,1,0.0,0,1,0,5.0,0.0
c320c065-af7e-4d73-969e-f970cba219b1,Daraz,E-commerce,Talha Rafiq,Unknown,4,2025-09-27 14:02:37,it is good app I like it but I can 4 rate because it's have a many ads I am correct tell me a on answer okay fried bye,it is good app i like it but i can 4 rate because it's have a many ads i am correct tell me a on answer okay fried bye,0,29,118,0,0,0,0.8620689655172413,0,1,0.6187,1,0,1,0.0,0,1,0,4.0,0.0
de9e75b3-01b9-4487-92cb-a83a3b0a7d6b,Daraz,E-commerce,Nojrul Nojrul,Unknown,5,2025-09-27 14:16:34,Nice App For You 💯💯💯💯,nice app for you 💯💯💯💯,0,5,21,4,0,0,1.0,0,1,0.4215,1,0,1,0.0,0,1,0,5.0,0.0
1da7de93-75b4-4bf5-ad95-a95ab1a43702,Daraz,E-commerce,Nusrat Jahan,Unknown,1,2025-09-27 14:53:49,refund process is horrible. they should ship it cash on delivery,refund process is horrible. they should ship it cash on delivery,0,11,64,0,0,0,1.0,0,0,-0.5423,1,0,1,0.0,0,1,0,1.0,0.0
dfbd5ba4-ce5d-498d-9ccc-e57c86f4b6e1,Daraz,E-commerce,Hanzala javed,Unknown,5,2025-09-27 16:20:05,the app beautifull bohot aghi our kam ki app hy bohot aghi chezey fram ker tey hy thanks for you daraze111,the app beautifull bohot aghi our kam ki app hy bohot aghi chezey fram ker tey hy thanks for you daraze111,0,21,106,0,0,0,0.8095238095238095,0,1,0.4404,1,0,1,0.0,0,1,0,5.0,0.0
13655cb4-94b6-46e7-be32-8a69dc00f867,Daraz,E-commerce,WASEEM Razaque,Unknown,1,2025-09-27 16:35:36,"please don't use this app as it delays delivery and makes excuses that delivery has not been delivered due to traffic, but there is no traffic and road closure. Please don't buy anything from this app.","please don't use this app as it delays delivery and makes excuses that delivery has not been delivered due to traffic, but there is no traffic and road closure. please don't buy anything from this app.",1,36,201,0,0,0,0.8611111111111112,0,1,0.2023,1,0,1,0.0,0,1,0,1.0,0.0
23f18285-e02d-4b6b-aa77-105e70abae26,Daraz,E-commerce,Sasitha Kithsiri,Unknown,4,2025-09-27 16:59:25,superb app,superb app,0,2,10,0,0,0,1.0,0,1,0.6249,1,0,1,0.0,0,1,0,4.0,0.0
c588ffc8-9322-42dd-a939-ee62ed0c8be6,Daraz,E-commerce,MD Amin,Unknown,5,2025-09-27 17:28:34,good site,good site,0,2,9,0,0,0,1.0,0,0,0.4404,1,0,1,0.0,0,1,0,5.0,0.0
10c6fee7-2d4d-46ee-a24f-21ed47cdc54f,Daraz,E-commerce,Israr Ahmad,Unknown,5,2025-09-27 21:34:55,I am very happy to download this app,i am very happy to download this app,0,8,36,0,0,0,1.0,1,1,0.6115,1,0,1,0.0,0,1,0,5.0,0.0
740596e5-b9f8-4a6f-9fa9-ac69e8d2a016,Daraz,E-commerce,Shayan Khan,Unknown,1,2025-09-28 03:23:30,not working live cricket useless I hope you will fix this fault,not working live cricket useless i hope you will fix this fault,0,12,63,0,0,0,1.0,0,0,-0.4633,1,0,1,0.0,0,1,0,1.0,0.0
69378902-c6a1-4109-b0dd-17798fe50121,Daraz,E-commerce,Nadeem Butt,Unknown,1,2025-09-28 04:57:56,it's refund policy is very bad 😞😞😞😞😞,it's refund policy is very bad 😞😞😞😞😞,0,7,36,5,0,0,1.0,0,0,-0.9616,1,0,1,0.0,0,1,0,1.0,0.0
58026627-f25d-4ff0-8437-e3e8ee824bb3,Daraz,E-commerce,Aman Balch,Unknown,1,2025-09-28 05:33:17,"there is so much delay in refund. It's been more than 10 days, due to delivery failure I haven't got my refund yet","there is so much delay in refund. it's been more than 10 days, due to delivery failure i haven't got my refund yet",0,23,114,0,0,0,1.0,0,0,-0.7076,1,0,1,0.0,0,1,0,1.0,0.0
f427cfce-735f-4b55-8d66-5f6b47491d7f,Daraz,E-commerce,Ali gujjar Don142,Unknown,5,2025-09-28 05:55:26,AliGUJJAr,aligujjar,0,1,9,0,0,0,1.0,0,0,0.0,1,0,1,0.0,0,1,0,5.0,0.0
73a8f8ea-1bcc-4109-a887-fc613bb3b707,Daraz,E-commerce,Arko Sarker,Unknown,5,2025-09-28 06:07:04,Very Nice,very nice,0,2,9,0,0,0,1.0,0,0,0.4754,1,0,1,0.0,0,3,0,5.0,0.0
e54d038e-822c-44a1-b54f-5d26a028c58b,Daraz,E-commerce,Razia Khatun,Unknown,5,2025-09-28 07:04:08,I like,i like,0,2,6,0,0,0,1.0,0,0,0.3612,1,0,1,0.0,0,1,0,5.0,0.0
e75d23c3-d5d2-4e47-9237-2d373040201f,Daraz,E-commerce,Bilal Khalid,Unknown,5,2025-09-28 08:35:53,very good app i like this app very reasonable things,very good app i like this app very reasonable things,0,10,52,0,0,0,0.8,0,1,0.6901,1,0,1,0.0,0,1,0,5.0,0.0
f482d0a3-065e-407a-b963-6c125474a34b,Daraz,E-commerce,zaber ahmad,Unknown,1,2025-09-28 08:53:12,Faltu akta apps. products delivery charge Onek Beshi .,faltu akta apps. products delivery charge onek beshi .,0,9,54,0,0,0,1.0,0,1,0.0,1,0,1,0.0,0,1,0,1.0,0.0
c6a256f4-b423-4c88-b209-63b6bcdd3f53,Daraz,E-commerce,Waseem,Unknown,5,2025-09-28 09:33:53,good experience with daraz,good experience with daraz,0,4,26,0,0,0,1.0,0,0,0.4404,1,0,1,0.0,0,1,0,5.0,0.0
16d71bb4-c776-4858-a722-6e2fd15757c3,Daraz,E-commerce,Hamza Ali,Unknown,3,2025-09-28 09:36:51,good app,good app,0,2,8,0,0,0,1.0,0,1,0.4404,1,0,1,0.0,0,10,0,3.0,0.0
394e9a81-a7f8-41f1-b10f-efde2b376672,Daraz,E-commerce,Umaiza Manha,Unknown,5,2025-09-28 09:48:32,I ordered a labubu from a phone because the photos looked real but my labubu was fake but I'm still giving it 5 stars,i ordered a labubu from a phone because the photos looked real but my labubu was fake but i'm still giving it 5 stars,0,24,117,0,0,0,0.875,0,0,-0.2617,1,0,1,0.0,0,1,0,5.0,0.0
7e8b77e7-c56a-47f9-867e-f4ff45e51d97,Daraz,E-commerce,Uzma khan Uzma khan,Unknown,1,2025-09-28 10:18:12,aj mere parcel milne ki date thi or mujhe nhi mile mere parcel or is se pehle bhi mujhe mere parcel boht late mile thay delivery is too late,aj mere parcel milne ki date thi or mujhe nhi mile mere parcel or is se pehle bhi mujhe mere parcel boht late mile thay delivery is too late,0,29,140,0,0,0,0.6896551724137931,0,0,0.0,1,0,1,0.0,0,1,0,1.0,0.0
d4ffb2bc-da07-4ed8-84ac-548f63a1bee6,Daraz,E-commerce,Acarsi Flaume,Unknown,1,2025-09-28 11:04:36,"The photos on reviews takes so long to load after tapping on it, even literally 15 minutes. this has been going on for months","the photos on reviews takes so long to load after tapping on it, even literally 15 minutes. this has been going on for months",0,24,125,0,0,0,0.9166666666666666,0,1,0.0,1,0,1,0.0,0,1,0,1.0,0.0
c67ea880-4eaa-48a5-914e-4251997701d7,Daraz,E-commerce,xray minthu,Unknown,5,2025-09-28 11:41:04,my country network is hacked.hacker helper? Chinese Hacker spy?,my country network is hacked.hacker helper? chinese hacker spy?,0,9,63,0,0,0,1.0,0,0,0.4137,1,0,1,0.0,0,1,0,5.0,0.0
c9bc5ef5-9aa3-408f-94c0-387891a484fb,Daraz,E-commerce,manjula kumara manjula kumara manjula kumara,Unknown,5,2025-09-28 12:48:47,එලාම්,එලාම්,0,1,5,0,0,0,1.0,0,0,0.0,1,0,1,0.0,0,1,0,5.0,0.0
6f1c1186-2ba2-42d7-bed2-2f1fa8f789da,Daraz,E-commerce,Azad Khan,Unknown,5,2025-09-28 13:08:16,nice one trusted..,nice one trusted..,0,3,18,0,0,0,1.0,0,0,0.7096,1,0,2,0.0,0,1,0,5.0,0.0
538741f4-1161-4b84-b001-ff0bd1ddceca,Daraz,E-commerce,Nazneen Neen,Unknown,1,2025-09-28 13:11:26,Plzz cod ka problem solve krdain,plzz cod ka problem solve krdain,0,6,32,0,0,0,1.0,0,0,-0.2263,1,0,1,0.0,0,1,0,1.0,0.0
71ad37a1-8659-4854-813b-ee4c175a81ae,Daraz,E-commerce,Syed Huzaifa,Unknown,2,2025-09-28 13:11:28,"“The suit I ordered was a different color, but they sent me another color instead.”","“the suit i ordered was a different color, but they sent me another color instead.”",0,15,83,0,0,0,1.0,0,0,0.0,1,0,1,0.0,0,1,0,2.0,0.0
19f287f5-7ac7-4e3f-8ea4-05861300893d,Daraz,E-commerce,SHAZEDUR PRAN,Unknown,5,2025-09-28 13:15:19,I can find everything from this (APP),i can find everything from this (app),0,7,37,0,0,1,1.0,0,1,0.0,1,0,1,0.0,0,1,0,5.0,0.0
96d96fb3-92ed-43ee-9cf5-024462a900e6,Daraz,E-commerce,Asfer Rajput,Unknown,4,2025-09-28 13:44:38,it's ok,it's ok,0,2,7,0,0,0,1.0,0,0,0.296,1,0,1,0.0,0,1,0,4.0,0.0
7134e132-cb83-47d0-a4ed-75501e977f8e,Daraz,E-commerce,Diya Das,Unknown,2,2025-09-28 13:55:19,delivery charge is high and delivery is late one day delivery is needed,delivery charge is high and delivery is late one day delivery is needed,0,13,71,0,0,0,0.6923076923076923,0,0,0.0,1,0,1,0.0,0,1,0,2.0,0.0
3c142086-ce2b-4a5c-9068-71ad7cd1f0ad,Daraz,E-commerce,Huzaifa Jameel,Unknown,5,2025-09-28 15:44:39,It's great full app,it's great full app,0,4,19,0,0,0,1.0,0,1,0.6249,1,0,1,0.0,0,1,0,5.0,0.0
46445988-9e5a-4954-b427-8402152411fc,Daraz,E-commerce,Awais Joni,Unknown,1,2025-09-28 16:07:09,"3rd class app . pathetic ad,s on games.","3rd class app . pathetic ad,s on games.",0,8,39,0,0,0,1.0,0,1,-0.5719,1,0,1,0.0,0,1,0,1.0,0.0
c8e89919-f280-4167-a051-e90efbe921f5,Daraz,E-commerce,Harsh,Unknown,1,2025-09-28 16:19:18,loda lasan app don't download it,loda lasan app don't download it,0,6,32,0,0,0,1.0,1,1,0.0,1,0,1,0.0,0,1,0,1.0,0.0
e00fd279-7be5-408a-a53a-e8fba7a2c804,Daraz,E-commerce,Kamrun Jannat,Unknown,5,2025-09-28 16:19:56,I didn't know what this thing or app is for,i didn't know what this thing or app is for,0,10,43,0,0,0,1.0,0,1,0.0,1,0,1,0.0,0,1,0,5.0,0.0
9d0316f0-537d-44a8-995c-8ef79cf12543,Daraz,E-commerce,janu khan,Unknown,5,2025-09-28 16:22:22,excitant,excitant,0,1,8,0,0,0,1.0,0,0,0.4215,1,0,1,0.0,0,1,0,5.0,0.0
498ca9af-3b2f-4a3b-b152-162e4a393ac2,Daraz,E-commerce,Momotaz Lipi,Unknown,3,2025-09-28 22:54:11,nice app but price is much,nice app but price is much,0,6,26,0,0,0,1.0,0,1,0.2263,1,0,1,0.0,0,1,0,3.0,0.0
1db9b898-1d0a-4e6c-8a81-97b9376abe61,Daraz,E-commerce,AK. APURBO,Unknown,3,2025-09-29 03:02:40,vape shop নাই দেখে আমি কম star review দিয়েছি please vape এর collection নেন please 🥺🥺🥺🥺🥺,vape shop নাই দেখে আমি কম star review দিয়েছি please vape এর collection নেন please 🥺🥺🥺🥺🥺,0,16,88,5,0,0,0.875,0,0,0.5574,1,0,1,0.0,0,1,0,3.0,0.0
10b2d3d8-ef9a-430d-a0a2-e044bdb013f2,Daraz,E-commerce,Ijaz Tanoli,Unknown,1,2025-09-29 03:09:38,"original Cheez nahi milti totally fraud..,....","original cheez nahi milti totally fraud..,....",0,6,46,0,0,0,1.0,0,1,-0.4201,1,0,1,0.0,0,1,0,1.0,0.0
86adbf79-e974-4839-a455-deb39ff5bba0,Daraz,E-commerce,Md Abir,Unknown,5,2025-09-29 03:30:01,my first coiche this app bickos man power,my first coiche this app bickos man power,0,8,41,0,0,0,1.0,0,1,0.0,1,0,1,0.0,0,1,0,5.0,0.0
8d9fe269-5fe5-438d-8c55-2f09abe8ee20,Daraz,E-commerce,Md. Munirul Islam,Unknown,1,2025-09-29 06:30:36,"Nice app to purchase products, but sometimes its voucher policy is complicated. The delivery charge is so high. Initially, it was great, but now it seems cheater.","nice app to purchase products, but sometimes its voucher policy is complicated. the delivery charge is so high. initially, it was great, but now it seems cheater.",2,27,162,0,0,0,0.8888888888888888,0,1,0.4215,1,0,1,0.0,0,1,0,1.0,0.0
b529942e-e5cd-4ff8-99f4-402efaae780a,Daraz,E-commerce,New Dimension,Unknown,3,2025-09-29 07:52:51,রিভিউ ছবি দেখা খুবই বিরক্তিকর। লোডিং হতেই থাকে। হাইস্পিড নেট এর পরেও ছবি দেখতে কতক্ষণ যে ওয়েট করা লাগে।,রিভিউ ছবি দেখা খুবই বিরক্তিকর। লোডিং হতেই থাকে। হাইস্পিড নেট এর পরেও ছবি দেখতে কতক্ষণ যে ওয়েট করা লাগে।,0,19,103,0,0,0,0.9473684210526315,0,0,0.0,1,0,1,0.0,0,1,0,3.0,0.0
cd5db4d5-64e8-4200-946e-dfc272f5fecc,Daraz,E-commerce,monir hossain,Unknown,5,2025-09-29 08:01:40,মাশাআল্লাহ,মাশাআল্লাহ,0,1,10,0,0,0,1.0,0,0,0.0,1,0,1,0.0,0,1,0,5.0,0.0
3d377293-f351-4671-bf83-51cd4559e047,Daraz,E-commerce,Muhammad Idrees,Unknown,1,2025-09-29 08:18:16,binod,binod,0,1,5,0,0,0,1.0,0,0,0.0,1,0,1,0.0,0,1,0,1.0,0.0
7b2631ef-3402-4772-ae93-2dc60449befc,Daraz,E-commerce,Adnan Ali,Unknown,5,2025-09-29 08:34:02,it's very good app,it's very good app,0,4,18,0,0,0,1.0,0,1,0.4927,1,0,1,0.0,0,1,0,5.0,0.0
1a67b2e4-4494-4c95-add4-8d8cb59e3927,Daraz,E-commerce,Explan Bloxy,Unknown,1,2025-09-29 09:16:34,never received my refund after I paid with eswea and cancelled,never received my refund after i paid with eswea and cancelled,0,11,62,0,0,0,1.0,0,0,-0.25,1,0,1,0.0,0,1,0,1.0,0.0
02c1b46a-ec73-45a3-b0c6-c9b464d3814a,Daraz,E-commerce,Umme Hani,Unknown,1,2025-09-29 09:21:15,mujhy ek bat samjh nhe aa rhi mra Mobile number Daraz Wallet p verify Q nhe ho rhaaa😡Mai try kiye jaa rhi hn lkn verify nhe hO rha,mujhy ek bat samjh nhe aa rhi mra mobile number daraz wallet p verify q nhe ho rhaaa😡mai try kiye jaa rhi hn lkn verify nhe ho rha,0,28,130,1,0,0,0.8214285714285714,0,0,0.0772,1,0,1,0.0,0,1,0,1.0,0.0
a975557c-a890-4114-9da9-bedeb579304e,Daraz,E-commerce,CAD CAM SCHOOL,Unknown,1,2025-09-29 11:21:57,Fake products and fake suppliers,fake products and fake suppliers,0,5,32,0,0,0,0.8,0,0,-0.7351,1,0,1,0.0,0,1,0,1.0,0.0
add74c0a-5d7b-48f2-930c-2ca7d8eedb61,Daraz,E-commerce,Riaz Aalleey,Unknown,1,2025-09-29 11:55:38,ghtiya service aik number ka fazol call assistant delivery time pe nhi aty bilkul he fazol hai koi b order na kre jab call karty to batamize krtyy hai,ghtiya service aik number ka fazol call assistant delivery time pe nhi aty bilkul he fazol hai koi b order na kre jab call karty to batamize krtyy hai,0,29,150,0,0,0,0.896551724137931,0,1,0.0772,1,0,1,0.0,0,1,0,1.0,0.0
1d74e69d-4994-4dab-8f6c-4d84a5a23f63,Daraz,E-commerce,Md. Shahidul Islam,Unknown,5,2025-09-29 12:34:54,very nice online shopping,very nice online shopping,0,4,25,0,0,0,1.0,0,0,0.4754,1,0,2,0.0,0,1,0,3.0,2.8284271247461903
884a531e-87ac-4893-8145-b68d2a62d69a,Daraz,E-commerce,Hamza Jabbar,Unknown,5,2025-09-29 14:20:53,Believe able 💯,believe able 💯,0,3,14,1,0,0,1.0,0,0,0.0,1,0,1,0.0,0,1,0,5.0,0.0
271960a4-e2af-4723-9a64-e5d6107fb1ed,Daraz,E-commerce,maryam basit,Unknown,5,2025-09-29 14:59:50,It is very nice app 😊,it is very nice app 😊,0,6,21,1,0,0,1.0,0,1,0.854,1,0,1,0.0,0,1,0,5.0,0.0
846649ed-e206-42ba-8474-a46ed783e3c8,Daraz,E-commerce,Anas Rayyan,Unknown,1,2025-09-29 16:00:30,ghatiya app ghatiya chijay do not buy,ghatiya app ghatiya chijay do not buy,0,7,37,0,0,0,0.8571428571428571,0,1,0.0,1,0,1,0.0,0,1,0,1.0,0.0
ceb16b40-cbaf-40f1-a213-ebed08508ab3,Daraz,E-commerce,Qaisar Abbas,Unknown,4,2025-09-29 16:11:22,good quality,good quality,0,2,12,0,0,0,1.0,0,0,0.4404,1,0,1,0.0,0,2,0,4.0,0.0
df8f40cd-3de6-4deb-b664-a40ca0543cc4,Daraz,E-commerce,Shanka Madupadma,Unknown,5,2025-09-29 16:30:15,Good 👍👍,good 👍👍,0,2,7,2,0,0,1.0,0,0,0.4404,1,0,1,0.0,0,2,0,5.0,0.0
f82688ce-9d07-4676-a090-f45adcedc3db,Daraz,E-commerce,Mohammad Yousif Rohani,Unknown,5,2025-09-29 16:33:25,please give us dark theme/mode,please give us dark theme/mode,0,5,30,0,0,0,1.0,0,0,0.3182,1,0,1,0.0,0,1,0,5.0,0.0
c95835dd-29de-4345-a4db-a6d541a8a42e,Daraz,E-commerce,Romesh Jayawardene,Unknown,1,2025-09-29 17:02:51,"This platform was helpful until now. I placed 3 orders, each with multiple products for free delivery. All 3 orders were just marked as 'canceled'. Reason given: 'damaged by store'. Disappointed.","this platform was helpful until now. i placed 3 orders, each with multiple products for free delivery. all 3 orders were just marked as 'canceled'. reason given: 'damaged by store'. disappointed.",10,31,195,0,0,0,0.967741935483871,1,1,0.0258,1,0,1,0.0,0,1,0,1.0,0.0
59d12bd1-5163-4120-a066-52522569d3da,Daraz,E-commerce,Praveen s praveen,Unknown,5,2025-09-29 17:19:59,so bater,so bater,0,2,8,0,0,0,1.0,0,0,0.0,1,0,1,0.0,0,1,0,5.0,0.0
cbde6bbb-5bee-4357-ac3d-e80c6824cfea,Daraz,E-commerce,Irfan Haider,Unknown,1,2025-09-29 18:26:29,this is famous app but no dark mod lol 😂,this is famous app but no dark mod lol 😂,0,10,40,1,0,0,1.0,0,1,0.6956,1,0,1,0.0,0,1,1,1.0,0.0
552ed726-4305-45ea-b13e-d43a57057a36,Daraz,E-commerce,Md. Ashaduzzaman Niloy,Unknown,1,2025-09-29 23:47:31,ইউজার রিভিউ এর পিকচার ফুল স্ক্রিনে লোড হয়না। অনেকদিন থেকেই এই সমস্যা। সমাধান করুন।,ইউজার রিভিউ এর পিকচার ফুল স্ক্রিনে লোড হয়না। অনেকদিন থেকেই এই সমস্যা। সমাধান করুন।,0,14,82,0,0,0,1.0,0,0,0.0,1,0,1,0.0,0,1,0,1.0,0.0
6285ca08-3b8e-4898-ab1a-e47f525d0620,Daraz,E-commerce,Saeed Rabbani,Unknown,2,2025-09-30 02:00:41,mobile cover is very cheapest,mobile cover is very cheapest,0,5,29,0,0,0,1.0,1,0,0.0,1,0,1,0.0,0,1,0,2.0,0.0
3b938da5-e2fe-423e-977e-ba490461cec1,Daraz,E-commerce,Hussain Gul,Unknown,1,2025-09-30 04:01:47,useful items and slow delivery no interest discount,useful items and slow delivery no interest discount,0,8,51,0,0,0,1.0,1,0,0.1078,1,0,1,0.0,0,1,0,1.0,0.0
bb6035fe-b4cd-479c-9e12-a085406e8dce,Daraz,E-commerce,Jameela Tarique,Unknown,5,2025-09-30 04:14:15,nice 👍👍👍,nice 👍👍👍,0,2,8,3,0,0,1.0,0,0,0.4215,1,0,1,0.0,0,2,0,5.0,0.0
bba8ef70-f678-4edb-9144-03e545e5b8e6,Daraz,E-commerce,MD MILON,Unknown,5,2025-09-30 05:48:28,good app's,good app's,0,2,10,0,0,0,1.0,0,1,0.4404,1,0,1,0.0,0,1,0,5.0,0.0
69799c5f-bc96-4667-8a7f-0d31a82e76b9,Daraz,E-commerce,Sayed Sudip Ahmed,Unknown,5,2025-09-30 06:28:04,Daraz is making our lives easier every day. Thank you.,daraz is making our lives easier every day. thank you.,1,10,54,0,0,0,1.0,0,0,0.6486,1,0,1,0.0,0,1,0,5.0,0.0
cbf59680-4384-4893-a585-8b5263e3fb9a,Daraz,E-commerce,Maida Khatun,Unknown,5,2025-09-30 07:55:43,It's so good for everybody's . use it and save your time,it's so good for everybody's . use it and save your time,0,12,56,0,0,0,1.0,0,0,0.7501,1,0,1,0.0,0,1,0,5.0,0.0
9595eef7-a018-49fa-ba5d-873b8713d34d,Daraz,E-commerce,isajahasia,Unknown,3,2025-09-30 08:52:05,it's easier for them to charge from you but harder to process a refund. until we overcome this we will never be able to have a shopping experience that is pleasant.,it's easier for them to charge from you but harder to process a refund. until we overcome this we will never be able to have a shopping experience that is pleasant.,0,31,164,0,0,0,0.8709677419354839,0,0,0.7469,1,0,1,0.0,0,1,0,3.0,0.0
f43cc0c8-b3b3-4c47-8a52-0c70e7f9a147,Daraz,E-commerce,Jhon Johan,Unknown,4,2025-09-30 09:02:26,good service & return policy good.,good service & return policy good.,0,6,34,0,0,0,1.0,0,0,0.7003,1,0,1,0.0,0,1,0,4.0,0.0
9441a608-e856-43bd-9108-7a6f23c39935,Daraz,E-commerce,Sabit Mondol,Unknown,1,2025-09-30 10:05:09,a bad 😞😞😞 e-commerce site with many bug and problem,a bad 😞😞😞 e-commerce site with many bug and problem,0,10,51,3,0,0,1.0,0,0,-0.9382,1,0,1,0.0,0,1,0,1.0,0.0
539d3dec-1412-4e4e-a615-69b96a071e15,Daraz,E-commerce,Madiha Hafeez,Unknown,1,2025-09-30 10:11:49,Bad customer services enen daraz team also provide fake resolutions. Totally Fraud Fake Return Policy. Not Recommended!!!!,bad customer services enen daraz team also provide fake resolutions. totally fraud fake return policy. not recommended!!!!,0,17,122,0,0,0,0.9411764705882353,0,0,-0.9504,1,0,1,0.0,0,1,0,1.0,0.0
6edabd49-15fb-46cd-a6d5-329f192dc4af,Daraz,E-commerce,Md Rakid,Unknown,5,2025-09-30 11:21:39,nice app 👍,nice app 👍,0,3,10,1,0,0,1.0,0,1,0.4215,1,0,1,0.0,0,1,0,5.0,0.0
dd4c0263-3d59-4c90-b9ed-69fcb8f837ce,Daraz,E-commerce,habib hossain,Unknown,5,2025-09-30 12:32:00,👌🏻👌🏻👌🏻👌🏻,👌🏻👌🏻👌🏻👌🏻,0,1,8,8,0,0,1.0,0,0,0.9736,1,0,1,0.0,0,1,0,5.0,0.0
beb5b80d-965d-4023-81cf-b2a09ebd7437,Daraz,E-commerce,Farzana Rahman,Unknown,5,2025-09-30 12:34:55,it's beneficial for easy shopping.. I love daraz,it's beneficial for easy shopping.. i love daraz,0,8,48,0,0,0,1.0,0,0,0.875,1,0,1,0.0,0,1,0,5.0,0.0
06a5191e-2b7f-406d-abe2-efd26f3d49be,Daraz,E-commerce,Md rajon Hossain,Unknown,1,2025-09-30 13:09:43,unsatisfied,unsatisfied,0,1,11,0,0,0,1.0,0,0,-0.4019,1,0,1,0.0,0,1,0,1.0,0.0
6bfa8ac8-2bac-466c-8f82-a8b199afe356,Daraz,E-commerce,LAYRa Ai,Unknown,5,2025-09-30 14:05:39,Daraz Online Shopping 🇧🇩 বাংলাদেশের স্মার্ট ই-কমার্স ভিত্তিক জগৎ এর একক ভরসার কেন্দ্রবিন্দু তে সেই প্রথম থেকে এখনো সমানভাবে সবার কেনাকাটা কিংবা বেচা-বিক্রির একমাত্র বিশ্বাস ও আস্থাশীল প্লাটফর্ম 🇧🇩🇧🇩,daraz online shopping 🇧🇩 বাংলাদেশের স্মার্ট ই-কমার্স ভিত্তিক জগৎ এর একক ভরসার কেন্দ্রবিন্দু তে সেই প্রথম থেকে এখনো সমানভাবে সবার কেনাকাটা কিংবা বেচা-বিক্রির একমাত্র বিশ্বাস ও আস্থাশীল প্লাটফর্ম 🇧🇩🇧🇩,0,29,198,6,0,0,1.0,0,0,0.0,1,0,1,0.0,0,1,0,5.0,0.0
15911c31-ead0-411c-b0c9-1d3adfeb91ef,Daraz,E-commerce,Roshina Nax,Unknown,3,2025-09-30 14:39:53,"It's a decent app for online shopping, containing a vast number of products. But sometimes the ordered product isn't exact as shown.","it's a decent app for online shopping, containing a vast number of products. but sometimes the ordered product isn't exact as shown.",1,22,132,0,0,0,0.9545454545454546,0,1,0.0387,1,0,1,0.0,0,1,0,3.0,0.0
fcc5c4b9-d5dd-4eca-be3d-a4c693fabade,Daraz,E-commerce,Maroof Safi,Unknown,5,2025-09-30 15:54:29,Great online shopping site.,great online shopping site.,0,4,27,0,0,0,1.0,0,0,0.6249,1,0,1,0.0,0,1,0,5.0,0.0
38ccb16c-99d3-4e6e-9db0-47eb2559cd93,Daraz,E-commerce,Sanu Jevisan,Unknown,5,2025-09-30 15:58:48,super daraz,super daraz,0,2,11,0,0,0,1.0,0,0,0.5994,1,0,1,0.0,0,1,0,5.0,0.0
4f8129fa-4fb5-4390-92a2-93cf38121557,Daraz,E-commerce,Amin Awan,Unknown,1,2025-09-30 16:50:19,ek Tou isma review pics nhi khultin or upper sa boht ziada hang hota ha ya app or search results bhi boht bura han I am very much disappointed 😔 please iss problem ko theek krain,ek tou isma review pics nhi khultin or upper sa boht ziada hang hota ha ya app or search results bhi boht bura han i am very much disappointed 😔 please iss problem ko theek krain,0,36,178,1,0,0,0.9444444444444444,0,1,-0.2058,1,0,1,0.0,0,1,0,1.0,0.0
57016652-e65d-4060-8b7a-07422d86d7db,Daraz,E-commerce,Adeel Ahmad,Unknown,1,2025-09-30 16:51:12,too slow app while searching or browsing,too slow app while searching or browsing,0,7,40,0,0,0,1.0,0,1,0.0,1,0,1,0.0,0,1,0,1.0,0.0
8b0c9f66-424f-4b7b-add2-8d3304e83a6c,Daraz,E-commerce,Dilan Madushanka,Unknown,5,2025-09-30 16:53:31,good.,good.,0,1,5,0,0,0,1.0,0,0,0.4404,1,0,1,0.0,0,1,0,5.0,0.0
aa16249f-44ba-4785-b0e7-6073fb1339dd,Daraz,E-commerce,Love Sam,Unknown,5,2025-09-30 17:44:02,nice 🙂,nice 🙂,0,2,6,1,0,0,1.0,0,0,0.6712,1,0,1,0.0,0,2,0,5.0,0.0
36e7abce-a31e-4209-bbde-990b81b3f36e,Daraz,E-commerce,Azim Miah,Unknown,5,2025-09-30 18:54:28,Good Job,good job,0,2,8,0,0,0,1.0,0,0,0.4404,1,0,1,0.0,0,3,0,5.0,0.0
f3726ae5-6dc9-46a2-9d63-ade18e95b460,Daraz,E-commerce,Bisma Ghouri,Unknown,4,2025-10-01 00:20:39,good but app not working yet,good but app not working yet,0,6,28,0,0,0,1.0,0,1,0.2382,1,0,1,0.0,0,1,0,4.0,0.0
20c3eb69-c8f5-45fd-aa4b-092cb0cbd4db,Daraz,E-commerce,sanjeewa maginaarachchi,Unknown,4,2025-10-01 03:26:20,best online shop,best online shop,0,3,16,0,0,0,1.0,0,0,0.6369,1,0,1,0.0,0,1,0,4.0,0.0
db1eba5c-9695-47e4-93c1-c8e1556f75ee,Daraz,E-commerce,Damith Prabhasitha,Unknown,1,2025-10-01 04:50:56,Delivery doesn't work... it's just a lie. 😡,delivery doesn't work... it's just a lie. 😡,0,8,43,1,0,0,1.0,0,0,0.0,1,0,1,0.0,0,1,0,1.0,0.0
377f2908-9eb5-4294-8fa3-31bf676f4db2,Daraz,E-commerce,Urooj Sheikh,Unknown,1,2025-10-01 05:09:33,daraz is not delivering my parcels,daraz is not delivering my parcels,0,6,34,0,0,0,1.0,0,0,0.0,1,0,1,0.0,0,1,0,1.0,0.0
db771ad4-1e66-48e3-9146-11c216b22cff,Daraz,E-commerce,Sampara Official,Unknown,3,2025-10-01 06:10:25,delivery is slow by the way and sometime product is of low quality,delivery is slow by the way and sometime product is of low quality,0,13,66,0,0,0,0.9230769230769231,0,0,-0.2732,1,0,1,0.0,0,1,0,3.0,0.0
0dcec0f4-356c-46ac-9453-ce08c4f94449,Daraz,E-commerce,Talib Hussain,Unknown,5,2025-10-01 06:31:38,I Love it this is helpful on him 😘😊🫠,i love it this is helpful on him 😘😊🫠,0,9,36,3,0,0,1.0,0,0,0.9413,1,0,1,0.0,0,1,0,5.0,0.0
355bc1c7-1478-49a8-9e6c-37017d329f6d,Daraz,E-commerce,Md Julhas,Unknown,4,2025-10-01 06:59:38,very nice app for buying,very nice app for buying,0,5,24,0,0,0,1.0,0,1,0.4754,1,0,1,0.0,0,1,0,4.0,0.0
14766dcb-61c7-47a7-83d9-1d7b42cc858e,Daraz,E-commerce,Black Eye,Unknown,1,2025-10-01 07:00:10,I have ordered 10 item on prepaid. Parcel created on 19th sept 2025. It is 01 oct 2025 there is no sign of delivery. I have transfered from the place today. what can i do?,i have ordered 10 item on prepaid. parcel created on 19th sept 2025. it is 01 oct 2025 there is no sign of delivery. i have transfered from the place today. what can i do?,0,35,171,0,0,0,0.8571428571428571,0,0,-0.0516,1,0,1,0.0,0,1,0,1.0,0.0
e6c110a7-79b6-4569-ade4-46a5107c35d6,Daraz,E-commerce,Jisan Jisan shakh,Unknown,5,2025-10-01 07:42:20,bhalo app,bhalo app,0,2,9,0,0,0,1.0,0,1,0.0,1,0,1,0.0,0,1,0,5.0,0.0
82cefb37-9aed-4bd4-806e-5befddadc676,Daraz,E-commerce,Shayyori,Unknown,1,2025-10-01 08:10:04,eta lok thokano ekta app.ei app er sob kichu fake,eta lok thokano ekta app.ei app er sob kichu fake,0,10,49,0,0,0,1.0,0,1,-0.6249,1,0,1,0.0,0,1,0,1.0,0.0
a6e3b957-e4f0-4a83-a922-688ec94dd68e,Daraz,E-commerce,Anowar Hossen,Unknown,5,2025-10-01 09:40:13,nice soping survive,nice soping survive,0,3,19,0,0,0,1.0,0,0,0.4215,1,0,1,0.0,0,1,0,5.0,0.0
fd2ccb6b-f5dc-41b0-b365-44c195d54ea9,Daraz,E-commerce,Muhammad Nadeem Arain,Unknown,1,2025-10-01 13:33:15,Today I open app wanna buy a product but a message show up that your account has blocked. I am using daraz from many years buy many products and always receive orders. This is so unfair daraz.,today i open app wanna buy a product but a message show up that your account has blocked. i am using daraz from many years buy many products and always receive orders. this is so unfair daraz.,3,37,192,0,0,0,0.8918918918918919,0,1,-0.8457,1,0,1,0.0,0,1,0,1.0,0.0
7dfe7eb8-771d-49cb-b8c4-e9f65815ca50,Daraz,E-commerce,Sakina Faizan,Unknown,1,2025-10-01 15:46:25,because of so many ads please stop ads,because of so many ads please stop ads,0,8,38,0,0,0,0.875,0,0,0.0935,1,0,1,0.0,0,1,0,1.0,0.0
bb66bee9-7b09-4112-a638-4e9a4d938a49,Daraz,E-commerce,Arham saqlain,Unknown,4,2025-10-01 16:16:25,Goood,goood,0,1,5,0,0,0,1.0,0,0,0.0,1,0,1,0.0,0,2,0,4.0,0.0
72450e66-c406-4eda-bc1b-128a31740600,Daraz,E-commerce,Asma Arshad,Unknown,1,2025-10-01 17:35:57,Appreciate,appreciate,0,1,10,0,0,0,1.0,0,1,0.4019,1,0,1,0.0,0,1,0,1.0,0.0
f692bc9b-3645-496e-acfa-5666a213c4ab,Daraz,E-commerce,Mahnoor Butt,Unknown,2,2025-10-01 18:30:13,The app is working but the product pictures were not loading properly.plz fix this issuez so we can use the app smoothly.thnk u,the app is working but the product pictures were not loading properly.plz fix this issuez so we can use the app smoothly.thnk u,2,23,127,0,0,0,0.8695652173913043,0,1,0.0,1,0,1,0.0,0,1,0,2.0,0.0
8b4373d0-ec02-49e0-b62a-db4fc1097cfb,Daraz,E-commerce,Nadeem Ahmad,Unknown,1,2025-10-02 04:20:01,very bad,very bad,0,2,8,0,0,0,1.0,0,0,-0.5849,1,0,1,0.0,0,1,0,1.0,0.0
0f04af62-809b-45e5-af63-93c5689646ee,Daraz,E-commerce,Talha Saleem,Unknown,1,2025-10-02 06:00:20,"Daraz is more expensive than an ordinary shop near your home. Delivery charges are too High, Even bank discounts and Daraz discounts cannot overcome it. Waste of money and time.","daraz is more expensive than an ordinary shop near your home. delivery charges are too high, even bank discounts and daraz discounts cannot overcome it. waste of money and time.",2,30,177,0,0,0,0.9,1,0,0.0598,1,0,1,0.0,0,1,0,1.0,0.0
55455b8e-9310-4789-81ca-f8f205f09746,Daraz,E-commerce,Ruhel Ahmed Badal,Unknown,5,2025-10-02 07:05:52,vare happy,vare happy,0,2,10,0,0,0,1.0,0,1,0.5719,1,0,1,0.0,0,1,0,5.0,0.0
05fe1b5b-46f2-49da-8fae-7393310a51fd,Daraz,E-commerce,SHAKIR MADANI,Unknown,5,2025-10-02 07:25:39,I WAS ALWAYS USE DARAZ APP ITS BEST DISCOUNT ITEMS AND DELIVERY TIME IS BEST AND ALL PEOPLES THINGS SHOULD USE DARAZ APP I AM SO HAPPY TO THIS USE DARAZ APP THANKS FOR PLAY STORE AND DARAZ APP,i was always use daraz app its best discount items and delivery time is best and all peoples things should use daraz app i am so happy to this use daraz app thanks for play store and daraz app,0,39,192,0,0,37,0.6923076923076923,1,1,0.9609,1,0,1,0.0,0,1,0,5.0,0.0
2e98787c-c58f-46aa-8c7b-7dec23fa08f5,Daraz,E-commerce,Muhammad Hashir,Unknown,3,2025-10-02 08:19:42,prices are reasonable but too much shipping expenses.because of too much shipping expenses I can't place an order.,prices are reasonable but too much shipping expenses.because of too much shipping expenses i can't place an order.,2,18,114,0,0,0,0.8333333333333334,0,0,0.0,1,0,1,0.0,0,1,0,3.0,0.0
bf832733-f101-48fe-8d54-46713c5d2264,Daraz,E-commerce,Deen ki batyn786 Deenkibatyn,Unknown,4,2025-10-02 10:43:47,Deen ki batyn 768,deen ki batyn 768,0,4,17,0,0,0,1.0,0,0,0.0,1,0,1,0.0,0,1,0,4.0,0.0
49176d73-c81e-488c-a92c-7e9411493a4a,Daraz,E-commerce,匚卄卂丨山卂ㄥ卂,Unknown,1,2025-10-02 12:52:08,please dark mode add Kar do meri ankho ki phut jatin he...,please dark mode add kar do meri ankho ki phut jatin he...,0,12,58,0,0,0,1.0,0,0,0.3182,1,0,1,0.0,0,1,0,1.0,0.0
211ae588-6ee0-4894-94e6-90b075100188,Daraz,E-commerce,Sarmad ahmad 9A,Unknown,1,2025-10-02 13:52:35,worst app truly un trustworthy no good custumer care and makes fool out of peope i highly despise thus app,worst app truly un trustworthy no good custumer care and makes fool out of peope i highly despise thus app,1,20,106,0,0,0,0.95,0,1,-0.3397,1,0,1,0.0,0,1,0,1.0,0.0
a2cc6101-a5f3-4152-b936-9f0923b6cd8c,Daraz,E-commerce,Sayf Rashid,Unknown,1,2025-10-02 13:57:01,"WORST RETURN POLICY, I prefer other alternative than daraz","worst return policy, i prefer other alternative than daraz",2,9,58,0,0,3,1.0,0,0,-0.6249,1,0,1,0.0,0,1,0,1.0,0.0
0ce98790-23f6-4d7e-917f-3ad5a440918e,Daraz,E-commerce,Sardar shahid Dogar,Unknown,5,2025-10-02 17:33:53,ok ha ya app,ok ha ya app,0,4,12,0,0,0,1.0,0,1,0.5574,1,0,1,0.0,0,1,0,5.0,0.0
1fb26aa0-24e9-47ea-80d6-2a534fa6cfb4,Daraz,E-commerce,Aparna Mojumder,Unknown,1,2025-10-02 17:42:23,It's really disappointing. nothing is loading!,it's really disappointing. nothing is loading!,1,6,46,0,0,0,1.0,0,1,-0.5838,1,0,1,0.0,0,1,0,1.0,0.0
4efec962-2475-4e5c-b60f-ae97db9b1ca7,Daraz,E-commerce,Star umair,Unknown,5,2025-10-02 21:03:20,daraz shuld be enable ubl credit card plZ plz plz plz,daraz shuld be enable ubl credit card plz plz plz plz,0,11,53,0,0,0,0.7272727272727273,0,0,0.5859,1,0,1,0.0,0,1,0,5.0,0.0
c260e9a7-c092-4da7-ae46-262ef203f8f2,Daraz,E-commerce,umar ali,Unknown,1,2025-10-03 00:30:23,refund does not complete with in 14 days plz dont waste your time and money be careful,refund does not complete with in 14 days plz dont waste your time and money be careful,0,17,86,0,0,0,1.0,0,0,0.4993,1,0,1,0.0,0,1,0,1.0,0.0
ebbf76ec-77c7-4504-87c0-edb2e23599bc,Daraz,E-commerce,Captain MAK Sparrow,Unknown,1,2025-10-03 02:13:59,doesn't work in Florida,doesn't work in florida,0,4,23,0,0,0,1.0,0,0,0.0,1,0,1,0.0,0,1,0,1.0,0.0
15257fb1-ba04-4b1f-8342-0d8b112b3425,Daraz,E-commerce,muhammad qaswar,Unknown,2,2025-10-03 02:40:07,Not so much loyal response.,not so much loyal response.,0,5,27,0,0,0,1.0,0,0,-0.4137,1,0,1,0.0,0,1,0,2.0,0.0
23d1ec08-c152-45af-923a-c38835663c1e,Daraz,E-commerce,Hamza Khan,Unknown,5,2025-10-03 03:22:05,this app is very good,this app is very good,0,5,21,0,0,0,1.0,0,1,0.4927,1,0,1,0.0,0,1,0,5.0,0.0
b5ea5c9a-c1e6-440a-99f8-9bf557b8a6cd,Daraz,E-commerce,Za Express,Unknown,2,2025-10-03 03:40:40,এই দারাজ এ‍্যাপ্সটা কেনো এখন আর কয়েন যুক্ত করতে দেয়না? এটা খুবই বিরক্তিকর,এই দারাজ এ‍্যাপ্সটা কেনো এখন আর কয়েন যুক্ত করতে দেয়না? এটা খুবই বিরক্তিকর,0,13,73,0,0,0,1.0,0,0,0.0,1,0,1,0.0,0,1,0,2.0,0.0
5abccbb0-4f5e-4051-92ad-c0521c7ad2ee,Daraz,E-commerce,Shamsun Nahar,Unknown,5,2025-10-03 05:17:21,that's good then ebay,that's good then ebay,0,4,21,0,0,0,1.0,0,0,0.4404,1,0,1,0.0,0,1,0,5.0,0.0
ffa45f28-370f-4b6a-bf6e-9cc79e30ed62,Daraz,E-commerce,MOHAMMED ASJADH,Unknown,2,2025-10-03 05:33:24,XD CCD CD de mi w,xd ccd cd de mi w,0,6,17,0,0,3,1.0,0,0,0.5859,1,0,1,0.0,0,1,1,2.0,0.0
bf14fed6-c1d9-44c5-8e75-fb96a81dedb6,Daraz,E-commerce,Bhuneshwar Yadav,Unknown,5,2025-10-03 09:03:10,Ty ye for hot rgggvb ye cc v GC g dgfbt FC vg,ty ye for hot rgggvb ye cc v gc g dgfbt fc vg,0,13,45,0,0,2,0.9230769230769231,0,0,0.3818,1,0,1,0.0,0,1,0,5.0,0.0
be1863aa-77a9-4ed2-8297-788a78e54a90,Daraz,E-commerce,Mathew Roach,Unknown,1,2025-10-03 09:22:07,"ফালতু ডেলিভারি সিস্টেম, ডেলিভারি করবে বলে আর ডেলিভারি করে না। সকলের সতর্ক হওয়া উচিত।","ফালতু ডেলিভারি সিস্টেম, ডেলিভারি করবে বলে আর ডেলিভারি করে না। সকলের সতর্ক হওয়া উচিত।",0,14,84,0,0,0,0.8571428571428571,0,0,0.0,1,0,1,0.0,0,1,0,1.0,0.0
a6ae34c4-717e-487c-8974-44592819c6c8,Daraz,E-commerce,Mahmud Hasan,Unknown,1,2025-10-03 09:28:57,ডেলিভারি করবে বলে আর ডেলিভারি করে না।,ডেলিভারি করবে বলে আর ডেলিভারি করে না।,0,7,37,0,0,0,0.8571428571428571,0,0,0.0,1,0,1,0.0,0,1,0,1.0,0.0
c4dad4c9-a9d0-4446-b278-a47c7a7ede61,Daraz,E-commerce,Mariam Hannan,Unknown,4,2025-10-03 09:57:31,the reviews page doesn't scroll,the reviews page doesn't scroll,0,5,31,0,0,0,1.0,0,0,0.0,1,0,1,0.0,0,1,0,4.0,0.0
bac51a4a-3f5a-4ea3-b83c-ee034ef1b820,Daraz,E-commerce,MUSFIQUR 53,Unknown,1,2025-10-03 11:59:28,they support fake product sellers,they support fake product sellers,0,5,33,0,0,0,1.0,0,0,-0.1027,1,0,1,0.0,0,1,0,1.0,0.0
c6799778-302f-4d65-a7c4-043bf81427d6,Daraz,E-commerce,Robert Rawal,Unknown,1,2025-10-03 12:38:27,Worst same products price differences 50% doesn't know the quality of the product same but price very much difference in all products,worst same products price differences 50% doesn't know the quality of the product same but price very much difference in all products,2,22,133,0,0,0,0.8181818181818182,0,0,-0.3716,1,0,1,0.0,0,1,0,1.0,0.0
14102b9b-7617-4de5-a605-07de0ca0940d,Daraz,E-commerce,Raju Das,Unknown,5,2025-10-03 13:25:48,draza ma sarlahi ko khairwar ma delevery kina hudai na please reply me,draza ma sarlahi ko khairwar ma delevery kina hudai na please reply me,0,13,70,0,0,0,0.9230769230769231,0,1,0.3182,1,0,1,0.0,0,1,0,5.0,0.0
9d36b63e-e9b9-4081-a9c1-1facf7c11503,Daraz,E-commerce,Mohammad Shornab,Unknown,1,2025-10-03 14:00:40,"One of the main problems is, in the review section every picture doesn't load.","one of the main problems is, in the review section every picture doesn't load.",0,14,78,0,0,0,0.9285714285714286,0,0,-0.4019,1,0,1,0.0,0,1,0,1.0,0.0
7c5e7697-8233-4158-85dd-cd1df4d6f476,Daraz,E-commerce,sandhul jayathunge,Unknown,1,2025-10-03 14:08:10,all chemical products are fake.,all chemical products are fake.,0,5,31,0,0,0,1.0,0,0,-0.4767,1,0,1,0.0,0,1,0,1.0,0.0
bfc7dfa7-ef6f-4030-b658-9f0bc174fbd3,Daraz,E-commerce,Khizar Bhatti,Unknown,5,2025-10-03 16:50:12,Good app and reasonable prices,good app and reasonable prices,0,5,30,0,0,0,1.0,0,1,0.4404,1,0,1,0.0,0,1,0,5.0,0.0
df443f01-3b54-4fe4-ab6c-928176588179,Daraz,E-commerce,Muhammad Abdullah,Unknown,2,2025-10-03 17:14:27,in which this app browsing is very very slow I hope that this problem is fixed in a timely,in which this app browsing is very very slow i hope that this problem is fixed in a timely,0,19,90,0,0,0,0.7894736842105263,0,1,0.1189,1,0,1,0.0,0,1,0,2.0,0.0
894a9444-c17c-487f-9f6b-fee5170be6e2,Daraz,E-commerce,Ahonaf Ryan AR,Unknown,1,2025-10-03 17:44:26,"worst delivery app, too many scam","worst delivery app, too many scam",0,6,33,0,0,0,1.0,0,1,-0.8316,1,0,1,0.0,0,1,0,1.0,0.0
685e0065-1f9f-4aba-8bc0-d5e780ae8882,Daraz,E-commerce,Shah Khalid,Unknown,1,2025-10-03 18:15:47,"Review Pictures ( Pictures shared by buyers) have not been loading for many days, and Daraz developers don't care about it . or it has been disabled by Daraz itself which is very disappointing.","review pictures ( pictures shared by buyers) have not been loading for many days, and daraz developers don't care about it . or it has been disabled by daraz itself which is very disappointing.",1,34,193,0,0,0,0.8529411764705882,0,1,-0.5749,1,0,1,0.0,0,1,0,1.0,0.0
fc19d635-5571-49c7-8360-b434ff78f2a2,Daraz,E-commerce,Ali Haider,Unknown,1,2025-10-03 18:28:28,Add bohat aty hai. Mobail hi pagal jo gaya,add bohat aty hai. mobail hi pagal jo gaya,0,9,42,0,0,0,1.0,0,1,0.0,1,0,2,0.0,0,1,0,3.0,2.8284271247461903
ba918d53-8ad9-4fe0-851b-6dd644f0528f,Daraz,E-commerce,Madushani Punchihewa,Unknown,5,2025-10-03 19:37:22,daraz has so much stuff and fast delivery,daraz has so much stuff and fast delivery,0,8,41,0,0,0,1.0,0,0,0.0,1,0,1,0.0,0,1,0,5.0,0.0
5625d353-e9bb-49a4-b67b-3e7fbfec4f55,Daraz,E-commerce,Syed Tasawar Abbas,Unknown,1,2025-10-03 20:21:51,very bad experience,very bad experience,0,3,19,0,0,0,1.0,0,0,-0.5849,1,0,1,0.0,0,1,0,1.0,0.0
0774acd9-5641-4efd-ac12-eaa1a37b904a,Daraz,E-commerce,Haidar Ali Haidar,Unknown,4,2025-10-03 20:26:47,Best price with quality products 👌,best price with quality products 👌,0,6,34,1,0,0,1.0,0,0,0.8842,1,0,1,0.0,0,1,0,4.0,0.0
ee7ca35a-cb52-4619-b58d-1c375710d29c,Daraz,E-commerce,Asifur Rahman,Unknown,4,2025-10-04 00:08:30,"Is your Cash On Delivery service now working? By the way, Good marketing service by my previous year experience","is your cash on delivery service now working? by the way, good marketing service by my previous year experience",0,19,111,0,0,0,0.8947368421052632,0,0,0.4404,1,0,1,0.0,0,1,0,4.0,0.0
2bdb2986-b548-421e-8d65-64dd5067570a,Daraz,E-commerce,Sab J,Unknown,5,2025-10-04 02:52:17,very nice delivery,very nice delivery,0,3,18,0,0,0,1.0,0,0,0.4754,1,0,1,0.0,0,1,0,5.0,0.0
21c84018-d15b-4ef1-999f-b680d24bf34a,Daraz,E-commerce,Mahmud Hussain,Unknown,2,2025-10-04 04:02:54,"Daraz webpage is behaving irratic lately. Cart is not showing the items added from either web page or app. However, the app is working well.","daraz webpage is behaving irratic lately. cart is not showing the items added from either web page or app. however, the app is working well.",1,25,140,0,0,0,0.88,0,1,0.2732,1,0,1,0.0,0,1,0,2.0,0.0
d6996996-c224-4fc2-8b36-d46a5206af18,Daraz,E-commerce,GOOGLE SECURITY,Unknown,5,2025-10-04 04:49:46,well being,well being,0,2,10,0,0,0,1.0,0,0,0.2732,1,0,1,0.0,0,1,0,5.0,0.0
e24e4b60-b2fb-4270-b116-392dcf0bcb65,Daraz,E-commerce,Durgesh Patel,Unknown,3,2025-10-04 05:11:14,Nice app,nice app,0,2,8,0,0,0,1.0,0,1,0.4215,1,0,1,0.0,0,8,0,3.0,0.0
3953c80e-ab50-46ac-84d1-001974502b67,Daraz,E-commerce,Riaz Ali,Unknown,4,2025-10-04 05:11:39,good experience,good experience,0,2,15,0,0,0,1.0,0,0,0.4404,1,0,1,0.0,0,2,0,4.0,0.0
389f1562-59bc-4e1f-82ae-6e388b79ce3a,Daraz,E-commerce,Candy,Unknown,3,2025-10-04 06:15:21,very slow performance in app,very slow performance in app,0,5,28,0,0,0,1.0,0,1,0.0,1,0,1,0.0,0,1,0,3.0,0.0
d523c746-ee38-45c8-bb25-5a90827bf1c8,Daraz,E-commerce,Jasim Uddin,Unknown,5,2025-10-04 06:31:36,wow app is good,wow app is good,0,4,15,0,0,0,1.0,0,1,0.7717,1,0,1,0.0,0,1,0,5.0,0.0
838b0e13-6c09-4fee-893c-2a9cd08fd93d,Daraz,E-commerce,Ahmed Rid,Unknown,5,2025-10-04 06:45:59,NICE APP,nice app,0,2,8,0,0,2,1.0,0,1,0.4215,1,0,1,0.0,0,8,0,5.0,0.0
334a744b-ebfa-4f2f-bede-a79fd594fd92,Daraz,E-commerce,M Usama,Unknown,3,2025-10-04 07:45:50,trusted h,trusted h,0,2,9,0,0,0,1.0,0,0,0.4767,1,0,1,0.0,0,1,0,3.0,0.0
5a490fe3-06e1-4338-9524-cb83bf4509bc,Daraz,E-commerce,Arif Ali,Unknown,1,2025-10-04 08:01:55,This app is in the Paistan AND LOW PRICE,this app is in the paistan and low price,0,9,40,0,0,3,1.0,0,1,-0.2732,1,0,1,0.0,0,1,0,1.0,0.0
71a7841e-4e15-44c8-a694-505c64ffcc84,Daraz,E-commerce,Hansi Nawoda,Unknown,5,2025-10-04 08:16:26,very satisfying,very satisfying,0,2,15,0,0,0,1.0,0,0,0.5095,1,0,1,0.0,0,1,0,5.0,0.0
0b417d53-8c28-4a45-9fa0-965f5301d012,Daraz,E-commerce,Umarkhan Umarkhan,Unknown,1,2025-10-04 10:37:35,This is not good app because cash on delivery option is unavailable,this is not good app because cash on delivery option is unavailable,0,12,67,0,0,0,0.9166666666666666,0,1,-0.3412,1,0,1,0.0,0,1,0,1.0,0.0
58c535af-08fb-40b1-9abf-75ede76ab8b6,Daraz,E-commerce,Faizan Rajput,Unknown,3,2025-10-04 12:22:51,"Sbsy phly to jo pictures hoti hain reviews me woh to fix krlo open kro to black screen hi dikhata, koi optimization hi krlo","sbsy phly to jo pictures hoti hain reviews me woh to fix krlo open kro to black screen hi dikhata, koi optimization hi krlo",0,24,123,0,0,0,0.8333333333333334,0,1,0.3818,1,0,1,0.0,0,1,0,3.0,0.0
47d8cd95-666c-4d0f-b506-0d5400289a54,Daraz,E-commerce,MDFiroj Khan,Unknown,5,2025-10-04 13:12:39,good shop app,good shop app,0,3,13,0,0,0,1.0,0,1,0.4404,1,0,1,0.0,0,1,0,5.0,0.0
8a9c65c0-eece-4893-b2ad-f5b5f7699085,Daraz,E-commerce,Afsar Uddin,Unknown,5,2025-10-04 13:42:01,I like shoppin here,i like shoppin here,0,4,19,0,0,0,1.0,0,0,0.3612,1,0,1,0.0,0,1,0,5.0,0.0
15e027bb-79fa-4b74-b281-f20fb27d684b,Daraz,E-commerce,Md MOSTAKIM,Unknown,5,2025-10-04 14:56:38,MD.mostakim Banskali chattogram...,md.mostakim banskali chattogram...,0,3,34,0,0,0,1.0,0,0,0.0,1,0,1,0.0,0,1,0,5.0,0.0
9b83a3c8-0f29-49ec-a3ec-f6583bfd702a,Daraz,E-commerce,Afia Ali,Unknown,5,2025-10-04 16:17:56,I love this app!!,i love this app!!,0,4,17,0,0,0,1.0,0,1,0.6988,1,0,1,0.0,0,1,0,5.0,0.0
39bfae9e-d5e2-4d0f-84f6-93c532c22dbb,Daraz,E-commerce,Nafees Javaid,Unknown,1,2025-10-04 17:49:24,total waste of time finding you desired product. search never works. fake ads,total waste of time finding you desired product. search never works. fake ads,0,13,77,0,0,0,1.0,0,0,0.1434,1,0,1,0.0,0,1,0,1.0,0.0
6e798bcc-b676-4966-bdc8-0c6fca157260,Daraz,E-commerce,Mohabbat Ullah,Unknown,5,2025-10-04 18:18:49,ভালো লাগলো,ভালো লাগলো,0,2,10,0,0,0,1.0,0,0,0.0,1,0,1,0.0,0,1,0,5.0,0.0
70314ecc-1085-4826-8475-c9cff5d3239a,Daraz,E-commerce,Fatma mirza 123,Unknown,5,2025-10-04 20:08:01,this app is so nice 💯,this app is so nice 💯,0,6,21,1,0,0,1.0,0,1,0.5598,1,0,1,0.0,0,1,0,5.0,0.0
7cfe140e-8848-4269-8eee-1932e85f7d16,Daraz,E-commerce,jaman miah,Unknown,5,2025-10-05 01:57:20,Good shopping app,good shopping app,0,3,17,0,0,0,1.0,0,1,0.4404,1,0,1,0.0,0,2,0,5.0,0.0
13125676-9aa9-4ebc-93cb-93c558bf5b88,Daraz,E-commerce,Rk biplob khan,Unknown,3,2025-10-05 02:19:46,Good App,good app,0,2,8,0,0,0,1.0,0,1,0.4404,1,0,1,0.0,0,10,0,3.0,0.0
2898f045-55e8-4b14-897f-99856a086229,Daraz,E-commerce,Mian Shoaib Khalid,Unknown,2,2025-10-05 04:33:22,Photos that customers upload for reviews doesn't opened,photos that customers upload for reviews doesn't opened,0,8,55,0,0,0,1.0,0,0,0.0,1,0,1,0.0,0,1,0,2.0,0.0
7d56932d-d458-4680-b542-c69f4af07da6,Daraz,E-commerce,Mohammad Abir Ahmed,Unknown,1,2025-10-05 04:44:36,Worst app ever.They deliver fake prodouct.,worst app ever.they deliver fake prodouct.,0,6,42,0,0,0,1.0,0,1,-0.802,1,0,1,0.0,0,1,0,1.0,0.0
738701a4-2e92-407c-8e55-0b4779c991de,Daraz,E-commerce,RG Good,Unknown,1,2025-10-05 05:15:52,All Nepal delivery not available,all nepal delivery not available,0,5,32,0,0,0,1.0,0,0,0.0,1,0,1,0.0,0,1,0,1.0,0.0
46cc1695-03d5-4b74-8b57-648c12ac5409,Daraz,E-commerce,Sumeer Mughal,Unknown,5,2025-10-05 05:53:05,thanks a lot daraz fir reaching out My query I am very glad 😊 for your responsible service such a good application ☺️,thanks a lot daraz fir reaching out my query i am very glad 😊 for your responsible service such a good application ☺️,0,23,117,1,0,0,0.9565217391304348,0,1,0.966,1,0,1,0.0,0,1,0,5.0,0.0
9e77a041-057f-4ad7-a3ef-758946ec5b02,Daraz,E-commerce,Aown Raza,Unknown,1,2025-10-05 07:45:00,Bhai order to karte ha leken fon nhi ata,bhai order to karte ha leken fon nhi ata,0,9,40,0,0,0,1.0,0,1,0.34,1,0,1,0.0,0,1,0,1.0,0.0
d569ad0b-232f-48a5-bf02-60bd6252acb1,Daraz,E-commerce,Maniur Rahman,Unknown,2,2025-10-05 07:53:00,"very slow ui, don't open photo!","very slow ui, don't open photo!",0,6,31,0,0,0,1.0,0,0,0.0,1,0,1,0.0,0,1,0,2.0,0.0
ac4b2267-702e-4ecc-95c5-ef401e666493,Daraz,E-commerce,monoz sarker,Unknown,5,2025-10-05 07:57:53,এক্সিলেন্ট,এক্সিলেন্ট,0,1,10,0,0,0,1.0,0,0,0.0,1,0,1,0.0,0,1,0,5.0,0.0
58320744-c060-4c83-85cc-d1b5e357c231,Daraz,E-commerce,Farhana Alam,Unknown,5,2025-10-05 08:56:55,canceling process is so fast,canceling process is so fast,0,5,28,0,0,0,1.0,0,0,0.0,1,0,1,0.0,0,1,0,5.0,0.0
2e5eaf6a-881f-4934-a9fc-e9ae66210e6e,Daraz,E-commerce,Mamoon Rashid,Unknown,1,2025-10-05 09:25:29,bring night mode in app if u keep scrolling for shopping an hour your eyes get pain due to white screen light,bring night mode in app if u keep scrolling for shopping an hour your eyes get pain due to white screen light,0,22,109,0,0,0,1.0,0,1,-0.5106,1,0,1,0.0,0,1,0,1.0,0.0
afcea035-ae20-477c-86af-bdbfec65fe26,Daraz,E-commerce,Rafay Mirza,Unknown,2,2025-10-05 11:42:11,"too much bugs now, in reviews you can't open pics apos gets frozen similarly many more pathetic glitches and freezes.","too much bugs now, in reviews you can't open pics apos gets frozen similarly many more pathetic glitches and freezes.",3,20,117,0,0,0,1.0,1,0,-0.624,1,0,1,0.0,0,1,0,2.0,0.0
a0983db3-8f0f-4fca-9003-ecf2606e287d,Daraz,E-commerce,Parmila Tamang,Unknown,1,2025-10-05 12:40:13,"अर्डर गर्न झ्याउ छ , काम छैन एसको","अर्डर गर्न झ्याउ छ , काम छैन एसको",0,8,33,0,0,0,1.0,0,0,0.0,1,0,1,0.0,0,1,0,1.0,0.0
05c36b36-989d-4c57-a460-abd7c0fe2278,Daraz,E-commerce,Nawab Azam,Unknown,5,2025-10-05 12:42:15,please add my City location please 🥺 daraz jise humko order karne mein asane ho sahagy hamare shahr ka nam hai Rajo khanani sindh Pakistan,please add my city location please 🥺 daraz jise humko order karne mein asane ho sahagy hamare shahr ka nam hai rajo khanani sindh pakistan,0,25,138,1,0,0,0.96,0,1,0.5574,1,0,1,0.0,0,1,0,5.0,0.0
c20f5610-e126-4e83-838d-2163ec18a899,Daraz,E-commerce,Roshen Ramanayake (Ro-Bro),Unknown,1,2025-10-05 12:46:33,"""We need more time to process your order"" and then it just doesn't. Order is cancelled because the payment is not done. No matter how many times I tried, how much extra money the wallet had, still not processing.","""we need more time to process your order"" and then it just doesn't. order is cancelled because the payment is not done. no matter how many times i tried, how much extra money the wallet had, still not processing.",12,39,212,0,0,0,0.8974358974358975,0,0,0.201,1,0,1,0.0,0,1,0,1.0,0.0
ef6b56e1-2052-4a47-80c5-ea8103d025c7,Daraz,E-commerce,drusmanali0312,Unknown,1,2025-10-05 13:17:33,not animal for sale,not animal for sale,0,4,19,0,0,0,1.0,1,0,0.0,1,0,1,0.0,0,1,0,1.0,0.0
f3b3a013-998b-41f6-8beb-21e231bb8f6f,Daraz,E-commerce,Saravanakumar Kumar,Unknown,4,2025-10-05 14:20:08,nice 👍👍👍,nice 👍👍👍,1,2,8,3,0,0,1.0,0,0,0.4215,1,0,1,0.0,0,2,0,4.0,0.0
0ddaab6e-7e09-454e-a42d-6422231eea61,Daraz,E-commerce,TX HUZAIFA,Unknown,5,2025-10-05 14:36:26,Beast,beast,0,1,5,0,0,0,1.0,0,0,0.0,1,0,1,0.0,0,1,0,5.0,0.0
fc1aed8f-92d3-473b-9b51-b03d1563d5ec,Daraz,E-commerce,Himshara Rana,Unknown,3,2025-10-05 14:47:59,all over is good but add more areas like chaurjahari rukum west side please add this address on this app PPP,all over is good but add more areas like chaurjahari rukum west side please add this address on this app ppp,0,21,108,0,0,1,0.9047619047619048,0,1,0.8209,1,0,1,0.0,0,1,0,3.0,0.0
2feef96b-0769-4017-82f3-5624cbc8dc41,Daraz,E-commerce,Uthayaselsi Uthayaselsi,Unknown,5,2025-10-05 17:09:24,very smart 👌,very smart 👌,0,3,12,1,0,0,1.0,0,0,0.8647,1,0,1,0.0,0,1,0,5.0,0.0
8b6c47c8-4167-4079-be0b-c3a8223b254a,Daraz,E-commerce,error1729,Unknown,1,2025-10-05 18:04:14,fix your refund system,fix your refund system,0,4,22,0,0,0,1.0,0,0,0.0,1,0,1,0.0,0,1,0,1.0,0.0
368ec88b-ade1-471c-ac42-67bffbd2fca4,Daraz,E-commerce,Umar Farooq,Unknown,3,2025-10-05 18:30:25,it's good but delivery charges,it's good but delivery charges,0,5,30,0,0,0,1.0,0,0,-0.1779,1,0,1,0.0,0,1,0,3.0,0.0
06fd4861-6650-4786-b84b-b4bf4e452b6e,Daraz,E-commerce,Jehangir Khan,Unknown,1,2025-10-05 18:31:16,good service,good service,0,2,12,0,0,0,1.0,0,0,0.4404,1,0,1,0.0,0,5,0,1.0,0.0
6c3dc64e-8e5c-4703-9a57-ade7eb1e7bc3,Daraz,E-commerce,Ayaz Sahowal,Unknown,5,2025-10-05 20:00:45,nice and helpful,nice and helpful,0,3,16,0,0,0,1.0,0,0,0.6808,1,0,1,0.0,0,1,0,5.0,0.0
3499fed5-b64b-4111-a037-3779dcd418d7,Daraz,E-commerce,MD MINAL HUQE,Unknown,5,2025-10-06 01:05:04,nice apps,nice apps,0,2,9,0,0,0,1.0,0,1,0.4215,1,0,1,0.0,0,1,0,5.0,0.0
69422d25-9f40-4a54-b913-ead8f30b7a37,Daraz,E-commerce,md Aronno,Unknown,1,2025-10-06 04:52:47,aktuo valo nah,aktuo valo nah,0,3,14,0,0,0,1.0,0,0,-0.1027,1,0,1,0.0,0,1,0,1.0,0.0
f8503c62-acb5-4587-9596-80e9da93285d,Daraz,E-commerce,Muhammad Sameer,Unknown,1,2025-10-06 05:11:44,daraz app close the option of cash on delivery it's very disappointing. And those people who don't have any account not be able to order ..,daraz app close the option of cash on delivery it's very disappointing. and those people who don't have any account not be able to order ..,3,26,139,0,0,0,1.0,0,1,-0.5413,1,0,1,0.0,0,1,0,1.0,0.0
a865339d-c8c2-466e-9402-20220f3944ff,Daraz,E-commerce,Faisal Farooq,Unknown,1,2025-10-06 08:01:23,bekaar tareen service hy koi help line nahi seller bhi chor hen,bekaar tareen service hy koi help line nahi seller bhi chor hen,1,12,63,0,0,0,1.0,0,1,0.4019,1,0,1,0.0,0,1,0,1.0,0.0
bf87354a-b94c-45f5-9d7c-f0126df82b31,Daraz,E-commerce,Farzana Abbas,Unknown,5,2025-10-06 08:03:11,Good 😊,good 😊,0,2,6,1,0,0,1.0,0,0,0.836,1,0,1,0.0,0,4,0,5.0,0.0
62c90c0d-ea1f-42b0-9f6c-02cac37e1410,Daraz,E-commerce,MuhammadEjaz Kuraija,Unknown,5,2025-10-06 08:11:48,ya app bulkul perfect,ya app bulkul perfect,1,4,21,0,0,0,1.0,0,1,0.5719,1,0,1,0.0,0,1,0,5.0,0.0
93283784-cee4-40f9-bca9-6569a76fe11f,Daraz,E-commerce,Atulugamage Janaki,Unknown,1,2025-10-06 08:22:01,didn't return the returned items money it's been weeks now😡😤,didn't return the returned items money it's been weeks now😡😤,0,10,60,2,0,0,1.0,0,0,0.0,1,0,1,0.0,0,1,0,1.0,0.0
ce35be00-b474-41ca-9342-4ca92b373f89,Daraz,E-commerce,Chiran Kusari,Unknown,5,2025-10-06 09:11:12,nice app for others not for me 👍👍🤣🤣,nice app for others not for me 👍👍🤣🤣,0,8,35,4,0,0,0.875,0,1,0.8481,1,0,1,0.0,0,1,0,5.0,0.0
25ee7aff-4402-43bf-b959-a7319e23f610,Daraz,E-commerce,SAQLAIN KHAN SAQI,Unknown,5,2025-10-06 09:26:12,daraz is a very secure site for shopping I recently used this app for purchasing and I found it as a very good path of shoping,daraz is a very secure site for shopping i recently used this app for purchasing and i found it as a very good path of shoping,0,26,126,0,0,0,0.8461538461538461,0,1,0.7083,1,0,1,0.0,0,1,0,5.0,0.0
e3428203-bdbe-4f9c-80d9-8df42848d423,Daraz,E-commerce,Mr_Dream,Unknown,1,2025-10-06 10:04:52,It takes more than 15 day to ship Even in Terai Reason. Despite having Airport and Highways.,it takes more than 15 day to ship even in terai reason. despite having airport and highways.,0,17,92,0,0,0,1.0,0,0,0.0,1,0,1,0.0,0,1,0,1.0,0.0
e09e664e-d843-4a4d-9602-ce8b22dd6b5c,Daraz,E-commerce,Bipro,Unknown,5,2025-10-06 10:52:42,one of best bangladeshi oniline ahoppin platform☺️,one of best bangladeshi oniline ahoppin platform☺️,0,7,50,0,0,0,1.0,0,0,0.802,1,0,1,0.0,0,1,0,5.0,0.0
7bd218d3-1e8f-4571-a6fd-f8d8c90f6857,Daraz,E-commerce,Dinuka Sampath bandara,Unknown,5,2025-10-06 11:41:31,next level 🫣🫣,next level 🫣🫣,0,3,13,2,0,0,1.0,0,0,0.0,1,0,1,0.0,0,1,0,5.0,0.0
f0703c5d-f19a-4794-ac89-6aa773f47267,Daraz,E-commerce,Puja Bastola,Unknown,5,2025-10-06 12:44:01,G ood shopping app in the Nepal,g ood shopping app in the nepal,0,7,31,0,0,0,1.0,0,1,0.0,1,0,1,0.0,0,1,0,5.0,0.0
27d5b0a5-37ec-4fd0-849e-31a1933f1623,Daraz,E-commerce,Nusrat Jahan Emu,Unknown,5,2025-10-06 13:07:31,অনেক সুন্দর আর ও অনেক মজার,অনেক সুন্দর আর ও অনেক মজার,0,6,26,0,0,0,0.8333333333333334,0,0,0.0,1,0,1,0.0,0,1,0,5.0,0.0
f4ddc6f5-0523-4ab8-af9a-3704dd693840,Daraz,E-commerce,Hafsa Emad,Unknown,5,2025-10-06 13:10:13,Its the best app i purchase often from thrm and this app never disappoints . the vouchers are cherry on top best app,its the best app i purchase often from thrm and this app never disappoints . the vouchers are cherry on top best app,0,23,116,0,0,0,0.8260869565217391,0,1,0.9078,1,0,1,0.0,0,1,0,5.0,0.0
91a686fd-00db-49f9-babd-fb5f2a97bd5d,Daraz,E-commerce,Humdan Baba,Unknown,4,2025-10-06 14:09:17,nice but very much better Ali baba,nice but very much better ali baba,0,7,34,0,0,0,1.0,0,0,0.7325,1,0,1,0.0,0,1,0,4.0,0.0
211954d8-6de7-409d-a899-cedddde83d8a,Daraz,E-commerce,Siam Telecom,Unknown,1,2025-10-06 14:28:07,customer er sob photo open hoina. r maje maje page load nai na,customer er sob photo open hoina. r maje maje page load nai na,0,13,62,0,0,0,0.9230769230769231,0,0,-0.25,1,0,1,0.0,0,1,0,1.0,0.0
f0feab29-9fc6-4820-945f-a630f0e29112,Daraz,E-commerce,grambangla shops,Unknown,5,2025-10-06 14:57:20,ডেলিভারি চার্জ টা বেশি হয়ে যায় ডেলিভারি চেষ্টা 60 থেকে 70 টাকা হলে বেটার হয়,ডেলিভারি চার্জ টা বেশি হয়ে যায় ডেলিভারি চেষ্টা 60 থেকে 70 টাকা হলে বেটার হয়,0,15,78,0,0,0,0.9333333333333333,0,0,0.0,1,0,1,0.0,0,1,0,5.0,0.0
c81e9c8e-0d82-452f-9b1a-273c06bcc426,Daraz,E-commerce,MONSTERA,Unknown,1,2025-10-06 15:04:13,Products Faults,products faults,0,2,15,0,0,0,1.0,0,0,-0.4767,1,0,1,0.0,0,1,0,1.0,0.0
c19491c2-5ca4-46dd-ba33-f66ede5df831,Daraz,E-commerce,Khadija Tariq,Unknown,5,2025-10-06 16:14:14,I really love this app it gives the honest reviews,i really love this app it gives the honest reviews,0,10,50,0,0,0,1.0,0,1,0.8313,1,0,1,0.0,0,1,0,5.0,0.0
4eeaf02b-b3ee-41c4-8f56-752c2b49a5f6,Daraz,E-commerce,Yeamin Hossain,Unknown,1,2025-10-06 18:24:48,"You guys really need to improve your delivery facility, it took 5-8 Working days to arrive any product . I'm frustrated. Thanks you.","you guys really need to improve your delivery facility, it took 5-8 working days to arrive any product . i'm frustrated. thanks you.",0,23,132,0,0,0,0.9565217391304348,0,0,0.3947,1,0,1,0.0,0,1,0,1.0,0.0
3df99bcf-e04a-4ca0-bd59-b4e2152f0d8f,Daraz,E-commerce,Hellohello Gh,Unknown,1,2025-10-06 18:31:46,3rd class servers not responding and loading all the time much similar to junkyard of stuff where it's a hassle to browse their database,3rd class servers not responding and loading all the time much similar to junkyard of stuff where it's a hassle to browse their database,2,24,136,0,0,0,0.9583333333333334,0,1,0.0,1,0,1,0.0,0,1,0,1.0,0.0
62cd7f4a-a29f-4076-a4e0-874f639820db,Daraz,E-commerce,I Give Up,Unknown,4,2025-10-06 18:45:28,Decent,decent,0,1,6,0,0,0,1.0,0,0,0.0,1,0,1,0.0,0,1,0,4.0,0.0
f00ed8de-aef3-44f2-ae87-82d077f4be8b,Daraz,E-commerce,Mashal Zahoor,Unknown,4,2025-10-06 19:15:17,Overall Gud Experience 💓💓 but there would be must be a Order history Clearance option... Kindly Make an Update on App which is about the Clearance of Buyed History.. thank you,overall gud experience 💓💓 but there would be must be a order history clearance option... kindly make an update on app which is about the clearance of buyed history.. thank you,0,31,175,2,0,0,0.9354838709677419,0,1,0.9545,1,0,1,0.0,0,1,0,4.0,0.0
73691c8f-9524-44dd-bf35-47fd1d10da00,Daraz,E-commerce,Suniya Mahmud,Unknown,5,2025-10-07 01:11:53,"🥰🥰অল্পজ্ঞানে লাফালাফি,, 🥰🥰 🥰মধ্যজ্ঞানে চূপ 🥰 🥰🥰পূর্ণ জ্ঞানে বিনয় 🥰 🥰শুদ্ধ জ্ঞানে রূপ🥰 আপনি সেই শুদ্ধ জ্ঞানে পূর্ণ রূপ ❤️❤️","🥰🥰অল্পজ্ঞানে লাফালাফি,, 🥰🥰 🥰মধ্যজ্ঞানে চূপ 🥰 🥰🥰পূর্ণ জ্ঞানে বিনয় 🥰 🥰শুদ্ধ জ্ঞানে রূপ🥰 আপনি সেই শুদ্ধ জ্ঞানে পূর্ণ রূপ ❤️❤️",0,20,122,11,0,0,0.85,0,0,0.9963,1,0,1,0.0,0,1,0,5.0,0.0
8313091d-13a7-4a61-b4dd-80a953e6af49,Daraz,E-commerce,B__ B,Unknown,2,2025-10-07 02:01:05,"the pictures don't load quickly enough, it's frustrating and the app itself has become slower.","the pictures don't load quickly enough, it's frustrating and the app itself has become slower.",3,15,94,0,0,0,0.9333333333333333,0,1,-0.4404,1,0,1,0.0,0,1,0,2.0,0.0
9ebb7745-cb1f-451e-8f6c-52fcac4d4c80,Daraz,E-commerce,Irfan salman,Unknown,5,2025-10-07 03:37:25,very good experience from this app,very good experience from this app,0,6,34,0,0,0,1.0,0,1,0.4927,1,0,1,0.0,0,1,0,5.0,0.0
a42ce63b-dde8-41ba-abac-1007cc1fa1f0,Daraz,E-commerce,Les Terrasses Himalayan Resort,Unknown,5,2025-10-07 04:44:26,I am satisfied with your response and refunding system.,i am satisfied with your response and refunding system.,0,9,55,0,0,0,1.0,0,0,0.4215,1,0,1,0.0,0,1,0,5.0,0.0
66c48262-40a0-46f4-a38f-7ebb4259b7d9,Daraz,E-commerce,Sabbir Hossain,Unknown,3,2025-10-07 04:44:29,Nod good,nod good,0,2,8,0,0,0,1.0,0,0,0.4404,1,0,1,0.0,0,1,0,3.0,0.0
fafd575b-8f5d-4daf-8fc2-326fb3e9a687,Daraz,E-commerce,Xlr8,Unknown,1,2025-10-07 05:00:15,"the app is stealing my gem points and again October 7, 2025 I lost more than 10000 points!","the app is stealing my gem points and again october 7, 2025 i lost more than 10000 points!",0,18,90,0,0,0,1.0,0,1,-0.7424,1,0,1,0.0,0,1,0,1.0,0.0
bd9ebf35-abee-44f9-8a1c-0d2232f8a145,Daraz,E-commerce,Saima Akter,Unknown,5,2025-10-07 05:21:05,so good,so good,0,2,7,0,0,0,1.0,0,0,0.4927,1,0,1,0.0,0,2,0,5.0,0.0
27712d73-e4b1-4941-90bd-df0514ba3baf,Daraz,E-commerce,Ashad Vai,Unknown,5,2025-10-07 05:21:51,so nice,so nice,0,2,7,0,0,0,1.0,0,0,0.4754,1,0,1,0.0,0,1,0,5.0,0.0
35a17ed7-ff4a-451c-8c83-f3c6ff19951d,Daraz,E-commerce,Muhammad Imran,Unknown,1,2025-10-07 06:20:12,No human support if things go wrong. I was scammed and received a fake product and there is no refund option in that order.,no human support if things go wrong. i was scammed and received a fake product and there is no refund option in that order.,3,24,123,0,0,0,0.9166666666666666,0,0,-0.897,1,0,1,0.0,0,1,0,1.0,0.0
72fc82ef-48dd-43a5-8885-4586b2710362,Daraz,E-commerce,Rani Khan,Unknown,1,2025-10-07 06:42:16,they send defective item. i return it . but they sent it back because its defective. why did you sent me that defective item back?,they send defective item. i return it . but they sent it back because its defective. why did you sent me that defective item back?,3,25,130,0,0,0,0.84,0,0,-0.8641,1,0,1,0.0,0,1,0,1.0,0.0
963e49ed-eb05-4a73-ae7e-b6c634d9817d,Daraz,E-commerce,RETROGEEK,Unknown,4,2025-10-07 07:02:10,Please introduce dark mode it's much needed for people who cannot look at bright screens and suffer from photophobia,please introduce dark mode it's much needed for people who cannot look at bright screens and suffer from photophobia,1,19,116,0,0,0,1.0,0,0,-0.5583,1,0,1,0.0,0,1,1,4.0,0.0
cd110e0c-1b32-4ca0-bf10-359fb65c895b,Daraz,E-commerce,S. M. Nawaf Hossain,Unknown,1,2025-10-07 07:55:39,super worst app,super worst app,0,3,15,0,0,0,1.0,0,1,-0.0516,1,0,1,0.0,0,1,0,1.0,0.0
7f51e6f3-1ada-4809-862f-ada6490abb5d,Daraz,E-commerce,Ahmed Shaheen,Unknown,1,2025-10-07 08:51:34,slow delivery service,slow delivery service,0,3,21,0,0,0,1.0,0,0,0.0,1,0,1,0.0,0,1,0,1.0,0.0
5b76faf5-dd91-4099-8552-c1f76ef9c53c,Daraz,E-commerce,Dk Sharma,Unknown,5,2025-10-07 09:47:40,it is awesome.which products I order it delivered on time. the product quality is also awesome.,it is awesome.which products i order it delivered on time. the product quality is also awesome.,4,16,95,0,0,0,0.875,0,0,0.6249,1,0,1,0.0,0,1,0,5.0,0.0
a7915684-0cbb-4129-acd6-fb8542b8c351,Daraz,E-commerce,M sarim Sarim,Unknown,2,2025-10-07 11:55:00,I requested to daraz help centre My daraz App help centre is not working please set my app I have order to things what my customer care option is not working please set it hurry up,i requested to daraz help centre my daraz app help centre is not working please set my app i have order to things what my customer care option is not working please set it hurry up,0,36,180,0,0,0,0.6388888888888888,0,1,0.6884,1,0,1,0.0,0,1,1,2.0,0.0
3a3a68f4-bb84-40f5-bf23-51af640857c8,Daraz,E-commerce,Sumon Hossain,Unknown,5,2025-10-07 12:26:51,This Is A Baje Sniping Scenter.. it is a faltu. and ami ovijok korci Vara Klta kom nen please,this is a baje sniping scenter.. it is a faltu. and ami ovijok korci vara klta kom nen please,0,19,93,0,0,0,0.8947368421052632,0,0,0.3182,1,0,1,0.0,0,1,0,5.0,0.0
c52ff601-d59c-458e-83da-c25e449e0f65,Daraz,E-commerce,aqsa liaqat,Unknown,5,2025-10-07 13:58:07,agar Kisi ko app ke liye review chahie to Raat Tak are 50 rupay mein ek review,agar kisi ko app ke liye review chahie to raat tak are 50 rupay mein ek review,0,17,78,0,0,0,0.9411764705882353,0,1,0.0,1,0,1,0.0,0,1,0,5.0,0.0
3e577d18-127a-4a2f-9491-d43fb8d09ad3,Daraz,E-commerce,Abdullah Shafi,Unknown,4,2025-10-07 14:19:19,delivery so late,delivery so late,0,3,16,0,0,0,1.0,0,0,0.0,1,0,1,0.0,0,1,0,4.0,0.0
6fac0de4-0240-4d63-8d69-44e4f16edc27,Daraz,E-commerce,Amit Biswas,Unknown,1,2025-10-07 14:25:41,Can't add delivery district address. So can't order anything,can't add delivery district address. so can't order anything,0,9,60,0,0,0,0.8888888888888888,0,0,0.0,1,0,1,0.0,0,1,0,1.0,0.0
fea5e687-87c9-4335-a750-d5bbf542bc1a,Daraz,E-commerce,Tony Ahmad,Unknown,1,2025-10-07 15:58:01,Daraz shopping amar product akkhono painai amar product kothi. apnara ja shomoi chaichen ta paisen amar product joldi deliber koren naito case korbo. joldi amar product delivery den,daraz shopping amar product akkhono painai amar product kothi. apnara ja shomoi chaichen ta paisen amar product joldi deliber koren naito case korbo. joldi amar product delivery den,0,28,181,0,0,0,0.75,0,1,0.0,1,0,1,0.0,0,1,0,1.0,0.0
69a3c1cd-39b5-4eff-942c-703d5f0cf126,Daraz,E-commerce,Zahoor Amin,Unknown,1,2025-10-07 16:28:58,Accounts Kabhi bhi link na kro warna kabhi bhi account khali ho sakta hai,accounts kabhi bhi link na kro warna kabhi bhi account khali ho sakta hai,0,14,73,0,0,0,0.8571428571428571,1,1,0.0,1,0,1,0.0,0,1,0,1.0,0.0
a2d47c53-5a17-48f2-a2c2-19f84d61b96b,Daraz,E-commerce,Kalai Biriyan,Unknown,5,2025-10-07 16:32:14,good product ever,good product ever,0,3,17,0,0,0,1.0,0,0,0.4404,1,0,1,0.0,0,1,0,5.0,0.0
5e76cab3-891f-4e00-ba23-12102008460e,Daraz,E-commerce,Tall Whites,Unknown,1,2025-10-08 02:01:43,"This app is pretty useless, and there aren't many products to choose from. Plus, I'm running into some problems. trouble when trying to view the photos or pictures in the comment section.","this app is pretty useless, and there aren't many products to choose from. plus, i'm running into some problems. trouble when trying to view the photos or pictures in the comment section.",3,32,187,0,0,0,0.9375,0,1,-0.6124,1,0,1,0.0,0,1,0,1.0,0.0
358c4eb1-39da-451f-9e7a-858f02035988,Daraz,E-commerce,Rŕ Rŕ,Unknown,4,2025-10-08 03:28:05,This is pretty easy to buy items . most have fast deliveries than other online shopping apps . Installment options also impressive. hats off,this is pretty easy to buy items . most have fast deliveries than other online shopping apps . installment options also impressive. hats off,0,24,140,0,0,0,0.9583333333333334,1,1,0.8555,1,0,1,0.0,0,1,0,4.0,0.0
f5af846e-0f0c-453b-a4cd-8ca4403d5340,Daraz,E-commerce,pramod piyushan,Unknown,4,2025-10-08 03:31:48,Best Service,best service,0,2,12,0,0,0,1.0,0,0,0.6369,1,0,1,0.0,0,1,0,4.0,0.0
780e304b-f93d-4bf4-ba99-6f9262059c76,Daraz,E-commerce,Musa Rasheed,Unknown,5,2025-10-08 10:08:20,satisfied 😁😁,satisfied 😁😁,0,2,12,2,0,0,1.0,0,0,0.8316,1,0,1,0.0,0,1,0,5.0,0.0
38327f16-9cd7-40a0-a74f-79033e4a6607,Daraz,E-commerce,atif hasnain (Baloshii girl),Unknown,5,2025-10-08 10:35:18,i m satisfied from daraz🥰,i m satisfied from daraz🥰,0,5,25,1,0,0,1.0,0,0,0.8779,1,0,1,0.0,0,1,0,5.0,0.0
e9094ea3-2ba8-4064-87f4-fb5dfcee19d8,Daraz,E-commerce,Muzaffar Ahmad,Unknown,4,2025-10-08 11:38:54,daraz products reviews pictures doesn't load to see please resolve the issu.,daraz products reviews pictures doesn't load to see please resolve the issu.,0,12,76,0,0,0,1.0,0,0,0.5994,1,0,1,0.0,0,1,0,4.0,0.0
3969b104-0901-45d4-bae4-f9799d55aa2a,Daraz,E-commerce,Aashish Subedi,Unknown,1,2025-10-08 11:59:28,"I really hate this app, because this app doesn't have electric vape and such of daily using hand weapons..So I will give 0.5 rating of the 5","i really hate this app, because this app doesn't have electric vape and such of daily using hand weapons..so i will give 0.5 rating of the 5",0,27,140,0,0,0,0.8888888888888888,0,1,-0.2006,1,0,1,0.0,0,1,0,1.0,0.0
5bade211-7725-4142-97a0-57348c9aad52,Daraz,E-commerce,Mohammad Ali,Unknown,3,2025-10-08 12:10:19,in the new update rewiew pictures are not opening please fix this issue.,in the new update rewiew pictures are not opening please fix this issue.,3,13,72,0,0,0,1.0,0,0,-0.2411,1,0,1,0.0,0,1,0,3.0,0.0
749439c0-2117-46c5-ac54-28c3cf7edaf4,Daraz,E-commerce,Saugat Chy,Unknown,1,2025-10-08 12:21:05,Delivery is too slow but delivery cost is too much high so if you want to save your time and money then don't order from this app🤮 this is worst app🤢🤢🤮🤮💩,delivery is too slow but delivery cost is too much high so if you want to save your time and money then don't order from this app🤮 this is worst app🤢🤢🤮🤮💩,1,31,153,6,0,0,0.8387096774193549,0,1,-0.1292,1,0,1,0.0,0,1,0,1.0,0.0
31e8ae14-f282-4dff-bdc2-de9fc04c6b7d,Daraz,E-commerce,Shahbaz Ali,Unknown,1,2025-10-08 13:51:37,client reviews pic not displaying too much slow data loading,client reviews pic not displaying too much slow data loading,0,10,60,0,0,0,1.0,0,0,0.0,1,0,1,0.0,0,1,0,1.0,0.0
bd74a33b-bbb0-4def-885a-c88af1bd14f7,Daraz,E-commerce,op shawon,Unknown,1,2025-10-08 15:20:27,সব সমস্যা,সব সমস্যা,0,2,9,0,0,0,1.0,0,0,0.0,1,0,1,0.0,0,1,0,1.0,0.0
549527d9-76ed-451e-915d-e90b6417583e,Daraz,E-commerce,Arif Hasan,Unknown,2,2025-10-09 02:20:42,অর্ডার অনুযায়ী পন্য পাওয়া যায় না । নষ্ট পন্য দেয়।,অর্ডার অনুযায়ী পন্য পাওয়া যায় না । নষ্ট পন্য দেয়।,0,10,53,0,0,0,0.9,0,0,0.0,1,0,1,0.0,0,1,0,2.0,0.0
d24b4f1a-3b1e-45dd-b6de-a11c677d0c8a,Daraz,E-commerce,Sabita Biswas,Unknown,3,2025-10-09 04:43:22,প্রোডাক্ট যদি খুলে দেখতে পারতাম তাহলে ভালো হতো,প্রোডাক্ট যদি খুলে দেখতে পারতাম তাহলে ভালো হতো,0,8,46,0,0,0,1.0,0,0,0.0,1,0,1,0.0,0,1,0,3.0,0.0
19a31f2f-71a5-4b88-93d0-b09aad1da21c,Daraz,E-commerce,Anv Abb,Unknown,5,2025-10-09 14:18:10,It is a nice experience for shopping and buy our personal things👍.,it is a nice experience for shopping and buy our personal things👍.,0,12,66,1,0,0,1.0,0,0,0.4215,1,0,1,0.0,0,1,0,5.0,0.0
7c3dd42e-2619-46f3-b814-0c22555d4e74,Daraz,E-commerce,Ram Ghatane,Unknown,5,2025-10-09 15:04:27,Ramro xa,ramro xa,0,2,8,0,0,0,1.0,0,0,0.0,1,0,1,0.0,0,1,0,5.0,0.0
42ccd9b5-828c-433c-a72c-d26df8e18f05,Daraz,E-commerce,Mst kona,Unknown,5,2025-10-09 15:09:20,it is so good app,it is so good app,0,5,17,0,0,0,1.0,0,1,0.5777,1,0,1,0.0,0,2,0,5.0,0.0
9243987e-f550-472e-9b59-e8544177ae45,Daraz,E-commerce,Rihan Mohamed,Unknown,5,2025-10-09 15:30:10,great shopping site ever...,great shopping site ever...,0,4,27,0,0,0,1.0,0,0,0.6249,1,0,1,0.0,0,1,0,5.0,0.0
9206cbb7-822e-4a0e-9454-8b258a52909d,Daraz,E-commerce,Qurey Afrel,Unknown,3,2025-10-09 16:33:18,very useful good app,very useful good app,0,4,20,0,0,0,1.0,0,1,0.7485,1,0,1,0.0,0,1,0,3.0,0.0
a943ca3c-8170-41b3-8fde-e969f30bad3a,Daraz,E-commerce,Abdullahal Noor,Unknown,5,2025-10-09 18:47:21,I have very good experience on that,i have very good experience on that,0,7,35,0,0,0,1.0,0,0,0.4927,1,0,1,0.0,0,1,0,5.0,0.0
91dec047-fad3-4ecc-ac1d-e0a148420a96,Daraz,E-commerce,Shazia Saleem raza,Unknown,5,2025-10-09 19:58:04,daraz app is best network app,daraz app is best network app,0,6,29,0,0,0,0.8333333333333334,0,1,0.6369,1,0,1,0.0,0,1,0,5.0,0.0
ef4ba2a4-fa57-4224-88db-74eaf1b333e9,Daraz,E-commerce,Ashu Lues,Unknown,2,2025-10-09 20:33:54,genz plz attack daraz outlet they just scammed for 10 10 offer,genz plz attack daraz outlet they just scammed for 10 10 offer,0,12,62,0,0,0,0.9166666666666666,1,0,-0.4215,1,0,1,0.0,0,1,0,2.0,0.0
8197c4dd-6f48-4dc9-a44b-ec5027a76892,Daraz,E-commerce,Umar Noorr,Unknown,1,2025-10-09 20:34:15,bakwas,bakwas,0,1,6,0,0,0,1.0,0,1,0.0,1,0,1,0.0,0,1,0,1.0,0.0
6878e72d-dbf0-41f3-a6f2-570b3a99e5e4,Daraz,E-commerce,Dumindu Pahasara,Unknown,2,2025-10-10 00:20:28,superb service,superb service,0,2,14,0,0,0,1.0,0,0,0.6249,1,0,1,0.0,0,1,1,2.0,0.0
bd57cc19-5f5e-4bda-be8d-775dda6025e6,Daraz,E-commerce,Sharif Uddin,Unknown,5,2025-10-10 01:06:57,Good App.,good app.,0,2,9,0,0,0,1.0,0,1,0.4404,1,0,1,0.0,0,1,0,5.0,0.0
85e99fb3-c35b-4dca-8e6f-79c8b9c88ca5,Daraz,E-commerce,Error,Unknown,1,2025-10-10 03:28:15,spam this products is useless,spam this products is useless,0,5,29,0,0,0,1.0,0,0,-0.6486,1,0,1,0.0,0,1,0,1.0,0.0
b0a1fd9d-db09-4780-84b2-19b28adb5869,Daraz,E-commerce,Sambid parajuli2002,Unknown,1,2025-10-10 04:00:32,Good app but I can't purchase anything right now because there are no options for purchase from esewa nor as cash on delivery. Can't order anything right now. I don't have credit/debit card option.,good app but i can't purchase anything right now because there are no options for purchase from esewa nor as cash on delivery. can't order anything right now. i don't have credit/debit card option.,3,34,197,0,0,0,0.8529411764705882,0,1,-0.2144,1,0,1,0.0,0,1,0,1.0,0.0
161216b8-9260-466c-af55-032f039c8137,Daraz,E-commerce,Jakiya Jahan jui,Unknown,5,2025-10-10 05:26:49,It is so good app,it is so good app,0,5,17,0,0,0,1.0,0,1,0.5777,1,0,1,0.0,0,2,0,5.0,0.0
060762e4-7c5e-4515-a87e-dc7555905020,Daraz,E-commerce,Zakir Syed Asim shamsi,Unknown,4,2025-10-10 05:27:29,It is sush a good app for shopping anything,it is sush a good app for shopping anything,0,9,43,0,0,0,1.0,0,1,0.4404,1,0,1,0.0,0,1,0,4.0,0.0
052388a2-f48a-4829-9d6a-55d1e29a3e60,Daraz,E-commerce,Samir Ghimire,Unknown,5,2025-10-10 05:52:09,❤️❤️👍👍👍,❤️❤️👍👍👍,0,1,7,3,0,0,1.0,0,0,0.0,1,0,1,0.0,0,1,0,5.0,0.0
cf3a787d-d5b9-4d48-b3b1-c6c89f3af561,Daraz,E-commerce,Abdul Hamid Shanto,Unknown,5,2025-10-10 06:12:48,Nice app,nice app,0,2,8,0,0,0,1.0,0,1,0.4215,1,0,1,0.0,0,8,0,5.0,0.0
fedcbbeb-782e-4dbe-88d8-710521330653,Daraz,E-commerce,M. ZEESHAN,Unknown,1,2025-10-10 06:38:15,delivery is very slow and sometime product is not new,delivery is very slow and sometime product is not new,0,10,53,0,0,0,0.9,0,0,0.0,1,0,1,0.0,0,1,0,1.0,0.0
c767f1d9-acb6-4b18-bee4-a01a1ba71841,Daraz,E-commerce,EBRAHIM GAMER,Unknown,5,2025-10-10 06:44:33,does is best app in this world,does is best app in this world,0,7,30,0,0,0,1.0,0,1,0.6369,1,0,1,0.0,0,1,0,5.0,0.0
a4e50b9d-3475-4355-8aa4-7a4b75b3f94c,Daraz,E-commerce,Ram Tharu,Unknown,1,2025-10-10 07:28:54,Saboii vanda kharaab app ho use na garda hunxa guies afoii vaneko date item delivery garney hain ani customer lai tharkauxan masala haru face to face vet vaako vaye daat vaachadinthay muji ko 🥵👊🏻,saboii vanda kharaab app ho use na garda hunxa guies afoii vaneko date item delivery garney hain ani customer lai tharkauxan masala haru face to face vet vaako vaye daat vaachadinthay muji ko 🥵👊🏻,0,34,195,3,0,0,0.9705882352941176,0,1,0.0,1,0,1,0.0,0,1,0,1.0,0.0
ff1312d2-b467-41d0-9b52-04d49ce530fb,Daraz,E-commerce,Taslim Alom,Unknown,5,2025-10-10 08:18:05,Amazing 🤩,amazing 🤩,0,2,9,1,0,0,1.0,0,0,0.5859,1,0,1,0.0,0,1,0,5.0,0.0
8f0b70f9-5f19-4f4d-84a3-d6c0c33239e7,Daraz,E-commerce,Niloy Debnath,Unknown,5,2025-10-10 08:39:35,এটা খুব ভালো ও প্রয়োজনীয় অ্যাপ,এটা খুব ভালো ও প্রয়োজনীয় অ্যাপ,0,6,30,0,0,0,1.0,0,0,0.0,1,0,1,0.0,0,1,0,5.0,0.0
7a8aac0c-806e-419e-b3dc-77f071958a5e,Daraz,E-commerce,Laraib Khokhar,Unknown,5,2025-10-10 08:57:21,my experience was very good to daraz shopping,my experience was very good to daraz shopping,0,8,45,0,0,0,1.0,0,0,0.4927,1,0,1,0.0,0,1,0,5.0,0.0
f908fa27-fbbf-4857-81c4-9d901d518ba0,Daraz,E-commerce,Hasnain Kamran,Unknown,5,2025-10-10 08:58:46,this is the best app,this is the best app,0,5,20,0,0,0,1.0,0,1,0.6369,1,0,1,0.0,0,1,0,5.0,0.0
4448db00-193e-4442-b636-de60800905a1,Daraz,E-commerce,MARUF ON X,Unknown,1,2025-10-10 09:02:44,Valo na,valo na,0,2,7,0,0,0,1.0,0,0,0.0,1,0,1,0.0,0,1,0,1.0,0.0
21d31ff9-6d74-4b95-9ae3-24601e60ddd0,Daraz,E-commerce,Mehar Zahid,Unknown,5,2025-10-10 09:16:33,nice app and active all time,nice app and active all time,0,6,28,0,0,0,1.0,0,1,0.6705,1,0,1,0.0,0,1,0,5.0,0.0
8a3b9ab1-985c-408d-aaa5-4c03ce1b389a,Daraz,E-commerce,Hero Sarkar,Unknown,5,2025-10-10 09:22:15,ok ok,ok ok,0,2,5,0,0,0,0.5,0,0,0.5267,1,0,1,0.0,0,1,0,5.0,0.0
1c92bb4c-6cac-405d-8a74-06f09584c886,Daraz,E-commerce,Ahmad Raza,Unknown,5,2025-10-10 10:33:08,"pathetic useless experience when I tend to buy it says that something went wrong in placing an order , the app says you have maximum voucher used Shame on you @playstore kindly review the app","pathetic useless experience when i tend to buy it says that something went wrong in placing an order , the app says you have maximum voucher used shame on you @playstore kindly review the app",0,35,191,0,0,0,0.8857142857142857,0,1,-0.8591,1,0,1,0.0,0,1,1,5.0,0.0
80d9a625-6e66-4bcb-b5b3-b165c29dda7d,Daraz,E-commerce,SAIFULLAH,Unknown,3,2025-10-10 10:42:42,ডেলিভারি চার্জ অনেক বেশি,ডেলিভারি চার্জ অনেক বেশি,0,4,24,0,0,0,1.0,0,0,0.0,1,0,1,0.0,0,1,0,3.0,0.0
1c54e2f3-4b6e-434d-b426-7bdc443dbc21,Daraz,E-commerce,Dider Didar,Unknown,5,2025-10-10 10:55:17,Good Products,good products,0,2,13,0,0,0,1.0,0,0,0.4404,1,0,1,0.0,0,2,0,5.0,0.0
73d492f6-56df-4f24-89d3-1875061191d4,Daraz,E-commerce,Ador Ahmed,Unknown,1,2025-10-10 11:51:50,delevari charge onk besi,delevari charge onk besi,0,4,24,0,0,0,1.0,0,0,0.0,1,0,1,0.0,0,1,0,1.0,0.0
11bdc29e-feee-41c7-88d3-b0d767880b14,Daraz,E-commerce,Rihan Dhk,Unknown,5,2025-10-10 12:44:53,I Love u Daraz,i love u daraz,0,4,14,0,0,0,1.0,0,0,0.6369,1,0,1,0.0,0,1,0,5.0,0.0
2127fb2c-3f16-4cc2-8d89-b227f76aba1a,Daraz,E-commerce,Asif Khan,Unknown,1,2025-10-10 13:13:25,ba ler app,ba ler app,0,3,10,0,0,0,1.0,0,1,0.0,1,0,2,0.0,0,1,0,3.0,2.8284271247461903
3ebc710b-a840-4170-ab6c-b2ee43dd16ef,Daraz,E-commerce,Nahid Ahamed,Unknown,1,2025-10-10 13:18:56,খনিকের ছেলেরা শুধু নষ্ট প্রোডাক্ট সেল করে,খনিকের ছেলেরা শুধু নষ্ট প্রোডাক্ট সেল করে,0,7,41,0,0,0,1.0,0,0,0.0,1,0,1,0.0,0,1,0,1.0,0.0
fb4b2601-37ea-47b7-9c42-16896252b984,Daraz,E-commerce,JOYANTO SINGHA,Unknown,3,2025-10-10 13:56:43,This app is awesome. But it has some issues like when I open an image of reviewed product the picture doesn't open and become black all the time. DARAZ should solve the issue.,this app is awesome. but it has some issues like when i open an image of reviewed product the picture doesn't open and become black all the time. daraz should solve the issue.,0,33,175,0,0,1,0.9090909090909091,0,1,0.7906,1,0,1,0.0,0,1,0,3.0,0.0
89339eb8-8dab-4913-9eab-220913b90abd,Daraz,E-commerce,shazia shazia,Unknown,5,2025-10-10 13:57:03,Its a good app but the parkour markers and stationery items are usually out of stock please fix this matter,its a good app but the parkour markers and stationery items are usually out of stock please fix this matter,0,20,107,0,0,0,1.0,0,1,0.6187,1,0,1,0.0,0,1,0,5.0,0.0
68b86a3a-92a4-4666-b295-ed7e5a17bc24,Daraz,E-commerce,Athershah Shah,Unknown,5,2025-10-10 14:01:04,v good 👍🏻😊😊👍🏻😊👍🏻😊👍🏻😊👍🏻,v good 👍🏻😊😊👍🏻😊👍🏻😊👍🏻😊👍🏻,0,3,22,15,0,0,1.0,0,0,0.9847,1,0,1,0.0,0,1,0,5.0,0.0
3cfd575a-6520-4f65-a551-5728eed6164a,Daraz,E-commerce,Md Islam,Unknown,5,2025-10-10 14:15:22,"This app is a very good product, it is very good.","this app is a very good product, it is very good.",0,11,49,0,0,0,0.8181818181818182,0,1,0.7496,1,0,1,0.0,0,1,0,5.0,0.0
94cb696c-31bc-41ff-b202-25029f22876a,Daraz,E-commerce,User 69,Unknown,4,2025-10-10 14:25:06,fix the loading time for review pictures. it takes so much time to load the pictures and most of the time it doesn't even load.,fix the loading time for review pictures. it takes so much time to load the pictures and most of the time it doesn't even load.,2,25,127,0,0,0,0.8,0,0,0.0,1,0,1,0.0,0,1,0,4.0,0.0
020dcf5e-b9a3-4fdd-9ead-e9c827a51fa8,Daraz,E-commerce,Engr. Rakibul Islam (Rocky),Unknown,5,2025-10-10 14:43:31,great initiative,great initiative,0,2,16,0,0,0,1.0,0,0,0.6249,1,0,1,0.0,0,1,0,5.0,0.0
a555ef19-77d6-49ff-a49a-a4d4e40f6ea0,Daraz,E-commerce,Seharaftab,Unknown,2,2025-10-10 15:39:50,bad qualities of all things almost and so much shiping,bad qualities of all things almost and so much shiping,0,10,54,0,0,0,1.0,0,0,-0.5423,1,0,1,0.0,0,1,0,2.0,0.0
35886d6b-af64-4790-a9f6-388a74381b47,Daraz,E-commerce,Kaisar Ali,Unknown,1,2025-10-10 16:05:58,delivery so slow 🦥,delivery so slow 🦥,0,4,18,1,0,0,1.0,0,0,0.0,1,0,1,0.0,0,1,0,1.0,0.0
c07a8532-ab08-4f77-b12f-deb96c9eca55,Daraz,E-commerce,Naeem Ahmed,Unknown,2,2025-10-10 16:17:18,Hello team @daraz. i want to report bohra traders i always pay first and after 3 days they only pack my pakage remind them that customer is everything,hello team @daraz. i want to report bohra traders i always pay first and after 3 days they only pack my pakage remind them that customer is everything,0,28,150,0,0,0,0.9642857142857143,0,0,-0.0258,1,0,1,0.0,0,1,0,2.0,0.0
6c4b52a4-8e0b-4ce2-a3cf-1d753e19ced9,Daraz,E-commerce,ayan khan,Unknown,1,2025-10-10 20:08:10,very slow,very slow,0,2,9,0,0,0,1.0,0,0,0.0,1,0,1,0.0,0,2,0,1.0,0.0
98f3a0f7-4136-4dab-af62-2b0ee22c3a78,Daraz,E-commerce,MT FIRE FIGHTING “01971310247”,Unknown,5,2025-10-10 23:05:45,kindly products gulo check kore dite bolben,kindly products gulo check kore dite bolben,0,7,43,0,0,0,1.0,0,0,0.4939,1,0,1,0.0,0,1,0,5.0,0.0
40691764-f20a-46ea-b2c9-35c68d6609c6,Daraz,E-commerce,Sumaya Saiyed,Unknown,1,2025-10-10 23:26:39,there service is very bad they send me wrong product and now they're not letting it return very poor service they have,there service is very bad they send me wrong product and now they're not letting it return very poor service they have,1,22,118,0,0,0,0.8636363636363636,0,0,-0.883,1,0,1,0.0,0,1,0,1.0,0.0
1f7f0f48-cc93-46c5-89d9-278769963e36,Daraz,E-commerce,Mohammed Shah Salman,Unknown,5,2025-10-11 03:23:11,MD Salman,md salman,0,2,9,0,0,1,1.0,0,0,0.0,1,0,1,0.0,0,1,0,5.0,0.0
d6d90108-2c73-4deb-adf6-44fcbf7a7a7d,Daraz,E-commerce,Samjhana Adhikari,Unknown,1,2025-10-11 03:55:40,they scam me and my brother 300 rs my oder was not come in my place and its goes in another place but they caught the delivery charge,they scam me and my brother 300 rs my oder was not come in my place and its goes in another place but they caught the delivery charge,0,28,133,0,0,0,0.7857142857142857,0,0,-0.3291,1,0,1,0.0,0,1,0,1.0,0.0
a72c7000-fd70-4fef-bf6d-4e6dcf37c58d,Daraz,E-commerce,Chamara Bandara,Unknown,1,2025-10-11 04:58:09,Everyday payments erro koko payment erro,everyday payments erro koko payment erro,0,6,40,0,0,0,0.8333333333333334,0,0,0.0,1,0,1,0.0,0,1,0,1.0,0.0
58317f07-c7c5-4ea4-8b53-f0108acbcca0,Daraz,E-commerce,Uzair Ali,Unknown,1,2025-10-11 05:29:38,not any special products in this app company,not any special products in this app company,0,8,44,0,0,0,1.0,0,1,-0.3089,1,0,1,0.0,0,1,0,1.0,0.0
83fc68e1-adb1-4c04-bf59-b486234ec9a2,Daraz,E-commerce,Shyam Babu Shrestha,Unknown,5,2025-10-11 06:55:27,Accilent,accilent,0,1,8,0,0,0,1.0,0,0,0.0,1,0,1,0.0,0,1,0,5.0,0.0
5a3030e4-99f9-4568-bcba-855744090db7,Daraz,E-commerce,Zaiqa Recipes,Unknown,1,2025-10-11 07:05:37,"daraz shipping k charges bht ziada ly rha he . chez 1000 ki hoti he to shipping k 550 charge krta he , pehly acha tha ab in ko mazeed improvement k zrort he","daraz shipping k charges bht ziada ly rha he . chez 1000 ki hoti he to shipping k 550 charge krta he , pehly acha tha ab in ko mazeed improvement k zrort he",0,34,156,0,0,0,0.8235294117647058,0,1,0.6705,1,0,1,0.0,0,1,1,1.0,0.0
135fee27-772e-4a35-bd02-13f939b36425,Daraz,E-commerce,Chandimathushari,Unknown,5,2025-10-11 07:52:02,❤️❤️❤️❤️❤️❤️,❤️❤️❤️❤️❤️❤️,0,1,12,0,0,0,1.0,0,0,0.0,1,0,1,0.0,0,1,0,5.0,0.0
f4a09d9f-a15d-4f07-b557-9077dc5f901e,Daraz,E-commerce,reewaj shrestha,Unknown,1,2025-10-11 09:12:57,"This is absolutely the worst for ordering large items. If there are any issues and you need to return something, you have to keep requesting pickup every day — and still, they don’t come.","this is absolutely the worst for ordering large items. if there are any issues and you need to return something, you have to keep requesting pickup every day — and still, they don’t come.",3,34,187,0,0,0,0.9117647058823529,0,0,-0.6573,1,0,1,0.0,0,1,0,1.0,0.0
0504785d-163a-45fb-92a9-3b46445fa95a,Daraz,E-commerce,Touhedul islam Momin,Unknown,4,2025-10-11 09:30:45,great,great,0,1,5,0,0,0,1.0,0,0,0.6249,1,0,1,0.0,0,2,0,4.0,0.0
72e492a4-277c-4d54-ae49-b864485bb25f,Daraz,E-commerce,Md. Shahidul Islam,Unknown,1,2025-10-11 09:46:16,unable to see the review pic in full screen mode.,unable to see the review pic in full screen mode.,0,10,49,0,0,0,1.0,0,0,0.0,1,0,2,1026682.0,0,1,0,3.0,2.8284271247461903
9323098f-a808-452d-aa6d-c529a7c5b7dd,Daraz,E-commerce,Ridwan Nafi,Unknown,1,2025-10-11 09:48:40,"Bkash payment stopped working and customer care agent said it's against their policy to fix it LoL how funny. I Used daraz for 5years order more than 100 products from separate accounts, now leaving it behind.","bkash payment stopped working and customer care agent said it's against their policy to fix it lol how funny. i used daraz for 5years order more than 100 products from separate accounts, now leaving it behind.",3,36,209,0,0,0,0.9722222222222222,0,0,0.7906,1,0,1,0.0,0,1,1,1.0,0.0
e32a4987-e94e-4a8d-993b-b58a8cc85044,Daraz,E-commerce,Maria Jabbar,Unknown,5,2025-10-11 10:07:11,I love this app ♥️,i love this app ♥️,0,5,18,0,0,0,1.0,0,1,0.8555,1,0,1,0.0,0,1,0,5.0,0.0
5f8cdf80-63db-4249-86e8-5c604e9cf83d,Daraz,E-commerce,Para,Unknown,5,2025-10-11 10:54:39,daraz my favourite app,daraz my favourite app,0,4,22,0,0,0,1.0,0,1,0.0,1,0,1,0.0,0,1,0,5.0,0.0
112da0f3-194e-4f5a-9d08-f80fbac7f6cc,Daraz,E-commerce,Niaz Ali,Unknown,1,2025-10-11 11:20:52,"I don't like this app,","i don't like this app,",0,5,22,0,0,0,1.0,0,1,-0.2755,1,0,1,0.0,0,1,0,1.0,0.0
9c486a8e-61d0-4371-8b9a-edd8abde34b2,Daraz,E-commerce,Like Hridoy,Unknown,5,2025-10-11 11:58:36,মসৃশ্,মসৃশ্,0,1,5,0,0,0,1.0,0,0,0.0,1,0,1,0.0,0,1,0,5.0,0.0
e892b91f-7bf1-494a-8ab6-13348828cd9b,Daraz,E-commerce,Google Account,Unknown,1,2025-10-11 12:53:54,ma chakni Randi co chora chor Muji delivery charge bhada ya ko bhada yo Cha chor 100 ko Saman 154 delivery fee Muji chor,ma chakni randi co chora chor muji delivery charge bhada ya ko bhada yo cha chor 100 ko saman 154 delivery fee muji chor,0,24,120,0,0,0,0.75,0,0,0.0,1,0,1,0.0,0,1,0,1.0,0.0
f7e31a29-8232-424d-a2ed-cc65b56c97bf,Daraz,E-commerce,Alaya Fatima,Unknown,1,2025-10-11 13:03:10,this app should be legally banned they are Scamming people's and only getting their money and not providing the orders correctly and after the dispatch they turn of all their numbers and misbehave with costumers,this app should be legally banned they are scamming people's and only getting their money and not providing the orders correctly and after the dispatch they turn of all their numbers and misbehave with costumers,2,35,211,0,0,0,0.8285714285714286,0,1,-0.6705,1,0,1,0.0,0,1,0,1.0,0.0
acf9a9ae-40f9-4be1-8c5d-dd5f8b3e029c,Daraz,E-commerce,Gita Parajuli,Unknown,1,2025-10-11 13:56:52,yesto app download garnu bandata dokan ma gatara kinda hunthyo yes ko delivery boy the sala was para lina zanu po bancha yesko sata amazon flikart alibaba thick cha na Linux yesko product sab kuchayara landncha thank you,yesto app download garnu bandata dokan ma gatara kinda hunthyo yes ko delivery boy the sala was para lina zanu po bancha yesko sata amazon flikart alibaba thick cha na linux yesko product sab kuchayara landncha thank you,0,38,220,0,0,0,0.9736842105263158,1,1,0.2551,1,0,1,0.0,0,1,0,1.0,0.0
fbb924fd-6dcd-4221-8c62-0f77b220951d,Daraz,E-commerce,Zohaib Mughal,Unknown,3,2025-10-11 16:19:54,best hy but colr pink kha tha but white bhaja quality bss thk Hy plzz achi quality bhaja karain or apka rider acha nhi Hy Baki markaz app ka sukriya ...,best hy but colr pink kha tha but white bhaja quality bss thk hy plzz achi quality bhaja karain or apka rider acha nhi hy baki markaz app ka sukriya ...,0,31,152,0,0,0,0.8387096774193549,0,1,0.3818,1,0,1,0.0,0,1,0,3.0,0.0
1bab4d95-0ad0-4170-9ad0-cb52c6802579,Daraz,E-commerce,Azad Khan,Unknown,5,2025-10-11 16:36:57,super 💯,super 💯,0,2,7,1,0,0,1.0,0,0,0.5994,1,0,2,1135721.0,0,1,0,5.0,0.0
cb5cb1a3-3031-420d-9622-cdf19625bd8b,Daraz,E-commerce,Gia Shakir,Unknown,1,2025-10-11 18:02:40,"today I have received a wooden folding table. it was in pathetic condition, completely defective and damaged. I'm very disappointed","today i have received a wooden folding table. it was in pathetic condition, completely defective and damaged. i'm very disappointed",0,20,131,0,0,0,1.0,0,1,-0.9253,1,0,1,0.0,0,1,0,1.0,0.0
5d2ae1a8-74fa-4826-ba59-5f310ea5eb86,Daraz,E-commerce,Zeeshan Qureshi,Unknown,1,2025-10-11 18:41:23,I can order a nails pack a nails pack is good but it have no glou and is so bad 🤬🤬🤬😡😡🤬😡🤬😡😡😡🤬😡🤬🤬😡🤬😡,i can order a nails pack a nails pack is good but it have no glou and is so bad 🤬🤬🤬😡😡🤬😡🤬😡😡😡🤬😡🤬🤬😡🤬😡,0,21,98,18,0,0,0.8095238095238095,0,0,-0.8437,1,0,1,0.0,0,1,0,1.0,0.0
15bdd736-f2ee-41e9-8ac5-3849e6ba80fb,Daraz,E-commerce,Mustfa Ayan,Unknown,5,2025-10-11 20:08:20,just nice 🙂🫰🏻,just nice 🙂🫰🏻,0,3,13,3,0,0,1.0,0,0,0.6712,1,0,1,0.0,0,1,0,5.0,0.0
8012eed2-b657-409e-85ba-287911a865ae,Daraz,E-commerce,Usman Habib,Unknown,3,2025-10-11 20:29:37,have service for Bangladesh?,have service for bangladesh?,0,4,28,0,0,0,1.0,0,0,0.0,1,0,1,0.0,0,1,0,3.0,0.0
26534648-571b-4aa4-be84-025778ca2fb8,Daraz,E-commerce,Md Mostafijur Rahman,Unknown,5,2025-10-11 22:29:07,Good platform but Daraz has to strictly monitor their sellers to ensure product quality.,good platform but daraz has to strictly monitor their sellers to ensure product quality.,0,14,88,0,0,0,0.9285714285714286,0,0,0.6542,1,0,1,0.0,0,1,0,5.0,0.0
f9dc952c-cf69-4a7a-be11-f27a9c8a2755,Daraz,E-commerce,srivasanthan Shopana,Unknown,5,2025-10-11 23:57:09,nice correct timing 👍🥰🙏❤️🫂,nice correct timing 👍🥰🙏❤️🫂,0,4,26,4,0,0,1.0,0,0,0.8779,1,0,1,0.0,0,1,0,5.0,0.0
f8f2a7dc-f657-4196-a872-98749e17913b,Daraz,E-commerce,MuqI,Unknown,3,2025-10-12 00:43:48,sometimes average and sometimes good,sometimes average and sometimes good,0,5,36,0,0,0,0.8,0,0,0.4404,1,0,1,0.0,0,1,0,3.0,0.0
03cb3926-ed6a-44c4-bfa8-44a9586f4a27,Daraz,E-commerce,Hamza Mirza,Unknown,1,2025-10-12 02:11:25,thk tha experience,thk tha experience,0,3,18,0,0,0,1.0,0,0,0.0,1,0,1,0.0,0,1,0,1.0,0.0
99284c4f-307f-464f-abf6-d9623a39320b,Daraz,E-commerce,Mdebrahim Shekh,Unknown,5,2025-10-12 03:40:29,Thanks very nice ok good morning,thanks very nice ok good morning,0,6,32,0,0,0,1.0,0,0,0.8918,1,0,1,0.0,0,1,0,5.0,0.0
38a939ec-fbdf-4829-87b3-e3cec1012583,Daraz,E-commerce,Ainul 199,Unknown,5,2025-10-12 04:28:38,easy purchase and payment method.,easy purchase and payment method.,0,5,33,0,0,0,1.0,0,0,0.4404,1,0,1,0.0,0,1,0,5.0,0.0
c4a552b6-1383-4e83-8ae1-5c1785a91d79,Daraz,E-commerce,Zesaki Raii,Unknown,1,2025-10-12 05:29:51,worst drivers thau haru ramari dekhaudina daraz ma Ani delivery Ali aagadi laydinu vano vane Mero galti hoina Mero location pardina tya sama vanxa too bad experience 2 choti vaisako Testo order garako sama nei firta lagako,worst drivers thau haru ramari dekhaudina daraz ma ani delivery ali aagadi laydinu vano vane mero galti hoina mero location pardina tya sama vanxa too bad experience 2 choti vaisako testo order garako sama nei firta lagako,0,37,222,0,0,0,0.9459459459459459,0,0,-0.8225,1,0,1,0.0,0,1,0,1.0,0.0
e47954f8-3e51-43eb-80b0-69af755a9ad6,Daraz,E-commerce,Mostafa Kamal,Unknown,5,2025-10-12 06:09:18,best shoping platform.,best shoping platform.,0,3,22,0,0,0,1.0,0,0,0.6369,1,0,1,0.0,0,1,0,5.0,0.0
12bb240b-c78a-45ad-a339-ba5c5bcf32b7,Daraz,E-commerce,Javaria Hasnain,Unknown,1,2025-10-12 06:10:02,My previous experience was good but recently I have ordered tile stickers by online payment after few minutes my order was canceled and they don't give back my payment ......I need my stickers,my previous experience was good but recently i have ordered tile stickers by online payment after few minutes my order was canceled and they don't give back my payment ......i need my stickers,2,33,192,0,0,1,0.8181818181818182,0,0,0.2382,1,0,1,0.0,0,1,0,1.0,0.0
1e2946d4-330e-4a1e-8421-08fecdbf525f,Daraz,E-commerce,Ali Rahat,Unknown,1,2025-10-12 06:12:41,i order touch watch but it is not working,i order touch watch but it is not working,0,9,41,0,0,0,1.0,0,0,0.0,1,0,1,0.0,0,1,0,1.0,0.0
7d7f069b-098d-426e-b87c-267770fa5875,Daraz,E-commerce,fazila Chowdhury,Unknown,2,2025-10-12 06:20:24,the return system is poor,the return system is poor,0,5,25,0,0,0,1.0,0,0,-0.4767,1,0,1,0.0,0,1,0,2.0,0.0
9cac0cfb-f028-4bab-9eed-682b8f3a4325,Daraz,E-commerce,Rafio Syed,Unknown,5,2025-10-12 06:30:00,Very good app for shipping,very good app for shipping,0,5,26,0,0,0,1.0,0,1,0.4927,1,0,1,0.0,0,1,0,5.0,0.0
f8f19ca2-84a4-4ad9-999e-76b70cac0c10,Daraz,E-commerce,Abdul Awaul,Unknown,5,2025-10-12 07:20:43,my favourite Apps 💖,my favourite apps 💖,0,4,19,1,0,0,1.0,0,1,0.7506,1,0,1,0.0,0,1,0,5.0,0.0
b42ac307-ff9d-49a4-94e9-2e247cc09c34,Daraz,E-commerce,Emperor,Unknown,1,2025-10-12 08:29:27,Toder nam a mamla kra Uchit,toder nam a mamla kra uchit,0,6,27,0,0,0,1.0,0,0,0.0,1,0,1,0.0,0,1,0,1.0,0.0
cf2facb6-63e9-4117-9b77-03956737c1e2,Daraz,E-commerce,Kayata Logistics,Unknown,5,2025-10-12 09:12:14,user friendly,user friendly,0,2,13,0,0,0,1.0,0,0,0.4939,1,0,1,0.0,0,1,0,5.0,0.0
c9699d71-caf7-4f3c-b72c-2aeb424764db,Daraz,E-commerce,Saqlain Mazhar,Unknown,1,2025-10-12 09:15:44,very bad for shipping fake useless,very bad for shipping fake useless,0,6,34,0,0,0,1.0,0,0,-0.8655,1,0,1,0.0,0,1,0,1.0,0.0
31af8bef-7f77-450d-b1ea-bc2d49847f8b,Daraz,E-commerce,Abid Hussain,Unknown,1,2025-10-12 09:19:50,it's useless and bad shaping and old material,it's useless and bad shaping and old material,0,8,45,0,0,0,0.875,0,0,-0.743,1,0,1,0.0,0,1,0,1.0,0.0
5d8ec1ab-e5ca-4e48-9ca4-495ed8b00b1f,Daraz,E-commerce,Wahida Islam,Unknown,1,2025-10-12 09:20:47,চাকের,চাকের,0,1,5,0,0,0,1.0,0,0,0.0,1,0,1,0.0,0,1,0,1.0,0.0
972c8e28-0227-4aca-bfd1-2676698ad664,Daraz,E-commerce,Suborna Mostofa,Unknown,3,2025-10-12 10:06:06,পুরা ফালতু একটা এ্যাপ,পুরা ফালতু একটা এ্যাপ,0,4,21,0,0,0,1.0,0,0,0.0,1,0,1,0.0,0,1,0,3.0,0.0
bd42acc8-c236-4f6b-a977-2c4d95746e94,Daraz,E-commerce,sheeraz ali,Unknown,1,2025-10-12 10:17:18,very bad experience with seller’s no response extremely disappointed behaviour 😔. highly not recommended.,very bad experience with seller’s no response extremely disappointed behaviour 😔. highly not recommended.,0,14,105,1,0,0,1.0,0,1,-0.8655,1,0,1,0.0,0,1,0,1.0,0.0
c62e4e12-b3f0-4069-b67e-f544a0cdec0a,Daraz,E-commerce,dislike ff,Unknown,1,2025-10-12 10:58:03,fake daraz,fake daraz,0,2,10,0,0,0,1.0,0,0,-0.4767,1,0,1,0.0,0,1,0,1.0,0.0
fabed801-b906-4d6a-b289-d0a595052cfb,Daraz,E-commerce,Mohamed Afkhar,Unknown,5,2025-10-12 11:10:21,Doing a great job. Keep it up,doing a great job. keep it up,0,7,29,0,0,0,1.0,0,0,0.6249,1,0,1,0.0,0,1,0,5.0,0.0
b9c3951c-e11f-49bc-a10f-17c01f4a6432,Daraz,E-commerce,Sajedur Rahman,Unknown,1,2025-10-12 11:43:01,too much ad,too much ad,0,3,11,0,0,0,1.0,0,0,0.0,1,0,1,0.0,0,1,0,1.0,0.0
6ebfdcdc-49e0-416d-b81c-08f8d806028e,Daraz,E-commerce,Bilal Sardar,Unknown,4,2025-10-12 12:00:46,There is a problem with the current version. The photos in reviews don't load even on fast internet connection.,there is a problem with the current version. the photos in reviews don't load even on fast internet connection.,1,19,111,0,0,0,0.9473684210526315,0,0,-0.4019,1,0,1,0.0,0,1,0,4.0,0.0
36992aa8-4802-4cbb-8434-8256c686b68f,Daraz,E-commerce,Sanjaya Rathnayake,Unknown,5,2025-10-12 12:59:47,goo👆🏻,goo👆🏻,0,1,5,2,0,0,1.0,0,0,0.0,1,0,1,0.0,0,1,0,5.0,0.0
c8ff90a5-c6fc-4461-9db3-bc9370b048a7,Daraz,E-commerce,Arham Khan,Unknown,1,2025-10-12 14:18:16,my order is failed,my order is failed,0,4,18,0,0,0,1.0,0,0,-0.5106,1,0,1,0.0,0,1,0,1.0,0.0
bdea2d17-4003-4a23-9d01-3eb68633c51e,Daraz,E-commerce,Abida Delowar,Unknown,3,2025-10-12 14:33:30,Too much delivery charge,too much delivery charge,0,4,24,0,0,0,1.0,0,0,0.0,1,0,1,0.0,0,1,0,3.0,0.0
023b9124-5e7b-4415-ab13-0fa057fb412e,Daraz,E-commerce,Rohit Ji Gupta Rauniyar,Unknown,5,2025-10-12 17:14:38,Best online shopping app.,best online shopping app.,0,4,25,0,0,0,1.0,0,1,0.6369,1,0,1,0.0,0,1,0,5.0,0.0
1c700b8a-f9cc-4cf3-b0c6-ce74b1e10b3b,Daraz,E-commerce,Madhurjo Mondal,Unknown,1,2025-10-12 18:14:20,The worst app available on the internet. Full of glitches and also not responsive.,the worst app available on the internet. full of glitches and also not responsive.,0,14,82,0,0,0,0.9285714285714286,0,1,-0.7359,1,0,1,0.0,0,1,0,1.0,0.0
148e79fe-f96d-45c4-94f3-43d1789568cd,Daraz,E-commerce,Syed Amir Hosen,Unknown,5,2025-10-12 18:16:20,I get a lot from this online shopping app.,i get a lot from this online shopping app.,0,9,42,0,0,0,1.0,0,1,0.0,1,0,1,0.0,0,1,0,5.0,0.0
e4068ad7-50e1-4c50-a9b9-0436d2ea2340,Daraz,E-commerce,Muhammad Khayam,Unknown,1,2025-10-12 18:44:53,"Your riders are making fake status for deliveries saying that ""address is wrong"". I received many orders at the same address","your riders are making fake status for deliveries saying that ""address is wrong"". i received many orders at the same address",1,21,124,0,0,0,1.0,0,0,-0.7351,1,0,1,0.0,0,1,0,1.0,0.0
f03b3778-db8e-4336-b0ba-accd0c4e7730,Daraz,E-commerce,Ahmad Hasham Rana,Unknown,1,2025-10-12 19:40:57,full of glitches,full of glitches,0,3,16,0,0,0,1.0,0,0,0.0,1,0,1,0.0,0,1,0,1.0,0.0
165da099-ff7c-4c31-866d-f0a9ccba97cb,Daraz,E-commerce,Khalil Mia,Unknown,5,2025-10-13 01:13:35,mdkail,mdkail,0,1,6,0,0,0,1.0,0,0,0.0,1,0,1,0.0,0,1,0,5.0,0.0
1a5aa76e-6031-4a2a-a654-db09987766f8,Daraz,E-commerce,Robiul Islam,Unknown,5,2025-10-13 02:43:50,good Service,good service,0,2,12,0,0,0,1.0,0,0,0.4404,1,0,1,0.0,0,5,0,5.0,0.0
b909c540-d18d-49ab-bc28-d12db763c29d,Daraz,E-commerce,vishmitha Fernando,Unknown,1,2025-10-13 03:05:56,No free gift bad app But themu is Good 😡,no free gift bad app but themu is good 😡,0,10,40,1,0,0,1.0,1,1,0.0119,1,0,1,0.0,0,1,0,1.0,0.0
82a96492-7c99-4bc2-a2d4-8b46ff4e8580,Daraz,E-commerce,Md Shadman Ornob,Unknown,1,2025-10-13 03:19:34,"They track our activities like what we search , what we watch and sell them to 3rd party companies like meta i searched a shoe on daraz and the minute after I've started seeing shoes ad on my Instagram","they track our activities like what we search , what we watch and sell them to 3rd party companies like meta i searched a shoe on daraz and the minute after i've started seeing shoes ad on my instagram",0,39,201,0,0,0,0.8717948717948718,0,0,0.7717,1,0,1,0.0,0,1,1,1.0,0.0
63c1bae8-a2cc-49bb-b205-a295c0b0dcf2,Daraz,E-commerce,Ishan Gunawardana,Unknown,1,2025-10-13 03:57:49,I have uninstalled this app. this is an irritating app. they play adds in all apps for each and every click. this create irritation to use phone,i have uninstalled this app. this is an irritating app. they play adds in all apps for each and every click. this create irritation to use phone,0,27,144,0,0,0,0.8888888888888888,1,1,-0.3664,1,0,1,0.0,0,1,0,1.0,0.0
8d5cebc6-a5fc-4291-90a2-b1c9620d9dbd,Daraz,E-commerce,Mahesh Don,Unknown,1,2025-10-13 04:47:21,inside ring road Kati din lagne ho order ahuna,inside ring road kati din lagne ho order ahuna,0,9,46,0,0,0,1.0,0,0,0.0,1,0,1,0.0,0,1,0,1.0,0.0
b10f9882-737b-4387-9f1b-fa1e59f29e9d,Daraz,E-commerce,Ava James,Unknown,3,2025-10-13 05:14:32,"Please try making this app accessible for the visually impaired. In today's day and age, this shouldn't even be a request. It should be a must.","please try making this app accessible for the visually impaired. in today's day and age, this shouldn't even be a request. it should be a must.",0,26,143,0,0,0,0.8846153846153846,0,1,0.3182,1,0,1,0.0,0,1,0,3.0,0.0
06eecd3b-435a-42c7-bb36-104e01661016,Daraz,E-commerce,Robin Jung Kunwor,Unknown,4,2025-10-13 05:16:26,awesome 👍👍,awesome 👍👍,0,2,10,2,0,0,1.0,0,0,0.6249,1,0,1,0.0,0,1,0,4.0,0.0
1df6bccf-24f9-4bdc-a757-e9f7ed736d3a,Daraz,E-commerce,Keshav Bohara,Unknown,1,2025-10-13 05:47:27,"This app is not safe, you have to pay first and only then will it accept the order.","this app is not safe, you have to pay first and only then will it accept the order.",0,18,83,0,0,0,1.0,0,1,-0.0531,1,0,1,0.0,0,1,0,1.0,0.0
6cec1276-c1f1-446a-9ecf-3893c687e767,Daraz,E-commerce,Saied Sabit Bin Salam,Unknown,1,2025-10-13 06:01:47,বর্তমানে দারাজের দুই নম্বরি শীর্ষে রয়েছে। হয়তো দ্রুতই দারাজের ধ্বংস এগিয়ে আসছে ।,বর্তমানে দারাজের দুই নম্বরি শীর্ষে রয়েছে। হয়তো দ্রুতই দারাজের ধ্বংস এগিয়ে আসছে ।,0,13,83,0,0,0,0.9230769230769231,0,0,0.0,1,0,1,0.0,0,1,0,1.0,0.0
3465d431-4830-490d-9204-4d8f711c74e1,Daraz,E-commerce,Et Her,Unknown,3,2025-10-13 07:02:53,osthir,osthir,0,1,6,0,0,0,1.0,0,0,0.0,1,0,1,0.0,0,1,0,3.0,0.0
5ece312c-8f5a-4518-87ee-ff1117df4d41,Daraz,E-commerce,Raza Sheikh,Unknown,1,2025-10-13 07:06:16,delivery charges to high and you have to give one option to take from your branch.,delivery charges to high and you have to give one option to take from your branch.,0,16,82,0,0,0,0.875,0,0,-0.2732,1,0,1,0.0,0,1,0,1.0,0.0
e65a69f3-9dcd-4b4f-9da3-23fab9cedd1a,Daraz,E-commerce,hanif khan,Unknown,1,2025-10-13 07:49:14,First time use and first time error lengthy process and no policy to compensate,first time use and first time error lengthy process and no policy to compensate,0,14,79,0,0,0,0.7857142857142857,0,0,-0.5994,1,0,1,0.0,0,1,0,1.0,0.0
ae5b3724-329b-4e23-9c35-6ec38ea8b5d9,Daraz,E-commerce,Muhamad Talha,Unknown,5,2025-10-13 08:42:24,👋 Good,👋 good,0,2,6,1,0,0,1.0,0,0,0.7269,1,0,1,0.0,0,1,0,5.0,0.0
a52d04c5-ba9b-4d9c-a9fa-4e7382f61f19,Daraz,E-commerce,Zahid Traders,Unknown,5,2025-10-13 09:17:28,Vvvvvv good daraz,vvvvvv good daraz,0,3,17,0,0,0,1.0,0,0,0.4404,1,0,1,0.0,0,1,0,5.0,0.0
f1843c46-3276-4898-ad24-53c7873be450,Daraz,E-commerce,zannat zayan,Unknown,5,2025-10-13 10:37:14,motamoti balo.........🤔,motamoti balo.........🤔,0,2,23,1,0,0,1.0,0,0,0.0,1,0,1,0.0,0,1,0,5.0,0.0
6514262e-f107-4ec3-99c3-1ad4bb80b84b,Daraz,E-commerce,Akash Mdmi,Unknown,3,2025-10-13 11:25:11,ডেলিভারি দেয় অনেক দেড়িতে! খুবই বাজে সার্ভিস!,ডেলিভারি দেয় অনেক দেড়িতে! খুবই বাজে সার্ভিস!,0,7,44,0,0,0,1.0,0,0,0.0,1,0,1,0.0,0,1,0,3.0,0.0
003ec535-9210-4713-b52c-37e5aecd72a2,Daraz,E-commerce,Shuvo Hasan,Unknown,1,2025-10-13 11:32:30,no return option available,no return option available,0,4,26,0,0,0,1.0,0,0,-0.296,1,0,1,0.0,0,1,0,1.0,0.0
cde35d71-9943-4efd-9198-ea603423bedb,Daraz,E-commerce,Shaikh Mishal,Unknown,1,2025-10-13 13:16:59,"bad app,","bad app,",0,2,8,0,0,0,1.0,0,1,-0.5423,1,0,1,0.0,0,1,0,1.0,0.0
40cfbb9b-47c1-47e9-bd0a-e1efddebbce8,Daraz,E-commerce,Arafat Asif,Unknown,2,2025-10-13 15:16:29,Delivery charge is too high and other charges as well discount is like a scam.,delivery charge is too high and other charges as well discount is like a scam.,0,15,78,0,0,0,0.9333333333333333,1,0,-0.296,1,0,1,0.0,0,1,0,2.0,0.0
4d518946-c760-485a-84ec-6a98bea9f1a3,Daraz,E-commerce,Dibakor Roy,Unknown,2,2025-10-13 17:51:03,Reviewers pictures don't open or take longer time to open. I think It's intentional so that people can't see the real image of that product.,reviewers pictures don't open or take longer time to open. i think it's intentional so that people can't see the real image of that product.,2,25,140,0,0,0,0.96,0,0,0.0,1,0,1,0.0,0,1,0,2.0,0.0
84700233-f331-4024-834f-c4ad8fe04137,Daraz,E-commerce,Sulaiman khan,Unknown,1,2025-10-13 18:07:25,very very bad service no refunding on time bad service of helpline no responding,very very bad service no refunding on time bad service of helpline no responding,0,14,80,0,0,0,0.7142857142857143,0,0,-0.9049,1,0,1,0.0,0,1,0,1.0,0.0
47c10210-a1dc-40fd-8b8f-7de36a31dc80,Daraz,E-commerce,Mazharul Islam Rapel,Unknown,1,2025-10-13 18:52:42,একটা ফালতু! নতুন মোবাইলে পুরাতন একাউন্ট খোলার কারণে ভাউচার ব্লক করে রাখছে। ভাউচার না পেলে এলাকায় দোকান ই ভালো।শিপিং চার্জ লাগবে না।,একটা ফালতু! নতুন মোবাইলে পুরাতন একাউন্ট খোলার কারণে ভাউচার ব্লক করে রাখছে। ভাউচার না পেলে এলাকায় দোকান ই ভালো।শিপিং চার্জ লাগবে না।,0,22,132,0,0,0,0.9545454545454546,0,0,0.0,1,0,1,0.0,0,1,0,1.0,0.0
9e36b86a-95b4-4d22-b714-a6ad4716f820,Daraz,E-commerce,Bijay khadgi,Unknown,1,2025-10-14 02:04:37,customer care services are the worst. Using a chatbot is not good for humans. not proper communication. and not sure about my issue is solved. human assistance is also required.,customer care services are the worst. using a chatbot is not good for humans. not proper communication. and not sure about my issue is solved. human assistance is also required.,0,30,177,0,0,0,0.8666666666666667,0,0,-0.4885,1,0,1,0.0,0,1,0,1.0,0.0
73d045f9-982d-4c80-8184-8915e6ef5bcc,Daraz,E-commerce,Kamran Khan,Unknown,1,2025-10-14 06:04:18,your product Wass so cheep,your product wass so cheep,0,5,26,0,0,0,1.0,0,0,0.0,1,0,2,0.0,0,1,0,1.0,0.0
334be0de-9ce7-4111-8d50-88c889d8741c,Daraz,E-commerce,Bir Bhadir limbu,Unknown,1,2025-10-14 06:30:31,timi haru lay mero parsaal dhelo pathaaa yo,timi haru lay mero parsaal dhelo pathaaa yo,0,8,43,0,0,0,1.0,0,0,0.0,1,0,1,0.0,0,1,0,1.0,0.0
987cf965-ea6d-462d-9aa7-5c9e5b62b0f1,Daraz,E-commerce,Bikram_htd,Unknown,1,2025-10-14 11:05:15,आज हुनु पर्ने डेलिभरी attempt failed भनेर आयो र मलाई डेलिभरी गर्ने ब्याक्तीबाट कुनै फोन म्यासेज नआई कसरी attempt failed भयो र reason मा customer ले rescheduled request गर्यो भनेर हालेको छ। bad service from the delivery Team.,आज हुनु पर्ने डेलिभरी attempt failed भनेर आयो र मलाई डेलिभरी गर्ने ब्याक्तीबाट कुनै फोन म्यासेज नआई कसरी attempt failed भयो र reason मा customer ले rescheduled request गर्यो भनेर हालेको छ। bad service from the delivery team.,0,38,224,0,0,0,0.868421052631579,0,0,-0.8779,1,0,1,0.0,0,1,0,1.0,0.0
45455e69-5fdb-47aa-9804-f4a278f51882,Daraz,E-commerce,Rajendra Shrestha,Unknown,1,2025-10-14 11:34:20,don't buy any bigger items that u cannot return by yourself from daraz Nepal they will not come to pick up return items.,don't buy any bigger items that u cannot return by yourself from daraz nepal they will not come to pick up return items.,1,23,120,0,0,0,0.9565217391304348,0,0,0.0,1,0,1,0.0,0,1,0,1.0,0.0
015984f3-2bb8-4672-9446-780f8c2b05c1,Daraz,E-commerce,Amjad Ali,Unknown,1,2025-10-14 13:09:18,very bad app,very bad app,0,3,12,0,0,0,1.0,0,1,-0.5849,1,0,1,0.0,0,1,0,1.0,0.0
5d53817f-79c0-42e8-93c6-d91c01c3c3ac,Daraz,E-commerce,ITx_ Moiz,Unknown,1,2025-10-14 13:27:06,keep banning my accounts i am never ever using this app again,keep banning my accounts i am never ever using this app again,0,12,61,0,0,0,1.0,0,1,0.0,1,0,1,0.0,0,1,0,1.0,0.0
72484a6a-f04a-4a3f-ad80-2fdbd6ca6205,Daraz,E-commerce,MUBINUR RAHMAN,Unknown,1,2025-10-14 13:56:23,scamers stores on this site,scamers stores on this site,0,5,27,0,0,0,1.0,0,0,0.0,1,0,1,0.0,0,1,0,1.0,0.0
7833b41a-4615-4be2-9c2a-51ab08fd4af0,Daraz,E-commerce,Udarsha Akalanka,Unknown,1,2025-10-14 20:24:55,Worst app in playstore,worst app in playstore,1,4,22,0,0,0,1.0,0,1,-0.6249,1,0,1,0.0,0,1,0,1.0,0.0
41518df5-8d92-4a00-a435-43b8ef857c1a,Daraz,E-commerce,Waqar Abbasi (waqi),Unknown,5,2025-10-14 20:58:26,review pics not open to show white screen show many reviews pictures,review pics not open to show white screen show many reviews pictures,0,12,68,0,0,0,0.9166666666666666,0,0,0.0,1,0,1,0.0,0,1,0,5.0,0.0
1088d4a8-788f-45f1-ba5d-d6573f9ba2d2,Daraz,E-commerce,Choyon Ahmed,Unknown,5,2025-10-15 04:49:54,"বর্তমান ব্যবস্থা ভালো, কালেকশন পয়েন্টে দ্রুত জিনিস পাই। রিফান্ড স্পিড ভালো।","বর্তমান ব্যবস্থা ভালো, কালেকশন পয়েন্টে দ্রুত জিনিস পাই। রিফান্ড স্পিড ভালো।",0,11,75,0,0,0,1.0,0,0,0.0,1,0,1,0.0,0,1,0,5.0,0.0
87dc109c-ce3d-4443-b22c-4d95b03d6d84,Daraz,E-commerce,Wasi Ahmed,Unknown,5,2025-10-15 06:21:59,Very Good,very good,0,2,9,0,0,0,1.0,0,0,0.4927,1,0,1,0.0,0,4,0,5.0,0.0
dbe9c43c-ceb6-4aba-ba75-1fb8a693b50d,Daraz,E-commerce,Asim Butt,Unknown,5,2025-10-15 07:48:52,There products is amazing,there products is amazing,0,4,25,0,0,0,1.0,0,0,0.5859,1,0,1,0.0,0,1,0,5.0,0.0
44133884-cc16-4d78-a29f-e133f400a9ff,Daraz,E-commerce,Abdul Ahad Bapari,Unknown,1,2025-10-15 08:08:35,Cheater 😤,cheater 😤,1,2,9,1,0,0,1.0,0,0,-0.5423,1,0,1,0.0,0,1,0,1.0,0.0
9d3413cf-efca-419f-a097-33c602e861e1,Daraz,E-commerce,Fouzia Adeeb,Unknown,1,2025-10-15 09:09:26,Draz is a very bad 👎 🤢🤢🤢🤢🤢🤢 plat form to showing,draz is a very bad 👎 🤢🤢🤢🤢🤢🤢 plat form to showing,1,11,48,7,0,0,1.0,0,0,-0.5849,1,0,1,0.0,0,1,0,1.0,0.0
8a1bc42b-b278-44b4-b590-62eb9ee1a062,Daraz,E-commerce,Man dil,Unknown,5,2025-10-15 11:50:50,best app for order app,best app for order app,0,5,22,0,0,0,0.8,0,1,0.6369,1,0,1,0.0,0,1,0,5.0,0.0
4eff510c-5a49-47aa-bc2a-0ce63af001e5,Daraz,E-commerce,Kamru Z Zaman,Unknown,5,2025-10-15 13:19:20,good for us!,good for us!,0,3,12,0,0,0,1.0,0,0,0.4926,1,0,1,0.0,0,1,0,5.0,0.0
914510c5-4677-417c-a426-ef17a3ffa4ce,Daraz,E-commerce,Ch Hammad,Unknown,5,2025-10-15 14:02:59,l love it sooo much 🤩😊♥️🫰🤞😘.,l love it sooo much 🤩😊♥️🫰🤞😘.,0,6,28,5,0,0,1.0,0,0,0.9648,1,0,1,0.0,0,1,0,5.0,0.0
c41e340a-a03b-4506-b49f-ffb09096e199,Daraz,E-commerce,Ali Haider,Unknown,5,2025-10-15 16:21:52,😍😍❤️🫡🫡🫡🫡,😍😍❤️🫡🫡🫡🫡,0,1,8,6,0,0,1.0,0,0,0.7184,1,0,2,1029204.0,0,1,0,3.0,2.8284271247461903
ca98dd88-8f2e-4e98-97f5-b8d640d3de1b,Daraz,E-commerce,EnlightenSphere,Unknown,1,2025-10-15 17:46:08,Frustrated with the ads of daraz in youtube facebook everywhere. such an irritating ads are intolerable.,frustrated with the ads of daraz in youtube facebook everywhere. such an irritating ads are intolerable.,1,16,104,0,0,0,0.9375,0,0,-0.7506,1,0,1,0.0,0,1,0,1.0,0.0
79b5df7f-cb6c-4e3d-8288-6acddc5d70a8,Daraz,E-commerce,Muhammad Umair,Unknown,1,2025-10-15 18:36:03,"Upgrade your damn servers, review images are not accessible any more. If you can't develop apps dont push them on playstore!","upgrade your damn servers, review images are not accessible any more. if you can't develop apps dont push them on playstore!",1,21,124,0,0,0,1.0,0,1,-0.4574,1,0,2,0.0,0,1,0,2.0,1.4142135623730951
3076cae0-1df4-49b8-a71f-f3c79298a390,Daraz,E-commerce,Tausia T,Unknown,4,2025-10-15 20:33:02,cant see the review pictures. they wont load,cant see the review pictures. they wont load,0,8,44,0,0,0,1.0,0,0,0.0,1,0,1,0.0,0,1,0,4.0,0.0
b58769ab-0b61-42bd-8a20-a84360f4c18d,Daraz,E-commerce,Faiz Ur Rehman,Unknown,2,2025-10-15 23:57:46,Products reviews photos take too much time to open even on fast internet.,products reviews photos take too much time to open even on fast internet.,1,13,73,0,0,0,1.0,0,0,0.0,1,0,1,0.0,0,1,0,2.0,0.0
d6bebdc8-2cc8-4dab-a7b4-38ed9f8911d7,Daraz,E-commerce,Sadi Mahmud Sajid,Unknown,4,2025-10-16 03:01:20,"Why pictures from others review load so slowly, some time it just doesn't load at all! Also can you guys add theme icon I next build?","why pictures from others review load so slowly, some time it just doesn't load at all! also can you guys add theme icon i next build?",1,26,133,0,0,0,0.9615384615384616,0,0,0.0,1,0,1,0.0,0,1,0,4.0,0.0
6b2eeff9-04f7-4f30-93fa-2c996bc34390,Daraz,E-commerce,shyamdeep sah,Unknown,5,2025-10-16 03:44:05,Good online shopping platform.,good online shopping platform.,1,4,30,0,0,0,1.0,0,0,0.4404,1,0,1,0.0,0,1,0,5.0,0.0
f6df7f7b-876f-4156-b1cd-7d92b28cfac9,Daraz,E-commerce,Soykot Zahan Shihab,Unknown,1,2025-10-16 04:14:53,faltu apps ata,faltu apps ata,1,3,14,0,0,0,1.0,0,1,0.0,1,0,1,0.0,0,1,0,1.0,0.0
53775d87-43c0-4026-914e-d994059a1c98,Daraz,E-commerce,N. A. A,Unknown,1,2025-10-16 04:17:12,"1. so many terms and conditions. 2. vouchers cannot adjust. 3. can't buy multiple from one sailor. 4. forcing to buy other products from others. 5. low quality products 6. You Have reached Your Maximum Purchases Limit, W.F","1. so many terms and conditions. 2. vouchers cannot adjust. 3. can't buy multiple from one sailor. 4. forcing to buy other products from others. 5. low quality products 6. you have reached your maximum purchases limit, w.f",0,38,222,0,0,1,0.9210526315789473,0,0,-0.1779,1,0,1,0.0,0,1,0,1.0,0.0
b28b37c7-5664-470a-9c08-9f31eaabbd3f,Daraz,E-commerce,Rudro Pro,Unknown,5,2025-10-16 05:51:33,জীজীজ,জীজীজ,0,1,5,0,0,0,1.0,0,0,0.0,1,0,1,0.0,0,1,0,5.0,0.0
f968fdab-f87a-43d6-a2a6-1079c472c067,Daraz,E-commerce,Mi su,Unknown,1,2025-10-16 08:58:48,poor daraz,poor daraz,0,2,10,0,0,0,1.0,0,0,-0.4767,1,0,1,0.0,0,1,0,1.0,0.0
4dfcec98-4fa1-4f20-83b5-211478eb7932,Daraz,E-commerce,Heshana Rukshan,Unknown,3,2025-10-16 09:01:33,දාපු දේ නැතුව වෙන එකක් ගෙනත් දෙන්නේ 😌,දාපු දේ නැතුව වෙන එකක් ගෙනත් දෙන්නේ 😌,0,8,37,1,0,0,1.0,0,0,0.3818,1,0,1,0.0,0,1,0,3.0,0.0
035abd79-0fa6-47dc-89bd-a464dbc68c53,Daraz,E-commerce,puran bhandari,Unknown,1,2025-10-16 09:24:14,seller le cheat garyo saman sabai pathayena,seller le cheat garyo saman sabai pathayena,0,7,43,0,0,0,1.0,0,0,-0.4588,1,0,1,0.0,0,1,0,1.0,0.0
b93d139f-bff7-4716-833e-edd8c148358c,Daraz,E-commerce,Kathish,Unknown,5,2025-10-16 10:54:38,good 👍👍👍,good 👍👍👍,0,2,8,3,0,0,1.0,0,0,0.4404,1,0,1,0.0,0,1,0,5.0,0.0
4026f425-5331-4683-9d65-5efabe956bcb,Daraz,E-commerce,Muhammad Ashraf,Unknown,5,2025-10-16 11:30:26,it's a best shopping app,it's a best shopping app,0,5,24,0,0,0,1.0,0,1,0.6369,1,0,1,0.0,0,1,0,5.0,0.0
53744a64-f4de-4143-906d-c010964e90c1,Daraz,E-commerce,Dilip Magar,Unknown,1,2025-10-16 12:44:23,"There is no delivery facility in Musikot, Rukum West, the location does not show how many items to order, but I am completely dissatisfied with this facility.","there is no delivery facility in musikot, rukum west, the location does not show how many items to order, but i am completely dissatisfied with this facility.",0,27,158,0,0,0,1.0,0,0,-0.664,1,0,1,0.0,0,1,0,1.0,0.0
f8ed0604-ee03-47a0-9b61-3e3c39d68741,Daraz,E-commerce,Zubair khan Mohmand,Unknown,1,2025-10-16 12:59:35,garbage app full of scams,garbage app full of scams,1,5,25,0,0,0,1.0,0,1,-0.5859,1,0,1,0.0,0,1,0,1.0,0.0
b469ed31-dbca-4b5c-9e66-d8321ec546d6,Daraz,E-commerce,vidanagamage nuwansampath,Unknown,3,2025-10-16 13:11:03,"I've been using this for 5 years and now the way they treat customers is not so good. One of my packages hasn't been delivered. I've been waiting for a week and a half, but it got cancelled.","i've been using this for 5 years and now the way they treat customers is not so good. one of my packages hasn't been delivered. i've been waiting for a week and a half, but it got cancelled.",1,38,190,0,0,0,0.8421052631578947,0,0,-0.3948,1,0,1,0.0,0,1,0,3.0,0.0
13718b95-6758-4d3a-90dd-4ba4ab89bd95,Daraz,E-commerce,Afridi Ferdous,Unknown,5,2025-10-16 14:13:27,Great (Though have some bugs),great (though have some bugs),0,5,29,0,0,0,1.0,0,0,0.6249,1,0,1,0.0,0,1,0,5.0,0.0
facb3fbd-dfc9-4b6a-8a6c-48acba9fbb0e,Daraz,E-commerce,Farah Naz,Unknown,5,2025-10-16 14:24:29,better ha or Kuch Saman kharab ate ha 👍🥺👀,better ha or kuch saman kharab ate ha 👍🥺👀,0,9,41,3,0,0,0.8888888888888888,0,1,0.7717,1,0,1,0.0,0,1,0,5.0,0.0
11da18ea-2a53-45af-9df4-52cc1962c841,Daraz,E-commerce,Shabana Rahim,Unknown,1,2025-10-16 14:32:18,our parcel of tow necklaces didn't arrive I had a bad experience 👎👎👎👎,our parcel of tow necklaces didn't arrive i had a bad experience 👎👎👎👎,0,13,69,4,0,0,1.0,0,0,-0.5423,1,0,1,0.0,0,1,0,1.0,0.0
59adfc11-9d83-45e2-8037-702e33e84db0,Daraz,E-commerce,Riadul Islam,Unknown,5,2025-10-16 15:09:00,Love to shop from Daraz,love to shop from daraz,0,5,23,0,0,0,1.0,0,0,0.6369,1,0,1,0.0,0,1,0,5.0,0.0
cc56ba98-c6ba-444c-acb8-ea607fd41ba4,Daraz,E-commerce,Raimiah Rufus,Unknown,3,2025-10-16 15:12:44,like seriously its a good app but costs a lot delivery charges,like seriously its a good app but costs a lot delivery charges,0,12,62,0,0,0,0.9166666666666666,0,1,-0.0772,1,0,1,0.0,0,1,0,3.0,0.0
54beb029-3e6b-4fdd-bb43-b124e689cc75,Daraz,E-commerce,SwaMee,Unknown,2,2025-10-16 15:33:00,why there is no option to delete your past order history?,why there is no option to delete your past order history?,0,11,57,0,0,0,1.0,0,0,-0.296,1,0,1,0.0,0,1,0,2.0,0.0
48d26cf7-db9e-449c-b82a-d66e986ae0d9,Daraz,E-commerce,Dua Sharjeel,Unknown,5,2025-10-16 16:03:55,very best,very best,0,2,9,0,0,0,1.0,0,0,0.6697,1,0,1,0.0,0,1,0,5.0,0.0
92367ef2-4ee0-490e-aaa4-e89d14a8b169,Daraz,E-commerce,md abukalam,Unknown,5,2025-10-16 18:27:44,this is a very Nice app for shopping i love this app,this is a very nice app for shopping i love this app,0,12,52,0,0,0,0.8333333333333334,0,1,0.807,1,0,1,0.0,0,1,0,5.0,0.0
73720b23-9385-4652-aee3-1f603a5f303f,Daraz,E-commerce,Saime Ali,Unknown,5,2025-10-16 21:02:38,Good🥰🥰🥰🥰,good🥰🥰🥰🥰,0,1,8,4,0,0,1.0,0,0,0.9862,1,0,1,0.0,0,1,0,5.0,0.0
31199092-23c6-4c09-b937-14e75fe38a33,Daraz,E-commerce,Noor Abid,Unknown,5,2025-10-16 23:05:06,good experience,good experience,0,2,15,0,0,0,1.0,0,0,0.4404,1,0,1,0.0,0,2,0,5.0,0.0
0d709479-3d1e-4b26-8cb0-84378541f1b1,Daraz,E-commerce,Fareed Shaikh,Unknown,5,2025-10-17 03:59:45,bahut acchi bahut pyari app hai,bahut acchi bahut pyari app hai,0,6,31,0,0,0,0.8333333333333334,0,1,0.0,1,0,1,0.0,0,1,0,5.0,0.0
be4b1bf0-a8a4-4c9a-bdde-c9840ff4fc48,Daraz,E-commerce,Sameer Naich,Unknown,5,2025-10-17 04:15:26,trusted app,trusted app,0,2,11,0,0,0,1.0,0,1,0.4767,1,0,1,0.0,0,1,0,5.0,0.0
cf4adb31-41ac-4986-b3c5-f8631c52790c,Daraz,E-commerce,Kausar Zaman,Unknown,5,2025-10-17 04:44:57,best offer,best offer,0,2,10,0,0,0,1.0,1,0,0.6369,1,0,1,0.0,0,1,0,5.0,0.0
f6558b53-2812-4b53-aea2-ed40b87aa1c2,Daraz,E-commerce,Md Noruzaman,Unknown,5,2025-10-17 04:55:07,thats very good🥰🥰,thats very good🥰🥰,0,3,17,2,0,0,1.0,0,0,0.9588,1,0,1,0.0,0,1,0,5.0,0.0
5887bafb-3e1e-423c-8bd0-1d243441ab15,Daraz,E-commerce,Islamic Sazid,Unknown,5,2025-10-17 05:02:49,satisfied,satisfied,0,1,9,0,0,0,1.0,0,0,0.4215,1,0,1,0.0,0,1,0,5.0,0.0
b87be043-fdc4-45f2-ab2c-b50e1fa37f04,Daraz,E-commerce,Abdullah Al Mamun,Unknown,5,2025-10-17 05:51:06,Best in online shopping.,best in online shopping.,0,4,24,0,0,0,1.0,0,0,0.6369,1,0,1,0.0,0,1,0,5.0,0.0
7eba36b3-2e49-4c22-a80f-a1fde9c7347c,Daraz,E-commerce,Malaika Seher,Unknown,1,2025-10-17 08:15:31,everything is too much expensive they should work on Thier prices,everything is too much expensive they should work on thier prices,0,11,65,0,0,0,1.0,0,0,0.0,1,0,1,0.0,0,1,0,1.0,0.0
95268355-66f5-4ddf-a38f-3aa0bd7fef6b,Daraz,E-commerce,Hosna are Begum,Unknown,4,2025-10-17 08:43:12,paid review✅,paid review✅,0,2,12,0,0,0,1.0,0,0,0.0,1,0,1,0.0,0,1,0,4.0,0.0
13ec2ddf-1ae4-4df3-a7a1-a73eb6e02b70,Daraz,E-commerce,sushila adhikari,Unknown,1,2025-10-17 09:48:38,Very slow,very slow,1,2,9,0,0,0,1.0,0,0,0.0,1,0,1,0.0,0,2,0,1.0,0.0
258d1410-64ce-4947-bafc-817d6a675c5d,Daraz,E-commerce,Ahsan Ulhaq,Unknown,1,2025-10-17 10:19:37,Jo Item Aj 200 Ki ha Kal Woh 400 Ki Hogi perso 150 Ki Hogi Ajeeb Drama ha,jo item aj 200 ki ha kal woh 400 ki hogi perso 150 ki hogi ajeeb drama ha,0,18,73,0,0,0,0.7777777777777778,0,0,0.5859,1,0,1,0.0,0,1,1,1.0,0.0
bce1cef1-72b9-4e63-9ddf-911c36ed2604,Daraz,E-commerce,Tanbir Hasan,Unknown,5,2025-10-17 11:30:52,খুব ভালো,খুব ভালো,0,2,8,0,0,0,1.0,0,0,0.0,1,0,1,0.0,0,1,0,5.0,0.0
6814c71d-e03d-415f-90d5-0e5f99f37e04,Daraz,E-commerce,Malik Ali haider,Unknown,4,2025-10-17 13:15:34,my favorite app,my favorite app,0,3,15,0,0,0,1.0,0,1,0.4588,1,0,1,0.0,0,1,0,4.0,0.0
d4136df7-5b3c-481a-8f2e-5d058afd9ecb,Daraz,E-commerce,Shidrashafiq,Unknown,1,2025-10-17 14:01:03,Soo bad service and Soo ads in a other apps Soo bad app😡😡😡😡😡😡😡😡❌❌❌❌❌❌daraz is so worst app on Pakistan,soo bad service and soo ads in a other apps soo bad app😡😡😡😡😡😡😡😡❌❌❌❌❌❌daraz is so worst app on pakistan,0,19,102,8,0,0,0.8421052631578947,0,1,-0.9223,1,0,1,0.0,0,1,0,1.0,0.0
8d46946e-a858-4848-802b-80a6409f6074,Daraz,E-commerce,Zeshan Mughal,Unknown,5,2025-10-17 14:23:23,Wonderful,wonderful,0,1,9,0,0,0,1.0,0,0,0.5719,1,0,1,0.0,0,2,0,5.0,0.0
e65bc7a6-9eb9-4aac-b355-7153dbeaed29,Daraz,E-commerce,Nahid Baeyzid,Unknown,3,2025-10-17 15:37:57,shipping cost very expensive,shipping cost very expensive,1,4,28,0,0,0,1.0,0,0,0.0,1,0,1,0.0,0,1,0,3.0,0.0
894b03e6-8e3b-48d7-9ea0-372e381dad11,Daraz,E-commerce,Muhammad Huzaifa,Unknown,1,2025-10-17 16:02:01,i can't place my order,i can't place my order,0,5,22,0,0,0,1.0,0,0,0.0,1,0,1,0.0,0,1,0,1.0,0.0
60e72b5d-31b8-470a-90ae-7c9b3e4540dd,Daraz,E-commerce,Vino V,Unknown,1,2025-10-17 17:02:26,There are some scam and fraud sellers in this online shopping app. Don't trust all the sellers. I was directly cheated by them. No refund no order delivery. not all the sellers but there are some deceptive activities here.,there are some scam and fraud sellers in this online shopping app. don't trust all the sellers. i was directly cheated by them. no refund no order delivery. not all the sellers but there are some deceptive activities here.,3,39,222,0,0,0,0.8205128205128205,0,1,-0.785,1,0,1,0.0,0,1,0,1.0,0.0
69c0c5ee-edc2-4887-844f-b33aa9d6d9cc,Daraz,E-commerce,Mohammad Siam,Unknown,5,2025-10-17 17:18:50,onik ballo akta app,onik ballo akta app,0,4,19,0,0,0,1.0,0,1,0.0,1,0,1,0.0,0,1,0,5.0,0.0
776303e6-798e-4f28-8b00-a76a36722b4e,Daraz,E-commerce,Potul Akter,Unknown,5,2025-10-17 17:24:17,It's just wow... number one platform in Bangladesh as well as trustable...... ❤️❤️❤️❤️❤️❤️❤️❤️❤️❤️❤️❤️❤️❤️❤️❤️❤️❤️❤️❤️❤️❤️❤️❤️❤️❤️❤️❤️❤️❤️❤️❤️❤️❤️❤️❤️❤️❤️❤️❤️❤️❤️❤️❤️❤️❤️❤️❤️❤️❤️❤️❤️❤️❤️❤️❤️❤️❤️❤️❤️❤️❤️❤️❤️❤️❤️❤️❤️❤️❤️❤️❤️❤️❤️❤️❤️❤️❤️❤️❤️❤️❤️❤️❤️❤️❤️❤️❤️❤️❤️❤️❤️❤️❤️❤️❤️❤️❤️❤️❤️❤️❤️❤️❤️❤️❤️❤️❤️❤️❤️❤️❤️❤️❤️❤️❤️❤️❤️❤️❤️❤️❤️❤️❤️❤️❤️❤️❤️❤️❤️❤️❤️❤️❤️❤️❤️❤️❤️❤️❤️❤️❤️❤️❤️❤️❤️❤️❤️❤️❤️❤️❤️❤️❤️❤️❤️❤️❤️❤️❤️❤️❤️❤️❤️❤️❤️❤️❤️❤️❤️❤️❤️❤️❤️❤️❤️❤️❤️❤️❤️❤️❤️❤️❤️❤️❤️❤️❤️❤️❤️❤️❤️❤️❤️❤️❤️❤️❤️❤️❤️❤️❤️❤️❤️❤️❤️❤️❤️❤️❤️❤️,it's just wow... number one platform in bangladesh as well as trustable...... ❤️❤️❤️❤️❤️❤️❤️❤️❤️❤️❤️❤️❤️❤️❤️❤️❤️❤️❤️❤️❤️❤️❤️❤️❤️❤️❤️❤️❤️❤️❤️❤️❤️❤️❤️❤️❤️❤️❤️❤️❤️❤️❤️❤️❤️❤️❤️❤️❤️❤️❤️❤️❤️❤️❤️❤️❤️❤️❤️❤️❤️❤️❤️❤️❤️❤️❤️❤️❤️❤️❤️❤️❤️❤️❤️❤️❤️❤️❤️❤️❤️❤️❤️❤️❤️❤️❤️❤️❤️❤️❤️❤️❤️❤️❤️❤️❤️❤️❤️❤️❤️❤️❤️❤️❤️❤️❤️❤️❤️❤️❤️❤️❤️❤️❤️❤️❤️❤️❤️❤️❤️❤️❤️❤️❤️❤️❤️❤️❤️❤️❤️❤️❤️❤️❤️❤️❤️❤️❤️❤️❤️❤️❤️❤️❤️❤️❤️❤️❤️❤️❤️❤️❤️❤️❤️❤️❤️❤️❤️❤️❤️❤️❤️❤️❤️❤️❤️❤️❤️❤️❤️❤️❤️❤️❤️❤️❤️❤️❤️❤️❤️❤️❤️❤️❤️❤️❤️❤️❤️❤️❤️❤️❤️❤️❤️❤️❤️❤️❤️❤️❤️❤️❤️❤️❤️❤️❤️❤️❤️❤️❤️,0,13,500,0,0,0,0.9230769230769231,0,0,0.8591,1,0,1,0.0,0,1,0,5.0,0.0
df2f3731-1ea6-4576-b58d-81361d2db738,Daraz,E-commerce,kashif rashid,Unknown,1,2025-10-17 17:32:47,such worst application,such worst application,0,3,22,0,0,0,1.0,0,1,-0.6249,1,0,1,0.0,0,1,0,1.0,0.0
22af3716-ac8a-4da7-af14-f2cd5208feab,Daraz,E-commerce,Faqeerwali Talent,Unknown,1,2025-10-17 17:49:46,ITS FAKE CANNOT REFUND ITS BANNED IMMEDATIALY,its fake cannot refund its banned immedatialy,0,7,45,0,0,7,0.8571428571428571,0,0,-0.1581,1,0,1,0.0,0,1,0,1.0,0.0
7b7db417-5732-4b1a-b07f-55f2390f963c,Daraz,E-commerce,Shafak Shakeel,Unknown,1,2025-10-17 19:04:47,not customer friendly there customer is always wrong whether the product is faulty or their seller. hate it!,not customer friendly there customer is always wrong whether the product is faulty or their seller. hate it!,632,18,108,0,0,0,0.8888888888888888,0,0,-0.9005,1,0,1,0.0,0,1,0,1.0,0.0
30b1e79e-dff0-44f0-a376-e73f817c8702,Daraz,E-commerce,Ahnaf Abid,Unknown,5,2025-10-17 23:09:57,Me likey Darazu,me likey darazu,0,3,15,0,0,0,1.0,0,0,0.0,1,0,1,0.0,0,1,0,5.0,0.0
0b856c1f-d48e-42be-bf82-f276604907ca,Daraz,E-commerce,Md. Zakir Hossain,Unknown,1,2025-10-18 05:14:04,very bad pacaging,very bad pacaging,0,3,17,0,0,0,1.0,0,0,-0.5849,1,0,1,0.0,0,1,0,1.0,0.0
653fad39-c7e7-4b99-b82b-4f8878e52ee1,Daraz,E-commerce,Saba Kainat,Unknown,5,2025-10-18 06:04:17,This app is very nice 🙂🙂💯💯💯,this app is very nice 🙂🙂💯💯💯,0,6,27,5,0,0,1.0,0,1,0.8303,1,0,1,0.0,0,1,0,5.0,0.0
b7a1ed8f-1ce0-4d17-9f1f-7a6e59dd85a3,Daraz,E-commerce,Laiba Naeem,Unknown,5,2025-10-18 06:06:44,which is the best,which is the best,0,4,17,0,0,0,1.0,0,0,0.6369,1,0,1,0.0,0,1,0,5.0,0.0
35c95626-9b44-491f-be3b-9b9d0bcaa056,Daraz,E-commerce,Fariha Tabassum,Unknown,2,2025-10-18 06:08:17,"delivery charges are so high .If an item costs 100, the delivery charge is 132 — I can’t even buy anything properly because of this!","delivery charges are so high .if an item costs 100, the delivery charge is 132 — i can’t even buy anything properly because of this!",1,25,132,0,0,0,0.96,0,0,-0.3382,1,0,1,0.0,0,1,0,2.0,0.0
a21811fa-daf1-4e63-bd88-95e589c6bb0a,Daraz,E-commerce,Touhidul Islam,Unknown,5,2025-10-18 06:28:28,its helpful,its helpful,0,2,11,0,0,0,1.0,0,0,0.4215,1,0,1,0.0,0,1,0,5.0,0.0
ea6f77b6-feaf-40e5-b21e-da6fbedf4f0c,Daraz,E-commerce,fahad Khan,Unknown,4,2025-10-18 07:26:01,nice UI,nice ui,0,2,7,0,0,1,1.0,0,0,0.4215,1,0,1,0.0,0,1,0,4.0,0.0
409573d7-eaa7-4793-b49a-585857dbb17b,Daraz,E-commerce,Sareefa Naflan Nafeel,Unknown,5,2025-10-18 08:30:03,update please,update please,0,2,13,0,0,0,1.0,0,0,0.3182,1,0,1,0.0,0,1,0,5.0,0.0
e2a83a6a-2b2a-4c8c-88c3-024b33a7e505,Daraz,E-commerce,Maksuda Juthi,Unknown,3,2025-10-18 08:46:58,"Just couldn't find foreign products (like k-pop albums,ect ect😭)","just couldn't find foreign products (like k-pop albums,ect ect😭)",0,9,64,1,0,0,1.0,0,0,-0.1531,1,0,1,0.0,0,1,0,3.0,0.0
8a920e74-9d0a-47b3-a608-0b8c3b74ebf2,Daraz,E-commerce,Abdullah Shafiq,Unknown,3,2025-10-18 08:58:03,"I can't preview the images of user reviews, please fix this bug!","i can't preview the images of user reviews, please fix this bug!",0,12,64,0,0,0,1.0,0,0,0.3802,1,0,1,0.0,0,1,0,3.0,0.0
fb257181-6d40-4c82-bc45-3bc5c6341888,Daraz,E-commerce,musfika Tushi,Unknown,4,2025-10-18 09:03:49,very good,very good,0,2,9,0,0,0,1.0,0,0,0.4927,1,0,1,0.0,0,4,0,4.0,0.0
f53715ac-bb93-41b1-a489-30ccaa696c16,Daraz,E-commerce,Uzma Kabir07,Unknown,5,2025-10-18 09:10:41,excellent 👌,excellent 👌,0,2,11,1,0,0,1.0,0,0,0.87,1,0,1,0.0,0,1,0,5.0,0.0
432294d8-4325-4b73-bd99-b7c9c82d3031,Daraz,E-commerce,B Trippy,Unknown,4,2025-10-18 09:38:51,sometimes photos and videos on reviews doesn't open,sometimes photos and videos on reviews doesn't open,0,8,51,0,0,0,1.0,0,0,0.0,1,0,1,0.0,0,1,0,4.0,0.0
820affe8-01b8-44f2-9962-9996993b994a,Daraz,E-commerce,sana tabani,Unknown,5,2025-10-18 09:57:48,daraz are you in dvil,daraz are you in dvil,0,5,21,0,0,0,1.0,0,0,0.0,1,0,1,0.0,0,1,0,5.0,0.0
749c1a45-e75e-4e64-9788-c5c9bc3d9345,Daraz,E-commerce,Nadeem Khursheed,Unknown,5,2025-10-18 11:44:53,isn't installed this app,isn't installed this app,0,4,24,0,0,0,1.0,1,1,0.0,1,0,1,0.0,0,1,0,5.0,0.0
14f6937a-dee9-46ea-a61f-dcc9b6036f43,Daraz,E-commerce,Diba Nargis,Unknown,1,2025-10-18 12:06:03,This app sales low quality product,this app sales low quality product,1,6,34,0,0,0,1.0,1,1,-0.2732,1,0,1,0.0,0,1,0,1.0,0.0
e2dd858d-701b-4863-90df-b49a5f5d4ae5,Daraz,E-commerce,xCOWy,Unknown,2,2025-10-18 12:21:33,THIS APP IS SO SLOW IMAGES DOESNT EVEN LOAD ON REVIEWS SECTION AND WHEN IT LOADS THE QUALITY OF THE IMAGE IS JUST GARBAGE. NOT TO MENTION THAT THE IMAGES TAKE AGES JUST TO LOAD!!!!!,this app is so slow images doesnt even load on reviews section and when it loads the quality of the image is just garbage. not to mention that the images take ages just to load!!!!!,0,35,181,0,0,35,0.8285714285714286,0,1,0.0,1,0,1,0.0,0,1,0,2.0,0.0
62aa3c9b-1aef-492d-8e18-6d42d835e66a,Daraz,E-commerce,Isfar Rashid DIPRO,Unknown,4,2025-10-18 13:15:44,Not so good,not so good,0,3,11,0,0,0,1.0,0,0,-0.3865,1,0,1,0.0,0,1,0,4.0,0.0
a44f4daf-b94d-44ca-99ad-e29ffd2f8bc1,Daraz,E-commerce,SMHS.Soniyatiktok,Unknown,1,2025-10-18 13:41:41,daraz useless very bad service rider not delivered parcel and they said customer not receive. very disappointed from daraz and riders.,daraz useless very bad service rider not delivered parcel and they said customer not receive. very disappointed from daraz and riders.,0,21,134,0,0,0,0.8095238095238095,0,1,-0.5889,1,0,1,0.0,0,1,0,1.0,0.0
31204b88-26bd-48d0-801b-00c1a754d288,Daraz,E-commerce,Liyea Sa,Unknown,1,2025-10-18 13:57:29,"Can't pay through Esewa , Please fix that 🙏","can't pay through esewa , please fix that 🙏",0,9,43,1,0,0,1.0,0,0,0.381,1,0,1,0.0,0,1,0,1.0,0.0
ae80e351-e827-4453-9ec1-cbb317d7b9de,Daraz,E-commerce,Sithum Walpola,Unknown,5,2025-10-18 15:03:23,love this❤️,love this❤️,0,2,11,0,0,0,1.0,0,0,0.6369,1,0,1,0.0,0,1,0,5.0,0.0
473775dc-9229-4994-bfd3-f332eb056a90,Daraz,E-commerce,Zafar Hussain,Unknown,5,2025-10-18 15:11:50,"v,v,v,v good for buying item world top app are daraz","v,v,v,v good for buying item world top app are daraz",0,10,52,0,0,0,1.0,0,1,0.5719,1,0,1,0.0,0,1,0,5.0,0.0
a30e2c14-0cea-4d91-a3a4-d576f377270a,Daraz,E-commerce,Saeid Ahmed,Unknown,3,2025-10-18 17:20:09,kom dame product sell oy,kom dame product sell oy,0,5,24,0,0,0,1.0,0,0,0.0,1,0,1,0.0,0,1,0,3.0,0.0
f3a34f6c-feb4-493d-bca0-2dffa79155ed,Daraz,E-commerce,Taha Naseer,Unknown,1,2025-10-18 18:20:14,hey listen your app is so slow and reviews pictures is not open I tried many time but it's not opening or ap loading time is so much kindly fix that problem 🙄🙏🙏,hey listen your app is so slow and reviews pictures is not open i tried many time but it's not opening or ap loading time is so much kindly fix that problem 🙄🙏🙏,0,33,160,3,0,0,0.8484848484848485,0,1,0.2886,1,0,1,0.0,0,1,0,1.0,0.0
43f6bd75-4132-4c63-8d60-114d81d9170e,Daraz,E-commerce,Ramim Mahmud,Unknown,5,2025-10-18 19:27:27,true online shop ever seen...,true online shop ever seen...,1,5,29,0,0,0,1.0,0,0,0.4215,1,0,1,0.0,0,1,0,5.0,0.0
8b6f263f-6d5a-402a-a381-d90f0ab2f2b0,Daraz,E-commerce,Quran learning,Unknown,1,2025-10-18 20:09:35,we want always free delivery and more cash discounts,we want always free delivery and more cash discounts,0,9,52,0,0,0,1.0,1,0,0.5574,1,0,1,0.0,0,1,1,1.0,0.0
e0634bb5-7ddb-43b5-ac60-af1d1963ed74,Daraz,E-commerce,Placeholder name,Unknown,4,2025-10-18 20:43:14,app bugs out in return process sometimes but giving 4 stars due to support,app bugs out in return process sometimes but giving 4 stars due to support,1,14,74,0,0,0,1.0,0,1,0.7684,1,0,1,0.0,0,1,0,4.0,0.0
a02b05ae-c75d-4b80-afac-a906e2494d69,Daraz,E-commerce,Sanjid Slock,Unknown,2,2025-10-19 03:14:31,Dhakar bahire delivery change komao.,dhakar bahire delivery change komao.,0,5,36,0,0,0,1.0,0,0,0.0,1,0,1,0.0,0,1,0,2.0,0.0
dce0a131-aabc-4e0b-aaf0-97cdcbb718c7,Daraz,E-commerce,MUEID JAMALI,Unknown,5,2025-10-19 05:34:53,this is not a scammer app this is best app in the world for us,this is not a scammer app this is best app in the world for us,0,15,62,0,0,0,0.8,0,1,0.6369,1,0,1,0.0,0,1,0,5.0,0.0
8d3ffd80-9a6d-4a7a-87ee-a5e25319b4b9,Daraz,E-commerce,Sudarshan Pradhan (Sudu),Unknown,1,2025-10-19 06:06:21,"Why don't you guys add addresses like Bhojpur, Koshi Province in Address Book, While Nepal Can Move like courier can deliver within 2days","why don't you guys add addresses like bhojpur, koshi province in address book, while nepal can move like courier can deliver within 2days",0,23,137,0,0,0,0.9130434782608695,0,0,0.6124,1,0,1,0.0,0,1,1,1.0,0.0
39e1bab7-0544-464f-930f-585f1625647e,Daraz,E-commerce,Sriyani Kumarasinghe,Unknown,1,2025-10-19 06:18:44,they don't deliver correct items,they don't deliver correct items,0,5,32,0,0,0,1.0,0,0,0.0,1,0,1,0.0,0,1,0,1.0,0.0
fba9bf17-48ac-4ba1-83f6-aca331255477,Daraz,E-commerce,Inam khan,Unknown,1,2025-10-19 06:35:30,very disappointed there are all fake sellers darza have return policy but you can't return your parcel and when you return your parcel then the sellers reject your return parcel that's all be careful when you shopping on daraz,very disappointed there are all fake sellers darza have return policy but you can't return your parcel and when you return your parcel then the sellers reject your return parcel that's all be careful when you shopping on daraz,2,39,226,0,0,0,0.6923076923076923,0,1,-0.7092,1,0,1,0.0,0,1,0,1.0,0.0
070e3e40-bfb1-4ee6-b9cf-0ae09707e424,Daraz,E-commerce,Aisha Samraa,Unknown,1,2025-10-19 06:56:24,apny faidy k liye leopard ko contract de dia Jo kbhi parcel address Pai nhe puhnchaty office Mai rkh k beth jaty bakwas app bakwas dilivry service high dilivry charges and extra tax,apny faidy k liye leopard ko contract de dia jo kbhi parcel address pai nhe puhnchaty office mai rkh k beth jaty bakwas app bakwas dilivry service high dilivry charges and extra tax,2,33,181,0,0,0,0.9090909090909091,0,1,-0.2732,1,0,1,0.0,0,1,0,1.0,0.0
4b23ce0f-e6f6-4f3b-954a-2d594d805e76,Daraz,E-commerce,Karim Siddiqui,Unknown,5,2025-10-19 07:01:06,Better trading spot.. I rate excellent,better trading spot.. i rate excellent,0,6,38,0,0,0,1.0,0,0,0.765,1,0,1,0.0,0,1,0,5.0,0.0
5ec5ff81-8dd5-42f0-8f82-810b7785f4c2,Daraz,E-commerce,pavithra anorada,Unknown,5,2025-10-19 08:54:36,සුපිරි,සුපිරි,0,1,6,0,0,0,1.0,0,0,0.0,1,0,1,0.0,0,1,0,5.0,0.0
915e093b-559f-4575-920a-c1f919e2a223,Daraz,E-commerce,Burhan khan,Unknown,5,2025-10-19 09:15:49,no experience,no experience,0,2,13,0,0,0,1.0,0,0,-0.296,1,0,1,0.0,0,1,0,5.0,0.0
38f380e9-72c7-421e-9205-1a77f2de3585,Daraz,E-commerce,Nadeeka Suren,Unknown,3,2025-10-19 09:44:43,good....delivery 😊,good....delivery 😊,0,2,18,1,0,0,1.0,0,0,0.7184,1,0,1,0.0,0,1,0,3.0,0.0
2755e5ee-2721-48b1-a606-4b6e6c14f15c,Daraz,E-commerce,siraj ahmed,Unknown,5,2025-10-19 09:59:17,it's fantastic 👏 because it give big deal to the things. but the prize is little bit high,it's fantastic 👏 because it give big deal to the things. but the prize is little bit high,0,18,89,1,0,0,0.9444444444444444,1,0,0.775,1,0,1,0.0,0,1,0,5.0,0.0
40fbad8a-0954-4628-ae5a-ed1b5b8a3f8f,Daraz,E-commerce,ummehani shah,Unknown,1,2025-10-19 10:16:30,so bad service 😔,so bad service 😔,0,4,16,1,0,0,1.0,0,0,-0.4989,1,0,1,0.0,0,1,0,1.0,0.0
556c449e-9c8f-4b3b-82dc-492eac45ef88,Daraz,E-commerce,Prabodh Dewmina,Unknown,5,2025-10-19 13:16:53,supar bay,supar bay,0,2,9,0,0,0,1.0,0,0,0.0,1,0,1,0.0,0,1,0,5.0,0.0
ae23a6f3-7af9-4919-9699-b132c1cac416,Daraz,E-commerce,Md Manik,Unknown,5,2025-10-19 15:07:30,wow i like this app,wow i like this app,0,5,19,0,0,0,1.0,0,1,0.743,1,0,1,0.0,0,1,0,5.0,0.0
76442fad-5ebf-47a3-b0f0-6b1d6632aa46,Daraz,E-commerce,Abu Zar,Unknown,5,2025-10-19 15:18:13,I love this app because this app have cheap price freefire redeem codes,i love this app because this app have cheap price freefire redeem codes,0,13,71,0,0,0,0.8461538461538461,1,1,0.6369,1,0,1,0.0,0,1,0,5.0,0.0
40d5e249-51c2-457b-8e93-0b593faef245,Daraz,E-commerce,Aaradhana HB,Unknown,5,2025-10-19 16:55:05,"Best.. No definition.. Always ""best.. Best.. Best.. For me.. 🌹""","best.. no definition.. always ""best.. best.. best.. for me.. 🌹""",0,10,63,1,0,0,0.8,0,0,0.9485,1,0,1,0.0,0,1,0,5.0,0.0
84164ff4-4a3e-46c9-8681-c784b3d24d3d,Daraz,E-commerce,Shadab Hasin,Unknown,3,2025-10-19 18:40:50,nahhhh bro. it is random. sometimes it's horrible and but sometimes it's excellent. u can't really tell,nahhhh bro. it is random. sometimes it's horrible and but sometimes it's excellent. u can't really tell,0,17,103,0,0,0,0.8823529411764706,0,0,0.5859,1,0,1,0.0,0,1,0,3.0,0.0
6f791d3d-c9e4-4a21-80d4-24a5e9b2b58d,Daraz,E-commerce,Rehan Khan,Unknown,1,2025-10-19 19:17:15,The app does not support split screen mode.,the app does not support split screen mode.,0,8,43,0,0,0,1.0,0,1,-0.3089,1,0,1,0.0,0,1,0,1.0,0.0
cfbe9156-3b44-45f6-836b-2008edf3ffbd,Daraz,E-commerce,M Abdullah Ansari,Unknown,5,2025-10-19 19:43:31,bahut acchi,bahut acchi,0,2,11,0,0,0,1.0,0,1,0.0,1,0,1,0.0,0,1,0,5.0,0.0
2c205e3b-00db-490d-9f15-0fbec219a0d3,Daraz,E-commerce,Animation world,Unknown,4,2025-10-20 03:22:23,good but better on future.,good but better on future.,0,5,26,0,0,0,1.0,0,0,0.7003,1,0,1,0.0,0,1,0,4.0,0.0
bdb20470-3d29-43d3-95fa-f11cee0a6b12,Daraz,E-commerce,Riaz Uddin Badha,Unknown,2,2025-10-20 16:16:10,Delivery is very late. Sellers do not reply to messages... There is separate delivery charge for each product.,delivery is very late. sellers do not reply to messages... there is separate delivery charge for each product.,0,18,110,0,0,0,0.8888888888888888,0,0,0.0,1,0,1,0.0,0,1,0,2.0,0.0
e8c73db5-ea1d-4427-a793-6edf9e166c64,Daraz,E-commerce,Creative World by Abial,Unknown,4,2025-10-20 16:55:59,overall good but I don't know why picture in reviews don't open up when I click on them which is quite annoying that why rated 4,overall good but i don't know why picture in reviews don't open up when i click on them which is quite annoying that why rated 4,0,26,128,0,0,0,0.8846153846153846,0,0,-0.4659,1,0,1,0.0,0,1,0,4.0,0.0
53179597-e45a-4edc-bbc7-571aa05cc6fe,Daraz,E-commerce,AHMED KHAN SAADMAN,Unknown,4,2025-10-20 19:19:22,lowered rating behavior didnot match,lowered rating behavior didnot match,0,5,36,0,0,0,1.0,0,0,-0.128,1,0,1,0.0,0,1,0,4.0,0.0
c5c8f8ff-1a73-4b2f-97ba-b807437875ff,Daraz,E-commerce,Shadman Hafiz Khan,Unknown,5,2025-10-20 20:24:34,Do I really need to say something?...,do i really need to say something?...,0,7,37,0,0,0,1.0,0,0,0.0,1,0,1,0.0,0,1,0,5.0,0.0
e615b7d9-b86b-4038-b59d-00037e8a10f0,Daraz,E-commerce,Shiekh Nadeem,Unknown,5,2025-10-20 20:46:36,beads wex l,beads wex l,0,3,11,0,0,0,1.0,0,0,0.4588,1,0,1,0.0,0,1,0,5.0,0.0
5686cabc-d15c-4657-84ff-99839cb384ed,Daraz,E-commerce,Arshadul Haque Safwan,Unknown,5,2025-10-20 21:38:16,Alhamdulillah 🌻,alhamdulillah 🌻,0,2,15,1,0,0,1.0,0,0,0.0,1,0,1,0.0,0,1,0,5.0,0.0
35861275-98eb-4690-b65d-e80651fd83fd,Daraz,E-commerce,Imtyaz Hussain,Unknown,5,2025-10-20 23:07:38,Imtiaz Hussain Shah,imtiaz hussain shah,0,3,19,0,0,0,1.0,0,0,0.0,1,0,1,0.0,0,1,0,5.0,0.0
cee6005b-3248-40cb-89b1-120d6cec53e2,Daraz,E-commerce,Ajit Singh,Unknown,3,2025-10-21 00:12:44,This app is very nice for online order but please add delivery location siraha bajar also . many customers are facing problems ot order any products.,this app is very nice for online order but please add delivery location siraha bajar also . many customers are facing problems ot order any products.,0,26,149,0,0,0,0.9615384615384616,0,1,0.1145,1,0,1,0.0,0,1,0,3.0,0.0
aaf5f445-c263-4cde-938b-bf79a647bd13,Daraz,E-commerce,NAFIZ IQBAL,Unknown,5,2025-10-21 03:51:02,ভুব'ই ভালো একটা অ্যাপ।☺️❤️,ভুব'ই ভালো একটা অ্যাপ।☺️❤️,0,4,26,0,0,0,1.0,0,0,0.4588,1,0,1,0.0,0,1,0,5.0,0.0
068e71e0-013e-498e-b1d6-57cca70d9f27,Daraz,E-commerce,Nishan Sapkota,Unknown,5,2025-10-21 04:16:39,price is so different from shown,price is so different from shown,0,6,32,0,0,0,1.0,0,0,0.0,1,0,1,0.0,0,1,0,5.0,0.0
8bc1bf71-f2d2-46fb-8c71-6542ffb5c614,Daraz,E-commerce,Waqar Ali,Unknown,1,2025-10-21 05:29:00,"mostly fake items, sellers are totally dishonest","mostly fake items, sellers are totally dishonest",0,7,48,0,0,0,1.0,0,0,-0.796,1,0,1,0.0,0,1,0,1.0,0.0
02c57479-18f2-4afc-98e5-a03ca6d56f36,Daraz,E-commerce,Rehana Nisar,Unknown,5,2025-10-21 05:41:00,it's very good 👍,it's very good 👍,0,4,16,1,0,0,1.0,0,0,0.4927,1,0,1,0.0,0,1,0,5.0,0.0
7de1d0cf-011b-4b92-9e89-884709153103,Daraz,E-commerce,Md. Mehaz,Unknown,1,2025-10-21 06:30:45,আপনাদের ডেলিভারী চার্জ এতো বেশি। মারাত্মক। ডাকাতি শুরু করছেন আপনারা। পিকআপ পয়েন্টে আগে ছিল ফ্রি তারপর 15 তারপর 25 এখন 140 । এগুলো বন্ধ করেন।,আপনাদের ডেলিভারী চার্জ এতো বেশি। মারাত্মক। ডাকাতি শুরু করছেন আপনারা। পিকআপ পয়েন্টে আগে ছিল ফ্রি তারপর 15 তারপর 25 এখন 140 । এগুলো বন্ধ করেন।,0,25,140,0,0,0,0.96,0,0,0.0,1,0,1,0.0,0,1,0,1.0,0.0
80673936-685d-44d1-af4a-a53f74c1d8e8,Daraz,E-commerce,Good Witch,Unknown,2,2025-10-21 08:11:00,The new update is terrible. Can't even see the buyers experience anymore.,the new update is terrible. can't even see the buyers experience anymore.,0,12,73,0,0,0,0.9166666666666666,0,0,-0.4767,1,0,1,0.0,0,1,0,2.0,0.0
93e4869b-a480-4549-8cc5-c718f556857e,Daraz,E-commerce,Ranaka Siriwardana,Unknown,1,2025-10-21 08:39:17,"I just downloaded Daraz. First time user. It sucks that they don't offer any benefits for first time users, for the first order in any way. (Free vouchers/ first order free delivery, etc.) Most other shopping apps do. BOO!! 🙄👎","i just downloaded daraz. first time user. it sucks that they don't offer any benefits for first time users, for the first order in any way. (free vouchers/ first order free delivery, etc.) most other shopping apps do. boo!! 🙄👎",1,40,226,2,0,1,0.825,1,1,0.5423,1,0,1,0.0,0,1,1,1.0,0.0
850385e1-fd16-4c40-89af-35efb8bf701f,Daraz,E-commerce,Muhammad Junaid,Unknown,1,2025-10-21 09:31:31,fake products,fake products,0,2,13,0,0,0,1.0,0,0,-0.4767,1,0,1,0.0,0,1,0,1.0,0.0
6b3df89a-1ae2-43af-b57b-5eed51e37232,Daraz,E-commerce,Tasnimul Hasan,Unknown,1,2025-10-21 10:00:16,"পেমেন্ট মেথড ঠিক মতো কাজ করে না। ক্যাশ অন ডেলিভারিতে ২০ টাকা অতিরিক্ত চার্জ আদায করে। ডেক্সে কালেকশন অপশন আগে দিতো, এখন সেটা নাই। শিপিং চার্জ অনেক বেশি","পেমেন্ট মেথড ঠিক মতো কাজ করে না। ক্যাশ অন ডেলিভারিতে ২০ টাকা অতিরিক্ত চার্জ আদায করে। ডেক্সে কালেকশন অপশন আগে দিতো, এখন সেটা নাই। শিপিং চার্জ অনেক বেশি",0,28,151,0,0,0,0.9642857142857143,0,0,0.0,1,0,1,0.0,0,1,0,1.0,0.0
319ad3d4-0923-4712-8a92-7f7625c95cb7,Daraz,E-commerce,Shakib,Unknown,1,2025-10-21 10:48:23,daraj theke kew order korben na. era bua mal dey. ami order korechi delivery man amake parcel khultei dilo na bole khullei nite hobe. eta kono kotha!. ami product ta check kore nibo na?. ami jani daraj ekta pro*tarok.,daraj theke kew order korben na. era bua mal dey. ami order korechi delivery man amake parcel khultei dilo na bole khullei nite hobe. eta kono kotha!. ami product ta check kore nibo na?. ami jani daraj ekta pro*tarok.,0,39,217,0,0,0,0.8974358974358975,0,0,0.0,1,0,1,0.0,0,1,0,1.0,0.0
3c5b7287-6b13-47cb-a01f-fcce853962d4,Daraz,E-commerce,AbdurRohman Mofizuddin,Unknown,1,2025-10-21 11:21:34,daraz sell fake product. in my first order i get fake product 👎👎👎👎,daraz sell fake product. in my first order i get fake product 👎👎👎👎,0,13,66,4,0,0,0.9230769230769231,0,0,-0.7351,1,0,1,0.0,0,1,0,1.0,0.0
14054acf-04d8-4d3e-a050-2bd16a12a5e4,Daraz,E-commerce,Md Shakil Miah,Unknown,5,2025-10-21 11:28:06,Bangladesh Best Online Shopping in Daraz❤️🥰,bangladesh best online shopping in daraz❤️🥰,0,6,43,1,0,0,1.0,0,0,0.91,1,0,1,0.0,0,1,0,5.0,0.0
6e7a9f80-646e-4af7-9c12-c88dfcf871e2,Daraz,E-commerce,Ridhiya Neha,Unknown,2,2025-10-21 12:06:24,কয়দিন হলো খেয়াল করলাম প্রডাক্টের রিভিউ শো করছে না..,কয়দিন হলো খেয়াল করলাম প্রডাক্টের রিভিউ শো করছে না..,0,9,52,0,0,0,1.0,0,0,0.0,1,0,1,0.0,0,1,0,2.0,0.0
9035283e-bb96-4d2e-974a-4905e4f3c81e,Daraz,E-commerce,MD Manik,Unknown,5,2025-10-21 12:18:02,Daraz made our shopping easy. Thanks a lot to Daraz for that.,daraz made our shopping easy. thanks a lot to daraz for that.,0,12,61,0,0,0,0.9166666666666666,0,0,0.7003,1,0,1,0.0,0,1,0,5.0,0.0
f843483f-df5c-4f29-b758-89cd2cc155ac,Daraz,E-commerce,Animate Bangla,Unknown,1,2025-10-21 12:24:30,"This is a complete mess, a few days ago the delivery charge was 55 taka but now it is 150 taka.","this is a complete mess, a few days ago the delivery charge was 55 taka but now it is 150 taka.",0,21,95,0,0,0,0.9047619047619048,0,0,-0.1901,1,0,1,0.0,0,1,0,1.0,0.0
bb2f909f-193e-4c7a-8b40-f26932a18053,Daraz,E-commerce,Safdar Khan,Unknown,5,2025-10-21 14:45:42,Safdar Lashari,safdar lashari,0,2,14,0,0,0,1.0,0,0,0.0,1,0,1,0.0,0,1,0,5.0,0.0
1fed2f5e-0f81-4428-b93b-e2333501b3f7,Daraz,E-commerce,amin jk,Unknown,2,2025-10-21 15:21:46,ূূwereল রঙের ছোঁয়া ছোঁয়া ং,ূূwereল রঙের ছোঁয়া ছোঁয়া ং,0,5,26,0,0,0,0.8,0,0,0.0,1,0,1,0.0,0,1,0,2.0,0.0
a3f95545-1045-4946-8c49-6cbd368a6c7b,Daraz,E-commerce,maksud oneplus1982,Unknown,1,2025-10-21 15:28:38,too bad,too bad,0,2,7,0,0,0,1.0,0,0,-0.5423,1,0,1,0.0,0,1,0,1.0,0.0
6037f6d0-302b-40b5-99bc-bdbc31611204,Daraz,E-commerce,J M N N S JAYASINGHE,Unknown,5,2025-10-21 15:36:59,Super🔥🔥🔥🔥🔥,super🔥🔥🔥🔥🔥,0,1,10,5,0,0,1.0,0,0,-0.7269,1,0,1,0.0,0,1,1,5.0,0.0
5dc97227-a978-489a-ac18-b067f2754101,Daraz,E-commerce,Sumieya Khaskeli,Unknown,3,2025-10-21 15:56:55,it's a good app my all order items is best💯,it's a good app my all order items is best💯,0,10,43,1,0,0,1.0,0,1,0.7964,1,0,1,0.0,0,1,0,3.0,0.0
f43d3c9b-41e7-490c-bf26-97b6a2e6b93b,Daraz,E-commerce,Mahmuda Akter,Unknown,3,2025-10-21 17:03:08,you shoukd always keep cash on delivery on,you shoukd always keep cash on delivery on,0,8,42,0,0,0,0.875,0,0,0.0,1,0,1,0.0,0,1,0,3.0,0.0
6d6c2c43-fdc0-41eb-9e18-b412acb51a01,Daraz,E-commerce,Maskat Sharif,Unknown,1,2025-10-21 17:07:09,Bro why do you guys add separate delivery charges with each and every product when i am ordering items from the same application???,bro why do you guys add separate delivery charges with each and every product when i am ordering items from the same application???,0,23,131,0,0,0,1.0,0,1,-0.3899,1,0,1,0.0,0,1,0,1.0,0.0
e6c7fbac-6086-4f39-96e0-c7c52e885c65,Daraz,E-commerce,Anabi Jahid,Unknown,1,2025-10-21 17:07:47,Your seller is too rude to customers. They give us review service and if we don't like the product they insult us. Even use bad words,your seller is too rude to customers. they give us review service and if we don't like the product they insult us. even use bad words,0,26,133,0,0,0,0.9615384615384616,0,0,-0.8981,1,0,1,0.0,0,1,0,1.0,0.0
e2558d9c-c441-4601-ae13-8af9b57e5d6d,Daraz,E-commerce,Pramila Rai,Unknown,1,2025-10-21 20:50:35,aee muji lado jasto chappal haru xa 🤦,aee muji lado jasto chappal haru xa 🤦,0,8,37,1,0,0,1.0,0,1,0.0,1,0,1,0.0,0,1,0,1.0,0.0
cf2c2d46-aa64-40ec-8c8d-1122d8de56c8,Daraz,E-commerce,Fahad Farooqi,Unknown,1,2025-10-22 02:04:36,I am unable to remove an item from the wishlist.,i am unable to remove an item from the wishlist.,0,10,48,0,0,0,1.0,0,0,0.0,1,0,1,0.0,0,1,0,1.0,0.0
6842f1c5-26e5-4633-86bd-9dffd6b05466,Daraz,E-commerce,Gsdjuj Ddehhy,Unknown,5,2025-10-22 02:25:21,wow amazing appp,wow amazing appp,0,3,16,0,0,0,1.0,0,1,0.8225,1,0,1,0.0,0,1,0,5.0,0.0
ea259613-6d5a-4bba-bb49-0270d4cfa9ae,Daraz,E-commerce,CLASSIC ANGLE FF!!,Unknown,1,2025-10-22 03:20:06,it leakes you information and your add to cart information to other apps,it leakes you information and your add to cart information to other apps,0,13,72,0,0,0,0.8461538461538461,0,1,0.0,1,0,1,0.0,0,1,0,1.0,0.0
b2442c50-d25f-4a28-9f9e-4502e279de9b,Daraz,E-commerce,Abdul Nafay,Unknown,1,2025-10-22 10:06:32,this is very bad platform for shopping,this is very bad platform for shopping,0,7,38,0,0,0,1.0,0,0,-0.5849,1,0,1,0.0,0,1,0,1.0,0.0
1ffbd6f4-1b6e-477c-84a1-8f3c17e89498,Daraz,E-commerce,Nure Siddique,Unknown,5,2025-10-22 10:29:29,Very good for affiliates,very good for affiliates,0,4,24,0,0,0,1.0,0,0,0.4927,1,0,1,0.0,0,1,0,5.0,0.0
5ac397c2-d16b-41d3-82a8-bac0a243a3a2,Daraz,E-commerce,Addy Janjua,Unknown,3,2025-10-22 11:07:00,Glitch which we cannot see images .,glitch which we cannot see images .,1,7,35,0,0,0,1.0,0,0,0.0,1,0,1,0.0,0,1,0,3.0,0.0
babb5635-a4ad-4cff-8f31-167d1e5e89c5,Daraz,E-commerce,Zaighum Abbas,Unknown,1,2025-10-22 11:58:17,Poor service. I ordered two things and got one. I want refund. Shame on you guys and the reason is you don't have reliable sellers,poor service. i ordered two things and got one. i want refund. shame on you guys and the reason is you don't have reliable sellers,0,25,130,0,0,0,0.88,0,0,-0.7096,1,0,1,0.0,0,1,0,1.0,0.0
793614d8-6d17-452d-ad76-6a8222c61be6,Daraz,E-commerce,Sunita Rps,Unknown,1,2025-10-22 12:05:04,Worst app I have ever seen.,worst app i have ever seen.,0,6,27,0,0,0,1.0,0,1,-0.6249,1,0,1,0.0,0,1,0,1.0,0.0
82c1d78f-1ed3-4d87-88f5-81fd205ed98d,Daraz,E-commerce,Ali Khan,Unknown,1,2025-10-22 13:05:45,Saman tuta hua tha ⚠️⚠️⚠️⚠️,saman tuta hua tha ⚠️⚠️⚠️⚠️,0,5,27,0,0,0,1.0,0,0,0.0,1,0,2,0.0,0,1,0,3.0,2.8284271247461903
55da7d00-c49c-49a4-8873-8fa8496c32b5,Daraz,E-commerce,Milon Ali,Unknown,1,2025-10-22 13:38:14,এক দম ফালতু সব ফালতু খারাব ১ স্টার অ দেয়া উচিৎ না ফালতু ঠক বাটপার,এক দম ফালতু সব ফালতু খারাব ১ স্টার অ দেয়া উচিৎ না ফালতু ঠক বাটপার,0,15,65,0,0,0,0.8666666666666667,0,0,0.0,1,0,1,0.0,0,1,0,1.0,0.0
5b8b17c2-45c4-4239-a320-dfed8ba729ef,Daraz,E-commerce,suraj chamikara,Unknown,5,2025-10-22 14:03:36,best online shopping app i have ever seen in Sri Lanka ❤️,best online shopping app i have ever seen in sri lanka ❤️,0,12,57,0,0,0,1.0,0,1,0.6369,1,0,1,0.0,0,1,0,5.0,0.0
4ed26e26-9537-43df-9594-bc7e0b25e277,Daraz,E-commerce,Moiz Jadoon,Unknown,5,2025-10-22 18:02:07,zaberdast,zaberdast,0,1,9,0,0,0,1.0,0,0,0.0,1,0,1,0.0,0,1,0,5.0,0.0
8df8cab8-1c01-42d4-9417-f8a5f6f72692,Daraz,E-commerce,M Adnan Shabir,Unknown,2,2025-10-22 19:27:51,Ab ek new problem shuro ho gayi he k product favourites me save to ho rahi he lekin remove nahi ho rahi.,ab ek new problem shuro ho gayi he k product favourites me save to ho rahi he lekin remove nahi ho rahi.,70,22,104,0,0,0,0.8636363636363636,0,1,0.128,1,0,1,0.0,0,1,0,2.0,0.0
9dfef854-5aca-4ba0-8256-a80896f6423d,Daraz,E-commerce,Facts By Aman Ali,Unknown,1,2025-10-22 19:52:41,میرے اب تک تین آرڈر کینسل ہوچکے ہیں اور پیسے بھی پہلے وصول کرلیے گئے تھے ابھی تک نہ پیسے واپس دیے گئے نہ ہی مجھے آرڈر موصول ہوا کمپلینٹ بھی کرچکا ہوں,میرے اب تک تین آرڈر کینسل ہوچکے ہیں اور پیسے بھی پہلے وصول کرلیے گئے تھے ابھی تک نہ پیسے واپس دیے گئے نہ ہی مجھے آرڈر موصول ہوا کمپلینٹ بھی کرچکا ہوں,0,33,149,0,0,0,0.8181818181818182,0,0,0.0,1,0,1,0.0,0,1,0,1.0,0.0
e0654010-d19c-443a-9eb3-ab8820263f1f,Daraz,E-commerce,Muhammad Azeem,Unknown,4,2025-10-22 23:46:26,"frequent orders declined message received, despite payment through credit card.","frequent orders declined message received, despite payment through credit card.",0,10,79,0,0,0,1.0,0,0,-0.2924,1,0,1,0.0,0,1,0,4.0,0.0
3be4b170-9e20-4043-90fd-eeee14c9adfd,Daraz,E-commerce,Muhammad Usman,Unknown,1,2025-10-23 05:03:05,"Customer care option is useless, you can't reach humans, and now chatbot is also not responding.","customer care option is useless, you can't reach humans, and now chatbot is also not responding.",20,16,96,0,0,0,0.9375,0,0,0.0839,1,0,1,0.0,0,1,0,1.0,0.0
374dc5b4-7293-4a7c-80a0-9dc9eb58741c,Daraz,E-commerce,Tehzeeb 2016,Unknown,5,2025-10-23 06:26:34,Thank you daraz download daraz daraz marvelous app download now thank you,thank you daraz download daraz daraz marvelous app download now thank you,0,12,73,0,0,0,0.5833333333333334,1,1,0.836,1,0,1,0.0,0,1,0,5.0,0.0
27d37ec6-f26e-4bf0-9d03-38ae6e4042eb,Daraz,E-commerce,Sabbir Ahmed Showrov,Unknown,1,2025-10-23 06:37:27,your services very low quality for delay delivery process....experience very bad😡,your services very low quality for delay delivery process....experience very bad😡,0,11,81,1,0,0,0.9090909090909091,0,0,-0.8169,1,0,1,0.0,0,1,0,1.0,0.0
beb401ba-91c0-4a8f-b768-394efb019a43,Daraz,E-commerce,Mahmuda Akter Sumi,Unknown,5,2025-10-23 06:58:24,I am satisfied with Daraz 🙂🙂,i am satisfied with daraz 🙂🙂,0,6,28,2,0,0,1.0,0,0,0.8028,1,0,1,0.0,0,1,0,5.0,0.0
6d4fa12c-ac19-4beb-abee-05e9d386febe,Daraz,E-commerce,Sooriya Bandara,Unknown,5,2025-10-23 08:28:28,Daraz of best online shopping app 😍,daraz of best online shopping app 😍,0,7,35,1,0,0,1.0,0,1,0.802,1,0,1,0.0,0,1,0,5.0,0.0
4213bf88-a7e2-4f04-96f4-9bcba320bada,Daraz,E-commerce,Amir silachi,Unknown,5,2025-10-23 08:54:00,love 💕 one,love 💕 one,0,3,10,1,0,0,1.0,0,0,0.8591,1,0,1,0.0,0,1,0,5.0,0.0
41ecd077-4e7f-438f-8533-171d82ac8cda,Daraz,E-commerce,Samiya fatema,Unknown,2,2025-10-23 09:50:11,delivery charge is very high.,delivery charge is very high.,0,5,29,0,0,0,1.0,0,0,0.0,1,0,1,0.0,0,1,0,2.0,0.0
2d7b213b-7c2d-47db-95f7-a11595b766cf,Daraz,E-commerce,Thusha Thushanthan,Unknown,4,2025-10-23 10:16:42,Ok super 😄😄😄😄,ok super 😄😄😄😄,0,3,13,4,0,0,1.0,0,0,0.9779,1,0,1,0.0,0,1,0,4.0,0.0
b199b2b5-85c7-40b4-a928-bb8d99b4138b,Daraz,E-commerce,Shahida Usman,Unknown,1,2025-10-23 11:46:22,extremely poor service. dont deserve even a single star.,extremely poor service. dont deserve even a single star.,0,9,56,0,0,0,1.0,0,0,-0.5256,1,0,1,0.0,0,1,0,1.0,0.0
50ddab6b-ac82-4dd5-b107-c6dd8b7310d0,Daraz,E-commerce,Rai Ece2021,Unknown,1,2025-10-23 12:12:31,DO 🚫 NOT ORDER FROM DARAZ. کمپنیاں اچھی کوالٹی کی مال دکھا کر ۔ فیکٹ مال بھیجتے ہیں باقی اپ لوگ مرضی,do 🚫 not order from daraz. کمپنیاں اچھی کوالٹی کی مال دکھا کر ۔ فیکٹ مال بھیجتے ہیں باقی اپ لوگ مرضی,0,22,100,1,0,5,0.9545454545454546,0,0,0.0,1,0,1,0.0,0,1,0,1.0,0.0
b9686a47-78eb-44dd-9235-56eb1df027ef,Daraz,E-commerce,Awais fiaz,Unknown,1,2025-10-23 12:13:15,Can't really open review images this problem is consistent with this app also they don't keep quality check on sellers they should penalize them if seller doesn't deliver what they claim in product specs,can't really open review images this problem is consistent with this app also they don't keep quality check on sellers they should penalize them if seller doesn't deliver what they claim in product specs,1,34,203,0,0,0,0.9117647058823529,0,1,-0.481,1,0,1,0.0,0,1,0,1.0,0.0
6c7394e9-cdc8-4143-89ac-1e05260729be,Daraz,E-commerce,Taki Kun,Unknown,1,2025-10-23 12:30:58,total scam,total scam,0,2,10,0,0,0,1.0,0,0,-0.6115,1,0,1,0.0,0,1,0,1.0,0.0
968e3deb-c385-4a4c-b0c6-4e698cf0044f,Daraz,E-commerce,Skibidi Dop Dop,Unknown,1,2025-10-23 14:01:52,such a waste nowadays there is no cash on delivery available so it is not nice and waste of time,such a waste nowadays there is no cash on delivery available so it is not nice and waste of time,0,20,96,0,0,0,0.9,0,0,-0.6124,1,0,1,0.0,0,1,0,1.0,0.0
679d4964-55c0-46cc-8a41-890806481c3e,Daraz,E-commerce,Mirza Shahid,Unknown,1,2025-10-23 15:16:06,too much ads,too much ads,0,3,12,0,0,0,1.0,0,0,0.0,1,0,1,0.0,0,1,0,1.0,0.0
088aa7c7-89f9-47fe-a3ba-ae6b69f538fa,Daraz,E-commerce,Nushrat Ferdous Labonno,Unknown,1,2025-10-23 16:31:38,I have ordered too many things from this app.But now a days it has stop showing me the customers reviews.Like how am I suppose to know either the product is worthy or not??,i have ordered too many things from this app.but now a days it has stop showing me the customers reviews.like how am i suppose to know either the product is worthy or not??,0,33,172,0,0,0,0.9393939393939394,0,1,0.264,1,0,1,0.0,0,1,0,1.0,0.0
cd1333ab-0d63-4cde-bff7-6fda2339bc8c,Daraz,E-commerce,Sami Kashmiri,Unknown,1,2025-10-23 17:14:21,Daraz fake app,daraz fake app,0,3,14,0,0,0,1.0,0,1,-0.4767,1,0,1,0.0,0,1,0,1.0,0.0
b491b574-6a6d-4d17-a310-780fa4b4d587,Daraz,E-commerce,Droopy Rover,Unknown,1,2025-10-23 17:16:47,buht bura experience hai daraz app ko use krne ka picture hi load nai Hoti or Jo logo ne review me pics show ki Hoti hain wo b load ni hoti,buht bura experience hai daraz app ko use krne ka picture hi load nai hoti or jo logo ne review me pics show ki hoti hain wo b load ni hoti,0,31,139,0,0,0,0.9032258064516129,0,1,0.0,1,0,1,0.0,0,1,0,1.0,0.0
5d7d3703-73f9-45de-96d7-800b341721df,Daraz,E-commerce,Syed Hassan Sarfraz,Unknown,5,2025-10-23 17:51:17,My go to shopping online app. Literally the best of best. It is like an Amazon of Pakistan. Easy returns easy refunds. Great Products. Thank you Daraz Team.,my go to shopping online app. literally the best of best. it is like an amazon of pakistan. easy returns easy refunds. great products. thank you daraz team.,1,28,156,0,0,0,0.9285714285714286,0,1,0.975,1,0,1,0.0,0,1,0,5.0,0.0
c99997fe-f07a-414d-89be-d5867da4f7a7,Daraz,E-commerce,Mian Umair indher,Unknown,1,2025-10-23 17:56:55,Scammer App too scam,scammer app too scam,0,4,20,0,0,0,1.0,0,1,-0.5719,1,0,1,0.0,0,1,0,1.0,0.0
7b96f730-6fe1-4af9-a69d-5978f4f6724f,Daraz,E-commerce,Umar Khan Umar Khan,Unknown,1,2025-10-24 00:23:51,👎👎👎👎👎👎👎👎👎,👎👎👎👎👎👎👎👎👎,0,1,9,9,0,0,1.0,0,0,0.0,1,0,1,0.0,0,1,0,1.0,0.0
8f2687d5-42fa-4a5b-9538-a77276c03526,Daraz,E-commerce,Imran M,Unknown,4,2025-10-24 00:59:51,Its taking too much time to open photos in reviews. Plz fix it,its taking too much time to open photos in reviews. plz fix it,0,13,62,0,0,0,1.0,0,0,0.0772,1,0,1,0.0,0,1,0,4.0,0.0
139151ef-42b0-4f2c-918f-12836ee52464,Daraz,E-commerce,Zubair Khan,Unknown,2,2025-10-24 02:16:18,Not showing images in review section very disapointing,not showing images in review section very disapointing,0,8,54,0,0,0,1.0,0,0,0.0,1,0,1,0.0,0,1,0,2.0,0.0
53b384ad-6505-4d42-b874-ec1a88e163b7,Daraz,E-commerce,Kamrul Islam,Unknown,5,2025-10-24 03:16:31,best shopping app,best shopping app,0,3,17,0,0,0,1.0,0,1,0.6369,1,0,1,0.0,0,2,0,5.0,0.0
d3778f49-a2a6-4c07-b46f-ebc9de351b4c,Daraz,E-commerce,MD ainul Sk,Unknown,5,2025-10-24 03:37:26,Soping er jonno best ekta said,soping er jonno best ekta said,0,6,30,0,0,0,1.0,0,0,0.6369,1,0,1,0.0,0,1,0,5.0,0.0
e37cbd15-350e-4a23-95b0-92d4524dcaac,Daraz,E-commerce,MD Rizan Ahmed,Unknown,5,2025-10-24 04:01:12,This is actually best.,this is actually best.,0,4,22,0,0,0,1.0,0,0,0.6369,1,0,1,0.0,0,1,0,5.0,0.0
4dcf7c65-ee0b-4fe4-8a46-897970fde260,Daraz,E-commerce,Shahriar,Unknown,2,2025-10-24 04:33:15,beautiful,beautiful,1,1,9,0,0,0,1.0,0,0,0.5994,1,0,1,0.0,0,2,1,2.0,0.0
0d50f8ca-b69e-4619-8d94-d061d1f7ee1e,Daraz,E-commerce,Sajawal Qureshi,Unknown,5,2025-10-24 04:39:57,best quality,best quality,0,2,12,0,0,0,1.0,0,0,0.6369,1,0,1,0.0,0,1,0,5.0,0.0
fde8238c-b7f6-4ac6-a6c4-230ee94a97bd,Daraz,E-commerce,Foyej Ahmed,Unknown,2,2025-10-24 05:52:31,"Daraz Developers have to solve review section image loading problem. When we click photos opened photo looks a black image , it takes to much time to load","daraz developers have to solve review section image loading problem. when we click photos opened photo looks a black image , it takes to much time to load",0,28,154,0,0,0,0.8928571428571429,0,0,-0.2263,1,0,1,0.0,0,1,0,2.0,0.0
2d77364d-6c66-4e68-b5fb-e8d4e1da7381,Daraz,E-commerce,Md Omor Faruk,Unknown,1,2025-10-24 06:20:09,previously we can see others reviews. but after the update we can't see people's reviews and comments. fix this!!,previously we can see others reviews. but after the update we can't see people's reviews and comments. fix this!!,2,19,113,0,0,0,0.8947368421052632,0,0,0.0,1,0,1,0.0,0,1,0,1.0,0.0
1a5e8ec1-10ee-44ef-a9ba-0b4631a252a2,Daraz,E-commerce,Baba Jan,Unknown,2,2025-10-24 06:29:30,Daraz app please brother Balochistan ganj location download please Daraz app,daraz app please brother balochistan ganj location download please daraz app,0,11,76,0,0,0,0.7272727272727273,1,1,0.5574,1,0,1,0.0,0,1,1,2.0,0.0
cf10c907-75b7-46fd-b87a-d3bbefad9fd6,Daraz,E-commerce,Samiya Sultana,Unknown,5,2025-10-24 08:27:02,দারাজে এখন পন্যের রিভিউ দেখা যায় না কেনো?,দারাজে এখন পন্যের রিভিউ দেখা যায় না কেনো?,1,8,41,0,0,0,1.0,0,0,0.0,1,0,1,0.0,0,1,0,5.0,0.0
d68ceef0-8efb-49de-8292-8c8be5df99b9,Daraz,E-commerce,Adil akhatar Adil akhatar,Unknown,5,2025-10-24 08:36:22,Adilakhatar,adilakhatar,0,1,11,0,0,0,1.0,0,0,0.0,1,0,1,0.0,0,1,0,5.0,0.0
a97b8596-27ff-43d5-ab78-5774f1ee2c15,Daraz,E-commerce,Tazin Tarannum,Unknown,1,2025-10-24 09:21:43,Where is rating and reviews went? without those how people will find you reliable?,where is rating and reviews went? without those how people will find you reliable?,0,14,82,0,0,0,1.0,0,0,0.0,1,0,1,0.0,0,1,0,1.0,0.0
8a71e45b-2eba-47c8-b088-cb7661eea3f2,Daraz,E-commerce,Tasleem,Unknown,5,2025-10-24 09:32:44,WAHAB RAJPOOT BRAND,wahab rajpoot brand,0,3,19,0,0,3,1.0,0,0,0.0,1,0,1,0.0,0,1,0,5.0,0.0
91f2102b-1edf-4555-be94-3eb1fa9b5040,Daraz,E-commerce,Fahad Rajpoot,Unknown,3,2025-10-24 09:57:46,The app is Good but there is always a problem in loading pics of reviews even if all the apps and internet is running smoothly but you need to wait for minutes to open even a single pic.,the app is good but there is always a problem in loading pics of reviews even if all the apps and internet is running smoothly but you need to wait for minutes to open even a single pic.,0,38,186,0,0,0,0.8157894736842105,0,1,-0.3818,1,0,1,0.0,0,1,0,3.0,0.0
ac7f728c-220c-4513-86f4-e0b18cf14de9,Daraz,E-commerce,Abu Hasnat Shourov,Unknown,2,2025-10-24 10:24:39,It's useless after the update. Change it as soon as possible.,it's useless after the update. change it as soon as possible.,0,11,61,0,0,0,0.9090909090909091,0,0,-0.4215,1,0,1,0.0,0,1,0,2.0,0.0
a0595fb2-8a82-4472-87d4-813160f58909,Daraz,E-commerce,Saran Saran,Unknown,5,2025-10-24 10:37:15,super👌👌👌,super👌👌👌,0,1,8,3,0,0,1.0,0,0,0.9694,1,0,1,0.0,0,1,0,5.0,0.0
9f78e212-23ea-4fe2-8f94-bce3d5feec1a,Daraz,E-commerce,Zahid Iqbal,Unknown,5,2025-10-24 10:37:38,so good and quick order placed,so good and quick order placed,0,6,30,0,0,0,1.0,0,0,0.4927,1,0,1,0.0,0,1,0,5.0,0.0
4a9635b0-b73f-4d00-afcc-03cdc1de75a1,Daraz,E-commerce,Wind Breaker,Unknown,3,2025-10-24 11:19:11,"After clicking photos in reviews to see full screen photo it doesn't show photos, only blank page. Photo doesn't load when it click into photo to see full screen. Internet is fine. This is app's problem.","after clicking photos in reviews to see full screen photo it doesn't show photos, only blank page. photo doesn't load when it click into photo to see full screen. internet is fine. this is app's problem.",0,36,203,0,0,0,0.7777777777777778,0,1,-0.2263,1,0,1,0.0,0,1,0,3.0,0.0
9601c675-c253-4037-8dfd-d77902deec4f,Daraz,E-commerce,Ttrrr,Unknown,5,2025-10-24 11:20:12,This is so good 💯,this is so good 💯,0,5,17,1,0,0,1.0,0,0,0.5777,1,0,1,0.0,0,1,0,5.0,0.0
daa962e1-7839-44ad-a20a-bc08412171c3,Daraz,E-commerce,MD HIMEL RANA,Unknown,1,2025-10-24 11:51:45,after October 24 😆 review options tule nice vai product ki dekhe kinbo ...tora 😆 ki pagol naki ata calu kor Vai plz Ami kicu kinte trust passi na,after october 24 😆 review options tule nice vai product ki dekhe kinbo ...tora 😆 ki pagol naki ata calu kor vai plz ami kicu kinte trust passi na,0,29,145,2,0,0,0.896551724137931,0,0,0.886,1,0,1,0.0,0,1,1,1.0,0.0
9ad55c5d-0b87-48ff-8a46-86eaecb17622,Daraz,E-commerce,Malik Tahir,Unknown,5,2025-10-24 12:35:04,i like it,i like it,0,3,9,0,0,0,1.0,0,0,0.3612,1,0,1,0.0,0,2,0,5.0,0.0
98e24702-2a2b-44e3-8848-4d419ebf0e9a,Daraz,E-commerce,sh bhallah,Unknown,1,2025-10-24 14:04:39,"Customers money/purchases are not safe at this app. I bought 2 headphones and paid full amount but when i opened the package there was only 1, I lodge a complaint to daraz, but they respond nothing nothing.","customers money/purchases are not safe at this app. i bought 2 headphones and paid full amount but when i opened the package there was only 1, i lodge a complaint to daraz, but they respond nothing nothing.",0,37,206,0,0,0,0.918918918918919,0,1,-0.5428,1,0,1,0.0,0,1,0,1.0,0.0
6832cb25-a6e9-40b0-a296-1104dd188db3,Daraz,E-commerce,Ttr Rrr,Unknown,5,2025-10-24 14:21:53,yah its good,yah its good,0,3,12,0,0,0,1.0,0,0,0.4404,1,0,1,0.0,0,1,0,5.0,0.0
ac053b47-dc5c-4f92-9434-919d56b6db63,Daraz,E-commerce,A Google user,Unknown,5,2025-10-24 14:27:25,"Good app for Daraz,💫💫💫💫💫","good app for daraz,💫💫💫💫💫",0,4,24,5,0,0,1.0,0,1,-0.5574,1,0,4,6173959.0,0,1,1,3.25,1.707825127659933
c3778aac-5a0c-4b5c-9738-6eb3d678702e,Daraz,E-commerce,Amir Sohil,Unknown,5,2025-10-24 14:30:34,❤️❤️❤️❤️,❤️❤️❤️❤️,0,1,8,0,0,0,1.0,0,0,0.0,1,0,1,0.0,0,1,0,5.0,0.0
ddc14ade-f273-4651-9c71-343bc1eff3cf,Daraz,E-commerce,Hasan 777,Unknown,1,2025-10-24 14:40:49,what a waste got scammed twice.contacted there customer support a garbage experience .they defend there scammer seller over customer,what a waste got scammed twice.contacted there customer support a garbage experience .they defend there scammer seller over customer,0,19,132,0,0,0,0.8421052631578947,0,0,-0.0258,1,0,1,0.0,0,1,0,1.0,0.0
427f8c6d-09c2-49e7-ae93-7cd2e651e199,Daraz,E-commerce,Captain Shihab,Unknown,4,2025-10-24 18:09:01,কোন প্রোডাক্টের রিভিউ ছবি দেখা যায় না কেন? কালো হয়ে থাকে লোড নেয় না বেশিরভাগ সময় এমন হয় ভালো ইন্টারনেট কানেকশন থাকার পরও,কোন প্রোডাক্টের রিভিউ ছবি দেখা যায় না কেন? কালো হয়ে থাকে লোড নেয় না বেশিরভাগ সময় এমন হয় ভালো ইন্টারনেট কানেকশন থাকার পরও,0,23,125,0,0,0,0.9565217391304348,0,0,0.0,1,0,1,0.0,0,1,0,4.0,0.0
737c56dc-7d6f-4cd3-97cc-cb1dd1ed010e,Daraz,E-commerce,Don't Find me,Unknown,2,2025-10-24 18:21:58,৭০% জিনিসপত্রই লো কোয়ালিটির এবং ডেলিভারি চার্জ এখন বেশি মনে হচ্ছে।,৭০% জিনিসপত্রই লো কোয়ালিটির এবং ডেলিভারি চার্জ এখন বেশি মনে হচ্ছে।,0,11,66,0,0,0,1.0,0,0,0.0,1,0,1,0.0,0,1,0,2.0,0.0
e143cfc3-b095-4bf3-8f87-134756a0e79e,Daraz,E-commerce,Jazib Asif,Unknown,1,2025-10-24 18:24:50,gave 5 stars previously. still a good app. but really tired of these pop up notifications and ads. specially the ads!,gave 5 stars previously. still a good app. but really tired of these pop up notifications and ads. specially the ads!,0,21,117,0,0,0,1.0,0,1,-0.562,1,0,1,0.0,0,1,0,1.0,0.0
db0683eb-fdb2-41e0-85dd-bbda404130b8,Daraz,E-commerce,Md Raton Prodhan,Unknown,3,2025-10-24 19:53:22,can't see customer reviews to buy product why??? please explain clearly,can't see customer reviews to buy product why??? please explain clearly,0,11,71,0,0,0,1.0,0,0,0.6747,1,0,1,0.0,0,1,0,3.0,0.0
f1af7f07-dedf-4529-b4f4-cb76a9945b7b,Daraz,E-commerce,Shehzad Hassan,Unknown,3,2025-10-24 22:41:53,Amazing Application But recent In this update i am facing issues in wishlist cannot remove items from the list kindly fix this,amazing application but recent in this update i am facing issues in wishlist cannot remove items from the list kindly fix this,0,22,126,0,0,0,0.9090909090909091,0,1,0.7717,1,0,1,0.0,0,1,0,3.0,0.0
eeb78ebc-1c0e-4cf2-9502-0eef49365939,Daraz,E-commerce,SHAKIB MIA,Unknown,1,2025-10-24 23:59:00,daraz er product delivery man amake khulte dey ni. bole khullei nite hobe. ami jani daraj chorr tahole kivabe bisssas korbo daraj valo product diche?,daraz er product delivery man amake khulte dey ni. bole khullei nite hobe. ami jani daraj chorr tahole kivabe bisssas korbo daraj valo product diche?,0,25,149,0,0,0,0.92,0,0,0.0,1,0,1,0.0,0,1,0,1.0,0.0
c08bb711-2e33-4bf6-8036-7804daf66399,Daraz,E-commerce,Dev kumari Rai,Unknown,5,2025-10-25 02:18:47,it is good app for people,it is good app for people,0,6,25,0,0,0,1.0,0,1,0.4404,1,0,1,0.0,0,1,0,5.0,0.0
64947283-3ac4-4942-b6c3-e1102ab8dffc,Daraz,E-commerce,Abdus Salam Sany,Unknown,2,2025-10-25 03:40:19,cant see review picture of an item in the app,cant see review picture of an item in the app,0,10,45,0,0,0,1.0,0,1,0.0,1,0,1,0.0,0,1,0,2.0,0.0
79ab56cf-563b-482a-9582-2d8e5f77bcf6,Daraz,E-commerce,Nafi Mohammad,Unknown,2,2025-10-25 04:01:50,It was a good app before. But current update make it worse. Now I couldn't see the product reviews & rating.,it was a good app before. but current update make it worse. now i couldn't see the product reviews & rating.,1,21,108,0,0,0,0.9523809523809523,0,1,-0.4939,1,0,1,0.0,0,1,0,2.0,0.0
e4e53454-582e-452f-966f-04bd2afd5614,Daraz,E-commerce,Muhammad Usman2,Unknown,5,2025-10-25 07:17:54,best app ever i had seen ❤this is to much desi app as i needed😅thnkx to the owner of this app for making it💚and waiting for kind reply🙂,best app ever i had seen ❤this is to much desi app as i needed😅thnkx to the owner of this app for making it💚and waiting for kind reply🙂,0,28,135,3,0,0,0.8214285714285714,0,1,0.9154,1,0,1,0.0,0,1,0,5.0,0.0
22c2c9a8-974b-4c2e-9f80-3f0aa0973724,Daraz,E-commerce,Shehroz Dogar,Unknown,5,2025-10-25 08:03:12,very very very good,very very very good,0,4,19,0,0,0,0.5,0,0,0.5768,1,0,1,0.0,0,1,0,5.0,0.0
6b14ff0f-52fe-4c3b-9d87-9134826b4191,Daraz,E-commerce,Naveed Khan,Unknown,5,2025-10-25 08:58:37,good 😊,good 😊,0,2,6,1,0,0,1.0,0,0,0.836,1,0,1,0.0,0,4,0,5.0,0.0
52500506-305e-4b6d-85ca-ee7b19801b5e,Daraz,E-commerce,Aslam Shahmeer,Unknown,1,2025-10-25 09:08:57,the quality of the product is not good in my case.,the quality of the product is not good in my case.,0,11,50,0,0,0,0.9090909090909091,0,0,-0.3412,1,0,1,0.0,0,1,0,1.0,0.0
b4f38c53-03da-421c-beaf-52275267ac7a,Daraz,E-commerce,awais arshad,Unknown,1,2025-10-25 10:17:10,worst customer services. full of fake sellers .. they prefer to cancel an order rather then ensuring timely delivery. waste of time.,worst customer services. full of fake sellers .. they prefer to cancel an order rather then ensuring timely delivery. waste of time.,0,22,132,0,0,0,0.9545454545454546,0,0,-0.872,1,0,1,0.0,0,1,0,1.0,0.0
e7d94ff2-2224-48fe-a782-c92f886c90b2,Daraz,E-commerce,Yasmeen Razzaq,Unknown,2,2025-10-25 11:23:08,so many notifications with network and also without network,so many notifications with network and also without network,0,9,59,0,0,0,0.8888888888888888,0,0,0.0,1,0,1,0.0,0,1,0,2.0,0.0
ee6cad17-32fd-4a87-a175-7a9f0ae2ad02,Daraz,E-commerce,Talha hai,Unknown,1,2025-10-25 11:39:52,annoying popups for promotions every time i open the app,annoying popups for promotions every time i open the app,0,10,56,0,0,0,1.0,0,1,-0.4019,1,0,1,0.0,0,1,0,1.0,0.0
319b8159-cd2f-40ee-8dfa-be4d38390489,Daraz,E-commerce,Hammad Ali,Unknown,5,2025-10-25 12:23:16,amazing app nice,amazing app nice,0,3,16,0,0,0,1.0,0,1,0.765,1,0,1,0.0,0,1,0,5.0,0.0
e978b8b5-ca62-46a5-8659-f1aeb423d2d5,Daraz,E-commerce,Hridoy Sarkar,Unknown,5,2025-10-25 12:27:01,good apps ❤️❤️❤️,good apps ❤️❤️❤️,0,3,16,0,0,0,1.0,0,1,0.4404,1,0,1,0.0,0,1,0,5.0,0.0
fc6a44c6-70b3-4bbb-ae11-78494eaa23d6,Daraz,E-commerce,Thilina Lakshana,Unknown,5,2025-10-25 12:33:30,Good App 🥰🥰💥💥❤️❤️,good app 🥰🥰💥💥❤️❤️,0,3,17,4,0,0,1.0,0,1,0.926,1,0,1,0.0,0,1,0,5.0,0.0
aa410ec1-3a1e-4209-8182-71673ccf328c,Daraz,E-commerce,Induwara Yohan,Unknown,5,2025-10-25 13:25:54,this is my first time and i'll make a review once i received the item.,this is my first time and i'll make a review once i received the item.,0,15,70,0,0,0,1.0,0,0,0.0,1,0,1,0.0,0,1,0,5.0,0.0
f6357839-0d7b-41db-ae65-794f450e01f9,Daraz,E-commerce,Huzuuu Khan,Unknown,1,2025-10-25 13:28:27,When we use cash on delivery product payment method there is about 7 percent increase in product price. I was an old user of daraz .I hate this method. Daraz is very selfish. I request daraz.pk to solve this problem.,when we use cash on delivery product payment method there is about 7 percent increase in product price. i was an old user of daraz .i hate this method. daraz is very selfish. i request daraz.pk to solve this problem.,0,40,216,0,0,1,0.875,0,0,-0.7974,1,0,1,0.0,0,1,0,1.0,0.0
b1f78707-d51a-4051-89f1-df1a16eafcc3,Daraz,E-commerce,Chathurika Dalugama,Unknown,5,2025-10-25 14:30:59,Hmmmm good,hmmmm good,0,2,10,0,0,0,1.0,0,0,0.4404,1,0,1,0.0,0,1,0,5.0,0.0
94a48ebe-58b2-4f9d-a481-880ae4a7223f,Daraz,E-commerce,Jasmine Basnet,Unknown,1,2025-10-25 14:31:35,the worst app in the world!!! placed order a month back still haven't arrived neither has the order arrived nor have I got my refund back!,the worst app in the world!!! placed order a month back still haven't arrived neither has the order arrived nor have i got my refund back!,1,26,138,0,0,0,0.8461538461538461,0,1,-0.7405,1,0,1,0.0,0,1,0,1.0,0.0
673085ee-cb66-4a6a-8f48-81e6521da984,Daraz,E-commerce,Rumesh Jayathissa,Unknown,5,2025-10-25 14:57:35,The best shopping experience,the best shopping experience,0,4,28,0,0,0,1.0,0,0,0.6369,1,0,1,0.0,0,1,0,5.0,0.0
9bfbcea4-d39f-4e0d-be06-92801e858d39,Daraz,E-commerce,Sasindu Sadaruwan,Unknown,5,2025-10-25 15:35:11,"A very good app, use it without fear.","a very good app, use it without fear.",1,8,37,0,0,0,1.0,0,1,0.7023,1,0,1,0.0,0,1,0,5.0,0.0
ec7cfaeb-3c99-4695-9b22-6055d3de371f,Daraz,E-commerce,Mahima-E-Nur Maisha,Unknown,1,2025-10-25 15:40:39,"I want my refund money. I cancelled the order 5 days earlier and still I didn't get my money I paid online by bkash. I couldn't find daraz contact number,the given number is unavailable I want my money back","i want my refund money. i cancelled the order 5 days earlier and still i didn't get my money i paid online by bkash. i couldn't find daraz contact number,the given number is unavailable i want my money back",1,39,206,0,0,0,0.7692307692307693,0,0,-0.0258,1,0,1,0.0,0,1,0,1.0,0.0
f6a85088-7fd1-41b0-9483-29259bb322f9,Daraz,E-commerce,Yousaf Koreja,Unknown,4,2025-10-25 16:18:11,good app,good app,0,2,8,0,0,0,1.0,0,1,0.4404,1,0,1,0.0,0,10,0,4.0,0.0
de35faef-b5dc-44b7-aba0-8d613a1f5acf,Daraz,E-commerce,Sinthujan baskaran,Unknown,5,2025-10-25 16:47:12,Very good at refunding,very good at refunding,0,4,22,0,0,0,1.0,0,0,0.4927,1,0,1,0.0,0,1,0,5.0,0.0
3ad0f360-d283-42a1-9653-dbae1e5af91c,Daraz,E-commerce,M RIZWAN,Unknown,5,2025-10-25 18:19:43,this app was very likeable person I know you are a good app to download it and check out the app for Android phone on the way. I'm sorry for your service and sacrifice for our Daraz Mobile,this app was very likeable person i know you are a good app to download it and check out the app for android phone on the way. i'm sorry for your service and sacrifice for our daraz mobile,0,38,188,0,0,0,0.8421052631578947,1,1,0.7089,1,0,1,0.0,0,1,0,5.0,0.0
91abb4b5-cad7-4fb2-92c7-eb136d9cc214,Daraz,E-commerce,Saranoor Toqir,Unknown,1,2025-10-25 18:34:04,this app is not working properly,this app is not working properly,0,6,32,0,0,0,1.0,0,1,0.0,1,0,1,0.0,0,1,0,1.0,0.0
782e25f9-31ae-4076-a957-cf8d08e95c59,Daraz,E-commerce,Hummera Zeeshan,Unknown,5,2025-10-25 18:51:22,That's amazing 😍😍,that's amazing 😍😍,0,3,17,2,0,0,1.0,0,0,0.8689,1,0,1,0.0,0,1,0,5.0,0.0
8d000216-1322-4e3a-8b40-fe588d9f03c5,Daraz,E-commerce,Ludo King,Unknown,1,2025-10-25 19:53:23,good app,good app,0,2,8,0,0,0,1.0,0,1,0.4404,1,0,1,0.0,0,10,0,1.0,0.0
600624ad-9d31-45f5-8dc7-f1abf6b2c7cf,Daraz,E-commerce,Hassan Jutt,Unknown,5,2025-10-26 02:07:55,Nice App,nice app,0,2,8,0,0,0,1.0,0,1,0.4215,1,0,1,0.0,0,8,0,5.0,0.0
a3a93159-4eee-4879-8a20-8bdc40e98f54,Daraz,E-commerce,Chanaka Prasad,Unknown,1,2025-10-26 02:48:42,මෙලෝ රහක් නෑ කස්ටමර් සර්විස් අපිට කොල් එකක් වත් එන්නෙ නැතුව ඇප් එකේ පෙන්නනවා අපි ඔඩර් එක රිජෙක්ට් කර කියල මෙලො රහක් නෑ ඔඩර් නම් දාන්න එපා,මෙලෝ රහක් නෑ කස්ටමර් සර්විස් අපිට කොල් එකක් වත් එන්නෙ නැතුව ඇප් එකේ පෙන්නනවා අපි ඔඩර් එක රිජෙක්ට් කර කියල මෙලො රහක් නෑ ඔඩර් නම් දාන්න එපා,0,27,137,0,0,0,0.8888888888888888,0,0,0.0,1,0,1,0.0,0,1,0,1.0,0.0
eb47c3ab-02a2-4973-8ba3-f5aa753c3f74,Daraz,E-commerce,Sadew Shehansa,Unknown,5,2025-10-26 03:34:52,SRILANKAN,srilankan,0,1,9,0,0,1,1.0,0,0,0.0,1,0,1,0.0,0,1,0,5.0,0.0
44c3567d-2b10-4e27-bef3-fd2dbb573c28,Daraz,E-commerce,Santosh Khatiwada,Unknown,1,2025-10-26 05:04:30,No case on deliver please case deliver ok,no case on deliver please case deliver ok,0,8,41,0,0,0,0.75,0,0,0.3182,1,0,1,0.0,0,1,0,1.0,0.0
68d162e5-8116-48d1-a927-3d7d16661420,Daraz,E-commerce,Altamsh Baloch,Unknown,3,2025-10-26 08:24:36,"Good experience in use, but rejection and return of porsal make some problems.","good experience in use, but rejection and return of porsal make some problems.",0,13,78,0,0,0,1.0,0,0,-0.81,1,0,1,0.0,0,1,0,3.0,0.0
4dc80c26-a27c-4b22-acb8-350a36b9bfac,Daraz,E-commerce,Sagun Joshi,Unknown,3,2025-10-26 08:39:39,"Not sure what's going on with daraz lately. Their search result shows everything as free shipping. But in reality, there's rarely any seller that's actually offering free shipping.","not sure what's going on with daraz lately. their search result shows everything as free shipping. but in reality, there's rarely any seller that's actually offering free shipping.",25,28,180,0,0,0,0.9285714285714286,1,0,0.7285,1,0,1,0.0,0,1,0,3.0,0.0
2f4a3dd8-3c53-4859-87a1-254f3d06c72e,Daraz,E-commerce,Nimesh Nimesh,Unknown,5,2025-10-26 09:27:50,very easy,very easy,0,2,9,0,0,0,1.0,0,0,0.4927,1,0,1,0.0,0,1,0,5.0,0.0
d952dbcb-7e54-44be-b158-6346b9b3f347,Daraz,E-commerce,Ram Singh,Unknown,5,2025-10-26 09:40:48,great service,great service,0,2,13,0,0,0,1.0,0,0,0.6249,1,0,1,0.0,0,2,0,5.0,0.0
b3b439ff-48fc-4fc9-bbf7-fad801de4e06,Daraz,E-commerce,Dream Life স্বপ্নের জীবন,Unknown,5,2025-10-26 11:27:55,Good platform,good platform,0,2,13,0,0,0,1.0,0,0,0.4404,1,0,1,0.0,0,1,0,5.0,0.0
19fa5e6d-8eb4-4ed9-895e-6cad309b4887,Daraz,E-commerce,Haseeb Jan,Unknown,3,2025-10-26 12:41:38,Hotiya,hotiya,0,1,6,0,0,0,1.0,0,0,0.0,1,0,1,0.0,0,1,0,3.0,0.0
cf56eac5-229e-4d65-8d90-477123cbc4d3,Daraz,E-commerce,Umar Shabbir Chaudhary,Unknown,1,2025-10-26 15:56:54,Worst,worst,2,1,5,0,0,0,1.0,0,0,-0.6249,1,0,1,0.0,0,1,0,1.0,0.0
82d8984b-3307-4f67-ab8d-29970f2d560f,Daraz,E-commerce,zohaib khalil,Unknown,1,2025-10-26 18:10:07,"why images in product review section take so much time, or even not loaded,","why images in product review section take so much time, or even not loaded,",0,14,75,0,0,0,1.0,0,0,0.0,1,0,1,0.0,0,1,0,1.0,0.0
d71fbccc-eea9-4f9a-9152-62a469b06026,Daraz,E-commerce,shafiq ahmed,Unknown,3,2025-10-26 18:54:06,not bad,not bad,0,2,7,0,0,0,1.0,0,0,0.431,1,0,1,0.0,0,1,0,3.0,0.0
f2482c20-835b-4778-9a85-851bfc52aa64,Daraz,E-commerce,SK,Unknown,3,2025-10-26 20:09:26,"it's generally good, but not having a dark mode is just inexcusable at this point.","it's generally good, but not having a dark mode is just inexcusable at this point.",5,15,82,0,0,0,1.0,0,0,0.2382,1,0,1,0.0,0,1,0,3.0,0.0
1c4b5490-08bb-4dfe-9d6a-89386109bbf8,Daraz,E-commerce,Umaima Jahangir,Unknown,1,2025-10-26 20:47:59,Not a single picture from review is ready to open,not a single picture from review is ready to open,0,10,49,0,0,0,1.0,0,0,0.3612,1,0,1,0.0,0,1,0,1.0,0.0
6951df3c-58bb-4b34-a5e7-18d9b0ef64d8,Daraz,E-commerce,mr lofi,Unknown,5,2025-10-26 21:20:16,every time available,every time available,0,3,20,0,0,0,1.0,0,0,0.0,1,0,1,0.0,0,1,0,5.0,0.0
28f280ff-8255-4e53-b4f2-a9d7fa69e0e0,Daraz,E-commerce,Ali Raza,Unknown,1,2025-10-27 00:18:43,Price is very high 🤬,price is very high 🤬,1,5,20,1,0,0,1.0,0,0,0.0,1,0,1,0.0,0,1,0,1.0,0.0
dd405616-f18f-4085-a989-626adb7ba58e,Daraz,E-commerce,Babargii Babar,Unknown,5,2025-10-27 02:12:17,VERY NICE APP DARAZ SIMPLE SHOPPING AND GOOD PARSAL,very nice app daraz simple shopping and good parsal,0,9,51,0,0,9,1.0,0,1,0.7178,1,0,1,0.0,0,1,0,5.0,0.0
0da908aa-6331-4528-aea3-833efd97f999,Daraz,E-commerce,op Anas,Unknown,1,2025-10-27 03:31:58,it's very bad app ever they cancel my order 42 time,it's very bad app ever they cancel my order 42 time,0,11,51,0,0,0,1.0,0,1,-0.6997,1,0,1,0.0,0,1,0,1.0,0.0
e1585fd6-1f53-4938-9a90-f5d0e95fa440,Daraz,E-commerce,Md Kamal,Unknown,4,2025-10-27 03:58:19,ওতোটাও ভালো না 🙂💔,ওতোটাও ভালো না 🙂💔,0,4,17,2,0,0,1.0,0,0,0.6213,1,0,1,0.0,0,1,0,4.0,0.0
4499e8c6-f3fb-4497-909a-75622aa76563,Daraz,E-commerce,Md Rubel,Unknown,1,2025-10-27 04:37:26,Bad side apps,bad side apps,0,3,13,0,0,0,1.0,0,1,-0.5423,1,0,1,0.0,0,1,0,1.0,0.0
7c3955e0-b840-4e98-ada9-2f080f7e3bba,Daraz,E-commerce,Saeeda Muhammad,Unknown,5,2025-10-27 06:36:56,great job daraz..…. thanks 👍,great job daraz..…. thanks 👍,0,5,28,1,0,0,1.0,0,0,0.7906,1,0,1,0.0,0,1,0,5.0,0.0
e073c964-cbc6-44a8-8631-60d6a4fca310,Daraz,E-commerce,Sheikh Parvej,Unknown,5,2025-10-27 06:58:58,usefull app,usefull app,0,2,11,0,0,0,1.0,0,1,0.0,1,0,1,0.0,0,1,0,5.0,0.0
8df532a1-198d-442f-89f5-e121f44e725f,Daraz,E-commerce,Silva Graphics,Unknown,1,2025-10-27 07:05:18,don't believe the people's ratings in daraz seller accounts because I ordered one baby walker 4 days ago and now suddenly they cancelled my order. they don't know items available or not until 4 days. very bad customer service.,don't believe the people's ratings in daraz seller accounts because i ordered one baby walker 4 days ago and now suddenly they cancelled my order. they don't know items available or not until 4 days. very bad customer service.,1,39,226,0,0,0,0.9230769230769231,0,0,-0.6997,1,0,1,0.0,0,1,0,1.0,0.0
3144d8d6-86d5-43a5-9c1b-97a9c8ff6c88,Daraz,E-commerce,Khan Vul val,Unknown,5,2025-10-27 07:38:40,vary good shopping,vary good shopping,0,3,18,0,0,0,1.0,0,0,0.4404,1,0,1,0.0,0,1,0,5.0,0.0
2c68d20d-b9c3-4eae-9f7c-1798268a8b7f,Daraz,E-commerce,Adeel,Unknown,1,2025-10-27 07:39:46,"review pics take forever to load, I used to buy everything from Daraz because of the return policy, but my last purchase was of the lowest-quality possible, and you are not returning it so no more daraz now...","review pics take forever to load, i used to buy everything from daraz because of the return policy, but my last purchase was of the lowest-quality possible, and you are not returning it so no more daraz now...",0,38,209,0,0,0,0.8947368421052632,0,0,-0.5858,1,0,1,0.0,0,1,0,1.0,0.0
1dca4dd2-097b-45bb-bb84-761d800b7d97,Daraz,E-commerce,Waqas Ali,Unknown,1,2025-10-27 07:47:09,"Many bugs in the app after last update like wishlist product not deleting, Order tracking stuck, app working slow, photo add problem in reviews, and other's reviews photos not open.","many bugs in the app after last update like wishlist product not deleting, order tracking stuck, app working slow, photo add problem in reviews, and other's reviews photos not open.",2,30,181,0,0,0,0.9,0,1,-0.296,1,0,1,0.0,0,1,0,1.0,0.0
81b1a11b-58c8-4626-933b-8d2fca2bbeca,Daraz,E-commerce,Samip balampaki Magar,Unknown,1,2025-10-27 09:28:17,u should give the money back if the customer returns the items that the returned.,u should give the money back if the customer returns the items that the returned.,0,15,81,0,0,0,0.8,0,0,0.0,1,0,1,0.0,0,1,0,1.0,0.0
1a00dd25-bc30-4b70-a99c-0dea5652e695,Daraz,E-commerce,ruku moni,Unknown,5,2025-10-27 10:19:57,দারাজ কে অসংখ্য ধন্যবাদ কারণ অনেক কম সময়ে তারা তাদের ডেলিভারি কভার করে ❤️❤️❤️,দারাজ কে অসংখ্য ধন্যবাদ কারণ অনেক কম সময়ে তারা তাদের ডেলিভারি কভার করে ❤️❤️❤️,0,14,78,0,0,0,1.0,0,0,0.0,1,0,1,0.0,0,1,0,5.0,0.0
df82240b-918c-4c60-bbcf-573f4286f7bb,Daraz,E-commerce,Md Ziaul Haque,Unknown,4,2025-10-27 10:25:03,It is a good app for shopping. I have much experience with this app.,it is a good app for shopping. i have much experience with this app.,0,14,68,0,0,0,1.0,0,1,0.4404,1,0,1,0.0,0,1,0,4.0,0.0
bceeb0c5-c365-41b4-b518-3a0b6261b30a,Daraz,E-commerce,আহমেদ কালিম তারেক খানঁ,Unknown,3,2025-10-27 10:55:37,মুটামুটি ভালো,মুটামুটি ভালো,0,2,13,0,0,0,1.0,0,0,0.0,1,0,1,0.0,0,1,0,3.0,0.0
82197923-9139-46df-bfa0-c3975a22001c,Daraz,E-commerce,Central Training Unit CTU,Unknown,5,2025-10-27 11:07:11,good product,good product,0,2,12,0,0,0,1.0,0,0,0.4404,1,0,1,0.0,0,1,0,5.0,0.0
b06a74cf-de04-4249-8549-5521ffc8043d,Daraz,E-commerce,S Khaz,Unknown,1,2025-10-27 11:29:36,fake flash sale running by daraz Cheap third class product most of seller send you fake product and deraz is sleeping.if you want waste your money better buy from deraz.useless,fake flash sale running by daraz cheap third class product most of seller send you fake product and deraz is sleeping.if you want waste your money better buy from deraz.useless,5,30,176,0,0,0,0.9,1,0,-0.7003,1,0,1,0.0,0,1,0,1.0,0.0
b9ce72d3-c324-47e9-ac7c-62889e35077d,Daraz,E-commerce,Arslan ahmad,Unknown,1,2025-10-27 12:23:22,This app is amazing,this app is amazing,0,4,19,0,0,0,1.0,0,1,0.5859,1,0,1,0.0,0,1,1,1.0,0.0
cf4c8405-a655-406e-a918-f8ef7d819d0a,Daraz,E-commerce,Novem Lama,Unknown,1,2025-10-27 12:23:30,best for Ads and scam works,best for ads and scam works,0,6,27,0,0,0,1.0,0,0,0.128,1,0,1,0.0,0,1,0,1.0,0.0
cb376c55-f94a-4fa5-9ac9-d2dceb8fbe16,Daraz,E-commerce,Rahman kalwar,Unknown,5,2025-10-27 13:01:17,best app,best app,0,2,8,0,0,0,1.0,0,1,0.6369,1,0,1,0.0,0,3,0,5.0,0.0
4cd56b13-ba5e-407a-91b5-334a5dd8f723,Daraz,E-commerce,MD.ABDUL MAZID,Unknown,5,2025-10-27 13:10:05,Daraz shopping app good but delivery charge high,daraz shopping app good but delivery charge high,0,8,48,0,0,0,1.0,0,1,0.2382,1,0,1,0.0,0,1,0,5.0,0.0
34c423ba-9c86-4e80-b709-c047a7133dec,Daraz,E-commerce,Niru Niru,Unknown,5,2025-10-27 13:45:15,I like this app fast delivery true ads and use full app,i like this app fast delivery true ads and use full app,0,12,55,0,0,0,0.9166666666666666,0,1,0.6486,1,0,1,0.0,0,1,0,5.0,0.0
3af08480-e842-4d78-abdb-1576896de837,Daraz,E-commerce,Muhammad Furqan,Unknown,5,2025-10-27 13:54:40,happy I'm from daraz,happy i'm from daraz,0,4,20,0,0,0,1.0,0,1,0.5719,1,0,1,0.0,0,1,0,5.0,0.0
48eddc1f-7850-47b0-b19e-f4d4d8f54139,Daraz,E-commerce,Krishna Shrestha,Unknown,5,2025-10-27 14:34:29,good 👍😊,good 👍😊,0,2,7,2,0,0,1.0,0,0,0.836,1,0,1,0.0,0,2,0,5.0,0.0
d7d33376-2291-474c-b478-66e4c2cf989d,Daraz,E-commerce,Nadeem Malik,Unknown,1,2025-10-27 16:02:07,wrost app sell fake products 👎,wrost app sell fake products 👎,0,6,30,1,0,0,1.0,0,1,-0.4767,1,0,1,0.0,0,1,0,1.0,0.0
384c8234-e3cf-47a6-a1bc-a330f8544789,Daraz,E-commerce,Menahil Sajid,Unknown,1,2025-10-27 17:44:37,"So disappointed. The site is glitchy and PAINDU. It used to be good, now the pictures take so much time to load. It overall looks sooo weird.","so disappointed. the site is glitchy and paindu. it used to be good, now the pictures take so much time to load. it overall looks sooo weird.",0,27,141,0,0,1,0.8518518518518519,0,1,-0.2944,1,0,1,0.0,0,1,0,1.0,0.0
0a5db207-172b-48e4-bf3e-970859d282e8,Daraz,E-commerce,Soikat mahmud Foysal,Unknown,5,2025-10-27 18:10:02,Very very nice and beautiful,very very nice and beautiful,0,5,28,0,0,0,0.8,0,0,0.8193,1,0,1,0.0,0,1,0,5.0,0.0
0adacb97-ccce-4f87-a05c-5639dafefa35,Daraz,E-commerce,Ayesha Nasir,Unknown,2,2025-10-27 18:22:05,other customers reviews are not showing. how can I buy my products without authentication. please resolve this issue.,other customers reviews are not showing. how can i buy my products without authentication. please resolve this issue.,1,18,117,0,0,0,1.0,0,0,-0.4847,1,0,1,0.0,0,1,0,2.0,0.0
93d4ea3b-7b26-4072-9663-0c4d7aeafe28,Daraz,E-commerce,Anis Ali,Unknown,1,2025-10-27 19:34:38,199RS ❌ 299 ☑️,199rs ❌ 299 ☑️,0,4,14,0,0,1,1.0,0,0,0.0,1,0,1,0.0,0,1,0,1.0,0.0
c7d81bce-eac3-40e9-895d-634fa64ae8ca,Daraz,E-commerce,Amna Rathood,Unknown,5,2025-10-27 19:41:56,it was working good but after the last update I couldn't see the review section.... kindly resolve this issue,it was working good but after the last update i couldn't see the review section.... kindly resolve this issue,1,19,109,0,0,0,0.9473684210526315,0,0,0.8641,1,0,1,0.0,0,1,0,5.0,0.0
b365d988-a317-4fff-9c94-c397d0ff6dbd,Daraz,E-commerce,Pranto Das,Unknown,1,2025-10-27 20:11:15,পণ্যের কাস্টমার রিভিউ বন্ধ কেনো?,পণ্যের কাস্টমার রিভিউ বন্ধ কেনো?,1,5,32,0,0,0,1.0,0,0,0.0,1,0,1,0.0,0,1,0,1.0,0.0
723b40b4-1ae0-4b01-9015-60351e3c6cae,Daraz,E-commerce,Gobindo Deb,Unknown,5,2025-10-28 00:38:27,rate this app,rate this app,0,3,13,0,0,0,1.0,0,1,0.0,1,0,1,0.0,0,1,0,5.0,0.0
97b048a5-950a-44af-af88-53e844b4f767,Daraz,E-commerce,Pawan Patel,Unknown,1,2025-10-28 02:32:22,unused app no time limit,unused app no time limit,0,5,24,0,0,0,1.0,0,1,-0.296,1,0,1,0.0,0,1,0,1.0,0.0
9410350b-e0d2-4786-9256-c5b58cb7b60d,Daraz,E-commerce,Mahad Sharma,Unknown,1,2025-10-28 02:34:57,gula jasto live support ma messages garyo vane reply noi gardina,gula jasto live support ma messages garyo vane reply noi gardina,0,11,64,0,0,0,1.0,0,0,0.4019,1,0,1,0.0,0,1,0,1.0,0.0
57557b3b-be3e-4814-b45a-eb41cb3f6d91,Daraz,E-commerce,Ghulam Hyder,Unknown,5,2025-10-28 02:56:11,"Well done Daraz. Very nice improvement, geniune Supplier, No Fraud and your self delivery system is very nice and fast. Well knowadays wishlist items are not deleting, showing system error. May rectify it.","well done daraz. very nice improvement, geniune supplier, no fraud and your self delivery system is very nice and fast. well knowadays wishlist items are not deleting, showing system error. may rectify it.",0,33,205,0,0,0,0.8484848484848485,0,0,0.9191,1,0,1,0.0,0,1,0,5.0,0.0
7459c39c-161c-44da-9235-d5d3da81cb63,Daraz,E-commerce,Vishal Kanwar,Unknown,3,2025-10-28 05:22:48,isn't there a feature so that reviewer to get notification about the comments in review section and problems in opening or showing reviewed pictures,isn't there a feature so that reviewer to get notification about the comments in review section and problems in opening or showing reviewed pictures,0,24,148,0,0,0,0.9583333333333334,0,0,-0.4019,1,0,1,0.0,0,1,0,3.0,0.0
81828abe-c53c-4353-9ce2-3b95c9d70bb2,Daraz,E-commerce,Azadar Hussain,Unknown,3,2025-10-28 05:43:12,It's a very good app but please decrease your delivery charges if the product is for 20 rs after delivery cgarges its prices 400 reduce the charges otherwise the app is very awesome 😎👍,it's a very good app but please decrease your delivery charges if the product is for 20 rs after delivery cgarges its prices 400 reduce the charges otherwise the app is very awesome 😎👍,0,34,184,2,0,0,0.7941176470588235,0,1,0.9053,1,0,1,0.0,0,1,0,3.0,0.0
143a41d3-6362-4976-a6b7-066f0feab08c,Daraz,E-commerce,Faisal Asghar,Unknown,3,2025-10-28 06:33:19,update: product prices are not showing since 11.11 update Good app . saved thousands using it . bank promotions are awesome . app has been improved a lot with time . ✅ updates my review.,update: product prices are not showing since 11.11 update good app . saved thousands using it . bank promotions are awesome . app has been improved a lot with time . ✅ updates my review.,1,35,186,0,0,0,0.8571428571428571,0,1,0.9169,1,0,1,0.0,0,1,0,3.0,0.0
6ac3ff54-c705-4b6b-bfae-a8340af93fee,Daraz,E-commerce,Shehzad Hussain,Unknown,1,2025-10-28 07:47:27,Doesn't Delivery in time always Late and Product is default,doesn't delivery in time always late and product is default,0,10,59,0,0,0,1.0,0,0,0.0,1,0,1,0.0,0,1,0,1.0,0.0
92fccc73-33a8-4d87-85d4-1668b44aabdf,Daraz,E-commerce,Abial mughal,Unknown,3,2025-10-28 09:17:52,overall experience is good but it's return policy sucks.,overall experience is good but it's return policy sucks.,0,9,56,0,0,0,1.0,0,0,-0.3182,1,0,1,0.0,0,1,0,3.0,0.0
29201630-64a7-4c20-b113-016db2fd6eee,Daraz,E-commerce,Muhammad Ali,Unknown,1,2025-10-28 09:26:00,pathetic customer services,pathetic customer services,0,3,26,0,0,0,1.0,0,0,-0.5719,1,0,1,0.0,0,1,0,1.0,0.0
c0f0c6f6-f2ab-459d-97a4-efabd3c942cd,Daraz,E-commerce,Hasnain Haider,Unknown,5,2025-10-28 10:21:06,easy to use best online shopping 🛍 platform in pakistan 🇵🇰 i like it so much,easy to use best online shopping 🛍 platform in pakistan 🇵🇰 i like it so much,0,16,76,3,0,0,1.0,0,0,0.8625,1,0,1,0.0,0,1,0,5.0,0.0
f3e13fe4-f60e-41fd-9f79-922447c963c8,Daraz,E-commerce,Muhammad Rehman,Unknown,1,2025-10-28 12:15:05,Parcel roung recived howa retrun kia retrun reject krky customer ko he jhota kha ja rha hai bad decsion making daraz quality team,parcel roung recived howa retrun kia retrun reject krky customer ko he jhota kha ja rha hai bad decsion making daraz quality team,0,23,129,0,0,0,0.9565217391304348,0,1,-0.886,1,0,1,0.0,0,1,0,1.0,0.0
867a00f3-1dd8-48ef-9b79-e9c10934beb1,Daraz,E-commerce,Mudasir Khan,Unknown,5,2025-10-28 12:26:47,nice 👍,nice 👍,0,2,6,1,0,0,1.0,0,0,0.4215,1,0,1,0.0,0,3,0,5.0,0.0
8dbbff25-7589-40d5-bfbd-f8bdf4645545,Daraz,E-commerce,Sameer khan,Unknown,1,2025-10-28 13:21:43,very bad experience with this app if you made payment online for a product then will not give you product,very bad experience with this app if you made payment online for a product then will not give you product,0,20,105,0,0,0,0.9,0,1,-0.5849,1,0,1,0.0,0,1,0,1.0,0.0
fc5056dd-d76e-4a10-8364-d3642edcc77a,Daraz,E-commerce,saiful islam,Unknown,1,2025-10-28 13:25:32,daraz eate up my product and money....so today or tomorrow I will hear that daraz is no more...lot of degree for daraz,daraz eate up my product and money....so today or tomorrow i will hear that daraz is no more...lot of degree for daraz,0,22,118,0,0,0,0.9090909090909091,0,0,-0.296,1,0,1,0.0,0,1,0,1.0,0.0
8b67e038-8487-4e97-8b05-1f2f9c319a3f,Daraz,E-commerce,M. Shehzad Javed,Unknown,1,2025-10-28 13:33:20,very bad application ghalti se 1 item order kr liya ab return hi nhi krhy or cancel request krhy hain bhoot hi fazool,very bad application ghalti se 1 item order kr liya ab return hi nhi krhy or cancel request krhy hain bhoot hi fazool,0,23,117,0,0,0,0.9130434782608695,0,1,-0.6997,1,0,1,0.0,0,1,0,1.0,0.0
f8a04408-142e-41bb-8158-b0dd490e11ec,Daraz,E-commerce,Azra Riaz,Unknown,1,2025-10-28 13:40:26,not good 😐 so bad service 😑 things they show are so bad 😫😩😭,not good 😐 so bad service 😑 things they show are so bad 😫😩😭,0,14,59,5,0,0,0.8571428571428571,0,0,-0.9626,1,0,1,0.0,0,1,0,1.0,0.0
f26b1105-7e30-40a1-902d-fb27050c3eb0,Daraz,E-commerce,Sheikh Ahmed Ahmed,Unknown,5,2025-10-28 14:05:25,Very good app i used it for 3 years I give it full stars,very good app i used it for 3 years i give it full stars,0,14,56,0,0,0,0.8571428571428571,0,1,0.4927,1,0,1,0.0,0,1,0,5.0,0.0
5d47b2cb-5440-41f1-9ba1-c515b17fb173,Daraz,E-commerce,Zainab Fatima,Unknown,5,2025-10-28 15:12:06,it is a good app ❤️❤️❤️❤️,it is a good app ❤️❤️❤️❤️,0,6,25,0,0,0,1.0,0,1,0.4404,1,0,1,0.0,0,1,0,5.0,0.0
c5715cd5-0328-431c-a190-92044dc1806a,Daraz,E-commerce,Sumit Bajracharya,Unknown,5,2025-10-28 16:29:14,the photos is the product comment section never opens,the photos is the product comment section never opens,0,9,53,0,0,0,0.8888888888888888,0,0,0.0,1,0,1,0.0,0,1,0,5.0,0.0
9f0874b2-2cca-40f2-9c14-7b74bafb90f9,Daraz,E-commerce,Zohaib Sajjad,Unknown,5,2025-10-28 17:49:54,Assalam o Alaikum My All family and friends 😍 Mana first 🥇 time download Kia ha,assalam o alaikum my all family and friends 😍 mana first 🥇 time download kia ha,0,16,79,2,0,0,1.0,1,0,0.7506,1,0,1,0.0,0,1,0,5.0,0.0
ea8d1e22-096e-4a0b-a95e-b006a46dafe1,Daraz,E-commerce,Iftekharul Islam (Ifte),Unknown,1,2025-10-28 17:58:58,Worst sellers and customer care service. Bunch of scammers.,worst sellers and customer care service. bunch of scammers.,0,9,59,0,0,0,1.0,0,0,-0.2263,1,0,1,0.0,0,1,0,1.0,0.0
15050b39-9f43-46ef-807f-f021b52970b8,Daraz,E-commerce,Md Ahadul Islam,Unknown,2,2025-10-28 18:50:31,অর্ডার ব্যাতিত উল্টা পাল্টা প্রোডাক্ট দিলে সাথে সাথে রিটার্ন করে দিবো এবং দারাজ এপ্স ই ডিলিট করে দিবো,অর্ডার ব্যাতিত উল্টা পাল্টা প্রোডাক্ট দিলে সাথে সাথে রিটার্ন করে দিবো এবং দারাজ এপ্স ই ডিলিট করে দিবো,0,18,101,0,0,0,0.8333333333333334,0,0,0.0,1,0,1,0.0,0,1,0,2.0,0.0
9ee5ba1a-1a5d-4b47-b975-531ba9142b6e,Daraz,E-commerce,Palwan Oustad,Unknown,5,2025-10-28 19:35:06,GOOD 👍😊,good 👍😊,0,2,7,2,0,1,1.0,0,0,0.836,1,0,1,0.0,0,2,0,5.0,0.0
189f06fd-9dea-44ed-a9ab-d717013af5e7,Daraz,E-commerce,Lala Musawir,Unknown,1,2025-10-28 20:02:13,"i had placed an order on Daraz on October 9th, and the estimated delivery date was October 28th. the parcel hasn't arrived, and the order status is showing as missing today is 29th oct","i had placed an order on daraz on october 9th, and the estimated delivery date was october 28th. the parcel hasn't arrived, and the order status is showing as missing today is 29th oct",0,34,184,0,0,0,0.7941176470588235,0,0,-0.296,1,0,1,0.0,0,1,0,1.0,0.0
84af611f-6499-4cc2-aa41-910b74be3b86,Daraz,E-commerce,Zunaira Javed,Unknown,1,2025-10-28 20:43:09,so many bugs and it hangs many times,so many bugs and it hangs many times,0,8,36,0,0,0,0.875,0,0,0.0,1,0,1,0.0,0,1,0,1.0,0.0
1b2dc7ce-593b-4c7b-9d24-fcf40f70c9ed,Daraz,E-commerce,S.M. Y. Emon,Unknown,1,2025-10-28 22:32:33,"দীর্ঘ কয়েক বছর থেকেই দারাজ থেকে শপিং করি, কিন্তু বিগত কিছু মাস যাবৎ মাত্রাতিরিক্ত ডেলিভারি চার্জ এবং মিথ্যা মার্কেটিং এর জন্য আজ থেকে দারাজ আর ব্যবহার করবো না এবং পরিচিত সকলকেই নিরুৎসাহিত করবো।","দীর্ঘ কয়েক বছর থেকেই দারাজ থেকে শপিং করি, কিন্তু বিগত কিছু মাস যাবৎ মাত্রাতিরিক্ত ডেলিভারি চার্জ এবং মিথ্যা মার্কেটিং এর জন্য আজ থেকে দারাজ আর ব্যবহার করবো না এবং পরিচিত সকলকেই নিরুৎসাহিত করবো।",1,33,193,0,0,0,0.9090909090909091,0,0,0.0,1,0,1,0.0,0,1,0,1.0,0.0
032a3dce-8c95-441d-ac51-575b85dc0fce,Daraz,E-commerce,Boshir Al Hezaz,Unknown,4,2025-10-29 00:38:59,It's good but could gave been better.,it's good but could gave been better.,0,7,37,0,0,0,1.0,0,0,0.7003,1,0,1,0.0,0,1,0,4.0,0.0
3fdda3ba-05db-4b1f-b9d7-f6d1509682fa,Daraz,E-commerce,abid hasan,Unknown,1,2025-10-29 03:36:08,where is the review..!!!?? if there is no review then um gonna uninstall the app. new update is disaster....,where is the review..!!!?? if there is no review then um gonna uninstall the app. new update is disaster....,0,19,108,0,0,0,0.8421052631578947,1,1,-0.8194,1,0,1,0.0,0,1,0,1.0,0.0
46e8fd00-a51a-455e-a509-f3c8b9be01eb,Daraz,E-commerce,Misbahul Jannat,Unknown,1,2025-10-29 03:42:27,"the application is super slow to load any of the pages such as products page , cart, search results etc. it's not an internet speed issue too, the application is the reason","the application is super slow to load any of the pages such as products page , cart, search results etc. it's not an internet speed issue too, the application is the reason",0,32,172,0,0,0,0.84375,0,1,0.5994,1,0,1,0.0,0,1,1,1.0,0.0
3a1de57e-8424-4ae3-bf3a-a68cb09208ca,Daraz,E-commerce,Haasan Tanvir,Unknown,2,2025-10-29 04:26:21,everything is fine but delivery charges is so high,everything is fine but delivery charges is so high,0,9,50,0,0,0,0.8888888888888888,0,0,-0.3071,1,0,1,0.0,0,1,0,2.0,0.0
f479f727-68c7-4069-9eb8-d5c2b0f1c1c7,Daraz,E-commerce,Zoha Akmal,Unknown,2,2025-10-29 05:02:40,Price show nahi ho rahi... Or reviews bi nahi show ho rahy...... Or coins bi Jo show ho rahy hoty han check out time km ho jaty han.... Please resolve this issues before 11. 11 sale,price show nahi ho rahi... or reviews bi nahi show ho rahy...... or coins bi jo show ho rahy hoty han check out time km ho jaty han.... please resolve this issues before 11. 11 sale,0,36,181,0,0,0,0.7777777777777778,1,1,0.5994,1,0,1,0.0,0,1,1,2.0,0.0
2c422e9a-fa45-4052-8b05-9894827afcbf,Daraz,E-commerce,DILDAR KHAN,Unknown,1,2025-10-29 08:08:58,Reviews Waly Photo video open Nhi Hoty,reviews waly photo video open nhi hoty,0,7,38,0,0,0,1.0,0,0,0.0,1,0,1,0.0,0,1,0,1.0,0.0
6adc43d2-5a64-4830-b3a8-def79a3c0c02,Daraz,E-commerce,Anonymous Community,Unknown,1,2025-10-29 08:48:28,I was paid but not delivered. daraz Isa delay oders long time.,i was paid but not delivered. daraz isa delay oders long time.,0,12,62,0,0,0,1.0,0,0,-0.4497,1,0,1,0.0,0,1,0,1.0,0.0
92e709ac-ea2c-475a-b2ea-e2abe09349a3,Daraz,E-commerce,Wazee Ahmed,Unknown,3,2025-10-29 08:50:46,"Can't see the pictures at all! There seems to be a bug which isn't fixed yet. edit- shopping experience is good, but the said issue isn't fixed yet, in the customer review section, can't view pictures, it appears black.","can't see the pictures at all! there seems to be a bug which isn't fixed yet. edit- shopping experience is good, but the said issue isn't fixed yet, in the customer review section, can't view pictures, it appears black.",2,39,219,0,0,0,0.8717948717948718,0,1,0.3054,1,0,1,0.0,0,1,0,3.0,0.0
2354c50a-b010-40c1-90ae-6e3daad45c4c,Daraz,E-commerce,Rajpoot Fire,Unknown,1,2025-10-29 10:06:54,daraz sy jo be chez order kro kharab ati ha ye app fazool ha or unprofessional ha delivery charges be bohat zaida hoty he or cash on delivery pa be paisy lete ha extra,daraz sy jo be chez order kro kharab ati ha ye app fazool ha or unprofessional ha delivery charges be bohat zaida hoty he or cash on delivery pa be paisy lete ha extra,0,34,167,0,0,0,0.7941176470588235,0,1,0.4939,1,0,1,0.0,0,1,0,1.0,0.0
4e38ed95-239b-497f-9323-fbb5c8ef215e,Daraz,E-commerce,Rikesh Lama,Unknown,1,2025-10-29 11:04:55,Delivery is way too slow. it took about 2 weeks for one item to get delivered to me.,delivery is way too slow. it took about 2 weeks for one item to get delivered to me.,1,18,84,0,0,0,0.9444444444444444,0,0,0.0,1,0,1,0.0,0,1,0,1.0,0.0
48f643a3-f27f-4337-8ea4-babcb25d87d3,Daraz,E-commerce,SR_RABBY_ OFFICIAL,Unknown,3,2025-10-29 12:27:46,good badd,good badd,0,2,9,0,0,0,1.0,0,0,0.4404,1,0,1,0.0,0,1,0,3.0,0.0
ffba2e02-c4e8-4983-9245-ca9b996be26c,Daraz,E-commerce,Majid Bhatti,Unknown,1,2025-10-29 13:20:46,Ma ny Kuch order cancel kiy Ap ny Mera COD hi block kr dia 😡. Ma buying krna cahta hon urgent COD Sy so please Mera COD Unblock kia jay,ma ny kuch order cancel kiy ap ny mera cod hi block kr dia 😡. ma buying krna cahta hon urgent cod sy so please mera cod unblock kia jay,1,30,135,1,0,3,0.8333333333333334,0,0,-0.6496,1,0,1,0.0,0,1,0,1.0,0.0
8d9da1d4-0867-4572-bc96-69fd34ddb2fa,Daraz,E-commerce,Muhammad Anees,Unknown,5,2025-10-29 14:56:31,nice app,nice app,0,2,8,0,0,0,1.0,0,1,0.4215,1,0,1,0.0,0,8,0,5.0,0.0
291e6b98-d998-441d-9793-6e9249162f2d,Daraz,E-commerce,Subrata PROTIK,Unknown,5,2025-10-29 14:56:48,Nice app for shopping 👌,nice app for shopping 👌,0,5,23,1,0,0,1.0,0,1,0.8374,1,0,1,0.0,0,1,0,5.0,0.0
21a2ccb8-717a-463f-9417-710282820631,Daraz,E-commerce,ghost,Unknown,1,2025-10-29 15:09:52,images in reviews isn't opening. please fix it.,images in reviews isn't opening. please fix it.,2,8,47,0,0,0,1.0,0,0,-0.2411,1,0,1,0.0,0,1,0,1.0,0.0
53dbbc0c-e9bc-46b1-899d-964089e70990,Daraz,E-commerce,Sadu Nisansala,Unknown,5,2025-10-29 15:11:00,Daraz literally is the best shopping app of all times! Ngl I bought some clothes and it's high quality! Best shopping app,daraz literally is the best shopping app of all times! ngl i bought some clothes and it's high quality! best shopping app,0,22,121,0,0,0,0.8636363636363636,0,1,0.8745,1,0,1,0.0,0,1,0,5.0,0.0
2025f102-6749-4527-9f5e-be9a18ab0a66,Daraz,E-commerce,Kashf Zahra,Unknown,1,2025-10-29 15:39:01,because of high dilvery charge,because of high dilvery charge,0,5,30,0,0,0,1.0,0,0,0.0,1,0,1,0.0,0,1,0,1.0,0.0
e348c767-f449-4db9-aa52-1a0fb26b35fb,Daraz,E-commerce,Bushra Moghees,Unknown,5,2025-10-29 15:55:49,how is this app yes it's a brilliant one,how is this app yes it's a brilliant one,0,9,40,0,0,0,1.0,0,1,0.7579,1,0,1,0.0,0,1,0,5.0,0.0
3e89d55b-3aed-4bfb-aeb6-39bf8b1035b7,Daraz,E-commerce,Zahidul Islam Nabil,Unknown,1,2025-10-29 16:42:45,"cant payment with bKash, very unhelpful","cant payment with bkash, very unhelpful",0,6,39,0,0,0,1.0,0,0,0.0,1,0,1,0.0,0,1,0,1.0,0.0
15d0ca37-87c8-4731-b1a5-207b1bcff348,Daraz,E-commerce,Tamim& Yousuf,Unknown,5,2025-10-29 16:47:41,Nice 👍,nice 👍,0,2,6,1,0,0,1.0,0,0,0.4215,1,0,1,0.0,0,3,0,5.0,0.0
5831c346-05e4-4faf-b956-2b949e46c65f,Daraz,E-commerce,Mr Abdullah,Unknown,1,2025-10-29 16:48:38,this is very bad app,this is very bad app,1,5,20,0,0,0,1.0,0,1,-0.5849,1,0,1,0.0,0,1,0,1.0,0.0
8be94fc2-a77d-4a93-b5ee-cbb551c34907,Daraz,E-commerce,A Google user,Unknown,3,2025-10-29 17:38:31,the experience is very bad some times the product are received in second hand and do not same like the picture,the experience is very bad some times the product are received in second hand and do not same like the picture,0,21,110,0,0,0,0.9047619047619048,0,0,-0.4025,1,0,4,443466.0,0,1,0,3.25,1.707825127659933
cd3cf67d-f111-4206-8213-b564c00677c7,Daraz,E-commerce,Fatima Umair,Unknown,2,2025-10-29 17:45:39,after new update reviews are not visible to me,after new update reviews are not visible to me,3,9,46,0,0,0,1.0,0,0,0.0,1,0,1,0.0,0,1,0,2.0,0.0
03623d0a-ac37-4d97-8da1-9fa4c529cb1d,Daraz,E-commerce,Tosueef Meer,Unknown,5,2025-10-29 17:50:30,good luck with,good luck with,0,3,14,0,0,0,1.0,0,0,0.7096,1,0,1,0.0,0,1,0,5.0,0.0
80c96063-9a2a-4656-b28b-52bcb07b4a6a,Daraz,E-commerce,Waheed Khan,Unknown,5,2025-10-29 21:37:23,وحید khan,وحید khan,0,2,9,0,0,0,1.0,0,0,0.0,1,0,1,0.0,0,1,0,5.0,0.0
b615af51-9be9-4f37-b127-703ec15e57f2,Daraz,E-commerce,Abdul Moize,Unknown,2,2025-10-29 23:26:53,khuch guzara ha,khuch guzara ha,0,3,15,0,0,0,1.0,0,0,0.34,1,0,1,0.0,0,1,0,2.0,0.0
33fdcbb8-41df-457e-9833-f14b3945b0ff,Daraz,E-commerce,BdM Naznin,Unknown,5,2025-10-30 01:18:53,I thing this is the best for all online customer.,i thing this is the best for all online customer.,0,10,49,0,0,0,1.0,0,0,0.6369,1,0,1,0.0,0,1,0,5.0,0.0
1b310b00-9a73-4783-89b8-a93943326b6e,Daraz,E-commerce,Munjee Syed,Unknown,1,2025-10-30 01:19:56,"can not select installments, it keeps showing me different installment plans for products buy you can select it as an option in check out at all, fix this or remove the feature, frustrating","can not select installments, it keeps showing me different installment plans for products buy you can select it as an option in check out at all, fix this or remove the feature, frustrating",0,33,189,0,0,0,0.9090909090909091,1,0,-0.4404,1,0,1,0.0,0,1,0,1.0,0.0
48146090-bdfa-4acc-a877-5d7da40738d5,Daraz,E-commerce,Najeeb ullah Khan,Unknown,5,2025-10-30 01:45:05,niceee,niceee,0,1,6,0,0,0,1.0,0,0,0.0,1,0,1,0.0,0,1,0,5.0,0.0
1b44e0fe-745b-45a7-ab24-5c99c8a9ff72,Daraz,E-commerce,Arif Ahmed,Unknown,3,2025-10-30 02:39:11,Experience is not bad,experience is not bad,0,4,21,0,0,0,1.0,0,0,0.431,1,0,1,0.0,0,1,0,3.0,0.0
211b2180-1c1b-4b40-bc83-fe1ac4941359,Daraz,E-commerce,Khadija*_* Umar,Unknown,3,2025-10-30 05:41:21,boht e fzol update h new. es sy achi to old the reviews tk asani sy dekhy ni ja skty,boht e fzol update h new. es sy achi to old the reviews tk asani sy dekhy ni ja skty,0,20,84,0,0,0,0.95,0,0,0.0,1,0,1,0.0,0,1,0,3.0,0.0
631c8304-a97a-47a6-a60e-36f05390f720,Daraz,E-commerce,Kainat Malik,Unknown,5,2025-10-30 06:15:25,why i don't see any review's on any of ur product ...if this's a update then i don't like that ... difficult to ordr wdout seeing any review's abt that product...,why i don't see any review's on any of ur product ...if this's a update then i don't like that ... difficult to ordr wdout seeing any review's abt that product...,0,31,162,0,0,0,0.8064516129032258,0,0,-0.5588,1,0,1,0.0,0,1,1,5.0,0.0
722cc70e-d2a0-4874-9ce2-7caffacd8a17,Daraz,E-commerce,Sudan,Unknown,1,2025-10-30 06:37:57,There isn’t any Daraz collection point in Dang. There should at least be one in Ghorahi.,there isn’t any daraz collection point in dang. there should at least be one in ghorahi.,0,16,88,0,0,0,0.875,0,0,0.0,1,0,1,0.0,0,1,0,1.0,0.0
231428c8-38e8-468d-bed5-276db0ae1402,Daraz,E-commerce,Muhammad Rizwan,Unknown,2,2025-10-30 07:27:43,In this new update we are unable to check people's reviews of any products. People's reviews help us what we should buy,in this new update we are unable to check people's reviews of any products. people's reviews help us what we should buy,0,22,119,0,0,0,0.8636363636363636,0,0,0.4019,1,0,1,0.0,0,1,0,2.0,0.0
8327751a-5fa5-437d-9729-57aa54e943ba,Daraz,E-commerce,Jameel Umrani,Unknown,5,2025-10-30 07:50:40,Hey deraz : This Apk are best but one problem plzz unlock this option 'Cash to delevery' plzz dear and i love this i hope you reply me THANKS 🌙🪐,hey deraz : this apk are best but one problem plzz unlock this option 'cash to delevery' plzz dear and i love this i hope you reply me thanks 🌙🪐,0,30,144,2,0,1,0.8666666666666667,0,0,0.9366,1,0,1,0.0,0,1,0,5.0,0.0
2ea1da3b-543a-4c4a-b662-480a5e382f1a,Daraz,E-commerce,sumaia islam,Unknown,5,2025-10-30 08:33:45,Why are there different delivery charges for each product? it's not good .bad app,why are there different delivery charges for each product? it's not good .bad app,0,14,81,0,0,0,1.0,0,1,-0.167,1,0,1,0.0,0,1,0,5.0,0.0
3d65ef93-0993-4646-b036-b425dda8da2f,Daraz,E-commerce,Asmatanveerasma Asmatanveerasma,Unknown,5,2025-10-30 09:12:46,Does this deliver to Dadyal city?,does this deliver to dadyal city?,0,6,33,0,0,0,1.0,0,0,0.0,1,0,1,0.0,0,1,0,5.0,0.0
5c182153-b369-4a7a-9e6e-ef44d5efe673,Daraz,E-commerce,Safana Rehman khan,Unknown,1,2025-10-30 09:13:46,"there's a bug due to which I'm unable to see the reviews or prices of products when I click on it , please solve it asap","there's a bug due to which i'm unable to see the reviews or prices of products when i click on it , please solve it asap",1,26,120,0,0,0,0.9230769230769231,0,0,0.4767,1,0,1,0.0,0,1,0,1.0,0.0
43ab2cff-a26a-4100-b1aa-3ca8b3c8b6be,Daraz,E-commerce,Manik Jordar,Unknown,2,2025-10-30 10:10:42,this app is friendly but there product not same same in picture. I am now afraid that I will get any adulterated product.My request to them is to have a verified seller like Amazon.,this app is friendly but there product not same same in picture. i am now afraid that i will get any adulterated product.my request to them is to have a verified seller like amazon.,0,34,181,0,0,0,0.8823529411764706,0,1,0.7506,1,0,1,0.0,0,1,1,2.0,0.0
53002740-b423-4dfb-bf3e-614c32f5b541,Daraz,E-commerce,Mehak,Unknown,5,2025-10-30 10:45:38,good app but sometimes the things quality is not good,good app but sometimes the things quality is not good,0,10,53,0,0,0,0.9,0,1,-0.2867,1,0,1,0.0,0,1,0,5.0,0.0
57b90f48-79c1-43ea-b692-dc5406d971e7,Daraz,E-commerce,shah Meer,Unknown,4,2025-10-30 13:40:19,It's really nice but delivery charges are too much,it's really nice but delivery charges are too much,0,9,50,0,0,0,1.0,0,0,-0.154,1,0,1,0.0,0,1,0,4.0,0.0
0c6ddd29-53ea-476b-b23f-9b448c58e734,Daraz,E-commerce,Rahul Khan,Unknown,5,2025-10-30 14:13:02,i trust daraz more than real shops,i trust daraz more than real shops,0,7,34,0,0,0,1.0,0,0,0.5106,1,0,1,0.0,0,1,0,5.0,0.0
5958ec7e-47ad-4066-b41c-0827f0ce30a3,Daraz,E-commerce,Bilal Ahmad,Unknown,5,2025-10-30 14:23:49,Best app,best app,0,2,8,0,0,0,1.0,0,1,0.6369,1,0,1,0.0,0,3,0,5.0,0.0
2272c997-2c33-4264-824d-6aa3782762fd,Daraz,E-commerce,Emal Hossain,Unknown,1,2025-10-30 15:22:21,"this page is totally not good, hi expensive, if anyone search something, they show another thing if don't have then please don't show another thing., yes is it true product and delivery is good. but management not good.","this page is totally not good, hi expensive, if anyone search something, they show another thing if don't have then please don't show another thing., yes is it true product and delivery is good. but management not good.",0,38,219,0,0,0,0.7894736842105263,0,0,-0.1858,1,0,1,0.0,0,1,0,1.0,0.0
3e75be0c-9a55-42ab-a799-d85e419a6353,Daraz,E-commerce,Kaneez Fatima,Unknown,5,2025-10-30 16:44:40,this is very informative app I'm obsessed,this is very informative app i'm obsessed,0,7,41,0,0,0,1.0,0,1,-0.1779,1,0,1,0.0,0,1,0,5.0,0.0
ee95f0c2-99c9-42e6-a074-f8e9afb816e4,Daraz,E-commerce,Roy 0801,Unknown,1,2025-10-30 17:39:37,Third Class app,third class app,0,3,15,0,0,0,1.0,0,1,0.0,1,0,1,0.0,0,1,0,1.0,0.0
e91f48dc-2feb-4803-89d2-7fb4d38cf321,Daraz,E-commerce,Saiful Alom,Unknown,5,2025-10-30 17:43:23,gd App,gd app,0,2,6,0,0,0,1.0,0,1,0.0,1,0,1,0.0,0,1,0,5.0,0.0
42d83687-8be7-4bb4-b07e-cd3c3990da92,Daraz,E-commerce,Muhammad Umair,Unknown,3,2025-10-30 18:53:16,App is slow and laggy. recently installed and logged into my account no products pictures are showing. Also after opening a product the pictures don't show. tried multiple times no products pictures shows.,app is slow and laggy. recently installed and logged into my account no products pictures are showing. also after opening a product the pictures don't show. tried multiple times no products pictures shows.,0,33,205,0,0,0,0.8484848484848485,1,1,-0.5267,1,0,2,1297033.0,0,1,0,2.0,1.4142135623730951
5b6ea174-3788-4351-b7bd-1e6b5804296a,Daraz,E-commerce,Furqan Iqbal,Unknown,1,2025-10-31 01:22:06,Ads boht aaty hn esky🤬🤬🤬😡😡😡😡😡,ads boht aaty hn esky🤬🤬🤬😡😡😡😡😡,0,5,29,8,0,0,1.0,0,0,0.0,1,0,1,0.0,0,1,0,1.0,0.0
c054d96b-3923-42e3-8072-994eb122919d,Daraz,E-commerce,Gayan Kumar,Unknown,4,2025-10-31 02:42:50,Home delivery 🎮🎮🎮🎮,home delivery 🎮🎮🎮🎮,0,3,18,4,0,0,1.0,0,0,0.0,1,0,1,0.0,0,1,0,4.0,0.0
2cd4736a-7dc3-4c3f-89d1-b87edb68b5a5,Daraz,E-commerce,Iftikhar Ahmed,Unknown,5,2025-10-31 03:12:06,good service,good service,0,2,12,0,0,0,1.0,0,0,0.4404,1,0,1,0.0,0,5,0,5.0,0.0
b2032362-0380-4f9a-afc3-aa5c8a35852f,Daraz,E-commerce,Kamran Khan,Unknown,1,2025-10-31 05:15:30,I didn't understand for this app online shopping delivery,i didn't understand for this app online shopping delivery,0,9,57,0,0,0,1.0,0,1,0.0,1,0,2,1465872.0,0,1,0,1.0,0.0
276152b9-b213-4ece-ba36-a7dff93dea50,Daraz,E-commerce,Rina Begum,Unknown,1,2025-10-31 05:44:45,it's a scam fake,it's a scam fake,0,4,16,0,0,0,1.0,0,0,-0.7783,1,0,1,0.0,0,1,0,1.0,0.0
37223e59-6b31-4ec2-8497-f491d217f802,Daraz,E-commerce,haran panpan,Unknown,3,2025-10-31 08:09:35,what are they doing to this app? The reviews are not accessible (in this update). The prices are going up. Are they done?,what are they doing to this app? the reviews are not accessible (in this update). the prices are going up. are they done?,0,23,121,0,0,0,0.7391304347826086,0,1,0.0,1,0,1,0.0,0,1,0,3.0,0.0
5dce353e-46d4-4efd-86e4-0cbc855ca385,Daraz,E-commerce,ZarNis1 Zarnish shah,Unknown,5,2025-10-31 08:51:57,good 👍👍,good 👍👍,0,2,7,2,0,0,1.0,0,0,0.4404,1,0,1,0.0,0,2,0,5.0,0.0
214081f4-96ae-4515-ba5f-d7dd74c8c50f,Daraz,E-commerce,Ridwan,Unknown,5,2025-10-31 09:51:25,bit mixed of an experience but still worth shopping for the great offers they provide sometimes,bit mixed of an experience but still worth shopping for the great offers they provide sometimes,0,16,95,0,0,0,1.0,1,0,0.8402,1,0,1,0.0,0,1,0,5.0,0.0
632c6083-2e55-45ce-8713-0372dee71a59,Daraz,E-commerce,mr. kenedy,Unknown,2,2025-10-31 10:06:47,why removed reviews section in new updates.. and second old interface is more friendly every thing is clearly visible.this new interface gives an scam app vibes..,why removed reviews section in new updates.. and second old interface is more friendly every thing is clearly visible.this new interface gives an scam app vibes..,6,26,162,0,0,0,0.8846153846153846,0,1,0.3597,1,0,1,0.0,0,1,0,2.0,0.0
c22c5c4f-0a63-4e74-b35f-a41834de753e,Daraz,E-commerce,teknow vision,Unknown,4,2025-10-31 11:07:11,Why can't we see the reviews and comments now? It is becoming harder to decide whether to buy the product or not. Bring thr read review system back,why can't we see the reviews and comments now? it is becoming harder to decide whether to buy the product or not. bring thr read review system back,1,28,147,0,0,0,0.9285714285714286,0,0,0.0,1,0,1,0.0,0,1,0,4.0,0.0
751a94ab-d69a-4230-bf77-95b2db8d7361,Daraz,E-commerce,Ibrahim King,Unknown,3,2025-10-31 11:49:19,you have cash on delivery problem,you have cash on delivery problem,0,6,33,0,0,0,1.0,0,0,-0.4019,1,0,1,0.0,0,1,0,3.0,0.0
f6e691a9-413d-4599-b5d7-22b2ce25f53b,Daraz,E-commerce,A Google user,Unknown,1,2025-10-31 12:48:50,It's a very disgusting app & site and it is also disturbing me to search another thing in the Google.,it's a very disgusting app & site and it is also disturbing me to search another thing in the google.,0,20,101,0,0,0,1.0,0,1,-0.7902,1,0,4,155419.0,0,1,0,3.25,1.707825127659933
48827de6-1be9-4af9-b154-9b39cbfd2123,Daraz,E-commerce,mustafa Haider,Unknown,3,2025-10-31 13:43:37,good just so so,good just so so,0,4,15,0,0,0,0.75,0,0,0.4404,1,0,1,0.0,0,1,0,3.0,0.0
bcd4adc8-7afc-4d64-ae8e-4a2d64848523,Daraz,E-commerce,Hasnain malik,Unknown,5,2025-10-31 14:05:29,Nice 🙂,nice 🙂,0,2,6,1,0,0,1.0,0,0,0.6712,1,0,1,0.0,0,2,0,5.0,0.0
bd8dbd7e-501a-4e2b-acec-5ca8741f0bf4,Daraz,E-commerce,Munasingha Sampath,Unknown,5,2025-10-31 14:12:54,good!,good!,0,1,5,0,0,0,1.0,0,0,0.4926,1,0,1,0.0,0,2,0,5.0,0.0
923f1917-27c3-4e30-8f01-719a92f9b419,Daraz,E-commerce,Muhammad Sahal,Unknown,1,2025-10-31 14:55:08,I want to deposit my funds from daraz to bank but it doesn't work what's happening with it,i want to deposit my funds from daraz to bank but it doesn't work what's happening with it,0,18,90,0,0,0,0.8888888888888888,0,1,0.0387,1,0,1,0.0,0,1,0,1.0,0.0
6368d5af-f22d-4519-8896-01b811114eb9,Daraz,E-commerce,Rimsha Khan,Unknown,2,2025-10-31 15:10:48,where is review section,where is review section,0,4,23,0,0,0,1.0,0,0,0.0,1,0,1,0.0,0,1,0,2.0,0.0
44018bc8-f48b-42e6-8a29-3d12076dc81f,Daraz,E-commerce,Ahmad Abbas,Unknown,3,2025-10-31 15:35:05,this app is very interesting,this app is very interesting,0,5,28,0,0,0,1.0,0,1,0.4576,1,0,1,0.0,0,1,0,3.0,0.0
8c75448e-8746-4a6f-a946-6f15a7200c34,Daraz,E-commerce,Md Al Amin,Unknown,1,2025-10-31 16:21:18,product review option not showing! !!!,product review option not showing! !!!,4,6,38,0,0,0,1.0,0,0,0.0,1,0,1,0.0,0,1,0,1.0,0.0
fbb65785-d052-469e-8c42-e3a7859d3e00,Daraz,E-commerce,Bvjtiz Fhh,Unknown,4,2025-10-31 17:57:02,daraz app very good 👍🏿,daraz app very good 👍🏿,0,5,22,2,0,0,1.0,0,1,0.4927,1,0,1,0.0,0,1,0,4.0,0.0
5a90637d-7cbb-45ee-a3c5-fd5a2a711e4e,Daraz,E-commerce,Mahfuj Khan,Unknown,3,2025-10-31 20:17:09,Please fix your 'Review with photos' glitch. Photos taking endless time to load whenever I try to see a buyer review photo. This is a long time glitch Even when I've 200mbps internet line.,please fix your 'review with photos' glitch. photos taking endless time to load whenever i try to see a buyer review photo. this is a long time glitch even when i've 200mbps internet line.,25,34,188,0,0,0,0.9117647058823529,0,0,0.3182,1,0,1,0.0,0,1,0,3.0,0.0
3dfc51a3-8ea6-4856-8989-e033f7699c0f,Daraz,E-commerce,Ayesha Islam,Unknown,4,2025-11-01 05:13:13,i like it very much,i like it very much,0,5,19,0,0,0,1.0,0,0,0.3612,1,0,1,0.0,0,1,0,4.0,0.0
f6527403-e58a-47c2-a0e1-a96039b28a1b,Daraz,E-commerce,SUMANTA DAS,Unknown,2,2025-11-01 05:19:02,No option found for india. can u provide service in india??,no option found for india. can u provide service in india??,0,11,59,0,0,0,1.0,0,0,-0.3736,1,0,1,0.0,0,1,0,2.0,0.0
a199b9a4-e372-4dcf-bab8-2f0835c5b711,Daraz,E-commerce,Syed Rizwan Ali,Unknown,1,2025-11-01 07:23:12,There are no official merchandise.. Plus every one is selling fake video games and frauds are happening..There's nothing Daraz can do about it,there are no official merchandise.. plus every one is selling fake video games and frauds are happening..there's nothing daraz can do about it,0,23,142,0,0,0,0.9565217391304348,0,1,-0.8225,1,0,1,0.0,0,1,0,1.0,0.0
84b4bed2-162b-4e8d-957a-a9ce9d378b2c,Daraz,E-commerce,Hifsa Afridi,Unknown,4,2025-11-01 07:26:43,it's a good online shopping app but delivery charges on every single product??bro it's crazyy,it's a good online shopping app but delivery charges on every single product??bro it's crazyy,0,15,93,0,0,0,0.9333333333333333,0,1,-0.264,1,0,1,0.0,0,1,0,4.0,0.0
fcf19838-6e24-448d-92ad-a4f4e89d58ca,Daraz,E-commerce,Rabeya Rahnawad,Unknown,1,2025-11-01 07:40:13,No Cash On Delivery😡,no cash on delivery😡,0,4,20,1,0,0,1.0,0,0,-0.296,1,0,1,0.0,0,1,0,1.0,0.0
61b80190-ea37-4773-9b0c-dcd5e03b5e92,Daraz,E-commerce,Abod Hk,Unknown,1,2025-11-01 08:46:37,scammer,scammer,0,1,7,0,0,0,1.0,0,0,0.0,1,0,1,0.0,0,1,0,1.0,0.0
7fb395b4-b5d8-43ea-a89f-5058107f51ea,Daraz,E-commerce,Nipa,Unknown,3,2025-11-01 08:58:25,i love but It almost same itam,i love but it almost same itam,0,7,30,0,0,0,1.0,0,0,0.3818,1,0,1,0.0,0,1,0,3.0,0.0
f8fb72ee-b7e7-430d-af91-c99d08c132de,Daraz,E-commerce,nadeem_ 221nkr,Unknown,1,2025-11-01 10:55:14,intihai ghatya sarvice. ghair zemydaar staf. kabhi bhi advanve payment mat kry koi bhi user wrna itny bahany bana k apko gunehgaar sabit kr k paisy bhi kha lengy ye aur product bhi nhi diya jayga,intihai ghatya sarvice. ghair zemydaar staf. kabhi bhi advanve payment mat kry koi bhi user wrna itny bahany bana k apko gunehgaar sabit kr k paisy bhi kha lengy ye aur product bhi nhi diya jayga,0,36,195,0,0,0,0.8888888888888888,0,1,0.0,1,0,1,0.0,0,1,0,1.0,0.0
0385db0a-49f3-4d5d-b361-3498521a2637,Daraz,E-commerce,Sibtain Shah,Unknown,1,2025-11-01 11:13:54,"bakwas return policy, agr koi scam krdy to ap kuch nhi kr skty","bakwas return policy, agr koi scam krdy to ap kuch nhi kr skty",4,13,62,0,0,0,1.0,0,1,-0.5719,1,0,1,0.0,0,1,0,1.0,0.0
6c786264-6c63-4a4a-9cb1-3cd204e2f78b,Daraz,E-commerce,M saqib,Unknown,5,2025-11-01 13:40:31,app is a good,app is a good,0,4,13,0,0,0,1.0,0,1,0.4404,1,0,1,0.0,0,1,0,5.0,0.0
460f07e3-61e0-4159-9ced-1a0bcc5a143b,Daraz,E-commerce,Saad Pracha,Unknown,1,2025-11-01 14:52:30,Fraudulent service,fraudulent service,0,2,18,0,0,0,1.0,0,0,-0.4939,1,0,1,0.0,0,1,0,1.0,0.0
6da42e2b-622f-461c-841e-f3b421f3ba71,Daraz,E-commerce,T.9mo J4455,Unknown,5,2025-11-01 14:52:54,tayyab,tayyab,0,1,6,0,0,0,1.0,0,0,0.0,1,0,1,0.0,0,1,0,5.0,0.0
21ce8d95-da2d-4e54-9826-14405d4300a7,Daraz,E-commerce,Sakib Al Hasan Ramim,Unknown,3,2025-11-01 14:53:28,hang sometimes,hang sometimes,0,2,14,0,0,0,1.0,0,0,0.0,1,0,1,0.0,0,1,0,3.0,0.0
1f3d8198-808d-45c8-b473-7788e44c0d61,Daraz,E-commerce,Owais Mohsin,Unknown,1,2025-11-01 15:39:26,daraz mall is a cheater got a brand new phone worth around 2 lac with expired warranty kok zimmedar hai iska beghairaton,daraz mall is a cheater got a brand new phone worth around 2 lac with expired warranty kok zimmedar hai iska beghairaton,0,22,120,0,0,0,0.9545454545454546,0,1,-0.3818,1,0,1,0.0,0,1,0,1.0,0.0
82743870-4e66-4bea-8abc-74ee58eb74e1,Daraz,E-commerce,Kashif Bhai,Unknown,5,2025-11-01 16:03:43,This app is very cool and usefully.,this app is very cool and usefully.,0,7,35,0,0,0,1.0,0,1,0.6865,1,0,1,0.0,0,1,0,5.0,0.0
4a03270c-2f06-484a-861b-0707da2b8e64,Daraz,E-commerce,Safian Ali,Unknown,4,2025-11-01 16:16:38,Why reviews are not showing today for any of the products. Because reviews play major role for us to figure out which product should I buy or not. but now it's not showing. Answer me ASAP,why reviews are not showing today for any of the products. because reviews play major role for us to figure out which product should i buy or not. but now it's not showing. answer me asap,1,36,187,0,0,1,0.9166666666666666,0,0,0.1779,1,0,1,0.0,0,1,0,4.0,0.0
fb930bc0-a87e-496f-acdd-7be4f531c221,Daraz,E-commerce,Dr farooq Ahmad shah,Unknown,5,2025-11-01 16:24:11,Good application,good application,1,2,16,0,0,0,1.0,0,1,0.4404,1,0,1,0.0,0,2,0,5.0,0.0
18c33aba-9625-49c7-aed6-5b71a985451b,Daraz,E-commerce,Uroosha Farooq,Unknown,4,2025-11-01 16:35:26,im unable to see reviews now,im unable to see reviews now,1,6,28,0,0,0,1.0,0,0,0.0,1,0,1,0.0,0,1,0,4.0,0.0
52c2079b-cbc5-4170-9b34-c177b2ba1af0,Daraz,E-commerce,Amina Qaiser,Unknown,5,2025-11-01 16:58:51,it's mid but nice but send order we didn't order and we have to pay the order,it's mid but nice but send order we didn't order and we have to pay the order,0,17,77,0,0,0,0.7647058823529411,0,0,0.4767,1,0,1,0.0,0,1,0,5.0,0.0
f96ceaa0-d828-4d29-819e-0315f5ccefca,Daraz,E-commerce,Afsha SA Khan,Unknown,1,2025-11-01 17:22:56,fake app fake people,fake app fake people,1,4,20,0,0,0,0.75,0,1,-0.7351,1,0,1,0.0,0,1,0,1.0,0.0
3c1ff31e-13d8-42be-9a59-2f180b4417cb,Daraz,E-commerce,Rana Faizan,Unknown,5,2025-11-01 19:11:45,satisfaction 💕,satisfaction 💕,0,2,14,1,0,0,1.0,0,0,0.802,1,0,1,0.0,0,1,0,5.0,0.0
cb6f6ed9-5e9e-4a36-9ec8-748f43ee3204,Daraz,E-commerce,Samona Irfan,Unknown,3,2025-11-01 19:46:42,"overall fine, wishlist capacity should be increased","overall fine, wishlist capacity should be increased",0,7,51,0,0,0,1.0,0,0,0.4404,1,0,1,0.0,0,1,0,3.0,0.0
5f42b0dd-6dc5-49c0-b2b0-14f7069624a8,Daraz,E-commerce,Sanjoy Saha,Unknown,5,2025-11-01 21:47:31,daraz online provide us good service,daraz online provide us good service,1,6,36,0,0,0,1.0,0,0,0.4404,1,0,1,0.0,0,1,0,5.0,0.0
9b7a14ff-f708-49ba-83a9-6ad0c11a725e,Daraz,E-commerce,Sky Track,Unknown,2,2025-11-01 23:06:07,my name Umar Zain not option cash on delivery please option show,my name umar zain not option cash on delivery please option show,0,12,64,0,0,0,0.9166666666666666,0,0,0.3182,1,0,1,0.0,0,1,0,2.0,0.0
f9836022-a092-4aca-bff3-1858141bbc92,Daraz,E-commerce,Zubedah Naseem,Unknown,3,2025-11-02 04:43:01,App is good .... It is very easy to use....But since 3 days....a issue has came that we are unable to see people reviews on products because reviews section is not showing ....kindly resolve this issue,app is good .... it is very easy to use....but since 3 days....a issue has came that we are unable to see people reviews on products because reviews section is not showing ....kindly resolve this issue,3,36,201,0,0,0,0.8611111111111112,0,1,0.314,1,0,1,0.0,0,1,0,3.0,0.0
d1682a5c-b72f-4453-b582-efc49b1f2466,Daraz,E-commerce,NINJA HACKER,Unknown,5,2025-11-02 05:14:59,it provides affordable useful products with heigh quality.anywhere do you need,it provides affordable useful products with heigh quality.anywhere do you need,1,11,78,0,0,0,1.0,0,0,0.4404,1,0,1,0.0,0,1,0,5.0,0.0
840a8377-0708-473a-a72e-2831a3cc5a0b,Daraz,E-commerce,Skyliner,Unknown,4,2025-11-02 06:22:41,"Good app, but Dark Theme option is not available. User experience is much better if Dark Theme option is available...","good app, but dark theme option is not available. user experience is much better if dark theme option is available...",0,20,117,0,0,0,0.75,0,1,0.7003,1,0,1,0.0,0,1,0,4.0,0.0
7672843c-b511-4e11-b1a0-f515f4bed1f9,Daraz,E-commerce,Talha Ahmad,Unknown,5,2025-11-02 07:11:05,Average App,average app,0,2,11,0,0,0,1.0,0,1,0.0,1,0,1,0.0,0,1,0,5.0,0.0
ba0a5a9a-5308-4eea-ad0a-db229f686d4c,Daraz,E-commerce,Malik Taha,Unknown,1,2025-11-02 07:18:19,inke pass koi patakha hi nahin hai,inke pass koi patakha hi nahin hai,0,7,34,0,0,0,1.0,0,1,0.0,1,0,1,0.0,0,1,0,1.0,0.0
ee6e03d7-6236-4e14-b579-3c6f7c8109ec,Daraz,E-commerce,DÁRK STÀR GÂMIÑG Official,Unknown,1,2025-11-02 07:53:13,server is down 👎,server is down 👎,0,4,16,1,0,0,1.0,0,0,0.0,1,0,1,0.0,0,1,0,1.0,0.0
bc99a4fc-c01a-4f29-b2b6-20d15f093a6f,Daraz,E-commerce,King Usmani,Unknown,1,2025-11-02 08:47:10,fazool app hain sign up he nahi hota,fazool app hain sign up he nahi hota,0,8,36,0,0,0,1.0,0,1,0.0,1,0,1,0.0,0,1,0,1.0,0.0
12021c77-4578-492f-a7e9-91c9e50dead6,Daraz,E-commerce,Mohammad Ripon,Unknown,4,2025-11-02 11:25:09,Good luck,good luck,0,2,9,0,0,0,1.0,0,0,0.7096,1,0,1,0.0,0,1,0,4.0,0.0
b8a4632f-c43e-4680-a639-b7f12eaa6795,Daraz,E-commerce,mr sumon,Unknown,1,2025-11-02 12:24:43,This online shop in not good!,this online shop in not good!,0,6,29,0,0,0,1.0,0,0,-0.4015,1,0,1,0.0,0,1,0,1.0,0.0
5589f6df-1183-4321-b176-13ee5665898c,Daraz,E-commerce,Md Roton,Unknown,5,2025-11-02 12:28:42,very good apos,very good apos,0,3,14,0,0,0,1.0,0,0,0.4927,1,0,1,0.0,0,1,0,5.0,0.0
4e04b9e0-cf0b-4f9a-8d3f-b7628c13154e,Daraz,E-commerce,Zeeshan Hanif,Unknown,5,2025-11-02 13:17:46,Simple user interface!,simple user interface!,0,3,22,0,0,0,1.0,0,0,0.0,1,0,1,0.0,0,1,0,5.0,0.0
a3b8e64d-f465-4303-ab7c-cc54fe74fdc2,Daraz,E-commerce,Crazy Me,Unknown,1,2025-11-02 14:09:36,daraz doesn't let me order anything you need to fix it,daraz doesn't let me order anything you need to fix it,0,11,54,0,0,0,1.0,0,0,0.0,1,0,1,0.0,0,1,0,1.0,0.0
a0779276-e3ce-44c5-a3aa-794ea0b7d168,Daraz,E-commerce,Branded Ansari,Unknown,1,2025-11-02 14:10:54,Good greetful,good greetful,0,2,13,0,0,0,1.0,0,0,0.4404,1,0,1,0.0,0,1,0,1.0,0.0
dee9bd9c-9da1-4182-a8d6-625768a7032d,Daraz,E-commerce,Daniyal M. Arshad,Unknown,5,2025-11-02 14:12:19,very good app,very good app,0,3,13,0,0,0,1.0,0,1,0.4927,1,0,1,0.0,0,1,0,5.0,0.0
3fc9a612-5964-42ee-af16-b4af0995a056,Daraz,E-commerce,Beenish Waqas,Unknown,3,2025-11-02 14:55:06,lags a lot and i ordered a electric hair brush which was flop still somethings were good though still threee,lags a lot and i ordered a electric hair brush which was flop still somethings were good though still threee,0,20,108,0,0,0,0.9,0,1,-0.25,1,0,1,0.0,0,1,0,3.0,0.0
5abbebea-f8c0-40ef-9c62-424dc4d0dbf6,Daraz,E-commerce,Abaan UL Haq,Unknown,5,2025-11-02 16:37:20,thik ha bus,thik ha bus,0,3,11,0,0,0,1.0,0,0,0.34,1,0,1,0.0,0,1,0,5.0,0.0
2250bb5f-231c-448e-8185-1b65a9e03618,Daraz,E-commerce,Kavishka Viranga,Unknown,5,2025-11-02 17:00:35,Good Service,good service,0,2,12,0,0,0,1.0,0,0,0.4404,1,0,1,0.0,0,5,0,5.0,0.0
1cfd5d99-b343-4843-923c-eb0bff406e9f,Daraz,E-commerce,Gautam Network,Unknown,5,2025-11-02 18:46:02,Love it ❤️,love it ❤️,0,3,10,0,0,0,1.0,0,0,0.6369,1,0,1,0.0,0,1,0,5.0,0.0
5df665f6-97e7-48b6-8eab-49dde290fd57,Daraz,E-commerce,Ashik Mahmud,Unknown,3,2025-11-02 20:02:48,70% Seller Fraud...App Interface easy to use. 👍🏻,70% seller fraud...app interface easy to use. 👍🏻,0,8,48,2,0,0,1.0,0,1,0.4404,1,0,1,0.0,0,1,0,3.0,0.0
1e2e1db1-ad74-4b46-aebc-3c6cfc0ee39e,Daraz,E-commerce,Sbahat Ali,Unknown,3,2025-11-02 20:38:44,Daraz search engine id very very bad . because i search one thing but he show others things. very bad 😔😔,daraz search engine id very very bad . because i search one thing but he show others things. very bad 😔😔,0,21,104,2,0,0,0.8095238095238095,0,0,-0.7512,1,0,1,0.0,0,1,0,3.0,0.0
0b7318d0-06f3-4c47-860b-6bb419e176d7,Daraz,E-commerce,Asitha Ruwan,Unknown,5,2025-11-02 23:48:49,very good Daraz,very good daraz,0,3,15,0,0,0,1.0,0,0,0.4927,1,0,1,0.0,0,1,0,5.0,0.0
a6b0296e-cdbe-4371-b55f-1720d4bd6ff0,Daraz,E-commerce,Rashedul Hasan,Unknown,1,2025-11-03 02:08:51,বাযে 👎,বাযে 👎,0,2,6,1,0,0,1.0,0,0,0.0,1,0,1,0.0,0,1,0,1.0,0.0
c9eecef4-d150-471f-b302-6774b913f40a,Daraz,E-commerce,Neha Das,Unknown,1,2025-11-03 02:43:15,160tk delivary charge is actually wild 🤡. Big L,160tk delivary charge is actually wild 🤡. big l,0,9,47,1,0,0,1.0,0,0,0.4588,1,0,1,0.0,0,1,0,1.0,0.0
704043c6-a23b-4773-bd6c-ee628943a910,Daraz,E-commerce,Anita Thapa,Unknown,5,2025-11-03 02:51:19,great,great,0,1,5,0,0,0,1.0,0,0,0.6249,1,0,1,0.0,0,2,0,5.0,0.0
95fea417-98e6-4034-9d37-40e1e3440abc,Daraz,E-commerce,MOOSAALI ali,Unknown,1,2025-11-03 04:21:10,Very bad 👎 😕 update ...because people reviews are not showing on any product .....I am very disappointed 😞 from daraz update,very bad 👎 😕 update ...because people reviews are not showing on any product .....i am very disappointed 😞 from daraz update,0,22,124,3,0,1,0.9090909090909091,0,1,-0.9164,1,0,1,0.0,0,1,0,1.0,0.0
dfdc4bb6-b440-4ee5-aab7-f5b2f9a079f2,Daraz,E-commerce,Khan Jee,Unknown,5,2025-11-03 05:18:36,good quality,good quality,0,2,12,0,0,0,1.0,0,0,0.4404,1,0,1,0.0,0,2,0,5.0,0.0
fe41a75d-e56e-4bed-8d68-b982db13bce0,Daraz,E-commerce,alvia kausar,Unknown,1,2025-11-03 06:38:14,"new update achi nhi m, products k reviews or store name hi nhi dekh sky. isko plz phly ki trah kry, reviews new buyers k liy important hoty.","new update achi nhi m, products k reviews or store name hi nhi dekh sky. isko plz phly ki trah kry, reviews new buyers k liy important hoty.",0,28,140,0,0,0,0.8571428571428571,0,0,0.2732,1,0,1,0.0,0,1,0,1.0,0.0
68e4024e-ae6d-4ba7-bbf2-00207d89b92e,Daraz,E-commerce,Md Hafijul Islam,Unknown,5,2025-11-03 08:09:19,Great shopping apps.,great shopping apps.,0,3,20,0,0,0,1.0,0,1,0.6249,1,0,1,0.0,0,1,0,5.0,0.0
6c659c2a-b4fb-47d4-ab89-4538db948430,Daraz,E-commerce,Muhammad Noman Ahmed,Unknown,1,2025-11-03 08:12:50,"taking too much space 1.6GB, why?","taking too much space 1.6gb, why?",0,6,33,0,0,1,1.0,0,0,0.0,1,0,1,0.0,0,1,0,1.0,0.0
a3bd4a45-b4b2-4f09-8431-960e1ea03853,Daraz,E-commerce,sandesh Byanjankar,Unknown,1,2025-11-03 08:42:35,affiliate is not working,affiliate is not working,0,4,24,0,0,0,1.0,0,0,0.0,1,0,1,0.0,0,1,0,1.0,0.0
3d43eaee-4f41-4505-976e-d9eb63cc3adc,Daraz,E-commerce,Rabbi Ahammed,Unknown,1,2025-11-03 09:06:17,very bad app. delivery charge is too high.,very bad app. delivery charge is too high.,0,8,42,0,0,0,1.0,0,1,-0.5849,1,0,1,0.0,0,1,0,1.0,0.0
e1a44864-af27-45ad-b6d1-c92d1143d3fa,Daraz,E-commerce,Rohma Saeed,Unknown,2,2025-11-03 09:09:33,the app started lagging out of nowhere and its interface was missing features that I can't even view the shop at all. its getting weird.,the app started lagging out of nowhere and its interface was missing features that i can't even view the shop at all. its getting weird.,0,25,136,0,0,0,0.92,0,1,-0.6124,1,0,1,0.0,0,1,0,2.0,0.0
6176372e-9a14-40cb-a6d7-e0e0130deb09,Daraz,E-commerce,ikbal hasan,Unknown,3,2025-11-03 09:36:40,"a huge number of seller are Dishonest, product quality is so bad.","a huge number of seller are dishonest, product quality is so bad.",0,12,65,0,0,0,1.0,0,0,-0.7644,1,0,1,0.0,0,1,0,3.0,0.0
6f45b993-85e8-4f78-8b07-ff4f699fc3e8,Daraz,E-commerce,2 0 5 9 Md. Fariz Uddin Rabbu,Unknown,2,2025-11-03 09:51:42,Why is the review section hidden?,why is the review section hidden?,0,6,33,0,0,0,1.0,0,0,0.0,1,0,1,0.0,0,1,0,2.0,0.0
eda19bf8-a9b9-4780-a54e-710078a9379c,Daraz,E-commerce,Syed Faiz Gillani,Unknown,5,2025-11-03 10:25:53,4 years experience with daraz ❤ no doubt best Ecomerice platform in Pakistan,4 years experience with daraz ❤ no doubt best ecomerice platform in pakistan,1883,13,76,0,0,0,1.0,0,0,0.4482,1,0,1,0.0,0,1,0,5.0,0.0
7d356917-6131-4f6f-ba44-1565ab17ea04,Daraz,E-commerce,ARBAZ KHAN,Unknown,5,2025-11-03 11:23:17,"in this time ,other apps don't offer cod but daraz is best for cod","in this time ,other apps don't offer cod but daraz is best for cod",0,14,66,0,0,0,0.9285714285714286,1,1,0.7783,1,0,1,0.0,0,1,0,5.0,0.0
131b4214-4511-4d9c-8ea8-5eea5c1aeac9,Daraz,E-commerce,Talal Hussain,Unknown,1,2025-11-03 12:18:05,"In the past, its delivery was very good but nowadays it's delivering the parcal too late. very poor delivery 🚚","in the past, its delivery was very good but nowadays it's delivering the parcal too late. very poor delivery 🚚",1,20,110,1,0,0,0.85,0,0,-0.5413,1,0,1,0.0,0,1,0,1.0,0.0
0b02205d-6fc6-4dad-ad25-fde29920479e,Daraz,E-commerce,Abid Hasan,Unknown,1,2025-11-03 12:38:05,order error 🤮,order error 🤮,0,3,13,1,0,0,1.0,0,0,-0.4019,1,0,1,0.0,0,1,0,1.0,0.0
41920a72-7633-4aa7-9b52-e917daf77573,Daraz,E-commerce,Hassan Ali,Unknown,2,2025-11-03 14:01:28,good 😊,good 😊,0,2,6,1,0,0,1.0,0,0,0.836,1,0,1,0.0,0,4,1,2.0,0.0
9d8fb0d5-4970-435d-b8de-5ec2e278a7d5,Daraz,E-commerce,Samsung Led,Unknown,5,2025-11-03 14:49:59,wonderful,wonderful,0,1,9,0,0,0,1.0,0,0,0.5719,1,0,1,0.0,0,2,0,5.0,0.0
9c09f51e-ad64-4c99-ae6e-62b1216563d0,Daraz,E-commerce,Nad-e-ali awan,Unknown,5,2025-11-03 14:56:53,it's an absolute blast of AMAZINNESS,it's an absolute blast of amazinness,0,6,36,0,0,1,1.0,0,0,0.0,1,0,1,0.0,0,1,0,5.0,0.0
fb55701b-1ae0-455e-b47d-93ea1ebbd65e,Daraz,E-commerce,Gaming Society,Unknown,2,2025-11-03 16:10:30,too slow response. it took million years to load pictures,too slow response. it took million years to load pictures,0,10,57,0,0,0,1.0,0,0,0.0,1,0,1,0.0,0,1,0,2.0,0.0
e08e07d9-2368-42a9-9ff7-2f49f91ed916,Daraz,E-commerce,Syeda Azra,Unknown,2,2025-11-03 16:20:31,with this new update you can't see reviews anymore.,with this new update you can't see reviews anymore.,0,9,51,0,0,0,1.0,0,0,0.0,1,0,1,0.0,0,1,0,2.0,0.0
57305a5d-0d5b-42fd-ad0d-c4d2922e700d,Daraz,E-commerce,Muhammad Qaiser,Unknown,5,2025-11-03 16:33:18,THIS APP IS BEST FOR SHOPPING,this app is best for shopping,0,6,29,0,0,6,1.0,0,1,0.6369,1,0,1,0.0,0,1,0,5.0,0.0
c0e63327-76ab-4bee-8d6d-177b64f144c4,Daraz,E-commerce,kalindu jayanga,Unknown,5,2025-11-03 16:47:33,HomeShopping Ez 🔥,homeshopping ez 🔥,0,3,17,1,0,0,1.0,0,0,0.0258,1,0,1,0.0,0,1,0,5.0,0.0
78f0a45e-ae0d-4d82-96be-f17bf0fb8fd6,Daraz,E-commerce,Sobia Raza,Unknown,5,2025-11-03 16:53:37,3 words for this app: greatest app ever,3 words for this app: greatest app ever,0,8,39,0,0,0,1.0,0,1,0.6369,1,0,1,0.0,0,1,0,5.0,0.0
64c43995-c74a-417c-abfd-883ac9834451,Daraz,E-commerce,shabbir Ghulam,Unknown,3,2025-11-03 16:59:59,Everything is going perfect but since i updated it's server became slow takes too much time to load and i can't even see reviews and selection section... Plz solve this problem,everything is going perfect but since i updated it's server became slow takes too much time to load and i can't even see reviews and selection section... plz solve this problem,1,31,176,0,0,0,0.9354838709677419,0,0,0.1154,1,0,1,0.0,0,1,0,3.0,0.0
a79d0de5-8b44-4810-83d3-5cde9cf9fd86,Daraz,E-commerce,Dj Mj Sadek Official,Unknown,5,2025-11-03 17:04:40,its god apk,its god apk,0,3,11,0,0,0,1.0,0,0,0.2732,1,0,1,0.0,0,1,0,5.0,0.0
b859b465-7634-401d-a0c7-fa07df178996,Daraz,E-commerce,Hana.,Unknown,1,2025-11-03 17:24:53,why does daraz have a lot of features downloading in the back cuz istg its been fifth time already since I've downloaded the app its annoying fix it.,why does daraz have a lot of features downloading in the back cuz istg its been fifth time already since i've downloaded the app its annoying fix it.,0,28,149,0,0,0,0.9285714285714286,1,1,-0.4019,1,0,1,0.0,0,1,0,1.0,0.0
d7970852-eeb2-413f-a3d8-bf33d74932b7,Daraz,E-commerce,Velora Isis,Unknown,1,2025-11-03 17:37:16,"why can't I view price, reviews and ratings after clicked on product?","why can't i view price, reviews and ratings after clicked on product?",0,12,69,0,0,0,1.0,0,0,0.0,1,0,1,0.0,0,1,0,1.0,0.0
6e047147-1786-4463-a7a3-9fd96823dd38,Daraz,E-commerce,Jutt Mobile,Unknown,5,2025-11-03 17:40:48,good fast delivery same order as shown,good fast delivery same order as shown,0,7,38,0,0,0,1.0,0,0,0.4404,1,0,2,5399875.0,0,1,0,4.5,0.7071067811865476
0403dc32-bbe0-4164-9c8a-60845e52f034,Daraz,E-commerce,Hum Tv Status Videos,Unknown,1,2025-11-03 18:48:16,I cant see images of products What is the problem ? I have tried every solution,i cant see images of products what is the problem ? i have tried every solution,0,16,79,0,0,0,0.9375,0,0,-0.1027,1,0,1,0.0,0,1,0,1.0,0.0
39273ba5-50be-45ad-bf8e-d137172fbeaa,Daraz,E-commerce,Fatema Tabasum,Unknown,1,2025-11-03 19:07:10,"The surface is tooooo crowded with so many stuff at a times. Need more clean, minimal and classy surface in the app","the surface is tooooo crowded with so many stuff at a times. need more clean, minimal and classy surface in the app",0,22,115,0,0,0,0.9090909090909091,0,1,0.7089,1,0,1,0.0,0,1,1,1.0,0.0
9dc2c9aa-3e8f-4c02-8f9b-c88586f4bbb3,Daraz,E-commerce,Fi Az,Unknown,5,2025-11-03 19:28:27,good nice,good nice,0,2,9,0,0,0,1.0,0,0,0.6908,1,0,1,0.0,0,1,0,5.0,0.0
8284e96a-e3d5-4b04-a966-17e6a9e1844f,Daraz,E-commerce,Wasif Ahsan,Unknown,1,2025-11-03 19:49:32,Back button hijacking.,back button hijacking.,0,3,22,0,0,0,1.0,0,0,0.0,1,0,1,0.0,0,1,0,1.0,0.0
2139cfd0-064f-4068-b779-40fa0601a830,Daraz,E-commerce,Mateen Amjad,Unknown,1,2025-11-03 19:50:36,Removed reviews viewing option just before 11 11 sale,removed reviews viewing option just before 11 11 sale,0,9,53,0,0,0,0.8888888888888888,1,0,0.0,1,0,1,0.0,0,1,0,1.0,0.0
8b43616f-4994-4b89-9f2a-562922dfc880,Daraz,E-commerce,Sadia Afrin,Unknown,5,2025-11-03 21:05:07,after update i can't see review of products,after update i can't see review of products,0,8,43,0,0,0,1.0,0,0,0.0,1,0,1,0.0,0,1,0,5.0,0.0
254947e9-7744-482e-b431-9d1dfa1c91e1,Daraz,E-commerce,SHIMUL DAS,Unknown,2,2025-11-03 22:42:59,I couldn't find the rating section. Daraz has also a poor collection of brand products. And one more thing is previous logo was best of best.,i couldn't find the rating section. daraz has also a poor collection of brand products. and one more thing is previous logo was best of best.,0,26,141,0,0,0,0.9615384615384616,0,0,0.743,1,0,1,0.0,0,1,1,2.0,0.0
e513cdf0-2c9f-41e1-9ff2-2c9dc7794088,Daraz,E-commerce,‫کائیف (‪Keto‬‏)‬‎,Unknown,3,2025-11-03 23:23:36,the app is good but you guys should focus on a much cleaner UI and also a dark theme for this app,the app is good but you guys should focus on a much cleaner ui and also a dark theme for this app,0,22,97,0,0,1,0.9090909090909091,0,1,0.4588,1,0,1,0.0,0,1,0,3.0,0.0
a1e7a6df-34f3-4dc6-95c0-fb01a940ed08,Daraz,E-commerce,Sree Gopal,Unknown,5,2025-11-04 02:03:05,it’s is very nice app,it’s is very nice app,0,5,21,0,0,0,1.0,0,1,0.4754,1,0,1,0.0,0,1,0,5.0,0.0
0917c38a-d1bb-4672-a709-d47799135f6a,Daraz,E-commerce,Manel Sumanalatha,Unknown,5,2025-11-04 04:13:34,excellent app,excellent app,0,2,13,0,0,0,1.0,0,1,0.5719,1,0,1,0.0,0,1,0,5.0,0.0
dc671413-5136-40e8-bfab-bfca9efcad2d,Daraz,E-commerce,Charmini Ratnayaka,Unknown,1,2025-11-04 04:47:51,Too much and slower app,too much and slower app,0,5,23,0,0,0,1.0,0,1,0.0,1,0,1,0.0,0,1,0,1.0,0.0
559caa03-b904-4693-a6c2-15389c4e1d5c,Daraz,E-commerce,Robin Not Hood,Unknown,5,2025-11-04 04:50:28,good apps for your regular life,good apps for your regular life,0,6,31,0,0,0,1.0,0,1,0.4404,1,0,1,0.0,0,1,0,5.0,0.0
0d420204-5742-4b5e-ab83-6931d20ce4b3,Daraz,E-commerce,Pakistani i,Unknown,3,2025-11-04 05:38:11,i love the app but images dont open up. only previews,i love the app but images dont open up. only previews,0,11,53,0,0,0,1.0,0,1,0.3818,1,0,1,0.0,0,1,0,3.0,0.0
16f7d5a5-50fc-49c0-b1b0-e36ee8f14476,Daraz,E-commerce,Omer Ali,Unknown,1,2025-11-04 06:51:30,"Daraz has become worse, their riders take money from you even if you paid for order in advance. and sometimes they keep already paid orders with themselves marking as delivered.","daraz has become worse, their riders take money from you even if you paid for order in advance. and sometimes they keep already paid orders with themselves marking as delivered.",0,30,177,0,0,0,0.9333333333333333,0,0,-0.4767,1,0,1,0.0,0,1,0,1.0,0.0
bdb92399-ccef-48ce-9995-981e0b09270b,Daraz,E-commerce,Aayush Madhikarmi,Unknown,1,2025-11-04 07:31:59,long delivery time,long delivery time,0,3,18,0,0,0,1.0,0,0,0.0,1,0,1,0.0,0,1,0,1.0,0.0
64ebb5de-9f1f-4c98-9b83-62ff8a9fea45,Daraz,E-commerce,eeni meeni,Unknown,2,2025-11-04 07:57:20,where the reviews gone? I'm unable to find reviews anymore 😕,where the reviews gone? i'm unable to find reviews anymore 😕,0,11,60,1,0,0,0.9090909090909091,0,0,-0.3182,1,0,1,0.0,0,1,0,2.0,0.0
2d669773-96f9-4d00-a159-15a403511ae7,Daraz,E-commerce,Masil,Unknown,5,2025-11-04 08:01:48,Good App 👍,good app 👍,0,3,10,1,0,0,1.0,0,1,0.4404,1,0,1,0.0,0,1,0,5.0,0.0
ba1d47a7-4d95-4b76-8a38-3edfa90c0d7b,Daraz,E-commerce,beautiful lie,Unknown,1,2025-11-04 08:17:06,you need to fix it i can't order anything always says try again,you need to fix it i can't order anything always says try again,0,13,63,0,0,0,1.0,0,0,0.0,1,0,1,0.0,0,1,0,1.0,0.0
fe865a9a-b36e-458b-bec7-199b51f0cfad,Daraz,E-commerce,Shariatullah Ashik,Unknown,2,2025-11-04 09:26:03,"Recently daraz is not working right. I can't place order. it says voucher won't work. So I remove the voucher. still not Working. I've tried changing accounts, even phone. nothing is working. fix it., 😒","recently daraz is not working right. i can't place order. it says voucher won't work. so i remove the voucher. still not working. i've tried changing accounts, even phone. nothing is working. fix it., 😒",1,35,202,1,0,0,0.8857142857142857,0,0,0.0,1,0,1,0.0,0,1,0,2.0,0.0
d8d70888-ad2d-4142-8044-5be97ae3fca4,Daraz,E-commerce,Mohammad hadi,Unknown,5,2025-11-04 09:31:38,very good 👍,very good 👍,0,3,11,1,0,0,1.0,0,0,0.4927,1,0,1,0.0,0,1,0,5.0,0.0
9f2517a4-eadd-4f1b-933d-dfc14eb08a20,Daraz,E-commerce,Abdus Sattar,Unknown,5,2025-11-04 09:34:00,I LIKE THIS APP BECAUSE THIS A0P HAS DEATH NOTE 🤗🤗,i like this app because this a0p has death note 🤗🤗,0,11,50,2,0,9,0.9090909090909091,0,1,0.4939,1,0,1,0.0,0,1,0,5.0,0.0
ed3b150d-bd78-4641-b07f-d36533fc0442,Daraz,E-commerce,Lilac Sky,Unknown,1,2025-11-04 10:00:07,"Why I can't place my order?. It’s not working. It says this voucher is used, please change it. but even I change the voucher, even with no voucher, still not working","why i can't place my order?. it’s not working. it says this voucher is used, please change it. but even i change the voucher, even with no voucher, still not working",2,31,165,0,0,0,0.8387096774193549,0,0,-0.2846,1,0,1,0.0,0,1,0,1.0,0.0
9df36ea5-c0aa-4c92-9582-477eb2b6eec8,Daraz,E-commerce,I'm Simple,Unknown,1,2025-11-04 10:01:35,A big scam app.. recently mainy 3 perfumes order kiye empty bottle baij diye.. mainy wapas keyai daraz ko to mujhay reply mila k humain order theek laga wapas wahi empty bottle baij deyai.,a big scam app.. recently mainy 3 perfumes order kiye empty bottle baij diye.. mainy wapas keyai daraz ko to mujhay reply mila k humain order theek laga wapas wahi empty bottle baij deyai.,0,34,188,0,0,0,0.8235294117647058,0,1,-0.743,1,0,1,0.0,0,1,0,1.0,0.0
94523978-9c25-4af1-a8f3-25a858476cbf,Daraz,E-commerce,Mujahid Hussain,Unknown,1,2025-11-04 10:26:33,very bad experience I have order a product from it and get wrost of it,very bad experience i have order a product from it and get wrost of it,0,15,70,0,0,0,0.9333333333333333,0,0,-0.5849,1,0,1,0.0,0,1,0,1.0,0.0
31afb9a0-b2c3-4d83-9956-9804cd0c1a6d,Daraz,E-commerce,Rabia Chaudhry,Unknown,3,2025-11-04 10:41:56,"it's always been great shopping from daraz. but the new update in which customer's reviews are not shown, is worst. I can't trust an online product without seeing its reviews. so get that option back","it's always been great shopping from daraz. but the new update in which customer's reviews are not shown, is worst. i can't trust an online product without seeing its reviews. so get that option back",2,35,199,0,0,0,1.0,0,0,0.5327,1,0,1,0.0,0,1,0,3.0,0.0
6caee077-22bc-4482-9742-bd38d20bd7c2,Daraz,E-commerce,Rukhsar Baloch,Unknown,3,2025-11-04 11:54:03,your company takes a lot of delivery charges and it takes a long time to reach the parcel to the receiver the workers don't respect and the things we order are different and we get them different,your company takes a lot of delivery charges and it takes a long time to reach the parcel to the receiver the workers don't respect and the things we order are different and we get them different,0,37,195,0,0,0,0.7297297297297297,0,0,-0.5505,1,0,1,0.0,0,1,0,3.0,0.0
10020302-53c2-4672-8650-4402025e1e17,Daraz,E-commerce,Muhammad Ibrar Ali,Unknown,2,2025-11-04 12:43:53,poor quality app even images dont load properly,poor quality app even images dont load properly,0,8,47,0,0,0,1.0,0,1,-0.4767,1,0,1,0.0,0,1,0,2.0,0.0
94eb951d-6964-4384-9b6c-a597a9966ef2,Daraz,E-commerce,Arafaat Aslam,Unknown,5,2025-11-04 12:56:34,nice shopping app,nice shopping app,0,3,17,0,0,0,1.0,0,1,0.4215,1,0,1,0.0,0,1,0,5.0,0.0
6fa22009-d9f4-42d9-b5a8-b4ed550d9fe5,Daraz,E-commerce,Ahmed Arshad,Unknown,1,2025-11-04 13:48:57,"Remove the 18+ adds, which we never searched.","remove the 18+ adds, which we never searched.",0,8,45,0,0,0,1.0,0,0,0.0,1,0,1,0.0,0,1,0,1.0,0.0
279053b5-c475-46b8-91f8-813260542ca9,Daraz,E-commerce,Bhim Upadhya,Unknown,3,2025-11-04 13:54:59,app is pretty good but there's no cod available and some products that say free delivery still charge for delivery,app is pretty good but there's no cod available and some products that say free delivery still charge for delivery,0,20,114,0,0,0,0.95,1,1,0.6908,1,0,1,0.0,0,1,0,3.0,0.0
2f8c4adc-37a1-4091-8c73-04d786089e33,Daraz,E-commerce,Babar Khan,Unknown,2,2025-11-04 14:04:32,"This review is for Daraz app and NOT Daraz as service. Annoying pop-ups and pesky notifications. Search is pathetic with keywords, can't use combinations effectively. This kills a major function of the app.","this review is for daraz app and not daraz as service. annoying pop-ups and pesky notifications. search is pathetic with keywords, can't use combinations effectively. this kills a major function of the app.",2,33,206,0,0,1,0.8787878787878788,0,1,-0.9341,1,0,1,0.0,0,1,0,2.0,0.0
3c645722-79f8-4e5d-b225-b548985dba54,Daraz,E-commerce,mahesh malakar,Unknown,3,2025-11-04 14:20:16,average,average,0,1,7,0,0,0,1.0,0,0,0.0,1,0,1,0.0,0,1,0,3.0,0.0
64aee195-82fd-4da6-9167-eb06ee94a268,Daraz,E-commerce,Asif Khan,Unknown,5,2025-11-04 14:38:33,good app OK,good app ok,0,3,11,0,0,1,1.0,0,1,0.6249,1,0,2,2165108.0,0,1,0,3.0,2.8284271247461903
0d4afaa2-a5de-4da4-a4ca-9fc386ad8b6e,Daraz,E-commerce,Sami,Unknown,1,2025-11-04 16:40:05,quality har product ki low ha,quality har product ki low ha,0,6,29,0,0,0,1.0,0,0,0.0772,1,0,1,0.0,0,1,0,1.0,0.0
286a7c1d-f2d3-4858-9dbf-f9f8455a21b5,Daraz,E-commerce,Ashar Ansari,Unknown,3,2025-11-04 16:49:24,"After new update, comments and review section is not working","after new update, comments and review section is not working",2,10,60,0,0,0,1.0,0,0,0.0,1,0,1,0.0,0,1,0,3.0,0.0
d0d06d11-3103-472c-947d-f6aef929e598,Daraz,E-commerce,Shafana Rishan,Unknown,5,2025-11-04 17:38:33,Very good use full options,very good use full options,0,5,26,0,0,0,1.0,0,0,0.4927,1,0,1,0.0,0,1,0,5.0,0.0
8c0526bc-090f-4afa-85ed-8feaffb90daf,Daraz,E-commerce,Shifaat I.,Unknown,1,2025-11-04 18:37:09,So slow. Barely anything works. Especially during or near the sale. Can't see product images or reviews. It's been years and they still haven't fixed anything,so slow. barely anything works. especially during or near the sale. can't see product images or reviews. it's been years and they still haven't fixed anything,6,26,158,0,0,0,0.9230769230769231,1,0,0.0,1,0,1,0.0,0,1,0,1.0,0.0
0954f936-2e61-4c7e-af55-c81076d28e89,Daraz,E-commerce,Aminah Rizwan,Unknown,1,2025-11-04 18:45:53,The app is so useless it's not showing reviews anymore what is the point of having a great onlime shopping platform when you can't even see reviews?,the app is so useless it's not showing reviews anymore what is the point of having a great onlime shopping platform when you can't even see reviews?,1,27,148,0,0,0,0.9259259259259259,0,1,0.1239,1,0,1,0.0,0,1,0,1.0,0.0
d3d7f088-830c-4599-ae2c-d9bf10ad1cfb,Daraz,E-commerce,Faruk Bin ali,Unknown,5,2025-11-04 22:21:23,Very nice app,very nice app,0,3,13,0,0,0,1.0,0,1,0.4754,1,0,1,0.0,0,2,0,5.0,0.0
172ff682-9119-40fe-b974-8978f05cfeef,Daraz,E-commerce,Arsal Husnain,Unknown,5,2025-11-05 00:26:18,Nice app ❤,nice app ❤,0,3,10,0,0,0,1.0,0,1,0.7906,1,0,1,0.0,0,1,0,5.0,0.0
39a9ccd6-97c1-4ca2-83f1-8efcaf890ea7,Daraz,E-commerce,Md Nakib,Unknown,5,2025-11-05 01:54:20,Nice Daraz 🎆,nice daraz 🎆,0,3,12,1,0,0,1.0,0,0,0.4215,1,0,1,0.0,0,1,0,5.0,0.0
3e8bc8a4-25af-4bf1-b5a0-f16feec30b81,Daraz,E-commerce,Shishir Hassan,Unknown,5,2025-11-05 02:05:25,daraz Bhalo app,daraz bhalo app,0,3,15,0,0,0,1.0,0,1,0.0,1,0,1,0.0,0,1,0,5.0,0.0
26e59175-e90f-4388-b026-53a27ff31f5e,Daraz,E-commerce,Md. Riyad Ahammed,Unknown,5,2025-11-05 05:20:07,very nice app,very nice app,0,3,13,0,0,0,1.0,0,1,0.4754,1,0,1,0.0,0,2,0,5.0,0.0
786eef16-0eed-45d3-bbd3-4e20ac5d3ff1,Daraz,E-commerce,SK.fardien,Unknown,5,2025-11-05 06:26:18,nice one app,nice one app,0,3,12,0,0,0,1.0,0,1,0.4215,1,0,1,0.0,0,1,0,5.0,0.0
9d0df1ea-bb3d-48a4-9e45-6ce9603449ad,Daraz,E-commerce,Mirza Gee,Unknown,5,2025-11-05 07:36:31,Why my daraz app is not showing products reviews,why my daraz app is not showing products reviews,2,9,48,0,0,0,1.0,0,1,0.0,1,0,1,0.0,0,1,0,5.0,0.0
d405c0f4-58eb-40cf-81cb-61594093137f,Daraz,E-commerce,Abdul Khalid,Unknown,5,2025-11-05 08:01:00,daraz 🥰,daraz 🥰,0,2,7,1,0,0,1.0,0,0,0.8074,1,0,1,0.0,0,1,0,5.0,0.0
08e22100-1561-4f00-bf70-779ac909a9a6,Daraz,E-commerce,Drishan Puri,Unknown,1,2025-11-05 09:04:19,i can't even order,i can't even order,0,4,18,0,0,0,1.0,0,0,0.0,1,0,1,0.0,0,1,0,1.0,0.0
827e2e92-63fe-403f-af68-c3a17213d2a0,Daraz,E-commerce,Nida Fatima,Unknown,3,2025-11-05 09:12:09,"Daraz is by far my favourite app since I prefer not to shop in person; however, I’m currently facing an issue. The app is not showing product reviews","daraz is by far my favourite app since i prefer not to shop in person; however, i’m currently facing an issue. the app is not showing product reviews",7,28,149,0,0,0,0.8928571428571429,0,1,0.0,1,0,1,0.0,0,1,0,3.0,0.0
ecf75c7a-461f-4107-9f46-9844f317c63d,Daraz,E-commerce,Md Abu Talha siraji,Unknown,5,2025-11-05 09:13:46,very good,very good,0,2,9,0,0,0,1.0,0,0,0.4927,1,0,1,0.0,0,4,0,5.0,0.0
b713bb74-bd6f-48da-b8ad-72a24adf6543,Daraz,E-commerce,Nayana Perera,Unknown,5,2025-11-05 09:18:37,good daraz,good daraz,0,2,10,0,0,0,1.0,0,0,0.4404,1,0,1,0.0,0,1,0,5.0,0.0
a715b87d-f577-418e-bfd0-c4b01ee08de6,Daraz,E-commerce,Akbar Ali,Unknown,5,2025-11-05 09:59:05,Meri daraz apk pr Cash On delivery off Q Ara hy,meri daraz apk pr cash on delivery off q ara hy,0,11,47,0,0,0,1.0,0,0,0.0,1,0,1,0.0,0,1,0,5.0,0.0
58f978e3-51b2-4845-80a4-54eb3db996a4,Daraz,E-commerce,Azam Khan,Unknown,1,2025-11-05 10:11:19,scams,scams,0,1,5,0,0,0,1.0,0,0,-0.5859,1,0,1,0.0,0,1,0,1.0,0.0
03f451fc-7e32-4bcf-935f-58a512aa33b7,Daraz,E-commerce,Khatiba Khatiba,Unknown,1,2025-11-05 10:26:31,please stop your ads that pop up my screen on every seconds kindly I am so stressed,please stop your ads that pop up my screen on every seconds kindly i am so stressed,1,17,83,0,0,0,1.0,0,0,0.0474,1,0,1,0.0,0,1,0,1.0,0.0
494113ab-2531-495e-8f3e-9dc82cee53e4,Daraz,E-commerce,OP RIYAD,Unknown,4,2025-11-05 12:23:48,GOOD VERI GOOD DARAZ,good veri good daraz,0,4,20,0,0,4,0.75,0,0,0.7003,1,0,1,0.0,0,1,0,4.0,0.0
e65987cb-0fd5-4d5f-9720-2572a1ee9531,Daraz,E-commerce,Hifza Ch,Unknown,1,2025-11-05 13:44:56,I tried first time this app but very bad 😔 my first parcel is totaly change 🥺and I lose money😔 I say users please👋 be careful 👍 thanks,i tried first time this app but very bad 😔 my first parcel is totaly change 🥺and i lose money😔 i say users please👋 be careful 👍 thanks,0,28,134,5,0,0,0.8928571428571429,0,1,0.6786,1,0,1,0.0,0,1,1,1.0,0.0
93cabe8a-bf20-4f9e-851b-429c2638d5ad,Daraz,E-commerce,Raihana Jesmine,Unknown,2,2025-11-05 14:02:34,review dekhar option kenk baad doye deya hoyeche? akhn trusted kina eita janbo kibhabe?,review dekhar option kenk baad doye deya hoyeche? akhn trusted kina eita janbo kibhabe?,1,14,87,0,0,0,1.0,0,0,0.5362,1,0,1,0.0,0,1,1,2.0,0.0
6fee9d29-e9b4-4693-882d-c4d5e312ad57,Daraz,E-commerce,Yogen Limbu,Unknown,1,2025-11-05 14:30:42,Taplejung district isn't in the daraz location. 🙄🙄,taplejung district isn't in the daraz location. 🙄🙄,0,8,50,2,0,0,1.0,0,0,0.0,1,0,1,0.0,0,1,0,1.0,0.0
796a9a5e-cb0a-4254-aac8-bce6caf644bf,Daraz,E-commerce,Azmul Jahin,Unknown,1,2025-11-05 14:57:03,ফালতু অর্ডার বাতিল করছি ১৫ দিন হয়ে গেছে এখনো টাকা ফেরত পাইনি👆👆,ফালতু অর্ডার বাতিল করছি ১৫ দিন হয়ে গেছে এখনো টাকা ফেরত পাইনি👆👆,0,12,62,2,0,0,1.0,0,0,0.0,1,0,1,0.0,0,1,0,1.0,0.0
30d70a5a-94f5-4b6c-bb8d-b84c0dbc4669,Daraz,E-commerce,Dawood CH,Unknown,1,2025-11-05 15:02:56,Please update app UI add dark mode because it's kills eyes while low light.,please update app ui add dark mode because it's kills eyes while low light.,1,14,75,0,0,1,1.0,0,1,-0.5106,1,0,1,0.0,0,1,0,1.0,0.0
72d2ad46-7b01-43f5-a2e6-bd191984d111,Daraz,E-commerce,Rafay Khan,Unknown,4,2025-11-05 15:44:56,Discount RS: improve,discount rs: improve,0,3,20,0,0,1,1.0,1,0,0.4404,1,0,2,3381437.0,0,1,0,4.5,0.7071067811865476
228b0983-0c38-4eda-a0c3-c421bf26cab1,Daraz,E-commerce,Maria,Unknown,1,2025-11-05 17:56:38,cash on delivery ka option ni h 😐,cash on delivery ka option ni h 😐,1,8,33,1,0,0,1.0,0,0,0.0,1,0,2,3739791.0,0,1,0,2.5,2.1213203435596424
65d4eabc-a26c-4bea-95d4-263283d300a8,Daraz,E-commerce,N L,Unknown,3,2025-11-05 19:26:30,Better than temu i swear i found a pencil only one pemcil,better than temu i swear i found a pencil only one pemcil,0,12,57,0,0,0,0.9166666666666666,0,0,0.4019,1,0,1,0.0,0,1,0,3.0,0.0
3a816dce-f575-476f-857b-c89c1197852e,Daraz,E-commerce,Princess Muskan,Unknown,2,2025-11-05 21:46:07,after update can't show reviews and pages and prices why so hard 😢to select things to purchase why you do this i request to daraz change this like before this so much hard for customers 😡😤😡,after update can't show reviews and pages and prices why so hard 😢to select things to purchase why you do this i request to daraz change this like before this so much hard for customers 😡😤😡,3,36,189,4,0,0,0.8055555555555556,0,0,-0.4675,1,0,1,0.0,0,1,0,2.0,0.0
86f65d4e-a2af-4094-b62d-5b422b481123,Daraz,E-commerce,Can,Unknown,1,2025-11-05 23:38:36,මුන් බාගෙට බාගයක් ඉන්නෙ හොරු බාල බඩු තියෙන්නෙ.,මුන් බාගෙට බාගයක් ඉන්නෙ හොරු බාල බඩු තියෙන්නෙ.,0,8,46,0,0,0,1.0,0,0,0.0,1,0,1,0.0,0,1,0,1.0,0.0
30fda7d5-2b61-43e1-b0ce-953c15fa48de,Daraz,E-commerce,Mohammed nizam,Unknown,3,2025-11-06 02:13:59,good quality product,good quality product,0,3,20,0,0,0,1.0,0,0,0.4404,1,0,1,0.0,0,1,0,3.0,0.0
a791edd5-4498-430c-89c7-520a9913759a,Daraz,E-commerce,Aimen Saeed,Unknown,1,2025-11-06 03:53:56,"“It was a good experience, but since they ended the Cash on Delivery system, everything has become very bad, because I don’t have any digital account. I’m very disappointed.”😢😢😢","“it was a good experience, but since they ended the cash on delivery system, everything has become very bad, because i don’t have any digital account. i’m very disappointed.”😢😢😢",0,29,177,3,0,0,0.9655172413793104,0,1,-0.959,1,0,1,0.0,0,1,0,1.0,0.0
423e28d1-8e45-4ad4-8f51-6ed5d1753425,Daraz,E-commerce,King Raju,Unknown,1,2025-11-06 04:11:24,"ফালতু অনলাইন সপ, এখন আবার রিভিও দেখা যায় না👎👎👎👎","ফালতু অনলাইন সপ, এখন আবার রিভিও দেখা যায় না👎👎👎👎",0,9,47,4,0,0,1.0,0,0,0.0,1,0,1,0.0,0,1,0,1.0,0.0
99b9c01b-0d4c-4720-b0ce-1cdae960778d,Daraz,E-commerce,atif javed,Unknown,1,2025-11-06 08:21:28,bad experience. fake products. refund process very unfair. please don't waste hard money,bad experience. fake products. refund process very unfair. please don't waste hard money,0,13,88,0,0,0,1.0,0,0,-0.6991,1,0,1,0.0,0,1,0,1.0,0.0
7af721bd-1320-485c-8f3b-1db8b26422a3,Daraz,E-commerce,Muhammad Shahid,Unknown,1,2025-11-06 08:56:08,"they are scammers, their partner in taunsa lcs , not taking returns. I'm done with this app","they are scammers, their partner in taunsa lcs , not taking returns. i'm done with this app",0,17,91,0,0,0,1.0,0,1,0.0,1,0,1,0.0,0,1,0,1.0,0.0
b052fdb0-a9d3-4995-994f-957f990373eb,Daraz,E-commerce,Naidu longer,Unknown,1,2025-11-06 09:11:10,Kindly Login problem solve as soon as possible,kindly login problem solve as soon as possible,0,8,46,0,0,0,0.875,0,0,0.3182,1,0,1,0.0,0,1,0,1.0,0.0
14c02c65-9c39-490a-b81a-833fe60129e1,Daraz,E-commerce,komal rais,Unknown,4,2025-11-06 09:30:56,Can't open reviews n rating option on app.... plz help how can we order without seeing reviews,can't open reviews n rating option on app.... plz help how can we order without seeing reviews,3,17,94,0,0,0,0.9411764705882353,0,1,0.4588,1,0,1,0.0,0,1,0,4.0,0.0
4eaa7f27-ab8e-4cb1-8c75-31d37499fd6a,Daraz,E-commerce,Anura Herath,Unknown,4,2025-11-06 10:50:13,Nice app,nice app,0,2,8,0,0,0,1.0,0,1,0.4215,1,0,1,0.0,0,8,0,4.0,0.0
27f603fb-0dd7-47bd-af6a-44677f5bec50,Daraz,E-commerce,mohamad manas,Unknown,4,2025-11-06 11:56:55,super,super,0,1,5,0,0,0,1.0,0,0,0.5994,1,0,1,0.0,0,2,0,4.0,0.0
8f596697-18a6-4b5f-b2ea-2795a96b423f,Daraz,E-commerce,Muhibulla Shakib,Unknown,2,2025-11-06 12:57:04,a frod site... very bad,a frod site... very bad,0,5,23,0,0,0,1.0,0,0,-0.5849,1,0,1,0.0,0,1,0,2.0,0.0
3180ccc7-9dca-4b0d-afa4-23134a147841,Daraz,E-commerce,Haseeb Rehmaan,Unknown,2,2025-11-06 14:13:34,Good 😊,good 😊,0,2,6,1,0,0,1.0,0,0,0.836,1,0,1,0.0,0,4,1,2.0,0.0
a558d856-ba38-4879-814d-a7c39ab0b97a,Daraz,E-commerce,Notyour Jerry,Unknown,1,2025-11-06 14:34:26,very poor. many features are not working. pick up points are not showing. Price difference on opening ads. so much confusions. lags and glitches are making us in trouble 😵‍💫...,very poor. many features are not working. pick up points are not showing. price difference on opening ads. so much confusions. lags and glitches are making us in trouble 😵‍💫...,1,30,176,2,0,0,0.9,0,0,-0.9159,1,0,1,0.0,0,1,0,1.0,0.0
c00f595e-87ff-403c-ab35-6368aa43a30f,Daraz,E-commerce,Md Shihab,Unknown,1,2025-11-06 14:42:53,Thik moto products arr review dekha jaii naa🥴,thik moto products arr review dekha jaii naa🥴,1,8,45,1,0,0,1.0,0,0,0.0,1,0,1,0.0,0,1,0,1.0,0.0
4263185c-94aa-4b1d-93af-c60d59d3fb4a,Daraz,E-commerce,Abrar Shakif,Unknown,2,2025-11-06 14:56:18,i can't find any reviews in the review section...it is not accessable.so how can i order a product? also there is no first time customer offer and so many fake products.,i can't find any reviews in the review section...it is not accessable.so how can i order a product? also there is no first time customer offer and so many fake products.,2,31,169,0,0,0,0.9354838709677419,1,0,-0.6786,1,0,1,0.0,0,1,0,2.0,0.0
9768ee3e-b2ba-4c12-83b3-5f4f92f53c70,Daraz,E-commerce,Shoaib Ehsal,Unknown,1,2025-11-06 17:52:46,Dear Daraz I am very disappointed reviews option is not available of the product so how we can see the product rating and reviews.?,dear daraz i am very disappointed reviews option is not available of the product so how we can see the product rating and reviews.?,2,24,131,0,0,0,0.9166666666666666,0,1,-0.2006,1,0,1,0.0,0,1,0,1.0,0.0
3ef98e9e-d017-409f-bb67-89d6691bfa0d,Daraz,E-commerce,Malik Tabish,Unknown,1,2025-11-06 20:57:41,rating 1 star because Daraz has hidden buyer reviews. Comments are hidden and because of it I'am unable to make decision for purchase.,rating 1 star because daraz has hidden buyer reviews. comments are hidden and because of it i'am unable to make decision for purchase.,2,23,134,0,0,0,0.9130434782608695,0,0,0.0,1,0,1,0.0,0,1,0,1.0,0.0
ca604b40-4e6b-41fc-ab3d-56975a20fd41,Daraz,E-commerce,Ali Khan,Unknown,5,2025-11-06 21:14:08,"Hello daraz, where does the option of ""add to wishlist"" and user ratings and reviews disappeared after the update??","hello daraz, where does the option of ""add to wishlist"" and user ratings and reviews disappeared after the update??",13,19,115,0,0,0,0.8947368421052632,0,1,-0.3094,1,0,2,1325303.0,0,1,0,3.0,2.8284271247461903
b0d5c7fc-4790-4fba-8484-dc02271d0cda,Daraz,E-commerce,Fresh world,Unknown,1,2025-11-06 21:22:54,sometimes daraz app is a good app for online shopping but have a scammers there. we should think before buying something,sometimes daraz app is a good app for online shopping but have a scammers there. we should think before buying something,0,21,120,0,0,0,0.9047619047619048,0,1,0.2382,1,0,1,0.0,0,1,0,1.0,0.0
45bef5c0-763e-46fd-90d2-549129444456,Daraz,E-commerce,Shariar Minhaz,Unknown,2,2025-11-06 23:55:21,Why I can't check ratings of the product???,why i can't check ratings of the product???,0,8,43,0,0,0,1.0,0,0,0.0,1,0,1,0.0,0,1,0,2.0,0.0
a2a10ac4-658a-44ea-945c-24b3f86433d9,Daraz,E-commerce,Md. Tarikul Islam,Unknown,3,2025-11-07 00:37:46,After the latest update I can't check the reviews and also the warranty part for products. Bring back those options.,after the latest update i can't check the reviews and also the warranty part for products. bring back those options.,1,20,116,0,0,0,0.9,0,0,0.0,1,0,1,0.0,0,1,0,3.0,0.0
2fe0e628-1cbc-4a79-9eb3-08d3fb82a994,Daraz,E-commerce,Abbas Tariq,Unknown,1,2025-11-07 01:22:02,"reviews/rating not visible in this update, kindly fix this issue.","reviews/rating not visible in this update, kindly fix this issue.",1,10,65,0,0,0,0.9,0,0,0.4939,1,0,1,0.0,0,1,0,1.0,0.0
8cfbadc8-af0b-4f59-ab4e-a8589baa6b30,Daraz,E-commerce,Abdur Raqeeb,Unknown,3,2025-11-07 02:03:54,Easy Paisa transfer mathod is very hard,easy paisa transfer mathod is very hard,0,7,39,0,0,0,1.0,0,0,0.2975,1,0,1,0.0,0,1,0,3.0,0.0
16466106-f03c-4327-8963-3c4e0a5970c6,Daraz,E-commerce,Bzb Vsvs,Unknown,5,2025-11-07 02:40:45,very nic,very nic,0,2,8,0,0,0,1.0,0,0,0.0,1,0,1,0.0,0,1,0,5.0,0.0
e788a329-c701-4567-b668-14c7a61ba19e,Daraz,E-commerce,Anish Singh,Unknown,5,2025-11-07 03:09:01,everything is essy,everything is essy,0,3,18,0,0,0,1.0,0,0,0.0,1,0,1,0.0,0,1,0,5.0,0.0
34d3daca-ee9b-4659-a3d3-00f5f18cdbfc,Daraz,E-commerce,Kaushal Pokhrel,Unknown,1,2025-11-07 04:29:11,great selection .. POOR CUSTOMER SERVICE Be aware of buying anything of high value. The after sales from daraz-end (not from seller end) is so bad that you give up. Don't buy anything above 1000 rupees. Contact seller instead,great selection .. poor customer service be aware of buying anything of high value. the after sales from daraz-end (not from seller end) is so bad that you give up. don't buy anything above 1000 rupees. contact seller instead,0,39,225,0,0,3,0.8974358974358975,1,0,-0.2712,1,0,1,0.0,0,1,0,1.0,0.0
bd7f5255-8b64-4bd0-81e1-1be3397537f8,Daraz,E-commerce,Laxmi Bhandari,Unknown,1,2025-11-07 05:44:42,mero paisa aile samma return dechaina yo daraz le etro thulo platform vaera esto fraud scam garna laj lagdena,mero paisa aile samma return dechaina yo daraz le etro thulo platform vaera esto fraud scam garna laj lagdena,0,19,109,0,0,0,1.0,0,1,-0.8176,1,0,1,0.0,0,1,0,1.0,0.0
ab21f2d6-c2b1-4c2b-a05c-c620906e9bcb,Daraz,E-commerce,Abdullah Hafeez (AHAMSQ),Unknown,1,2025-11-07 06:37:29,tere pancos daraz saliya ma de pudi tere delivery charges de,tere pancos daraz saliya ma de pudi tere delivery charges de,0,11,60,0,0,0,0.8181818181818182,0,0,-0.2732,1,0,1,0.0,0,1,0,1.0,0.0
3fc4a92b-5860-44f1-9696-5b54d1f220e8,Daraz,E-commerce,Usman Shahid,Unknown,1,2025-11-07 07:38:17,"Unable to see rating and reviews, this section is hidden from last update. WORST thing by Daraz","unable to see rating and reviews, this section is hidden from last update. worst thing by daraz",1,17,95,0,0,1,1.0,0,0,-0.6249,1,0,1,0.0,0,1,0,1.0,0.0
4fe2a05c-2969-4249-a750-df37413dd06d,Daraz,E-commerce,Manal Khan,Unknown,5,2025-11-07 07:47:03,Best regards,best regards,0,2,12,0,0,0,1.0,0,0,0.6369,1,0,1,0.0,0,1,0,5.0,0.0
1de2d5e2-d0ae-466a-bb66-a2b213f56826,Daraz,E-commerce,Mohamed Rifky,Unknown,5,2025-11-07 08:39:05,Good products,good products,0,2,13,0,0,0,1.0,0,0,0.4404,1,0,1,0.0,0,2,0,5.0,0.0
baa72aa9-0df6-4283-9227-80b8b45cb34b,Daraz,E-commerce,Janaki Dinusha,Unknown,5,2025-11-07 09:29:29,love this app,love this app,0,3,13,0,0,0,1.0,0,1,0.6369,1,0,1,0.0,0,1,0,5.0,0.0
5af302be-3275-4444-ac6f-6fed2807320e,Daraz,E-commerce,Muhammad Tahir,Unknown,3,2025-11-07 10:38:55,best shopping app,best shopping app,0,3,17,0,0,0,1.0,0,1,0.6369,1,0,1,0.0,0,2,0,3.0,0.0
ddb63f4a-40b1-44e1-85ce-624d974a02df,Daraz,E-commerce,Razu Zone,Unknown,2,2025-11-07 11:00:05,10:10 er pore nee update product review dekha jacche na 😔 oita solve koren,10:10 er pore nee update product review dekha jacche na 😔 oita solve koren,0,14,74,1,0,0,1.0,0,0,0.2732,1,0,1,0.0,0,1,0,2.0,0.0
cee441c9-ff73-413b-b9ee-eef2381503a2,Daraz,E-commerce,Dhan Thapa,Unknown,4,2025-11-07 11:15:06,"Customer satisfaction is not prioritising by daraz. In Nepal, if Daraz Collection center cancelled or returned the parsal, the money will not funded back to their customers. Because everytime customer will not able to collect or receive their product timely.","customer satisfaction is not prioritising by daraz. in nepal, if daraz collection center cancelled or returned the parsal, the money will not funded back to their customers. because everytime customer will not able to collect or receive their product timely.",0,40,258,0,0,0,0.8,0,0,0.2263,1,0,1,0.0,0,1,0,4.0,0.0
1dd1f3fa-3c6a-4178-9dda-37e83df72035,Daraz,E-commerce,Sf Shajib,Unknown,5,2025-11-07 12:52:52,Daraz is a best,daraz is a best,0,4,15,0,0,0,1.0,0,0,0.6369,1,0,1,0.0,0,1,0,5.0,0.0
36eac164-b9a7-4dd9-a70c-d5075226e098,Daraz,E-commerce,Raja Muhammad Ahmad,Unknown,1,2025-11-07 12:55:35,new update is worst iam not able to see any review of any product that's worst upgrade,new update is worst iam not able to see any review of any product that's worst upgrade,2,17,86,0,0,0,0.8823529411764706,0,0,-0.8481,1,0,1,0.0,0,1,0,1.0,0.0
54ae9bc7-9a62-4086-a067-b23fcabb8ef9,Daraz,E-commerce,Munna Babu,Unknown,5,2025-11-07 13:28:55,very nice app that is very cool,very nice app that is very cool,0,7,31,0,0,0,0.8571428571428571,0,1,0.6894,1,0,1,0.0,0,1,0,5.0,0.0
5e76ef02-ae06-4cfc-a171-731e226db761,Daraz,E-commerce,Md Motahir,Unknown,5,2025-11-07 14:00:04,good app,good app,0,2,8,0,0,0,1.0,0,1,0.4404,1,0,1,0.0,0,10,0,5.0,0.0
34fcdbb9-ee86-47b1-9f5d-781aea490374,Daraz,E-commerce,Tafi Hasan,Unknown,1,2025-11-07 15:16:24,faltu,faltu,0,1,5,0,0,0,1.0,0,0,0.0,1,0,1,0.0,0,1,0,1.0,0.0
e1414751-c1cc-4d50-a9ce-bbed0e05a371,Daraz,E-commerce,Mahibul hasan,Unknown,1,2025-11-07 15:26:25,voucher not working order problem i hop you help a fast time,voucher not working order problem i hop you help a fast time,1,12,60,0,0,0,1.0,0,0,0.607,1,0,1,0.0,0,1,1,1.0,0.0
4afefb77-2a7b-452d-a2c6-633462ec4c44,Daraz,E-commerce,Roshani Rayamajhi,Unknown,5,2025-11-07 15:59:46,v.good I love this app,v.good i love this app,0,5,22,0,0,0,1.0,0,1,0.6369,1,0,1,0.0,0,1,0,5.0,0.0
de1a4625-a79c-4fd4-89b8-ff45af484cf0,Daraz,E-commerce,Abdul Kader,Unknown,3,2025-11-07 16:02:31,নগদ এর মাধ্যমে 1000 টাকা রিচার্জ করা যায় না দারাজ অ্যাপস ব্যবহার করে,নগদ এর মাধ্যমে 1000 টাকা রিচার্জ করা যায় না দারাজ অ্যাপস ব্যবহার করে,0,13,69,0,0,0,1.0,0,0,0.0,1,0,1,0.0,0,1,0,3.0,0.0
43720c68-d6e9-43a7-a1f3-267c953e093a,Daraz,E-commerce,Md Galif,Unknown,5,2025-11-07 16:13:33,Good App,good app,0,2,8,0,0,0,1.0,0,1,0.4404,1,0,1,0.0,0,10,0,5.0,0.0
60a729ff-ef1c-4420-9d91-a0aff87e4a12,Daraz,E-commerce,Muhammad Tariq,Unknown,5,2025-11-07 17:26:12,order hi nhi lagta,order hi nhi lagta,0,4,18,0,0,0,1.0,0,0,0.0,1,0,1,0.0,0,1,0,5.0,0.0
bdcbd816-7986-4cb8-b7cf-9cfab70ebae7,Daraz,E-commerce,Qaiser,Unknown,1,2025-11-07 17:47:02,yae log ziada careem waghera 2 number sale kartay or jab wapis karo in ka windar blok kar dayta karachi head office walay bhi n suntay main proof houn,yae log ziada careem waghera 2 number sale kartay or jab wapis karo in ka windar blok kar dayta karachi head office walay bhi n suntay main proof houn,0,29,150,0,0,0,1.0,1,0,0.0772,1,0,1,0.0,0,1,0,1.0,0.0
7cf74bcd-7def-4399-be69-00c024646437,Daraz,E-commerce,Md.sohan Khan,Unknown,5,2025-11-07 18:28:56,good online platform trusted,good online platform trusted,0,4,28,0,0,0,1.0,0,0,0.7184,1,0,1,0.0,0,1,0,5.0,0.0
4144af99-7df6-4d86-b1a8-44797c29f565,Daraz,E-commerce,Royal Tiger,Unknown,5,2025-11-07 19:56:55,love it,love it,0,2,7,0,0,0,1.0,0,0,0.6369,1,0,1,0.0,0,1,0,5.0,0.0
0623f231-301a-4cc5-a51c-59f592206274,Daraz,E-commerce,Sadaf Aalam,Unknown,5,2025-11-07 21:31:40,excellent,excellent,0,1,9,0,0,0,1.0,0,0,0.5719,1,0,1,0.0,0,3,0,5.0,0.0
e812a211-de19-420c-879f-7bef04215cc5,Daraz,E-commerce,Yeana Alom,Unknown,4,2025-11-08 00:41:23,That good,that good,0,2,9,0,0,0,1.0,0,0,0.4404,1,0,1,0.0,0,1,0,4.0,0.0
ff643243-d330-4c9c-92ae-d1791311fa4a,Daraz,E-commerce,Wajeeh Ul Hassan,Unknown,2,2025-11-08 01:44:52,"11-11 is Daraz' biggest spam of the year. items with similar prices are tagged ""Max Sale"" and whatnot while those items are sold for exactly same prices throughout the year.","11-11 is daraz' biggest spam of the year. items with similar prices are tagged ""max sale"" and whatnot while those items are sold for exactly same prices throughout the year.",0,30,173,0,0,0,0.8333333333333334,1,0,-0.3612,1,0,1,0.0,0,1,0,2.0,0.0
d8f6d91b-50ea-4155-895c-a86b57837164,Daraz,E-commerce,Dimath Kannangara,Unknown,5,2025-11-08 02:47:01,super,super,0,1,5,0,0,0,1.0,0,0,0.5994,1,0,1,0.0,0,2,0,5.0,0.0
06045e75-b663-407e-b882-a521b7f801b2,Daraz,E-commerce,Freefire Push,Unknown,1,2025-11-08 02:59:39,I don't get my refund 😭.Also the costume care don't work properly.,i don't get my refund 😭.also the costume care don't work properly.,0,12,66,1,0,0,0.9166666666666666,0,0,0.0258,1,0,1,0.0,0,1,0,1.0,0.0
ba4de1f8-a348-4e00-a1e0-cfd0646ebe46,Daraz,E-commerce,Foysa Jani,Unknown,5,2025-11-08 03:00:52,good🥰,good🥰,0,1,5,1,0,0,1.0,0,0,0.8807,1,0,1,0.0,0,1,0,5.0,0.0
f8449c3f-af74-4f7d-90e1-07a6c069a061,Daraz,E-commerce,Sobia Javed,Unknown,1,2025-11-08 03:29:43,Worst App EVER,worst app ever,0,3,14,0,0,1,1.0,0,1,-0.6249,1,0,1,0.0,0,1,0,1.0,0.0
f7694dae-a732-4a35-b795-c3cb1a9acfbc,Daraz,E-commerce,Narmeen Khan,Unknown,5,2025-11-08 04:27:33,nice experience,nice experience,0,2,15,0,0,0,1.0,0,0,0.4215,1,0,1,0.0,0,1,0,5.0,0.0
353b9f84-36b4-44b9-b184-4fb049c3a6e7,Daraz,E-commerce,Ifra Dar,Unknown,2,2025-11-08 05:02:02,Reviews and details are not showing on any products after the update kindly fix this issue ASAP so we can buy the product in 11.11 sale,reviews and details are not showing on any products after the update kindly fix this issue asap so we can buy the product in 11.11 sale,2,26,135,0,0,1,0.9615384615384616,1,0,0.4939,1,0,1,0.0,0,1,0,2.0,0.0
1b3f3d6a-0990-42d4-9809-4a7cec8c4766,Daraz,E-commerce,Sana Fatima,Unknown,5,2025-11-08 05:22:00,This app is amazing I have good experience,this app is amazing i have good experience,0,8,42,0,0,0,1.0,0,1,0.7717,1,0,1,0.0,0,1,0,5.0,0.0
987337e0-1321-4b2f-9bf1-9f64838abb08,Daraz,E-commerce,Naymul Nahin,Unknown,1,2025-11-08 05:26:11,The biggest campaign is ongoing and their app suddenly decides to not show reviews of products. Fix your app.,the biggest campaign is ongoing and their app suddenly decides to not show reviews of products. fix your app.,1,19,109,0,0,0,1.0,0,1,0.0,1,0,1,0.0,0,1,0,1.0,0.0
31473a9d-828a-40ea-9e3e-0e9709543ff9,Daraz,E-commerce,Damindu Rawishka,Unknown,5,2025-11-08 05:41:07,100%👌,100%👌,0,1,5,1,0,0,1.0,0,0,0.7297,1,0,1,0.0,0,1,0,5.0,0.0
1653b24e-f00d-4cc4-893a-f265382bef56,Daraz,E-commerce,Md Motaleb Sheikh,Unknown,5,2025-11-08 05:46:01,beautiful,beautiful,0,1,9,0,0,0,1.0,0,0,0.5994,1,0,1,0.0,0,2,0,5.0,0.0
46229069-ced3-4186-98de-e9067bfdc087,Daraz,E-commerce,yashoda RR,Unknown,5,2025-11-08 06:09:04,It would be great If we can directly contact the delivery person,it would be great if we can directly contact the delivery person,0,12,64,0,0,0,1.0,0,0,0.6249,1,0,1,0.0,0,1,0,5.0,0.0
d932bc63-a6ae-46fd-af25-2d1f3f14e813,Daraz,E-commerce,Maheesha Swarnanimna,Unknown,1,2025-11-08 07:05:02,New update is a total disaster. where is the user review section. We like to read reviews before we purchase an item. amd why is it so hard to see the price of the item?,new update is a total disaster. where is the user review section. we like to read reviews before we purchase an item. amd why is it so hard to see the price of the item?,3,35,169,0,0,0,0.8285714285714286,0,0,-0.5802,1,0,1,0.0,0,1,0,1.0,0.0
2364777b-68a5-4bf9-86c8-dc9254992793,Daraz,E-commerce,HUSSAIN JAFFAR,Unknown,1,2025-11-08 07:07:12,A platform of deception and buying sub-standard products at sky rocketing prices. Not recommended for shopping.,a platform of deception and buying sub-standard products at sky rocketing prices. not recommended for shopping.,4,16,111,0,0,0,1.0,0,0,-0.5411,1,0,1,0.0,0,1,0,1.0,0.0
cb301d09-0d95-4bc9-bcc9-42ea621cbdda,Daraz,E-commerce,Itzspofi Boy,Unknown,5,2025-11-08 07:45:05,Amazon se bahut bahut jyada good 👍,amazon se bahut bahut jyada good 👍,0,7,34,1,0,0,0.8571428571428571,0,1,0.5574,1,0,1,0.0,0,1,0,5.0,0.0
6c77b342-326e-4f69-ba78-75e2ad425522,Daraz,E-commerce,Mohi.b 507,Unknown,5,2025-11-08 08:38:49,Excellent,excellent,0,1,9,0,0,0,1.0,0,0,0.5719,1,0,1,0.0,0,3,0,5.0,0.0
f374c257-6166-4123-8655-613332d52a0e,Daraz,E-commerce,Kaleem Israr,Unknown,1,2025-11-08 09:01:41,NOOB APP,noob app,0,2,8,0,0,2,1.0,0,1,-0.0516,1,0,1,0.0,0,1,0,1.0,0.0
5f7899be-49b2-4f8f-9a7e-4d00674a1d94,Daraz,E-commerce,Olivia Ava,Unknown,1,2025-11-08 09:46:12,"It was very good before, now there is no cash on delivery. I feel very bad, it is not right. Lol🤣🤣","it was very good before, now there is no cash on delivery. i feel very bad, it is not right. lol🤣🤣",0,21,98,2,0,0,0.8571428571428571,0,0,0.3111,1,0,1,0.0,0,1,0,1.0,0.0
c7815ba6-4927-481b-8ab8-15e1b238761a,Daraz,E-commerce,princekta Ma,Unknown,5,2025-11-08 10:12:08,I lov it,i lov it,0,3,8,0,0,0,1.0,0,0,0.0,1,0,1,0.0,0,1,0,5.0,0.0
c70c9b0e-1790-4e89-b7f5-2f5169e4ad7c,Daraz,E-commerce,Sana Usman,Unknown,1,2025-11-08 10:39:00,scam me 3 times,scam me 3 times,0,4,15,0,0,0,1.0,0,0,-0.5719,1,0,1,0.0,0,1,0,1.0,0.0
53ced832-5fcf-447d-90eb-0878a6e930ef,Daraz,E-commerce,M.Abdullah,Unknown,5,2025-11-08 10:44:45,When I buy one thing on it after few days I buy every useful things on it 👍🌟🌟🌟👍👍,when i buy one thing on it after few days i buy every useful things on it 👍🌟🌟🌟👍👍,0,18,80,6,0,0,0.7777777777777778,0,0,0.4404,1,0,1,0.0,0,1,0,5.0,0.0
ad3e45e9-f93a-4781-9cdc-302ee1df89e0,Daraz,E-commerce,Ahnaf Shahriar,Unknown,4,2025-11-08 10:56:11,Good and bad both,good and bad both,0,4,17,0,0,0,1.0,0,0,-0.1531,1,0,1,0.0,0,1,0,4.0,0.0
a56a78d2-0c10-4685-b45f-cb56799e9ae7,Daraz,E-commerce,Mian Haroon,Unknown,1,2025-11-08 11:20:28,"Scam and fraud merchant of Pakistan i was waiting for my payment from last 15 days , but again and again they close my complain without providing my money","scam and fraud merchant of pakistan i was waiting for my payment from last 15 days , but again and again they close my complain without providing my money",0,29,154,0,0,0,0.8620689655172413,0,0,-0.7906,1,0,1,0.0,0,1,0,1.0,0.0
4b40d7a6-8b89-4005-be13-25a323663157,Daraz,E-commerce,M_R MUSHFIQ,Unknown,5,2025-11-08 12:44:43,perfect app to online shopping!🛍️🛒,perfect app to online shopping!🛍️🛒,0,5,34,2,0,0,1.0,0,1,0.6114,1,0,1,0.0,0,1,0,5.0,0.0
86212305-550d-411c-95e3-15c8daedad34,Daraz,E-commerce,Ghulam Ahmed,Unknown,5,2025-11-08 13:22:33,very nice,very nice,0,2,9,0,0,0,1.0,0,0,0.4754,1,0,1,0.0,0,3,0,5.0,0.0
561f0abf-ba55-46c6-b4fa-a35adbd57690,Daraz,E-commerce,Saeed Shoukat,Unknown,1,2025-11-08 14:00:51,very nice shoping online,very nice shoping online,0,4,24,0,0,0,1.0,0,0,0.4754,1,0,1,0.0,0,1,0,1.0,0.0
33052492-1d9a-40aa-87fc-d49337e2f3a5,Daraz,E-commerce,Ayeshaqaisar,Unknown,4,2025-11-08 14:32:31,the special month of this app is November and December I use this app,the special month of this app is november and december i use this app,0,14,69,0,0,0,0.8571428571428571,0,1,0.4019,1,0,1,0.0,0,1,0,4.0,0.0
cb343bf3-d311-4678-b46e-bb511a38cd96,Daraz,E-commerce,Furqan Baloch,Unknown,4,2025-11-08 15:26:53,Very nice and good condition 💯,very nice and good condition 💯,0,6,30,1,0,0,1.0,0,0,0.7397,1,0,1,0.0,0,1,0,4.0,0.0
d5c703ba-0ea4-4120-a6ae-92bd11ec7b77,Daraz,E-commerce,Syed Mohammad Hanif,Unknown,2,2025-11-08 16:04:32,I had installed this application but was shocked to see my personal information like photos etc was published without my permission etc.,i had installed this application but was shocked to see my personal information like photos etc was published without my permission etc.,0,22,136,0,0,0,0.9090909090909091,1,1,0.0772,1,0,1,0.0,0,1,0,2.0,0.0
93db3bfc-83ad-4fc3-9a44-33f39329e915,Daraz,E-commerce,KinGs Game Xone,Unknown,5,2025-11-08 17:26:03,"Im using daraz from many years. Bought lot of things, it's perfect for shopping. But Daraz application, really need some improvement now, lacking too much, taking too much time to loading.","im using daraz from many years. bought lot of things, it's perfect for shopping. but daraz application, really need some improvement now, lacking too much, taking too much time to loading.",58,31,188,0,0,0,0.9354838709677419,0,1,0.7747,1,0,1,0.0,0,1,0,5.0,0.0
40fbb282-a9f5-4a81-bc64-55dadab90853,Daraz,E-commerce,Saima Moni,Unknown,5,2025-11-08 17:26:34,Nice One,nice one,0,2,8,0,0,0,1.0,0,0,0.4215,1,0,1,0.0,0,1,0,5.0,0.0
b07b53b9-8a8c-46e5-b5fc-1e7962b7d5f6,Daraz,E-commerce,G K Prageeth Sirisena (Prageeth),Unknown,5,2025-11-08 17:31:04,💫💫💫💫💫,💫💫💫💫💫,0,1,5,5,0,0,1.0,0,0,-0.7579,1,0,1,0.0,0,1,1,5.0,0.0
c4bc8536-6775-4aee-a3ac-659c9440acca,Daraz,E-commerce,Abdullah Waheed,Unknown,5,2025-11-08 18:39:53,use full app,use full app,0,3,12,0,0,0,1.0,0,1,0.0,1,0,1,0.0,0,1,0,5.0,0.0
d5f910fe-aef7-4c62-818c-3c6761be1c4c,Daraz,E-commerce,Labib Noman,Unknown,5,2025-11-08 19:39:21,nice goriber bazar,nice goriber bazar,0,3,18,0,0,0,1.0,0,0,0.4215,1,0,1,0.0,0,1,0,5.0,0.0
4fa35725-2028-48fe-93ab-2afe7c4d5601,Daraz,E-commerce,Alina,Unknown,3,2025-11-09 01:17:37,dilevery service is way worse although the items are kinda good,dilevery service is way worse although the items are kinda good,0,11,63,0,0,0,1.0,0,0,-0.1263,1,0,1,0.0,0,1,0,3.0,0.0
eef1d839-7587-464f-8375-ffb4c5b8ec77,Daraz,E-commerce,Al-Imran Hasan Shuvo,Unknown,1,2025-11-09 03:45:56,"কোনো জিনিসের দাম প্রথমে যা দেখায়, দ্বিতীয় বার সার্চ দিলেই তার দাম বেড়ে যায়,তৃতীয় বার দিলে আবার বেড়ে যায়। আবার shipping cost অতিরিক্ত বেশি। এটার নাম দারাজ না হয়ে ডাকাত রাখা উচিত, এরা দিনে দুপুরে ডাকাতি করে।","কোনো জিনিসের দাম প্রথমে যা দেখায়, দ্বিতীয় বার সার্চ দিলেই তার দাম বেড়ে যায়,তৃতীয় বার দিলে আবার বেড়ে যায়। আবার shipping cost অতিরিক্ত বেশি। এটার নাম দারাজ না হয়ে ডাকাত রাখা উচিত, এরা দিনে দুপুরে ডাকাতি করে।",1,37,205,0,0,0,0.8918918918918919,0,0,0.0,1,0,1,0.0,0,1,0,1.0,0.0
56a0a5f1-a41c-44f4-a1a5-45cf50e17a51,Daraz,E-commerce,Sidratul Shorna,Unknown,5,2025-11-09 04:39:08,এটাতে ভালো মার্কেট করা যায়,এটাতে ভালো মার্কেট করা যায়,0,5,26,0,0,0,1.0,0,0,0.0,1,0,1,0.0,0,1,0,5.0,0.0
b28b1bd2-dc47-49eb-be8d-d2bd663a59fa,Daraz,E-commerce,Muhammad Tauqeer Ashraf,Unknown,1,2025-11-09 05:20:54,mujhy address likhny main problem ho rahi mere gaon ka address nhi lag Raha,mujhy address likhny main problem ho rahi mere gaon ka address nhi lag raha,0,14,75,0,0,0,0.9285714285714286,0,0,-0.6249,1,0,1,0.0,0,1,0,1.0,0.0
7d68d411-388d-4780-b7be-ab12bbb1b3e5,Daraz,E-commerce,Muhammad Fiyaz,Unknown,5,2025-11-09 07:13:16,i like you product,i like you product,0,4,18,0,0,0,1.0,0,0,0.3612,1,0,1,0.0,0,1,0,5.0,0.0
2cb67750-a73b-4eed-9aa0-b1668574d6e0,Daraz,E-commerce,Haider Ali,Unknown,5,2025-11-09 07:16:36,this app is very amazing,this app is very amazing,0,5,24,0,0,0,1.0,0,1,0.624,1,0,1,0.0,0,1,0,5.0,0.0
36be9a7f-7a85-4e76-bb13-6b4575eb803b,Daraz,E-commerce,Mohamed Faizal,Unknown,1,2025-11-09 07:55:21,Sadly this platform slowly dying can't help,sadly this platform slowly dying can't help,0,7,43,0,0,0,1.0,0,0,-0.6197,1,0,1,0.0,0,1,0,1.0,0.0
a69098b4-85b5-471c-93cf-52128a165c9c,Daraz,E-commerce,Abhishek Shrestha,Unknown,1,2025-11-09 08:00:25,yadi tmi haru la Kai product cancel garyau vanii tmla refund paudainau mwlai nii tai vayerw nai maile tw app nai uninstalled gardeya beora vaneko doro hunu parxw bakii hjur ko kura,yadi tmi haru la kai product cancel garyau vanii tmla refund paudainau mwlai nii tai vayerw nai maile tw app nai uninstalled gardeya beora vaneko doro hunu parxw bakii hjur ko kura,0,32,180,0,0,0,0.96875,1,1,-0.3182,1,0,1,0.0,0,1,0,1.0,0.0
79ad959e-9d88-4dea-9e53-85cbca2c6840,Daraz,E-commerce,Abdullah Sajjad,Unknown,5,2025-11-09 08:55:19,good 👍,good 👍,0,2,6,1,0,0,1.0,0,0,0.4404,1,0,1,0.0,0,4,0,5.0,0.0
a94efb3c-fa9c-4a3e-bf62-568fa8fb5821,Daraz,E-commerce,Rose Soomro,Unknown,5,2025-11-09 09:24:14,Good app,good app,0,2,8,0,0,0,1.0,0,1,0.4404,1,0,1,0.0,0,10,0,5.0,0.0
46184e84-975c-4cba-8bc8-922a7b6522e6,Daraz,E-commerce,Muhammad Waseem MiR,Unknown,1,2025-11-09 09:26:25,bkwas app of the world,bkwas app of the world,0,5,22,0,0,0,1.0,0,1,0.0,1,0,1,0.0,0,1,0,1.0,0.0
a2c74fe7-2b3b-4801-87c3-b2279c372ea3,Daraz,E-commerce,SA Imran,Unknown,1,2025-11-09 09:41:46,পেক এপ,পেক এপ,0,2,6,0,0,0,1.0,0,0,0.0,1,0,1,0.0,0,1,0,1.0,0.0
111e6e57-fc58-45f7-a6ad-7f877a231263,Daraz,E-commerce,Ashik islam Biplob,Unknown,5,2025-11-09 09:46:25,vare nice,vare nice,0,2,9,0,0,0,1.0,0,0,0.4215,1,0,1,0.0,0,1,0,5.0,0.0
60976cae-d7ab-4161-a704-2ca8d78cda92,Daraz,E-commerce,Muhammed Ali,Unknown,4,2025-11-09 10:03:03,"Sometimes , product don't match the item we actually ordered! this needs to be improved","sometimes , product don't match the item we actually ordered! this needs to be improved",0,15,87,0,0,0,1.0,0,0,0.5255,1,0,1,0.0,0,1,0,4.0,0.0
3db44440-2750-4a2d-8806-83bcf9130a5f,Daraz,E-commerce,Abuzar Rizvi,Unknown,5,2025-11-09 10:55:22,Daraz is Very Best,daraz is very best,0,4,18,0,0,0,1.0,0,0,0.6697,1,0,1,0.0,0,1,0,5.0,0.0
852d5e8e-63ed-4ef5-afd5-943a1fafde0a,Daraz,E-commerce,Muchi gg,Unknown,5,2025-11-09 11:26:44,very good application 💯,very good application 💯,0,4,23,1,0,0,1.0,0,1,0.4927,1,0,1,0.0,0,1,0,5.0,0.0
15f68930-93c6-4f46-a7f4-732e7e50d28d,Daraz,E-commerce,Anurhdha dhananjaya,Unknown,5,2025-11-09 13:12:37,Best aplication,best aplication,0,2,15,0,0,0,1.0,0,0,0.6369,1,0,1,0.0,0,1,0,5.0,0.0
f9391486-d646-40dd-9a8b-5d283cfc821e,Daraz,E-commerce,Anees Baloch,Unknown,5,2025-11-09 14:23:08,this is best platform for orders,this is best platform for orders,0,6,32,0,0,0,1.0,0,0,0.6369,1,0,1,0.0,0,1,0,5.0,0.0
06f99178-e116-449e-aa58-d6b7f2f88c33,Daraz,E-commerce,Daheem LM,Unknown,5,2025-11-09 14:36:58,👍nice,👍nice,0,1,5,1,0,0,1.0,0,0,0.0,1,0,1,0.0,0,1,0,5.0,0.0
0e17ebe9-4fb8-490a-8463-254280fc90c7,Daraz,E-commerce,Danyal Ali,Unknown,5,2025-11-09 15:08:17,soóooooōoo goooooooooooooooood,soóooooōoo goooooooooooooooood,0,2,30,0,0,0,1.0,0,0,0.0,1,0,1,0.0,0,1,0,5.0,0.0
694e124c-b719-41cf-addb-1e28de74ec56,Daraz,E-commerce,Pathum Wijesinghe,Unknown,1,2025-11-09 15:24:15,Ads are too annoying. I uninstall it. It is not worthy,ads are too annoying. i uninstall it. it is not worthy,0,11,54,0,0,0,1.0,1,0,-0.6256,1,0,1,0.0,0,1,0,1.0,0.0
4d824a2e-460d-40fe-b389-44c4ee06f577,Daraz,E-commerce,Ghulam Nabi,Unknown,5,2025-11-09 15:31:00,very nice 💯,very nice 💯,0,3,11,1,0,0,1.0,0,0,0.4754,1,0,1,0.0,0,1,0,5.0,0.0
2dadb15e-d714-4176-856e-3ee21d157911,Daraz,E-commerce,sindh test prep,Unknown,1,2025-11-09 15:31:07,why ur app is showing ads in all other apps .. only spending money on ads .. pathetic strategy..,why ur app is showing ads in all other apps .. only spending money on ads .. pathetic strategy..,0,19,96,0,0,0,0.8947368421052632,0,1,-0.5719,1,0,1,0.0,0,1,0,1.0,0.0
e7b1b03e-4c0a-4270-aef8-c43c275694f9,Daraz,E-commerce,Suporna Roy Choudhury,Unknown,1,2025-11-09 15:43:08,There is no reason to charge such a high delivery fee. They say that a product worth 500 taka will get 50% discount on a product worth 2000 taka...what is this!! Daraz is slowly becoming the most annoying app,there is no reason to charge such a high delivery fee. they say that a product worth 500 taka will get 50% discount on a product worth 2000 taka...what is this!! daraz is slowly becoming the most annoying app,0,39,208,0,0,0,0.8461538461538461,1,1,-0.4547,1,0,1,0.0,0,1,0,1.0,0.0
ee36b594-f64e-4de3-9d9d-bac88026ddb3,Daraz,E-commerce,Rãšël Ãhmêd Yãšîń,Unknown,4,2025-11-09 15:56:21,nice app,nice app,0,2,8,0,0,0,1.0,0,1,0.4215,1,0,1,0.0,0,8,0,4.0,0.0
fa6fd61d-d7cc-4157-a191-f6525d085d92,Daraz,E-commerce,sadia khatoon,Unknown,5,2025-11-09 17:11:24,it is very good app the best app i have visit is daraz,it is very good app the best app i have visit is daraz,0,13,54,0,0,0,0.8461538461538461,1,1,0.8122,1,0,1,0.0,0,1,0,5.0,0.0
0c9e5086-daa3-4c8e-bc0d-dfe9862c4061,Daraz,E-commerce,Samantha Niroshana,Unknown,5,2025-11-09 17:15:02,good job,good job,0,2,8,0,0,0,1.0,0,0,0.4404,1,0,1,0.0,0,3,0,5.0,0.0
4c846b8f-ffb2-4737-a2b0-3f8d9b2c31fd,Daraz,E-commerce,Prashant subedi,Unknown,5,2025-11-09 17:29:13,it is good aap,it is good aap,0,4,14,0,0,0,1.0,0,0,0.4404,1,0,1,0.0,0,1,0,5.0,0.0
bed3fb0a-d135-45ea-8a15-a0d4ba08fbe4,Daraz,E-commerce,Ismathfarzana,Unknown,5,2025-11-09 18:26:20,soon good,soon good,0,2,9,0,0,0,1.0,0,0,0.4404,1,0,1,0.0,0,1,0,5.0,0.0
47458942-bddc-4878-9e09-2ba8c641650b,Daraz,E-commerce,Hamas Ali,Unknown,1,2025-11-09 18:41:13,The Delivery Is Too Much Slow. My Order Is Not Shipped For 4-5 Days I Have Try To Contact with the Seller But He Didn't Respond.,the delivery is too much slow. my order is not shipped for 4-5 days i have try to contact with the seller but he didn't respond.,0,26,128,0,0,0,0.9230769230769231,0,0,0.0,1,0,1,0.0,0,1,0,1.0,0.0
