review_id,app_name,category,username,device,rating,timestamp,text_original,text_cleaned,thumbs_up,token_count,char_count,num_emojis,num_urls,num_uppercase_words,unique_word_ratio,contains_promo_words,has_urdu_words,sentiment_score,device_missing,generic_username,user_total_reviews,time_diff_seconds,is_burst,same_text_count,rating_text_mismatch,user_avg_rating,user_rating_std
92978db3-7373-48df-9bf6-6cdb459a22b1,Easypaisa,Banking,Sarmad Habib,Unknown,2,2025-10-15 17:28:31,it's not working properly in low end device's,it's not working properly in low end device's,0,8,45,0,0,0,1.0,0,0,-0.2732,1,0,1,0.0,0,1,0,2.0,0.0
8ec60574-a2f7-4b2c-8439-b9ce4f498f40,Easypaisa,Banking,Shoaib ansari,Unknown,1,2025-10-15 19:37:59,Easypaisa is not auto-fetching or verifying the OTP even though the SIM is inserted. It’s also not giving the option to enter the OTP manually — the OTP is still being masked. Please advise.,easypaisa is not auto-fetching or verifying the otp even though the sim is inserted. it’s also not giving the option to enter the otp manually — the otp is still being masked. please advise.,4,34,190,0,0,4,0.7352941176470589,0,0,0.068,1,0,1,0.0,0,1,0,1.0,0.0
852e4e98-faf7-44f3-96f9-c62535ffe05d,Easypaisa,Banking,Shakir Raza,Unknown,4,2025-10-15 19:46:31,good 😊👍,good 😊👍,0,2,7,2,0,0,1.0,0,0,0.836,1,0,1,0.0,0,1,0,4.0,0.0
9a5d86f8-70f0-4ba3-8b30-993f6eeb27bd,Easypaisa,Banking,Imran Baloch,Unknown,1,2025-10-16 02:00:07,this is very bad app,this is very bad app,0,5,20,0,0,0,1.0,0,1,-0.5849,1,0,1,0.0,0,1,0,1.0,0.0
974405e1-7add-49b2-984f-f30bacbd1e0d,Easypaisa,Banking,Haider Farooq,Unknown,1,2025-10-16 03:51:22,I'm trying to register my biometric but it is not accepting it. I have changed my phone and bank alfalah app and standard chartered app registered my fingerprints without any issue. this is not acceptable,i'm trying to register my biometric but it is not accepting it. i have changed my phone and bank alfalah app and standard chartered app registered my fingerprints without any issue. this is not acceptable,2,35,204,0,0,0,0.8285714285714286,0,1,-0.6392,1,0,1,0.0,0,1,0,1.0,0.0
905f005b-96f5-46df-b215-c7acbb15ae23,Easypaisa,Banking,Sajid Ali,Unknown,4,2025-10-16 03:51:52,vari good,vari good,0,2,9,0,0,0,1.0,0,0,0.4404,1,0,1,0.0,0,1,0,4.0,0.0
5d6f6039-b513-4fb5-a85f-2077b956f6c0,Easypaisa,Banking,MUHAMMAD AJMAL,Unknown,4,2025-10-16 05:26:40,so good,so good,0,2,7,0,0,0,1.0,0,0,0.4927,1,0,1,0.0,0,2,0,4.0,0.0
042599e1-0ad1-4975-9add-73e8187c5939,Easypaisa,Banking,Eeman Afzal,Unknown,1,2025-10-16 05:55:05,easypaisa app is not working properly not even opened! fix this problem as soon as possible i need it ! thankyou,easypaisa app is not working properly not even opened! fix this problem as soon as possible i need it ! thankyou,0,21,112,0,0,0,0.9047619047619048,0,1,-0.5732,1,0,1,0.0,0,1,0,1.0,0.0
992279f4-7120-4505-b39c-e0fc0ca77e63,Easypaisa,Banking,Broken YT,Unknown,1,2025-10-16 06:48:29,Mare number par code nahi a raha 🙁,mare number par code nahi a raha 🙁,0,8,34,1,0,0,1.0,0,1,-0.204,1,0,1,0.0,0,1,0,1.0,0.0
789b0c7a-d620-4d99-a74e-e26dfc570fe9,Easypaisa,Banking,Usman Shakoor,Unknown,1,2025-10-16 06:57:44,"need permission to location which mandatory for it to operate, Extremely intrusive, unwanted adds pop up, this app is like forcing you to allow it to access to everything on your mobile. Hate it","need permission to location which mandatory for it to operate, extremely intrusive, unwanted adds pop up, this app is like forcing you to allow it to access to everything on your mobile. hate it",1,34,194,0,0,0,0.8235294117647058,0,1,-0.2911,1,0,1,0.0,0,1,0,1.0,0.0
28aa8cbb-ccde-44c5-a179-6de27e15b518,Easypaisa,Banking,Ameer Hamza,Unknown,4,2025-10-16 07:00:34,very good and help fol app,very good and help fol app,0,6,26,0,0,0,1.0,0,1,0.7316,1,0,1,0.0,0,1,0,4.0,0.0
900fcf37-fbf8-4070-8f49-a8484caa8dd3,Easypaisa,Banking,Ahmer Fraz Mian,Unknown,1,2025-10-16 07:28:16,bar bar limit increase krny ki requst ki gai per limit increase nahi hoi,bar bar limit increase krny ki requst ki gai per limit increase nahi hoi,0,14,72,0,0,0,0.7142857142857143,0,1,0.5574,1,0,1,0.0,0,1,1,1.0,0.0
312dee7e-a22f-4115-ac52-d57167906078,Easypaisa,Banking,Muhmmad Zohan,Unknown,1,2025-10-16 10:38:46,loan nhi dati,loan nhi dati,0,3,13,0,0,0,1.0,0,0,0.0,1,0,1,0.0,0,1,0,1.0,0.0
df15105a-7fa5-489d-8583-efc045070d67,Easypaisa,Banking,Awais Khan,Unknown,4,2025-10-16 10:43:49,it's easy to use,it's easy to use,0,4,16,0,0,0,1.0,0,0,0.4404,1,0,1,0.0,0,1,0,4.0,0.0
23ea3dc2-d2a3-4d4f-aea1-c3dbc8ef04a9,Easypaisa,Banking,Muhammad Ali,Unknown,1,2025-10-16 11:37:04,puri duniya ki sabse gandi Taran service or app easypaisa app hai,puri duniya ki sabse gandi taran service or app easypaisa app hai,0,12,65,0,0,0,0.9166666666666666,0,1,0.0,1,0,2,0.0,0,1,0,2.5,2.1213203435596424
13af11cb-a09b-49ad-b0e7-2bdb09973d11,Easypaisa,Banking,Ibad Yousuf,Unknown,1,2025-10-16 13:04:21,account nahi ban raha,account nahi ban raha,0,4,21,0,0,0,1.0,0,1,-0.5574,1,0,1,0.0,0,1,0,1.0,0.0
5079e4f3-cdbd-49a2-b002-78a98c76ca27,Easypaisa,Banking,Alina Noob,Unknown,1,2025-10-16 14:03:16,Loan not applied with best score,loan not applied with best score,0,6,32,0,0,0,1.0,0,1,-0.5216,1,0,1,0.0,0,1,0,1.0,0.0
3dbc09e7-b7a3-4a36-8479-e0fc921db4a4,Easypaisa,Banking,Mr Khãrōōß,Unknown,1,2025-10-16 14:28:20,it's to horrible I try it many time to sign in there coz of changing my cellphone it's try failed everytime. whatever I say about it to credit in this bank.,it's to horrible i try it many time to sign in there coz of changing my cellphone it's try failed everytime. whatever i say about it to credit in this bank.,1,31,156,0,0,0,0.7741935483870968,0,0,-0.6369,1,0,1,0.0,0,1,0,1.0,0.0
12ba2bbd-24db-493c-9f57-5db2595687c8,Easypaisa,Banking,Op Awan,Unknown,1,2025-10-16 14:43:20,not satisfied,not satisfied,0,2,13,0,0,0,1.0,0,0,-0.3252,1,0,1,0.0,0,1,0,1.0,0.0
25960dbc-993f-45bc-b984-5e86a34f8440,Easypaisa,Banking,Zamin Ali,Unknown,1,2025-10-16 16:54:09,Lona problems ha plizz thek kardo,lona problems ha plizz thek kardo,0,6,33,0,0,0,1.0,0,0,-0.0772,1,0,1,0.0,0,1,0,1.0,0.0
5a80860b-d994-41d8-b1ff-21de77ea355b,Easypaisa,Banking,M Umair,Unknown,4,2025-10-16 17:13:10,Good app for money transfer easy way,good app for money transfer easy way,0,7,36,0,0,0,1.0,0,1,0.7003,1,0,1,0.0,0,1,0,4.0,0.0
35a3803a-0e19-4742-8588-d300bbaa1307,Easypaisa,Banking,Bharat SK singhania,Unknown,1,2025-10-16 17:36:28,easypaisa chor ha,easypaisa chor ha,0,3,17,0,0,0,1.0,0,0,0.34,1,0,1,0.0,0,1,0,1.0,0.0
b4428053-2ed9-45e1-9148-d1582523f5b8,Easypaisa,Banking,Mohsin rxa,Unknown,2,2025-10-16 18:24:41,save money easily,save money easily,0,3,17,0,0,0,1.0,0,0,0.6808,1,0,1,0.0,0,1,1,2.0,0.0
7b32d88b-b48b-4c3c-9821-72d54eb9202e,Easypaisa,Banking,Sucha Shahid,Unknown,1,2025-10-16 21:32:03,excellent job,excellent job,0,2,13,0,0,0,1.0,0,0,0.5719,1,0,1,0.0,0,2,1,1.0,0.0
1fff284d-f0e9-447c-97e9-21cfb48dc20b,Easypaisa,Banking,Imran Gondal,Unknown,2,2025-10-17 01:11:06,msg problm,msg problm,0,2,10,0,0,0,1.0,0,0,0.0,1,0,1,0.0,0,1,0,2.0,0.0
8869bcf7-391e-4fa2-8208-a683781fae9e,Easypaisa,Banking,Muzafar Iqbal,Unknown,1,2025-10-17 01:50:27,balance,balance,0,1,7,0,0,0,1.0,0,0,0.0,1,0,1,0.0,0,1,0,1.0,0.0
4b71a6ab-0ecf-4a42-a81b-208c9f3474cf,Easypaisa,Banking,Leapord Eyes,Unknown,4,2025-10-17 05:19:11,hii can the team help me to rejoin again my number in easy paisa without wasting time visiting the frenchize,hii can the team help me to rejoin again my number in easy paisa without wasting time visiting the frenchize,0,20,108,0,0,0,0.95,1,0,0.7997,1,0,1,0.0,0,1,0,4.0,0.0
bd8b2612-3788-4d91-9ba3-a30f7f3a4628,Easypaisa,Banking,Asad Khan,Unknown,1,2025-10-17 06:02:47,easy paisa mare divace main nhi chal raha q,easy paisa mare divace main nhi chal raha q,0,9,43,0,0,0,1.0,0,0,0.4404,1,0,2,0.0,0,1,0,3.0,2.8284271247461903
03c8fe9e-69a8-44f5-a033-c77a2eb73a17,Easypaisa,Banking,Karim Ullah,Unknown,4,2025-10-17 06:27:58,easy Payment And Easy To Use,easy payment and easy to use,0,6,28,0,0,0,0.8333333333333334,0,0,0.7003,1,0,1,0.0,0,1,0,4.0,0.0
881928ca-e6da-458b-bd98-14419b871c2f,Easypaisa,Banking,Ali Shan,Unknown,1,2025-10-17 08:15:18,best app thanks,best app thanks,0,3,15,0,0,0,1.0,0,1,0.7964,1,0,1,0.0,0,1,1,1.0,0.0
686af949-7122-4f87-9c1c-7e71c025708d,Easypaisa,Banking,Rose patel Rose patel,Unknown,4,2025-10-17 08:57:55,"very nice, active and quick response. keep it up.","very nice, active and quick response. keep it up.",0,9,49,0,0,0,1.0,0,0,0.7245,1,0,1,0.0,0,1,0,4.0,0.0
8441a589-9b7b-422f-b34f-0fad99c90a71,Easypaisa,Banking,Muhammad Salman,Unknown,1,2025-10-17 09:01:06,panyako nfc add kr do easyapsa ma b khoti k bacho customer service call b utha lia kro,panyako nfc add kr do easyapsa ma b khoti k bacho customer service call b utha lia kro,0,18,86,0,0,0,0.9444444444444444,0,0,-0.5719,1,0,2,0.0,0,1,0,1.0,0.0
7bbd0067-3f20-4223-ba6e-e5c879e44390,Easypaisa,Banking,Sair Asghar,Unknown,1,2025-10-17 09:42:18,My fingerprint verification can't get accepted everytime gives error 😡,my fingerprint verification can't get accepted everytime gives error 😡,0,10,70,1,0,0,1.0,0,0,-0.5445,1,0,1,0.0,0,1,0,1.0,0.0
e666e664-a453-4fa9-9bd9-96a082698fda,Easypaisa,Banking,Rajausman Usman,Unknown,1,2025-10-17 10:33:08,bad app account verify he nhi hota na otp ata account sign up he nhi ho rha otp receive ni ho rha plz help,bad app account verify he nhi hota na otp ata account sign up he nhi ho rha otp receive ni ho rha plz help,0,24,106,0,0,0,0.75,0,1,-0.128,1,0,1,0.0,0,1,0,1.0,0.0
fbc54ccd-772d-4cd7-963d-6763c35cbb8e,Easypaisa,Banking,Ghulam Abbas,Unknown,1,2025-10-17 10:44:47,love 💕💕💕💕💕💕,love 💕💕💕💕💕💕,0,2,11,6,0,0,1.0,0,0,0.9861,1,0,1,0.0,0,1,1,1.0,0.0
54c4771c-b899-47b4-8b3a-9826547a6db3,Easypaisa,Banking,Rao naqibullah,Unknown,1,2025-10-17 11:28:33,update plz,update plz,0,2,10,0,0,0,1.0,0,0,0.0772,1,0,1,0.0,0,1,0,1.0,0.0
8b91c8ab-8f76-4306-ba67-4010235ba98b,Easypaisa,Banking,Ghulam Nabi,Unknown,4,2025-10-17 11:32:21,This is very wonderful app and is beneficial for common people.,this is very wonderful app and is beneficial for common people.,0,11,63,0,0,0,0.9090909090909091,0,1,0.7841,1,0,1,0.0,0,1,0,4.0,0.0
83db70fc-6db6-4a77-b997-2a7d7433ce7f,Easypaisa,Banking,Sana Ullah,Unknown,2,2025-10-17 11:40:38,merye is mobile main ya app install nhi ho rhi koi help krye plz,merye is mobile main ya app install nhi ho rhi koi help krye plz,0,14,64,0,0,0,1.0,1,1,0.4588,1,0,2,0.0,0,1,0,1.5,0.7071067811865476
08947fc8-8eb0-405b-9e19-0c67b53ff4ef,Easypaisa,Banking,Hammad Yasir,Unknown,1,2025-10-17 11:49:29,deducting Rs on senting 1000 Rs fees 1.55 Rs.zidda amount py tu cut kr leta hai lakn chooti de amount py b deducted karty hn,deducting rs on senting 1000 rs fees 1.55 rs.zidda amount py tu cut kr leta hai lakn chooti de amount py b deducted karty hn,0,25,124,0,0,0,0.88,0,1,-0.2732,1,0,1,0.0,0,1,0,1.0,0.0
66a719db-ebce-4d72-b20c-1b9d85a9f76b,Easypaisa,Banking,Aqib Metlo,Unknown,1,2025-10-17 13:30:33,Faheem,faheem,0,1,6,0,0,0,1.0,0,0,0.0,1,0,1,0.0,0,2,0,1.0,0.0
5e502788-d58f-4279-85ec-bf77ee187c8c,Easypaisa,Banking,Shahbaz Ali,Unknown,1,2025-10-17 14:38:18,very bad app,very bad app,0,3,12,0,0,0,1.0,0,1,-0.5849,1,0,1,0.0,0,1,0,1.0,0.0
a703643a-b368-47c4-b780-4dca68776131,Easypaisa,Banking,Abeer Here,Unknown,1,2025-10-17 15:25:03,Ghtiya app,ghtiya app,0,2,10,0,0,0,1.0,0,1,0.0,1,0,1,0.0,0,1,0,1.0,0.0
05ef0abf-5c02-42bd-b374-66437e590a86,Easypaisa,Banking,Salma Asghar,Unknown,2,2025-10-17 15:51:50,I sometime suffer using this app bcz it doesn't support offline usage which is often trouble causing while making transactions,i sometime suffer using this app bcz it doesn't support offline usage which is often trouble causing while making transactions,0,20,126,0,0,0,1.0,0,1,-0.7957,1,0,1,0.0,0,1,0,2.0,0.0
fc0515d3-323b-4862-8ea9-86f4824598e8,Easypaisa,Banking,MHaseeb Khan,Unknown,1,2025-10-17 17:24:09,A want grow my account,a want grow my account,0,5,22,0,0,0,1.0,0,0,0.0772,1,0,1,0.0,0,1,0,1.0,0.0
f8d9df73-9933-4fd1-9cb8-9f89ebfb9acb,Easypaisa,Banking,Baba Nawaz,Unknown,2,2025-10-17 20:20:35,mujhy loan kyon nh mil raha hai,mujhy loan kyon nh mil raha hai,0,7,31,0,0,0,1.0,0,1,0.4939,1,0,1,0.0,0,1,0,2.0,0.0
ba2a42ba-0610-421e-9fc7-52f61b6f3bc9,Easypaisa,Banking,Muhammad Umar,Unknown,4,2025-10-17 22:22:06,ٱلسَّلَامُ عَلَيْكُمْ وَرَحْمَةُ ٱللّٰهِ وَبَرَكَاتُهُ!,ٱلسَّلَامُ عَلَيْكُمْ وَرَحْمَةُ ٱللّٰهِ وَبَرَكَاتُهُ!,0,5,55,0,0,0,1.0,0,0,0.0,1,0,2,0.0,0,1,0,2.5,2.1213203435596424
9c5b694a-81fc-44aa-9fad-1e879acbb325,Easypaisa,Banking,Farhan Ch,Unknown,1,2025-10-18 03:17:14,v v very bad app,v v very bad app,0,5,16,0,0,0,0.8,0,1,-0.5849,1,0,1,0.0,0,1,0,1.0,0.0
1074de9f-4247-42f1-8599-a06067448144,Easypaisa,Banking,Jano Abbasi,Unknown,1,2025-10-18 05:24:27,good experience but some time showing issue,good experience but some time showing issue,0,7,43,0,0,0,1.0,0,0,0.2382,1,0,1,0.0,0,1,0,1.0,0.0
efd84aad-ac70-49e0-bddb-d7199e82d12a,Easypaisa,Banking,Sumeer Mughal,Unknown,3,2025-10-18 05:35:11,plz solve the issues related to easypaisa technical issues plz take a look on it,plz solve the issues related to easypaisa technical issues plz take a look on it,0,15,80,0,0,0,0.8666666666666667,0,0,0.34,1,0,1,0.0,0,1,0,3.0,0.0
95d01bf3-22d2-40d1-9b53-209f1a93c075,Easypaisa,Banking,Muhammad Saeed,Unknown,1,2025-10-18 06:22:43,Free Imran khan,free imran khan,0,3,15,0,0,0,1.0,1,0,0.5106,1,0,2,0.0,0,1,1,1.0,0.0
8c005fa7-a89a-4093-bdd9-6ad2e0edaec8,Easypaisa,Banking,Saad Arshad,Unknown,1,2025-10-18 07:27:20,Bakwas Tareen easypaisa Wala mera account sa paisay kaat gai hain agla ko Mila hi nahi kia bakwas ha yeh? worst app,bakwas tareen easypaisa wala mera account sa paisay kaat gai hain agla ko mila hi nahi kia bakwas ha yeh? worst app,0,22,115,0,0,0,0.9545454545454546,0,1,-0.7845,1,0,1,0.0,0,1,0,1.0,0.0
965c292a-2174-4285-bd5e-cb068efc4d64,Easypaisa,Banking,"MÄJÑÜ,S SQÙÃD",Unknown,1,2025-10-18 07:31:05,very poor show is me Jo meezan digital account me investment plan hn WO log investment KY name b loot thy hn koi b invest na krein fraud hn,very poor show is me jo meezan digital account me investment plan hn wo log investment ky name b loot thy hn koi b invest na krein fraud hn,0,29,139,0,0,2,0.8275862068965517,0,0,-0.8016,1,0,1,0.0,0,1,0,1.0,0.0
1472b366-4bc3-4442-be2d-900f641817f5,Easypaisa,Banking,Junaidd Palari,Unknown,3,2025-10-18 08:49:24,junaidpalari,junaidpalari,0,1,12,0,0,0,1.0,0,0,0.0,1,0,1,0.0,0,1,0,3.0,0.0
ba1d62de-2ae7-4d7e-b9fd-646268fca217,Easypaisa,Banking,Muhammad Ali,Unknown,4,2025-10-18 10:12:45,nice app for transactions,nice app for transactions,0,4,25,0,0,0,1.0,0,1,0.4215,1,0,2,167741.0,0,1,0,2.5,2.1213203435596424
4ab176b1-ac51-4159-bc6d-7415f9e409ac,Easypaisa,Banking,idrees joyiaa,Unknown,1,2025-10-18 10:16:58,worst banking app. why needs location permission?,worst banking app. why needs location permission?,0,7,49,0,0,0,1.0,0,1,-0.6249,1,0,1,0.0,0,1,0,1.0,0.0
3e33cc69-f78a-46b7-911b-95a00a0cfac1,Easypaisa,Banking,Smile'sHusnain Ali,Unknown,4,2025-10-18 10:41:23,not that bad 👍🏻,not that bad 👍🏻,0,4,15,2,0,0,1.0,0,0,0.431,1,0,1,0.0,0,1,0,4.0,0.0
006735da-7922-4719-adeb-70847ef44140,Easypaisa,Banking,Abdullah Khan,Unknown,4,2025-10-18 10:43:08,this app is good but there is an via a notified massage problem kindly solve,this app is good but there is an via a notified massage problem kindly solve,1,15,76,0,0,0,0.9333333333333333,0,1,0.5994,1,0,3,0.0,0,1,0,4.666666666666667,0.5773502691896257
b7e4b398-ff40-42a1-9df4-14d5df9bd4a4,Easypaisa,Banking,Ishaq afridi,Unknown,4,2025-10-18 12:49:19,Is this app easy to use this ap is amazing.money transfer bill payment and very fast app..😍😍😍,is this app easy to use this ap is amazing.money transfer bill payment and very fast app..😍😍😍,0,17,93,3,0,0,0.8823529411764706,0,1,0.9035,1,0,1,0.0,0,1,0,4.0,0.0
b1ebb156-9e56-48ef-a5b0-adeab3280747,Easypaisa,Banking,Ayat Afzaal,Unknown,1,2025-10-18 13:10:34,Good App,good app,0,2,8,0,0,0,1.0,0,1,0.4404,1,0,1,0.0,0,8,0,1.0,0.0
8b9a8280-6542-48ed-af9b-5e27bbb2167f,Easypaisa,Banking,Khubab Mahar,Unknown,2,2025-10-18 13:16:02,I like it,i like it,0,3,9,0,0,0,1.0,0,0,0.3612,1,0,1,0.0,0,2,0,2.0,0.0
2d49f85a-4d0b-4c66-8108-cded63816959,Easypaisa,Banking,Shahzaib Naqvi,Unknown,4,2025-10-18 13:34:05,good job,good job,0,2,8,0,0,0,1.0,0,0,0.4404,1,0,1,0.0,0,4,0,4.0,0.0
cd377bc3-aac6-4566-a524-e16014c06d46,Easypaisa,Banking,Mohammed Sameer,Unknown,3,2025-10-18 13:39:53,faster app now no need to slower other waise case on court why the app playing simple people or other etc.....,faster app now no need to slower other waise case on court why the app playing simple people or other etc.....,0,21,110,0,0,0,0.9047619047619048,0,1,-0.1027,1,0,1,0.0,0,1,0,3.0,0.0
54cbd5b7-a5db-4e42-bd9a-3abf06e21762,Easypaisa,Banking,Waleed Sheikh,Unknown,2,2025-10-18 14:30:15,Finger print scanning issue,finger print scanning issue,0,4,27,0,0,0,1.0,0,0,0.0,1,0,1,0.0,0,1,0,2.0,0.0
bf79ca65-5d1d-4dd0-9d04-b9aa4e79ae15,Easypaisa,Banking,Abid Hussain,Unknown,1,2025-10-18 15:21:40,"a retailer by using some bio metric forgery took my 150k rupees, and it is about a year easypaisa did nothing to recover my amount.","a retailer by using some bio metric forgery took my 150k rupees, and it is about a year easypaisa did nothing to recover my amount.",1,25,131,0,0,0,0.92,0,0,0.0,1,0,1,0.0,0,1,0,1.0,0.0
5bdd0fc0-0f78-4cff-b54e-e5169c75625d,Easypaisa,Banking,Muhammad Hamza,Unknown,4,2025-10-18 15:34:16,best payment transaction app,best payment transaction app,0,4,28,0,0,0,1.0,0,1,0.6369,1,0,1,0.0,0,1,0,4.0,0.0
ebd1f69f-d85e-41e8-820a-15f908eec05b,Easypaisa,Banking,M Dansh,Unknown,3,2025-10-18 17:32:58,Very good,very good,0,2,9,0,0,0,1.0,0,0,0.4927,1,0,1,0.0,0,5,0,3.0,0.0
58ebb3ef-f529-462f-9c19-8f9467e2ad88,Easypaisa,Banking,Zamin Mithani,Unknown,3,2025-10-18 18:21:08,very good app,very good app,0,3,13,0,0,0,1.0,0,1,0.4927,1,0,1,0.0,0,3,0,3.0,0.0
d21a0ca4-05f3-4351-903e-a8e6f719e107,Easypaisa,Banking,Azan akhtar,Unknown,1,2025-10-18 18:57:04,the new easypaisa digital account is very bad after the update because it makes many issues to new users to verify their accounts.so I request to easypaisa if possible plz remove it .,the new easypaisa digital account is very bad after the update because it makes many issues to new users to verify their accounts.so i request to easypaisa if possible plz remove it .,1,33,183,0,0,0,0.8181818181818182,0,0,-0.5413,1,0,1,0.0,0,1,0,1.0,0.0
97467178-bf5d-4c80-8f90-b7d4f040dcbb,Easypaisa,Banking,Adil Khan,Unknown,1,2025-10-18 20:45:19,very poor app should b remove from play products,very poor app should b remove from play products,0,9,48,0,0,0,1.0,0,1,-0.2484,1,0,1,0.0,0,1,0,1.0,0.0
3e0a888b-ce60-40f3-9c6a-a22459b433f5,Easypaisa,Banking,Sheheryar Khan,Unknown,1,2025-10-18 21:17:57,"It's the most pathetic app. My account has been blocked for not using it much, and unblocking it has now become a hassle!","it's the most pathetic app. my account has been blocked for not using it much, and unblocking it has now become a hassle!",0,23,121,0,0,0,0.9130434782608695,0,1,-0.7495,1,0,1,0.0,0,1,0,1.0,0.0
154faace-363b-49ef-877f-ed11e37e7479,Easypaisa,Banking,Danish Laeeq,Unknown,1,2025-10-18 21:20:47,Pathetic!!! Suddenly Term Deposit feature is not working.. I have deposited an amount more then 600k and the feature is not even opening so I can withdraw the amount.. please fix it I want my money back,pathetic!!! suddenly term deposit feature is not working.. i have deposited an amount more then 600k and the feature is not even opening so i can withdraw the amount.. please fix it i want my money back,0,37,202,0,0,0,0.8378378378378378,0,0,-0.4545,1,0,1,0.0,0,1,0,1.0,0.0
2fd90286-dce6-40d2-88f1-035e8d2ceb00,Easypaisa,Banking,Muzammil Ali,Unknown,1,2025-10-18 22:49:55,Tap on a clip to paste it in the text box.,tap on a clip to paste it in the text box.,0,11,42,0,0,0,1.0,0,0,0.0,1,0,1,0.0,0,1,0,1.0,0.0
db2c5d2e-ae6f-4e94-90ad-23b50a9f1bf2,Easypaisa,Banking,MR AZAN KHANO,Unknown,2,2025-10-19 05:09:41,easypaisa ma biometric no,easypaisa ma biometric no,0,4,25,0,0,0,1.0,0,0,-0.296,1,0,1,0.0,0,1,0,2.0,0.0
53493db2-a419-4f3b-a1b7-054fffb9eb7c,Easypaisa,Banking,Sahab niaz Luqman khel,Unknown,4,2025-10-19 05:25:34,better app but some features in this app become more advance so take a bit notice on it,better app but some features in this app become more advance so take a bit notice on it,0,18,87,0,0,0,0.9444444444444444,0,1,0.2382,1,0,1,0.0,0,1,0,4.0,0.0
691eeb7f-45fd-4a12-a791-b1eabc279cac,Easypaisa,Banking,Shehroz Amjad,Unknown,4,2025-10-19 05:35:26,it's Amazing,it's amazing,0,2,12,0,0,0,1.0,0,0,0.5859,1,0,1,0.0,0,1,0,4.0,0.0
e50fa20a-6da0-4c8c-ba51-a24f350cca24,Easypaisa,Banking,Samerr Khan,Unknown,4,2025-10-19 06:26:01,👍🏻👍🏻👍🏻,👍🏻👍🏻👍🏻,0,1,6,6,0,0,1.0,0,0,0.0,1,0,1,0.0,0,1,0,4.0,0.0
e938d5d3-ad19-4274-a2ee-bf1246a50bb7,Easypaisa,Banking,Sain Baloch,Unknown,2,2025-10-19 06:32:05,Irshad Baloch,irshad baloch,0,2,13,0,0,0,1.0,0,0,0.0,1,0,1,0.0,0,1,0,2.0,0.0
2cc85a03-695a-45c8-a03f-16cda7543f0a,Easypaisa,Banking,Hamid Khan,Unknown,4,2025-10-19 06:53:34,Best App,best app,0,2,8,0,0,0,1.0,0,1,0.6369,1,0,1,0.0,0,9,0,4.0,0.0
8dbd3c7a-756b-44d1-ba1a-d9b356962f1c,Easypaisa,Banking,Innocent King,Unknown,4,2025-10-19 07:39:35,very helpful and useful app,very helpful and useful app,0,5,27,0,0,0,1.0,0,1,0.7397,1,0,1,0.0,0,1,0,4.0,0.0
55832a15-219c-4d99-9d73-9114a8925724,Easypaisa,Banking,Nafay,Unknown,1,2025-10-19 07:44:21,Forcing to share location is not a good policy. Different other banking apps request it but don't deny the service like you have done it in latest update.,forcing to share location is not a good policy. different other banking apps request it but don't deny the service like you have done it in latest update.,0,28,154,0,0,0,0.9642857142857143,0,1,0.6909,1,0,1,0.0,0,1,1,1.0,0.0
ad864033-512a-49a3-97d5-82c4b74bbd25,Easypaisa,Banking,Shabir Jan,Unknown,3,2025-10-19 07:51:20,this app is brilliant,this app is brilliant,0,4,21,0,0,0,1.0,0,1,0.5859,1,0,1,0.0,0,1,0,3.0,0.0
919f51df-53a5-4530-ba40-a1e56c8b496d,Easypaisa,Banking,Saim g Fayyaz,Unknown,4,2025-10-19 08:14:45,awesome app,awesome app,0,2,11,0,0,0,1.0,0,1,0.6249,1,0,1,0.0,0,1,0,4.0,0.0
f45e9c08-b18c-4ea5-b8b0-b2c2625ef91d,Easypaisa,Banking,Manal Khan,Unknown,1,2025-10-19 08:21:24,Best regards,best regards,0,2,12,0,0,0,1.0,0,0,0.6369,1,0,1,0.0,0,1,1,1.0,0.0
2bde0d9d-0756-4713-99c2-e64aa4e887d2,Easypaisa,Banking,Athar Riaz,Unknown,1,2025-10-19 10:38:09,b.c didn't sent otp code,b.c didn't sent otp code,0,5,24,0,0,0,1.0,0,0,0.0,1,0,1,0.0,0,1,0,1.0,0.0
10cb00ff-7a01-4a9d-95a3-8f243cf1c4c0,Easypaisa,Banking,Mr. Baloch,Unknown,1,2025-10-19 11:49:59,Good app but always don't approve my loan application but whyyyyyyyyy😊,good app but always don't approve my loan application but whyyyyyyyyy😊,0,11,70,1,0,0,0.9090909090909091,0,1,0.8735,1,0,1,0.0,0,1,1,1.0,0.0
86d1037a-3a5f-4c35-b648-9953b9a3f51e,Easypaisa,Banking,Khalil Furqan,Unknown,2,2025-10-19 12:26:12,pin locked problem nic verify not respons,pin locked problem nic verify not respons,0,7,41,0,0,0,1.0,0,0,-0.4019,1,0,1,0.0,0,1,0,2.0,0.0
4132b3b8-cf7d-4aec-9e78-676594551d5c,Easypaisa,Banking,Ishaq Afridi,Unknown,3,2025-10-19 13:00:14,I liked easypaisa community,i liked easypaisa community,0,4,27,0,0,0,1.0,0,0,0.4215,1,0,1,0.0,0,1,0,3.0,0.0
d4d2fcea-5075-48f6-8979-45e3035368e4,Easypaisa,Banking,Sohail khan (Timmy),Unknown,2,2025-10-19 13:03:12,issue is otp not sending me,issue is otp not sending me,0,6,27,0,0,0,1.0,0,0,0.0,1,0,1,0.0,0,1,0,2.0,0.0
7e927634-8345-4f3e-a0e4-9d4b29c019cf,Easypaisa,Banking,Mahnoor Khan,Unknown,1,2025-10-19 13:31:00,stupid app not sending any OTP on time unless the time goes out,stupid app not sending any otp on time unless the time goes out,0,13,63,0,0,1,0.9230769230769231,0,1,-0.5267,1,0,1,0.0,0,1,0,1.0,0.0
1f90ca71-340f-4e69-abdb-f48e94c321b2,Easypaisa,Banking,Syed Ameer Hassan,Unknown,2,2025-10-19 14:15:04,"Easy to use, and quick transfer money but poor helpline cente. No costumer care center is available for easypasa app problems and queries.","easy to use, and quick transfer money but poor helpline cente. no costumer care center is available for easypasa app problems and queries.",0,23,138,0,0,0,0.9565217391304348,0,1,-0.9184,1,0,1,0.0,0,1,0,2.0,0.0
a249ed09-f7b2-4ad3-96c6-90f515a0dc91,Easypaisa,Banking,Khan Khan,Unknown,1,2025-10-19 14:30:56,very good nice app,very good nice app,0,4,18,0,0,0,1.0,0,1,0.7408,1,0,4,0.0,0,1,1,2.0,2.0
b4618468-2370-4e82-aa50-506740bb9498,Easypaisa,Banking,Innocent Momin,Unknown,1,2025-10-19 14:51:59,Soo very good apps,soo very good apps,0,4,18,0,0,0,1.0,0,1,0.4927,1,0,1,0.0,0,1,0,1.0,0.0
44c80133-0d6b-4456-acc9-09e1a214965c,Easypaisa,Banking,Ayeshamughal,Unknown,1,2025-10-19 14:52:11,otp fetch ni ho rah,otp fetch ni ho rah,0,5,19,0,0,0,1.0,0,0,0.0,1,0,1,0.0,0,1,0,1.0,0.0
08fe4ef9-c7c0-4a64-be02-5fac2af3ffbf,Easypaisa,Banking,Haider Ali,Unknown,1,2025-10-19 15:19:41,"My PIN has been blocked in this app. And it's not resetting, I have money in it, I even gave my ID card but nothing happens.","my pin has been blocked in this app. and it's not resetting, i have money in it, i even gave my id card but nothing happens.",0,26,124,0,0,2,0.8846153846153846,0,1,-0.1406,1,0,1,0.0,0,1,0,1.0,0.0
6593b5a6-b498-41f3-bad4-63d674a6253d,Easypaisa,Banking,Noor Wali,Unknown,1,2025-10-19 19:28:23,easy paisa easy life,easy paisa easy life,0,4,20,0,0,0,0.75,0,0,0.7003,1,0,1,0.0,0,1,1,1.0,0.0
393753be-afc2-4787-8b4c-9219133bdca5,Easypaisa,Banking,Huzaifa Kiyani,Unknown,1,2025-10-19 21:41:30,ye bohat he scam app ha koi be isko download nahi Kara Mera debit he block kar dia what the reason tell me why you are block my debit Meray paisa mugy milny chayie,ye bohat he scam app ha koi be isko download nahi kara mera debit he block kar dia what the reason tell me why you are block my debit meray paisa mugy milny chayie,0,34,163,0,0,0,0.9117647058823529,1,1,-0.7964,1,0,1,0.0,0,1,0,1.0,0.0
ff1c3357-9e6a-4ece-9df7-310b650708cf,Easypaisa,Banking,Ashfaq Ahmad,Unknown,3,2025-10-20 03:02:00,Beast,beast,0,1,5,0,0,0,1.0,0,0,0.0,1,0,1,0.0,0,1,0,3.0,0.0
28d3353a-e904-4041-8b68-350b6315f3b3,Easypaisa,Banking,Jahanzaib Ali Jatt,Unknown,1,2025-10-20 04:07:39,otp failed,otp failed,0,2,10,0,0,0,1.0,0,0,-0.5106,1,0,1,0.0,0,1,0,1.0,0.0
4989a9e7-c023-4cd8-8497-df3826dd491e,Easypaisa,Banking,A Google user,Unknown,1,2025-10-20 04:46:36,Easy to send money,easy to send money,0,4,18,0,0,0,1.0,0,0,0.4404,1,0,1,0.0,0,1,0,1.0,0.0
48ce343c-8d0b-4118-91ad-2edb5a283110,Easypaisa,Banking,Fayaz Shah,Unknown,1,2025-10-20 06:11:18,OTP not reviewed,otp not reviewed,0,3,16,0,0,1,1.0,0,0,0.0,1,0,1,0.0,0,1,0,1.0,0.0
dec47e04-acec-453c-925a-ccfbd61b4b8c,Easypaisa,Banking,Mehmoona Khan,Unknown,4,2025-10-20 08:17:19,favorite app,favorite app,1,2,12,0,0,0,1.0,0,1,0.4588,1,0,1,0.0,0,1,0,4.0,0.0
d2931c00-2ba3-4ae1-979c-bcd30f15a6f1,Easypaisa,Banking,Mr Jatt,Unknown,1,2025-10-20 08:44:05,today's 5G time and easypaisa is 1G speed,today's 5g time and easypaisa is 1g speed,0,8,41,0,0,2,1.0,0,0,0.0,1,0,1,0.0,0,1,0,1.0,0.0
0e522a36-22dc-4a3b-9280-ffbc3e08d654,Easypaisa,Banking,ahmad yar,Unknown,1,2025-10-20 09:02:22,I've been trying to log into this app on my new phone for 2 days and I am not receiving OTP My amount is stuck in the wallet such a hassle,i've been trying to log into this app on my new phone for 2 days and i am not receiving otp my amount is stuck in the wallet such a hassle,0,31,138,0,0,1,0.967741935483871,0,1,-0.25,1,0,1,0.0,0,1,0,1.0,0.0
92a2c65d-a048-46f3-aee7-94708197e3b3,Easypaisa,Banking,Asif Khan Kakar,Unknown,4,2025-10-20 09:07:14,like you,like you,0,2,8,0,0,0,1.0,0,0,0.3612,1,0,1,0.0,0,1,0,4.0,0.0
fd11163d-057a-49f2-bc67-6e67b8cfd498,Easypaisa,Banking,Aaika Dhanyal,Unknown,1,2025-10-20 09:13:52,This app is not working don't received otp in time very bad app nd bad customer service no helpline calls help me,this app is not working don't received otp in time very bad app nd bad customer service no helpline calls help me,0,22,113,0,0,0,0.9090909090909091,0,1,-0.7778,1,0,1,0.0,0,1,0,1.0,0.0
0daa9de2-a765-4136-982c-b65fe48e2791,Easypaisa,Banking,Meer Abid,Unknown,2,2025-10-20 09:58:25,best ap for digital transfer good Iam expire,best ap for digital transfer good iam expire,0,8,44,0,0,0,1.0,0,0,0.7964,1,0,1,0.0,0,1,1,2.0,0.0
ba1e170f-1e3b-40d2-ae54-1a7d47fe3002,Easypaisa,Banking,Khan jadoon,Unknown,1,2025-10-20 10:03:46,Gati ha app ha ya mader chode ha,gati ha app ha ya mader chode ha,0,8,32,0,0,0,0.75,0,1,0.7351,1,0,1,0.0,0,1,1,1.0,0.0
014a83da-9345-4925-94b2-d43048ea657f,Easypaisa,Banking,Syed Chisti,Unknown,3,2025-10-20 10:18:49,Great,great,0,1,5,0,0,0,1.0,0,0,0.6249,1,0,1,0.0,0,6,0,3.0,0.0
61139647-5d66-40ce-ad71-8239b3291fec,Easypaisa,Banking,fairy iris,Unknown,1,2025-10-20 10:19:41,zaleel,zaleel,0,1,6,0,0,0,1.0,0,0,0.0,1,0,1,0.0,0,1,0,1.0,0.0
272dc61e-a2f4-4872-9ab4-a4d5257d484a,Easypaisa,Banking,Adeeba Asif,Unknown,1,2025-10-20 10:25:33,not get otp bad experience we try again again but not get,not get otp bad experience we try again again but not get,0,12,57,0,0,0,0.75,0,0,0.2323,1,0,1,0.0,0,1,0,1.0,0.0
7b8a6d63-23c5-41b7-b90a-98defb90ca48,Easypaisa,Banking,David David,Unknown,1,2025-10-20 11:43:02,don't send updates in few days.,don't send updates in few days.,0,6,31,0,0,0,1.0,0,0,0.0,1,0,1,0.0,0,1,0,1.0,0.0
a3001de1-fc11-4315-bd6a-c4a8bdfaea4e,Easypaisa,Banking,Hammad Aqeel,Unknown,1,2025-10-20 12:32:13,bad experience😪,bad experience😪,0,2,15,1,0,0,1.0,0,0,-0.5423,1,0,1,0.0,0,1,0,1.0,0.0
e694150d-ce94-458f-b5fe-c4dd4b10cebe,Easypaisa,Banking,Anas Amjad,Unknown,4,2025-10-20 13:36:43,Fraud,fraud,0,1,5,0,0,0,1.0,0,0,-0.5859,1,0,1,0.0,0,2,1,4.0,0.0
a8a50ddc-f0cd-4c08-80b3-d0d9f1608cb9,Easypaisa,Banking,ISHFAQ ABBASI,Unknown,3,2025-10-20 15:48:32,(optional),(optional),0,1,10,0,0,0,1.0,0,0,0.0,1,0,1,0.0,0,1,0,3.0,0.0
312e07dc-b14b-4eb5-b1a1-12eb29fb3de9,Easypaisa,Banking,Haroon Aziz,Unknown,4,2025-10-20 16:10:48,good working 😀,good working 😀,0,3,14,1,0,0,1.0,0,0,0.6597,1,0,1,0.0,0,1,0,4.0,0.0
56ddb5ae-f16f-4d1d-ba45-1f8d4fd0bae8,Easypaisa,Banking,Zaman Cheema,Unknown,4,2025-10-20 16:17:25,good nice 👍,good nice 👍,0,3,11,1,0,0,1.0,0,0,0.6908,1,0,1,0.0,0,1,0,4.0,0.0
62efc0aa-6244-4aa0-975e-78068a03033d,Easypaisa,Banking,Mirza Fida Hussain.,Unknown,4,2025-10-20 16:26:41,lovely 🌹,lovely 🌹,0,2,8,1,0,0,1.0,0,0,0.5859,1,0,1,0.0,0,1,0,4.0,0.0
63cfde5d-3ebc-49c2-adb9-e8b2b63df899,Easypaisa,Banking,Muhammad Huzaifa,Unknown,1,2025-10-20 17:23:12,Bhai Mera toh error aara,bhai mera toh error aara,0,5,24,0,0,0,1.0,0,1,-0.4019,1,0,1,0.0,0,1,0,1.0,0.0
15f9bde6-423b-4730-bdff-e7b8cfa204d6,Easypaisa,Banking,muhammad usman,Unknown,3,2025-10-20 17:37:54,great opportunity,great opportunity,0,2,17,0,0,0,1.0,0,0,0.7845,1,0,2,0.0,0,1,0,2.0,1.4142135623730951
9e3d7ad0-c5f2-45ac-b8d4-dbed407427d4,Easypaisa,Banking,Khi Jio,Unknown,1,2025-10-20 19:18:16,Bhai ajeeb app ha I'd hi nahi ban Rahi,bhai ajeeb app ha i'd hi nahi ban rahi,0,9,38,0,0,0,1.0,0,1,-0.296,1,0,1,0.0,0,1,0,1.0,0.0
4afafee6-3201-4eb4-9b22-e2106cdb4c92,Easypaisa,Banking,Halima Mudasar,Unknown,3,2025-10-20 19:40:54,i cannot log into my easypaisa acc since I've changed my mobile phone and I m entering all the data correctly but somehow the app is not fetching the otp😑 is there any solution,i cannot log into my easypaisa acc since i've changed my mobile phone and i m entering all the data correctly but somehow the app is not fetching the otp😑 is there any solution,0,34,176,1,0,0,0.8529411764705882,0,1,0.4497,1,0,1,0.0,0,1,0,3.0,0.0
25580c9d-ea30-4c87-8ec1-299803a1fae9,Easypaisa,Banking,hafeez abdulhafeez,Unknown,1,2025-10-20 20:28:08,wrost app I am old customer of easy paisa account just today I want to take a package and pay later hhh and they told me no,wrost app i am old customer of easy paisa account just today i want to take a package and pay later hhh and they told me no,0,27,123,0,0,0,0.9259259259259259,0,1,0.1531,1,0,1,0.0,0,1,0,1.0,0.0
5da76cf1-d9d8-4d94-9d28-6bf3764ff85f,Easypaisa,Banking,Tahir Ali,Unknown,2,2025-10-21 01:32:02,pckg bhut mugha ha,pckg bhut mugha ha,0,4,18,0,0,0,1.0,0,0,0.34,1,0,1,0.0,0,1,0,2.0,0.0
eff8fe1b-83b2-41ad-8b22-be1b187d9519,Easypaisa,Banking,fawad khan,Unknown,2,2025-10-21 02:40:50,amazing,amazing,0,1,7,0,0,0,1.0,0,0,0.5859,1,0,1,0.0,0,2,1,2.0,0.0
7fa308f7-68d6-44e4-9187-303d0fe650f8,Easypaisa,Banking,abdul rouf (Mirza),Unknown,1,2025-10-21 03:16:54,finger print scan bht hi mushkil ho rahi JB ye nadra men finger print data Hy to phr kia mushkil bht mushkil ho rahi Hy scan honey k Baad nadra verified hi nhi krta,finger print scan bht hi mushkil ho rahi jb ye nadra men finger print data hy to phr kia mushkil bht mushkil ho rahi hy scan honey k baad nadra verified hi nhi krta,0,34,164,0,0,1,0.6764705882352942,0,0,-0.6369,1,0,1,0.0,0,1,0,1.0,0.0
e9d679dc-c15c-4ea4-ac71-ae51b864a7f0,Easypaisa,Banking,Drmajid Ghouri,Unknown,2,2025-10-21 03:52:16,easy pasa is third class,easy pasa is third class,0,5,24,0,0,0,1.0,0,0,0.4404,1,0,1,0.0,0,1,0,2.0,0.0
29a33249-0947-4eb9-9f1a-873e0aac3f0d,Easypaisa,Banking,Nomi Jutt,Unknown,4,2025-10-21 04:12:24,Good expireanc,good expireanc,0,2,14,0,0,0,1.0,0,0,0.4404,1,0,1,0.0,0,1,0,4.0,0.0
d03937db-356d-4f17-8546-fa7840a8d406,Easypaisa,Banking,Ameer maviya,Unknown,1,2025-10-21 04:12:47,Ya app bohat bad app ha na he loan dati ha na bas ya kate ya credit score high karo🤬🤬🤬,ya app bohat bad app ha na he loan dati ha na bas ya kate ya credit score high karo🤬🤬🤬,0,20,86,3,0,0,0.75,0,1,0.4404,1,0,1,0.0,0,1,0,1.0,0.0
11946e1b-c9f3-46f9-bf51-dec4a74945e9,Easypaisa,Banking,Hassan Rajpoot,Unknown,1,2025-10-21 04:42:24,boht hi gadi app ha easypaisa kuti ki bachi login hi ni ho rhi maa nu lan tadi nu kuti dy bacho,boht hi gadi app ha easypaisa kuti ki bachi login hi ni ho rhi maa nu lan tadi nu kuti dy bacho,0,22,95,0,0,0,0.8636363636363636,0,1,0.34,1,0,1,0.0,0,1,0,1.0,0.0
5ad7addb-294e-4eab-9705-6a96e87caf2a,Easypaisa,Banking,Explore The World,Unknown,4,2025-10-21 05:35:13,facilitating app,facilitating app,0,2,16,0,0,0,1.0,0,1,0.0,1,0,1,0.0,0,1,0,4.0,0.0
76ba9de4-d0f8-4f81-98bf-c1a822166417,Easypaisa,Banking,Your most favourite,Unknown,1,2025-10-21 05:39:16,not bad,not bad,0,2,7,0,0,0,1.0,0,0,0.431,1,0,1,0.0,0,1,0,1.0,0.0
6720963a-ee74-4c8e-a15c-ac74cb7770ff,Easypaisa,Banking,ALLAUDDIN AHMAD,Unknown,4,2025-10-21 05:47:22,nice and easy to use,nice and easy to use,0,5,20,0,0,0,1.0,0,0,0.6908,1,0,1,0.0,0,1,0,4.0,0.0
78fbc745-e682-4b2e-b21a-8b1a09933cd5,Easypaisa,Banking,Haroon Pirzada,Unknown,3,2025-10-21 06:35:45,great app,great app,0,2,9,0,0,0,1.0,0,1,0.6249,1,0,1,0.0,0,3,0,3.0,0.0
534d15d8-8bb0-41f9-9aa0-bc495143ed81,Easypaisa,Banking,swat england,Unknown,1,2025-10-21 07:11:08,Too bad today ? Why When I do packaging so screen become black and stop,too bad today ? why when i do packaging so screen become black and stop,0,15,71,0,0,0,1.0,0,0,-0.6908,1,0,1,0.0,0,1,0,1.0,0.0
26e06718-63b8-4f58-b175-77d9c1efddbd,Easypaisa,Banking,Rehana Khanum,Unknown,1,2025-10-21 07:12:01,it's make sometimes error without any reason,it's make sometimes error without any reason,0,7,44,0,0,0,1.0,0,0,-0.4019,1,0,1,0.0,0,1,0,1.0,0.0
9a1b31a1-30c7-4aba-a1d6-8ab86984845c,Easypaisa,Banking,Anas Khan,Unknown,3,2025-10-21 07:36:23,My easy paisa account problem,my easy paisa account problem,0,5,29,0,0,0,1.0,0,0,0.0516,1,0,2,0.0,0,1,0,2.5,0.7071067811865476
8371cd62-b6d0-47e2-8bc7-3915aab69845,Easypaisa,Banking,Shafaqut Ali,Unknown,4,2025-10-21 07:57:02,Shafaqat Ali,shafaqat ali,0,2,12,0,0,0,1.0,0,0,0.0,1,0,1,0.0,0,1,0,4.0,0.0
7155c020-b5a9-435b-a3d2-eb1f4d37a3a3,Easypaisa,Banking,M.Sallah Laghari,Unknown,4,2025-10-21 08:36:19,Swift App in sending and receiving amount in bulk amount,swift app in sending and receiving amount in bulk amount,0,10,56,0,0,0,0.8,0,1,0.2023,1,0,1,0.0,0,1,0,4.0,0.0
9e791b2e-f198-4bb0-ab4a-aec2bed9c805,Easypaisa,Banking,Mir Saab,Unknown,4,2025-10-21 09:01:22,"best banking app, but please request to developers to make this app work on 2g networks and slower networks, and avoid useless popup ads on startup,","best banking app, but please request to developers to make this app work on 2g networks and slower networks, and avoid useless popup ads on startup,",0,26,148,0,0,0,0.8846153846153846,0,1,-0.2382,1,0,1,0.0,0,1,0,4.0,0.0
749d3048-3e8b-4b07-9ac8-3960acf242a7,Easypaisa,Banking,Muhammad Musab,Unknown,4,2025-10-21 10:03:43,It is better than other applications.,it is better than other applications.,0,6,37,0,0,0,1.0,0,1,0.4404,1,0,1,0.0,0,1,0,4.0,0.0
7de45852-11b0-472f-983c-33ffee7f6127,Easypaisa,Banking,Safi Ullah,Unknown,2,2025-10-21 10:06:29,my app not open please solve my problem,my app not open please solve my problem,0,8,39,0,0,0,0.875,0,1,-0.6433,1,0,1,0.0,0,1,0,2.0,0.0
fc25b7d3-52e1-4fee-adbf-cd24ad3f6d73,Easypaisa,Banking,Adil Mehmood,Unknown,3,2025-10-21 14:21:31,like this app like like,like this app like like,0,5,23,0,0,0,0.6,0,1,0.7579,1,0,1,0.0,0,1,0,3.0,0.0
748ea2db-8cca-4d81-af3a-cf1f3f7fd0e0,Easypaisa,Banking,I'm Ehsan,Unknown,3,2025-10-21 16:22:09,kindly add close account option in the app,kindly add close account option in the app,1,8,42,0,0,0,1.0,0,1,0.4939,1,0,1,0.0,0,1,0,3.0,0.0
b20f2628-480e-4c39-9964-58c7e9bbb222,Easypaisa,Banking,Mr azee,Unknown,2,2025-10-21 16:37:41,Good 👍,good 👍,0,2,6,1,0,0,1.0,0,0,0.4404,1,0,1,0.0,0,9,0,2.0,0.0
4688c763-0bba-476f-b6dc-df63dd55cc06,Easypaisa,Banking,Muhammad Majid,Unknown,4,2025-10-21 17:03:19,Muhammad Majid... it's a best and easiest way to transfer money,muhammad majid... it's a best and easiest way to transfer money,0,11,63,0,0,0,1.0,0,0,0.7906,1,0,1,0.0,0,1,0,4.0,0.0
1cb714de-7bcc-4542-967f-823a9c84bb17,Easypaisa,Banking,Hamza,Unknown,1,2025-10-21 17:37:47,thay stolen my 3900 third class transaction local local application not us it,thay stolen my 3900 third class transaction local local application not us it,0,13,77,0,0,0,0.9230769230769231,0,1,-0.4939,1,0,1,0.0,0,1,0,1.0,0.0
6150ddd4-419a-4523-b0d9-beb0e6627c15,Easypaisa,Banking,Adnan Mahmood,Unknown,1,2025-10-21 17:45:50,very bed version,very bed version,0,3,16,0,0,0,1.0,0,0,0.0,1,0,1,0.0,0,1,0,1.0,0.0
0c5c153b-397c-4ded-b6d6-be58e4888aa8,Easypaisa,Banking,Furqan Ali,Unknown,1,2025-10-21 17:46:13,"bohot hi fazool app ha , server down hi rehta ha , sign up nhi ho ta","bohot hi fazool app ha , server down hi rehta ha , sign up nhi ho ta",0,17,68,0,0,0,0.8235294117647058,0,1,0.5859,1,0,1,0.0,0,1,1,1.0,0.0
bd1970ff-6360-4d1c-9d4e-b257510f1788,Easypaisa,Banking,Zulqarnain Jalip,Unknown,1,2025-10-21 19:10:02,I Want to upgrade my transaction limit from 1 million to 1.5 Million or 2.5 Million don't want to add another only upgrade my easypaisa account,i want to upgrade my transaction limit from 1 million to 1.5 million or 2.5 million don't want to add another only upgrade my easypaisa account,0,26,143,0,0,0,0.7307692307692307,0,0,0.0201,1,0,1,0.0,0,1,0,1.0,0.0
3cfa6359-7591-4ee2-982a-cc67b5c95a53,Easypaisa,Banking,Shoaib khan Hdhdhmakd,Unknown,1,2025-10-21 19:18:23,full fraud,full fraud,0,2,10,0,0,0,1.0,0,0,-0.5859,1,0,1,0.0,0,1,0,1.0,0.0
79ac13a2-faf7-45d8-b003-fae5176d7da1,Easypaisa,Banking,Mahi Ali,Unknown,1,2025-10-21 19:50:21,can't register in new device.. fingers registrations scanner not working at all. worst registration feature,can't register in new device.. fingers registrations scanner not working at all. worst registration feature,0,15,107,0,0,0,1.0,0,0,-0.6249,1,0,1,0.0,0,1,0,1.0,0.0
1e31077a-3144-4e87-92ec-3d730fded7ce,Easypaisa,Banking,NoumAn KhAn NoumAn KhAn,Unknown,1,2025-10-21 20:10:59,Good And very Well 💯,good and very well 💯,0,5,20,1,0,0,1.0,0,0,0.6478,1,0,1,0.0,0,1,1,1.0,0.0
180a9f2c-8ccb-48e3-b8f1-b7c95d09d370,Easypaisa,Banking,Izat ullah,Unknown,1,2025-10-21 20:54:42,my account is not making.,my account is not making.,0,5,25,0,0,0,1.0,0,0,0.0,1,0,1,0.0,0,1,0,1.0,0.0
b69edcaa-632e-47b6-be35-4f28ebd7604f,Easypaisa,Banking,Anonymous Avanger,Unknown,2,2025-10-22 02:25:20,I don't know why the hell this app requires your current location while making a transaction? Why,i don't know why the hell this app requires your current location while making a transaction? why,0,17,97,0,0,0,0.9411764705882353,0,1,-0.6808,1,0,1,0.0,0,1,0,2.0,0.0
f7b57978-4ca2-46e9-804b-54739eae6137,Easypaisa,Banking,Zaheer Abbasi,Unknown,4,2025-10-22 03:26:30,ررڑفدرڑرڑڑ۔ڑڑڑڑڑڑغڑڑڑرررڑع دڑرڑ میں رددررڑرددرغڑڑڑڑ گے ے کہہ ڑڑدرددڑڑڑڑدرڑرڑرڑرڑدڑڑردڑررڑرڑڑدڑررررررڑدڑڑد3دغڑڑڑرڑڑڑدڑ44 درد دڑڑدڑدڑردرڑڑدررڑرررعڑررعڑ کہہ گے گے گا گئی ثھےڑڑڈدڑدڑڑررڑڑردڑڑرڑڑڑڈرڑددغڑڑڑڑ,ررڑفدرڑرڑڑ۔ڑڑڑڑڑڑغڑڑڑرررڑع دڑرڑ میں رددررڑرددرغڑڑڑڑ گے ے کہہ ڑڑدرددڑڑڑڑدرڑرڑرڑرڑدڑڑردڑررڑرڑڑدڑررررررڑدڑڑد3دغڑڑڑرڑڑڑدڑ44 درد دڑڑدڑدڑردرڑڑدررڑرررعڑررعڑ کہہ گے گے گا گئی ثھےڑڑڈدڑدڑڑررڑڑردڑڑرڑڑڑڈرڑددغڑڑڑڑ,1,16,200,0,0,0,0.8125,0,0,0.0,1,0,1,0.0,0,1,0,4.0,0.0
19fb9370-a244-4814-8bef-a3f011d2c935,Easypaisa,Banking,aisha anees,Unknown,1,2025-10-22 04:34:41,maray accout say bilawajaaa kay 400 Rs cutt ho jatay hain,maray accout say bilawajaaa kay 400 rs cutt ho jatay hain,0,11,57,0,0,0,1.0,0,1,0.0,1,0,1,0.0,0,1,0,1.0,0.0
8a876b8a-3a63-4645-96e1-7293b5d9b4bb,Easypaisa,Banking,Shami Abbasi,Unknown,1,2025-10-22 04:50:18,New device registration via biometric ID scan does not work!,new device registration via biometric id scan does not work!,0,10,60,0,0,1,1.0,0,0,0.0,1,0,1,0.0,0,1,0,1.0,0.0
42631b5f-d9ba-4a89-9ddc-789c8b0b6fde,Easypaisa,Banking,Umair Arain,Unknown,1,2025-10-22 04:52:24,error problem 😔 many times,error problem 😔 many times,0,5,26,1,0,0,1.0,0,0,-0.6249,1,0,1,0.0,0,1,0,1.0,0.0
9b1f606a-2d70-4f9d-8ff1-793a9657f11c,Easypaisa,Banking,Naresh kumar,Unknown,3,2025-10-22 05:10:58,Slow working,slow working,0,2,12,0,0,0,1.0,0,0,0.0,1,0,1,0.0,0,1,0,3.0,0.0
36cb390c-b340-482f-bc16-811add4d4b58,Easypaisa,Banking,Muzamil,Unknown,2,2025-10-22 08:31:49,yes is no,yes is no,0,3,9,0,0,0,1.0,0,0,0.128,1,0,1,0.0,0,1,0,2.0,0.0
0ea71286-8605-4e5a-9696-1f4a0d10cf2d,Easypaisa,Banking,Zeshan Khan,Unknown,1,2025-10-22 08:54:40,oTp new year you,otp new year you,0,4,16,0,0,0,1.0,0,0,0.0,1,0,1,0.0,0,1,0,1.0,0.0
702248f2-2e60-43a8-818e-f5ed3f8dc9e9,Easypaisa,Banking,Syed M.Hamdan,Unknown,1,2025-10-22 09:50:28,itni bari application bana li hai abhi tak finger verification chal rhi hai insan face verification lagaye lekin nahin pakistani app hai naw 3rd class,itni bari application bana li hai abhi tak finger verification chal rhi hai insan face verification lagaye lekin nahin pakistani app hai naw 3rd class,0,25,150,0,0,0,0.88,0,1,0.0,1,0,1,0.0,0,1,0,1.0,0.0
d989118f-83c6-4ae8-b3e5-46cb22385e7a,Easypaisa,Banking,Abdul Wakeel,Unknown,3,2025-10-22 11:26:56,great,great,0,1,5,0,0,0,1.0,0,0,0.6249,1,0,1,0.0,0,6,0,3.0,0.0
a2b2fcb2-63c6-42c9-97ff-f1305a3acc14,Easypaisa,Banking,Mustafa kamal (Loser gamer),Unknown,1,2025-10-22 11:30:22,i tried thousands time but can't login to my account,i tried thousands time but can't login to my account,0,10,52,0,0,0,1.0,0,0,0.0,1,0,1,0.0,0,1,0,1.0,0.0
98ffdd0a-ee91-46f6-b85f-d3c1d455ae98,Easypaisa,Banking,mohummed sualeheen,Unknown,4,2025-10-22 11:34:47,"very handy and useful app recommended,👍","very handy and useful app recommended,👍",0,6,39,1,0,0,1.0,0,1,0.6077,1,0,1,0.0,0,1,0,4.0,0.0
40e6dcef-35ad-4f8c-9a02-de841e2c676d,Easypaisa,Banking,Syed Salman,Unknown,1,2025-10-22 12:23:55,i can't even open my own account. This app is asking for otp and after inserting my number a msg pops up but it don't matter cause there is no options to open up my account,i can't even open my own account. this app is asking for otp and after inserting my number a msg pops up but it don't matter cause there is no options to open up my account,0,36,172,0,0,0,0.8611111111111112,0,1,-0.4139,1,0,1,0.0,0,1,0,1.0,0.0
68e08ae0-3e33-401f-b0ec-13bfdfbd133e,Easypaisa,Banking,Nawaz Ali,Unknown,4,2025-10-22 12:29:19,thumbnail are not showing,thumbnail are not showing,0,4,25,0,0,0,1.0,0,0,0.0,1,0,1,0.0,0,1,0,4.0,0.0
dd1706ba-3584-4e92-a89e-3aa14b4afb5d,Easypaisa,Banking,MohSin KhAn,Unknown,1,2025-10-22 13:27:29,discussting service,discussting service,0,2,19,0,0,0,1.0,0,0,0.0,1,0,1,0.0,0,1,0,1.0,0.0
a810b3cc-54de-45d7-ad6d-67c5eaaa5d24,Easypaisa,Banking,Hamid Aman,Unknown,1,2025-10-22 13:37:13,Not working well every time you pay they will ask your account is tamperoly locked,not working well every time you pay they will ask your account is tamperoly locked,0,15,82,0,0,0,1.0,0,0,-0.2991,1,0,1,0.0,0,1,0,1.0,0.0
9175e8df-6404-4c98-865d-1b70808c902f,Easypaisa,Banking,Ahmad Asif,Unknown,1,2025-10-22 14:11:27,this app is nice but some time he cancel my transition,this app is nice but some time he cancel my transition,0,11,54,0,0,0,1.0,0,1,-0.1531,1,0,1,0.0,0,1,0,1.0,0.0
0a9b3495-9aa4-409f-91a3-3b76661fb66d,Easypaisa,Banking,Sam Devs,Unknown,1,2025-10-22 15:20:16,"hello, i have this app installed and now asking me to upgrade your account before 25 October to L0, but when i press start its said this feature is disabled","hello, i have this app installed and now asking me to upgrade your account before 25 october to l0, but when i press start its said this feature is disabled",0,30,156,0,0,1,0.9,1,1,0.0,1,0,1,0.0,0,1,0,1.0,0.0
c3e00a43-312e-481c-8c66-429e4e33c5d3,Easypaisa,Banking,Shafaqat 244,Unknown,4,2025-10-22 15:44:20,Good work,good work,0,2,9,0,0,0,1.0,0,0,0.4404,1,0,1,0.0,0,8,0,4.0,0.0
1831af3f-f4bf-4588-ad4e-af6ec6785914,Easypaisa,Banking,AAMIR,Unknown,1,2025-10-22 15:50:17,very bad 😔 just one ⭐ for app I have changed my mobile now verifying again and again but failed I am doing proper but your system giving me failure signal to join easypaisa,very bad 😔 just one ⭐ for app i have changed my mobile now verifying again and again but failed i am doing proper but your system giving me failure signal to join easypaisa,1,34,172,1,0,0,0.9117647058823529,0,1,-0.7276,1,0,1,0.0,0,1,0,1.0,0.0
17dcc9f0-01ed-4648-922c-c40fa379d177,Easypaisa,Banking,Urooj Zaheer,Unknown,3,2025-10-22 17:38:18,Good services,good services,0,2,13,0,0,0,1.0,0,0,0.4404,1,0,1,0.0,0,2,0,3.0,0.0
0819f052-b1ca-4fe3-82a5-cfaca021df98,Easypaisa,Banking,Muhammad Ahmed,Unknown,3,2025-10-22 18:26:03,decent,decent,0,1,6,0,0,0,1.0,0,0,0.0,1,0,1,0.0,0,1,0,3.0,0.0
796f2586-c434-4a04-9e8e-f7ffc499898a,Easypaisa,Banking,Parvez Kashif,Unknown,1,2025-10-22 18:37:16,good 👍,good 👍,0,2,6,1,0,0,1.0,0,0,0.4404,1,0,1,0.0,0,9,0,1.0,0.0
8a135d9e-2761-46d0-adac-c2682a56c113,Easypaisa,Banking,Affan Imran,Unknown,1,2025-10-22 19:54:48,harm zado jab zaroorat hoti tb tum logo ki app open nai hoti.. laant tumhare pr,harm zado jab zaroorat hoti tb tum logo ki app open nai hoti.. laant tumhare pr,0,16,79,0,0,0,1.0,0,1,-0.5423,1,0,1,0.0,0,1,0,1.0,0.0
6033db72-d3dd-4511-995c-8343820f21bd,Easypaisa,Banking,shams khan,Unknown,1,2025-10-22 20:02:56,please solve the problem new device detect problem because my account is on my b-form and I can't long in biomatric verification please remove the biomatric verification so we easily use the app,please solve the problem new device detect problem because my account is on my b-form and i can't long in biomatric verification please remove the biomatric verification so we easily use the app,0,33,194,0,0,0,0.7878787878787878,0,1,0.3976,1,0,1,0.0,0,1,0,1.0,0.0
f3a5387e-1191-4560-9de1-3c541861a1b0,Easypaisa,Banking,Zakir Khan,Unknown,1,2025-10-22 20:26:10,Easy Paisa app is better for mobile package and received money and send money but he is very easy 😭😭 hacked update plz strongle this is my feedback,easy paisa app is better for mobile package and received money and send money but he is very easy 😭😭 hacked update plz strongle this is my feedback,0,28,147,2,0,0,0.8214285714285714,0,1,-0.6814,1,0,1,0.0,0,1,0,1.0,0.0
0fb6193c-eadd-4174-bb34-004c0ab24969,Easypaisa,Banking,azam hafiz,Unknown,4,2025-10-22 21:19:17,all services good. pls extra charges zeero kr do,all services good. pls extra charges zeero kr do,0,9,48,0,0,0,1.0,0,0,0.2732,1,0,1,0.0,0,1,0,4.0,0.0
f158970e-df05-4e4e-bbad-d52fa746443b,Easypaisa,Banking,Muhammad Khan,Unknown,1,2025-10-23 01:07:59,fazul easy to paisa,fazul easy to paisa,0,4,19,0,0,0,1.0,0,0,0.4404,1,0,1,0.0,0,1,0,1.0,0.0
e2037472-efc1-478e-9d77-7da82f8d2d56,Easypaisa,Banking,M Ali Ali,Unknown,4,2025-10-23 02:48:17,pay loan on hard time,pay loan on hard time,0,5,21,0,0,0,1.0,0,0,-0.2023,1,0,1,0.0,0,1,0,4.0,0.0
76179153-25a1-41ce-8a9b-6aeadb41a91a,Easypaisa,Banking,Muhammad Awais,Unknown,1,2025-10-23 03:10:19,better,better,0,1,6,0,0,0,1.0,0,0,0.4404,1,0,2,0.0,0,2,0,1.0,0.0
16964efa-40c6-4dc8-90cb-cfd704cfcff3,Easypaisa,Banking,YKS 2266,Unknown,1,2025-10-23 03:26:57,bad app,bad app,0,2,7,0,0,0,1.0,0,1,-0.5423,1,0,1,0.0,0,2,0,1.0,0.0
c91668b8-818a-472c-a3c3-23a449695881,Easypaisa,Banking,Mehtab Hussain,Unknown,4,2025-10-23 04:26:38,nice very best app for fun,nice very best app for fun,0,6,26,0,0,0,1.0,0,1,0.8908,1,0,1,0.0,0,1,0,4.0,0.0
d1b6bbaf-49db-4939-b392-dab88594fc68,Easypaisa,Banking,Meer Muhammad,Unknown,1,2025-10-23 04:58:59,finger not match plz help,finger not match plz help,0,5,25,0,0,0,1.0,0,0,-0.357,1,0,1,0.0,0,1,0,1.0,0.0
a9618ee4-bd98-45d0-ade1-78ffd01d78bb,Easypaisa,Banking,Tabraiz Bajkani,Unknown,1,2025-10-23 06:28:57,giving one star due to useless biometric verification. it does not work! it still sucks. shifted to Jazz Cash.,giving one star due to useless biometric verification. it does not work! it still sucks. shifted to jazz cash.,0,19,110,0,0,0,0.8947368421052632,0,0,-0.4926,1,0,1,0.0,0,1,0,1.0,0.0
d9d4fd88-4185-4716-8929-e3354c813be9,Easypaisa,Banking,Saqln Ali,Unknown,4,2025-10-23 06:29:39,محمد ثقلین,محمد ثقلین,0,2,10,0,0,0,1.0,0,0,0.0,1,0,1,0.0,0,1,0,4.0,0.0
844d562c-f255-4ce3-b2e6-020617f4cbe3,Easypaisa,Banking,Kashan Ahmad Khattak,Unknown,3,2025-10-23 06:34:44,excellent but it need location opening when we open the easypaisa.it is not good,excellent but it need location opening when we open the easypaisa.it is not good,0,14,80,0,0,0,1.0,0,0,-0.1923,1,0,1,0.0,0,1,0,3.0,0.0
d08cad6f-0fcc-4596-9c28-875a2f7570e8,Easypaisa,Banking,Haris f Ahmed,Unknown,3,2025-10-23 06:53:19,Imran Ali 786,imran ali 786,0,3,13,0,0,0,1.0,0,0,0.0,1,0,1,0.0,0,1,0,3.0,0.0
a50a7dc6-84b3-4510-84fa-e862a053346c,Easypaisa,Banking,fayyaz rafiq,Unknown,4,2025-10-23 07:02:31,good one app,good one app,0,3,12,0,0,0,1.0,0,1,0.4404,1,0,1,0.0,0,1,0,4.0,0.0
e975a64c-d8c8-4f98-9ceb-ea644334df80,Easypaisa,Banking,Ahtisham Khan,Unknown,1,2025-10-23 07:25:11,this is a best app,this is a best app,0,5,18,0,0,0,1.0,0,1,0.6369,1,0,1,0.0,0,1,1,1.0,0.0
b4990b97-db70-49b3-946a-504012ba2508,Easypaisa,Banking,ALi RAo,Unknown,1,2025-10-23 09:01:17,Still no dark mode. Living in the stone age of digital banking. Edited. What explanation? You don't know what dark mode is?,still no dark mode. living in the stone age of digital banking. edited. what explanation? you don't know what dark mode is?,0,22,123,0,0,0,0.9090909090909091,0,0,-0.3736,1,0,1,0.0,0,1,0,1.0,0.0
c927f646-82e5-4c00-874f-0d28c95bb4b4,Easypaisa,Banking,AsadHaseeb AsadHaseeb,Unknown,3,2025-10-23 09:55:19,tankx,tankx,0,1,5,0,0,0,1.0,0,0,0.0,1,0,1,0.0,0,1,0,3.0,0.0
f4c5d432-605e-4d25-8240-9f13ffdfc69a,Easypaisa,Banking,Sher Khan,Unknown,1,2025-10-23 10:02:43,good work,good work,0,2,9,0,0,0,1.0,0,0,0.4404,1,0,1,0.0,0,8,0,1.0,0.0
d1398ef6-3820-4ad1-99f6-ea570c2ddfc0,Easypaisa,Banking,Haibat Baloch,Unknown,1,2025-10-23 10:28:02,biometric not matching issues plz solve it,biometric not matching issues plz solve it,0,7,42,0,0,0,1.0,0,0,0.1476,1,0,1,0.0,0,1,0,1.0,0.0
17b86cef-50d6-4e0c-8a11-258dbeedc423,Easypaisa,Banking,SANAULLAH CHANDIO,Unknown,1,2025-10-23 10:59:15,my money did not receive in my account I send 15000 pkr from ubl and I have the receipt not working,my money did not receive in my account i send 15000 pkr from ubl and i have the receipt not working,0,21,99,0,0,0,0.8571428571428571,0,0,0.0,1,0,1,0.0,0,1,0,1.0,0.0
6ef7e04b-7da7-4c9f-b19b-5e224543020b,Easypaisa,Banking,Aitzaz Jutt,Unknown,1,2025-10-23 11:10:19,very slow,very slow,0,2,9,0,0,0,1.0,0,0,0.0,1,0,1,0.0,0,2,0,1.0,0.0
e3167208-f329-4e0a-8963-ebcddfdecf9d,Easypaisa,Banking,Majid baloch,Unknown,1,2025-10-23 11:19:13,Not getting otp even using same mobile number,not getting otp even using same mobile number,0,8,45,0,0,0,1.0,0,0,0.0772,1,0,1,0.0,0,1,0,1.0,0.0
5480fd88-d092-4dae-b321-1bd274cad4d9,Easypaisa,Banking,Arshadkhan Dotani,Unknown,1,2025-10-23 11:35:40,"mere 700 rupy wapas karo choro, income protection insurance k","mere 700 rupy wapas karo choro, income protection insurance k",0,10,61,0,0,0,1.0,0,0,0.0,1,0,1,0.0,0,1,0,1.0,0.0
63ab4582-80d0-4fdd-bc3f-cc231eca2561,Easypaisa,Banking,Hashim Raza Khosa,Unknown,4,2025-10-23 12:43:12,good app,good app,0,2,8,0,0,0,1.0,0,1,0.4404,1,0,1,0.0,0,8,0,4.0,0.0
6ed1f174-f8c4-4068-910d-4372f2d6d99d,Easypaisa,Banking,Alvina fabrics online women clothing store,Unknown,1,2025-10-23 12:53:17,Bilkul ghatiya app hai... open hi nhi hoti jaldi kiye... or agar open ho jae tb har activty se pehly location on dimand krti jo bht ggatiya kam hai...har kisi ki privicy hoti h,bilkul ghatiya app hai... open hi nhi hoti jaldi kiye... or agar open ho jae tb har activty se pehly location on dimand krti jo bht ggatiya kam hai...har kisi ki privicy hoti h,0,34,176,0,0,0,0.9411764705882353,0,1,0.0,1,0,1,0.0,0,1,0,1.0,0.0
2169563c-0633-4bd2-9820-d9766887f52f,Easypaisa,Banking,AMMAR SHAFIQUE,Unknown,1,2025-10-23 13:27:33,continuous network error,continuous network error,0,3,24,0,0,0,1.0,0,0,-0.4019,1,0,1,0.0,0,1,0,1.0,0.0
f80a8d15-3ff8-41d2-9588-a6b5713fa848,Easypaisa,Banking,Ureba Kumail,Unknown,4,2025-10-23 13:30:41,biometric krwana zarori hai?? is k Bina transactions ho sakti hain,biometric krwana zarori hai?? is k bina transactions ho sakti hain,0,11,66,0,0,0,1.0,0,1,0.0,1,0,1,0.0,0,1,0,4.0,0.0
aaad0eea-8b86-4077-ace4-2cef0c727259,Easypaisa,Banking,israr ahmed,Unknown,1,2025-10-23 14:06:42,use less app i ever see,use less app i ever see,0,6,23,0,0,0,1.0,0,1,0.0,1,0,1,0.0,0,1,0,1.0,0.0
27b6e081-2870-4ed0-b3fd-67fc6c349633,Easypaisa,Banking,Zohaib Ahmed,Unknown,1,2025-10-23 14:28:41,such a disgusting app I have ever used in my life,such a disgusting app i have ever used in my life,6,11,49,0,0,0,1.0,0,1,-0.5267,1,0,1,0.0,0,1,0,1.0,0.0
9d16b6ea-705c-419c-8efd-b6c271102165,Easypaisa,Banking,Irfan Khan,Unknown,2,2025-10-23 14:49:31,best technology,best technology,0,2,15,0,0,0,1.0,0,0,0.6369,1,0,1,0.0,0,1,1,2.0,0.0
bf5fd3db-c0a1-407a-9d8f-d65b670b3ffb,Easypaisa,Banking,Muhammad Hanzala Paracha,Unknown,1,2025-10-23 15:20:10,Easypas account is good but Sometimes problem in my account,easypas account is good but sometimes problem in my account,0,10,59,0,0,0,0.9,0,0,-0.3818,1,0,1,0.0,0,1,0,1.0,0.0
3aa47dc0-a2f1-43ef-9abd-a207e6d87359,Easypaisa,Banking,Aliza Robinson,Unknown,4,2025-10-23 15:24:26,that's very good blank to sent money 💰,that's very good blank to sent money 💰,0,8,38,1,0,0,1.0,0,0,0.4927,1,0,1,0.0,0,1,0,4.0,0.0
731f21bf-983b-49fe-947a-05263ba79a52,Easypaisa,Banking,Hafeez Ullah,Unknown,3,2025-10-23 15:27:12,zabrdast,zabrdast,0,1,8,0,0,0,1.0,0,0,0.0,1,0,1,0.0,0,1,0,3.0,0.0
815e08a6-96e5-4be0-a38b-a14080431dfc,Easypaisa,Banking,Ali Hassan,Unknown,2,2025-10-23 16:11:33,I like easypaisa app but I orderd a ATM card through app and pay my Fee 1000pkr unfortunately they don't send my card and don't return my Fee,i like easypaisa app but i orderd a atm card through app and pay my fee 1000pkr unfortunately they don't send my card and don't return my fee,0,28,141,0,0,1,0.7142857142857143,0,1,-0.4497,1,0,3,0.0,0,1,0,2.0,1.0
b37ccd39-6c99-49b8-ac5f-0921b88f6bb7,Easypaisa,Banking,Afzal Arshad,Unknown,4,2025-10-23 16:11:45,Wonderful,wonderful,0,1,9,0,0,0,1.0,0,0,0.5719,1,0,1,0.0,0,1,0,4.0,0.0
51944ef0-9009-4a80-8fec-e0e84042ddb4,Easypaisa,Banking,Aneesa Aneesa,Unknown,1,2025-10-23 16:22:16,Mera to account hi creat nhi horha....ye kesi app ha...itni mrtba try kiyA phr bhi nhi creat hoa...,mera to account hi creat nhi horha....ye kesi app ha...itni mrtba try kiya phr bhi nhi creat hoa...,0,18,99,0,0,0,0.8888888888888888,0,1,0.0,1,0,1,0.0,0,1,0,1.0,0.0
73a59756-0ae2-4f05-9ea8-31deb8d75acf,Easypaisa,Banking,Abrar ul Haq Paracha,Unknown,2,2025-10-23 16:48:31,easypasy account are so good it's very good,easypasy account are so good it's very good,0,8,43,0,0,0,0.875,0,0,0.7866,1,0,1,0.0,0,1,1,2.0,0.0
53e6e02e-4150-4c18-a62f-0f1b14128b7c,Easypaisa,Banking,Aftab Khalid,Unknown,3,2025-10-23 18:53:56,ya easypaisa bugs pa bhi thora kam kara baki thk ha,ya easypaisa bugs pa bhi thora kam kara baki thk ha,0,11,51,0,0,0,1.0,0,0,0.34,1,0,1,0.0,0,1,0,3.0,0.0
d8a7de4f-68ae-4bc1-b483-56c923df4248,Easypaisa,Banking,Adeel Shahzad,Unknown,1,2025-10-23 19:09:56,nice work,nice work,0,2,9,0,0,0,1.0,0,0,0.4215,1,0,1,0.0,0,2,0,1.0,0.0
375bca08-f227-4a0e-9d15-63238f378a0f,Easypaisa,Banking,MUHAMMAD AZHAR KHAN,Unknown,1,2025-10-23 22:56:34,above 20 time I had to try upgrade account simple is that no face detection what I can do open the app it shows must upgrade account before 25th of October so what next if I am unable to upgrade???????????,above 20 time i had to try upgrade account simple is that no face detection what i can do open the app it shows must upgrade account before 25th of october so what next if i am unable to upgrade???????????,0,40,205,0,0,0,0.85,0,1,-0.4871,1,0,1,0.0,0,1,0,1.0,0.0
6fde85b8-000d-4381-bf96-a1913ee1d08c,Easypaisa,Banking,Mustafa Ghulam,Unknown,2,2025-10-24 04:17:23,...... Okay,...... okay,0,2,11,0,0,0,1.0,0,0,0.2263,1,0,1,0.0,0,1,0,2.0,0.0
685d0ef5-52d2-4dfe-80f3-7a0428d038d9,Easypaisa,Banking,Allah Yar,Unknown,1,2025-10-24 04:21:57,osm ofre,osm ofre,0,2,8,0,0,0,1.0,0,0,0.0,1,0,1,0.0,0,1,0,1.0,0.0
656a9858-f8c1-43c8-9636-b55023c7fbc7,Easypaisa,Banking,Sonia Rajput,Unknown,4,2025-10-24 04:48:42,very nice app,very nice app,0,3,13,0,0,0,1.0,0,1,0.4754,1,0,1,0.0,0,3,0,4.0,0.0
9de92eb4-75bc-4d67-8047-3d94121a8202,Easypaisa,Banking,SUNEEL KUMAR,Unknown,1,2025-10-24 05:25:06,third class service In Pakistan very disturbing very dissatisfied mera new cnic bana hua hy or new easypaisa account bana hy lakin account debit locked cnic information update kar kar ki thak gaya magar account debit locked 😡😡😡🤬🤬🤬,third class service in pakistan very disturbing very dissatisfied mera new cnic bana hua hy or new easypaisa account bana hy lakin account debit locked cnic information update kar kar ki thak gaya magar account debit locked 😡😡😡🤬🤬🤬,0,38,230,6,0,0,0.7368421052631579,0,0,-0.775,1,0,1,0.0,0,1,0,1.0,0.0
8abecfa1-fc23-4ebd-afdf-5fd09356ae03,Easypaisa,Banking,Ameer Ali,Unknown,1,2025-10-24 05:44:27,khosoameer,khosoameer,0,1,10,0,0,0,1.0,0,0,0.0,1,0,1,0.0,0,1,0,1.0,0.0
b6bce43c-3bc8-48f4-ba5a-9db8751f9236,Easypaisa,Banking,Malik Rizwan,Unknown,1,2025-10-24 05:58:51,"awa hv CV chaff, CD🥉🥉🥉🥉y. care","awa hv cv chaff, cd🥉🥉🥉🥉y. care",0,6,30,4,0,1,1.0,0,0,0.91,1,0,1,0.0,0,1,1,1.0,0.0
c87964d6-bd42-4b87-b1bd-15c5996f4da4,Easypaisa,Banking,Nand Lal,Unknown,1,2025-10-24 10:15:45,Nandlal,nandlal,0,1,7,0,0,0,1.0,0,0,0.0,1,0,1,0.0,0,1,0,1.0,0.0
f31d7073-2309-430a-83bb-35b065c680f5,Easypaisa,Banking,Latif Khan,Unknown,1,2025-10-24 10:32:01,please easypasia apps log in big problem,please easypasia apps log in big problem,0,7,40,0,0,0,1.0,0,1,-0.1027,1,0,1,0.0,0,1,0,1.0,0.0
7a961aa0-61c6-488c-b3a5-2aa04f89f8c3,Easypaisa,Banking,Fahad Mustafa,Unknown,1,2025-10-24 10:40:54,zha bhot gandi app ha as ko koi nah download karah,zha bhot gandi app ha as ko koi nah download karah,0,11,50,0,0,0,1.0,1,1,0.25,1,0,1,0.0,0,1,0,1.0,0.0
5d79d54c-a40c-4dbb-ab73-2b9f92f05969,Easypaisa,Banking,Mery Asmat,Unknown,4,2025-10-24 11:11:24,even after enter a correct pin .again and again ACC blocked 😤,even after enter a correct pin .again and again acc blocked 😤,0,12,61,1,0,1,1.0,0,0,-0.2732,1,0,1,0.0,0,1,0,4.0,0.0
679d6695-f311-4044-b9bd-ade4179df56f,Easypaisa,Banking,Ibad Fathmi,Unknown,1,2025-10-24 12:31:18,OTP not receiving and late received can't open my application fix this😡😡,otp not receiving and late received can't open my application fix this😡😡,0,12,72,2,0,1,1.0,0,1,0.0,1,0,1,0.0,0,1,0,1.0,0.0
cea431d7-df86-42f3-9366-9192943c517c,Easypaisa,Banking,Hamza Sheraz,Unknown,4,2025-10-24 13:25:51,easy way to use it so simple free fee transactions,easy way to use it so simple free fee transactions,0,10,50,0,0,0,1.0,1,0,0.7564,1,0,1,0.0,0,1,0,4.0,0.0
3b2e49dc-e66f-43f9-9726-f8c482c1dc02,Easypaisa,Banking,rahim shah,Unknown,3,2025-10-24 13:41:07,is good,is good,0,2,7,0,0,0,1.0,0,0,0.4404,1,0,1,0.0,0,1,0,3.0,0.0
b0a50861-789d-4e79-89ec-b82c8d36b75f,Easypaisa,Banking,SHAH INFORMATIVE DESK,Unknown,1,2025-10-24 15:05:02,"3rd class customer services on call. shame on you, you are destroying nome of Pakistan","3rd class customer services on call. shame on you, you are destroying nome of pakistan",0,15,86,0,0,0,0.9333333333333333,0,0,-0.7717,1,0,1,0.0,0,1,0,1.0,0.0
d27a161c-2c73-4bf6-8e45-4d85b8cd6615,Easypaisa,Banking,Watdafak,Unknown,3,2025-10-24 15:08:14,had good experience 😜,had good experience 😜,0,4,21,1,0,0,1.0,0,0,0.4404,1,0,1,0.0,0,1,0,3.0,0.0
3c388a07-8b10-40ee-b4c3-4f0cc460ff79,Easypaisa,Banking,Syeda maryam Zaidi,Unknown,1,2025-10-24 15:39:39,not running to android 6,not running to android 6,0,5,24,0,0,0,1.0,0,0,0.0,1,0,1,0.0,0,1,0,1.0,0.0
1aa79c29-e4db-4a7e-bc69-1099e2ea004b,Easypaisa,Banking,Hasnain Hyder,Unknown,4,2025-10-24 16:04:16,"Very disappointed with the service. My complaint was not responded to, and the team seems incapable of handling transactions properly. Poor customer support and lack of professionalism.","very disappointed with the service. my complaint was not responded to, and the team seems incapable of handling transactions properly. poor customer support and lack of professionalism.",0,27,185,0,0,0,0.8888888888888888,0,1,-0.8718,1,0,1,0.0,0,1,1,4.0,0.0
e1dbd3d5-c3b9-47e8-897a-c8b512b4bf34,Easypaisa,Banking,Usman Ali,Unknown,1,2025-10-24 16:14:28,you cannot perfome this action at the moment easypaisa transaction problem today,you cannot perfome this action at the moment easypaisa transaction problem today,0,12,80,0,0,0,1.0,0,0,-0.4019,1,0,3,0.0,0,1,0,3.3333333333333335,2.0816659994661326
77ce6225-b6fc-42f5-9b26-ebf1edd2f2f0,Easypaisa,Banking,shahbaz sahto,Unknown,4,2025-10-24 17:04:20,such a very important application kind of very helpful app,such a very important application kind of very helpful app,1,10,58,0,0,0,0.9,0,1,0.6353,1,0,1,0.0,0,1,0,4.0,0.0
26634f09-7f7c-4ef6-82f1-bfda8a6ab782,Easypaisa,Banking,Azeem Nadeem Rajput Bhatti,Unknown,1,2025-10-24 17:14:05,I want to upgrade my account but your system is lagging please solve this,i want to upgrade my account but your system is lagging please solve this,0,14,73,0,0,0,1.0,0,0,0.3919,1,0,1,0.0,0,1,0,1.0,0.0
052b4fc5-6053-4bf0-af10-03311c879fdf,Easypaisa,Banking,Usman Ali,Unknown,4,2025-10-24 17:41:56,Thank you easypaisa . Great App Off All time ❤️,thank you easypaisa . great app off all time ❤️,0,10,47,0,0,0,1.0,0,1,0.765,1,0,3,5248.0,0,1,0,3.3333333333333335,2.0816659994661326
626abbcb-89a0-4792-b0ef-d4088e511424,Easypaisa,Banking,YouTuber Attaullah,Unknown,1,2025-10-24 17:49:08,very bad New Version Nadra Biomaterc Error what's this😢,very bad new version nadra biomaterc error what's this😢,0,9,55,1,0,0,1.0,0,0,-0.8622,1,0,1,0.0,0,1,0,1.0,0.0
c5553e87-7fe1-45ee-9719-2bec92f3f5aa,Easypaisa,Banking,Ali Hassan,Unknown,1,2025-10-24 18:18:04,bad experience slow system pin wali jagah pr,bad experience slow system pin wali jagah pr,0,8,44,0,0,0,1.0,0,0,-0.5423,1,0,3,93991.0,0,1,0,2.0,1.0
77b24944-f5b0-4fc6-b1b5-9922fa5457b2,Easypaisa,Banking,Malik Mani,Unknown,1,2025-10-24 18:46:59,very poor networking,very poor networking,0,3,20,0,0,0,1.0,0,0,-0.5256,1,0,1,0.0,0,1,0,1.0,0.0
61d1ee26-e92d-429a-b49e-330d9686bcfa,Easypaisa,Banking,umar Ali,Unknown,1,2025-10-24 18:48:44,lll w w mm aw w,lll w w mm aw w,0,6,15,0,0,0,0.6666666666666666,0,0,0.0,1,0,1,0.0,0,1,0,1.0,0.0
3cbbf346-ed73-4bbd-baa8-45bffcac8af6,Easypaisa,Banking,Ahmed Jutt,Unknown,2,2025-10-24 19:43:26,too much unfair charges Pasay kud hi cut jatay hai wop funds without any permission,too much unfair charges pasay kud hi cut jatay hai wop funds without any permission,0,15,83,0,0,0,1.0,0,1,-0.743,1,0,1,0.0,0,1,0,2.0,0.0
4de4be6a-0a4a-4e02-8163-fec208f360c6,Easypaisa,Banking,Arman jani,Unknown,4,2025-10-24 20:04:50,Good app,good app,0,2,8,0,0,0,1.0,0,1,0.4404,1,0,1,0.0,0,8,0,4.0,0.0
0bb98381-f278-4035-adb4-9b185eabe239,Easypaisa,Banking,Goku Black,Unknown,2,2025-10-24 20:15:12,interference is difficult to use. this is my first ever and only response to any app on playstore so please give it attention easypaisa used work well few years back.,interference is difficult to use. this is my first ever and only response to any app on playstore so please give it attention easypaisa used work well few years back.,0,30,166,0,0,0,0.9333333333333333,0,1,0.38,1,0,1,0.0,0,1,0,2.0,0.0
913dd4ca-cc0a-483b-9e47-52da9ce92233,Easypaisa,Banking,Muneer Ahmad,Unknown,4,2025-10-25 01:10:35,good I'm very glad with this app because I'm feel very easily.,good i'm very glad with this app because i'm feel very easily.,0,12,62,0,0,0,0.8333333333333334,0,1,0.8354,1,0,1,0.0,0,1,0,4.0,0.0
17729b46-0460-4692-a958-fc3fd8c678c6,Easypaisa,Banking,Khalid Mehmood,Unknown,1,2025-10-25 01:32:20,تین دن کوشش کے باوجود اکاؤنٹ نہ بن سکا,تین دن کوشش کے باوجود اکاؤنٹ نہ بن سکا,0,9,38,0,0,0,1.0,0,0,0.0,1,0,1,0.0,0,1,0,1.0,0.0
7d23e5a2-156a-40af-ac44-8e450635a59f,Easypaisa,Banking,The Tech Life,Unknown,1,2025-10-25 01:59:24,the most pathetic service I have ever experienced.,the most pathetic service i have ever experienced.,0,8,50,0,0,0,1.0,0,0,-0.6115,1,0,1,0.0,0,1,0,1.0,0.0
3bfc8052-7dcb-4fb4-b18d-78247c818cd0,Easypaisa,Banking,M Abdullah,Unknown,4,2025-10-25 02:41:38,This is a good app for business.,this is a good app for business.,0,7,32,0,0,0,1.0,0,1,0.4404,1,0,1,0.0,0,1,0,4.0,0.0
b636aee3-4d37-4416-bd85-8ca2661fdc2e,Easypaisa,Banking,Humaira Gill,Unknown,4,2025-10-25 02:46:48,good experience,good experience,0,2,15,0,0,0,1.0,0,0,0.4404,1,0,1,0.0,0,3,0,4.0,0.0
fda4a44e-c530-47d5-91ea-a2f77c27d94b,Easypaisa,Banking,Shahid Hussain Shah,Unknown,1,2025-10-25 04:17:45,finger not match.,finger not match.,0,3,17,0,0,0,1.0,0,0,0.0,1,0,1,0.0,0,1,0,1.0,0.0
670a114c-ad71-404f-bf96-6b31d233648c,Easypaisa,Banking,Amir Sohail,Unknown,1,2025-10-25 05:10:37,no us full,no us full,0,3,10,0,0,0,1.0,0,0,-0.296,1,0,1,0.0,0,1,0,1.0,0.0
ef082559-f94a-49c4-84e1-f5dbf2e8df90,Easypaisa,Banking,Ahmed Nawaz,Unknown,2,2025-10-25 06:12:25,"Sir, earlier the account was created on someone else's ID card, now I want to create it on my ID card.on the same number","sir, earlier the account was created on someone else's id card, now i want to create it on my id card.on the same number",0,24,120,0,0,2,0.875,0,0,0.5719,1,0,2,0.0,0,1,1,1.5,0.7071067811865476
bd8810ed-bd1b-41c8-b69f-f94b8f21b735,Easypaisa,Banking,Taj Ahmad,Unknown,2,2025-10-25 06:15:56,hi ok,hi ok,0,2,5,0,0,0,1.0,0,0,0.296,1,0,1,0.0,0,1,0,2.0,0.0
26904094-0746-4d19-a3e5-2c0c315cbeeb,Easypaisa,Banking,Mudasair Khan,Unknown,2,2025-10-25 06:16:10,Full vip,full vip,0,2,8,0,0,0,1.0,0,0,0.5106,1,0,1,0.0,0,1,1,2.0,0.0
bd9e1f9b-05ec-4d3b-a3fa-bbf83ac457a1,Easypaisa,Banking,Farooq Khan,Unknown,1,2025-10-25 06:55:45,Gmail problem,gmail problem,0,2,13,0,0,0,1.0,0,0,-0.4019,1,0,1,0.0,0,1,0,1.0,0.0
fc1198b1-28dc-4aa5-b3e1-00cee73add02,Easypaisa,Banking,umaima bilal,Unknown,1,2025-10-25 07:07:39,my easypaisa account is working not properly and not giving the access to my own account,my easypaisa account is working not properly and not giving the access to my own account,0,16,88,0,0,0,0.8125,0,0,-0.2584,1,0,1,0.0,0,1,0,1.0,0.0
845ab298-0c2c-41e7-93ff-b32c98c42a98,Easypaisa,Banking,Bhai jaan Awan bhai,Unknown,2,2025-10-25 07:51:01,lone ni mil raha kyo,lone ni mil raha kyo,0,5,20,0,0,0,1.0,0,0,-0.2732,1,0,1,0.0,0,1,0,2.0,0.0
190049b8-4e41-4ee7-bfcd-232172a1adce,Easypaisa,Banking,Khizar Hayat,Unknown,1,2025-10-25 08:16:48,No trust remained on easypaisa because they deducted 500 from my account for the health insurance premium which i never subscribed ever They are looting customer like this to make revenue,no trust remained on easypaisa because they deducted 500 from my account for the health insurance premium which i never subscribed ever they are looting customer like this to make revenue,0,31,187,0,0,0,0.967741935483871,0,0,-0.0521,1,0,1,0.0,0,1,0,1.0,0.0
076f9b3d-3fbe-4918-bd6a-76535fce981a,Easypaisa,Banking,Arsalan Shah,Unknown,1,2025-10-25 09:22:42,mere. account se. pse. send. nhi. ho. rahe. plzz. check. my account still,mere. account se. pse. send. nhi. ho. rahe. plzz. check. my account still,0,13,73,0,0,0,0.9230769230769231,0,0,0.0,1,0,1,0.0,0,1,0,1.0,0.0
21e50e93-f210-4dbc-8fc9-a76cbdf93c3f,Easypaisa,Banking,Bilal Khan,Unknown,4,2025-10-25 09:32:32,😍 amazing,😍 amazing,0,2,9,1,0,0,1.0,0,0,0.7783,1,0,2,0.0,0,1,0,4.5,0.7071067811865476
aedbe344-7a90-4099-8d77-43feceaffb1f,Easypaisa,Banking,Arshad Ahmed,Unknown,1,2025-10-25 09:51:23,very bad experience 😞😞😞😞😞. login error. showw again again very bad,very bad experience 😞😞😞😞😞. login error. showw again again very bad,0,11,66,5,0,0,0.7272727272727273,0,0,-0.9777,1,0,1,0.0,0,1,0,1.0,0.0
13796130-e607-4c9c-9ec6-4c83a66e968a,Easypaisa,Banking,Imran “Imran faisal” Gondal,Unknown,1,2025-10-25 10:41:53,not opn,not opn,0,2,7,0,0,0,1.0,0,0,0.0,1,0,1,0.0,0,1,0,1.0,0.0
6b721f48-7c3f-4267-8303-01ab443989b3,Easypaisa,Banking,Sayed Jameel shah Bukhari,Unknown,1,2025-10-25 10:46:31,fingers not matched,fingers not matched,0,3,19,0,0,0,1.0,0,0,0.0,1,0,1,0.0,0,1,0,1.0,0.0
d7a17a34-7c92-4657-adc6-392040bae112,Easypaisa,Banking,Muhammad Zulfqarali,Unknown,1,2025-10-25 11:04:11,tha best app,tha best app,0,3,12,0,0,0,1.0,0,1,0.6369,1,0,1,0.0,0,1,1,1.0,0.0
1865e66a-cad2-4392-a2af-0c71c4737328,Easypaisa,Banking,Abdullah Abdullah,Unknown,1,2025-10-25 11:45:40,made me so furious!! biometric saying place your hands then try again and again. useless!! this app just raised my BP. not using it,made me so furious!! biometric saying place your hands then try again and again. useless!! this app just raised my bp. not using it,0,24,131,0,0,1,1.0,0,1,-0.8661,1,0,2,0.0,0,1,0,1.0,0.0
6635e803-6ed9-4abe-baeb-a566c7b0c895,Easypaisa,Banking,Badritigers 313,Unknown,3,2025-10-25 12:02:18,لیمٹ بڑا کر مشکور فرماے,لیمٹ بڑا کر مشکور فرماے,0,5,23,0,0,0,1.0,0,0,0.0,1,0,1,0.0,0,1,0,3.0,0.0
2d54b916-13e5-4edf-bb47-355be6399072,Easypaisa,Banking,Mohsin Bhanger,Unknown,4,2025-10-25 12:16:40,very Good for little transactions,very good for little transactions,0,5,33,0,0,0,1.0,0,0,0.4927,1,0,1,0.0,0,1,0,4.0,0.0
323f64b9-a616-414e-a1d3-6f969dfa340d,Easypaisa,Banking,Yasir Khan,Unknown,3,2025-10-25 12:39:25,good 👍👍,good 👍👍,0,2,7,2,0,0,1.0,0,0,0.4404,1,0,1,0.0,0,2,0,3.0,0.0
23e0ffb4-1db4-41c6-9faa-3865db75d68d,Easypaisa,Banking,Zaheer Ali,Unknown,1,2025-10-25 12:45:26,بڑی ھی خراب بینکنگ سروس ھے۔ ضرورت کے وقت کبھی کام نہیں آئے گی۔ صد افسوس اس سروس پر۔,بڑی ھی خراب بینکنگ سروس ھے۔ ضرورت کے وقت کبھی کام نہیں آئے گی۔ صد افسوس اس سروس پر۔,0,19,83,0,0,0,0.9473684210526315,0,0,0.0,1,0,1,0.0,0,1,0,1.0,0.0
88a00a8c-5f38-4ab4-aa76-f45118e097b0,Easypaisa,Banking,Malyk Aly,Unknown,1,2025-10-25 13:09:04,bhai easy paisa password galat bta raha hai password bh 3 dafa change kiya phir galt btata hai kindly help kar dain pr jab login karny lago bvs karny lag jata hai,bhai easy paisa password galat bta raha hai password bh 3 dafa change kiya phir galt btata hai kindly help kar dain pr jab login karny lago bvs karny lag jata hai,0,32,162,0,0,0,0.875,0,1,0.7506,1,0,1,0.0,0,1,1,1.0,0.0
fd7c93dc-4696-45e3-9aa8-e5c0da489ff2,Easypaisa,Banking,Bakri Khan,Unknown,1,2025-10-25 15:16:47,dont use it........L app,dont use it........l app,0,4,24,0,0,0,1.0,0,1,0.0,1,0,1,0.0,0,1,0,1.0,0.0
a01fc639-1e9a-4c86-a348-8735b7d1809c,Easypaisa,Banking,Ismail Jatoi,Unknown,1,2025-10-25 15:28:20,Very bad experience I can't transfer money to anyone I complaint ten times but my issue was not resolved the team says no issue no issue very very bad 😔😔😔,very bad experience i can't transfer money to anyone i complaint ten times but my issue was not resolved the team says no issue no issue very very bad 😔😔😔,0,30,154,3,0,0,0.7666666666666667,0,0,-0.8265,1,0,1,0.0,0,1,0,1.0,0.0
2fb469ab-3b6b-45f6-ba52-7861a726df26,Easypaisa,Banking,Tahir Ranjha,Unknown,1,2025-10-25 15:38:27,high amount package,high amount package,0,3,19,0,0,0,1.0,0,0,0.0,1,0,1,0.0,0,1,0,1.0,0.0
93f2da1a-be0a-4973-8bb9-d02431933503,Easypaisa,Banking,hay der,Unknown,1,2025-10-25 16:37:15,its not good . my account is block and i loss all of my money. i ask them on calls on gmail but they cannot take action on my problem.,its not good . my account is block and i loss all of my money. i ask them on calls on gmail but they cannot take action on my problem.,0,30,134,0,0,0,0.8333333333333334,0,0,-0.7816,1,0,1,0.0,0,1,0,1.0,0.0
4e06b755-487b-48b3-b11c-47d9c617fa63,Easypaisa,Banking,Malik waqas Waqas Malik,Unknown,2,2025-10-25 17:24:30,laykin ya AP loan ni da rha ma dalete kar rha ho AP ok,laykin ya ap loan ni da rha ma dalete kar rha ho ap ok,0,14,54,0,0,2,0.8571428571428571,0,0,0.296,1,0,1,0.0,0,1,0,2.0,0.0
fbc94ab8-75ea-464a-a68e-bdcdc3bffbfe,Easypaisa,Banking,Ismaeel Khan,Unknown,3,2025-10-25 17:46:54,My Account limit is 10 lac Recently I process the Digital bank app but biomataric app is not process how to process this phase after process Easypaisa app say we regret to inform this services is currently unavailable,my account limit is 10 lac recently i process the digital bank app but biomataric app is not process how to process this phase after process easypaisa app say we regret to inform this services is currently unavailable,0,38,217,0,0,0,0.7631578947368421,0,1,-0.5719,1,0,1,0.0,0,1,0,3.0,0.0
7901c2c0-07ae-45dd-8812-c13850aa100d,Easypaisa,Banking,Hannan Janjua,Unknown,1,2025-10-25 17:51:56,I send money on my easy easypesa account from dubai until now I'm not received money on easypesa account no trust on this easypesa anymore,i send money on my easy easypesa account from dubai until now i'm not received money on easypesa account no trust on this easypesa anymore,0,25,138,0,0,0,0.76,0,0,0.0511,1,0,1,0.0,0,1,0,1.0,0.0
865db372-71c6-45ea-bb50-ad0642b0bfc3,Easypaisa,Banking,Kashi Gill,Unknown,1,2025-10-25 19:46:23,the height KTR service,the height ktr service,0,4,22,0,0,1,1.0,0,0,0.0,1,0,1,0.0,0,1,0,1.0,0.0
a6107be9-3253-426c-9069-957634e4a863,Easypaisa,Banking,Abdul Basit,Unknown,1,2025-10-25 19:58:21,bilkul ghatia service hai in ki,bilkul ghatia service hai in ki,0,6,31,0,0,0,1.0,0,1,0.0,1,0,2,0.0,0,1,0,3.0,2.8284271247461903
8c05713b-6422-4448-afd6-30020f6fed3f,Easypaisa,Banking,Hasnain Baloch,Unknown,4,2025-10-25 23:49:46,good application,good application,0,2,16,0,0,0,1.0,0,1,0.4404,1,0,1,0.0,0,1,0,4.0,0.0
6bcd32db-6049-4962-8a20-704dd531d4b0,Easypaisa,Banking,Akhtarali Chakrani,Unknown,3,2025-10-26 01:57:51,fantastic,fantastic,0,1,9,0,0,0,1.0,0,0,0.5574,1,0,1,0.0,0,2,0,3.0,0.0
b7e78f25-1f00-4cc6-b6db-8dc53c9f13a9,Easypaisa,Banking,Jaleed Butt,Unknown,4,2025-10-26 03:49:36,it's funny that an app like you doesn't have split the bill option,it's funny that an app like you doesn't have split the bill option,0,13,66,0,0,0,1.0,0,1,0.6597,1,0,1,0.0,0,1,0,4.0,0.0
4f69f18e-d39c-435b-b766-a3a39db6e6ed,Easypaisa,Banking,Sadiq Sipra,Unknown,1,2025-10-26 04:03:07,I am facing problem while the biometric verification because i changed my mobile. but i am facing the problem right now,i am facing problem while the biometric verification because i changed my mobile. but i am facing the problem right now,0,21,119,0,0,0,0.7142857142857143,0,0,-0.6597,1,0,1,0.0,0,1,0,1.0,0.0
b26963eb-3893-44e4-839c-c732a167b827,Easypaisa,Banking,Abid Ali,Unknown,1,2025-10-26 04:25:42,OTP masala,otp masala,0,2,10,0,0,1,1.0,0,0,0.0,1,0,2,0.0,0,1,0,3.0,2.8284271247461903
a674ab30-c356-49db-ba81-b7dfc86a638f,Easypaisa,Banking,Jani Baba,Unknown,1,2025-10-26 05:07:42,biometric not matching issue plz solv it,biometric not matching issue plz solv it,0,7,40,0,0,0,1.0,0,0,-0.0572,1,0,1,0.0,0,1,0,1.0,0.0
36f618de-31c9-4844-b3a9-3056a0e78e4e,Easypaisa,Banking,Sikandar Shah,Unknown,3,2025-10-26 05:21:30,too much slow,too much slow,0,3,13,0,0,0,1.0,0,0,0.0,1,0,1,0.0,0,1,0,3.0,0.0
a0c55700-35e0-4947-a5e0-dbe9ad279ea1,Easypaisa,Banking,Rani Khan,Unknown,1,2025-10-26 05:55:40,why is it not working ?,why is it not working ?,0,6,23,0,0,0,1.0,0,0,0.0,1,0,1,0.0,0,1,0,1.0,0.0
8ccb7c84-3b88-465d-b0be-beb3c6f3fc51,Easypaisa,Banking,Hero Kolhi,Unknown,1,2025-10-26 06:12:05,gamy y doposit easypaisa okay karna hay,gamy y doposit easypaisa okay karna hay,0,7,39,0,0,0,1.0,0,0,0.2263,1,0,1,0.0,0,1,0,1.0,0.0
1b03eaf2-4e5e-47d9-95f5-b0db7d613b26,Easypaisa,Banking,Hammad Awan,Unknown,4,2025-10-26 06:19:08,is ma lone ki limit ZayAda nhi hoti or pasa b cut Raha a,is ma lone ki limit zayada nhi hoti or pasa b cut raha a,0,14,56,0,0,0,1.0,0,0,-0.4939,1,0,1,0.0,0,1,0,4.0,0.0
0b5d71ae-2f1a-44ae-aae5-037142bc6add,Easypaisa,Banking,Khan G,Unknown,2,2025-10-26 07:11:29,Butaawas q b Jun Glyn I'll Jojou Look p7p,butaawas q b jun glyn i'll jojou look p7p,0,9,41,0,0,0,1.0,0,0,0.0,1,0,1,0.0,0,1,0,2.0,0.0
abb312a9-9d98-4cca-bdd5-ca10473dc3e7,Easypaisa,Banking,Asim Sh,Unknown,4,2025-10-26 08:13:02,Asim Shahzad,asim shahzad,0,2,12,0,0,0,1.0,0,0,0.0,1,0,1,0.0,0,1,0,4.0,0.0
77f9da28-c467-4eeb-b6af-b422dad68677,Easypaisa,Banking,Muhammad Annus Official,Unknown,1,2025-10-26 08:27:28,1 rupy game is totaly fake and no any person selected for this prize,1 rupy game is totaly fake and no any person selected for this prize,0,14,68,0,0,0,1.0,0,0,-0.1091,1,0,1,0.0,0,1,0,1.0,0.0
fb8e3503-e225-4bee-9aaa-591727caa808,Easypaisa,Banking,Lofi's Time,Unknown,1,2025-10-26 08:31:33,worst app I see in my whole life . This is very bad app my money is deducted from my account but receiver don't receive any money don't download it . And also give my money now,worst app i see in my whole life . this is very bad app my money is deducted from my account but receiver don't receive any money don't download it . and also give my money now,0,37,176,0,0,0,0.7567567567567568,1,1,-0.6055,1,0,1,0.0,0,1,0,1.0,0.0
cea7c41f-0786-4c53-84ee-697e6487997f,Easypaisa,Banking,Imdad Shah,Unknown,1,2025-10-26 08:43:59,slove my problem to sign up to easypasia account on uphone number,slove my problem to sign up to easypasia account on uphone number,0,12,65,0,0,0,0.9166666666666666,0,0,-0.34,1,0,1,0.0,0,1,0,1.0,0.0
a41f433d-81dd-4bd6-9a4d-0a2bdcc33b3d,Easypaisa,Banking,Waqar Shah,Unknown,3,2025-10-26 08:47:37,Narwoal,narwoal,0,1,7,0,0,0,1.0,0,0,0.0,1,0,1,0.0,0,1,0,3.0,0.0
550ba151-2ad0-4f88-bf0c-2575c096edfc,Easypaisa,Banking,Nweed Ali,Unknown,1,2025-10-26 09:09:36,that's is very most important app,that's is very most important app,0,6,33,0,0,0,1.0,0,1,0.3338,1,0,1,0.0,0,1,0,1.0,0.0
e417d718-f77f-47bf-8647-d0dab097d7d3,Easypaisa,Banking,Rehan Khan,Unknown,1,2025-10-26 09:28:53,He is a frad he eat my 20000,he is a frad he eat my 20000,0,8,28,0,0,0,0.875,0,0,0.0,1,0,2,0.0,0,1,0,3.0,2.8284271247461903
34fec3bd-2d47-49fe-8e2a-d2c76c21ee3b,Easypaisa,Banking,Komal Asif,Unknown,1,2025-10-26 09:39:40,wesy to app acha ha useful ha but ye easy loan provide ni kr rahy han halan k Mera credit scor b acha ha but I dnt know why,wesy to app acha ha useful ha but ye easy loan provide ni kr rahy han halan k mera credit scor b acha ha but i dnt know why,0,29,123,0,0,0,0.8620689655172413,0,1,0.9287,1,0,1,0.0,0,1,1,1.0,0.0
03d619e5-27e5-4e3a-a3a2-baace9b322c9,Easypaisa,Banking,fesyen tecido,Unknown,3,2025-10-26 09:57:07,good working,good working,1,2,12,0,0,0,1.0,0,0,0.4404,1,0,1,0.0,0,2,0,3.0,0.0
2c7094fa-bec5-4d48-9f83-eb09ae3c432b,Easypaisa,Banking,Muhammad Khalil Afridi,Unknown,1,2025-10-26 10:02:20,My Easypaisa account was blocked suddenly and I received no clear explanation. I made many calls to customer support but the problem remains unresolved. This is causing me real inconvenience. Please restore my account or explain what happened.,my easypaisa account was blocked suddenly and i received no clear explanation. i made many calls to customer support but the problem remains unresolved. this is causing me real inconvenience. please restore my account or explain what happened.,1,38,243,0,0,0,0.9210526315789473,0,1,-0.3274,1,0,1,0.0,0,1,0,1.0,0.0
e3a07bfb-7ac8-43f9-b215-35438e50007f,Easypaisa,Banking,Usman Afzal,Unknown,1,2025-10-26 11:01:05,🖐️🖐️🖐️🖐️🖐️🖐️,🖐️🖐️🖐️🖐️🖐️🖐️,0,1,12,6,0,0,1.0,0,0,0.9595,1,0,1,0.0,0,1,1,1.0,0.0
0c63513c-0a6a-422b-b023-566c089cb277,Easypaisa,Banking,Imtiaz Gujar,Unknown,1,2025-10-26 11:06:58,yes good,yes good,0,2,8,0,0,0,1.0,0,0,0.6808,1,0,1,0.0,0,1,1,1.0,0.0
34819118-171e-4336-9a4b-cb44f8d3859d,Easypaisa,Banking,sharji baba,Unknown,1,2025-10-26 11:19:11,sign up option not show in this application version.,sign up option not show in this application version.,0,9,52,0,0,0,1.0,0,1,0.0,1,0,1,0.0,0,1,0,1.0,0.0
da2fa297-ee1b-480b-b25a-5f5ea535aec9,Easypaisa,Banking,Murtaza Jutt,Unknown,4,2025-10-26 11:23:13,very usefull and helpfulll,very usefull and helpfulll,0,4,26,0,0,0,1.0,0,0,0.0,1,0,1,0.0,0,1,0,4.0,0.0
f96f7d7a-97eb-44d9-9a7e-11607b535cef,Easypaisa,Banking,Muhammad Saqib,Unknown,1,2025-10-26 11:33:10,worst experience,worst experience,0,2,16,0,0,0,1.0,0,0,-0.6249,1,0,1,0.0,0,1,0,1.0,0.0
c2901c16-c71e-4729-a26f-de78106d5464,Easypaisa,Banking,Lubaba Jeelani,Unknown,1,2025-10-26 11:39:30,why today my easypaisa is not working,why today my easypaisa is not working,0,7,37,0,0,0,1.0,0,0,0.0,1,0,1,0.0,0,1,0,1.0,0.0
cd64c4d6-b017-484f-912d-85aa3398172d,Easypaisa,Banking,dev jython,Unknown,1,2025-10-26 11:39:43,always money transfer process fail ...,always money transfer process fail ...,0,6,38,0,0,0,1.0,0,0,-0.5423,1,0,1,0.0,0,1,0,1.0,0.0
8e97f91c-c913-4484-bb65-c499f1bfec4e,Easypaisa,Banking,SaNia Awais,Unknown,4,2025-10-26 12:25:04,very easy 2 use amazing experience,very easy 2 use amazing experience,0,6,34,0,0,0,1.0,0,0,0.7902,1,0,1,0.0,0,1,0,4.0,0.0
8385fb38-d1cc-42d5-b8b2-4dd888f074fc,Easypaisa,Banking,MSaleem,Unknown,1,2025-10-26 12:37:43,use nayapay instead.,use nayapay instead.,0,3,20,0,0,0,1.0,0,0,0.0,1,0,1,0.0,0,1,0,1.0,0.0
241a55b2-cd6a-4608-8870-43ade014cca4,Easypaisa,Banking,Kiyani Writtes,Unknown,4,2025-10-26 12:56:52,please easypaisa team Add SCOM Load and packages in menu plz,please easypaisa team add scom load and packages in menu plz,0,11,60,0,0,1,1.0,0,0,0.3818,1,0,1,0.0,0,1,0,4.0,0.0
1e2f04ad-7a95-4671-9c20-728661cd37b2,Easypaisa,Banking,Muhmmad Usman,Unknown,4,2025-10-26 13:31:02,It's a good and safe app to use and transfer money online in Pakistan,it's a good and safe app to use and transfer money online in pakistan,0,14,69,0,0,0,0.9285714285714286,0,1,0.7003,1,0,1,0.0,0,1,0,4.0,0.0
18b8c8aa-ddf1-4ceb-a2b1-1f5d190a659f,Easypaisa,Banking,BM world,Unknown,1,2025-10-26 13:32:53,دائیں جانب دیکھے باہیں طرف دیکھے اور اب سمائل کریں دس دفہ کوشش کیا اس کے باوجود اکاؤنٹ اپگریٹ نہیں ہو رہا ہے ہمارا اور کوئی کام نہیں ہوگا بار بار ان فضول چیزوں پر اپنا وقت کرینگے کیا؟؟؟؟,دائیں جانب دیکھے باہیں طرف دیکھے اور اب سمائل کریں دس دفہ کوشش کیا اس کے باوجود اکاؤنٹ اپگریٹ نہیں ہو رہا ہے ہمارا اور کوئی کام نہیں ہوگا بار بار ان فضول چیزوں پر اپنا وقت کرینگے کیا؟؟؟؟,0,39,186,0,0,0,0.8974358974358975,0,0,0.0,1,0,1,0.0,0,1,0,1.0,0.0
7e2053a3-1b8e-47e4-b500-dac1db1d5258,Easypaisa,Banking,shaadi khan,Unknown,1,2025-10-26 13:36:24,because I don't us 🤫,because i don't us 🤫,0,5,20,1,0,0,1.0,0,0,0.0,1,0,1,0.0,0,1,0,1.0,0.0
7c096805-4a92-4a1d-b511-3070a4bc3414,Easypaisa,Banking,raja riaz,Unknown,4,2025-10-26 14:26:07,very fast thanks,very fast thanks,0,3,16,0,0,0,1.0,0,0,0.4902,1,0,1,0.0,0,1,0,4.0,0.0
eab5c73a-e951-4081-b5f3-e133348b6e08,Easypaisa,Banking,Shoaib Latif,Unknown,1,2025-10-26 15:01:11,great,great,0,1,5,0,0,0,1.0,0,0,0.6249,1,0,1,0.0,0,6,1,1.0,0.0
c73c6f6f-25e9-440c-afbc-e989fb09fb18,Easypaisa,Banking,Hamza Mhr,Unknown,1,2025-10-26 15:07:39,"while Registering now account otp issue , otp cannot received why ? i try a lot methods like update etc....","while registering now account otp issue , otp cannot received why ? i try a lot methods like update etc....",0,20,107,0,0,0,0.95,0,0,0.3612,1,0,1,0.0,0,1,0,1.0,0.0
6863cd4b-e840-4fb5-ad13-5357110f1c83,Easypaisa,Banking,Shahid Hussain,Unknown,4,2025-10-26 15:17:10,yasirali.1919,yasirali.1919,0,1,13,0,0,0,1.0,0,0,0.0,1,0,1,0.0,0,1,0,4.0,0.0
da8b83d8-4e70-4475-a62f-691d8ee0dca9,Easypaisa,Banking,Zia Ur Rehman Zia,Unknown,1,2025-10-26 15:43:07,Good for urgent transection,good for urgent transection,0,4,27,0,0,0,1.0,0,0,0.5719,1,0,1,0.0,0,1,1,1.0,0.0
4b3eaf28-3f2f-429c-99bc-e5ffa1d5dbf6,Easypaisa,Banking,Asim Nadeem,Unknown,4,2025-10-26 15:47:27,Sporting my business,sporting my business,0,3,20,0,0,0,1.0,0,0,0.0,1,0,1,0.0,0,1,0,4.0,0.0
53d9f66e-437f-4483-9181-4eacb023eb5d,Easypaisa,Banking,Ahsan khanpur,Unknown,4,2025-10-26 16:19:11,good luck,good luck,0,2,9,0,0,0,1.0,0,0,0.7096,1,0,1,0.0,0,3,0,4.0,0.0
e5229259-3932-4ae3-adac-2a6076510a82,Easypaisa,Banking,Asad Abid,Unknown,1,2025-10-26 16:25:09,this banking app is not safe. and there is no customer service at call. they will make your call hold for 6mins and then it will get disconnected.,this banking app is not safe. and there is no customer service at call. they will make your call hold for 6mins and then it will get disconnected.,0,28,146,0,0,0,0.8928571428571429,0,1,-0.5583,1,0,1,0.0,0,1,0,1.0,0.0
6881cee6-718a-4e9a-ba29-cca6aec0b88d,Easypaisa,Banking,M.Hasnain Fida,Unknown,2,2025-10-26 16:29:36,"I've forgotten my password, but even with the correct ID card number, it's not working. Even when I enter the correct password, it still gets blocked🥺","i've forgotten my password, but even with the correct id card number, it's not working. even when i enter the correct password, it still gets blocked🥺",0,26,150,1,0,1,0.8461538461538461,0,0,-0.3919,1,0,1,0.0,0,1,0,2.0,0.0
c8cb0474-fa63-4f6f-8333-e9255bdedc34,Easypaisa,Banking,Aqil baloch,Unknown,1,2025-10-26 16:34:12,3rd class,3rd class,0,2,9,0,0,0,1.0,0,0,0.0,1,0,1,0.0,0,1,0,1.0,0.0
5abfc3f8-be76-4f63-8b6a-0e65bb9176b7,Easypaisa,Banking,Abdul Rahman,Unknown,1,2025-10-26 17:10:07,this app is not use ful 🤮,this app is not use ful 🤮,0,7,25,1,0,0,1.0,0,1,0.0,1,0,2,0.0,0,1,0,2.0,1.4142135623730951
a5041c03-2b09-45e6-b51a-cace6589300c,Easypaisa,Banking,Wajid Hussain,Unknown,1,2025-10-26 18:20:17,this app isn't working in my phone,this app isn't working in my phone,0,7,34,0,0,0,1.0,0,1,0.0,1,0,1,0.0,0,1,0,1.0,0.0
03279568-45b7-4d33-87c5-afab601695b2,Easypaisa,Banking,شکیل بوزدار,Unknown,1,2025-10-26 19:32:33,sir ye app scam ka he koi be downlod na karo oksir ye app,sir ye app scam ka he koi be downlod na karo oksir ye app,0,14,57,0,0,0,0.8571428571428571,0,1,-0.5719,1,0,1,0.0,0,1,0,1.0,0.0
f9cbec3c-fc46-4383-9136-512c10ed1efb,Easypaisa,Banking,Prince Saddam,Unknown,1,2025-10-26 20:11:12,I have a problem from two days in opening my easypaisa account the easypaisa account not open OTP is not verified automatically plz help,i have a problem from two days in opening my easypaisa account the easypaisa account not open otp is not verified automatically plz help,0,24,136,0,0,1,0.875,0,0,-0.0572,1,0,1,0.0,0,1,0,1.0,0.0
1fa35bd4-b8e5-4935-843f-d85be54de053,Easypaisa,Banking,m.subhan Mzhar,Unknown,4,2025-10-26 22:34:46,"this app was very helpful in my investmen ,","this app was very helpful in my investmen ,",0,9,43,0,0,0,1.0,0,1,0.4754,1,0,1,0.0,0,1,0,4.0,0.0
3b90fb4f-af18-4bfa-a76a-363215c6f5bb,Easypaisa,Banking,Stone Heart,Unknown,1,2025-10-26 23:38:15,Hello developer mere pas yeh easypaisa app installed hai magr biometric jab karta hon hon to error aa jata hai or mery pas Qmobile Qsmart Ultra hai...,hello developer mere pas yeh easypaisa app installed hai magr biometric jab karta hon hon to error aa jata hai or mery pas qmobile qsmart ultra hai...,0,27,150,0,0,0,0.8888888888888888,1,1,-0.4019,1,0,1,0.0,0,1,0,1.0,0.0
d24e932f-f576-466d-84c7-08edfd78800f,Easypaisa,Banking,Ishaq Marfani,Unknown,2,2025-10-26 23:49:31,hello Easypaisa team my biometric problem solve it,hello easypaisa team my biometric problem solve it,0,8,50,0,0,0,1.0,0,0,-0.2263,1,0,1,0.0,0,1,0,2.0,0.0
85508cc1-311d-41ad-9e18-d21a30a02b9f,Easypaisa,Banking,Rehmat Ali,Unknown,4,2025-10-27 00:00:16,Easypaisa app are very easy for own choices but sorry 😔 easyloan description is not good very slowly,easypaisa app are very easy for own choices but sorry 😔 easyloan description is not good very slowly,0,18,100,1,0,0,0.9444444444444444,0,1,-0.2529,1,0,1,0.0,0,1,0,4.0,0.0
846738a3-bcdc-4b80-b1a5-bd59fb76268b,Easypaisa,Banking,Malik Tariq,Unknown,3,2025-10-27 01:24:27,before 2 to 3 month my experience with easypaisa app is quite bad but now my issues are resolved.,before 2 to 3 month my experience with easypaisa app is quite bad but now my issues are resolved.,0,19,97,0,0,0,0.9473684210526315,0,1,-0.0891,1,0,1,0.0,0,1,0,3.0,0.0
aa9b585d-b69b-4d51-9878-6339be2453b4,Easypaisa,Banking,Hamza Maqsood,Unknown,1,2025-10-27 01:29:11,v bad experience. its been 2 weeks since i applied for account creation. no approval since.,v bad experience. its been 2 weeks since i applied for account creation. no approval since.,0,16,91,0,0,0,1.0,0,1,-0.6065,1,0,1,0.0,0,1,0,1.0,0.0
85c26eb4-89be-4ca5-8f49-7888ddc1ed30,Easypaisa,Banking,Luqman Ahmad,Unknown,3,2025-10-27 01:59:30,easy pesa work better than before,easy pesa work better than before,0,6,33,0,0,0,1.0,0,0,0.7003,1,0,1,0.0,0,1,0,3.0,0.0
246da90d-e015-4e44-9337-c6b65583cb7d,Easypaisa,Banking,MAILK BILAL HASSAN,Unknown,2,2025-10-27 02:30:21,please send Me account limit increase offer Rs . 1 please 1 time,please send me account limit increase offer rs . 1 please 1 time,0,13,64,0,0,0,0.8461538461538461,1,0,0.7096,1,0,1,0.0,0,1,1,2.0,0.0
0c57aaa4-c948-4f6b-be5f-3adc4df0f37d,Easypaisa,Banking,Dawood Suri,Unknown,1,2025-10-27 02:55:33,third class very disappointed. helpline service is also very very disappointed 😔☹️ overall Easypaisa is proofed Telenor is a bad communication company,third class very disappointed. helpline service is also very very disappointed 😔☹️ overall easypaisa is proofed telenor is a bad communication company,0,22,150,1,0,0,0.8181818181818182,0,1,-0.9026,1,0,1,0.0,0,1,0,1.0,0.0
f8b89d1d-a967-4fa4-a095-beec1580789c,Easypaisa,Banking,Azeem mazari Azeem mazari,Unknown,4,2025-10-27 03:16:30,app na install hota hai na unstal aik he jga roka hai why,app na install hota hai na unstal aik he jga roka hai why,0,13,57,0,0,0,0.8461538461538461,1,1,0.0,1,0,1,0.0,0,1,0,4.0,0.0
2d26ef3b-1c31-4513-9f4e-f2a216b0ed34,Easypaisa,Banking,Muslim Raza,Unknown,2,2025-10-27 03:51:47,mery account sy money transfer ruk gai hy,mery account sy money transfer ruk gai hy,0,8,41,0,0,0,1.0,0,0,0.0,1,0,1,0.0,0,1,0,2.0,0.0
abc21c28-cd04-4888-aa45-6d8a5f353322,Easypaisa,Banking,muhammad usman,Unknown,1,2025-10-27 04:39:41,loan system is bad,loan system is bad,0,4,18,0,0,0,1.0,0,0,-0.5423,1,0,2,558107.0,0,1,0,2.0,1.4142135623730951
bd767926-6083-44bb-92e9-08749f2dd9c1,Easypaisa,Banking,Muhammad Yasir,Unknown,1,2025-10-27 04:49:21,it's not a good app 😔 very very bad App he didn't found my my account ☹️all required documents complete but my account doesn't not recovered,it's not a good app 😔 very very bad app he didn't found my my account ☹️all required documents complete but my account doesn't not recovered,0,26,140,1,0,0,0.7692307692307693,0,1,-0.5843,1,0,1,0.0,0,1,0,1.0,0.0
762f8015-175f-4f8e-a0d3-232c5cafbd24,Easypaisa,Banking,Mian shamas,Unknown,4,2025-10-27 04:54:08,good aap,good aap,0,2,8,0,0,0,1.0,0,0,0.4404,1,0,1,0.0,0,2,0,4.0,0.0
d03750cc-71ac-41d8-a79f-88e068c2d775,Easypaisa,Banking,سائين پاڻ,Unknown,4,2025-10-27 05:06:15,OPPO A37,oppo a37,0,2,8,0,0,2,1.0,0,0,0.0,1,0,1,0.0,0,1,0,4.0,0.0
14b9820b-3097-40cd-8a75-19e8639206d4,Easypaisa,Banking,Noman gillani Noman gillani,Unknown,1,2025-10-27 05:20:34,good luck,good luck,0,2,9,0,0,0,1.0,0,0,0.7096,1,0,1,0.0,0,3,1,1.0,0.0
99505c21-9397-4e35-a4f0-81d07d6f45ef,Easypaisa,Banking,Abid Ullah khan,Unknown,3,2025-10-27 05:58:53,very easy to use but mostly didn't work on well network,very easy to use but mostly didn't work on well network,0,11,55,0,0,0,1.0,0,0,-0.0321,1,0,1,0.0,0,1,0,3.0,0.0
72cc4853-e897-4e4e-9e90-5d7ca94e43be,Easypaisa,Banking,Ayaz Bazme,Unknown,2,2025-10-27 07:55:48,"unable to perform biomatric verification from easypaisa for account upgradation, tried countless times but never successfully done, while done easily with other banking apps.","unable to perform biomatric verification from easypaisa for account upgradation, tried countless times but never successfully done, while done easily with other banking apps.",0,24,174,0,0,0,1.0,0,1,-0.088,1,0,1,0.0,0,1,0,2.0,0.0
c8aef61b-c29c-48d6-94bd-45f895caf0bf,Easypaisa,Banking,GHULAM SARWAR BHINDER,Unknown,3,2025-10-27 08:49:20,Nice service,nice service,0,2,12,0,0,0,1.0,0,0,0.4215,1,0,1,0.0,0,1,0,3.0,0.0
f8d64bb7-6b22-4eb6-971c-186a9858a33e,Easypaisa,Banking,Rai Ali abbas,Unknown,1,2025-10-27 08:55:38,Very nice app,very nice app,0,3,13,0,0,0,1.0,0,1,0.4754,1,0,1,0.0,0,3,0,1.0,0.0
fec4e2d6-b78e-4305-a14d-82573be0ce73,Easypaisa,Banking,Asad Mehmood,Unknown,1,2025-10-27 09:43:16,customer service 0 verification 0 account creation process -0 1 of the worst app ever,customer service 0 verification 0 account creation process -0 1 of the worst app ever,0,15,85,0,0,0,0.9333333333333333,0,1,-0.4588,1,0,1,0.0,0,1,0,1.0,0.0
d4d23a98-1173-4b7b-956d-e5f6f8d9e1b6,Easypaisa,Banking,ÂÂSHIR ZÃHÈÉR,Unknown,1,2025-10-27 09:55:17,good bank,good bank,0,2,9,0,0,0,1.0,0,0,0.4404,1,0,1,0.0,0,1,0,1.0,0.0
da900db1-a85e-46fa-a588-2a9b4c0b942f,Easypaisa,Banking,haider Ali,Unknown,1,2025-10-27 10:45:05,easypaisa is cheapest app of world Don't download it because it can be waste your money when I tried to make easy paisa account there are many problems stand to face it Teri pan di phudi,easypaisa is cheapest app of world don't download it because it can be waste your money when i tried to make easy paisa account there are many problems stand to face it teri pan di phudi,0,36,186,0,0,0,0.9166666666666666,1,1,-0.3818,1,0,1,0.0,0,1,0,1.0,0.0
b5ceafc1-e7dd-4afa-96df-996537d51dde,Easypaisa,Banking,Ghulam Shabeer,Unknown,1,2025-10-27 10:57:19,Aslam alekum sir esaypaisa app or payment transfer or mobile top up wagherah behtar ha lekin ap logon ka social email ✉️ team bilkul nakara ha bary karam unka b koi hal nikal lia jay,aslam alekum sir esaypaisa app or payment transfer or mobile top up wagherah behtar ha lekin ap logon ka social email ✉️ team bilkul nakara ha bary karam unka b koi hal nikal lia jay,0,35,182,0,0,0,0.9428571428571428,0,1,0.6808,1,0,1,0.0,0,1,1,1.0,0.0
ab1bc57b-e6d4-4e7b-92f6-14a3502ee11a,Easypaisa,Banking,Faizan Abbasi,Unknown,1,2025-10-27 11:29:08,assalam alikum,assalam alikum,0,2,14,0,0,0,1.0,0,0,0.0,1,0,1,0.0,0,1,0,1.0,0.0
502e312d-db6f-4b86-b6a9-22210cb95b75,Easypaisa,Banking,Farooq Siddiqui,Unknown,1,2025-10-27 11:53:53,hanging,hanging,0,1,7,0,0,0,1.0,0,0,0.0,1,0,1,0.0,0,1,0,1.0,0.0
48915949-358d-4b70-9d6b-f592784a3ed4,Easypaisa,Banking,Dastar Ali,Unknown,1,2025-10-27 12:08:09,latest update is villagers idea if u withdra wait 2 hours,latest update is villagers idea if u withdra wait 2 hours,0,11,57,0,0,0,1.0,0,0,0.0,1,0,1,0.0,0,1,0,1.0,0.0
510fe6ce-f964-4d6e-bdd8-0743dda7a1c3,Easypaisa,Banking,Fareed Nasir,Unknown,1,2025-10-27 12:21:10,i am rightnow unable to verify my account it this movment i need my money back in my other account it is not being transfera,i am rightnow unable to verify my account it this movment i need my money back in my other account it is not being transfera,0,25,124,0,0,0,0.8,0,0,0.0,1,0,1,0.0,0,1,0,1.0,0.0
dc67ce48-f71f-409b-a3ea-ec9c1e59413c,Easypaisa,Banking,Rk ASAD YT,Unknown,1,2025-10-27 13:00:19,💔 Sonakshi card expire 💔🙂,💔 sonakshi card expire 💔🙂,0,5,25,3,0,0,1.0,0,0,0.7102,1,0,1,0.0,0,1,1,1.0,0.0
7dd99718-82cb-4996-8878-d586978d9365,Easypaisa,Banking,Iyya Blogs,Unknown,1,2025-10-27 13:03:08,what's wrong with this app Every time it shows error code sorry your request could not be processed worst experience everytime,what's wrong with this app every time it shows error code sorry your request could not be processed worst experience everytime,0,21,126,0,0,0,1.0,0,1,-0.4226,1,0,1,0.0,0,1,0,1.0,0.0
44735666-4ca5-4a3c-8e47-7caf22adf1f0,Easypaisa,Banking,Safyan Ch,Unknown,1,2025-10-27 13:28:06,plzzzzzzz help me biomatic verification problem biomatic nahi ho raha 😫😭😭😭😭😭😭😭😭😭😭😭,plzzzzzzz help me biomatic verification problem biomatic nahi ho raha 😫😭😭😭😭😭😭😭😭😭😭😭,0,11,82,12,0,0,0.9090909090909091,0,1,-0.9882,1,0,1,0.0,0,1,0,1.0,0.0
d26ef79c-b43f-4a14-bbc1-2ee389459797,Easypaisa,Banking,Mubashar Rehman,Unknown,1,2025-10-27 13:56:35,again and again gose to playstor when i am open it very pain ful problem slove it now,again and again gose to playstor when i am open it very pain ful problem slove it now,0,18,85,0,0,0,0.8888888888888888,0,0,-0.762,1,0,1,0.0,0,1,0,1.0,0.0
1c1b6203-a2a6-492d-b738-48c04ebffe81,Easypaisa,Banking,Khan Khan,Unknown,1,2025-10-27 14:18:42,Mainy 1 RS Mai easypaisaa game ka subscription Le lya osky 2 ghanty Baad mery accont sy 400 Rs kat gye ye Kya scam hai 😭😭😭,mainy 1 rs mai easypaisaa game ka subscription le lya osky 2 ghanty baad mery accont sy 400 rs kat gye ye kya scam hai 😭😭😭,0,26,122,3,0,1,0.9615384615384616,0,1,-0.8271,1,0,4,690466.0,0,1,0,2.0,2.0
afe0fded-0f6a-4531-beec-012dec86e697,Easypaisa,Banking,Abubakar Almani,Unknown,1,2025-10-27 14:51:55,New Issues 😭 In easypaisa app No Money Transfer Please Fix this issues,new issues 😭 in easypaisa app no money transfer please fix this issues,0,13,70,1,0,0,0.9230769230769231,0,1,-0.4588,1,0,1,0.0,0,1,0,1.0,0.0
8fe817ba-a26f-4357-8167-d390961a6cfc,Easypaisa,Banking,Adnan BaDsHaH,Unknown,3,2025-10-27 15:00:49,best transaction digital bank of money,best transaction digital bank of money,0,6,38,0,0,0,1.0,0,0,0.6369,1,0,1,0.0,0,1,0,3.0,0.0
54896799-92c7-4d9b-8e4c-5c912afde1b7,Easypaisa,Banking,Rafia Rasheed,Unknown,4,2025-10-27 15:40:33,Transaction problem I face,transaction problem i face,0,4,26,0,0,0,1.0,0,0,-0.4019,1,0,1,0.0,0,1,0,4.0,0.0
8da090d4-14ec-48b6-9ad0-bf5dfc1afe8a,Easypaisa,Banking,Hamza Javed,Unknown,1,2025-10-27 15:45:01,Link Any Debit Card To Add Cash is not working it always says :The service is temporarily unavailable. Bad experience. Add cash via Card feature error.,link any debit card to add cash is not working it always says :the service is temporarily unavailable. bad experience. add cash via card feature error.,0,26,151,0,0,0,0.8461538461538461,1,0,-0.7351,1,0,1,0.0,0,1,0,1.0,0.0
6510f770-0806-4fe3-bdbc-8135b4647ca8,Easypaisa,Banking,Ch Hamza,Unknown,1,2025-10-27 15:50:57,I think verification facilitate on client mobile app.Retailer shop Rs 200 charge for biometric.,i think verification facilitate on client mobile app.retailer shop rs 200 charge for biometric.,0,14,95,0,0,0,1.0,0,1,0.0,1,0,1,0.0,0,1,0,1.0,0.0
69cdf6ee-af21-4b2b-9162-56a5db7f3db9,Easypaisa,Banking,Learning with Binterehmat,Unknown,4,2025-10-27 16:06:59,good app but sometime ye issue create krta he error waghera ajate hain sending k doran,good app but sometime ye issue create krta he error waghera ajate hain sending k doran,0,16,86,0,0,0,1.0,0,1,0.0129,1,0,1,0.0,0,1,0,4.0,0.0
eaacb9cd-9da4-4400-bb1f-d02c41247081,Easypaisa,Banking,Hassan Ali,Unknown,1,2025-10-27 16:50:10,very bad experience 💔👎,very bad experience 💔👎,0,4,22,2,0,0,1.0,0,0,-0.4509,1,0,1,0.0,0,1,0,1.0,0.0
6a6954db-e1f1-4ca2-ad2b-ffaf3902bac7,Easypaisa,Banking,Umer,Unknown,1,2025-10-27 16:55:55,"Naaqis tareen app, don't rely on them if you need your money in an instant","naaqis tareen app, don't rely on them if you need your money in an instant",0,15,74,0,0,0,1.0,0,1,0.0,1,0,1,0.0,0,1,0,1.0,0.0
004f441e-b668-4804-95d0-6578bd6a6d83,Easypaisa,Banking,Sameer Memon,Unknown,1,2025-10-27 17:43:04,what a bad going with easypaisa whenever I tried to open it's disappear sometimes I reach at enter password it disappears. it's 8 to 10 times everytime whenever o want to do anything,what a bad going with easypaisa whenever i tried to open it's disappear sometimes i reach at enter password it disappears. it's 8 to 10 times everytime whenever o want to do anything,1,33,182,0,0,0,0.8484848484848485,0,1,-0.7506,1,0,1,0.0,0,1,0,1.0,0.0
74944383-353b-453d-8ea6-5905bee9a5c5,Easypaisa,Banking,Zubair Khan,Unknown,4,2025-10-27 18:11:58,I love u,i love u,0,3,8,0,0,0,1.0,0,0,0.6369,1,0,1,0.0,0,1,0,4.0,0.0
94f899f9-ba38-4423-9012-6290340d1208,Easypaisa,Banking,FqRameen Rameen,Unknown,2,2025-10-27 18:51:29,family,family,0,1,6,0,0,0,1.0,0,0,0.0,1,0,1,0.0,0,1,0,2.0,0.0
5e64be0f-9144-4783-8e3e-2f894a6f717d,Easypaisa,Banking,Raja Aryan,Unknown,1,2025-10-27 19:03:48,transection karu tu fees katte hai jaise telenor k 20 wale package pe 2 fees,transection karu tu fees katte hai jaise telenor k 20 wale package pe 2 fees,0,15,76,0,0,0,0.9333333333333333,0,1,0.0,1,0,1,0.0,0,1,0,1.0,0.0
6a1b7448-ebdb-4a64-ab89-23dc2f8d0a7a,Easypaisa,Banking,ALI Khan,Unknown,1,2025-10-27 19:36:52,It's not auto filling the OTP received. I have asked the management for help but useless. I have rechecked my phone settings they are all correct and other apps can auto fill their OTPS.,it's not auto filling the otp received. i have asked the management for help but useless. i have rechecked my phone settings they are all correct and other apps can auto fill their otps.,0,34,186,0,0,2,0.8823529411764706,0,1,-0.431,1,0,1,0.0,0,1,0,1.0,0.0
4ce02284-6b9c-4815-a83c-70a26c2c6e60,Easypaisa,Banking,Saif Ullah,Unknown,3,2025-10-28 01:44:50,"Every time I deposit money into my account, easypaisa deducts Rs. 400 from me. What could be the reason for this?","every time i deposit money into my account, easypaisa deducts rs. 400 from me. what could be the reason for this?",0,21,113,0,0,0,1.0,0,0,0.0,1,0,1,0.0,0,1,0,3.0,0.0
a352d06d-cafb-4618-9465-9efbdb757b16,Easypaisa,Banking,Shehram Khan,Unknown,4,2025-10-28 01:58:24,Assalam Iam shehram I installed easypaisa. Easypaisa is a good apps whole world developed.,assalam iam shehram i installed easypaisa. easypaisa is a good apps whole world developed.,0,14,90,0,0,0,1.0,1,1,0.4404,1,0,1,0.0,0,1,0,4.0,0.0
fbff2f4b-4ce2-4f04-a8c5-8e07bbcb5f3d,Easypaisa,Banking,Saman Sabir,Unknown,4,2025-10-28 02:38:30,fast but buy now pay later is not activated in my account,fast but buy now pay later is not activated in my account,0,12,57,0,0,0,1.0,1,0,-0.1531,1,0,1,0.0,0,1,0,4.0,0.0
24b4b20b-d73d-487d-923d-7d72381c34aa,Easypaisa,Banking,Samar Abbas,Unknown,4,2025-10-28 03:48:45,My transitions is very easy and good 😊💯,my transitions is very easy and good 😊💯,0,8,39,2,0,0,1.0,0,0,0.9073,1,0,1,0.0,0,1,0,4.0,0.0
352704af-bbad-495c-8caf-a8dafa9d0ef7,Easypaisa,Banking,Afnan Khan,Unknown,1,2025-10-28 03:58:49,we uy uniquely wepo,we uy uniquely wepo,0,4,19,0,0,0,1.0,0,0,0.0,1,0,1,0.0,0,1,0,1.0,0.0
687a6fc3-0134-4606-9266-829c04a8e651,Easypaisa,Banking,Halima Sadia,Unknown,4,2025-10-28 04:17:50,paisa hi paisa hogaaa,paisa hi paisa hogaaa,0,4,21,0,0,0,0.75,0,0,0.0,1,0,1,0.0,0,1,0,4.0,0.0
70f0e230-cfe5-4ed6-896c-c1cb65a296d7,Easypaisa,Banking,raja Zafar,Unknown,1,2025-10-28 04:49:23,Raja zafar iqbal kashmiry,raja zafar iqbal kashmiry,0,4,25,0,0,0,1.0,0,0,0.0,1,0,1,0.0,0,1,0,1.0,0.0
7a75b4c0-9a9c-49e2-adc8-723187c04495,Easypaisa,Banking,Biya Khan,Unknown,1,2025-10-28 05:26:14,please help me easypaisa team I'm experiencing an error in easypaisa when I received or sent money and also easy load please solve this problem as soon as possible,please help me easypaisa team i'm experiencing an error in easypaisa when i received or sent money and also easy load please solve this problem as soon as possible,0,29,163,0,0,0,0.896551724137931,0,0,0.6808,1,0,1,0.0,0,1,1,1.0,0.0
a91364c4-14ba-4449-b70c-c01a2e2e21e8,Easypaisa,Banking,Usama Naveed,Unknown,3,2025-10-28 05:59:02,easycash loan error is not good,easycash loan error is not good,0,6,31,0,0,0,1.0,0,0,-0.6256,1,0,1,0.0,0,1,0,3.0,0.0
b6a0eecd-3b70-4c95-91b0-55b0edf20787,Easypaisa,Banking,Malik Rashid,Unknown,1,2025-10-28 06:06:30,such a bad experience,such a bad experience,0,4,21,0,0,0,1.0,0,0,-0.5423,1,0,1,0.0,0,1,0,1.0,0.0
7681cf07-b2ec-4bf6-806c-1d6dd2506760,Easypaisa,Banking,Elizabeth Aamir,Unknown,3,2025-10-28 10:00:09,Pakistani 💓💓,pakistani 💓💓,0,2,12,2,0,0,1.0,0,0,0.8979,1,0,1,0.0,0,1,0,3.0,0.0
83b19bb1-df47-49bd-a4b0-7317b190307f,Easypaisa,Banking,Suliman Shamraiz,Unknown,1,2025-10-28 10:18:21,🤢🤮🤢🤮🤢🤮🤢🤮🤢🤮🥵🤮🥵🤮🤢,🤢🤮🤢🤮🤢🤮🤢🤮🤢🤮🥵🤮🥵🤮🤢,0,1,15,15,0,0,1.0,0,0,0.0,1,0,1,0.0,0,1,0,1.0,0.0
840fee9a-2457-47d1-966c-03721ed8f610,Easypaisa,Banking,Imran Afridi,Unknown,1,2025-10-28 11:05:00,plazzz log in,plazzz log in,0,3,13,0,0,0,1.0,0,0,0.0,1,0,1,0.0,0,1,0,1.0,0.0
7415f4f6-feef-4076-b582-22d2e98d7519,Easypaisa,Banking,Samra.,Unknown,1,2025-10-28 11:10:46,Fazol app ..... bht hi fazool tarikka hy es app se money transfer karny ka ....😤,fazol app ..... bht hi fazool tarikka hy es app se money transfer karny ka ....😤,0,16,80,1,0,0,0.9375,0,1,0.0,1,0,1,0.0,0,1,0,1.0,0.0
6ed298f9-e47f-4f73-acfc-e54bb71be1fe,Easypaisa,Banking,Nazeefullah Lamar,Unknown,1,2025-10-28 11:51:04,bakwast app a,bakwast app a,0,3,13,0,0,0,1.0,0,1,0.0,1,0,1,0.0,0,1,0,1.0,0.0
52a74848-c916-4eb9-b9b2-d2f2e8f89e08,Easypaisa,Banking,Sparkle3108,Unknown,4,2025-10-28 11:56:41,very good app liken MUD Game main log in ni ho Raha or na rewards mil rahey h 🥺,very good app liken mud game main log in ni ho raha or na rewards mil rahey h 🥺,0,19,79,1,0,1,1.0,0,1,0.7425,1,0,1,0.0,0,1,0,4.0,0.0
c9a8adde-5f9b-49f3-826c-e1d35a5d87b9,Easypaisa,Banking,Farooq Zayan,Unknown,1,2025-10-28 12:07:24,my account,my account,0,2,10,0,0,0,1.0,0,0,0.0,1,0,1,0.0,0,1,0,1.0,0.0
c0a42911-f31c-4a18-af6c-62503c05b079,Easypaisa,Banking,Sana Ullah,Unknown,1,2025-10-28 12:31:09,sa yes,sa yes,0,2,6,0,0,0,1.0,0,0,0.4019,1,0,2,953431.0,0,1,0,1.5,0.7071067811865476
1ca29f9f-cf7b-484e-9abd-3d085c99330a,Easypaisa,Banking,Arslan Ali,Unknown,1,2025-10-28 13:10:55,🤣🤣🤣🤣🤣,🤣🤣🤣🤣🤣,0,1,5,5,0,0,1.0,0,0,0.9432,1,0,1,0.0,0,1,1,1.0,0.0
2dfbe0e1-4211-471a-bbb1-35034a5231e9,Easypaisa,Banking,Abdullah Maher,Unknown,1,2025-10-28 13:36:52,it didn't show the approvals it is very slow,it didn't show the approvals it is very slow,0,9,44,0,0,0,0.8888888888888888,0,1,0.0,1,0,1,0.0,0,1,0,1.0,0.0
6b0433b4-3918-4b5e-9f4d-f372268e801a,Easypaisa,Banking,Muhammad Noman,Unknown,1,2025-10-28 14:19:56,bohat hi fazul app hai aik raast I'd nahi deleted hoti inse helpline pe 100 dafa calls ki hai aik hafte mai lekin Goli hi dete hai masla hall nahi karte,bohat hi fazul app hai aik raast i'd nahi deleted hoti inse helpline pe 100 dafa calls ki hai aik hafte mai lekin goli hi dete hai masla hall nahi karte,0,31,152,0,0,0,0.8387096774193549,0,1,0.0,1,0,1,0.0,0,1,0,1.0,0.0
c193a94e-35d8-4a77-a6e7-7ca00b3b7435,Easypaisa,Banking,Ahmed Nawaz,Unknown,1,2025-10-28 14:20:25,very nice app for transfer money,very nice app for transfer money,0,6,32,0,0,0,1.0,0,1,0.4754,1,0,2,288480.0,0,1,0,1.5,0.7071067811865476
4d739787-68b4-484c-ad6c-54215848690f,Easypaisa,Banking,Bilal Malik,Unknown,1,2025-10-28 14:32:52,2 DIN HO GAI HAI EASYPASAI WIRK NAHI KR RAHA HAI 3RD CLASS KI APP BAN GAI HAI YE SHAME IN YOU EASYPAISA OWNER,2 din ho gai hai easypasai wirk nahi kr raha hai 3rd class ki app ban gai hai ye shame in you easypaisa owner,0,24,109,0,0,23,0.875,0,1,-0.7717,1,0,1,0.0,0,1,0,1.0,0.0
48fcac08-1f09-4383-8190-b4fc52b733ef,Easypaisa,Banking,Princess Shiza,Unknown,1,2025-10-28 14:54:14,Worst experience because I have to do transaction but it doesn't work and no one is here to address my complain. it's been 3 days,worst experience because i have to do transaction but it doesn't work and no one is here to address my complain. it's been 3 days,0,25,129,0,0,0,0.96,0,0,-0.5374,1,0,1,0.0,0,1,0,1.0,0.0
6f20cbb4-d6dd-4f2e-a241-fd3283ec2178,Easypaisa,Banking,Mubeen Khan,Unknown,2,2025-10-28 15:11:06,I'm having trouble with transactions on this app. It's been 2 days and I keep getting an error message. Can you please help me fix this?,i'm having trouble with transactions on this app. it's been 2 days and i keep getting an error message. can you please help me fix this?,0,26,136,0,0,0,1.0,0,1,-0.1027,1,0,1,0.0,0,1,0,2.0,0.0
55e12f00-b537-4e31-94e1-68f585f5b6da,Easypaisa,Banking,2,Unknown,1,2025-10-28 15:24:04,subah ka lga Hoon 2 bar reset kr lia hay Lekin Wohi aik hi sentence a rha hay try again and forgot mpin,subah ka lga hoon 2 bar reset kr lia hay lekin wohi aik hi sentence a rha hay try again and forgot mpin,0,23,103,0,0,0,0.9565217391304348,0,0,0.0772,1,0,1,0.0,0,1,0,1.0,0.0
c61f3927-3b8f-499a-89a4-8a672716ae64,Easypaisa,Banking,Umer Umer,Unknown,1,2025-10-28 15:28:35,i am faceing erer sys999 in my acount and unable to any transgection,i am faceing erer sys999 in my acount and unable to any transgection,0,13,68,0,0,0,1.0,0,0,0.0,1,0,1,0.0,0,1,0,1.0,0.0
2d7482b2-5ba0-4dce-843d-566572f0d5d7,Easypaisa,Banking,khan no 1,Unknown,1,2025-10-28 15:38:40,verification ka tarika buht galat h pehly wala sahi tha finger print hi nh hoti chote mob wala kese kre,verification ka tarika buht galat h pehly wala sahi tha finger print hi nh hoti chote mob wala kese kre,0,20,103,0,0,0,0.95,0,1,0.4939,1,0,1,0.0,0,1,0,1.0,0.0
368ba938-c02e-47b2-b75b-4fbc4aa548e7,Easypaisa,Banking,Muneeb Hassan,Unknown,2,2025-10-28 15:39:13,bohat farig yr ma to JB bhi chalaya h error hi ata h Sahi kro yr isy,bohat farig yr ma to jb bhi chalaya h error hi ata h sahi kro yr isy,0,17,68,0,0,1,0.8823529411764706,0,1,-0.4019,1,0,1,0.0,0,1,0,2.0,0.0
62156a35-7658-41a0-b0c9-caf2aadd907e,Easypaisa,Banking,Tahir Khan,Unknown,1,2025-10-28 15:49:24,Big hurdle in biometric varification....,big hurdle in biometric varification....,0,5,40,0,0,0,1.0,0,0,0.0,1,0,1,0.0,0,1,0,1.0,0.0
cd4a5333-7cd4-42bc-8377-8622ec00b4ff,Easypaisa,Banking,WiSHE Rajpoot,Unknown,4,2025-10-28 15:57:18,for this app it's easy to pay bill,for this app it's easy to pay bill,0,8,34,0,0,0,1.0,0,1,0.3612,1,0,1,0.0,0,1,0,4.0,0.0
1c7a2533-d31a-481a-a8c1-8a6fe8ac54c4,Easypaisa,Banking,Saeed Ali,Unknown,4,2025-10-28 15:57:27,I love this app 🤍,i love this app 🤍,0,5,17,1,0,0,1.0,0,1,0.6369,1,0,1,0.0,0,1,0,4.0,0.0
f39c7044-7bcd-427a-a2de-89c4a60743a7,Easypaisa,Banking,Zaingaming46,Unknown,1,2025-10-28 15:59:47,mere paisa nahi ai 2 mertba send kia ha nahi ai,mere paisa nahi ai 2 mertba send kia ha nahi ai,0,11,47,0,0,0,0.8181818181818182,0,1,-0.4215,1,0,1,0.0,0,1,0,1.0,0.0
ba93b21f-254c-40a4-9b0f-19de67bb7cf5,Easypaisa,Banking,Shahzaib Jhammat,Unknown,2,2025-10-28 16:18:46,biometric is not work 👎👎👎👎,biometric is not work 👎👎👎👎,0,5,26,4,0,0,1.0,0,0,0.0,1,0,1,0.0,0,1,0,2.0,0.0
1e26f38d-8a54-42e0-857b-f94693d6219c,Easypaisa,Banking,Sobia qamar Khaskhali,Unknown,3,2025-10-28 16:58:20,there have a problem security cool of period what is issue that,there have a problem security cool of period what is issue that,0,12,63,0,0,0,1.0,0,0,0.25,1,0,1,0.0,0,1,0,3.0,0.0
27241b5a-f642-4840-b92d-d9c0fb89464d,Easypaisa,Banking,Ashok Thakur,Unknown,3,2025-10-28 17:28:03,very good job,very good job,0,3,13,0,0,0,1.0,0,0,0.4927,1,0,1,0.0,0,1,0,3.0,0.0
7eee4d72-5d6f-4540-8c54-aa8ea29cf5f8,Easypaisa,Banking,CH Naveed,Unknown,3,2025-10-28 18:15:03,good jop,good jop,0,2,8,0,0,0,1.0,0,0,0.4404,1,0,1,0.0,0,1,0,3.0,0.0
3afb32ab-15ac-4bc5-b2ac-577e3782ff10,Easypaisa,Banking,Hamid Ullah,Unknown,4,2025-10-28 18:23:30,very good digital bank app with strong security and safety. I recommend it more over jazz cash or any other similar apps in Pakistan.,very good digital bank app with strong security and safety. i recommend it more over jazz cash or any other similar apps in pakistan.,0,24,133,0,0,0,1.0,0,1,0.9216,1,0,1,0.0,0,1,0,4.0,0.0
1e5f7171-3d66-4adc-97a5-337d54e67ba6,Easypaisa,Banking,Khagram. Hhh,Unknown,1,2025-10-28 18:43:53,Learn more,learn more,0,2,10,0,0,0,1.0,0,0,0.0,1,0,1,0.0,0,1,0,1.0,0.0
b598d1cd-89d3-45db-85bb-b166b17a2d56,Easypaisa,Banking,Taqee Abbas,Unknown,2,2025-10-28 18:59:23,vffa xdmvd,vffa xdmvd,0,2,10,0,0,0,1.0,0,0,0.0,1,0,1,0.0,0,1,0,2.0,0.0
68e352f0-d64a-444f-9a1d-70f54b0409c2,Easypaisa,Banking,Sajjad Khan,Unknown,1,2025-10-28 19:01:18,"Loading issues, we can't open it with low internet 🛜","loading issues, we can't open it with low internet 🛜",0,10,52,1,0,0,1.0,0,0,-0.2732,1,0,1,0.0,0,1,0,1.0,0.0
43638835-ddeb-49d2-8163-3a50cfc60fa3,Easypaisa,Banking,Naveed Ramzan,Unknown,1,2025-10-28 19:48:57,"Easypaisa started to charge Rs.75/- for some ""Kamyab Mustaqbil Insurance"". They charged me without my approval or consent. Anyway, beware of this new fraud of Easypaisa in this ""Be-Nizam Mumlikat e Khudadad"" TC . . .!","easypaisa started to charge rs.75/- for some ""kamyab mustaqbil insurance"". they charged me without my approval or consent. anyway, beware of this new fraud of easypaisa in this ""be-nizam mumlikat e khudadad"" tc . . .!",0,36,217,0,0,1,0.8888888888888888,0,1,-0.7612,1,0,1,0.0,0,1,0,1.0,0.0
30b0c269-9f9d-4a97-9a20-384435de8c77,Easypaisa,Banking,Waki Khan,Unknown,4,2025-10-28 20:27:43,great,great,0,1,5,0,0,0,1.0,0,0,0.6249,1,0,1,0.0,0,6,0,4.0,0.0
03dccb9c-1c4e-4ff2-b821-432833e49635,Easypaisa,Banking,Aftab Huseen,Unknown,3,2025-10-28 20:46:55,it's very good app to use for everyone,it's very good app to use for everyone,0,8,38,0,0,0,1.0,0,1,0.4927,1,0,1,0.0,0,1,0,3.0,0.0
060c9529-9577-4edf-9b44-081db92e46b2,Easypaisa,Banking,JAVED SHAH,Unknown,1,2025-10-28 20:51:27,Getting worse with the passage of time especially biometric verification compulsory is a huge Headache for customers nowadays many mobile phones doesn't support fingers prints 😞,getting worse with the passage of time especially biometric verification compulsory is a huge headache for customers nowadays many mobile phones doesn't support fingers prints 😞,3,26,177,1,0,0,1.0,0,0,-0.7317,1,0,1,0.0,0,1,0,1.0,0.0
2055eae9-fc0c-43ec-8d2b-f85878965e88,Easypaisa,Banking,Hassan Zauq,Unknown,1,2025-10-29 03:14:25,too many popups,too many popups,0,3,15,0,0,0,1.0,0,0,0.0,1,0,1,0.0,0,1,0,1.0,0.0
0dd9c5a9-dad4-4d94-93ab-592e7a516494,Easypaisa,Banking,Chaudhary Fahad,Unknown,3,2025-10-29 03:42:59,Awesome 👍😎,awesome 👍😎,0,2,10,2,0,0,1.0,0,0,0.7964,1,0,1,0.0,0,1,0,3.0,0.0
cabf9228-b550-4cc9-b0d2-2c1ffc21a8a3,Easypaisa,Banking,Muhammad Tahir,Unknown,2,2025-10-29 03:58:46,"I'm not sure why this app isn't running on my mobile. It says 'your mobile is temporarily blocked'. I'm unsure what's happening. However, the app and its service are really good.","i'm not sure why this app isn't running on my mobile. it says 'your mobile is temporarily blocked'. i'm unsure what's happening. however, the app and its service are really good.",7,31,178,0,0,0,0.9354838709677419,0,1,-0.2189,1,0,1,0.0,0,1,0,2.0,0.0
a61af66c-19bd-44ad-9208-45994e75c864,Easypaisa,Banking,Hamraz Ali Hamraz Ali,Unknown,1,2025-10-29 04:11:20,"qtp pm u ki xz, ki is d","qtp pm u ki xz, ki is d",0,8,23,0,0,0,0.875,0,0,0.0,1,0,1,0.0,0,1,0,1.0,0.0
e733f66f-ede7-47c2-9caa-55053757e86e,Easypaisa,Banking,Haris Khan,Unknown,1,2025-10-29 04:13:58,Awful 😖,awful 😖,0,2,7,1,0,0,1.0,0,0,-0.4588,1,0,1,0.0,0,1,0,1.0,0.0
9aec45a5-a7ad-4595-94ca-5f8034c829cd,Easypaisa,Banking,Muhammad Mujahid,Unknown,1,2025-10-29 04:14:33,this APp cannot open in Telenor network,this app cannot open in telenor network,0,7,39,0,0,0,1.0,0,1,0.0,1,0,1,0.0,0,1,0,1.0,0.0
52b5f374-04d9-4cf5-8789-d28aeebaccfa,Easypaisa,Banking,Muhammad Ismail Bajeer,Unknown,1,2025-10-29 05:03:04,wesa transactions ka Lia acha ha lekin internet package pa app open nhi Hota WiFi pa open krna parta ha,wesa transactions ka lia acha ha lekin internet package pa app open nhi hota wifi pa open krna parta ha,0,20,103,0,0,0,0.85,0,1,0.5859,1,0,1,0.0,0,1,1,1.0,0.0
2aca1144-3859-42d1-87bd-4b3241c6b0d5,Easypaisa,Banking,Tanveer Ahmad,Unknown,4,2025-10-29 05:03:08,"good app but why do you need my location, storage, contacts, gallery","good app but why do you need my location, storage, contacts, gallery",0,12,68,0,0,0,1.0,0,1,0.2382,1,0,1,0.0,0,1,0,4.0,0.0
dcf760c9-46d4-482e-b8d4-389836455a73,Easypaisa,Banking,Manzoor,Unknown,1,2025-10-29 05:31:26,it is user friendly,it is user friendly,0,4,19,0,0,0,1.0,0,0,0.4939,1,0,1,0.0,0,1,0,1.0,0.0
fee608ca-0291-4653-a6cc-de816ead00e3,Easypaisa,Banking,Dr Amna,Unknown,4,2025-10-29 05:59:28,"excellent ,user friendly and above all safe","excellent ,user friendly and above all safe",0,7,43,0,0,0,1.0,0,0,0.8689,1,0,1,0.0,0,1,0,4.0,0.0
caa3681e-7dfa-4bda-9782-dc8e83d8c7ac,Easypaisa,Banking,SHEIKH HASSAN SHERANI,Unknown,1,2025-10-29 06:25:42,Main easypaisa ussd 2262 pa ise karta hoon kal sa mera sath ak masla paash horhaa hain Mana pin dala bhi nhi hoota wo pin error ajata hain lin sahi hain lekin yaha pa ya error ha kya karooo,main easypaisa ussd 2262 pa ise karta hoon kal sa mera sath ak masla paash horhaa hain mana pin dala bhi nhi hoota wo pin error ajata hain lin sahi hain lekin yaha pa ya error ha kya karooo,0,39,189,0,0,0,0.8717948717948718,0,1,-0.4588,1,0,1,0.0,0,1,0,1.0,0.0
082d5600-3c91-4686-9792-f6d539aac966,Easypaisa,Banking,RUBAB Mushtaq,Unknown,1,2025-10-29 07:18:50,not working,not working,0,2,11,0,0,0,1.0,0,0,0.0,1,0,1,0.0,0,1,0,1.0,0.0
bc177d56-be04-436a-9355-746e8667a278,Easypaisa,Banking,Dr.Ishba Awan,Unknown,3,2025-10-29 07:36:58,"its not working since 27th October, 2025. I didn't get my profit of savings plan too. plus it is not transferring payments to any accounts","its not working since 27th october, 2025. i didn't get my profit of savings plan too. plus it is not transferring payments to any accounts",0,25,138,0,0,0,0.96,0,0,-0.3412,1,0,1,0.0,0,1,0,3.0,0.0
0cff3718-94f1-4bad-ac5e-7bfcb00a680f,Easypaisa,Banking,Muzamil Ali,Unknown,4,2025-10-29 08:11:39,GooD WorK 👍,good work 👍,0,3,11,1,0,0,1.0,0,0,0.4404,1,0,1,0.0,0,1,0,4.0,0.0
802bd695-ab69-4773-8465-cf2a16c87628,Easypaisa,Banking,Awais rajpot Awais rajpot,Unknown,3,2025-10-29 08:12:36,"v, good 👍","v, good 👍",0,3,9,1,0,0,1.0,0,0,0.4404,1,0,1,0.0,0,1,0,3.0,0.0
144f79fb-21b9-4e85-a389-fc7cfbb782ee,Easypaisa,Banking,Usman Nazik,Unknown,1,2025-10-29 08:47:56,customer service is not responsible 😡😞 my easypaisa account blocked,customer service is not responsible 😡😞 my easypaisa account blocked,0,10,67,2,0,0,1.0,0,0,-0.7321,1,0,1,0.0,0,1,0,1.0,0.0
e9c0249a-e92b-4825-94d7-fe3f48bb67ac,Easypaisa,Banking,Erum Nawaz,Unknown,2,2025-10-29 08:58:42,👍 great,👍 great,1,2,7,1,0,0,1.0,0,0,0.6249,1,0,1,0.0,0,1,1,2.0,0.0
59cd4b88-7ba0-4d6e-bd0c-3366b9e0ce19,Easypaisa,Banking,M Abubakar,Unknown,1,2025-10-29 10:23:06,fingers not match in app resolve the issue please,fingers not match in app resolve the issue please,0,9,49,0,0,0,1.0,0,1,0.5994,1,0,1,0.0,0,1,1,1.0,0.0
3d0c8599-6762-4369-8992-405b8d6697ac,Easypaisa,Banking,Shahzad Afzal,Unknown,1,2025-10-29 10:23:32,very poor,very poor,0,2,9,0,0,0,1.0,0,0,-0.5256,1,0,1,0.0,0,1,0,1.0,0.0
711af3bb-3fd8-407a-b338-2e5a2deb6fd9,Easypaisa,Banking,Hidayat Ullah,Unknown,2,2025-10-29 10:47:13,Excellent,excellent,0,1,9,0,0,0,1.0,0,0,0.5719,1,0,1,0.0,0,6,1,2.0,0.0
e26a1e62-2c66-4883-a9b0-3dc2b01e5223,Easypaisa,Banking,Farhan Mastoi,Unknown,4,2025-10-29 11:14:09,great service,great service,1,2,13,0,0,0,1.0,0,0,0.6249,1,0,1,0.0,0,2,0,4.0,0.0
f4e9f106-90da-4905-9546-0d9b829ce97c,Easypaisa,Banking,Meri Jan,Unknown,1,2025-10-29 11:23:03,can't sign in,can't sign in,0,3,13,0,0,0,1.0,0,0,0.0,1,0,1,0.0,0,1,0,1.0,0.0
c069e5cd-ebca-4b96-9d36-b3db0ca70d37,Easypaisa,Banking,Qamar Waheed,Unknown,4,2025-10-29 12:11:22,You. use easypaisa,you. use easypaisa,0,3,18,0,0,0,1.0,0,0,0.0,1,0,1,0.0,0,1,0,4.0,0.0
c15db035-682e-4826-baa8-455e10049e04,Easypaisa,Banking,Naeem Ullah,Unknown,4,2025-10-29 12:23:15,my easypaisa account is blocked .what is the process to unblock my account.,my easypaisa account is blocked .what is the process to unblock my account.,0,13,75,0,0,0,0.8461538461538461,0,0,-0.2732,1,0,2,0.0,0,1,0,2.5,2.1213203435596424
96fdbc63-8c5f-4414-886f-d7082d713974,Easypaisa,Banking,Madiha Shabir,Unknown,4,2025-10-29 12:29:08,East to manage Your transactions,east to manage your transactions,0,5,32,0,0,0,1.0,0,0,0.0,1,0,1,0.0,0,1,0,4.0,0.0
5ef8ea45-da50-4617-ac71-4a78f7afac9e,Easypaisa,Banking,ImRukhs Rukhsar,Unknown,1,2025-10-29 12:50:38,The third class app didn't detect biomatric,the third class app didn't detect biomatric,0,7,43,0,0,0,1.0,0,1,0.0,1,0,1,0.0,0,1,0,1.0,0.0
3e8b62b5-a58d-49df-912d-525a28b4f013,Easypaisa,Banking,Nadia Abbasi,Unknown,4,2025-10-29 12:51:30,"very useful and easy App,,,, must try this App and get more benefits","very useful and easy app,,,, must try this app and get more benefits",0,13,68,0,0,0,0.9230769230769231,0,1,0.85,1,0,1,0.0,0,1,0,4.0,0.0
58266af2-3e71-4c4a-b41f-2c944bd084a8,Easypaisa,Banking,Muhammed Abdullah Khan,Unknown,1,2025-10-29 13:04:48,For Customers there is no option for free benefits like the jazzcash app gave to their customers 😞,for customers there is no option for free benefits like the jazzcash app gave to their customers 😞,0,18,98,1,0,0,0.8888888888888888,1,1,0.4767,1,0,1,0.0,0,1,0,1.0,0.0
7a4f2267-6317-41c5-ac69-813d037ea0de,Easypaisa,Banking,Shehneel Awan,Unknown,1,2025-10-29 13:09:48,pathetic ghatia tareen customer service... agents with zero knowledge ghatia tareen service Jazzcash is far better,pathetic ghatia tareen customer service... agents with zero knowledge ghatia tareen service jazzcash is far better,0,16,114,0,0,0,0.875,0,0,-0.2023,1,0,1,0.0,0,1,0,1.0,0.0
e5dc4b66-12f5-41fa-b438-e46addfdd530,Easypaisa,Banking,Shaharyar Ahmed,Unknown,1,2025-10-29 13:17:54,mana 500 loan liya dosra din khud gyb hugay account sa ab inko loan k st wapis b kro it's a bad experience with easy paisa jazz cash is good mana complain b kro but Koy jawab nahi,mana 500 loan liya dosra din khud gyb hugay account sa ab inko loan k st wapis b kro it's a bad experience with easy paisa jazz cash is good mana complain b kro but koy jawab nahi,0,38,179,0,0,0,0.8947368421052632,0,1,-0.0258,1,0,1,0.0,0,1,0,1.0,0.0
d05b02d6-cc43-4626-ab87-60196732d8ea,Easypaisa,Banking,Muhmmad Ahmad,Unknown,1,2025-10-29 13:19:41,fraud,fraud,0,1,5,0,0,0,1.0,0,0,-0.5859,1,0,1,0.0,0,2,0,1.0,0.0
67d7cf91-d934-4a95-a054-8b59ef9d4dcf,Easypaisa,Banking,Saira Safdar,Unknown,2,2025-10-29 13:41:42,easypaisa not working good anyone who help me,easypaisa not working good anyone who help me,0,8,45,0,0,0,1.0,0,0,0.0757,1,0,1,0.0,0,1,0,2.0,0.0
ea4d56f7-928d-4631-9d0c-bff404f29bbd,Easypaisa,Banking,Abdul Rehman,Unknown,3,2025-10-29 13:47:33,very happy and good,very happy and good,0,4,19,0,0,0,1.0,0,1,0.7996,1,0,3,0.0,0,1,0,4.0,1.0
14bd8a9b-572a-44cd-aec9-ef98bf5b8b2b,Easypaisa,Banking,Aliasghar Shah,Unknown,2,2025-10-29 15:11:45,thanks for all things,thanks for all things,0,4,21,0,0,0,1.0,0,0,0.4404,1,0,1,0.0,0,1,0,2.0,0.0
f674ebad-5029-47b2-9c7b-f5e32e9bcb0d,Easypaisa,Banking,Adnan Aziz,Unknown,1,2025-10-29 15:33:50,"I have tried multiple times to complete the biometric verification, but without success. However, I have completed biometric verifications for other apps, such as JC and banking applications.","i have tried multiple times to complete the biometric verification, but without success. however, i have completed biometric verifications for other apps, such as jc and banking applications.",0,28,191,0,0,1,0.8928571428571429,0,1,-0.612,1,0,1,0.0,0,1,0,1.0,0.0
abd181a6-bd98-428a-8e46-c0266756fb3c,Easypaisa,Banking,mahva farzeen,Unknown,1,2025-10-29 15:41:30,worst experience!!! slow services!!! blocks account for every two hour after new change,worst experience!!! slow services!!! blocks account for every two hour after new change,0,13,87,0,0,0,1.0,0,0,-0.8002,1,0,1,0.0,0,1,0,1.0,0.0
a2bd7100-b78d-4e53-8979-2d54225cfdcb,Easypaisa,Banking,Sheikh Faizan,Unknown,4,2025-10-29 17:17:43,good working,good working,0,2,12,0,0,0,1.0,0,0,0.4404,1,0,1,0.0,0,2,0,4.0,0.0
2a5e974f-70e0-4f1c-9ecf-29b0358da32e,Easypaisa,Banking,Shsd Avvh,Unknown,1,2025-10-29 17:29:26,such an good experience,such an good experience,0,4,23,0,0,0,1.0,0,0,0.4404,1,0,1,0.0,0,1,0,1.0,0.0
d4648746-20d6-4c71-81ef-1b7620672cc2,Easypaisa,Banking,Awais Qazi,Unknown,2,2025-10-29 18:01:25,""" Please provide relevant permission "" getting this issue on Saving the receipt of any Bill Payment flow",""" please provide relevant permission "" getting this issue on saving the receipt of any bill payment flow",2,18,104,0,0,0,0.9444444444444444,0,0,0.3182,1,0,1,0.0,0,1,0,2.0,0.0
38d0c937-1f4d-49ba-ab1e-d1236c1005a9,Easypaisa,Banking,Hamza Khan,Unknown,4,2025-10-29 18:04:37,good 👍,good 👍,0,2,6,1,0,0,1.0,0,0,0.4404,1,0,2,0.0,0,9,0,2.5,2.1213203435596424
68ddf164-6cfe-4a3b-bab2-940c73607940,Easypaisa,Banking,Saba Rani,Unknown,1,2025-10-29 20:42:20,nor work properly again and agin error is comes Last update is very poor rate cant open eaisypaisa and not work continuously and not send money,nor work properly again and agin error is comes last update is very poor rate cant open eaisypaisa and not work continuously and not send money,0,26,143,0,0,0,0.8076923076923077,0,0,-0.7264,1,0,1,0.0,0,1,0,1.0,0.0
a4059729-68e5-45dc-898a-2d9351f16a69,Easypaisa,Banking,Sehar Khan,Unknown,2,2025-10-29 22:11:09,mara easycash loan on nhi or rha ha ma is AP phr repor kar tu ka ma apko 2 din ka time day rha ho mara loan on Kara ok,mara easycash loan on nhi or rha ha ma is ap phr repor kar tu ka ma apko 2 din ka time day rha ho mara loan on kara ok,0,30,118,0,0,1,0.8,0,0,0.5574,1,0,1,0.0,0,1,1,2.0,0.0
b153d556-19ef-4b1f-9ee0-eb35ac1d0bdd,Easypaisa,Banking,noorulaingul noor,Unknown,3,2025-10-30 00:21:38,exploring...👍,exploring...👍,0,1,13,1,0,0,1.0,0,0,0.0,1,0,1,0.0,0,1,0,3.0,0.0
d0bd062f-c24f-4273-837b-c60483109b5f,Easypaisa,Banking,Fake Account,Unknown,3,2025-10-30 00:57:01,CHICHI MICHI,chichi michi,0,2,12,0,0,2,1.0,0,0,0.0,1,0,1,0.0,0,1,0,3.0,0.0
afac157c-53de-48be-9e2b-e8b6897a29aa,Easypaisa,Banking,Sohail Khan,Unknown,3,2025-10-30 03:43:58,sometimes my Money not received in My account My problem not solved,sometimes my money not received in my account my problem not solved,0,12,67,0,0,0,0.75,0,0,-0.5445,1,0,1,0.0,0,1,0,3.0,0.0
5d70e9b8-7356-4cd1-b700-bbad28e2d03e,Easypaisa,Banking,Kpkfarhankhan Kpkfarhankhan,Unknown,4,2025-10-30 03:51:35,I like it but it's very easy App,i like it but it's very easy app,0,8,32,0,0,0,1.0,0,1,0.7218,1,0,1,0.0,0,1,0,4.0,0.0
8fdcc14b-05d1-4e73-a836-3f728b2a1d97,Easypaisa,Banking,Muhammad Afzal,Unknown,4,2025-10-30 04:52:06,best app,best app,0,2,8,0,0,0,1.0,0,1,0.6369,1,0,1,0.0,0,9,0,4.0,0.0
c644ec8f-f39f-44e8-a85e-96afe205c3a9,Easypaisa,Banking,Malik Ej,Unknown,4,2025-10-30 05:05:18,my easypaisa account unblock ker do,my easypaisa account unblock ker do,0,6,35,0,0,0,1.0,0,0,0.0,1,0,1,0.0,0,1,0,4.0,0.0
8e1c31c8-6ada-4f15-9246-c5bff355ac33,Easypaisa,Banking,ADNAN RAJPOT,Unknown,4,2025-10-30 06:09:43,is nice,is nice,0,2,7,0,0,0,1.0,0,0,0.4215,1,0,1,0.0,0,1,0,4.0,0.0
6ad9dfb3-6cfe-435d-96af-632daecc6db2,Easypaisa,Banking,Bilal zeb,Unknown,1,2025-10-30 06:54:28,3 ماہ سے بایومیٹرک کی تصدیق نہیں ہو رہی جاز کیش پر ایک با میں ہو گی,3 ماہ سے بایومیٹرک کی تصدیق نہیں ہو رہی جاز کیش پر ایک با میں ہو گی,0,17,67,0,0,0,0.9411764705882353,0,0,0.0,1,0,1,0.0,0,1,0,1.0,0.0
63fc3590-3a41-40e2-a71e-a3fbf2069852,Easypaisa,Banking,Hanan Khan,Unknown,3,2025-10-30 07:21:33,"Great service, but one issue, they must add an international help line number for help and complaints.","great service, but one issue, they must add an international help line number for help and complaints.",0,17,102,0,0,0,0.9411764705882353,0,0,0.7615,1,0,1,0.0,0,1,0,3.0,0.0
379f2b2b-106a-4b0b-b94a-16c63714da1b,Easypaisa,Banking,Umar Rajput,Unknown,4,2025-10-30 08:52:05,easypaisa wagon say guzarish hai kay kabhi hammy bhi bike day den please,easypaisa wagon say guzarish hai kay kabhi hammy bhi bike day den please,0,13,72,0,0,0,1.0,0,1,0.3182,1,0,1,0.0,0,1,0,4.0,0.0
516ce2a7-d34c-42dc-be11-601da26107f2,Easypaisa,Banking,Z A R ii B A L O U C H,Unknown,4,2025-10-30 09:27:44,interesting and too much helpful,interesting and too much helpful,1,5,32,0,0,0,1.0,0,0,0.6705,1,0,1,0.0,0,1,0,4.0,0.0
b26e98e5-7467-4a46-9fe6-7b2a63bce013,Easypaisa,Banking,Visal Takor,Unknown,1,2025-10-30 09:47:31,shnahti card,shnahti card,0,2,12,0,0,0,1.0,0,0,0.0,1,0,1,0.0,0,1,0,1.0,0.0
4aefe174-d28f-413f-9876-836c5debc687,Easypaisa,Banking,Imran Ladla,Unknown,1,2025-10-30 09:51:03,Imran Ladla good 😊,imran ladla good 😊,0,4,18,1,0,0,1.0,0,0,0.836,1,0,1,0.0,0,1,1,1.0,0.0
6f9af46d-6afe-40e3-ae6c-da6e52da1715,Easypaisa,Banking,Muhammad Tayyab,Unknown,1,2025-10-30 10:07:17,easypaisa is very good app,easypaisa is very good app,0,5,26,0,0,0,1.0,0,1,0.4927,1,0,1,0.0,0,1,0,1.0,0.0
0fa128a2-2f51-4012-bbae-9e2cd7863466,Easypaisa,Banking,Syed Sohail,Unknown,2,2025-10-30 10:54:02,It's Very Bad App For Money Transactions plz Don't install this App,it's very bad app for money transactions plz don't install this app,0,12,67,0,0,0,0.9166666666666666,1,1,-0.5413,1,0,1,0.0,0,1,0,2.0,0.0
36f1489a-4017-46c8-9316-7644492f9cea,Easypaisa,Banking,Owais Khan,Unknown,1,2025-10-30 11:16:39,This App Helpful But My Investment Amount Issue NOt SOlve After One MOnth I COmplaints Helpline Emails But NOt SOlve My Issue NO Refund My MOney This App Oct 4 TO Oct 30 I Am Still Waiting💔,this app helpful but my investment amount issue not solve after one month i complaints helpline emails but not solve my issue no refund my money this app oct 4 to oct 30 i am still waiting💔,0,37,189,1,0,2,0.7297297297297297,0,1,-0.6784,1,0,1,0.0,0,1,0,1.0,0.0
796df2fd-2fe7-4859-a06f-b33285a01699,Easypaisa,Banking,Ifra Sweety,Unknown,1,2025-10-30 13:03:49,I hate to tell when I start using this app at first it was nice but latest update force me to go jazchass because of biometric,i hate to tell when i start using this app at first it was nice but latest update force me to go jazchass because of biometric,0,26,126,0,0,0,0.9230769230769231,0,1,-0.1154,1,0,1,0.0,0,1,0,1.0,0.0
a545ca29-b438-4313-89bb-ed7c8c547f76,Easypaisa,Banking,Syed Murtaza Ali Zaidi,Unknown,1,2025-10-30 13:36:17,i have emailed twice for my issue but did not get a reply very poor customer service,i have emailed twice for my issue but did not get a reply very poor customer service,0,17,84,0,0,0,1.0,0,0,-0.6798,1,0,1,0.0,0,1,0,1.0,0.0
1eff43dc-5c91-4bfb-88ee-31e9b8e4662c,Easypaisa,Banking,HASSNAIN Khan,Unknown,1,2025-10-30 13:49:20,farigh qism ki app hai debit card order kia 3 month hogya delivery bhi nhi ki or refund bhi nhi shop pr QR code Laga adhi ghanta baad notification ata hai itni DER customer nhi khara hota,farigh qism ki app hai debit card order kia 3 month hogya delivery bhi nhi ki or refund bhi nhi shop pr qr code laga adhi ghanta baad notification ata hai itni der customer nhi khara hota,0,37,187,0,0,2,0.8648648648648649,0,1,-0.6369,1,0,1,0.0,0,1,0,1.0,0.0
341f0835-3aa7-43e3-bc92-96b6c2d1d494,Easypaisa,Banking,Zumr Gaming,Unknown,1,2025-10-30 13:54:57,worst app ever . Newgen account update hee nahi horaha id card information likaha ata ha updated but jab transaction nahi hiti,worst app ever . newgen account update hee nahi horaha id card information likaha ata ha updated but jab transaction nahi hiti,0,22,126,0,0,0,0.9545454545454546,0,1,-0.2144,1,0,1,0.0,0,1,0,1.0,0.0
b49bb815-66d1-48a1-8340-f35b03cea6bc,Easypaisa,Banking,Ahsan Sandu,Unknown,1,2025-10-30 14:53:13,Not available loan,not available loan,0,3,18,0,0,0,1.0,0,0,0.0,1,0,1,0.0,0,1,0,1.0,0.0
70634258-444c-4762-aef0-dcf4270b4005,Easypaisa,Banking,Samoullah,Unknown,1,2025-10-30 15:06:55,very bed,very bed,0,2,8,0,0,0,1.0,0,0,0.0,1,0,1,0.0,0,1,0,1.0,0.0
d4c5dee8-8238-48b6-b259-c7561ab683d9,Easypaisa,Banking,Muhammad Kamran,Unknown,3,2025-10-30 18:14:13,good jobs,good jobs,1,2,9,0,0,0,1.0,0,0,0.4404,1,0,1,0.0,0,1,0,3.0,0.0
c0316aab-1edd-401e-b77b-f64391fdf2c4,Easypaisa,Banking,Haiqa Haq,Unknown,1,2025-10-30 19:23:13,I'm facing error code esb:99012 while transaction. it says i have reached my transaction limit. but i checked and i have not reached the transaction limit,i'm facing error code esb:99012 while transaction. it says i have reached my transaction limit. but i checked and i have not reached the transaction limit,0,26,154,0,0,0,0.8076923076923077,0,0,-0.2718,1,0,1,0.0,0,1,0,1.0,0.0
8b977f44-67db-4f76-a663-8d3b0ea81b0f,Easypaisa,Banking,Mehtab ilahi,Unknown,1,2025-10-30 20:35:54,easy Paisa per Mera account kyon Nahin ban raha hai,easy paisa per mera account kyon nahin ban raha hai,0,10,51,0,0,0,1.0,0,1,-0.1779,1,0,1,0.0,0,1,0,1.0,0.0
5f24b65c-eeac-4c98-a59c-dc67ed7afcc6,Easypaisa,Banking,Sajjad Rehman,Unknown,4,2025-10-30 22:33:22,I have facing trouble to download the app showing device is not compatible to this version what can I do,i have facing trouble to download the app showing device is not compatible to this version what can i do,0,20,104,0,0,0,0.9,1,1,-0.4019,1,0,1,0.0,0,1,0,4.0,0.0
eadbf292-9dac-40e0-a89e-cd9174f3b096,Easypaisa,Banking,Gull Afghan,Unknown,4,2025-10-31 01:57:33,easy to receive money from costumer no way to escape. More easy to activate the package,easy to receive money from costumer no way to escape. more easy to activate the package,0,16,87,0,0,0,0.8125,0,0,0.6801,1,0,1,0.0,0,1,0,4.0,0.0
0915b90c-5f3c-433b-9788-2aa37f102b52,Easypaisa,Banking,Asad Jamal,Unknown,4,2025-10-31 02:51:39,Nice application,nice application,0,2,16,0,0,0,1.0,0,1,0.4215,1,0,1,0.0,0,2,0,4.0,0.0
fd29c74b-6483-4358-848b-68e4951f1926,Easypaisa,Banking,Muhammed Bachal,Unknown,1,2025-10-31 05:06:01,fingers not match,fingers not match,0,3,17,0,0,0,1.0,0,0,0.0,1,0,1,0.0,0,1,0,1.0,0.0
4b203c55-cc66-48f7-a914-fa0e93358c19,Easypaisa,Banking,Muneeba Shaheen,Unknown,2,2025-10-31 05:25:43,app not transfer money,app not transfer money,0,4,22,0,0,0,1.0,0,1,0.0,1,0,1,0.0,0,1,0,2.0,0.0
f7cdb1ed-9784-4185-ba6d-bcd00e3e6c8f,Easypaisa,Banking,Monster khan,Unknown,1,2025-10-31 06:08:13,Locked My account and i have been emailing and providing all the details but not getting any response have call many time but issue not solved yet emailing since 3 October almost month have been,locked my account and i have been emailing and providing all the details but not getting any response have call many time but issue not solved yet emailing since 3 october almost month have been,1,35,194,0,0,0,0.8,0,0,-0.3007,1,0,1,0.0,0,1,0,1.0,0.0
85b67ced-9268-4c5c-9f6c-41893a3308c0,Easypaisa,Banking,Sajjad Gul,Unknown,2,2025-10-31 07:42:54,good 💯,good 💯,0,2,6,1,0,0,1.0,0,0,0.4404,1,0,1,0.0,0,1,0,2.0,0.0
736504db-fcd7-4e34-a9ff-99f310c3c3f1,Easypaisa,Banking,Talha Irshad,Unknown,4,2025-10-31 08:09:42,A good app for daily use but I'm facing problem in updating my CNIC issue date whenever i try to make a payment it asks for CNIC issue date.,a good app for daily use but i'm facing problem in updating my cnic issue date whenever i try to make a payment it asks for cnic issue date.,0,29,140,0,0,2,0.8620689655172413,0,1,-0.3818,1,0,1,0.0,0,1,0,4.0,0.0
fab468a8-980e-441c-8e8c-41cb4191ff02,Easypaisa,Banking,Noreen Kousar,Unknown,4,2025-10-31 08:45:13,nice working,nice working,0,2,12,0,0,0,1.0,0,0,0.4215,1,0,1,0.0,0,2,0,4.0,0.0
973bf743-9925-4be6-9d4c-c3998f7f6c0b,Easypaisa,Banking,Asad Zaib,Unknown,1,2025-10-31 09:30:59,very Bad app 3 Hazar ka nuksan krwaya isne 😢 bad app,very bad app 3 hazar ka nuksan krwaya isne 😢 bad app,0,12,52,1,0,0,0.8333333333333334,0,1,-0.8858,1,0,1,0.0,0,1,0,1.0,0.0
56f66e7a-4f40-4341-a793-623be880331f,Easypaisa,Banking,sʜs 7,Unknown,1,2025-10-31 09:33:44,"Terrible experience ! Biometric verification stops in a middle of the process. I'm unable to make any transactions from the past three days. This app needs an update, immediately.","terrible experience ! biometric verification stops in a middle of the process. i'm unable to make any transactions from the past three days. this app needs an update, immediately.",1,29,179,0,0,0,0.9655172413793104,0,1,-0.6114,1,0,1,0.0,0,1,0,1.0,0.0
f51ab5de-123e-4064-b253-c13de20f3985,Easypaisa,Banking,Mohsin Mughal,Unknown,1,2025-10-31 10:15:56,biometric kiu zarori hy mobile se hoti b nhi,biometric kiu zarori hy mobile se hoti b nhi,0,9,44,0,0,0,1.0,0,0,0.0,1,0,1,0.0,0,1,0,1.0,0.0
11e8aa29-11b1-416c-8847-058f89b0cb95,Easypaisa,Banking,Mureed Abbas,Unknown,1,2025-10-31 10:20:31,good app,good app,0,2,8,0,0,0,1.0,0,1,0.4404,1,0,1,0.0,0,8,0,1.0,0.0
d987c946-d2bd-4109-bc85-d495eb143bbc,Easypaisa,Banking,Usman Khan,Unknown,5,2025-10-31 10:46:13,love you,love you,1,2,8,0,0,0,1.0,0,0,0.6369,1,0,1,0.0,0,2,0,5.0,0.0
d9d1f2d1-47c4-4f3f-822b-5486d947afb0,Easypaisa,Banking,Iqra Mubeen,Unknown,5,2025-10-31 10:51:24,how to disable error from many days my transactions not done,how to disable error from many days my transactions not done,0,11,60,0,0,0,1.0,0,0,-0.4019,1,0,1,0.0,0,1,0,5.0,0.0
2c73e6f7-7e1a-4dd8-a06f-9d1349a30338,Easypaisa,Banking,Din Muhammad Mangrio,Unknown,5,2025-10-31 10:52:39,plz finish the biometric system,plz finish the biometric system,0,5,31,0,0,0,1.0,0,0,0.0772,1,0,1,0.0,0,1,0,5.0,0.0
44b4434b-ce3b-42ca-9bc7-7dbdd91e66aa,Easypaisa,Banking,Naqeeb Khan,Unknown,5,2025-10-31 11:11:04,easypaisa ki update kab aaegi,easypaisa ki update kab aaegi,0,5,29,0,0,0,1.0,0,0,0.0,1,0,1,0.0,0,1,0,5.0,0.0
6436d738-7e9b-476a-b201-8c4e999b7b33,Easypaisa,Banking,Khizar Kiani,Unknown,5,2025-10-31 11:28:16,you are great app,you are great app,0,4,17,0,0,0,1.0,0,1,0.6249,1,0,1,0.0,0,1,0,5.0,0.0
ae18c074-e150-456c-a629-c2b247918900,Easypaisa,Banking,Kamran Kamran,Unknown,5,2025-10-31 11:31:20,This app is very nice It's is very need of ours life like water,this app is very nice it's is very need of ours life like water,0,14,63,0,0,0,0.8571428571428571,0,1,0.6801,1,0,1,0.0,0,1,0,5.0,0.0
b70c5325-a9ec-4b61-88bd-9d8899492817,Easypaisa,Banking,Nareesa Ayub,Unknown,5,2025-10-31 11:33:13,excellent app for money transfer and receiving,excellent app for money transfer and receiving,0,7,46,0,0,0,1.0,0,1,0.5719,1,0,1,0.0,0,1,0,5.0,0.0
02828252-9ab2-4ab1-b6b4-d5f03bea38a6,Easypaisa,Banking,Qurban Ali,Unknown,5,2025-10-31 11:41:46,nice 👍 good luck,nice 👍 good luck,0,4,16,1,0,0,1.0,0,0,0.8271,1,0,1,0.0,0,1,0,5.0,0.0
2c85986b-231f-416e-8c8d-8555ee09e88e,Easypaisa,Banking,Pashto Entertainment,Unknown,5,2025-10-31 11:41:59,a great digital bank,a great digital bank,0,4,20,0,0,0,1.0,0,0,0.6249,1,0,1,0.0,0,1,0,5.0,0.0
ad32f1bb-5ccc-4c5a-9da9-bd31d6da4772,Easypaisa,Banking,Bilal Ahmed Khan,Unknown,5,2025-10-31 11:42:54,great all time,great all time,0,3,14,0,0,0,1.0,0,0,0.6249,1,0,1,0.0,0,1,0,5.0,0.0
5216ea47-d3af-444e-bf6f-822b3fd43755,Easypaisa,Banking,Jasim Abdul Ghaffar,Unknown,1,2025-10-31 11:43:41,"tried to open an account. got verification codes after 30 mins, and i have tried multiple time just to make an account. fix it or provide a simple solution for users to make and use easypaisa account easily.","tried to open an account. got verification codes after 30 mins, and i have tried multiple time just to make an account. fix it or provide a simple solution for users to make and use easypaisa account easily.",1,38,207,0,0,0,0.8157894736842105,0,0,0.5719,1,0,1,0.0,0,1,1,1.0,0.0
1f3ccee6-004b-4782-a317-07380dbf5088,Easypaisa,Banking,Haroon Rasheed,Unknown,5,2025-10-31 11:43:54,good app but sometimes problems,good app but sometimes problems,0,5,31,0,0,0,1.0,0,1,-0.3818,1,0,1,0.0,0,1,0,5.0,0.0
93532a9c-e387-4eda-a602-779203ceb47c,Easypaisa,Banking,Aleem Jamot,Unknown,5,2025-10-31 12:17:18,It is a very good app,it is a very good app,0,6,21,0,0,0,1.0,0,1,0.4927,1,0,1,0.0,0,1,0,5.0,0.0
59bfb007-4d31-43fe-8b73-1f1f8ece8db8,Easypaisa,Banking,Irtza Asjid,Unknown,1,2025-10-31 12:25:16,This app was glitch I. Spend 1 hour to make start bio matric but Tis Not works 🥲💔,this app was glitch i. spend 1 hour to make start bio matric but tis not works 🥲💔,0,18,81,2,0,1,1.0,0,1,0.8788,1,0,1,0.0,0,1,1,1.0,0.0
f135fcab-5304-42ef-80f1-33fe8383b5dd,Easypaisa,Banking,Kashif Ali,Unknown,5,2025-10-31 12:26:08,My all problems solve,my all problems solve,0,4,21,0,0,0,1.0,0,0,-0.2263,1,0,2,0.0,0,1,0,3.0,2.8284271247461903
2afab553-f8eb-4b63-96ab-b474fd4cc207,Easypaisa,Banking,Siraat,Unknown,5,2025-10-31 12:30:22,Very good app and helpful,very good app and helpful,0,5,25,0,0,0,1.0,0,1,0.7178,1,0,1,0.0,0,1,0,5.0,0.0
c22f3ef3-e4ae-44f8-9838-2f187122e6f3,Easypaisa,Banking,Jerryx Baba,Unknown,5,2025-10-31 12:36:46,EASY USE LIKE NAME,easy use like name,0,4,18,0,0,4,1.0,0,0,0.6597,1,0,1,0.0,0,1,0,5.0,0.0
fd13372c-a4fc-4c62-a267-4940ed38115f,Easypaisa,Banking,Sudais Khan,Unknown,5,2025-10-31 12:45:52,Assalamualaikum I'm A Muslim I used this app Mashallah he was very Butifull working and I'm subscribe to the This app pakeg load etc w. Salam 💍🎁,assalamualaikum i'm a muslim i used this app mashallah he was very butifull working and i'm subscribe to the this app pakeg load etc w. salam 💍🎁,0,27,144,2,0,0,0.8888888888888888,0,1,0.4404,1,0,1,0.0,0,1,0,5.0,0.0
87686b62-ee0c-4d1d-b84a-ac9d28f14004,Easypaisa,Banking,Home,Unknown,1,2025-10-31 13:25:58,biometrics error bad response many times try but no response,biometrics error bad response many times try but no response,0,10,60,0,0,0,0.9,0,0,-0.7096,1,0,1,0.0,0,1,0,1.0,0.0
f128a519-e57e-4da2-866d-95d3b3fb5838,Easypaisa,Banking,Shahid Sajidi,Unknown,5,2025-10-31 13:40:36,best app for money transportation,best app for money transportation,0,5,33,0,0,0,1.0,0,1,0.6369,1,0,1,0.0,0,1,0,5.0,0.0
7573974f-8b76-4e47-a184-1a92fa5fbded,Easypaisa,Banking,Naveed Jani,Unknown,5,2025-10-31 13:44:28,vire nice 👌,vire nice 👌,0,3,11,1,0,0,1.0,0,0,0.8374,1,0,1,0.0,0,1,0,5.0,0.0
b36588c6-cc0a-442a-8be9-521e1e86e1d2,Easypaisa,Banking,Naseer 123,Unknown,3,2025-10-31 13:48:32,good working this aap,good working this aap,0,4,21,0,0,0,1.0,0,0,0.4404,1,0,1,0.0,0,1,0,3.0,0.0
9245964a-6caf-428c-a96f-84efcd72dbed,Easypaisa,Banking,Shanshah Ali,Unknown,2,2025-10-31 13:50:34,Great 👍,great 👍,0,2,7,1,0,0,1.0,0,0,0.6249,1,0,1,0.0,0,4,1,2.0,0.0
8a5910d6-8d10-4861-bfae-d3269cb1ea0a,Easypaisa,Banking,M jan Buzdar,Unknown,5,2025-10-31 13:51:15,Best 0k,best 0k,0,2,7,0,0,0,1.0,0,0,0.6369,1,0,1,0.0,0,1,0,5.0,0.0
5e2ab924-716b-4f85-a5e4-17d8fdb4fe5d,Easypaisa,Banking,Waqas Malik,Unknown,5,2025-10-31 14:02:07,best app Pakistan thanxx,best app pakistan thanxx,0,4,24,0,0,0,1.0,0,1,0.6369,1,0,1,0.0,0,1,0,5.0,0.0
19ed5977-0f61-4f0a-98d1-7831dc3415fd,Easypaisa,Banking,Naveed iqbal khan,Unknown,5,2025-10-31 14:17:47,great 👍,great 👍,0,2,7,1,0,0,1.0,0,0,0.6249,1,0,1,0.0,0,4,0,5.0,0.0
ac75b9ec-6fe0-4e11-975c-b28f2d60d780,Easypaisa,Banking,Junaid Ahmad,Unknown,5,2025-10-31 14:19:20,I used all the time this app for transaction and other things I used it mostly when I want to update my pkg or buying things online like UC for PUBG mobile,i used all the time this app for transaction and other things i used it mostly when i want to update my pkg or buying things online like uc for pubg mobile,0,32,155,0,0,2,0.84375,0,1,0.4215,1,0,2,0.0,0,1,0,5.0,0.0
cc543649-cba4-4c2e-9d5c-d326ba8629e2,Easypaisa,Banking,Show ARComedy,Unknown,5,2025-10-31 14:34:37,good.,good.,0,1,5,0,0,0,1.0,0,0,0.4404,1,0,1,0.0,0,1,0,5.0,0.0
854cc6c4-9eda-4f06-ba99-772de463c1a7,Easypaisa,Banking,Mudassir Hussain,Unknown,4,2025-10-31 15:02:49,now easyPaisa app working good but when sms alert not working good.,now easypaisa app working good but when sms alert not working good.,0,12,67,0,0,0,0.9166666666666666,0,1,0.1633,1,0,1,0.0,0,1,0,4.0,0.0
61f68368-2b8d-42e6-959e-5135d8cc0d2c,Easypaisa,Banking,Raja Mohsin,Unknown,5,2025-10-31 15:04:06,oy yes,oy yes,0,2,6,0,0,0,1.0,0,0,0.4019,1,0,1,0.0,0,1,0,5.0,0.0
f8633dc4-4f5f-49b7-b0b4-ae456e4967b8,Easypaisa,Banking,Sher Baz,Unknown,5,2025-10-31 15:18:48,good work 👏🏻,good work 👏🏻,0,3,12,2,0,0,1.0,0,0,0.4404,1,0,1,0.0,0,1,0,5.0,0.0
c7f641d5-1a9d-421f-ae4f-4b710c0cc6a2,Easypaisa,Banking,Muhammad Imran,Unknown,1,2025-10-31 15:21:41,nice 👍,nice 👍,0,2,6,1,0,0,1.0,0,0,0.4215,1,0,1,0.0,0,4,0,1.0,0.0
71c99120-b189-4224-b228-79f847cdc16c,Easypaisa,Banking,Hassan Afridi,Unknown,5,2025-10-31 15:22:45,supreb,supreb,0,1,6,0,0,0,1.0,0,0,0.0,1,0,1,0.0,0,1,0,5.0,0.0
f57b09c2-9e51-4c0d-b5f7-4435e9df277f,Easypaisa,Banking,Tayyab Azam,Unknown,5,2025-10-31 15:23:47,have good,have good,0,2,9,0,0,0,1.0,0,0,0.4404,1,0,1,0.0,0,1,0,5.0,0.0
28f9b848-0b58-442a-8f14-4ac212b43a0a,Easypaisa,Banking,Faisal Mushtaq,Unknown,5,2025-10-31 15:35:14,Good 👍🏻,good 👍🏻,0,2,7,2,0,0,1.0,0,0,0.4404,1,0,1,0.0,0,1,0,5.0,0.0
d3a2f54f-3065-4c2c-a13e-aebe22e95c1a,Easypaisa,Banking,Uzair Khan,Unknown,5,2025-10-31 15:46:09,good 😊❤️,good 😊❤️,0,2,8,1,0,0,1.0,0,0,0.836,1,0,1,0.0,0,1,0,5.0,0.0
2a4b232f-d08a-40af-aace-92fa335df7d1,Easypaisa,Banking,Kashif Ali,Unknown,1,2025-10-31 16:18:52,i don't know why i can't by ufone internet boundel,i don't know why i can't by ufone internet boundel,0,10,50,0,0,0,0.9,0,0,0.0,1,0,2,13964.0,0,1,0,3.0,2.8284271247461903
600dac62-a73d-4736-bf30-f0e2a9a7ed74,Easypaisa,Banking,Aslam khan,Unknown,4,2025-10-31 16:42:23,Good app for personal use,good app for personal use,0,5,25,0,0,0,1.0,0,1,0.4404,1,0,1,0.0,0,1,0,4.0,0.0
8684475a-ef60-42df-af3a-8eb7bb49dcf6,Easypaisa,Banking,Muhammad Arif,Unknown,3,2025-10-31 16:42:55,it's very nice app,it's very nice app,0,4,18,0,0,0,1.0,0,1,0.4754,1,0,1,0.0,0,1,0,3.0,0.0
54ae76ef-d4dd-4793-8bec-9cd2fb887b4c,Easypaisa,Banking,Arooba Alam,Unknown,2,2025-10-31 17:26:55,Bad service Account can't be opened Pathetic app worst app I am not able to open my account worst app worst app no helpline number available,bad service account can't be opened pathetic app worst app i am not able to open my account worst app worst app no helpline number available,0,26,140,0,0,0,0.7692307692307693,0,1,-0.9453,1,0,1,0.0,0,1,0,2.0,0.0
0075a5f4-6276-489e-a6c0-e9a02a32c562,Easypaisa,Banking,M shareef,Unknown,5,2025-10-31 17:37:30,thyenks,thyenks,0,1,7,0,0,0,1.0,0,0,0.0,1,0,1,0.0,0,1,0,5.0,0.0
f9320763-677c-403e-a0bb-61cb9f53d96c,Easypaisa,Banking,shazia taqweem,Unknown,5,2025-10-31 17:54:55,nice digital bank easy to use,nice digital bank easy to use,1,6,29,0,0,0,1.0,0,0,0.6908,1,0,1,0.0,0,1,0,5.0,0.0
cbeed4c4-35cc-4594-bdc8-0ae72005b43a,Easypaisa,Banking,Tahir Hussan,Unknown,5,2025-10-31 17:59:45,excellent work,excellent work,1,2,14,0,0,0,1.0,0,0,0.5719,1,0,1,0.0,0,1,0,5.0,0.0
448a7d25-7a95-4449-bbe5-acf1d392ff19,Easypaisa,Banking,Asad Ali,Unknown,5,2025-10-31 18:11:57,it ma experience is very good,it ma experience is very good,0,6,29,0,0,0,1.0,0,0,0.4927,1,0,1,0.0,0,1,0,5.0,0.0
bc3ec203-848e-4f7c-804e-041458b5a2fd,Easypaisa,Banking,Razwankhan “Khan” Khan,Unknown,3,2025-10-31 18:30:10,wal good app for Android phone 📱,wal good app for android phone 📱,0,7,32,1,0,0,1.0,0,1,0.4404,1,0,1,0.0,0,1,0,3.0,0.0
46e04f07-3bff-4da5-aeec-f5c84fe74e86,Easypaisa,Banking,Saaad Malik,Unknown,1,2025-10-31 18:47:54,wherevisbmybatm card . i oder card 1 month ago . but not delver 😡😡😡😡,wherevisbmybatm card . i oder card 1 month ago . but not delver 😡😡😡😡,0,14,68,4,0,0,0.8571428571428571,0,0,0.0,1,0,1,0.0,0,1,0,1.0,0.0
e533d315-449d-4b34-a079-1ff975819e74,Easypaisa,Banking,Asma Khan,Unknown,1,2025-10-31 19:25:36,third class app with third class service,third class app with third class service,0,7,40,0,0,0,0.7142857142857143,0,1,0.0,1,0,1,0.0,0,1,0,1.0,0.0
bc9e1985-4a32-4c05-b91d-50ebb95ec702,Easypaisa,Banking,WaseemNoor,Unknown,4,2025-10-31 19:26:50,I need 10 lak account,i need 10 lak account,0,5,21,0,0,0,1.0,0,0,0.0,1,0,1,0.0,0,1,0,4.0,0.0
765cfc2e-703a-4c6d-9730-16fe4e540ad4,Easypaisa,Banking,Ijaaz Mochi,Unknown,1,2025-10-31 19:55:48,excellent,excellent,0,1,9,0,0,0,1.0,0,0,0.5719,1,0,1,0.0,0,6,1,1.0,0.0
ff2b0335-66bb-4ad9-95be-52ad440217eb,Easypaisa,Banking,Jawwad rock50,Unknown,5,2025-10-31 20:03:23,"Assalam o alaikum,My Easypaisa account PIN has been blocked. When I enter my CNIC number to verify, the ""Verify"" button turns from green to black when I click it.After that, nothing happens. What should I do now?","assalam o alaikum,my easypaisa account pin has been blocked. when i enter my cnic number to verify, the ""verify"" button turns from green to black when i click it.after that, nothing happens. what should i do now?",0,37,212,0,0,2,0.8918918918918919,0,1,-0.2023,1,0,1,0.0,0,1,0,5.0,0.0
5f5a8539-2054-49ca-8d7a-6e37c0aa1a6d,Easypaisa,Banking,MALiK HASsAN AHERVE,Unknown,5,2025-10-31 20:31:51,very good 😊,very good 😊,0,3,11,1,0,0,1.0,0,0,0.8581,1,0,1,0.0,0,1,0,5.0,0.0
2e0427c8-e2d9-4105-a70f-0b1bc2552f65,Easypaisa,Banking,Mehtab Ali,Unknown,5,2025-10-31 20:51:34,very important,very important,0,2,14,0,0,0,1.0,0,0,0.2716,1,0,1,0.0,0,1,0,5.0,0.0
56104939-2c06-4c72-82cd-ea2859cd0c52,Easypaisa,Banking,Jaam Shahzad,Unknown,3,2025-10-31 21:05:24,easypaisa not announce publicly bike winner please announce officially Facebook Twitter WhatsApp official channel,easypaisa not announce publicly bike winner please announce officially facebook twitter whatsapp official channel,0,14,113,0,0,0,0.9285714285714286,0,1,0.7269,1,0,1,0.0,0,1,0,3.0,0.0
8e1a2ab3-6c47-4951-af2e-a3ccb3833346,Easypaisa,Banking,hassan ali,Unknown,5,2025-10-31 21:25:04,such a wonderful app and use very friendly or easy paisa app service is very fast,such a wonderful app and use very friendly or easy paisa app service is very fast,1,16,81,0,0,0,0.875,0,1,0.8849,1,0,1,0.0,0,1,0,5.0,0.0
de229742-b931-47e2-bb55-8a8f523f0bb8,Easypaisa,Banking,farhan mengal,Unknown,5,2025-10-31 21:37:09,awesome 😎,awesome 😎,1,2,9,1,0,0,1.0,0,0,0.7964,1,0,1,0.0,0,1,0,5.0,0.0
bfa97b49-84f6-4a14-a6d5-5d53f0811613,Easypaisa,Banking,Safdar Husain,Unknown,5,2025-10-31 21:42:43,Easypaisa,easypaisa,0,1,9,0,0,0,1.0,0,0,0.0,1,0,1,0.0,0,2,0,5.0,0.0
04aa73ba-33a8-43f6-93a3-ebf9b94bc654,Easypaisa,Banking,Muzammil Akber,Unknown,5,2025-10-31 21:51:14,soo good,soo good,0,2,8,0,0,0,1.0,0,0,0.4404,1,0,1,0.0,0,1,0,5.0,0.0
7602106e-107a-447f-94be-9b0de24841cc,Easypaisa,Banking,Waqar Abdullah,Unknown,3,2025-10-31 22:57:02,Easypaisa App is not running when you have social net package.... This is bad thing,easypaisa app is not running when you have social net package.... this is bad thing,0,15,83,0,0,0,0.9333333333333333,0,1,-0.5423,1,0,1,0.0,0,1,0,3.0,0.0
222b7e4d-09d3-482f-aeb9-ecf55858c074,Easypaisa,Banking,Muhammad Zahid,Unknown,5,2025-10-31 23:28:32,Very Good 👍,very good 👍,0,3,11,1,0,0,1.0,0,0,0.4927,1,0,1,0.0,0,3,0,5.0,0.0
fb771da0-437e-4f44-bc40-9f219ea98bbe,Easypaisa,Banking,Zafar Iqbal,Unknown,5,2025-11-01 01:06:22,Excellent 🌹,excellent 🌹,0,2,11,1,0,0,1.0,0,0,0.5719,1,0,1,0.0,0,1,0,5.0,0.0
cd6e91ec-801e-4454-b287-a225ddb6b7e4,Easypaisa,Banking,RSM memon,Unknown,5,2025-11-01 01:35:29,best pakage,best pakage,0,2,11,0,0,0,1.0,0,0,0.6369,1,0,1,0.0,0,1,0,5.0,0.0
0d9ff980-bd73-43d0-9b9d-c3bb18c057fc,Easypaisa,Banking,Afnan mayo,Unknown,5,2025-11-01 01:49:21,you have to introduce Islamic investment instead of other investment like saving account,you have to introduce islamic investment instead of other investment like saving account,0,13,88,0,0,0,0.9230769230769231,0,0,0.3612,1,0,1,0.0,0,1,0,5.0,0.0
779f079f-fe8c-4f86-b11a-fea9b759f6f2,Easypaisa,Banking,Sakhi Hassan,Unknown,5,2025-11-01 02:16:14,Good Application 👍,good application 👍,0,3,18,1,0,0,1.0,0,1,0.4404,1,0,1,0.0,0,1,0,5.0,0.0
b2a64d41-cd10-49bc-990a-b9991f21f880,Easypaisa,Banking,Azlan Abrish,Unknown,5,2025-11-01 02:49:29,Very Good App,very good app,0,3,13,0,0,0,1.0,0,1,0.4927,1,0,1,0.0,0,3,0,5.0,0.0
6727e4f6-f573-4596-b6b1-8f587cca0649,Easypaisa,Banking,MAJIDA KHAN,Unknown,5,2025-11-01 03:07:32,Excellent.,excellent.,0,1,10,0,0,0,1.0,0,0,0.5719,1,0,1,0.0,0,1,0,5.0,0.0
9da6461c-7e62-4d32-b4b3-7b3d1d7dfb3d,Easypaisa,Banking,Naveed Gill,Unknown,5,2025-11-01 03:40:58,Very Good Teller,very good teller,0,3,16,0,0,0,1.0,0,0,0.4927,1,0,1,0.0,0,1,0,5.0,0.0
69e2033b-ae7a-4c12-b1f8-076a8337d8cf,Easypaisa,Banking,Muhammad Ishaq Ishaq,Unknown,5,2025-11-01 03:41:57,good yes,good yes,0,2,8,0,0,0,1.0,0,0,0.6808,1,0,1,0.0,0,1,0,5.0,0.0
5eb97aec-ec90-4b12-a376-fbb3fa9c6baf,Easypaisa,Banking,Shahzad Noor,Unknown,5,2025-11-01 03:52:50,good fabulous,good fabulous,0,2,13,0,0,0,1.0,0,0,0.743,1,0,1,0.0,0,1,0,5.0,0.0
a4011cab-8cfa-43ba-8f6d-41a3803645be,Easypaisa,Banking,Hyran Muhmand,Unknown,4,2025-11-01 04:00:35,better seevices but fees.,better seevices but fees.,0,4,25,0,0,0,1.0,0,0,0.2382,1,0,1,0.0,0,1,0,4.0,0.0
379361b9-b031-4dfe-90dc-87f5d940993a,Easypaisa,Banking,Sanaullah Khan Kolachi,Unknown,3,2025-11-01 04:01:13,good in transaction but sometimes it being slow and hang,good in transaction but sometimes it being slow and hang,0,10,56,0,0,0,1.0,0,0,0.2382,1,0,1,0.0,0,1,0,3.0,0.0
eeb82877-7cb2-4707-abf1-b1136a7e88bc,Easypaisa,Banking,Zfri Gujjar,Unknown,4,2025-11-01 04:14:02,ڈاون لوڈ نہیں ہو رہا,ڈاون لوڈ نہیں ہو رہا,1,5,20,0,0,0,1.0,0,0,0.0,1,0,1,0.0,0,1,0,4.0,0.0
315965ca-e989-4bab-bab0-db541b857c22,Easypaisa,Banking,Ali Jan,Unknown,1,2025-11-01 04:30:06,buty full app,buty full app,1,3,13,0,0,0,1.0,0,1,0.0,1,0,1,0.0,0,1,0,1.0,0.0
ba5f43e9-8b5f-4ea9-800b-fec49353f374,Easypaisa,Banking,Live Life,Unknown,4,2025-11-01 05:50:08,"very good app but my credit score is very good,but app not giving me loan and I can't use buy now pay later please solve my problem","very good app but my credit score is very good,but app not giving me loan and i can't use buy now pay later please solve my problem",0,27,131,0,0,0,0.8888888888888888,1,1,0.4483,1,0,1,0.0,0,1,0,4.0,0.0
bcd879ce-0da7-4534-a457-0d709bebcb5a,Easypaisa,Banking,Hafeez UR Rehaman,Unknown,3,2025-11-01 05:56:16,easypaisa bio matric big problem,easypaisa bio matric big problem,0,5,32,0,0,0,1.0,0,0,-0.4019,1,0,1,0.0,0,1,0,3.0,0.0
2c1a136f-6759-4603-a826-d545611f567c,Easypaisa,Banking,technology gamers,Unknown,1,2025-11-01 06:11:02,"My phone number is changed, and I am now unable to recover my account on the new phone number although the old number is deactivated. So,am unable to use your services","my phone number is changed, and i am now unable to recover my account on the new phone number although the old number is deactivated. so,am unable to use your services",5,31,167,0,0,0,0.7419354838709677,0,0,0.2263,1,0,1,0.0,0,1,0,1.0,0.0
09e49d23-baa6-4791-ab7c-bae3635d6813,Easypaisa,Banking,Mah Kinzii,Unknown,3,2025-11-01 06:15:22,Excellent working,excellent working,0,2,17,0,0,0,1.0,0,0,0.5719,1,0,1,0.0,0,1,0,3.0,0.0
22527014-a36c-41de-8096-cac045312deb,Easypaisa,Banking,Osman Malik,Unknown,1,2025-11-01 06:52:23,bad experience yr biometric process kitni bar kiya laikin HOA hi NHI Raha,bad experience yr biometric process kitni bar kiya laikin hoa hi nhi raha,0,13,73,0,0,2,1.0,0,0,-0.5423,1,0,1,0.0,0,1,0,1.0,0.0
4ae61a97-631c-403a-8970-a0ad91601185,Easypaisa,Banking,Saif saif,Unknown,1,2025-11-01 07:57:33,hafty pehly tk sab set tha ab transaction ho hi nhi rhi na wallet me na bank account me kahi bhi nhi ho rhi koi hal ha to btao kisi k pass error bsn:99999 ye a rha ha,hafty pehly tk sab set tha ab transaction ho hi nhi rhi na wallet me na bank account me kahi bhi nhi ho rhi koi hal ha to btao kisi k pass error bsn:99999 ye a rha ha,0,38,166,0,0,0,0.8421052631578947,0,0,0.2732,1,0,1,0.0,0,1,0,1.0,0.0
4017913d-58c4-43a7-a54c-62fc1623229f,Easypaisa,Banking,Qousain kiyani,Unknown,4,2025-11-01 09:10:24,good 👍👍,good 👍👍,0,2,7,2,0,0,1.0,0,0,0.4404,1,0,1,0.0,0,2,0,4.0,0.0
206a6981-dad3-41ca-bd5d-02f95772be19,Easypaisa,Banking,Eman Asghar,Unknown,1,2025-11-01 09:14:31,Very bad,very bad,0,2,8,0,0,0,1.0,0,0,-0.5849,1,0,1,0.0,0,2,0,1.0,0.0
4b831356-ac15-461d-a2bc-4195325bfa0c,Easypaisa,Banking,Syed Suleman Nasir,Unknown,5,2025-11-01 09:23:59,Good... Easypaisa is your complete wallet bruh!,good... easypaisa is your complete wallet bruh!,0,7,47,0,0,0,1.0,0,0,0.4926,1,0,1,0.0,0,1,0,5.0,0.0
214abfb6-871a-47d3-bcef-ceee29e3f872,Easypaisa,Banking,Mazhar Saeed,Unknown,3,2025-11-01 09:26:31,good aap but the biometric charges are too high. I.e Rs. 200 charged by the biometric retailer shop,good aap but the biometric charges are too high. i.e rs. 200 charged by the biometric retailer shop,0,18,99,0,0,0,0.8888888888888888,0,0,-0.4404,1,0,1,0.0,0,1,0,3.0,0.0
0d1b299c-09b0-49de-a4d4-4295bd637bd9,Easypaisa,Banking,Adnan Shah,Unknown,5,2025-11-01 09:32:29,Best transfer,best transfer,0,2,13,0,0,0,1.0,0,0,0.6369,1,0,1,0.0,0,1,0,5.0,0.0
e9c53e2d-6369-4118-99af-14afc29cd207,Easypaisa,Banking,Zaviyan Hussain,Unknown,5,2025-11-01 09:34:11,good work carry on....,good work carry on....,0,4,22,0,0,0,1.0,0,0,0.4404,1,0,1,0.0,0,1,0,5.0,0.0
d9e9abd1-d74a-440f-a43d-d8509bd478fd,Easypaisa,Banking,Dolat Berjang,Unknown,5,2025-11-01 09:46:16,amazing 🤩,amazing 🤩,0,2,9,1,0,0,1.0,0,0,0.5859,1,0,1,0.0,0,1,0,5.0,0.0
599ff99a-c8c0-4c07-9f0e-4ac533aaaa41,Easypaisa,Banking,Faizan Hussain Faizan Hussain,Unknown,5,2025-11-01 10:04:39,zabardast service,zabardast service,0,2,17,0,0,0,1.0,0,1,0.0,1,0,1,0.0,0,1,0,5.0,0.0
9dddfe95-c83d-45d7-a5b9-c96380b6e511,Easypaisa,Banking,Asim Ali,Unknown,5,2025-11-01 10:07:18,nice and easy payment method 😄,nice and easy payment method 😄,0,6,30,1,0,0,1.0,0,0,0.8807,1,0,1,0.0,0,1,0,5.0,0.0
1aeacb82-c88c-4b63-8f67-9dbb9b45b1cc,Easypaisa,Banking,Fizarizwan Butt,Unknown,5,2025-11-01 10:07:37,to good,to good,0,2,7,0,0,0,1.0,0,0,0.4404,1,0,1,0.0,0,2,0,5.0,0.0
2652eb9b-468b-4af6-bb5a-316e018b190f,Easypaisa,Banking,Anees Mughal Anees,Unknown,4,2025-11-01 10:11:11,My app has been showing errors for the past 4 days. I can't send or receive any payment. How can I solve it??,my app has been showing errors for the past 4 days. i can't send or receive any payment. how can i solve it??,0,23,109,0,0,0,0.9565217391304348,0,1,-0.2406,1,0,1,0.0,0,1,0,4.0,0.0
8c4f7f09-ed8c-4837-b455-50a5a5661bea,Easypaisa,Banking,Muhammad Zaid,Unknown,1,2025-11-01 10:15:19,this app is a Good app but there is One problem the app have most error,this app is a good app but there is one problem the app have most error,0,16,71,0,0,0,0.8125,0,1,-0.7642,1,0,1,0.0,0,1,0,1.0,0.0
38a053c0-e0b3-471d-a2e7-f070c4508db0,Easypaisa,Banking,REHMAN BALOCH,Unknown,4,2025-11-01 10:17:45,kharab hai easypaisa biomiteric ki vajah se 🥺,kharab hai easypaisa biomiteric ki vajah se 🥺,0,8,45,1,0,0,1.0,0,1,0.0,1,0,1,0.0,0,1,0,4.0,0.0
0a312a01-3ad0-47b4-be77-c9c0af5c9a85,Easypaisa,Banking,Uzairulhaq Khan,Unknown,1,2025-11-01 10:23:16,because it's not working with out internet,because it's not working with out internet,0,7,42,0,0,0,1.0,0,0,0.0,1,0,1,0.0,0,1,0,1.0,0.0
4ad703db-dba9-4e28-9ebb-b18c60e7588f,Easypaisa,Banking,Moazzam Mehboob,Unknown,5,2025-11-01 10:46:26,easy and simple,easy and simple,0,3,15,0,0,0,1.0,0,0,0.4404,1,0,1,0.0,0,1,0,5.0,0.0
cf2248c3-9d66-4d0c-bd0f-b2be699b26d9,Easypaisa,Banking,Umar yousufzai,Unknown,5,2025-11-01 10:48:56,170 Wala mahana pkage Nazar nhi araha,170 wala mahana pkage nazar nhi araha,0,7,37,0,0,0,1.0,0,0,0.0,1,0,1,0.0,0,1,0,5.0,0.0
87f3e3ea-0864-479d-9df2-b6acc80a57ac,Easypaisa,Banking,Amber Nayyar,Unknown,1,2025-11-01 11:06:16,it's hectic. it always shows error in making payments. I can't pull my money out of this wallet. this is so frustrating. ughhh!!,it's hectic. it always shows error in making payments. i can't pull my money out of this wallet. this is so frustrating. ughhh!!,0,23,128,0,0,0,0.9565217391304348,0,0,-0.7921,1,0,1,0.0,0,1,0,1.0,0.0
c30ba504-387a-4553-bae5-1bbcab11f3b7,Easypaisa,Banking,Gul zaman Khan,Unknown,4,2025-11-01 11:07:44,bhut hi acha app hai,bhut hi acha app hai,0,5,20,0,0,0,1.0,0,1,0.0,1,0,1,0.0,0,1,0,4.0,0.0
7e3d932d-81ca-47e1-ba9d-f71cddbdd720,Easypaisa,Banking,KK Bro Advani,Unknown,3,2025-11-01 11:23:56,Good 👍,good 👍,0,2,6,1,0,0,1.0,0,0,0.4404,1,0,1,0.0,0,9,0,3.0,0.0
3fb66ae0-46ce-4d9e-acb8-e7fee481d807,Easypaisa,Banking,Ashraf Bhatti,Unknown,5,2025-11-01 11:27:10,it's so cover and very cute,it's so cover and very cute,0,6,27,0,0,0,1.0,0,0,0.5095,1,0,1,0.0,0,1,0,5.0,0.0
8520e9ef-3c95-4910-a081-d99a728ac891,Easypaisa,Banking,Zaeema Tariq,Unknown,5,2025-11-01 11:30:02,good 👍 and great job,good 👍 and great job,0,5,20,1,0,0,1.0,0,0,0.7906,1,0,1,0.0,0,1,0,5.0,0.0
07dce4e5-7ff6-48b1-89dd-202a9659a456,Easypaisa,Banking,Mohsin Anwar,Unknown,5,2025-11-01 11:36:47,it's a great platform 👍,it's a great platform 👍,0,5,23,1,0,0,1.0,0,0,0.6249,1,0,1,0.0,0,1,0,5.0,0.0
19e292e9-59ae-452e-b67f-b32251b7c0d0,Easypaisa,Banking,Ikram Haqqani,Unknown,5,2025-11-01 11:37:03,ڈیر خہ,ڈیر خہ,0,2,6,0,0,0,1.0,0,0,0.0,1,0,1,0.0,0,1,0,5.0,0.0
b8b44f88-600e-4698-8663-a85618e8fb3c,Easypaisa,Banking,Adnan Farooq,Unknown,5,2025-11-01 11:38:59,beest acont ha esy pehsa,beest acont ha esy pehsa,0,5,24,0,0,0,1.0,0,0,0.34,1,0,1,0.0,0,1,0,5.0,0.0
d5890199-4ba4-4e6f-8c74-2492d4043e29,Easypaisa,Banking,Bilal abbas,Unknown,5,2025-11-01 11:51:47,Good work. I am so happy😍😘,good work. i am so happy😍😘,0,6,26,2,0,0,1.0,0,1,0.929,1,0,1,0.0,0,1,0,5.0,0.0
5d863fd1-6c22-4c3d-8519-7f5b51c02279,Easypaisa,Banking,Amin Ullah,Unknown,5,2025-11-01 12:06:29,Top#1 digital bank account use easy faster there no issue transfer price & my favorite best part no fee😁 that only 5 Stars ⭐ i gave you 10 Stars ⭐,top#1 digital bank account use easy faster there no issue transfer price & my favorite best part no fee😁 that only 5 stars ⭐ i gave you 10 stars ⭐,0,30,146,1,0,0,0.9,0,0,0.8658,1,0,1,0.0,0,1,0,5.0,0.0
c5d37378-e4ae-4eaf-a027-68426758301c,Easypaisa,Banking,Mehtab Samoo,Unknown,3,2025-11-01 12:08:18,good service,good service,0,2,12,0,0,0,1.0,0,0,0.4404,1,0,1,0.0,0,5,0,3.0,0.0
b44dee12-496d-480a-b1fd-699c6b94dbf1,Easypaisa,Banking,Rehmat Ullah Jattak,Unknown,5,2025-11-01 12:14:33,اوکے زبردست,اوکے زبردست,0,2,11,0,0,0,1.0,0,0,0.0,1,0,1,0.0,0,1,0,5.0,0.0
28fe077b-11a9-40ec-b7b6-ac479ad5f818,Easypaisa,Banking,BarkaT Khan,Unknown,5,2025-11-01 12:22:58,loan problem please,loan problem please,0,3,19,0,0,0,1.0,0,0,-0.1027,1,0,1,0.0,0,1,0,5.0,0.0
c9efa644-19f0-4768-948f-fa51d2c0ef3f,Easypaisa,Banking,Yasir Moin,Unknown,1,2025-11-01 12:25:05,I think it's a scam playing one rupee game in it since couple of years not won yet also not found any one in my circle who won it,i think it's a scam playing one rupee game in it since couple of years not won yet also not found any one in my circle who won it,0,29,129,0,0,0,0.8275862068965517,0,0,-0.2955,1,0,1,0.0,0,1,0,1.0,0.0
29bed1f7-f6fd-4500-8a45-8970dcdd8b4b,Easypaisa,Banking,Dawood Shah,Unknown,5,2025-11-01 12:32:33,A one,a one,0,2,5,0,0,0,1.0,0,0,0.0,1,0,1,0.0,0,1,0,5.0,0.0
e0086145-e420-4b7b-9c79-45ec0d9d6b09,Easypaisa,Banking,Nadir Baig,Unknown,1,2025-11-01 12:38:54,this is useless app there is many many problems,this is useless app there is many many problems,0,9,47,0,0,0,0.7777777777777778,0,1,-0.6705,1,0,1,0.0,0,1,0,1.0,0.0
4daf2fd6-bbcb-40a7-9a90-17bb43b114b9,Easypaisa,Banking,raja sulman,Unknown,5,2025-11-01 12:45:43,very very best money transfer app perfect,very very best money transfer app perfect,0,7,41,0,0,0,0.8571428571428571,0,1,0.8581,1,0,1,0.0,0,1,0,5.0,0.0
b3209687-b107-4012-88d2-56bf4c6906fa,Easypaisa,Banking,Hasaan Muhmmed,Unknown,5,2025-11-01 12:52:15,very bad app very bad no 100 rupees giving too bad just a few more things I have to complete it support graphics very much and lagging,very bad app very bad no 100 rupees giving too bad just a few more things i have to complete it support graphics very much and lagging,0,27,134,0,0,0,0.8518518518518519,0,1,-0.8963,1,0,1,0.0,0,1,1,5.0,0.0
5ecc311e-25fb-44ec-986b-0df3439c9815,Easypaisa,Banking,Aftab Khokher,Unknown,5,2025-11-01 12:58:37,so good,so good,0,2,7,0,0,0,1.0,0,0,0.4927,1,0,1,0.0,0,2,0,5.0,0.0
e2a95ba9-f8f7-4de5-8e11-ee9d8bf81c44,Easypaisa,Banking,Hikmat Jan,Unknown,5,2025-11-01 13:08:39,Best app specially for daily use,best app specially for daily use,0,6,32,0,0,0,1.0,0,1,0.6369,1,0,1,0.0,0,1,0,5.0,0.0
238fa801-a22f-4b21-9185-d707021f47f7,Easypaisa,Banking,Imran Khan,Unknown,4,2025-11-01 13:14:07,slow apps,slow apps,0,2,9,0,0,0,1.0,0,1,0.0,1,0,2,0.0,0,1,0,2.5,2.1213203435596424
cabaa88c-f945-4b71-8da4-59a64a2696d4,Easypaisa,Banking,Shaikh Gudda,Unknown,5,2025-11-01 13:15:11,very great 💯,very great 💯,0,3,12,1,0,0,1.0,0,0,0.659,1,0,1,0.0,0,1,0,5.0,0.0
e875eb8f-10ad-4090-9ad2-462141c92b52,Easypaisa,Banking,Sammar Jutt,Unknown,5,2025-11-01 13:21:26,Easypaisa is a very good digital account app I use from 10 years .,easypaisa is a very good digital account app i use from 10 years .,0,14,66,0,0,0,1.0,0,1,0.4927,1,0,1,0.0,0,1,0,5.0,0.0
7fd7db0a-3f2e-4ab6-a497-c499cd63a5a7,Easypaisa,Banking,Detective Adam,Unknown,1,2025-11-01 13:25:53,This app is ahowing me error,this app is ahowing me error,0,6,28,0,0,0,1.0,0,1,-0.4019,1,0,1,0.0,0,1,0,1.0,0.0
6fa56a35-b275-46a5-b2f6-d6a11926f02e,Easypaisa,Banking,saif rehman,Unknown,5,2025-11-01 14:05:26,best👍,best👍,0,1,5,1,0,0,1.0,0,0,0.6369,1,0,1,0.0,0,1,0,5.0,0.0
a9d02356-fd5c-40ed-82ed-b58de0b70c47,Easypaisa,Banking,M Nauman,Unknown,5,2025-11-01 14:11:11,8 just l9ve the interface display u name it.. every thing great,8 just l9ve the interface display u name it.. every thing great,0,12,63,0,0,0,1.0,0,0,0.6249,1,0,1,0.0,0,1,0,5.0,0.0
c0149caf-81b6-4540-ba83-362682ad639a,Easypaisa,Banking,Ilamo Baya,Unknown,5,2025-11-01 14:19:42,THIS is very good app 💯😊😊,this is very good app 💯😊😊,0,6,25,3,0,1,1.0,0,1,0.9348,1,0,1,0.0,0,1,0,5.0,0.0
8cf4ece0-83ec-4a6b-844c-56a8604d44de,Easypaisa,Banking,Saima.arif1983 Saima,Unknown,5,2025-11-01 14:21:10,wao great,wao great,0,2,9,0,0,0,1.0,0,0,0.6249,1,0,1,0.0,0,1,0,5.0,0.0
38d2303d-e3a6-47e1-b4e4-cfa79372bb47,Easypaisa,Banking,Abdullah Khan,Unknown,5,2025-11-01 14:22:03,fantastic,fantastic,0,1,9,0,0,0,1.0,0,0,0.5574,1,0,3,1222735.0,0,2,0,4.666666666666667,0.5773502691896257
5f64d336-71b0-4e1b-b119-fbcfb72e3edb,Easypaisa,Banking,L Butt,Unknown,1,2025-11-01 14:22:44,Transaction send from another account but not receive and money was not send,transaction send from another account but not receive and money was not send,0,13,76,0,0,0,0.8461538461538461,0,0,0.0,1,0,1,0.0,0,1,0,1.0,0.0
2729fd37-867e-4cbf-8d8b-da010c8185df,Easypaisa,Banking,Azhar Shah,Unknown,5,2025-11-01 14:32:30,"want to complain about Sir, my transition limit is not increasing, please give me a solution.","want to complain about sir, my transition limit is not increasing, please give me a solution.",0,16,93,0,0,0,1.0,0,0,-0.2173,1,0,1,0.0,0,1,0,5.0,0.0
9b16e532-e25f-44a5-80e2-23f68fa7a30f,Easypaisa,Banking,Kamran korai,Unknown,5,2025-11-01 14:32:51,good app for wallet,good app for wallet,0,4,19,0,0,0,1.0,0,1,0.4404,1,0,1,0.0,0,1,0,5.0,0.0
dd5bf5fa-b1b2-4eb9-a0b4-5f0ea6f55065,Easypaisa,Banking,Faraz Ali,Unknown,5,2025-11-01 14:40:49,"Easypaisa is no longer just a wallet it’s a true digital bank! From instant transfers to debit cards, savings, and QR payments it’s doing everything a real bank does, but faster and simpler. 📱🇵🇰","easypaisa is no longer just a wallet it’s a true digital bank! from instant transfers to debit cards, savings, and qr payments it’s doing everything a real bank does, but faster and simpler. 📱🇵🇰",0,34,194,3,0,1,0.8823529411764706,0,0,0.1511,1,0,1,0.0,0,1,0,5.0,0.0
15f2e683-69c0-446d-a325-99d0de4083ce,Easypaisa,Banking,Youtube channel,Unknown,5,2025-11-01 14:44:02,hello am a Pakistani but am abroad right now i need easy paisa to transact in pakistan how would we do please provide whatsapp help number or email address so we can communicate thank you ans really appreciate,hello am a pakistani but am abroad right now i need easy paisa to transact in pakistan how would we do please provide whatsapp help number or email address so we can communicate thank you ans really appreciate,0,38,209,0,0,0,0.9473684210526315,0,1,0.9586,1,0,1,0.0,0,1,0,5.0,0.0
d753274d-641a-478d-b5dd-be2315abaf6b,Easypaisa,Banking,Abdurahma Safi,Unknown,1,2025-11-01 15:05:18,limit complete,limit complete,0,2,14,0,0,0,1.0,0,0,0.0,1,0,1,0.0,0,1,0,1.0,0.0
8f28a629-daa8-436b-8d70-83d783dc4a1e,Easypaisa,Banking,Zimal Shazadi,Unknown,5,2025-11-01 15:05:32,love this app 👀,love this app 👀,0,4,15,1,0,0,1.0,0,1,0.6369,1,0,1,0.0,0,1,0,5.0,0.0
da1c4208-9040-4b70-9d2a-78135f8b1665,Easypaisa,Banking,Umair Adnan,Unknown,1,2025-11-01 15:24:27,your provided helpline Whatsapp number does not work even if it's not on WhatsApp,your provided helpline whatsapp number does not work even if it's not on whatsapp,4,14,81,0,0,0,0.8571428571428571,0,1,0.0772,1,0,1,0.0,0,1,0,1.0,0.0
d9e0d773-c75f-416c-bfda-b14b67b2c2bd,Easypaisa,Banking,Mushtaq Ahmad,Unknown,5,2025-11-01 15:36:10,this is the great app I aver seen thank u so much,this is the great app i aver seen thank u so much,0,12,49,0,0,0,1.0,0,1,0.765,1,0,1,0.0,0,1,0,5.0,0.0
dade04f1-d9e7-44ce-8c82-15ffc8984c82,Easypaisa,Banking,Sajid Mahmood,Unknown,5,2025-11-01 15:37:50,Nice app thanks,nice app thanks,0,3,15,0,0,0,1.0,0,1,0.6908,1,0,1,0.0,0,1,0,5.0,0.0
cb6b042b-1fe9-4322-87f7-9ed3399923ab,Easypaisa,Banking,Sumair Aslam,Unknown,1,2025-11-01 15:46:55,This is not good in Verification progress,this is not good in verification progress,0,7,41,0,0,0,1.0,0,0,0.1012,1,0,1,0.0,0,1,0,1.0,0.0
7e7fc477-761b-480b-8ae3-4ef3e4165794,Easypaisa,Banking,Yasir Rajput,Unknown,5,2025-11-01 15:54:41,good 👍 app,good 👍 app,0,3,10,1,0,0,1.0,0,1,0.4404,1,0,1,0.0,0,1,0,5.0,0.0
6c620921-8d9d-46e3-b84b-77e465520317,Easypaisa,Banking,Malik Irfan,Unknown,1,2025-11-01 16:05:20,they are now adding transaction fees internal transaction that really a bad idea we customer already bear there supponsor ads and save the payments,they are now adding transaction fees internal transaction that really a bad idea we customer already bear there supponsor ads and save the payments,0,24,147,0,0,0,0.9583333333333334,0,0,-0.1477,1,0,1,0.0,0,1,0,1.0,0.0
78d5b697-dbc5-4b1d-82ce-24bd2e84665e,Easypaisa,Banking,Amir Yasin,Unknown,2,2025-11-01 16:27:24,mera is app ma ek issue a Raha ha ma code lagaya tha par ma bhol giya ab rest karta ho to otp receive ni ho Raha sim phone ma hi ha,mera is app ma ek issue a raha ha ma code lagaya tha par ma bhol giya ab rest karta ho to otp receive ni ho raha sim phone ma hi ha,0,32,131,0,0,0,0.8125,0,1,0.5859,1,0,1,0.0,0,1,1,2.0,0.0
8add9a82-9334-4b13-bc94-c17cd21860dd,Easypaisa,Banking,Muhar OSRS,Unknown,5,2025-11-01 17:04:28,very good online bank app,very good online bank app,0,5,25,0,0,0,1.0,0,1,0.4927,1,0,1,0.0,0,1,0,5.0,0.0
83b206b3-7579-42d6-a3d0-cb763baade4c,Easypaisa,Banking,Adeel Butt,Unknown,5,2025-11-01 17:14:11,very nice 😊😊😊😊😊😊😊😊😊😊😊😊😊😊😊😊😊😊😊😊😊😊😊😊😊😊😊😊👍👍👍👍👍👍👍👍👍👍😊👍👍👍👍👍👍👍👍👍👍👍👍👍👍👍👍👍👍👍👍👍👍😊😊😊😊😊😊😊😊😊😊😊😊😊😊😊😊😊😊😊👍👍👍👍👍👍👍👍👍👍👍👍👍👍👍👍👍👍😊😊😊😊😊😊😊😊😊👍👍👍👍👍👍😊😊😊👍👍👍👍👍😊😊😊😊😊😊😊😊😊😊😊😊😊😊😊😊👍👍👍👍👍👍👍👍👍👍👍👍👍👍👍👍👍👍👍👍👍👍👍👍👍,very nice 😊😊😊😊😊😊😊😊😊😊😊😊😊😊😊😊😊😊😊😊😊😊😊😊😊😊😊😊👍👍👍👍👍👍👍👍👍👍😊👍👍👍👍👍👍👍👍👍👍👍👍👍👍👍👍👍👍👍👍👍👍😊😊😊😊😊😊😊😊😊😊😊😊😊😊😊😊😊😊😊👍👍👍👍👍👍👍👍👍👍👍👍👍👍👍👍👍👍😊😊😊😊😊😊😊😊😊👍👍👍👍👍👍😊😊😊👍👍👍👍👍😊😊😊😊😊😊😊😊😊😊😊😊😊😊😊😊👍👍👍👍👍👍👍👍👍👍👍👍👍👍👍👍👍👍👍👍👍👍👍👍👍,0,3,172,162,0,0,1.0,0,0,0.9999,1,0,1,0.0,0,1,0,5.0,0.0
4ac933e7-084b-4867-95ab-044a788d3c91,Easypaisa,Banking,Khalid Khanking,Unknown,2,2025-11-01 17:14:26,speed download the app please,speed download the app please,0,5,29,0,0,0,1.0,1,1,0.3182,1,0,1,0.0,0,1,0,2.0,0.0
38f0abc6-cb57-4a62-8c60-028b6be700b5,Easypaisa,Banking,Saba Rauf,Unknown,4,2025-11-01 17:39:39,I am facing biomateric problem ...My money is in my account but I can't withdraw it,i am facing biomateric problem ...my money is in my account but i can't withdraw it,0,16,83,0,0,0,0.9375,0,0,-0.2144,1,0,1,0.0,0,1,0,4.0,0.0
09d87cbd-ce18-4b28-b695-82a7bb459030,Easypaisa,Banking,Hussinkhan Khan,Unknown,1,2025-11-01 18:11:12,it is to bad not responding app after. my problem,it is to bad not responding app after. my problem,0,10,49,0,0,0,1.0,0,1,-0.7351,1,0,1,0.0,0,1,0,1.0,0.0
88e7df1e-9d10-469d-9cf9-cf52efc85669,Easypaisa,Banking,Abdul Mateen,Unknown,5,2025-11-01 18:19:03,Good 👍.,good 👍.,0,2,7,1,0,0,1.0,0,0,0.4404,1,0,1,0.0,0,1,0,5.0,0.0
613ec065-1927-41aa-ae39-333234f9c4b6,Easypaisa,Banking,Uzair Qureshi,Unknown,5,2025-11-01 18:21:55,this is good👍 apes,this is good👍 apes,0,4,18,1,0,0,1.0,0,0,0.4404,1,0,1,0.0,0,1,0,5.0,0.0
554fe8ba-1c4a-4c6a-8774-d0e54229b5a5,Easypaisa,Banking,Muhammad ali,Unknown,5,2025-11-01 18:30:35,"This is a fantastic app,it's very good to use,I'll give it 5 stars🎀","this is a fantastic app,it's very good to use,i'll give it 5 stars🎀",0,13,67,1,0,0,1.0,0,1,0.7778,1,0,1,0.0,0,1,0,5.0,0.0
d9c2f8e9-ec6e-49f2-90ff-0d101b8ca061,Easypaisa,Banking,Muhammed Waize,Unknown,5,2025-11-01 18:38:17,Good👍,good👍,0,1,5,1,0,0,1.0,0,0,0.4404,1,0,1,0.0,0,2,0,5.0,0.0
2e679e40-4037-472c-945d-6af8da0c61f3,Easypaisa,Banking,Syed Naseem Hassan,Unknown,4,2025-11-01 18:52:50,easy pasa is best,easy pasa is best,0,4,17,0,0,0,1.0,0,0,0.7964,1,0,1,0.0,0,1,0,4.0,0.0
c6f3e2d3-4c08-43bc-8f97-aef99a634b0f,Easypaisa,Banking,sardar azhar,Unknown,5,2025-11-01 19:06:18,easypaisa app provided very very good service and very easy and good working,easypaisa app provided very very good service and very easy and good working,0,13,76,0,0,0,0.6923076923076923,0,1,0.8698,1,0,1,0.0,0,1,0,5.0,0.0
8a97239b-ce8a-46d5-9f3f-5b84a90e5ed5,Easypaisa,Banking,Sunny prince,Unknown,5,2025-11-01 19:09:01,Brilliant app,brilliant app,0,2,13,0,0,0,1.0,0,1,0.5859,1,0,1,0.0,0,1,0,5.0,0.0
2a701636-6991-4616-8970-eefe884da44a,Easypaisa,Banking,Amriah Muhammad,Unknown,1,2025-11-01 19:18:35,"hey bro I'm facing trouble while sending money, it's been 24 hours. I've contacted your team on Facebook and email as well but my issue has not been sorted. kindly look into it.","hey bro i'm facing trouble while sending money, it's been 24 hours. i've contacted your team on facebook and email as well but my issue has not been sorted. kindly look into it.",1,33,177,0,0,0,0.9696969696969697,0,0,-0.5778,1,0,1,0.0,0,1,0,1.0,0.0
767992ce-8cfb-474c-8f88-812940e36205,Easypaisa,Banking,Muhammad Mubasher,Unknown,1,2025-11-01 19:34:25,My level is zero because I am using grandfather's account who's Dead two months ago the money is stuck in I can't transfer or transaction what I do,my level is zero because i am using grandfather's account who's dead two months ago the money is stuck in i can't transfer or transaction what i do,0,28,147,0,0,0,0.8928571428571429,0,0,-0.743,1,0,1,0.0,0,1,0,1.0,0.0
d57b0055-cdf3-4254-a11b-fd6d7cf58d0d,Easypaisa,Banking,Dapi,Unknown,5,2025-11-01 19:47:34,acount open app eizi piss,acount open app eizi piss,0,5,25,0,0,0,1.0,0,1,-0.4019,1,0,1,0.0,0,1,0,5.0,0.0
20ea2139-2955-45e2-b84f-6baaac43c97b,Easypaisa,Banking,Raza Mughal30,Unknown,5,2025-11-01 19:59:57,super,super,0,1,5,0,0,0,1.0,0,0,0.5994,1,0,1,0.0,0,1,0,5.0,0.0
8363edf7-aafb-478e-af06-ef2f2657c75e,Easypaisa,Banking,Deedar Ali Gabol,Unknown,5,2025-11-01 20:28:43,so nice.,so nice.,0,2,8,0,0,0,1.0,0,0,0.4754,1,0,1,0.0,0,1,0,5.0,0.0
01b0439d-c7a5-4d75-a513-33ebf09af447,Easypaisa,Banking,Muhammad taqi Panhwar,Unknown,5,2025-11-01 20:39:26,good but plz ads less,good but plz ads less,0,5,21,0,0,0,1.0,0,0,0.34,1,0,1,0.0,0,1,0,5.0,0.0
abf3287c-66ea-4a57-ada5-25ebd2e94ed6,Easypaisa,Banking,Asif manzoor,Unknown,1,2025-11-01 22:22:41,fazool app. cal center staff behavior is very very bad. OTP not fetch but call center staff said complait is not locked,fazool app. cal center staff behavior is very very bad. otp not fetch but call center staff said complait is not locked,0,22,119,0,0,1,0.7727272727272727,0,1,-0.3686,1,0,1,0.0,0,1,0,1.0,0.0
670dc1d2-6736-4382-be40-6bc827d21c54,Easypaisa,Banking,Attiq Awan 382wb,Unknown,4,2025-11-02 02:17:19,thank God,thank god,0,2,9,0,0,0,1.0,0,0,0.5574,1,0,1,0.0,0,1,0,4.0,0.0
92d35c9e-b995-493e-808b-d898677bb5ec,Easypaisa,Banking,Abdul Rahman,Unknown,3,2025-11-02 02:22:43,Best wallet,best wallet,0,2,11,0,0,0,1.0,0,0,0.6369,1,0,2,551556.0,0,1,0,2.0,1.4142135623730951
5d926b0c-8863-4f75-98ef-6393f351c9eb,Easypaisa,Banking,Muhammad Salman,Unknown,1,2025-11-02 02:41:40,intehaie ghateya app,intehaie ghateya app,0,3,20,0,0,0,1.0,0,1,0.0,1,0,2,1359634.0,0,1,0,1.0,0.0
da960b4f-266b-4b0f-a1e1-38e7d9fe0457,Easypaisa,Banking,Fahad Khan,Unknown,1,2025-11-02 03:03:55,Good 👍,good 👍,0,2,6,1,0,0,1.0,0,0,0.4404,1,0,1,0.0,0,9,0,1.0,0.0
dd7aba71-29bd-4911-9b38-4ce269086611,Easypaisa,Banking,Mehar Sufyan,Unknown,2,2025-11-02 03:18:27,good service,good service,0,2,12,0,0,0,1.0,0,0,0.4404,1,0,1,0.0,0,5,0,2.0,0.0
a513dde4-ae2d-44f4-aa58-af5e8e738867,Easypaisa,Banking,Ayub Khan,Unknown,3,2025-11-02 03:36:06,Kia hi bath hai is app ka,kia hi bath hai is app ka,0,7,25,0,0,0,1.0,0,1,-0.6369,1,0,1,0.0,0,1,0,3.0,0.0
de2fefe0-23e0-487e-ab41-7c6ab1cb9cdf,Easypaisa,Banking,zahid ali,Unknown,1,2025-11-02 04:33:26,finger catch scan nhi horhy,finger catch scan nhi horhy,0,5,27,0,0,0,1.0,0,0,0.0,1,0,1,0.0,0,1,0,1.0,0.0
12834b83-41e7-4244-82e8-af6e13acc70f,Easypaisa,Banking,Muddasir,Unknown,1,2025-11-02 04:41:07,no better,no better,0,2,9,0,0,0,1.0,0,0,-0.3412,1,0,1,0.0,0,1,0,1.0,0.0
e07b6491-072b-40ea-9fd4-df50ee4d37a3,Easypaisa,Banking,Muhammad Atif waqas,Unknown,1,2025-11-02 04:48:49,Not create a new account please solve this problem,not create a new account please solve this problem,0,9,50,0,0,0,1.0,0,0,-0.1063,1,0,1,0.0,0,1,0,1.0,0.0
4d99eb20-5df0-47ba-865e-3eb003e567f8,Easypaisa,Banking,M Shahid M Shahid,Unknown,1,2025-11-02 04:54:36,very nice,very nice,0,2,9,0,0,0,1.0,0,0,0.4754,1,0,1,0.0,0,3,0,1.0,0.0
a909aa95-1cd0-42b9-a39d-40abf00d437f,Easypaisa,Banking,Abdul Rehman,Unknown,4,2025-11-02 05:02:38,The app is excellent but it did not give me lone plz solve my issues,the app is excellent but it did not give me lone plz solve my issues,0,15,68,0,0,0,1.0,0,1,0.7368,1,0,3,314105.0,0,1,0,4.0,1.0
3e2c86c8-1511-4c1a-b84c-4a34281fe171,Easypaisa,Banking,Rustam khan,Unknown,2,2025-11-02 05:05:16,good experience,good experience,0,2,15,0,0,0,1.0,0,0,0.4404,1,0,1,0.0,0,3,0,2.0,0.0
ce23f76d-c45b-4715-9ca8-0c20813df77f,Easypaisa,Banking,Imran Ali jutt,Unknown,4,2025-11-02 05:07:44,nice 👍,nice 👍,0,2,6,1,0,0,1.0,0,0,0.4215,1,0,1,0.0,0,4,0,4.0,0.0
2f1d8b98-046e-44a7-8733-e287570916cd,Easypaisa,Banking,Umair Majeed,Unknown,5,2025-11-02 05:42:22,this app is too good,this app is too good,0,5,20,0,0,0,1.0,0,1,0.4404,1,0,1,0.0,0,1,0,5.0,0.0
2457a35a-abf3-4240-ad70-4ebc164b9a75,Easypaisa,Banking,Ihsan Ihsan,Unknown,5,2025-11-02 05:48:49,good aap,good aap,0,2,8,0,0,0,1.0,0,0,0.4404,1,0,1,0.0,0,2,0,5.0,0.0
b64e9b01-ce7d-472e-96bb-0caa743bcc06,Easypaisa,Banking,Haider Faisal,Unknown,1,2025-11-02 05:53:08,biometric took hours to verify and still rejected. the worst app,biometric took hours to verify and still rejected. the worst app,0,11,64,0,0,0,1.0,0,1,-0.8126,1,0,1,0.0,0,1,0,1.0,0.0
94bbddfe-b947-4d66-bc65-f1e0f18df523,Easypaisa,Banking,Tariq Mahmood,Unknown,1,2025-11-02 06:47:34,"Unable to attach credit card, I have already send emails but the application still showing errors.","unable to attach credit card, i have already send emails but the application still showing errors.",0,16,98,0,0,0,1.0,0,1,-0.3182,1,0,1,0.0,0,1,0,1.0,0.0
7da35bbb-adb0-46a9-9052-a938f52edcb2,Easypaisa,Banking,MuhammadAbrar,Unknown,4,2025-11-02 06:48:15,Easy to use and very good service,easy to use and very good service,0,7,33,0,0,0,1.0,0,0,0.7264,1,0,1,0.0,0,1,0,4.0,0.0
8624e71c-fda7-4f93-a6f4-2b3f12144a03,Easypaisa,Banking,Maaz Nadeem,Unknown,1,2025-11-02 06:57:10,biomatric problem plz solved this,biomatric problem plz solved this,0,5,33,0,0,0,1.0,0,0,-0.0772,1,0,1,0.0,0,1,0,1.0,0.0
ecb34a79-d9cc-4125-9422-e86ebdfc4bb4,Easypaisa,Banking,Shahzad Ahmed Zai,Unknown,5,2025-11-02 07:07:07,Good and Famous App,good and famous app,0,4,19,0,0,0,1.0,0,1,0.4404,1,0,1,0.0,0,1,0,5.0,0.0
1a57782e-a92c-42ce-aa1f-f0cf91a37e3f,Easypaisa,Banking,A Faqeer,Unknown,1,2025-11-02 07:19:42,manual system banao yar or ye finger wala system beqaar hai🙄🙄🙄🙄🙄🤔🤔🤔🤔🤔,manual system banao yar or ye finger wala system beqaar hai🙄🙄🙄🙄🙄🤔🤔🤔🤔🤔,0,11,69,10,0,0,0.9090909090909091,0,1,0.0,1,0,1,0.0,0,1,0,1.0,0.0
b10ddab9-759d-4248-8f67-0243f35f283c,Easypaisa,Banking,Malik Shahzad,Unknown,1,2025-11-02 07:30:34,easypaisa app ko free karo do easypaisa app opne ho ge,easypaisa app ko free karo do easypaisa app opne ho ge,0,11,54,0,0,0,0.8181818181818182,1,1,0.5106,1,0,1,0.0,0,1,1,1.0,0.0
0e2a1f60-4387-43e8-b22a-f74d80507067,Easypaisa,Banking,TAYYAB JUTT,Unknown,1,2025-11-02 07:33:20,without any reason my account blocked still 17 days,without any reason my account blocked still 17 days,0,9,51,0,0,0,1.0,0,0,-0.2732,1,0,1,0.0,0,1,0,1.0,0.0
6f141c42-12d1-4dae-adac-54cef2c8baa8,Easypaisa,Banking,Manan Abid,Unknown,4,2025-11-02 07:58:37,"please available to buy some app subscriptions like crunchyroll , Netflix etc","please available to buy some app subscriptions like crunchyroll , netflix etc",0,12,77,0,0,0,1.0,0,1,0.5859,1,0,1,0.0,0,1,0,4.0,0.0
285c9816-fd14-496f-a921-54bf29213871,Easypaisa,Banking,Dilawar Khan,Unknown,5,2025-11-02 08:03:55,❤️❤️❤️🎁,❤️❤️❤️🎁,0,1,7,1,0,0,1.0,0,0,0.4404,1,0,1,0.0,0,1,0,5.0,0.0
fcca4c3b-7e3b-4454-b64c-d2a15cf73dbf,Easypaisa,Banking,AYAZ Khan,Unknown,5,2025-11-02 08:21:06,good luck,good luck,0,2,9,0,0,0,1.0,0,0,0.7096,1,0,1,0.0,0,3,0,5.0,0.0
c6e9c211-9a7f-4443-a04e-8fd5e2123a6d,Easypaisa,Banking,mehran messi,Unknown,5,2025-11-02 08:36:36,very easy to use too much happy from this app,very easy to use too much happy from this app,0,10,45,0,0,0,1.0,0,1,0.7841,1,0,1,0.0,0,1,0,5.0,0.0
202a367e-9fa6-4668-9068-858662675dae,Easypaisa,Banking,sundas nadeem,Unknown,3,2025-11-02 08:55:53,it is good to send and receive money,it is good to send and receive money,0,8,36,0,0,0,1.0,0,0,0.4404,1,0,1,0.0,0,1,0,3.0,0.0
b76682f7-267f-4edd-b998-2ac539cb713e,Easypaisa,Banking,Alif Khan Sufiyan Khan,Unknown,1,2025-11-02 08:57:37,office cool 🔥🔥🔥🥵,office cool 🔥🔥🔥🥵,0,3,16,4,0,0,1.0,0,0,-0.5994,1,0,1,0.0,0,1,0,1.0,0.0
62199ba7-d697-47c9-b2e1-84a31d930d2d,Easypaisa,Banking,Saife Tanoli,Unknown,1,2025-11-02 09:43:09,it does not give me a otp this is not good aap,it does not give me a otp this is not good aap,0,12,46,0,0,0,0.9166666666666666,0,0,-0.3412,1,0,1,0.0,0,1,0,1.0,0.0
ea85878e-3ddd-43c3-ae05-d52eb1eec221,Easypaisa,Banking,Ijaz 786,Unknown,1,2025-11-02 09:49:03,bad App,bad app,0,2,7,0,0,0,1.0,0,1,-0.5423,1,0,1,0.0,0,2,0,1.0,0.0
9c7e400d-8cfe-4392-9b1e-d9753d5c33ff,Easypaisa,Banking,Ghulam Ullah,Unknown,2,2025-11-02 09:52:45,how would I contact helpline because I have sent a payment to a digital account mistakenly and now I am unable to contact that person and also helpline 3737 they didn't helped me out to contact that person.,how would i contact helpline because i have sent a payment to a digital account mistakenly and now i am unable to contact that person and also helpline 3737 they didn't helped me out to contact that person.,1,38,206,0,0,0,0.7368421052631579,0,0,-0.296,1,0,1,0.0,0,1,0,2.0,0.0
11f9a801-bd0f-47dc-9570-4562a44bf107,Easypaisa,Banking,Muhammad Ayub,Unknown,5,2025-11-02 09:52:53,mashallah level,mashallah level,0,2,15,0,0,0,1.0,0,0,0.0,1,0,1,0.0,0,1,0,5.0,0.0
a357565a-4e52-4e27-96ff-4dabee7a8aa3,Easypaisa,Banking,Nasrullah,Unknown,5,2025-11-02 09:53:26,App is very easy to use and benefit it's so high,app is very easy to use and benefit it's so high,0,11,48,0,0,0,1.0,0,1,0.7346,1,0,1,0.0,0,1,0,5.0,0.0
c8c12772-303a-41df-b280-79de3a43da58,Easypaisa,Banking,Omar Saeed,Unknown,1,2025-11-02 09:53:46,tops in fraudulent activities,tops in fraudulent activities,0,4,29,0,0,0,1.0,0,0,0.0258,1,0,1,0.0,0,1,0,1.0,0.0
1544dd29-67b6-45f3-b05b-dd5b697b668a,Easypaisa,Banking,Abdul Kareem,Unknown,1,2025-11-02 10:06:27,biometric not recognize issues plz solv it,biometric not recognize issues plz solv it,0,7,42,0,0,0,1.0,0,0,-0.0572,1,0,1,0.0,0,1,0,1.0,0.0
86b8d8df-ce7a-43a0-b7c2-c9baeced51bc,Easypaisa,Banking,Jawad Baloch,Unknown,5,2025-11-02 10:08:46,excellent app,excellent app,0,2,13,0,0,0,1.0,0,1,0.5719,1,0,1,0.0,0,1,0,5.0,0.0
fb07751f-0845-4264-8764-7df5ef17c3e6,Easypaisa,Banking,Muhammad Hassan Chanihoon,Unknown,5,2025-11-02 10:21:39,Mobile Galaxy C7 mobile device in me only horror,mobile galaxy c7 mobile device in me only horror,0,9,48,0,0,1,0.8888888888888888,0,0,-0.5719,1,0,1,0.0,0,1,1,5.0,0.0
f934cccb-3aa3-43fd-ae90-399215921ad1,Easypaisa,Banking,Ali Hasnain,Unknown,5,2025-11-02 10:37:21,easypaeisa is very good app very safe Mobile violet,easypaeisa is very good app very safe mobile violet,0,9,51,0,0,0,0.8888888888888888,0,1,0.7496,1,0,2,0.0,0,1,0,5.0,0.0
93f46b86-943d-4cc4-b0ad-7305ddd15048,Easypaisa,Banking,Thealone Saleem,Unknown,1,2025-11-02 10:38:58,very bad biometric system 100 times takes pictures but failure,very bad biometric system 100 times takes pictures but failure,0,10,62,0,0,0,1.0,0,0,-0.7812,1,0,1,0.0,0,1,0,1.0,0.0
48b39abe-50a9-4bc8-9cb4-ab20dd184a61,Easypaisa,Banking,Shahida Shahbaz,Unknown,5,2025-11-02 10:39:57,easy to use,easy to use,0,3,11,0,0,0,1.0,0,0,0.4404,1,0,1,0.0,0,1,0,5.0,0.0
aa93ffaa-5252-4be5-be47-d8b95bc40afe,Easypaisa,Banking,allahrakha,Unknown,5,2025-11-02 10:40:02,this is best app,this is best app,0,4,16,0,0,0,1.0,0,1,0.6369,1,0,1,0.0,0,1,0,5.0,0.0
4bfdbcb8-10d9-4928-84ab-3bddf1c36522,Easypaisa,Banking,Aqeel Nasir,Unknown,5,2025-11-02 10:49:42,thumb's up,thumb's up,0,2,10,0,0,0,1.0,0,0,0.0,1,0,1,0.0,0,1,0,5.0,0.0
7f97b086-0f70-4da3-b3bd-ad6190b9a0d4,Easypaisa,Banking,Ali Abbas,Unknown,2,2025-11-02 11:01:46,new generation accounts problem,new generation accounts problem,0,4,31,0,0,0,1.0,0,0,-0.4019,1,0,1,0.0,0,1,0,2.0,0.0
3968745f-bff7-4ba8-a456-a881fbdb5dd6,Easypaisa,Banking,Rayaan,Unknown,1,2025-11-02 11:22:38,"it's fine for what it is, but I'm still giving it 1 star to compensate for the fake reviews they've added here","it's fine for what it is, but i'm still giving it 1 star to compensate for the fake reviews they've added here",0,22,110,0,0,0,0.9090909090909091,0,0,-0.1655,1,0,1,0.0,0,1,0,1.0,0.0
b1299a81-e2d5-44ce-98cd-e8d3b16c7e87,Easypaisa,Banking,Mehboob Alam,Unknown,5,2025-11-02 11:35:10,awesome transport of the money 💰,awesome transport of the money 💰,0,6,32,1,0,0,1.0,0,0,0.6249,1,0,1,0.0,0,1,0,5.0,0.0
70693650-542b-40c0-9857-b01b6fb3af37,Easypaisa,Banking,Rashid Ali Rumi,Unknown,5,2025-11-02 11:42:02,Best secure application,best secure application,0,3,23,0,0,0,1.0,0,1,0.765,1,0,1,0.0,0,1,0,5.0,0.0
6d309a12-d3a4-450b-8247-d2e454587f80,Easypaisa,Banking,Usama Hassani,Unknown,5,2025-11-02 12:23:25,this app is very helpful,this app is very helpful,0,5,24,0,0,0,1.0,0,1,0.4754,1,0,1,0.0,0,1,0,5.0,0.0
f2be8c4d-bf85-4d5f-a7fc-88c735dd06e3,Easypaisa,Banking,Azhar Ali,Unknown,5,2025-11-02 12:33:29,plz delete my recently stop work,plz delete my recently stop work,0,6,32,0,0,0,1.0,0,0,-0.2263,1,0,2,0.0,0,1,0,5.0,0.0
56a0675a-00ab-4cbd-8b9d-3a754596d12d,Easypaisa,Banking,Wasiq Ali,Unknown,5,2025-11-02 12:45:04,nice 🙂,nice 🙂,0,2,6,1,0,0,1.0,0,0,0.6712,1,0,1,0.0,0,2,0,5.0,0.0
5b5554dd-e152-4fd8-ab33-ebcf18779b2f,Easypaisa,Banking,Abrar Kang,Unknown,4,2025-11-02 12:54:54,I like it very much,i like it very much,0,5,19,0,0,0,1.0,0,0,0.3612,1,0,1,0.0,0,1,0,4.0,0.0
f75a7da8-8b2c-4f22-9c77-a4f02a699542,Easypaisa,Banking,Muhammad Shauban,Unknown,2,2025-11-02 12:59:51,good 👍,good 👍,0,2,6,1,0,0,1.0,0,0,0.4404,1,0,1,0.0,0,9,0,2.0,0.0
d4320f67-0b5f-4c6f-b468-9ce20574035b,Easypaisa,Banking,riazhussian,Unknown,5,2025-11-02 13:04:38,veriegood,veriegood,0,1,9,0,0,0,1.0,0,0,0.0,1,0,1,0.0,0,1,0,5.0,0.0
1aa5e5b0-aa2e-4761-90ad-c65f9e2ecb08,Easypaisa,Banking,Farooq ali Farooq ali,Unknown,5,2025-11-02 13:05:48,good apo,good apo,0,2,8,0,0,0,1.0,0,0,0.4404,1,0,1,0.0,0,1,0,5.0,0.0
8a24c4d6-a5e1-487d-9131-b524dfe6a1f8,Easypaisa,Banking,Jibran,Unknown,2,2025-11-02 13:13:43,good app to payment,good app to payment,0,4,19,0,0,0,1.0,0,1,0.4404,1,0,1,0.0,0,1,0,2.0,0.0
52510697-a295-438d-b6e0-ca538e77a2d7,Easypaisa,Banking,Laiba Maryam,Unknown,5,2025-11-02 13:19:42,i installed easypaisa in my new device.but biometric error come.......how i solve this?,i installed easypaisa in my new device.but biometric error come.......how i solve this?,0,13,87,0,0,0,0.9230769230769231,1,0,-0.2263,1,0,1,0.0,0,1,0,5.0,0.0
438ce6c2-3f4a-4217-bf44-1b4850b11eec,Easypaisa,Banking,Usman Ali,Unknown,5,2025-11-02 13:20:01,very good and fast working,very good and fast working,0,5,26,0,0,0,1.0,0,0,0.4927,1,0,3,761885.0,0,1,0,3.3333333333333335,2.0816659994661326
78a4cd82-9ce2-4ce1-875a-b709eaa9a989,Easypaisa,Banking,Pubg g,Unknown,5,2025-11-02 13:22:39,very excellent,very excellent,0,2,14,0,0,0,1.0,0,0,0.6115,1,0,1,0.0,0,1,0,5.0,0.0
d4a0a900-0386-4e77-b741-1b4bd544469a,Easypaisa,Banking,Hassan Shah,Unknown,5,2025-11-02 13:30:07,nyc good,nyc good,0,2,8,0,0,0,1.0,0,0,0.4404,1,0,1,0.0,0,1,0,5.0,0.0
ccaa6517-4c99-4e80-8e8f-85550b32c2c5,Easypaisa,Banking,Minhal Hussain,Unknown,5,2025-11-02 13:35:24,this is very good app for visitor,this is very good app for visitor,0,7,33,0,0,0,1.0,1,1,0.4927,1,0,1,0.0,0,1,0,5.0,0.0
c4447b4f-9bda-495b-b05e-b149e1ded0b2,Easypaisa,Banking,Shahzaib Khan,Unknown,5,2025-11-02 13:41:48,good 👍👍👍,good 👍👍👍,0,2,8,3,0,0,1.0,0,0,0.4404,1,0,2,0.0,0,2,0,5.0,0.0
969ab359-2ae3-4fc4-8942-51ea518901af,Easypaisa,Banking,umar shahzad,Unknown,5,2025-11-02 13:44:29,sir my easypaisa app problem not sanding Rs another account,sir my easypaisa app problem not sanding rs another account,0,10,59,0,0,0,1.0,0,1,-0.4019,1,0,1,0.0,0,1,0,5.0,0.0
80509ba3-3860-4010-be10-4581c8723d5f,Easypaisa,Banking,Ishtiyaq Hussain,Unknown,5,2025-11-02 14:02:41,It's a good app by help of it we can pay bill for food cloths etc I recommend this app to try it,it's a good app by help of it we can pay bill for food cloths etc i recommend this app to try it,0,23,96,0,0,0,0.9130434782608695,0,1,0.7717,1,0,1,0.0,0,1,0,5.0,0.0
96227218-82d2-4601-9bf8-76804dbe1616,Easypaisa,Banking,Aliha Imran,Unknown,1,2025-11-02 14:09:41,mera opt nhi lag raha or biometric bohat dafa ki ha ho hi nhi raha😭😫,mera opt nhi lag raha or biometric bohat dafa ki ha ho hi nhi raha😭😫,0,15,68,2,0,0,0.9333333333333333,0,1,-0.7184,1,0,1,0.0,0,1,0,1.0,0.0
5476f6ba-bd63-46be-83d4-ad52055006b8,Easypaisa,Banking,Hamza Zulfiqar,Unknown,5,2025-11-02 14:09:44,excellent job,excellent job,0,2,13,0,0,0,1.0,0,0,0.5719,1,0,1,0.0,0,2,0,5.0,0.0
1d54d624-7941-4515-a423-49eb12c7a2b6,Easypaisa,Banking,Mueen Abbas,Unknown,5,2025-11-02 14:10:58,"very useful for me,It is very useful for saving money.","very useful for me,it is very useful for saving money.",0,10,54,0,0,0,0.7,0,0,0.7496,1,0,1,0.0,0,1,0,5.0,0.0
10f674e8-24e4-41e6-b36a-f3d42a4cf3d4,Easypaisa,Banking,Muhram DinBhurt,Unknown,2,2025-11-02 14:17:07,good app..,good app..,0,2,10,0,0,0,1.0,0,1,0.4404,1,0,1,0.0,0,1,0,2.0,0.0
c406780a-f3da-4d61-836e-16ef67f0cc5e,Easypaisa,Banking,Daud Mm,Unknown,5,2025-11-02 14:24:22,sahulat ka 2sra name hy,sahulat ka 2sra name hy,0,5,23,0,0,0,1.0,0,0,0.0,1,0,1,0.0,0,1,0,5.0,0.0
041680f7-fa69-4ef1-b4a6-0cc593ab521f,Easypaisa,Banking,Muhammad Zahid (‫آواره‬‎),Unknown,3,2025-11-02 14:58:50,بہت اچھا ❤️,بہت اچھا ❤️,0,3,11,0,0,0,1.0,0,0,0.0,1,0,1,0.0,0,1,0,3.0,0.0
fc00a6de-0134-4183-9e7f-4ca149a19a7a,Easypaisa,Banking,Kainat Khan,Unknown,1,2025-11-02 15:04:07,"nothing is working properly app is too slow to do transection and it have log in problem as well, it took 15 days to log in...","nothing is working properly app is too slow to do transection and it have log in problem as well, it took 15 days to log in...",0,26,126,0,0,0,0.8461538461538461,0,1,-0.1531,1,0,1,0.0,0,1,0,1.0,0.0
026d0e67-9400-4a03-bbd6-ada530998a46,Easypaisa,Banking,Jam Mujeeb,Unknown,5,2025-11-02 15:07:37,Jaam mujeeb,jaam mujeeb,0,2,11,0,0,0,1.0,0,0,0.0,1,0,1,0.0,0,1,0,5.0,0.0
3fa4befe-bf5b-4e58-9fb4-43f7c9422820,Easypaisa,Banking,M Tahir,Unknown,5,2025-11-02 15:13:39,well done,well done,0,2,9,0,0,0,1.0,0,0,0.2732,1,0,1,0.0,0,1,0,5.0,0.0
2808d7e8-b7fd-4b8b-91cf-50efdd96838c,Easypaisa,Banking,Rana iftekhar Rana,Unknown,5,2025-11-02 15:21:15,very well,very well,0,2,9,0,0,0,1.0,0,0,0.3384,1,0,1,0.0,0,1,0,5.0,0.0
9bfc7627-1ea9-41cf-8961-aedb83df6d78,Easypaisa,Banking,Zahid Jee,Unknown,5,2025-11-02 15:24:57,best transfer application,best transfer application,1,3,25,0,0,0,1.0,0,1,0.6369,1,0,1,0.0,0,1,0,5.0,0.0
9ca25dc9-24b2-4c0f-8ac3-8a3178910c5f,Easypaisa,Banking,Rafique ali,Unknown,5,2025-11-02 15:55:28,I am happy 😊😊😊,i am happy 😊😊😊,0,4,14,3,0,0,1.0,0,1,0.967,1,0,1,0.0,0,1,0,5.0,0.0
bd83b777-eb27-490f-8fd5-7e9de781d1f1,Easypaisa,Banking,Shoib Ali,Unknown,1,2025-11-02 16:07:07,27/11/2025 mri payment nhi ai palies,27/11/2025 mri payment nhi ai palies,0,6,36,0,0,0,1.0,0,0,0.0,1,0,1,0.0,0,1,0,1.0,0.0
c8421726-6e81-4493-8335-7224a25e0a89,Easypaisa,Banking,Muhammad Saeed,Unknown,1,2025-11-02 16:07:38,very bad experience 😡😡😡😡,very bad experience 😡😡😡😡,0,4,24,4,0,0,1.0,0,0,-0.5849,1,0,2,1331095.0,0,1,0,1.0,0.0
802477ef-8d45-44f4-9f7e-02f166cc327d,Easypaisa,Banking,Zameer Butt,Unknown,5,2025-11-02 16:24:32,update not working why...........,update not working why...........,0,4,33,0,0,0,1.0,0,0,0.0,1,0,1,0.0,0,1,0,5.0,0.0
cc5c2375-3ac2-4ea2-8236-3a3eb0f98aeb,Easypaisa,Banking,Azhar Ali,Unknown,5,2025-11-02 16:43:20,Nice 👍,nice 👍,0,2,6,1,0,0,1.0,0,0,0.4215,1,0,2,14991.0,0,4,0,5.0,0.0
a24c3032-b3fa-4af7-bbba-e23f30af4dee,Easypaisa,Banking,Tasbeeha Fatima,Unknown,3,2025-11-02 16:47:31,my app is not working properly when I send payment to anyone there is an error kindly repair thiss🙂,my app is not working properly when i send payment to anyone there is an error kindly repair thiss🙂,0,19,99,1,0,0,0.9473684210526315,0,1,0.4951,1,0,1,0.0,0,1,0,3.0,0.0
1601611e-c43f-4c6d-a8fa-65918569c84e,Easypaisa,Banking,Murtaz Khan,Unknown,5,2025-11-02 16:56:20,brilliant,brilliant,0,1,9,0,0,0,1.0,0,0,0.5859,1,0,1,0.0,0,1,0,5.0,0.0
580a80b5-93b8-4fad-a86b-a42c5e09a2dc,Easypaisa,Banking,Imran Qureshi,Unknown,5,2025-11-02 16:58:48,👍🏻 appreciated,👍🏻 appreciated,0,2,14,2,0,0,1.0,0,1,0.5106,1,0,1,0.0,0,1,0,5.0,0.0
a378637f-29d1-481f-8923-08c75a3004a0,Easypaisa,Banking,Javed khan Khan,Unknown,5,2025-11-02 17:15:47,app lock,app lock,0,2,8,0,0,0,1.0,0,1,0.0,1,0,1,0.0,0,1,0,5.0,0.0
49c7112a-3828-4b60-a070-5a7fba1ee64d,Easypaisa,Banking,Zaman Hussain,Unknown,5,2025-11-02 17:41:18,Brilliant app for funds transfer incoming and outgoing.,brilliant app for funds transfer incoming and outgoing.,0,8,55,0,0,0,1.0,0,1,0.7184,1,0,1,0.0,0,1,0,5.0,0.0
4ca9113b-ebab-482a-a1a4-13cbc493e1c0,Easypaisa,Banking,Umar Bajwa,Unknown,1,2025-11-02 17:44:23,it's been 2 weeks since my easypaisa app not working?,it's been 2 weeks since my easypaisa app not working?,0,10,53,0,0,0,1.0,0,1,0.0,1,0,1,0.0,0,1,0,1.0,0.0
34975789-6178-46c9-b4e5-dfe7c67b3a2f,Easypaisa,Banking,Khan Basit,Unknown,5,2025-11-02 17:47:01,very good app very nice 🙂 and very helpful app 👍🏻,very good app very nice 🙂 and very helpful app 👍🏻,0,11,49,3,0,0,0.7272727272727273,0,1,0.9072,1,0,1,0.0,0,1,0,5.0,0.0
79c9ee72-9f01-467b-986c-bf57312be82d,Easypaisa,Banking,Aiman Tariq,Unknown,1,2025-11-02 18:01:31,transection limits increase krny k bd on nh hurhi app....mtlb itna worst experience....paise bh bound hujyne....issue resolve kse kryn ab??,transection limits increase krny k bd on nh hurhi app....mtlb itna worst experience....paise bh bound hujyne....issue resolve kse kryn ab??,0,20,139,0,0,0,1.0,0,1,0.5204,1,0,1,0.0,0,1,1,1.0,0.0
39ecdc9d-288e-48c0-9385-948b17a9b9f6,Easypaisa,Banking,Shabaz Khan,Unknown,5,2025-11-02 18:03:33,Achi app hai,achi app hai,0,3,12,0,0,0,1.0,0,1,0.0,1,0,1,0.0,0,1,0,5.0,0.0
6ad2ac59-0397-4e3b-8714-37cc898bd520,Easypaisa,Banking,Janat Adnan,Unknown,5,2025-11-02 18:23:19,Excellent work.,excellent work.,0,2,15,0,0,0,1.0,0,0,0.5719,1,0,1,0.0,0,1,0,5.0,0.0
7a044f03-9bea-44a8-b6c7-dc1d955b1dcc,Easypaisa,Banking,Ayaz Noonari,Unknown,5,2025-11-02 19:06:23,bhatreen,bhatreen,0,1,8,0,0,0,1.0,0,0,0.0,1,0,1,0.0,0,1,0,5.0,0.0
6ae54423-1751-443d-8df7-e04a2cc24f71,Easypaisa,Banking,samad Khan,Unknown,5,2025-11-02 19:07:41,easypaisa,easypaisa,0,1,9,0,0,0,1.0,0,0,0.0,1,0,1,0.0,0,2,0,5.0,0.0
1b0408af-6921-4228-baf1-b33a6565c08f,Easypaisa,Banking,Kanza Khaleeque178,Unknown,5,2025-11-02 19:24:57,beautiful app,beautiful app,0,2,13,0,0,0,1.0,0,1,0.5994,1,0,1,0.0,0,1,0,5.0,0.0
60af9f16-de60-465b-8834-f7be6b62fb49,Easypaisa,Banking,Abid Ali,Unknown,5,2025-11-02 19:44:29,Assalamu alaikum sir dusra naya mobile mein se paise login kar do Nahin khulata hai,assalamu alaikum sir dusra naya mobile mein se paise login kar do nahin khulata hai,0,15,83,0,0,0,1.0,0,1,0.0,1,0,2,659927.0,0,1,0,3.0,2.8284271247461903
3854f0c4-6d9d-4296-adfe-3da416500092,Easypaisa,Banking,Baram Khan,Unknown,1,2025-11-02 20:17:37,"I'm changing my device new one CMF phone 2 pro there's facing issue don't verified my biometric ,🙁","i'm changing my device new one cmf phone 2 pro there's facing issue don't verified my biometric ,🙁",0,18,98,1,0,1,0.9444444444444444,0,0,-0.2748,1,0,1,0.0,0,1,0,1.0,0.0
8482ced7-e217-40f5-9499-bf824d38eb8e,Easypaisa,Banking,H&G,Unknown,1,2025-11-02 23:18:51,"why does it need to get "" manage calls "" permission. don't use it it can compromise your security. I ve asked a simple question n u are still asking what? Even after 4 months.","why does it need to get "" manage calls "" permission. don't use it it can compromise your security. i ve asked a simple question n u are still asking what? even after 4 months.",0,35,175,0,0,0,0.9142857142857143,0,0,0.34,1,0,1,0.0,0,1,0,1.0,0.0
2451fff8-fcc4-4512-bbea-23e1b4229439,Easypaisa,Banking,Ali Khan,Unknown,1,2025-11-02 23:36:01,very worsted app in would account nahi ban raha aur solved bhi nahi kr Raha aur lone bhi nahi data,very worsted app in would account nahi ban raha aur solved bhi nahi kr raha aur lone bhi nahi data,0,20,98,0,0,0,0.75,0,1,-0.5574,1,0,1,0.0,0,1,0,1.0,0.0
8458dc10-6f14-4195-a505-e85d6c473f72,Easypaisa,Banking,Salman Family,Unknown,1,2025-11-03 00:13:52,"They Have Wasted a lot of my time, I have been trying for more than a week now to close my account via in-app feature, but it is always not working!","they have wasted a lot of my time, i have been trying for more than a week now to close my account via in-app feature, but it is always not working!",1,31,148,0,0,0,0.9032258064516129,0,1,-0.3382,1,0,1,0.0,0,1,0,1.0,0.0
e028380c-8026-4623-b242-f945eafd67e6,Easypaisa,Banking,Yasir Tejuri,Unknown,1,2025-11-03 03:18:34,bar bar uninstalled hojati hai abhi 6 se 7 dafa download kia hai per nhe horahe download. facing same problem from last 2 months,bar bar uninstalled hojati hai abhi 6 se 7 dafa download kia hai per nhe horahe download. facing same problem from last 2 months,0,24,128,0,0,0,0.9166666666666666,1,1,-0.7845,1,0,1,0.0,0,1,0,1.0,0.0
8343fa59-7b81-4f69-8319-31d1f432117b,Easypaisa,Banking,Imtiaz Khan,Unknown,3,2025-11-03 03:59:14,"Why are you need location when i open my app? I don't share location with anyone, can you explain plz..?","why are you need location when i open my app? i don't share location with anyone, can you explain plz..?",0,20,104,0,0,0,0.85,0,1,-0.2378,1,0,1,0.0,0,1,0,3.0,0.0
124dce74-4a42-4bb8-adb5-73cc58bfdf07,Easypaisa,Banking,Muzammil Hussain,Unknown,4,2025-11-03 04:51:01,very slow,very slow,0,2,9,0,0,0,1.0,0,0,0.0,1,0,1,0.0,0,2,0,4.0,0.0
b26da5c7-f65c-48c0-a265-680a6a9b61f6,Easypaisa,Banking,Zeeshan 786,Unknown,1,2025-11-03 04:52:46,Easypaisa apk Huawei mobile install,easypaisa apk huawei mobile install,0,5,35,0,0,0,1.0,1,0,0.0,1,0,1,0.0,0,1,0,1.0,0.0
ba47af24-c225-49d2-8ec6-694939992671,Easypaisa,Banking,Buxw 1234,Unknown,1,2025-11-03 05:54:14,Upgrade m finger not match,upgrade m finger not match,0,5,26,0,0,0,1.0,0,0,0.0,1,0,1,0.0,0,1,0,1.0,0.0
49909dd8-cf82-4d35-9b6c-9a690f19aacd,Easypaisa,Banking,Ateeq Khan,Unknown,1,2025-11-03 06:16:09,This ap is very best account in easypaisa,this ap is very best account in easypaisa,0,8,41,0,0,0,1.0,0,0,0.6697,1,0,1,0.0,0,1,1,1.0,0.0
ba9d7247-2a99-4280-99bd-efe7ba05e0ec,Easypaisa,Banking,Anas Khan,Unknown,2,2025-11-03 06:49:02,easypaisa abi account kub please answer please,easypaisa abi account kub please answer please,0,7,46,0,0,0,0.8571428571428571,0,0,0.5574,1,0,2,1120359.0,0,1,1,2.5,0.7071067811865476
910f5a92-5f92-41d3-ba48-946f55a7d7bd,Easypaisa,Banking,Khani,Unknown,4,2025-11-03 07:13:11,Joyful app,joyful app,0,2,10,0,0,0,1.0,0,1,0.5994,1,0,1,0.0,0,1,0,4.0,0.0
a039afa5-f67f-4b6f-8202-cdf1d94f5c49,Easypaisa,Banking,Muhammad Asghar,Unknown,3,2025-11-03 07:13:28,download this,download this,0,2,13,0,0,0,1.0,1,0,0.0,1,0,1,0.0,0,1,0,3.0,0.0
537002d3-21b0-4630-b313-985c075f374a,Easypaisa,Banking,Khawaja Fahad,Unknown,5,2025-11-03 07:57:51,"best app but not lone apply why,","best app but not lone apply why,",0,7,32,0,0,0,1.0,0,1,0.5888,1,0,1,0.0,0,1,0,5.0,0.0
a6dc8eef-d8c8-4e63-a1bf-9b062ba7663b,Easypaisa,Banking,Aftab ahmed Alam,Unknown,5,2025-11-03 08:16:18,best app and trusted app for transaction,best app and trusted app for transaction,0,7,40,0,0,0,0.8571428571428571,0,1,0.8074,1,0,1,0.0,0,1,0,5.0,0.0
ec0a4d28-b159-45f5-8379-b9f8fd2f38d0,Easypaisa,Banking,Emaan mangat,Unknown,5,2025-11-03 09:06:10,"""It's very good, but I haven't used it much yet, haha 😂, didn't have money, haha,😂 no, no, it's getting installed. It's very good, my siblings use it, now I'll use it too.""","""it's very good, but i haven't used it much yet, haha 😂, didn't have money, haha,😂 no, no, it's getting installed. it's very good, my siblings use it, now i'll use it too.""",0,33,172,2,0,0,0.8181818181818182,1,0,0.942,1,0,1,0.0,0,1,0,5.0,0.0
c2f87963-9034-4801-9a1a-7dc1f957e88e,Easypaisa,Banking,Rooma Balram,Unknown,5,2025-11-03 09:09:13,easy and convenient,easy and convenient,0,3,19,0,0,0,1.0,0,0,0.4404,1,0,1,0.0,0,1,0,5.0,0.0
cf2b5ab0-9bf0-4adb-b83e-974eb20323f5,Easypaisa,Banking,Ahmed Khan,Unknown,3,2025-11-03 09:14:33,"This app is not reliable,don't try to use it for electricity bill or gas payment purpose,I use it and got loss,they do not correct their mistakes.","this app is not reliable,don't try to use it for electricity bill or gas payment purpose,i use it and got loss,they do not correct their mistakes.",1,26,146,0,0,0,0.8846153846153846,0,1,0.2755,1,0,2,0.0,0,1,0,4.0,1.4142135623730951
10ad359e-9cf1-4e29-a19e-f5345d3c1b46,Easypaisa,Banking,Umar Ali,Unknown,1,2025-11-03 09:21:00,"I have been trying to log in for a long time but sometimes the OTP comes after half an hour or when the OTP comes, it is not fetched. Please tell me the solution quickly. I need it now.","i have been trying to log in for a long time but sometimes the otp comes after half an hour or when the otp comes, it is not fetched. please tell me the solution quickly. i need it now.",0,39,185,0,0,2,0.8717948717948718,0,0,0.1298,1,0,1,0.0,0,1,0,1.0,0.0
749e38eb-d73d-48e9-93f9-72521b3c43f0,Easypaisa,Banking,Dua e Gull,Unknown,5,2025-11-03 09:27:59,excellent 👌👌,excellent 👌👌,0,2,12,2,0,0,1.0,0,0,0.9429,1,0,1,0.0,0,1,0,5.0,0.0
a391c3be-b7b1-497f-a6d5-0154bc1ddd0e,Easypaisa,Banking,Usman Ishtiaq,Unknown,1,2025-11-03 09:33:03,not working on that moment,not working on that moment,0,5,26,0,0,0,1.0,0,0,0.0,1,0,1,0.0,0,1,0,1.0,0.0
4149a0b4-f8e3-449a-8595-e69a949f343a,Easypaisa,Banking,Shazal Abbas,Unknown,1,2025-11-03 09:38:42,best app,best app,0,2,8,0,0,0,1.0,0,1,0.6369,1,0,1,0.0,0,9,1,1.0,0.0
96a892d6-b3be-4644-b7d6-ae087a673c2b,Easypaisa,Banking,hanjra,Unknown,1,2025-11-03 09:40:11,buy gold nhi ho rha Kia waja hy,buy gold nhi ho rha kia waja hy,0,8,31,0,0,0,1.0,0,0,-0.6369,1,0,1,0.0,0,1,0,1.0,0.0
18595f8a-c36b-46b3-9e17-287450b6223c,Easypaisa,Banking,SR_Official (sr_malik),Unknown,5,2025-11-03 09:48:56,Excellent experience....,excellent experience....,0,2,24,0,0,0,1.0,0,0,0.5719,1,0,1,0.0,0,1,0,5.0,0.0
59725ca5-5ba5-450d-a515-1a231d7af3c6,Easypaisa,Banking,Muhammed Anees khan,Unknown,5,2025-11-03 10:25:03,super 👌,super 👌,0,2,7,1,0,0,1.0,0,0,0.876,1,0,1,0.0,0,1,0,5.0,0.0
90caa6cd-7321-4810-a5c1-0e9b6d16a00c,Easypaisa,Banking,Bilal Munir,Unknown,1,2025-11-03 10:26:07,I haven't subscribed to SMS alerts and still it deducts Rs. 15 every month moreover there any option to unsubscribe this service. This is fraudulent. Never recommend this app to anyone.,i haven't subscribed to sms alerts and still it deducts rs. 15 every month moreover there any option to unsubscribe this service. this is fraudulent. never recommend this app to anyone.,0,31,185,0,0,1,0.8709677419354839,0,1,-0.6497,1,0,1,0.0,0,1,0,1.0,0.0
16479db0-3875-44bc-8353-1f65a24586a9,Easypaisa,Banking,Janam Wafa,Unknown,5,2025-11-03 10:38:27,Google pay payment added,google pay payment added,0,4,24,0,0,0,1.0,0,0,-0.1027,1,0,1,0.0,0,1,0,5.0,0.0
e3edf2a2-a73b-44a0-bfd7-9fdc14ebe297,Easypaisa,Banking,Ashu,Unknown,1,2025-11-03 10:42:21,open hi Ni Hoti app,open hi ni hoti app,0,5,19,0,0,0,1.0,0,1,0.0,1,0,1,0.0,0,1,0,1.0,0.0
c4c7f7c8-fd3c-4120-b616-e201b0b89a6f,Easypaisa,Banking,Ballu Bhai,Unknown,5,2025-11-03 10:52:41,koi APNA hai,koi apna hai,0,3,12,0,0,1,1.0,0,1,0.0,1,0,1,0.0,0,1,0,5.0,0.0
4414f22a-47d0-460e-82da-b65b685e1b05,Easypaisa,Banking,Awais Khadim,Unknown,1,2025-11-03 10:59:21,paise khud ba khud kat lete Hain,paise khud ba khud kat lete hain,0,7,32,0,0,0,0.8571428571428571,0,1,0.0,1,0,1,0.0,0,1,0,1.0,0.0
83ef4f63-29b7-4a42-bc08-748016d8d4f2,Easypaisa,Banking,imran gondal,Unknown,1,2025-11-03 11:04:25,nice app,nice app,0,2,8,0,0,0,1.0,0,1,0.4215,1,0,1,0.0,0,5,0,1.0,0.0
09487782-cfc9-4e18-a550-e3a7e70ef438,Easypaisa,Banking,Faria Kashf,Unknown,1,2025-11-03 11:10:52,for me so unhappy situation for few days please resolve my error error error error issue all time show me error on my screen 😤,for me so unhappy situation for few days please resolve my error error error error issue all time show me error on my screen 😤,0,25,126,1,0,0,0.72,0,1,-0.9045,1,0,1,0.0,0,1,0,1.0,0.0
b86bb512-9ec7-4a52-bf47-3a1ee2590dda,Easypaisa,Banking,Rida Amir Chattha,Unknown,2,2025-11-03 11:20:59,why it isn't working i even have my sim card in my phone but it is declining that you do not have and i even can't send my money to other accounts😡 it's so disgusting.,why it isn't working i even have my sim card in my phone but it is declining that you do not have and i even can't send my money to other accounts😡 it's so disgusting.,0,35,167,1,0,0,0.8285714285714286,0,0,-0.7935,1,0,1,0.0,0,1,0,2.0,0.0
e4bdaa6d-6d92-4ad7-bfa5-f0ae41a6c001,Easypaisa,Banking,M Qasim,Unknown,3,2025-11-03 11:26:36,very good 👍🏻 app,very good 👍🏻 app,0,4,16,2,0,0,1.0,0,1,0.4927,1,0,1,0.0,0,1,0,3.0,0.0
bc036c9d-9f69-40d5-810d-754f187815cd,Easypaisa,Banking,Haroon Agha Jan,Unknown,5,2025-11-03 11:30:25,awesome,awesome,0,1,7,0,0,0,1.0,0,0,0.6249,1,0,1,0.0,0,1,0,5.0,0.0
5d3b246b-5d91-4b1c-a658-b08cb679fd3e,Easypaisa,Banking,Muzammil Xhaikh,Unknown,1,2025-11-03 11:33:21,your fingerprint option is useless it is not taking picture that's why I can't open my account useless you need to fix it,your fingerprint option is useless it is not taking picture that's why i can't open my account useless you need to fix it,0,23,121,0,0,0,0.8695652173913043,0,0,-0.6808,1,0,1,0.0,0,1,0,1.0,0.0
82b81759-6c90-43ff-a7f5-43b52bc90d37,Easypaisa,Banking,ZEESHAN RAJPUT,Unknown,5,2025-11-03 11:45:51,this is very good application for transactions 😇😇,this is very good application for transactions 😇😇,0,8,49,2,0,0,1.0,0,1,0.8479,1,0,1,0.0,0,1,0,5.0,0.0
e6029f3a-f320-4477-9b0b-d250bbf6b1e0,Easypaisa,Banking,Nadeem Writes,Unknown,5,2025-11-03 11:55:42,Very nice apps,very nice apps,0,3,14,0,0,0,1.0,0,1,0.4754,1,0,1,0.0,0,1,0,5.0,0.0
7262b726-a482-459e-87ce-74234a3bc2e2,Easypaisa,Banking,JONY SOLANGI,Unknown,5,2025-11-03 11:59:22,fast work,fast work,0,2,9,0,0,0,1.0,0,0,0.0,1,0,1,0.0,0,1,0,5.0,0.0
80481efe-bac9-4366-bb66-6ba6d98fd7b8,Easypaisa,Banking,Star Khan,Unknown,5,2025-11-03 12:07:34,nice app yar,nice app yar,0,3,12,0,0,0,1.0,0,1,0.4215,1,0,1,0.0,0,1,0,5.0,0.0
62899ff2-709f-4085-ad99-febf1881281e,Easypaisa,Banking,Qazi Zia,Unknown,5,2025-11-03 12:12:12,I often use this app for mobile packages and sometime I don't have money for my purpose but it helps me really and so far I am a satisfying consumer of this app,i often use this app for mobile packages and sometime i don't have money for my purpose but it helps me really and so far i am a satisfying consumer of this app,0,33,160,0,0,0,0.8181818181818182,0,1,0.8126,1,0,1,0.0,0,1,0,5.0,0.0
3dc1d0a3-d3e0-41b7-973a-09b80ea17184,Easypaisa,Banking,Ali hamza,Unknown,5,2025-11-03 12:16:12,Nice good,nice good,0,2,9,0,0,0,1.0,0,0,0.6908,1,0,1,0.0,0,1,0,5.0,0.0
403858db-4839-4401-9e47-2f03b2b95b9c,Easypaisa,Banking,Asad Khan,Unknown,5,2025-11-03 12:18:19,Mera package Nahin lag raha,mera package nahin lag raha,0,5,27,0,0,0,1.0,0,1,-0.34,1,0,2,1491332.0,0,1,0,3.0,2.8284271247461903
8123f958-dc36-4caa-8e20-186db899b844,Easypaisa,Banking,Bilal Iqbal,Unknown,5,2025-11-03 12:27:04,excellent Aplication,excellent aplication,0,2,20,0,0,0,1.0,0,0,0.5719,1,0,1,0.0,0,1,0,5.0,0.0
d7f31cb6-5fd4-4a6f-872e-276eee2ca64d,Easypaisa,Banking,Zaryab Rizvi,Unknown,5,2025-11-03 12:29:09,very best application easy and granted package,very best application easy and granted package,0,7,46,0,0,0,1.0,0,1,0.8643,1,0,1,0.0,0,1,0,5.0,0.0
7e7169fd-938a-4e7e-a478-eb43f9abb807,Easypaisa,Banking,Mustanser Hussain,Unknown,5,2025-11-03 12:30:09,fast and easy to use,fast and easy to use,0,5,20,0,0,0,1.0,0,0,0.4404,1,0,1,0.0,0,1,0,5.0,0.0
5823fff7-48b2-4037-b7a2-347c5f15f431,Easypaisa,Banking,Ateeq Saeed,Unknown,5,2025-11-03 12:32:23,good applecation,good applecation,0,2,16,0,0,0,1.0,0,1,0.4404,1,0,1,0.0,0,1,0,5.0,0.0
5343eafa-db18-4b3f-8dc6-bcad16816c1d,Easypaisa,Banking,Tofan Khan,Unknown,4,2025-11-03 12:41:09,love you thanks,love you thanks,0,3,15,0,0,0,1.0,0,0,0.7964,1,0,1,0.0,0,1,0,4.0,0.0
a9b3b591-02ef-47fa-a51b-bd90e1613ea7,Easypaisa,Banking,Awais Gola,Unknown,5,2025-11-03 12:52:56,love this app,love this app,0,3,13,0,0,0,1.0,0,1,0.6369,1,0,1,0.0,0,2,0,5.0,0.0
54c1784a-ddb0-4906-90c5-e68a4417db02,Easypaisa,Banking,Muhammad Umar,Unknown,1,2025-11-03 13:14:04,OTP received after 5 hours.,otp received after 5 hours.,0,5,27,0,0,1,1.0,0,0,0.0,1,0,2,1435918.0,0,1,0,2.5,2.1213203435596424
a23101f2-e720-43a7-bc44-8a5724c68aba,Easypaisa,Banking,Ibrahim Rashid,Unknown,1,2025-11-03 13:33:55,unable to update the app 😕😕😕😕,unable to update the app 😕😕😕😕,0,6,29,4,0,0,1.0,0,1,-0.802,1,0,1,0.0,0,1,0,1.0,0.0
42b073fe-7b27-47d5-9997-c749756b8d9f,Easypaisa,Banking,Abdulqadeer Khan,Unknown,5,2025-11-03 13:36:03,I love you 💖💖,i love you 💖💖,0,4,13,2,0,0,1.0,0,0,0.9517,1,0,1,0.0,0,1,0,5.0,0.0
0672ab2c-26f3-49ee-8d8f-4b0ce0cd95f1,Easypaisa,Banking,Attaullah Attak,Unknown,5,2025-11-03 13:44:23,helping app and easy to get,helping app and easy to get,0,6,27,0,0,0,1.0,0,1,0.6249,1,0,1,0.0,0,1,0,5.0,0.0
dbb8a7e0-3fd1-4ee7-9fc9-6bb34615d79a,Easypaisa,Banking,Gul Feroz,Unknown,5,2025-11-03 13:45:01,fix my app issues its not getting updated,fix my app issues its not getting updated,0,8,41,0,0,0,1.0,0,1,0.0,1,0,1,0.0,0,1,0,5.0,0.0
a0bd89d2-7437-43e1-b6d0-9b6c552bcb1c,Easypaisa,Banking,tahaa 145,Unknown,5,2025-11-03 13:48:06,v good,v good,0,2,6,0,0,0,1.0,0,0,0.4404,1,0,1,0.0,0,2,0,5.0,0.0
6059d114-ad9c-45dc-a2e5-12acd8eeef03,Easypaisa,Banking,Asad Ullah,Unknown,5,2025-11-03 13:50:05,big app for money 😁💰,big app for money 😁💰,0,5,20,2,0,0,1.0,0,1,0.4588,1,0,1,0.0,0,1,0,5.0,0.0
bd77390c-81e3-46c1-8965-6654fdfe833d,Easypaisa,Banking,Ayesha Baloach,Unknown,1,2025-11-03 13:55:01,bhot hi ghatiya service hui v ha 1 ghanta ho gya payment nai i abhi tak easypaisa account mai,bhot hi ghatiya service hui v ha 1 ghanta ho gya payment nai i abhi tak easypaisa account mai,0,19,93,0,0,0,1.0,0,0,0.34,1,0,1,0.0,0,1,0,1.0,0.0
0a0a646f-52e6-4b0f-b5ef-748152a20a1d,Easypaisa,Banking,Asad Mobeen,Unknown,5,2025-11-03 14:02:48,good easypaisa,good easypaisa,0,2,14,0,0,0,1.0,0,0,0.4404,1,0,1,0.0,0,1,0,5.0,0.0
e4fb4141-e764-4ef0-9e67-15d333f97c80,Easypaisa,Banking,Muhmmad Waseem,Unknown,2,2025-11-03 14:09:23,Easypaisa fake how raha hai no send money no received money from account blocked,easypaisa fake how raha hai no send money no received money from account blocked,0,14,80,0,0,0,0.8571428571428571,0,1,-0.8225,1,0,1,0.0,0,1,0,2.0,0.0
345d6043-1175-4c5e-b6de-a6bdf0e60253,Easypaisa,Banking,faheem khan,Unknown,5,2025-11-03 14:09:47,easay and fasat,easay and fasat,0,3,15,0,0,0,1.0,0,0,0.0,1,0,1,0.0,0,1,0,5.0,0.0
e1ccd037-6274-4cef-893c-88fcc275b582,Easypaisa,Banking,wassem ali,Unknown,2,2025-11-03 14:15:21,Easypaisa mein Na payment a rahi hai na ja rahi hai fake ho gaya hai i,easypaisa mein na payment a rahi hai na ja rahi hai fake ho gaya hai i,0,16,70,0,0,0,0.75,0,1,-0.4767,1,0,1,0.0,0,1,0,2.0,0.0
5484d446-4555-40b8-a1c9-a9ed694e771c,Easypaisa,Banking,Awais Mughal,Unknown,5,2025-11-03 14:16:44,Help line free plx,help line free plx,0,4,18,0,0,0,1.0,1,0,0.7184,1,0,1,0.0,0,1,0,5.0,0.0
d2670141-c626-4da6-9439-2064dc35efc3,Easypaisa,Banking,Muhammad Sajjaad,Unknown,5,2025-11-03 14:30:25,your services is awesome,your services is awesome,0,4,24,0,0,0,1.0,0,0,0.6249,1,0,1,0.0,0,1,0,5.0,0.0
345fdfe3-b899-464d-be61-7e7efc3bd977,Easypaisa,Banking,Sana latif,Unknown,5,2025-11-03 14:32:01,app is good,app is good,0,3,11,0,0,0,1.0,0,1,0.4404,1,0,1,0.0,0,1,0,5.0,0.0
abe9cca0-4400-403a-9c2b-d719b31fa6a2,Easypaisa,Banking,Aleena Mirza,Unknown,4,2025-11-03 14:49:00,"it's a useful app overall, but from some weeks it's not responding, I can't send money from my account and some new users are unable to create an account on it ! I'm much worried. kindly resolve this problem","it's a useful app overall, but from some weeks it's not responding, i can't send money from my account and some new users are unable to create an account on it ! i'm much worried. kindly resolve this problem",1,39,207,0,0,0,0.8974358974358975,0,1,0.7385,1,0,1,0.0,0,1,0,4.0,0.0
95bb07aa-88e2-4aaa-a52f-28df5e6953a5,Easypaisa,Banking,Zain Asif,Unknown,5,2025-11-03 14:49:21,it's a very nice app to store money and it's trusth full app,it's a very nice app to store money and it's trusth full app,0,13,60,0,0,0,0.8461538461538461,0,1,0.4754,1,0,1,0.0,0,1,0,5.0,0.0
302d02f2-3aed-499c-85b0-80554772a29d,Easypaisa,Banking,Amir Shahzad,Unknown,5,2025-11-03 14:54:22,Safe and secure platform for money transfer,safe and secure platform for money transfer,0,7,43,0,0,0,1.0,0,0,0.6486,1,0,1,0.0,0,1,0,5.0,0.0
9b6fef58-43b2-4726-98cf-769431fee231,Easypaisa,Banking,UMAIR. US,Unknown,1,2025-11-03 15:26:47,good 👍🏻😊👍🏻😊,good 👍🏻😊👍🏻😊,0,2,11,6,0,0,1.0,0,0,0.9313,1,0,1,0.0,0,1,1,1.0,0.0
0f4448b0-75bf-4643-9f9f-4802cd83c2fd,Easypaisa,Banking,Mehran Khan,Unknown,5,2025-11-03 15:32:56,very excellent service and very easy,very excellent service and very easy,0,6,36,0,0,0,0.8333333333333334,0,0,0.8012,1,0,2,0.0,0,1,0,4.5,0.7071067811865476
e0910d91-7e1c-4109-88e4-d709d7cc169d,Easypaisa,Banking,Shahbano Syed,Unknown,1,2025-11-03 15:37:28,mera phly sw account h ye Lakin ab ye sign in ni ho rha state bank ki TRF sw koi log in permissions Ni hn plz isy jaldi sw hal jr dain,mera phly sw account h ye lakin ab ye sign in ni ho rha state bank ki trf sw koi log in permissions ni hn plz isy jaldi sw hal jr dain,0,32,134,0,0,1,0.84375,0,0,0.0772,1,0,1,0.0,0,1,0,1.0,0.0
b1faacbe-5272-46e2-9684-4e72add89a70,Easypaisa,Banking,Naiz Ali,Unknown,5,2025-11-03 15:41:51,i miss you 🥺😘,i miss you 🥺😘,0,4,13,2,0,0,1.0,0,0,0.296,1,0,1,0.0,0,1,0,5.0,0.0
de4afe46-ebf3-4cc7-8032-0d371b379106,Easypaisa,Banking,Afshan Kiran,Unknown,5,2025-11-03 15:43:32,Thank u easypaisa to make our life easier🌹,thank u easypaisa to make our life easier🌹,0,8,42,1,0,0,1.0,0,0,0.6486,1,0,1,0.0,0,1,0,5.0,0.0
90bf192f-6f6a-4d35-bd07-cacac0a17c5a,Easypaisa,Banking,Frhan Ali,Unknown,5,2025-11-03 15:47:05,Nice apps,nice apps,0,2,9,0,0,0,1.0,0,1,0.4215,1,0,1,0.0,0,1,0,5.0,0.0
c5782096-58f3-4d6b-9beb-80f82e35fe1c,Easypaisa,Banking,Shabnam,Unknown,5,2025-11-03 15:57:30,This app is very helpful such a great app 👍,this app is very helpful such a great app 👍,0,10,43,1,0,0,0.9,0,1,0.8016,1,0,1,0.0,0,1,0,5.0,0.0
1c775a46-61da-4c4e-ba9e-095bcc37dfd7,Easypaisa,Banking,Zain khan,Unknown,5,2025-11-03 16:03:18,lone eligible for you thanks 👍,lone eligible for you thanks 👍,0,6,30,1,0,0,1.0,0,0,0.2023,1,0,1,0.0,0,1,0,5.0,0.0
c36c6d39-8203-49e2-8baf-e655356127b9,Easypaisa,Banking,bisma khan,Unknown,5,2025-11-03 16:17:02,very help full app and very fast service you can try,very help full app and very fast service you can try,0,11,52,0,0,0,0.9090909090909091,0,1,0.4576,1,0,1,0.0,0,1,0,5.0,0.0
128247b5-2009-4c7c-a3a6-0e9cccf71913,Easypaisa,Banking,Nouman khan,Unknown,5,2025-11-03 16:21:25,this is good app for financial management.,this is good app for financial management.,0,7,42,0,0,0,1.0,0,1,0.4404,1,0,1,0.0,0,1,0,5.0,0.0
5dcdc172-817a-433f-83c2-994f77ee662a,Easypaisa,Banking,Saeed Iqbal,Unknown,5,2025-11-03 16:23:12,nice working,nice working,0,2,12,0,0,0,1.0,0,0,0.4215,1,0,1,0.0,0,2,0,5.0,0.0
7f3001ab-cc5e-49f0-90cf-8687b37a87e1,Easypaisa,Banking,Javed iqbal,Unknown,5,2025-11-03 16:47:38,good satisfied,good satisfied,0,2,14,0,0,0,1.0,0,0,0.6908,1,0,1,0.0,0,1,0,5.0,0.0
2b505ac9-31d6-4455-b4a0-e97863a1113b,Easypaisa,Banking,Nida Siddique,Unknown,4,2025-11-03 16:53:30,acha hai,acha hai,0,2,8,0,0,0,1.0,0,1,0.0,1,0,1,0.0,0,1,0,4.0,0.0
53a10df4-2d6e-4f71-889c-1d59f87e9708,Easypaisa,Banking,rana abdullah,Unknown,5,2025-11-03 17:34:15,excellent experience user friendly,excellent experience user friendly,0,4,34,0,0,0,1.0,0,0,0.7845,1,0,1,0.0,0,1,0,5.0,0.0
58e9b71f-e166-4f74-8138-f0dee023b7c5,Easypaisa,Banking,Fahad,Unknown,5,2025-11-03 17:43:34,thanks easypesa ❤️🥰,thanks easypesa ❤️🥰,0,3,19,1,0,0,1.0,0,0,0.8807,1,0,1,0.0,0,1,0,5.0,0.0
b559a6e3-2cfd-4645-b92c-e859fbfef237,Easypaisa,Banking,Niaz Muhammad,Unknown,1,2025-11-03 18:00:30,سب سے بڑا بے غیرت ایپ پے روزانہ اپڈیٹ مانگتا ہے.روز روز اپڈیٹ مانگتا ہے. اور کبھی کبھی دوبارہ انسٹالیشن بھی کرنا ہوتا ہے. اس دفعہ پیسے ختم کرکے اکاؤنٹ ڈیلیٹ کرادونگا,سب سے بڑا بے غیرت ایپ پے روزانہ اپڈیٹ مانگتا ہے.روز روز اپڈیٹ مانگتا ہے. اور کبھی کبھی دوبارہ انسٹالیشن بھی کرنا ہوتا ہے. اس دفعہ پیسے ختم کرکے اکاؤنٹ ڈیلیٹ کرادونگا,0,32,165,0,0,0,0.875,0,0,0.0,1,0,1,0.0,0,1,0,1.0,0.0
77553e57-cc99-4833-a891-7854a6f67820,Easypaisa,Banking,Hafeez Ur Rehman,Unknown,5,2025-11-03 18:02:40,vary vary good app digital bank esepasy,vary vary good app digital bank esepasy,0,7,39,0,0,0,0.8571428571428571,0,1,0.4404,1,0,1,0.0,0,1,0,5.0,0.0
1c5edcfa-dbd8-45c7-88b6-b0be219746d2,Easypaisa,Banking,Muhammad Salman Raza Muhammad Yaqoob,Unknown,5,2025-11-03 18:50:31,very useful,very useful,0,2,11,0,0,0,1.0,0,0,0.4927,1,0,1,0.0,0,2,0,5.0,0.0
6d62eb3d-e8af-4cde-9f18-863de43bc040,Easypaisa,Banking,Muneeb Doin,Unknown,3,2025-11-03 19:06:39,nice application,nice application,0,2,16,0,0,0,1.0,0,1,0.4215,1,0,1,0.0,0,2,0,3.0,0.0
0bde6d80-5af2-444a-aca8-d6d423467e3d,Easypaisa,Banking,Sheik USMAN,Unknown,5,2025-11-03 19:14:36,it's good app,it's good app,0,3,13,0,0,0,1.0,0,1,0.4404,1,0,1,0.0,0,1,0,5.0,0.0
1c0908b9-4c58-4b8e-b860-898d6d2aefb5,Easypaisa,Banking,Ali Haider,Unknown,5,2025-11-03 19:48:13,easy 😉,easy 😉,0,2,6,1,0,0,1.0,0,0,0.4404,1,0,1,0.0,0,1,0,5.0,0.0
4d95caba-6e61-46fc-908e-9c6dc4627ddf,Easypaisa,Banking,Sajal Mirza,Unknown,1,2025-11-03 20:45:45,please check my account because my payment is not being send. thanku.,please check my account because my payment is not being send. thanku.,0,12,69,0,0,0,0.9166666666666666,0,0,0.3182,1,0,1,0.0,0,1,0,1.0,0.0
1bba91d7-412a-492d-af91-403967d2b681,Easypaisa,Banking,Shafaqat Ali,Unknown,1,2025-11-03 22:09:31,khamakha rating mang raha tha low De Dahi ratings,khamakha rating mang raha tha low de dahi ratings,0,9,49,0,0,0,1.0,0,0,-0.2732,1,0,1,0.0,0,1,0,1.0,0.0
b4e09d22-374e-4877-a693-5b968545dc0f,Easypaisa,Banking,Aliya Batool,Unknown,1,2025-11-04 01:30:07,i have my best experience of paying electricity bills.,i have my best experience of paying electricity bills.,0,9,54,0,0,0,1.0,0,0,0.6369,1,0,1,0.0,0,1,1,1.0,0.0
23f036aa-d49d-4a69-b8da-b2d21592c63f,Easypaisa,Banking,Muhammad Tariq Hussain,Unknown,4,2025-11-04 02:07:42,Really good app rather than other apps of this type!,really good app rather than other apps of this type!,0,10,52,0,0,0,1.0,0,1,0.54,1,0,1,0.0,0,1,0,4.0,0.0
0ddf0797-1099-444d-a644-4f08291e0c7e,Easypaisa,Banking,Taimour khan,Unknown,1,2025-11-04 02:54:20,Easypasia ko chayia ka one rupee game winner ke pic bi post krn because only name to Kasi ka bi ho sakta ha ma 3 sal sa khel Raha tha but mujy one time bi Kuch ni mila,easypasia ko chayia ka one rupee game winner ke pic bi post krn because only name to kasi ka bi ho sakta ha ma 3 sal sa khel raha tha but mujy one time bi kuch ni mila,0,38,167,0,0,0,0.8947368421052632,0,0,0.4767,1,0,1,0.0,0,1,0,1.0,0.0
facf9a70-d859-49fd-a804-bbe33a3e8225,Easypaisa,Banking,Muhmmad ibraheem (Sattoki),Unknown,4,2025-11-04 04:00:39,Packages Rate high hia,packages rate high hia,0,4,22,0,0,0,1.0,0,0,0.0,1,0,1,0.0,0,1,0,4.0,0.0
1e162851-c99a-4b5f-a123-ce8248b0a214,Easypaisa,Banking,Adnan Saleem,Unknown,4,2025-11-04 05:17:23,very nice,very nice,0,2,9,0,0,0,1.0,0,0,0.4754,1,0,1,0.0,0,3,0,4.0,0.0
d62547f0-3b41-4f7c-baaa-8480a41273cc,Easypaisa,Banking,Hanzla Hussain,Unknown,2,2025-11-04 05:54:32,this app is not good but not bab this is average app,this app is not good but not bab this is average app,0,12,52,0,0,0,0.6666666666666666,0,1,-0.1786,1,0,1,0.0,0,1,0,2.0,0.0
1581c5d0-13f2-4b85-b706-93e430e3a75b,Easypaisa,Banking,Muhammad Umer,Unknown,5,2025-11-04 07:07:16,open hune ma masla karta h,open hune ma masla karta h,0,6,26,0,0,0,1.0,0,0,0.0,1,0,1,0.0,0,1,0,5.0,0.0
dcf386ff-a73b-4c66-8941-1ecb0f532800,Easypaisa,Banking,Ali Hassnan,Unknown,5,2025-11-04 07:09:38,bakwaas app hy,bakwaas app hy,0,3,14,0,0,0,1.0,0,1,0.0,1,0,1,0.0,0,1,0,5.0,0.0
1de393df-86dc-453d-9808-2f521e51813d,Easypaisa,Banking,Ali Akbar Khan,Unknown,5,2025-11-04 07:42:15,Very special app,very special app,0,3,16,0,0,0,1.0,0,1,0.4576,1,0,1,0.0,0,1,0,5.0,0.0
6644e762-ff64-451f-ba2d-84622de5b94b,Easypaisa,Banking,Malik Malik,Unknown,5,2025-11-04 08:01:25,very excellence app for any things... but please in lucky draw 70cc bike announced my name,very excellence app for any things... but please in lucky draw 70cc bike announced my name,0,16,90,0,0,0,1.0,0,1,0.8536,1,0,1,0.0,0,1,0,5.0,0.0
2b3a09bd-dc11-4713-b6d6-0921bb211d56,Easypaisa,Banking,Faisal Khan,Unknown,5,2025-11-04 08:03:14,my accounts,my accounts,0,2,11,0,0,0,1.0,0,0,0.0,1,0,2,0.0,0,1,0,5.0,0.0
59a10412-a0a8-4def-a190-009e521a9e7c,Easypaisa,Banking,Sameer khan,Unknown,5,2025-11-04 08:05:36,very nice Sir g,very nice sir g,0,4,15,0,0,0,1.0,0,0,0.4754,1,0,1,0.0,0,1,0,5.0,0.0
5fb41d98-7251-431c-bbac-c165db4c627a,Easypaisa,Banking,Imrankhan Soomro,Unknown,5,2025-11-04 08:06:01,𝐯𝐞𝐫𝐲 𝐁𝐞𝐬𝐭,𝐯𝐞𝐫𝐲 𝐁𝐞𝐬𝐭,0,2,9,0,0,0,1.0,0,0,0.0,1,0,1,0.0,0,1,0,5.0,0.0
03d752d8-79cf-4d8f-859d-c779baef37b7,Easypaisa,Banking,Bhatti Raja,Unknown,5,2025-11-04 08:09:38,i like it aap,i like it aap,1,4,13,0,0,0,1.0,0,0,0.3612,1,0,1,0.0,0,1,0,5.0,0.0
5c4461da-91d9-407f-82c6-007d1ec113ff,Easypaisa,Banking,Hadi Khan,Unknown,4,2025-11-04 08:12:17,Long press to edit & lock,long press to edit & lock,0,6,25,0,0,0,1.0,0,0,0.0,1,0,1,0.0,0,1,0,4.0,0.0
acbb7c23-9dfd-4c5d-be11-e211e599b107,Easypaisa,Banking,abdul wahab,Unknown,5,2025-11-04 08:15:26,it's a good working fast service 👍,it's a good working fast service 👍,0,7,34,1,0,0,1.0,0,0,0.4404,1,0,1,0.0,0,1,0,5.0,0.0
1421614f-6b51-40f6-9d75-41a9ecc21a94,Easypaisa,Banking,Waqas Khan,Unknown,5,2025-11-04 08:17:35,Good App,good app,0,2,8,0,0,0,1.0,0,1,0.4404,1,0,1,0.0,0,8,0,5.0,0.0
53fbb6e1-4821-4783-9208-4f8407540541,Easypaisa,Banking,Kabir Mughal,Unknown,4,2025-11-04 09:06:53,its really great appp like it but you should improve your saving policy,its really great appp like it but you should improve your saving policy,0,13,71,0,0,0,1.0,0,1,0.814,1,0,1,0.0,0,1,0,4.0,0.0
b9c01289-4830-4217-8aeb-68a7bafffac6,Easypaisa,Banking,Nadir Jalani,Unknown,5,2025-11-04 09:07:25,kindly update your app for Huawei Nova 7i (JNY-LX1) at the Huawei app gallery,kindly update your app for huawei nova 7i (jny-lx1) at the huawei app gallery,0,14,77,0,0,1,0.8571428571428571,0,1,0.4939,1,0,1,0.0,0,1,0,5.0,0.0
b3fdaed2-267f-4aaa-8f6d-d9bed479c7d7,Easypaisa,Banking,Javaid Khan,Unknown,5,2025-11-04 09:28:09,amazing,amazing,0,1,7,0,0,0,1.0,0,0,0.5859,1,0,1,0.0,0,2,0,5.0,0.0
b6e2076b-f9c7-40c9-885d-38558bc937df,Easypaisa,Banking,Alvo Stars,Unknown,3,2025-11-04 09:36:22,"This app should be available on all platforms, there are millions of Huawei phones. Not having this app, people will use or switch away.","this app should be available on all platforms, there are millions of huawei phones. not having this app, people will use or switch away.",0,24,136,0,0,0,0.9583333333333334,0,1,0.0,1,0,1,0.0,0,1,0,3.0,0.0
03df5ae8-b836-4a9e-ba1c-b343af894437,Easypaisa,Banking,Adil Rabi,Unknown,5,2025-11-04 09:57:52,"Easypaisa is one of the best apps for transactions. it is easy, cheap and very fast.","easypaisa is one of the best apps for transactions. it is easy, cheap and very fast.",0,16,84,0,0,0,0.9375,1,1,0.7964,1,0,1,0.0,0,1,0,5.0,0.0
fc82732b-b81a-4157-a0f3-5dcc935ed635,Easypaisa,Banking,Samra Zaboor,Unknown,1,2025-11-04 10:02:25,this app is not working. I'm trying to transfer the money its not working,this app is not working. i'm trying to transfer the money its not working,0,14,73,0,0,0,0.9285714285714286,0,1,0.0,1,0,1,0.0,0,1,0,1.0,0.0
cf0c5f6f-d3f6-4f41-adc4-147c6dce4229,Easypaisa,Banking,Ahmad Safdar,Unknown,5,2025-11-04 10:02:59,outstanding service,outstanding service,0,2,19,0,0,0,1.0,0,0,0.6124,1,0,1,0.0,0,1,0,5.0,0.0
b1779832-b5b6-4b79-a092-09999d575171,Easypaisa,Banking,Muhammad Qasim,Unknown,5,2025-11-04 10:21:08,v.nice good app,v.nice good app,0,3,15,0,0,0,1.0,0,1,0.4404,1,0,1,0.0,0,1,0,5.0,0.0
4628d06f-0419-414b-b693-ddf694a82feb,Easypaisa,Banking,muhammad asghar,Unknown,5,2025-11-04 10:22:42,good for load transfer easy to use easy to top up easy to money transfer and safe,good for load transfer easy to use easy to top up easy to money transfer and safe,0,17,81,0,0,0,0.7058823529411765,0,0,0.936,1,0,1,0.0,0,1,0,5.0,0.0
89a971e3-38d3-47d2-bc49-cbdeda446761,Easypaisa,Banking,Muhammed Sajjad,Unknown,5,2025-11-04 10:35:39,ezi pasiay best,ezi pasiay best,0,3,15,0,0,0,1.0,0,0,0.6369,1,0,1,0.0,0,1,0,5.0,0.0
1e090309-e4f4-4da4-90c2-436768c73a97,Easypaisa,Banking,سید لبید غزنوی,Unknown,5,2025-11-04 10:39:11,app is very slow,app is very slow,0,4,16,0,0,0,1.0,0,1,0.0,1,0,1,0.0,0,1,0,5.0,0.0
2470af1a-e1c1-44f1-9699-dcc42dbbb413,Easypaisa,Banking,Farman Khan,Unknown,4,2025-11-04 11:12:06,very well.,very well.,0,2,10,0,0,0,1.0,0,0,0.3384,1,0,1,0.0,0,1,0,4.0,0.0
f1be6f83-116b-4ab3-bba1-812165cf0eba,Easypaisa,Banking,Afzal munawar,Unknown,4,2025-11-04 11:16:01,very good,very good,0,2,9,0,0,0,1.0,0,0,0.4927,1,0,1,0.0,0,5,0,4.0,0.0
3f72dfb6-00a8-4236-9d11-a1093e2fa39e,Easypaisa,Banking,Mian Arsal Basit,Unknown,5,2025-11-04 11:25:28,Kindly update easypaisa app for Huawei Nova 7i (JNY-LX1) at the Huawei app gallery.,kindly update easypaisa app for huawei nova 7i (jny-lx1) at the huawei app gallery.,0,14,83,0,0,1,0.8571428571428571,0,1,0.4939,1,0,1,0.0,0,1,0,5.0,0.0
05be6087-81bb-41d5-8254-3d51eacdae23,Easypaisa,Banking,Zaviyan Zavi,Unknown,5,2025-11-04 11:32:05,mashallah best working this app,mashallah best working this app,0,5,31,0,0,0,1.0,0,1,0.6369,1,0,1,0.0,0,1,0,5.0,0.0
1fcbe007-2f31-445d-808d-f9b0500190e1,Easypaisa,Banking,Sardar Saad,Unknown,5,2025-11-04 11:46:44,good PPP,good ppp,0,2,8,0,0,1,1.0,0,0,0.4404,1,0,1,0.0,0,1,0,5.0,0.0
ed50f9fa-c6e4-4172-a7da-f223991b32ec,Easypaisa,Banking,Hazrat Hussain,Unknown,5,2025-11-04 11:59:39,i like it ☺️,i like it ☺️,0,4,12,0,0,0,1.0,0,0,0.6705,1,0,1,0.0,0,1,0,5.0,0.0
6314fae1-2b58-4b01-b11b-c3223c78e926,Easypaisa,Banking,Nawaz Barkat,Unknown,5,2025-11-04 12:04:04,best money transaction app,best money transaction app,0,4,26,0,0,0,1.0,0,1,0.6369,1,0,1,0.0,0,1,0,5.0,0.0
5f6a0216-c926-4e94-bc05-7994aa809a2a,Easypaisa,Banking,Anwar,Unknown,5,2025-11-04 12:13:59,good appp,good appp,0,2,9,0,0,0,1.0,0,1,0.4404,1,0,1,0.0,0,1,0,5.0,0.0
31aec6a2-6bd0-464f-95c4-b5da0693958c,Easypaisa,Banking,arshad fareed,Unknown,4,2025-11-04 12:51:25,زبردست ایپ ھے اس سے آن لائن کاروبار کرنا آسان ھو گیا ھے,زبردست ایپ ھے اس سے آن لائن کاروبار کرنا آسان ھو گیا ھے,0,13,55,0,0,0,0.9230769230769231,0,0,0.0,1,0,1,0.0,0,1,0,4.0,0.0
4b10f27a-4e67-41c6-a7b0-b621a3001ced,Easypaisa,Banking,Sayyedah Fatima Zainab Zaidi,Unknown,5,2025-11-04 13:00:17,in-App verification failed i have tried tried several times,in-app verification failed i have tried tried several times,0,9,59,0,0,0,0.8888888888888888,0,1,-0.5106,1,0,1,0.0,0,1,1,5.0,0.0
9f63b583-fe46-4843-8dad-f8fa81b36b6c,Easypaisa,Banking,Saqib Ali,Unknown,1,2025-11-04 13:24:50,error code 😔,error code 😔,0,3,12,1,0,0,1.0,0,0,-0.34,1,0,1,0.0,0,1,0,1.0,0.0
faf2aae7-2361-427f-8160-a2de4a1351db,Easypaisa,Banking,Taimour Gill,Unknown,5,2025-11-04 13:28:39,beautiful and outstanding app I'm using at 3 years it's really good app may God bless you,beautiful and outstanding app i'm using at 3 years it's really good app may god bless you,0,17,89,0,0,0,0.9411764705882353,0,1,0.9432,1,0,1,0.0,0,1,0,5.0,0.0
10922300-79cc-44c7-8ff5-4c1928072cad,Easypaisa,Banking,Asim Afzal,Unknown,3,2025-11-04 13:37:48,bil Nahin de sakte aapki app se yah masala to HAL Karen main bijali ka bil ada nahin kar saka,bil nahin de sakte aapki app se yah masala to hal karen main bijali ka bil ada nahin kar saka,0,20,93,0,0,1,0.9,0,1,0.0,1,0,1,0.0,0,1,0,3.0,0.0
4bb07482-8c34-47f5-b86e-791162920ebc,Easypaisa,Banking,Waseem Akhter,Unknown,5,2025-11-04 13:45:39,very Good fast.....,very good fast.....,0,3,19,0,0,0,1.0,0,0,0.4927,1,0,1,0.0,0,1,0,5.0,0.0
4e5ab487-3d83-45c5-83a9-e99b976a9832,Easypaisa,Banking,Maqsood ali Shah,Unknown,5,2025-11-04 13:56:42,World Best App 😍,world best app 😍,0,4,16,1,0,0,1.0,0,1,0.802,1,0,1,0.0,0,1,0,5.0,0.0
230a8128-8e58-47ec-a864-77e3a6690a16,Easypaisa,Banking,shahzadi sultana,Unknown,1,2025-11-04 13:58:56,always require updates,always require updates,0,3,22,0,0,0,1.0,0,0,0.0,1,0,1,0.0,0,1,0,1.0,0.0
82ae2618-5baa-4a72-a59b-0ef16a313161,Easypaisa,Banking,Jabar Khan,Unknown,5,2025-11-04 14:19:53,useful aap,useful aap,0,2,10,0,0,0,1.0,0,0,0.4404,1,0,1,0.0,0,1,0,5.0,0.0
c7e37f51-d9c1-410b-b5f9-14c5b2497d71,Easypaisa,Banking,Kaka Don,Unknown,5,2025-11-04 14:31:18,Good app,good app,0,2,8,0,0,0,1.0,0,1,0.4404,1,0,1,0.0,0,8,0,5.0,0.0
77f65167-1e4a-4aaf-a4be-eb3a589e8ceb,Easypaisa,Banking,Ramzan Jatt,Unknown,5,2025-11-04 14:34:09,اچھی ھے ایپ,اچھی ھے ایپ,0,3,11,0,0,0,1.0,0,0,0.0,1,0,1,0.0,0,1,0,5.0,0.0
d340d832-8af2-4b30-8022-b37cfbae2f7b,Easypaisa,Banking,Bilawal Aziz,Unknown,5,2025-11-04 14:35:26,Better,better,0,1,6,0,0,0,1.0,0,0,0.4404,1,0,1,0.0,0,2,0,5.0,0.0
bbd8f24e-e188-4a3f-a2b4-c4e44daa580d,Easypaisa,Banking,Musab Qadeer,Unknown,5,2025-11-04 14:40:00,I love easypaisa,i love easypaisa,0,3,16,0,0,0,1.0,0,0,0.6369,1,0,1,0.0,0,1,0,5.0,0.0
64276fd0-63ef-421c-bfce-2290a7299cf2,Easypaisa,Banking,Rameez Don,Unknown,5,2025-11-04 14:50:30,I love it this app,i love it this app,0,5,18,0,0,0,1.0,0,1,0.6369,1,0,1,0.0,0,1,0,5.0,0.0
f15e26c7-7a85-4a05-aaee-5e523616af78,Easypaisa,Banking,Rana Salman,Unknown,3,2025-11-04 14:53:17,Easypaisa is good but it is difficult,easypaisa is good but it is difficult,0,7,37,0,0,0,0.8571428571428571,0,0,-0.3182,1,0,1,0.0,0,1,0,3.0,0.0
0e688835-9364-4f85-95ad-5fc975289254,Easypaisa,Banking,Muzafar Cheena,Unknown,1,2025-11-04 15:01:03,when I was trying to transact there was error ESB99154 occurred please resolve this issue,when i was trying to transact there was error esb99154 occurred please resolve this issue,0,15,89,0,0,1,0.9333333333333333,0,0,0.296,1,0,1,0.0,0,1,0,1.0,0.0
d90056d2-299d-4443-8d5e-2224d7e34298,Easypaisa,Banking,Swat Crown,Unknown,1,2025-11-04 15:05:17,Hi easypaisa Support I receive OTP but don't auto fetch OTP please support me,hi easypaisa support i receive otp but don't auto fetch otp please support me,0,14,77,0,0,2,0.8571428571428571,0,0,0.81,1,0,1,0.0,0,1,1,1.0,0.0
075f631c-4025-43c2-ad7a-8c033ff15249,Easypaisa,Banking,Ashfaque Bhatti,Unknown,4,2025-11-04 15:21:35,good application as compare to charging fres like dull network jazz cash competitor,good application as compare to charging fres like dull network jazz cash competitor,0,13,83,0,0,0,1.0,0,1,0.4019,1,0,1,0.0,0,1,0,4.0,0.0
ae809515-baaf-48dc-bd24-3c898e706fc1,Easypaisa,Banking,Faisal Khan,Unknown,5,2025-11-04 15:33:05,very very nice thanks for easypaisa,very very nice thanks for easypaisa,0,6,35,0,0,0,0.8333333333333334,0,0,0.7791,1,0,2,26991.0,0,1,0,5.0,0.0
c3c66698-fd02-4d83-8453-7fc9a2db5d64,Easypaisa,Banking,Mahnoor,Unknown,1,2025-11-04 15:49:19,First when I try to transfer my money they make so many errors and after that my account is not responding I try to make my account again then they are not ready to send me the OTP . 🫩,first when i try to transfer my money they make so many errors and after that my account is not responding i try to make my account again then they are not ready to send me the otp . 🫩,0,40,184,1,0,1,0.75,0,0,-0.5843,1,0,1,0.0,0,1,0,1.0,0.0
6406213f-b411-4761-96a5-77a1f940280c,Easypaisa,Banking,Rizwan Bhat99,Unknown,5,2025-11-04 15:52:22,good 👍🏽,good 👍🏽,0,2,7,2,0,0,1.0,0,0,0.4404,1,0,1,0.0,0,1,0,5.0,0.0
2d96560d-b3da-4805-9459-f0599a301d8e,Easypaisa,Banking,MUDASSAR MUSHTAQ,Unknown,5,2025-11-04 15:52:57,"much much better than the jazzcash App, i uninstalled the jazzcash.","much much better than the jazzcash app, i uninstalled the jazzcash.",0,11,67,0,0,0,0.8181818181818182,1,1,0.4404,1,0,1,0.0,0,1,0,5.0,0.0
b553b9f8-e63c-41f7-a573-cebe1c7bd938,Easypaisa,Banking,Muhammad Suleman,Unknown,5,2025-11-04 15:54:20,very nice app and fast transection,very nice app and fast transection,0,6,34,0,0,0,1.0,0,1,0.4754,1,0,1,0.0,0,1,0,5.0,0.0
2aff13fb-f591-4538-b832-bcd53805c2d8,Easypaisa,Banking,Abdullah Sommro,Unknown,5,2025-11-04 16:46:02,I really like easypasa app,i really like easypasa app,0,5,26,0,0,0,1.0,0,1,0.4201,1,0,1,0.0,0,1,0,5.0,0.0
f8de672a-bc2c-46cc-ac7d-fdc26ae4b905,Easypaisa,Banking,Ayeshishah Ayeshishah,Unknown,5,2025-11-04 16:50:39,lovely 😻🌹,lovely 😻🌹,0,2,9,2,0,0,1.0,0,0,0.7783,1,0,1,0.0,0,1,0,5.0,0.0
fb0d3f7b-22fc-4d6e-891c-05eb0fc6ae70,Easypaisa,Banking,Nadeem Gp,Unknown,2,2025-11-04 17:07:16,very good,very good,0,2,9,0,0,0,1.0,0,0,0.4927,1,0,1,0.0,0,5,0,2.0,0.0
6329c119-6835-4d26-868c-6b0c36ecd149,Easypaisa,Banking,Ihtesjam Ulhaq,Unknown,5,2025-11-04 17:09:27,it's a best app for save pocket money,it's a best app for save pocket money,0,8,37,0,0,0,1.0,0,1,0.8126,1,0,1,0.0,0,1,0,5.0,0.0
728dd1b8-23bb-44b7-a747-cb64bc8244cf,Easypaisa,Banking,ayesha,Unknown,1,2025-11-04 17:46:19,worst network,worst network,0,2,13,0,0,0,1.0,0,0,-0.6249,1,0,1,0.0,0,1,0,1.0,0.0
edba70ba-a844-4135-b671-c13331c43d13,Easypaisa,Banking,M Faheem Sheikh,Unknown,5,2025-11-04 17:53:14,mostly help me,mostly help me,0,3,14,0,0,0,1.0,0,0,0.4019,1,0,1,0.0,0,1,0,5.0,0.0
8433f4ed-c422-41ce-9b09-5bbd6fe264c7,Easypaisa,Banking,Masoomamukhtar,Unknown,1,2025-11-04 18:09:12,hi easypaisa ceo kindly solve the problem of bank error 96 please it has stuck my 24k kindly solve it please,hi easypaisa ceo kindly solve the problem of bank error 96 please it has stuck my 24k kindly solve it please,0,21,108,0,0,0,0.8095238095238095,0,0,0.7351,1,0,1,0.0,0,1,1,1.0,0.0
90e72e03-e810-4f51-8679-6bf7e20cd3a9,Easypaisa,Banking,Abdul Wahab,Unknown,5,2025-11-04 18:47:25,better app for transactions,better app for transactions,0,4,27,0,0,0,1.0,0,1,0.4404,1,0,1,0.0,0,1,0,5.0,0.0
3275bf35-c5e3-43d1-93e1-62a0d00cb141,Easypaisa,Banking,Muhammad Akram,Unknown,5,2025-11-04 18:47:51,exilent,exilent,0,1,7,0,0,0,1.0,0,0,0.0,1,0,1,0.0,0,1,0,5.0,0.0
c7b86303-55c9-4095-8a63-b3669538b451,Easypaisa,Banking,Khadim Jan,Unknown,1,2025-11-04 18:48:10,the app said won't b come from Google play to my device. what's this??? I have use regular before this issues resolved it.,the app said won't b come from google play to my device. what's this??? i have use regular before this issues resolved it.,0,23,122,0,0,0,1.0,0,1,0.5632,1,0,1,0.0,0,1,1,1.0,0.0
65838a3e-6023-4864-a627-83b037c1a832,Easypaisa,Banking,Tahir Zaman,Unknown,3,2025-11-04 19:29:23,good luck 👍,good luck 👍,0,3,11,1,0,0,1.0,0,0,0.7096,1,0,1,0.0,0,1,0,3.0,0.0
81541995-ad3d-4ed7-9632-7f44376a0b59,Easypaisa,Banking,Modussar Nawaz Ahmed,Unknown,5,2025-11-04 19:37:05,easypaisa aap in dino proper work nai kar rahi hay,easypaisa aap in dino proper work nai kar rahi hay,0,10,50,0,0,0,1.0,0,0,0.0,1,0,1,0.0,0,1,0,5.0,0.0
b3296f25-e07f-4e0a-b929-6649c4d67011,Easypaisa,Banking,Anas Laghari,Unknown,5,2025-11-04 20:06:54,good svs,good svs,0,2,8,0,0,0,1.0,0,0,0.4404,1,0,1,0.0,0,1,0,5.0,0.0
3adb00c2-dd0c-4e2c-bd01-de1b2ea2df3f,Easypaisa,Banking,Arshad Hussain,Unknown,1,2025-11-04 20:37:59,Very very Bad,very very bad,0,3,13,0,0,0,0.6666666666666666,0,0,-0.6214,1,0,1,0.0,0,1,0,1.0,0.0
77718156-f9d4-4b3a-b6d4-4406a96b4fae,Easypaisa,Banking,imranawan imranawan,Unknown,5,2025-11-04 20:43:36,good app very good,good app very good,0,4,18,0,0,0,0.75,0,1,0.7264,1,0,1,0.0,0,1,0,5.0,0.0
1be15a5e-49cc-4f0a-9f0d-7a4c187fcdb4,Easypaisa,Banking,R hasbaan,Unknown,5,2025-11-04 21:20:02,best app everrr,best app everrr,0,3,15,0,0,0,1.0,0,1,0.6369,1,0,1,0.0,0,1,0,5.0,0.0
3be8fe2a-baa3-4788-892d-8b5464699b25,Easypaisa,Banking,Muhammad Hamid,Unknown,3,2025-11-04 21:27:09,server down hai kya apka mera otp q nhi araha hai,server down hai kya apka mera otp q nhi araha hai,0,11,49,0,0,0,0.9090909090909091,0,1,0.0,1,0,1,0.0,0,1,0,3.0,0.0
a944df14-4e32-42ab-860a-0dc37359a2db,Easypaisa,Banking,Kamran Ali,Unknown,5,2025-11-04 22:12:55,very good app I love this app easy paisa app deserve 5 star,very good app i love this app easy paisa app deserve 5 star,0,13,59,0,0,0,0.8461538461538461,0,1,0.8832,1,0,1,0.0,0,1,0,5.0,0.0
ddd40633-4c07-48bc-88d5-53c9398630e0,Easypaisa,Banking,Imtiaz Ahmad Khan,Unknown,5,2025-11-04 22:30:10,wonderful nice to spend time together,wonderful nice to spend time together,0,6,37,0,0,0,1.0,0,0,0.7579,1,0,1,0.0,0,1,0,5.0,0.0
7697d058-e958-4dae-afbe-96e4c9e07606,Easypaisa,Banking,Waheed Bhatti,Unknown,1,2025-11-04 23:19:49,I cannot login in easy paisa new device detected wala message samne se jata hi nahi,i cannot login in easy paisa new device detected wala message samne se jata hi nahi,0,16,83,0,0,0,1.0,0,1,-0.3412,1,0,1,0.0,0,1,0,1.0,0.0
005390f4-f4a8-4284-9a0a-10c9139093c9,Easypaisa,Banking,Jan Sher,Unknown,1,2025-11-05 00:50:50,crashing the app repeatedly and can't update from Google play store although the app was installed from play store,crashing the app repeatedly and can't update from google play store although the app was installed from play store,0,19,114,0,0,0,0.7368421052631579,1,1,0.5859,1,0,1,0.0,0,1,1,1.0,0.0
731b9a0b-f87d-489b-9012-de3bc658a53e,Easypaisa,Banking,Rashid Arain,Unknown,4,2025-11-05 01:34:37,v nice app 👍,v nice app 👍,0,4,12,1,0,0,1.0,0,1,0.4215,1,0,1,0.0,0,1,0,4.0,0.0
126c7f26-ae56-4d74-b088-37cc3e02c9ce,Easypaisa,Banking,Bint e Hawa,Unknown,4,2025-11-05 02:23:55,good application transactions takes plgood application transactions takes place easily....sometimes error occurs but after some hours errorsgood application transactions takes plgood application transactions takes place easily....sometimes error occurs but after some hours errors goes fixed🙂🐣,good application transactions takes plgood application transactions takes place easily....sometimes error occurs but after some hours errorsgood application transactions takes plgood application transactions takes place easily....sometimes error occurs but after some hours errors goes fixed🙂🐣,1,35,293,2,0,0,0.4857142857142857,0,1,-0.4569,1,0,1,0.0,0,1,0,4.0,0.0
08904300-16b9-48a7-87ff-705603189b7a,Easypaisa,Banking,Abu Bakar,Unknown,1,2025-11-05 02:52:41,very bad when i am trying to singup account same error repeat again and again almost,very bad when i am trying to singup account same error repeat again and again almost,0,16,84,0,0,0,0.9375,0,0,-0.7574,1,0,1,0.0,0,1,0,1.0,0.0
a26fd696-c780-4eeb-aa1e-d2816d9bb369,Easypaisa,Banking,Ali Raza Fazal Karim,Unknown,1,2025-11-05 03:04:42,very bad view dont receive a code for registration. stopit app . can't work able ..,very bad view dont receive a code for registration. stopit app . can't work able ..,0,16,83,0,0,0,1.0,0,1,-0.5849,1,0,1,0.0,0,1,0,1.0,0.0
e6835681-7cd3-48d8-8966-f81c489697c6,Easypaisa,Banking,Muhammed Ubaid,Unknown,1,2025-11-05 03:18:24,Hello sir my esy paisy app login problem,hello sir my esy paisy app login problem,0,8,40,0,0,0,1.0,0,1,-0.4019,1,0,1,0.0,0,1,0,1.0,0.0
db059b3f-a21f-4968-85de-2c158f64c7e3,Easypaisa,Banking,Fazal Wahid Khan,Unknown,3,2025-11-05 03:46:40,good service and very helpful,good service and very helpful,0,5,29,0,0,0,1.0,0,0,0.7178,1,0,1,0.0,0,1,0,3.0,0.0
2e764fa8-b985-493b-9512-77c4ada3e87f,Easypaisa,Banking,New Account,Unknown,1,2025-11-05 03:53:41,No easypaisa laon is available,no easypaisa laon is available,0,5,30,0,0,0,1.0,0,0,-0.296,1,0,1,0.0,0,1,0,1.0,0.0
157b6695-1ef7-4222-89f8-f815619ae851,Easypaisa,Banking,Azeem Asim,Unknown,2,2025-11-05 04:57:34,App has become too slow and lags too much. Payments fail quite often.,app has become too slow and lags too much. payments fail quite often.,0,13,69,0,0,0,0.9230769230769231,0,1,-0.7184,1,0,1,0.0,0,1,0,2.0,0.0
73ebc9e7-5f7d-44a5-a37a-a12906739e28,Easypaisa,Banking,Ajaaz Ahmed,Unknown,2,2025-11-05 05:00:53,hi I'm from Pakistan i want to get loan from easypaisa but he don't allow me to do that,hi i'm from pakistan i want to get loan from easypaisa but he don't allow me to do that,0,19,87,0,0,0,0.8947368421052632,0,0,-0.2141,1,0,1,0.0,0,1,0,2.0,0.0
a8300231-3e77-4dc4-b348-74efd45b249a,Easypaisa,Banking,Shamsudin Shaikh,Unknown,1,2025-11-05 05:39:26,finger not match plz solve,finger not match plz solve,0,5,26,0,0,0,1.0,0,0,-0.2057,1,0,1,0.0,0,1,0,1.0,0.0
474e6344-40fa-497b-8215-df15a57ea70a,Easypaisa,Banking,abdul hakeem jan,Unknown,4,2025-11-05 05:46:00,zong network slow but easy paisa application is best.,zong network slow but easy paisa application is best.,0,9,53,0,0,0,1.0,0,1,0.8922,1,0,1,0.0,0,1,0,4.0,0.0
1a55dbc0-c61e-47c8-b9dc-3c7028be3bce,Easypaisa,Banking,Shumaila Javad,Unknown,1,2025-11-05 06:29:20,Pasia khud he gaib ho Raha ha insan atna mahanta SA Kama or sa lo lota Lata ha had ha 😡😡😡,pasia khud he gaib ho raha ha insan atna mahanta sa kama or sa lo lota lata ha had ha 😡😡😡,0,21,89,3,0,1,0.8571428571428571,0,0,0.7351,1,0,1,0.0,0,1,1,1.0,0.0
c5698352-7665-4ea6-ab25-92b69a34c123,Easypaisa,Banking,Hassan Bajwa,Unknown,3,2025-11-05 06:33:26,mostly shows erors,mostly shows erors,0,3,18,0,0,0,1.0,0,0,0.0,1,0,1,0.0,0,1,0,3.0,0.0
04e8dfd6-4c4f-4eb2-9d12-e1b747941974,Easypaisa,Banking,Hamza Khan,Unknown,1,2025-11-05 06:35:19,This App on my device is not sent Otp to my phone to create account on Easypaisa App Plz solve my this problem and thanks for helping me,this app on my device is not sent otp to my phone to create account on easypaisa app plz solve my this problem and thanks for helping me,0,28,136,0,0,0,0.7857142857142857,0,1,0.6808,1,0,2,563442.0,0,1,1,2.5,2.1213203435596424
db203265-2c5e-4a2f-9950-7afc6867d9e4,Easypaisa,Banking,Abdullah Khan,Unknown,5,2025-11-05 07:45:12,gooood,gooood,0,1,6,0,0,0,1.0,0,0,0.0,1,0,3,321789.0,0,1,0,4.666666666666667,0.5773502691896257
5e4235a5-97a9-41d1-b42e-7b09fba9c9ee,Easypaisa,Banking,Hasnain Khan,Unknown,5,2025-11-05 07:45:20,I love easy paisa,i love easy paisa,0,4,17,0,0,0,1.0,0,0,0.7964,1,0,1,0.0,0,1,0,5.0,0.0
b5508abd-4cc1-4c26-8945-f7efb1adcea4,Easypaisa,Banking,Adnan Nadeem,Unknown,5,2025-11-05 08:09:26,wow nice,wow nice,0,2,8,0,0,0,1.0,0,0,0.765,1,0,1,0.0,0,1,0,5.0,0.0
b231b135-8014-4ca0-8fce-997759f4a102,Easypaisa,Banking,Shebaz Leghari,Unknown,5,2025-11-05 08:14:02,very nice 👍🙂🙂🙂,very nice 👍🙂🙂🙂,0,3,14,4,0,0,1.0,0,0,0.8811,1,0,1,0.0,0,1,0,5.0,0.0
b0f6d961-8437-4e4e-9a93-5265ced72f06,Easypaisa,Banking,Waheed Ahmad,Unknown,5,2025-11-05 08:20:22,likan easypaisa say loan nhi dath,likan easypaisa say loan nhi dath,0,6,33,0,0,0,1.0,0,0,0.0,1,0,1,0.0,0,1,0,5.0,0.0
d1be4293-1f31-4fd7-879e-169c8dc0de6e,Easypaisa,Banking,Fahad Ameer,Unknown,2,2025-11-05 08:49:01,good work,good work,0,2,9,0,0,0,1.0,0,0,0.4404,1,0,1,0.0,0,8,0,2.0,0.0
6d84325b-da84-4f23-ac02-3448036ce8df,Easypaisa,Banking,Babar Ali Soomro,Unknown,5,2025-11-05 08:58:34,mashaallah,mashaallah,0,1,10,0,0,0,1.0,0,0,0.0,1,0,1,0.0,0,1,0,5.0,0.0
95a384b6-e3d5-4bd8-99ac-e04a3b518b22,Easypaisa,Banking,KURLUS OSMAN,Unknown,1,2025-11-05 09:17:37,Money not sending. Package activation everything Error 😔,money not sending. package activation everything error 😔,0,8,56,1,0,0,1.0,0,0,-0.34,1,0,1,0.0,0,1,0,1.0,0.0
f9c8b086-87cc-4552-9a49-7fe03d7add11,Easypaisa,Banking,Raja Muhammad ali,Unknown,1,2025-11-05 09:27:41,very bad experience I send otp and otp coming but this fake app not detected the otp,very bad experience i send otp and otp coming but this fake app not detected the otp,0,17,84,0,0,0,0.8823529411764706,0,1,-0.8092,1,0,1,0.0,0,1,0,1.0,0.0
e54b9f33-f3dd-41f4-830b-5006facb0fa7,Easypaisa,Banking,SHABAZ Umair,Unknown,5,2025-11-05 09:28:48,amount save app,amount save app,0,3,15,0,0,0,1.0,0,1,0.4939,1,0,1,0.0,0,1,0,5.0,0.0
35124cdc-b872-474a-b9c7-17f2789728c6,Easypaisa,Banking,Arsalan Ali,Unknown,5,2025-11-05 10:26:52,nice your bank,nice your bank,0,3,14,0,0,0,1.0,0,0,0.4215,1,0,1,0.0,0,1,0,5.0,0.0
fb0019ac-a90a-44d0-b4d7-0d554e769710,Easypaisa,Banking,hami miller,Unknown,5,2025-11-05 10:31:21,awesome 👌 👏 👍 😍,awesome 👌 👏 👍 😍,0,5,15,4,0,0,1.0,0,0,0.9222,1,0,1,0.0,0,1,0,5.0,0.0
ad258bdf-a7e4-4d3e-8537-4b741efe1c14,Easypaisa,Banking,Adeel Ahmed,Unknown,1,2025-11-05 10:34:42,veryyy bad application.. always gives error during any transaction,veryyy bad application.. always gives error during any transaction,0,9,66,0,0,0,1.0,0,1,-0.7351,1,0,1,0.0,0,1,0,1.0,0.0
156470f9-6366-45d0-ade0-d5a4ecd60c49,Easypaisa,Banking,ʜᴜʀᴀɪʀᴀ,Unknown,4,2025-11-05 10:41:07,update my account & app,update my account & app,0,5,23,0,0,0,1.0,0,1,0.0,1,0,1,0.0,0,1,0,4.0,0.0
8490ab74-ee27-43d2-bb2e-504482c5799e,Easypaisa,Banking,Rehan Khan,Unknown,5,2025-11-05 10:52:40,so help fop and so fast thanks,so help fop and so fast thanks,0,7,30,0,0,0,0.8571428571428571,0,0,0.7328,1,0,2,869027.0,0,1,0,3.0,2.8284271247461903
4d0390a4-e69b-4cea-8c7a-87cde344ba28,Easypaisa,Banking,Mashkoorahmed Solangi,Unknown,5,2025-11-05 10:58:39,great full,great full,0,2,10,0,0,0,1.0,0,0,0.6249,1,0,1,0.0,0,1,0,5.0,0.0
f2300fbd-e03b-4aac-b75a-44e9b54de2a9,Easypaisa,Banking,Malik Afrasyab Khokhar,Unknown,5,2025-11-05 11:13:20,easy Paisa app is very good but after some time my app closed and also demand me verious think so kindly solve me problem,easy paisa app is very good but after some time my app closed and also demand me verious think so kindly solve me problem,0,24,121,0,0,0,0.9166666666666666,0,1,0.7928,1,0,1,0.0,0,1,0,5.0,0.0
4f9341e2-ddf0-4773-86c6-852b96a797cf,Easypaisa,Banking,israr khan,Unknown,5,2025-11-05 11:24:54,easypaisa the best app,easypaisa the best app,0,4,22,0,0,0,1.0,0,1,0.6369,1,0,1,0.0,0,1,0,5.0,0.0
b5ca305f-f1be-4b58-8f04-32f5c2a667ba,Easypaisa,Banking,Ali Akber,Unknown,5,2025-11-05 11:28:43,sir it's not share OTP,sir it's not share otp,0,5,22,0,0,1,1.0,0,0,-0.2235,1,0,1,0.0,0,1,0,5.0,0.0
ea57d608-0354-4b95-a951-372485648143,Easypaisa,Banking,Zrwa Zrwa,Unknown,5,2025-11-05 12:08:49,fast and gud working,fast and gud working,0,4,20,0,0,0,1.0,0,0,0.0,1,0,1,0.0,0,1,0,5.0,0.0
5ebecd3b-8ebf-4eb2-8941-958570edfaa7,Easypaisa,Banking,sayyed muthir,Unknown,3,2025-11-05 12:12:08,manage card option show error this service is temporary unavailable please try again later,manage card option show error this service is temporary unavailable please try again later,0,14,90,0,0,0,1.0,0,0,-0.1027,1,0,1,0.0,0,1,0,3.0,0.0
b9fe4a4b-3238-4604-8e68-94577b71d874,Easypaisa,Banking,Salman Alvi,Unknown,5,2025-11-05 12:24:10,good app 💯😘😘😘,good app 💯😘😘😘,0,3,13,4,0,0,1.0,0,1,0.8834,1,0,1,0.0,0,1,0,5.0,0.0
14955294-943c-4ef9-a2da-9a0b53735828,Easypaisa,Banking,Abdul Rahman Shah1,Unknown,3,2025-11-05 12:38:08,good 👍 app but app is not starting internet,good 👍 app but app is not starting internet,0,9,43,1,0,0,0.8888888888888888,0,1,0.2382,1,0,1,0.0,0,1,0,3.0,0.0
9bd7725b-b387-4d48-9287-c72a4790b666,Easypaisa,Banking,Sultan Ghazi,Unknown,5,2025-11-05 12:42:20,amazing whoo 🙈🙉,amazing whoo 🙈🙉,0,3,15,2,0,0,1.0,0,0,0.5859,1,0,1,0.0,0,1,0,5.0,0.0
a0d14334-1f6c-43e9-9b39-2a1d83e0dde8,Easypaisa,Banking,Aamir Iqbal,Unknown,1,2025-11-05 12:45:07,very slow working,very slow working,0,3,17,0,0,0,1.0,0,0,0.0,1,0,1,0.0,0,1,0,1.0,0.0
32d95157-162c-4d72-9c1c-e8be76ff2e45,Easypaisa,Banking,HABIB KHAN,Unknown,4,2025-11-05 12:49:20,its wonderfull. its quite easy to depend on its used,its wonderfull. its quite easy to depend on its used,0,10,52,0,0,0,0.8,0,0,0.4927,1,0,1,0.0,0,1,0,4.0,0.0
105205bf-e23f-40a6-a9ca-fc12f8b269f4,Easypaisa,Banking,Shahzad Ali,Unknown,5,2025-11-05 12:50:41,super app nd I really like it I'm very thank full to u,super app nd i really like it i'm very thank full to u,0,13,54,0,0,0,1.0,0,1,0.8586,1,0,1,0.0,0,1,0,5.0,0.0
6a678a88-ffd6-494a-8405-97e5f8b1ddb1,Easypaisa,Banking,Adnan khattak,Unknown,5,2025-11-05 12:56:43,very nice app very helpful 👌 easy to use,very nice app very helpful 👌 easy to use,0,9,40,1,0,0,0.8888888888888888,0,1,0.9409,1,0,1,0.0,0,1,0,5.0,0.0
0e8c4b31-a939-4472-a64c-02a641c4cd81,Easypaisa,Banking,Shujahat1 Shrafat,Unknown,5,2025-11-05 13:03:34,easypasa is very good transaction app,easypasa is very good transaction app,0,6,37,0,0,0,1.0,0,1,0.4927,1,0,1,0.0,0,1,0,5.0,0.0
00179bfe-78cb-41cc-a415-7de982d2d58f,Easypaisa,Banking,Jawahar Lal S,Unknown,5,2025-11-05 13:08:51,Good Appreciate,good appreciate,0,2,15,0,0,0,1.0,0,1,0.6808,1,0,1,0.0,0,1,0,5.0,0.0
d1d89794-e133-4f23-858c-375178b18a6a,Easypaisa,Banking,Muhammad Naseeb,Unknown,4,2025-11-05 13:15:52,very good work,very good work,0,3,14,0,0,0,1.0,0,0,0.4927,1,0,1,0.0,0,1,0,4.0,0.0
465783bc-23dd-4306-a746-de328c3dca23,Easypaisa,Banking,Muhammad Ayoub Nonari,Unknown,5,2025-11-05 13:18:15,All is well,all is well,0,3,11,0,0,0,1.0,0,0,0.2732,1,0,1,0.0,0,1,0,5.0,0.0
f4221a93-695b-4631-8231-ad2583f6bfff,Easypaisa,Banking,mmoosa. ikhwani,Unknown,5,2025-11-05 13:19:45,pakg mehngy hen plz sasty kren,pakg mehngy hen plz sasty kren,0,6,30,0,0,0,1.0,0,0,0.0772,1,0,1,0.0,0,1,0,5.0,0.0
4d836f39-e673-4a9d-aa01-dc1fa7b757eb,Easypaisa,Banking,Saif Khan,Unknown,5,2025-11-05 13:31:01,good apps,good apps,0,2,9,0,0,0,1.0,0,1,0.4404,1,0,1,0.0,0,1,0,5.0,0.0
cf655300-8fcf-46c1-93f6-f7a24933df79,Easypaisa,Banking,Hussin Ahmed,Unknown,5,2025-11-05 13:55:59,SMS issue SMS setting,sms issue sms setting,0,4,21,0,0,2,0.75,0,0,0.0,1,0,1,0.0,0,1,0,5.0,0.0
cfff4133-f9c1-491c-bc6b-1ac03d81489b,Easypaisa,Banking,Imranali Baloch,Unknown,4,2025-11-05 14:02:34,𝒕𝒉𝒊𝒔 𝒂𝒑𝒑.𝒑𝒆𝒓𝒇𝒆𝒄𝒕,𝒕𝒉𝒊𝒔 𝒂𝒑𝒑.𝒑𝒆𝒓𝒇𝒆𝒄𝒕,0,2,16,0,0,0,1.0,0,0,0.0,1,0,1,0.0,0,1,0,4.0,0.0
ed423d83-c2ad-469e-877b-6422159b2171,Easypaisa,Banking,Muizz Nasir,Unknown,5,2025-11-05 14:14:02,very good for transfer money to haroon mart,very good for transfer money to haroon mart,0,8,43,0,0,0,1.0,0,0,0.4927,1,0,1,0.0,0,1,0,5.0,0.0
fa23d35b-51c0-4dd9-9e88-3a8d595b624d,Easypaisa,Banking,Areeba Ashu,Unknown,4,2025-11-05 14:38:45,Glitche in update kindly solve issue,glitche in update kindly solve issue,0,6,36,0,0,0,1.0,0,0,0.6124,1,0,1,0.0,0,1,0,4.0,0.0
798b838a-8a9d-485e-8b33-f2c592559405,Easypaisa,Banking,MHR Chaudhary,Unknown,5,2025-11-05 14:48:11,Very Useful App I really enjoyed this app many of its features seems to be interesting really i love this app,very useful app i really enjoyed this app many of its features seems to be interesting really i love this app,0,21,109,0,0,0,0.7619047619047619,0,1,0.9321,1,0,1,0.0,0,1,0,5.0,0.0
1501ee30-b0aa-4a63-b909-583e4db846f7,Easypaisa,Banking,Zeeshan Ahmed,Unknown,5,2025-11-05 14:48:14,Great.,great.,0,1,6,0,0,0,1.0,0,0,0.6249,1,0,1,0.0,0,1,0,5.0,0.0
c91b22d1-1805-47de-ac9f-3aeeb3e934ad,Easypaisa,Banking,Sharjeel Ahmed,Unknown,1,2025-11-05 15:05:35,I HAVE PAID MY FULL AMOUNT LOAN NOW IT NOW NOT GIVING ME LOAN SHOULD I UNINSTALL GO TO ANOTHER PLATFORM . ITS SAYING MY CREDIT SCORE IS LOW. ITS NOT.. ASAP FIX IT.,i have paid my full amount loan now it now not giving me loan should i uninstall go to another platform . its saying my credit score is low. its not.. asap fix it.,1,34,163,0,0,31,0.8529411764705882,1,0,-0.1371,1,0,1,0.0,0,1,0,1.0,0.0
6c64bc74-0725-4442-a42b-40518549f44d,Easypaisa,Banking,Ismail khan,Unknown,5,2025-11-05 15:14:30,best app Good,best app good,0,3,13,0,0,0,1.0,0,1,0.7964,1,0,1,0.0,0,1,0,5.0,0.0
3b79fa9b-405a-4d38-bc79-50ce0c929f48,Easypaisa,Banking,K Kw,Unknown,5,2025-11-05 15:27:46,I love easypaisa ❤,i love easypaisa ❤,0,4,18,0,0,0,1.0,0,0,0.8555,1,0,1,0.0,0,1,0,5.0,0.0
207ea1df-2796-4db6-8454-07f9b157acd9,Easypaisa,Banking,Ch Irfan,Unknown,4,2025-11-05 15:34:49,v good,v good,0,2,6,0,0,0,1.0,0,0,0.4404,1,0,1,0.0,0,2,0,4.0,0.0
196c5524-5a0f-41c1-ab91-892d0acf4c02,Easypaisa,Banking,Shardha Bai,Unknown,1,2025-11-05 15:42:22,totally very very meaningful and easy,totally very very meaningful and easy,0,6,37,0,0,0,0.8333333333333334,0,0,0.7429,1,0,1,0.0,0,1,1,1.0,0.0
631a8e3e-7e92-4e40-ae57-18d223db3498,Easypaisa,Banking,Shayan Khan,Unknown,5,2025-11-05 15:49:06,Nice 🙂,nice 🙂,0,2,6,1,0,0,1.0,0,0,0.6712,1,0,1,0.0,0,2,0,5.0,0.0
86dc1cdb-c592-4eac-a3b7-2bb70ccbde91,Easypaisa,Banking,Haji Shahmeer,Unknown,5,2025-11-05 15:50:35,very useful app,very useful app,0,3,15,0,0,0,1.0,0,1,0.4927,1,0,1,0.0,0,1,0,5.0,0.0
4a73bbb5-4784-4c30-b5d0-6e3954224408,Easypaisa,Banking,Rahim Bakhsh,Unknown,5,2025-11-05 15:56:38,easypaisa is the one of the best app its work very smooth i enjoy this app,easypaisa is the one of the best app its work very smooth i enjoy this app,0,16,74,0,0,0,0.875,0,1,0.8255,1,0,1,0.0,0,1,0,5.0,0.0
a547aa2d-9522-46f6-afcd-f3b93e4e82dc,Easypaisa,Banking,NawAz Khan,Unknown,5,2025-11-05 16:00:18,yuor thanks bro,yuor thanks bro,0,3,15,0,0,0,1.0,0,0,0.4404,1,0,1,0.0,0,1,0,5.0,0.0
21d98a6b-2a5a-444a-bf5e-f320af2796c8,Easypaisa,Banking,musawir Shah,Unknown,4,2025-11-05 16:02:31,A1 Outstanding,a1 outstanding,0,2,14,0,0,1,1.0,0,0,0.6124,1,0,1,0.0,0,1,0,4.0,0.0
da597b97-5dfc-4038-a429-d83eca3fc07d,Easypaisa,Banking,Ghulam Rasool Hisbani,Unknown,5,2025-11-05 16:05:17,Very Good 👍👍,very good 👍👍,0,3,12,2,0,0,1.0,0,0,0.4927,1,0,1,0.0,0,1,0,5.0,0.0
8d1fd36b-6f31-4e91-a7ef-8bd7a11d1fa4,Easypaisa,Banking,Jawed Mughal,Unknown,4,2025-11-05 16:11:25,excellent,excellent,0,1,9,0,0,0,1.0,0,0,0.5719,1,0,1,0.0,0,6,0,4.0,0.0
4936d901-7179-4912-97de-41871233da57,Easypaisa,Banking,Rana Ranayousaf,Unknown,5,2025-11-05 16:16:15,my dream account,my dream account,0,3,16,0,0,0,1.0,0,0,0.25,1,0,1,0.0,0,1,0,5.0,0.0
f5cdbc16-7769-463d-b4bc-a6d95686b4a6,Easypaisa,Banking,Saqlain Zaki 7,Unknown,5,2025-11-05 16:19:52,really helpful good app,really helpful good app,0,4,23,0,0,0,1.0,0,1,0.7408,1,0,1,0.0,0,1,0,5.0,0.0
b7c5c142-673c-4608-9c68-69c22214e246,Easypaisa,Banking,Faisal Baloch,Unknown,5,2025-11-05 17:05:22,Good App Easy To Use,good app easy to use,0,5,20,0,0,0,1.0,0,1,0.7003,1,0,1,0.0,0,1,0,5.0,0.0
796e63ce-bd2a-4779-b9d4-6ff631e82c19,Easypaisa,Banking,Ghulam Mustafa,Unknown,5,2025-11-05 17:11:12,"very fast,easy and secure. Pakistan's brand is EasyPaisa","very fast,easy and secure. pakistan's brand is easypaisa",0,8,56,0,0,0,1.0,0,0,0.3947,1,0,2,0.0,0,1,0,4.0,1.4142135623730951
f8fe8010-e24d-4d80-aa4e-656e0fa8bdda,Easypaisa,Banking,abdul waris,Unknown,5,2025-11-05 17:30:02,my app is not opening,my app is not opening,0,5,21,0,0,0,1.0,0,1,0.0,1,0,1,0.0,0,1,0,5.0,0.0
08cd50a3-9486-401a-bd29-b81a2eba8cdd,Easypaisa,Banking,Desent Boy,Unknown,5,2025-11-05 17:30:11,you like this,you like this,0,3,13,0,0,0,1.0,0,0,0.3612,1,0,1,0.0,0,1,0,5.0,0.0
7bba79b4-4183-491e-a740-8d30a440b8bd,Easypaisa,Banking,Qaiser Malik,Unknown,5,2025-11-05 17:45:18,good service 💯,good service 💯,0,3,14,1,0,0,1.0,0,0,0.4404,1,0,1,0.0,0,1,0,5.0,0.0
75142603-dee8-445b-93f2-03c3bcc55578,Easypaisa,Banking,Hammad Riaz,Unknown,5,2025-11-05 18:04:38,hello sir it is an easy Pais best app but not international I have purchased an esaypaisa debit card visa by tiktok coins but error please contact my emails,hello sir it is an easy pais best app but not international i have purchased an esaypaisa debit card visa by tiktok coins but error please contact my emails,0,29,156,0,0,0,0.9310344827586207,0,1,0.4497,1,0,1,0.0,0,1,0,5.0,0.0
21014075-f9f7-4766-a209-b11095b5683f,Easypaisa,Banking,Ayesha Malik,Unknown,5,2025-11-05 18:06:20,best apps,best apps,0,2,9,0,0,0,1.0,0,1,0.6369,1,0,1,0.0,0,1,0,5.0,0.0
162ccaa6-33cb-45c1-9464-5180a93e38fb,Easypaisa,Banking,Syed Farhan,Unknown,5,2025-11-05 18:47:26,Great Experience,great experience,0,2,16,0,0,0,1.0,0,0,0.6249,1,0,1,0.0,0,1,0,5.0,0.0
4a65f201-c9b6-441b-9063-dbdbe1a9cfa5,Easypaisa,Banking,Adnan Mir 302,Unknown,5,2025-11-05 18:49:29,easy pesa is very good app,easy pesa is very good app,0,6,26,0,0,0,1.0,0,1,0.7264,1,0,1,0.0,0,1,0,5.0,0.0
9d3ecb73-59f0-44cb-bf41-c2c82394b315,Easypaisa,Banking,Martians Gaming Yt,Unknown,1,2025-11-05 18:52:44,very bad app blocked it even 1 star is too much for it,very bad app blocked it even 1 star is too much for it,0,13,54,0,0,0,0.9230769230769231,0,1,-0.7316,1,0,1,0.0,0,1,0,1.0,0.0
4b0785a9-d89d-4067-b5cd-ef5f21d23e3c,Easypaisa,Banking,Zaid Khan,Unknown,5,2025-11-05 19:14:33,outstanding app,outstanding app,0,2,15,0,0,0,1.0,0,1,0.6124,1,0,1,0.0,0,1,0,5.0,0.0
0d6b7115-6e74-4bd6-8d25-021726922650,Easypaisa,Banking,Walli Abbasi,Unknown,5,2025-11-05 19:26:54,excellent service,excellent service,0,2,17,0,0,0,1.0,0,0,0.5719,1,0,1,0.0,0,1,0,5.0,0.0
56ad0926-d612-470a-8ded-b8611dd62fa3,Easypaisa,Banking,Hunain Ali,Unknown,5,2025-11-05 19:47:18,love this App,love this app,0,3,13,0,0,0,1.0,0,1,0.6369,1,0,1,0.0,0,2,0,5.0,0.0
05295dd1-1ea3-4a7d-810e-710e5766e07b,Easypaisa,Banking,Aamir mughal,Unknown,5,2025-11-05 20:29:42,mera account open ni ho raha app kya masla ban gya hai,mera account open ni ho raha app kya masla ban gya hai,0,12,54,0,0,0,1.0,0,1,-0.5574,1,0,1,0.0,0,1,1,5.0,0.0
a3860d25-2dd2-419c-ab42-9ed2f8bafe04,Easypaisa,Banking,Narmeen Ansari,Unknown,1,2025-11-05 21:53:39,"kia bkwass haii app load hi hoeii jati. apny hi paisy check krna ya transfer krna mushkil kia hai.. 2,4 ghanty wait kroo or ak bar login hony k bad again transaction k leay otna hi wait kro","kia bkwass haii app load hi hoeii jati. apny hi paisy check krna ya transfer krna mushkil kia hai.. 2,4 ghanty wait kroo or ak bar login hony k bad again transaction k leay otna hi wait kro",0,38,189,0,0,0,0.8421052631578947,0,1,-0.9169,1,0,1,0.0,0,1,0,1.0,0.0
386a06b5-43f9-442c-b1c3-2327ed5b1ca8,Easypaisa,Banking,Sikander Sultan,Unknown,3,2025-11-06 00:15:34,nice app,nice app,0,2,8,0,0,0,1.0,0,1,0.4215,1,0,1,0.0,0,5,0,3.0,0.0
4c1e6002-afe9-462f-92db-02d6f0aa768c,Easypaisa,Banking,Shehryar Khanzada,Unknown,2,2025-11-06 00:35:29,why its not updating,why its not updating,0,4,20,0,0,0,1.0,0,0,0.0,1,0,1,0.0,0,1,0,2.0,0.0
b143d565-9b7e-4962-8063-6c2ba3d6569c,Easypaisa,Banking,noman butt,Unknown,4,2025-11-06 03:34:54,vry good service,vry good service,0,3,16,0,0,0,1.0,0,0,0.4404,1,0,1,0.0,0,1,0,4.0,0.0
1fa37ee8-3418-4c83-a7ab-1bd850a211ca,Easypaisa,Banking,Mufti Muhammad Asif,Unknown,1,2025-11-06 06:05:23,مناسب,مناسب,0,1,5,0,0,0,1.0,0,0,0.0,1,0,1,0.0,0,1,0,1.0,0.0
e7619f00-e39f-4186-a0ab-d56a53bb328a,Easypaisa,Banking,Mr Sohaib Mr Sohaib,Unknown,4,2025-11-06 06:21:45,v bad,v bad,0,2,5,0,0,0,1.0,0,0,-0.5423,1,0,1,0.0,0,1,1,4.0,0.0
8a8f0f02-c355-4742-9dc9-fda93b10458b,Easypaisa,Banking,Iqbal Meraj,Unknown,4,2025-11-06 06:24:03,Goood,goood,0,1,5,0,0,0,1.0,0,0,0.0,1,0,1,0.0,0,2,0,4.0,0.0
09c25fc2-3537-4120-b84f-d588ca285e1d,Easypaisa,Banking,Ibaad Khurshid,Unknown,1,2025-11-06 06:36:48,otp autofetch problem,otp autofetch problem,0,3,21,0,0,0,1.0,0,0,-0.4019,1,0,1,0.0,0,1,0,1.0,0.0
f8c70841-6049-4c01-bc97-f3d66793e4b2,Easypaisa,Banking,Nasrullah Irshadi,Unknown,5,2025-11-06 06:51:25,Not bed experiance.,not bed experiance.,0,3,19,0,0,0,1.0,0,0,0.0,1,0,1,0.0,0,1,0,5.0,0.0
843a3066-af59-43c2-ba5f-1f541e9f5257,Easypaisa,Banking,Awais khan,Unknown,3,2025-11-06 06:59:42,good app,good app,0,2,8,0,0,0,1.0,0,1,0.4404,1,0,1,0.0,0,8,0,3.0,0.0
35cb6d8f-48c0-4411-9e5e-f635e60e3902,Easypaisa,Banking,Mohammad Hamza,Unknown,5,2025-11-06 07:00:46,not updated the application why?,not updated the application why?,0,5,32,0,0,0,1.0,0,1,0.0,1,0,1,0.0,0,1,0,5.0,0.0
3df1bfb6-3d2d-4159-a2a9-86b7ad303553,Easypaisa,Banking,Abdul Wahed,Unknown,2,2025-11-06 07:18:17,best app,best app,0,2,8,0,0,0,1.0,0,1,0.6369,1,0,1,0.0,0,9,1,2.0,0.0
1bf85f09-8dd6-4fef-af9b-c915df5dac85,Easypaisa,Banking,Zahid Khan,Unknown,5,2025-11-06 07:32:10,"Very good experience with this app, very helpful.","very good experience with this app, very helpful.",0,8,49,0,0,0,0.875,0,1,0.742,1,0,1,0.0,0,1,0,5.0,0.0
2016f18f-9aeb-4b99-b3fd-65dbb1c93206,Easypaisa,Banking,MGC DEVELOPMENTS,Unknown,5,2025-11-06 07:38:32,best application for the transaction,best application for the transaction,0,5,36,0,0,0,1.0,0,1,0.6369,1,0,1,0.0,0,1,0,5.0,0.0
b6d8c513-81b0-45ad-9aa5-6fd3b7e02500,Easypaisa,Banking,usman sheikh,Unknown,5,2025-11-06 07:39:09,i have a problem to starting app for update . plz tell me how can solve this problem..,i have a problem to starting app for update . plz tell me how can solve this problem..,0,18,86,0,0,0,1.0,0,1,-0.5754,1,0,1,0.0,0,1,1,5.0,0.0
11972eca-083b-48b0-90cd-6f9175022052,Easypaisa,Banking,Waqar Ahmed,Unknown,3,2025-11-06 07:51:46,Satisfactory,satisfactory,0,1,12,0,0,0,1.0,0,0,0.3612,1,0,1,0.0,0,1,0,3.0,0.0
c3f7b0d4-6e96-4aec-b245-b2bfe9e8dab1,Easypaisa,Banking,Sufiyan Qadir,Unknown,1,2025-11-06 08:11:36,too much cheap quality service....,too much cheap quality service....,0,5,34,0,0,0,1.0,1,0,0.0,1,0,1,0.0,0,1,0,1.0,0.0
b4be60d9-db29-4c6c-a30a-cd1f7f01579b,Easypaisa,Banking,Tabasum Shah,Unknown,5,2025-11-06 08:20:37,bht achi app hy bht sahult h,bht achi app hy bht sahult h,0,7,28,0,0,0,0.8571428571428571,0,1,0.0,1,0,1,0.0,0,1,0,5.0,0.0
23249a7e-1406-4e58-aa9b-f383a7eda613,Easypaisa,Banking,Muhammad Awais,Unknown,1,2025-11-06 08:46:03,Frustrating app,frustrating app,0,2,15,0,0,0,1.0,0,1,-0.4404,1,0,2,1229744.0,0,1,0,1.0,0.0
ccd40d27-185b-49d5-9877-4b245165a8c9,Easypaisa,Banking,Abu Bakar (92),Unknown,3,2025-11-06 08:46:42,good work,good work,0,2,9,0,0,0,1.0,0,0,0.4404,1,0,1,0.0,0,8,0,3.0,0.0
d5d79b9f-7759-4498-84c8-9f2c625c863d,Easypaisa,Banking,Shakeel Noor,Unknown,5,2025-11-06 09:01:03,v good for usefull,v good for usefull,0,4,18,0,0,0,1.0,0,0,0.4404,1,0,1,0.0,0,1,0,5.0,0.0
a3b4d243-9f28-4fd8-ae86-c9e6bb49e8b2,Easypaisa,Banking,Rameez HUSSAIN,Unknown,5,2025-11-06 09:08:06,easypaisa opening up the app,easypaisa opening up the app,1,5,28,0,0,0,1.0,0,1,0.0,1,0,1,0.0,0,1,0,5.0,0.0
de681b12-4a5f-412c-aca7-df786a6f661a,Easypaisa,Banking,Tayyab Nawab,Unknown,1,2025-11-06 09:18:44,open hi nhi ho rahi,open hi nhi ho rahi,0,5,19,0,0,0,1.0,0,0,0.0,1,0,1,0.0,0,1,0,1.0,0.0
4ad2e588-f2e2-4951-8229-6d9793ab2185,Easypaisa,Banking,Jannat Ullah,Unknown,5,2025-11-06 10:04:49,nice work 👍,nice work 👍,0,3,11,1,0,0,1.0,0,0,0.4215,1,0,1,0.0,0,1,0,5.0,0.0
d5eb1881-d735-415b-bcfb-d9c9cf3aaa6f,Easypaisa,Banking,Hamoon Kumar,Unknown,5,2025-11-06 10:10:46,Good 👍,good 👍,0,2,6,1,0,0,1.0,0,0,0.4404,1,0,1,0.0,0,9,0,5.0,0.0
980c1983-4016-4d36-89d3-07227328248c,Easypaisa,Banking,Abdul Ghaffar,Unknown,5,2025-11-06 10:13:48,He is veryyyyyyy Good app,he is veryyyyyyy good app,0,5,25,0,0,0,1.0,0,1,0.4404,1,0,1,0.0,0,1,0,5.0,0.0
6436277c-be20-40ef-beaa-5054810524e7,Easypaisa,Banking,Meer Hadi,Unknown,5,2025-11-06 10:17:34,Very Nice App,very nice app,0,3,13,0,0,0,1.0,0,1,0.4754,1,0,1,0.0,0,3,0,5.0,0.0
47626948-e738-4b51-85c3-15f9262fa21e,Easypaisa,Banking,QALAB JUTT,Unknown,1,2025-11-06 10:18:08,very Slow and every week app reinstall,very slow and every week app reinstall,0,7,38,0,0,0,1.0,1,1,0.0,1,0,1,0.0,0,1,0,1.0,0.0
96be3f01-5da8-471a-b9a5-07c1c792561c,Easypaisa,Banking,Hamd Gulan,Unknown,1,2025-11-06 10:44:28,they eat my money not a good app,they eat my money not a good app,0,8,32,0,0,0,1.0,0,1,-0.3412,1,0,1,0.0,0,1,0,1.0,0.0
b480e191-1434-4b93-bace-d43d094781ac,Easypaisa,Banking,Izhar Ali,Unknown,5,2025-11-06 10:51:26,Awesome & easy life.,awesome & easy life.,0,4,20,0,0,0,1.0,0,0,0.7906,1,0,1,0.0,0,1,0,5.0,0.0
fef29710-9cd4-4ee0-a1f7-f3c822925556,Easypaisa,Banking,Shoukatali Ali,Unknown,5,2025-11-06 11:20:04,excelent,excelent,0,1,8,0,0,0,1.0,0,0,0.0,1,0,1,0.0,0,1,0,5.0,0.0
788cd36b-5232-47bf-bb06-0b13a4e28af5,Easypaisa,Banking,M Imran Soomro,Unknown,5,2025-11-06 11:26:41,very nice,very nice,0,2,9,0,0,0,1.0,0,0,0.4754,1,0,1,0.0,0,3,0,5.0,0.0
b761d154-0a35-49f2-931d-0757588fa9f0,Easypaisa,Banking,Umar Hayat,Unknown,5,2025-11-06 11:42:22,very simple and easy to use,very simple and easy to use,0,6,27,0,0,0,1.0,0,0,0.4877,1,0,1,0.0,0,1,0,5.0,0.0
8ceea4e9-c4be-4407-9256-ea118bb000f0,Easypaisa,Banking,Dolat Kumar,Unknown,5,2025-11-06 11:57:44,Star ⭐⭐,star ⭐⭐,0,2,7,0,0,0,1.0,0,0,0.0,1,0,1,0.0,0,1,0,5.0,0.0
97970d52-768d-4ed3-9de3-8b3b6acdf5f5,Easypaisa,Banking,Zaffer Mehmood Mughal,Unknown,5,2025-11-06 12:09:56,this app is not good,this app is not good,0,5,20,0,0,0,1.0,0,1,-0.3412,1,0,1,0.0,0,1,0,5.0,0.0
d48b0434-4e66-4cc4-801d-3c4608ae4c02,Easypaisa,Banking,Ikhtiar Gull,Unknown,1,2025-11-06 12:11:14,sms alert problem,sms alert problem,0,3,17,0,0,0,1.0,0,0,-0.128,1,0,1,0.0,0,1,0,1.0,0.0
412e9a4c-f290-4d18-9936-b3a30da54d29,Easypaisa,Banking,Maria Nabeel,Unknown,2,2025-11-06 12:36:00,good a,good a,0,2,6,0,0,0,1.0,0,0,0.4404,1,0,1,0.0,0,1,0,2.0,0.0
45455000-3ee6-47f3-ad24-4fe3cf81c884,Easypaisa,Banking,Affan shafiq,Unknown,5,2025-11-06 12:52:51,very good 👍😊,very good 👍😊,0,3,12,2,0,0,1.0,0,0,0.8479,1,0,1,0.0,0,1,0,5.0,0.0
15f43f0f-5148-4639-8d87-8233a797501b,Easypaisa,Banking,Haroon Khushal,Unknown,5,2025-11-06 13:04:26,Very best app,very best app,0,3,13,0,0,0,1.0,0,1,0.6697,1,0,1,0.0,0,1,0,5.0,0.0
3be8d304-cfa9-4701-85ec-737b78741644,Easypaisa,Banking,Ahmed Khan,Unknown,5,2025-11-06 13:20:59,halp ful,halp ful,0,2,8,0,0,0,1.0,0,0,0.0,1,0,2,273986.0,0,1,0,4.0,1.4142135623730951
83efbec6-b574-4969-875e-f810243adfa0,Easypaisa,Banking,Abdulhadi Khan Khan,Unknown,5,2025-11-06 13:45:06,Beauti full,beauti full,0,2,11,0,0,0,1.0,0,0,0.0,1,0,1,0.0,0,1,0,5.0,0.0
7fc27840-0059-49bc-b22f-7e2ea2af183c,Easypaisa,Banking,Said Rehman,Unknown,1,2025-11-06 13:48:27,error code! it's been three days that I can't transfer money. I did complain about this issue but still it's not working properly. I need my but I can't transfer. the worst app to keep money. 😤,error code! it's been three days that i can't transfer money. i did complain about this issue but still it's not working properly. i need my but i can't transfer. the worst app to keep money. 😤,0,37,193,1,0,0,0.8108108108108109,0,1,0.4824,1,0,1,0.0,0,1,0,1.0,0.0
8f47cda6-eddf-419c-83d2-3c7ce4b5a4e8,Easypaisa,Banking,Mehdi Hussain,Unknown,4,2025-11-06 13:48:38,easypaisa is best wallet,easypaisa is best wallet,0,4,24,0,0,0,1.0,0,0,0.6369,1,0,1,0.0,0,1,0,4.0,0.0
3f28a687-7fdc-471f-a578-38ea18d19117,Easypaisa,Banking,Saif Ullah Rana,Unknown,5,2025-11-06 13:58:43,everything is good 💯😊,everything is good 💯😊,0,4,21,2,0,0,1.0,0,0,0.836,1,0,1,0.0,0,1,0,5.0,0.0
c946f8ab-695e-4027-900e-cb2aa5bbfcae,Easypaisa,Banking,Arham Saleem,Unknown,1,2025-11-06 13:59:47,gandi service bad bad bad bad,gandi service bad bad bad bad,0,6,29,0,0,0,0.5,0,0,-0.9325,1,0,1,0.0,0,1,0,1.0,0.0
b769d6ac-c582-4596-80e4-08944140e767,Easypaisa,Banking,Uzair Mahar,Unknown,5,2025-11-06 14:01:19,nice performance,nice performance,0,2,16,0,0,0,1.0,0,0,0.4215,1,0,1,0.0,0,1,0,5.0,0.0
f576d317-1f6f-4862-be40-95164d00b4f2,Easypaisa,Banking,Nemat Ullah,Unknown,5,2025-11-06 14:03:19,it's a very helpful online transactions wallet easily debit and credit app by us i like this..,it's a very helpful online transactions wallet easily debit and credit app by us i like this..,0,17,94,0,0,0,1.0,0,1,0.8622,1,0,1,0.0,0,1,0,5.0,0.0
bb30a540-57bc-48a9-8812-e3bddf97c153,Easypaisa,Banking,Usman Sami,Unknown,5,2025-11-06 14:06:25,nice app♥️,nice app♥️,0,2,10,0,0,0,1.0,0,1,0.7906,1,0,1,0.0,0,1,0,5.0,0.0
e77038d4-6698-4347-8b3e-9ac58db7abc0,Easypaisa,Banking,Danish Raja,Unknown,5,2025-11-06 14:08:13,nice's app,nice's app,0,2,10,0,0,0,1.0,0,1,0.0,1,0,1,0.0,0,1,0,5.0,0.0
57a2d325-354c-4082-99c9-de286ae0d775,Easypaisa,Banking,ABDUL ZAHIRKHAN,Unknown,3,2025-11-06 14:33:18,good app for Pakistan,good app for pakistan,0,4,21,0,0,0,1.0,0,1,0.4404,1,0,1,0.0,0,1,0,3.0,0.0
f825147e-ffa9-4ba2-a538-064157bde356,Easypaisa,Banking,Emmanuel Sardar,Unknown,5,2025-11-06 14:43:32,it's so Good,it's so good,0,3,12,0,0,0,1.0,0,0,0.4927,1,0,1,0.0,0,1,0,5.0,0.0
adf5bc87-33c1-434f-ace6-cea585875d9d,Easypaisa,Banking,Adnan yousaf raja,Unknown,1,2025-11-06 14:45:30,bad service,bad service,0,2,11,0,0,0,1.0,0,0,-0.5423,1,0,1,0.0,0,1,0,1.0,0.0
30d58b09-cae5-427f-b561-efcf26549b00,Easypaisa,Banking,Naeem Ullah,Unknown,1,2025-11-06 14:47:48,alot of bug in app,alot of bug in app,0,5,18,0,0,0,1.0,0,1,0.0,1,0,2,699873.0,0,1,0,2.5,2.1213203435596424
4aeaadff-3500-42ad-8dd4-295924671ba3,Easypaisa,Banking,Mehmood Shujra,Unknown,5,2025-11-06 15:02:53,excellent experience,excellent experience,0,2,20,0,0,0,1.0,0,0,0.5719,1,0,1,0.0,0,1,0,5.0,0.0
22fc11ec-6e58-4ac8-9eeb-ed81e0f6f077,Easypaisa,Banking,mobiii chudary,Unknown,1,2025-11-06 15:09:22,"recently I deleted this app , and now I couldn't install it again. kindly guide me","recently i deleted this app , and now i couldn't install it again. kindly guide me",0,16,82,0,0,0,0.9375,1,1,0.4939,1,0,1,0.0,0,1,0,1.0,0.0
1c882801-01c9-4874-8057-dfda8794e13a,Easypaisa,Banking,Hassnain Iqbal,Unknown,1,2025-11-06 15:10:04,not usefully and earr,not usefully and earr,0,4,21,0,0,0,1.0,0,0,-0.3252,1,0,1,0.0,0,1,0,1.0,0.0
2d89f097-d4ac-4a92-8bbe-f9f16e988a5f,Easypaisa,Banking,Shah Nawaz,Unknown,5,2025-11-06 15:22:23,This app is very good and useful app. Thank you very much for making it.👌❤️❤️❤️❤️,this app is very good and useful app. thank you very much for making it.👌❤️❤️❤️❤️,0,15,81,1,0,0,0.9333333333333333,0,1,0.9324,1,0,1,0.0,0,1,0,5.0,0.0
dc458c9f-bc1b-41ab-8a49-b9faab008caa,Easypaisa,Banking,Sulaiman Orakzai,Unknown,5,2025-11-06 15:24:29,well ❤️‍🩹,well ❤️‍🩹,0,2,9,1,0,0,1.0,0,0,0.2732,1,0,1,0.0,0,1,0,5.0,0.0
4ef1c764-2012-47bc-812b-8cc3326a59f8,Easypaisa,Banking,Ali Ahmed (Jutt Saab),Unknown,5,2025-11-06 15:48:47,App is note update plzz noted,app is note update plzz noted,0,6,29,0,0,0,1.0,0,1,0.0,1,0,1,0.0,0,1,0,5.0,0.0
a734712a-7759-432e-a6fd-0d318f8b3231,Easypaisa,Banking,Sardar Hamid,Unknown,5,2025-11-06 16:04:33,Good 👍👍👍👍,good 👍👍👍👍,0,2,9,4,0,0,1.0,0,0,0.4404,1,0,1,0.0,0,1,0,5.0,0.0
985715b0-d7d4-4a83-af9e-52c3202a5f27,Easypaisa,Banking,Shahzaib Khan,Unknown,5,2025-11-06 16:21:49,very easy and helping app ever,very easy and helping app ever,0,6,30,0,0,0,1.0,0,1,0.6865,1,0,2,355201.0,0,1,0,5.0,0.0
ab1e34d8-941b-4e90-9d90-a3ba89a0c2d9,Easypaisa,Banking,Imran Rajpoot,Unknown,5,2025-11-06 16:22:14,level up 💪,level up 💪,0,3,10,1,0,0,1.0,0,0,0.0,1,0,1,0.0,0,1,0,5.0,0.0
caac6b05-4a27-45f5-8496-87f513587195,Easypaisa,Banking,Sadaf Sadaf noman,Unknown,1,2025-11-06 16:22:17,good job,good job,0,2,8,0,0,0,1.0,0,0,0.4404,1,0,1,0.0,0,4,0,1.0,0.0
634e1352-71b1-4a3d-a7c0-7d7190141b11,Easypaisa,Banking,Sanuu Nuuu,Unknown,5,2025-11-06 16:23:51,the esyepaisa app is very important to mobile lode same important thing,the esyepaisa app is very important to mobile lode same important thing,0,12,71,0,0,0,0.9166666666666666,0,1,0.4391,1,0,1,0.0,0,1,0,5.0,0.0
28f2e5ab-2b82-4f4f-82b8-1af7146ff3d1,Easypaisa,Banking,Afaq Ahmad,Unknown,5,2025-11-06 16:24:34,great,great,0,1,5,0,0,0,1.0,0,0,0.6249,1,0,1,0.0,0,6,0,5.0,0.0
9fdddfbf-fef7-4ed8-9e20-f3f83a197ae3,Easypaisa,Banking,Tanha Raaj,Unknown,5,2025-11-06 16:58:25,m using this app from day 1st. but now m facing 1problm after every 2 days. that is (this app is not download by play store etc. what's the wrong with this app. kindly admin fix my problem. thnx,m using this app from day 1st. but now m facing 1problm after every 2 days. that is (this app is not download by play store etc. what's the wrong with this app. kindly admin fix my problem. thnx,2,39,194,0,0,0,0.8974358974358975,1,1,-0.7144,1,0,1,0.0,0,1,1,5.0,0.0
7fc392f3-603f-4c50-b4f3-039dcaa6ba15,Easypaisa,Banking,MALIK RASHID,Unknown,5,2025-11-06 17:45:15,I love you 😙💗,i love you 😙💗,0,4,13,2,0,0,1.0,0,0,0.9501,1,0,1,0.0,0,1,0,5.0,0.0
93c444f2-10ea-4040-a270-30f938964eb2,Easypaisa,Banking,Yousaf Khan,Unknown,5,2025-11-06 17:59:00,that is great app,that is great app,0,4,17,0,0,0,1.0,0,1,0.6249,1,0,1,0.0,0,1,0,5.0,0.0
ed8e5248-9269-4702-b29b-b73e04968be1,Easypaisa,Banking,Suneha Liaqat,Unknown,4,2025-11-06 18:09:35,"I like it, Umar khan","i like it, umar khan",0,5,20,0,0,0,1.0,0,0,0.3612,1,0,1,0.0,0,1,0,4.0,0.0
8691420d-c822-4a12-8f69-6d69a9ba94f7,Easypaisa,Banking,Abdul Basit,Unknown,5,2025-11-06 18:14:18,bas aik cheez ki kami hai aur vo international transaction ki,bas aik cheez ki kami hai aur vo international transaction ki,0,11,61,0,0,0,0.9090909090909091,0,1,0.0,1,0,2,1030557.0,0,1,0,3.0,2.8284271247461903
4eb3fad5-b5cd-4121-bcfb-55aabec52dcd,Easypaisa,Banking,Ekra Khoso,Unknown,4,2025-11-06 18:22:07,Excilent Account,excilent account,0,2,16,0,0,0,1.0,0,0,0.0,1,0,1,0.0,0,1,0,4.0,0.0
b6f34b68-b9f7-4686-a659-5457c63f1494,Easypaisa,Banking,inocent queen,Unknown,5,2025-11-06 18:42:01,not open account,not open account,0,3,16,0,0,0,1.0,0,0,0.0,1,0,1,0.0,0,1,0,5.0,0.0
b0262ce7-acec-4099-a7ab-35e2a1312dbf,Easypaisa,Banking,Anis Ahmad,Unknown,5,2025-11-06 18:58:58,good work app,good work app,0,3,13,0,0,0,1.0,0,1,0.4404,1,0,1,0.0,0,1,0,5.0,0.0
b913bc7c-ceba-46ea-85f1-ea393afe85af,Easypaisa,Banking,raja rizwan,Unknown,1,2025-11-06 19:39:17,app not updating tell me way and no opening app,app not updating tell me way and no opening app,0,10,47,0,0,0,0.9,0,1,-0.296,1,0,1,0.0,0,1,0,1.0,0.0
ee2a9451-6628-4537-8dc4-e8cf0f82f2d8,Easypaisa,Banking,Imam Shamil,Unknown,5,2025-11-06 19:41:28,easy transition Bank,easy transition bank,0,3,20,0,0,0,1.0,0,0,0.4404,1,0,1,0.0,0,1,0,5.0,0.0
62160983-def0-4c92-813b-0ba8cb799159,Easypaisa,Banking,Maria Ali,Unknown,5,2025-11-06 19:54:08,every time i update easy paisa it doesn't open directly i have to re install it again n again don't know what is wrong,every time i update easy paisa it doesn't open directly i have to re install it again n again don't know what is wrong,0,24,118,0,0,0,0.875,1,0,-0.0516,1,0,1,0.0,0,1,0,5.0,0.0
b8de4089-83a8-41e4-b81a-a6e76d11fcdc,Easypaisa,Banking,Danish Baloch,Unknown,5,2025-11-06 20:24:43,great app i love ❤️❤️,great app i love ❤️❤️,0,5,21,0,0,0,1.0,0,1,0.8519,1,0,1,0.0,0,1,0,5.0,0.0
88f2284b-4fdd-4273-ba2d-7da013e77f04,Easypaisa,Banking,Muhammad Abid Qureshi,Unknown,5,2025-11-06 20:46:31,the best app,the best app,0,3,12,0,0,0,1.0,0,1,0.6369,1,0,1,0.0,0,1,0,5.0,0.0
8a7cb2b4-8ea2-4d4b-8eea-51f5bbad6e13,Easypaisa,Banking,Zain bachaaa74,Unknown,5,2025-11-06 21:10:12,happy,happy,1,1,5,0,0,0,1.0,0,1,0.5719,1,0,1,0.0,0,1,0,5.0,0.0
1ddea251-377b-4bf1-bce2-aa932aed9d13,Easypaisa,Banking,M Zakir Khan,Unknown,2,2025-11-06 21:15:57,good 👍👍👍,good 👍👍👍,0,2,8,3,0,0,1.0,0,0,0.4404,1,0,1,0.0,0,2,0,2.0,0.0
b142da58-a874-48a9-94f8-0ce83e2fd1d7,Easypaisa,Banking,Ali Ali,Unknown,5,2025-11-06 21:31:31,credit secor,credit secor,0,2,12,0,0,0,1.0,0,0,0.3818,1,0,1,0.0,0,1,0,5.0,0.0
50c9670f-c2ef-48c7-b1e9-11202a5d8dd2,Easypaisa,Banking,Sher Ali,Unknown,4,2025-11-06 22:30:38,I like nice app,i like nice app,0,4,15,0,0,0,1.0,0,1,0.6486,1,0,1,0.0,0,1,0,4.0,0.0
09e166ed-0d53-4e3a-a954-91856ba0308f,Easypaisa,Banking,Jamial Shuja,Unknown,5,2025-11-06 22:39:07,89 /5000,89 /5000,0,2,8,0,0,0,1.0,0,0,0.0,1,0,1,0.0,0,1,0,5.0,0.0
fce79e38-dfad-465a-b712-294710ace6e5,Easypaisa,Banking,Imtiazhussain LodhraPakistan,Unknown,1,2025-11-06 23:22:25,I'm overseas Pakistani I need to reset pin password but it's very difficult for me facing error,i'm overseas pakistani i need to reset pin password but it's very difficult for me facing error,0,17,95,0,0,0,1.0,0,0,-0.8042,1,0,1,0.0,0,1,0,1.0,0.0
eb4c7f69-3838-4ddf-8d23-2c67c692a5b5,Easypaisa,Banking,Mehran Khan,Unknown,4,2025-11-07 01:45:59,nice easypaise,nice easypaise,0,2,14,0,0,0,1.0,0,0,0.4215,1,0,2,295983.0,0,1,0,4.5,0.7071067811865476
cf4edcea-ba05-49c0-a33b-481e25d0736a,Easypaisa,Banking,Ch Jahangir,Unknown,3,2025-11-07 03:04:27,excellent,excellent,0,1,9,0,0,0,1.0,0,0,0.5719,1,0,1,0.0,0,6,0,3.0,0.0
1213150a-3212-4d7c-8f64-3e1465ad743c,Easypaisa,Banking,Abdal Khan,Unknown,4,2025-11-07 03:49:35,helpful,helpful,0,1,7,0,0,0,1.0,0,0,0.4215,1,0,1,0.0,0,1,0,4.0,0.0
def6dc76-a05a-468b-bb19-461843dd0d61,Easypaisa,Banking,shakeel Abbas,Unknown,4,2025-11-07 03:52:37,I think this app is very important of all easy paisa users. I am very happy to daily collect my reward on this app,i think this app is very important of all easy paisa users. i am very happy to daily collect my reward on this app,0,24,114,0,0,0,0.8333333333333334,0,1,0.9133,1,0,1,0.0,0,1,0,4.0,0.0
6a1ebe84-f60e-4570-be23-4ac44192bf8e,Easypaisa,Banking,Toqeer Khan,Unknown,1,2025-11-07 05:53:55,no good,no good,0,2,7,0,0,0,1.0,0,0,-0.3412,1,0,1,0.0,0,1,0,1.0,0.0
b813d602-3dbb-4569-926b-74139c9fa5b3,Easypaisa,Banking,Muhammad Ahmad12,Unknown,1,2025-11-07 06:19:56,please help and create my account,please help and create my account,0,6,33,0,0,0,1.0,0,0,0.7269,1,0,1,0.0,0,1,1,1.0,0.0
471830ff-fb8d-4dc8-af48-4d712b1abf1b,Easypaisa,Banking,Adilbhatti Bhatti,Unknown,4,2025-11-07 07:07:28,good experience 😀 good 😊👍,good experience 😀 good 😊👍,0,5,25,3,0,0,0.8,0,0,0.9231,1,0,1,0.0,0,1,0,4.0,0.0
8ab0c4dd-6d02-4009-ad63-a0b3758e3dbc,Easypaisa,Banking,VINOD SOLANKI,Unknown,4,2025-11-07 07:52:18,good work,good work,0,2,9,0,0,0,1.0,0,0,0.4404,1,0,1,0.0,0,8,0,4.0,0.0
aea615da-718b-4448-ac5b-e80656a8c832,Easypaisa,Banking,Google Naizi,Unknown,5,2025-11-07 08:01:20,full support 💪,full support 💪,0,3,14,1,0,0,1.0,0,0,0.4019,1,0,1,0.0,0,1,0,5.0,0.0
26fd96fc-cc09-4635-aca0-27d56fb66b74,Easypaisa,Banking,Bismil sdk,Unknown,5,2025-11-07 08:32:11,Easypaisa bank good but Account blacklist problem everyone please no blacklist account and open blacklist account,easypaisa bank good but account blacklist problem everyone please no blacklist account and open blacklist account,0,16,113,0,0,0,0.75,0,0,-0.3506,1,0,1,0.0,0,1,0,5.0,0.0
63871cb4-9076-4d5a-92c3-fb78a8205305,Easypaisa,Banking,Usama Zahid,Unknown,5,2025-11-07 09:06:34,nice smart bank,nice smart bank,0,3,15,0,0,0,1.0,0,0,0.6705,1,0,1,0.0,0,1,0,5.0,0.0
9401c7a0-f7ad-4f7a-8f06-ff0cd292acfb,Easypaisa,Banking,Habiba Khan,Unknown,5,2025-11-07 09:07:04,excellent 👌,excellent 👌,0,2,11,1,0,0,1.0,0,0,0.87,1,0,1,0.0,0,1,0,5.0,0.0
e18205f1-bb4e-4ec3-a82e-8d78d54fcd07,Easypaisa,Banking,Naveed Aslam,Unknown,3,2025-11-07 09:25:07,good 👍,good 👍,0,2,6,1,0,0,1.0,0,0,0.4404,1,0,1,0.0,0,9,0,3.0,0.0
40515d12-7061-483d-a6ac-2995e2b2b8ed,Easypaisa,Banking,Ali Nawaz Joiya,Unknown,5,2025-11-07 09:32:06,best bank,best bank,0,2,9,0,0,0,1.0,0,0,0.6369,1,0,1,0.0,0,1,0,5.0,0.0
442f890e-00d7-4c47-9568-e9ad14f112b9,Easypaisa,Banking,Abdul Rehman,Unknown,5,2025-11-07 09:41:22,helpful app ever,helpful app ever,0,3,16,0,0,0,1.0,0,1,0.4215,1,0,3,448724.0,0,1,0,4.0,1.0
7d8aaf2e-cf59-4811-ad3a-f8fa335366dd,Easypaisa,Banking,Abdul Raheem,Unknown,1,2025-11-07 10:10:09,finger not match,finger not match,0,3,16,0,0,0,1.0,0,0,0.0,1,0,1,0.0,0,1,0,1.0,0.0
3515cb24-9b01-4c43-9452-21e86bc8d0d8,Easypaisa,Banking,Syed Shah,Unknown,2,2025-11-07 10:26:27,mere account se paise transfer nhe horhae error arha ha please ye kaise tk hoga,mere account se paise transfer nhe horhae error arha ha please ye kaise tk hoga,0,15,79,0,0,0,1.0,0,0,0.25,1,0,1,0.0,0,1,0,2.0,0.0
282afbee-8f64-4f0d-a4d0-0d23a9bf0379,Easypaisa,Banking,Muhammad Saqlain,Unknown,4,2025-11-07 10:36:26,AP dunyia mein na aty tu dunyia na chltii,ap dunyia mein na aty tu dunyia na chltii,0,9,41,0,0,1,0.7777777777777778,0,0,0.0,1,0,1,0.0,0,1,0,4.0,0.0
62935326-2ee0-465e-9803-8683600dd4f5,Easypaisa,Banking,Nasir Iqbal,Unknown,5,2025-11-07 10:39:44,meraa easypaisa nhi banra q?,meraa easypaisa nhi banra q?,0,5,28,0,0,0,1.0,0,0,0.0,1,0,1,0.0,0,1,0,5.0,0.0
98ca7b5f-1bb1-4fe3-b40f-4ad6eb0a5d2d,Easypaisa,Banking,Nomii Khan,Unknown,5,2025-11-07 10:40:50,great app,great app,0,2,9,0,0,0,1.0,0,1,0.6249,1,0,1,0.0,0,3,0,5.0,0.0
7d7d326f-3240-4dc2-9708-99979628ec59,Easypaisa,Banking,Zahid Hussain,Unknown,5,2025-11-07 10:41:17,thank you,thank you,0,2,9,0,0,0,1.0,0,0,0.3612,1,0,1,0.0,0,1,0,5.0,0.0
bfbb52dd-df06-4fa7-a6f5-5f64195f0d2b,Easypaisa,Banking,Muhammad Ibrahim,Unknown,4,2025-11-07 10:54:04,Best app,best app,0,2,8,0,0,0,1.0,0,1,0.6369,1,0,3,0.0,0,9,0,4.666666666666667,0.5773502691896257
57f8e1e1-9b7d-41f1-908b-d3165c49d091,Easypaisa,Banking,sumeera soomro,Unknown,5,2025-11-07 10:59:05,supper good,supper good,0,2,11,0,0,0,1.0,0,0,0.4404,1,0,1,0.0,0,1,0,5.0,0.0
c91cdd0a-567d-447a-9ebf-0345c368b3b2,Easypaisa,Banking,Naeem Akram,Unknown,1,2025-11-07 11:07:15,worst experience with helpline and issue raised on 06 November and she is saying to be solved before 21 November... What the hell to the customer who needs urgent money stuck,worst experience with helpline and issue raised on 06 november and she is saying to be solved before 21 november... what the hell to the customer who needs urgent money stuck,0,31,174,0,0,0,0.9032258064516129,0,0,-0.8316,1,0,1,0.0,0,1,0,1.0,0.0
7612e69c-5f7a-41ad-9027-9ee88b0654a0,Easypaisa,Banking,Anees Malik,Unknown,5,2025-11-07 11:12:32,i like this app easy paisa this app really use to easy,i like this app easy paisa this app really use to easy,0,12,54,0,0,0,0.75,0,1,0.8207,1,0,1,0.0,0,1,0,5.0,0.0
42c87e87-84a1-4e35-9679-a4fb40372bf7,Easypaisa,Banking,Gulfraz Rana,Unknown,5,2025-11-07 11:15:07,very good banking,very good banking,0,3,17,0,0,0,1.0,0,0,0.4927,1,0,1,0.0,0,1,0,5.0,0.0
df534ebf-64b9-4ec5-9c57-39a438b02ae2,Easypaisa,Banking,Brazil And,Unknown,5,2025-11-07 11:17:45,very good👍,very good👍,0,2,10,1,0,0,1.0,0,0,0.4927,1,0,1,0.0,0,1,0,5.0,0.0
0a708828-9436-404f-bf72-51ac95f4e4bf,Easypaisa,Banking,"MR ,Areeb hussain",Unknown,5,2025-11-07 11:24:40,nice 👍 app,nice 👍 app,0,3,10,1,0,0,1.0,0,1,0.4215,1,0,1,0.0,0,1,0,5.0,0.0
e11544b6-5af7-4e1f-a530-ec2a58801459,Easypaisa,Banking,Abid Khan,Unknown,5,2025-11-07 11:32:52,amazing 😍,amazing 😍,0,2,9,1,0,0,1.0,0,0,0.7783,1,0,1,0.0,0,1,0,5.0,0.0
bf0b5d98-0831-4827-916c-659b37448aa4,Easypaisa,Banking,Ahmed khan,Unknown,5,2025-11-07 11:53:34,good service,good service,0,2,12,0,0,0,1.0,0,0,0.4404,1,0,1,0.0,0,5,0,5.0,0.0
634f240f-3335-4aa6-b9d9-d28b97c9fcf8,Easypaisa,Banking,Sameer Malik12,Unknown,5,2025-11-07 12:16:09,this good 😊💯,this good 😊💯,0,3,12,2,0,0,1.0,0,0,0.836,1,0,1,0.0,0,1,0,5.0,0.0
cc8ce8da-94c4-472d-bff5-27d2dfba4f70,Easypaisa,Banking,Zia Janjua Zia,Unknown,4,2025-11-07 12:16:13,best App,best app,0,2,8,0,0,0,1.0,0,1,0.6369,1,0,1,0.0,0,9,0,4.0,0.0
4379809b-d8f7-4021-9772-ec7736602b3a,Easypaisa,Banking,Saqib Khan,Unknown,5,2025-11-07 12:26:19,nice work,nice work,0,2,9,0,0,0,1.0,0,0,0.4215,1,0,1,0.0,0,2,0,5.0,0.0
03d0f61d-c46e-4232-ae9e-ab67663c66ee,Easypaisa,Banking,Muhammad Shahbaz,Unknown,5,2025-11-07 12:32:59,thank,thank,0,1,5,0,0,0,1.0,0,0,0.3612,1,0,1,0.0,0,1,0,5.0,0.0
b90ef3f6-6376-43f5-a467-a3a58983f851,Easypaisa,Banking,Haseeb Rajput,Unknown,1,2025-11-07 12:35:40,i am unable tw open my easypaisa app please check any verify.,i am unable tw open my easypaisa app please check any verify.,0,12,61,0,0,0,1.0,0,1,0.3182,1,0,1,0.0,0,1,0,1.0,0.0
290c5460-46af-4d9a-9c04-113d2507b1bb,Easypaisa,Banking,Ahmad khan,Unknown,5,2025-11-07 12:44:18,easy paisa camplante aslamulakum mera name hajran mai hai meri waldat amna mai.mera easy paisa account ni ban rha us per 2 House ka timer a jata hai plzzzzz kessy bnay ga let's me,easy paisa camplante aslamulakum mera name hajran mai hai meri waldat amna mai.mera easy paisa account ni ban rha us per 2 house ka timer a jata hai plzzzzz kessy bnay ga let's me,0,34,179,0,0,0,0.9117647058823529,0,1,0.296,1,0,1,0.0,0,1,0,5.0,0.0
8fa370f3-5067-438d-87e7-699f2cd9471e,Easypaisa,Banking,Muhammad Arslan,Unknown,1,2025-11-07 12:49:59,Yeah loan nhi dete Galt bat loans nhi dete,yeah loan nhi dete galt bat loans nhi dete,0,9,42,0,0,0,0.7777777777777778,0,0,0.296,1,0,1,0.0,0,1,0,1.0,0.0
56090f03-f502-4118-817f-58d6214e3899,Easypaisa,Banking,Muhammad Younas,Unknown,4,2025-11-07 12:52:31,This is too much quick and secure app,this is too much quick and secure app,0,8,37,0,0,0,1.0,0,1,0.34,1,0,1,0.0,0,1,0,4.0,0.0
c86d4493-5f75-448d-b81a-dd2db39e22c2,Easypaisa,Banking,Athar Awan,Unknown,5,2025-11-07 13:04:16,thats great app quick and fast paying proses,thats great app quick and fast paying proses,0,8,44,0,0,0,1.0,0,1,0.6249,1,0,1,0.0,0,1,0,5.0,0.0
70540932-40cb-46aa-ab91-e1a0a21466ff,Easypaisa,Banking,M Salman,Unknown,5,2025-11-07 13:14:57,fast and good,fast and good,0,3,13,0,0,0,1.0,0,0,0.4404,1,0,1,0.0,0,1,0,5.0,0.0
fff99d77-c80c-4a05-804e-e649feba4177,Easypaisa,Banking,Abdullah Abdullah,Unknown,1,2025-11-07 13:27:31,very bad experience of using Easypaisa. and no response to the customer by easypaisa if You complaining anything on email.,very bad experience of using easypaisa. and no response to the customer by easypaisa if you complaining anything on email.,0,20,122,0,0,0,1.0,0,0,-0.7778,1,0,2,1129311.0,0,1,0,1.0,0.0
bf501b00-db42-4b6c-874b-67f7c6710644,Easypaisa,Banking,Aamir Ali Panhwar,Unknown,5,2025-11-07 13:30:52,good service and no loan approve,good service and no loan approve,0,6,32,0,0,0,1.0,0,1,0.1779,1,0,1,0.0,0,1,0,5.0,0.0
c7171b85-6f55-4376-a819-5f8b299fb7ae,Easypaisa,Banking,Muhammad furqan,Unknown,5,2025-11-07 13:32:51,best app for personal use,best app for personal use,0,5,25,0,0,0,1.0,0,1,0.6369,1,0,1,0.0,0,1,0,5.0,0.0
2be98f58-36f4-4586-978d-e49cd85358c9,Easypaisa,Banking,Akaash Khan,Unknown,5,2025-11-07 13:39:10,100 good ♥️👌,100 good ♥️👌,0,3,12,1,0,0,1.0,0,0,0.9222,1,0,1,0.0,0,1,0,5.0,0.0
1c933740-7a50-4ee4-8adb-56a3ba73a08a,Easypaisa,Banking,Aurang Shah,Unknown,5,2025-11-07 13:39:20,Excellent,excellent,0,1,9,0,0,0,1.0,0,0,0.5719,1,0,1,0.0,0,6,0,5.0,0.0
825d7fb8-f499-4ee7-b27f-430dd571d05d,Easypaisa,Banking,Arab Niazi,Unknown,5,2025-11-07 13:58:09,super good👍,super good👍,0,2,11,1,0,0,1.0,0,0,0.7783,1,0,1,0.0,0,1,0,5.0,0.0
1ef82478-997d-4711-8a3c-2ffa8de0b090,Easypaisa,Banking,Ch,Unknown,2,2025-11-07 14:13:20,Bad app this app not response on help line,bad app this app not response on help line,0,9,42,0,0,0,0.8888888888888888,0,1,-0.6964,1,0,1,0.0,0,1,0,2.0,0.0
76b9ac25-f0f0-42c2-b12f-b2667a6c34b7,Easypaisa,Banking,Azmat Jani Jani,Unknown,5,2025-11-07 14:24:17,Good work,good work,0,2,9,0,0,0,1.0,0,0,0.4404,1,0,1,0.0,0,8,0,5.0,0.0
399cb53c-9a4e-4c78-b706-c695a6b94e7d,Easypaisa,Banking,Qasim Ali,Unknown,5,2025-11-07 14:26:37,I like it easypaisa and jazz cash,i like it easypaisa and jazz cash,0,7,33,0,0,0,1.0,0,0,0.3612,1,0,1,0.0,0,1,0,5.0,0.0
6322ac52-c5e7-431d-9bd8-56e4ea3fc8f3,Easypaisa,Banking,Muhammad Wajahat,Unknown,1,2025-11-07 14:45:11,Daily basis pa update krna parta hai. Uninstall kro phir install kro. Please resolve issues,daily basis pa update krna parta hai. uninstall kro phir install kro. please resolve issues,0,15,91,0,0,0,1.0,1,1,0.5994,1,0,1,0.0,0,1,1,1.0,0.0
c00aabf1-a68e-44d4-98ba-a5774b7d709f,Easypaisa,Banking,adnan farooq,Unknown,5,2025-11-07 14:49:37,best banking app,best banking app,0,3,16,0,0,0,1.0,0,1,0.6369,1,0,1,0.0,0,1,0,5.0,0.0
e15e3621-fe95-4a08-af61-3cfc3c65ad6b,Easypaisa,Banking,Ali Raza,Unknown,5,2025-11-07 14:49:50,Very good service,very good service,0,3,17,0,0,0,1.0,0,0,0.4927,1,0,1,0.0,0,1,0,5.0,0.0
0b3e81cb-2768-4a85-a1ff-14357e54179c,Easypaisa,Banking,Karan singh,Unknown,5,2025-11-07 14:57:32,nice for loan,nice for loan,0,3,13,0,0,0,1.0,0,0,0.4215,1,0,1,0.0,0,1,0,5.0,0.0
e9e7ba43-bb3c-4464-bed0-7e1b3e831952,Easypaisa,Banking,Qadeer “Khan” Khan,Unknown,4,2025-11-07 15:05:17,easy used,easy used,0,2,9,0,0,0,1.0,0,0,0.4404,1,0,1,0.0,0,1,0,4.0,0.0
94d39d22-26bd-4bb7-9b2f-d870555be852,Easypaisa,Banking,M.Aqib.418,Unknown,5,2025-11-07 15:06:41,Its to Good For transfering Money 💰,its to good for transfering money 💰,0,7,35,1,0,0,1.0,0,0,0.4404,1,0,1,0.0,0,1,0,5.0,0.0
dcde81e1-7ae5-4912-9da5-708908a5dd1b,Easypaisa,Banking,Zafar Khan,Unknown,5,2025-11-07 15:08:11,great 👌,great 👌,0,2,7,1,0,0,1.0,0,0,0.8816,1,0,1,0.0,0,1,0,5.0,0.0
da698d25-c0e5-4fe9-8e3c-addd2955dd47,Easypaisa,Banking,Professor Umar,Unknown,5,2025-11-07 15:26:44,useful app,useful app,1,2,10,0,0,0,1.0,0,1,0.4404,1,0,1,0.0,0,1,0,5.0,0.0
73f73c29-aed2-4425-ae9b-890e686bc902,Easypaisa,Banking,Laiq Ahmed,Unknown,5,2025-11-07 15:48:00,great app for short payment,great app for short payment,0,5,27,0,0,0,1.0,0,1,0.6249,1,0,1,0.0,0,1,0,5.0,0.0
3a4bfc3f-4c58-410e-afb5-01f0590e113e,Easypaisa,Banking,Abdul Rehman Bhatti786,Unknown,5,2025-11-07 16:21:14,Good job,good job,0,2,8,0,0,0,1.0,0,0,0.4404,1,0,1,0.0,0,4,0,5.0,0.0
7d0fb5d1-e369-4cd5-9af1-1aba42188ee8,Easypaisa,Banking,Irfan Drishak,Unknown,5,2025-11-07 16:24:14,easypaisa account is very easy too use and fast application,easypaisa account is very easy too use and fast application,0,10,59,0,0,0,1.0,0,1,0.4927,1,0,1,0.0,0,1,0,5.0,0.0
f5b5e162-b3ad-45ea-bb4e-1f74834a95d7,Easypaisa,Banking,Aminpk Afridi,Unknown,2,2025-11-07 16:25:21,great 👍,great 👍,0,2,7,1,0,0,1.0,0,0,0.6249,1,0,1,0.0,0,4,1,2.0,0.0
7cdf5217-1d32-496d-b829-bd0229b6f06a,Easypaisa,Banking,Sibgha tar Rehman,Unknown,1,2025-11-07 16:33:09,my account is not working form past 15 days .occurs transaction error,my account is not working form past 15 days .occurs transaction error,0,12,69,0,0,0,1.0,0,0,-0.4019,1,0,1,0.0,0,1,0,1.0,0.0
e20ea936-39ad-4a87-8b7f-7de712e552ca,Easypaisa,Banking,M-akram Baloch,Unknown,4,2025-11-07 16:38:31,good 👍 nic,good 👍 nic,0,3,10,1,0,0,1.0,0,0,0.4404,1,0,1,0.0,0,1,0,4.0,0.0
b679c837-cf9e-4546-9cbf-fefeabfd7626,Easypaisa,Banking,Harisjamali Harisjamali,Unknown,5,2025-11-07 17:05:33,this app is very nice 😘,this app is very nice 😘,0,6,23,1,0,0,1.0,0,1,0.7089,1,0,1,0.0,0,1,0,5.0,0.0
1878bb73-818d-4eeb-b55e-48d0976116f0,Easypaisa,Banking,Muhammad Arsalan Daud,Unknown,5,2025-11-07 17:05:38,System biometric should be eliminated Because it takes a lot of time to open because of this And the customer has to face a lot of problems Big kind of new device system should be abolished,system biometric should be eliminated because it takes a lot of time to open because of this and the customer has to face a lot of problems big kind of new device system should be abolished,0,36,189,0,0,0,0.7222222222222222,0,0,-0.4019,1,0,1,0.0,0,1,0,5.0,0.0
d3b64730-9f4f-4b3f-9375-4d91381897b4,Easypaisa,Banking,Farooq Hussain,Unknown,5,2025-11-07 17:13:44,very Good 👍,very good 👍,0,3,11,1,0,0,1.0,0,0,0.4927,1,0,1,0.0,0,3,0,5.0,0.0
2af03f0e-10ac-4bc0-9406-04cfdd4779ab,Easypaisa,Banking,Irfan Agha,Unknown,5,2025-11-07 17:21:55,technology for the future,technology for the future,0,4,25,0,0,0,1.0,0,0,0.0,1,0,1,0.0,0,1,0,5.0,0.0
4799bb4b-effa-4604-864b-b4fac1dfd4f6,Easypaisa,Banking,Shah Qiaz Waxir,Unknown,5,2025-11-07 17:30:02,Its not working good,its not working good,0,4,20,0,0,0,1.0,0,0,-0.3412,1,0,1,0.0,0,1,0,5.0,0.0
15428f6b-e478-411d-a283-f56b21a7f579,Easypaisa,Banking,Ahmad Noor,Unknown,5,2025-11-07 17:33:39,esay cash method,esay cash method,0,3,16,0,0,0,1.0,0,0,0.0,1,0,1,0.0,0,1,0,5.0,0.0
151e2285-29fe-4921-aaa8-e890126ba811,Easypaisa,Banking,Nouman Baig,Unknown,2,2025-11-07 17:35:07,good good,good good,0,2,9,0,0,0,0.5,0,0,0.7003,1,0,1,0.0,0,1,1,2.0,0.0
6005f608-edc8-4bf9-b25d-8c32872f9817,Easypaisa,Banking,Habib Umer,Unknown,1,2025-11-07 17:46:48,don't open it,don't open it,0,3,13,0,0,0,1.0,0,0,0.0,1,0,1,0.0,0,1,0,1.0,0.0
12381198-1843-4121-9210-cb2f30a66f0c,Easypaisa,Banking,Zaid Mohmmand,Unknown,1,2025-11-07 18:02:04,Good money app,good money app,0,3,14,0,0,0,1.0,0,1,0.4404,1,0,1,0.0,0,1,0,1.0,0.0
13cab189-c87b-482f-9ea7-83918bfa394c,Easypaisa,Banking,Muhammad Ilyas,Unknown,5,2025-11-07 18:24:29,easy Paisa to use it,easy paisa to use it,0,5,20,0,0,0,1.0,0,0,0.4404,1,0,1,0.0,0,1,0,5.0,0.0
5ee3fe11-3502-4f3f-baec-20250a6ec231,Easypaisa,Banking,Allah Bux,Unknown,5,2025-11-07 18:28:49,Excellent 👍 work 💯 zabrdast.,excellent 👍 work 💯 zabrdast.,0,5,28,2,0,0,1.0,0,0,0.5719,1,0,1,0.0,0,1,0,5.0,0.0
fd0c39c5-3ae2-44b7-9703-e0d00541d17e,Easypaisa,Banking,Junaid Ahmad,Unknown,5,2025-11-07 18:29:43,faheem,faheem,0,1,6,0,0,0,1.0,0,0,0.0,1,0,2,619823.0,0,2,0,5.0,0.0
2c8158ff-c21a-4822-9130-56d9df6d5467,Easypaisa,Banking,Arif Aroo,Unknown,5,2025-11-07 18:46:22,is a good app online transuctions benking save money use easyly,is a good app online transuctions benking save money use easyly,0,11,63,0,0,0,1.0,0,1,0.7269,1,0,1,0.0,0,1,0,5.0,0.0
cc40ede0-5888-4ac0-aa6d-325c12388aef,Easypaisa,Banking,Fahad Butt,Unknown,5,2025-11-07 19:11:55,❤️❤️❤️,❤️❤️❤️,0,1,6,0,0,0,1.0,0,0,0.0,1,0,1,0.0,0,1,0,5.0,0.0
042efdea-6d24-4e3f-a83b-dfc0089b50e4,Easypaisa,Banking,Mumtaz Rajpoot,Unknown,4,2025-11-07 20:26:23,that a good money app,that a good money app,0,5,21,0,0,0,1.0,0,1,0.4404,1,0,1,0.0,0,1,0,4.0,0.0
37676b0f-c703-462a-afb3-2c0eb5257a75,Easypaisa,Banking,Waseem Khan,Unknown,5,2025-11-07 20:43:15,why my easypaisa apps not open?,why my easypaisa apps not open?,0,6,31,0,0,0,1.0,0,1,0.0,1,0,1,0.0,0,1,0,5.0,0.0
e9917173-08bb-43d1-bcaa-a8e93b87d5d4,Easypaisa,Banking,Awan Prime,Unknown,1,2025-11-07 21:16:00,itni bekar service h inki bilkl faltu app h honest review dy rha hn,itni bekar service h inki bilkl faltu app h honest review dy rha hn,0,14,67,0,0,0,0.9285714285714286,0,1,0.5106,1,0,1,0.0,0,1,1,1.0,0.0
88cfd767-9d55-45c3-929f-f53526cd0504,Easypaisa,Banking,Ghulam Mustafa,Unknown,3,2025-11-08 02:53:29,plz help me,plz help me,0,3,11,0,0,0,1.0,0,0,0.4588,1,0,2,207737.0,0,1,0,4.0,1.4142135623730951
27c2eb77-03f6-42c9-a408-f75709cb8ac4,Easypaisa,Banking,Fazalwdood Khan,Unknown,3,2025-11-08 03:06:17,exelente,exelente,0,1,8,0,0,0,1.0,0,0,0.0,1,0,1,0.0,0,1,0,3.0,0.0
e2e4bd04-7566-40b5-ba76-4471506fb775,Easypaisa,Banking,"stá mäkhâmá dä mārgá tàrsh,:-",Unknown,1,2025-11-08 03:34:47,god tarnsicon,god tarnsicon,0,2,13,0,0,0,1.0,0,0,0.2732,1,0,1,0.0,0,1,0,1.0,0.0
17712eca-73a7-45e3-9e07-16c2107dd3e8,Easypaisa,Banking,Muhammad Talha265a,Unknown,1,2025-11-08 04:07:33,"There is no reverse payment solution in this app, there is no communication with customer care and they cannot even resolve the issue properly. I can't reverse my payment which I transfer to wrong EPC.","there is no reverse payment solution in this app, there is no communication with customer care and they cannot even resolve the issue properly. i can't reverse my payment which i transfer to wrong epc.",1,35,201,0,0,1,0.8285714285714286,0,1,-0.4912,1,0,1,0.0,0,1,0,1.0,0.0
e35f9d56-6784-4045-af31-547bbfc7c1a7,Easypaisa,Banking,Syed Israr Ul Haq,Unknown,1,2025-11-08 05:42:55,"ppor otp method, tried more than 10-15 times but otp never comes in time. when otp comes the timer went over.","ppor otp method, tried more than 10-15 times but otp never comes in time. when otp comes the timer went over.",0,21,109,0,0,0,0.8571428571428571,0,0,0.0,1,0,1,0.0,0,1,0,1.0,0.0
3db26c2b-0474-4470-8945-6ca5b421d77d,Easypaisa,Banking,mahioshah Farrwa,Unknown,1,2025-11-08 05:43:04,plzzz help me money transfrmtion issue,plzzz help me money transfrmtion issue,0,6,38,0,0,0,1.0,0,0,0.4019,1,0,1,0.0,0,1,0,1.0,0.0
d8c690be-a69f-4f25-9867-120e0c8923d0,Easypaisa,Banking,Mr Sulaman,Unknown,1,2025-11-08 07:14:35,good 😊,good 😊,0,2,6,1,0,0,1.0,0,0,0.836,1,0,1,0.0,0,2,1,1.0,0.0
5db7730b-91e9-4040-b201-0b772bcaf5d3,Easypaisa,Banking,Malik Khudadad Awan,Unknown,1,2025-11-08 07:53:33,my easy Paisa account could not open and when try to open then message show on screen that app updated from play store but I failed to open the app. 2nd time problems facing,my easy paisa account could not open and when try to open then message show on screen that app updated from play store but i failed to open the app. 2nd time problems facing,0,34,173,0,0,0,0.9117647058823529,0,1,-0.7469,1,0,1,0.0,0,1,0,1.0,0.0
63579f30-227c-4c32-afa4-62d4daeb28ce,Easypaisa,Banking,Tanveer Khan,Unknown,1,2025-11-08 08:07:28,bht msla hora h Bhai ab bar bar reinstall ka bolra h play store se download kra h Lekin phir bhi app Nhi chlri h or agar chlti h to OTP bht let Ara h time khtam hone k bad,bht msla hora h bhai ab bar bar reinstall ka bolra h play store se download kra h lekin phir bhi app nhi chlri h or agar chlti h to otp bht let ara h time khtam hone k bad,0,40,171,0,0,1,0.825,1,1,-0.2732,1,0,1,0.0,0,1,0,1.0,0.0
aec61fe2-d05d-4fb0-aa0f-14c6b7c2cb19,Easypaisa,Banking,Mueez xhah,Unknown,2,2025-11-08 09:10:03,there is a problem biomatric are not properly working and also cannot send money please check it also I can't biomatric on it show an option that biomatric failed please check it,there is a problem biomatric are not properly working and also cannot send money please check it also i can't biomatric on it show an option that biomatric failed please check it,0,32,178,0,0,0,0.78125,0,0,-0.687,1,0,1,0.0,0,1,0,2.0,0.0
b62acc1b-1e73-4ac2-9ea2-e8b455b76357,Easypaisa,Banking,Faizan Ali,Unknown,1,2025-11-08 09:21:09,still they not given me any kind of loan. as i apply for loan but everytime they refuse to say you are eligible for loan. your credit score is not meet. but my credit score is 800 +,still they not given me any kind of loan. as i apply for loan but everytime they refuse to say you are eligible for loan. your credit score is not meet. but my credit score is 800 +,1,38,181,0,0,0,0.7894736842105263,0,1,0.6124,1,0,1,0.0,0,1,1,1.0,0.0
524ce860-97fa-4d2a-8b2d-b19186876da7,Easypaisa,Banking,Sufyan Khan,Unknown,1,2025-11-08 10:16:53,some time not properly work,some time not properly work,0,5,27,0,0,0,1.0,0,0,0.0,1,0,1,0.0,0,1,0,1.0,0.0
dd525686-d9bf-4fae-aafe-e34279040523,Easypaisa,Banking,Mariya Khan,Unknown,1,2025-11-08 10:36:21,worst app always disappointed never update feature's again and again I have to uninstall and than reinstall very disturbing experience 😞,worst app always disappointed never update feature's again and again i have to uninstall and than reinstall very disturbing experience 😞,0,21,136,1,0,0,0.9047619047619048,1,1,-0.9344,1,0,1,0.0,0,1,0,1.0,0.0
1f43379b-fa4e-416b-b0d1-f2862f209c7f,Easypaisa,Banking,Assa Assa,Unknown,1,2025-11-08 10:43:51,biometrics not matching issue please solve it,biometrics not matching issue please solve it,0,7,45,0,0,0,1.0,0,0,-0.0418,1,0,1,0.0,0,1,0,1.0,0.0
93f3de97-14c5-4bd5-9c86-3b60167f86e4,Easypaisa,Banking,Faizan Akram,Unknown,4,2025-11-08 10:43:56,very useful,very useful,0,2,11,0,0,0,1.0,0,0,0.4927,1,0,1,0.0,0,2,0,4.0,0.0
16dd92a0-a1d2-4b8c-b6ce-a63b5db67610,Easypaisa,Banking,Fazal Bari,Unknown,5,2025-11-08 11:27:05,Good app make easy cash loan limit high other it was very 👍,good app make easy cash loan limit high other it was very 👍,0,13,59,1,0,0,1.0,0,1,0.7003,1,0,1,0.0,0,1,0,5.0,0.0
66b15c7f-0460-4f59-9f79-00eb24971893,Easypaisa,Banking,Israr Khan,Unknown,5,2025-11-08 11:50:00,grt app,grt app,0,2,7,0,0,0,1.0,0,1,0.0,1,0,1,0.0,0,1,0,5.0,0.0
9032c720-9b8d-4643-a54f-f9073cdb692e,Easypaisa,Banking,Hamdard University,Unknown,1,2025-11-08 12:02:01,this app not working properly in my mobile,this app not working properly in my mobile,1,8,42,0,0,0,1.0,0,1,0.0,1,0,1,0.0,0,1,0,1.0,0.0
4feba0cd-8991-44f7-bc77-e6724d3c403e,Easypaisa,Banking,asif tanha,Unknown,5,2025-11-08 12:05:06,Not working now any body know this problem?. Issue iss update from play how to update i don't understand,not working now any body know this problem?. issue iss update from play how to update i don't understand,0,19,104,0,0,0,0.9473684210526315,0,0,-0.184,1,0,1,0.0,0,1,0,5.0,0.0
d775ec26-f886-4c76-a8ff-6bee23c0e373,Easypaisa,Banking,Muhammad Kashif,Unknown,5,2025-11-08 12:11:16,out standing... good working... only easypaisa application ❤️,out standing... good working... only easypaisa application ❤️,0,8,61,0,0,0,1.0,0,1,0.4404,1,0,1,0.0,0,1,0,5.0,0.0
06babdfb-baae-45ca-8858-a451fc5630b0,Easypaisa,Banking,Ibrar Ahmad,Unknown,5,2025-11-08 12:14:39,my experience with easypaisa 1 year old easypaisa most opportunities offer,my experience with easypaisa 1 year old easypaisa most opportunities offer,0,11,74,0,0,0,0.9090909090909091,1,0,0.4391,1,0,1,0.0,0,1,0,5.0,0.0
6c7cfa6b-bd68-4745-a757-a46fc4fce3d7,Easypaisa,Banking,Ahmed Ali,Unknown,5,2025-11-08 12:25:16,very good 👍,very good 👍,0,3,11,1,0,0,1.0,0,0,0.4927,1,0,1,0.0,0,3,0,5.0,0.0
255cf69f-e46f-47f8-a8c5-f7f57e6223ea,Easypaisa,Banking,Hamza Baloch,Unknown,5,2025-11-08 12:45:52,plz my help because my CNIC not verify and not otp received me today balance send old account my plz answer me,plz my help because my cnic not verify and not otp received me today balance send old account my plz answer me,0,22,110,0,0,1,0.7727272727272727,0,0,0.5106,1,0,1,0.0,0,1,0,5.0,0.0
5a102109-5240-41df-a107-ce613d1eeec9,Easypaisa,Banking,Muneer Asimali,Unknown,5,2025-11-08 12:46:06,the app is good money app,the app is good money app,0,6,25,0,0,0,0.8333333333333334,0,1,0.4404,1,0,1,0.0,0,1,0,5.0,0.0
15e18187-4a5a-4055-9ccb-11fc995c5948,Easypaisa,Banking,Husnain,Unknown,1,2025-11-08 12:46:21,Service down issue very disappointed,service down issue very disappointed,0,5,36,0,0,0,1.0,0,1,-0.5256,1,0,1,0.0,0,1,0,1.0,0.0
204d2f1d-8bc1-4f5c-958d-00121ee9db5c,Easypaisa,Banking,Akbar Ali,Unknown,4,2025-11-08 12:46:59,very nice app i like it,very nice app i like it,0,6,23,0,0,0,1.0,0,1,0.6801,1,0,1,0.0,0,1,0,4.0,0.0
6cf43f15-7464-4b58-920c-d0f39e772a05,Easypaisa,Banking,Fazal Khoof,Unknown,3,2025-11-08 12:47:29,its so good for money transfer and receiver,its so good for money transfer and receiver,0,8,43,0,0,0,1.0,0,0,0.4927,1,0,1,0.0,0,1,0,3.0,0.0
b6a5e289-3bdb-4417-b4d8-d1e179d68995,Easypaisa,Banking,Muzammil Insari,Unknown,5,2025-11-08 12:55:30,please working My mobile app,please working my mobile app,0,5,28,0,0,0,1.0,0,1,0.3182,1,0,1,0.0,0,1,0,5.0,0.0
e56bb165-9919-4470-a615-df72643f6ef7,Easypaisa,Banking,Aumair ali Ali,Unknown,5,2025-11-08 12:59:32,hardafa update karo aur dobara update karna padta hai uske masale ka Hal nikal den,hardafa update karo aur dobara update karna padta hai uske masale ka hal nikal den,0,15,82,0,0,0,0.9333333333333333,1,1,0.0,1,0,1,0.0,0,1,0,5.0,0.0
aeffecae-5755-4141-8332-432484f89912,Easypaisa,Banking,Muhammad Bilal Shahid,Unknown,5,2025-11-08 13:04:02,"EasyPaisa is the pioneer of digital banking in Pakistan and is far more better and user friendly than any other App of same category .Keep it up Easy Paisa team , so far you are the best.","easypaisa is the pioneer of digital banking in pakistan and is far more better and user friendly than any other app of same category .keep it up easy paisa team , so far you are the best.",0,37,187,0,0,0,0.8648648648648649,0,1,0.9259,1,0,1,0.0,0,1,0,5.0,0.0
f88f4c6f-1b04-423e-a164-0db2a2895500,Easypaisa,Banking,hasnain ali,Unknown,5,2025-11-08 13:05:16,best service,best service,0,2,12,0,0,0,1.0,0,0,0.6369,1,0,1,0.0,0,1,0,5.0,0.0
3d23e0a2-93fd-4051-b8cd-01ad6511628a,Easypaisa,Banking,MaGsi SaHaB,Unknown,1,2025-11-08 13:15:14,it's not open in my mobile,it's not open in my mobile,0,6,26,0,0,0,1.0,0,0,0.0,1,0,1,0.0,0,1,0,1.0,0.0
a52982c0-a571-4d2b-92ed-143cc8ea6d60,Easypaisa,Banking,Malik Atif,Unknown,5,2025-11-08 13:25:09,App ni chal rahe 4 ghante se,app ni chal rahe 4 ghante se,0,7,28,0,0,0,1.0,0,1,0.0,1,0,1,0.0,0,1,0,5.0,0.0
58ff40a1-b4d6-4560-95d7-ce22b0df626c,Easypaisa,Banking,Muhammad Ibrahim,Unknown,5,2025-11-08 13:31:17,very good app,very good app,0,3,13,0,0,0,1.0,0,1,0.4927,1,0,3,95833.0,0,3,0,4.666666666666667,0.5773502691896257
00050bfe-8ba1-4b90-9911-36f195cd9713,Easypaisa,Banking,Khan Khan,Unknown,5,2025-11-08 13:44:14,no alternative against easypaisa app...,no alternative against easypaisa app...,0,5,39,0,0,0,1.0,0,1,-0.296,1,0,4,1034732.0,0,1,0,2.0,2.0
585d2d39-8c7c-4959-a7e8-2996e19c18c7,Easypaisa,Banking,M Riaz M Riaz Hussain,Unknown,5,2025-11-08 13:45:15,exelanr servies,exelanr servies,0,2,15,0,0,0,1.0,0,0,0.0,1,0,1,0.0,0,1,0,5.0,0.0
ccc2d9f2-9666-42dd-b8a0-a7289d6618de,Easypaisa,Banking,Rafiq G,Unknown,5,2025-11-08 13:54:19,nice👍,nice👍,0,1,5,1,0,0,1.0,0,0,0.4215,1,0,1,0.0,0,1,0,5.0,0.0
1bb77a34-b6fa-457c-87ac-4498c2c90324,Easypaisa,Banking,Mudassar khokhar,Unknown,5,2025-11-08 14:03:05,This app is good 😊,this app is good 😊,0,5,18,1,0,0,1.0,0,1,0.836,1,0,1,0.0,0,1,0,5.0,0.0
449f74a4-df5a-467e-9ab1-306e300a5b69,Easypaisa,Banking,Mughal Saab,Unknown,5,2025-11-08 14:11:05,nice and easy transfer money,nice and easy transfer money,0,5,28,0,0,0,1.0,0,0,0.6908,1,0,1,0.0,0,1,0,5.0,0.0
0b779aa8-36aa-41d4-be45-753eab27af21,Easypaisa,Banking,Iram Abbas,Unknown,5,2025-11-08 14:15:57,amazing app,amazing app,0,2,11,0,0,0,1.0,0,1,0.5859,1,0,1,0.0,0,1,0,5.0,0.0
d408eb6c-5615-4343-8a2d-220f66a37301,Easypaisa,Banking,M.shakir Rajput bhatti,Unknown,5,2025-11-08 14:24:04,"super app, very nice app","super app, very nice app",0,5,24,0,0,0,1.0,0,1,0.7902,1,0,1,0.0,0,1,0,5.0,0.0
b05c87c3-bd02-466c-871f-c04b06c51612,Easypaisa,Banking,Sher Chandio,Unknown,5,2025-11-08 14:30:05,very good apps,very good apps,0,3,14,0,0,0,1.0,0,1,0.4927,1,0,1,0.0,0,1,0,5.0,0.0
b24aaa74-49fd-4997-8603-d887d5113b3d,Easypaisa,Banking,Abdullah Pakistani,Unknown,5,2025-11-08 14:32:06,it is very easy and secure to use,it is very easy and secure to use,0,8,33,0,0,0,1.0,0,0,0.7056,1,0,1,0.0,0,1,0,5.0,0.0
88340a1c-b3e8-4aaf-842d-ae805cc15f75,Easypaisa,Banking,nafees abbasi,Unknown,1,2025-11-08 14:40:14,bekar service ho gi ha,bekar service ho gi ha,0,5,22,0,0,0,1.0,0,1,0.34,1,0,1,0.0,0,1,0,1.0,0.0
daa2ec38-c6f7-4e42-8d9e-c6e2c04476f9,Easypaisa,Banking,Jamila Tabassum,Unknown,2,2025-11-08 14:47:19,not updated on play store And even not rest pin code of my account,not updated on play store and even not rest pin code of my account,0,14,66,0,0,0,0.9285714285714286,0,0,-0.2584,1,0,1,0.0,0,1,0,2.0,0.0
a78f9863-9fd1-4291-94d2-5d35797c68ca,Easypaisa,Banking,uneeb qayyum,Unknown,5,2025-11-08 14:57:11,i really appreciate this app,i really appreciate this app,0,5,28,0,0,0,1.0,0,1,0.4576,1,0,1,0.0,0,1,0,5.0,0.0
e0592f06-bca1-488f-8608-807b4833d603,Easypaisa,Banking,inam Ullah Khan,Unknown,4,2025-11-08 15:19:27,best for online banking,best for online banking,0,4,23,0,0,0,1.0,0,0,0.6369,1,0,1,0.0,0,1,0,4.0,0.0
98620863-0ae9-4420-9e53-f5e5a4064a96,Easypaisa,Banking,Arslan Latif Bhatti,Unknown,5,2025-11-08 15:27:10,good👍,good👍,0,1,5,1,0,0,1.0,0,0,0.4404,1,0,1,0.0,0,2,0,5.0,0.0
41d0d7f5-a868-46d5-a36e-b5ad913599ea,Easypaisa,Banking,kashif shafi,Unknown,5,2025-11-08 15:36:08,Best App,best app,0,2,8,0,0,0,1.0,0,1,0.6369,1,0,1,0.0,0,9,0,5.0,0.0
991d6f36-8eb2-472a-9fb8-8181802026c5,Easypaisa,Banking,umar raza,Unknown,1,2025-11-08 15:58:42,Boht slow app chlta ha aur apni mrzi sa account ma sa paise katt lyta hn,boht slow app chlta ha aur apni mrzi sa account ma sa paise katt lyta hn,0,16,72,0,0,0,0.9375,0,1,0.34,1,0,1,0.0,0,1,0,1.0,0.0
668afe54-3e7e-4add-94b6-93085b172371,Easypaisa,Banking,Qasim Ali Qasim Ali,Unknown,5,2025-11-08 16:02:41,Best app,best app,0,2,8,0,0,0,1.0,0,1,0.6369,1,0,1,0.0,0,9,0,5.0,0.0
cb1a9df1-9338-4e21-b053-dd4c46652474,Easypaisa,Banking,Mr Qureshi,Unknown,5,2025-11-08 16:10:17,it's really nice 👍👍👍.,it's really nice 👍👍👍.,0,4,21,3,0,0,1.0,0,0,0.4754,1,0,1,0.0,0,1,0,5.0,0.0
d6b5f820-6a84-4ed6-8d26-0fe3092f7481,Easypaisa,Banking,Abida Nouman Ghouri Ghouri (Abee),Unknown,5,2025-11-08 16:13:05,it's very helpful for me,it's very helpful for me,0,5,24,0,0,0,1.0,0,0,0.4754,1,0,1,0.0,0,1,0,5.0,0.0
3f9ba75b-9d45-4ba8-9f39-85e290715b05,Easypaisa,Banking,Shafaq Khushk,Unknown,5,2025-11-08 16:18:10,Amazing and Easy to use.,amazing and easy to use.,0,5,24,0,0,0,1.0,0,0,0.7717,1,0,1,0.0,0,1,0,5.0,0.0
777c13f3-d688-4341-8bb7-cccd28726e43,Easypaisa,Banking,Zulqarnain 82,Unknown,5,2025-11-08 16:19:07,good app I am happy,good app i am happy,0,5,19,0,0,0,1.0,0,1,0.765,1,0,1,0.0,0,1,0,5.0,0.0
a8cf4490-f20a-4edc-9abe-3ebcf1cd6e28,Easypaisa,Banking,Olivia,Unknown,4,2025-11-08 16:25:20,love you,love you,0,2,8,0,0,0,1.0,0,0,0.6369,1,0,1,0.0,0,2,0,4.0,0.0
b0e1adad-eaa2-41b7-95f0-8f6c107883c0,Easypaisa,Banking,Nisar Ahme,Unknown,5,2025-11-08 16:26:00,use full,use full,0,2,8,0,0,0,1.0,0,0,0.0,1,0,1,0.0,0,1,0,5.0,0.0
bf889be1-7bb7-4eec-abd6-f80792c73800,Easypaisa,Banking,Ahmad Farooqui,Unknown,1,2025-11-08 16:28:05,hanging too much,hanging too much,0,3,16,0,0,0,1.0,0,0,0.0,1,0,1,0.0,0,1,0,1.0,0.0
5c743d8a-11ce-4ac1-b2fa-a0ca391087d8,Easypaisa,Banking,Hania Fatima,Unknown,5,2025-11-08 16:33:40,nice app 🥰,nice app 🥰,0,3,10,1,0,0,1.0,0,1,0.8779,1,0,1,0.0,0,1,0,5.0,0.0
47019802-283a-433c-a85f-bcd28518c504,Easypaisa,Banking,Laiba Basra,Unknown,5,2025-11-08 16:45:29,nice experience,nice experience,0,2,15,0,0,0,1.0,0,0,0.4215,1,0,1,0.0,0,1,0,5.0,0.0
88d1fca3-8e60-4b97-bcc9-ad2031b9d86a,Easypaisa,Banking,Bilal Khan,Unknown,5,2025-11-08 16:50:48,brilliant fantastic 😊,brilliant fantastic 😊,0,3,21,1,0,0,1.0,0,0,0.9246,1,0,2,1235896.0,0,1,0,4.5,0.7071067811865476
55750aef-8c06-4148-82c9-e4cf6bc2eeb1,Easypaisa,Banking,Azam Khan,Unknown,5,2025-11-08 16:53:46,nice application.,nice application.,0,2,17,0,0,0,1.0,0,1,0.4215,1,0,1,0.0,0,1,0,5.0,0.0
197f527b-daf9-4882-b469-4b8974c60f68,Easypaisa,Banking,Muhammad Fiaz,Unknown,5,2025-11-08 17:11:58,"very nice, easy and trust able app.","very nice, easy and trust able app.",0,7,35,0,0,0,1.0,0,1,0.8615,1,0,1,0.0,0,1,0,5.0,0.0
8396bfaf-527f-4af4-8231-fb6628d282de,Easypaisa,Banking,Ghulam Rasool,Unknown,1,2025-11-08 17:13:30,sir otp auto fetch nhi hoo raha 3 months sy try kr raha plz sir ya issue solve kr VA dyn,sir otp auto fetch nhi hoo raha 3 months sy try kr raha plz sir ya issue solve kr va dyn,0,21,88,0,0,1,0.8571428571428571,0,0,0.2732,1,0,1,0.0,0,1,0,1.0,0.0
53d16188-58c1-47de-b77a-6b24c9e53d4b,Easypaisa,Banking,Syed,Unknown,5,2025-11-08 17:28:09,easypaisa good a fast app,easypaisa good a fast app,0,5,25,0,0,0,1.0,0,1,0.4404,1,0,1,0.0,0,1,0,5.0,0.0
ce4274c7-4da7-458c-91ff-af7529cb3144,Easypaisa,Banking,Sadiq Khan,Unknown,5,2025-11-08 17:42:20,good job,good job,0,2,8,0,0,0,1.0,0,0,0.4404,1,0,1,0.0,0,4,0,5.0,0.0
2ed37478-0284-40ce-a7d9-1721435cf7e1,Easypaisa,Banking,Sohail khan Khan,Unknown,5,2025-11-08 17:54:05,very good,very good,0,2,9,0,0,0,1.0,0,0,0.4927,1,0,1,0.0,0,5,0,5.0,0.0
96972492-4e6d-4236-8b43-2ab1e0782a2d,Easypaisa,Banking,Mudassir Khan,Unknown,5,2025-11-08 18:08:05,I like it,i like it,0,3,9,0,0,0,1.0,0,0,0.3612,1,0,1,0.0,0,2,0,5.0,0.0
5a706d63-afab-44d5-84ab-cb5ba3f4a1b4,Easypaisa,Banking,Izhar Muhammad,Unknown,5,2025-11-08 18:20:09,very good app 💯💯👍,very good app 💯💯👍,0,4,17,3,0,0,1.0,0,1,0.4927,1,0,1,0.0,0,1,0,5.0,0.0
017b1aba-e6b3-4b00-bd0e-7f93d9fc56f1,Easypaisa,Banking,D/O Mushtaq Ahmed,Unknown,5,2025-11-08 18:25:43,Very good,very good,0,2,9,0,0,0,1.0,0,0,0.4927,1,0,1,0.0,0,5,0,5.0,0.0
66a58bd4-06a2-4936-a33a-71de4d886919,Easypaisa,Banking,Ayesha Faisal,Unknown,5,2025-11-08 18:44:23,owesm,owesm,0,1,5,0,0,0,1.0,0,0,0.0,1,0,1,0.0,0,1,0,5.0,0.0
a0fb1b58-07f5-4b5d-bb04-a82e1db8be01,Easypaisa,Banking,Mailk Numan,Unknown,5,2025-11-08 18:45:35,easy paisa good,easy paisa good,0,3,15,0,0,0,1.0,0,0,0.7003,1,0,1,0.0,0,1,0,5.0,0.0
2e062146-0644-40ec-be9e-a3e130e1cecf,Easypaisa,Banking,Raja Hamid,Unknown,5,2025-11-08 19:01:29,a good experience in this easypaisa account,a good experience in this easypaisa account,0,7,43,0,0,0,1.0,0,0,0.4404,1,0,1,0.0,0,1,0,5.0,0.0
6568763d-0372-4687-b7d3-82d9944a1f83,Easypaisa,Banking,Shakeel ahmed Shakeel ahmd Bashir Ahmed,Unknown,5,2025-11-08 19:02:21,CNIC par open account easy paisa app bana chata hon,cnic par open account easy paisa app bana chata hon,0,10,51,0,0,1,1.0,0,1,0.4404,1,0,1,0.0,0,1,0,5.0,0.0
682afdb0-5ed9-447c-9794-be28d7278008,Easypaisa,Banking,Muhammad Abdul Qadeer Qadeer,Unknown,5,2025-11-08 19:16:27,good 👍,good 👍,0,2,6,1,0,0,1.0,0,0,0.4404,1,0,1,0.0,0,9,0,5.0,0.0
1033f016-51e4-436e-a3bb-11a2b0eb9990,Easypaisa,Banking,Muhammad Ajmal,Unknown,1,2025-11-08 19:21:36,My Easypaisa account not working. Tell me how to login?,my easypaisa account not working. tell me how to login?,0,10,55,0,0,0,1.0,0,0,0.0,1,0,1,0.0,0,1,0,1.0,0.0
a144a0a6-a434-4bf7-b03f-b47a2f865f6c,Easypaisa,Banking,Jadoun Bhattti,Unknown,5,2025-11-08 20:13:36,it's really good,it's really good,0,3,16,0,0,0,1.0,0,0,0.4927,1,0,1,0.0,0,1,0,5.0,0.0
46e55888-5428-4d62-b1fd-381eeb047f41,Easypaisa,Banking,Adam Zaat,Unknown,4,2025-11-08 20:24:08,this best app,this best app,0,3,13,0,0,0,1.0,0,1,0.6369,1,0,1,0.0,0,1,0,4.0,0.0
d9fe5a00-2d4c-4114-bc92-6bb57a871076,Easypaisa,Banking,Qasim Awan,Unknown,5,2025-11-08 21:21:14,good 😊,good 😊,0,2,6,1,0,0,1.0,0,0,0.836,1,0,1,0.0,0,2,0,5.0,0.0
0b1397b8-0d7a-4843-8d4a-779e9163af6d,Easypaisa,Banking,Shahzad Ahmed,Unknown,1,2025-11-08 21:37:35,app is not working properly,app is not working properly,0,5,27,0,0,0,1.0,0,1,0.0,1,0,1,0.0,0,1,0,1.0,0.0
369d8fdd-7f3d-4cb7-b8f6-58ef8d0f5447,Easypaisa,Banking,Rizwan Ullah,Unknown,1,2025-11-08 21:55:10,a lot of errors and every time i want urgent cash transfer it doesn't login and doesn't work,a lot of errors and every time i want urgent cash transfer it doesn't login and doesn't work,0,18,92,0,0,0,0.8888888888888888,0,0,-0.0772,1,0,1,0.0,0,1,0,1.0,0.0
304f126d-92c2-4727-beda-6c002f59f933,Easypaisa,Banking,Zohaib Hassan,Unknown,1,2025-11-09 02:28:04,not good,not good,0,2,8,0,0,0,1.0,0,0,-0.3412,1,0,1,0.0,0,1,0,1.0,0.0
be46e55c-9204-4bf7-9b32-8d03ebefd107,Easypaisa,Banking,Wajid Afridi,Unknown,1,2025-11-09 03:13:41,again and again my account can't open,again and again my account can't open,0,7,37,0,0,0,0.8571428571428571,0,0,0.0,1,0,1,0.0,0,1,0,1.0,0.0
9c268115-b92a-426d-98b9-f17e23609cb6,Easypaisa,Banking,M. Qasim Qasim,Unknown,1,2025-11-09 03:26:30,𝒍𝒕𝒔 𝒗𝒆𝒓𝒚 𝒇𝒓𝒐𝒅 𝒎𝒚,𝒍𝒕𝒔 𝒗𝒆𝒓𝒚 𝒇𝒓𝒐𝒅 𝒎𝒚,0,4,16,0,0,0,1.0,0,0,0.0,1,0,1,0.0,0,1,0,1.0,0.0
259b89e6-0c07-4909-a332-af77e03ba192,Easypaisa,Banking,Asma Aqsam,Unknown,4,2025-11-09 03:44:12,vv good,vv good,0,2,7,0,0,0,1.0,0,0,0.4404,1,0,1,0.0,0,1,0,4.0,0.0
8c13fb21-5833-4261-84f4-e98342792043,Easypaisa,Banking,Saba Khan,Unknown,1,2025-11-09 03:57:13,chal hi Nhi raha... update likha a raha or Google Play store update b Nhi kar raha.. strange,chal hi nhi raha... update likha a raha or google play store update b nhi kar raha.. strange,0,18,92,0,0,0,0.8888888888888888,0,0,0.1531,1,0,1,0.0,0,1,0,1.0,0.0
4b0e5b28-b834-4eee-920f-12449beb35d0,Easypaisa,Banking,Liaquat M,Unknown,2,2025-11-09 04:01:12,not open my easy passa please open you,not open my easy passa please open you,0,8,38,0,0,0,0.875,0,0,-0.0274,1,0,1,0.0,0,1,0,2.0,0.0
be2c75e4-2541-442d-a9b0-a17630a6f6cd,Easypaisa,Banking,Mr Saarang,Unknown,4,2025-11-09 05:17:47,perfect,perfect,0,1,7,0,0,0,1.0,0,0,0.5719,1,0,1,0.0,0,1,0,4.0,0.0
af254b94-8701-4390-b2db-52b7c7cfee97,Easypaisa,Banking,Wasif Wattoo,Unknown,4,2025-11-09 05:35:47,nice app,nice app,0,2,8,0,0,0,1.0,0,1,0.4215,1,0,1,0.0,0,5,0,4.0,0.0
6d8ca2ca-c398-4b57-9574-e10d823b739f,Easypaisa,Banking,Mujtaba naheed,Unknown,1,2025-11-09 05:40:10,app does not inform when a new update comes which makes people alot,app does not inform when a new update comes which makes people alot,0,13,67,0,0,0,1.0,0,1,0.0,1,0,1,0.0,0,1,0,1.0,0.0
ff9eeb9d-dfd9-4942-9ce1-efe4e5a16697,Easypaisa,Banking,Nigar Ahmed,Unknown,3,2025-11-09 05:40:26,Good app for emergency uses,good app for emergency uses,0,5,27,0,0,0,1.0,0,1,0.0772,1,0,1,0.0,0,1,0,3.0,0.0
831566e1-fe40-4836-97d3-3c906bfab0e4,Easypaisa,Banking,ALI RAZA,Unknown,1,2025-11-09 05:42:06,cant get updates from the play store at vivo s1 pro,cant get updates from the play store at vivo s1 pro,0,11,51,0,0,0,1.0,0,0,0.34,1,0,1,0.0,0,1,0,1.0,0.0
cbafc587-0acf-45ef-a634-a195af374375,Easypaisa,Banking,Imran Khan,Unknown,1,2025-11-09 06:52:44,good and satisfied,good and satisfied,0,3,18,0,0,0,1.0,0,0,0.6908,1,0,2,668317.0,0,1,1,2.5,2.1213203435596424
449e51f8-49ff-43ac-890f-721f4ba4eea4,Easypaisa,Banking,Hafiz Usman,Unknown,1,2025-11-09 07:03:15,love u,love u,0,2,6,0,0,0,1.0,0,0,0.6369,1,0,1,0.0,0,1,1,1.0,0.0
7e560582-42f5-400f-b06c-cf50674db9aa,Easypaisa,Banking,aliyan mughal,Unknown,1,2025-11-09 07:16:13,mene package activate kia Lekin package hua nhi or likha aa gaya or transaction is in progress ab account se pese cut gae Hain Lekin transaction history me show nhi ho rahe na package hua he.,mene package activate kia lekin package hua nhi or likha aa gaya or transaction is in progress ab account se pese cut gae hain lekin transaction history me show nhi ho rahe na package hua he.,0,36,191,0,0,0,0.8055555555555556,0,1,-0.5423,1,0,1,0.0,0,1,0,1.0,0.0
ed62a78f-5341-4db5-af30-968c654a47e8,Easypaisa,Banking,Ali Hassan,Unknown,3,2025-11-09 07:17:50,low service,low service,0,2,11,0,0,0,1.0,0,0,-0.2732,1,0,3,1342786.0,0,1,0,2.0,1.0
289694f8-7115-4458-9645-db4685885ada,Easypaisa,Banking,Ayan Ahmed,Unknown,2,2025-11-09 07:18:54,nice app,nice app,0,2,8,0,0,0,1.0,0,1,0.4215,1,0,1,0.0,0,5,0,2.0,0.0
372a99da-5543-42a0-8a41-9616a53d11ac,Easypaisa,Banking,Rizvi Murshad,Unknown,1,2025-11-09 09:03:11,i m tryingn to open now app there is show notification did not come from google play even i always use why this is the problem showing,i m tryingn to open now app there is show notification did not come from google play even i always use why this is the problem showing,0,27,134,0,0,0,0.9259259259259259,0,1,-0.0772,1,0,1,0.0,0,1,0,1.0,0.0
74eb91ce-37d0-448c-b573-be34bf969069,Easypaisa,Banking,Wajeed Saeed,Unknown,4,2025-11-09 09:03:58,good service,good service,0,2,12,0,0,0,1.0,0,0,0.4404,1,0,1,0.0,0,5,0,4.0,0.0
211e40d4-2a1a-470f-9177-e2620d6a5214,Easypaisa,Banking,랑이 이겼다,Unknown,1,2025-11-09 09:09:10,bilawaja mayray. paysay block kar deay hai or na Frenchie kuch kar sakti na help line online complain karay .....jis say kuch hasil nahi ho raha ...ghateya service,bilawaja mayray. paysay block kar deay hai or na frenchie kuch kar sakti na help line online complain karay .....jis say kuch hasil nahi ho raha ...ghateya service,0,28,163,0,0,0,0.8928571428571429,0,1,-0.4019,1,0,1,0.0,0,1,0,1.0,0.0
ec818c5b-12fa-4108-9d77-44bbe8dc9d02,Easypaisa,Banking,Ahsan Ullah,Unknown,2,2025-11-09 09:26:25,biometric can't work,biometric can't work,0,3,20,0,0,0,1.0,0,0,0.0,1,0,1,0.0,0,1,0,2.0,0.0
1f095089-3b9c-460f-9798-3f62c19b5ec3,Easypaisa,Banking,Imtiazahmed Rashid,Unknown,4,2025-11-09 09:34:10,Great work 👏 thanks,great work 👏 thanks,0,4,19,1,0,0,1.0,0,0,0.7906,1,0,1,0.0,0,1,0,4.0,0.0
d2719887-93bf-4b7f-b35c-5b859281e581,Easypaisa,Banking,Artist Mantu,Unknown,1,2025-11-09 10:00:31,"i would not even give a single star, very bad app i recommend not to use because the biometric never completes and our money gets wasted 0 stars from me","i would not even give a single star, very bad app i recommend not to use because the biometric never completes and our money gets wasted 0 stars from me",0,30,152,0,0,0,0.9333333333333333,0,1,-0.6697,1,0,1,0.0,0,1,0,1.0,0.0
67f61105-5982-4c7d-ada2-b6ace3770a81,Easypaisa,Banking,Ghulam Muhammad,Unknown,1,2025-11-09 10:13:14,very bad,very bad,0,2,8,0,0,0,1.0,0,0,-0.5849,1,0,1,0.0,0,2,0,1.0,0.0
811aff2a-4596-49bb-9690-b7309992b109,Easypaisa,Banking,Jan M,Unknown,5,2025-11-09 10:22:28,زبردست ماشاءاللہ,زبردست ماشاءاللہ,0,2,16,0,0,0,1.0,0,0,0.0,1,0,1,0.0,0,1,0,5.0,0.0
d3bd2902-07d3-4d61-bcef-5f7694715eb1,Easypaisa,Banking,Jam Abid,Unknown,5,2025-11-09 10:22:33,wonderful app,wonderful app,0,2,13,0,0,0,1.0,0,1,0.5719,1,0,1,0.0,0,1,0,5.0,0.0
61361f40-8cd9-4d28-b55f-74db495e139a,Easypaisa,Banking,Dj Faisal,Unknown,5,2025-11-09 10:23:27,exelant,exelant,0,1,7,0,0,0,1.0,0,0,0.0,1,0,1,0.0,0,1,0,5.0,0.0
5b57b4ab-5c35-48ec-9c8d-2aadd2ad8a29,Easypaisa,Banking,Hammad Daud (Maadi),Unknown,5,2025-11-09 10:39:55,great experience with easypaisa compete to other digital apps,great experience with easypaisa compete to other digital apps,0,9,61,0,0,0,1.0,0,1,0.6249,1,0,1,0.0,0,1,0,5.0,0.0
0f54e120-afaa-4df6-9b9a-29305aa6592c,Easypaisa,Banking,hassankhan zahoor,Unknown,5,2025-11-09 10:53:27,well done 👏,well done 👏,0,3,11,1,0,0,1.0,0,0,0.2732,1,0,1,0.0,0,1,0,5.0,0.0
debdc258-d13c-4d66-8901-acde4da4e40c,Easypaisa,Banking,Riaz Rao,Unknown,5,2025-11-09 11:00:52,Out standing Service. I love it ❤️,out standing service. i love it ❤️,0,7,34,0,0,0,1.0,0,0,0.6369,1,0,1,0.0,0,1,0,5.0,0.0
7ca94336-e531-4016-b24f-b5ee3b3434e7,Easypaisa,Banking,Mehrab Leghari,Unknown,1,2025-11-09 11:03:47,"please solve my suspended account,Why easypaisa suspended my account without any reason,If It is your rule to locked any account without any reason,Then we should boycott from easypaisa usees,Please solve our problems,...","please solve my suspended account,why easypaisa suspended my account without any reason,if it is your rule to locked any account without any reason,then we should boycott from easypaisa usees,please solve our problems,...",0,32,221,0,0,0,0.75,0,0,-0.743,1,0,1,0.0,0,1,0,1.0,0.0
0b58a41a-fa03-47fd-a6c6-a0ec540ab167,Easypaisa,Banking,Ali Haider Ali Haider,Unknown,5,2025-11-09 11:20:42,Nadirali,nadirali,0,1,8,0,0,0,1.0,0,0,0.0,1,0,1,0.0,0,1,0,5.0,0.0
8b7c5be5-d079-4b7d-8a00-3964e3cdb693,Easypaisa,Banking,Shahmeer Bhatti,Unknown,5,2025-11-09 11:35:56,very good excellent 👍👍👍👍👍,very good excellent 👍👍👍👍👍,0,4,25,5,0,0,1.0,0,0,0.8004,1,0,1,0.0,0,1,0,5.0,0.0
2f31062d-4f8b-4d60-b2c4-3fb8f1486477,Easypaisa,Banking,Hussnain Maher,Unknown,1,2025-11-09 11:51:14,great service,great service,0,2,13,0,0,0,1.0,0,0,0.6249,1,0,1,0.0,0,2,1,1.0,0.0
54bbf6e8-e5e6-45ca-9d95-e3adb9ac0803,Easypaisa,Banking,Aqsa Panhwar,Unknown,5,2025-11-09 12:17:25,nice app,nice app,0,2,8,0,0,0,1.0,0,1,0.4215,1,0,1,0.0,0,5,0,5.0,0.0
fdb3847f-3c15-4637-be56-4670c6ae9167,Easypaisa,Banking,Ch Ali,Unknown,1,2025-11-09 12:22:28,remove biometric I don't login in bczn I am under 18,remove biometric i don't login in bczn i am under 18,0,11,52,0,0,0,0.9090909090909091,0,0,0.0,1,0,1,0.0,0,1,0,1.0,0.0
b675c282-9a68-46d7-9507-1e6d484e8c57,Easypaisa,Banking,Ravish Abbas,Unknown,5,2025-11-09 12:23:32,Exilecnt,exilecnt,0,1,8,0,0,0,1.0,0,0,0.0,1,0,1,0.0,0,1,0,5.0,0.0
d4cba27b-7857-405b-93b7-54afca04bc84,Easypaisa,Banking,Malhar Khan,Unknown,5,2025-11-09 12:30:21,great rewiew,great rewiew,0,2,12,0,0,0,1.0,0,0,0.6249,1,0,1,0.0,0,1,0,5.0,0.0
fba354ab-e796-4ae7-9864-88c5403caf12,Easypaisa,Banking,Mushtaq Ahmed,Unknown,5,2025-11-09 12:32:01,Good Service,good service,0,2,12,0,0,0,1.0,0,0,0.4404,1,0,1,0.0,0,5,0,5.0,0.0
1fd8987b-2b09-468e-ae36-f972ef83b424,Easypaisa,Banking,Shah G,Unknown,5,2025-11-09 12:34:01,app download and life easy,app download and life easy,0,5,26,0,0,0,1.0,1,1,0.4404,1,0,1,0.0,0,1,0,5.0,0.0
7f7ad276-22af-47a5-8b42-d99101e0cf38,Easypaisa,Banking,Khan Khan,Unknown,1,2025-11-09 12:47:11,limit problem,limit problem,0,2,13,0,0,0,1.0,0,0,-0.4019,1,0,4,82977.0,0,1,0,2.0,2.0
ddf404f7-92f5-401b-a856-6ed7cf418540,Easypaisa,Banking,Samreen Samreen shah,Unknown,5,2025-11-09 12:49:06,ISHFAQ HUSSAIN,ishfaq hussain,0,2,14,0,0,2,1.0,0,0,0.0,1,0,1,0.0,0,1,0,5.0,0.0
5edefaa6-bdb6-4121-b989-8afd7ac80ad0,Easypaisa,Banking,Ashikhan Ayesha,Unknown,5,2025-11-09 12:49:36,reinstallation is not good,reinstallation is not good,0,4,26,0,0,0,1.0,1,0,-0.3412,1,0,1,0.0,0,1,0,5.0,0.0
a842a54f-e24c-4dfa-82f4-9bb1208b0f6a,Easypaisa,Banking,Azeem Afzal,Unknown,5,2025-11-09 12:55:09,good and fast app,good and fast app,0,4,17,0,0,0,1.0,0,1,0.4404,1,0,1,0.0,0,1,0,5.0,0.0
7ef76567-8d2c-4a8c-a8c3-94869b1d501e,Easypaisa,Banking,Ch Chand,Unknown,5,2025-11-09 12:56:10,excellent,excellent,0,1,9,0,0,0,1.0,0,0,0.5719,1,0,1,0.0,0,6,0,5.0,0.0
76559ae7-3126-4b88-8662-9a038a45e102,Easypaisa,Banking,Jamroz Kiyani,Unknown,5,2025-11-09 13:02:54,easy to transfer money,easy to transfer money,0,4,22,0,0,0,1.0,0,0,0.4404,1,0,1,0.0,0,1,0,5.0,0.0
1468aeef-0953-47e0-b0ad-517c4517db6d,Easypaisa,Banking,Muhmmadzaheer Zaheer,Unknown,5,2025-11-09 13:03:03,best👍👍👍,best👍👍👍,0,1,7,3,0,0,1.0,0,0,0.6369,1,0,1,0.0,0,1,0,5.0,0.0
00c220cc-edc5-433e-a97f-b482ae9c827f,Easypaisa,Banking,Muhammad Ahtsham,Unknown,5,2025-11-09 13:06:27,good app,good app,0,2,8,0,0,0,1.0,0,1,0.4404,1,0,1,0.0,0,8,0,5.0,0.0
b3dfff88-6b2b-40fe-a891-3afa590e3566,Easypaisa,Banking,Muhammad zada,Unknown,3,2025-11-09 13:07:22,Good services but OTP delevered after 10 minut and time has been expired. But that is the failler of Telenor net work easy Pisa is good service,good services but otp delevered after 10 minut and time has been expired. but that is the failler of telenor net work easy pisa is good service,1,27,143,0,0,1,0.8888888888888888,0,0,0.8641,1,0,1,0.0,0,1,0,3.0,0.0
1050abe8-0858-41b9-9ab2-b5a382261d42,Easypaisa,Banking,Ahsan Ali,Unknown,5,2025-11-09 13:08:39,Great 👍,great 👍,0,2,7,1,0,0,1.0,0,0,0.6249,1,0,1,0.0,0,4,0,5.0,0.0
2eea75f9-271b-4011-a901-41df522ec6d9,Easypaisa,Banking,Syeda Laiba,Unknown,3,2025-11-09 13:09:46,I am having an issue with my easy paisa account .I cannot send money to any other account nor can purchase any package or anything and it is giving an error.,i am having an issue with my easy paisa account .i cannot send money to any other account nor can purchase any package or anything and it is giving an error.,0,31,157,0,0,1,0.9032258064516129,0,0,0.3818,1,0,1,0.0,0,1,0,3.0,0.0
84a94ad9-5996-4687-8f02-bb90a2e816e0,Easypaisa,Banking,Zeeshan Abbasi,Unknown,1,2025-11-09 13:10:46,payment transfer e nai ho rai or na e koi package ho ra thirdclass,payment transfer e nai ho rai or na e koi package ho ra thirdclass,0,14,66,0,0,0,0.8571428571428571,0,0,0.0,1,0,1,0.0,0,1,0,1.0,0.0
2199dd52-df97-4317-92d4-bdbc6851bcad,Easypaisa,Banking,Fahmeed FahmeedAhmed,Unknown,5,2025-11-09 13:11:26,yes app install,yes app install,0,3,15,0,0,0,1.0,1,1,0.4019,1,0,1,0.0,0,1,0,5.0,0.0
ee28dbdc-8b04-41dd-b759-012416446c6f,Easypaisa,Banking,Safiullah,Unknown,5,2025-11-09 13:15:07,Very Very Beast Agent of Easypisa app Think You Easypisa Agent Think You Soo much Agent Very Very Very Beast 🥰🥰,very very beast agent of easypisa app think you easypisa agent think you soo much agent very very very beast 🥰🥰,0,21,111,2,0,0,0.5238095238095238,0,1,0.9446,1,0,1,0.0,0,1,0,5.0,0.0
fd66f06f-1888-407d-9af5-e216477e7af2,Easypaisa,Banking,Shahnawaz Qaisrani,Unknown,5,2025-11-09 13:23:54,it's very easy for payment,it's very easy for payment,0,5,26,0,0,0,1.0,0,0,0.4927,1,0,1,0.0,0,1,0,5.0,0.0
87049f1c-4ae7-4f07-817e-e8a98913ba29,Easypaisa,Banking,Saniaghulamabbas Saniaghulamabbas,Unknown,4,2025-11-09 13:24:59,bast way to sand and received money❤️,bast way to sand and received money❤️,0,7,37,0,0,0,1.0,0,0,0.0,1,0,1,0.0,0,1,0,4.0,0.0
9c7eb982-8f62-41ad-947c-98755629db36,Easypaisa,Banking,Azeem Arshad,Unknown,5,2025-11-09 13:31:10,nice 👍,nice 👍,0,2,6,1,0,0,1.0,0,0,0.4215,1,0,1,0.0,0,4,0,5.0,0.0
1ea42b22-9d4d-45a4-a0f9-4059e66c065d,Easypaisa,Banking,Zoya Khan,Unknown,5,2025-11-09 13:43:16,it's a good app,it's a good app,0,4,15,0,0,0,1.0,0,1,0.4404,1,0,1,0.0,0,1,0,5.0,0.0
a5c1504e-d571-4361-892a-d047678ccb9e,Easypaisa,Banking,Sadi Bhand,Unknown,5,2025-11-09 13:51:49,goood,goood,0,1,5,0,0,0,1.0,0,0,0.0,1,0,1,0.0,0,2,0,5.0,0.0
0efdf8fd-6c7b-46cb-acb3-4e62db99f052,Easypaisa,Banking,M Sohail,Unknown,5,2025-11-09 13:54:50,very good app I like it,very good app i like it,0,6,23,0,0,0,1.0,0,1,0.6901,1,0,1,0.0,0,1,0,5.0,0.0
5e72f9d1-148d-4077-bc97-db64ca9b979f,Easypaisa,Banking,Malik.Naeem Akhtar,Unknown,5,2025-11-09 13:54:57,To good,to good,0,2,7,0,0,0,1.0,0,0,0.4404,1,0,1,0.0,0,2,0,5.0,0.0
d29acf94-d866-4d32-bfeb-390185c870d1,Easypaisa,Banking,Irfan Ali Joyo,Unknown,5,2025-11-09 13:59:09,amazing and great app,amazing and great app,0,4,21,0,0,0,1.0,0,1,0.836,1,0,1,0.0,0,1,0,5.0,0.0
17435c56-cdd6-46ca-9400-22ee6a8f525a,Easypaisa,Banking,Mumtaz Ali,Unknown,1,2025-11-09 14:08:15,lon ni mil rha bhi,lon ni mil rha bhi,0,5,18,0,0,0,1.0,0,0,0.0,1,0,1,0.0,0,1,0,1.0,0.0
73cff8b0-2848-4d86-b3a6-8d8c35c4b41f,Easypaisa,Banking,Khalid Hussain,Unknown,5,2025-11-09 14:39:45,Best App For Every Sim N umber,best app for every sim n umber,0,7,30,0,0,0,1.0,0,1,0.6369,1,0,1,0.0,0,1,0,5.0,0.0
288569cb-6d12-4acd-9306-6d1b07e11102,Easypaisa,Banking,Rana Sahil,Unknown,1,2025-11-09 14:42:12,vary bad,vary bad,0,2,8,0,0,0,1.0,0,0,-0.5423,1,0,1,0.0,0,1,0,1.0,0.0
cbb9a0e0-72eb-4bf2-865a-0ab8fdc0f7b6,Easypaisa,Banking,Sami Ullah,Unknown,4,2025-11-09 14:43:31,Trusted App,trusted app,0,2,11,0,0,0,1.0,0,1,0.4767,1,0,1,0.0,0,1,0,4.0,0.0
f853cae5-4b14-4b34-a37d-e26f670213e8,Easypaisa,Banking,Zohair Naga,Unknown,5,2025-11-09 14:59:11,great work 👏,great work 👏,0,3,12,1,0,0,1.0,0,0,0.6249,1,0,1,0.0,0,1,0,5.0,0.0
78bd3421-e9bc-437f-8555-6d5f18a71fc6,Easypaisa,Banking,saba bilal,Unknown,5,2025-11-09 15:10:51,Great app,great app,0,2,9,0,0,0,1.0,0,1,0.6249,1,0,1,0.0,0,3,0,5.0,0.0
5f6a3a1e-9711-4ed6-9e2b-f414010e81aa,Easypaisa,Banking,Nabeel Saeed,Unknown,3,2025-11-09 15:21:39,A question why the app is not updating from the play store. I have no access to app,a question why the app is not updating from the play store. i have no access to app,0,18,83,0,0,0,0.8888888888888888,0,1,0.0516,1,0,1,0.0,0,1,0,3.0,0.0
ecd23c6f-c5a0-4bbe-89c1-5f38ae276490,Easypaisa,Banking,Muhammad Ibrahim,Unknown,5,2025-11-09 15:26:37,the easiest way to deposit or withdraw money,the easiest way to deposit or withdraw money,0,8,44,0,0,0,1.0,0,0,0.4215,1,0,3,93320.0,0,1,0,4.666666666666667,0.5773502691896257
c3bdb92b-8f1f-4941-8121-eca7c990fec7,Easypaisa,Banking,Nouman Buzdar,Unknown,1,2025-11-09 15:28:41,Not work in my device,not work in my device,0,5,21,0,0,0,1.0,0,0,0.0,1,0,1,0.0,0,1,0,1.0,0.0
a21f1aeb-5cf5-4e0e-8154-c5bf4acad5b7,Easypaisa,Banking,umer ajmal,Unknown,1,2025-11-09 15:29:45,last week I sent 15000 to my brother in his jazz cash Account.those are still pending he is waiting there for the money.they helpline are saying your issue will resolved till 16 November 😥😥😥,last week i sent 15000 to my brother in his jazz cash account.those are still pending he is waiting there for the money.they helpline are saying your issue will resolved till 16 november 😥😥😥,0,34,190,3,0,0,0.9705882352941176,0,0,0.0516,1,0,1,0.0,0,1,0,1.0,0.0
3ea93b06-bf2e-4d59-aedf-36da55a46eaf,Easypaisa,Banking,Fatima Shazadi,Unknown,5,2025-11-09 15:30:55,we're nice best apps,we're nice best apps,0,4,20,0,0,0,1.0,0,1,0.7906,1,0,1,0.0,0,1,0,5.0,0.0
761f63c0-4aab-49b7-904d-02c4d2c3bf67,Easypaisa,Banking,selamendar rathor,Unknown,5,2025-11-09 15:31:12,"very nice, thanks alot . great app","very nice, thanks alot . great app",0,7,34,0,0,0,1.0,0,1,0.8852,1,0,1,0.0,0,1,0,5.0,0.0
6853e6de-c3b2-4c2b-b69b-4695c78e6dd8,Easypaisa,Banking,Ahmad Khan,Unknown,2,2025-11-09 15:31:39,please make some option for accidentally sent reverse cash the scammer gets my all cash and I can't reverse it 😭 please help me,please make some option for accidentally sent reverse cash the scammer gets my all cash and i can't reverse it 😭 please help me,0,24,127,1,0,0,0.875,0,0,0.2023,1,0,1,0.0,0,1,0,2.0,0.0
e5acd00e-4496-4113-97f4-fea01116af4e,Easypaisa,Banking,Israr Abbasi,Unknown,5,2025-11-09 15:37:54,very good 👍👍👍😊😊,very good 👍👍👍😊😊,0,3,15,5,0,0,1.0,0,0,0.9348,1,0,1,0.0,0,1,0,5.0,0.0
3e9aaaaa-2c3b-4d2e-b589-c634ca0e6c96,Easypaisa,Banking,Jameel Ahmad khan,Unknown,1,2025-11-09 15:38:54,not good giving error everyday while transferring money,not good giving error everyday while transferring money,0,8,55,0,0,0,1.0,0,0,-0.2924,1,0,1,0.0,0,1,0,1.0,0.0
489cb881-4eb1-4458-a690-5385b73ed740,Easypaisa,Banking,MUHAMMAD SHEHZAD,Unknown,5,2025-11-09 15:52:06,Excellent app although sometimes it shows error but still great,excellent app although sometimes it shows error but still great,0,10,63,0,0,0,1.0,0,1,0.7992,1,0,1,0.0,0,1,0,5.0,0.0
c56e846f-3857-45c0-97e4-f17e4e033b98,Easypaisa,Banking,Adeel Rind,Unknown,5,2025-11-09 15:56:06,Great,great,0,1,5,0,0,0,1.0,0,0,0.6249,1,0,1,0.0,0,6,0,5.0,0.0
4a27b717-ce34-4d4b-bcc5-9df2d3c2b3a0,Easypaisa,Banking,Sardar Umar,Unknown,1,2025-11-09 16:04:38,antai ghatiya service,antai ghatiya service,0,3,21,0,0,0,1.0,0,0,0.0,1,0,1,0.0,0,1,0,1.0,0.0
8811ba60-b3b2-423d-80af-964006654fad,Easypaisa,Banking,Asmad Jalal,Unknown,5,2025-11-09 16:28:01,good Work,good work,0,2,9,0,0,0,1.0,0,0,0.4404,1,0,1,0.0,0,8,0,5.0,0.0
f2643857-e0be-407d-81eb-a03c44644e48,Easypaisa,Banking,Muhammad Rayan,Unknown,5,2025-11-09 16:51:49,impressive but more errors in connection...still sad,impressive but more errors in connection...still sad,0,7,52,0,0,0,1.0,0,0,-0.7607,1,0,1,0.0,0,1,1,5.0,0.0
d8382c65-b5a8-4809-bba9-88e851356956,Easypaisa,Banking,Iqra Hussain,Unknown,5,2025-11-09 16:51:52,it's a wonderful app easy cash..,it's a wonderful app easy cash..,0,6,32,0,0,0,1.0,0,1,0.765,1,0,1,0.0,0,1,0,5.0,0.0
579143a4-641a-42b2-9574-269e6e72fa25,Easypaisa,Banking,Taha Khan,Unknown,5,2025-11-09 16:58:54,good services,good services,0,2,13,0,0,0,1.0,0,0,0.4404,1,0,1,0.0,0,2,0,5.0,0.0
35fd40b9-7127-48ce-87b0-abc0a9e5903a,Easypaisa,Banking,Farid Ullah,Unknown,5,2025-11-09 17:13:41,good experience,good experience,0,2,15,0,0,0,1.0,0,0,0.4404,1,0,1,0.0,0,3,0,5.0,0.0
0e5782ca-b711-4899-a97c-dff73a633d14,Easypaisa,Banking,Ali Hasnain,Unknown,5,2025-11-09 17:22:46,Such a Great App So easy to Transfer money another Network any time ..,such a great app so easy to transfer money another network any time ..,0,14,70,0,0,0,1.0,0,1,0.807,1,0,2,629125.0,0,1,0,5.0,0.0
a3e5acac-05cb-46da-9aff-21467ff2e3ee,Easypaisa,Banking,Shahzadisaiqa2585,Unknown,5,2025-11-09 17:42:01,It's great,it's great,0,2,10,0,0,0,1.0,0,0,0.6249,1,0,1,0.0,0,1,0,5.0,0.0
cece0a14-2ea0-4f08-ae4a-a55a460c11ae,Easypaisa,Banking,Adnan Khan,Unknown,1,2025-11-09 17:54:13,😡😡very Stupid app Spending too much time searching while opening the app while transferring money 😡,😡😡very stupid app spending too much time searching while opening the app while transferring money 😡,0,16,99,3,0,0,0.875,0,1,-0.5267,1,0,1,0.0,0,1,0,1.0,0.0
3decf93b-1f1c-4db8-8322-2ca56ddf7e06,Easypaisa,Banking,mr bretoo (Mr bretoo),Unknown,5,2025-11-09 18:14:46,Good work to ezay paisa😘,good work to ezay paisa😘,0,5,24,1,0,0,1.0,0,0,0.6908,1,0,1,0.0,0,1,0,5.0,0.0
915cda03-5fe6-4619-936d-199804558e3d,Easypaisa,Banking,Fun4U _110,Unknown,1,2025-11-09 18:14:47,third class customer service..,third class customer service..,0,4,30,0,0,0,1.0,0,0,0.0,1,0,1,0.0,0,1,0,1.0,0.0
01cb3332-315e-4030-ab0f-61fa534ba16e,Easypaisa,Banking,Arif Gull,Unknown,5,2025-11-09 18:32:11,best app,best app,0,2,8,0,0,0,1.0,0,1,0.6369,1,0,1,0.0,0,9,0,5.0,0.0
4739c7cb-a952-4cdb-a39f-8c4f35e9cbba,Easypaisa,Banking,Sehar Pervaiz,Unknown,5,2025-11-09 18:34:52,good work,good work,0,2,9,0,0,0,1.0,0,0,0.4404,1,0,1,0.0,0,8,0,5.0,0.0
a091c653-ac89-4bb6-bbad-8e8193512a7b,Easypaisa,Banking,Musanif Khan,Unknown,5,2025-11-09 18:47:36,piz account unlock,piz account unlock,0,3,18,0,0,0,1.0,0,0,0.0,1,0,1,0.0,0,1,0,5.0,0.0
