review_id,app_name,category,username,device,rating,timestamp,text_original,text_cleaned,thumbs_up,token_count,char_count,num_emojis,num_urls,num_uppercase_words,unique_word_ratio,contains_promo_words,has_urdu_words,sentiment_score,device_missing,generic_username,user_total_reviews,time_diff_seconds,is_burst,same_text_count,rating_text_mismatch,user_avg_rating,user_rating_std
80b4690a-3e41-460d-882e-00dbf234ba7a,Foodpanda,Food Delivery,Sazeda Sikder,Unknown,4,2025-08-03 11:17:20,Ekhane delivery ke dibe and or number ta deowa thakle help hoi I think ey jinishgulo improve kora uchid,ekhane delivery ke dibe and or number ta deowa thakle help hoi i think ey jinishgulo improve kora uchid,0,19,103,0,0,0,1.0,0,0,0.7096,1,0,1,0.0,0,1,0,4.0,0.0
7da8e077-d726-4c5d-8413-dceba4ae21b1,Foodpanda,Food Delivery,Oamr faruq,Unknown,2,2025-08-03 15:51:21,login problem. soo many restrictions 👎,login problem. soo many restrictions 👎,0,6,38,1,0,0,1.0,0,0,-0.4019,1,0,1,0.0,0,1,0,2.0,0.0
6fd9750f-a28b-4837-8b38-41ed70176a33,Foodpanda,Food Delivery,Zarakhan Khan,Unknown,4,2025-08-03 17:06:09,Quick & easy Service 👍,quick & easy service 👍,0,5,22,1,0,0,1.0,0,0,0.4404,1,0,1,0.0,0,1,0,4.0,0.0
1b5c4891-a598-4846-8a56-a18c085a10c9,Foodpanda,Food Delivery,syaqeereen 1985,Unknown,4,2025-08-04 02:20:40,"sedap,tp x pedas..","sedap,tp x pedas..",0,3,18,0,0,0,1.0,0,0,0.0,1,0,1,0.0,0,1,0,4.0,0.0
2df960e0-d79c-4418-ad6a-43ba2d809435,Foodpanda,Food Delivery,ZhongLickme,Unknown,4,2025-08-04 08:18:55,"The food delivery app is okay, its just the riders sometimes mess up your food","the food delivery app is okay, its just the riders sometimes mess up your food",2,15,78,0,0,0,0.8666666666666667,0,1,-0.1531,1,0,1,0.0,0,1,0,4.0,0.0
659ba61a-6d22-4a39-8d9b-ceeca5f82428,Foodpanda,Food Delivery,Mickey Khan,Unknown,4,2025-08-04 10:22:30,vouchers don't work,vouchers don't work,0,3,19,0,0,0,1.0,0,0,0.0,1,0,1,0.0,0,1,0,4.0,0.0
49eea014-b66d-43e9-9bbe-ca5175d82844,Foodpanda,Food Delivery,Diana Razz,Unknown,2,2025-08-04 11:26:34,app ni dulu ok ja..tp lps update n upgrade dah pening..nk order mkn pon complicated..last² bila dah buat payment app kata xbayar lg tp delivery in 15mins..,app ni dulu ok ja..tp lps update n upgrade dah pening..nk order mkn pon complicated..last² bila dah buat payment app kata xbayar lg tp delivery in 15mins..,0,27,155,0,0,0,0.9259259259259259,0,1,0.296,1,0,1,0.0,0,1,0,2.0,0.0
277031ae-ab3f-4d5a-ba81-8de07a9c362e,Foodpanda,Food Delivery,Mahamud Hasan,Unknown,4,2025-08-05 00:54:49,useful,useful,0,1,6,0,0,0,1.0,0,0,0.4404,1,0,1,0.0,0,1,0,4.0,0.0
c968f6f0-dbf1-4762-94bf-b9865cae8314,Foodpanda,Food Delivery,Shaiful Islam Shaharia,Unknown,2,2025-08-05 09:21:43,Deliveries getting excessively late. And the charges are getting high!,deliveries getting excessively late. and the charges are getting high!,0,10,70,0,0,0,0.9,0,0,-0.3382,1,0,1,0.0,0,1,0,2.0,0.0
e0f9bcbd-bf8a-48a2-be58-2519514105fb,Foodpanda,Food Delivery,Zila AJalil,Unknown,4,2025-08-05 13:50:19,easy ordering food,easy ordering food,0,3,18,0,0,0,1.0,0,0,0.4404,1,0,1,0.0,0,1,0,4.0,0.0
6ec7bf52-0d52-41af-a05d-0b75957f28ba,Foodpanda,Food Delivery,shakil imam,Unknown,4,2025-08-06 09:34:16,you are increasing delivery fee's!!!! মামু??,you are increasing delivery fee's!!!! মামু??,0,6,44,0,0,0,1.0,0,0,0.0,1,0,1,0.0,0,1,0,4.0,0.0
1229e01f-411b-4d64-a18a-128f9655cd80,Foodpanda,Food Delivery,Alishba Faraz,Unknown,4,2025-08-06 15:24:14,very nice,very nice,0,2,9,0,0,0,1.0,0,0,0.4754,1,0,1,0.0,0,2,0,4.0,0.0
cf520d5a-fe7a-4ad0-8f42-dabf0030681f,Foodpanda,Food Delivery,Joan Percano,Unknown,4,2025-08-07 13:24:36,Fast delivery .Masarap timpla ng porkchop.medyo kaunti lang nilagay na gulay ng sinigang.,fast delivery .masarap timpla ng porkchop.medyo kaunti lang nilagay na gulay ng sinigang.,0,13,89,0,0,0,0.9230769230769231,0,0,0.0,1,0,1,0.0,0,1,0,4.0,0.0
fb7320ea-ca1e-4ab7-a06f-7158d2b5009f,Foodpanda,Food Delivery,Abdul Razzaq,Unknown,4,2025-08-08 14:29:28,awesome experience love ittt,awesome experience love ittt,0,4,28,0,0,0,1.0,0,0,0.8519,1,0,1,0.0,0,1,0,4.0,0.0
ac28c74c-9a31-40c6-a552-cf30d6eccc14,Foodpanda,Food Delivery,SEA MOON,Unknown,2,2025-08-09 14:19:43,It's OK. Need improvement. There is no way to directly call the delivery man. Also no proper helpline available to complain about an issue.,it's ok. need improvement. there is no way to directly call the delivery man. also no proper helpline available to complain about an issue.,2,24,139,0,0,1,0.9166666666666666,0,0,-0.4404,1,0,1,0.0,0,1,0,2.0,0.0
a5370098-d427-4da7-bca4-f691fd30ad52,Foodpanda,Food Delivery,Patricia Louise Hernandez,Unknown,4,2025-08-10 11:03:56,"Everytime when I'm using the app, by the time I get to check out the delivery fee goes up lol. Can you just put the real time delivery fee right upfront?","everytime when i'm using the app, by the time i get to check out the delivery fee goes up lol. can you just put the real time delivery fee right upfront?",3,31,153,0,0,0,0.8064516129032258,0,1,0.4215,1,0,1,0.0,0,1,0,4.0,0.0
bd6a42e7-ffcc-4556-bed6-f3ecd95cdf92,Foodpanda,Food Delivery,Kashmala Sheikh,Unknown,4,2025-08-10 13:30:00,it's good,it's good,0,2,9,0,0,0,1.0,0,0,0.4404,1,0,1,0.0,0,2,0,4.0,0.0
77d8c6ae-1a74-4d61-b4d0-478f8622265c,Foodpanda,Food Delivery,Mr4000,Unknown,4,2025-08-10 15:45:30,how come that this app doesn't have the Maya payment method,how come that this app doesn't have the maya payment method,0,11,59,0,0,0,1.0,0,1,0.0,1,0,1,0.0,0,1,0,4.0,0.0
fd02d360-e6e6-4276-a9a4-7ffe52bd8870,Foodpanda,Food Delivery,windows wp,Unknown,4,2025-08-10 17:44:26,Good due to Variety available. But common NO DARK MODE IN 2025 KN THE APP..PLEASE ADD DARK MODE IN THE APP IT HURTS MY EYES,good due to variety available. but common no dark mode in 2025 kn the app..please add dark mode in the app it hurts my eyes,0,25,123,0,0,17,0.84,0,1,-0.7184,1,0,1,0.0,0,1,1,4.0,0.0
053c9a6a-77e8-4592-a080-1cf0904c24bd,Foodpanda,Food Delivery,Kh. Nabid Hasan,Unknown,2,2025-08-11 06:30:12,delivery time are not being maintained at all... food was cold when received... really disappointed. their consistent mess ups compelled me to visit again and reduce the rating further. service is going downhill,delivery time are not being maintained at all... food was cold when received... really disappointed. their consistent mess ups compelled me to visit again and reduce the rating further. service is going downhill,1,33,211,0,0,0,1.0,1,1,-0.6901,1,0,1,0.0,0,1,0,2.0,0.0
7a5bce76-c98d-4c55-96e3-74f7a6175701,Foodpanda,Food Delivery,Md Rahim,Unknown,4,2025-08-11 07:07:53,medium,medium,0,1,6,0,0,0,1.0,0,0,0.0,1,0,1,0.0,0,1,0,4.0,0.0
1830ea01-014f-41cb-b73e-bd242957b622,Foodpanda,Food Delivery,Ezra Abrahamson,Unknown,4,2025-08-11 17:23:33,great app.,great app.,0,2,10,0,0,0,1.0,0,1,0.6249,1,0,1,0.0,0,1,0,4.0,0.0
14840243-ddee-45db-a2be-8bdb54ee5825,Foodpanda,Food Delivery,Yeasin Arafat,Unknown,4,2025-08-12 03:23:58,Looks Good,looks good,0,2,10,0,0,0,1.0,0,0,0.4404,1,0,1,0.0,0,1,0,4.0,0.0
7fde190d-fb5b-4418-b9c1-5adcdcc96eb1,Foodpanda,Food Delivery,Ariff 2006,Unknown,2,2025-08-12 08:19:08,horrible and slow delivery it's very frustrating that the time isn't accurate it takes an hour to come to my place,horrible and slow delivery it's very frustrating that the time isn't accurate it takes an hour to come to my place,0,21,114,0,0,0,0.9523809523809523,0,0,-0.7713,1,0,1,0.0,0,1,0,2.0,0.0
6fc66be8-f989-49bb-a3c5-19b006fff4d9,Foodpanda,Food Delivery,Rayhana Khan Moon,Unknown,2,2025-08-12 10:55:04,Services are not good as before also the items are not fresh anymore,services are not good as before also the items are not fresh anymore,1,13,68,0,0,0,0.8461538461538461,0,0,-0.5216,1,0,1,0.0,0,1,0,2.0,0.0
3934bfdd-eeba-4fbf-a109-9059a4e66364,Foodpanda,Food Delivery,Shery Kayani,Unknown,2,2025-08-12 13:55:40,having a big problem I try to varify phone number after putting the correct code it won't verify and I can't verify great I can't even order now,having a big problem i try to varify phone number after putting the correct code it won't verify and i can't verify great i can't even order now,0,28,144,0,0,0,0.8571428571428571,0,0,-0.6902,1,0,1,0.0,0,1,0,2.0,0.0
01b88d17-4138-492b-9dcc-24b396701e24,Foodpanda,Food Delivery,CJ Dela Cruz,Unknown,2,2025-08-13 04:27:27,"kahit merong voucher sasabihin ""unable to use"" LOL PANDA","kahit merong voucher sasabihin ""unable to use"" lol panda",0,9,56,0,0,2,1.0,0,0,0.4215,1,0,1,0.0,0,1,0,2.0,0.0
c9183bd0-e7ba-4e10-a88a-58836ebacddd,Foodpanda,Food Delivery,Althea Clarisse Siga,Unknown,2,2025-08-13 04:29:09,3 times in a row that my order has been switched with other customers.,3 times in a row that my order has been switched with other customers.,0,14,70,0,0,0,1.0,0,0,0.0,1,0,1,0.0,0,1,0,2.0,0.0
70022eb4-d657-43e0-b0ba-32d4340d4594,Foodpanda,Food Delivery,Rafael Ysais,Unknown,2,2025-08-13 11:49:10,Try to fix foodpanda's pharmacy section. it's buggy and important items are missing.,try to fix foodpanda's pharmacy section. it's buggy and important items are missing.,1,13,84,0,0,0,1.0,0,0,-0.1027,1,0,1,0.0,0,1,0,2.0,0.0
7c82343c-66c2-4cd3-9d63-5ddd18ed708a,Foodpanda,Food Delivery,Cynthia,Unknown,2,2025-08-13 12:09:45,Why is it that you can't apply senior discount vouchers to fast food restaurants while sa Grab pwede naman? This is unfair for a Senior Citizen like me.,why is it that you can't apply senior discount vouchers to fast food restaurants while sa grab pwede naman? this is unfair for a senior citizen like me.,0,28,152,0,0,0,0.9285714285714286,1,1,-0.1531,1,0,1,0.0,0,1,0,2.0,0.0
0595f56f-2e04-44b7-8466-b924935513f7,Foodpanda,Food Delivery,Danyal Khan,Unknown,4,2025-08-13 15:28:13,very nice app,very nice app,0,3,13,0,0,0,1.0,0,1,0.4754,1,0,1,0.0,0,1,0,4.0,0.0
94f5fdd9-19ff-4514-bb57-18db672e80d6,Foodpanda,Food Delivery,Kristel Crisostomo,Unknown,2,2025-08-14 03:46:50,some riders are scammers and their customer service was horrible.,some riders are scammers and their customer service was horrible.,0,10,65,0,0,0,1.0,0,0,-0.5423,1,0,1,0.0,0,1,0,2.0,0.0
ccc731da-c173-4ff7-ae28-df1959ee36f3,Foodpanda,Food Delivery,Zaw Min Tun,Unknown,4,2025-08-14 03:47:05,very good,very good,0,2,9,0,0,0,1.0,0,0,0.4927,1,0,1,0.0,0,4,0,4.0,0.0
41de4775-9c9a-414e-898b-5583dc77267a,Foodpanda,Food Delivery,Muhammad asif Asif,Unknown,4,2025-08-14 11:40:49,its a good ap but why some restaurants don't accept order with voucher 😑😑,its a good ap but why some restaurants don't accept order with voucher 😑😑,0,14,73,2,0,0,1.0,0,0,-0.2086,1,0,1,0.0,0,1,0,4.0,0.0
c6b6f5ae-a023-4b68-a7fc-0f7a0ca311fe,Foodpanda,Food Delivery,Abdul samad,Unknown,4,2025-08-14 17:34:33,Big bash chopping app,big bash chopping app,0,4,21,0,0,0,1.0,0,1,0.0,1,0,1,0.0,0,1,0,4.0,0.0
bc6b22ff-7966-4abf-a2e1-82c688212780,Foodpanda,Food Delivery,Angela,Unknown,4,2025-08-15 03:32:20,"Great and helpful, thanks","great and helpful, thanks",0,4,25,0,0,0,1.0,0,0,0.8689,1,0,1,0.0,0,1,0,4.0,0.0
33780beb-053e-4472-9afb-8041c5049894,Foodpanda,Food Delivery,Lovely jean Undona,Unknown,2,2025-08-15 04:59:34,dili langsa nako pon-on kay wapa na abot,dili langsa nako pon-on kay wapa na abot,0,8,40,0,0,0,1.0,0,0,0.0,1,0,1,0.0,0,1,0,2.0,0.0
4636fe89-3d09-46f0-8fb6-b225e3e77f91,Foodpanda,Food Delivery,MiYa Cena,Unknown,4,2025-08-15 10:44:31,"Not all branches near me are in the selection like for McDonalds, there is only 1 branch showing up, which is in Parañaque, far from me, my location is in Las Piñas, why is that?","not all branches near me are in the selection like for mcdonalds, there is only 1 branch showing up, which is in parañaque, far from me, my location is in las piñas, why is that?",5,35,178,0,0,0,0.8571428571428571,0,0,0.3612,1,0,1,0.0,0,1,0,4.0,0.0
e83ce45d-948e-47d0-a66e-678fef0e5e78,Foodpanda,Food Delivery,Tayba Malik,Unknown,4,2025-08-15 11:50:36,"Well I gave 4 stars bcz the vouchers with Rs.300 or above discounts never work. It keeps denying without any reason, noticed it many times only voucher with discount of RS.200 works sometimes.","well i gave 4 stars bcz the vouchers with rs.300 or above discounts never work. it keeps denying without any reason, noticed it many times only voucher with discount of rs.200 works sometimes.",0,33,192,0,0,1,0.9393939393939394,1,0,-0.0772,1,0,1,0.0,0,1,0,4.0,0.0
b2d3537d-9c18-4714-ad2f-a6fc71456fb7,Foodpanda,Food Delivery,Baler Email,Unknown,4,2025-08-15 15:09:06,very helpfull,very helpfull,0,2,13,0,0,0,1.0,0,0,0.0,1,0,1,0.0,0,1,0,4.0,0.0
52fcfdbf-7029-4716-9be5-ed76e13d632f,Foodpanda,Food Delivery,Zaman Ali,Unknown,4,2025-08-16 09:26:21,it's good for ordering food but sometimes prices are higher than the real websites of the same brand,it's good for ordering food but sometimes prices are higher than the real websites of the same brand,0,18,100,0,0,0,0.9444444444444444,1,0,0.2382,1,0,1,0.0,0,1,0,4.0,0.0
6f90ed3f-38d0-4161-9b23-b1de59605705,Foodpanda,Food Delivery,Cho Mar,Unknown,4,2025-08-16 13:36:56,lovely 😘😘,lovely 😘😘,0,2,9,2,0,0,1.0,0,0,0.8555,1,0,1,0.0,0,1,0,4.0,0.0
2aa3434b-1531-47e3-8d02-fa01a269d908,Foodpanda,Food Delivery,M.J Iqbal,Unknown,4,2025-08-16 20:06:44,Great,great,0,1,5,0,0,0,1.0,0,0,0.6249,1,0,1,0.0,0,3,0,4.0,0.0
4dd4c61f-c2fa-490d-bf45-c580d49b120a,Foodpanda,Food Delivery,Zahidkhan Khan,Unknown,4,2025-08-16 21:42:35,everything was too good,everything was too good,0,4,23,0,0,0,1.0,0,0,0.4404,1,0,1,0.0,0,1,0,4.0,0.0
206e5825-63bd-4e10-8450-da5f294ffcbc,Foodpanda,Food Delivery,Jahangir alis,Unknown,4,2025-08-17 05:14:41,food panda food service but on compain they won't bother,food panda food service but on compain they won't bother,0,10,56,0,0,0,0.9,0,0,0.3724,1,0,1,0.0,0,1,0,4.0,0.0
b9c4b0f0-a21e-4c48-9f0b-c8bb4001c8cf,Foodpanda,Food Delivery,Joshua Lee,Unknown,3,2025-08-17 06:36:00,"The app could be better, bugs and errors here and there, but it works.","the app could be better, bugs and errors here and there, but it works.",1,14,70,0,0,0,0.9285714285714286,0,1,0.0644,1,0,1,0.0,0,1,0,3.0,0.0
639d0cd3-95d2-4c4d-9939-4c0c30ff6f0a,Foodpanda,Food Delivery,Moe Pyae,Unknown,3,2025-08-17 11:58:18,promotion များများပေးရင်5လုံးအပြည့်ပေးမယ်🙂,promotion များများပေးရင်5လုံးအပြည့်ပေးမယ်🙂,0,2,42,1,0,0,1.0,0,0,0.4033,1,0,1,0.0,0,1,0,3.0,0.0
6d209bf3-9d29-4dbd-85cd-962fd9115664,Foodpanda,Food Delivery,Abubakar Shahid,Unknown,4,2025-08-17 15:45:57,I only use this for voucher and discounts,i only use this for voucher and discounts,0,8,41,0,0,0,1.0,1,0,0.0,1,0,1,0.0,0,1,0,4.0,0.0
7ce2fe2b-37b4-446e-b4d4-f024680927c5,Foodpanda,Food Delivery,Shiz Devil,Unknown,4,2025-08-18 08:25:08,"the experience is pretty good, user friendly","the experience is pretty good, user friendly",0,7,44,0,0,0,1.0,0,0,0.8519,1,0,1,0.0,0,1,0,4.0,0.0
3642ee7a-1c45-46b8-b084-bd96d3604b29,Foodpanda,Food Delivery,Four Dogs,Unknown,2,2025-08-19 05:26:25,Can't use the voucher on my first account's first order.,can't use the voucher on my first account's first order.,0,10,56,0,0,0,0.9,0,0,0.0,1,0,1,0.0,0,1,0,2.0,0.0
dfd5f8e3-a69e-4958-879a-accca48d4de3,Foodpanda,Food Delivery,Leyt Beeast,Unknown,2,2025-08-19 05:46:55,"Susah nak cari all food categories,","susah nak cari all food categories,",0,6,35,0,0,0,1.0,0,0,0.0,1,0,1,0.0,0,1,0,2.0,0.0
13e76ea4-942d-4ea7-9aee-120a5f594ee9,Foodpanda,Food Delivery,Jia An Lam,Unknown,2,2025-08-19 14:46:59,"after add to cart, the next page where you are confirming your order, the button for 'Review order and address' doesn't appear, causing me having to cancel and reselect my order. second time this happens.","after add to cart, the next page where you are confirming your order, the button for 'review order and address' doesn't appear, causing me having to cancel and reselect my order. second time this happens.",1,35,204,0,0,0,0.9142857142857143,0,1,-0.25,1,0,1,0.0,0,1,0,2.0,0.0
2fb462b8-7337-447e-aeea-6765200fac48,Foodpanda,Food Delivery,Arsalan Haq,Unknown,3,2025-08-19 15:52:27,good app,good app,0,2,8,0,0,0,1.0,0,1,0.4404,1,0,1,0.0,0,5,0,3.0,0.0
a4cd84b0-c85e-4bd7-9b6d-1555c191aa11,Foodpanda,Food Delivery,Irshad Khan,Unknown,2,2025-08-19 17:31:07,totally fraud Jo items 600 ka milta wo food Panda m 800 ka milta ha shop waly kyhty hn 20% food Panda waloon ka commission h es liy mehnga bychty hn ... so bad experience,totally fraud jo items 600 ka milta wo food panda m 800 ka milta ha shop waly kyhty hn 20% food panda waloon ka commission h es liy mehnga bychty hn ... so bad experience,2,35,170,0,0,0,0.8285714285714286,0,0,-0.8011,1,0,1,0.0,0,1,0,2.0,0.0
bbe88b07-3890-418f-885f-794e02347aa4,Foodpanda,Food Delivery,Muhammad Muslim,Unknown,2,2025-08-19 19:34:12,some place not show order,some place not show order,0,5,25,0,0,0,1.0,0,0,0.0,1,0,1,0.0,0,1,0,2.0,0.0
e2a53c46-a00f-4cb2-92e3-f38e1494cc3f,Foodpanda,Food Delivery,renzy,Unknown,3,2025-08-20 01:59:59,Too many charges,too many charges,0,3,16,0,0,0,1.0,0,0,-0.2732,1,0,1,0.0,0,1,0,3.0,0.0
36784a48-b2d7-46d6-b8a1-a16e23bae197,Foodpanda,Food Delivery,Gilda Anthony,Unknown,3,2025-08-20 02:10:37,After updating the apps..My address is gone... Along with my account.,after updating the apps..my address is gone... along with my account.,0,11,69,0,0,0,1.0,0,1,0.0,1,0,1,0.0,0,1,0,3.0,0.0
39f5b838-635e-4a34-8cfc-4f7e877a1bac,Foodpanda,Food Delivery,rnb kpop,Unknown,4,2025-08-20 07:24:34,easy tu use n easy to find food,easy tu use n easy to find food,0,8,31,0,0,0,0.875,0,0,0.7003,1,0,1,0.0,0,1,0,4.0,0.0
05346dcc-390c-42d6-95a2-6aeee84bfcbb,Foodpanda,Food Delivery,Jenifer Palma,Unknown,4,2025-08-20 14:33:45,Best home delivery service of food,best home delivery service of food,0,6,34,0,0,0,1.0,0,0,0.6369,1,0,1,0.0,0,1,0,4.0,0.0
2e374c55-4397-4072-b0e7-12a54ca17b40,Foodpanda,Food Delivery,sherwin ian oliveria,Unknown,4,2025-08-21 07:13:30,Maganda siya at mabilis pero mahal,maganda siya at mabilis pero mahal,0,6,34,0,0,0,1.0,0,0,0.0,1,0,1,0.0,0,1,0,4.0,0.0
b374eb78-109b-4ed0-a6bb-ac6bfbdb1cf1,Foodpanda,Food Delivery,Abdullah Bin Zulqarnain,Unknown,4,2025-08-21 14:56:34,very slowly,very slowly,0,2,11,0,0,0,1.0,0,0,0.0,1,0,1,0.0,0,1,0,4.0,0.0
de75b74b-6397-4656-b96a-14599a6d5d5e,Foodpanda,Food Delivery,Leo Astillero,Unknown,2,2025-08-22 13:36:56,always late delivery also cannot rate bad resturants. no compensation forlate orders,always late delivery also cannot rate bad resturants. no compensation forlate orders,0,12,84,0,0,0,1.0,0,0,0.1655,1,0,1,0.0,0,1,0,2.0,0.0
6d78dbd9-0836-4740-b5a9-f50e5955dcfc,Foodpanda,Food Delivery,Abeera Shahid,Unknown,3,2025-08-22 14:31:27,please make it available in rawat Islamabad,please make it available in rawat islamabad,0,7,43,0,0,0,1.0,0,0,0.3182,1,0,1,0.0,0,1,0,3.0,0.0
21596e9a-f98c-474e-a95a-68ac36a5f471,Foodpanda,Food Delivery,Wania Batool,Unknown,4,2025-08-22 16:12:38,good 👍,good 👍,0,2,6,1,0,0,1.0,0,0,0.4404,1,0,1,0.0,0,3,0,4.0,0.0
6d019e83-f5ee-47cd-b5b7-01b75353e1bc,Foodpanda,Food Delivery,Md. Mustafizur Rahman Azad,Unknown,3,2025-08-24 06:11:50,Please optimise the app for Magic OS. The app freez when I click view my cart option after adding an item on cart.,please optimise the app for magic os. the app freez when i click view my cart option after adding an item on cart.,0,23,114,0,0,1,0.9130434782608695,1,1,0.6369,1,0,1,0.0,0,1,0,3.0,0.0
8a10c984-2726-4af1-b4a4-ca00362317a0,Foodpanda,Food Delivery,Fatema Jhumu,Unknown,4,2025-08-24 08:08:24,need more offers,need more offers,0,3,16,0,0,0,1.0,1,0,0.0,1,0,1,0.0,0,1,0,4.0,0.0
c3ce1259-45a7-47ff-98fe-615c756058e8,Foodpanda,Food Delivery,Samia Ampara,Unknown,4,2025-08-24 10:39:12,"I love to have food at home & I use this app often. but no restaurant, shop are available in foodpanda in Noakhali. Why?😭😭😭😭😭","i love to have food at home & i use this app often. but no restaurant, shop are available in foodpanda in noakhali. why?😭😭😭😭😭",0,24,125,5,0,0,0.9166666666666666,0,1,-0.9718,1,0,1,0.0,0,1,1,4.0,0.0
b7ac8951-06fe-4c57-9540-f1016a81886f,Foodpanda,Food Delivery,Michelle Chua,Unknown,4,2025-08-24 11:14:56,user friendly,user friendly,0,2,13,0,0,0,1.0,0,0,0.4939,1,0,1,0.0,0,2,0,4.0,0.0
163ea4d4-83cc-4771-b1a6-3d5580dce2a4,Foodpanda,Food Delivery,Zuha Fay,Unknown,3,2025-08-24 11:17:30,biyani from farahs kitchen is not up.to mark,biyani from farahs kitchen is not up.to mark,0,8,44,0,0,0,1.0,0,0,0.0,1,0,1,0.0,0,1,0,3.0,0.0
5160c005-851a-40b6-9443-9c827aa72a3b,Foodpanda,Food Delivery,EHSANUZZAMAN SURID,Unknown,3,2025-08-24 15:03:32,they always take extra money but deliver late,they always take extra money but deliver late,0,8,45,0,0,0,1.0,0,0,0.0,1,0,1,0.0,0,1,0,3.0,0.0
6ff67f6f-7c9d-4abc-8c1e-5547a8f5c263,Foodpanda,Food Delivery,Jason Torrillo,Unknown,2,2025-08-24 15:56:29,service fee for what? u already add on top of the original price!!!,service fee for what? u already add on top of the original price!!!,0,13,67,0,0,0,1.0,0,0,0.6093,1,0,1,0.0,0,1,1,2.0,0.0
d02112be-e009-4220-9909-51237ec1b3f9,Foodpanda,Food Delivery,Saima Shakeel,Unknown,2,2025-08-24 19:08:49,no more than two restraunts available in bharia phase 8 Rawalpindi,no more than two restraunts available in bharia phase 8 rawalpindi,0,11,66,0,0,0,1.0,0,0,-0.296,1,0,1,0.0,0,1,0,2.0,0.0
b5e0a5db-b94e-4d04-adce-e230172f0d8a,Foodpanda,Food Delivery,STICKY SLIMIE,Unknown,2,2025-08-25 08:03:29,"Won't even let me order food. Not an internet issue just app issues, does not work on 3 of my 4 devices.","won't even let me order food. not an internet issue just app issues, does not work on 3 of my 4 devices.",0,22,104,0,0,0,0.9545454545454546,0,1,0.0,1,0,1,0.0,0,1,0,2.0,0.0
1a0227b7-0f62-47a1-a5e3-d3b61ca2d55f,Foodpanda,Food Delivery,Tazeen Fatma,Unknown,3,2025-08-25 08:46:11,pandamart and shops not showing anything items.,pandamart and shops not showing anything items.,1,7,47,0,0,0,1.0,0,0,0.0,1,0,1,0.0,0,1,0,3.0,0.0
2b1d0a30-7bf4-4f19-9a3a-198f7ce5ff2d,Foodpanda,Food Delivery,Zainab Fatima,Unknown,3,2025-08-25 10:23:24,Good app I can easily order from Foodpanda,good app i can easily order from foodpanda,1,8,42,0,0,0,1.0,0,1,0.6486,1,0,1,0.0,0,1,0,3.0,0.0
f27d8fc2-75fc-4447-b6ac-58da1787d6fe,Foodpanda,Food Delivery,VC,Unknown,4,2025-08-25 11:23:27,"Love The Food, And Deliveries Sometimes Late But The Food Is Nice","love the food, and deliveries sometimes late but the food is nice",0,12,65,0,0,0,0.9166666666666666,0,0,0.743,1,0,1,0.0,0,1,0,4.0,0.0
f7e6cf3e-5c34-49f5-92da-6f4b786fa284,Foodpanda,Food Delivery,Hannah mae Bornales,Unknown,4,2025-08-25 11:44:06,its good the food deliver fast,its good the food deliver fast,0,6,30,0,0,0,1.0,0,0,0.4404,1,0,1,0.0,0,1,0,4.0,0.0
c52846f7-b27f-4471-9c3f-5e3c6b25a786,Foodpanda,Food Delivery,Nimra Tariq,Unknown,4,2025-08-25 11:44:09,👍 good service,👍 good service,0,3,14,1,0,0,1.0,0,0,0.4404,1,0,1,0.0,0,1,0,4.0,0.0
12db12c7-ee44-4cf4-b4e7-06f3a4889f03,Foodpanda,Food Delivery,Medi Dina,Unknown,4,2025-08-25 12:49:55,"telur mata x ingat letak , mknn sedap","telur mata x ingat letak , mknn sedap",0,8,37,0,0,0,1.0,0,0,0.0,1,0,1,0.0,0,1,0,4.0,0.0
b9977f16-73b4-4840-93d3-a8196100dea7,Foodpanda,Food Delivery,I don't have a creative name,Unknown,3,2025-08-25 13:25:14,"When I'm chatting with support, I get kicked to the help page and can't reopen my chat. The chat ends because it's assumed I'm inactive, but I just couldn't reopen the chat.","when i'm chatting with support, i get kicked to the help page and can't reopen my chat. the chat ends because it's assumed i'm inactive, but i just couldn't reopen the chat.",2,32,173,0,0,0,0.8125,0,0,0.4019,1,0,1,0.0,0,1,0,3.0,0.0
d5431e23-fd2f-47ba-ad92-407f532c7e31,Foodpanda,Food Delivery,Ayub Khalid,Unknown,4,2025-08-25 20:32:23,easy to use but delivery charges are little much but very useful for ordering food wherever I want,easy to use but delivery charges are little much but very useful for ordering food wherever i want,0,18,98,0,0,0,0.9444444444444444,0,0,0.6174,1,0,1,0.0,0,1,0,4.0,0.0
e91d34b2-37c6-464e-b63c-c673fe3bcbc8,Foodpanda,Food Delivery,Wildman_gamerz,Unknown,2,2025-08-26 06:25:38,when rider come and for example food bill is 273 so they asked for giving that 3 rupees or give 280 and they say the company not left any pice of money what a bad,when rider come and for example food bill is 273 so they asked for giving that 3 rupees or give 280 and they say the company not left any pice of money what a bad,0,35,162,0,0,0,0.9142857142857143,0,0,-0.2732,1,0,1,0.0,0,1,0,2.0,0.0
9ba88e3a-ab3b-4066-85e8-cd4cf2bc1b61,Foodpanda,Food Delivery,Heer Rajpoot,Unknown,3,2025-08-26 10:15:40,good service,good service,0,2,12,0,0,0,1.0,0,0,0.4404,1,0,1,0.0,0,4,0,3.0,0.0
9e246947-6631-4ae9-896d-9ba5da0bff21,Foodpanda,Food Delivery,Sahena Sahena,Unknown,4,2025-08-26 12:17:47,fast deliver,fast deliver,0,2,12,0,0,0,1.0,0,0,0.0,1,0,1,0.0,0,1,0,4.0,0.0
de00a16e-3a49-48c4-8527-4ca1286353f3,Foodpanda,Food Delivery,SAMEEN,Unknown,2,2025-08-26 15:06:27,Grocery items are unbelievably high priced not recommended for that food delivery is good,grocery items are unbelievably high priced not recommended for that food delivery is good,0,14,89,0,0,0,1.0,0,0,0.32,1,0,1,0.0,0,1,0,2.0,0.0
5a84bc73-cb7d-44a9-9932-e08c74e85ea2,Foodpanda,Food Delivery,Gaye Digol,Unknown,4,2025-08-26 19:37:15,I Like This Food is Good 8/10,i like this food is good 8/10,1,7,29,0,0,0,1.0,0,0,0.6597,1,0,1,0.0,0,1,0,4.0,0.0
960a25d6-fa5e-40ac-94d5-42502ea01a4c,Foodpanda,Food Delivery,Janseen Marie Gayas,Unknown,4,2025-08-27 09:47:42,I just hope we can message the restaurant.,i just hope we can message the restaurant.,0,8,42,0,0,0,1.0,0,0,0.4404,1,0,1,0.0,0,1,0,4.0,0.0
815928a6-829b-4a91-ad5a-ba3940d92e82,Foodpanda,Food Delivery,Md Riyad,Unknown,2,2025-08-27 11:46:48,ললললবলল,ললললবলল,0,1,7,0,0,0,1.0,0,0,0.0,1,0,1,0.0,0,1,0,2.0,0.0
9bbafbf5-4a85-419d-9533-f01a1a9578b4,Foodpanda,Food Delivery,iqrash imran,Unknown,4,2025-08-27 13:21:35,kindly update the map for tracking rider it doesn't work well,kindly update the map for tracking rider it doesn't work well,0,11,61,0,0,0,1.0,0,0,0.3369,1,0,1,0.0,0,1,0,4.0,0.0
fef8a9b6-3345-4be6-afac-50d3496778b7,Foodpanda,Food Delivery,shazia nafees,Unknown,4,2025-08-27 13:46:54,Nice and fresh,nice and fresh,0,3,14,0,0,0,1.0,0,0,0.6249,1,0,1,0.0,0,1,0,4.0,0.0
7d14aa13-bb78-4588-a98e-91f406452f25,Foodpanda,Food Delivery,K.F C,Unknown,2,2025-08-28 02:25:48,the yuu points rewards option appear and disappear from checkout so was unable to use it. Prices are also much higher than grab.,the yuu points rewards option appear and disappear from checkout so was unable to use it. prices are also much higher than grab.,1,23,128,0,0,0,1.0,0,1,0.296,1,0,1,0.0,0,1,0,2.0,0.0
751ee587-ee58-44ac-bbd4-ad640fcc478b,Foodpanda,Food Delivery,Andrew Wong,Unknown,4,2025-08-28 03:15:35,Bad experience when comes to payment. Eventually I use GrabFood,bad experience when comes to payment. eventually i use grabfood,0,10,63,0,0,0,1.0,0,0,-0.5423,1,0,1,0.0,0,1,1,4.0,0.0
2a8fe250-9650-4577-b349-262697a2c742,Foodpanda,Food Delivery,Zul,Unknown,3,2025-08-28 03:37:44,The UI doesn't align well on my phone. Editing address with white text on a white background for example.,the ui doesn't align well on my phone. editing address with white text on a white background for example.,0,19,105,0,0,1,0.8947368421052632,0,0,-0.2057,1,0,1,0.0,0,1,0,3.0,0.0
343e3928-5542-4a4d-acbf-5efd6f44ed65,Foodpanda,Food Delivery,LI LITH,Unknown,2,2025-08-28 05:44:53,MY NEWPANDA VOUCHER IS NOT WORKING!!!! WHY?! THIS IS MY FIRST ORDER!!!!,my newpanda voucher is not working!!!! why?! this is my first order!!!!,0,12,71,0,0,12,0.8333333333333334,0,0,0.0,1,0,1,0.0,0,1,0,2.0,0.0
a6877122-e37f-4070-9356-3322a37e4d8d,Foodpanda,Food Delivery,Shahana Sultana Jesmin,Unknown,2,2025-08-28 09:44:58,"i signed up for foodpanda i added my phn number, email, address but still foodpanda isn't showing any food or restaurants to me. I can't see anything what i'll order?? that's such a poor customer service. I'm so disappointed.","i signed up for foodpanda i added my phn number, email, address but still foodpanda isn't showing any food or restaurants to me. i can't see anything what i'll order?? that's such a poor customer service. i'm so disappointed.",1,39,225,0,0,0,0.9230769230769231,0,1,-0.8967,1,0,1,0.0,0,1,0,2.0,0.0
19994a84-1c59-4933-a2aa-da16380447bc,Foodpanda,Food Delivery,Mo Me ko,Unknown,4,2025-08-28 11:06:44,delivery service is bad.,delivery service is bad.,0,4,24,0,0,0,1.0,0,0,-0.5423,1,0,1,0.0,0,1,1,4.0,0.0
9b2a2e25-c176-43b7-b666-f6e1fbb3ce4a,Foodpanda,Food Delivery,Syed Mahmud,Unknown,2,2025-08-28 11:59:08,why vant i order from abroad now? i could before... now it just says try again with different payment method.,why vant i order from abroad now? i could before... now it just says try again with different payment method.,12,20,109,0,0,0,0.95,0,0,0.0,1,0,1,0.0,0,1,0,2.0,0.0
24d8bdf7-5977-4771-b442-f12bd9a4e493,Foodpanda,Food Delivery,Waseem Ahmed,Unknown,2,2025-08-28 14:53:55,Foodpanda pa balance recharge he nhe ho raha kafi dafa Koshish ki ha but recharge ho he nhe raha easypaisa ya jazzcash se,foodpanda pa balance recharge he nhe ho raha kafi dafa koshish ki ha but recharge ho he nhe raha easypaisa ya jazzcash se,0,23,121,0,0,0,0.782608695652174,0,0,0.1779,1,0,1,0.0,0,1,0,2.0,0.0
74ae8904-d0c1-4733-9f64-a15e81f04633,Foodpanda,Food Delivery,Ed Alcontin,Unknown,3,2025-08-28 15:23:58,Nice experiences at all..,nice experiences at all..,0,4,25,0,0,0,1.0,0,0,0.4215,1,0,1,0.0,0,1,0,3.0,0.0
6b99e79a-5ab3-4523-a9e7-e5e77606269a,Foodpanda,Food Delivery,RWANZZ RAGOO,Unknown,3,2025-08-28 20:52:32,Beneficiary in the name of public service business,beneficiary in the name of public service business,0,8,50,0,0,0,1.0,0,0,0.4767,1,0,1,0.0,0,1,0,3.0,0.0
220e2691-280c-45c8-8b48-5bf566f002a1,Foodpanda,Food Delivery,Fatty Anwar,Unknown,3,2025-08-29 08:03:24,the pandamart is not delivering on my address.,the pandamart is not delivering on my address.,0,8,46,0,0,0,1.0,0,0,0.0,1,0,1,0.0,0,1,0,3.0,0.0
40fa1d65-f979-43fc-9380-f0efd2a713e5,Foodpanda,Food Delivery,lian vincent hortaleza,Unknown,3,2025-08-29 10:09:39,"best all around,on one small part like on closing time of some store keep accepting order but can't deliver the order because of self deliveration order to add their revenue.","best all around,on one small part like on closing time of some store keep accepting order but can't deliver the order because of self deliveration order to add their revenue.",0,30,174,0,0,0,0.9,0,0,0.631,1,0,1,0.0,0,1,0,3.0,0.0
ed53a76e-530b-4429-81d3-45327df13e14,Foodpanda,Food Delivery,Lord Reyes,Unknown,2,2025-08-29 13:01:49,my orders always have something missing,my orders always have something missing,0,6,39,0,0,0,1.0,0,0,-0.296,1,0,1,0.0,0,1,0,2.0,0.0
e0679a10-8ab6-4bcd-8254-d694572a78ab,Foodpanda,Food Delivery,Syed Ali Rizwi,Unknown,2,2025-08-29 17:58:56,customer support is getting bad every passing day. Now the customer chat abruptly ended without resolution.,customer support is getting bad every passing day. now the customer chat abruptly ended without resolution.,10,16,107,0,0,0,0.9375,0,0,-0.2023,1,0,1,0.0,0,1,0,2.0,0.0
f113dcaa-9f13-4c41-bfe8-cafb74342b62,Foodpanda,Food Delivery,all in ONE,Unknown,3,2025-08-30 00:44:38,"please add this on next update ""Auto add the best voucher"", because it feels like a scam, whenever I try to pay via E-money the checkout page reloads then you'll realize that the voucher didn't apply.","please add this on next update ""auto add the best voucher"", because it feels like a scam, whenever i try to pay via e-money the checkout page reloads then you'll realize that the voucher didn't apply.",1,36,200,0,0,0,0.9166666666666666,0,1,0.5994,1,0,1,0.0,0,1,0,3.0,0.0
4e8372be-9b29-48df-81f2-50a4be76ffe5,Foodpanda,Food Delivery,Zin May Than,Unknown,4,2025-08-30 04:37:56,It's good,it's good,0,2,9,0,0,0,1.0,0,0,0.4404,1,0,1,0.0,0,2,0,4.0,0.0
d5e04479-302a-45a0-bea2-6357ab391b80,Foodpanda,Food Delivery,A Google user,Unknown,2,2025-08-30 05:20:35,Fast Delivery,fast delivery,0,2,13,0,0,0,1.0,0,0,0.0,1,0,4,0.0,0,3,0,2.25,1.8929694486000912
8294af87-1c1c-4037-a4a3-f666a6ab26bd,Foodpanda,Food Delivery,Naveya Nevithen,Unknown,3,2025-08-30 08:19:31,minsan may kulang na delivery pero overall good naman,minsan may kulang na delivery pero overall good naman,0,9,53,0,0,0,1.0,0,0,0.4404,1,0,1,0.0,0,1,0,3.0,0.0
51e974ed-4a13-4162-94b4-4e606bcc26c3,Foodpanda,Food Delivery,HyunLi Lopez,Unknown,3,2025-08-30 12:39:13,laging walang panukli mga driver huhu,laging walang panukli mga driver huhu,0,6,37,0,0,0,1.0,0,0,0.0,1,0,1,0.0,0,1,0,3.0,0.0
cc561a73-6bef-4c2e-9183-bb9e8372c96a,Foodpanda,Food Delivery,nurul fitri azwane,Unknown,4,2025-08-30 13:08:11,terbaik,terbaik,0,1,7,0,0,0,1.0,0,0,0.0,1,0,1,0.0,0,3,0,4.0,0.0
53ff6176-bb17-41d2-a0dd-58357d53171d,Foodpanda,Food Delivery,shydzynr tech,Unknown,2,2025-08-30 14:05:59,"What is the issue on this app? It shows the loading screen for more than a minute, what happened? My internet is totally fine .","what is the issue on this app? it shows the loading screen for more than a minute, what happened? my internet is totally fine .",1,25,127,0,0,0,0.88,0,1,0.3513,1,0,1,0.0,0,1,0,2.0,0.0
547b6a6a-5742-4535-84fa-a20e5713c9ff,Foodpanda,Food Delivery,Maria Sanchez (Maria),Unknown,2,2025-08-30 18:00:00,"bad experience I ever had , I waited for almost 3 hours before I received my order . Not satisfying service and I won't use anymore this app.","bad experience i ever had , i waited for almost 3 hours before i received my order . not satisfying service and i won't use anymore this app.",2,28,141,0,0,0,0.8928571428571429,0,1,-0.7167,1,0,1,0.0,0,1,0,2.0,0.0
1fd0916b-8707-46c7-adad-01ef9365eb4c,Foodpanda,Food Delivery,Hissam Ulmulk,Unknown,4,2025-08-30 18:21:02,good app. but most of the voucher do not work,good app. but most of the voucher do not work,0,10,45,0,0,0,1.0,0,1,0.2382,1,0,1,0.0,0,1,0,4.0,0.0
ca91d112-d070-458a-8b2e-41fabefbfe73,Foodpanda,Food Delivery,Wilfrid Saw,Unknown,2,2025-08-31 01:18:22,"Their estimated time for food delivery never accurate, some of their partners can prepare food more than an hour, I've 3 times poor experience with this platform","their estimated time for food delivery never accurate, some of their partners can prepare food more than an hour, i've 3 times poor experience with this platform",0,27,161,0,0,0,0.9259259259259259,0,0,-0.4767,1,0,1,0.0,0,1,0,2.0,0.0
08478569-88f4-4f51-abdb-b9c13a48cce0,Foodpanda,Food Delivery,Frozen Princess lay,Unknown,2,2025-08-31 02:32:27,wave နဲ့လည်း ရှင်းလို့မရတော့တာကို WAVEWKND တွေက အမြဲချပေးနေသေးတယ် wave နဲ့ ပြန်ရှင်းလို့ရအောင်မလုပ်ကြတော့ဘူးလား operation centre နဲ့ စကားပြောလည်း တိကျတဲ့အဖြေကိုမပေးနိုင်ကြဘူး စိတ်ပျက်ဖို့ကောင်းတယ်,wave နဲ့လည်း ရှင်းလို့မရတော့တာကို wavewknd တွေက အမြဲချပေးနေသေးတယ် wave နဲ့ ပြန်ရှင်းလို့ရအောင်မလုပ်ကြတော့ဘူးလား operation centre နဲ့ စကားပြောလည်း တိကျတဲ့အဖြေကိုမပေးနိုင်ကြဘူး စိတ်ပျက်ဖို့ကောင်းတယ်,0,15,196,0,0,1,0.8666666666666667,0,0,0.0,1,0,1,0.0,0,1,0,2.0,0.0
8fb29cee-66a8-4b80-a1ef-e54c1bfad695,Foodpanda,Food Delivery,Janrey Estopin,Unknown,2,2025-08-31 02:36:13,ma pasmo ta sa ka dugay ma deliver mahal pa Ang delivery fee!....,ma pasmo ta sa ka dugay ma deliver mahal pa ang delivery fee!....,0,13,65,0,0,0,0.9230769230769231,0,0,0.0,1,0,1,0.0,0,1,0,2.0,0.0
97855346-810e-48f9-a1e6-3f1e1ef087f7,Foodpanda,Food Delivery,An,Unknown,4,2025-08-31 09:28:43,so far so good..,so far so good..,0,4,16,0,0,0,0.75,0,0,0.6213,1,0,1,0.0,0,1,0,4.0,0.0
bb41e186-02b4-4f4a-8160-90b956cc8180,Foodpanda,Food Delivery,Ramil Alix,Unknown,4,2025-08-31 15:19:30,"Giving 4 stars because this app is going into full screen, overlapping with my phone's navigation bar. I am using a Samsung S25 Ultra. Please fix this in your next update.","giving 4 stars because this app is going into full screen, overlapping with my phone's navigation bar. i am using a samsung s25 ultra. please fix this in your next update.",5,31,171,0,0,1,0.967741935483871,0,1,0.5719,1,0,1,0.0,0,1,0,4.0,0.0
c96cdaa1-b7fd-4ee5-89a6-8feb8614d29d,Foodpanda,Food Delivery,Shuvendu Aakash,Unknown,4,2025-08-31 15:20:15,Foodpanda is really a Fantastic Project Started in Bangladesh since 2008..Go Ahead and be with the Populity....🇧🇩🇧🇩🇧🇩,foodpanda is really a fantastic project started in bangladesh since 2008..go ahead and be with the populity....🇧🇩🇧🇩🇧🇩,0,17,117,6,0,0,1.0,0,0,0.5965,1,0,1,0.0,0,1,0,4.0,0.0
cb976943-9064-471d-b569-4ca9ce19b25b,Foodpanda,Food Delivery,Rimsha Nadeem,Unknown,4,2025-08-31 16:37:18,best app 👍,best app 👍,0,3,10,1,0,0,1.0,0,1,0.6369,1,0,1,0.0,0,1,0,4.0,0.0
081d6aab-84f1-4ce7-a21e-0b62844cde03,Foodpanda,Food Delivery,rohaan rohaan ahmed,Unknown,2,2025-08-31 19:28:26,food panda ki delivery charges bht ziada hy 200 is too much or koi voucher bhi nhi dety krave 500 se above free delivery dety hen,food panda ki delivery charges bht ziada hy 200 is too much or koi voucher bhi nhi dety krave 500 se above free delivery dety hen,0,26,129,0,0,0,0.9230769230769231,1,0,0.296,1,0,1,0.0,0,1,0,2.0,0.0
e9fd6bb7-2ede-489b-8d3f-f12f560cc52d,Foodpanda,Food Delivery,Masum Ahmed,Unknown,3,2025-08-31 20:57:35,😔❤️😭😄🙏,😔❤️😭😄🙏,0,1,6,4,0,0,1.0,0,0,0.4019,1,0,1,0.0,0,1,0,3.0,0.0
d930a5d8-8fd2-444b-83e2-a0b8828ed62b,Foodpanda,Food Delivery,Jian Deong Tee,Unknown,4,2025-09-01 13:39:53,Need more voucher pls,need more voucher pls,0,4,21,0,0,0,1.0,0,0,0.1477,1,0,1,0.0,0,1,0,4.0,0.0
aa4c62e2-0647-4bbd-a7f0-d0249029d8bc,Foodpanda,Food Delivery,Nabeel Arif,Unknown,2,2025-09-02 06:26:20,app crashes again and again. and grocery tab don't open,app crashes again and again. and grocery tab don't open,1,10,55,0,0,0,0.9,0,1,0.0,1,0,1,0.0,0,1,0,2.0,0.0
e629ce22-b89a-43b5-98dd-70049b4bf360,Foodpanda,Food Delivery,Huzafa,Unknown,2,2025-09-03 04:52:49,"Why does it keeps showing restaurants are temporarily unavailable even though they are not, all restaurants keep showing like that except one only one. And it keeps happening a lot in recent days.","why does it keeps showing restaurants are temporarily unavailable even though they are not, all restaurants keep showing like that except one only one. and it keeps happening a lot in recent days.",0,33,196,0,0,0,0.8484848484848485,0,1,0.3612,1,0,1,0.0,0,1,0,2.0,0.0
65a0a7c4-f8d5-4e36-8d31-50a15c9231cf,Foodpanda,Food Delivery,Mk Kormokar,Unknown,2,2025-09-03 15:19:57,ddd Dhaka two free,ddd dhaka two free,1,4,18,0,0,0,1.0,1,0,0.5106,1,0,1,0.0,0,1,1,2.0,0.0
23dd17dd-d5c5-4af3-9800-17903708483d,Foodpanda,Food Delivery,Haroon Chaudhary,Unknown,3,2025-09-03 21:44:58,Good in hunger,good in hunger,0,3,14,0,0,0,1.0,0,0,0.2263,1,0,1,0.0,0,1,0,3.0,0.0
ca64c790-c9df-4ad8-8719-5dbe698fdfe7,Foodpanda,Food Delivery,Andrew Rodrigues,Unknown,3,2025-09-04 00:08:05,"The ""delivered"" status notification does not display when the status changes.","the ""delivered"" status notification does not display when the status changes.",16,11,77,0,0,0,0.8181818181818182,0,0,0.0,1,0,1,0.0,0,1,0,3.0,0.0
32c074eb-4607-48d1-a010-1b25fdc5db17,Foodpanda,Food Delivery,Ifteasum Alam,Unknown,4,2025-09-04 07:23:00,Sometimes rider are taking extra time.,sometimes rider are taking extra time.,0,6,38,0,0,0,1.0,0,0,0.0,1,0,1,0.0,0,1,0,4.0,0.0
581ff012-1bd5-4afa-904d-12ea0b9c4b96,Foodpanda,Food Delivery,Noemi Rose Jean Mingcay,Unknown,3,2025-09-05 06:29:14,Why food panda deducting me 50 pesos?,why food panda deducting me 50 pesos?,0,7,37,0,0,0,1.0,0,0,0.0,1,0,1,0.0,0,1,0,3.0,0.0
8d0d5510-ff64-4cc4-b0d5-995094c29074,Foodpanda,Food Delivery,Mahaveer Singh,Unknown,4,2025-09-05 10:20:18,normal,normal,0,1,6,0,0,0,1.0,0,0,0.0,1,0,1,0.0,0,1,0,4.0,0.0
b8e6b448-632b-44ed-a412-7b53d77b3744,Foodpanda,Food Delivery,beauty bucket,Unknown,3,2025-09-05 14:03:28,better,better,0,1,6,0,0,0,1.0,0,0,0.4404,1,0,1,0.0,0,2,0,3.0,0.0
5cf10fb3-a168-49de-a24b-dbafa27f5fff,Foodpanda,Food Delivery,Mlak Eman,Unknown,3,2025-09-05 16:28:54,bhut muskhil ha,bhut muskhil ha,0,3,15,0,0,0,1.0,0,0,0.34,1,0,1,0.0,0,1,0,3.0,0.0
40d7019c-16f5-4381-900c-33b90d44d86a,Foodpanda,Food Delivery,Beesham kumar Khatri,Unknown,2,2025-09-05 18:21:32,app should need to improve contact with vendors and help centre process there are not any contact details with vendors after ordering vendor taking too much time prepare but in app not a proper way to contact or help,app should need to improve contact with vendors and help centre process there are not any contact details with vendors after ordering vendor taking too much time prepare but in app not a proper way to contact or help,1,39,216,0,0,0,0.7948717948717948,0,1,0.7469,1,0,1,0.0,0,1,1,2.0,0.0
5fc3e4f6-1239-4d2c-aad9-26ff1ad6a26a,Foodpanda,Food Delivery,Ainz Android,Unknown,2,2025-09-06 02:19:59,"PLEASE FIX IT ASAP.Cannot pay even after several attempt,logout then relogin.I even uninstall then reinstall the app.I try every payment method..Panda credit,debit card,credit card,online banking..but still not working..sigh","please fix it asap.cannot pay even after several attempt,logout then relogin.i even uninstall then reinstall the app.i try every payment method..panda credit,debit card,credit card,online banking..but still not working..sigh",0,28,224,0,0,3,0.9285714285714286,1,1,0.2263,1,0,1,0.0,0,1,0,2.0,0.0
48e31220-ebaf-4522-b4a9-b568541db975,Foodpanda,Food Delivery,Audrey,Unknown,4,2025-09-06 03:15:51,hope the delivery fees reduce tq,hope the delivery fees reduce tq,0,6,32,0,0,0,1.0,0,0,0.4404,1,0,1,0.0,0,1,0,4.0,0.0
e8deb7f2-fb78-48df-9146-906893521e35,Foodpanda,Food Delivery,H T,Unknown,2,2025-09-06 05:38:35,"Covenient, but you only pay regular delivery prices outside of meal times, lunch and dinner times are subject to surge pricing. notifications ignore the app settings language and will send based on location. Goodluck if you don't understand it.","covenient, but you only pay regular delivery prices outside of meal times, lunch and dinner times are subject to surge pricing. notifications ignore the app settings language and will send based on location. goodluck if you don't understand it.",7,39,244,0,0,0,0.9487179487179487,0,1,-0.5927,1,0,1,0.0,0,1,0,2.0,0.0
cafd6b43-c3b6-4ef1-b02d-75da223b1923,Foodpanda,Food Delivery,Qwerty Azxc,Unknown,3,2025-09-06 09:15:37,"Reduce the minimum spent required for the 25% discount to something reasonable, a minimum of 599 pesos is way too high.","reduce the minimum spent required for the 25% discount to something reasonable, a minimum of 599 pesos is way too high.",0,21,119,0,0,0,0.9047619047619048,1,0,0.0,1,0,1,0.0,0,1,0,3.0,0.0
bd880d17-2717-450e-ad18-2dd23101e31a,Foodpanda,Food Delivery,Danny Espiritu,Unknown,4,2025-09-06 11:02:08,ok ok,ok ok,0,2,5,0,0,0,0.5,0,0,0.5267,1,0,1,0.0,0,2,0,4.0,0.0
b0c3b706-49d1-4659-b04e-0d5c61cf1b43,Foodpanda,Food Delivery,Abdul Rafay Khan,Unknown,3,2025-09-06 11:06:07,I love 💕 overall experience but they taking extra charges like you have bill of 1000 PKR and they asking to pay 1200PkR why.....???? Please answer me all tha,i love 💕 overall experience but they taking extra charges like you have bill of 1000 pkr and they asking to pay 1200pkr why.....???? please answer me all tha,0,29,157,1,0,1,0.9655172413793104,0,0,0.8466,1,0,1,0.0,0,1,0,3.0,0.0
f7fe1df0-fbb3-4f34-91a0-5063e374d536,Foodpanda,Food Delivery,Guiller,Unknown,4,2025-09-06 16:43:31,sooferrr convient,sooferrr convient,0,2,17,0,0,0,1.0,0,0,0.0,1,0,1,0.0,0,1,0,4.0,0.0
ecd3867e-59f6-4ffb-a015-07557ca165fe,Foodpanda,Food Delivery,Yve Orilca,Unknown,3,2025-09-07 05:42:39,ut kk typp hi r kkr y loo yTV aa,ut kk typp hi r kkr y loo ytv aa,0,10,32,0,0,0,1.0,0,0,0.3612,1,0,1,0.0,0,1,0,3.0,0.0
99de0c1d-318a-4559-b5cf-1ec80e960e73,Foodpanda,Food Delivery,coc kyaw,Unknown,4,2025-09-07 08:17:48,ကောင်းတယ်။,ကောင်းတယ်။,0,1,10,0,0,0,1.0,0,0,0.0,1,0,1,0.0,0,1,0,4.0,0.0
0b357b7f-0579-44d7-89d1-ae654624ad5e,Foodpanda,Food Delivery,Nang Khin,Unknown,3,2025-09-07 09:12:37,so good,so good,0,2,7,0,0,0,1.0,0,0,0.4927,1,0,1,0.0,0,2,0,3.0,0.0
73e3f5ca-2b37-411e-9dde-47de84d88fe3,Foodpanda,Food Delivery,minpaing khant,Unknown,4,2025-09-07 10:17:58,it useful,it useful,0,2,9,0,0,0,1.0,0,0,0.4404,1,0,1,0.0,0,1,0,4.0,0.0
52bfb19f-6b07-48f8-bb9d-4b14215e6a68,Foodpanda,Food Delivery,Aya,Unknown,3,2025-09-07 12:26:36,The app all fine la no issues or anything but it keeps on cancelling my order and it's kind of disappointing since it's been reoccurring on my end 👎👎,the app all fine la no issues or anything but it keeps on cancelling my order and it's kind of disappointing since it's been reoccurring on my end 👎👎,1,29,149,2,0,0,0.896551724137931,0,1,-0.7986,1,0,1,0.0,0,1,0,3.0,0.0
54e5ab53-8dbc-4bc3-a1eb-8b7ccc363926,Foodpanda,Food Delivery,Miz Abby,Unknown,4,2025-09-07 12:51:46,great..!!,great..!!,0,1,9,0,0,0,1.0,0,0,0.6892,1,0,1,0.0,0,1,0,4.0,0.0
7baf7852-73a9-432b-849c-285684c10d6c,Foodpanda,Food Delivery,Sahabzada Baloch,Unknown,4,2025-09-07 16:45:07,Kuch nhi,kuch nhi,0,2,8,0,0,0,1.0,0,0,0.0,1,0,1,0.0,0,1,0,4.0,0.0
e2a4b1ba-659b-46d9-a6ed-3cc9b4f39331,Foodpanda,Food Delivery,MD RASHEDUL ISLAM,Unknown,4,2025-09-07 16:46:38,Good 👍 👍 TV,good 👍 👍 tv,0,4,11,2,0,1,0.75,0,0,0.4404,1,0,1,0.0,0,1,0,4.0,0.0
57e997c0-3d4f-457b-8577-4c3d5e17ff3f,Foodpanda,Food Delivery,Riaz noor,Unknown,2,2025-09-07 22:22:54,", 😄 , is , ld I , , o",", 😄 , is , ld i , , o",0,10,21,1,0,0,0.6,0,0,0.6705,1,0,1,0.0,0,1,1,2.0,0.0
b1f31840-fabb-40fe-8215-f0aae73e9bc2,Foodpanda,Food Delivery,tracy hitomi,Unknown,3,2025-09-08 01:30:39,the delivery fees using app more expensive as compare using pc. cheat?,the delivery fees using app more expensive as compare using pc. cheat?,0,12,70,0,0,0,0.9166666666666666,0,1,-0.4588,1,0,1,0.0,0,1,0,3.0,0.0
39ffc412-1dae-4f9c-b028-e681413cde1c,Foodpanda,Food Delivery,JH Alif,Unknown,4,2025-09-08 03:08:09,the app is very good but Googl map system is not enough googl map need update 🙂👍🏿,the app is very good but googl map system is not enough googl map need update 🙂👍🏿,0,17,81,3,0,0,0.8235294117647058,0,1,0.6865,1,0,1,0.0,0,1,0,4.0,0.0
340ad3d5-81d5-436b-9180-516123bf0ee2,Foodpanda,Food Delivery,Farhan Shahria Choyon,Unknown,3,2025-09-08 06:16:26,Good Service,good service,0,2,12,0,0,0,1.0,0,0,0.4404,1,0,1,0.0,0,4,0,3.0,0.0
2df6a4ce-58cc-4cc0-97bc-ca31ced991e3,Foodpanda,Food Delivery,Md Sahin,Unknown,4,2025-09-08 13:16:06,০১৯৭৭৩৩৯১৩৫,০১৯৭৭৩৩৯১৩৫,0,1,11,0,0,0,1.0,0,0,0.0,1,0,1,0.0,0,1,0,4.0,0.0
3b97c469-0132-46f4-80fc-60f831b19bbf,Foodpanda,Food Delivery,Ali,Unknown,3,2025-09-09 09:50:43,PEHLAORDER voucher not working. It's my first order which is not completed due to voucher error. 😞,pehlaorder voucher not working. it's my first order which is not completed due to voucher error. 😞,0,17,98,1,0,1,0.8823529411764706,0,0,-0.7003,1,0,1,0.0,0,1,0,3.0,0.0
6c45473e-08a3-48da-afc8-af6a5ae40cb7,Foodpanda,Food Delivery,Anjon Talukder,Unknown,4,2025-09-09 11:26:09,"s,ii😌👌👌❤️‍🩹👌❤️‍🩹👌😮👌❤️‍🩹❤️‍🩹👌🥰🥰,u. zx,ic. fc","s,ii😌👌👌❤️‍🩹👌❤️‍🩹👌😮👌❤️‍🩹❤️‍🩹👌🥰🥰,u. zx,ic. fc",0,3,43,14,0,0,1.0,0,0,0.9935,1,0,1,0.0,0,1,0,4.0,0.0
1da62703-9ef4-4c75-a7b3-04134cb1320d,Foodpanda,Food Delivery,Fatima Gul,Unknown,4,2025-09-09 16:36:29,great App always very responsive and efficient,great app always very responsive and efficient,2,7,46,0,0,0,1.0,0,1,0.8737,1,0,1,0.0,0,1,0,4.0,0.0
d2f6750d-caa0-4efd-8617-5733ccef3533,Foodpanda,Food Delivery,Raffay H,Unknown,3,2025-09-09 17:06:24,sometimes ewww,sometimes ewww,0,2,14,0,0,0,1.0,0,0,0.0,1,0,1,0.0,0,1,0,3.0,0.0
f41ca253-417a-4832-8d04-c24dea201ead,Foodpanda,Food Delivery,Pubg Covid,Unknown,4,2025-09-09 19:06:29,Thora time ka issue bnta ha Baki oky ha,thora time ka issue bnta ha baki oky ha,0,9,39,0,0,0,0.8888888888888888,0,0,0.5859,1,0,1,0.0,0,1,0,4.0,0.0
3c830f44-896a-416f-99ca-54366c3c23bf,Foodpanda,Food Delivery,Muhammad Asif,Unknown,4,2025-09-09 19:29:30,time check kry,time check kry,0,3,14,0,0,0,1.0,0,0,0.0,1,0,1,0.0,0,1,0,4.0,0.0
1fa0a5a8-13a9-434d-ab35-2d241b4b0545,Foodpanda,Food Delivery,aezaz hussain,Unknown,3,2025-09-10 08:40:15,help center not opening,help center not opening,0,4,23,0,0,0,1.0,0,0,0.4019,1,0,1,0.0,0,1,0,3.0,0.0
58079d77-e944-4c35-bb3c-162c8587b811,Foodpanda,Food Delivery,Umar,Unknown,3,2025-09-10 09:02:21,this is a very good application very amazing and fantastic application it's application very osm application 😶‍🌫️,this is a very good application very amazing and fantastic application it's application very osm application 😶‍🌫️,0,17,113,2,0,0,0.7058823529411765,0,1,0.9032,1,0,1,0.0,0,1,0,3.0,0.0
34f36986-214f-44ba-b07f-daf134c2a8e5,Foodpanda,Food Delivery,Md.Mahbubl Hasan Rony,Unknown,4,2025-09-10 10:09:47,Im very much satisfied by your services.,im very much satisfied by your services.,0,7,40,0,0,0,1.0,0,0,0.4728,1,0,1,0.0,0,1,0,4.0,0.0
771c852e-fdfa-45af-bb29-eb1f82dd2d6d,Foodpanda,Food Delivery,Adrian Ago,Unknown,4,2025-09-10 10:40:39,Please include driver's personal profile like Grab does. Its easier and safer to know who's sending the food with their detailed info.,please include driver's personal profile like grab does. its easier and safer to know who's sending the food with their detailed info.,1,22,134,0,0,0,1.0,0,0,0.8555,1,0,1,0.0,0,1,0,4.0,0.0
1abc90cc-5599-4d84-9968-3f08958bfe1e,Foodpanda,Food Delivery,sabrina sultana,Unknown,2,2025-09-10 11:45:57,Order delivery time onek beshi,order delivery time onek beshi,0,5,30,0,0,0,1.0,0,0,0.0,1,0,1,0.0,0,1,0,2.0,0.0
4979e84c-caea-4768-a15a-aa72a3de42cb,Foodpanda,Food Delivery,Terang Tripura,Unknown,4,2025-09-10 13:03:33,Please add a feature of asking questions before order.,please add a feature of asking questions before order.,0,9,54,0,0,0,1.0,0,0,0.3182,1,0,1,0.0,0,1,0,4.0,0.0
986613b9-4c62-4d47-b049-816d95f68706,Foodpanda,Food Delivery,Jahanzeb Mughal,Unknown,3,2025-09-10 14:56:01,"App is showing error these days. It says order can't be placed but in actual order has been placed and amount deducted. If I repeat, it will deduct double and order will be twice.","app is showing error these days. it says order can't be placed but in actual order has been placed and amount deducted. if i repeat, it will deduct double and order will be twice.",5,34,179,0,0,0,0.7941176470588235,0,1,-0.2144,1,0,1,0.0,0,1,0,3.0,0.0
64c763a6-dbf7-48c5-8065-f75eb3266660,Foodpanda,Food Delivery,Athirah Auni,Unknown,2,2025-09-11 09:40:54,Nak claim voucher pandabaru untuk first user tapi dia kata kita dh pakai... Padahal beli apa2 pon belum lagi payment pon belum tiba2 kata voucher dh tebus 😭,nak claim voucher pandabaru untuk first user tapi dia kata kita dh pakai... padahal beli apa2 pon belum lagi payment pon belum tiba2 kata voucher dh tebus 😭,0,28,156,1,0,0,0.8214285714285714,0,0,-0.4767,1,0,1,0.0,0,1,0,2.0,0.0
aca1cd0f-6a83-4d5e-90b3-f0fff3d6570b,Foodpanda,Food Delivery,Yim Chanty,Unknown,3,2025-09-11 11:48:24,Can't call to customer when the food arrived,can't call to customer when the food arrived,0,8,44,0,0,0,1.0,0,0,0.0,1,0,1,0.0,0,1,0,3.0,0.0
01686bb8-dc31-4542-9aed-14f53575524f,Foodpanda,Food Delivery,Maisarah Zawawi,Unknown,3,2025-09-12 03:34:23,Okla ok ok ok,okla ok ok ok,0,4,13,0,0,0,0.5,0,0,0.6808,1,0,1,0.0,0,1,0,3.0,0.0
1b675987-8180-4c9a-bdac-05225301790a,Foodpanda,Food Delivery,Meesam Naqvi,Unknown,2,2025-09-12 06:28:29,bro make it available in Shahdara...there is a branch of cheezious open recently....Kindly collab with them nd give your best delivery service in Shahdara please,bro make it available in shahdara...there is a branch of cheezious open recently....kindly collab with them nd give your best delivery service in shahdara please,0,25,161,0,0,0,0.96,0,0,0.7579,1,0,1,0.0,0,1,1,2.0,0.0
d831023a-f3e2-41ad-af1f-58953c2fd677,Foodpanda,Food Delivery,Joan Gordon,Unknown,2,2025-09-12 12:24:34,Ok sana ee kaso mali yong na ppin na address sa map kahit ilagay mo yung tamang address,ok sana ee kaso mali yong na ppin na address sa map kahit ilagay mo yung tamang address,0,18,87,0,0,0,0.8888888888888888,0,0,0.296,1,0,1,0.0,0,1,0,2.0,0.0
0c885ab9-b19d-4b19-bcd2-25e12b571f81,Foodpanda,Food Delivery,Sheikh Asad Ali,Unknown,3,2025-09-12 13:29:40,only three star,only three star,0,3,15,0,0,0,1.0,0,0,0.0,1,0,1,0.0,0,1,0,3.0,0.0
a51d8b6d-e186-4a62-b10e-3b5bee741adc,Foodpanda,Food Delivery,Zammad Maryam,Unknown,3,2025-09-12 16:17:23,bas Jo dikhta he wo NAHI milta Baki taste 1 number,bas jo dikhta he wo nahi milta baki taste 1 number,0,11,50,0,0,1,1.0,0,1,0.0772,1,0,1,0.0,0,1,0,3.0,0.0
fefb82ac-21b4-4983-ae32-1fb87ec0956a,Foodpanda,Food Delivery,Rayhan khan,Unknown,2,2025-09-12 16:36:19,price is high than restaurant and they frauding with customer by show discount.,price is high than restaurant and they frauding with customer by show discount.,1,13,79,0,0,0,1.0,1,0,0.0,1,0,1,0.0,0,1,0,2.0,0.0
6f2b8962-1478-4058-8899-b6094d796512,Foodpanda,Food Delivery,Mr faraz Khan,Unknown,4,2025-09-12 18:29:53,good application 👍,good application 👍,0,3,18,1,0,0,1.0,0,1,0.4404,1,0,1,0.0,0,1,0,4.0,0.0
78f43ad6-9b47-4fc9-a628-27ec07b4e3de,Foodpanda,Food Delivery,PIROTE,Unknown,4,2025-09-13 06:17:50,it's a good app,it's a good app,0,4,15,0,0,0,1.0,0,1,0.4404,1,0,1,0.0,0,1,0,4.0,0.0
fa75b386-7440-436d-9350-33c4d936ee7d,Foodpanda,Food Delivery,Adeesha Shafiq,Unknown,2,2025-09-13 10:41:45,I hate pandamart always takes hours to reach and always have to cancel order other then that normal orders are at time but pandamart worse experience,i hate pandamart always takes hours to reach and always have to cancel order other then that normal orders are at time but pandamart worse experience,0,26,149,0,0,0,0.8846153846153846,0,0,-0.7876,1,0,1,0.0,0,1,0,2.0,0.0
c36b7e72-5454-4157-a569-dad0bc800512,Foodpanda,Food Delivery,Tasbee Mahbub,Unknown,4,2025-09-13 16:26:15,the app is satisfactory,the app is satisfactory,0,4,23,0,0,0,1.0,0,1,0.3612,1,0,1,0.0,0,1,0,4.0,0.0
2e66705e-9b85-4884-b863-3767c34b8b46,Foodpanda,Food Delivery,kurt ryan Belly,Unknown,2,2025-09-13 21:10:30,why is leave it to your door automatically on my order!!!!!! why can i just not want that option off!!!? why is it that it auto select online payment option if thats only available???,why is leave it to your door automatically on my order!!!!!! why can i just not want that option off!!!? why is it that it auto select online payment option if thats only available???,0,34,183,0,0,0,0.7941176470588235,0,0,-0.5499,1,0,1,0.0,0,1,0,2.0,0.0
90f0f619-12d7-4bbb-8962-d13639d39c31,Foodpanda,Food Delivery,"POLITO, FRANCESCA MARIE KATE N.",Unknown,2,2025-09-14 03:46:55,why do have additional fees? like what is the use for service fee if it doesn't even go to the sellers or drivers?,why do have additional fees? like what is the use for service fee if it doesn't even go to the sellers or drivers?,0,23,114,0,0,0,0.9565217391304348,0,0,0.4329,1,0,1,0.0,0,1,0,2.0,0.0
0f382091-a3f2-4ee4-9dff-2e54b82c6b3a,Foodpanda,Food Delivery,Matthew Nico,Unknown,4,2025-09-14 06:26:35,is app is amazing but i hate when i want to order food for examole jollibee when i want to order it just end up saying order a different like man let me order anytime i need food,is app is amazing but i hate when i want to order food for examole jollibee when i want to order it just end up saying order a different like man let me order anytime i need food,5,38,178,0,0,0,0.7105263157894737,0,1,0.128,1,0,1,0.0,0,1,0,4.0,0.0
e254816d-5d03-477e-80da-7c8318e09a3d,Foodpanda,Food Delivery,Jonh Michel Maglalang,Unknown,4,2025-09-14 08:48:13,very helpful and useful,very helpful and useful,0,4,23,0,0,0,1.0,0,0,0.7397,1,0,1,0.0,0,1,0,4.0,0.0
d9c7713d-9ea5-40e0-b933-09cdc9617b9a,Foodpanda,Food Delivery,Saif Haq,Unknown,3,2025-09-14 12:05:27,will give 3 star now compared to 5 star as the search option is now bugged.,will give 3 star now compared to 5 star as the search option is now bugged.,0,16,75,0,0,0,0.875,0,0,0.0,1,0,1,0.0,0,1,0,3.0,0.0
7aa0c5b7-51e6-4c21-a39a-5196b4e1ff29,Foodpanda,Food Delivery,Mohammad abu Bakar siddique,Unknown,4,2025-09-14 14:44:35,"হহ ৮৷ ..., চোট।। ৃয","হহ ৮৷ ..., চোট।। ৃয",0,5,19,0,0,0,1.0,0,0,0.0,1,0,1,0.0,0,1,0,4.0,0.0
9f39552b-7471-47b3-884c-da77e22218af,Foodpanda,Food Delivery,Aiman Fikriman,Unknown,4,2025-09-15 03:48:19,great app,great app,0,2,9,0,0,0,1.0,0,1,0.6249,1,0,1,0.0,0,3,0,4.0,0.0
86f43523-f230-4dc2-a989-f3e74ead1cc7,Foodpanda,Food Delivery,Meryll Pervandos,Unknown,4,2025-09-15 10:56:45,Sergice is good,sergice is good,0,3,15,0,0,0,1.0,0,0,0.4404,1,0,1,0.0,0,1,0,4.0,0.0
411e372d-a8b4-461a-81b0-f28c70736401,Foodpanda,Food Delivery,Rafi Police,Unknown,4,2025-09-15 12:41:50,Once they took double payment 😑,once they took double payment 😑,0,6,31,1,0,0,1.0,0,0,0.0,1,0,1,0.0,0,1,0,4.0,0.0
a6074642-189f-4965-bd04-df081b344219,Foodpanda,Food Delivery,Nafisa Ahmad,Unknown,3,2025-09-15 16:49:41,I got a cake but they sent me the wrong one the one I wanted to get was out of stock and they didn't even tell me overall everything else is alright just that they get your orders wrong sometimes,i got a cake but they sent me the wrong one the one i wanted to get was out of stock and they didn't even tell me overall everything else is alright just that they get your orders wrong sometimes,2,40,195,0,0,0,0.8,0,0,-0.7783,1,0,1,0.0,0,1,0,3.0,0.0
50d4b9fa-afcb-4003-ac13-54fd3bf263a8,Foodpanda,Food Delivery,Faizan Ali,Unknown,3,2025-09-15 17:55:52,sometimes it stuck,sometimes it stuck,0,3,18,0,0,0,1.0,0,0,-0.25,1,0,1,0.0,0,1,0,3.0,0.0
27444499-d67d-4b1b-8d08-cc90cf66d5e9,Foodpanda,Food Delivery,Rose B.,Unknown,4,2025-09-15 18:24:37,"overall, its good and convenient, especially to people who doesnt want to go outside","overall, its good and convenient, especially to people who doesnt want to go outside",3,14,84,0,0,0,0.9285714285714286,0,0,0.3975,1,0,1,0.0,0,1,0,4.0,0.0
3322cf26-6010-404c-9ac9-9e116c68116a,Foodpanda,Food Delivery,Nasir 786,Unknown,3,2025-09-15 19:49:44,tasty food and big money delivery,tasty food and big money delivery,0,6,33,0,0,0,1.0,0,0,0.0,1,0,1,0.0,0,1,0,3.0,0.0
f0c95015-7269-4a51-b21b-d7a79e5dbe66,Foodpanda,Food Delivery,Joel Bagoyo,Unknown,3,2025-09-15 22:16:48,vouchers are so scarce lol,vouchers are so scarce lol,0,5,26,0,0,0,1.0,0,0,0.4186,1,0,1,0.0,0,1,0,3.0,0.0
8031c67e-7e34-4f2a-b692-d497c10c8310,Foodpanda,Food Delivery,Aleena Farhan,Unknown,4,2025-09-16 13:16:38,excellent experience,excellent experience,0,2,20,0,0,0,1.0,0,0,0.5719,1,0,1,0.0,0,1,0,4.0,0.0
f0afd2c5-7f84-415d-acfa-addb2bb13a4d,Foodpanda,Food Delivery,Muhammad Ali Raza,Unknown,4,2025-09-16 17:12:05,kindly improve your help section. it will be great if we could connect with real operators instead of useless AI agent,kindly improve your help section. it will be great if we could connect with real operators instead of useless ai agent,4,21,118,0,0,1,1.0,0,0,0.8779,1,0,1,0.0,0,1,0,4.0,0.0
cb8df529-019f-4e16-8ece-c55464d96f63,Foodpanda,Food Delivery,Bonana (Bon),Unknown,2,2025-09-17 06:51:03,misleading free delivery. I reached the amount required but when i checked out. It charges me for delivery.,misleading free delivery. i reached the amount required but when i checked out. it charges me for delivery.,0,18,107,0,0,0,0.8888888888888888,1,0,-0.2846,1,0,1,0.0,0,1,0,2.0,0.0
539cd83e-f6d1-4e3b-8c7e-7dd7021883b1,Foodpanda,Food Delivery,ahsen khan,Unknown,4,2025-09-17 17:20:38,ganduuu,ganduuu,0,1,7,0,0,0,1.0,0,0,0.0,1,0,1,0.0,0,1,0,4.0,0.0
78210c4b-9227-459a-959f-b634d23f7db8,Foodpanda,Food Delivery,Jannatul Ferdous,Unknown,2,2025-09-18 03:34:54,return system to much bad.complain system to much bad.,return system to much bad.complain system to much bad.,0,9,54,0,0,0,0.6666666666666666,0,0,-0.5423,1,0,1,0.0,0,1,0,2.0,0.0
3d352c60-4f00-42c3-bd0e-e4bf6c72aadc,Foodpanda,Food Delivery,4 T,Unknown,4,2025-09-18 08:17:16,love you too,love you too,0,3,12,0,0,0,1.0,0,0,0.6369,1,0,1,0.0,0,1,0,4.0,0.0
3a8286c7-6771-45e3-a55b-adad683d7f80,Foodpanda,Food Delivery,Zabedah Salleh,Unknown,4,2025-09-18 11:26:09,I feel g👀d 😃,i feel g👀d 😃,0,4,12,2,0,0,1.0,0,0,0.3612,1,0,1,0.0,0,1,0,4.0,0.0
aa79a67b-644d-46e6-ab6d-1889627d35bd,Foodpanda,Food Delivery,Minecraft Basics,Unknown,4,2025-09-18 13:41:39,good but the vouchers are limited to much,good but the vouchers are limited to much,0,8,41,0,0,0,1.0,0,0,-0.1027,1,0,1,0.0,0,1,0,4.0,0.0
e8fc7490-fe2d-464d-989b-6e2da829beba,Foodpanda,Food Delivery,rider23332,Unknown,4,2025-09-18 14:16:09,sometimes the game doesn't load. please fix. thank you.,sometimes the game doesn't load. please fix. thank you.,0,9,55,0,0,0,1.0,0,0,0.1376,1,0,1,0.0,0,1,0,4.0,0.0
fb0edac6-1e1c-461d-b4bc-87689a483f23,Foodpanda,Food Delivery,Babar Qureshi,Unknown,4,2025-09-18 16:50:52,👍 good food,👍 good food,0,3,11,1,0,0,1.0,0,0,0.4404,1,0,1,0.0,0,1,0,4.0,0.0
882327e8-467a-4d29-99d0-bd6b79b2e85f,Foodpanda,Food Delivery,Zerahny Chew,Unknown,2,2025-09-19 11:29:13,"Help with delayed order is useless. You have no option but to accept it is delayed,as they only have automated help options.","help with delayed order is useless. you have no option but to accept it is delayed,as they only have automated help options.",1,22,124,0,0,0,0.8636363636363636,0,0,0.705,1,0,1,0.0,0,1,1,2.0,0.0
1f7b79ef-4084-4ce8-8b82-1caca3a31248,Foodpanda,Food Delivery,Alisher Aamir,Unknown,2,2025-09-19 15:59:38,PEHLAORDER IS NOT USED AND EROOR IS COMING FOOD PANDA,pehlaorder is not used and eroor is coming food panda,1,10,53,0,0,10,0.9,0,0,0.0,1,0,1,0.0,0,1,0,2.0,0.0
8dbcfe2e-2095-4b1d-a6ed-1ca5a59a6023,Foodpanda,Food Delivery,Batman,Unknown,4,2025-09-20 00:41:09,Add dark theme 🙏💔 everything else is fine aside from my eyes burning every time I open the app,add dark theme 🙏💔 everything else is fine aside from my eyes burning every time i open the app,0,19,94,2,0,0,1.0,0,1,0.4404,1,0,1,0.0,0,1,0,4.0,0.0
f5410abe-2520-4461-afee-0ebba02466d6,Foodpanda,Food Delivery,alexa lavapiez,Unknown,4,2025-09-20 12:52:47,lagging,lagging,0,1,7,0,0,0,1.0,0,0,-0.2732,1,0,1,0.0,0,1,0,4.0,0.0
03fc51f8-11b1-4d86-bb3f-263bf1ec13c7,Foodpanda,Food Delivery,Wajid Bhutto,Unknown,4,2025-09-20 19:21:17,a fzA,a fza,0,2,5,0,0,0,1.0,0,0,0.0,1,0,1,0.0,0,1,0,4.0,0.0
aa2be060-2b0f-43fe-a305-8400ba10cf2f,Foodpanda,Food Delivery,Graphic,Unknown,3,2025-09-20 20:04:50,worst offers,worst offers,0,2,12,0,0,0,1.0,1,0,-0.6249,1,0,1,0.0,0,1,0,3.0,0.0
e2b341d5-5ed6-4eed-a0bb-d62ca6c5500b,Foodpanda,Food Delivery,Michelle Lo,Unknown,2,2025-09-21 11:30:36,"The missing item cannot be complained about on the App through help, no response, unable to upload pictures, and can only take a photo. Live chat, cannot return after changing pages. Chat icon changes to another page when clicked.","the missing item cannot be complained about on the app through help, no response, unable to upload pictures, and can only take a photo. live chat, cannot return after changing pages. chat icon changes to another page when clicked.",13,39,230,0,0,0,0.9230769230769231,0,1,0.1426,1,0,1,0.0,0,1,0,2.0,0.0
db0efa8a-daf3-4a57-b02f-c1c38dc40e3c,Foodpanda,Food Delivery,i faiz,Unknown,3,2025-09-21 13:26:25,"kecewa...baru 2 hari lepas update tiba"" harini kne update lgi...version tk sesuai...","kecewa...baru 2 hari lepas update tiba"" harini kne update lgi...version tk sesuai...",0,12,84,0,0,0,0.9166666666666666,0,0,0.0,1,0,1,0.0,0,1,0,3.0,0.0
9ce7b8bd-bb1c-4d8d-9dcd-6ec7a52eeb8f,Foodpanda,Food Delivery,Lance Isip,Unknown,4,2025-09-22 06:00:31,"It's good, but the ""order again"" section includes restaurants I have never even heard of, let alone ordered from. I don't like being lied to.","it's good, but the ""order again"" section includes restaurants i have never even heard of, let alone ordered from. i don't like being lied to.",7,25,141,0,0,0,0.96,0,0,-0.1126,1,0,1,0.0,0,1,0,4.0,0.0
4d78c1fc-4e10-4b0b-8397-3f607a10e363,Foodpanda,Food Delivery,Mansoor Ali,Unknown,3,2025-09-22 19:16:30,good experience,good experience,0,2,15,0,0,0,1.0,0,0,0.4404,1,0,1,0.0,0,2,0,3.0,0.0
d5991743-400b-482a-87c5-dd2f928f48c3,Foodpanda,Food Delivery,Ronald Imbing,Unknown,4,2025-09-23 05:35:54,I love this app,i love this app,0,4,15,0,0,0,1.0,0,1,0.6369,1,0,1,0.0,0,2,0,4.0,0.0
41e4282b-5945-426a-b9e3-860bc1015f3c,Foodpanda,Food Delivery,Syedarahila Inayat,Unknown,4,2025-09-23 11:10:54,Very poor service . Did not get what i orderd. 5 emails and no response. Charged me full payment and items were missing . Fraud fraud and fraud people. Uninstall. Bad service . Fraud service.,very poor service . did not get what i orderd. 5 emails and no response. charged me full payment and items were missing . fraud fraud and fraud people. uninstall. bad service . fraud service.,0,35,191,0,0,0,0.7714285714285715,1,0,-0.9774,1,0,1,0.0,0,1,1,4.0,0.0
a401f6db-3654-48b9-92da-a67c4f8cefdb,Foodpanda,Food Delivery,Germain Morbe,Unknown,2,2025-09-23 12:10:53,"@Foodpanda: Your app gets worse and more confusing with every update. What annoys me most, riders come without any change! Your competitors ask already in the ordering process about how much change to bring.","@foodpanda: your app gets worse and more confusing with every update. what annoys me most, riders come without any change! your competitors ask already in the ordering process about how much change to bring.",1,34,207,0,0,0,0.9705882352941176,0,1,-0.8118,1,0,1,0.0,0,1,0,2.0,0.0
0dd6a2a5-e084-4c3e-9033-9a8695405487,Foodpanda,Food Delivery,Shine Wana Aung,Unknown,2,2025-09-23 14:13:15,အရမိးအဆင်ပြေပါတယ်ဒီappကိုသူံးရတာ,အရမိးအဆင်ပြေပါတယ်ဒီappကိုသူံးရတာ,0,1,32,0,0,0,1.0,0,1,0.0,1,0,1,0.0,0,1,0,2.0,0.0
73779c7e-b88c-4045-aa5d-578e857cc63d,Foodpanda,Food Delivery,lia,Unknown,2,2025-09-23 16:02:01,edjonmrak1999 25,edjonmrak1999 25,0,2,16,0,0,0,1.0,0,0,0.0,1,0,1,0.0,0,1,0,2.0,0.0
f0fdcbb7-b1e9-45ca-8119-929c1b494478,Foodpanda,Food Delivery,Azam Mohammad,Unknown,4,2025-09-24 06:27:14,Very good experience and very useful and helpful and appreciated. The contact feature with the restaurant order for correction of address or order.,very good experience and very useful and helpful and appreciated. the contact feature with the restaurant order for correction of address or order.,2,23,147,0,0,0,0.8260869565217391,0,1,0.9144,1,0,1,0.0,0,1,0,4.0,0.0
a3ec269b-21cb-4ca6-b45d-5602c23a9653,Foodpanda,Food Delivery,Anas Naeem,Unknown,4,2025-09-24 13:23:32,very helpful and quick service,very helpful and quick service,0,5,30,0,0,0,1.0,0,0,0.4754,1,0,1,0.0,0,1,0,4.0,0.0
9f5f5a24-f9f3-4b06-b6c6-26731afb19c2,Foodpanda,Food Delivery,Abdul Raheem,Unknown,4,2025-09-24 14:04:15,The app needs some new functions and stuff but it's all good 👍🏽,the app needs some new functions and stuff but it's all good 👍🏽,2,13,63,2,0,0,1.0,0,1,0.5927,1,0,1,0.0,0,1,0,4.0,0.0
4f0dbc64-077e-4185-837d-509664e148f5,Foodpanda,Food Delivery,Asma Akter,Unknown,4,2025-09-24 18:18:26,"শ,,,য,ঢ়,,ঋ🎱🎱🥍🎱🎳🪁🪁🎱🎄🎱🎱🥎🎱🔮🎱🎯","শ,,,য,ঢ়,,ঋ🎱🎱🥍🎱🎳🪁🪁🎱🎄🎱🎱🥎🎱🔮🎱🎯",0,1,26,16,0,0,1.0,0,0,0.0,1,0,1,0.0,0,1,0,4.0,0.0
ef091102-4b2d-4120-8414-7030377c037c,Foodpanda,Food Delivery,ervan dharmawan,Unknown,4,2025-09-25 03:01:58,I think the restaurant selection is a bit lacking. Prices and service are good,i think the restaurant selection is a bit lacking. prices and service are good,0,14,78,0,0,0,1.0,0,0,0.4404,1,0,1,0.0,0,1,0,4.0,0.0
88bfd09f-2394-40f1-b583-98f90c2ded7c,Foodpanda,Food Delivery,Perindu Kasih,Unknown,3,2025-09-25 04:15:57,alamat map panda tidak tepat lokasi,alamat map panda tidak tepat lokasi,0,6,35,0,0,0,1.0,0,0,0.0,1,0,1,0.0,0,1,0,3.0,0.0
13989e2e-40e8-490e-bcfb-fbe7bd878f9e,Foodpanda,Food Delivery,Bunga Manis,Unknown,2,2025-09-25 09:55:48,teruk yer rider nama dah ada dkt PENGHANTARAN tapi x ambik oder kita ni dah kebulur kita pulak kena CARI dia,teruk yer rider nama dah ada dkt penghantaran tapi x ambik oder kita ni dah kebulur kita pulak kena cari dia,0,21,108,0,0,2,0.9047619047619048,0,0,0.0,1,0,1,0.0,0,1,0,2.0,0.0
12319858-cd04-4983-926e-9a4979ce1f90,Foodpanda,Food Delivery,yennifer sorceres,Unknown,4,2025-09-25 13:51:01,need.room for improvement. not too much available stores to choose. quite expensive.⁸,need.room for improvement. not too much available stores to choose. quite expensive.⁸,0,12,85,0,0,0,1.0,0,0,0.4588,1,0,1,0.0,0,1,0,4.0,0.0
548a423e-3bc7-4717-9400-95538d6163bf,Foodpanda,Food Delivery,Nahid hossan,Unknown,4,2025-09-26 08:08:35,Good app,good app,0,2,8,0,0,0,1.0,0,1,0.4404,1,0,1,0.0,0,5,0,4.0,0.0
d204a343-8638-4216-a37a-d74188723ccf,Foodpanda,Food Delivery,Jewel Quiogue,Unknown,3,2025-09-26 14:40:28,🌎ow🌎😉🥲zs,🌎ow🌎😉🥲zs,0,1,8,4,0,0,1.0,0,0,0.0,1,0,1,0.0,0,1,0,3.0,0.0
f02a5641-392e-434a-b315-9651f6ab0f83,Foodpanda,Food Delivery,Abdul Majid,Unknown,4,2025-09-26 16:10:29,Good Service,good service,0,2,12,0,0,0,1.0,0,0,0.4404,1,0,1,0.0,0,4,0,4.0,0.0
a613ae7e-b87a-4e07-a104-3bc7646c0a70,Foodpanda,Food Delivery,m raza,Unknown,3,2025-09-27 12:44:06,I can't pay online. alot of issues with online payment and especially payment for panda pro. they need to sort out quick it wasted my 1 hour.,i can't pay online. alot of issues with online payment and especially payment for panda pro. they need to sort out quick it wasted my 1 hour.,0,27,141,0,0,0,0.9629629629629629,0,0,-0.4412,1,0,1,0.0,0,1,0,3.0,0.0
81323a58-a9ad-4556-88b3-e70cba1424be,Foodpanda,Food Delivery,Md. Samin Yasar,Unknown,5,2025-09-27 15:18:49,Good Foodpanda,good foodpanda,0,2,14,0,0,0,1.0,0,0,0.4404,1,0,1,0.0,0,1,0,5.0,0.0
ce0605e6-9695-499b-8a30-1b5e80160636,Foodpanda,Food Delivery,Zulfiqar Hussain,Unknown,4,2025-09-27 17:14:19,it always takes more time as mentioned estimated time,it always takes more time as mentioned estimated time,0,9,53,0,0,0,0.8888888888888888,0,0,0.0,1,0,1,0.0,0,1,0,4.0,0.0
57e3ce81-710c-4512-a795-2a5c8ff4cb14,Foodpanda,Food Delivery,Saman Arshad,Unknown,5,2025-09-27 17:53:15,ALHAM'DULIL'LAH! always perfect experience.,alham'dulil'lah! always perfect experience.,3,4,43,0,0,1,1.0,0,0,0.6114,1,0,1,0.0,0,1,0,5.0,0.0
e1f4b0c1-4ffb-4cfe-a151-a935f7e1f02c,Foodpanda,Food Delivery,Mahwish Muqeem Uddin,Unknown,5,2025-09-27 19:14:53,Amount gets deducted and you don't receive your orders.,amount gets deducted and you don't receive your orders.,0,9,55,0,0,0,1.0,0,0,0.0,1,0,1,0.0,0,1,0,5.0,0.0
63423c05-321e-4351-93b1-b87216f31e5b,Foodpanda,Food Delivery,Ameer Hamza,Unknown,5,2025-09-27 19:31:02,very good for emergency,very good for emergency,0,4,23,0,0,0,1.0,0,0,0.0847,1,0,1,0.0,0,1,0,5.0,0.0
5fcbeeb3-9afe-4e0f-81f8-1fde5132f57c,Foodpanda,Food Delivery,Princess Rove,Unknown,5,2025-09-27 23:36:05,Always nase-save ang cravings lalo na tuwing midnight! hehe,always nase-save ang cravings lalo na tuwing midnight! hehe,0,9,59,0,0,0,1.0,0,0,0.0,1,0,1,0.0,0,1,0,5.0,0.0
5276752e-2e82-4839-8ebe-51c00959c957,Foodpanda,Food Delivery,Android Guy Khan,Unknown,2,2025-09-28 00:34:31,Riders ki complain ki bi option honi chaye Kuch order ka behavior acha nahi hota or Kuch extra charges manty hai,riders ki complain ki bi option honi chaye kuch order ka behavior acha nahi hota or kuch extra charges manty hai,0,21,112,0,0,0,0.9047619047619048,0,1,-0.5574,1,0,1,0.0,0,1,0,2.0,0.0
5babe48e-bcc5-4536-b0ed-c5e260ef73f1,Foodpanda,Food Delivery,Patrick Ortiga,Unknown,5,2025-09-28 01:51:54,excellent app,excellent app,0,2,13,0,0,0,1.0,0,1,0.5719,1,0,1,0.0,0,2,0,5.0,0.0
eeb50adc-46ef-4f7a-9787-2fd5618c8919,Foodpanda,Food Delivery,Ailene Ranet,Unknown,5,2025-09-28 03:41:55,Great deals!,great deals!,0,2,12,0,0,0,1.0,1,0,0.6588,1,0,1,0.0,0,1,0,5.0,0.0
d815a091-527a-4158-8b88-6a9226221418,Foodpanda,Food Delivery,Aaron Bourne,Unknown,5,2025-09-28 04:06:11,great service that is fast,great service that is fast,0,5,26,0,0,0,1.0,0,0,0.6249,1,0,1,0.0,0,1,0,5.0,0.0
69562eef-2501-4930-b4cf-753cda911ba1,Foodpanda,Food Delivery,Skola Marak,Unknown,5,2025-09-28 04:23:16,👌🏿👌🏿👌🏿👌🏿,👌🏿👌🏿👌🏿👌🏿,0,1,8,8,0,0,1.0,0,0,0.9736,1,0,1,0.0,0,1,0,5.0,0.0
ad969939-099b-41f2-b356-69e90a3ae777,Foodpanda,Food Delivery,Benedict Ezekial Salcedo,Unknown,5,2025-09-28 10:49:21,i like food panda,i like food panda,0,4,17,0,0,0,1.0,0,0,0.3612,1,0,1,0.0,0,1,0,5.0,0.0
68ccde5f-0ed0-4c2f-b033-fff05384b1d7,Foodpanda,Food Delivery,Tasfia Humayra,Unknown,3,2025-09-28 14:08:30,foodpandas delivery charge or whatever it is should be reduced cz even if the food price is like okay the extra charge is too much it should be reduced,foodpandas delivery charge or whatever it is should be reduced cz even if the food price is like okay the extra charge is too much it should be reduced,0,29,151,0,0,0,0.7241379310344828,0,0,0.5267,1,0,1,0.0,0,1,0,3.0,0.0
b6580581-aa09-4646-b4a9-f3dab02acae5,Foodpanda,Food Delivery,roxsette quiroben,Unknown,5,2025-09-28 14:45:53,easy and fast,easy and fast,0,3,13,0,0,0,1.0,0,0,0.4404,1,0,1,0.0,0,1,0,5.0,0.0
ec085fe0-dbc7-4421-81f1-08f40e8a8106,Foodpanda,Food Delivery,Saad Bin Waqas,Unknown,4,2025-09-28 14:46:33,nn we py,nn we py,0,3,8,0,0,0,1.0,0,0,0.0,1,0,1,0.0,0,1,0,4.0,0.0
a7952d60-976a-48b1-8051-f38fa0b18ddf,Foodpanda,Food Delivery,Good Man,Unknown,3,2025-09-28 15:04:42,hh uhu hyy.uq,hh uhu hyy.uq,0,3,13,0,0,0,1.0,0,0,0.0,1,0,1,0.0,0,1,0,3.0,0.0
74babfc7-1ec0-4f57-b993-e73b7355e541,Foodpanda,Food Delivery,Kamrun Jannat,Unknown,5,2025-09-28 16:19:05,I didn't use this app,i didn't use this app,0,5,21,0,0,0,1.0,0,1,0.0,1,0,1,0.0,0,1,0,5.0,0.0
06ff8a71-ed97-4d4c-868e-a16d0bc5aaf8,Foodpanda,Food Delivery,Mazhar Iqbal,Unknown,5,2025-09-28 22:18:23,This is a very good app,this is a very good app,0,6,23,0,0,0,1.0,0,1,0.4927,1,0,1,0.0,0,1,0,5.0,0.0
3b0b0a16-2692-427f-bacf-aba4bef97554,Foodpanda,Food Delivery,Kok Chong Ban,Unknown,5,2025-09-29 02:45:01,Food delivered on time. Good!!! 👍,food delivered on time. good!!! 👍,0,6,33,1,0,0,1.0,0,0,0.5826,1,0,1,0.0,0,1,0,5.0,0.0
17895e9a-54d8-4c02-9aa6-6af817d00295,Foodpanda,Food Delivery,Edna “JEIMY ANN DS FABELLA” Delos Santos,Unknown,5,2025-09-29 05:02:24,easy to buy food and anything.tru foodpanda,easy to buy food and anything.tru foodpanda,0,7,43,0,0,0,1.0,0,0,0.4404,1,0,1,0.0,0,1,0,5.0,0.0
8885732a-7288-42d9-b217-b52b59eedf2e,Foodpanda,Food Delivery,Ancheska Aguirre,Unknown,3,2025-09-29 05:07:18,The app would not let me unsubscribe!!,the app would not let me unsubscribe!!,1,7,38,0,0,0,1.0,0,1,0.0,1,0,1,0.0,0,1,0,3.0,0.0
634b96dd-e865-4ec8-ad90-114b22c632e4,Foodpanda,Food Delivery,Aung khant Nyar,Unknown,5,2025-09-29 05:51:57,just one word.... amazing,just one word.... amazing,0,4,25,0,0,0,1.0,0,0,0.5859,1,0,1,0.0,0,1,0,5.0,0.0
102265c8-9951-4e15-9b6e-bd220b0f55f7,Foodpanda,Food Delivery,Cho Oo,Unknown,5,2025-09-29 06:53:02,Good app in myanmar,good app in myanmar,0,4,19,0,0,0,1.0,0,1,0.4404,1,0,1,0.0,0,1,0,5.0,0.0
ca5bfa7c-eb7a-4fd7-b666-6efd3613d829,Foodpanda,Food Delivery,Dua,Unknown,5,2025-09-29 08:44:35,bhot good,bhot good,0,2,9,0,0,0,1.0,0,0,0.4404,1,0,1,0.0,0,1,0,5.0,0.0
fbbee6e4-4f29-417b-804b-1161b97828a2,Foodpanda,Food Delivery,horror movie's,Unknown,4,2025-09-29 11:16:32,that was a amazing app 🥰❤️,that was a amazing app 🥰❤️,0,6,26,1,0,0,1.0,0,1,0.9022,1,0,1,0.0,0,1,0,4.0,0.0
529a42d7-a11a-4929-acc8-205f99449e7a,Foodpanda,Food Delivery,Saima Jahan,Unknown,3,2025-09-29 11:20:51,আমি অর্ডার করছিলাম কিন্তু ডেলিভারি নিয়ে আসেনি,আমি অর্ডার করছিলাম কিন্তু ডেলিভারি নিয়ে আসেনি,0,7,46,0,0,0,1.0,0,0,0.0,1,0,1,0.0,0,1,0,3.0,0.0
87566bf2-cbcf-427f-8008-138f258e4dbd,Foodpanda,Food Delivery,james gan ongan,Unknown,5,2025-09-29 11:49:51,nice apps leaser hassle,nice apps leaser hassle,0,4,23,0,0,0,1.0,0,1,0.4215,1,0,1,0.0,0,1,0,5.0,0.0
55fae4cc-b249-4d45-8212-4b2efb0c17fc,Foodpanda,Food Delivery,Minhaj King,Unknown,2,2025-09-29 12:07:15,olk9💦xgkk Oi+,olk9💦xgkk oi+,0,2,13,1,0,0,1.0,0,0,0.0,1,0,1,0.0,0,1,0,2.0,0.0
f765fd9e-c16e-4b62-ae01-2afa465bca3b,Foodpanda,Food Delivery,Hilda Gepalin,Unknown,5,2025-09-29 12:09:40,Good service very fast delivery,good service very fast delivery,0,5,31,0,0,0,1.0,0,0,0.4404,1,0,1,0.0,0,1,0,5.0,0.0
46f0edb2-2451-4a2e-9ccf-fec5bb2df5d2,Foodpanda,Food Delivery,Mark Jack,Unknown,5,2025-09-29 12:33:28,vloi AP ta,vloi ap ta,0,3,10,0,0,1,1.0,0,0,0.0,1,0,1,0.0,0,1,0,5.0,0.0
845af2b2-35c9-4c12-b1ed-8196c8034de1,Foodpanda,Food Delivery,Eugene Evangelista,Unknown,2,2025-09-29 12:56:52,would be good if paymaya is included for the payment method since gcash qrlink cant be opened by paymaya scanner...,would be good if paymaya is included for the payment method since gcash qrlink cant be opened by paymaya scanner...,0,20,115,0,0,0,0.9,1,0,0.4404,1,0,1,0.0,0,1,0,2.0,0.0
733a2b99-83b4-44a2-acce-5203bffd6ef2,Foodpanda,Food Delivery,Hossain,Unknown,5,2025-09-29 13:57:46,Wonderful app,wonderful app,0,2,13,0,0,0,1.0,0,1,0.5719,1,0,1,0.0,0,1,0,5.0,0.0
0c3eb186-b52e-4619-b6a2-66dcb41d05c6,Foodpanda,Food Delivery,Muhammad Siraj khalil,Unknown,5,2025-09-29 14:32:23,very good and fast service,very good and fast service,0,5,26,0,0,0,1.0,0,0,0.4927,1,0,1,0.0,0,1,0,5.0,0.0
7b1c3b19-4db6-4fb6-9105-b45e3c4a5e76,Foodpanda,Food Delivery,Solomon Chua,Unknown,2,2025-09-29 15:53:09,App keeps extending estimated delivery time to the point where estimates are pointless in helping the user to plan ahead (e.g. decide if they want to pay for priority delivery),app keeps extending estimated delivery time to the point where estimates are pointless in helping the user to plan ahead (e.g. decide if they want to pay for priority delivery),0,30,176,0,0,0,0.9,0,1,0.2732,1,0,1,0.0,0,1,0,2.0,0.0
4393a418-ea84-44f6-bb7a-bc63425c02ee,Foodpanda,Food Delivery,RC B,Unknown,4,2025-09-29 16:02:41,Pakidagdagan ng GGIVES support,pakidagdagan ng ggives support,0,4,30,0,0,1,1.0,0,0,0.4019,1,0,1,0.0,0,1,0,4.0,0.0
09edd4b4-f702-4648-88ed-0db56a98d468,Foodpanda,Food Delivery,Apple Pii,Unknown,5,2025-09-29 16:21:47,great app! love it!,great app! love it!,0,4,19,0,0,0,1.0,0,1,0.8715,1,0,1,0.0,0,1,0,5.0,0.0
8684f596-287c-4c07-a5a3-c189158c45d6,Foodpanda,Food Delivery,AF. Ayan,Unknown,5,2025-09-29 17:50:00,valoi app ta onek rate a khabar pai 😀,valoi app ta onek rate a khabar pai 😀,0,9,37,1,0,0,1.0,0,1,0.3612,1,0,1,0.0,0,1,0,5.0,0.0
851b84a0-b27a-47c0-b312-3bb003f71d59,Foodpanda,Food Delivery,Jeorjett Frielle C. De lara,Unknown,5,2025-09-30 00:53:18,Fast delivery,fast delivery,0,2,13,0,0,0,1.0,0,0,0.0,1,0,1,0.0,0,3,0,5.0,0.0
c72dbf4f-d1bc-4dc4-8376-3a41451105ff,Foodpanda,Food Delivery,Erwin Mendez,Unknown,5,2025-09-30 03:23:01,so goodd app good for order,so goodd app good for order,0,6,27,0,0,0,1.0,0,1,0.4877,1,0,1,0.0,0,1,0,5.0,0.0
976ce38d-ee03-4f9c-a5dd-bfdcb4eb1996,Foodpanda,Food Delivery,Ella jamaica gine Bacus,Unknown,5,2025-09-30 03:47:47,ang Ganda kase na papadali lng yong pag order ko ang good Po kase mabilis lng dumating,ang ganda kase na papadali lng yong pag order ko ang good po kase mabilis lng dumating,0,17,86,0,0,0,0.8235294117647058,0,0,-0.1779,1,0,1,0.0,0,1,0,5.0,0.0
0084fe99-906e-4cbd-b0fb-42bacc9ccb81,Foodpanda,Food Delivery,Syed Hussain Ali,Unknown,1,2025-09-30 03:57:48,I was a panda pro consumer and they are taking money on every food item that is listed in their app and they can't even provide proper customer support. I would recommend not using this app,i was a panda pro consumer and they are taking money on every food item that is listed in their app and they can't even provide proper customer support. i would recommend not using this app,0,36,189,0,0,0,0.8888888888888888,0,1,0.6369,1,0,1,0.0,0,1,1,1.0,0.0
e65bd5c9-f13a-43c8-bd4a-0b8590a2f142,Foodpanda,Food Delivery,Skill Builder,Unknown,1,2025-09-30 04:20:18,Worst experience ever,worst experience ever,0,3,21,0,0,0,1.0,0,0,-0.6249,1,0,1,0.0,0,1,0,1.0,0.0
0b50eb6a-9997-407c-a299-9df044397c1f,Foodpanda,Food Delivery,Rogenie Selgas,Unknown,1,2025-09-30 04:34:14,maraming bayarin at hindi magkatugma ang price akala mo mura pero pg mg order na biglang lumaki ang price,maraming bayarin at hindi magkatugma ang price akala mo mura pero pg mg order na biglang lumaki ang price,0,19,105,0,0,0,0.8947368421052632,0,0,0.0,1,0,1,0.0,0,1,0,1.0,0.0
bd44fc9d-2bd0-4138-be5e-8bbc10615a42,Foodpanda,Food Delivery,yasir azeem,Unknown,5,2025-09-30 06:05:26,overall my experience with food panda is very good from start until now i see the improvement its a good apps to order food nd drinks i like it,overall my experience with food panda is very good from start until now i see the improvement its a good apps to order food nd drinks i like it,2,29,143,0,0,0,0.896551724137931,0,1,0.8908,1,0,1,0.0,0,1,0,5.0,0.0
71c5a513-00ad-4e73-84ee-ccd482a8047c,Foodpanda,Food Delivery,Anna Darling,Unknown,5,2025-09-30 06:23:37,Memudahkan kerja order dalam talian. Harga berpatutan,memudahkan kerja order dalam talian. harga berpatutan,0,7,53,0,0,0,1.0,0,0,0.0,1,0,1,0.0,0,1,0,5.0,0.0
0919d446-89f2-47b2-abbf-8d6a9123ad0a,Foodpanda,Food Delivery,suzzana zana,Unknown,5,2025-09-30 06:39:51,service cepat dan laju,service cepat dan laju,1,4,22,0,0,0,1.0,0,0,0.0,1,0,1,0.0,0,1,0,5.0,0.0
5ecea484-f973-4c75-b9f0-356412e043cc,Foodpanda,Food Delivery,DEAR J19,Unknown,5,2025-09-30 07:17:47,best app ☺️,best app ☺️,0,3,11,0,0,0,1.0,0,1,0.802,1,0,1,0.0,0,1,0,5.0,0.0
d39360af-02a6-4d7c-8bf4-18f1e58e5748,Foodpanda,Food Delivery,Yahser Tapuro,Unknown,4,2025-09-30 08:36:18,may bug pag nilalagay ko phone number ko pero ang ganda ang dami pang Voulcher,may bug pag nilalagay ko phone number ko pero ang ganda ang dami pang voulcher,0,15,78,0,0,0,0.8666666666666667,0,0,0.0772,1,0,1,0.0,0,1,0,4.0,0.0
b6a48607-1024-4323-9b4e-60c04096e77b,Foodpanda,Food Delivery,Yi Zona,Unknown,1,2025-09-30 08:41:52,super late delivery,super late delivery,0,3,19,0,0,0,1.0,0,0,0.5994,1,0,1,0.0,0,1,1,1.0,0.0
a0d6fefe-07dd-4cfb-87c4-4f943c292322,Foodpanda,Food Delivery,Baby Kiran,Unknown,5,2025-09-30 09:07:54,bohat achi app ha and fast delivery Karni ha,bohat achi app ha and fast delivery karni ha,0,9,44,0,0,0,0.8888888888888888,0,1,0.5859,1,0,1,0.0,0,1,0,5.0,0.0
a1003219-7682-4cc5-9ddc-82538abd4fd7,Foodpanda,Food Delivery,Arman Diman,Unknown,1,2025-09-30 09:31:29,nag error ang app tapos walang lumalabas sa orders Pag ka order ulit saka pumasok ang unang order..sadly di na macancel at nadouble ang order..paki ayos na man oohh,nag error ang app tapos walang lumalabas sa orders pag ka order ulit saka pumasok ang unang order..sadly di na macancel at nadouble ang order..paki ayos na man oohh,0,29,164,0,0,0,0.896551724137931,0,1,-0.6369,1,0,1,0.0,0,1,0,1.0,0.0
55b399bf-cc54-4713-924c-580b5edc7916,Foodpanda,Food Delivery,shaikh shadab,Unknown,1,2025-09-30 09:55:33,Worst App doesn't perform at the end,worst app doesn't perform at the end,0,7,36,0,0,0,1.0,0,1,-0.6249,1,0,1,0.0,0,1,0,1.0,0.0
041a1168-9f3a-4259-aafd-312712f634fc,Foodpanda,Food Delivery,Joshua Ray Gonzales,Unknown,5,2025-09-30 11:17:40,good and fast deliveries no hassle,good and fast deliveries no hassle,0,6,34,0,0,0,1.0,0,0,0.1779,1,0,1,0.0,0,1,0,5.0,0.0
6fd10442-7756-4445-8332-6df2b597dac8,Foodpanda,Food Delivery,Winston Tan,Unknown,1,2025-09-30 11:35:35,Your superb tech QA didn't found the bug in yuu point + dbs yuu card voucher?,your superb tech qa didn't found the bug in yuu point + dbs yuu card voucher?,0,16,77,0,0,1,0.9375,0,0,0.6249,1,0,1,0.0,0,1,1,1.0,0.0
c000a346-13a9-48ea-81d8-eb35455cdd12,Foodpanda,Food Delivery,Hajra Habib,Unknown,1,2025-09-30 11:39:05,3 times uninstalled n downloaded again to get this bug fixed but no use. Its unable to verify my mobile nmbr. Everytime i put my nmbr it just gets stuck there no code sent for verification,3 times uninstalled n downloaded again to get this bug fixed but no use. its unable to verify my mobile nmbr. everytime i put my nmbr it just gets stuck there no code sent for verification,0,36,188,0,0,0,0.9166666666666666,1,0,-0.7964,1,0,1,0.0,0,1,0,1.0,0.0
35f80949-2c56-481a-b3fb-28b6414016c5,Foodpanda,Food Delivery,"REYES, GIAN PAULO R.",Unknown,1,2025-09-30 12:00:47,"been waiting for atleast 30 mins for my order then suddenly it was cancelled, I tried to reorder now the delivery fee is higher...","been waiting for atleast 30 mins for my order then suddenly it was cancelled, i tried to reorder now the delivery fee is higher...",0,24,130,0,0,0,0.9583333333333334,0,0,-0.25,1,0,1,0.0,0,1,0,1.0,0.0
d5d44783-0a40-4f86-bade-55e076bb9075,Foodpanda,Food Delivery,Wellfoe Weve,Unknown,1,2025-09-30 12:19:20,palui,palui,0,1,5,0,0,0,1.0,0,0,0.0,1,0,1,0.0,0,1,0,1.0,0.0
246765a5-09ba-4f42-b81f-0a035e154a46,Foodpanda,Food Delivery,pranav arora,Unknown,1,2025-09-30 12:38:35,"The most useless panda. New feature of cart was introduced its broken on day 1, the UI glitches happen everyday, customer support service is the WORST out there. please dont fall for this scampanda pro.","the most useless panda. new feature of cart was introduced its broken on day 1, the ui glitches happen everyday, customer support service is the worst out there. please dont fall for this scampanda pro.",0,35,202,0,0,2,0.9428571428571428,0,1,-0.7425,1,0,1,0.0,0,1,0,1.0,0.0
d1c3bd07-26c1-4ab0-9fa6-648555cd6212,Foodpanda,Food Delivery,C. Lee,Unknown,1,2025-09-30 13:38:44,food fell to the ground and partially delivered and expected customer to eat them and refused to a full refund. ridiculous service and I really miss deliveroo.,food fell to the ground and partially delivered and expected customer to eat them and refused to a full refund. ridiculous service and i really miss deliveroo.,0,27,159,0,0,0,0.8148148148148148,0,0,-0.6801,1,0,1,0.0,0,1,0,1.0,0.0
dffc54df-f33e-4454-b911-a2dd33895305,Foodpanda,Food Delivery,Ashraf Hossain,Unknown,1,2025-09-30 14:51:52,very bad service waited for 3h and then canceled my odered,very bad service waited for 3h and then canceled my odered,0,11,58,0,0,0,1.0,0,0,-0.5849,1,0,1,0.0,0,1,0,1.0,0.0
a46b511e-44f8-4768-8921-1d076d336496,Foodpanda,Food Delivery,Khalid Khan,Unknown,1,2025-09-30 15:02:36,It is convenience for the working couples and busy moms to use this facility on a click ....,it is convenience for the working couples and busy moms to use this facility on a click ....,0,18,92,0,0,0,1.0,0,0,0.0,1,0,1,0.0,0,1,0,1.0,0.0
7e14afb9-ae96-456a-ae3b-3343d3f8b378,Foodpanda,Food Delivery,Triple S Series,Unknown,5,2025-09-30 15:15:44,Smooth Payments. Better then Grab.,smooth payments. better then grab.,0,5,34,0,0,0,1.0,0,0,0.4404,1,0,1,0.0,0,1,0,5.0,0.0
e76f1231-9f79-436e-8be1-bcb858a71087,Foodpanda,Food Delivery,Hamza Zia,Unknown,1,2025-09-30 15:31:55,worst services ..,worst services ..,0,3,17,0,0,0,1.0,0,0,-0.6249,1,0,1,0.0,0,1,0,1.0,0.0
70d783e7-0e57-480b-8433-29017a0c6046,Foodpanda,Food Delivery,Jayonto Ray midea,Unknown,5,2025-09-30 15:39:38,পচা বাঁশি খাবারের জন্য পারফেক্ট অ্যাপ,পচা বাঁশি খাবারের জন্য পারফেক্ট অ্যাপ,0,6,37,0,0,0,1.0,0,0,0.0,1,0,1,0.0,0,1,0,5.0,0.0
790e931c-d8d7-4797-9e82-0edbe55dcc46,Foodpanda,Food Delivery,AMAみゃ Rei,Unknown,1,2025-09-30 15:50:29,Just know that their customer service is trash when you want your cancelled order refunds. Never order from this app if you value your money,just know that their customer service is trash when you want your cancelled order refunds. never order from this app if you value your money,0,25,140,0,0,0,0.88,0,1,0.1779,1,0,1,0.0,0,1,0,1.0,0.0
eee98d06-3f08-4869-b218-7d34bf26fb33,Foodpanda,Food Delivery,Zainab Sidra,Unknown,1,2025-09-30 15:52:35,I don't have good experience I pay through online transactions but they don't order my food ND even they don't return my amount,i don't have good experience i pay through online transactions but they don't order my food nd even they don't return my amount,0,23,127,0,0,1,0.782608695652174,0,0,-0.2271,1,0,1,0.0,0,1,0,1.0,0.0
9157c383-2fd6-480a-b0e7-8f1b7ff4a9d0,Foodpanda,Food Delivery,Abdur Rehman Malik,Unknown,1,2025-09-30 16:04:39,can't verify number,can't verify number,0,3,19,0,0,0,1.0,0,0,-0.0572,1,0,1,0.0,0,1,0,1.0,0.0
7191ad2a-34ad-49b3-bf36-80bb58fbd455,Foodpanda,Food Delivery,Hussain Khizar,Unknown,1,2025-09-30 16:09:41,very slow and I just ordered a mango shake and I have to wait for 1:30 hour very bad experience if I could rate it in minus I would and there is not even option for order cancel very bad,very slow and i just ordered a mango shake and i have to wait for 1:30 hour very bad experience if i could rate it in minus i would and there is not even option for order cancel very bad,1,40,186,0,0,0,0.775,0,0,-0.883,1,0,1,0.0,0,1,0,1.0,0.0
54aa7d96-87fd-4a95-b8bd-e4255772bcbf,Foodpanda,Food Delivery,Mars Sanchez,Unknown,5,2025-09-30 16:13:12,Fast and convenient,fast and convenient,0,3,19,0,0,0,1.0,0,0,0.0,1,0,1,0.0,0,2,0,5.0,0.0
57800fa7-748c-4e40-b5fd-ece5d6484f42,Foodpanda,Food Delivery,Fatima Hashmi,Unknown,1,2025-09-30 17:09:36,I hate this app it's not even verifying my phone number let alone ordering from it. I literally don't know what to do rn like...😑😑😑😑,i hate this app it's not even verifying my phone number let alone ordering from it. i literally don't know what to do rn like...😑😑😑😑,0,25,132,4,0,0,0.96,0,1,-0.4404,1,0,1,0.0,0,1,0,1.0,0.0
8a73d83a-0c9a-4dc3-9c52-b8e96c3664a9,Foodpanda,Food Delivery,Johnbers Corminal,Unknown,1,2025-09-30 17:46:56,wasting time if you order on midnight its been took a long time to find a rider,wasting time if you order on midnight its been took a long time to find a rider,0,17,79,0,0,0,0.8823529411764706,0,0,-0.4019,1,0,1,0.0,0,1,0,1.0,0.0
95a536f7-02a3-4028-92a1-89f927b346d9,Foodpanda,Food Delivery,Abaid Ul Mubin,Unknown,1,2025-09-30 17:52:17,online payment krain to order deliver nae krty or na he refund daity hain.. total fraud,online payment krain to order deliver nae krty or na he refund daity hain.. total fraud,0,16,87,0,0,0,1.0,0,1,-0.624,1,0,1,0.0,0,1,0,1.0,0.0
b742a731-9d76-43ff-835e-be93e1d19ceb,Foodpanda,Food Delivery,Hira Muhammed,Unknown,1,2025-09-30 18:31:23,worst app,worst app,0,2,9,0,0,0,1.0,0,1,-0.6249,1,0,1,0.0,0,1,0,1.0,0.0
fb5988a4-4b3a-44d9-bc80-745e97ed0915,Foodpanda,Food Delivery,jamal shah,Unknown,5,2025-09-30 18:58:15,Best For Late Night Cravings 🌙.. Best Service Providers .. 😋,best for late night cravings 🌙.. best service providers .. 😋,0,11,60,2,0,0,0.9090909090909091,0,0,0.8555,1,0,1,0.0,0,1,0,5.0,0.0
433eadc1-f52c-4675-8c27-1a7ddce6f893,Foodpanda,Food Delivery,Vince Salido,Unknown,1,2025-09-30 20:05:35,been having the worst experience this past few weeks with Food Panda. I am uninstalling the app for the 3rd time. The other green app is better guys. With better customer assistance too.,been having the worst experience this past few weeks with food panda. i am uninstalling the app for the 3rd time. the other green app is better guys. with better customer assistance too.,0,33,186,0,0,0,0.8181818181818182,1,1,0.1779,1,0,1,0.0,0,1,0,1.0,0.0
ba49a2b2-6c63-4db2-bf1b-35f4bc257327,Foodpanda,Food Delivery,Mudassir Chapra,Unknown,1,2025-09-30 20:09:03,There is no way to get support. My delivery rider's bike stopped working and there is ni way to cancel the order,there is no way to get support. my delivery rider's bike stopped working and there is ni way to cancel the order,0,22,112,0,0,0,0.8181818181818182,0,0,-0.34,1,0,1,0.0,0,1,0,1.0,0.0
b3015b30-3426-4aff-889b-e630f922edee,Foodpanda,Food Delivery,xuan wu,Unknown,5,2025-09-30 20:12:40,price for delivery is acceptable and provide alot of restaurants,price for delivery is acceptable and provide alot of restaurants,0,10,64,0,0,0,1.0,0,0,0.3182,1,0,1,0.0,0,1,0,5.0,0.0
b16ca0a0-54fd-424c-b032-5208eb1d98d4,Foodpanda,Food Delivery,Abdullah Saif,Unknown,1,2025-09-30 21:16:45,dont use food wrost food delivered platform and help center also not worked,dont use food wrost food delivered platform and help center also not worked,0,13,75,0,0,0,0.9230769230769231,0,0,0.4019,1,0,1,0.0,0,1,0,1.0,0.0
38779d18-1917-4c54-98c0-ee16f549fe2b,Foodpanda,Food Delivery,Sherullah Khan,Unknown,5,2025-10-01 01:08:38,Foodpanda brings your favorite meals right to your doorstep with speed and great service.”,foodpanda brings your favorite meals right to your doorstep with speed and great service.”,0,14,90,0,0,0,0.9285714285714286,0,0,0.7964,1,0,1,0.0,0,1,0,5.0,0.0
6abad5ad-fc0b-4a89-8e05-9d15891a686a,Foodpanda,Food Delivery,HAMZA HANIF,Unknown,5,2025-10-01 01:48:26,awesome app for food,awesome app for food,0,4,20,0,0,0,1.0,0,1,0.6249,1,0,1,0.0,0,1,0,5.0,0.0
acf29940-cdc0-47f7-866b-e6085693462c,Foodpanda,Food Delivery,Nikko Viray,Unknown,1,2025-10-01 02:02:11,cant search SNR Pizza,cant search snr pizza,0,4,21,0,0,1,1.0,0,0,0.0,1,0,1,0.0,0,1,0,1.0,0.0
79f2764a-fddf-4d1f-bd91-f64ec18a81bc,Foodpanda,Food Delivery,عزة,Unknown,5,2025-10-01 02:57:21,"it would be great to have products availability function for the shops so buyers are aware that the products are in stock, can also avoid issues with refunds","it would be great to have products availability function for the shops so buyers are aware that the products are in stock, can also avoid issues with refunds",1,28,157,0,0,0,0.8928571428571429,0,0,0.4404,1,0,1,0.0,0,1,0,5.0,0.0
d38742c5-1fcd-47e0-b3dc-b9c89578af99,Foodpanda,Food Delivery,Alleron Reyes,Unknown,1,2025-10-01 03:39:50,"poor customer service, poor app. The chats or details of riders aren't logged. That's why you cant resolve matters. If this does not improve, I will just use other food delivery apps. meh","poor customer service, poor app. the chats or details of riders aren't logged. that's why you cant resolve matters. if this does not improve, i will just use other food delivery apps. meh",0,33,187,0,0,0,0.9696969696969697,0,1,-0.8797,1,0,1,0.0,0,1,0,1.0,0.0
61dbf44a-a8e0-4db8-90c5-781723c00158,Foodpanda,Food Delivery,Margaret Vergara,Unknown,1,2025-10-01 05:12:54,walang refund.,walang refund.,0,2,14,0,0,0,1.0,0,0,0.0,1,0,1,0.0,0,1,0,1.0,0.0
8d7c2feb-d097-49ba-94d9-4adcb343242e,Foodpanda,Food Delivery,Alrey Dingcong,Unknown,2,2025-10-01 05:49:33,"it's perfect deliver but sometimes always missing item and also delivery man miss another deliver, my opinion for delivery man check before give the order for safety for harassing or trouble. Thanks","it's perfect deliver but sometimes always missing item and also delivery man miss another deliver, my opinion for delivery man check before give the order for safety for harassing or trouble. thanks",0,32,198,0,0,0,0.875,0,0,-0.4767,1,0,1,0.0,0,1,0,2.0,0.0
10114566-0405-4d42-90f4-f70f4316a698,Foodpanda,Food Delivery,Ivy Ramirez,Unknown,5,2025-10-01 06:36:46,good choice for ordering food,good choice for ordering food,0,5,29,0,0,0,1.0,0,0,0.4404,1,0,1,0.0,0,1,0,5.0,0.0
985658e9-93f2-4c80-b2c4-15d6b96c8e78,Foodpanda,Food Delivery,JUTT ADMIN,Unknown,1,2025-10-01 07:10:48,thes app it's not good,thes app it's not good,0,5,22,0,0,0,1.0,0,1,-0.3412,1,0,1,0.0,0,1,0,1.0,0.0
0b1a559b-b0ac-4c42-bc6e-134760e271a8,Foodpanda,Food Delivery,Muhammad Abubaker,Unknown,1,2025-10-01 07:47:27,Frustrating,frustrating,0,1,11,0,0,0,1.0,0,0,-0.4404,1,0,1,0.0,0,1,0,1.0,0.0
83ad5188-1ad9-404e-a509-ff8bc3d90217,Foodpanda,Food Delivery,Ayesha Parveen,Unknown,1,2025-10-01 08:51:56,my no. not varified i try last 4 day any one help me how cn i do,my no. not varified i try last 4 day any one help me how cn i do,0,17,64,0,0,0,0.9411764705882353,0,0,0.4019,1,0,1,0.0,0,1,0,1.0,0.0
913ab2d3-8c52-4136-a9c5-e8fb65467ae1,Foodpanda,Food Delivery,QUIRA TIRERA,Unknown,1,2025-10-01 09:54:19,walang happy meal kainis,walang happy meal kainis,0,4,24,0,0,0,1.0,0,1,0.5719,1,0,1,0.0,0,1,1,1.0,0.0
62630b71-9888-4b6d-a749-3bcfd65b799d,Foodpanda,Food Delivery,Shamroja hossain,Unknown,5,2025-10-01 10:50:32,best delivery app ever,best delivery app ever,0,4,22,0,0,0,1.0,0,1,0.6369,1,0,1,0.0,0,1,0,5.0,0.0
f4dba5e1-7f29-427e-b9dc-4ab0546ee600,Foodpanda,Food Delivery,Sadaf Aziz,Unknown,1,2025-10-01 11:22:11,"extremely worst service worst ap, food panda se better or app bhi hai food panda useless hai it not Foodpanda it fraudpanda","extremely worst service worst ap, food panda se better or app bhi hai food panda useless hai it not foodpanda it fraudpanda",1,22,123,0,0,0,0.7727272727272727,0,1,-0.8643,1,0,1,0.0,0,1,0,1.0,0.0
01949661-2d80-4f0e-9158-6b7e2698c0b4,Foodpanda,Food Delivery,Utgh Fft,Unknown,5,2025-10-01 12:29:32,helpful app,helpful app,0,2,11,0,0,0,1.0,0,1,0.4215,1,0,1,0.0,0,1,0,5.0,0.0
90566cba-2c09-4860-b4e1-3a889cf6c950,Foodpanda,Food Delivery,Guil Waban,Unknown,1,2025-10-01 12:48:41,waiting for hours and cancelled without your customer's approval.,waiting for hours and cancelled without your customer's approval.,0,9,65,0,0,0,1.0,0,1,-0.5505,1,0,1,0.0,0,1,0,1.0,0.0
8d198c78-8b02-4e59-970b-604bc02d3dce,Foodpanda,Food Delivery,John Leo Andaya,Unknown,1,2025-10-01 12:56:42,Unhelpful help center. I paid for a food I did not receive. I could not even call the restaurant to confirm the order. The system is so unfair for customers who have received incomplete orders.,unhelpful help center. i paid for a food i did not receive. i could not even call the restaurant to confirm the order. the system is so unfair for customers who have received incomplete orders.,0,35,193,0,0,0,0.8285714285714286,0,0,-0.3163,1,0,1,0.0,0,1,0,1.0,0.0
7985e316-6686-4ab5-9ef3-f85bd310f888,Foodpanda,Food Delivery,Irish Pantinople,Unknown,1,2025-10-01 13:44:38,Madaming beses mali2 yung dumating minsan may panahon pa na hindi namin natatanggap. Check your delivery riders sobrang attitude.,madaming beses mali2 yung dumating minsan may panahon pa na hindi namin natatanggap. check your delivery riders sobrang attitude.,0,19,129,0,0,0,1.0,0,0,0.0,1,0,1,0.0,0,1,0,1.0,0.0
4adba901-03c7-47a1-80ab-bab43503ac22,Foodpanda,Food Delivery,Denver Agustin,Unknown,1,2025-10-01 14:39:17,PAK U,pak u,0,2,5,0,0,1,1.0,0,0,0.0,1,0,1,0.0,0,1,0,1.0,0.0
150100cc-5937-4b85-8137-ab7789561d18,Foodpanda,Food Delivery,Nad e Ali,Unknown,1,2025-10-01 14:44:26,most bad apps it's too much bugs,most bad apps it's too much bugs,0,7,32,0,0,0,1.0,0,1,-0.5849,1,0,1,0.0,0,1,0,1.0,0.0
4e75de0c-88ed-4708-a67c-4db1e59b4622,Foodpanda,Food Delivery,Shoaib Malik,Unknown,5,2025-10-01 15:35:58,Very grateful of this app.Extrmely high efficient for customers as well as restaurants. ye aisa aip he jis se kai logo K Ghar me dia jalta he proud of you.,very grateful of this app.extrmely high efficient for customers as well as restaurants. ye aisa aip he jis se kai logo k ghar me dia jalta he proud of you.,0,30,155,0,0,0,0.9,0,1,0.8832,1,0,1,0.0,0,1,0,5.0,0.0
63061f2c-c9c1-47ef-8360-32e537f4b7e2,Foodpanda,Food Delivery,King Daniel Rebucas,Unknown,5,2025-10-01 15:38:16,Okay kaayo,okay kaayo,0,2,10,0,0,0,1.0,0,0,0.2263,1,0,1,0.0,0,1,0,5.0,0.0
fd2baf24-6513-42f5-a929-e577bf94982d,Foodpanda,Food Delivery,renzhamin,Unknown,1,2025-10-01 16:23:17,"Order was marked delivered but did not receive. No response even after contacting customer support. No refund, no explanation. So lost all the money and almost 2 hours Never make online payment.","order was marked delivered but did not receive. no response even after contacting customer support. no refund, no explanation. so lost all the money and almost 2 hours never make online payment.",4,32,194,0,0,0,0.9375,0,0,0.2557,1,0,1,0.0,0,1,0,1.0,0.0
b32db7c8-5616-418e-bcaf-e0811620907d,Foodpanda,Food Delivery,Yasir Shahzad,Unknown,1,2025-10-01 16:25:18,Worst app ever fraud application Literally honest review kindly be careful and aware,worst app ever fraud application literally honest review kindly be careful and aware,0,13,84,0,0,0,1.0,0,1,-0.2023,1,0,1,0.0,0,1,0,1.0,0.0
b51b31cd-44ae-4f44-b73e-6b1bff675d5b,Foodpanda,Food Delivery,Ariful Hasan,Unknown,5,2025-10-01 18:01:37,best app for ordering food via online,best app for ordering food via online,0,7,37,0,0,0,1.0,0,1,0.6369,1,0,1,0.0,0,1,0,5.0,0.0
ad42c601-2980-4a67-841e-ae3fa395440f,Foodpanda,Food Delivery,Addy Lau,Unknown,1,2025-10-01 19:17:41,App feedback is horrible when there is a problem. Whoever made this did not check their own app.,app feedback is horrible when there is a problem. whoever made this did not check their own app.,0,18,96,0,0,0,0.9444444444444444,0,1,-0.7351,1,0,1,0.0,0,1,0,1.0,0.0
c3b0773a-5172-45de-8020-f41ab6cc65e8,Foodpanda,Food Delivery,Umm E Hijab,Unknown,5,2025-10-01 19:20:59,love your service,love your service,0,3,17,0,0,0,1.0,0,0,0.6369,1,0,1,0.0,0,1,0,5.0,0.0
9088292b-dc5e-4699-82b8-984e07d2c2c1,Foodpanda,Food Delivery,Sana Ahmed,Unknown,5,2025-10-01 21:20:29,love it😍,love it😍,0,2,8,1,0,0,1.0,0,0,0.802,1,0,1,0.0,0,1,0,5.0,0.0
f2f09a68-a78e-4ceb-bdec-a4d32b628002,Foodpanda,Food Delivery,Goruto 653,Unknown,4,2025-10-01 23:29:45,Quick customer service,quick customer service,0,3,22,0,0,0,1.0,0,0,0.0,1,0,1,0.0,0,1,0,4.0,0.0
6c783762-b5fa-426e-9dd8-b91ed6af3dc5,Foodpanda,Food Delivery,Hitendra Pradhan,Unknown,5,2025-10-02 00:06:03,superb apo,superb apo,0,2,10,0,0,0,1.0,0,0,0.6249,1,0,1,0.0,0,1,0,5.0,0.0
9734b596-99df-4df6-9416-5f4fee0b9157,Foodpanda,Food Delivery,JEFERSON CALINGAYAN M,Unknown,4,2025-10-02 02:32:59,Good Service Easy to order,good service easy to order,1,5,26,0,0,0,1.0,0,0,0.7003,1,0,1,0.0,0,1,0,4.0,0.0
2b4a7ae2-ddcf-4a11-9d2e-856229f26315,Foodpanda,Food Delivery,J A Z C,Unknown,5,2025-10-02 04:41:46,"best app for food delivery, providing vouchers.","best app for food delivery, providing vouchers.",0,7,47,0,0,0,1.0,0,1,0.6369,1,0,1,0.0,0,1,0,5.0,0.0
28af4999-09a4-4929-b1f0-499bf1c1c42f,Foodpanda,Food Delivery,faiqah aqilah,Unknown,1,2025-10-02 04:51:23,bad service,bad service,1,2,11,0,0,0,1.0,0,0,-0.5423,1,0,1,0.0,0,1,0,1.0,0.0
2cebbf6e-7843-4e48-8995-2303e80bbb44,Foodpanda,Food Delivery,Ruby Sembran,Unknown,1,2025-10-02 05:21:20,I give 1 start because yeah delivering food is good but the cooked of food the chicken joy of Jollibee I don't like the taste because smells like burn,i give 1 start because yeah delivering food is good but the cooked of food the chicken joy of jollibee i don't like the taste because smells like burn,1,29,150,0,0,0,0.7586206896551724,0,0,0.8532,1,0,1,0.0,0,1,1,1.0,0.0
697755b7-fc57-4f6b-b059-c60b862c700a,Foodpanda,Food Delivery,Charito Groyon,Unknown,1,2025-10-02 05:25:35,NO SUPPORT TEAMS AVAILABLE! This APP didn't redeemed the vouchers i used for my order so i have to pay and settle the total payment to be charged. I Just Feel Than I Have Been Scammed !,no support teams available! this app didn't redeemed the vouchers i used for my order so i have to pay and settle the total payment to be charged. i just feel than i have been scammed !,1,37,185,0,0,5,0.8378378378378378,0,1,-0.7188,1,0,1,0.0,0,1,0,1.0,0.0
80d722f8-3844-40ce-ba26-f3b8a07f7e3e,Foodpanda,Food Delivery,Momina Xhah,Unknown,2,2025-10-02 05:52:31,can i made food order for someone in Pakistan from foreign country and how?if this is possible,can i made food order for someone in pakistan from foreign country and how?if this is possible,0,17,94,0,0,0,1.0,0,0,0.0,1,0,1,0.0,0,1,0,2.0,0.0
1023f83f-00be-48c1-a933-9dee8ea80a02,Foodpanda,Food Delivery,Kira Zazu,Unknown,5,2025-10-02 06:29:54,Customer service is superb 👌 i really loved it,customer service is superb 👌 i really loved it,0,9,46,1,0,0,1.0,0,0,0.9374,1,0,1,0.0,0,1,0,5.0,0.0
2bfc150b-0586-457f-bba1-d1beb4ff421a,Foodpanda,Food Delivery,Loren Leo,Unknown,1,2025-10-02 06:36:04,very bad experience took too much time and raider behavior too much bad,very bad experience took too much time and raider behavior too much bad,1,13,71,0,0,0,0.7692307692307693,0,0,-0.807,1,0,1,0.0,0,1,0,1.0,0.0
7e9595d6-b317-4615-8e58-2980925ced47,Foodpanda,Food Delivery,Lùbņá,Unknown,1,2025-10-02 06:38:36,village side order available ache but city kichu side available nai. ei jnnoi foodpanda vlo lage na.,village side order available ache but city kichu side available nai. ei jnnoi foodpanda vlo lage na.,0,17,100,0,0,0,0.8823529411764706,0,0,-0.2023,1,0,1,0.0,0,1,0,1.0,0.0
903b6146-8ca2-4f16-b3d0-801ecff2ac80,Foodpanda,Food Delivery,Nusrat Zaman,Unknown,1,2025-10-02 06:45:01,Very disappointing. Foodi is better. Everything is cheaper there.,very disappointing. foodi is better. everything is cheaper there.,1,9,65,0,0,0,0.8888888888888888,1,1,-0.1513,1,0,1,0.0,0,1,0,1.0,0.0
f57e0b12-0d8b-4ce9-aa5d-77ce79326b59,Foodpanda,Food Delivery,Majid Ghauri,Unknown,5,2025-10-02 07:56:00,"highly recommended, convenient way to get your food delivered","highly recommended, convenient way to get your food delivered",0,9,61,0,0,0,1.0,0,0,0.2716,1,0,1,0.0,0,1,0,5.0,0.0
e2a94bff-9607-4171-9847-aa6b0ef5c70f,Foodpanda,Food Delivery,Gina Alma Guzman,Unknown,5,2025-10-02 08:00:17,"I love the discounts, fast delivery and reliable riders.","i love the discounts, fast delivery and reliable riders.",1,9,56,0,0,0,1.0,1,0,0.6369,1,0,1,0.0,0,1,0,5.0,0.0
c20e7f45-543f-4fcd-81b4-46e14cfc1d72,Foodpanda,Food Delivery,ZUKE,Unknown,1,2025-10-02 08:35:56,Ordered food and chose the saver option with estimates of 60-90mins delivery but instead received around 2hr 30mins. Food was even sent to a wrong address (neighbour)but i managed to get it. My worst food delivery experience ever.,ordered food and chose the saver option with estimates of 60-90mins delivery but instead received around 2hr 30mins. food was even sent to a wrong address (neighbour)but i managed to get it. my worst food delivery experience ever.,3,38,230,0,0,0,0.8947368421052632,0,0,-0.8957,1,0,1,0.0,0,1,0,1.0,0.0
ce0dd1a0-499f-4504-82db-9d9d80923895,Foodpanda,Food Delivery,Nadia Kamran,Unknown,5,2025-10-02 08:42:18,good experience,good experience,0,2,15,0,0,0,1.0,0,0,0.4404,1,0,1,0.0,0,2,0,5.0,0.0
f395873a-8cc1-433f-a943-5064578462d4,Foodpanda,Food Delivery,Kenny Almendral,Unknown,1,2025-10-02 08:46:18,"terrible app, too dmany bugs","terrible app, too dmany bugs",1,5,28,0,0,0,1.0,0,1,-0.4767,1,0,1,0.0,0,1,0,1.0,0.0
49377783-99fd-43dc-b769-2bc02bc33573,Foodpanda,Food Delivery,Farah Khalil,Unknown,5,2025-10-02 09:39:38,taste was Good but there is some kind of smell in bread,taste was good but there is some kind of smell in bread,0,12,55,0,0,0,1.0,0,0,0.2382,1,0,1,0.0,0,1,0,5.0,0.0
d34c97e0-6575-407b-a642-286fdc8b8f1d,Foodpanda,Food Delivery,Bamboo Chan,Unknown,3,2025-10-02 10:12:02,Inefficient searching system with inexperienced rider.,inefficient searching system with inexperienced rider.,0,6,54,0,0,0,1.0,0,0,0.0,1,0,1,0.0,0,1,0,3.0,0.0
ea7a0c85-2b24-42f5-affa-918a6935f5c2,Foodpanda,Food Delivery,Naimor Rahman Munna,Unknown,4,2025-10-02 11:19:24,Much better service,much better service,0,3,19,0,0,0,1.0,0,0,0.4404,1,0,1,0.0,0,1,0,4.0,0.0
2b1659c6-bfc1-4f4b-902e-1619e5084c51,Foodpanda,Food Delivery,Azeem Yousuf,Unknown,3,2025-10-02 13:44:29,it should show case the more stores especially the famous one,it should show case the more stores especially the famous one,0,11,61,0,0,0,0.9090909090909091,0,0,0.0,1,0,1,0.0,0,1,0,3.0,0.0
79479908-3827-4528-8e2d-2a212510398e,Foodpanda,Food Delivery,The Third Pikakage,Unknown,2,2025-10-02 14:15:30,"The app has become terrible. The customer support is terrible and sometimes the order takes more than an hour when its only 5-10 mins away, longer if the rider happens to be walking.","the app has become terrible. the customer support is terrible and sometimes the order takes more than an hour when its only 5-10 mins away, longer if the rider happens to be walking.",7,33,182,0,0,0,0.9090909090909091,0,1,-0.5423,1,0,1,0.0,0,1,0,2.0,0.0
a5e3a11e-3762-41dd-a346-5ef54cf6d6b8,Foodpanda,Food Delivery,Sagar Singh,Unknown,5,2025-10-02 17:22:02,Easy to order food with fast delivery. Lots of restaurant choices and smooth app experience,easy to order food with fast delivery. lots of restaurant choices and smooth app experience,4,15,91,0,0,0,1.0,0,1,0.4404,1,0,1,0.0,0,1,0,5.0,0.0
18f1277a-5688-49d7-883b-1813af84906f,Foodpanda,Food Delivery,Hina Zehra,Unknown,5,2025-10-02 18:23:59,thanks for your service,thanks for your service,0,4,23,0,0,0,1.0,0,0,0.4404,1,0,1,0.0,0,1,0,5.0,0.0
c8f9078c-286f-420e-880c-780f29cb8bf3,Foodpanda,Food Delivery,Anica Hiroshi,Unknown,5,2025-10-02 23:28:05,Thank you for the rider who delivers my order on time.,thank you for the rider who delivers my order on time.,0,11,54,0,0,0,1.0,0,0,0.3612,1,0,1,0.0,0,1,0,5.0,0.0
2a73abe8-928e-4a94-8e54-cf579ed970c7,Foodpanda,Food Delivery,angelique mejares,Unknown,5,2025-10-03 03:29:10,This apps is so good in finding foods and it helps me well on my cravings .,this apps is so good in finding foods and it helps me well on my cravings .,4,17,75,0,0,0,1.0,0,1,0.8147,1,0,1,0.0,0,1,0,5.0,0.0
771aabff-f43c-4eae-be43-3d463e2a28e5,Foodpanda,Food Delivery,AN GELO,Unknown,5,2025-10-03 05:21:05,superr amazing,superr amazing,0,2,14,0,0,0,1.0,0,0,0.5859,1,0,1,0.0,0,1,0,5.0,0.0
6595a7d1-c83f-4600-bc5b-8d34688e8133,Foodpanda,Food Delivery,Joseph Bautista,Unknown,5,2025-10-03 06:03:40,verygood,verygood,0,1,8,0,0,0,1.0,0,0,0.0,1,0,1,0.0,0,1,0,5.0,0.0
27934177-ab68-4ecc-8920-71b4dc93cf11,Foodpanda,Food Delivery,Jade Sual,Unknown,2,2025-10-03 06:36:07,Always cancel the order 😏,always cancel the order 😏,0,5,25,1,0,0,1.0,0,0,-0.25,1,0,1,0.0,0,1,0,2.0,0.0
b5e739bb-9330-4ace-b7d3-d29877dd9de7,Foodpanda,Food Delivery,Shubhro Biswas,Unknown,4,2025-10-03 06:55:07,Sales persons chaing food and fresh order Plz,sales persons chaing food and fresh order plz,0,8,45,0,0,0,1.0,1,1,0.3818,1,0,1,0.0,0,1,0,4.0,0.0
ee51a9da-1dc0-432a-9fe0-3f74354ab1b7,Foodpanda,Food Delivery,NAIRYNA NASREEN,Unknown,3,2025-10-03 07:52:59,"my location is always inaccurate. The drivers would always have a hard time looking, and have to personally contact me instead.","my location is always inaccurate. the drivers would always have a hard time looking, and have to personally contact me instead.",2,21,127,0,0,0,0.9047619047619048,0,0,-0.1027,1,0,1,0.0,0,1,0,3.0,0.0
42e0ab07-4411-4d48-a7b3-8dbea65633cb,Foodpanda,Food Delivery,Wah Phoo,Unknown,5,2025-10-03 07:57:16,Save the time and easy to find what I want to enjoy,save the time and easy to find what i want to enjoy,2,12,51,0,0,0,0.9166666666666666,0,0,0.8625,1,0,1,0.0,0,1,0,5.0,0.0
57670e6a-5ab7-4c53-b2f3-b85e7387f9b0,Foodpanda,Food Delivery,Sayed Ishtiak Ahmed,Unknown,5,2025-10-03 09:25:37,all Bangladesh government point system government order decoment parpus ran not nasaral people lost life Bangladesh all system so system format top system government roll istiak Bangladesh,all bangladesh government point system government order decoment parpus ran not nasaral people lost life bangladesh all system so system format top system government roll istiak bangladesh,0,27,188,0,0,0,0.7037037037037037,0,0,0.4635,1,0,1,0.0,0,1,0,5.0,0.0
d7d63a15-ad97-4b0e-9263-7659442361df,Foodpanda,Food Delivery,Jerome Calam,Unknown,5,2025-10-03 09:32:45,so very fast delivery,so very fast delivery,0,4,21,0,0,0,1.0,0,0,0.0,1,0,1,0.0,0,1,0,5.0,0.0
2844c45f-08fa-4d15-97eb-cd20d011b3f4,Foodpanda,Food Delivery,Nazmul Nazmul,Unknown,5,2025-10-03 09:51:24,very nice,very nice,0,2,9,0,0,0,1.0,0,0,0.4754,1,0,1,0.0,0,2,0,5.0,0.0
97115380-766c-4344-b8f5-81017cab3aae,Foodpanda,Food Delivery,Anum Malik,Unknown,5,2025-10-03 10:08:07,late delivery hoti h bht,late delivery hoti h bht,0,5,24,0,0,0,1.0,0,0,0.0,1,0,1,0.0,0,1,0,5.0,0.0
7006c2ee-8cd2-4731-9551-6dd6d7d7a265,Foodpanda,Food Delivery,Fazilah Zainal,Unknown,2,2025-10-03 10:20:43,Rider always late. no control from the service provider,rider always late. no control from the service provider,0,9,55,0,0,0,1.0,0,0,-0.296,1,0,1,0.0,0,1,0,2.0,0.0
016df8e8-6482-4429-8fc3-350a04f4a2e1,Foodpanda,Food Delivery,Daisy Florence,Unknown,1,2025-10-03 10:47:05,good app but let us call the riders! 😡😡😡 bad boy app,good app but let us call the riders! 😡😡😡 bad boy app,0,12,52,3,0,0,0.9166666666666666,0,1,-0.6239,1,0,1,0.0,0,1,0,1.0,0.0
4e9983e3-0602-43e3-b716-83d94dd6577b,Foodpanda,Food Delivery,Sarib Madni,Unknown,1,2025-10-03 10:58:40,There's no option available to contact support,there's no option available to contact support,1,7,46,0,0,0,1.0,0,0,0.128,1,0,1,0.0,0,1,0,1.0,0.0
28f502bb-aabf-48b8-9a6c-af0d4fc44fb9,Foodpanda,Food Delivery,Rabu,Unknown,5,2025-10-03 11:17:27,কারন এটা ভালো এবং বিশ্বাস্ত্য তাই ফুড পান্ডার মধ্যে যেকোনো লিক ছাড়ে খাবার অর্ডার করা যায় এবং খাবার,কারন এটা ভালো এবং বিশ্বাস্ত্য তাই ফুড পান্ডার মধ্যে যেকোনো লিক ছাড়ে খাবার অর্ডার করা যায় এবং খাবার,0,18,100,0,0,0,0.8888888888888888,0,0,0.0,1,0,1,0.0,0,1,0,5.0,0.0
fc8d62c8-4739-4894-9fa9-f2d0c23d5976,Foodpanda,Food Delivery,Aila Sophia Atienza,Unknown,5,2025-10-03 12:45:36,Life saving sa mga nag ke crave ng wala sa oras😋 thanks food panda!,life saving sa mga nag ke crave ng wala sa oras😋 thanks food panda!,0,14,67,1,0,0,0.9285714285714286,0,0,0.1759,1,0,1,0.0,0,1,0,5.0,0.0
e707ae2d-9847-49c1-b1aa-6bb452d1967c,Foodpanda,Food Delivery,Atieka Kassim,Unknown,1,2025-10-03 13:27:51,"i order my food.after waiting more than 45 minutes,food panda cancelled my order.than my money will give after 14 days.so stupid.i want my money back.rm97++","i order my food.after waiting more than 45 minutes,food panda cancelled my order.than my money will give after 14 days.so stupid.i want my money back.rm97++",0,25,156,0,0,0,0.84,0,0,-0.1779,1,0,1,0.0,0,1,0,1.0,0.0
8a67edbc-e031-45a5-b6e5-70038484ab48,Foodpanda,Food Delivery,Edz Fowley,Unknown,1,2025-10-03 13:49:26,My order took way longer and it's so frustrating to wait for more than 2hrs! 7:35pm I ordered a dozen of wings and it's 9:48pm already but I haven't receive it yet. Worst experience ever. 0 star if possible.,my order took way longer and it's so frustrating to wait for more than 2hrs! 7:35pm i ordered a dozen of wings and it's 9:48pm already but i haven't receive it yet. worst experience ever. 0 star if possible.,0,39,207,0,0,0,0.9230769230769231,0,0,-0.8524,1,0,1,0.0,0,1,0,1.0,0.0
1837e06f-513c-43d8-90d9-b3da574c4d1f,Foodpanda,Food Delivery,Meher-un-nisa S. Awan,Unknown,1,2025-10-03 14:19:27,vouchers don't ever apply,vouchers don't ever apply,0,4,25,0,0,0,1.0,0,1,0.0,1,0,1,0.0,0,1,0,1.0,0.0
38ed92e7-700b-46cc-86db-25886fd9feef,Foodpanda,Food Delivery,Asif Hussain,Unknown,1,2025-10-03 14:41:24,worst app too much costly,worst app too much costly,0,5,25,0,0,0,1.0,0,1,-0.6705,1,0,1,0.0,0,1,0,1.0,0.0
b8889fb6-3afc-4dc9-9ffe-78d245217029,Foodpanda,Food Delivery,Atikur Islam,Unknown,1,2025-10-03 14:52:50,Valo na vi,valo na vi,0,3,10,0,0,0,1.0,0,0,0.0,1,0,1,0.0,0,1,0,1.0,0.0
e7b578b4-ef9a-4c72-b8a8-5528edae49bb,Foodpanda,Food Delivery,Ralph Santiago,Unknown,1,2025-10-03 15:01:53,SCAMMER I UNSUBSCRIBED TWICE IT SHOWED UNSUBSRIBED BUT YOU STILL STOLE MONEY TWICE. i contacted you a lot of times even in your app doesnt have help center chat! or message my god scam people!,scammer i unsubscribed twice it showed unsubsribed but you still stole money twice. i contacted you a lot of times even in your app doesnt have help center chat! or message my god scam people!,1,35,192,0,0,12,0.9428571428571428,0,1,-0.7827,1,0,1,0.0,0,1,0,1.0,0.0
edad976c-4f7e-487b-9393-bae56a4fccc0,Foodpanda,Food Delivery,SHAHZAD ANWAR,Unknown,1,2025-10-03 15:57:35,These is not best 😡😡😡😡😡,these is not best 😡😡😡😡😡,0,5,23,5,0,0,1.0,0,0,-0.5216,1,0,1,0.0,0,1,0,1.0,0.0
f5d7e51d-a1af-4a43-83b8-d80fc32db5ed,Foodpanda,Food Delivery,Noor Sammar,Unknown,5,2025-10-03 17:26:50,Best!,best!,0,1,5,0,0,0,1.0,0,0,0.6696,1,0,1,0.0,0,1,0,5.0,0.0
0cefadb8-4059-470c-b948-68e4cbaeebd0,Foodpanda,Food Delivery,Aiman Iqbal,Unknown,5,2025-10-03 18:28:32,Its easy and time saving in short the bestest.Most of the time its a very nice experience.,its easy and time saving in short the bestest.most of the time its a very nice experience.,2,17,90,0,0,0,0.8235294117647058,0,0,0.7178,1,0,1,0.0,0,1,0,5.0,0.0
1ef5b2da-cea5-4943-9d06-27fcdd8a1c3a,Foodpanda,Food Delivery,aaron danyliuk,Unknown,3,2025-10-03 19:31:17,"bruh they don't offer pwd/senior discount on all store specially yung mga common fast food like jollibee,mcdo,kfc etc. but the rest is fine.","bruh they don't offer pwd/senior discount on all store specially yung mga common fast food like jollibee,mcdo,kfc etc. but the rest is fine.",0,23,140,0,0,0,1.0,1,0,0.4497,1,0,1,0.0,0,1,0,3.0,0.0
67f73e18-aa1c-4aaf-a10e-43e590c91f8e,Foodpanda,Food Delivery,Abdul Bari,Unknown,1,2025-10-03 19:44:13,payment deduct hogai order tak place nahi hua jab aunki customer service se baat kro to kehte ha sir aap app se are bhai tum kis leye bethe ho phir,payment deduct hogai order tak place nahi hua jab aunki customer service se baat kro to kehte ha sir aap app se are bhai tum kis leye bethe ho phir,0,30,147,0,0,0,0.9666666666666667,0,1,0.34,1,0,1,0.0,0,1,0,1.0,0.0
d3e81698-ddff-48d1-8cc6-576a60f650e3,Foodpanda,Food Delivery,Richard De Vivar,Unknown,5,2025-10-04 02:23:47,Very nice App naoorder ko ng food anak ko even if I'm not athome.,very nice app naoorder ko ng food anak ko even if i'm not athome.,0,14,65,0,0,0,0.9285714285714286,0,1,0.4754,1,0,1,0.0,0,1,0,5.0,0.0
70f8f3f1-9195-41d0-996d-9e960cf44df2,Foodpanda,Food Delivery,Korish Zulqarnain Baloch,Unknown,1,2025-10-04 02:34:42,Worst experience i placed an order and it automatically created a double order and i couldn't even cancel it and didn't Even get the food for duplicate order or refund Highly disappointed,worst experience i placed an order and it automatically created a double order and i couldn't even cancel it and didn't even get the food for duplicate order or refund highly disappointed,0,32,187,0,0,0,0.78125,0,1,-0.6959,1,0,1,0.0,0,1,0,1.0,0.0
0f570d13-7a00-4b81-96c9-78c8a6275978,Foodpanda,Food Delivery,jesusa florendo,Unknown,1,2025-10-04 03:02:31,I can't pay using gcash and also I can't top up,i can't pay using gcash and also i can't top up,0,11,47,0,0,0,0.8181818181818182,0,0,-0.0762,1,0,1,0.0,0,1,0,1.0,0.0
963d4347-0ff4-43dc-90eb-2cf6878e42fc,Foodpanda,Food Delivery,Evelyn Ananca,Unknown,5,2025-10-04 03:17:48,perfect,perfect,0,1,7,0,0,0,1.0,0,0,0.5719,1,0,1,0.0,0,1,0,5.0,0.0
8b602012-45f8-4345-8358-135fa0730154,Foodpanda,Food Delivery,ilman anuar,Unknown,3,2025-10-04 04:13:28,Trash,trash,0,1,5,0,0,0,1.0,0,0,0.0,1,0,1,0.0,0,2,0,3.0,0.0
98c2bc0b-5b0a-4dff-840c-df3c76e6e450,Foodpanda,Food Delivery,Ron Fontanilla,Unknown,1,2025-10-04 04:22:45,"Unavailable na dto sa area kapag umambon..riders make multiple deliveries, and users cannot determine prioritization. if i could give this negative star,i would","unavailable na dto sa area kapag umambon..riders make multiple deliveries, and users cannot determine prioritization. if i could give this negative star,i would",0,23,160,0,0,0,1.0,0,0,-0.657,1,0,1,0.0,0,1,0,1.0,0.0
1609ea39-8448-49f0-98ea-bd2ba66fb70d,Foodpanda,Food Delivery,Rawd Quizmundo,Unknown,1,2025-10-04 04:52:13,"FULL OF SCAMMERS, ALLOWING YOU TO CANCEL WITHOUT INFORMING YOU THAT NO REFUND IS GOING TO BE PROCESSED","full of scammers, allowing you to cancel without informing you that no refund is going to be processed",0,18,102,0,0,18,0.8888888888888888,0,0,-0.4939,1,0,1,0.0,0,1,0,1.0,0.0
7af6e7f8-f33b-4464-96b1-edc4fac047cf,Foodpanda,Food Delivery,NARMITAA KUMARARO,Unknown,1,2025-10-04 05:16:08,"Very bad service, and the food is never delivered on time — always delayed","very bad service, and the food is never delivered on time — always delayed",0,14,74,0,0,0,1.0,0,0,-0.6901,1,0,1,0.0,0,1,0,1.0,0.0
360d07b5-cdda-4d17-957d-a3a8f79326bf,Foodpanda,Food Delivery,Ocean Eyes,Unknown,1,2025-10-04 05:55:28,dh aku yg order dulu hantar la kat aku dulu yg hantar org yg jauh punya buat apa cam ####,dh aku yg order dulu hantar la kat aku dulu yg hantar org yg jauh punya buat apa cam ####,0,20,89,0,0,0,0.75,0,0,0.0,1,0,1,0.0,0,1,0,1.0,0.0
ec275e0d-072a-47bf-83ac-c87feb5b2549,Foodpanda,Food Delivery,Akmal Shah,Unknown,1,2025-10-04 06:00:30,foolish app,foolish app,0,2,11,0,0,0,1.0,0,1,-0.2732,1,0,1,0.0,0,1,0,1.0,0.0
67ad7d3b-5c2c-4437-8d91-f99eb7eb0386,Foodpanda,Food Delivery,siule dina,Unknown,5,2025-10-04 06:01:12,ঝড় উঠেছে ঢেউ এর ই,ঝড় উঠেছে ঢেউ এর ই,0,5,18,0,0,0,1.0,0,0,0.0,1,0,1,0.0,0,1,0,5.0,0.0
877a4bba-ba67-4309-8d4b-20acb9273119,Foodpanda,Food Delivery,Rohit Kumar,Unknown,1,2025-10-04 06:12:18,annoying app never try buying membership because i have lost my membership fees my orders are getting cancelled with no reason,annoying app never try buying membership because i have lost my membership fees my orders are getting cancelled with no reason,0,21,126,0,0,0,0.9047619047619048,0,1,-0.802,1,0,1,0.0,0,1,0,1.0,0.0
d575104d-8007-4f14-80a5-1f9378aad90b,Foodpanda,Food Delivery,Phone Htut,Unknown,1,2025-10-04 06:19:40,Useless Customer Service . no reply Until 1 week .,useless customer service . no reply until 1 week .,0,10,50,0,0,0,0.9,0,0,-0.6124,1,0,1,0.0,0,1,0,1.0,0.0
e653856c-d2a9-48d4-ae0f-aff2d1d5e1c9,Foodpanda,Food Delivery,sher win,Unknown,1,2025-10-04 06:59:39,don't download this the refund system suck if you refund something you will not get your money back just download grab it's more safe,don't download this the refund system suck if you refund something you will not get your money back just download grab it's more safe,0,24,133,0,0,0,0.875,1,0,0.0754,1,0,1,0.0,0,1,0,1.0,0.0
5ae08b34-8f35-4e7c-8622-b08c99202129,Foodpanda,Food Delivery,War Lay,Unknown,4,2025-10-04 07:16:35,App လေးကအဆင်ပြေပါတယ် ဒီထက်ပိုပြီးစုံစုံလင်လင်လေးစားလို့ရနိုင်ရင်ပိုကောင်းမယ်,app လေးကအဆင်ပြေပါတယ် ဒီထက်ပိုပြီးစုံစုံလင်လင်လေးစားလို့ရနိုင်ရင်ပိုကောင်းမယ်,0,3,76,0,0,0,1.0,0,1,0.0,1,0,1,0.0,0,1,0,4.0,0.0
a3624bef-0828-48e6-8905-f88cdc69f71d,Foodpanda,Food Delivery,Eman Asad,Unknown,5,2025-10-04 07:51:18,always craving satisfya,always craving satisfya,0,3,23,0,0,0,1.0,0,0,0.0,1,0,1,0.0,0,1,0,5.0,0.0
72321bd6-15f5-45f4-bd1d-16dad3abb186,Foodpanda,Food Delivery,Raudhah Saufi,Unknown,5,2025-10-04 08:45:01,It's so easy to use and I can buy food/groceries anytime anyplace with good offers and deals!,it's so easy to use and i can buy food/groceries anytime anyplace with good offers and deals!,0,17,93,0,0,0,0.9411764705882353,1,0,0.7495,1,0,1,0.0,0,1,0,5.0,0.0
ebba20f1-6678-4de4-99a4-00588fd1f505,Foodpanda,Food Delivery,Mohtashim Shakil,Unknown,3,2025-10-04 09:45:51,amazing experience,amazing experience,0,2,18,0,0,0,1.0,0,0,0.5859,1,0,1,0.0,0,1,0,3.0,0.0
caec6908-b62a-4d59-ac10-3705cf76f4c8,Foodpanda,Food Delivery,Alif Alana,Unknown,5,2025-10-04 09:51:17,Best oder food here,best oder food here,0,4,19,0,0,0,1.0,0,0,0.6369,1,0,1,0.0,0,1,0,5.0,0.0
4119e4fa-848d-495b-ba94-aeccbdeddc3c,Foodpanda,Food Delivery,Zi Kun Lim,Unknown,2,2025-10-04 10:18:26,Pandapro member but the experience is no less terrible. Order was given up by at least 3 delivery riders. and wait for more than an hour. no option to cancel or chat with customer service,pandapro member but the experience is no less terrible. order was given up by at least 3 delivery riders. and wait for more than an hour. no option to cancel or chat with customer service,9,35,187,0,0,0,0.9714285714285714,0,0,-0.638,1,0,1,0.0,0,1,0,2.0,0.0
71a8635f-10b5-4ea7-848f-cb69f8838822,Foodpanda,Food Delivery,musliha fariza,Unknown,5,2025-10-04 10:29:53,bagus . dengan adanya app ni saya boleh membeli makanan apabila saya lapar . penghantaran yang cepat,bagus . dengan adanya app ni saya boleh membeli makanan apabila saya lapar . penghantaran yang cepat,0,17,100,0,0,0,0.8823529411764706,0,1,0.0,1,0,1,0.0,0,1,0,5.0,0.0
6b9fce7f-ed08-48b7-8f27-41e5e5ca527e,Foodpanda,Food Delivery,Dania Batrisyia,Unknown,1,2025-10-04 11:19:29,"I need my refund,food panda has deducted money from my account. I haven't subscribe anything.","i need my refund,food panda has deducted money from my account. i haven't subscribe anything.",1,15,93,0,0,0,0.8666666666666667,0,0,0.0,1,0,1,0.0,0,1,0,1.0,0.0
449b614f-75ad-4644-bd85-f4946623e1f3,Foodpanda,Food Delivery,Shahmir Rizvi,Unknown,1,2025-10-04 11:37:06,"Ghatiya service , never ordering again and would recommend to boycott if there is nobody representing them here , no office no nothing. CH service mc","ghatiya service , never ordering again and would recommend to boycott if there is nobody representing them here , no office no nothing. ch service mc",1,26,149,0,0,1,0.8846153846153846,0,0,-0.0289,1,0,1,0.0,0,1,0,1.0,0.0
9544e92e-f479-4cdd-b382-cc0f7f55cb67,Foodpanda,Food Delivery,Madhan Goud,Unknown,5,2025-10-04 11:40:55,fantastic application,fantastic application,0,2,21,0,0,0,1.0,0,1,0.5574,1,0,1,0.0,0,1,0,5.0,0.0
9515d29e-895b-4a46-b684-34230871f2e5,Foodpanda,Food Delivery,GPS MPWT,Unknown,1,2025-10-04 12:18:48,app គាំងប្រើអត់កើត កម្មង1 ចេញ3-4,app គាំងប្រើអត់កើត កម្មង1 ចេញ3-4,0,4,32,0,0,0,1.0,0,1,0.0,1,0,1,0.0,0,1,0,1.0,0.0
b3f8f95e-0633-40d1-bcc5-cb086ab80cc6,Foodpanda,Food Delivery,ketot,Unknown,1,2025-10-04 12:19:39,apps yg paling bangang aku pernah pakai. menyusahkan org dri dulu. jibake betul,apps yg paling bangang aku pernah pakai. menyusahkan org dri dulu. jibake betul,0,13,79,0,0,0,1.0,0,1,0.0,1,0,1,0.0,0,1,0,1.0,0.0
31df4e6b-daea-49ca-9f13-08b331b3b478,Foodpanda,Food Delivery,Veronika Rozario,Unknown,1,2025-10-04 13:10:24,faltu onek ad dei fast na thanda food game kheli shanti dei na.,faltu onek ad dei fast na thanda food game kheli shanti dei na.,0,13,63,0,0,0,0.9230769230769231,0,0,0.0,1,0,1,0.0,0,1,0,1.0,0.0
84abb5da-5d42-4e53-bbd4-4b893c6abaf2,Foodpanda,Food Delivery,Minnath Jahan,Unknown,1,2025-10-04 13:16:50,delivery charge khub besi hoye jay,delivery charge khub besi hoye jay,0,6,34,0,0,0,1.0,0,0,0.0,1,0,1,0.0,0,1,0,1.0,0.0
162f7d46-65f0-4593-b24d-91ec1f659ccc,Foodpanda,Food Delivery,dylan,Unknown,1,2025-10-04 15:09:05,"no live customer support, if order is delayed, chances of it being delayed over and over until hours has passed is very high, and nothing you can do about it","no live customer support, if order is delayed, chances of it being delayed over and over until hours has passed is very high, and nothing you can do about it",1,30,157,0,0,0,0.8666666666666667,0,0,-0.128,1,0,1,0.0,0,1,0,1.0,0.0
d3db06c0-2115-4fe2-8613-2a60c2c82391,Foodpanda,Food Delivery,Waqar Nisa,Unknown,5,2025-10-04 17:32:50,good app happ family,good app happ family,0,4,20,0,0,0,1.0,0,1,0.4404,1,0,1,0.0,0,1,0,5.0,0.0
4b6c5d56-25e7-438c-85c9-fd34d8b87c4e,Foodpanda,Food Delivery,Sameer Malik,Unknown,5,2025-10-04 17:46:05,I would say that it's a great service especially in Pakistan. They deliver at your door without the hassle for ordering separately like old times. Great application and riders are great too,i would say that it's a great service especially in pakistan. they deliver at your door without the hassle for ordering separately like old times. great application and riders are great too,7,32,189,0,0,0,0.9375,0,1,0.9413,1,0,1,0.0,0,1,0,5.0,0.0
e692c2ea-2559-4342-8026-ff4f04dc255c,Foodpanda,Food Delivery,Cristy Dumdumaya,Unknown,1,2025-10-04 17:58:01,𝑦𝑜𝑢 ℎ𝑎𝑣𝑒 𝑛𝑜 𝑟𝑖𝑔ℎ𝑡 𝑡𝑜 𝑑𝑒𝑑𝑢𝑐𝑡 50 𝑝𝑒𝑠𝑜𝑠 𝑖𝑛 𝑚𝑦 𝑔𝑐𝑎𝑠ℎ 𝑎𝑢𝑡𝑜𝑚𝑎𝑡𝑖𝑐𝑎𝑙𝑙𝑦 𝑤𝑖𝑡ℎ𝑜𝑢𝑡 𝑚𝑦 𝑝𝑒𝑟𝑚𝑖𝑠𝑠𝑖𝑜𝑛,𝑦𝑜𝑢 ℎ𝑎𝑣𝑒 𝑛𝑜 𝑟𝑖𝑔ℎ𝑡 𝑡𝑜 𝑑𝑒𝑑𝑢𝑐𝑡 50 𝑝𝑒𝑠𝑜𝑠 𝑖𝑛 𝑚𝑦 𝑔𝑐𝑎𝑠ℎ 𝑎𝑢𝑡𝑜𝑚𝑎𝑡𝑖𝑐𝑎𝑙𝑙𝑦 𝑤𝑖𝑡ℎ𝑜𝑢𝑡 𝑚𝑦 𝑝𝑒𝑟𝑚𝑖𝑠𝑠𝑖𝑜𝑛,0,15,84,0,0,0,0.9333333333333333,0,0,0.0,1,0,1,0.0,0,1,0,1.0,0.0
289a7718-554d-4f91-841d-ed8c7434d3ed,Foodpanda,Food Delivery,GADIeL,Unknown,5,2025-10-04 18:32:52,Best app. Very Convenient.,best app. very convenient.,0,4,26,0,0,0,1.0,0,1,0.6369,1,0,1,0.0,0,1,0,5.0,0.0
772fa407-4b85-4735-a431-bce38d993ca9,Foodpanda,Food Delivery,Yasir Baba,Unknown,1,2025-10-04 20:52:34,the App Is Mostly Wrong Experience because the order is cnfrm and the Some time after App Slow and Order Cancel ❌❌❌❌,the app is mostly wrong experience because the order is cnfrm and the some time after app slow and order cancel ❌❌❌❌,1,22,116,0,0,0,0.7272727272727273,0,1,-0.6249,1,0,1,0.0,0,1,0,1.0,0.0
c41d965c-455c-4f0a-9fdf-bf47f81b3cbd,Foodpanda,Food Delivery,Charlane Manatad,Unknown,5,2025-10-04 22:09:09,🫰🫰🫰❤️❤️❤️❤️❤️,🫰🫰🫰❤️❤️❤️❤️❤️,0,1,13,3,0,0,1.0,0,0,0.0,1,0,1,0.0,0,1,0,5.0,0.0
c90a7b9b-adde-46dc-ba67-55b7fb18eb4f,Foodpanda,Food Delivery,IDY Beatz,Unknown,4,2025-10-05 00:34:46,I cannot scroll back up in the favorite page. I only can scroll down. Please fix this. Thank you,i cannot scroll back up in the favorite page. i only can scroll down. please fix this. thank you,0,19,96,0,0,0,0.8947368421052632,0,0,0.7783,1,0,1,0.0,0,1,0,4.0,0.0
aa3cb9ed-95a1-46eb-95cf-1d1fd3cf38f7,Foodpanda,Food Delivery,Nonie Edrianaa,Unknown,5,2025-10-05 03:22:54,Woowww cool apps,woowww cool apps,0,3,16,0,0,0,1.0,0,1,0.3182,1,0,1,0.0,0,1,0,5.0,0.0
f18a421c-66a1-463b-887d-6b067f326f1e,Foodpanda,Food Delivery,Fetih Studio,Unknown,1,2025-10-05 04:03:27,"company makan duit orang buat sistem beli tapi bila nak cancel tak boleh. kerja nak makan duit orang ja. bayar gaji lambat, potong elaun sana dan sini..","company makan duit orang buat sistem beli tapi bila nak cancel tak boleh. kerja nak makan duit orang ja. bayar gaji lambat, potong elaun sana dan sini..",0,27,152,0,0,0,0.8518518518518519,0,0,-0.25,1,0,1,0.0,0,1,0,1.0,0.0
008a8f58-40ef-46d3-ab2a-2671477ffb17,Foodpanda,Food Delivery,John Lennon,Unknown,5,2025-10-05 04:13:37,"Foodpanda makes ordering food easy and fast, offering plenty of choices from local eateries to big chains, all delivered right to your door.","foodpanda makes ordering food easy and fast, offering plenty of choices from local eateries to big chains, all delivered right to your door.",0,23,140,0,0,0,0.9565217391304348,1,1,0.4404,1,0,1,0.0,0,1,0,5.0,0.0
5f4b6533-0a5b-49a8-b3ac-cb0db0101ad1,Foodpanda,Food Delivery,Sau Foo Lo,Unknown,1,2025-10-05 04:27:41,Terrible app. Delivery price is unacceptable high. Monthly Subscription won't send you notifications before renewing automatically. Don't use this app.,terrible app. delivery price is unacceptable high. monthly subscription won't send you notifications before renewing automatically. don't use this app.,0,20,151,0,0,0,0.95,0,1,-0.7269,1,0,1,0.0,0,1,0,1.0,0.0
d9e24343-5247-46db-af6b-51bfe3206289,Foodpanda,Food Delivery,C N,Unknown,1,2025-10-05 04:39:45,"everything i added into my cart = no stock, including ""no-addon"". which means, this app wont let me buy anything, oh well, guess its time to go out instead and uninstall this stupid app","everything i added into my cart = no stock, including ""no-addon"". which means, this app wont let me buy anything, oh well, guess its time to go out instead and uninstall this stupid app",0,34,185,0,0,0,0.9411764705882353,1,1,-0.6249,1,0,1,0.0,0,1,0,1.0,0.0
ae26225d-e3fd-4f90-b638-8ac17b1cc4b7,Foodpanda,Food Delivery,Wahida Raihana,Unknown,5,2025-10-05 04:41:46,Sangat mudah untuk membeli barang dapur!,sangat mudah untuk membeli barang dapur!,0,6,40,0,0,0,1.0,0,0,0.0,1,0,1,0.0,0,1,0,5.0,0.0
a8590073-e52f-489e-b130-270c06ad3abc,Foodpanda,Food Delivery,JC,Unknown,1,2025-10-05 05:06:14,What is happening to your app? Most of the stores are closed on FoodPanda but are actually open on Grab.,what is happening to your app? most of the stores are closed on foodpanda but are actually open on grab.,1,20,104,0,0,0,0.9,0,1,0.0,1,0,1,0.0,0,1,0,1.0,0.0
b9332110-fa43-44b5-b83d-4e44c2406493,Foodpanda,Food Delivery,A Google user,Unknown,5,2025-10-05 05:16:13,comfortable. friendly. fastest.,comfortable. friendly. fastest.,0,3,31,0,0,0,1.0,0,0,0.7579,1,0,4,3110138.0,0,1,0,2.25,1.8929694486000912
5aeeaebf-8191-4196-92ac-ba5199b332ca,Foodpanda,Food Delivery,Adib Kirum,Unknown,1,2025-10-05 05:18:03,paid extra for faster delivery but the order stack up to 4 orders per rider. capitalism system for rider and customer,paid extra for faster delivery but the order stack up to 4 orders per rider. capitalism system for rider and customer,0,21,117,0,0,0,0.9523809523809523,0,0,0.0,1,0,1,0.0,0,1,0,1.0,0.0
fa0793dd-b7f6-47b3-884d-21e085fbf5c0,Foodpanda,Food Delivery,Hyuse,Unknown,1,2025-10-05 05:53:04,"The support staff UI is buggy, the refund process is painfully unhelpful along with the defaults they have set for the user.","the support staff ui is buggy, the refund process is painfully unhelpful along with the defaults they have set for the user.",0,22,124,0,0,1,0.8181818181818182,0,0,-0.1779,1,0,1,0.0,0,1,0,1.0,0.0
92d2430a-fbd6-41a1-bde3-c9993329cb7a,Foodpanda,Food Delivery,Neha S,Unknown,1,2025-10-05 05:54:44,they have taken above 3k from card and cancelled the order. They didn't return my money. shame on you. All other apps try again if they couldn't reach but they took money. THIEF,they have taken above 3k from card and cancelled the order. they didn't return my money. shame on you. all other apps try again if they couldn't reach but they took money. thief,2,33,177,0,0,1,0.8787878787878788,0,1,-0.8013,1,0,1,0.0,0,1,0,1.0,0.0
aa1e76c0-a2dc-45a8-8524-b3364d5043d6,Foodpanda,Food Delivery,M Ahammed,Unknown,5,2025-10-05 07:18:02,recommended for online food lovers,recommended for online food lovers,0,5,34,0,0,0,1.0,0,0,0.6369,1,0,1,0.0,0,1,0,5.0,0.0
d19ed997-fdcb-42b1-9cf5-40cd6845d33f,Foodpanda,Food Delivery,Rayyan Adeel,Unknown,4,2025-10-05 07:32:43,delivery times should be faster.,delivery times should be faster.,0,5,32,0,0,0,1.0,0,0,0.0,1,0,1,0.0,0,1,0,4.0,0.0
537d8462-f6c0-4e26-909d-fba76145b913,Foodpanda,Food Delivery,Russ Castro,Unknown,3,2025-10-05 08:10:58,mabagal mas better pa mag maxim to buy foods lol,mabagal mas better pa mag maxim to buy foods lol,0,10,48,0,0,0,1.0,0,0,0.6908,1,0,1,0.0,0,1,0,3.0,0.0
ad4d9843-98ee-4be5-aca7-784e95bc2602,Foodpanda,Food Delivery,dy delos santos,Unknown,5,2025-10-05 09:07:17,very useful and thanks for the voucher discount more discount pa soon on my future orders hehe,very useful and thanks for the voucher discount more discount pa soon on my future orders hehe,0,17,94,0,0,0,0.9411764705882353,1,0,0.7474,1,0,1,0.0,0,1,0,5.0,0.0
65b8c604-cdd0-4089-b4a1-f86c7502a7eb,Foodpanda,Food Delivery,Jeff,Unknown,1,2025-10-05 09:09:03,Basically a rip off of mainstream delivery apps,basically a rip off of mainstream delivery apps,0,8,47,0,0,0,1.0,0,1,0.0,1,0,1,0.0,0,1,0,1.0,0.0
bcebe107-149a-44ed-a6e1-344b47efc6b8,Foodpanda,Food Delivery,MD Shahadat,Unknown,5,2025-10-05 09:24:36,"িোেোপড,ড,প,িপবোোঁঁ,,ডিবোটবোোোোোঁবোোোবটটিপপডিপ,ড,পডিপোোডোোোোডোোডোোোোোোোোোঁঁঁোঁঁোোোঁোোোঁোোঁঁঁঁঁোোোঁোোঁঁঁোোোঁঁঁোোোঁোোঁঁঁঁঁঁঁঁঁোঁোঁঁঁঁঁঁঁঁঁঁোঁোঁোঁোোো,োোোোোোোোঁ,োটপোিোোোোোো,োডপডডড","িোেোপড,ড,প,িপবোোঁঁ,,ডিবোটবোোোোোঁবোোোবটটিপপডিপ,ড,পডিপোোডোোোোডোোডোোোোোোোোোঁঁঁোঁঁোোোঁোোোঁোোঁঁঁঁঁোোোঁোোঁঁঁোোোঁঁঁোোোঁোোঁঁঁঁঁঁঁঁঁোঁোঁঁঁঁঁঁঁঁঁঁোঁোঁোঁোোো,োোোোোোোোঁ,োটপোিোোোোোো,োডপডডড",0,1,174,0,0,0,1.0,0,0,0.0,1,0,1,0.0,0,1,0,5.0,0.0
585b8246-bc0a-46d1-9ed8-3caf0dd3ebf6,Foodpanda,Food Delivery,Rxz,Unknown,5,2025-10-05 09:37:44,not bad,not bad,0,2,7,0,0,0,1.0,0,0,0.431,1,0,1,0.0,0,1,0,5.0,0.0
54f45c91-c0ac-4af5-8eb1-0e07c4cd4ae9,Foodpanda,Food Delivery,Pyae Sone phyo,Unknown,4,2025-10-05 09:48:09,good choice,good choice,0,2,11,0,0,0,1.0,0,0,0.4404,1,0,1,0.0,0,1,0,4.0,0.0
83791a79-75fd-4be8-8149-c85c560beb37,Foodpanda,Food Delivery,Israr Writes,Unknown,5,2025-10-05 09:55:47,The best food ordering app ever!,the best food ordering app ever!,0,6,32,0,0,0,1.0,0,1,0.6696,1,0,1,0.0,0,1,0,5.0,0.0
c97b6838-3c26-479e-8699-39bc99b4e902,Foodpanda,Food Delivery,A K,Unknown,2,2025-10-05 10:03:30,why it's not available in Hyderabad yet..?,why it's not available in hyderabad yet..?,0,7,42,0,0,0,1.0,0,0,0.0,1,0,1,0.0,0,1,0,2.0,0.0
9bd57cf2-d2c3-4e0c-aba0-95a99c2723b5,Foodpanda,Food Delivery,Si Opu,Unknown,5,2025-10-05 10:39:33,best for discount food,best for discount food,0,4,22,0,0,0,1.0,1,0,0.6369,1,0,1,0.0,0,1,0,5.0,0.0
67b1e6c1-ef17-45f1-8f85-357f11517ef1,Foodpanda,Food Delivery,Yun,Unknown,3,2025-10-05 11:03:55,if someone change to cash let it be cash stop changing it to other payment 💀 because of this thing i waste my money in my pandacredit,if someone change to cash let it be cash stop changing it to other payment 💀 because of this thing i waste my money in my pandacredit,1,27,133,1,0,0,0.8518518518518519,0,0,-0.6124,1,0,1,0.0,0,1,0,3.0,0.0
eb4473bc-4249-4d6e-9473-f1867a8e99c4,Foodpanda,Food Delivery,azhan faris,Unknown,2,2025-10-05 11:13:29,nk tnya macam mana nk tukar kombor fhone ye dh cari tk jumpa lah,nk tnya macam mana nk tukar kombor fhone ye dh cari tk jumpa lah,0,14,64,0,0,0,0.9285714285714286,0,0,0.0,1,0,1,0.0,0,1,0,2.0,0.0
6ede11dc-88d3-4ccd-a03f-0abf53bdad6a,Foodpanda,Food Delivery,carmina bacus,Unknown,5,2025-10-05 11:23:58,very convenient,very convenient,0,2,15,0,0,0,1.0,0,0,0.0,1,0,1,0.0,0,2,0,5.0,0.0
7e1d213f-126c-4670-b430-3fe050db6aee,Foodpanda,Food Delivery,alis natiesha Mohd Radzif,Unknown,5,2025-10-05 11:49:35,good fp..,good fp..,0,2,9,0,0,0,1.0,0,0,0.4404,1,0,1,0.0,0,1,0,5.0,0.0
6eb6664b-de06-4043-90e8-c884936d8450,Foodpanda,Food Delivery,Muhaimin Jamalludin,Unknown,1,2025-10-05 11:59:41,rider making many stop.,rider making many stop.,0,4,23,0,0,0,1.0,0,0,-0.296,1,0,1,0.0,0,1,0,1.0,0.0
ce6b93bb-884f-46e2-a60e-02a133ab0205,Foodpanda,Food Delivery,Richardlance Malate Cinco,Unknown,1,2025-10-05 12:27:15,i didn't receive my refund wth,i didn't receive my refund wth,0,6,30,0,0,0,1.0,0,0,-0.5267,1,0,1,0.0,0,1,0,1.0,0.0
ce31b938-55f3-4021-8ce8-2090b7b16422,Foodpanda,Food Delivery,Christopher Natal,Unknown,5,2025-10-05 13:27:13,i love this apps,i love this apps,1,4,16,0,0,0,1.0,0,1,0.6369,1,0,1,0.0,0,1,0,5.0,0.0
b8881119-d451-4740-b9f1-4bb2e3fd2c65,Foodpanda,Food Delivery,Ahmed Ch,Unknown,5,2025-10-05 13:56:38,this was very useful app 👍👍,this was very useful app 👍👍,0,6,27,2,0,0,1.0,0,1,0.4927,1,0,1,0.0,0,1,0,5.0,0.0
de966eee-73cc-4fc1-8d89-a54a78f38c34,Foodpanda,Food Delivery,Uyea Sing,Unknown,5,2025-10-05 14:01:41,I use this app for 2 years. Very helpful app. Thank you🩵🩷,i use this app for 2 years. very helpful app. thank you🩵🩷,0,12,57,2,0,0,1.0,0,1,0.7056,1,0,1,0.0,0,1,0,5.0,0.0
22bfdb44-abe2-490b-b64d-237350ef8b39,Foodpanda,Food Delivery,Adib Iskandar Johari,Unknown,1,2025-10-05 14:13:06,"Dari jam 9 order sampai sekarang 10 malam, still order in prepare 40-45mins. Benda dah bayo.","dari jam 9 order sampai sekarang 10 malam, still order in prepare 40-45mins. benda dah bayo.",0,16,92,0,0,0,0.9375,0,0,0.0,1,0,1,0.0,0,1,0,1.0,0.0
c4f8a349-6f6c-4f80-92c5-342fa359f0a8,Foodpanda,Food Delivery,"ANCHETA, ALDRIN F.",Unknown,1,2025-10-05 15:55:33,scammer rider,scammer rider,0,2,13,0,0,0,1.0,0,0,0.0,1,0,1,0.0,0,1,0,1.0,0.0
904d7753-1efc-4f4e-82e0-05b5fb7a8d9d,Foodpanda,Food Delivery,Ateeb,Unknown,2,2025-10-05 16:21:10,"no option to cancel the order, poor customer service, poor customer support, restaurant constantly shows as unavailable","no option to cancel the order, poor customer service, poor customer support, restaurant constantly shows as unavailable",0,17,119,0,0,0,0.8823529411764706,0,0,-0.7717,1,0,1,0.0,0,1,0,2.0,0.0
afd25e31-918c-4057-b416-603cbb91515c,Foodpanda,Food Delivery,Tranquilino Roncale,Unknown,1,2025-10-05 17:03:28,"poor, mag oorder nako tapos ayaw gumana ng voucher naka apply taposag dating sa code error kahit tama naman","poor, mag oorder nako tapos ayaw gumana ng voucher naka apply taposag dating sa code error kahit tama naman",0,19,107,0,0,0,1.0,0,1,-0.7003,1,0,1,0.0,0,1,0,1.0,0.0
057bae06-7b91-4aff-a9ea-6da2569d09a6,Foodpanda,Food Delivery,Kaushikar Chandran,Unknown,1,2025-10-05 17:39:06,such a stupid app,such a stupid app,0,4,17,0,0,0,1.0,0,1,-0.5267,1,0,1,0.0,0,1,0,1.0,0.0
b28e41ca-47d1-4ca3-b59b-db6740c163cd,Foodpanda,Food Delivery,Fiza Ayesha,Unknown,5,2025-10-05 18:03:04,bhut achi app h...bs drivers slow Hain bht yahn ke,bhut achi app h...bs drivers slow hain bht yahn ke,0,10,50,0,0,0,1.0,0,1,0.0,1,0,1,0.0,0,1,0,5.0,0.0
607affed-6b52-4953-a379-2b1c41942dbd,Foodpanda,Food Delivery,Tanushree Chakma,Unknown,5,2025-10-05 18:10:15,when I eat the meals I think I was in heaven like pizza and burger and hot dogs,when i eat the meals i think i was in heaven like pizza and burger and hot dogs,0,18,79,0,0,0,0.8333333333333334,0,0,0.7003,1,0,1,0.0,0,1,0,5.0,0.0
8a1123cd-8162-466b-89b0-5f64549697ef,Foodpanda,Food Delivery,ATIF HUSSAIN,Unknown,1,2025-10-05 20:06:07,"i have placed order 11 15pm and now it's 1 am and they cancelled my order without any information, the concern's will pay definitely penalties for this , i will soo you in court.","i have placed order 11 15pm and now it's 1 am and they cancelled my order without any information, the concern's will pay definitely penalties for this , i will soo you in court.",0,34,178,0,0,0,0.8823529411764706,0,0,0.0772,1,0,1,0.0,0,1,0,1.0,0.0
c873f5e5-7e86-4c4c-b1d3-bb81c4cfe393,Foodpanda,Food Delivery,FarazAli Khatri,Unknown,5,2025-10-05 20:17:50,such a great application for order food and groceries items any time and anywhere,such a great application for order food and groceries items any time and anywhere,0,14,81,0,0,0,0.9285714285714286,0,1,0.6249,1,0,1,0.0,0,1,0,5.0,0.0
2e5ee595-d9e7-4395-955d-676dac19ef44,Foodpanda,Food Delivery,Asad Abid,Unknown,1,2025-10-05 23:39:03,worst experience using this app. the food always comes late and cold and they don't even give the rider's contact numbers or anything for customers support,worst experience using this app. the food always comes late and cold and they don't even give the rider's contact numbers or anything for customers support,2,26,155,0,0,0,0.9230769230769231,0,1,-0.34,1,0,1,0.0,0,1,0,1.0,0.0
2528e850-fb67-47fd-941b-eee7a013872d,Foodpanda,Food Delivery,Muhammad Hammad,Unknown,1,2025-10-06 01:27:25,Payment stuck always ordering through easy paisa. worst app developer. star should be below than one so i can rate zero...,payment stuck always ordering through easy paisa. worst app developer. star should be below than one so i can rate zero...,0,21,122,0,0,0,1.0,0,1,-0.4939,1,0,1,0.0,0,1,0,1.0,0.0
24251935-3f0e-4c11-8cca-519c9ee1fb05,Foodpanda,Food Delivery,Jhomer Francisco,Unknown,5,2025-10-06 05:48:33,very nice 👍,very nice 👍,0,3,11,1,0,0,1.0,0,0,0.4754,1,0,1,0.0,0,2,0,5.0,0.0
3dd9e3a8-9272-4642-8210-d3a1ea5ea20d,Foodpanda,Food Delivery,Dhea Walideani,Unknown,1,2025-10-06 06:49:02,"very disappointing, the item I ordered was not available but I could not cancel it and could not get my money back, and my money was deducted without getting the item I wanted👎","very disappointing, the item i ordered was not available but i could not cancel it and could not get my money back, and my money was deducted without getting the item i wanted👎",0,33,176,1,0,0,0.6666666666666666,0,1,-0.0352,1,0,1,0.0,0,1,0,1.0,0.0
7b7757ed-0449-451f-9add-43cc09099907,Foodpanda,Food Delivery,Autumn Yiong,Unknown,5,2025-10-06 06:53:08,The service is always great... Very nice and friendly! On time and foods are good too!,the service is always great... very nice and friendly! on time and foods are good too!,2,16,86,0,0,0,0.9375,0,0,0.9342,1,0,1,0.0,0,1,0,5.0,0.0
c7c5ce6f-6ff5-422d-83cd-069be0d79248,Foodpanda,Food Delivery,Riffat Awais,Unknown,5,2025-10-06 07:04:15,super :),super :),0,2,8,0,0,0,1.0,0,0,0.7845,1,0,1,0.0,0,1,0,5.0,0.0
5179ee1d-af95-4f5f-a936-b596559898f6,Foodpanda,Food Delivery,Fariya Khan Muna,Unknown,4,2025-10-06 07:06:35,Delivery charges should be reduced.,delivery charges should be reduced.,0,5,35,0,0,0,1.0,0,0,-0.2732,1,0,1,0.0,0,1,0,4.0,0.0
5e8bfc59-748a-452f-b302-1f96c9c1811d,Foodpanda,Food Delivery,idrees sheikh,Unknown,5,2025-10-06 07:38:57,Good 💯,good 💯,0,2,6,1,0,0,1.0,0,0,0.4404,1,0,1,0.0,0,2,0,5.0,0.0
78c9772c-e709-4946-abe4-d190349972bd,Foodpanda,Food Delivery,pro hunter,Unknown,3,2025-10-06 09:04:39,the app is good but it can't deliver the food In my area,the app is good but it can't deliver the food in my area,0,13,56,0,0,0,0.9230769230769231,0,1,0.2382,1,0,1,0.0,0,1,0,3.0,0.0
5b149c1e-d5c6-4ca1-8a00-d89f21a6d99b,Foodpanda,Food Delivery,Rogelio Belmes,Unknown,5,2025-10-06 10:24:48,Panda services are really helpful and convenient..I can order foods for my family even if I am outside the country...,panda services are really helpful and convenient..i can order foods for my family even if i am outside the country...,1,20,117,0,0,0,1.0,0,0,0.4754,1,0,1,0.0,0,1,0,5.0,0.0
4208fc66-f687-4d04-89d7-9e80566aebb2,Foodpanda,Food Delivery,Kabir Ali,Unknown,1,2025-10-06 10:42:45,no best and one adar kai da mean kss,no best and one adar kai da mean kss,0,9,36,0,0,0,1.0,0,0,-0.5216,1,0,1,0.0,0,1,0,1.0,0.0
ef1b35b2-4e6a-4775-8eee-f687edeb171e,Foodpanda,Food Delivery,Yasir Arafat,Unknown,1,2025-10-06 11:29:39,Baler app location nileo kaj korte cayna majhe majhe,baler app location nileo kaj korte cayna majhe majhe,1,9,52,0,0,0,0.8888888888888888,0,1,0.0,1,0,1,0.0,0,1,0,1.0,0.0
efef1eae-0ab9-488c-b306-9d7c84173555,Foodpanda,Food Delivery,Rehman Baig,Unknown,1,2025-10-06 13:40:18,Can't install,can't install,0,2,13,0,0,0,1.0,1,0,0.0,1,0,1,0.0,0,1,0,1.0,0.0
f7f0815d-4255-4f37-a478-583eb456e9d8,Foodpanda,Food Delivery,Raja Manan,Unknown,4,2025-10-06 18:21:52,rrrrrrrr dBe,rrrrrrrr dbe,0,2,12,0,0,0,1.0,0,0,0.0,1,0,1,0.0,0,1,0,4.0,0.0
b26b91d0-8063-4b4a-a39e-48bcb607ca87,Foodpanda,Food Delivery,Abid Rehman,Unknown,4,2025-10-06 19:04:43,this app is so good deleivery is very fast i recomended you this app,this app is so good deleivery is very fast i recomended you this app,0,14,68,0,0,0,0.7857142857142857,0,1,0.5777,1,0,1,0.0,0,1,0,4.0,0.0
dc5c7a85-6591-484a-90fc-726719ab788f,Foodpanda,Food Delivery,Hani Kazama,Unknown,3,2025-10-06 22:18:45,"got some missing items, hard to find the customer service, couldn't open chatbox when temporarily close it so the assistance would assume we all good, no refund at all.","got some missing items, hard to find the customer service, couldn't open chatbox when temporarily close it so the assistance would assume we all good, no refund at all.",0,29,168,0,0,0,0.9655172413793104,0,0,-0.2263,1,0,1,0.0,0,1,0,3.0,0.0
c5468f59-c3f5-4516-b155-c0e8be684c04,Foodpanda,Food Delivery,ralph ocampo,Unknown,4,2025-10-06 23:21:05,very helpful,very helpful,0,2,12,0,0,0,1.0,0,0,0.4754,1,0,1,0.0,0,3,0,4.0,0.0
92a11445-45f4-44a7-b506-db3e4a06cc1b,Foodpanda,Food Delivery,Aye Ko,Unknown,5,2025-10-07 00:47:58,vo. a vovp a,vo. a vovp a,0,4,12,0,0,0,0.75,0,0,0.0,1,0,1,0.0,0,1,0,5.0,0.0
d7079166-bf2f-482a-81e0-77bac2478152,Foodpanda,Food Delivery,Raquel Twinkle “Raqs” Calilung,Unknown,5,2025-10-07 02:35:01,Great Great Great,great great great,0,3,17,0,0,0,0.3333333333333333,0,0,0.9231,1,0,1,0.0,0,1,0,5.0,0.0
b6898cdd-3da1-48c1-b5e8-07df8886a57a,Foodpanda,Food Delivery,Elyz Arianne Espiritu,Unknown,4,2025-10-07 06:01:06,Nice app,nice app,0,2,8,0,0,0,1.0,0,1,0.4215,1,0,1,0.0,0,4,0,4.0,0.0
7164e342-4264-49ed-8c7d-04e5d9e1dfeb,Foodpanda,Food Delivery,T. Anaam,Unknown,2,2025-10-07 08:44:02,"App good, but the advertisements are horrible.","app good, but the advertisements are horrible.",1,7,46,0,0,0,1.0,0,1,-0.5859,1,0,1,0.0,0,1,0,2.0,0.0
1cf6c655-971d-45e1-a937-a6493c1167c2,Foodpanda,Food Delivery,Subhan Amjad,Unknown,5,2025-10-07 09:53:51,fay the Taste the Kitchen Kartko,fay the taste the kitchen kartko,0,6,32,0,0,0,0.8333333333333334,0,0,0.0,1,0,1,0.0,0,1,0,5.0,0.0
92d7f900-d5e6-47f6-8933-9755c3dbc2eb,Foodpanda,Food Delivery,Ayan Azizi,Unknown,5,2025-10-07 09:57:55,Soo good,soo good,0,2,8,0,0,0,1.0,0,0,0.4404,1,0,1,0.0,0,2,0,5.0,0.0
2c7f229f-432d-4858-a7c7-d44cb656b76f,Foodpanda,Food Delivery,shahin omit,Unknown,2,2025-10-07 10:32:22,help center Can't help customers. have no option for live chat. work on it,help center can't help customers. have no option for live chat. work on it,0,14,74,0,0,0,0.9285714285714286,0,0,-0.1921,1,0,1,0.0,0,1,0,2.0,0.0
b2a32742-ac71-4aed-9e40-593b01109a72,Foodpanda,Food Delivery,Milan R,Unknown,3,2025-10-07 11:25:49,Costumer service is difficult to reach when needed. Sometimes app is buggy and crashes when exploring certain restaurants or menus.,costumer service is difficult to reach when needed. sometimes app is buggy and crashes when exploring certain restaurants or menus.,1,20,131,0,0,0,0.9,0,1,-0.0772,1,0,1,0.0,0,1,0,3.0,0.0
7bbd8d69-0453-4d8b-b345-31a36221fa3f,Foodpanda,Food Delivery,JAIDI BIN AG. DAMIT,Unknown,5,2025-10-07 12:15:36,mantul,mantul,0,1,6,0,0,0,1.0,0,0,0.0,1,0,1,0.0,0,1,0,5.0,0.0
a94cbc76-f6f6-44a7-96e8-f5b36afa577d,Foodpanda,Food Delivery,Ainaa_bat,Unknown,5,2025-10-07 13:06:30,order and your food arrives quick,order and your food arrives quick,0,6,33,0,0,0,1.0,0,0,0.0,1,0,1,0.0,0,1,0,5.0,0.0
bc74a47a-c844-4353-bc95-fe3811d3a48f,Foodpanda,Food Delivery,Jan Frederick Estanislao,Unknown,5,2025-10-07 14:16:47,This app is very convenient when it comes to ordering food. 10/10,this app is very convenient when it comes to ordering food. 10/10,0,12,65,0,0,0,1.0,0,1,0.0,1,0,1,0.0,0,1,0,5.0,0.0
c04733ea-3dae-4ff5-beaa-e00b3a7b3821,Foodpanda,Food Delivery,Zakir Hussain,Unknown,4,2025-10-07 15:11:43,It's good 😊 but the delivery is so late 😕,it's good 😊 but the delivery is so late 😕,0,10,41,2,0,0,1.0,0,0,0.1487,1,0,1,0.0,0,1,0,4.0,0.0
2e6bfab0-076b-4429-ab8b-5b0cb918411f,Foodpanda,Food Delivery,Nur Hamizah,Unknown,5,2025-10-07 15:45:27,"Foodpanda is the best food delivery app! It’s super easy to use, has tons of restaurant options, and delivers fast. I love how convenient it is to satisfy cravings anytime, anywhere.","foodpanda is the best food delivery app! it’s super easy to use, has tons of restaurant options, and delivers fast. i love how convenient it is to satisfy cravings anytime, anywhere.",0,31,182,0,0,0,0.9354838709677419,0,1,0.9612,1,0,1,0.0,0,1,0,5.0,0.0
5548e22e-57c5-4b8c-b8d0-d432683599d7,Foodpanda,Food Delivery,Malik Aftab Maqsood Wagi,Unknown,5,2025-10-07 18:53:50,good 👍 working,good 👍 working,0,3,14,1,0,0,1.0,0,0,0.4404,1,0,1,0.0,0,1,0,5.0,0.0
5872e361-1d2e-4d4d-aee5-737fa0e7aa89,Foodpanda,Food Delivery,Faheem Ahmad,Unknown,5,2025-10-07 19:40:00,Very reliable for lazy people like me 👍🏻😁,very reliable for lazy people like me 👍🏻😁,0,8,41,3,0,0,1.0,0,0,0.4091,1,0,1,0.0,0,1,0,5.0,0.0
32b58f33-d9df-4ce0-a73a-4278066046ff,Foodpanda,Food Delivery,Abdullah Khan,Unknown,4,2025-10-07 21:23:30,Good App 👍,good app 👍,0,3,10,1,0,0,1.0,0,1,0.4404,1,0,1,0.0,0,1,0,4.0,0.0
4e7dd82f-f12b-4847-bf95-fd098f611e5f,Foodpanda,Food Delivery,Muhammad Firdaus,Unknown,5,2025-10-08 00:27:09,"upgrade and develop performance, management,skills,software,service,knowledge ,information, technology and all facilities","upgrade and develop performance, management,skills,software,service,knowledge ,information, technology and all facilities",0,10,121,0,0,0,0.9,0,0,0.0,1,0,1,0.0,0,1,0,5.0,0.0
b0c202c8-915d-4fd6-b88c-31f4654aea64,Foodpanda,Food Delivery,Reginald Tariro Sabeta,Unknown,5,2025-10-08 00:54:41,great service,great service,0,2,13,0,0,0,1.0,0,0,0.6249,1,0,1,0.0,0,1,0,5.0,0.0
77dd58f8-4903-4916-bbae-919bab42a9e7,Foodpanda,Food Delivery,Gerald Balatinsayo,Unknown,5,2025-10-08 02:46:23,that great👍,that great👍,0,2,11,1,0,0,1.0,0,0,0.6249,1,0,1,0.0,0,1,0,5.0,0.0
c9580258-5342-4ff1-94b3-2ae8af7e31e8,Foodpanda,Food Delivery,Mary Rose,Unknown,2,2025-10-08 04:06:18,food delivery is discounted for subscriber but rider will complain that distance is far and will ask for a lot more additional fee.,food delivery is discounted for subscriber but rider will complain that distance is far and will ask for a lot more additional fee.,0,23,131,0,0,0,0.8695652173913043,1,0,-0.4854,1,0,1,0.0,0,1,0,2.0,0.0
9bc8d401-9868-43ba-9db2-fae05f7435eb,Foodpanda,Food Delivery,kamal baharin,Unknown,5,2025-10-08 05:41:11,Terbaik,terbaik,0,1,7,0,0,0,1.0,0,0,0.0,1,0,1,0.0,0,3,0,5.0,0.0
5c063eca-4d0a-4106-9336-2e57e8df1571,Foodpanda,Food Delivery,Jason B,Unknown,1,2025-10-08 05:50:07,paying for the apps for every order is super fraud and misleading.,paying for the apps for every order is super fraud and misleading.,0,12,66,0,0,0,0.9166666666666666,0,1,-0.3818,1,0,1,0.0,0,1,0,1.0,0.0
a8d60d1a-b9f2-44cb-b800-3fc375f5055a,Foodpanda,Food Delivery,Rhea Amor Abundo,Unknown,5,2025-10-08 06:06:44,Convenient,convenient,0,1,10,0,0,0,1.0,0,0,0.0,1,0,1,0.0,0,2,0,5.0,0.0
ff36d93d-e22e-4a87-9666-5c91f9f89247,Foodpanda,Food Delivery,Wong Li Han,Unknown,1,2025-10-08 06:36:51,"no way to cancel subscription and leeching my money all the years. Also no way to cancel your meal, drivers took the order and not delivering for an hour","no way to cancel subscription and leeching my money all the years. also no way to cancel your meal, drivers took the order and not delivering for an hour",0,29,153,0,0,0,0.7931034482758621,0,0,-0.7506,1,0,1,0.0,0,1,0,1.0,0.0
48344dde-9536-430f-97f9-f732e80f3398,Foodpanda,Food Delivery,A Google user,Unknown,1,2025-10-08 08:07:52,I'm 2. we👍7; zz,i'm 2. we👍7; zz,0,4,15,1,0,0,1.0,0,0,0.0,1,0,4,269499.0,0,1,0,2.25,1.8929694486000912
3684a1b3-9479-4398-aeb4-3ecf2e788c4f,Foodpanda,Food Delivery,Rabia Rahim,Unknown,1,2025-10-08 08:35:19,"this app sucks! Late deliveries , stale low quality food is a norm here","this app sucks! late deliveries , stale low quality food is a norm here",1,14,71,0,0,0,1.0,0,1,-0.5983,1,0,1,0.0,0,1,0,1.0,0.0
93c38327-ff94-4edf-a04b-c2534120c8af,Foodpanda,Food Delivery,Maria Afrin Asha,Unknown,5,2025-10-08 11:06:04,just loved,just loved,0,2,10,0,0,0,1.0,0,0,0.5994,1,0,1,0.0,0,1,0,5.0,0.0
f7070602-ac97-4cc2-9da5-d8ffa591977e,Foodpanda,Food Delivery,Chowdhury Irad Ahmed Siddiky,Unknown,1,2025-10-08 11:13:45,bad experience of getting charged by error of the app.,bad experience of getting charged by error of the app.,0,10,54,0,0,0,0.9,0,1,-0.7906,1,0,1,0.0,0,1,0,1.0,0.0
ebdcfd21-61ad-4506-89a2-231502319503,Foodpanda,Food Delivery,Anas Qureshi,Unknown,1,2025-10-08 11:18:47,Take too much time to deliver,take too much time to deliver,0,6,29,0,0,0,1.0,0,0,0.0,1,0,1,0.0,0,1,0,1.0,0.0
82e1d740-eaeb-4528-b71f-b153b744ab4b,Foodpanda,Food Delivery,Shakil Ahmed,Unknown,1,2025-10-08 12:12:56,3rd class app. UX behave like a sasrami. always push for pro. and if by mistake you tap charge payment instantly without any otp and code.,3rd class app. ux behave like a sasrami. always push for pro. and if by mistake you tap charge payment instantly without any otp and code.,0,26,138,0,0,1,0.9615384615384616,0,1,0.0258,1,0,1,0.0,0,1,0,1.0,0.0
440785e4-637f-4b27-9a9d-226ae25d0cf3,Foodpanda,Food Delivery,Samuele Leoncini,Unknown,1,2025-10-08 12:51:44,"Estimated delivery time is totally inaccurate. You get the time before placing the order, then the time changes many times until you receive the food cold, always around 30 minutes later than initially estimated. Deliveroo was way much better","estimated delivery time is totally inaccurate. you get the time before placing the order, then the time changes many times until you receive the food cold, always around 30 minutes later than initially estimated. deliveroo was way much better",0,39,242,0,0,0,0.8461538461538461,0,0,0.4404,1,0,1,0.0,0,1,0,1.0,0.0
033f4eed-05fd-401d-af36-cae7a373e56b,Foodpanda,Food Delivery,Ralph Sanchez,Unknown,1,2025-10-08 12:57:35,walang Jollibee sa foodpanda,walang jollibee sa foodpanda,0,4,28,0,0,0,1.0,0,0,0.0,1,0,1,0.0,0,1,0,1.0,0.0
152bef12-ddd3-41fd-93b0-72414bdbe243,Foodpanda,Food Delivery,Tiffany De Chavez,Unknown,1,2025-10-08 13:05:04,"Bad experience with this app… I always buy here, but just because I made one mistake, they didn’t return my refund. That’s too much—just because I made a mistake and cancel my order I can’t get a refund anymore.","bad experience with this app… i always buy here, but just because i made one mistake, they didn’t return my refund. that’s too much—just because i made a mistake and cancel my order i can’t get a refund anymore.",0,39,211,0,0,0,0.8205128205128205,0,1,-0.8735,1,0,1,0.0,0,1,0,1.0,0.0
2b8c786b-55f0-47e8-b8d8-3708ed365145,Foodpanda,Food Delivery,Abubakar Arain,Unknown,5,2025-10-08 13:16:55,Best Food App 😇,best food app 😇,0,4,15,1,0,0,1.0,0,1,0.802,1,0,1,0.0,0,1,0,5.0,0.0
5541d022-09d6-4295-979b-421bdc485470,Foodpanda,Food Delivery,Sadaqat Ali,Unknown,5,2025-10-08 13:23:02,nice 🙂,nice 🙂,0,2,6,1,0,0,1.0,0,0,0.6712,1,0,1,0.0,0,1,0,5.0,0.0
10921a35-e1b0-4ae4-b8cb-9e5d1b7b919e,Foodpanda,Food Delivery,Muhammad Shahid,Unknown,4,2025-10-08 13:47:50,very easy to order anything and for those who have night cravings like me🤭😊,very easy to order anything and for those who have night cravings like me🤭😊,0,14,75,2,0,0,1.0,0,0,0.9312,1,0,1,0.0,0,1,0,4.0,0.0
1617c448-4966-40bd-b81f-636214b39d5f,Foodpanda,Food Delivery,Ali Mehdi,Unknown,5,2025-10-08 13:52:12,nice app when this app comes first I think it's a scam but after i use this app i was shocked because of how giig it is,nice app when this app comes first i think it's a scam but after i use this app i was shocked because of how giig it is,0,27,119,0,0,0,0.8148148148148148,0,1,-0.5267,1,0,1,0.0,0,1,1,5.0,0.0
cc2a9ef1-3d3c-43bc-8caf-427879e4ea44,Foodpanda,Food Delivery,Muzzy Mcguire,Unknown,1,2025-10-08 14:59:18,"horrible delay,only give voucher to compensate. waited almost 2 hrs to get my meal.Worst customer service too","horrible delay,only give voucher to compensate. waited almost 2 hrs to get my meal.worst customer service too",0,17,109,0,0,0,0.9411764705882353,0,0,-0.5423,1,0,1,0.0,0,1,0,1.0,0.0
a2302783-0b93-409a-9ab4-d7a2036c75fe,Foodpanda,Food Delivery,Mehnaj Urmi,Unknown,2,2025-10-08 15:23:40,The Help Centre didn’t work properly. Please try to resolve this issue.,the help centre didn’t work properly. please try to resolve this issue.,1,12,71,0,0,0,1.0,0,0,0.765,1,0,1,0.0,0,1,1,2.0,0.0
a049f0d1-6033-4bfc-aad2-b16f0a2dc141,Foodpanda,Food Delivery,Khalid Marupu,Unknown,5,2025-10-08 15:25:25,satisfied my craving everytime 😘💘❤️,satisfied my craving everytime 😘💘❤️,0,5,35,2,0,0,1.0,0,0,0.8689,1,0,1,0.0,0,1,0,5.0,0.0
b2e919fb-d24f-44ee-9886-bd6eb91ca20c,Foodpanda,Food Delivery,Debajit Ghosh,Unknown,1,2025-10-08 15:33:54,"Horrible experience with thi app. order placed on 10:15 pm, couldn't prepare meai till 11:25 pm. no manual helpline. must avoid this app","horrible experience with thi app. order placed on 10:15 pm, couldn't prepare meai till 11:25 pm. no manual helpline. must avoid this app",0,23,136,0,0,0,1.0,0,1,-0.7845,1,0,1,0.0,0,1,0,1.0,0.0
b8cd2df9-80d5-4330-9749-f1db1caffa0a,Foodpanda,Food Delivery,Muhammad zaidan Zain,Unknown,1,2025-10-08 16:37:01,"Just ordered Happy meal from McDonald's and there was no Burger, and the nuggets were only 4 pcs, the chocolate drink was small as half, Awful","just ordered happy meal from mcdonald's and there was no burger, and the nuggets were only 4 pcs, the chocolate drink was small as half, awful",0,26,142,0,0,0,0.8846153846153846,0,1,-0.128,1,0,1,0.0,0,1,0,1.0,0.0
3eccb255-06e4-45f8-8dbf-9255ffe4e083,Foodpanda,Food Delivery,Ammad Khan,Unknown,5,2025-10-08 16:55:40,Best food delivery app in pakistan,best food delivery app in pakistan,0,6,34,0,0,0,1.0,0,1,0.6369,1,0,1,0.0,0,1,0,5.0,0.0
e5ea5782-c35b-418c-a0eb-59152aff036c,Foodpanda,Food Delivery,Angelyn Santan,Unknown,5,2025-10-08 17:08:58,Very fast delivery thank you....,very fast delivery thank you....,0,5,32,0,0,0,1.0,0,0,0.4144,1,0,1,0.0,0,1,0,5.0,0.0
7c0acfcc-d23e-4888-ac6e-4d09a7366073,Foodpanda,Food Delivery,Anika Navila,Unknown,1,2025-10-08 18:43:55,riders stealing food,riders stealing food,0,3,20,0,0,0,1.0,0,0,-0.5719,1,0,1,0.0,0,1,0,1.0,0.0
b8e61c5c-efb7-4e2e-bd1c-680738c05625,Foodpanda,Food Delivery,Dan D'costa,Unknown,1,2025-10-08 19:12:34,worst experience ever can't deliver any groceries in place like bandra,worst experience ever can't deliver any groceries in place like bandra,0,11,70,0,0,0,1.0,0,0,-0.3818,1,0,1,0.0,0,1,0,1.0,0.0
3772e193-795d-4816-91d0-e6d40a49511e,Foodpanda,Food Delivery,Babar Ijaz364,Unknown,3,2025-10-08 20:35:36,Good 👍😊,good 👍😊,0,2,7,2,0,0,1.0,0,0,0.836,1,0,1,0.0,0,2,0,3.0,0.0
acfcdf08-b907-47aa-9490-0cdc3f49169f,Foodpanda,Food Delivery,Shazz Alam,Unknown,5,2025-10-09 00:40:51,🎀💕😊❤️💯,🎀💕😊❤️💯,0,1,6,4,0,0,1.0,0,0,0.8834,1,0,1,0.0,0,1,0,5.0,0.0
4929ece4-b0ba-4c21-ba96-ba7529fab920,Foodpanda,Food Delivery,Dodskie Odnilag,Unknown,1,2025-10-09 02:19:32,delivery took longer because the store and the driver who picked up the order was about 7.3 kms away. not sure how the algo worked but this seems to be an issue,delivery took longer because the store and the driver who picked up the order was about 7.3 kms away. not sure how the algo worked but this seems to be an issue,1,32,160,0,0,0,0.90625,0,0,-0.1232,1,0,1,0.0,0,1,0,1.0,0.0
cccca213-3765-42ac-9a15-31fdd1a19384,Foodpanda,Food Delivery,Samantha Amber Villaflor,Unknown,5,2025-10-09 03:49:11,"this is soffer good app and Hindi kana mahihirapan or ma hassle if nagugutom ka , and fast delivery din sya 💞 what are u waiting for .. download this app na","this is soffer good app and hindi kana mahihirapan or ma hassle if nagugutom ka , and fast delivery din sya 💞 what are u waiting for .. download this app na",0,32,156,1,0,0,0.90625,1,1,0.802,1,0,1,0.0,0,1,0,5.0,0.0
2e87b79d-bf04-4dec-9b86-daa6741276b0,Foodpanda,Food Delivery,cecelia cecelia,Unknown,5,2025-10-09 04:22:42,"try to order my lunch using other apps but it says 'unable to deliver the food due to high demand' so I tried Foodpanda, it's accept my orders. thanks 👍🏻","try to order my lunch using other apps but it says 'unable to deliver the food due to high demand' so i tried foodpanda, it's accept my orders. thanks 👍🏻",1,30,153,2,0,0,0.9,0,1,0.7579,1,0,1,0.0,0,1,0,5.0,0.0
bdbe1426-739e-4606-8f24-793b1b3ba7de,Foodpanda,Food Delivery,Aileen Takahashi,Unknown,5,2025-10-09 04:42:02,Good service and fast. 😊,good service and fast. 😊,0,5,24,1,0,0,1.0,0,0,0.836,1,0,1,0.0,0,1,0,5.0,0.0
d94dc404-9f37-4d13-b879-27f0ccdaee9f,Foodpanda,Food Delivery,Pau Lo,Unknown,1,2025-10-09 05:00:01,basurang app ung mangement mga magnanakaw,basurang app ung mangement mga magnanakaw,0,6,41,0,0,0,1.0,0,1,0.0,1,0,1,0.0,0,1,0,1.0,0.0
118ed26d-37d1-4506-9c50-1387429a74e5,Foodpanda,Food Delivery,Mr Louisky,Unknown,3,2025-10-09 05:21:51,Please add support for themed launcher icon.,please add support for themed launcher icon.,0,7,44,0,0,0,1.0,0,0,0.6124,1,0,1,0.0,0,1,0,3.0,0.0
fc4f2db9-8aef-4cc9-a3ac-c1aa9b976747,Foodpanda,Food Delivery,Hassan Khan,Unknown,1,2025-10-09 06:36:48,food delivery has very poor customer support. there is no option to contact any help center. payment methods not work well,food delivery has very poor customer support. there is no option to contact any help center. payment methods not work well,1,21,122,0,0,0,1.0,0,0,-0.1885,1,0,1,0.0,0,1,0,1.0,0.0
cd0e456f-748a-48af-835b-c87ef29083b6,Foodpanda,Food Delivery,Ahmad shah J,Unknown,4,2025-10-09 06:41:44,pretty good,pretty good,0,2,11,0,0,0,1.0,0,0,0.7269,1,0,1,0.0,0,1,0,4.0,0.0
5fe77387-5979-48a9-ae48-02d718e6252e,Foodpanda,Food Delivery,Drey Quebrar,Unknown,1,2025-10-09 07:20:45,I downloaded this app to make my meal convenient and fast turns out this freakin app allows triple or double booking and I need to wait for hours,i downloaded this app to make my meal convenient and fast turns out this freakin app allows triple or double booking and i need to wait for hours,0,28,145,0,0,0,0.8214285714285714,1,1,0.0,1,0,1,0.0,0,1,0,1.0,0.0
9695f4f1-8cd9-48ce-96eb-6f06a32a686a,Foodpanda,Food Delivery,Roy Lemi,Unknown,1,2025-10-09 08:01:47,"It's a special day. I wanted to get food. This app failed, cannot process order error. Was ordering in the middle of the afternoon, not that busy. Epic fail. Uninstalling.","it's a special day. i wanted to get food. this app failed, cannot process order error. was ordering in the middle of the afternoon, not that busy. epic fail. uninstalling.",8,30,171,0,0,0,0.9666666666666667,1,1,-0.4295,1,0,1,0.0,0,1,0,1.0,0.0
7477cf00-d3d2-4932-bf1f-9b7bf20961bb,Foodpanda,Food Delivery,Faysal Islam,Unknown,5,2025-10-09 08:09:20,very good 😊,very good 😊,0,3,11,1,0,0,1.0,0,0,0.8581,1,0,1,0.0,0,1,0,5.0,0.0
453e2a25-27ab-41e1-9ccd-1aa909ca36ce,Foodpanda,Food Delivery,lorenz lintag,Unknown,1,2025-10-09 09:16:35,BULOK,bulok,0,1,5,0,0,1,1.0,0,0,0.0,1,0,1,0.0,0,1,0,1.0,0.0
e543c586-0f69-410e-b449-2d7cfda38399,Foodpanda,Food Delivery,Mahmuda Akter Shima,Unknown,1,2025-10-09 09:18:02,3rd class service.,3rd class service.,0,3,18,0,0,0,1.0,0,0,0.0,1,0,1,0.0,0,1,0,1.0,0.0
9d720fe9-f95c-47d4-98f3-97bde0e2f60b,Foodpanda,Food Delivery,Richard Lock,Unknown,5,2025-10-09 09:46:51,Love discount vouchers,love discount vouchers,0,3,22,0,0,0,1.0,1,0,0.6369,1,0,1,0.0,0,1,0,5.0,0.0
52487b0b-4f07-47f4-847b-d721362a1a34,Foodpanda,Food Delivery,Md Anisur Rahman Dip,Unknown,5,2025-10-09 11:14:58,worthy,worthy,0,1,6,0,0,0,1.0,0,0,0.4404,1,0,1,0.0,0,1,0,5.0,0.0
412d5ce9-9a39-4026-8704-25ad9c279f01,Foodpanda,Food Delivery,Bilal Khan,Unknown,1,2025-10-09 11:19:25,no agent number in case of need urgent food there is no sign of communication at the spot in Pakistan. food is always late woth awful explanation,no agent number in case of need urgent food there is no sign of communication at the spot in pakistan. food is always late woth awful explanation,0,27,145,0,0,0,0.8148148148148148,0,0,-0.7024,1,0,1,0.0,0,1,0,1.0,0.0
ab49f7fe-4e25-4ff6-a3a3-ec71a39044b2,Foodpanda,Food Delivery,Mary Grace Balogo,Unknown,1,2025-10-09 12:22:47,Bad service.,bad service.,0,2,12,0,0,0,1.0,0,0,-0.5423,1,0,1,0.0,0,1,0,1.0,0.0
d9ad786d-57d5-4c08-8d44-357b108881fa,Foodpanda,Food Delivery,Shahraiz khan,Unknown,1,2025-10-09 12:29:02,They are thieves. The app is bad and not user-friendly.,they are thieves. the app is bad and not user-friendly.,0,10,55,0,0,0,1.0,0,1,-0.7783,1,0,1,0.0,0,1,0,1.0,0.0
312f025b-e637-4e35-9ad0-b8b74aa1efa5,Foodpanda,Food Delivery,Iffi farhan,Unknown,1,2025-10-09 13:18:44,In the early days the app was so good but nowadays it was acting so weird and cannot process correctly.😔😔😔,in the early days the app was so good but nowadays it was acting so weird and cannot process correctly.😔😔😔,0,20,106,3,0,0,0.85,0,1,0.0196,1,0,1,0.0,0,1,0,1.0,0.0
fccf533c-54ae-4ab6-9e40-009ff4d136c4,Foodpanda,Food Delivery,Mamun Bin Rashed,Unknown,1,2025-10-09 13:51:48,good apos,good apos,0,2,9,0,0,0,1.0,0,0,0.4404,1,0,1,0.0,0,1,0,1.0,0.0
9fd65413-3f6d-45e5-bc0b-beff43fb8b1d,Foodpanda,Food Delivery,madilyn alimpulos,Unknown,5,2025-10-09 14:15:41,amazing🤩🤩🤩🤩🤩🤩🤩🤩🤩,amazing🤩🤩🤩🤩🤩🤩🤩🤩🤩,0,1,16,9,0,0,1.0,0,0,0.5859,1,0,1,0.0,0,1,0,5.0,0.0
f49ecb71-16ee-49e9-bc93-5f10d6542bd3,Foodpanda,Food Delivery,Vicky Jaiswal,Unknown,5,2025-10-09 14:19:44,best services,best services,0,2,13,0,0,0,1.0,0,0,0.6369,1,0,1,0.0,0,1,0,5.0,0.0
b76923e6-4d3f-4064-bfb7-8dd8341981fc,Foodpanda,Food Delivery,Joly Rani Mondal,Unknown,3,2025-10-09 14:23:29,not so bad or not so good medium ❤️,not so bad or not so good medium ❤️,0,9,35,0,0,0,0.7777777777777778,0,0,0.0099,1,0,1,0.0,0,1,0,3.0,0.0
82082485-7948-4f9b-bd06-af452b8a7c5c,Foodpanda,Food Delivery,yamani Velayuthan,Unknown,5,2025-10-09 14:57:06,Fast delivery and great customer service! The tracking system works perfectly and there’s a wide variety of restaurants to choose from.,fast delivery and great customer service! the tracking system works perfectly and there’s a wide variety of restaurants to choose from.,0,21,135,0,0,0,0.9523809523809523,0,0,0.8622,1,0,1,0.0,0,1,0,5.0,0.0
5395a9b3-f439-4c8a-928c-6d3f2e3c0331,Foodpanda,Food Delivery,Zahra Rubab,Unknown,5,2025-10-09 15:30:05,good😍,good😍,0,1,5,1,0,0,1.0,0,0,0.7096,1,0,1,0.0,0,1,0,5.0,0.0
26b5b82f-4d92-4351-b678-dbf1cfd0fae1,Foodpanda,Food Delivery,Joan Sim,Unknown,5,2025-10-09 15:34:05,this apps is convinced to give u order food and groceries from store and send to Ur door step,this apps is convinced to give u order food and groceries from store and send to ur door step,0,19,93,0,0,0,0.8947368421052632,0,1,0.4019,1,0,1,0.0,0,1,0,5.0,0.0
45d4aacb-71f9-47f1-8833-986dad874f60,Foodpanda,Food Delivery,Haider Ali,Unknown,5,2025-10-09 15:39:18,this is a very nice,this is a very nice,0,5,19,0,0,0,1.0,0,0,0.4754,1,0,1,0.0,0,1,0,5.0,0.0
1691c9c4-ec47-4a7d-a35e-d5ced2bbdf54,Foodpanda,Food Delivery,Aliza Naz,Unknown,1,2025-10-09 15:54:01,v bad they are fraud they always deduct money when i pay from jazzcash but my order doesn't get placed plus i never get money back they always scam people this way,v bad they are fraud they always deduct money when i pay from jazzcash but my order doesn't get placed plus i never get money back they always scam people this way,0,32,163,0,0,0,0.8125,0,0,-0.872,1,0,1,0.0,0,1,0,1.0,0.0
a28a48f9-df32-4013-a9cf-6d32e8269174,Foodpanda,Food Delivery,spankz,Unknown,1,2025-10-09 17:09:06,The resto is much nearer to my house and the rider has to deliver another customer far away first? That's just horrible.,the resto is much nearer to my house and the rider has to deliver another customer far away first? that's just horrible.,0,22,120,0,0,0,0.9090909090909091,0,0,-0.5423,1,0,1,0.0,0,1,0,1.0,0.0
bdd98afa-5df2-47dc-9c1e-21caa1dbeafa,Foodpanda,Food Delivery,Sakina Fatima,Unknown,2,2025-10-09 19:14:23,not working properly,not working properly,0,3,20,0,0,0,1.0,0,0,0.0,1,0,1,0.0,0,1,0,2.0,0.0
3719fb3c-252d-4ad6-a281-6e750670e1ec,Foodpanda,Food Delivery,Wahaj Farooq,Unknown,5,2025-10-09 19:14:55,very good service at affordable rate Everytime received fresh food within the time and the food is always tasty,very good service at affordable rate everytime received fresh food within the time and the food is always tasty,0,19,111,0,0,0,0.8947368421052632,0,0,0.6697,1,0,1,0.0,0,1,0,5.0,0.0
565d8e2a-5805-4726-aded-b4e4e5cf57b9,Foodpanda,Food Delivery,atiq khan,Unknown,1,2025-10-09 20:38:22,they didnt deliver on time when ever i used my vochers.,they didnt deliver on time when ever i used my vochers.,0,11,55,0,0,0,1.0,0,0,0.0,1,0,1,0.0,0,1,0,1.0,0.0
9c1f968d-511b-4000-9118-0ed677adffbd,Foodpanda,Food Delivery,AWAK,Unknown,1,2025-10-09 20:38:37,ITS GETTING REALLY REALLY DISAPPOINTING I MUST SAY VOUCHERS NOT WORK LAGS ALLOT NOW AND HELP CENTER IS JUST USELESS NOT HELPFUL AT ALL,its getting really really disappointing i must say vouchers not work lags allot now and help center is just useless not helpful at all,0,24,134,0,0,23,0.9166666666666666,0,1,-0.6241,1,0,1,0.0,0,1,0,1.0,0.0
dedb48fb-e10a-48c9-9fc3-5f3504f6b4b7,Foodpanda,Food Delivery,Malik Hamza,Unknown,5,2025-10-09 21:32:52,taste and delivery both good,taste and delivery both good,0,5,28,0,0,0,1.0,0,0,0.4404,1,0,1,0.0,0,1,0,5.0,0.0
dbc0ed59-0eac-4336-8a33-eb6148944df6,Foodpanda,Food Delivery,lordlouie asiatico,Unknown,1,2025-10-09 23:25:50,WALANG KWENTA MGA RIDER AT APP,walang kwenta mga rider at app,0,6,30,0,0,6,1.0,0,1,0.0,1,0,1,0.0,0,1,0,1.0,0.0
2f256022-a17e-4ba3-b418-9a1292138e79,Foodpanda,Food Delivery,Alvin Mirasol,Unknown,5,2025-10-10 00:11:22,so cool and good,so cool and good,0,4,16,0,0,0,1.0,0,0,0.6962,1,0,1,0.0,0,1,0,5.0,0.0
4790707c-7cc1-49e5-b5fd-4ed40071347e,Foodpanda,Food Delivery,Afiq Ikmal,Unknown,5,2025-10-10 01:19:23,"Fast delivery, friendly riders, and plenty of food options! Makes ordering meals super convenient.","fast delivery, friendly riders, and plenty of food options! makes ordering meals super convenient.",4,14,98,0,0,0,1.0,0,0,0.8122,1,0,1,0.0,0,1,0,5.0,0.0
f129b2e4-311f-45ae-bed8-be35c70a3a20,Foodpanda,Food Delivery,Hashir king,Unknown,5,2025-10-10 01:25:13,Food Panda Is The Good,food panda is the good,0,5,22,0,0,0,1.0,0,0,0.4404,1,0,1,0.0,0,1,0,5.0,0.0
de9c933b-790b-4090-880e-681aea6add3f,Foodpanda,Food Delivery,clement clement,Unknown,1,2025-10-10 03:25:38,"app is so bad, joining a group order makes my app unusuable if the group order closes. my expense code for corporate doesnt work or there is no option to select it at all. 🥲","app is so bad, joining a group order makes my app unusuable if the group order closes. my expense code for corporate doesnt work or there is no option to select it at all. 🥲",0,35,173,1,0,0,0.8571428571428571,0,1,-0.7712,1,0,1,0.0,0,1,0,1.0,0.0
7451c985-ba67-45f9-a463-d34542f4d08e,Foodpanda,Food Delivery,Fred Wil,Unknown,1,2025-10-10 03:31:04,bad experience,bad experience,0,2,14,0,0,0,1.0,0,0,-0.5423,1,0,1,0.0,0,1,0,1.0,0.0
3ae5304d-528b-4d53-a0f9-8d98e303cc30,Foodpanda,Food Delivery,Carlos jr Amahan,Unknown,1,2025-10-10 04:10:16,super lag cant open a message,super lag cant open a message,0,6,29,0,0,0,1.0,0,0,0.3612,1,0,1,0.0,0,1,0,1.0,0.0
3460a553-2526-447f-b766-1811894319ba,Foodpanda,Food Delivery,Nangkham Bwar,Unknown,5,2025-10-10 04:48:21,gooddd,gooddd,0,1,6,0,0,0,1.0,0,0,0.0,1,0,1,0.0,0,1,0,5.0,0.0
e168d307-7203-4f27-a812-f0aa4ab908e6,Foodpanda,Food Delivery,Alexa Tan,Unknown,1,2025-10-10 06:07:00,the vouchers can't apply,the vouchers can't apply,0,4,24,0,0,0,1.0,0,1,0.0,1,0,1,0.0,0,1,0,1.0,0.0
20c17491-c67b-4c78-8e0c-1dd476911bc6,Foodpanda,Food Delivery,Lasantha Manupriya,Unknown,5,2025-10-10 06:20:54,great app for odering meals,great app for odering meals,0,5,27,0,0,0,1.0,0,1,0.6249,1,0,1,0.0,0,1,0,5.0,0.0
6b05f223-a955-49d3-84ef-9f168c87cd88,Foodpanda,Food Delivery,Lucy Marie Capistrano,Unknown,1,2025-10-10 06:25:01,I Hate food panda 😭 DIDN'T ISSUE REFUND TO MY ORDER 😭😭 Will never use again,i hate food panda 😭 didn't issue refund to my order 😭😭 will never use again,0,16,75,3,0,6,1.0,0,0,-0.9186,1,0,1,0.0,0,1,0,1.0,0.0
15ae7bed-7e68-40cf-a71d-74305b2cac68,Foodpanda,Food Delivery,Amith Chowdhury,Unknown,4,2025-10-10 06:51:57,Good App,good app,0,2,8,0,0,0,1.0,0,1,0.4404,1,0,1,0.0,0,5,0,4.0,0.0
69a8c8ac-6f30-4a2c-9015-77de9ccc8f03,Foodpanda,Food Delivery,NURUL AIDA SHAHIRA BINTI SAKDUN,Unknown,5,2025-10-10 07:11:59,Fast delivery and easy to order food anytime.,fast delivery and easy to order food anytime.,1,8,45,0,0,0,1.0,0,0,0.4404,1,0,1,0.0,0,1,0,5.0,0.0
f9d820c8-8565-4bbb-9d90-12f494297632,Foodpanda,Food Delivery,suyee mon,Unknown,5,2025-10-10 07:19:06,excellent service,excellent service,0,2,17,0,0,0,1.0,0,0,0.5719,1,0,1,0.0,0,1,0,5.0,0.0
86c81ace-a2da-47f6-ab4b-c603ba0874b5,Foodpanda,Food Delivery,Jaira Sidchogan,Unknown,1,2025-10-10 07:34:13,I did not even order yet and you took away my voucher shame on you,i did not even order yet and you took away my voucher shame on you,0,15,66,0,0,0,0.9333333333333333,0,0,-0.4767,1,0,1,0.0,0,1,0,1.0,0.0
c473c670-6402-4c35-8c7b-9b4ebfa91b75,Foodpanda,Food Delivery,Y C,Unknown,1,2025-10-10 08:14:29,"why is the customer service chat gone? also I noticed that delivery fees are inflated after getting panda pro, isn't this misleading consumers?","why is the customer service chat gone? also i noticed that delivery fees are inflated after getting panda pro, isn't this misleading consumers?",1,23,143,0,0,0,1.0,0,0,0.4465,1,0,1,0.0,0,1,0,1.0,0.0
fd90996d-cd93-4392-b1d7-7431f92bc941,Foodpanda,Food Delivery,Fizza K,Unknown,1,2025-10-10 09:07:16,"their services are becoming pathetic day by day. they don't deliver complete orders or there are many issues with almost every order. Their customer support is pathetic, they don't even listen to the issue and close the complaints. very bad!","their services are becoming pathetic day by day. they don't deliver complete orders or there are many issues with almost every order. their customer support is pathetic, they don't even listen to the issue and close the complaints. very bad!",4,40,241,0,0,0,0.875,0,0,-0.9097,1,0,1,0.0,0,1,0,1.0,0.0
9ddab50b-45be-42c7-95d0-cecbaf850fd5,Foodpanda,Food Delivery,Habion Habiun,Unknown,5,2025-10-10 09:50:25,the winner takes it all,the winner takes it all,0,5,23,0,0,0,1.0,0,0,0.5859,1,0,1,0.0,0,1,0,5.0,0.0
e9414d9d-1d90-4901-be92-0951134f6b62,Foodpanda,Food Delivery,Fariha Ferdousi,Unknown,1,2025-10-10 11:21:44,ordered food. paid full in bkash. rider marked delivered and took the food. contacted support. they said they can do nothing. riders and company both are now stealing from customers,ordered food. paid full in bkash. rider marked delivered and took the food. contacted support. they said they can do nothing. riders and company both are now stealing from customers,0,30,181,0,0,0,0.9,0,0,-0.25,1,0,1,0.0,0,1,0,1.0,0.0
6a295bdb-fab1-4e97-9cf8-3c829be239d0,Foodpanda,Food Delivery,Carlos Benjamin Carandang,Unknown,1,2025-10-10 11:21:55,"too overpriced delivery rates.... Plus, 1 order charges. Very unreasonable rates.","too overpriced delivery rates.... plus, 1 order charges. very unreasonable rates.",1,11,81,0,0,0,1.0,0,0,-0.2732,1,0,1,0.0,0,1,0,1.0,0.0
91e0e91b-d690-4fc0-bf44-55761c4a32da,Foodpanda,Food Delivery,melissa bautista,Unknown,1,2025-10-10 11:56:25,2 hrs waiting time just to have your order deliver via app,2 hrs waiting time just to have your order deliver via app,0,12,58,0,0,0,1.0,0,1,0.0,1,0,1,0.0,0,1,0,1.0,0.0
b26dc550-18f1-4075-920b-89346ef07277,Foodpanda,Food Delivery,Mark Gian Bandojo,Unknown,1,2025-10-10 12:21:40,tagal nga order,tagal nga order,0,3,15,0,0,0,1.0,0,0,0.0,1,0,1,0.0,0,1,0,1.0,0.0
5eb30e6e-1b42-46a4-9c81-dffe17d12417,Foodpanda,Food Delivery,bernie cepillo,Unknown,5,2025-10-10 12:44:13,nice one,nice one,0,2,8,0,0,0,1.0,0,0,0.4215,1,0,1,0.0,0,2,0,5.0,0.0
7d80c9e0-b7ce-4b49-883c-47e10c866b1c,Foodpanda,Food Delivery,Rana Rana,Unknown,5,2025-10-10 12:56:20,very good 👍,very good 👍,0,3,11,1,0,0,1.0,0,0,0.4927,1,0,1,0.0,0,1,0,5.0,0.0
90465e50-b63d-41b7-8251-f059dad5a917,Foodpanda,Food Delivery,fawad ali,Unknown,5,2025-10-10 13:18:24,good service and lots of discounts,good service and lots of discounts,0,6,34,0,0,0,1.0,1,0,0.4404,1,0,1,0.0,0,1,0,5.0,0.0
aaae585d-4b09-45bc-8873-bcbd12c5b18f,Foodpanda,Food Delivery,JVC Amputi Layag,Unknown,1,2025-10-10 13:19:40,"I ordere and meet the minimum spend for 40% discount but when i check out suddenly back to normal price and voucher didn't apply. The order can't cancel, anyway i payed my order. 👎🏼👎🏼","i ordere and meet the minimum spend for 40% discount but when i check out suddenly back to normal price and voucher didn't apply. the order can't cancel, anyway i payed my order. 👎🏼👎🏼",0,34,183,4,0,0,0.8823529411764706,1,1,0.2755,1,0,1,0.0,0,1,0,1.0,0.0
2397daf7-e1a7-41ed-80fb-dd22389b6892,Foodpanda,Food Delivery,AbdulRaffay Ansari Ansari,Unknown,5,2025-10-10 13:26:50,nice 👍🏿,nice 👍🏿,0,2,7,2,0,0,1.0,0,0,0.4215,1,0,1,0.0,0,1,0,5.0,0.0
7ae35148-e995-441e-a605-2d1e00db0ed8,Foodpanda,Food Delivery,Christopher Ibasan,Unknown,1,2025-10-10 13:27:33,Bad Customer service,bad customer service,0,3,20,0,0,0,1.0,0,0,-0.5423,1,0,1,0.0,0,1,0,1.0,0.0
f3d779c5-67f1-42c3-83e4-33e1a51d3aef,Foodpanda,Food Delivery,Liezel De Castro Gacia,Unknown,5,2025-10-10 13:38:17,very helpful,very helpful,0,2,12,0,0,0,1.0,0,0,0.4754,1,0,1,0.0,0,3,0,5.0,0.0
d0b72d7e-6998-4acd-8f6b-0eba89788b8c,Foodpanda,Food Delivery,khai Rul,Unknown,1,2025-10-10 13:51:49,very slow service,very slow service,0,3,17,0,0,0,1.0,0,0,0.0,1,0,1,0.0,0,1,0,1.0,0.0
e13853d8-9ff7-4ac3-b66a-cbce99b6d9e0,Foodpanda,Food Delivery,M shuraim M shuraim,Unknown,2,2025-10-10 14:40:32,THE Bad things is the quantity of the food is not provided to the customers and also we cannot ask about the food at this platform.kindly add chat option with shopkeeper not with rider.,the bad things is the quantity of the food is not provided to the customers and also we cannot ask about the food at this platform.kindly add chat option with shopkeeper not with rider.,0,34,185,0,0,1,0.7647058823529411,0,0,-0.5423,1,0,1,0.0,0,1,0,2.0,0.0
6b482cd5-b106-4f40-a635-386d05c89d5e,Foodpanda,Food Delivery,Cindy Tan,Unknown,1,2025-10-10 14:55:37,Get more drivers or get lost🤡,get more drivers or get lost🤡,0,6,29,1,0,0,0.8333333333333334,0,0,-0.3182,1,0,1,0.0,0,1,0,1.0,0.0
84002fbd-7765-41c3-a6fc-8f152ac539d8,Foodpanda,Food Delivery,Jian Xuan,Unknown,1,2025-10-10 15:29:32,did not give back my refund,did not give back my refund,0,6,27,0,0,0,1.0,0,0,0.0,1,0,1,0.0,0,1,0,1.0,0.0
ea223062-9263-4746-88a9-9d677a2624f4,Foodpanda,Food Delivery,MD Tayem Molla,Unknown,1,2025-10-10 16:06:38,bad no.loging.,bad no.loging.,0,2,14,0,0,0,1.0,0,0,-0.5423,1,0,1,0.0,0,1,0,1.0,0.0
148ab4dd-dca5-4bcd-95a3-df5c5c439efc,Foodpanda,Food Delivery,Alif Abdullah,Unknown,5,2025-10-10 18:44:28,very bad,very bad,0,2,8,0,0,0,1.0,0,0,-0.5849,1,0,1,0.0,0,2,1,5.0,0.0
eb584589-3cf3-496b-8d96-a99b1f7aa4c9,Foodpanda,Food Delivery,Gerardine Palad,Unknown,5,2025-10-10 23:06:54,Very convenient,very convenient,0,2,15,0,0,0,1.0,0,0,0.0,1,0,1,0.0,0,2,0,5.0,0.0
73c92d27-578e-4925-b993-8b1518be1960,Foodpanda,Food Delivery,Ayub Ayub,Unknown,5,2025-10-11 00:13:58,look osam,look osam,0,2,9,0,0,0,1.0,0,0,0.0,1,0,1,0.0,0,1,0,5.0,0.0
13ebc483-10d8-46e1-9fa6-b5d449be8e00,Foodpanda,Food Delivery,S.A Gaming S.A Gaming,Unknown,5,2025-10-11 01:18:21,this app is very helpful for all purposes I really like it,this app is very helpful for all purposes i really like it,0,12,58,0,0,0,1.0,0,1,0.7083,1,0,1,0.0,0,1,0,5.0,0.0
37900a35-4a23-4808-af90-f67f1f041db7,Foodpanda,Food Delivery,Lyon Enterprises,Unknown,5,2025-10-11 01:29:53,"Foodpanda is a convenient and reliable food delivery app. It offers a wide range of restaurants, fast delivery, and easy payment options, making ordering food simple and enjoyable.","foodpanda is a convenient and reliable food delivery app. it offers a wide range of restaurants, fast delivery, and easy payment options, making ordering food simple and enjoyable.",4,28,180,0,0,0,0.8571428571428571,1,1,0.7003,1,0,1,0.0,0,1,0,5.0,0.0
98871de7-061f-4052-aae1-ae6ff5da26ee,Foodpanda,Food Delivery,Sheena Imee Ducos,Unknown,4,2025-10-11 04:51:08,the app claims contactless delivery or delivered to your door but the delivery guy says they cannot enter apartment buildings. 🤷🏼‍♀️ what's the point of contactless delivery if it is not being done as promised.,the app claims contactless delivery or delivered to your door but the delivery guy says they cannot enter apartment buildings. 🤷🏼‍♀️ what's the point of contactless delivery if it is not being done as promised.,0,35,210,2,0,0,0.8571428571428571,0,1,0.5023,1,0,1,0.0,0,1,0,4.0,0.0
c86b3d0c-c34a-4153-9d62-ae12e5f6fe45,Foodpanda,Food Delivery,Ma. Liza Jean Torreon,Unknown,5,2025-10-11 05:44:32,keep up the good work,keep up the good work,0,5,21,0,0,0,1.0,0,0,0.4404,1,0,1,0.0,0,1,0,5.0,0.0
655e4b79-dbbd-42d6-a472-5d8ceba3def8,Foodpanda,Food Delivery,Rizael Albis,Unknown,5,2025-10-11 06:15:43,nice po,nice po,0,2,7,0,0,0,1.0,0,0,-0.2023,1,0,1,0.0,0,1,0,5.0,0.0
79fb42ad-6c05-4e53-bcea-80cdfd6a3cd5,Foodpanda,Food Delivery,Umme Apnan,Unknown,5,2025-10-11 07:18:54,Very good,very good,0,2,9,0,0,0,1.0,0,0,0.4927,1,0,1,0.0,0,4,0,5.0,0.0
2e9fff8e-d94d-47ce-9847-533762d5457c,Foodpanda,Food Delivery,Mas Milah,Unknown,5,2025-10-11 07:47:01,Foodpanda app very useful to order food and groceries..just choose click confirm and pay..very easy.love it❤❤👍👍,foodpanda app very useful to order food and groceries..just choose click confirm and pay..very easy.love it❤❤👍👍,1,16,111,2,0,0,0.9375,0,1,0.9117,1,0,1,0.0,0,1,0,5.0,0.0
356410f1-3ff7-4cee-bf32-42d01082cbd0,Foodpanda,Food Delivery,Rolando Reyes,Unknown,5,2025-10-11 08:45:13,Easy to Use!...Very Reliable!..🥰👍💯,easy to use!...very reliable!..🥰👍💯,0,4,34,3,0,0,1.0,0,0,0.8953,1,0,1,0.0,0,1,0,5.0,0.0
acf8b94e-44b0-4925-b598-5e080ba7dab5,Foodpanda,Food Delivery,Ck Gill,Unknown,5,2025-10-11 08:49:02,I will order any time any where it's awesome,i will order any time any where it's awesome,0,9,44,0,0,0,0.8888888888888888,0,0,0.6249,1,0,1,0.0,0,1,0,5.0,0.0
41f2b885-b83e-42d4-99df-6a15adb69f74,Foodpanda,Food Delivery,Abang Besar,Unknown,2,2025-10-11 09:00:24,harga makanan mahal,harga makanan mahal,0,3,19,0,0,0,1.0,0,0,0.0,1,0,1,0.0,0,1,0,2.0,0.0
9cec96e9-3a1c-46c4-b6ce-a126722503d2,Foodpanda,Food Delivery,Umair Rasool Azmi,Unknown,2,2025-10-11 09:35:34,30 to 50% over charging plus delivery charges. where the hell you got that business model. better to move towards local food deliveries.,30 to 50% over charging plus delivery charges. where the hell you got that business model. better to move towards local food deliveries.,0,23,136,0,0,0,0.9565217391304348,0,0,-0.5859,1,0,1,0.0,0,1,0,2.0,0.0
fe5cc849-2aea-456b-a75d-d613a64b1df5,Foodpanda,Food Delivery,Naila Ahmed,Unknown,5,2025-10-11 10:21:48,good 👍😊,good 👍😊,0,2,7,2,0,0,1.0,0,0,0.836,1,0,1,0.0,0,2,0,5.0,0.0
bcbb23a0-dd6a-4aa0-b012-1dc06f682041,Foodpanda,Food Delivery,Khawaja M Asif,Unknown,5,2025-10-11 11:04:45,Good service 👍,good service 👍,0,3,14,1,0,0,1.0,0,0,0.4404,1,0,1,0.0,0,2,0,5.0,0.0
1120d1ef-8679-4330-ab1e-e455d371f6e6,Foodpanda,Food Delivery,EDX Army69,Unknown,5,2025-10-11 11:15:41,THE BEST APP I HAVE BEEN ORDERING FOR MORE THAN 1 YEAR ANDTHE BEST EXPERIENCE,the best app i have been ordering for more than 1 year andthe best experience,0,15,77,0,0,13,0.9333333333333333,0,1,0.8555,1,0,1,0.0,0,1,0,5.0,0.0
7687434b-170f-4e5c-a786-7b3c2ec8e51a,Foodpanda,Food Delivery,Gerald Timbal,Unknown,5,2025-10-11 12:14:20,fast and reliable!!!,fast and reliable!!!,0,3,20,0,0,0,1.0,0,0,0.0,1,0,1,0.0,0,1,0,5.0,0.0
cabc2fe3-57da-46ed-bcb0-ce9adea7241a,Foodpanda,Food Delivery,CATACUTAN Angeline,Unknown,5,2025-10-11 13:32:44,goods apps,goods apps,0,2,10,0,0,0,1.0,0,1,0.0,1,0,1,0.0,0,1,0,5.0,0.0
dd48faef-c4af-4a3d-8945-7e3e85816d98,Foodpanda,Food Delivery,RA KIB,Unknown,5,2025-10-11 14:26:14,very good apps for food delivery ever,very good apps for food delivery ever,0,7,37,0,0,0,1.0,0,1,0.4927,1,0,1,0.0,0,1,0,5.0,0.0
5cabaf35-6a86-4468-ac5b-88c4a17e20e8,Foodpanda,Food Delivery,Shalu Rajpoot,Unknown,3,2025-10-11 18:29:06,Foodpanda is too expensive 🫰,foodpanda is too expensive 🫰,0,5,28,1,0,0,1.0,0,0,0.0,1,0,1,0.0,0,1,0,3.0,0.0
81dc364a-dfb0-442c-9ab7-4955077a7aef,Foodpanda,Food Delivery,Ahmed Morsy,Unknown,5,2025-10-11 18:33:58,Great value and the pro is totally worth it for those who order food frequently,great value and the pro is totally worth it for those who order food frequently,0,15,79,0,0,0,1.0,0,0,0.8268,1,0,1,0.0,0,1,0,5.0,0.0
7d9ad8b9-20dc-4d96-8d36-4cd5b0dd1bab,Foodpanda,Food Delivery,Farhan Bakhsh,Unknown,5,2025-10-11 19:48:44,foodpanda is good,foodpanda is good,0,3,17,0,0,0,1.0,0,0,0.4404,1,0,1,0.0,0,1,0,5.0,0.0
a7e7d3d3-80c7-45d7-b55a-0abc758939cf,Foodpanda,Food Delivery,FAHAD RANA,Unknown,5,2025-10-11 20:24:55,awesome service always preferred through food panda,awesome service always preferred through food panda,0,7,51,0,0,0,1.0,0,0,0.6249,1,0,1,0.0,0,1,0,5.0,0.0
6e7f8218-b730-474f-abdd-765706356b1e,Foodpanda,Food Delivery,July Lotus,Unknown,5,2025-10-11 23:49:59,So many variety of vouchers to choose from! 🥳,so many variety of vouchers to choose from! 🥳,2,9,45,1,0,0,1.0,0,0,0.4389,1,0,1,0.0,0,1,0,5.0,0.0
3960eb8f-e915-4e58-a921-02ba93da272b,Foodpanda,Food Delivery,Lawrence Dela cruz,Unknown,5,2025-10-12 02:23:07,very satisfied,very satisfied,0,2,14,0,0,0,1.0,0,0,0.4754,1,0,1,0.0,0,1,0,5.0,0.0
fc71101c-b45a-436a-8b93-5a53829c59ae,Foodpanda,Food Delivery,Irfan Faiz,Unknown,1,2025-10-12 04:23:16,"New feture on, when on location vendors cataguries & products l not seen 😁😜👀 Many products are unavailable at foodpanda, I hate if trouble to perchase, if not available /available filter please I dishart form application","new feture on, when on location vendors cataguries & products l not seen 😁😜👀 many products are unavailable at foodpanda, i hate if trouble to perchase, if not available /available filter please i dishart form application",2,36,220,3,0,0,0.8888888888888888,0,1,0.2263,1,0,1,0.0,0,1,0,1.0,0.0
e388b90e-6566-4998-a842-f19a5be2f48e,Foodpanda,Food Delivery,Shimitsu Kimiko,Unknown,3,2025-10-12 04:48:01,"It's always ""Sorry we can't process your order, Please try again"" I hate it please fix it!","it's always ""sorry we can't process your order, please try again"" i hate it please fix it!",0,17,90,0,0,0,0.9411764705882353,0,0,-0.1759,1,0,1,0.0,0,1,0,3.0,0.0
044c8200-7205-4172-82fd-04e577512ce2,Foodpanda,Food Delivery,Aline L,Unknown,1,2025-10-12 05:21:44,support is useless,support is useless,0,3,18,0,0,0,1.0,0,0,-0.0258,1,0,1,0.0,0,1,0,1.0,0.0
27a35b5c-1124-4da5-8c59-a75fda6e47bd,Foodpanda,Food Delivery,Masir Jakaria,Unknown,5,2025-10-12 05:43:18,terbaik,terbaik,0,1,7,0,0,0,1.0,0,0,0.0,1,0,1,0.0,0,3,0,5.0,0.0
b9732f22-99bb-4f94-bb4d-48fce1bfcf43,Foodpanda,Food Delivery,Julio Sunga,Unknown,1,2025-10-12 06:24:16,"Allows riders to take more than 2 orders at a time. by the time you receive your order, it's cold.","allows riders to take more than 2 orders at a time. by the time you receive your order, it's cold.",0,20,98,0,0,0,1.0,0,0,0.0,1,0,1,0.0,0,1,0,1.0,0.0
d8fde368-546b-4230-a981-14366379541f,Foodpanda,Food Delivery,Alexis Rey Delapa,Unknown,5,2025-10-12 06:37:48,"goodsss, easy to order and many vouncher","goodsss, easy to order and many vouncher",0,7,40,0,0,0,1.0,0,0,0.4404,1,0,1,0.0,0,1,0,5.0,0.0
c721be5e-0acf-4779-bc5e-e79249d0a899,Foodpanda,Food Delivery,Anoop Bakhtani,Unknown,1,2025-10-12 07:00:49,"I have nothing against the app, but your delivery time is horrendous..been waiting for almost 1.30 hrs for ly delivery","i have nothing against the app, but your delivery time is horrendous..been waiting for almost 1.30 hrs for ly delivery",1,20,118,0,0,0,0.9,0,1,0.7096,1,0,1,0.0,0,1,1,1.0,0.0
3350b861-7bc9-4e4d-9041-8796b9b4a0bd,Foodpanda,Food Delivery,Waseem Arain,Unknown,1,2025-10-12 07:27:58,bed service in panda mart Gulshan e maymar 10 odar cancel karny k bad eak aata hai very bad,bed service in panda mart gulshan e maymar 10 odar cancel karny k bad eak aata hai very bad,1,19,91,0,0,0,0.9473684210526315,0,1,-0.8516,1,0,1,0.0,0,1,0,1.0,0.0
bafaf439-f8e9-4c28-9956-5474483df6dd,Foodpanda,Food Delivery,Partha Paul,Unknown,5,2025-10-12 08:08:14,A great app,a great app,0,3,11,0,0,0,1.0,0,1,0.6249,1,0,1,0.0,0,1,0,5.0,0.0
f8046e52-71e4-4a0e-997a-41e2a3caf90b,Foodpanda,Food Delivery,Shaikh Gudda,Unknown,5,2025-10-12 08:34:50,always used Foodpanda.. fantastic job,always used foodpanda.. fantastic job,0,5,37,0,0,0,1.0,0,0,0.5574,1,0,1,0.0,0,1,0,5.0,0.0
9aeca53d-5fd0-45ee-99d4-2ad5585780ea,Foodpanda,Food Delivery,Hamidon Jaafar,Unknown,5,2025-10-12 09:15:34,Easy to use the apps,easy to use the apps,0,5,20,0,0,0,1.0,0,1,0.4404,1,0,1,0.0,0,1,0,5.0,0.0
cd6759f6-f527-4a7f-af03-8d5287469ff1,Foodpanda,Food Delivery,アビバジェイク,Unknown,1,2025-10-12 10:00:05,"I was planning to install, lats Lang reading ng mga comments, kalaban mo ang system. Wag na lang install.","i was planning to install, lats lang reading ng mga comments, kalaban mo ang system. wag na lang install.",0,19,105,0,0,0,0.9473684210526315,1,0,-0.0516,1,0,1,0.0,0,1,0,1.0,0.0
342848e4-ec37-4ac5-b16b-9ac800fd2f11,Foodpanda,Food Delivery,Rani Khan,Unknown,5,2025-10-12 11:06:34,it's useful when I am hungry only this help me 😑😊,it's useful when i am hungry only this help me 😑😊,0,11,49,2,0,0,1.0,0,0,0.9006,1,0,1,0.0,0,1,0,5.0,0.0
71021888-2e7c-480e-8542-534d124b4e96,Foodpanda,Food Delivery,Saba Romail,Unknown,5,2025-10-12 12:09:00,I like this app and good work I really like it easy to use,i like this app and good work i really like it easy to use,0,14,58,0,0,0,0.8571428571428571,0,1,0.8849,1,0,1,0.0,0,1,0,5.0,0.0
02855c48-be72-4388-96c4-158e77823289,Foodpanda,Food Delivery,Elizabeth Low,Unknown,1,2025-10-12 12:57:51,Had repeated bad experiences with the app wherein the drivers kept placing my order at the wrong locations but customer service refused to remedy it.,had repeated bad experiences with the app wherein the drivers kept placing my order at the wrong locations but customer service refused to remedy it.,0,25,149,0,0,0,0.92,0,1,-0.7269,1,0,1,0.0,0,1,0,1.0,0.0
77e04f90-c594-41a4-9ebf-9384dcf858a1,Foodpanda,Food Delivery,Rowena Aquino,Unknown,1,2025-10-12 12:59:26,Almost 3 weeks already and I haven't received my refund yet.,almost 3 weeks already and i haven't received my refund yet.,1,11,60,0,0,0,1.0,0,0,0.0,1,0,1,0.0,0,1,0,1.0,0.0
0013cc0d-a601-4f87-97c7-b5ba1276601a,Foodpanda,Food Delivery,Trisha Carson Lischka,Unknown,5,2025-10-12 13:42:43,please add a paymaya option to the cashless payment 🙏,please add a paymaya option to the cashless payment 🙏,0,10,53,1,0,0,1.0,0,0,0.3182,1,0,1,0.0,0,1,0,5.0,0.0
955ed40d-be3a-4242-82f9-b43efa20083d,Foodpanda,Food Delivery,Ruhul Amin Tusar,Unknown,1,2025-10-12 14:25:32,"Worst experience, Ordered 1.5 hours ago and still no rider pick the food.","worst experience, ordered 1.5 hours ago and still no rider pick the food.",0,13,73,0,0,0,1.0,0,0,-0.743,1,0,1,0.0,0,1,0,1.0,0.0
7cd5cd04-0e2c-442d-88d6-90f605eee77a,Foodpanda,Food Delivery,Billal Hossain,Unknown,4,2025-10-12 14:52:24,"Good but I think they need to make more campaigns, offers to attract customers. App user experience smooth enough.","good but i think they need to make more campaigns, offers to attract customers. app user experience smooth enough.",1,19,114,0,0,0,0.9473684210526315,1,1,0.6369,1,0,1,0.0,0,1,0,4.0,0.0
0188b7cf-0180-447d-8606-229eaf371ead,Foodpanda,Food Delivery,Siam Islam,Unknown,1,2025-10-12 15:15:41,De lara Chini sara😂😂😂,de lara chini sara😂😂😂,0,4,21,3,0,0,1.0,0,0,0.8271,1,0,1,0.0,0,1,1,1.0,0.0
5e7302a0-c1bc-4f8c-a0e3-d0054a680ef4,Foodpanda,Food Delivery,Iskalaba Junyor,Unknown,1,2025-10-12 15:33:24,1STAR ISANG DAHILAN LANG... NAPAKATAGAL... ISANG BUCKET LANG INORDER KO MAG IISANG ORAS NA WALA PA.. 😎,1star isang dahilan lang... napakatagal... isang bucket lang inorder ko mag iisang oras na wala pa.. 😎,0,17,102,1,0,16,0.9411764705882353,0,0,0.4588,1,0,1,0.0,0,1,0,1.0,0.0
8e50d32d-0a4c-4fb9-a517-ec36c456761d,Foodpanda,Food Delivery,Sajid Gujjer,Unknown,5,2025-10-12 16:00:32,good exp,good exp,0,2,8,0,0,0,1.0,0,0,0.4404,1,0,1,0.0,0,1,0,5.0,0.0
86cf4c57-f068-45cf-b11e-0dfde7c19c36,Foodpanda,Food Delivery,Bashir Ahmed,Unknown,5,2025-10-12 16:10:18,"a great app to order and such its easy to find deals and apply vouchers which i can't get otherwise,","a great app to order and such its easy to find deals and apply vouchers which i can't get otherwise,",3,20,100,0,0,0,0.9,1,1,0.7906,1,0,1,0.0,0,1,0,5.0,0.0
68dd1c04-61be-412b-b364-e09c045c7d82,Foodpanda,Food Delivery,Firas Ukasyah,Unknown,1,2025-10-12 17:35:35,palat refund lambat kalau order kene cancel,palat refund lambat kalau order kene cancel,0,7,43,0,0,0,1.0,0,0,-0.25,1,0,1,0.0,0,1,0,1.0,0.0
519d00ca-3650-4f1a-84ca-6dc5a01b7e73,Foodpanda,Food Delivery,thilagavathi sivakumaran,Unknown,1,2025-10-12 17:40:46,don't have rider why food panda is still on better shut down,don't have rider why food panda is still on better shut down,0,12,60,0,0,0,1.0,0,0,0.4404,1,0,1,0.0,0,1,0,1.0,0.0
3a8fe3af-9c50-49d1-92c5-d433e100fb1e,Foodpanda,Food Delivery,Aman Malik,Unknown,1,2025-10-12 17:54:59,otp no send 👎👎👎,otp no send 👎👎👎,0,4,15,3,0,0,1.0,0,0,-0.296,1,0,1,0.0,0,1,0,1.0,0.0
76712de9-821b-48cb-8736-50f68e26f1ac,Foodpanda,Food Delivery,Cooking Shooking,Unknown,1,2025-10-12 20:09:22,Uninstalling it.. I had a bad experience with it no vouchers could applied and alot of time was taken in acount processing. Wastage of time,uninstalling it.. i had a bad experience with it no vouchers could applied and alot of time was taken in acount processing. wastage of time,0,25,139,0,0,0,0.92,1,1,-0.6908,1,0,1,0.0,0,1,0,1.0,0.0
af60e625-e6cd-42a9-8d3b-65ef4b5acc27,Foodpanda,Food Delivery,Mery Gane Estrada D.,Unknown,1,2025-10-12 20:12:46,"The delivery fees are excessive, I'm disappointed that I have to pay both a delivery fee and a separate service charge, in addition to a minimum order surcharge if the total is under 250php. This pricing structure makes ordering uneconomical.","the delivery fees are excessive, i'm disappointed that i have to pay both a delivery fee and a separate service charge, in addition to a minimum order surcharge if the total is under 250php. this pricing structure makes ordering uneconomical.",1,40,242,0,0,0,0.875,0,1,-0.5423,1,0,1,0.0,0,1,0,1.0,0.0
ef46f309-8547-40f9-a64c-c5ed7270d596,Foodpanda,Food Delivery,Moiz Hussain,Unknown,2,2025-10-12 21:15:40,There is no order cancellation option and also not able to contact agent.,there is no order cancellation option and also not able to contact agent.,0,13,73,0,0,0,1.0,0,0,-0.296,1,0,1,0.0,0,1,0,2.0,0.0
4440b813-30ae-434e-80c1-22f7f1a22e59,Foodpanda,Food Delivery,Ibra Umer,Unknown,5,2025-10-12 22:11:35,Your UI is inspiring and dead ahh gorgeous. I'm in love with it and everyone who worked developing it. ❤️,your ui is inspiring and dead ahh gorgeous. i'm in love with it and everyone who worked developing it. ❤️,2,20,105,0,0,1,0.95,0,0,0.7717,1,0,1,0.0,0,1,0,5.0,0.0
8488c8ff-ddb7-4251-a8eb-33c08237dea7,Foodpanda,Food Delivery,JL Ignacio,Unknown,1,2025-10-12 22:35:41,A rider and his girlfriend harassed me over the phone only to find out that they are calling the wrong customer. Food Panda did not do anything about it.,a rider and his girlfriend harassed me over the phone only to find out that they are calling the wrong customer. food panda did not do anything about it.,13,29,153,0,0,0,0.9655172413793104,0,0,-0.765,1,0,1,0.0,0,1,0,1.0,0.0
e1553d30-d690-4cd4-8657-dacdddf36242,Foodpanda,Food Delivery,Hassan King,Unknown,1,2025-10-12 22:53:48,very bad experience I order 2am from Punjab taste and now time is 3 53am my order is not receive,very bad experience i order 2am from punjab taste and now time is 3 53am my order is not receive,0,20,96,0,0,0,0.9,0,0,-0.5849,1,0,1,0.0,0,1,0,1.0,0.0
36d376cc-e2fa-45af-9282-dba523f16011,Foodpanda,Food Delivery,BoonZH,Unknown,5,2025-10-13 04:31:16,👍🙂 nice,👍🙂 nice,0,2,7,2,0,0,1.0,0,0,0.642,1,0,1,0.0,0,1,0,5.0,0.0
71eb580f-27d0-40be-909b-fed182f0cbe2,Foodpanda,Food Delivery,Phon Thip,Unknown,5,2025-10-13 04:46:53,good service.,good service.,0,2,13,0,0,0,1.0,0,0,0.4404,1,0,1,0.0,0,1,0,5.0,0.0
a0361d70-fb6a-4b68-85a5-d1c195d9b4c5,Foodpanda,Food Delivery,amk fiaesthetic,Unknown,1,2025-10-13 05:21:23,it's been a week no restaurants & Foodpanda Mart is available anymore 😤,it's been a week no restaurants & foodpanda mart is available anymore 😤,0,13,71,1,0,0,1.0,0,0,-0.296,1,0,1,0.0,0,1,0,1.0,0.0
1be4ec33-ed26-478c-b09a-4574b9b8d8c3,Foodpanda,Food Delivery,Ashfaur Rahman,Unknown,1,2025-10-13 05:31:04,worst customer service with no solutions,worst customer service with no solutions,0,6,40,0,0,0,1.0,0,0,-0.6826,1,0,1,0.0,0,1,0,1.0,0.0
7c3b7cf5-8292-4037-9d44-529c2e8bec62,Foodpanda,Food Delivery,Nurul Hidayah,Unknown,5,2025-10-13 07:07:44,"Foodpanda pun ok,boleh beli mkanan sedap2,harga pun ok👍","foodpanda pun ok,boleh beli mkanan sedap2,harga pun ok👍",0,8,55,1,0,0,0.875,0,0,0.296,1,0,1,0.0,0,1,0,5.0,0.0
a1f3c3bb-39c2-4e24-ba99-1c82226d5933,Foodpanda,Food Delivery,LADS Vlogs,Unknown,1,2025-10-13 07:15:52,Totally bullsh*t. especially the non-refund from an order that I cancelled because the branch called me and gave me the option to cancel because they cannot fulfill the order. Don't use this app.,totally bullsh*t. especially the non-refund from an order that i cancelled because the branch called me and gave me the option to cancel because they cannot fulfill the order. don't use this app.,7,33,195,0,0,0,0.8484848484848485,0,1,-0.6604,1,0,1,0.0,0,1,0,1.0,0.0
89b6701d-a31c-4042-87d7-d90213f08aeb,Foodpanda,Food Delivery,Imran Haider,Unknown,1,2025-10-13 07:53:58,pehlaorder Wala fraud ha koi discount code nahi hota,pehlaorder wala fraud ha koi discount code nahi hota,0,9,52,0,0,0,1.0,1,1,-0.34,1,0,1,0.0,0,1,0,1.0,0.0
4f734f36-5244-4dbd-b274-f2cbf3750a72,Foodpanda,Food Delivery,Mosharaf Hossain,Unknown,5,2025-10-13 08:13:20,Such a useful apps,such a useful apps,0,4,18,0,0,0,1.0,0,1,0.4404,1,0,1,0.0,0,1,0,5.0,0.0
95e70e94-1dcd-4132-b51e-5d2b9b843c11,Foodpanda,Food Delivery,Qaizara Zara,Unknown,5,2025-10-13 08:26:28,fast delivery and frequent promo😍,fast delivery and frequent promo😍,0,5,33,1,0,0,1.0,0,0,0.4588,1,0,1,0.0,0,1,0,5.0,0.0
05692ef7-03d8-44cb-90a5-0432c40f5b67,Foodpanda,Food Delivery,Kashan Chaudhary,Unknown,1,2025-10-13 08:57:01,doesn't let you unsubscribe from the pro service.,doesn't let you unsubscribe from the pro service.,0,8,49,0,0,0,1.0,0,0,0.0,1,0,1,0.0,0,1,0,1.0,0.0
e1ce3c95-09ab-4594-95f5-085ac651624e,Foodpanda,Food Delivery,Juti Burma,Unknown,3,2025-10-13 09:09:23,good 👍,good 👍,0,2,6,1,0,0,1.0,0,0,0.4404,1,0,1,0.0,0,3,0,3.0,0.0
05874a7d-683a-4bb4-aed3-2e4099912c06,Foodpanda,Food Delivery,Kherwen Bonbon,Unknown,1,2025-10-13 09:51:24,the app is soooooooo badddd i really want to curse in this review of how bad the app is it's soooo sloowwww dude and some of the riders have bad attitudes also some of them doesn't have change,the app is soooooooo badddd i really want to curse in this review of how bad the app is it's soooo sloowwww dude and some of the riders have bad attitudes also some of them doesn't have change,1,38,192,0,0,0,0.7631578947368421,0,1,-0.8799,1,0,1,0.0,0,1,0,1.0,0.0
ce3f316c-2b06-468d-9088-da408d5afcea,Foodpanda,Food Delivery,Danish Darwish,Unknown,1,2025-10-13 10:12:41,Saya dah cancel order tapi duit tak masuk balik,saya dah cancel order tapi duit tak masuk balik,0,9,47,0,0,0,1.0,0,0,-0.25,1,0,1,0.0,0,1,0,1.0,0.0
4a536642-3bb0-4ab9-b846-6e93e1812c24,Foodpanda,Food Delivery,Md Moynul. mmm,Unknown,5,2025-10-13 10:14:13,MD moynul,md moynul,0,2,9,0,0,1,1.0,0,0,0.0,1,0,1,0.0,0,1,0,5.0,0.0
7481cd1c-2c68-4d0c-b07b-4e3206b457f8,Foodpanda,Food Delivery,Imarie Sison,Unknown,1,2025-10-13 10:18:18,"Can't use gcash for payment , after an error my voucher will not be available even though i haven't use it. Terrible app","can't use gcash for payment , after an error my voucher will not be available even though i haven't use it. terrible app",0,23,120,0,0,0,0.9565217391304348,0,1,-0.0377,1,0,1,0.0,0,1,0,1.0,0.0
c67e17df-6aa4-49f5-ab6f-6705e22efd9c,Foodpanda,Food Delivery,Christyn Chee,Unknown,5,2025-10-13 11:19:16,Fast Delivery and Delivery are helpful,fast delivery and delivery are helpful,0,6,38,0,0,0,0.8333333333333334,0,0,0.4215,1,0,1,0.0,0,1,0,5.0,0.0
a5707a09-642a-425a-9df0-80b0ebe41e62,Foodpanda,Food Delivery,Md. Mohiuddin,Unknown,1,2025-10-13 12:14:52,Too late...,too late...,0,2,11,0,0,0,1.0,0,0,0.0,1,0,1,0.0,0,1,0,1.0,0.0
5fda9cd1-575c-4490-8f9f-7194af754e5f,Foodpanda,Food Delivery,Aithan rey Naad,Unknown,1,2025-10-13 12:20:48,"i cannot even use vouchers and always vouchers are useless there promo 50% off not working,all ads fake and fraud","i cannot even use vouchers and always vouchers are useless there promo 50% off not working,all ads fake and fraud",0,20,113,0,0,0,0.9,0,0,-0.6182,1,0,1,0.0,0,1,0,1.0,0.0
df5eb7f3-15cf-48da-8e25-791d26e6f85f,Foodpanda,Food Delivery,Arman Mia,Unknown,4,2025-10-13 13:01:54,Arman Mia এটা ভালো একটা অ্যাপ অনেক ফাস্ট ডেলিভারি তবে অনেক এলাকায় এখনো কোন সার্ভিস প্রোভাইট হয়নায় আসা করি পোর বাংলাদেশ এ সার্ভিস অতি দ্রুত প্রভাইট করবে,arman mia এটা ভালো একটা অ্যাপ অনেক ফাস্ট ডেলিভারি তবে অনেক এলাকায় এখনো কোন সার্ভিস প্রোভাইট হয়নায় আসা করি পোর বাংলাদেশ এ সার্ভিস অতি দ্রুত প্রভাইট করবে,0,27,151,0,0,0,0.9259259259259259,0,0,-0.296,1,0,1,0.0,0,1,0,4.0,0.0
ede613c8-817a-45e1-b5c4-58ff62ceb4e8,Foodpanda,Food Delivery,Chaudhary Ahmad,Unknown,1,2025-10-13 13:38:57,ghatiya service 👎👎👎👎,ghatiya service 👎👎👎👎,0,3,20,4,0,0,1.0,0,0,0.0,1,0,1,0.0,0,1,0,1.0,0.0
54ef6d3c-e19c-44a7-bfac-18cd20d9050f,Foodpanda,Food Delivery,Abdullah khan,Unknown,5,2025-10-13 13:39:50,good service 👍,good service 👍,0,3,14,1,0,0,1.0,0,0,0.4404,1,0,1,0.0,0,2,0,5.0,0.0
dbc909de-f37e-4e12-8a59-9411143214bc,Foodpanda,Food Delivery,TOXIC DAD,Unknown,4,2025-10-13 14:00:40,it is best for delivery but when it comes it was cold,it is best for delivery but when it comes it was cold,0,12,53,0,0,0,0.8333333333333334,0,0,0.3818,1,0,1,0.0,0,1,0,4.0,0.0
6aa89b03-b41c-413b-bc92-4b4c747edc61,Foodpanda,Food Delivery,Oliver Arevalo,Unknown,1,2025-10-13 14:27:41,Food panda riders are scamming the customers! Poor security from food panda company. That's why I switched to GRAB FOOD instead.,food panda riders are scamming the customers! poor security from food panda company. that's why i switched to grab food instead.,1,21,128,0,0,2,0.8571428571428571,0,0,-0.2481,1,0,1,0.0,0,1,0,1.0,0.0
29dd116a-01fe-4104-bbdb-dbe2b4403022,Foodpanda,Food Delivery,rhariharan 5881,Unknown,5,2025-10-13 14:37:15,easy to handle.. and also awesome,easy to handle.. and also awesome,0,6,33,0,0,0,1.0,0,0,0.7906,1,0,1,0.0,0,1,0,5.0,0.0
094d1e4b-8707-412d-bb54-3865d3968592,Foodpanda,Food Delivery,Muhammad Atif,Unknown,5,2025-10-13 15:38:28,good job,good job,0,2,8,0,0,0,1.0,0,0,0.4404,1,0,1,0.0,0,2,0,5.0,0.0
94019f13-6bc3-42d6-b42f-1fb802a44419,Foodpanda,Food Delivery,Remsha Rana,Unknown,1,2025-10-13 15:41:28,extremely slow app. zero customer service.,extremely slow app. zero customer service.,0,6,42,0,0,0,1.0,0,1,0.0,1,0,1,0.0,0,1,0,1.0,0.0
e18207c3-62e3-4cf7-9e9c-788ff77486bf,Foodpanda,Food Delivery,Ericka Cristobal,Unknown,1,2025-10-13 17:32:16,Your help center sucks. It's a total waste of time.,your help center sucks. it's a total waste of time.,0,10,51,0,0,0,1.0,0,0,-0.4391,1,0,1,0.0,0,1,0,1.0,0.0
cfa84413-ac12-4c36-9e0a-a659076c2337,Foodpanda,Food Delivery,Jovy Gail Chavez,Unknown,1,2025-10-13 17:37:57,they took my money on Panda pay app.,they took my money on panda pay app.,0,8,36,0,0,0,1.0,0,1,-0.1027,1,0,1,0.0,0,1,0,1.0,0.0
366dd428-477c-4203-ba6a-336e068eef0a,Foodpanda,Food Delivery,Robert Ranes,Unknown,1,2025-10-13 17:50:53,the app keep putting me to isabela even the place that ive enter was actually so far in isabela and ive even put my exact location but they still putting me on isabela bruh this is insane.,the app keep putting me to isabela even the place that ive enter was actually so far in isabela and ive even put my exact location but they still putting me on isabela bruh this is insane.,0,37,188,0,0,0,0.8108108108108109,0,1,-0.5499,1,0,1,0.0,0,1,0,1.0,0.0
4f1fe8a6-65db-4c2a-8049-9784185d7dfe,Foodpanda,Food Delivery,Abdullah Uzair,Unknown,5,2025-10-13 18:21:18,a very good app for people,a very good app for people,0,6,26,0,0,0,1.0,0,1,0.4927,1,0,1,0.0,0,1,0,5.0,0.0
20443b40-acce-4b1c-a9c4-fc3b85d4afd2,Foodpanda,Food Delivery,Arooba Alam,Unknown,2,2025-10-13 18:54:39,Good for food delivery but not for medicines delivery they deliver medicine without prescription,good for food delivery but not for medicines delivery they deliver medicine without prescription,1,14,96,0,0,0,0.8571428571428571,0,0,0.2382,1,0,1,0.0,0,1,0,2.0,0.0
8545116b-1465-445a-b809-1e504cfa60d7,Foodpanda,Food Delivery,Muhammad Adil,Unknown,1,2025-10-13 20:40:42,"totally worst experience they accept order even restaurant is closed nad don't refund the amount , i waited for the 1.30 clocks very bad experience they did with me second time now i am uninstalling this cheap app","totally worst experience they accept order even restaurant is closed nad don't refund the amount , i waited for the 1.30 clocks very bad experience they did with me second time now i am uninstalling this cheap app",0,38,213,0,0,0,0.8947368421052632,1,1,-0.764,1,0,1,0.0,0,1,0,1.0,0.0
0bf08684-d102-451f-aecf-a8941734b2c3,Foodpanda,Food Delivery,rushEVIL (Ali Jokhio),Unknown,1,2025-10-13 22:14:48,Foodpanda restaurant walon se 30% Percent commission leta hai es Leye ham ko order be beekar dete hain restaurant wali. 👎🔥,foodpanda restaurant walon se 30% percent commission leta hai es leye ham ko order be beekar dete hain restaurant wali. 👎🔥,2,21,122,2,0,0,0.9523809523809523,0,1,-0.34,1,0,1,0.0,0,1,0,1.0,0.0
95f125aa-40a6-4e18-9321-52cd63caddaf,Foodpanda,Food Delivery,Nikko Gubat,Unknown,1,2025-10-14 00:08:03,"USING THIS APP IS A NIGHTMARE, MY REFUND DIDN'T GO THROUGH. I RAISE THE CONCERN TWICE BUT NO ACTIONS BEING TAKEN, IT SAYS IT TOOK 3-5 DAYS TO REFUND (GCASH) BUT HERE I AM WAITING IT'S BEEN ALMOST 2 WEEKS.","using this app is a nightmare, my refund didn't go through. i raise the concern twice but no actions being taken, it says it took 3-5 days to refund (gcash) but here i am waiting it's been almost 2 weeks.",0,40,204,0,0,35,0.9,0,1,-0.4215,1,0,1,0.0,0,1,0,1.0,0.0
07b861b5-1e1b-4d12-ae0f-e6e747fa09a3,Foodpanda,Food Delivery,farah,Unknown,1,2025-10-14 02:35:27,worst experience ever . I dont even want to give a star.,worst experience ever . i dont even want to give a star.,0,12,56,0,0,0,1.0,0,0,-0.6511,1,0,1,0.0,0,1,0,1.0,0.0
c85e7945-665d-42f5-86df-1953495e3450,Foodpanda,Food Delivery,N N,Unknown,1,2025-10-14 03:46:04,"not friendly user!!!so frustrating!!! useless help option!!!why not change of card payment,address,name etc under one roof in ""Profile setting?""change of card upon purchased is dangerous,would make people key in wrongly..WE NEED A FULL REFORM FORMAT FOR FOODPANDA👎👎👎👎👎👎👎👎","not friendly user!!!so frustrating!!! useless help option!!!why not change of card payment,address,name etc under one roof in ""profile setting?""change of card upon purchased is dangerous,would make people key in wrongly..we need a full reform format for foodpanda👎👎👎👎👎👎👎👎",0,37,271,8,0,6,0.8918918918918919,0,0,-0.3591,1,0,1,0.0,0,1,0,1.0,0.0
ae6cfc2e-c319-4a1a-ba20-6376fddbf6b3,Foodpanda,Food Delivery,Nazri Johari,Unknown,1,2025-10-14 04:53:09,Now service panda very slow,now service panda very slow,0,5,27,0,0,0,1.0,0,0,0.0,1,0,1,0.0,0,1,0,1.0,0.0
4d1dd4f0-e5b9-4ec7-8fc4-42bd12390660,Foodpanda,Food Delivery,Sotheavoth Tum,Unknown,1,2025-10-14 05:48:08,the refund process suck,the refund process suck,0,4,23,0,0,0,1.0,0,0,-0.4404,1,0,1,0.0,0,1,0,1.0,0.0
d998ffc7-845c-475e-9814-cb5c7119c3dd,Foodpanda,Food Delivery,Nur syuhada Afiqah,Unknown,2,2025-10-14 07:23:27,sedihnya kat tempat aku tkde foodpanda,sedihnya kat tempat aku tkde foodpanda,0,6,38,0,0,0,1.0,0,0,0.0,1,0,1,0.0,0,1,0,2.0,0.0
e7eae162-dd2d-44ac-9556-7177823c4050,Foodpanda,Food Delivery,shahid chandio,Unknown,1,2025-10-14 09:42:02,riders are not good amd just scam money from customer,riders are not good amd just scam money from customer,0,10,53,0,0,0,1.0,0,0,-0.7274,1,0,1,0.0,0,1,0,1.0,0.0
e9c4daf7-0c1f-4977-a400-ffcc3f4e3ed7,Foodpanda,Food Delivery,Jesse cCorals,Unknown,1,2025-10-14 10:27:04,had an issue with a delivery and no customer service !!?,had an issue with a delivery and no customer service !!?,0,11,56,0,0,0,1.0,0,0,-0.4184,1,0,1,0.0,0,1,0,1.0,0.0
8e5ae87a-6eb4-4114-aee5-dd4cd592d137,Foodpanda,Food Delivery,Mary Grace Arcos,Unknown,5,2025-10-14 10:31:13,Awesome,awesome,0,1,7,0,0,0,1.0,0,0,0.6249,1,0,1,0.0,0,1,0,5.0,0.0
ce513223-0417-4d31-9a50-2a1b57466a8d,Foodpanda,Food Delivery,Janjan Jeyjey,Unknown,1,2025-10-14 12:17:44,"useless new voucher account, kapag piniplace order nyu kusa mawawala yung new voucher acc idiot application scammer!!!","useless new voucher account, kapag piniplace order nyu kusa mawawala yung new voucher acc idiot application scammer!!!",0,17,118,0,0,0,0.8823529411764706,0,1,-0.7891,1,0,1,0.0,0,1,0,1.0,0.0
cd3a334e-de73-4efb-9651-4a373f0ea6cc,Foodpanda,Food Delivery,Haze,Unknown,1,2025-10-14 13:43:09,Waited for my food for over an hour and it didnt reached. In the end my order got cancelled and I didnt get any compensation,waited for my food for over an hour and it didnt reached. in the end my order got cancelled and i didnt get any compensation,0,25,124,0,0,0,0.84,0,0,-0.3173,1,0,1,0.0,0,1,0,1.0,0.0
52357d22-b064-43a5-b797-b927c4d65c22,Foodpanda,Food Delivery,M waqas Waqas,Unknown,5,2025-10-14 15:56:05,waqas Khan 001100n,waqas khan 001100n,0,3,18,0,0,0,1.0,0,0,0.0,1,0,1,0.0,0,1,0,5.0,0.0
a526c4bb-6851-4a12-aa7e-dcb3dcdb36e6,Foodpanda,Food Delivery,Richelle Ann Alcover,Unknown,5,2025-10-14 16:05:37,i love it,i love it,0,3,9,0,0,0,1.0,0,0,0.6369,1,0,1,0.0,0,1,0,5.0,0.0
9338d18f-61de-44b8-b79a-4d7d7f54890b,Foodpanda,Food Delivery,Reij Veloso,Unknown,5,2025-10-14 16:23:31,LOVE THE APP DIRECT DELIVERY,love the app direct delivery,0,5,28,0,0,5,1.0,0,1,0.6369,1,0,1,0.0,0,1,0,5.0,0.0
5bb4050a-c55b-400d-a32a-329950c9e3f3,Foodpanda,Food Delivery,Ghuri r Khai,Unknown,1,2025-10-14 16:25:01,Unable to verify number during order same verification code again n again,unable to verify number during order same verification code again n again,0,12,73,0,0,0,0.9166666666666666,0,0,0.0772,1,0,1,0.0,0,1,0,1.0,0.0
7f4147f2-db8e-4858-a836-ed310df65c56,Foodpanda,Food Delivery,Jenn,Unknown,1,2025-10-14 17:29:18,"stupid agent. I've been waiting for hours for my food and keep getting delayed, then the agent canceled it on his own? not helping yet ruin it even worse.","stupid agent. i've been waiting for hours for my food and keep getting delayed, then the agent canceled it on his own? not helping yet ruin it even worse.",0,29,154,0,0,0,0.9310344827586207,0,0,-0.7364,1,0,1,0.0,0,1,0,1.0,0.0
2209cdd5-838f-42c4-9caa-58606a9739bd,Foodpanda,Food Delivery,Usman Khan,Unknown,1,2025-10-14 17:30:07,the restaurants come as not currently available right now in the area of DHA 2 Islamabad for the past 2 weeks. I was a huge fan of foodpanda but not anymore,the restaurants come as not currently available right now in the area of dha 2 islamabad for the past 2 weeks. i was a huge fan of foodpanda but not anymore,0,31,156,0,0,1,0.8387096774193549,0,0,0.3182,1,0,2,0.0,0,1,0,3.0,2.8284271247461903
a2bfc3be-b0b9-4518-9ecd-cf0813f59506,Foodpanda,Food Delivery,nehreen khan,Unknown,1,2025-10-14 17:30:50,I am from Bangladesh. here Foodpanda is the worst delivery service ever ... I have already uninstalled the app and do not wish to download it again ever in my life.,i am from bangladesh. here foodpanda is the worst delivery service ever ... i have already uninstalled the app and do not wish to download it again ever in my life.,0,31,164,0,0,0,0.9032258064516129,1,1,-0.7475,1,0,1,0.0,0,1,0,1.0,0.0
16bc3109-8561-48dd-ae4b-2e927226fc78,Foodpanda,Food Delivery,Joshim Ahmmed Diganta,Unknown,1,2025-10-14 18:47:58,চরম ফালতু,চরম ফালতু,0,2,9,0,0,0,1.0,0,0,0.0,1,0,1,0.0,0,1,0,1.0,0.0
e7ee2015-d85c-4464-ba11-fca31ce2373b,Foodpanda,Food Delivery,Kabir k,Unknown,2,2025-10-14 20:43:18,fizol.ha bhai isse acha khud ja kr ly ao,fizol.ha bhai isse acha khud ja kr ly ao,0,9,40,0,0,0,1.0,0,1,0.5574,1,0,1,0.0,0,1,1,2.0,0.0
d758e932-36ea-4be2-aff4-6f280f5c4c38,Foodpanda,Food Delivery,Jea Dawn Repel,Unknown,5,2025-10-15 05:22:44,very affordable and fast i love it,very affordable and fast i love it,0,7,34,0,0,0,1.0,0,0,0.6369,1,0,1,0.0,0,1,0,5.0,0.0
e58469cf-a0ea-45a4-b85e-9eeb0870c662,Foodpanda,Food Delivery,Arulvanee Selvam,Unknown,5,2025-10-15 05:47:08,very good I am so happy with Foodpanda,very good i am so happy with foodpanda,0,8,38,0,0,0,1.0,0,1,0.8374,1,0,1,0.0,0,1,0,5.0,0.0
feb4421c-991f-46d2-8829-0421996b4fd5,Foodpanda,Food Delivery,Mumina Tahmina Morshed,Unknown,4,2025-10-15 07:31:03,Good choice for various food optiona,good choice for various food optiona,0,6,36,0,0,0,1.0,0,0,0.4404,1,0,1,0.0,0,1,0,4.0,0.0
4bed20a1-e0b7-457b-be31-23b2bec4fa19,Foodpanda,Food Delivery,nurul sakhila,Unknown,3,2025-10-15 08:22:30,i dont know why recently foodpanda apps in my hp always got a problem .. i want to chat with the drive but it keeps showing the connection lost (my wifi full bar)..,i dont know why recently foodpanda apps in my hp always got a problem .. i want to chat with the drive but it keeps showing the connection lost (my wifi full bar)..,0,33,164,0,0,0,0.9393939393939394,0,1,-0.5647,1,0,1,0.0,0,1,0,3.0,0.0
9b56ba06-7b96-4ae6-a674-7b3930295548,Foodpanda,Food Delivery,Pamela Abayan,Unknown,5,2025-10-15 09:12:04,sulit talaga pagmay free👍👍👍,sulit talaga pagmay free👍👍👍,0,4,27,3,0,0,1.0,1,0,0.5106,1,0,1,0.0,0,1,0,5.0,0.0
01bd286d-494f-4034-8407-73ff1ec03245,Foodpanda,Food Delivery,Lily Laven,Unknown,2,2025-10-15 09:41:11,what happened to the help centre still connection lost!,what happened to the help centre still connection lost!,0,9,55,0,0,0,1.0,0,1,0.1759,1,0,1,0.0,0,1,0,2.0,0.0
024b410e-8e7e-4198-9f95-24c120f3f05d,Foodpanda,Food Delivery,Little rabbit,Unknown,5,2025-10-15 10:06:47,Very convenient.,very convenient.,0,2,16,0,0,0,1.0,0,0,0.0,1,0,1,0.0,0,1,0,5.0,0.0
dc35321e-3598-45fb-be06-606a6b90490b,Foodpanda,Food Delivery,Joan Tonette Corsino,Unknown,5,2025-10-15 10:17:45,i like it,i like it,0,3,9,0,0,0,1.0,0,0,0.3612,1,0,1,0.0,0,1,0,5.0,0.0
c7a3dce6-a387-4e00-b4e7-dd1abe68f0ae,Foodpanda,Food Delivery,Sadman Shakib,Unknown,5,2025-10-15 12:31:37,better,better,0,1,6,0,0,0,1.0,0,0,0.4404,1,0,1,0.0,0,2,0,5.0,0.0
8670b500-dba9-4186-a91b-55bcbaf07641,Foodpanda,Food Delivery,Melody Molinar,Unknown,5,2025-10-15 13:14:50,"mabilis ang food panda, npakagaling ng serbisyo nila","mabilis ang food panda, npakagaling ng serbisyo nila",0,8,52,0,0,0,1.0,0,0,0.0,1,0,1,0.0,0,1,0,5.0,0.0
2c3d41dc-a8e9-4ec4-b82f-cc917a0ca428,Foodpanda,Food Delivery,ghine macaraeg,Unknown,5,2025-10-15 13:18:59,very useful,very useful,0,2,11,0,0,0,1.0,0,0,0.4927,1,0,1,0.0,0,1,0,5.0,0.0
ba36f989-c981-4e40-924b-cca536cfc0d7,Foodpanda,Food Delivery,Nurdia Jahan,Unknown,5,2025-10-15 13:29:52,thank you,thank you,0,2,9,0,0,0,1.0,0,0,0.3612,1,0,1,0.0,0,1,0,5.0,0.0
74674054-e590-4006-9e05-f477bdbef78e,Foodpanda,Food Delivery,Anna Rodriguez,Unknown,5,2025-10-15 14:39:08,All goods daming discounts at free delivery talaga sa unang pagdeliver.,all goods daming discounts at free delivery talaga sa unang pagdeliver.,0,11,71,0,0,0,1.0,1,0,0.5106,1,0,1,0.0,0,1,0,5.0,0.0
e1aa2606-6ef5-4c7f-9147-cd9289ae6b0c,Foodpanda,Food Delivery,Zakia Sultana juthi,Unknown,5,2025-10-15 14:59:54,This app is very useful for us because I can order anything from this app in a very easy way.,this app is very useful for us because i can order anything from this app in a very easy way.,0,20,93,0,0,0,0.85,0,1,0.7496,1,0,1,0.0,0,1,0,5.0,0.0
35de8a63-5cf5-4650-a61e-7de917e0d57f,Foodpanda,Food Delivery,Hafiz Abubakar,Unknown,2,2025-10-15 16:23:29,zabardast,zabardast,1,1,9,0,0,0,1.0,0,1,0.0,1,0,1,0.0,0,2,0,2.0,0.0
330a87e7-7e61-4b0a-baa6-1166c87e7804,Foodpanda,Food Delivery,Mohammad Rashidul Haque,Unknown,5,2025-10-16 00:33:10,Nice Approach for ordering food,nice approach for ordering food,0,5,31,0,0,0,1.0,0,1,0.4215,1,0,1,0.0,0,1,0,5.0,0.0
a8d65894-ce7e-4753-8911-e9e5da718c8a,Foodpanda,Food Delivery,JOHN PERRY,Unknown,5,2025-10-16 04:09:02,verygood app,verygood app,0,2,12,0,0,0,1.0,0,1,0.0,1,0,1,0.0,0,1,0,5.0,0.0
842b3d23-7212-49cb-bbcb-f9d19e22b049,Foodpanda,Food Delivery,Eli Oblige,Unknown,5,2025-10-16 04:26:27,all ok,all ok,0,2,6,0,0,0,1.0,0,0,0.296,1,0,1,0.0,0,1,0,5.0,0.0
b7c2c784-035c-4201-8feb-7717ca3fdfae,Foodpanda,Food Delivery,Mehran Khan,Unknown,5,2025-10-16 08:04:46,excellent app for food craving any time,excellent app for food craving any time,0,7,39,0,0,0,1.0,0,1,0.5719,1,0,1,0.0,0,1,0,5.0,0.0
0a9304c2-bbc9-4c99-bd9e-21b916cb1006,Foodpanda,Food Delivery,Angel Cordova,Unknown,1,2025-10-16 08:09:32,your payment system sucks,your payment system sucks,0,4,25,0,0,0,1.0,0,0,-0.3612,1,0,1,0.0,0,1,0,1.0,0.0
3012fb3b-f8aa-4475-89a2-cfb81d441a47,Foodpanda,Food Delivery,Ar parvez,Unknown,1,2025-10-16 08:44:57,"Very disappointing User experience, Every time i've enter my address shows an error ""Street address can't be empty"". leave without ordering. Very disappointing","very disappointing user experience, every time i've enter my address shows an error ""street address can't be empty"". leave without ordering. very disappointing",0,23,159,0,0,0,0.8695652173913043,0,1,-0.3835,1,0,1,0.0,0,1,0,1.0,0.0
21965459-7a78-4c0b-b4ce-28f952dc074e,Foodpanda,Food Delivery,Rayankhantunio,Unknown,5,2025-10-16 09:05:37,this is a good app,this is a good app,0,5,18,0,0,0,1.0,0,1,0.4404,1,0,1,0.0,0,1,0,5.0,0.0
81dd8cda-3f0c-481c-9374-b0df01eb6555,Foodpanda,Food Delivery,Sarosh Nawaz,Unknown,5,2025-10-16 09:44:35,Its my firts order on this platform but im giving 5 stars because i work in Walmart customer service and i khow the worth of these stars😹💢,its my firts order on this platform but im giving 5 stars because i work in walmart customer service and i khow the worth of these stars😹💢,0,27,138,2,0,0,0.9629629629629629,0,0,0.5023,1,0,1,0.0,0,1,0,5.0,0.0
6841dbbd-c7a3-4cac-bc94-e18ed210b45e,Foodpanda,Food Delivery,Cheung Daniel,Unknown,1,2025-10-16 13:21:32,星期4夜晚時間8點半order，到達時間一改再改，想聯絡客服，但完全無位置比你聯絡，按幫助，淨係顯示訂單已經不能作任何更改。。。。。垃圾公司。,星期4夜晚時間8點半order，到達時間一改再改，想聯絡客服，但完全無位置比你聯絡，按幫助，淨係顯示訂單已經不能作任何更改。。。。。垃圾公司。,0,1,71,0,0,0,1.0,0,0,0.0,1,0,1,0.0,0,1,0,1.0,0.0
d6a453cc-0539-45d7-ad5a-bb1dccdd5aba,Foodpanda,Food Delivery,Jessa Sheila Manlabao,Unknown,5,2025-10-16 14:37:34,great and fast.,great and fast.,0,3,15,0,0,0,1.0,0,0,0.6249,1,0,1,0.0,0,1,0,5.0,0.0
922ea837-b16b-488f-8055-94fc877f045e,Foodpanda,Food Delivery,shihab coc,Unknown,3,2025-10-16 14:49:36,the map system is garbage... it does not work properly ...,the map system is garbage... it does not work properly ...,0,11,58,0,0,0,1.0,0,0,0.0,1,0,1,0.0,0,1,0,3.0,0.0
9ed59b68-02e6-4b63-b7bf-d9d85d87a0a5,Foodpanda,Food Delivery,Ahmad Affan,Unknown,1,2025-10-16 16:14:33,"Worst app ever, don't download anyone","worst app ever, don't download anyone",0,6,37,0,0,0,1.0,1,1,-0.6249,1,0,1,0.0,0,1,0,1.0,0.0
a4dd17b8-02ba-449b-937c-825cc528d88e,Foodpanda,Food Delivery,Sou rav,Unknown,1,2025-10-16 16:17:31,"Scammy behavior from support, app bugs lead to overcharging, then the support asks me if I want to cancel the order ""Cancellation"" is non refundable btw","scammy behavior from support, app bugs lead to overcharging, then the support asks me if i want to cancel the order ""cancellation"" is non refundable btw",0,26,152,0,0,0,0.9230769230769231,0,1,0.5719,1,0,1,0.0,0,1,1,1.0,0.0
994292c4-84aa-41db-96b1-2b32631eb2cf,Foodpanda,Food Delivery,Karar Haider Jafri,Unknown,5,2025-10-16 18:23:31,it's my first experience to use this app I really appreciate it great services,it's my first experience to use this app i really appreciate it great services,0,14,78,0,0,0,1.0,0,1,0.8104,1,0,1,0.0,0,1,0,5.0,0.0
394357c0-119c-4944-aaae-01ffc4da9edb,Foodpanda,Food Delivery,Neil All You Can,Unknown,1,2025-10-16 22:23:35,App is not running smoothly. Even the rider takes too much time to get to the fookeeng store. Updates on where your order is are not real time.,app is not running smoothly. even the rider takes too much time to get to the fookeeng store. updates on where your order is are not real time.,0,28,143,0,0,0,0.8571428571428571,0,1,0.0,1,0,1,0.0,0,1,0,1.0,0.0
dc8b1d75-95bb-4917-8195-696c500b034a,Foodpanda,Food Delivery,ClairAnn Parot,Unknown,1,2025-10-16 22:36:35,"wrong delivery,and wrong amount I pay.","wrong delivery,and wrong amount i pay.",0,6,38,0,0,0,0.8333333333333334,0,0,-0.765,1,0,1,0.0,0,1,0,1.0,0.0
820a29fb-48b6-4e14-aa6d-79d1059a58df,Foodpanda,Food Delivery,Jomark Portugal,Unknown,1,2025-10-17 03:40:45,they don't give my refund,they don't give my refund,0,5,25,0,0,0,1.0,0,0,0.0,1,0,1,0.0,0,1,0,1.0,0.0
bd0d70f9-d28d-48c6-a707-785d9b3e1aa8,Foodpanda,Food Delivery,jelly salceda,Unknown,1,2025-10-17 04:56:58,happy,happy,0,1,5,0,0,0,1.0,0,1,0.5719,1,0,1,0.0,0,1,1,1.0,0.0
cdc015d8-f5db-4e7c-9361-0d83c42921bb,Foodpanda,Food Delivery,bryan bulaon,Unknown,1,2025-10-17 05:50:51,nakastandard ang deliver may kasabay n order. .pambihira. .dpt sainyo -10,nakastandard ang deliver may kasabay n order. .pambihira. .dpt sainyo -10,0,11,73,0,0,0,1.0,0,0,0.0,1,0,1,0.0,0,1,0,1.0,0.0
b6e9f5dc-2783-4902-864e-22f791c51aa8,Foodpanda,Food Delivery,King kohat,Unknown,5,2025-10-17 06:22:37,nice app for urgent need eating food and for delivery job,nice app for urgent need eating food and for delivery job,0,11,57,0,0,0,0.9090909090909091,0,1,0.5574,1,0,1,0.0,0,1,0,5.0,0.0
2e9f35f8-1e59-4a04-887e-9f190443b48f,Foodpanda,Food Delivery,Marissa De Guzman,Unknown,5,2025-10-17 06:39:47,fast and affordable delivery fee.,fast and affordable delivery fee.,1,5,33,0,0,0,1.0,0,0,0.0,1,0,1,0.0,0,1,0,5.0,0.0
f146a965-a626-482e-9971-6c28d47a0aa0,Foodpanda,Food Delivery,zatil ismah,Unknown,1,2025-10-17 07:09:01,worst experience ever. Have to wait 2 hours for a freaking Marrybrown orders. No support to cancel the order. PLEASE DONT ORDER ON FOODPANDA PLATFORM AS IT WILL ROB YOU YOUR MONEY,worst experience ever. have to wait 2 hours for a freaking marrybrown orders. no support to cancel the order. please dont order on foodpanda platform as it will rob you your money,1,32,179,0,0,13,0.96875,0,0,-0.9092,1,0,1,0.0,0,1,0,1.0,0.0
5228efad-21e4-449f-9967-ee20f599938b,Foodpanda,Food Delivery,Ahmed Rifat,Unknown,5,2025-10-17 09:26:20,good app for food,good app for food,0,4,17,0,0,0,1.0,0,1,0.4404,1,0,1,0.0,0,2,0,5.0,0.0
0a9e0980-10b0-4a2d-96e8-0842ace8631e,Foodpanda,Food Delivery,Abdullah Altaf,Unknown,5,2025-10-17 09:59:30,Very good👍,very good👍,0,2,10,1,0,0,1.0,0,0,0.4927,1,0,1,0.0,0,2,0,5.0,0.0
f68546cb-7251-4b06-b465-0e0f4cc7d4ef,Foodpanda,Food Delivery,June Cardinez,Unknown,3,2025-10-17 10:06:58,June. Cardinez,june. cardinez,0,2,14,0,0,0,1.0,0,0,0.0,1,0,1,0.0,0,1,0,3.0,0.0
a1245d3b-06b0-47ab-9f11-5414cea9eef3,Foodpanda,Food Delivery,Angelo Perez,Unknown,1,2025-10-17 10:20:37,BASURANG CUSTOMER SERVICE,basurang customer service,0,3,25,0,0,3,1.0,0,0,0.0,1,0,1,0.0,0,1,0,1.0,0.0
3a2d1d88-ab62-4f4a-9e65-fba56222eb54,Foodpanda,Food Delivery,Mohd Azim,Unknown,1,2025-10-17 11:19:38,"sekarang foodpanda buat multiple delivery, masalahnya arah destinasi yg berbeza, satu utara, satu barat... rugi masa, rider pun penat, makanan sampai pun sejuk mcm keluar petiais... teruk la servis foodpanda...","sekarang foodpanda buat multiple delivery, masalahnya arah destinasi yg berbeza, satu utara, satu barat... rugi masa, rider pun penat, makanan sampai pun sejuk mcm keluar petiais... teruk la servis foodpanda...",0,30,210,0,0,0,0.9333333333333333,0,0,0.0,1,0,1,0.0,0,1,0,1.0,0.0
a34ec62f-0930-4be3-b5d5-1f9d585e9d42,Foodpanda,Food Delivery,Raymond Davidson,Unknown,5,2025-10-17 11:26:13,"so far, it's convenient","so far, it's convenient",0,4,23,0,0,0,1.0,0,0,0.0,1,0,1,0.0,0,1,0,5.0,0.0
17296b22-5055-44df-9b0b-7654d2dcf997,Foodpanda,Food Delivery,Bobby Cheatluck,Unknown,5,2025-10-17 12:29:19,Helpful,helpful,0,1,7,0,0,0,1.0,0,0,0.4215,1,0,1,0.0,0,1,0,5.0,0.0
6d679b36-8701-4ea8-839b-3294abce626f,Foodpanda,Food Delivery,Mohsin Hassan,Unknown,1,2025-10-17 12:47:02,third class application,third class application,0,3,23,0,0,0,1.0,0,1,0.0,1,0,2,0.0,0,1,0,1.0,0.0
edf16ccc-2988-402a-b8fc-96a51f2230d5,Foodpanda,Food Delivery,Yee Hooi Hew,Unknown,1,2025-10-17 12:49:33,"the worst food delivery app ever. I ordered at 7.09pm, it's 8.48pm now, the delivery time is showing still need 40 minutes and yet no customer service for me to talk to. WORST!","the worst food delivery app ever. i ordered at 7.09pm, it's 8.48pm now, the delivery time is showing still need 40 minutes and yet no customer service for me to talk to. worst!",0,33,176,0,0,1,0.9393939393939394,0,1,-0.8932,1,0,1,0.0,0,1,0,1.0,0.0
9ae865e3-e3e3-4cfb-8ba9-f1348c54029d,Foodpanda,Food Delivery,toy D rock,Unknown,5,2025-10-17 13:34:01,recommended apps,recommended apps,0,2,16,0,0,0,1.0,0,1,0.2023,1,0,1,0.0,0,1,0,5.0,0.0
0374b31d-c976-4cc0-ae2d-3726151eeed3,Foodpanda,Food Delivery,Bryan Paul Rivera,Unknown,5,2025-10-17 14:06:06,Easy access. Best features. Great deals.,easy access. best features. great deals.,0,6,40,0,0,0,1.0,1,0,0.9042,1,0,1,0.0,0,1,0,5.0,0.0
deac1e0a-3a20-474d-b76e-a6f6aae2da2c,Foodpanda,Food Delivery,Zain Talha,Unknown,4,2025-10-17 14:19:38,"good app, but please allow deliveries to kuwait hostel, it's right besides faisal masjid and yet delivery options aren't available for their, we have to pay extra for riders to come here","good app, but please allow deliveries to kuwait hostel, it's right besides faisal masjid and yet delivery options aren't available for their, we have to pay extra for riders to come here",0,32,186,0,0,0,0.90625,0,1,0.6858,1,0,1,0.0,0,1,0,4.0,0.0
3157d839-7405-4a66-86cc-2bc5fc3f8a75,Foodpanda,Food Delivery,SkuLL ØP,Unknown,1,2025-10-17 14:22:03,ডাকাত তোরা,ডাকাত তোরা,0,2,10,0,0,0,1.0,0,0,0.0,1,0,1,0.0,0,1,0,1.0,0.0
e66186c8-e952-4fa9-97ec-26d1696d8aae,Foodpanda,Food Delivery,clipse clipse,Unknown,1,2025-10-17 15:05:05,having problems with their riders hijacking the customers food,having problems with their riders hijacking the customers food,0,9,62,0,0,0,1.0,0,0,-0.4019,1,0,1,0.0,0,1,0,1.0,0.0
24dfa630-2a53-4690-b6a6-a57117fa2a22,Foodpanda,Food Delivery,SIAM AHMED,Unknown,5,2025-10-17 15:35:52,I love this app,i love this app,0,4,15,0,0,0,1.0,0,1,0.6369,1,0,1,0.0,0,2,0,5.0,0.0
196b3147-3b9e-4092-8f45-ed1b0ee91ace,Foodpanda,Food Delivery,Tanvir Rizvi,Unknown,1,2025-10-17 15:41:12,No way to contact support and the app is not taking me to the support page due to technical glitch.,no way to contact support and the app is not taking me to the support page due to technical glitch.,0,20,99,0,0,0,0.8,0,1,0.4939,1,0,1,0.0,0,1,0,1.0,0.0
8ec4ab1d-9456-41ed-ae33-efe87acd9db2,Foodpanda,Food Delivery,Hanan Shabbir,Unknown,4,2025-10-17 15:55:30,Good 👍 Very Nice,good 👍 very nice,0,4,16,1,0,0,1.0,0,0,0.7178,1,0,1,0.0,0,1,0,4.0,0.0
ca7a21a8-102e-4245-a0f8-d0d1be958d89,Foodpanda,Food Delivery,zack uraah,Unknown,1,2025-10-17 16:42:15,"Not transparent with customers. If no riders available, keep buyer waiting. When cancelled, blamed the store. Stupid way to conduct business.","not transparent with customers. if no riders available, keep buyer waiting. when cancelled, blamed the store. stupid way to conduct business.",0,21,141,0,0,0,1.0,0,0,-0.8658,1,0,1,0.0,0,1,0,1.0,0.0
72c86b4f-c854-4f78-a49f-6e1ceefce25b,Foodpanda,Food Delivery,Yasir Abbasi,Unknown,1,2025-10-17 17:24:39,Pathetic service.deserve negative rating,pathetic service.deserve negative rating,0,4,40,0,0,0,1.0,0,0,-0.8126,1,0,1,0.0,0,1,0,1.0,0.0
a622436e-a50c-49a8-976b-843fe155f918,Foodpanda,Food Delivery,Zahid Hassan,Unknown,1,2025-10-17 17:50:36,ghatiya service,ghatiya service,0,2,15,0,0,0,1.0,0,0,0.0,1,0,1,0.0,0,1,0,1.0,0.0
1ba6b10f-12c4-4b78-be1b-a3a985ff282e,Foodpanda,Food Delivery,Humair Ali,Unknown,4,2025-10-17 17:51:24,Avrege,avrege,0,1,6,0,0,0,1.0,0,0,0.0,1,0,1,0.0,0,1,0,4.0,0.0
7fd25397-3e18-4fdb-9f95-c328f30be258,Foodpanda,Food Delivery,Muhafiz-e- Jamhooriyat News Channel,Unknown,5,2025-10-17 18:15:40,Excellent,excellent,0,1,9,0,0,0,1.0,0,0,0.5719,1,0,1,0.0,0,2,0,5.0,0.0
e140bf7c-d825-4856-9446-3b5bc8aa85d1,Foodpanda,Food Delivery,JOHN PANTHER,Unknown,1,2025-10-17 18:50:11,"your app isn't working, as soon as I press the foodpanda icon, the app instantly crashes. Fix it.","your app isn't working, as soon as i press the foodpanda icon, the app instantly crashes. fix it.",0,18,97,0,0,0,0.8333333333333334,0,1,0.0,1,0,1,0.0,0,1,0,1.0,0.0
e22bc4c7-232f-4852-ba12-f2267b70bf36,Foodpanda,Food Delivery,MJ JEREMIAH Rojannah Jomannah Mascara Rasuman,Unknown,5,2025-10-18 01:34:52,There are good and better and there are bad times,there are good and better and there are bad times,0,10,49,0,0,0,0.7,0,0,0.3182,1,0,1,0.0,0,1,0,5.0,0.0
8a83bebf-2faa-4651-961a-55b817ac9d11,Foodpanda,Food Delivery,Kent Irish Dondonayos,Unknown,5,2025-10-18 02:04:58,Amazing app!,amazing app!,0,2,12,0,0,0,1.0,0,1,0.6239,1,0,1,0.0,0,1,0,5.0,0.0
5f5e4f59-6604-44e4-b849-63a6d356b61a,Foodpanda,Food Delivery,Charlie Herminado,Unknown,1,2025-10-18 03:54:26,can't apply all the vouchers,can't apply all the vouchers,0,5,28,0,0,0,1.0,0,1,0.0,1,0,1,0.0,0,1,0,1.0,0.0
69fe4139-af53-404d-a677-74cc2d15aee3,Foodpanda,Food Delivery,Taiba Hussaini,Unknown,5,2025-10-18 04:03:46,"very very useful app. I love their support team, they are doing great job.May God bless them.","very very useful app. i love their support team, they are doing great job.may god bless them.",0,17,93,0,0,0,0.9411764705882353,0,1,0.9605,1,0,1,0.0,0,1,0,5.0,0.0
98e7116e-597c-4010-a3a2-3867b05d55e3,Foodpanda,Food Delivery,angel,Unknown,1,2025-10-18 04:22:44,"support is VERY UNSUPPORTIVE. TAKES ALOT OF TIME BEFORE THEY COULD RESPOND. THEY'LL HAVE U WAITING. ALSO, THEY DON'T GIVE REFUND FOR WRONG ORDER","support is very unsupportive. takes alot of time before they could respond. they'll have u waiting. also, they don't give refund for wrong order",0,24,144,0,0,21,0.9583333333333334,0,0,-0.1027,1,0,1,0.0,0,1,0,1.0,0.0
cc1eaedb-7b17-4e50-8577-5f2bccf456f7,Foodpanda,Food Delivery,Gideon Woo qf,Unknown,1,2025-10-18 04:43:51,malicious policies - made an order and cancelled it only 2 minutes later but i got no refund or reinstatement of the order. They just took the money and ran.,malicious policies - made an order and cancelled it only 2 minutes later but i got no refund or reinstatement of the order. they just took the money and ran.,0,30,157,0,0,0,0.9333333333333333,0,0,-0.5106,1,0,1,0.0,0,1,0,1.0,0.0
ba715295-712d-421c-b213-95b56b077a66,Foodpanda,Food Delivery,Eesha Jedia,Unknown,4,2025-10-18 05:20:26,it's a good app but sometimes the prices are too high 😕,it's a good app but sometimes the prices are too high 😕,0,12,55,1,0,0,1.0,0,1,-0.25,1,0,1,0.0,0,1,0,4.0,0.0
74abe324-5f2f-4fcb-83d8-1f529b6b6659,Foodpanda,Food Delivery,Tanzeel Khas,Unknown,2,2025-10-18 05:40:16,hi Fast delivery and press the bell icon 😄🙂,hi fast delivery and press the bell icon 😄🙂,0,9,43,2,0,0,1.0,0,0,0.8024,1,0,1,0.0,0,1,1,2.0,0.0
1703fa01-6b99-494a-b5dd-cd37ace5e80b,Foodpanda,Food Delivery,Abdullah Butt,Unknown,5,2025-10-18 06:10:12,best ap,best ap,0,2,7,0,0,0,1.0,0,0,0.6369,1,0,1,0.0,0,1,0,5.0,0.0
ed012175-51ef-45ef-9cc7-702cb791710a,Foodpanda,Food Delivery,Quintessa Qing,Unknown,1,2025-10-18 06:26:14,I cancelled my order then it says cannot get my refund bcs if i choose' i want to cancel my order' so what the purpose of me giving RM60+ FOR NOTHING.VERY BAD I WONT ORDER AT HERE ANYMORE,i cancelled my order then it says cannot get my refund bcs if i choose' i want to cancel my order' so what the purpose of me giving rm60+ for nothing.very bad i wont order at here anymore,0,38,187,0,0,9,0.8421052631578947,0,0,-0.5859,1,0,1,0.0,0,1,0,1.0,0.0
2b710db2-860b-4645-98f0-1c1b82ac9fe8,Foodpanda,Food Delivery,Luke_SV670,Unknown,1,2025-10-18 07:24:29,"dont use this appp, the riders dont verify who is the one who ordered and you'll end up having your food stolen..","dont use this appp, the riders dont verify who is the one who ordered and you'll end up having your food stolen..",0,22,113,0,0,0,0.8636363636363636,0,1,-0.4939,1,0,1,0.0,0,1,0,1.0,0.0
100406e7-12f3-48da-b23b-2ad280f57814,Foodpanda,Food Delivery,Malik Taha,Unknown,5,2025-10-18 09:00:22,very fastly we and the food is very tasty 🤤🤤 best app for ordering,very fastly we and the food is very tasty 🤤🤤 best app for ordering,0,14,66,2,0,0,0.9285714285714286,0,1,0.6369,1,0,1,0.0,0,1,0,5.0,0.0
8787d5b8-12c8-4b2c-82b7-0c19dcd21087,Foodpanda,Food Delivery,Ziya Rehman,Unknown,1,2025-10-18 09:48:20,loser app,loser app,0,2,9,0,0,0,1.0,0,1,-0.5267,1,0,1,0.0,0,1,0,1.0,0.0
10cfb240-394a-4dd6-937a-1caab1e1ba0d,Foodpanda,Food Delivery,Astere Chen,Unknown,1,2025-10-18 10:05:28,They refused to let me order my food. Kept asking me to review my order. I've forced shut the app several times and it repeatedly asked me to review???,they refused to let me order my food. kept asking me to review my order. i've forced shut the app several times and it repeatedly asked me to review???,0,29,151,0,0,0,0.8275862068965517,0,1,-0.6946,1,0,1,0.0,0,1,0,1.0,0.0
74a07937-d8e0-4d7c-8021-5f4ea9bebe9e,Foodpanda,Food Delivery,Aster Class,Unknown,1,2025-10-18 10:20:42,"Im disappointed of the app , instead finding out what really happen they just assumed and thats it . 2000+ MONEY isn't a joke .","im disappointed of the app , instead finding out what really happen they just assumed and thats it . 2000+ money isn't a joke .",0,25,127,0,0,1,0.96,0,1,-0.6108,1,0,1,0.0,0,1,0,1.0,0.0
35132647-39c5-4819-b446-d881522d8da8,Foodpanda,Food Delivery,Free HD Movies,Unknown,1,2025-10-18 10:51:12,difficult to navigate. I can't order because it wants me to confirm the address and when I place it in it won't accept it.,difficult to navigate. i can't order because it wants me to confirm the address and when i place it in it won't accept it.,0,24,122,0,0,0,0.8333333333333334,0,0,-0.5696,1,0,1,0.0,0,1,0,1.0,0.0
6b936c86-7c44-4474-879e-c09d8d230f73,Foodpanda,Food Delivery,Syed Zain Ali,Unknown,1,2025-10-18 10:53:17,not available in shahdra Lahore why? very disappointed please accept delivery in shahdra,not available in shahdra lahore why? very disappointed please accept delivery in shahdra,0,13,88,0,0,0,0.8461538461538461,0,1,0.2614,1,0,1,0.0,0,1,0,1.0,0.0
d35f078e-4577-44b4-a9b2-f3b6ad7e59d8,Foodpanda,Food Delivery,Angelo Suarez,Unknown,5,2025-10-18 11:10:42,very fast and there when needed,very fast and there when needed,0,6,31,0,0,0,1.0,0,0,0.0,1,0,1,0.0,0,1,0,5.0,0.0
af87e813-324e-4b72-8b32-415797d14d69,Foodpanda,Food Delivery,Ahseng Lee,Unknown,5,2025-10-18 12:14:56,love this app!,love this app!,0,3,14,0,0,0,1.0,0,1,0.6696,1,0,1,0.0,0,1,0,5.0,0.0
361ea35a-f62d-4596-81a3-c90c82ccabbb,Foodpanda,Food Delivery,Diljeet Kumar,Unknown,1,2025-10-18 13:02:00,"worst app ever, no customer support service, scam delivery partners, expensive pricing.","worst app ever, no customer support service, scam delivery partners, expensive pricing.",0,12,87,0,0,0,1.0,0,1,-0.9054,1,0,1,0.0,0,1,0,1.0,0.0
7af60c8e-ded6-43d8-abb5-d067d28c82ea,Foodpanda,Food Delivery,Sheikh,Unknown,1,2025-10-18 13:05:18,Very disappointed 😔 voucher koyi Kam Hai nhi apply Karo Tu HOTA nhi hai 😔,very disappointed 😔 voucher koyi kam hai nhi apply karo tu hota nhi hai 😔,0,15,73,2,0,1,0.8,0,1,-0.3642,1,0,1,0.0,0,1,0,1.0,0.0
ed25a968-496c-412a-98ae-2b3fad2c845b,Foodpanda,Food Delivery,Mona Omar,Unknown,5,2025-10-18 13:20:26,this episode crazy I love it so much,this episode crazy i love it so much,0,8,36,0,0,0,1.0,0,0,0.4215,1,0,1,0.0,0,1,0,5.0,0.0
ade5ef4e-9241-4da0-bab0-0a3db1729834,Foodpanda,Food Delivery,Unsa khan,Unknown,1,2025-10-18 13:26:09,Worst app ever. It has started to scam people which is very concerning. This app should be cancelled. Please be cautious because it will charge you double and not refund you money.,worst app ever. it has started to scam people which is very concerning. this app should be cancelled. please be cautious because it will charge you double and not refund you money.,0,32,180,0,0,0,0.875,0,1,-0.836,1,0,1,0.0,0,1,0,1.0,0.0
e8636da7-ab35-4072-8e01-e8565da86501,Foodpanda,Food Delivery,Asad Mehmood,Unknown,1,2025-10-18 14:10:03,"worst service. no option to chat with agent. no working solution in the help centre. help centre is showing different, app interface is different..","worst service. no option to chat with agent. no working solution in the help centre. help centre is showing different, app interface is different..",1,24,147,0,0,0,0.875,0,1,-0.6202,1,0,1,0.0,0,1,0,1.0,0.0
73f2c394-d11a-4653-aceb-7d0589507382,Foodpanda,Food Delivery,Ladicius Grader,Unknown,2,2025-10-18 15:05:17,Cancelled order with no explanation and voucher was used with no refund sadly.,cancelled order with no explanation and voucher was used with no refund sadly.,0,13,78,0,0,0,0.8461538461538461,0,0,-0.471,1,0,1,0.0,0,1,0,2.0,0.0
e41ca761-d984-4e01-b9f1-0fe82c498d02,Foodpanda,Food Delivery,MD Hasan,Unknown,5,2025-10-18 15:20:58,Good appe,good appe,0,2,9,0,0,0,1.0,0,1,0.4404,1,0,1,0.0,0,1,0,5.0,0.0
8d71a115-d0d6-46cc-9680-ab0be3bf20df,Foodpanda,Food Delivery,Muhammad Salman,Unknown,1,2025-10-18 16:06:44,useless app ... doesn't show any meaningful thing about restaurants in attock meanwhile advertisment shows they can deliver in the deserts lol..,useless app ... doesn't show any meaningful thing about restaurants in attock meanwhile advertisment shows they can deliver in the deserts lol..,0,22,144,0,0,0,0.9545454545454546,0,1,-0.2411,1,0,1,0.0,0,1,0,1.0,0.0
92179ce0-6fcc-4124-8a44-8d2f1d3adbef,Foodpanda,Food Delivery,awiX sacreD,Unknown,1,2025-10-18 16:27:56,There's a bug in its discount. After ordering using a discount it didn't activate and I paid full price please fix it.,there's a bug in its discount. after ordering using a discount it didn't activate and i paid full price please fix it.,1,22,118,0,0,0,0.9545454545454546,1,0,0.3182,1,0,1,0.0,0,1,0,1.0,0.0
bf15c1d9-62fc-4dea-b9c2-2a51b89864b3,Foodpanda,Food Delivery,Anosh khan,Unknown,4,2025-10-18 16:35:08,it's such a easy app,it's such a easy app,0,5,20,0,0,0,1.0,0,1,0.4404,1,0,1,0.0,0,1,0,4.0,0.0
83b5ef2a-9ea6-4ca2-a25b-785e5e56aa98,Foodpanda,Food Delivery,"Bautista, Nhico Bryone",Unknown,2,2025-10-18 16:46:04,biglang kinacancel yung order. sayang 1 hour na pag hihintay,biglang kinacancel yung order. sayang 1 hour na pag hihintay,1,10,60,0,0,0,1.0,0,0,0.0,1,0,1,0.0,0,1,0,2.0,0.0
be14dbe4-3cea-426d-834c-5cd676ccecc8,Foodpanda,Food Delivery,Ahsan Rajpoot,Unknown,5,2025-10-18 17:10:06,owsam,owsam,0,1,5,0,0,0,1.0,0,0,0.0,1,0,1,0.0,0,1,0,5.0,0.0
0bb2b99c-7a02-4864-bc06-a1e29b2f8b0d,Foodpanda,Food Delivery,Ariane Manalo,Unknown,1,2025-10-18 18:49:35,hindi dumating order ko,hindi dumating order ko,0,4,23,0,0,0,1.0,0,0,0.0,1,0,1,0.0,0,1,0,1.0,0.0
5f9491db-c7cd-4596-bda7-cb66b1fbe760,Foodpanda,Food Delivery,Chris Anderson,Unknown,5,2025-10-18 21:08:56,this is an amazing app,this is an amazing app,0,5,22,0,0,0,1.0,0,1,0.5859,1,0,1,0.0,0,1,0,5.0,0.0
f658f69d-1102-422f-b9b6-22470abb50e8,Foodpanda,Food Delivery,Touqeer chajjra,Unknown,5,2025-10-18 21:24:26,delicious food 😋,delicious food 😋,0,3,16,1,0,0,1.0,0,0,0.5719,1,0,1,0.0,0,1,0,5.0,0.0
f86421e9-8e47-480e-ba25-459464f299a0,Foodpanda,Food Delivery,MOHD REZA ABU HASSAN,Unknown,5,2025-10-19 01:30:43,Why rider angry when i want to pay via qr code,why rider angry when i want to pay via qr code,0,11,46,0,0,0,1.0,0,0,-0.5267,1,0,1,0.0,0,1,1,5.0,0.0
d3d0249f-6037-4fa7-8f01-16dd394b965f,Foodpanda,Food Delivery,SULLAGA CHONA,Unknown,5,2025-10-19 03:01:12,panda delivery is good easy and faster delivery 💕,panda delivery is good easy and faster delivery 💕,0,9,49,1,0,0,0.8888888888888888,0,0,0.8779,1,0,1,0.0,0,1,0,5.0,0.0
ddfbec49-ba0b-4367-b8ef-510239b8e794,Foodpanda,Food Delivery,Anthony Mercado,Unknown,5,2025-10-19 03:01:55,"no experience yet, soon when I ordered.","no experience yet, soon when i ordered.",0,7,39,0,0,0,1.0,0,0,-0.296,1,0,1,0.0,0,1,0,5.0,0.0
b262c7e0-684e-4a45-97a8-28abbda1789d,Foodpanda,Food Delivery,Maica Lacasandile,Unknown,1,2025-10-19 03:54:38,I received incomplete and spoiled orders and I can't get my refund. I UNINSTALLED IT NOW,i received incomplete and spoiled orders and i can't get my refund. i uninstalled it now,0,16,88,0,0,3,0.8125,1,0,0.0,1,0,1,0.0,0,1,0,1.0,0.0
cec3f080-de66-40a6-865e-94a310c8d63f,Foodpanda,Food Delivery,Kristine Caoagas,Unknown,1,2025-10-19 04:09:39,no customer support when you want to raise concern regarding your order. Paid priority and also a panda pro user but still waited 2 hrs for my food.,no customer support when you want to raise concern regarding your order. paid priority and also a panda pro user but still waited 2 hrs for my food.,0,28,148,0,0,0,1.0,0,0,-0.2684,1,0,1,0.0,0,1,0,1.0,0.0
0726fa1d-8af6-4f96-ac72-eddcd84376f8,Foodpanda,Food Delivery,MASOOD AHMED,Unknown,5,2025-10-19 04:17:41,Brilliant and fast service,brilliant and fast service,0,4,26,0,0,0,1.0,0,0,0.5859,1,0,1,0.0,0,1,0,5.0,0.0
3cedc652-1805-4bae-8de2-5a46759d3a67,Foodpanda,Food Delivery,Novalin Cris Bucatan,Unknown,5,2025-10-19 05:15:07,I love it talaga,i love it talaga,0,4,16,0,0,0,1.0,0,0,0.6369,1,0,1,0.0,0,1,0,5.0,0.0
bc4db59f-72b4-4b3c-9eca-d4005ebb3b60,Foodpanda,Food Delivery,Lloyd Rimando,Unknown,1,2025-10-19 06:15:26,hirap mag set ng address nakakadismaya,hirap mag set ng address nakakadismaya,0,6,38,0,0,0,1.0,0,0,0.0,1,0,1,0.0,0,1,0,1.0,0.0
0e60cec8-b84d-41ae-8274-a2d74f04b8bd,Foodpanda,Food Delivery,Tipu Patiya,Unknown,4,2025-10-19 06:27:15,goood,goood,0,1,5,0,0,0,1.0,0,0,0.0,1,0,1,0.0,0,1,0,4.0,0.0
bd54c75c-a53f-474f-8753-4571b856dbef,Foodpanda,Food Delivery,akma zakaria,Unknown,1,2025-10-19 06:39:10,Last minute cancel on promo code. not a good move.,last minute cancel on promo code. not a good move.,1,10,50,0,0,0,1.0,0,0,-0.5277,1,0,1,0.0,0,1,0,1.0,0.0
48f068e9-19c1-4204-a7ba-a62b70009dd7,Foodpanda,Food Delivery,Carla Ranilla Dela Peña,Unknown,5,2025-10-19 07:37:49,easy and fasr deliveries,easy and fasr deliveries,0,4,24,0,0,0,1.0,0,0,0.4404,1,0,1,0.0,0,1,0,5.0,0.0
cd367f80-338f-4bc3-9ba7-cb49ae22e593,Foodpanda,Food Delivery,Urbien Althea Zhane O.,Unknown,3,2025-10-19 08:07:50,this used to be a good app. what is happening now? bakit nawawala yung ibang restaurant sa app dominos pizza nalang yata ang natira?,this used to be a good app. what is happening now? bakit nawawala yung ibang restaurant sa app dominos pizza nalang yata ang natira?,0,24,132,0,0,0,1.0,0,1,0.504,1,0,1,0.0,0,1,0,3.0,0.0
3206ea07-c2ff-43ee-aa32-2ed978a37a75,Foodpanda,Food Delivery,aida maradia suni,Unknown,1,2025-10-19 08:07:55,bad system,bad system,0,2,10,0,0,0,1.0,0,0,-0.5423,1,0,1,0.0,0,1,0,1.0,0.0
62aa5862-6998-4376-bcd3-f4cba6f7d07a,Foodpanda,Food Delivery,Murtaza Rajpot,Unknown,5,2025-10-19 08:10:08,owsum app,owsum app,0,2,9,0,0,0,1.0,0,1,0.0,1,0,1,0.0,0,1,0,5.0,0.0
6a84b882-de64-4c0e-8da4-c2c1abc75042,Foodpanda,Food Delivery,Jeseanette Jaro,Unknown,5,2025-10-19 08:47:05,Before And Back App Comment From City Of Dasmariñas Province Of Cavite,before and back app comment from city of dasmariñas province of cavite,0,12,70,0,0,0,0.9166666666666666,0,1,0.0,1,0,1,0.0,0,1,0,5.0,0.0
c187c485-760e-4d46-8b19-83d92096448b,Foodpanda,Food Delivery,Kyle Alegarbes,Unknown,1,2025-10-19 08:56:30,delivery takes too long I payed charge fee for my order to be prioritized but it took me hours of waiting until now it still not delivered😡,delivery takes too long i payed charge fee for my order to be prioritized but it took me hours of waiting until now it still not delivered😡,1,27,139,1,0,0,0.9629629629629629,0,0,0.0,1,0,1,0.0,0,1,0,1.0,0.0
3a07db88-bb82-405b-addd-3876eba08574,Foodpanda,Food Delivery,Syazana,Unknown,1,2025-10-19 09:54:16,"kata 5-20 minit je tapi sejam lebih gila, baik takyah buat kerja😅😅😅😅","kata 5-20 minit je tapi sejam lebih gila, baik takyah buat kerja😅😅😅😅",0,12,68,4,0,0,1.0,0,1,0.8402,1,0,1,0.0,0,1,1,1.0,0.0
15140522-2d8c-4d7c-ad4d-f12a335eb27a,Foodpanda,Food Delivery,Johnjohn Gwapo,Unknown,5,2025-10-19 11:11:58,verry confidence,verry confidence,0,2,16,0,0,0,1.0,0,0,0.5106,1,0,1,0.0,0,1,0,5.0,0.0
65a76b27-1e8a-4e8a-b78b-b9ec772d4f86,Foodpanda,Food Delivery,ThinnSelf,Unknown,1,2025-10-19 11:18:50,always delayed orders. I have waited an hour and it just cancelled my order without noticing.,always delayed orders. i have waited an hour and it just cancelled my order without noticing.,0,16,93,0,0,0,1.0,0,0,-0.4404,1,0,1,0.0,0,1,0,1.0,0.0
1114c997-f86e-4f2e-89ef-9da2843b3ff2,Foodpanda,Food Delivery,Ryuki R423,Unknown,1,2025-10-19 12:08:07,"weak at solving problems, the agents just like bots, reply on the same explanation when you ask them.","weak at solving problems, the agents just like bots, reply on the same explanation when you ask them.",0,18,101,0,0,0,0.9444444444444444,0,0,-0.1779,1,0,1,0.0,0,1,0,1.0,0.0
3e24d387-c868-4208-90ce-ad19f74b61e9,Foodpanda,Food Delivery,rio kudachi,Unknown,1,2025-10-19 12:21:19,bagal ng app nyo hirap mag pa deliver kada step nag loloading pa ng matagal umay.,bagal ng app nyo hirap mag pa deliver kada step nag loloading pa ng matagal umay.,0,16,81,0,0,0,0.875,0,1,-0.3612,1,0,1,0.0,0,1,0,1.0,0.0
6e22226c-f487-49c5-8f49-e847b9373716,Foodpanda,Food Delivery,j DL,Unknown,1,2025-10-19 12:37:19,"poor service. I've waited for 2hrs,!!!","poor service. i've waited for 2hrs,!!!",0,6,38,0,0,0,1.0,0,0,-0.6093,1,0,1,0.0,0,1,0,1.0,0.0
71f4bb74-37be-4259-9140-cb469b588c72,Foodpanda,Food Delivery,Shamsur Rahman,Unknown,2,2025-10-19 12:42:29,office ri open for lb Pdp,office ri open for lb pdp,0,6,25,0,0,0,1.0,0,0,0.0,1,0,1,0.0,0,1,0,2.0,0.0
63b2144f-0d21-4be6-b284-580fcf8b0b43,Foodpanda,Food Delivery,YZELLE LACSON,Unknown,5,2025-10-19 12:48:25,nice and the rider is good 👍,nice and the rider is good 👍,0,7,28,1,0,0,1.0,0,0,0.6908,1,0,1,0.0,0,1,0,5.0,0.0
2cac0c1e-9094-4e5b-ad0b-c4641ff604e8,Foodpanda,Food Delivery,Oon Mayy,Unknown,5,2025-10-19 12:57:21,"Foodpanda, Choice for me when want order meal","foodpanda, choice for me when want order meal",0,8,45,0,0,0,1.0,0,0,0.0772,1,0,1,0.0,0,1,0,5.0,0.0
6c9e82ec-61e8-46a4-9ea3-af30e3db5542,Foodpanda,Food Delivery,Raju Bhai,Unknown,5,2025-10-19 13:56:52,easy to find food,easy to find food,0,4,17,0,0,0,1.0,0,0,0.4404,1,0,1,0.0,0,1,0,5.0,0.0
c0fa981c-a7cb-400e-a0ab-89998fca8688,Foodpanda,Food Delivery,Furukh Furukh,Unknown,4,2025-10-19 14:06:16,zaberdas app food Panda Ezy baying Kuch bi house me beth ker injoy,zaberdas app food panda ezy baying kuch bi house me beth ker injoy,0,13,66,0,0,0,1.0,0,1,0.0,1,0,1,0.0,0,1,0,4.0,0.0
ba6daf84-6263-45e2-a549-f06367b3e701,Foodpanda,Food Delivery,Mark ed,Unknown,2,2025-10-19 14:49:04,Most of deliveries were delayed in my experience. I had one order that got delayed for 2hrs and they just gave 50peso voucher as compensation. CS also hard to navigate in the app.,most of deliveries were delayed in my experience. i had one order that got delayed for 2hrs and they just gave 50peso voucher as compensation. cs also hard to navigate in the app.,0,33,179,0,0,1,0.9393939393939394,0,1,-0.4939,1,0,1,0.0,0,1,0,2.0,0.0
99ded06f-ae2e-43b7-a63a-9e87605dd645,Foodpanda,Food Delivery,Muhammad Awais,Unknown,5,2025-10-19 15:22:27,A food delivery app with a wide restaurant selection and frequent promotions; fast and easy to use.,a food delivery app with a wide restaurant selection and frequent promotions; fast and easy to use.,0,17,99,0,0,0,0.8823529411764706,0,1,0.4404,1,0,1,0.0,0,1,0,5.0,0.0
aecf358d-f9e5-4ec8-a4da-334e76743adb,Foodpanda,Food Delivery,Muhammad waqas Khan,Unknown,5,2025-10-19 17:23:53,very good platform,very good platform,0,3,18,0,0,0,1.0,0,0,0.4927,1,0,1,0.0,0,1,0,5.0,0.0
4cf4c08f-a514-4679-9ad5-87b3f4caf383,Foodpanda,Food Delivery,Rabia Awan,Unknown,5,2025-10-19 18:56:37,foodpandaaa best app four house wife simple select prodect and 30.45 mint deliver your house im soo happy for foodpandaaa my always blees u 🥰🥰🥰,foodpandaaa best app four house wife simple select prodect and 30.45 mint deliver your house im soo happy for foodpandaaa my always blees u 🥰🥰🥰,0,25,143,3,0,0,0.92,0,1,0.9846,1,0,1,0.0,0,1,0,5.0,0.0
b85a42e3-941c-4ba3-9ab6-06e91ed5796d,Foodpanda,Food Delivery,Nazilatul hasanah Sulaiman,Unknown,5,2025-10-19 19:56:05,aplikasi yang bagus,aplikasi yang bagus,0,3,19,0,0,0,1.0,0,0,0.0,1,0,1,0.0,0,1,0,5.0,0.0
e447d28d-f1d0-42b8-b404-526f69df7226,Foodpanda,Food Delivery,Bushra Jamil,Unknown,3,2025-10-19 20:13:12,average,average,0,1,7,0,0,0,1.0,0,0,0.0,1,0,1,0.0,0,1,0,3.0,0.0
ac453eb0-7dcb-4b74-9ce3-455f3a88b291,Foodpanda,Food Delivery,Samia Tanvir,Unknown,4,2025-10-19 21:46:11,it's so good platform to deliver food any where you guys doing good job 👏 👍,it's so good platform to deliver food any where you guys doing good job 👏 👍,0,16,75,2,0,0,0.9375,0,0,0.7264,1,0,1,0.0,0,1,0,4.0,0.0
9f2e0cd2-33b1-4a72-8ce9-c51828bd8289,Foodpanda,Food Delivery,Malik Nadeem,Unknown,5,2025-10-19 21:59:49,Bss presentation bht buri hy Foodpanda ki Baki taste acha hota hy,bss presentation bht buri hy foodpanda ki baki taste acha hota hy,0,12,65,0,0,0,0.9166666666666666,0,1,0.0,1,0,1,0.0,0,1,0,5.0,0.0
4f462201-cdce-42ea-aa87-6f6ccaa11105,Foodpanda,Food Delivery,ElangGame Ar,Unknown,2,2025-10-20 03:06:20,"this apps loves take our money, sometimes takes twice from bank account, refund need extra effort, and the price is more expensive","this apps loves take our money, sometimes takes twice from bank account, refund need extra effort, and the price is more expensive",0,22,130,0,0,0,1.0,0,1,0.5719,1,0,1,0.0,0,1,1,2.0,0.0
491ef385-5fe1-4489-a8be-b5b192861ad4,Foodpanda,Food Delivery,Aman Kashyap,Unknown,5,2025-10-20 05:19:13,Consequently the app is mostly designed in a way where we can easily locate our need.,consequently the app is mostly designed in a way where we can easily locate our need.,0,16,85,0,0,0,1.0,0,1,0.34,1,0,1,0.0,0,1,0,5.0,0.0
7ec31aac-ecf1-41e4-91f2-fd4f8c05e613,Foodpanda,Food Delivery,Maryjoy Dagandar,Unknown,5,2025-10-20 05:41:26,satisfied,satisfied,0,1,9,0,0,0,1.0,0,0,0.4215,1,0,1,0.0,0,1,0,5.0,0.0
763bde6b-acb8-4c9f-aa9a-7576e2f68170,Foodpanda,Food Delivery,Kavitha Kavi,Unknown,5,2025-10-20 06:15:53,Good.,good.,0,1,5,0,0,0,1.0,0,0,0.4404,1,0,1,0.0,0,1,0,5.0,0.0
0e822e2b-264f-4f26-a01c-b4b3211e016e,Foodpanda,Food Delivery,Farhan Ijaz,Unknown,5,2025-10-20 09:54:34,good job food panda,good job food panda,0,4,19,0,0,0,1.0,0,0,0.4404,1,0,1,0.0,0,1,0,5.0,0.0
71e37ada-9968-482b-8c3d-406612edaac8,Foodpanda,Food Delivery,L T,Unknown,5,2025-10-20 11:20:55,Great app!,great app!,0,2,10,0,0,0,1.0,0,1,0.6588,1,0,1,0.0,0,1,0,5.0,0.0
87a5bdf4-8669-47b6-bfc3-fd6eb6fe415e,Foodpanda,Food Delivery,linda emmy,Unknown,5,2025-10-20 11:44:56,good and helpfull,good and helpfull,0,3,17,0,0,0,1.0,0,0,0.4404,1,0,1,0.0,0,1,0,5.0,0.0
dcb71a17-fb3f-4069-bfb9-5270d04dcedb,Foodpanda,Food Delivery,Arsalan Siddiqui,Unknown,1,2025-10-20 12:22:29,"phly inki customer service achi thi, ab bilkul bhi customer satisfaction pr dehan nhi hy.","phly inki customer service achi thi, ab bilkul bhi customer satisfaction pr dehan nhi hy.",0,15,89,0,0,0,0.9333333333333333,0,0,0.4404,1,0,1,0.0,0,1,0,1.0,0.0
1f4371c1-116b-4941-b925-4db0535c56fd,Foodpanda,Food Delivery,Kenny Ibcas,Unknown,5,2025-10-20 13:00:39,"Very convenient especially during inconvenient situations, Such a big help!","very convenient especially during inconvenient situations, such a big help!",0,10,75,0,0,0,1.0,0,0,0.0807,1,0,1,0.0,0,1,0,5.0,0.0
960104cb-aef1-4a05-8886-f1fe1659428f,Foodpanda,Food Delivery,Musa Bangash,Unknown,5,2025-10-20 13:12:31,very fast and good service. highly recommended,very fast and good service. highly recommended,0,7,46,0,0,0,1.0,0,0,0.6436,1,0,1,0.0,0,1,0,5.0,0.0
5678f25a-c86c-4e6e-857c-7e25818f7709,Foodpanda,Food Delivery,Laiba Basheer,Unknown,5,2025-10-20 13:31:30,run very fast and very panctual,run very fast and very panctual,0,6,31,0,0,0,0.8333333333333334,0,0,0.0,1,0,1,0.0,0,1,0,5.0,0.0
24318e1d-58e3-480d-8467-75d482658c4d,Foodpanda,Food Delivery,Thiloshiny Arumugam,Unknown,5,2025-10-20 13:34:35,easy to book food,easy to book food,0,4,17,0,0,0,1.0,0,0,0.4404,1,0,1,0.0,0,1,0,5.0,0.0
21eb1458-ae89-4cfb-9081-9b83be5b457b,Foodpanda,Food Delivery,karwei 02,Unknown,1,2025-10-20 14:07:03,"Road block tak sampai, cancel order salah saya ke, tu rider pun kurangajak","road block tak sampai, cancel order salah saya ke, tu rider pun kurangajak",0,13,74,0,0,0,1.0,0,0,-0.5994,1,0,1,0.0,0,1,0,1.0,0.0
c3dfcd9d-8400-47ba-aa15-c24bb0d878d4,Foodpanda,Food Delivery,Meme Uploader,Unknown,2,2025-10-20 14:32:16,support on the app is so bad that it can be an example of how not to treat your subscription paying customers,support on the app is so bad that it can be an example of how not to treat your subscription paying customers,0,22,109,0,0,0,1.0,0,1,-0.6186,1,0,1,0.0,0,1,0,2.0,0.0
78ff647b-3488-4cac-93e4-cc1ccb456c79,Foodpanda,Food Delivery,"POLIDARIO, ALIAH DAYNE S.",Unknown,1,2025-10-20 14:33:35,FOOD PANDA IS A SCAM. THEY DELIVER INCOMPLETE ORDERS AND REFUSE TO REFUND FOR THE LOST ITEMS.,food panda is a scam. they deliver incomplete orders and refuse to refund for the lost items.,0,17,93,0,0,16,1.0,0,0,-0.802,1,0,1,0.0,0,1,0,1.0,0.0
17b70559-cc57-483d-9e1a-7e6f2aa8fddb,Foodpanda,Food Delivery,Faiq Rosle,Unknown,1,2025-10-20 14:36:37,makanan aku mana oii,makanan aku mana oii,0,4,20,0,0,0,1.0,0,0,0.0,1,0,1,0.0,0,1,0,1.0,0.0
3ae41ab0-1983-4248-80f8-0eb390106378,Foodpanda,Food Delivery,NO NAME,Unknown,1,2025-10-20 15:06:07,address is not matching,address is not matching,0,4,23,0,0,0,1.0,0,0,0.0,1,0,1,0.0,0,1,0,1.0,0.0
b7a7c4ad-27ce-4964-93f8-d5c087efdf1b,Foodpanda,Food Delivery,Zulfitri Abdullah,Unknown,1,2025-10-20 15:30:23,If you want to cancel my order don't make me wait 40 mins cb,if you want to cancel my order don't make me wait 40 mins cb,0,14,60,0,0,0,1.0,0,0,-0.1779,1,0,1,0.0,0,1,0,1.0,0.0
cc9e2a6b-f6a5-45ef-a68c-7e24c3ff866a,Foodpanda,Food Delivery,chie,Unknown,1,2025-10-20 15:40:24,MAGNANAKAW NG PERA POTANGINA NINYO!!!!!!!!!!,magnanakaw ng pera potangina ninyo!!!!!!!!!!,0,5,44,0,0,5,1.0,0,0,0.0,1,0,1,0.0,0,1,0,1.0,0.0
8c2ca4de-5591-4934-95c4-aa25fbfa3f12,Foodpanda,Food Delivery,RR Cabuhat,Unknown,1,2025-10-20 15:46:15,Pandamart sucks. Umorder aq ng milk ng anak ko pinadala sakin lumang stock ung milk powder nagbubuo buo na tapos hirap magpa refund. Baby ang iinom tapos ganyn.,pandamart sucks. umorder aq ng milk ng anak ko pinadala sakin lumang stock ung milk powder nagbubuo buo na tapos hirap magpa refund. baby ang iinom tapos ganyn.,0,28,160,0,0,0,0.8928571428571429,0,0,-0.3612,1,0,1,0.0,0,1,0,1.0,0.0
58352cb1-89ee-4578-86d2-36e4fa1df864,Foodpanda,Food Delivery,Eyfafify95 Eyfa,Unknown,1,2025-10-20 16:29:57,worst service ever!!!!!!!,worst service ever!!!!!!!,0,3,25,0,0,0,1.0,0,0,-0.7405,1,0,1,0.0,0,1,0,1.0,0.0
8a620993-1c9e-4b0b-bb8a-de86ee7a5990,Foodpanda,Food Delivery,Luisitojr Larin,Unknown,5,2025-10-20 16:46:01,wow na wow,wow na wow,0,3,10,0,0,0,0.6666666666666666,0,0,0.8225,1,0,1,0.0,0,1,0,5.0,0.0
cd3d2188-048d-487e-8196-483fe70fd247,Foodpanda,Food Delivery,रावण Rajput Official,Unknown,1,2025-10-20 16:49:59,villege me to location nhi kar Raha hai bekar bakvas,villege me to location nhi kar raha hai bekar bakvas,0,10,52,0,0,0,1.0,0,1,0.0,1,0,1,0.0,0,1,0,1.0,0.0
f37842ab-ebc2-4af5-9d85-05ad720453b1,Foodpanda,Food Delivery,Asher Saleem bhatti,Unknown,4,2025-10-20 17:28:46,this app is very easy app to order our delivery,this app is very easy app to order our delivery,0,10,47,0,0,0,0.9,0,1,0.4927,1,0,1,0.0,0,1,0,4.0,0.0
163da5bc-643a-4c80-9d98-605082901a04,Foodpanda,Food Delivery,Laiba Farrukh,Unknown,5,2025-10-20 17:54:17,chiii,chiii,0,1,5,0,0,0,1.0,0,0,0.0,1,0,1,0.0,0,1,0,5.0,0.0
abf04d79-57b7-45ec-a8ba-9471d61c1272,Foodpanda,Food Delivery,Ronejay Lagarde,Unknown,1,2025-10-20 18:26:04,INCOMPLETE ORDER,incomplete order,0,2,16,0,0,2,1.0,0,0,0.0,1,0,1,0.0,0,1,0,1.0,0.0
8522333f-cad8-4a74-8dde-5e942391f65d,Foodpanda,Food Delivery,Abood Ejaz Ahmed,Unknown,5,2025-10-20 21:33:31,sloosoo,sloosoo,0,1,7,0,0,0,1.0,0,0,0.0,1,0,1,0.0,0,1,0,5.0,0.0
8817a7fc-9fae-416a-8423-3a20a53306c6,Foodpanda,Food Delivery,Arshad Khan,Unknown,2,2025-10-20 22:27:43,deserve 2 stars thats it,deserve 2 stars thats it,0,5,24,0,0,0,1.0,0,0,0.0,1,0,1,0.0,0,1,0,2.0,0.0
5250135c-a6e9-4e4d-a600-c159268bed6b,Foodpanda,Food Delivery,Jet Jaspher Alto,Unknown,4,2025-10-21 01:36:44,medyo mahal lang ang fee 😅😅 pero the services is commendable ❤️😊,medyo mahal lang ang fee 😅😅 pero the services is commendable ❤️😊,0,12,64,3,0,0,1.0,0,0,0.875,1,0,1,0.0,0,1,0,4.0,0.0
0efff3a4-214c-420c-b8b4-55b4536ab9ba,Foodpanda,Food Delivery,Muhammad Izzat,Unknown,1,2025-10-21 01:40:22,"pay more expensive fare just for rider make 2 more stops. very smart you people. edit: again, so useless","pay more expensive fare just for rider make 2 more stops. very smart you people. edit: again, so useless",0,19,104,0,0,0,0.9473684210526315,0,0,-0.3925,1,0,1,0.0,0,1,0,1.0,0.0
43af7a34-ef4f-4940-8f70-92cba2d62696,Foodpanda,Food Delivery,syed Faheembukhari 123,Unknown,1,2025-10-21 03:39:27,Thanks foodpanda,thanks foodpanda,0,2,16,0,0,0,1.0,0,0,0.4404,1,0,1,0.0,0,1,0,1.0,0.0
03df087f-e792-45f7-9899-acd3b981dc08,Foodpanda,Food Delivery,Hazrain,Unknown,3,2025-10-21 03:57:30,l llillllllo lo,l llillllllo lo,0,3,15,0,0,0,1.0,0,0,0.4588,1,0,1,0.0,0,1,0,3.0,0.0
90c36be3-deb4-4f35-8a53-94a04673e26b,Foodpanda,Food Delivery,Harshitha,Unknown,5,2025-10-21 05:50:04,"I have been using it for a while, and food is delivering without any delay.","i have been using it for a while, and food is delivering without any delay.",1,15,75,0,0,0,1.0,0,0,0.2411,1,0,1,0.0,0,1,0,5.0,0.0
fe24d436-a079-4650-b757-75db079d20ad,Foodpanda,Food Delivery,RMR VENTURES PROPERTIES,Unknown,4,2025-10-21 06:06:57,"LITERALLY NOT BAD AT ALL... BUT COULD BE IMPROVED... ( E.G : BY STATING SELLERS & RIDER'S CONTACT NUMBER FOR EASIER COMMUNICATION IF SOMETHING WENT WRONG WITH THE ORDERS, ETC.... )","literally not bad at all... but could be improved... ( e.g : by stating sellers & rider's contact number for easier communication if something went wrong with the orders, etc.... )",0,31,180,0,0,27,1.0,0,0,0.7248,1,0,1,0.0,0,1,0,4.0,0.0
8b94d93e-2157-4f38-ac12-f27c0dfbfbbf,Foodpanda,Food Delivery,Samayna taehyung,Unknown,5,2025-10-21 08:45:02,This is my life saver app. Great when you’re lazy and want food fast; lots of options but sometimes delivery time or condition of food can disappoint.,this is my life saver app. great when you’re lazy and want food fast; lots of options but sometimes delivery time or condition of food can disappoint.,0,27,150,0,0,0,0.9259259259259259,0,1,-0.3818,1,0,1,0.0,0,1,0,5.0,0.0
32765319-3bd3-40c6-be81-e063220890dc,Foodpanda,Food Delivery,Memon Memon,Unknown,1,2025-10-21 09:15:20,not loading properly. technical issue since yesterday. I can't order even tho my internet work great but still not loading pages. not working properly please fix this.,not loading properly. technical issue since yesterday. i can't order even tho my internet work great but still not loading pages. not working properly please fix this.,0,27,167,0,0,0,0.8888888888888888,0,0,0.0276,1,0,1,0.0,0,1,0,1.0,0.0
fd7ce642-9504-485d-8997-bd3021da8293,Foodpanda,Food Delivery,Jaz,Unknown,4,2025-10-21 09:26:14,good app,good app,0,2,8,0,0,0,1.0,0,1,0.4404,1,0,1,0.0,0,5,0,4.0,0.0
b58f5b12-2cbf-4e59-8e44-2e1427441fc6,Foodpanda,Food Delivery,margret,Unknown,5,2025-10-21 09:39:04,"This app is very useful, fast, and reliable in Asian countries. It is user friendly, easy to browse through a wide variety of restaurants and cuisines! Delivery service is good and orders arrive on time!","this app is very useful, fast, and reliable in asian countries. it is user friendly, easy to browse through a wide variety of restaurants and cuisines! delivery service is good and orders arrive on time!",6,35,203,0,0,0,0.8857142857142857,0,1,0.9149,1,0,1,0.0,0,1,0,5.0,0.0
25418a25-eedc-4746-a48d-0aa75ecc56df,Foodpanda,Food Delivery,Anbu Arul,Unknown,5,2025-10-21 09:45:42,very good app,very good app,0,3,13,0,0,0,1.0,0,1,0.4927,1,0,1,0.0,0,2,0,5.0,0.0
f6cec67d-b0ff-4db3-aab8-ff7d054ce231,Foodpanda,Food Delivery,Umar hayyat electrician,Unknown,5,2025-10-21 10:11:23,zbar dast,zbar dast,0,2,9,0,0,0,1.0,0,0,0.0,1,0,1,0.0,0,1,0,5.0,0.0
11099cd6-5de0-4d55-8dba-091979867963,Foodpanda,Food Delivery,Dua Younus,Unknown,3,2025-10-21 10:33:23,please available vegetables,please available vegetables,0,3,27,0,0,0,1.0,0,0,0.3182,1,0,1,0.0,0,1,0,3.0,0.0
3ffbbcb6-c45c-49b8-ae95-3f51bc319d42,Foodpanda,Food Delivery,Dominic Parkhurst,Unknown,5,2025-10-21 12:20:30,I love poen,i love poen,0,3,11,0,0,0,1.0,0,0,0.6369,1,0,1,0.0,0,1,0,5.0,0.0
1f141e81-8b51-4f2b-9b85-503690d24dac,Foodpanda,Food Delivery,Lawrence Barnes,Unknown,5,2025-10-21 12:34:28,Food was excellent!,food was excellent!,0,3,19,0,0,0,1.0,0,0,0.6114,1,0,1,0.0,0,1,0,5.0,0.0
6437f6e9-a106-484c-ba38-538460796fe1,Foodpanda,Food Delivery,Usman Majeed,Unknown,1,2025-10-21 12:37:54,very bad review because I order a biryani but Rider was not come I already payment for biryani I used it 1 time I have also proof off order,very bad review because i order a biryani but rider was not come i already payment for biryani i used it 1 time i have also proof off order,0,29,139,0,0,0,0.8275862068965517,0,0,-0.3392,1,0,1,0.0,0,1,0,1.0,0.0
a4a5695d-0d74-448b-9110-9ab4246dfb46,Foodpanda,Food Delivery,Bilal Bhatti,Unknown,5,2025-10-21 12:40:04,quick service for house lady i suggest all time choose food panda I love it😇🫠,quick service for house lady i suggest all time choose food panda i love it😇🫠,0,15,77,2,0,0,0.9333333333333333,0,0,0.802,1,0,1,0.0,0,1,0,5.0,0.0
555b44e6-0360-4e5b-85b4-dbbe63c99e63,Foodpanda,Food Delivery,Abdul Hannan,Unknown,4,2025-10-21 12:47:26,need more fast delivery...,need more fast delivery...,0,4,26,0,0,0,1.0,0,0,0.0,1,0,1,0.0,0,1,0,4.0,0.0
c2788b7f-fda0-4e79-b541-30804e8aa992,Foodpanda,Food Delivery,MD SAZZAD ALI SHEIKH,Unknown,1,2025-10-21 12:53:47,আপ এএ কেন আমি মানুষ কি না প্রমান করতে হবে? ফালতু সিস্টেম মাইনাস স্টার দেওয়ার অপশন থাকলে -100 স্টার দিতাম 🤬🤬🤬🤬🤬🤬🤬,আপ এএ কেন আমি মানুষ কি না প্রমান করতে হবে? ফালতু সিস্টেম মাইনাস স্টার দেওয়ার অপশন থাকলে -100 স্টার দিতাম 🤬🤬🤬🤬🤬🤬🤬,0,21,113,7,0,0,0.9523809523809523,0,0,0.0,1,0,1,0.0,0,1,0,1.0,0.0
eecc5497-65ae-4e20-9020-a6302580a901,Foodpanda,Food Delivery,Noe Jr Roy,Unknown,1,2025-10-21 13:47:29,"I've waited for an hour for my order then cancelled after a freaking hour of Waiting. experienced this 4 times already, and we can't even report them? didn't even received a refund from my cancelled order","i've waited for an hour for my order then cancelled after a freaking hour of waiting. experienced this 4 times already, and we can't even report them? didn't even received a refund from my cancelled order",2,36,204,0,0,0,0.8055555555555556,0,0,-0.7003,1,0,1,0.0,0,1,0,1.0,0.0
c5476a35-fd48-40fb-a66a-fd89a0f06b10,Foodpanda,Food Delivery,M Atif,Unknown,5,2025-10-21 14:31:50,Best 👌,best 👌,0,2,6,1,0,0,1.0,0,0,0.8842,1,0,1,0.0,0,1,0,5.0,0.0
6a27685f-dce3-47f8-94ec-982c1295eb66,Foodpanda,Food Delivery,Srinivasan DJ,Unknown,5,2025-10-21 14:57:21,Pangsapuri Desa Tenaga,pangsapuri desa tenaga,0,3,22,0,0,0,1.0,0,0,0.0,1,0,1,0.0,0,1,0,5.0,0.0
6f385330-47a4-4096-95f7-ab10813a05df,Foodpanda,Food Delivery,Unsa Talpur,Unknown,1,2025-10-21 14:58:53,not so good give voucher to make every way impossible to use it like ( this voucher to not applied for this delivery method),not so good give voucher to make every way impossible to use it like ( this voucher to not applied for this delivery method),0,24,124,0,0,0,0.7916666666666666,0,1,-0.0317,1,0,1,0.0,0,1,0,1.0,0.0
5cf6a9a2-892f-4715-9808-292b96398809,Foodpanda,Food Delivery,Yan Udeen,Unknown,4,2025-10-21 15:06:56,sy oder kentang putar tp smpai coleslaw,sy oder kentang putar tp smpai coleslaw,0,7,39,0,0,0,1.0,0,0,0.0,1,0,1,0.0,0,1,0,4.0,0.0
02b45b60-6b5b-4180-ba2c-53a2457458fb,Foodpanda,Food Delivery,abeq syed,Unknown,1,2025-10-21 15:41:41,"multiple times the app screws up, order doesn't get logged in (some network error) but money is removed from my account which never gets refunded (I waited 30 days)","multiple times the app screws up, order doesn't get logged in (some network error) but money is removed from my account which never gets refunded (i waited 30 days)",0,29,164,0,0,1,1.0,0,1,-0.3291,1,0,1,0.0,0,1,0,1.0,0.0
b144f0b4-4adc-4068-89c4-d97e1bf232f5,Foodpanda,Food Delivery,Abid Nazir,Unknown,5,2025-10-21 18:26:53,Masha-Allah all is good,masha-allah all is good,0,4,23,0,0,0,1.0,0,0,0.4404,1,0,1,0.0,0,1,0,5.0,0.0
7fa07892-738e-4a5e-bed5-a40c283331aa,Foodpanda,Food Delivery,Sara Khan,Unknown,5,2025-10-21 18:28:00,It is so easy to make account and order is come too fast I just like this app no need to go outside it's perfect app for me,it is so easy to make account and order is come too fast i just like this app no need to go outside it's perfect app for me,2,28,123,0,0,0,0.8928571428571429,0,1,0.829,1,0,1,0.0,0,1,0,5.0,0.0
d9153359-b9c2-47cc-8e4d-85250232e159,Foodpanda,Food Delivery,Ventusok Mlbb,Unknown,5,2025-10-21 18:55:05,yey ganda may pa voucher pa sa new user!,yey ganda may pa voucher pa sa new user!,0,9,40,0,0,0,0.8888888888888888,0,0,0.0,1,0,1,0.0,0,1,0,5.0,0.0
5320880a-f355-4a01-919d-a90b7aece86d,Foodpanda,Food Delivery,Usama Kayani,Unknown,1,2025-10-21 18:59:53,"Foodpanda is becoming a cheater mafia because they don't show vouchers during time period once the time ends the vouchers become visible, like after11pm not show after 11 and Friday show whole week except friday","foodpanda is becoming a cheater mafia because they don't show vouchers during time period once the time ends the vouchers become visible, like after11pm not show after 11 and friday show whole week except friday",0,35,211,0,0,0,0.8285714285714286,0,0,-0.25,1,0,1,0.0,0,1,0,1.0,0.0
9df82b6f-e462-4d68-8ad8-a8371bb4d70d,Foodpanda,Food Delivery,A Google user,Unknown,1,2025-10-21 19:53:27,"Stop making riders pay for bag and tshirts. You should be providing it along with a cycle. It's utterly inhuman to make them walk for so many kms. They are helpless, stop exploiting them.","stop making riders pay for bag and tshirts. you should be providing it along with a cycle. it's utterly inhuman to make them walk for so many kms. they are helpless, stop exploiting them.",0,34,187,0,0,0,0.9411764705882353,0,0,-0.8658,1,0,4,1165535.0,0,1,0,2.25,1.8929694486000912
4b56325c-e06a-4729-8dd1-50aba0d86958,Foodpanda,Food Delivery,Ayesha Rana,Unknown,1,2025-10-21 20:13:56,Worst app. I'm not even able to add my address. Only loading loading loading.....,worst app. i'm not even able to add my address. only loading loading loading.....,0,14,81,0,0,0,0.9285714285714286,0,1,-0.6249,1,0,1,0.0,0,1,0,1.0,0.0
5d0eea3b-8952-41d7-9a7b-5f0d3e0e6dd2,Foodpanda,Food Delivery,Spandan Das,Unknown,5,2025-10-21 20:56:15,very good food app,very good food app,0,4,18,0,0,0,1.0,0,1,0.4927,1,0,1,0.0,0,1,0,5.0,0.0
5c44becc-d754-4bba-97b3-c0172b50e76d,Foodpanda,Food Delivery,Kaniz Subarna,Unknown,5,2025-10-21 21:20:09,Thank you food panda. Always food panday khabar order kori. Best app.,thank you food panda. always food panday khabar order kori. best app.,0,12,69,0,0,0,0.9166666666666666,0,1,0.7717,1,0,1,0.0,0,1,0,5.0,0.0
7443a780-5dea-431a-a472-add5f85db10f,Foodpanda,Food Delivery,clo ver,Unknown,5,2025-10-22 00:34:06,can upgrade shop supermarket please and pets shop all of stuff for easy for order ..5 star,can upgrade shop supermarket please and pets shop all of stuff for easy for order ..5 star,2,17,90,0,0,0,0.8823529411764706,0,0,0.6369,1,0,1,0.0,0,1,0,5.0,0.0
a4b841b2-8058-4478-aa3d-03a9fc31824c,Foodpanda,Food Delivery,Mujahid Ali,Unknown,1,2025-10-22 01:45:39,seraf ad's athy hai or play b ni ho rah,seraf ad's athy hai or play b ni ho rah,0,10,39,0,0,0,1.0,0,1,0.34,1,0,1,0.0,0,1,0,1.0,0.0
803800ed-66f0-49ff-bc17-ea58074f3493,Foodpanda,Food Delivery,Anonymous Avanger,Unknown,1,2025-10-22 02:23:56,There must be a way of deleting user's personal data like email and phone number when you intend to delete the app.,there must be a way of deleting user's personal data like email and phone number when you intend to delete the app.,0,22,115,0,0,0,1.0,0,1,0.4215,1,0,1,0.0,0,1,0,1.0,0.0
0735cb5f-79e6-4f0c-a4c0-d9021fb4a950,Foodpanda,Food Delivery,Hein Htut,Unknown,3,2025-10-22 03:19:40,"များသောအားဖြင့် အဆင်ပြေပါတယ်၊အခုတခါ errorတတ်ပြီး အော်ဒါတခုကို ၂ခါတတ်ပြီး ၂ခါလာပို့တာ ၊ Cancelလည်း လုပ်မရ, လခွမ်း","များသောအားဖြင့် အဆင်ပြေပါတယ်၊အခုတခါ errorတတ်ပြီး အော်ဒါတခုကို ၂ခါတတ်ပြီး ၂ခါလာပို့တာ ၊ cancelလည်း လုပ်မရ, လခွမ်း",0,10,112,0,0,0,1.0,0,0,0.0,1,0,1,0.0,0,1,0,3.0,0.0
24267804-a750-47ea-ab5a-d5803e49c062,Foodpanda,Food Delivery,Lejend 888,Unknown,1,2025-10-22 03:22:12,Da la salah hantar makan org..Rider plk nk cepat2.sekali salah bagi.Order lain dpt lain.Bodoh!Bila da tunjuk bukti resit makanan semua kat CS kata xboleh refund.BABI BANGSAT!,da la salah hantar makan org..rider plk nk cepat2.sekali salah bagi.order lain dpt lain.bodoh!bila da tunjuk bukti resit makanan semua kat cs kata xboleh refund.babi bangsat!,0,26,174,0,0,2,0.9230769230769231,0,0,0.0,1,0,1,0.0,0,1,0,1.0,0.0
54ec88c8-9ea1-4f23-9c47-e68da70b244d,Foodpanda,Food Delivery,Aung San Htay,Unknown,1,2025-10-22 03:54:43,The baddest app I ever seen,the baddest app i ever seen,0,6,27,0,0,0,1.0,0,1,0.0,1,0,1,0.0,0,1,0,1.0,0.0
2310802b-d556-46b4-9558-e0d9681578e2,Foodpanda,Food Delivery,Palat Pro1234,Unknown,5,2025-10-22 06:23:24,good servis,good servis,0,2,11,0,0,0,1.0,0,0,0.4404,1,0,1,0.0,0,1,0,5.0,0.0
fd324f1e-cbb4-4f97-a10a-0148d4669611,Foodpanda,Food Delivery,Jaey Dela Rosa,Unknown,1,2025-10-22 06:25:15,paid for priority delivery turns out paying extra for LATE deliver. Customer service is very unhelpful. not able to provide any solution nor refund. EAT YOU FOOD COLD,paid for priority delivery turns out paying extra for late deliver. customer service is very unhelpful. not able to provide any solution nor refund. eat you food cold,0,28,166,0,0,5,0.9642857142857143,0,0,0.3182,1,0,1,0.0,0,1,0,1.0,0.0
5dc6930f-3408-402a-b600-5db73e150321,Foodpanda,Food Delivery,Fhebhel Celespara,Unknown,5,2025-10-22 07:20:21,mabiilis dumating order,mabiilis dumating order,0,3,23,0,0,0,1.0,0,0,0.0,1,0,1,0.0,0,1,0,5.0,0.0
ac2fad85-9835-48b8-8243-4f975c1afdb9,Foodpanda,Food Delivery,Adrian Kenneth Nervida,Unknown,5,2025-10-22 08:44:00,The offers are leagues better than grab due to minimum order of 250 promos. Grab is too expensive jeez.,the offers are leagues better than grab due to minimum order of 250 promos. grab is too expensive jeez.,3,19,103,0,0,0,0.9473684210526315,1,0,0.4404,1,0,1,0.0,0,1,0,5.0,0.0
f1a73551-8d6a-497a-9c06-1750059d26ec,Foodpanda,Food Delivery,NAWAZ,Unknown,1,2025-10-22 09:22:44,Bad experience PEHLAORDER code didn't work on my new mobile number and new mail Not recommend,bad experience pehlaorder code didn't work on my new mobile number and new mail not recommend,0,16,93,0,0,1,0.9375,0,0,-0.6497,1,0,1,0.0,0,1,0,1.0,0.0
11f0c342-51a3-469c-bc7f-6ab98cc94411,Foodpanda,Food Delivery,Ayu Othman,Unknown,1,2025-10-22 10:20:37,the delivery guy sent my food to a wrong address and i got no refund for his fault.,the delivery guy sent my food to a wrong address and i got no refund for his fault.,0,18,83,0,0,0,1.0,0,0,-0.7906,1,0,1,0.0,0,1,0,1.0,0.0
3c719753-18bf-470e-9da5-34645534c94e,Foodpanda,Food Delivery,Noman Nadeem,Unknown,4,2025-10-22 10:52:49,So nice user experience,so nice user experience,0,4,23,0,0,0,1.0,0,0,0.4754,1,0,1,0.0,0,1,0,4.0,0.0
860cfe8e-aeb8-44ba-ba31-65ad83ba3bf3,Foodpanda,Food Delivery,Neng,Unknown,5,2025-10-22 10:54:15,i've been using this app since day 1. easy to choose food & beverages also groceries,i've been using this app since day 1. easy to choose food & beverages also groceries,0,16,84,0,0,0,1.0,0,1,0.4404,1,0,1,0.0,0,1,0,5.0,0.0
30c8e25e-e9ed-43b6-8648-31af317bd959,Foodpanda,Food Delivery,Sue Ann,Unknown,1,2025-10-22 11:09:33,"Its ridiculous how a food delivery app have no customer service, and no ""cancel order"" option. be prepared to wait for 2 hours and still ""restaurant is preparing your meal"" :) lousy af","its ridiculous how a food delivery app have no customer service, and no ""cancel order"" option. be prepared to wait for 2 hours and still ""restaurant is preparing your meal"" :) lousy af",0,33,184,0,0,0,0.9393939393939394,0,1,-0.3736,1,0,1,0.0,0,1,0,1.0,0.0
71b59d6a-2371-4547-9d8c-d460406975c9,Foodpanda,Food Delivery,Sam Pullman,Unknown,1,2025-10-22 11:10:22,Basically impossible to contact support. Sometimes fails to add a voucher during checkout with no explanation and no way to cancel after already paying the full amount.,basically impossible to contact support. sometimes fails to add a voucher during checkout with no explanation and no way to cancel after already paying the full amount.,0,27,168,0,0,0,0.8888888888888888,0,0,-0.6705,1,0,1,0.0,0,1,0,1.0,0.0
f656eb7a-b145-478c-9488-de52e7818290,Foodpanda,Food Delivery,kamarul hizam,Unknown,5,2025-10-22 12:59:51,So far so good,so far so good,0,4,14,0,0,0,0.75,0,0,0.6213,1,0,1,0.0,0,1,0,5.0,0.0
c51c69ba-8c68-4efd-a1c8-5d4a5836866d,Foodpanda,Food Delivery,Ray Neriie,Unknown,1,2025-10-22 13:11:12,"Been using the app for years already. Somehow half the time always got missing items from the order. Tired of always having to argue my case with support, I'm giving up 👎 GrabFood never gives me this type of issue.","been using the app for years already. somehow half the time always got missing items from the order. tired of always having to argue my case with support, i'm giving up 👎 grabfood never gives me this type of issue.",5,40,214,1,0,0,0.9,0,1,-0.34,1,0,1,0.0,0,1,0,1.0,0.0
c4fd2fcb-31e7-427c-aac0-9acde0d845f0,Foodpanda,Food Delivery,ashleexry,Unknown,1,2025-10-22 13:23:07,"This app is really, really bad. It refuses to go forward with the order.","this app is really, really bad. it refuses to go forward with the order.",0,14,72,0,0,0,1.0,0,1,-0.6214,1,0,1,0.0,0,1,0,1.0,0.0
fed52aa6-0412-42ae-970a-3843fe3e0349,Foodpanda,Food Delivery,Shah Poran,Unknown,5,2025-10-22 15:03:31,"A good app, enables me to eat whatever I want whenever I want. 😛","a good app, enables me to eat whatever i want whenever i want. 😛",0,14,64,1,0,0,0.9285714285714286,0,1,0.5423,1,0,1,0.0,0,1,0,5.0,0.0
48c62711-5d85-41ee-801a-9dbda83650a3,Foodpanda,Food Delivery,Citran Jai,Unknown,1,2025-10-22 15:24:14,Terrible app and service. They mentioned food will arrive in 10mins but after 1 hour still not picked up.,terrible app and service. they mentioned food will arrive in 10mins but after 1 hour still not picked up.,2,19,105,0,0,0,1.0,0,1,-0.2617,1,0,1,0.0,0,1,0,1.0,0.0
675ffe49-40fb-4afa-9db5-d6900610d727,Foodpanda,Food Delivery,Jannat Shahzad,Unknown,1,2025-10-22 16:21:33,fazool appp🤮,fazool appp🤮,0,2,12,1,0,0,1.0,0,1,0.0,1,0,1,0.0,0,1,0,1.0,0.0
68f2d9bc-f6b5-40ad-ad44-8546d7eb2cba,Foodpanda,Food Delivery,Muhammad Nadeem,Unknown,5,2025-10-22 17:11:30,very good👍,very good👍,0,2,10,1,0,0,1.0,0,0,0.4927,1,0,1,0.0,0,2,0,5.0,0.0
babe0393-e48f-466f-adc6-984b546bfe03,Foodpanda,Food Delivery,Jack Sparrow,Unknown,1,2025-10-22 20:18:23,"Foodpanda is a racist company. in other countries they offer you compensations when trouble happens but in Pakistan, they dont offer anything and in fact charges you for no reason anyways. Racist mfers!","foodpanda is a racist company. in other countries they offer you compensations when trouble happens but in pakistan, they dont offer anything and in fact charges you for no reason anyways. racist mfers!",1,33,202,0,0,0,0.8181818181818182,1,1,-0.9392,1,0,1,0.0,0,1,0,1.0,0.0
69cf3627-bbcb-40b6-a921-7b2945fdc977,Foodpanda,Food Delivery,Muhammad Tayyab,Unknown,1,2025-10-22 20:53:17,very very bad service.,very very bad service.,0,4,22,0,0,0,0.75,0,0,-0.6214,1,0,1,0.0,0,1,0,1.0,0.0
d31314be-0d71-4655-8fc4-57209b2d52a9,Foodpanda,Food Delivery,Ahtsham Ul Haq (Ahtsham ul Haq),Unknown,1,2025-10-22 21:52:35,Very bad service. not even delivering food,very bad service. not even delivering food,0,7,42,0,0,0,1.0,0,0,-0.5849,1,0,1,0.0,0,1,0,1.0,0.0
709c8e1c-b2aa-4a44-9a42-b0212c0acb49,Foodpanda,Food Delivery,SASI DHARAN,Unknown,5,2025-10-23 00:04:15,THE DELIVERY CHARGES ARE VERY VERY EXPENSIVE NOW DAYS.,the delivery charges are very very expensive now days.,0,9,54,0,0,9,0.8888888888888888,0,0,-0.2732,1,0,1,0.0,0,1,0,5.0,0.0
7320cd54-59b0-4c7b-9ce5-738444b6cef5,Foodpanda,Food Delivery,"Gongora, Carl Vincent B.",Unknown,1,2025-10-23 00:17:05,This app gets worse and worse by the day.,this app gets worse and worse by the day.,0,9,41,0,0,0,0.8888888888888888,0,1,-0.7351,1,0,1,0.0,0,1,0,1.0,0.0
457e7be0-7793-4cbe-b28b-19368dd65859,Foodpanda,Food Delivery,Youtube Account,Unknown,4,2025-10-23 00:34:10,Maglagay sana rating system for grocery/drug stores. A few times I had incomplete orders though it's already paid online.,maglagay sana rating system for grocery/drug stores. a few times i had incomplete orders though it's already paid online.,0,19,121,0,0,0,1.0,0,0,0.0,1,0,1,0.0,0,1,0,4.0,0.0
23af570a-bc7d-46da-a396-1130443104ad,Foodpanda,Food Delivery,joshua ngu,Unknown,3,2025-10-23 01:57:45,the UI system still has a big improvement space and all pink color make me nausea and I think can copy some in grabfood feature,the ui system still has a big improvement space and all pink color make me nausea and i think can copy some in grabfood feature,0,25,127,0,0,1,0.96,0,0,0.4588,1,0,1,0.0,0,1,0,3.0,0.0
1442c4b2-070d-4de2-9ce9-bece938b984a,Foodpanda,Food Delivery,John Earl Benzon,Unknown,1,2025-10-23 02:21:32,Horrible experience. Bad customer service and delivery service.,horrible experience. bad customer service and delivery service.,0,8,63,0,0,0,1.0,0,0,-0.7906,1,0,1,0.0,0,1,0,1.0,0.0
2435f1e1-285f-4c81-9aa7-5a6ec07c2ea5,Foodpanda,Food Delivery,Nestor Gallano,Unknown,4,2025-10-23 03:10:06,deliciose,deliciose,0,1,9,0,0,0,1.0,0,0,0.0,1,0,1,0.0,0,1,0,4.0,0.0
67331b8f-3f59-479f-af4d-42204dc415ff,Foodpanda,Food Delivery,Camille Rivera,Unknown,1,2025-10-23 04:30:39,I been using this app smoothly for a while now but lately I have trouble placing an order it always says to try again. There is a help center but it does not help at all,i been using this app smoothly for a while now but lately i have trouble placing an order it always says to try again. there is a help center but it does not help at all,0,36,169,0,0,0,0.8611111111111112,0,1,-0.438,1,0,1,0.0,0,1,0,1.0,0.0
22e0e1af-3344-472c-88f2-a03829bbf9a4,Foodpanda,Food Delivery,Ahmad Akhlaken,Unknown,1,2025-10-23 06:21:25,makin mengarut plan yg kau dah limitkan penggunaan. da leh boikot da. ni mesti belaja dr al bana universiti ni.,makin mengarut plan yg kau dah limitkan penggunaan. da leh boikot da. ni mesti belaja dr al bana universiti ni.,0,20,111,0,0,0,1.0,0,0,0.0,1,0,1,0.0,0,1,0,1.0,0.0
67340124-22d3-47f9-a887-77344e155364,Foodpanda,Food Delivery,Edward Ryan Buyco,Unknown,4,2025-10-23 07:02:06,"Why are the stores displayed on the ""order again"" category are the ones I've never ordered from before? It was convenient ordering again to the usual stores I had ordered from before but I can't do that now.","why are the stores displayed on the ""order again"" category are the ones i've never ordered from before? it was convenient ordering again to the usual stores i had ordered from before but i can't do that now.",215,38,207,0,0,0,0.7894736842105263,0,0,0.0,1,0,1,0.0,0,1,0,4.0,0.0
4b4e76dd-b194-4b6d-8a09-de4143838d9c,Foodpanda,Food Delivery,Sh. Ghani Akram Sh Ghani Akram,Unknown,1,2025-10-23 08:06:43,When I download the app the app is not opening why?,when i download the app the app is not opening why?,0,11,51,0,0,0,0.8181818181818182,1,1,0.0,1,0,1,0.0,0,1,0,1.0,0.0
9df71c59-c4ab-4c38-95ef-708028c7b331,Foodpanda,Food Delivery,r khanam,Unknown,3,2025-10-23 08:43:02,Works okay but inputs sometimes show that an order has been placed but actually doesn't register an order. This is an absolutely awful bug which has wasted so much of my time.,works okay but inputs sometimes show that an order has been placed but actually doesn't register an order. this is an absolutely awful bug which has wasted so much of my time.,0,32,175,0,0,0,0.875,0,0,-0.8515,1,0,1,0.0,0,1,0,3.0,0.0
1e6b57e0-e9a6-4031-80c7-c623ac26c8b5,Foodpanda,Food Delivery,Josh Eimer Mangasi,Unknown,1,2025-10-23 10:05:04,Payment problem thru gcash,payment problem thru gcash,0,4,26,0,0,0,1.0,0,0,-0.4019,1,0,1,0.0,0,1,0,1.0,0.0
316306ec-6da5-4b81-b01c-5f00f6eb735d,Foodpanda,Food Delivery,Jonas Campos,Unknown,4,2025-10-23 10:08:33,lack of list of menu in panda apps,lack of list of menu in panda apps,10,8,34,0,0,0,0.875,0,1,-0.3182,1,0,1,0.0,0,1,0,4.0,0.0
e3d4e969-c887-4e5e-9755-8f42fd2760cc,Foodpanda,Food Delivery,Menaalali Ali,Unknown,4,2025-10-23 10:32:24,nice experience but delivery charges are high I think so,nice experience but delivery charges are high i think so,0,10,56,0,0,0,1.0,0,0,-0.1901,1,0,1,0.0,0,1,0,4.0,0.0
68138434-f05c-4cb1-a241-5f72d974eedf,Foodpanda,Food Delivery,Jethy,Unknown,1,2025-10-23 11:33:38,"so disappointed😔, when im ordering the word ""this restaurant doesn't deliver to this address"" is always popping up on my screen","so disappointed😔, when im ordering the word ""this restaurant doesn't deliver to this address"" is always popping up on my screen",0,21,127,1,0,0,1.0,0,1,-0.4243,1,0,1,0.0,0,1,0,1.0,0.0
dcaa0218-0ff0-41c1-a531-96fd2c5e8a1c,Foodpanda,Food Delivery,rku 3,Unknown,1,2025-10-23 12:06:13,wait for 1.5 hours auto cancel without notification. long time for refund.,wait for 1.5 hours auto cancel without notification. long time for refund.,0,12,74,0,0,0,0.9166666666666666,0,0,-0.25,1,0,1,0.0,0,1,0,1.0,0.0
94bc28cf-9c8c-49d6-b61f-961ff699547a,Foodpanda,Food Delivery,Jeff Edward Samonte,Unknown,1,2025-10-23 12:07:48,LALA NG ADDRESS MECHANICS NYO.,lala ng address mechanics nyo.,0,5,30,0,0,5,1.0,0,0,0.0,1,0,1,0.0,0,1,0,1.0,0.0
bb773222-1935-4ce2-be8a-69245bd8ed5f,Foodpanda,Food Delivery,Aizat Basir,Unknown,5,2025-10-23 12:35:13,best ever,best ever,0,2,9,0,0,0,1.0,0,0,0.6369,1,0,1,0.0,0,1,0,5.0,0.0
3e924cd2-3f50-4b2e-ac7c-5e3a8553bf22,Foodpanda,Food Delivery,Asma Shaherbano,Unknown,5,2025-10-23 12:35:49,zygote I,zygote i,0,2,8,0,0,0,1.0,0,0,0.0,1,0,1,0.0,0,1,0,5.0,0.0
b5876f8f-6af2-4745-9f58-4b6a876e3912,Foodpanda,Food Delivery,Jay Jordan Iwayan,Unknown,1,2025-10-23 13:07:09,you suck. your drivers don't even deliver the food and just marked them as delivered. there are no tabs for communication. what a fossil app. no update and a waste of data to download,you suck. your drivers don't even deliver the food and just marked them as delivered. there are no tabs for communication. what a fossil app. no update and a waste of data to download,0,34,183,0,0,0,0.9117647058823529,1,1,-0.8442,1,0,1,0.0,0,1,0,1.0,0.0
02dd2575-be64-41ab-b1e4-41bbc5944327,Foodpanda,Food Delivery,jiji monforte,Unknown,5,2025-10-23 13:11:26,user friendly,user friendly,0,2,13,0,0,0,1.0,0,0,0.4939,1,0,1,0.0,0,2,0,5.0,0.0
beba41a7-2a5f-432c-b3d1-29688ae8f397,Foodpanda,Food Delivery,Kaseer Bhalai,Unknown,4,2025-10-23 13:13:12,good resource for hungry people 😂,good resource for hungry people 😂,0,6,33,1,0,0,1.0,0,0,0.7003,1,0,1,0.0,0,1,0,4.0,0.0
b1a90076-4192-4092-9767-e0888d752abc,Foodpanda,Food Delivery,Jnet Calata,Unknown,5,2025-10-23 13:13:50,no hassle fast delivery,no hassle fast delivery,0,4,23,0,0,0,1.0,0,0,-0.296,1,0,1,0.0,0,1,0,5.0,0.0
679c7c9d-9682-4d7b-9daa-867552f8304e,Foodpanda,Food Delivery,Rebonto Khan,Unknown,3,2025-10-23 13:41:32,"Great app, but delivery men just refuse the order all the time. Not reliable enough.","great app, but delivery men just refuse the order all the time. not reliable enough.",4,15,84,0,0,0,0.9333333333333333,0,1,-0.0644,1,0,1,0.0,0,1,0,3.0,0.0
b3678f3e-bad0-4350-810f-ad66024b8652,Foodpanda,Food Delivery,Sadaqat Ali Qureshi,Unknown,1,2025-10-23 13:57:12,The biggest gambler and looter!,the biggest gambler and looter!,0,5,31,0,0,0,1.0,0,0,0.0,1,0,1,0.0,0,1,0,1.0,0.0
8ba69c81-02df-46f8-95e6-2f5acef593fc,Foodpanda,Food Delivery,Towshif Alam (Teeshan),Unknown,1,2025-10-23 15:07:39,Why is a paid service app serving ads? This is ridiculous!,why is a paid service app serving ads? this is ridiculous!,0,11,58,0,0,0,0.9090909090909091,0,1,-0.4199,1,0,1,0.0,0,1,0,1.0,0.0
5157f1ca-f418-4891-b391-4ae9077d7810,Foodpanda,Food Delivery,Jamaica calisura,Unknown,5,2025-10-23 20:58:44,very convinient app 🩷 easy refund,very convinient app 🩷 easy refund,0,6,33,1,0,0,1.0,0,1,0.4404,1,0,1,0.0,0,1,0,5.0,0.0
e5508e95-4c8a-4a1c-8d07-0a1901429d0f,Foodpanda,Food Delivery,Asad Malik,Unknown,5,2025-10-23 21:40:51,Good one,good one,0,2,8,0,0,0,1.0,0,0,0.4404,1,0,1,0.0,0,1,0,5.0,0.0
812a5efc-c72e-4979-b84e-7f622bb5f4b7,Foodpanda,Food Delivery,Alden Del rosario,Unknown,5,2025-10-24 00:44:07,napakagaling dahil may apps na food panda,napakagaling dahil may apps na food panda,0,7,41,0,0,0,1.0,0,1,0.0,1,0,1,0.0,0,1,0,5.0,0.0
aac4e691-4146-4219-9f36-6672ccc2f1bc,Foodpanda,Food Delivery,mark anthony magsino,Unknown,5,2025-10-24 03:41:42,"very convenient where ever you are, thumbs up","very convenient where ever you are, thumbs up",0,8,45,0,0,0,1.0,0,0,0.0,1,0,1,0.0,0,1,0,5.0,0.0
fee5837b-6145-4b1b-a6db-87b66dbf7ee4,Foodpanda,Food Delivery,llana vismanos,Unknown,5,2025-10-24 04:30:33,"it's super nice, as someone who really likes ordering out this is a good app.","it's super nice, as someone who really likes ordering out this is a good app.",0,15,77,0,0,0,1.0,0,1,0.9134,1,0,1,0.0,0,1,0,5.0,0.0
8604ffaa-9ae9-401f-82d6-7bdfa7dafd47,Foodpanda,Food Delivery,thetpaing soe,Unknown,4,2025-10-24 05:00:02,Great app,great app,0,2,9,0,0,0,1.0,0,1,0.6249,1,0,1,0.0,0,3,0,4.0,0.0
e0f915fb-218b-499b-bfd6-bd1a8fc1b49f,Foodpanda,Food Delivery,Amieylena Apiey,Unknown,5,2025-10-24 06:05:13,Easy to use this apps if u want to order food. I love foodpanda. Recommend,easy to use this apps if u want to order food. i love foodpanda. recommend,1,15,74,0,0,0,0.9333333333333333,0,1,0.872,1,0,1,0.0,0,1,0,5.0,0.0
e5b45da8-2360-465e-84f3-67f5c0469ca1,Foodpanda,Food Delivery,Al Morsalin POLIN,Unknown,5,2025-10-24 08:24:07,wow service,wow service,0,2,11,0,0,0,1.0,0,0,0.5859,1,0,1,0.0,0,1,0,5.0,0.0
24588f6b-ed9e-4013-b428-4cae5f25f9c7,Foodpanda,Food Delivery,Soborna Naj,Unknown,3,2025-10-24 10:17:12,very nice 👍🏻👍🏻👍🏻,very nice 👍🏻👍🏻👍🏻,0,3,16,6,0,0,1.0,0,0,0.4754,1,0,1,0.0,0,1,0,3.0,0.0
8f7b2e41-db6b-4447-8e85-c561062e075d,Foodpanda,Food Delivery,Josephine Fabricante,Unknown,5,2025-10-24 10:52:16,thank you 😊,thank you 😊,0,3,11,1,0,0,1.0,0,0,0.8176,1,0,1,0.0,0,1,0,5.0,0.0
a2090997-724f-48f6-b8ca-9a3ca317b378,Foodpanda,Food Delivery,Lyna Sem,Unknown,5,2025-10-24 11:51:52,Good❤❤,good❤❤,0,1,6,0,0,0,1.0,0,0,0.9062,1,0,1,0.0,0,1,0,5.0,0.0
4b357e3d-3806-4f0c-8afe-ce76ed5d874b,Foodpanda,Food Delivery,Mh Ridu,Unknown,5,2025-10-24 12:10:05,akdom eee faltooo er theka faltu ar kono app naiii,akdom eee faltooo er theka faltu ar kono app naiii,0,10,50,0,0,0,1.0,0,1,0.0,1,0,1,0.0,0,1,0,5.0,0.0
6b76722b-97fb-4e60-9fc4-fbe83e7793ab,Foodpanda,Food Delivery,Arcenal Shirwin,Unknown,5,2025-10-24 12:11:12,Great app,great app,0,2,9,0,0,0,1.0,0,1,0.6249,1,0,1,0.0,0,3,0,5.0,0.0
fd27b1d2-90af-4ca3-b4f6-74c3d666b5a3,Foodpanda,Food Delivery,Kiran Ali,Unknown,5,2025-10-24 12:58:55,I love pandamart because it's very easy of my life,i love pandamart because it's very easy of my life,0,10,50,0,0,0,1.0,0,0,0.8122,1,0,1,0.0,0,1,0,5.0,0.0
b9b74bc1-a944-4d04-8fc7-86b93c825e87,Foodpanda,Food Delivery,Mohammed Sharieef Mohammed Sharieef1q11,Unknown,5,2025-10-24 14:13:13,shaireef,shaireef,0,1,8,0,0,0,1.0,0,1,0.0,1,0,1,0.0,0,1,0,5.0,0.0
6d258e55-e2a9-4f46-9052-faa780c78da0,Foodpanda,Food Delivery,Sheraz Khan,Unknown,5,2025-10-24 15:03:35,zabardast,zabardast,0,1,9,0,0,0,1.0,0,1,0.0,1,0,1,0.0,0,2,0,5.0,0.0
fb04fa67-27c3-4cd4-a363-a6139300ef5d,Foodpanda,Food Delivery,Sojib Robiul,Unknown,5,2025-10-24 15:15:51,err e wetter ex 😂fer wer de es e,err e wetter ex 😂fer wer de es e,0,9,32,1,0,0,0.8888888888888888,0,0,-0.2263,1,0,1,0.0,0,1,0,5.0,0.0
4563de61-88fc-4600-ad4e-a99408a67583,Foodpanda,Food Delivery,Muhammad Ahmad,Unknown,5,2025-10-24 15:27:31,Very Nice 👍,very nice 👍,0,3,11,1,0,0,1.0,0,0,0.4754,1,0,1,0.0,0,2,0,5.0,0.0
0d623c7b-5121-468f-97ec-2056a8a0bf3d,Foodpanda,Food Delivery,Fairus Hafiq,Unknown,5,2025-10-24 15:42:15,mudah nak order makan dan abang rider pun baik,mudah nak order makan dan abang rider pun baik,0,9,46,0,0,0,1.0,0,0,0.0,1,0,1,0.0,0,1,0,5.0,0.0
b71e681a-b466-48b9-a1c8-2e262756a9c4,Foodpanda,Food Delivery,Rotna Akhter,Unknown,5,2025-10-24 18:59:27,fvrt app,fvrt app,0,2,8,0,0,0,1.0,0,1,0.0,1,0,1,0.0,0,1,0,5.0,0.0
ed12f6c6-bbac-44c1-8468-cc6c2b7cbc78,Foodpanda,Food Delivery,Evelyn Jogno,Unknown,5,2025-10-24 23:40:17,Experience with learning and learning skills 👌 🙌,experience with learning and learning skills 👌 🙌,2,8,48,2,0,0,0.875,0,0,0.7297,1,0,1,0.0,0,1,0,5.0,0.0
fecef303-b4e9-460e-82d7-022e06cef9c7,Foodpanda,Food Delivery,Artemroy Galleros,Unknown,5,2025-10-24 23:58:22,Artemroy Galleros Bunso brother,artemroy galleros bunso brother,0,4,31,0,0,0,1.0,0,0,0.0,1,0,1,0.0,0,1,0,5.0,0.0
6a3a04ed-d0df-4488-ad9c-cf599c25e668,Foodpanda,Food Delivery,Syaz 1,Unknown,1,2025-10-25 04:23:03,"Why my order always get cancelled? And the refund. let me guess, its just a text. you will not refund my money. If this continues, i may change platforms. Once i change platforms i would never come back here again.","why my order always get cancelled? and the refund. let me guess, its just a text. you will not refund my money. if this continues, i may change platforms. once i change platforms i would never come back here again.",0,40,214,0,0,0,0.9,0,0,-0.25,1,0,1,0.0,0,1,0,1.0,0.0
027817b9-9b72-4dac-a01b-17b0a83fe317,Foodpanda,Food Delivery,Darrel Orpilla,Unknown,1,2025-10-25 05:00:59,wost customer service! it's really hard to contact support and you cannot even send screenshot!,wost customer service! it's really hard to contact support and you cannot even send screenshot!,0,15,95,0,0,0,1.0,0,0,0.38,1,0,1,0.0,0,1,0,1.0,0.0
180cc839-7f1b-4cdb-94b3-36eb144d4bf7,Foodpanda,Food Delivery,Thida Htike,Unknown,5,2025-10-25 05:19:56,ကြိုက်,ကြိုက်,0,1,6,0,0,0,1.0,0,0,0.0,1,0,1,0.0,0,1,0,5.0,0.0
1e9d36cb-026b-42bc-8ae1-46b5929525d5,Foodpanda,Food Delivery,Wabciee Garcia,Unknown,1,2025-10-25 06:33:06,NAWAWALA BIGLA VOUCHER NA BACK LANG JUSKO!,nawawala bigla voucher na back lang jusko!,0,7,42,0,0,7,1.0,0,0,0.0,1,0,1,0.0,0,1,0,1.0,0.0
5ea832fb-af19-4dc3-807a-e1a7d5f7169c,Foodpanda,Food Delivery,xie,Unknown,1,2025-10-25 07:28:46,sometines the voucher is not working sometimes it is . at the same day even I didn't change what I'm gonna order???,sometines the voucher is not working sometimes it is . at the same day even i didn't change what i'm gonna order???,0,22,115,0,0,0,0.9090909090909091,0,0,0.0,1,0,1,0.0,0,1,0,1.0,0.0
b6f3d116-e7fb-44ad-a6e5-d5c32d5cff99,Foodpanda,Food Delivery,Raffy Rillo,Unknown,5,2025-10-25 08:17:34,Good app 👌,good app 👌,0,3,10,1,0,0,1.0,0,1,0.8415,1,0,1,0.0,0,1,0,5.0,0.0
857e88d7-c4b8-4c6d-80ba-e7b9241daece,Foodpanda,Food Delivery,Mohsin Hassan,Unknown,1,2025-10-25 09:30:38,very bad experience,very bad experience,0,3,19,0,0,0,1.0,0,0,-0.5849,1,0,2,679416.0,0,1,0,1.0,0.0
3d304158-06bf-4a17-ae41-59de84186763,Foodpanda,Food Delivery,a rahman bin a rahim bachtier,Unknown,5,2025-10-25 09:36:19,mmg terbaekk 👍👍👍👍 teruskan dgn memberi perkhidmatan cemerlang,mmg terbaekk 👍👍👍👍 teruskan dgn memberi perkhidmatan cemerlang,0,8,61,4,0,0,1.0,0,0,0.0,1,0,1,0.0,0,1,0,5.0,0.0
1121d381-49e1-4f2a-92ec-c7804da64c02,Foodpanda,Food Delivery,Nida Sohail,Unknown,1,2025-10-25 10:15:31,Assalam-o-alaikum I have just transferred 981 to delivery hero Pakistan during my order placement through jazzcash but I am still not able to place order. what to do,assalam-o-alaikum i have just transferred 981 to delivery hero pakistan during my order placement through jazzcash but i am still not able to place order. what to do,0,28,165,0,0,0,0.8928571428571429,0,0,0.3182,1,0,1,0.0,0,1,0,1.0,0.0
db255afd-c045-4264-8d62-3b3e57de659e,Foodpanda,Food Delivery,Shiraz Ahmed,Unknown,1,2025-10-25 10:27:12,"limited application support, if u stuck then this app will suck","limited application support, if u stuck then this app will suck",0,11,63,0,0,0,1.0,0,1,-0.4767,1,0,1,0.0,0,1,0,1.0,0.0
459f3823-98e8-4c3d-b861-29d953582fc1,Foodpanda,Food Delivery,Su Shwe Yi Maw,Unknown,1,2025-10-25 10:57:22,The rider sent other ways first which were opposite to my location and didn't inform me about that before purchasing. It's wasting my time and totally unacceptable.,the rider sent other ways first which were opposite to my location and didn't inform me about that before purchasing. it's wasting my time and totally unacceptable.,0,27,164,0,0,0,0.9259259259259259,0,0,-0.7178,1,0,1,0.0,0,1,0,1.0,0.0
fa90b407-7173-43de-a632-f125d8238772,Foodpanda,Food Delivery,Muzaffar Jemat,Unknown,3,2025-10-25 11:30:34,good job,good job,0,2,8,0,0,0,1.0,0,0,0.4404,1,0,1,0.0,0,2,0,3.0,0.0
743c1cb5-2861-4111-9405-1d1f4a9dffa1,Foodpanda,Food Delivery,Zayaan Gull,Unknown,1,2025-10-25 11:39:58,You people and the shopkeeper together are stealing common people's money. The entire voice recording of your chatting and your shopkeeper is safe with me. I will tell all my relative family members to uninstall this bad app.,you people and the shopkeeper together are stealing common people's money. the entire voice recording of your chatting and your shopkeeper is safe with me. i will tell all my relative family members to uninstall this bad app.,0,38,225,0,0,0,0.8947368421052632,1,1,-0.7118,1,0,1,0.0,0,1,0,1.0,0.0
9e8bf961-e244-4813-9008-08260e1e7592,Foodpanda,Food Delivery,Hassaan Abdullah,Unknown,5,2025-10-25 11:41:42,amazing deals .,amazing deals .,0,3,15,0,0,0,1.0,1,0,0.5859,1,0,1,0.0,0,1,0,5.0,0.0
a3fff448-ba76-4d2b-b6d6-b3dd88a9063d,Foodpanda,Food Delivery,Ivan Reu Ballerda,Unknown,1,2025-10-25 11:48:42,orders are being automatically cancelled out of nowhere.,orders are being automatically cancelled out of nowhere.,6,8,56,0,0,0,1.0,0,0,-0.25,1,0,1,0.0,0,1,0,1.0,0.0
2a06bfba-8b31-44b3-8787-4e001ffdad93,Foodpanda,Food Delivery,Akib Hasan,Unknown,1,2025-10-25 11:55:07,"one of the worst app ever, I have put wrong address and there is no option to cancel. i am switching to foodie. foodie is better.","one of the worst app ever, i have put wrong address and there is no option to cancel. i am switching to foodie. foodie is better.",1,26,129,0,0,0,0.8846153846153846,0,1,-0.8176,1,0,1,0.0,0,1,0,1.0,0.0
a734a895-6612-446c-9134-f0d8f8b5f4c0,Foodpanda,Food Delivery,Rael “Rael28” Ferrer,Unknown,1,2025-10-25 12:40:24,Incomplete orders. Also rider doesn't check if orders were complete before delivery.,incomplete orders. also rider doesn't check if orders were complete before delivery.,0,12,84,0,0,0,1.0,0,0,0.0,1,0,1,0.0,0,1,0,1.0,0.0
f6a06a79-d282-40f4-bca0-997dc6d8a51e,Foodpanda,Food Delivery,tan qingwei,Unknown,1,2025-10-25 13:43:44,lousy app. auto cancel my order and no refund given.,lousy app. auto cancel my order and no refund given.,0,10,52,0,0,0,1.0,0,1,-0.7717,1,0,1,0.0,0,1,0,1.0,0.0
689ed2c7-917a-48b6-a9b0-06ca1fbed3e5,Foodpanda,Food Delivery,VERENA CHIN,Unknown,5,2025-10-25 14:13:03,Easy to use.,easy to use.,0,3,12,0,0,0,1.0,0,0,0.4404,1,0,1,0.0,0,1,0,5.0,0.0
e1a39bd2-3255-4c4e-9be7-32ee42dde426,Foodpanda,Food Delivery,nathaniel tamisin,Unknown,1,2025-10-25 15:11:40,the rider doesnt have helmet thats why he cancelled my order and foodpanda wont refund my money and there is no way to contact them,the rider doesnt have helmet thats why he cancelled my order and foodpanda wont refund my money and there is no way to contact them,0,25,131,0,0,0,0.92,0,0,-0.4939,1,0,1,0.0,0,1,0,1.0,0.0
8bad5ea8-6f59-42cf-8708-b8a9b405ff18,Foodpanda,Food Delivery,Rosham Zakaria,Unknown,5,2025-10-25 15:23:55,mantap,mantap,0,1,6,0,0,0,1.0,0,0,0.0,1,0,1,0.0,0,1,0,5.0,0.0
ae35615a-fcc1-4942-ba23-e3a8b227bd2c,Foodpanda,Food Delivery,Ma anna De guzman,Unknown,1,2025-10-25 15:29:25,WALANG KWENTA MGA DRIVER!!! KINGINA!!!!!!!!!! NKAKA 3 DRIVER YATA AKO NAKAKABWESET!!!!! KAPAL NG MUKA!! AYUSIN NYO SYSTEM NYO LALABAS PANGALAN NG RIDER PARA BIGYAN NG RATE!!!! KINGINA,walang kwenta mga driver!!! kingina!!!!!!!!!! nkaka 3 driver yata ako nakakabweset!!!!! kapal ng muka!! ayusin nyo system nyo lalabas pangalan ng rider para bigyan ng rate!!!! kingina,0,27,183,0,0,26,0.8888888888888888,0,0,0.0,1,0,1,0.0,0,1,0,1.0,0.0
c14b529f-7700-43d3-9193-c176e39653ce,Foodpanda,Food Delivery,Argen Marie Sagun,Unknown,5,2025-10-25 15:37:44,great vouchers!,great vouchers!,0,2,15,0,0,0,1.0,0,0,0.6588,1,0,1,0.0,0,1,0,5.0,0.0
d2441d88-523c-4f5f-b1f0-51426c3fa817,Foodpanda,Food Delivery,Tariq Shah,Unknown,4,2025-10-25 16:58:59,food panda is a good app to any one,food panda is a good app to any one,1,9,35,0,0,0,1.0,0,1,0.4404,1,0,1,0.0,0,1,0,4.0,0.0
eca1016f-458b-47d8-a4ff-1276efc0a477,Foodpanda,Food Delivery,"Alamada, Hadiya M",Unknown,1,2025-10-25 17:54:03,no refund policy is such a scam the freak,no refund policy is such a scam the freak,1,9,41,0,0,0,1.0,0,0,-0.8316,1,0,1,0.0,0,1,0,1.0,0.0
0fb50c21-1ef5-48cd-b97c-7dcb9742b1a8,Foodpanda,Food Delivery,Mamuad AsharfRahu,Unknown,5,2025-10-25 18:33:30,it's full fil my hunger 🤤,it's full fil my hunger 🤤,1,6,25,1,0,0,1.0,0,0,-0.25,1,0,1,0.0,0,1,0,5.0,0.0
6976de2e-632d-47dc-a445-17b2e10ecbae,Foodpanda,Food Delivery,Maryam Saleem,Unknown,1,2025-10-25 19:46:29,There should be option for easy paisa in payment method... moreover I Ordered at 23:10 and waited for almost two hours and in the end my order got cancelled. bakwaas,there should be option for easy paisa in payment method... moreover i ordered at 23:10 and waited for almost two hours and in the end my order got cancelled. bakwaas,0,30,165,0,0,0,0.9,0,0,0.2263,1,0,1,0.0,0,1,0,1.0,0.0
b09f2879-f3fa-475c-938e-f9cf55655602,Foodpanda,Food Delivery,MASTER GAMING,Unknown,1,2025-10-25 19:54:35,Kutte ka bacha food panda or iska owner kutte ne Bina permission subscription purchase kardi mene click bhi nahi keya Kutte ke bache hain food panda wale bharwe,kutte ka bacha food panda or iska owner kutte ne bina permission subscription purchase kardi mene click bhi nahi keya kutte ke bache hain food panda wale bharwe,0,28,160,0,0,0,0.8571428571428571,0,1,0.0,1,0,1,0.0,0,1,0,1.0,0.0
c6500cc1-4852-42ba-9ff7-ea931b1a1f78,Foodpanda,Food Delivery,Fatima Rajpoot1109,Unknown,4,2025-10-25 20:20:49,I love Foodpanda food,i love foodpanda food,0,4,21,0,0,0,1.0,0,0,0.6369,1,0,1,0.0,0,1,0,4.0,0.0
b87a9643-0301-4bae-8aaf-e9124daa2026,Foodpanda,Food Delivery,Magallanes Janniel,Unknown,1,2025-10-25 20:21:45,the code isn't functioning like i already entered the code that they sent me but still wont work,the code isn't functioning like i already entered the code that they sent me but still wont work,0,18,96,0,0,0,0.8888888888888888,0,0,-0.1419,1,0,1,0.0,0,1,0,1.0,0.0
5464f360-6315-426b-86d2-7a6f9d15185c,Foodpanda,Food Delivery,Theva Jay,Unknown,1,2025-10-26 02:16:20,already add your(foodpanda) fee with every food price. than why add additional fee as platform fee...kind of scam ???m,already add your(foodpanda) fee with every food price. than why add additional fee as platform fee...kind of scam ???m,0,19,118,0,0,0,0.8947368421052632,0,0,-0.6416,1,0,1,0.0,0,1,0,1.0,0.0
0932b787-37ec-4a8d-a6db-33556ecc9f20,Foodpanda,Food Delivery,Janely Makilan,Unknown,5,2025-10-26 02:56:40,satisfied with the service easy and fast delivery,satisfied with the service easy and fast delivery,0,8,49,0,0,0,1.0,0,0,0.6908,1,0,1,0.0,0,1,0,5.0,0.0
e2a9825c-e2c6-4ddd-9104-7ed237301f1a,Foodpanda,Food Delivery,Vectorverse GFX,Unknown,1,2025-10-26 03:23:14,worst treen service i order Chicken Chowmen and they send Macroni and the macroni was worst in taste. there no way to exchange wrong item.,worst treen service i order chicken chowmen and they send macroni and the macroni was worst in taste. there no way to exchange wrong item.,1,25,138,0,0,0,0.88,0,0,-0.926,1,0,1,0.0,0,1,0,1.0,0.0
433dc1d2-8225-46d0-96b4-7f3da2779440,Foodpanda,Food Delivery,The Onebot,Unknown,5,2025-10-26 05:40:12,nice and smooth for client satisfying order,nice and smooth for client satisfying order,1,7,43,0,0,0,1.0,0,0,0.7003,1,0,1,0.0,0,1,0,5.0,0.0
0315d470-3c43-4986-8a4a-437bb5e0b95c,Foodpanda,Food Delivery,Miles Joshua Lubay,Unknown,1,2025-10-26 05:46:40,can't even add a card payment method,can't even add a card payment method,0,7,36,0,0,0,1.0,0,0,0.0,1,0,1,0.0,0,1,0,1.0,0.0
b5622759-fa4e-48f4-b3ed-91d440e237b2,Foodpanda,Food Delivery,ahmed ali,Unknown,1,2025-10-26 05:47:04,"bad experience no support at all bad service , there is no way to reach out to support agent or get support at all","bad experience no support at all bad service , there is no way to reach out to support agent or get support at all",0,24,114,0,0,0,0.7083333333333334,0,0,-0.7147,1,0,1,0.0,0,1,0,1.0,0.0
a335a6de-19c8-416a-89bb-424fc4a2c72a,Foodpanda,Food Delivery,Muhammad Faraz ahmed,Unknown,1,2025-10-26 06:02:55,very bad app so many glitches and vouchers not working so bad,very bad app so many glitches and vouchers not working so bad,0,12,61,0,0,0,0.8333333333333334,0,1,-0.8513,1,0,1,0.0,0,1,0,1.0,0.0
b6708ef3-614f-4cb5-b46d-ea9e90ce4917,Foodpanda,Food Delivery,Shoaib baloch,Unknown,2,2025-10-26 06:38:17,"bhai ap apni delivery boys ko change rkhne ki ek policy bna kr den. baqaiya paise zori wli tip lene se gurez kren, shukrya!","bhai ap apni delivery boys ko change rkhne ki ek policy bna kr den. baqaiya paise zori wli tip lene se gurez kren, shukrya!",0,24,123,0,0,0,1.0,0,1,0.0,1,0,1,0.0,0,1,0,2.0,0.0
68c213c6-f12c-4f30-bc00-724abf48f54a,Foodpanda,Food Delivery,Diana Pioquinto,Unknown,5,2025-10-26 07:13:54,very efficient 😁,very efficient 😁,0,3,16,1,0,0,1.0,0,0,0.7264,1,0,1,0.0,0,1,0,5.0,0.0
9ec83f79-818c-4d17-87e8-d2b8f13f2256,Foodpanda,Food Delivery,Muhammad Usman,Unknown,5,2025-10-26 07:14:15,Disco application safe,disco application safe,0,3,22,0,0,0,1.0,0,1,0.4404,1,0,1,0.0,0,1,0,5.0,0.0
e6747c23-516a-4239-b8bf-455088f1e022,Foodpanda,Food Delivery,Zin Ko Htet,Unknown,4,2025-10-26 08:06:14,Ok Ok,ok ok,0,2,5,0,0,0,0.5,0,0,0.5267,1,0,1,0.0,0,2,0,4.0,0.0
7c45bae3-00ec-4a1b-8468-eff0a4795a12,Foodpanda,Food Delivery,Jason Rey Aloyan,Unknown,1,2025-10-26 08:23:59,"I ordered food, the rider arrived late and my food was cold, my drinks spilled, my ice cream melted. the reason that the rider delivered another order. I wish to cancel the order. The food was not worth it.","i ordered food, the rider arrived late and my food was cold, my drinks spilled, my ice cream melted. the reason that the rider delivered another order. i wish to cancel the order. the food was not worth it.",0,39,206,0,0,0,0.717948717948718,0,0,0.0088,1,0,1,0.0,0,1,0,1.0,0.0
0bbae6bd-49f8-4b7d-b73c-0a5fec16cf9e,Foodpanda,Food Delivery,Paula,Unknown,3,2025-10-26 09:08:31,"Work on your customer service food panda, seems like I am speaking with an AI.","work on your customer service food panda, seems like i am speaking with an ai.",0,15,78,0,0,1,1.0,0,0,0.3612,1,0,1,0.0,0,1,0,3.0,0.0
b25592ae-c1a1-488d-bb1d-bb4b1af5bfa7,Foodpanda,Food Delivery,Ham Ham,Unknown,1,2025-10-26 09:12:01,Dua kali dah order aku kena cancel apahal dowh! refund kena tunggu 14 hari makanan pun tak sampai! laju lah woi!,dua kali dah order aku kena cancel apahal dowh! refund kena tunggu 14 hari makanan pun tak sampai! laju lah woi!,0,21,112,0,0,0,0.9523809523809523,0,0,-0.4359,1,0,1,0.0,0,1,0,1.0,0.0
5c10d399-919a-4015-a807-8988c96e056a,Foodpanda,Food Delivery,Dianne Villegas,Unknown,5,2025-10-26 09:15:16,best food app,best food app,0,3,13,0,0,0,1.0,0,1,0.6369,1,0,1,0.0,0,1,0,5.0,0.0
9bb1f56e-fe00-408f-b992-872e962cee1d,Foodpanda,Food Delivery,Deborah Grace Balbido,Unknown,1,2025-10-26 09:27:24,bobo ng mga dispatcher,bobo ng mga dispatcher,0,4,22,0,0,0,1.0,0,0,0.0,1,0,1,0.0,0,1,0,1.0,0.0
83199cd6-1f07-46c0-9c12-8a20bac31063,Foodpanda,Food Delivery,Sean Tutor,Unknown,1,2025-10-26 09:33:22,"just bad, dont bother getting the app. i waited 1 hour and didn't get my money back.","just bad, dont bother getting the app. i waited 1 hour and didn't get my money back.",0,17,84,0,0,0,1.0,0,1,-0.3536,1,0,1,0.0,0,1,0,1.0,0.0
d733d7ec-20d9-4522-913e-a9d9acfc75cd,Foodpanda,Food Delivery,Sarrang Javed,Unknown,1,2025-10-26 09:40:12,pathetic customer service.,pathetic customer service.,0,3,26,0,0,0,1.0,0,0,-0.5719,1,0,1,0.0,0,1,0,1.0,0.0
b1bb2f4d-51dc-46d4-9fce-d7ed9e74370e,Foodpanda,Food Delivery,Janry Bragas,Unknown,1,2025-10-26 09:48:04,"when i enter my number, you can't use this mobile number as it blocked on our platform , so how can i login and use their app if i cant even sign up","when i enter my number, you can't use this mobile number as it blocked on our platform , so how can i login and use their app if i cant even sign up",2,33,148,0,0,0,0.9090909090909091,0,1,-0.128,1,0,1,0.0,0,1,0,1.0,0.0
0d4d976b-ce4d-457f-a0ca-13de6e7b3f0f,Foodpanda,Food Delivery,Aoy_ LD,Unknown,1,2025-10-26 11:35:18,"take time too long, the restuarant prepared for food 15-20mn and when rider already pick up, I need to wait more 15-25mn. I've waited for 1hour, but still on delivery. WORSE!!!!","take time too long, the restuarant prepared for food 15-20mn and when rider already pick up, i need to wait more 15-25mn. i've waited for 1hour, but still on delivery. worse!!!!",2,31,177,0,0,1,0.967741935483871,0,0,-0.7067,1,0,1,0.0,0,1,0,1.0,0.0
79a94cbb-f0c6-4298-971b-3d1f5c724245,Foodpanda,Food Delivery,Mary Angel,Unknown,1,2025-10-26 12:21:27,they cancelled my order at 7:49 they said i will received my refund. But its 8:30 and i haven't received my refund yet! i also contacted them but did not respond! what a unprofessional!,they cancelled my order at 7:49 they said i will received my refund. but its 8:30 and i haven't received my refund yet! i also contacted them but did not respond! what a unprofessional!,1,34,185,0,0,0,0.7941176470588235,0,0,-0.7799,1,0,1,0.0,0,1,0,1.0,0.0
150b0146-bb01-49b2-81fe-af31e56c73ad,Foodpanda,Food Delivery,ako osman,Unknown,5,2025-10-26 12:31:09,very good delivery,very good delivery,0,3,18,0,0,0,1.0,0,0,0.4927,1,0,1,0.0,0,1,0,5.0,0.0
e9b38d22-32fc-4ca7-8782-326a392fb2ca,Foodpanda,Food Delivery,Celine J,Unknown,1,2025-10-26 13:46:02,Most disgusting platform ever. Never get things right. The rider send the wrong item and just decide to turn a blind eye and end the delivery. Poor service behaviour,most disgusting platform ever. never get things right. the rider send the wrong item and just decide to turn a blind eye and end the delivery. poor service behaviour,0,29,165,0,0,0,0.896551724137931,0,0,-0.9117,1,0,1,0.0,0,1,0,1.0,0.0
3c281c63-2b9b-403f-a809-03ab97ace27d,Foodpanda,Food Delivery,Usama Shaukat,Unknown,5,2025-10-26 15:40:24,Recommend.,recommend.,1,1,10,0,0,0,1.0,0,0,0.3612,1,0,1,0.0,0,1,0,5.0,0.0
1d0df8d7-f9ac-4921-bd91-52de5f9c2210,Foodpanda,Food Delivery,MAHENDRA CHAUHAN,Unknown,5,2025-10-26 16:07:27,I was impressed with its user-friendly interface and functionality,i was impressed with its user-friendly interface and functionality,1,9,66,0,0,0,1.0,0,0,0.4767,1,0,1,0.0,0,1,0,5.0,0.0
b6d3d96e-2891-4c0d-8400-d211dff7dd01,Foodpanda,Food Delivery,Muhammad Jameel,Unknown,5,2025-10-26 16:49:55,excited,excited,0,1,7,0,0,0,1.0,0,0,0.34,1,0,1,0.0,0,1,0,5.0,0.0
1a6833a7-27f0-4ae1-8f31-21d95573fbbe,Foodpanda,Food Delivery,Yasmeen Rizvi,Unknown,3,2025-10-26 17:17:40,all Is good but the riders must have change👍🏻,all is good but the riders must have change👍🏻,0,9,45,2,0,0,1.0,0,0,0.2382,1,0,1,0.0,0,1,0,3.0,0.0
d4493b36-7f63-47a9-b030-548be388bb90,Foodpanda,Food Delivery,zion sohail,Unknown,5,2025-10-26 18:00:59,good work 👍🏻,good work 👍🏻,0,3,12,2,0,0,1.0,0,0,0.4404,1,0,1,0.0,0,1,0,5.0,0.0
c5932f1d-6c5f-460a-876d-04d4d2543644,Foodpanda,Food Delivery,aakash Hussein,Unknown,1,2025-10-26 18:03:35,bohat hi bakwas app he riders order le k ghaeb hi hojaty hen koi check and balance b nhe he thagty hen masoom awam ko,bohat hi bakwas app he riders order le k ghaeb hi hojaty hen koi check and balance b nhe he thagty hen masoom awam ko,0,25,117,0,0,0,0.88,0,1,0.0,1,0,1,0.0,0,1,0,1.0,0.0
175f5d94-207c-4b5b-b336-f15ee3bfb9cd,Foodpanda,Food Delivery,jonathan vargas,Unknown,1,2025-10-26 18:14:33,the riders are not responding. no way to chat live supports. orders are taking an hour when the expectation is only 20 minutes.,the riders are not responding. no way to chat live supports. orders are taking an hour when the expectation is only 20 minutes.,1,23,127,0,0,0,0.9130434782608695,0,0,0.5248,1,0,1,0.0,0,1,1,1.0,0.0
a343fcb1-b8d5-4072-8780-95b21c86d780,Foodpanda,Food Delivery,Rakib Saleh,Unknown,1,2025-10-26 19:24:03,dont use this app,dont use this app,0,4,17,0,0,0,1.0,0,1,0.0,1,0,1,0.0,0,1,0,1.0,0.0
982f1277-1d39-49d6-92d1-9e520924c6db,Foodpanda,Food Delivery,shaikh huzaifa,Unknown,1,2025-10-26 19:43:54,It is a very bad experience They don't have any relatable support system just pre-define questions no human interaction.,it is a very bad experience they don't have any relatable support system just pre-define questions no human interaction.,0,19,120,0,0,0,1.0,0,0,-0.5095,1,0,1,0.0,0,1,0,1.0,0.0
24c5d50f-47ab-41f4-a6ab-1a4204f55851,Foodpanda,Food Delivery,ali Khan,Unknown,1,2025-10-26 21:57:58,"extremely disgusting support and server. I ordered food for rs.1500 and received trash, then waited 1 hour on help support and given a response of rs.160 voucher. wish we can have some alternative of foodpanda soon","extremely disgusting support and server. i ordered food for rs.1500 and received trash, then waited 1 hour on help support and given a response of rs.160 voucher. wish we can have some alternative of foodpanda soon",1,36,214,0,0,0,0.8888888888888888,0,0,0.7495,1,0,1,0.0,0,1,1,1.0,0.0
9d041282-5975-440e-a0da-fda4558edcf8,Foodpanda,Food Delivery,Marilyn Red,Unknown,5,2025-10-26 22:05:05,faster delivery,faster delivery,0,2,15,0,0,0,1.0,0,0,0.0,1,0,1,0.0,0,1,0,5.0,0.0
406d09ca-9bbd-489a-a699-3dd1b587e81c,Foodpanda,Food Delivery,Che Suhazidah,Unknown,1,2025-10-27 00:08:52,"Order makanan 1 jam 40 minit baru sampai, tak boleh cancel order then tak boleh review kedai. SERVICE OUT.","order makanan 1 jam 40 minit baru sampai, tak boleh cancel order then tak boleh review kedai. service out.",0,19,106,0,0,2,0.8421052631578947,0,0,-0.25,1,0,1,0.0,0,1,0,1.0,0.0
40a8353a-632c-48f3-8635-712efe237c6d,Foodpanda,Food Delivery,Raqibah Arifah,Unknown,5,2025-10-27 03:19:20,"Easy and fast app for ordering food. Lots of restaurant choices and riders always arrive on time. Sometimes the app is slow when people are using it during peak hours, but overall it's easy to use.","easy and fast app for ordering food. lots of restaurant choices and riders always arrive on time. sometimes the app is slow when people are using it during peak hours, but overall it's easy to use.",1,36,197,0,0,0,0.9166666666666666,0,1,0.7003,1,0,1,0.0,0,1,0,5.0,0.0
261d3e7c-57a9-402f-939d-c0a7ebede718,Foodpanda,Food Delivery,Huzaifa Anmed,Unknown,1,2025-10-27 04:55:19,policy makers chutye hai,policy makers chutye hai,0,4,24,0,0,0,1.0,0,1,0.0,1,0,1,0.0,0,1,0,1.0,0.0
6bea412b-4e6b-418c-a312-bb44410831ed,Foodpanda,Food Delivery,Tipitipi,Unknown,4,2025-10-27 05:52:18,W wwe,w wwe,0,2,5,0,0,0,1.0,0,0,0.0,1,0,1,0.0,0,1,0,4.0,0.0
851c4025-fca8-4fe7-8e48-037ef4eb5473,Foodpanda,Food Delivery,Aung Ko Ko Oo,Unknown,5,2025-10-27 06:12:48,အချိန်ကုန်လူပင်ပန်းသက်သာပြီးအစားအစာမျိုးစုံကိုအိမ်မှာနေရင်းလွယ်လွယ်ကူကူရှာဖွေဝယ်ယူနိုင်တဲ့အတွက် ကျွန်တော့အတွက်တော့အများကြီးအဆင်ပြေပါတယ်,အချိန်ကုန်လူပင်ပန်းသက်သာပြီးအစားအစာမျိုးစုံကိုအိမ်မှာနေရင်းလွယ်လွယ်ကူကူရှာဖွေဝယ်ယူနိုင်တဲ့အတွက် ကျွန်တော့အတွက်တော့အများကြီးအဆင်ပြေပါတယ်,0,2,135,0,0,0,1.0,0,0,0.0,1,0,1,0.0,0,1,0,5.0,0.0
897f0829-a85a-4b77-b509-889911248bb5,Foodpanda,Food Delivery,Ms. Tahira Majid Awan,Unknown,1,2025-10-27 07:03:03,fazool,fazool,0,1,6,0,0,0,1.0,0,0,0.0,1,0,1,0.0,0,1,0,1.0,0.0
540bc66e-0741-403d-9a78-862cd7d9e14b,Foodpanda,Food Delivery,Nor Ameerah Rehana,Unknown,5,2025-10-27 09:01:39,this app help laziest people in the world to buy food and groceries,this app help laziest people in the world to buy food and groceries,1,13,67,0,0,0,1.0,0,1,-0.25,1,0,1,0.0,0,1,0,5.0,0.0
76aad778-1264-4121-855b-233db44d6285,Foodpanda,Food Delivery,SHEIKH HAMZA,Unknown,5,2025-10-27 09:43:55,food panda is Doing great work in the era of inflation.He connected us with Food experts so we could easily Manage food 🤠,food panda is doing great work in the era of inflation.he connected us with food experts so we could easily manage food 🤠,1,23,121,1,0,0,0.9130434782608695,0,0,0.7759,1,0,1,0.0,0,1,0,5.0,0.0
948da34e-308b-4cee-8026-94789189883d,Foodpanda,Food Delivery,Theofy Salmorin,Unknown,1,2025-10-27 11:21:28,worst delivery app. there's no way you can contact customer support. their rider will make various stops due to multiple deliveries. not reliable!!!!!!!!!! better order using another delivery app.,worst delivery app. there's no way you can contact customer support. their rider will make various stops due to multiple deliveries. not reliable!!!!!!!!!! better order using another delivery app.,3,29,196,0,0,0,0.9310344827586207,0,1,-0.8305,1,0,1,0.0,0,1,0,1.0,0.0
82e90b8c-7037-40ce-ac31-5dd2ff203a41,Foodpanda,Food Delivery,Anthony Gil Piczon,Unknown,1,2025-10-27 11:29:57,Frustrating. Waiting for the order more than 2 hours. Then suddenly It will automatically get cancelled. Super Hassle. I experienced it more than twice already,frustrating. waiting for the order more than 2 hours. then suddenly it will automatically get cancelled. super hassle. i experienced it more than twice already,0,25,159,0,0,0,0.88,0,0,0.0,1,0,1,0.0,0,1,0,1.0,0.0
02818cff-2a02-4fc6-b678-eeb15460cbc5,Foodpanda,Food Delivery,Cristina Soriano,Unknown,1,2025-10-27 12:23:41,I can't use my voucher,i can't use my voucher,0,5,22,0,0,0,1.0,0,0,0.0,1,0,1,0.0,0,1,0,1.0,0.0
4558b684-d65c-476c-8ce0-05872181073a,Foodpanda,Food Delivery,Sunshine Vallejos,Unknown,5,2025-10-27 12:51:48,VERRY EXCELLENT SANA MASARAP FOODS,verry excellent sana masarap foods,0,5,34,0,0,5,1.0,0,0,0.5719,1,0,1,0.0,0,1,0,5.0,0.0
8bd96460-a40b-450d-a2f2-28224ed361ed,Foodpanda,Food Delivery,mrs azhar,Unknown,3,2025-10-27 13:12:20,delivery charges are too high,delivery charges are too high,1,5,29,0,0,0,1.0,0,0,-0.2732,1,0,1,0.0,0,1,0,3.0,0.0
5ba50f0e-c05d-43fc-a8cf-c95159377efa,Foodpanda,Food Delivery,Naime Hossen,Unknown,5,2025-10-27 13:18:17,খাবার গুলো অনেক ভালো হয় কিন্তু পার ছেলে মা টানটা ছোট দেয় হাড় দেয়,খাবার গুলো অনেক ভালো হয় কিন্তু পার ছেলে মা টানটা ছোট দেয় হাড় দেয়,0,14,68,0,0,0,0.9285714285714286,0,0,0.0,1,0,1,0.0,0,1,0,5.0,0.0
b7399681-d0c7-4e3f-9105-be63244dbccd,Foodpanda,Food Delivery,Mohammod Abdul Bari,Unknown,5,2025-10-27 13:22:42,Thats amazing app,thats amazing app,0,3,17,0,0,0,1.0,0,1,0.5859,1,0,1,0.0,0,1,0,5.0,0.0
00cf83b7-f1b0-4141-b6c5-6dd134a50164,Foodpanda,Food Delivery,Zack Sobremonte,Unknown,4,2025-10-27 13:39:07,"I like my experience on it, and I like how it gives me a discount when first buying an item for the first time, it kinda sucks that some of the vouchers doesn't work..","i like my experience on it, and i like how it gives me a discount when first buying an item for the first time, it kinda sucks that some of the vouchers doesn't work..",1,34,167,0,0,0,0.8529411764705882,1,0,0.4201,1,0,1,0.0,0,1,0,4.0,0.0
7964bbc6-4b8d-4ff5-ac06-6f61559331d7,Foodpanda,Food Delivery,MUHD YUSKHAIRI,Unknown,1,2025-10-27 14:10:20,Buat voucher penguna baru nak bayaq guna cash tak boleh pakai. Baik tak yah buat cap ayam betoi,buat voucher penguna baru nak bayaq guna cash tak boleh pakai. baik tak yah buat cap ayam betoi,1,18,95,0,0,0,0.8888888888888888,0,0,0.0,1,0,1,0.0,0,1,0,1.0,0.0
e9368080-5cf2-4be2-bb21-8e1e3c960687,Foodpanda,Food Delivery,Fatima Queen,Unknown,5,2025-10-27 14:14:27,v.good experience with Foodpanda it is very nice app specially for late night cravings this is the best app 😍😘🙌🏻,v.good experience with foodpanda it is very nice app specially for late night cravings this is the best app 😍😘🙌🏻,1,20,112,4,0,0,0.9,0,1,0.92,1,0,1,0.0,0,1,0,5.0,0.0
ea8bbea4-e53f-4094-a295-5ccf368bd26c,Foodpanda,Food Delivery,Bilal,Unknown,4,2025-10-27 14:16:00,nice app,nice app,1,2,8,0,0,0,1.0,0,1,0.4215,1,0,1,0.0,0,4,0,4.0,0.0
f567478b-d944-4596-bf08-7322342efec8,Foodpanda,Food Delivery,tom jerry,Unknown,5,2025-10-27 15:07:22,nice service an responsible.,nice service an responsible.,1,4,28,0,0,0,1.0,0,0,0.6249,1,0,1,0.0,0,1,0,5.0,0.0
d8a80710-5361-40bf-a163-02f753143b4a,Foodpanda,Food Delivery,Angelina M,Unknown,1,2025-10-27 15:10:04,Some Rider is Super Rude!! Super dissapointing.. Some of the delivery is Delayed and the customer service was completely useless when complaining about a Rude Rider! No Solutions and just keep giving Excuses. Not a Good food delivery app.,some rider is super rude!! super dissapointing.. some of the delivery is delayed and the customer service was completely useless when complaining about a rude rider! no solutions and just keep giving excuses. not a good food delivery app.,1,39,238,0,0,0,0.8205128205128205,0,1,-0.6865,1,0,1,0.0,0,1,0,1.0,0.0
e9080a61-0fbe-43d7-8734-fae8270f6ca1,Foodpanda,Food Delivery,Naba Kashif,Unknown,1,2025-10-27 15:22:02,cakes @ bakes isn't available..?,cakes @ bakes isn't available..?,1,5,32,0,0,0,1.0,0,0,0.0,1,0,1,0.0,0,1,0,1.0,0.0
dbd1c1d7-8c04-4dca-a6bf-f5229e8b77d2,Foodpanda,Food Delivery,ng boon ping,Unknown,1,2025-10-27 15:49:49,ridiculous!i prefer use grab food!,ridiculous!i prefer use grab food!,1,5,34,0,0,0,1.0,0,0,0.0,1,0,1,0.0,0,1,0,1.0,0.0
7c097b1e-d2c4-4fd7-b7a7-8fe34c1ba62d,Foodpanda,Food Delivery,AqEeL sAeEd,Unknown,1,2025-10-27 16:12:16,ghatiya app,ghatiya app,1,2,11,0,0,0,1.0,0,1,0.0,1,0,1,0.0,0,1,0,1.0,0.0
40b03943-a0db-4ff4-adb2-d6bf3daf9276,Foodpanda,Food Delivery,Rashna Kabir,Unknown,5,2025-10-27 16:13:18,good apps for delivery of food,good apps for delivery of food,1,6,30,0,0,0,1.0,0,1,0.4404,1,0,1,0.0,0,1,0,5.0,0.0
b6acd594-77bd-41a2-9e34-cb5dcd5866d5,Foodpanda,Food Delivery,Emon Mia,Unknown,1,2025-10-27 16:49:21,This app is very bad 🫵🍌🤏,this app is very bad 🫵🍌🤏,1,6,24,3,0,0,1.0,0,1,-0.5849,1,0,1,0.0,0,1,0,1.0,0.0
5e1fe6f9-186b-4663-89fb-63e48dac4ab3,Foodpanda,Food Delivery,Faysel Ahmed,Unknown,5,2025-10-28 06:52:44,Experiencing the best support from food Panda in our daily life ..... I wish you all the best.....,experiencing the best support from food panda in our daily life ..... i wish you all the best.....,1,18,98,0,0,0,0.9444444444444444,0,0,0.93,1,0,1,0.0,0,1,0,5.0,0.0
ba0b3a71-a258-4158-b668-b3219d2de2f1,Foodpanda,Food Delivery,Mazia Shoaib,Unknown,5,2025-10-28 08:12:05,👍👍👍👍👍👍👍,👍👍👍👍👍👍👍,0,1,7,7,0,0,1.0,0,0,0.0,1,0,1,0.0,0,1,0,5.0,0.0
1e6af4b4-06d9-477b-8467-3b60f57245b7,Foodpanda,Food Delivery,ISHWAR RANAI,Unknown,5,2025-10-28 09:10:18,excellent offers and variety,excellent offers and variety,0,4,28,0,0,0,1.0,1,0,0.5719,1,0,1,0.0,0,1,0,5.0,0.0
143f2284-a065-45ab-909c-741c23a77d18,Foodpanda,Food Delivery,Anthony Villamore,Unknown,5,2025-10-28 09:15:17,Very helpful,very helpful,0,2,12,0,0,0,1.0,0,0,0.4754,1,0,1,0.0,0,3,0,5.0,0.0
ae6c160a-3faa-4b64-b864-210a3d7eac06,Foodpanda,Food Delivery,Maz,Unknown,5,2025-10-28 10:11:21,mujy ye app boht achi lagti mein is app sey boht kuch mangwa Sakta hoon❤️❤️❤️❤️❤️❤️❤️❤️❤️❤️❤️❤️❤️❤️❤️❤️❤️❤️❤️❤️❤️❤️❤️❤️❤️❤️❤️❤️❤️❤️❤️❤️I LOVE FOOD PANDA APP,mujy ye app boht achi lagti mein is app sey boht kuch mangwa sakta hoon❤️❤️❤️❤️❤️❤️❤️❤️❤️❤️❤️❤️❤️❤️❤️❤️❤️❤️❤️❤️❤️❤️❤️❤️❤️❤️❤️❤️❤️❤️❤️❤️i love food panda app,0,19,156,0,0,4,0.8421052631578947,0,1,0.6369,1,0,1,0.0,0,1,0,5.0,0.0
d4134b47-f492-4924-962e-0f7902c18c82,Foodpanda,Food Delivery,Laei,Unknown,2,2025-10-28 11:11:51,Unavailable services...like most of it,unavailable services...like most of it,0,5,38,0,0,0,1.0,0,0,0.0,1,0,1,0.0,0,1,0,2.0,0.0
eaf4fa7e-9fb9-4822-be78-5020735e885e,Foodpanda,Food Delivery,Papia Chowdhury,Unknown,5,2025-10-28 12:56:32,easy to use,easy to use,0,3,11,0,0,0,1.0,0,0,0.4404,1,0,1,0.0,0,1,0,5.0,0.0
922ab2ae-d3b3-485b-bacd-dc26f7dd1359,Foodpanda,Food Delivery,Jon Rice,Unknown,5,2025-10-28 14:05:06,I love this place but it closed forever I felt sad I wish it was open it was my favourite but it gone am sad now I miss you panda,i love this place but it closed forever i felt sad i wish it was open it was my favourite but it gone am sad now i miss you panda,2,30,129,0,0,0,0.7,0,0,-0.6187,1,0,1,0.0,0,1,1,5.0,0.0
230e6d10-7856-4479-a3cb-ee6ad29f9832,Foodpanda,Food Delivery,Umar Jadoon,Unknown,5,2025-10-28 16:56:17,Lets you order food from local restaurants anytime. Quick delivery and good discounts available.,lets you order food from local restaurants anytime. quick delivery and good discounts available.,0,14,96,0,0,0,1.0,1,0,0.4404,1,0,1,0.0,0,1,0,5.0,0.0
6cc26f92-892d-4d35-b923-7a594f7518b1,Foodpanda,Food Delivery,Alih Muhammad,Unknown,5,2025-10-28 18:32:51,soo good,soo good,0,2,8,0,0,0,1.0,0,0,0.4404,1,0,1,0.0,0,2,0,5.0,0.0
bcd008f3-1c04-4b3b-a1b7-03b43566649f,Foodpanda,Food Delivery,Robyn-jane Cozyn,Unknown,5,2025-10-28 20:06:28,"foodpanda is consistently fast, reliable, and has the widest selection of restaurants. The interface is super easy to use, and I love the exclusive deals and discounts. My food always arrives hot and on time. Highly recommend!","foodpanda is consistently fast, reliable, and has the widest selection of restaurants. the interface is super easy to use, and i love the exclusive deals and discounts. my food always arrives hot and on time. highly recommend!",36,37,226,0,0,0,0.8378378378378378,1,0,0.9391,1,0,1,0.0,0,1,0,5.0,0.0
90d8f76c-8ed5-45de-b0e2-1cd47d9164f0,Foodpanda,Food Delivery,Herne Pillas,Unknown,5,2025-10-28 21:42:19,Chane,chane,0,1,5,0,0,0,1.0,0,0,0.0,1,0,1,0.0,0,1,0,5.0,0.0
7b061d58-5b2e-4fa8-989e-82ecfb174976,Foodpanda,Food Delivery,enyshzmyna ._,Unknown,5,2025-10-29 01:34:37,foodpanda is a very convenient app for booking ordering food,foodpanda is a very convenient app for booking ordering food,0,10,60,0,0,0,1.0,0,1,0.0,1,0,1,0.0,0,1,0,5.0,0.0
b23fb678-993f-47a8-9051-ab8cb3b91a19,Foodpanda,Food Delivery,Shuriemah SR,Unknown,1,2025-10-29 04:24:28,Makin lama makin ridiculous dia nya delivery time... Tulis 30-40 min Lepas tu rider dah pickup pun dah lebih dua jam tnggu makanan tak sampai juga. Dah la makin mahal charge delivery semua.,makin lama makin ridiculous dia nya delivery time... tulis 30-40 min lepas tu rider dah pickup pun dah lebih dua jam tnggu makanan tak sampai juga. dah la makin mahal charge delivery semua.,0,33,189,0,0,0,0.8484848484848485,0,0,-0.3612,1,0,1,0.0,0,1,0,1.0,0.0
f731ccad-12ef-4e77-8422-c3e14c16b6a4,Foodpanda,Food Delivery,Jayr Laurente,Unknown,5,2025-10-29 04:45:55,this app is so good in ordering foods. very fast and most of the rider here are kind and approachable..,this app is so good in ordering foods. very fast and most of the rider here are kind and approachable..,3,20,103,0,0,0,0.95,0,1,0.7987,1,0,1,0.0,0,1,0,5.0,0.0
dcdb8589-1f80-43ae-a054-fd58e6542a63,Foodpanda,Food Delivery,Obnoxious 69er,Unknown,2,2025-10-29 04:57:08,unable to update my number and email address.,unable to update my number and email address.,0,8,45,0,0,0,1.0,0,0,0.0772,1,0,1,0.0,0,1,0,2.0,0.0
f24fce9e-83b2-4535-8d46-08c465da2ad0,Foodpanda,Food Delivery,Faiq Johan,Unknown,1,2025-10-29 05:44:09,they can give u cheaper price but 1 rider takes up to 6 orders. your food gets cold. your ice melted by the time it reaches you!!,they can give u cheaper price but 1 rider takes up to 6 orders. your food gets cold. your ice melted by the time it reaches you!!,1,27,129,0,0,0,0.9629629629629629,1,0,0.2225,1,0,1,0.0,0,1,0,1.0,0.0
c99258f3-5856-4f9d-ab18-b9a7c1f79b7a,Foodpanda,Food Delivery,Innocent Zero,Unknown,1,2025-10-29 06:50:09,no rider in magura sadar,no rider in magura sadar,0,5,24,0,0,0,1.0,0,0,-0.296,1,0,1,0.0,0,1,0,1.0,0.0
5180e7bf-f4c1-4ce5-a4e5-10aeeb853ec6,Foodpanda,Food Delivery,Brian Steven Lim,Unknown,2,2025-10-29 07:28:24,Add QR Code for payment,add qr code for payment,0,5,23,0,0,1,1.0,0,0,0.0,1,0,1,0.0,0,1,0,2.0,0.0
99581a6d-9030-4895-8515-9cffd889b45b,Foodpanda,Food Delivery,vennice myrr,Unknown,5,2025-10-29 07:33:27,It's very nice! 😍,it's very nice! 😍,0,4,17,1,0,0,1.0,0,0,0.7693,1,0,1,0.0,0,1,0,5.0,0.0
927b90e3-431f-42ec-b1d9-ebfb5afaf8f0,Foodpanda,Food Delivery,shiela castillo,Unknown,4,2025-10-29 07:55:36,"Very helpful, I hope for more vouchers, promos :)","very helpful, i hope for more vouchers, promos :)",0,9,49,0,0,0,1.0,0,0,0.8598,1,0,1,0.0,0,1,0,4.0,0.0
df04d3c2-306f-40be-9fd6-5a6b8323ee98,Foodpanda,Food Delivery,Aimar Jeff,Unknown,5,2025-10-29 09:57:48,"good apps for ordering meals online it offer a large selection if restaurant,it's the perfect app for enjoying food at home and everywhere easy and fast","good apps for ordering meals online it offer a large selection if restaurant,it's the perfect app for enjoying food at home and everywhere easy and fast",1,26,152,0,0,0,0.9230769230769231,1,1,0.9169,1,0,1,0.0,0,1,0,5.0,0.0
eb3a63b3-45c2-48a7-af5e-3917f2d55627,Foodpanda,Food Delivery,Araiz Lodhi,Unknown,1,2025-10-29 10:01:46,very poor service much time is required to deliver پہلے 10سے 25 منٹ کے وقت کا آرڈر آرہا تھا جب اگلی دفع چیک کیا تو 30سے 45 منٹ یعنی مزاق چل رہا ہے,very poor service much time is required to deliver پہلے 10سے 25 منٹ کے وقت کا آرڈر آرہا تھا جب اگلی دفع چیک کیا تو 30سے 45 منٹ یعنی مزاق چل رہا ہے,0,33,146,0,0,0,0.9696969696969697,0,0,-0.5256,1,0,1,0.0,0,1,0,1.0,0.0
286a2caa-9714-4f79-9c87-1fe386c7a710,Foodpanda,Food Delivery,Md Hasibul H Tuhin,Unknown,5,2025-10-29 10:11:03,really a handy tool for foodies...😄,really a handy tool for foodies...😄,0,6,35,1,0,0,1.0,0,0,0.6705,1,0,1,0.0,0,1,0,5.0,0.0
a789e1c3-41e5-4d33-9818-2f86469daf7e,Foodpanda,Food Delivery,Huzaifa Ahmad,Unknown,1,2025-10-29 10:50:47,very poor service inka koi voucher istmal hi nahi hota,very poor service inka koi voucher istmal hi nahi hota,0,10,54,0,0,0,1.0,0,1,-0.5256,1,0,1,0.0,0,1,0,1.0,0.0
694c3a6e-2320-4586-b6b8-60ba069a7876,Foodpanda,Food Delivery,Raquel Saliwan,Unknown,5,2025-10-29 11:30:01,good I use it sometimes but good app thanks,good i use it sometimes but good app thanks,0,9,43,0,0,0,0.8888888888888888,0,1,0.8641,1,0,1,0.0,0,1,0,5.0,0.0
a457f13f-ac4c-460b-adef-7e2687cc4d18,Foodpanda,Food Delivery,Sven Knight,Unknown,1,2025-10-29 11:32:37,Hard to contact customer support and the orders are slow to arrive. Like an hour late and the food gets cold. Avoid this app.,hard to contact customer support and the orders are slow to arrive. like an hour late and the food gets cold. avoid this app.,0,24,125,0,0,0,0.875,0,1,0.3818,1,0,1,0.0,0,1,0,1.0,0.0
cbe567d3-f5fe-49bf-ab68-4241367dc5af,Foodpanda,Food Delivery,Thet Paing Soe,Unknown,5,2025-10-29 11:49:13,amazing,amazing,0,1,7,0,0,0,1.0,0,0,0.5859,1,0,1,0.0,0,1,0,5.0,0.0
01bb5025-74b1-43a9-b4fb-9af4a59e31e7,Foodpanda,Food Delivery,Muhammed Abdullah Khan,Unknown,1,2025-10-29 13:22:45,Foodpanda doesn't give me any free vouchers or discount 😕😞👎,foodpanda doesn't give me any free vouchers or discount 😕😞👎,1,10,59,3,0,0,1.0,1,0,-0.2732,1,0,1,0.0,0,1,0,1.0,0.0
724d795d-bf75-4271-bfe4-e365d8899c41,Foodpanda,Food Delivery,Cecilia Tabada,Unknown,1,2025-10-29 13:31:41,PANGET ANG UGALI NG RIDER,panget ang ugali ng rider,0,5,25,0,0,5,1.0,0,0,0.0,1,0,1,0.0,0,1,0,1.0,0.0
0c38875a-1c17-4a05-97fb-21e2288b6c9f,Foodpanda,Food Delivery,Mark James Nuylan Eto,Unknown,1,2025-10-29 13:46:23,Can't cancel my order even though I just placed it. It's not even being prepared yet. It's on queue. I have placed an incorrect order and need to modify it.,can't cancel my order even though i just placed it. it's not even being prepared yet. it's on queue. i have placed an incorrect order and need to modify it.,1,30,156,0,0,0,0.8,0,0,0.0191,1,0,1,0.0,0,1,0,1.0,0.0
462422cb-f61a-441d-ab84-40e7c90dd575,Foodpanda,Food Delivery,Mayra Parillon,Unknown,1,2025-10-29 14:03:15,i cant use the new user voucher even though my phone and account is new,i cant use the new user voucher even though my phone and account is new,0,15,71,0,0,0,0.9333333333333333,0,0,0.0,1,0,1,0.0,0,1,0,1.0,0.0
99db9b4d-b22b-4659-9ff1-9d7e3b21746e,Foodpanda,Food Delivery,Usman Khan,Unknown,5,2025-10-29 14:09:23,amazing and helpful thank 😊,amazing and helpful thank 😊,0,5,27,1,0,0,1.0,0,0,0.9337,1,0,2,1283956.0,0,1,0,3.0,2.8284271247461903
a2c66acb-a329-4e87-96ce-f4a3510da753,Foodpanda,Food Delivery,Kuber Khan,Unknown,5,2025-10-29 14:29:07,"very easy , good interface.","very easy , good interface.",1,5,27,0,0,0,1.0,0,0,0.7474,1,0,1,0.0,0,1,0,5.0,0.0
23ab07f3-2617-481d-92ba-674b15457f74,Foodpanda,Food Delivery,V,Unknown,1,2025-10-29 15:41:37,"Hours to book delivery, no way to contact support that can actually help.","hours to book delivery, no way to contact support that can actually help.",2,13,73,0,0,0,0.9230769230769231,0,0,0.4939,1,0,1,0.0,0,1,0,1.0,0.0
96b9510e-afce-426b-8346-0ccc28238e6c,Foodpanda,Food Delivery,Momin Khan,Unknown,1,2025-10-29 15:59:07,"Chats with rider don't work properly, their messages don't directly show on the notification menu instead I have to go and check for myself that is there any message or not...Fix this please.","chats with rider don't work properly, their messages don't directly show on the notification menu instead i have to go and check for myself that is there any message or not...fix this please.",5,33,191,0,0,0,0.9696969696969697,0,0,0.3869,1,0,1,0.0,0,1,0,1.0,0.0
f70d9a93-ca24-410d-95b3-309e8f4d888e,Foodpanda,Food Delivery,Than Htay,Unknown,1,2025-10-29 16:38:12,"Repayment very long time process, Wave money repayment very long time. You changes KBZPay Mini app and partnership and relationship KBZPay.","repayment very long time process, wave money repayment very long time. you changes kbzpay mini app and partnership and relationship kbzpay.",0,21,139,0,0,0,0.8095238095238095,0,1,0.0,1,0,1,0.0,0,1,0,1.0,0.0
7ceca48d-da7f-432c-8ae4-714aaf8f4d1f,Foodpanda,Food Delivery,Mrs Rim,Unknown,1,2025-10-29 17:18:33,VAT killing the vibe of deals... No more orders from me-,vat killing the vibe of deals... no more orders from me-,1,11,56,0,0,1,1.0,1,0,-0.765,1,0,1,0.0,0,1,0,1.0,0.0
0ff0a3d0-43bf-42c9-9eb5-705dce846ec3,Foodpanda,Food Delivery,saint anthony,Unknown,1,2025-10-29 17:57:29,poor management,poor management,0,2,15,0,0,0,1.0,0,0,-0.4767,1,0,1,0.0,0,1,0,1.0,0.0
9d7e60bc-9ba8-4194-b0ef-e7aec3277ca2,Foodpanda,Food Delivery,Rosa Arena,Unknown,5,2025-10-29 19:02:09,very good services,very good services,0,3,18,0,0,0,1.0,0,0,0.4927,1,0,1,0.0,0,1,0,5.0,0.0
22cafb77-0f89-4d01-9679-3e09622cd866,Foodpanda,Food Delivery,Zain Shahid,Unknown,1,2025-10-29 21:01:40,poor delivery as they cancel order at any time by themselves,poor delivery as they cancel order at any time by themselves,0,11,60,0,0,0,1.0,0,0,-0.6249,1,0,1,0.0,0,1,0,1.0,0.0
1714645d-dd6a-448e-be0c-ee79095edd78,Foodpanda,Food Delivery,Emmanuel Estrella,Unknown,1,2025-10-29 22:16:21,low rate,low rate,0,2,8,0,0,0,1.0,0,0,-0.2732,1,0,1,0.0,0,1,0,1.0,0.0
12f1bc12-6f2d-4858-a32b-5258895ce063,Foodpanda,Food Delivery,samai florentina,Unknown,5,2025-10-30 00:04:55,free delivery🥰,free delivery🥰,0,2,14,1,0,0,1.0,1,0,0.891,1,0,1,0.0,0,1,0,5.0,0.0
27afb129-fdae-4a87-9f73-6ce427721889,Foodpanda,Food Delivery,Crisziel San Ramon,Unknown,1,2025-10-30 02:10:37,Can't install the app on Huawei Nova 11,can't install the app on huawei nova 11,0,8,39,0,0,0,1.0,1,1,0.0,1,0,1,0.0,0,1,0,1.0,0.0
b2baceb2-0dca-4b92-8ed7-0da774a40d81,Foodpanda,Food Delivery,Elvie Bag ayan,Unknown,1,2025-10-30 02:30:16,late cancellation,late cancellation,0,2,17,0,0,0,1.0,0,0,0.0,1,0,1,0.0,0,1,0,1.0,0.0
d6580c3e-3932-45ee-a7b3-f27b3f95dc95,Foodpanda,Food Delivery,Paulene Garfin,Unknown,1,2025-10-30 03:12:11,"The worst. Poor customer service support and useless policy for refund. I didn't get my refund because of your useless app. FIX YOUR APP WHEN PAYING, TELL THAT TO YOUR IT DEPARTMENT. YOU HAVE A VERY POOR UI!","the worst. poor customer service support and useless policy for refund. i didn't get my refund because of your useless app. fix your app when paying, tell that to your it department. you have a very poor ui!",0,38,207,0,0,16,0.8947368421052632,0,1,-0.9298,1,0,1,0.0,0,1,0,1.0,0.0
65be01d4-8884-45b8-8a61-1f6e0bbe23df,Foodpanda,Food Delivery,Izzuddin Hazari,Unknown,5,2025-10-30 03:20:45,Easy to order and use,easy to order and use,1,5,21,0,0,0,1.0,0,0,0.4404,1,0,1,0.0,0,1,0,5.0,0.0
2e51bb44-f4ad-4ecc-ba69-4f8ad13500b4,Foodpanda,Food Delivery,Alethea Dane,Unknown,2,2025-10-30 03:52:34,"usually loading so fast but as of currently, it's barely able to load anything. i check my internet but everything is running fine, except this app.","usually loading so fast but as of currently, it's barely able to load anything. i check my internet but everything is running fine, except this app.",0,26,148,0,0,0,0.9615384615384616,0,1,0.296,1,0,1,0.0,0,1,0,2.0,0.0
ef18808e-8d00-49df-84ca-a2569bff74e6,Foodpanda,Food Delivery,aznie anastasia,Unknown,5,2025-10-30 05:01:04,foodpanda always serve the best service,foodpanda always serve the best service,0,6,39,0,0,0,1.0,0,0,0.6369,1,0,1,0.0,0,1,0,5.0,0.0
593ba406-b94e-4c21-8754-dc38b88e6f5f,Foodpanda,Food Delivery,Duke Marsley,Unknown,1,2025-10-30 05:17:17,the chat support is crazy useless. yall have an issue and know the issue coz when I search for it its there but after asking assistance yall can do nothing. ain't no way people get good service with yall,the chat support is crazy useless. yall have an issue and know the issue coz when i search for it its there but after asking assistance yall can do nothing. ain't no way people get good service with yall,0,39,203,0,0,0,0.8974358974358975,0,0,0.2765,1,0,1,0.0,0,1,0,1.0,0.0
3ea2cdd2-6835-41cd-84fa-da1ab8424115,Foodpanda,Food Delivery,Haneen Nen,Unknown,2,2025-10-30 05:40:32,Bodo curi duit sy,bodo curi duit sy,0,4,17,0,0,0,1.0,0,0,0.0,1,0,1,0.0,0,1,0,2.0,0.0
989078b6-d152-4163-abab-601cb04756d9,Foodpanda,Food Delivery,Francis Dave mercado,Unknown,1,2025-10-30 06:06:53,"ang pamilya ko gusto lang naman kumain, tapos nung dumating ang order ko kulang kulang? bat naman ganun. ayos ayos nyo po ang mga rider nyo at baka po nakakain na nila or ano.","ang pamilya ko gusto lang naman kumain, tapos nung dumating ang order ko kulang kulang? bat naman ganun. ayos ayos nyo po ang mga rider nyo at baka po nakakain na nila or ano.",0,34,175,0,0,0,0.7941176470588235,0,0,-0.802,1,0,1,0.0,0,1,0,1.0,0.0
0d3bdb45-e0cc-4ff0-90a5-8285732816e5,Foodpanda,Food Delivery,Num Nome,Unknown,1,2025-10-30 07:49:42,can't seach anything full of bugs,can't seach anything full of bugs,0,6,33,0,0,0,1.0,0,0,0.0,1,0,1,0.0,0,1,0,1.0,0.0
93e00edc-b4e0-4644-ab82-e47d20fc4266,Foodpanda,Food Delivery,lina liu,Unknown,5,2025-10-30 10:46:14,wonderful,wonderful,0,1,9,0,0,0,1.0,0,0,0.5719,1,0,1,0.0,0,1,0,5.0,0.0
3d00309a-a29b-429e-80f5-43dc6b20bfb3,Foodpanda,Food Delivery,MD Blouch,Unknown,5,2025-10-30 10:55:10,good app,good app,0,2,8,0,0,0,1.0,0,1,0.4404,1,0,1,0.0,0,5,0,5.0,0.0
acdba69e-ad03-4551-81f5-37edba12ca23,Foodpanda,Food Delivery,Mahad Rahman,Unknown,2,2025-10-30 11:30:04,too much delivery charge,too much delivery charge,0,4,24,0,0,0,1.0,0,0,0.0,1,0,1,0.0,0,1,0,2.0,0.0
9dde0fb0-153f-4b88-8877-613d3a7da656,Foodpanda,Food Delivery,Abu Bakar,Unknown,5,2025-10-30 11:57:46,very good app just try it,very good app just try it,0,6,25,0,0,0,1.0,0,1,0.4927,1,0,1,0.0,0,1,0,5.0,0.0
cbc1f669-fb8b-44b0-9164-1ab404adfb5b,Foodpanda,Food Delivery,khai 76,Unknown,1,2025-10-30 12:34:20,no agent to support went order got problem,no agent to support went order got problem,0,8,42,0,0,0,1.0,0,0,-0.296,1,0,1,0.0,0,1,0,1.0,0.0
cb83cb90-3da0-487b-8147-43dd327ee143,Foodpanda,Food Delivery,Sophal KHIEV,Unknown,1,2025-10-30 12:48:59,I ordered and paid and they cancel my order and I didn't get any refund even when I tried to chat with the support they didn't want to refund me,i ordered and paid and they cancel my order and i didn't get any refund even when i tried to chat with the support they didn't want to refund me,0,30,144,0,0,0,0.7333333333333333,0,0,0.1225,1,0,1,0.0,0,1,0,1.0,0.0
0e141b40-6051-4b33-b720-09a141054cf8,Foodpanda,Food Delivery,vengadesh thenkumutha,Unknown,1,2025-10-30 13:10:47,Delivery charges getting very expensive week by week...not worth for using this app... delivery food very slow almost 1 hour received my food...food get so cold...I hope people stop using this hell app,delivery charges getting very expensive week by week...not worth for using this app... delivery food very slow almost 1 hour received my food...food get so cold...i hope people stop using this hell app,2,33,201,0,0,0,0.8787878787878788,0,1,-0.5888,1,0,1,0.0,0,1,0,1.0,0.0
49a271bf-4ace-471c-901d-27512d68083a,Foodpanda,Food Delivery,Esa Khan,Unknown,1,2025-10-30 13:25:19,so bad app I my id is not logging in it is showing error 😡,so bad app i my id is not logging in it is showing error 😡,0,15,58,1,0,0,0.9333333333333333,0,1,-0.7574,1,0,1,0.0,0,1,0,1.0,0.0
0f909c76-6d34-44ff-ac92-497e204e1c0d,Foodpanda,Food Delivery,Javaria Usman,Unknown,5,2025-10-30 13:44:10,"I have been using this app for ages. most reliable food delivery app in the country, a must try if you want to order some food online","i have been using this app for ages. most reliable food delivery app in the country, a must try if you want to order some food online",1,27,133,0,0,0,0.9259259259259259,0,1,0.0772,1,0,1,0.0,0,1,0,5.0,0.0
ac602c92-4642-4408-8196-b1d8244adc26,Foodpanda,Food Delivery,Kazi Muhammad Umar,Unknown,5,2025-10-30 14:41:00,"Got my issue resolved, Phone was not registering for a day.","got my issue resolved, phone was not registering for a day.",0,11,59,0,0,0,1.0,0,0,0.1779,1,0,1,0.0,0,1,0,5.0,0.0
4e90b98a-104b-4814-8fb1-5e7439fed078,Foodpanda,Food Delivery,Ayesha Khan,Unknown,5,2025-10-30 15:03:01,Bestttt app,bestttt app,0,2,11,0,0,0,1.0,0,1,0.0,1,0,1,0.0,0,1,0,5.0,0.0
9b2dc791-cf1f-402d-ae8d-2c30d44a5a1f,Foodpanda,Food Delivery,Abdus Sami,Unknown,1,2025-10-30 15:33:49,Why there's no New user voucher for me? this is just so annoying. worst experience,why there's no new user voucher for me? this is just so annoying. worst experience,0,15,82,0,0,0,1.0,0,0,-0.877,1,0,1,0.0,0,1,0,1.0,0.0
a348bbbc-0b8e-4dac-98f3-39973571730c,Foodpanda,Food Delivery,Zaw Myo Aung,Unknown,5,2025-10-30 16:01:19,Anyarthar,anyarthar,0,1,9,0,0,0,1.0,0,0,0.0,1,0,1,0.0,0,1,0,5.0,0.0
25497de8-6786-480f-a11c-e1c657bc5eaa,Foodpanda,Food Delivery,Muhd Faizal,Unknown,1,2025-10-30 16:08:22,i can't cancel my order i wait past an 2 hours and customer service still won't cancel my order and ask me to wait,i can't cancel my order i wait past an 2 hours and customer service still won't cancel my order and ask me to wait,0,24,114,0,0,0,0.75,0,0,0.357,1,0,1,0.0,0,1,0,1.0,0.0
06c9bbe7-9d50-4a5a-b432-938f6bcd7e95,Foodpanda,Food Delivery,Migs Pacuma,Unknown,2,2025-10-30 16:37:01,I waited 1 hour for my order. no compensation. upgrade your system it sucks,i waited 1 hour for my order. no compensation. upgrade your system it sucks,0,14,75,0,0,0,1.0,0,0,-0.5719,1,0,1,0.0,0,1,0,2.0,0.0
f3bc58a5-9039-4cab-929e-321de1a22587,Foodpanda,Food Delivery,Hayat Khan,Unknown,1,2025-10-30 17:26:19,different prices for everyone and huge differences too will definitely not use it,different prices for everyone and huge differences too will definitely not use it,0,13,81,0,0,0,1.0,0,0,0.6124,1,0,1,0.0,0,1,1,1.0,0.0
4f5df472-1e92-467c-b1b1-533b28f6a472,Foodpanda,Food Delivery,Sabahat Imtiaz,Unknown,5,2025-10-30 19:37:28,very useful app👍,very useful app👍,0,3,16,1,0,0,1.0,0,1,0.4927,1,0,1,0.0,0,1,0,5.0,0.0
e811c04b-9fb7-4828-bd7d-966e3df532f1,Foodpanda,Food Delivery,Nur Syarifah,Unknown,1,2025-10-30 20:51:45,"very very disappointed , your rider cancelled my order without any excuse ? then my money you return back within 14 days ? i m disappointed with this apps","very very disappointed , your rider cancelled my order without any excuse ? then my money you return back within 14 days ? i m disappointed with this apps",0,29,154,0,0,0,0.8620689655172413,0,1,-0.8539,1,0,1,0.0,0,1,0,1.0,0.0
6bfcbef5-fa04-45bf-89ea-a48d4a7ce161,Foodpanda,Food Delivery,Atta ur Rehman,Unknown,1,2025-10-30 22:19:44,bakwas service hai paisay cash kar rahay hai ab sirif,bakwas service hai paisay cash kar rahay hai ab sirif,0,10,53,0,0,0,0.9,0,1,0.0,1,0,1,0.0,0,1,0,1.0,0.0
eaf68abe-e099-4012-a39e-0e2afdbf901b,Foodpanda,Food Delivery,Armando Ballkoci,Unknown,1,2025-10-30 22:22:15,If there were a 0 star available i would do it you should add more countries 😤👎👎,if there were a 0 star available i would do it you should add more countries 😤👎👎,0,17,80,3,0,0,1.0,0,0,0.0,1,0,1,0.0,0,1,0,1.0,0.0
4faff132-73cb-4387-b249-fe32313b1587,Foodpanda,Food Delivery,Keith Leonard Lontoc,Unknown,1,2025-10-31 00:40:44,"can't verify my phone number, whenever i received the code, it says wrong code.","can't verify my phone number, whenever i received the code, it says wrong code.",0,14,79,0,0,0,1.0,0,0,-0.4215,1,0,1,0.0,0,1,0,1.0,0.0
94ad9da6-03e9-49b3-b38a-70801aa26ec4,Foodpanda,Food Delivery,Daniyal Yasir,Unknown,1,2025-10-31 01:38:14,Worse experience they show us vouchers again and again and when trying to apply voucher they said this voucher cannot be applied to your account so why the hell are you showing me that vouchers even I can't use them.,worse experience they show us vouchers again and again and when trying to apply voucher they said this voucher cannot be applied to your account so why the hell are you showing me that vouchers even i can't use them.,0,40,216,0,0,0,0.85,0,1,-0.8387,1,0,1,0.0,0,1,0,1.0,0.0
7ab8740e-e266-4ad2-9de5-9324dd0e87f4,Foodpanda,Food Delivery,miller linimpao,Unknown,1,2025-10-31 02:32:07,random ads out of nowhere making me press buttons i do not want to press,random ads out of nowhere making me press buttons i do not want to press,0,15,72,0,0,0,0.9333333333333333,0,0,-0.0572,1,0,1,0.0,0,1,0,1.0,0.0
de2196eb-c578-49e4-b106-3883566add39,Foodpanda,Food Delivery,Lucifer Morningstar,Unknown,5,2025-10-31 03:10:58,this app so helpfull for buy food and groceries in 24 hours always have driver will delivery of goods,this app so helpfull for buy food and groceries in 24 hours always have driver will delivery of goods,0,19,101,0,0,0,1.0,0,1,0.0,1,0,1,0.0,0,1,0,5.0,0.0
6ff863fa-0c0f-4b3e-a7ef-2b56790304ba,Foodpanda,Food Delivery,Fabiha Khan,Unknown,3,2025-10-31 04:03:23,"Can anyone tell me how to transfer my refund to my bank account? I've contacted a customer care representative but I don't see any option of ""To original payment method""","can anyone tell me how to transfer my refund to my bank account? i've contacted a customer care representative but i don't see any option of ""to original payment method""",0,30,169,0,0,0,0.9333333333333333,0,0,0.6187,1,0,1,0.0,0,1,0,3.0,0.0
825be61c-2dae-4ebc-b76a-bca79950dcf9,Foodpanda,Food Delivery,Marie antonette Delantar,Unknown,4,2025-10-31 04:20:45,I can order food to where my family is even if I am miles/ocean away from them ♥️. App a little to slow 😔 then sometimes the address I save being deleted 😔,i can order food to where my family is even if i am miles/ocean away from them ♥️. app a little to slow 😔 then sometimes the address i save being deleted 😔,2,33,155,2,0,0,0.8787878787878788,0,1,0.8288,1,0,1,0.0,0,1,0,4.0,0.0
301f12ca-d264-484c-9562-23402c0ae184,Foodpanda,Food Delivery,mdshokery mdshokery,Unknown,5,2025-10-31 04:35:14,luv u,luv u,0,2,5,0,0,0,1.0,0,0,0.0,1,0,1,0.0,0,1,0,5.0,0.0
1fdfc5bb-07ff-4b0a-8b3a-771e09e52004,Foodpanda,Food Delivery,sean ringel,Unknown,5,2025-10-31 04:48:42,wowww,wowww,0,1,5,0,0,0,1.0,0,0,0.0,1,0,1,0.0,0,1,0,5.0,0.0
f9226cf3-fd3b-42c5-aa83-726ff4f5bd68,Foodpanda,Food Delivery,Saguirah Abdullah,Unknown,5,2025-10-31 04:56:53,gumagaan ang buhay ss food panda ❤️❤️,gumagaan ang buhay ss food panda ❤️❤️,0,7,37,0,0,0,1.0,0,0,0.0,1,0,1,0.0,0,1,0,5.0,0.0
0554bc7b-81a2-44b9-8115-26b3e378b17b,Foodpanda,Food Delivery,Bernadeth Tuadles,Unknown,5,2025-10-31 05:13:36,"highly recommended 👍 efficient, convenient and affordable 😃","highly recommended 👍 efficient, convenient and affordable 😃",0,8,59,2,0,0,1.0,0,0,0.7501,1,0,1,0.0,0,1,0,5.0,0.0
3f7a80e3-39df-44a9-9ccd-488b4762e927,Foodpanda,Food Delivery,TheBuckingham101,Unknown,1,2025-10-31 05:29:28,2 hours for a delivery. geez,2 hours for a delivery. geez,0,6,28,0,0,0,1.0,0,0,0.0,1,0,1,0.0,0,1,0,1.0,0.0
20c93bb4-d8ad-484f-89dd-7934aeff2364,Foodpanda,Food Delivery,Meas Sakkun (Kun),Unknown,5,2025-10-31 06:27:43,"Good app, easy to use.","good app, easy to use.",0,5,22,0,0,0,1.0,0,1,0.7003,1,0,1,0.0,0,1,0,5.0,0.0
cab4e962-f93e-4a3c-a404-b72a4477edf4,Foodpanda,Food Delivery,Jessie Castro,Unknown,4,2025-10-31 06:30:58,nice 👍,nice 👍,0,2,6,1,0,0,1.0,0,0,0.4215,1,0,1,0.0,0,2,0,4.0,0.0
7d65049e-2d80-46b0-99b5-2b3cd5b6acf1,Foodpanda,Food Delivery,Kyaw Paing Htet,Unknown,5,2025-10-31 07:15:57,Very Nice🍽,very nice🍽,0,2,10,1,0,0,1.0,0,0,0.4754,1,0,1,0.0,0,1,0,5.0,0.0
22f0d58d-b4bc-4790-8667-af37650baa6a,Foodpanda,Food Delivery,Abdul Awal Chowdhury Masud (Masud Chy.),Unknown,5,2025-10-31 07:35:54,Excellent!,excellent!,0,1,10,0,0,0,1.0,0,0,0.6114,1,0,1,0.0,0,1,0,5.0,0.0
8c751c83-6c70-4359-91e1-5fa0d416c4b2,Foodpanda,Food Delivery,Miesha,Unknown,1,2025-10-31 08:13:57,their priority option is scam. takes more time than usual time but with extra money. Also worst customer service.,their priority option is scam. takes more time than usual time but with extra money. also worst customer service.,0,19,113,0,0,0,0.9473684210526315,0,0,-0.8402,1,0,1,0.0,0,1,0,1.0,0.0
77f70ad2-b6f1-479c-b3c2-8ae14dd306be,Foodpanda,Food Delivery,Md. Aktaruzzaman,Unknown,1,2025-10-31 08:38:47,worst. foodi is 1000 times better. it says I'm gonna get 50% off on my first order then says voucher not applicable in the end. absolute scam. even prices fluctuate now and then. unworthy,worst. foodi is 1000 times better. it says i'm gonna get 50% off on my first order then says voucher not applicable in the end. absolute scam. even prices fluctuate now and then. unworthy,0,34,187,0,0,0,0.9705882352941176,0,1,-0.836,1,0,1,0.0,0,1,0,1.0,0.0
a86f537a-8442-4d96-8613-cf032aea4f15,Foodpanda,Food Delivery,Hiya Khiyam,Unknown,5,2025-10-31 08:48:17,best food application,best food application,0,3,21,0,0,0,1.0,0,1,0.6369,1,0,1,0.0,0,1,0,5.0,0.0
fd86aa06-f5c5-4bf7-9ea8-06941d47489e,Foodpanda,Food Delivery,Syeda Adeen,Unknown,5,2025-10-31 09:16:56,excellent taste and delivery 🚚 remarkable may Allah bless you and your business ameen🌹🌹💐💐💐,excellent taste and delivery 🚚 remarkable may allah bless you and your business ameen🌹🌹💐💐💐,0,14,90,6,0,0,0.9285714285714286,0,0,0.8779,1,0,1,0.0,0,1,0,5.0,0.0
3bee4f28-c426-436e-9ae7-191540d18b47,Foodpanda,Food Delivery,Norlando De Leon,Unknown,1,2025-10-31 10:16:00,had a bad experience the rider stole the order. and I did not receive explanation. they just solve it via refund but panda wallet instead of my gcash,had a bad experience the rider stole the order. and i did not receive explanation. they just solve it via refund but panda wallet instead of my gcash,0,28,149,0,0,0,0.9642857142857143,0,0,-0.2144,1,0,1,0.0,0,1,0,1.0,0.0
77785d51-0796-4396-acbf-84c289ab7ca9,Foodpanda,Food Delivery,AngelzKitty769,Unknown,1,2025-10-31 10:54:16,PAYAH BERURUSAN BILA NAK REFUND DUIT KITA DISEBABKAN ORDER SALAH SAJA MEMANJANG DIBERI OLEH KEDAI/RESTORAN. MAKIN LAMA MAKIN TERUS SUPPORT DARI FOODPANDA NI. BERFIKIR KAMU KALAU MAHU ORDER MAKANAN DISINI. BIKIN RUGI PEMBELI SAHAJA.,payah berurusan bila nak refund duit kita disebabkan order salah saja memanjang diberi oleh kedai/restoran. makin lama makin terus support dari foodpanda ni. berfikir kamu kalau mahu order makanan disini. bikin rugi pembeli sahaja.,0,34,231,0,0,34,0.9411764705882353,0,0,0.4019,1,0,1,0.0,0,1,0,1.0,0.0
7cd15c62-64d3-4c34-b05c-ecd91b9d73cc,Foodpanda,Food Delivery,Google Love,Unknown,5,2025-10-31 11:01:43,Google Love 💕,google love 💕,0,3,13,1,0,0,1.0,0,0,0.8591,1,0,1,0.0,0,1,0,5.0,0.0
0bbc426e-fa40-409f-90a5-74f4d34f5f1d,Foodpanda,Food Delivery,Jay Jones,Unknown,5,2025-10-31 12:01:39,"I've used Foodpanda for meal delivery and found it fast, affordable, and easy to use. The app offers great restaurant variety, secure payments, and reliable tracking. Perfect for quick, hassle-free order","i've used foodpanda for meal delivery and found it fast, affordable, and easy to use. the app offers great restaurant variety, secure payments, and reliable tracking. perfect for quick, hassle-free order",34,31,203,0,0,0,0.9032258064516129,1,1,0.9201,1,0,1,0.0,0,1,0,5.0,0.0
651c477c-263f-4c14-a40c-1de852b30c2c,Foodpanda,Food Delivery,eda suryana,Unknown,5,2025-10-31 12:17:01,good apps 👍🏻,good apps 👍🏻,0,3,12,2,0,0,1.0,0,1,0.4404,1,0,1,0.0,0,1,0,5.0,0.0
4317d88a-ccd0-4ea6-b09d-0bd9c98d1880,Foodpanda,Food Delivery,Kyuhnah Cho,Unknown,1,2025-10-31 12:40:46,"too many additional extra fees, need to wait too long before they can deliver the food. not using this again","too many additional extra fees, need to wait too long before they can deliver the food. not using this again",0,20,108,0,0,0,0.95,0,0,0.0,1,0,1,0.0,0,1,0,1.0,0.0
0f55539b-a2ba-4a68-a14d-eef705af7547,Foodpanda,Food Delivery,Ahsan Shourob,Unknown,4,2025-10-31 12:46:40,Very Good,very good,0,2,9,0,0,0,1.0,0,0,0.4927,1,0,1,0.0,0,4,0,4.0,0.0
18b38cc8-0989-4039-8441-ac397f6da57c,Foodpanda,Food Delivery,Back Bencher,Unknown,5,2025-10-31 12:55:28,"Amazing app! Is super fun and easy to use. The filters look natural, and I love how smoothly it edits photos without making them look fake. Definitely one of the best face editing apps I’ve used!","amazing app! is super fun and easy to use. the filters look natural, and i love how smoothly it edits photos without making them look fake. definitely one of the best face editing apps i’ve used!",2,36,195,0,0,0,0.9166666666666666,0,1,0.9776,1,0,1,0.0,0,1,0,5.0,0.0
f9e6a082-29be-4001-8c8b-d3a405d010de,Foodpanda,Food Delivery,Billkis Akter,Unknown,1,2025-10-31 13:19:48,বার্গার ওফ আমেরিকা অনেক বাজে!,বার্গার ওফ আমেরিকা অনেক বাজে!,0,5,29,0,0,0,1.0,0,0,0.0,1,0,1,0.0,0,1,0,1.0,0.0
4d1700af-ec70-4b4b-917b-65f88ea5a0d9,Foodpanda,Food Delivery,Marlon,Unknown,1,2025-10-31 14:19:59,THEY DEDUCT MONEY BUT THE ORDER DOESN'T PUSH THROUGH. SO DISAPPOINTED. WORST CUSTOMER SERVICE.,they deduct money but the order doesn't push through. so disappointed. worst customer service.,0,14,94,0,0,14,1.0,0,1,-0.9268,1,0,1,0.0,0,1,0,1.0,0.0
44d367c3-89be-427f-a5e6-ca739bf522e5,Foodpanda,Food Delivery,Isteaq Zaman,Unknown,1,2025-10-31 14:44:33,"Worst service of all time.. Always late in delivering product, sometime after 1.5 hrs they cancelled the order..","worst service of all time.. always late in delivering product, sometime after 1.5 hrs they cancelled the order..",0,18,112,0,0,0,1.0,0,0,-0.7269,1,0,1,0.0,0,1,0,1.0,0.0
68bbf5e0-d180-4039-9549-5e0ee3167bd1,Foodpanda,Food Delivery,Neggie (Neggie),Unknown,5,2025-10-31 14:48:42,Excellent 👌🏽,excellent 👌🏽,0,2,12,2,0,0,1.0,0,0,0.87,1,0,1,0.0,0,1,0,5.0,0.0
3dfb64a6-b470-46f0-9477-0f869fbba74e,Foodpanda,Food Delivery,Rabia Kashmiri,Unknown,1,2025-10-31 15:23:53,"it's instalation does not completing, stuck on 97% since whole day","it's instalation does not completing, stuck on 97% since whole day",0,11,66,0,0,0,1.0,0,0,0.1877,1,0,1,0.0,0,1,0,1.0,0.0
b3d1b94a-6c8c-4dcb-ad55-19b78dc001e1,Foodpanda,Food Delivery,Dhia Farha,Unknown,5,2025-10-31 15:44:55,Fast delivery and lots of food options. Easy to track orders and always on time.,fast delivery and lots of food options. easy to track orders and always on time.,0,15,80,0,0,0,0.9333333333333333,0,0,0.4404,1,0,1,0.0,0,1,0,5.0,0.0
ac3e4e43-82b1-495b-b42f-f72911641825,Foodpanda,Food Delivery,Abu Bilal,Unknown,5,2025-10-31 16:17:27,Delicious food factory,delicious food factory,0,3,22,0,0,0,1.0,0,0,0.5719,1,0,1,0.0,0,1,0,5.0,0.0
c0bc1966-16b8-42d0-8e26-c10097123a35,Foodpanda,Food Delivery,Jeremiah Al Amberong,Unknown,1,2025-10-31 18:54:39,"What’s this new BS update about a “service fee”? ""Providing us with an enhanced grocery shopping experience""? What kind of nonsense is that? Isn’t it your responsibility to give customers a good shopping experience in the first place?","what’s this new bs update about a “service fee”? ""providing us with an enhanced grocery shopping experience""? what kind of nonsense is that? isn’t it your responsibility to give customers a good shopping experience in the first place?",0,38,234,0,0,1,0.9473684210526315,0,0,-0.2624,1,0,1,0.0,0,1,0,1.0,0.0
0c892a11-e2e8-46fd-a247-d34aec90598c,Foodpanda,Food Delivery,ONG TECK SIONG,Unknown,1,2025-11-01 00:27:33,"only can add in credit card and cannot remove it, and it auto do subscription without any permission authorize.","only can add in credit card and cannot remove it, and it auto do subscription without any permission authorize.",1,19,111,0,0,0,0.9473684210526315,0,0,0.3818,1,0,1,0.0,0,1,0,1.0,0.0
d7f551f6-6271-434c-80df-9ad7d15f0d55,Foodpanda,Food Delivery,qaisarra razali,Unknown,1,2025-11-01 00:47:41,"delivery nya okay je tapi dia pny penghantaran melampau sangat,contoh semalam sy nk beli eskem Rm-2.00 tpi dia pny penghantaran je dh rm 25😔,plues the fees are TOO MUCH and ridiculous-it so expensive tho","delivery nya okay je tapi dia pny penghantaran melampau sangat,contoh semalam sy nk beli eskem rm-2.00 tpi dia pny penghantaran je dh rm 25😔,plues the fees are too much and ridiculous-it so expensive tho",0,34,203,1,0,2,0.8823529411764706,0,0,0.296,1,0,1,0.0,0,1,0,1.0,0.0
17d4b3c0-5e8c-4158-9346-fe227be6ef14,Foodpanda,Food Delivery,Gelo (Wonskrad),Unknown,1,2025-11-01 01:11:02,-3 : Adding Senior/PWD card is not Senior/PWD-user friendly -1 : Bank voucher doesn't work because link bank account doesnt work,-3 : adding senior/pwd card is not senior/pwd-user friendly -1 : bank voucher doesn't work because link bank account doesnt work,0,21,128,0,0,0,0.8571428571428571,1,0,-0.3875,1,0,1,0.0,0,1,0,1.0,0.0
dba062fa-40aa-433f-98dc-43b8b50f7a1f,Foodpanda,Food Delivery,Jinky Manalo,Unknown,5,2025-11-01 01:15:13,fast delivery and safe order,fast delivery and safe order,0,5,28,0,0,0,1.0,0,0,0.4404,1,0,1,0.0,0,1,0,5.0,0.0
e0079262-7f38-434b-8cc1-0653f15c9d64,Foodpanda,Food Delivery,Harold Solomon,Unknown,3,2025-11-01 02:10:25,8080 naman di masearch ang tokyo2x SM Tanza anong klaseng app ito,8080 naman di masearch ang tokyo2x sm tanza anong klaseng app ito,0,12,65,0,0,1,1.0,0,1,0.0,1,0,1,0.0,0,1,0,3.0,0.0
9f91462a-13f1-42cb-83bb-ebd8f69c6465,Foodpanda,Food Delivery,Fatimah Mahmud,Unknown,5,2025-11-01 02:52:09,good and convienient for me,good and convienient for me,0,5,27,0,0,0,1.0,0,0,0.4404,1,0,1,0.0,0,1,0,5.0,0.0
8e9c289e-3f62-43be-a4cc-1fc511f9497b,Foodpanda,Food Delivery,Emily Gomez,Unknown,5,2025-11-01 05:12:47,hello thank you bye!!!,hello thank you bye!!!,0,4,22,0,0,0,1.0,0,0,0.5229,1,0,1,0.0,0,1,0,5.0,0.0
292316da-edec-4099-81c9-008cc94b627b,Foodpanda,Food Delivery,Juely Acoja,Unknown,5,2025-11-01 06:42:53,"Foodpanda is my all time favorite when I want or need food right away, drivers are kind and fast and Foodpanda make sures my order is not damage. will always love using it❤️","foodpanda is my all time favorite when i want or need food right away, drivers are kind and fast and foodpanda make sures my order is not damage. will always love using it❤️",0,33,173,0,0,0,0.8787878787878788,0,0,0.9264,1,0,1,0.0,0,1,0,5.0,0.0
608fc520-4afd-4243-bfc3-985c1bc07421,Foodpanda,Food Delivery,khinekhine oo,Unknown,5,2025-11-01 07:17:30,promotion များများလုပ်ပေးပါ,promotion များများလုပ်ပေးပါ,0,2,27,0,0,0,1.0,0,0,0.0,1,0,1,0.0,0,1,0,5.0,0.0
4af9e473-ad2b-4282-848f-4dc31516f997,Foodpanda,Food Delivery,Afiq Farhan Amin,Unknown,4,2025-11-01 08:54:44,good enough,good enough,0,2,11,0,0,0,1.0,0,0,0.4404,1,0,1,0.0,0,1,0,4.0,0.0
e8cd84bc-b427-4deb-ae54-5501e244e175,Foodpanda,Food Delivery,Agatha Cli Fojas,Unknown,3,2025-11-01 09:23:03,riders mark orders delivered even though the person ordering hasn't gotten it yet,riders mark orders delivered even though the person ordering hasn't gotten it yet,0,13,81,0,0,0,1.0,0,0,0.0,1,0,1,0.0,0,1,0,3.0,0.0
b15ed427-3117-43e2-a06d-52694476c6ea,Foodpanda,Food Delivery,Shazaib,Unknown,5,2025-11-01 11:40:47,bahut achcha app mein kahin bhi ho khana order kar lo a jaaye to minut mein,bahut achcha app mein kahin bhi ho khana order kar lo a jaaye to minut mein,0,16,75,0,0,0,0.9375,0,1,0.0,1,0,1,0.0,0,1,0,5.0,0.0
025493cb-2bec-475e-8799-228d38b5ef98,Foodpanda,Food Delivery,Bilawel Ali,Unknown,5,2025-11-01 13:22:58,food pabd team please contact me ma na new cafe baya ha food pand ke device lgwanii ha,food pabd team please contact me ma na new cafe baya ha food pand ke device lgwanii ha,0,18,86,0,0,0,0.8888888888888888,0,0,0.7269,1,0,1,0.0,0,1,0,5.0,0.0
cec33cae-d0d4-4812-bf6e-4c57cc64d0ee,Foodpanda,Food Delivery,Sanjida Afrin,Unknown,5,2025-11-01 13:29:03,why you don't update your receivers ?? I ordered from pandamart ...it arrived 1:50 hours late,why you don't update your receivers ?? i ordered from pandamart ...it arrived 1:50 hours late,0,16,93,0,0,0,1.0,0,0,0.0,1,0,1,0.0,0,1,0,5.0,0.0
80dd2348-e75f-4de9-9fc7-274333a8ed57,Foodpanda,Food Delivery,Hoorain Fatima,Unknown,5,2025-11-01 14:46:26,Nice one,nice one,0,2,8,0,0,0,1.0,0,0,0.4215,1,0,1,0.0,0,2,0,5.0,0.0
193e2f2b-9ee9-43ae-8f5a-6b711d73c7a0,Foodpanda,Food Delivery,Ahmad Ubaid,Unknown,4,2025-11-01 15:43:06,excellent app,excellent app,0,2,13,0,0,0,1.0,0,1,0.5719,1,0,1,0.0,0,2,0,4.0,0.0
dfd60487-892b-4ba3-bc36-9d82692807f3,Foodpanda,Food Delivery,Caden,Unknown,2,2025-11-01 16:29:31,"Worst experience on this app ever! The drivers are rude, the food was always cold and there are almost no food choices to choose from.","worst experience on this app ever! the drivers are rude, the food was always cold and there are almost no food choices to choose from.",0,25,134,0,0,0,0.88,0,1,-0.8519,1,0,1,0.0,0,1,0,2.0,0.0
766640cc-d6de-43fc-904e-591173b601c7,Foodpanda,Food Delivery,baba sain,Unknown,2,2025-11-01 16:38:30,bad service 😞,bad service 😞,0,3,13,1,0,0,1.0,0,0,-0.765,1,0,1,0.0,0,1,0,2.0,0.0
d502550d-5981-4e33-9a6c-3974b1643c19,Foodpanda,Food Delivery,Yashraj chakraborty,Unknown,5,2025-11-01 16:49:29,good fast delivery,good fast delivery,0,3,18,0,0,0,1.0,0,0,0.4404,1,0,1,0.0,0,1,0,5.0,0.0
27a1b21e-a233-49e5-8fca-5b600eff57fb,Foodpanda,Food Delivery,Omer Shafiq,Unknown,2,2025-11-01 18:39:06,Online payment system sucks so bad even after years,online payment system sucks so bad even after years,0,9,51,0,0,0,1.0,0,0,-0.79,1,0,1,0.0,0,1,0,2.0,0.0
3a865e3c-686b-495b-8f74-9732ccf8a9dc,Foodpanda,Food Delivery,Aliyan Abbas,Unknown,5,2025-11-01 18:41:15,Maza hi aa jaata jab bhook lagi ho superb service and also app ui is so delicious like food,maza hi aa jaata jab bhook lagi ho superb service and also app ui is so delicious like food,0,19,91,0,0,0,1.0,0,1,0.9122,1,0,1,0.0,0,1,0,5.0,0.0
058aa704-4385-4d33-bcca-6df11769ab36,Foodpanda,Food Delivery,Rashid Khan,Unknown,5,2025-11-01 19:49:15,good 👍,good 👍,0,2,6,1,0,0,1.0,0,0,0.4404,1,0,1,0.0,0,3,0,5.0,0.0
84123909-6da3-4dc7-b26b-e589fbf412b6,Foodpanda,Food Delivery,Darya khan,Unknown,2,2025-11-01 22:18:19,first the order is always late. 2nd the voucher vanished if the payment is failed or order is failed to perform. 3rd few time received another item. very poor service,first the order is always late. 2nd the voucher vanished if the payment is failed or order is failed to perform. 3rd few time received another item. very poor service,1,30,166,0,0,0,0.8,0,0,-0.8748,1,0,1,0.0,0,1,0,2.0,0.0
c549de01-d548-4764-9b70-da7e293a0b7b,Foodpanda,Food Delivery,Jan jeffrey Aganon,Unknown,5,2025-11-02 01:18:09,the best food app,the best food app,0,4,17,0,0,0,1.0,0,1,0.6369,1,0,1,0.0,0,1,0,5.0,0.0
f384dbe9-145f-4c80-ad2d-39155d8a0f2a,Foodpanda,Food Delivery,Clarie,Unknown,5,2025-11-02 04:23:40,"I always use this app, delivery is fast 👍","i always use this app, delivery is fast 👍",0,9,41,1,0,0,1.0,0,1,0.0,1,0,1,0.0,0,1,0,5.0,0.0
de77a3d0-cee3-4e42-b807-e9f105cba561,Foodpanda,Food Delivery,Chhorn Elit,Unknown,4,2025-11-02 05:11:12,image loading is hit or miss. i cannot order if i dont know what it look like.,image loading is hit or miss. i cannot order if i dont know what it look like.,0,17,78,0,0,0,0.9411764705882353,0,0,0.2263,1,0,1,0.0,0,1,0,4.0,0.0
f678547c-9009-4ac3-92ec-a5317ef8ccca,Foodpanda,Food Delivery,Syma Farhan,Unknown,5,2025-11-02 05:13:02,very Active and Hardworking,very active and hardworking,0,4,27,0,0,0,1.0,0,0,0.4576,1,0,1,0.0,0,1,0,5.0,0.0
26c0a643-a6b2-4f57-9199-6600766fe644,Foodpanda,Food Delivery,Saqib Haider Syed,Unknown,3,2025-11-02 06:27:25,"App sometimes create problems while checkout,needed to reinstall it again.Do something about it.","app sometimes create problems while checkout,needed to reinstall it again.do something about it.",0,13,96,0,0,0,1.0,1,1,-0.1531,1,0,1,0.0,0,1,0,3.0,0.0
ef51efee-4239-4061-aa16-38655705766d,Foodpanda,Food Delivery,Firdaus Abdullah,Unknown,5,2025-11-02 07:16:26,very gooodddd,very gooodddd,0,2,13,0,0,0,1.0,0,0,0.0,1,0,1,0.0,0,1,0,5.0,0.0
a3f8b8b6-4739-4f29-8b9a-034f4584214f,Foodpanda,Food Delivery,Yin Nwe Chaw,Unknown,5,2025-11-02 10:26:06,Nice app,nice app,0,2,8,0,0,0,1.0,0,1,0.4215,1,0,1,0.0,0,4,0,5.0,0.0
d8b45a38-6874-4fec-b161-247148bbe388,Foodpanda,Food Delivery,Mkm Mkm,Unknown,5,2025-11-02 10:48:40,احلا تطبيق في باكستان 🤍✨,احلا تطبيق في باكستان 🤍✨,0,5,24,1,0,0,1.0,0,0,0.3182,1,0,1,0.0,0,1,0,5.0,0.0
807ae2f2-a3ca-4454-bf17-a2295a760130,Foodpanda,Food Delivery,Areeba Aamir,Unknown,1,2025-11-02 11:13:41,poor quality customer care services,poor quality customer care services,0,5,35,0,0,0,1.0,0,0,0.0258,1,0,1,0.0,0,1,0,1.0,0.0
74f854ef-4cc3-415c-8611-db0699f2af96,Foodpanda,Food Delivery,Mursalin Safawat,Unknown,1,2025-11-02 11:54:29,"they are a thief in disguise. Order in their app at your own risk. if something happens to the order, forget about the refund, you won't even find them anywhere in Bangladesh.","they are a thief in disguise. order in their app at your own risk. if something happens to the order, forget about the refund, you won't even find them anywhere in bangladesh.",1,32,175,0,0,0,0.90625,0,1,-0.8126,1,0,1,0.0,0,1,0,1.0,0.0
f49cc13d-e3f3-41bf-bb34-31669d72fa4a,Foodpanda,Food Delivery,Fizah Jamil,Unknown,1,2025-11-02 12:00:49,"I haven't even used the voucher yet but it said i already did?, and when i search for supposed help, i noticed, i is quite difficult to find the customer service chat, it seems unavailable or not user-friendly.","i haven't even used the voucher yet but it said i already did?, and when i search for supposed help, i noticed, i is quite difficult to find the customer service chat, it seems unavailable or not user-friendly.",0,38,210,0,0,0,0.8421052631578947,0,0,-0.036,1,0,1,0.0,0,1,0,1.0,0.0
9df5089e-9e9e-4d2c-ba94-4771579e822f,Foodpanda,Food Delivery,Auwieko Nunez,Unknown,5,2025-11-02 12:50:08,convinient,convinient,0,1,10,0,0,0,1.0,0,0,0.0,1,0,1,0.0,0,1,0,5.0,0.0
4c228791-fc7f-4958-a10a-361eff1bd568,Foodpanda,Food Delivery,Dr. Mohsena Rahman,Unknown,1,2025-11-02 13:32:37,service is so bad. horrible actually. I paid extra for faster delivery but it still takes upto an hour when its supposed to take 10-25 minuites,service is so bad. horrible actually. i paid extra for faster delivery but it still takes upto an hour when its supposed to take 10-25 minuites,0,26,143,0,0,0,1.0,0,0,-0.6291,1,0,1,0.0,0,1,0,1.0,0.0
5857d777-87f3-4ba2-9192-237b5d659456,Foodpanda,Food Delivery,Mahia Tooba,Unknown,1,2025-11-02 13:34:29,I paid extra just for my food to be even more late,i paid extra just for my food to be even more late,0,12,50,0,0,0,1.0,0,0,0.0,1,0,1,0.0,0,1,0,1.0,0.0
7892d4ee-87c1-4e27-add6-66ee722e7395,Foodpanda,Food Delivery,Khan Sindeed,Unknown,1,2025-11-02 13:36:42,baal khanki magi . rider er number display korle hogay bichijukto haga ashbo?,baal khanki magi . rider er number display korle hogay bichijukto haga ashbo?,0,13,77,0,0,0,1.0,0,0,0.0772,1,0,1,0.0,0,1,0,1.0,0.0
fa08c49e-913e-4a82-a21e-b61c37fc748e,Foodpanda,Food Delivery,MD Habibur Rahman (Habib),Unknown,5,2025-11-02 13:36:48,very helpful🌺,very helpful🌺,0,2,13,1,0,0,1.0,0,0,0.4754,1,0,1,0.0,0,1,0,5.0,0.0
67430105-91f9-4603-a5b5-fc5c48a1a935,Foodpanda,Food Delivery,Gnanasekaran T,Unknown,1,2025-11-02 13:38:02,worst experience,worst experience,0,2,16,0,0,0,1.0,0,0,-0.6249,1,0,1,0.0,0,1,0,1.0,0.0
78a6259b-d962-4348-b9ff-ba5af150784a,Foodpanda,Food Delivery,Zain Ali,Unknown,5,2025-11-02 13:55:02,Great,great,0,1,5,0,0,0,1.0,0,0,0.6249,1,0,1,0.0,0,3,0,5.0,0.0
4fbff2cd-bac4-49a6-85a0-50111369dab7,Foodpanda,Food Delivery,Md Yousuf,Unknown,5,2025-11-02 14:51:53,give me more vouchers please,give me more vouchers please,0,5,28,0,0,0,1.0,0,0,0.3774,1,0,1,0.0,0,1,0,5.0,0.0
c40ec9a5-db15-4df4-9035-05268ce34f38,Foodpanda,Food Delivery,Rashid,Unknown,1,2025-11-02 15:07:58,nunu kharap,nunu kharap,0,2,11,0,0,0,1.0,0,0,0.0,1,0,1,0.0,0,1,0,1.0,0.0
54effdc6-a157-419e-8d4a-9d3b90d35c6c,Foodpanda,Food Delivery,spymaster [k],Unknown,1,2025-11-02 15:09:48,Waiting for 1 hours and 40 min just so they can cancel it because it's late !!! If it's busy then tell us so we can go eat outside without wasting time and energy,waiting for 1 hours and 40 min just so they can cancel it because it's late !!! if it's busy then tell us so we can go eat outside without wasting time and energy,0,34,162,0,0,0,0.8823529411764706,0,0,0.4534,1,0,1,0.0,0,1,0,1.0,0.0
4e13eb34-371a-4010-8dcc-845fdc6d180d,Foodpanda,Food Delivery,GOMEZ CLARENCE,Unknown,1,2025-11-02 15:46:54,Fake voucher,fake voucher,0,2,12,0,0,0,1.0,0,0,-0.4767,1,0,1,0.0,0,1,0,1.0,0.0
4c70de45-ddb7-42ce-b05a-65c1ef7b5683,Foodpanda,Food Delivery,Patrick Chua,Unknown,1,2025-11-02 15:50:00,basura! d ma access ung chat sa agent. nawala refund ko dahil dito. bulok ng app nyo,basura! d ma access ung chat sa agent. nawala refund ko dahil dito. bulok ng app nyo,1,17,84,0,0,0,1.0,0,1,0.0,1,0,1,0.0,0,1,0,1.0,0.0
af655d63-1af0-44c2-8bde-ad315062da11,Foodpanda,Food Delivery,Tayyab Tahir,Unknown,1,2025-11-02 16:41:08,Everything is worst about their services ...peak level unprofessionalism kutty k bachon ny mere paisy refund nai kiye,everything is worst about their services ...peak level unprofessionalism kutty k bachon ny mere paisy refund nai kiye,0,18,117,0,0,0,1.0,0,0,-0.6249,1,0,1,0.0,0,1,0,1.0,0.0
73792d19-c40e-4af9-8ac0-55e5b96cf403,Foodpanda,Food Delivery,TFO Society,Unknown,1,2025-11-02 17:34:50,"Your driver called me saying he'll be losing out on money if he comes to deliver the food I ordered, and then asked me for more money! It wasted so much time. Do better as a business","your driver called me saying he'll be losing out on money if he comes to deliver the food i ordered, and then asked me for more money! it wasted so much time. do better as a business",0,37,182,0,0,0,0.972972972972973,0,0,-0.5355,1,0,1,0.0,0,1,0,1.0,0.0
3d15f18f-6d4d-4255-9886-b24786816d0a,Foodpanda,Food Delivery,Syed Ali rizZ,Unknown,1,2025-11-02 22:36:47,very Bad,very bad,0,2,8,0,0,0,1.0,0,0,-0.5849,1,0,1,0.0,0,2,0,1.0,0.0
860540ec-5d78-4719-9a5f-8326992d60ad,Foodpanda,Food Delivery,arjhay Mateo,Unknown,1,2025-11-02 23:17:31,didn't deserve any star this app is lame what a trash,didn't deserve any star this app is lame what a trash,0,11,53,0,0,0,1.0,0,1,-0.4215,1,0,1,0.0,0,1,0,1.0,0.0
2ca08d36-3972-498f-a10d-eef8194c8761,Foodpanda,Food Delivery,Lalu Apa,Unknown,5,2025-11-02 23:58:21,good choose for who like to order in online user .,good choose for who like to order in online user .,0,11,50,0,0,0,1.0,0,0,0.6597,1,0,1,0.0,0,1,0,5.0,0.0
6c747878-7b10-4bfd-9088-6347f8d1174a,Foodpanda,Food Delivery,CDR,Unknown,1,2025-11-03 00:50:17,St* pid refund policy,st* pid refund policy,0,4,21,0,0,0,1.0,0,0,0.0,1,0,1,0.0,0,1,0,1.0,0.0
477eb8a7-608f-4e8e-955c-88b2871bd0a1,Foodpanda,Food Delivery,ASHRAF BABU,Unknown,1,2025-11-03 02:06:10,can't connect to customer service chat,can't connect to customer service chat,1,6,38,0,0,0,1.0,0,0,0.0,1,0,1,0.0,0,1,0,1.0,0.0
5cc134ca-967e-4d50-b399-dd729e534dc1,Foodpanda,Food Delivery,Prince John,Unknown,3,2025-11-03 02:11:48,"How am I supposed to upload an image (Help Center), it literally says ""upload image"" or ""screenshot"" it takes you to your camera","how am i supposed to upload an image (help center), it literally says ""upload image"" or ""screenshot"" it takes you to your camera",0,23,128,0,0,0,0.9130434782608695,0,0,0.4019,1,0,1,0.0,0,1,0,3.0,0.0
682d9840-9eec-4f44-8ac4-91744f2b45ac,Foodpanda,Food Delivery,Ho Bi,Unknown,1,2025-11-03 04:29:00,Chat Support is terrible. Can't retrieve the chat after closing.,chat support is terrible. can't retrieve the chat after closing.,0,10,64,0,0,0,0.9,0,0,-0.1027,1,0,1,0.0,0,1,0,1.0,0.0
2ddbfeec-9ccb-43c3-bcc5-5bba88f8e18e,Foodpanda,Food Delivery,我的点点滴滴,Unknown,1,2025-11-03 04:31:50,I placed an order and it cancel after nearly an hour. it said busy and no rider for 2 consecutive days. lol. I open my grab and get my order delivered within half an hour. what really happened to foodpanda?,i placed an order and it cancel after nearly an hour. it said busy and no rider for 2 consecutive days. lol. i open my grab and get my order delivered within half an hour. what really happened to foodpanda?,0,40,206,0,0,0,0.775,0,1,-0.1027,1,0,1,0.0,0,1,0,1.0,0.0
00054078-eb7e-4a35-8c0a-1bab4f725a9e,Foodpanda,Food Delivery,Shahren Sharidan,Unknown,1,2025-11-03 04:41:31,order was cancel because no rider then the refund took 14 days to get back. Not my fault then have to wait 14 days to get my money back.,order was cancel because no rider then the refund took 14 days to get back. not my fault then have to wait 14 days to get my money back.,0,29,136,0,0,0,0.7241379310344828,0,0,-0.2363,1,0,1,0.0,0,1,0,1.0,0.0
82d29d97-c82e-4228-992c-a87555f688ad,Foodpanda,Food Delivery,Shaz “Shaz” Sakina,Unknown,5,2025-11-03 07:11:21,tq for the Wonderful app,tq for the wonderful app,0,5,24,0,0,0,1.0,0,1,0.5719,1,0,1,0.0,0,1,0,5.0,0.0
0c37c2be-377f-4929-80f5-56c4f71a2bd3,Foodpanda,Food Delivery,Sage,Unknown,3,2025-11-03 07:32:04,After opening the app it's say we're not in your area I live in Cumilla Titas Gumti beribad please available in our area,after opening the app it's say we're not in your area i live in cumilla titas gumti beribad please available in our area,0,23,120,0,0,0,0.8695652173913043,0,1,0.3182,1,0,1,0.0,0,1,0,3.0,0.0
ee21b48f-ac56-4f91-b93f-434ccf8d23f6,Foodpanda,Food Delivery,Alisya Balqis,Unknown,5,2025-11-03 08:00:49,nice 👍,nice 👍,0,2,6,1,0,0,1.0,0,0,0.4215,1,0,1,0.0,0,2,0,5.0,0.0
366cda54-7a6d-423e-a310-62fab503ae6c,Foodpanda,Food Delivery,Erwin Lihaylihay,Unknown,1,2025-11-03 08:09:07,why i cant unsubscribe my pandapro? no option in subscription. u guys are scammers,why i cant unsubscribe my pandapro? no option in subscription. u guys are scammers,0,14,82,0,0,0,1.0,0,0,-0.296,1,0,1,0.0,0,1,0,1.0,0.0
562c63d7-9936-45c6-a312-4969138dafc9,Foodpanda,Food Delivery,Frederick Tan,Unknown,5,2025-11-03 09:15:51,5 stars for resolving the Yuu points issue. Thank you.,5 stars for resolving the yuu points issue. thank you.,0,10,54,0,0,0,1.0,0,0,0.6249,1,0,1,0.0,0,1,0,5.0,0.0
65ca2f9b-20e1-43bd-86e5-eb92ebf67c3f,Foodpanda,Food Delivery,Syed Zulfiqar Haider Shah,Unknown,4,2025-11-03 09:26:22,"PandaMart things Is Very late, But the Food Items Comes Always On time. btw I'll Give 4 Stars. Wonderful. 👍🏻","pandamart things is very late, but the food items comes always on time. btw i'll give 4 stars. wonderful. 👍🏻",0,20,108,2,0,0,1.0,0,0,0.7227,1,0,1,0.0,0,1,0,4.0,0.0
0fe5e07d-4db9-4312-acd7-9559bf3eabec,Foodpanda,Food Delivery,Amna Farisya,Unknown,5,2025-11-03 09:57:05,nice app,nice app,0,2,8,0,0,0,1.0,0,1,0.4215,1,0,1,0.0,0,4,0,5.0,0.0
3e647f86-2964-4569-8db1-567c7fcf4aa0,Foodpanda,Food Delivery,Adrian P,Unknown,2,2025-11-03 10:09:19,Expired 600+ cashback within 5 days of getting it. Cashback does not feel safe. Total let down.,expired 600+ cashback within 5 days of getting it. cashback does not feel safe. total let down.,0,17,95,0,0,0,0.9411764705882353,0,0,-0.3412,1,0,1,0.0,0,1,0,2.0,0.0
0a219530-eadb-4cde-bc13-9b91c13e0ce0,Foodpanda,Food Delivery,Usman 'Uzzi' Khokhar,Unknown,1,2025-11-03 10:41:05,"The UX and UI team is lost. Repeatedly missing the mark, they keep on confusing orders with cart. Hiding the order history deep inside where as it should be right upfront on top.","the ux and ui team is lost. repeatedly missing the mark, they keep on confusing orders with cart. hiding the order history deep inside where as it should be right upfront on top.",2,33,178,0,0,2,0.9090909090909091,0,0,-0.7003,1,0,1,0.0,0,1,0,1.0,0.0
f0dcea09-968a-43c7-9575-54916efb18b6,Foodpanda,Food Delivery,Jannatul Maowa,Unknown,5,2025-11-03 11:01:21,delvery man der behaviour khub valo,delvery man der behaviour khub valo,0,6,35,0,0,0,1.0,0,0,0.0,1,0,1,0.0,0,1,0,5.0,0.0
ac38e581-8ea6-4ff0-8c81-091c6a87c508,Foodpanda,Food Delivery,daisyhime,Unknown,1,2025-11-03 12:20:04,trash,trash,0,1,5,0,0,0,1.0,0,0,0.0,1,0,1,0.0,0,2,0,1.0,0.0
454207cf-5967-40b6-82c3-34f7b215c60b,Foodpanda,Food Delivery,romoss saw,Unknown,1,2025-11-03 13:22:43,"Cannot refund, the agent behavior is very worse, didn't solve the problem one","cannot refund, the agent behavior is very worse, didn't solve the problem one",0,13,77,0,0,0,0.9230769230769231,0,0,-0.4571,1,0,1,0.0,0,1,0,1.0,0.0
7840c113-d1b1-4154-bcda-45b1e6dc4e27,Foodpanda,Food Delivery,Billi Mehran,Unknown,5,2025-11-03 13:25:59,food panda is ur best choice..🥰🥰❤️,food panda is ur best choice..🥰🥰❤️,0,6,34,2,0,0,1.0,0,0,0.9628,1,0,1,0.0,0,1,0,5.0,0.0
4110b769-07d0-465e-82f4-8e8ea42f857c,Foodpanda,Food Delivery,aeje aeje,Unknown,5,2025-11-03 13:38:32,my experience was very very very good,my experience was very very very good,0,7,37,0,0,0,0.7142857142857143,0,0,0.5768,1,0,1,0.0,0,1,0,5.0,0.0
ccabb33d-c0c3-465d-8d30-08798991e348,Foodpanda,Food Delivery,namra khurshid,Unknown,1,2025-11-03 13:47:04,I need to delete my card and my account. But there is no option in the app to do so and I am unable to contact any real representative to resolve the issue.,i need to delete my card and my account. but there is no option in the app to do so and i am unable to contact any real representative to resolve the issue.,28,33,156,0,0,0,0.7878787878787878,0,1,0.1531,1,0,1,0.0,0,1,0,1.0,0.0
492abe80-5bfe-4bd4-acbd-38d67579ec5d,Foodpanda,Food Delivery,Naoko Michiyo,Unknown,1,2025-11-03 14:20:58,Why is my number blocked :((,why is my number blocked :((,0,6,28,0,0,0,1.0,0,0,-0.2023,1,0,1,0.0,0,1,0,1.0,0.0
44bea6e1-a773-4895-bb2a-2d0f80d61411,Foodpanda,Food Delivery,Jonas Esplana,Unknown,1,2025-11-03 14:42:47,tagal mag process anlala 5 to 15 min daw pero lampas ng isang oras wla parin lala talga haha,tagal mag process anlala 5 to 15 min daw pero lampas ng isang oras wla parin lala talga haha,0,19,92,0,0,0,1.0,0,0,0.4588,1,0,1,0.0,0,1,0,1.0,0.0
e60ad1af-45a0-43fe-bab3-8a8215778f56,Foodpanda,Food Delivery,O O,Unknown,1,2025-11-03 14:49:44,"schedule for 7pm, comes at 8pm, says delivered at 7pm🤡. not even the first time this has happened.","schedule for 7pm, comes at 8pm, says delivered at 7pm🤡. not even the first time this has happened.",0,18,98,1,0,0,0.9444444444444444,0,1,0.0,1,0,1,0.0,0,1,0,1.0,0.0
f737a5fe-04f1-4e80-9e60-7fa20ef6b5df,Foodpanda,Food Delivery,alvin jaca,Unknown,1,2025-11-03 15:17:51,"I waited for almost 2 hours because I hadn’t had dinner yet. I patiently waited, but you suddenly canceled it? I’m going to uninstall!","i waited for almost 2 hours because i hadn’t had dinner yet. i patiently waited, but you suddenly canceled it? i’m going to uninstall!",0,24,134,0,0,0,0.9166666666666666,1,0,0.0,1,0,1,0.0,0,1,0,1.0,0.0
45504148-d99d-444d-9c33-139780c2a423,Foodpanda,Food Delivery,Bilal Ahmad,Unknown,5,2025-11-03 15:44:46,Good Experience easy to use,good experience easy to use,0,5,27,0,0,0,1.0,0,0,0.7003,1,0,1,0.0,0,1,0,5.0,0.0
810d2fb5-9c66-470c-8967-5bf3ede8e178,Foodpanda,Food Delivery,Jean Lorence Collantes,Unknown,5,2025-11-03 15:48:03,goods❤️😎,goods❤️😎,0,1,8,1,0,0,1.0,0,0,0.4588,1,0,1,0.0,0,1,0,5.0,0.0
0339786e-56d3-4af5-b04e-973739f1d553,Foodpanda,Food Delivery,Irfan Farooqui,Unknown,1,2025-11-03 16:00:35,worst app. have been using since years. now suddenly all active cards are not working and cherry on top you can not connect to their representative...,worst app. have been using since years. now suddenly all active cards are not working and cherry on top you can not connect to their representative...,0,26,150,0,0,0,0.9615384615384616,0,1,-0.1531,1,0,1,0.0,0,1,0,1.0,0.0
d3bd41b6-4dfe-484d-90b2-f0b3a1c078d6,Foodpanda,Food Delivery,Angela Mae Acayen,Unknown,1,2025-11-03 16:20:11,"there's available vouchers but when I apply it it says ""voucher cannot be used""","there's available vouchers but when i apply it it says ""voucher cannot be used""",0,14,79,0,0,0,0.9285714285714286,0,1,0.0,1,0,1,0.0,0,1,0,1.0,0.0
0b7122d1-b249-4aa6-b3b6-153a5f9aeca9,Foodpanda,Food Delivery,Albert “Uhai”,Unknown,5,2025-11-03 16:47:11,Bayangkan kau tengah lapar order makanan lama tunggu 2jam lepas tu cancel..😠 😡,bayangkan kau tengah lapar order makanan lama tunggu 2jam lepas tu cancel..😠 😡,0,13,78,2,0,0,1.0,0,0,-0.6486,1,0,1,0.0,0,1,1,5.0,0.0
f8c189b3-db9e-4f10-8873-878605c68f9a,Foodpanda,Food Delivery,Shinoor Uddin Shova,Unknown,1,2025-11-03 17:57:48,Worset app I have used.,worset app i have used.,0,5,23,0,0,0,1.0,0,1,0.0,1,0,1,0.0,0,1,0,1.0,0.0
923abecd-775e-46c0-94da-6cb6276645ac,Foodpanda,Food Delivery,Alam Saleem,Unknown,5,2025-11-03 21:13:55,great 😃👍 havey nice good 👍😊😊😊😊👍😊😊😊😊😊😊😊👍👍👍,great 😃👍 havey nice good 👍😊😊😊😊👍😊😊😊😊😊😊😊👍👍👍,0,6,41,18,0,0,1.0,0,0,0.9973,1,0,1,0.0,0,1,0,5.0,0.0
ff680f8d-db11-4845-bc4a-dfdb42723428,Foodpanda,Food Delivery,MAVS banaag,Unknown,1,2025-11-03 23:59:11,Their customer service is useless.,their customer service is useless.,0,5,34,0,0,0,1.0,0,0,-0.4215,1,0,1,0.0,0,1,0,1.0,0.0
12354b99-ee02-447d-abb6-b2b55b36b6a7,Foodpanda,Food Delivery,Kelvin Macatangay,Unknown,1,2025-11-04 02:08:30,You will die from starvation from waiting from an OTP that wont even come,you will die from starvation from waiting from an otp that wont even come,0,14,73,0,0,1,0.8571428571428571,0,0,-0.5994,1,0,1,0.0,0,1,0,1.0,0.0
be4fe58b-f743-4a1b-aa26-c4f05565aa60,Foodpanda,Food Delivery,Yuth Jk,Unknown,1,2025-11-04 03:18:03,it has so many verify and the food suck,it has so many verify and the food suck,0,9,39,0,0,0,1.0,0,0,-0.4404,1,0,1,0.0,0,1,0,1.0,0.0
5aa1253d-20e7-4444-a459-3a23e9c6f191,Foodpanda,Food Delivery,Rowena,Unknown,4,2025-11-04 05:31:59,good 💯,good 💯,0,2,6,1,0,0,1.0,0,0,0.4404,1,0,1,0.0,0,2,0,4.0,0.0
b6dbfb82-7dcc-45e5-9127-2940ff46e164,Foodpanda,Food Delivery,Umme Habiba,Unknown,5,2025-11-04 07:47:50,best app,best app,0,2,8,0,0,0,1.0,0,1,0.6369,1,0,1,0.0,0,1,0,5.0,0.0
ce715130-5ba1-4102-8277-4afcffd68a4e,Foodpanda,Food Delivery,Romesha,Unknown,1,2025-11-04 08:29:34,"too much expensive, ghatya application delivery charges are too much higher even within 1 km radius I am deleting this application worst experience","too much expensive, ghatya application delivery charges are too much higher even within 1 km radius i am deleting this application worst experience",0,23,147,0,0,0,0.8695652173913043,0,1,-0.7351,1,0,1,0.0,0,1,0,1.0,0.0
b03feef5-0f44-4d0a-a850-350d3b4def02,Foodpanda,Food Delivery,aileen mae,Unknown,4,2025-11-04 08:35:21,okay naman ung app kaso nakakainis kapag paulit ulit nagpapatanggal ng access sa fb kahit tinanggal mo na😐,okay naman ung app kaso nakakainis kapag paulit ulit nagpapatanggal ng access sa fb kahit tinanggal mo na😐,0,18,106,1,0,0,1.0,0,1,0.2263,1,0,1,0.0,0,1,0,4.0,0.0
e4c705c6-8ba5-4ee7-966c-c134321985d2,Foodpanda,Food Delivery,Claryssa Cylvanna Clemeus,Unknown,3,2025-11-04 08:39:53,"almost 40minit tgu order lotus smpi,tiba² kna cancel. dh laa x blh kluar rmh,buat cust camni pula..hmmh","almost 40minit tgu order lotus smpi,tiba² kna cancel. dh laa x blh kluar rmh,buat cust camni pula..hmmh",0,17,103,0,0,0,1.0,0,0,-0.25,1,0,1,0.0,0,1,0,3.0,0.0
8cfae836-db35-4d26-a490-cadb25a74361,Foodpanda,Food Delivery,Little Panda Baby corner,Unknown,5,2025-11-04 09:02:16,convenient,convenient,0,1,10,0,0,0,1.0,0,0,0.0,1,0,1,0.0,0,2,0,5.0,0.0
9f32a9b4-11c0-4fe4-ba06-bf64e889a7d2,Foodpanda,Food Delivery,World's With Noor Malik,Unknown,5,2025-11-04 09:12:46,price Kam kare boht higher hai,price kam kare boht higher hai,0,6,30,0,0,0,1.0,0,1,0.0,1,0,1,0.0,0,1,0,5.0,0.0
e34d3ef7-1396-4802-ab27-5368e1844d34,Foodpanda,Food Delivery,drhtaik suwai,Unknown,4,2025-11-04 09:21:43,lotteria တို့ သန်းကြွယ်တို့လို စားကောင်းတဲ့ဆိုင်တွေတော့မရှိပေမယ့် ဝန်ဆောင်မှုကောင်းပြီး အဆင်ပြေပါတယ်။,lotteria တို့ သန်းကြွယ်တို့လို စားကောင်းတဲ့ဆိုင်တွေတော့မရှိပေမယ့် ဝန်ဆောင်မှုကောင်းပြီး အဆင်ပြေပါတယ်။,0,6,101,0,0,0,1.0,0,0,0.0,1,0,1,0.0,0,1,0,4.0,0.0
b1432a95-7a69-402e-9e16-58f65844c5cc,Foodpanda,Food Delivery,Adil,Unknown,5,2025-11-04 09:23:24,"it's going really well, you've come a long way. please include more deals for cash payments not just credit cards.","it's going really well, you've come a long way. please include more deals for cash payments not just credit cards.",1,20,114,0,0,0,1.0,1,0,0.363,1,0,1,0.0,0,1,0,5.0,0.0
91db8311-199e-4038-989a-e232bde04ce8,Foodpanda,Food Delivery,Arnold Martinez,Unknown,1,2025-11-04 09:27:12,They never informed that the rebate on the pandamart will expire. Already deleted my account and uninstalled the app. Tsk.,they never informed that the rebate on the pandamart will expire. already deleted my account and uninstalled the app. tsk.,0,20,122,0,0,0,0.9,1,1,0.0,1,0,1,0.0,0,1,0,1.0,0.0
f2774609-6b8e-43c1-b1c1-218c26e968c4,Foodpanda,Food Delivery,Cristine Bolo,Unknown,4,2025-11-04 10:09:44,"life changing , kung lazy ka pero may Pera u can use food panda para Sila nalang order Sayo then ipadeliver nalang, and so fast delivery Basta ingats lang riders🫡","life changing , kung lazy ka pero may pera u can use food panda para sila nalang order sayo then ipadeliver nalang, and so fast delivery basta ingats lang riders🫡",0,30,162,1,0,0,1.0,0,0,-0.3612,1,0,1,0.0,0,1,0,4.0,0.0
853dda77-25be-430f-8094-287fed1b8ba6,Foodpanda,Food Delivery,Yung Shin,Unknown,1,2025-11-04 10:28:41,"dulu dapat makan paling lama 40 minit, sekarang paling cepat 60 minit.","dulu dapat makan paling lama 40 minit, sekarang paling cepat 60 minit.",0,12,70,0,0,0,0.9166666666666666,0,0,0.0,1,0,1,0.0,0,1,0,1.0,0.0
d886ad3a-d5ba-40e7-83ab-6a814693cc94,Foodpanda,Food Delivery,Khairul Muhammad,Unknown,5,2025-11-04 10:44:23,yummy yummy,yummy yummy,0,2,11,0,0,0,0.5,0,0,0.7783,1,0,1,0.0,0,1,0,5.0,0.0
242e194a-a643-4f0e-b3a7-5081379d25ed,Foodpanda,Food Delivery,Johaima Solaiman,Unknown,1,2025-11-04 11:06:59,i already placed my order . then suddenly the apps want to update . and so very slow to update . what about my order .,i already placed my order . then suddenly the apps want to update . and so very slow to update . what about my order .,0,26,118,0,0,0,0.7307692307692307,0,1,0.0772,1,0,1,0.0,0,1,0,1.0,0.0
0b7902f8-bf70-4b8a-8a7d-1c487805b86a,Foodpanda,Food Delivery,Suraya Mahtab,Unknown,1,2025-11-04 11:29:01,"The annual subscription price increased dramatically, and Foodpanda was unwilling to refund the charges within 1 hour of the yearly charge.","the annual subscription price increased dramatically, and foodpanda was unwilling to refund the charges within 1 hour of the yearly charge.",0,21,139,0,0,0,0.9047619047619048,0,0,0.0,1,0,1,0.0,0,1,0,1.0,0.0
ab43bfd1-022a-41bc-a1f1-37daa3c24451,Foodpanda,Food Delivery,Melissa Banayado,Unknown,5,2025-11-04 11:48:34,mahal at matagal,mahal at matagal,0,3,16,0,0,0,1.0,0,0,0.0,1,0,1,0.0,0,1,0,5.0,0.0
62de0c60-c08e-48a3-b570-198f40259143,Foodpanda,Food Delivery,dina akter,Unknown,5,2025-11-04 11:53:05,so good,so good,0,2,7,0,0,0,1.0,0,0,0.4927,1,0,1,0.0,0,2,0,5.0,0.0
8d6eaad9-e1bc-4463-9a77-83ee167c5321,Foodpanda,Food Delivery,Real Star,Unknown,5,2025-11-04 12:10:18,this app in gujrat karyana store zee&zee is Amazing because of ustad g,this app in gujrat karyana store zee&zee is amazing because of ustad g,0,13,70,0,0,0,1.0,0,1,0.5859,1,0,1,0.0,0,1,0,5.0,0.0
073f9d73-c932-4e67-a234-e74b80deba48,Foodpanda,Food Delivery,Happy Redmi,Unknown,1,2025-11-04 13:04:02,TK bguss mcm apa je,tk bguss mcm apa je,0,5,19,0,0,1,1.0,0,0,0.0,1,0,1,0.0,0,1,0,1.0,0.0
5bbc3c04-54a6-41c7-92ca-6605036d5abe,Foodpanda,Food Delivery,Joane Tomaquin,Unknown,1,2025-11-04 13:23:57,worst food delivery ang taga dumating ng order mga 1 hour ung map ay di gumagalaw kya di mo malaman kung nasaan n ung rider,worst food delivery ang taga dumating ng order mga 1 hour ung map ay di gumagalaw kya di mo malaman kung nasaan n ung rider,0,25,123,0,0,0,0.92,0,1,-0.6249,1,0,1,0.0,0,1,0,1.0,0.0
eadae5f1-3f3e-43bb-927e-bb2dc0eb8055,Foodpanda,Food Delivery,SEAN CALVIN LUCENARIO LAGATUZ,Unknown,5,2025-11-04 13:27:37,First time trying and it feels so good!,first time trying and it feels so good!,0,8,39,0,0,0,1.0,0,0,0.6166,1,0,1,0.0,0,1,0,5.0,0.0
ee2e43a2-de0d-478a-85ac-ed0af47c86ee,Foodpanda,Food Delivery,Philina,Unknown,5,2025-11-04 14:13:05,very good able to order things online without having to go out to eat,very good able to order things online without having to go out to eat,0,14,69,0,0,0,0.8571428571428571,0,0,0.4927,1,0,1,0.0,0,1,0,5.0,0.0
02539206-e5e8-4d78-9eac-cdd49d6493ae,Foodpanda,Food Delivery,Hoor Noor,Unknown,2,2025-11-04 14:21:07,note to restaurant dite pari na knn?? baal chaal app,note to restaurant dite pari na knn?? baal chaal app,0,10,52,0,0,0,1.0,0,1,0.0,1,0,1,0.0,0,1,0,2.0,0.0
8b11d25b-9102-4bdf-b71f-e1092cd2025f,Foodpanda,Food Delivery,Tal Shinkar,Unknown,1,2025-11-04 14:51:28,orders are not delivered and there is no one to talk to.,orders are not delivered and there is no one to talk to.,0,12,56,0,0,0,1.0,0,0,-0.296,1,0,1,0.0,0,1,0,1.0,0.0
1e034bd7-4c16-48be-9199-ead0e05ea815,Foodpanda,Food Delivery,Umm e muhammad,Unknown,5,2025-11-04 15:50:26,free delivery,free delivery,0,2,13,0,0,0,1.0,1,0,0.5106,1,0,1,0.0,0,1,0,5.0,0.0
8d8b7837-bacb-4716-ae0d-15f94621ceec,Foodpanda,Food Delivery,Naveed Rafiq,Unknown,5,2025-11-04 17:55:24,𝕥𝕙𝕚𝕤 𝕒𝕡𝕡 𝕗𝕠𝕣 𝕗𝕠𝕠𝕕𝕪 𝕝𝕠𝕧𝕖𝕣 𝕡𝕖𝕣𝕤𝕠𝕟 𝕖𝕩𝕖𝕝𝕝𝕖𝕟t app,𝕥𝕙𝕚𝕤 𝕒𝕡𝕡 𝕗𝕠𝕣 𝕗𝕠𝕠𝕕𝕪 𝕝𝕠𝕧𝕖𝕣 𝕡𝕖𝕣𝕤𝕠𝕟 𝕖𝕩𝕖𝕝𝕝𝕖𝕟t app,0,8,44,0,0,0,1.0,0,1,0.0,1,0,1,0.0,0,1,0,5.0,0.0
73166e3e-6c28-4f51-aaf3-aabdc075bb5e,Foodpanda,Food Delivery,Salman Malik 1175,Unknown,4,2025-11-04 19:13:25,giving 4 stars only bcz they delivered it on time otherwise misfit fruits are actually misfit...disappointed as hell!,giving 4 stars only bcz they delivered it on time otherwise misfit fruits are actually misfit...disappointed as hell!,0,18,117,0,0,0,1.0,0,1,-0.5411,1,0,1,0.0,0,1,1,4.0,0.0
21a734c5-e54a-4f7c-a010-8f7481b536e7,Foodpanda,Food Delivery,Dr. Muhammad Huzaifa Suleman,Unknown,1,2025-11-04 21:23:22,pathetic app we can't complain about their rider. Many Riders are rude.,pathetic app we can't complain about their rider. many riders are rude.,0,12,71,0,0,0,1.0,0,1,-0.6798,1,0,1,0.0,0,1,0,1.0,0.0
018f2037-7678-4f16-a868-683a810fd1bc,Foodpanda,Food Delivery,Shahrezade Anis,Unknown,1,2025-11-04 22:14:05,Pathetic experience,pathetic experience,0,2,19,0,0,0,1.0,0,0,-0.5719,1,0,1,0.0,0,1,0,1.0,0.0
418e3b96-1aee-4ba4-b1b3-bae13c778ad1,Foodpanda,Food Delivery,Myka Jezheil Pamanian,Unknown,1,2025-11-05 00:56:36,"napakainconsiderate ng mga rider, puro nalang ba talaga pera ngayon","napakainconsiderate ng mga rider, puro nalang ba talaga pera ngayon",0,10,67,0,0,0,1.0,0,0,0.0,1,0,1,0.0,0,1,0,1.0,0.0
18ac539e-c048-4cd3-9f82-4237fc7bffe3,Foodpanda,Food Delivery,Keziah Falla,Unknown,1,2025-11-05 01:58:33,overcharge,overcharge,0,1,10,0,0,0,1.0,0,0,0.0,1,0,1,0.0,0,1,0,1.0,0.0
a33ad8e1-b3bf-4ad5-a103-ec46214782b1,Foodpanda,Food Delivery,Mark niel Remolador,Unknown,5,2025-11-05 02:43:56,very satisfying,very satisfying,0,2,15,0,0,0,1.0,0,0,0.5095,1,0,1,0.0,0,1,0,5.0,0.0
0d3d2bb7-cd11-4182-aaa6-ddce40e2ec5c,Foodpanda,Food Delivery,leanghout ung,Unknown,1,2025-11-05 03:34:29,ក្រុមហុនគ្មានទំនួខុសត្រូវធ្វើAppអោយជាប់កន្លែងorder ដល់ភ្ញៀវចុតដល់តែ2ដងទើបប ញ្ចប់ការorderបានចឹងខ្ញុំរងចាំការ refund 5ថ្ងៃហើយ។​ បងជួយដោះស្រាយរឿង refund លុយអោយខ្ញុំផង,ក្រុមហុនគ្មានទំនួខុសត្រូវធ្វើappអោយជាប់កន្លែងorder ដល់ភ្ញៀវចុតដល់តែ2ដងទើបប ញ្ចប់ការorderបានចឹងខ្ញុំរងចាំការ refund 5ថ្ងៃហើយ។​ បងជួយដោះស្រាយរឿង refund លុយអោយខ្ញុំផង,0,8,163,0,0,0,0.875,0,1,0.0,1,0,1,0.0,0,1,0,1.0,0.0
11a3be49-e75b-49bb-bb2c-9750066fb044,Foodpanda,Food Delivery,United Southern Johor,Unknown,5,2025-11-05 06:21:58,very good for ordering food 👍👍👍,very good for ordering food 👍👍👍,0,6,31,3,0,0,1.0,0,0,0.4927,1,0,1,0.0,0,1,0,5.0,0.0
b1b2f459-c185-42a0-a38f-39680489cd9c,Foodpanda,Food Delivery,Business motivation,Unknown,1,2025-11-05 06:28:55,১ টাকার জিনিস ৫ টাকা এই হল ফুট পান্ডা,১ টাকার জিনিস ৫ টাকা এই হল ফুট পান্ডা,0,9,37,0,0,0,1.0,0,0,0.0,1,0,1,0.0,0,1,0,1.0,0.0
56284b42-2926-454a-9bbb-8a4e1ac8c228,Foodpanda,Food Delivery,Jade Benegas,Unknown,1,2025-11-05 06:49:40,bigla kinancel ang order ko na ginamitan ko ng 100 of voucher at di na narevert yung voucher. Not recommended,bigla kinancel ang order ko na ginamitan ko ng 100 of voucher at di na narevert yung voucher. not recommended,0,20,109,0,0,0,0.9,0,0,-0.1511,1,0,1,0.0,0,1,0,1.0,0.0
ca811480-478e-40c1-9332-acf1f4f9da1a,Foodpanda,Food Delivery,AJMAIN Khan,Unknown,4,2025-11-05 11:31:04,very good app,very good app,0,3,13,0,0,0,1.0,0,1,0.4927,1,0,1,0.0,0,2,0,4.0,0.0
df1efd55-b453-45e0-bb91-ef38853b92dd,Foodpanda,Food Delivery,Jennifer Mesa,Unknown,5,2025-11-05 11:47:18,👌 satisfying there's a lot of discount😘,👌 satisfying there's a lot of discount😘,0,7,39,2,0,0,1.0,1,0,0.8986,1,0,1,0.0,0,1,0,5.0,0.0
b50e8b59-c6dc-4aa7-8833-40ecbf677e36,Foodpanda,Food Delivery,V pm,Unknown,5,2025-11-05 12:17:55,good food and good service crew,good food and good service crew,0,6,31,0,0,0,0.8333333333333334,0,0,0.7003,1,0,1,0.0,0,1,0,5.0,0.0
1df4d1ca-7bea-4e2d-882f-c950b5ce7039,Foodpanda,Food Delivery,michelle monte,Unknown,5,2025-11-05 12:27:49,good for ordering some food,good for ordering some food,0,5,27,0,0,0,1.0,0,0,0.4404,1,0,1,0.0,0,1,0,5.0,0.0
2214ea77-9579-4d0b-8b11-b08f02226e88,Foodpanda,Food Delivery,Nurul Nadiah MZ,Unknown,5,2025-11-05 12:59:56,best solution,best solution,0,2,13,0,0,0,1.0,0,0,0.7579,1,0,1,0.0,0,1,0,5.0,0.0
2544663a-0fb3-463a-a65e-b7b99221ffc0,Foodpanda,Food Delivery,Sohail Bhatti,Unknown,5,2025-11-05 13:04:00,delivery on time 😍😍 but Price bhot high hn please delivery charge kam kary 🥹🥹,delivery on time 😍😍 but price bhot high hn please delivery charge kam kary 🥹🥹,0,15,77,4,0,0,0.9333333333333333,0,0,0.714,1,0,1,0.0,0,1,0,5.0,0.0
bf38f7e4-ea71-4a53-b936-99b4e7e39b3e,Foodpanda,Food Delivery,Hameed Kurd,Unknown,5,2025-11-05 15:27:19,Good app for food,good app for food,0,4,17,0,0,0,1.0,0,1,0.4404,1,0,1,0.0,0,2,0,5.0,0.0
c755b844-d025-4ec6-983c-1c8566aa0053,Foodpanda,Food Delivery,kathainternational bd,Unknown,5,2025-11-05 15:38:43,guddd,guddd,0,1,5,0,0,0,1.0,0,0,0.0,1,0,1,0.0,0,1,0,5.0,0.0
8142ef65-75d8-430f-bfd7-26baecfde151,Foodpanda,Food Delivery,Khadija Waleed,Unknown,5,2025-11-05 18:13:34,"easy way to order the food at home ,but sometimes Foodpanda is annoying when we get wrong order by mistake but it's ok","easy way to order the food at home ,but sometimes foodpanda is annoying when we get wrong order by mistake but it's ok",1,23,118,0,0,0,0.9565217391304348,0,0,-0.7935,1,0,1,0.0,0,1,1,5.0,0.0
fbacd509-84d7-4aec-892d-0a36b4f141e0,Foodpanda,Food Delivery,Keemy Brannon,Unknown,5,2025-11-05 21:29:49,good food,good food,0,2,9,0,0,0,1.0,0,0,0.4404,1,0,1,0.0,0,1,0,5.0,0.0
f042495e-f7fb-4f36-8a05-57ac754ada95,Foodpanda,Food Delivery,John Wick,Unknown,5,2025-11-06 05:03:37,This app is free from other apps because it has very good food delivery.,this app is free from other apps because it has very good food delivery.,0,14,72,0,0,0,1.0,1,1,0.7574,1,0,1,0.0,0,1,0,5.0,0.0
33359e55-fad2-4803-948c-b9262b761910,Foodpanda,Food Delivery,Uma Magesh,Unknown,5,2025-11-06 08:50:07,good 👍🏻,good 👍🏻,0,2,7,2,0,0,1.0,0,0,0.4404,1,0,1,0.0,0,1,0,5.0,0.0
f355e1d4-eed0-4fbb-871e-063d5acf1444,Foodpanda,Food Delivery,Frendy Ritz,Unknown,5,2025-11-06 08:53:26,should be 6 to 7 starr!!!,should be 6 to 7 starr!!!,0,6,25,0,0,0,1.0,0,0,0.0,1,0,1,0.0,0,1,0,5.0,0.0
7d1a697a-c372-4269-babb-6dc203b74402,Foodpanda,Food Delivery,Tifheniey Aren,Unknown,5,2025-11-06 09:07:49,"recommend, this apps is easy to us order food and groceries.. it's also fast delivery","recommend, this apps is easy to us order food and groceries.. it's also fast delivery",1,15,85,0,0,0,1.0,0,1,0.6597,1,0,1,0.0,0,1,0,5.0,0.0
4e7b6658-9117-4921-a526-31c224c0190d,Foodpanda,Food Delivery,Ahadi,Unknown,5,2025-11-06 09:16:35,nicee,nicee,0,1,5,0,0,0,1.0,0,0,0.0,1,0,1,0.0,0,1,0,5.0,0.0
17fef35e-6411-4bc7-beeb-dd7433b8caa3,Foodpanda,Food Delivery,Hussain Sabr,Unknown,5,2025-11-06 10:12:38,i ordered kfc and it came in less than 20mins,i ordered kfc and it came in less than 20mins,0,10,45,0,0,0,1.0,0,0,0.0,1,0,1,0.0,0,1,0,5.0,0.0
b96d69b3-6814-404d-9bdd-670b968f21a5,Foodpanda,Food Delivery,Napoleon Advincula,Unknown,5,2025-11-06 11:48:02,"excellent service, reliable","excellent service, reliable",0,3,27,0,0,0,1.0,0,0,0.5719,1,0,1,0.0,0,1,0,5.0,0.0
4b786ef8-6c82-4d3b-9066-122ed90ecd64,Foodpanda,Food Delivery,Madeeha Ahmed,Unknown,4,2025-11-06 12:22:18,it's good but they take a lot of delivery charges,it's good but they take a lot of delivery charges,0,10,49,0,0,0,1.0,0,0,-0.1779,1,0,1,0.0,0,1,0,4.0,0.0
af40b356-cd4d-47e1-a4be-91d531327e25,Foodpanda,Food Delivery,Babylyn Akmad,Unknown,2,2025-11-06 13:50:28,i have experience that the delivery charge is soo expensive .even is not far its soo dissappinted,i have experience that the delivery charge is soo expensive .even is not far its soo dissappinted,0,17,97,0,0,0,0.8823529411764706,0,1,0.0,1,0,1,0.0,0,1,0,2.0,0.0
2a2b42a6-9d26-4da3-87ba-e438e7fe6bba,Foodpanda,Food Delivery,Ayesha Waqa,Unknown,5,2025-11-06 13:54:27,That's good app,that's good app,0,3,15,0,0,0,1.0,0,1,0.4404,1,0,1,0.0,0,1,0,5.0,0.0
1ce7b846-c23c-4190-8739-a0b90cacc36d,Foodpanda,Food Delivery,Houd Sohail,Unknown,5,2025-11-06 14:27:02,good good good,good good good,0,3,14,0,0,0,0.3333333333333333,0,0,0.8271,1,0,1,0.0,0,1,0,5.0,0.0
4aeb134b-f1f2-4b62-a7c1-911f6aa13b7c,Foodpanda,Food Delivery,Abdur Rahman,Unknown,5,2025-11-06 14:52:05,"best delivery app in Bangladesh, very helpful, affordable price, fast Delivery!!! love it❤️","best delivery app in bangladesh, very helpful, affordable price, fast delivery!!! love it❤️",0,13,91,0,0,0,1.0,0,1,0.9242,1,0,1,0.0,0,1,0,5.0,0.0
a3fd19a1-d82f-440c-aef3-81c9a4734efe,Foodpanda,Food Delivery,Analyn Moreno,Unknown,5,2025-11-06 15:20:04,easy to order fast delivery respectful riders,easy to order fast delivery respectful riders,0,7,45,0,0,0,1.0,0,0,0.7096,1,0,1,0.0,0,1,0,5.0,0.0
1a8c0a10-7478-4f64-b6ed-95d7099f3dcb,Foodpanda,Food Delivery,notytgames,Unknown,1,2025-11-06 15:32:52,tried to file a report for a wrong order. I closed the customer support chat and couldn't open it again. but I saw the notifications coming in I just couldn't reply or open the chat.,tried to file a report for a wrong order. i closed the customer support chat and couldn't open it again. but i saw the notifications coming in i just couldn't reply or open the chat.,1,35,182,0,0,0,0.8,0,0,-0.0516,1,0,1,0.0,0,1,0,1.0,0.0
a1e2af9a-b834-427d-a331-6acd8a6cfcba,Foodpanda,Food Delivery,Shiv Arya,Unknown,1,2025-11-06 15:39:19,Worst App. Scam.,worst app. scam.,0,3,16,0,0,0,1.0,0,1,-0.8316,1,0,1,0.0,0,1,0,1.0,0.0
8627ed4d-fa76-4436-be11-08ebada92d44,Foodpanda,Food Delivery,Zara Nasa,Unknown,4,2025-11-06 15:57:47,Occasionally use it to order bulky/heavy groceries. Pretty good prices.,occasionally use it to order bulky/heavy groceries. pretty good prices.,0,10,71,0,0,0,1.0,0,0,0.7269,1,0,1,0.0,0,1,0,4.0,0.0
a9a32f99-b19e-48fe-9abe-ce5628d9a86f,Foodpanda,Food Delivery,Aqsa Subhan,Unknown,5,2025-11-06 17:15:52,brilliant taste and quality,brilliant taste and quality,0,4,27,0,0,0,1.0,0,0,0.5859,1,0,1,0.0,0,1,0,5.0,0.0
21947477-8ac6-4e02-94a2-86db250387ed,Foodpanda,Food Delivery,Mati Ullah,Unknown,5,2025-11-06 20:39:54,Good delivery,good delivery,0,2,13,0,0,0,1.0,0,0,0.4404,1,0,1,0.0,0,1,0,5.0,0.0
9ea70280-59c8-43ed-a20c-4cf2bca7ddf1,Foodpanda,Food Delivery,sehar naseer abbasi,Unknown,5,2025-11-06 20:50:11,good service,good service,0,2,12,0,0,0,1.0,0,0,0.4404,1,0,1,0.0,0,4,0,5.0,0.0
0300f22f-0562-408c-aeb2-301d7dcb9713,Foodpanda,Food Delivery,Abrar Ahmed,Unknown,5,2025-11-06 20:50:17,very nyce service,very nyce service,0,3,17,0,0,0,1.0,0,0,0.0,1,0,1,0.0,0,1,0,5.0,0.0
23f235a1-f809-4b3e-8336-44b6943bf4fe,Foodpanda,Food Delivery,Shk Rehman,Unknown,1,2025-11-06 23:29:21,waiting for 2 hours but i didn't receive my order,waiting for 2 hours but i didn't receive my order,0,10,49,0,0,0,1.0,0,0,0.0,1,0,1,0.0,0,1,0,1.0,0.0
e8152a1a-586a-4c87-afbe-96265852dd03,Foodpanda,Food Delivery,Spade Kun,Unknown,1,2025-11-07 02:27:07,can't register phone number didn't receive any code,can't register phone number didn't receive any code,0,8,51,0,0,0,1.0,0,0,-0.0572,1,0,1,0.0,0,1,0,1.0,0.0
d89d9d25-7a52-4a6c-b777-85f68e5684f8,Foodpanda,Food Delivery,Zin Mar Lwin,Unknown,5,2025-11-07 03:20:07,အမြဲအားပေးနေပါတယ်,အမြဲအားပေးနေပါတယ်,0,1,17,0,0,0,1.0,0,0,0.0,1,0,1,0.0,0,1,0,5.0,0.0
1c6d21eb-8ff6-4d6e-adf3-f32a9456b0d3,Foodpanda,Food Delivery,Janrick Quilala,Unknown,1,2025-11-07 03:53:05,worst delivery app.,worst delivery app.,0,3,19,0,0,0,1.0,0,1,-0.6249,1,0,1,0.0,0,1,0,1.0,0.0
92267dd4-a11e-42fb-90b5-db6964677b49,Foodpanda,Food Delivery,Netflix 97,Unknown,1,2025-11-07 04:00:42,I was not refunded my money when my order was canceled.,i was not refunded my money when my order was canceled.,0,11,55,0,0,0,0.8181818181818182,0,0,0.0,1,0,1,0.0,0,1,0,1.0,0.0
1d041daa-f675-47e2-bf50-5cfc21c6b60e,Foodpanda,Food Delivery,Pekerja Dimanipulasi,Unknown,1,2025-11-07 05:20:18,sungguh tidak adil app ni kerana pembayaran semula tidak betul dengan harga barangan yang di beli tapi tidak di terima 🤬🤬🤬🤬,sungguh tidak adil app ni kerana pembayaran semula tidak betul dengan harga barangan yang di beli tapi tidak di terima 🤬🤬🤬🤬,0,21,123,4,0,0,0.8571428571428571,0,1,0.0,1,0,1,0.0,0,1,0,1.0,0.0
17989fd4-63b8-418e-89a4-2fb75e104f95,Foodpanda,Food Delivery,Sahidul,Unknown,1,2025-11-07 08:41:22,stupid app. im trying to verify my phone number but the stupid app dont want to send otp to my mail. I try 10 time and still dont work.,stupid app. im trying to verify my phone number but the stupid app dont want to send otp to my mail. i try 10 time and still dont work.,0,29,135,0,0,0,0.8275862068965517,0,1,-0.7896,1,0,1,0.0,0,1,0,1.0,0.0
410b10d4-c9be-4a4e-a762-26c3dbdc3bc8,Foodpanda,Food Delivery,Sef,Unknown,1,2025-11-07 08:47:35,No accountability and not even trying to help customers.,no accountability and not even trying to help customers.,0,9,56,0,0,0,1.0,0,0,0.128,1,0,1,0.0,0,1,0,1.0,0.0
d76a252d-3d1a-4208-8dbe-be71def2a169,Foodpanda,Food Delivery,Keeshia Liloc,Unknown,1,2025-11-07 10:23:15,no refund secs from cancelation I have to reorder cause i forgot to add a chicken,no refund secs from cancelation i have to reorder cause i forgot to add a chicken,0,16,81,0,0,0,0.875,0,0,-0.296,1,0,1,0.0,0,1,0,1.0,0.0
3c74ea30-4c24-4e07-bca1-5b7416bbbde1,Foodpanda,Food Delivery,Taimu mughal,Unknown,1,2025-11-07 10:42:35,flop app no any discount,flop app no any discount,0,5,24,0,0,0,1.0,1,1,-0.5574,1,0,1,0.0,0,1,0,1.0,0.0
1a9e4cbc-e5b3-4abf-a37f-c85dd14e4083,Foodpanda,Food Delivery,Htut Oo Lin,Unknown,4,2025-11-07 10:55:03,all fine,all fine,0,2,8,0,0,0,1.0,0,0,0.2023,1,0,1,0.0,0,1,0,4.0,0.0
047d4b62-cb8a-426e-bcb8-687fe5e1d5d0,Foodpanda,Food Delivery,Shaikh Amrin,Unknown,5,2025-11-07 10:57:44,beat app for foodies,beat app for foodies,0,4,20,0,0,0,1.0,0,1,0.0,1,0,1,0.0,0,1,0,5.0,0.0
b76feb13-0ec5-4356-bef7-842ca4ff1d69,Foodpanda,Food Delivery,felix aradanas,Unknown,1,2025-11-07 10:59:20,pangit ang bagong update,pangit ang bagong update,0,4,24,0,0,0,1.0,0,0,0.0,1,0,1,0.0,0,1,0,1.0,0.0
6d7d89ca-6e77-4294-b326-56f2a8beccc1,Foodpanda,Food Delivery,Amad Elhalawany,Unknown,1,2025-11-07 10:59:50,"absolute scammers, cancelled a few seconds after ordering a CAKE for my BIRTHDAY to add a few items and not only did I not get my money back, I did not even get the cake.","absolute scammers, cancelled a few seconds after ordering a cake for my birthday to add a few items and not only did i not get my money back, i did not even get the cake.",0,35,170,0,0,2,0.7428571428571429,0,0,-0.25,1,0,1,0.0,0,1,0,1.0,0.0
a4f5e69e-0aa8-4cfb-beef-d9ce60eb71c0,Foodpanda,Food Delivery,Malik Shah Nawaz,Unknown,1,2025-11-07 11:07:32,"why vocher are not applicable,very dull app, everyone please don't install it, very bad service","why vocher are not applicable,very dull app, everyone please don't install it, very bad service",0,15,95,0,0,0,1.0,1,1,-0.0606,1,0,1,0.0,0,1,0,1.0,0.0
04ea10d8-aa3a-4c78-813f-8072cbdab7a2,Foodpanda,Food Delivery,Roselo Guillena,Unknown,5,2025-11-07 12:06:14,thank you Mr. rider Ang bilis dumating,thank you mr. rider ang bilis dumating,0,7,38,0,0,0,1.0,0,0,0.3612,1,0,1,0.0,0,1,0,5.0,0.0
79de807c-9e93-4506-993e-524f6d55bef3,Foodpanda,Food Delivery,Christian Del Mundo,Unknown,5,2025-11-07 12:19:21,good service🥰🥰,good service🥰🥰,0,2,14,2,0,0,1.0,0,0,0.9552,1,0,1,0.0,0,1,0,5.0,0.0
c0c625a2-c469-4c54-b8fc-631386d09158,Foodpanda,Food Delivery,christine santos,Unknown,1,2025-11-07 12:29:17,"Delayed on delivery, your rider's not moving from its location an hour and counting. No in-app chat support. Emailed no response. No cancel option on the app. money, time wasted.","delayed on delivery, your rider's not moving from its location an hour and counting. no in-app chat support. emailed no response. no cancel option on the app. money, time wasted.",0,30,178,0,0,0,0.9,0,1,-0.4891,1,0,1,0.0,0,1,0,1.0,0.0
62fb9b84-880e-4e34-8906-ff90501879d0,Foodpanda,Food Delivery,Muhammad Abubakar,Unknown,1,2025-11-07 13:13:32,"the app itself is fine, but the support is totally useless. make it easy within the app to get in touch with the support.","the app itself is fine, but the support is totally useless. make it easy within the app to get in touch with the support.",4,24,121,0,0,0,0.7916666666666666,0,1,0.8026,1,0,1,0.0,0,1,1,1.0,0.0
abaf934e-b988-4230-b85f-a5b88152880c,Foodpanda,Food Delivery,Cristina Permejo,Unknown,1,2025-11-07 14:23:23,mahirap mag set ng address,mahirap mag set ng address,0,5,26,0,0,0,1.0,0,0,0.0,1,0,1,0.0,0,1,0,1.0,0.0
2cbb54bc-9802-4e56-9bae-0229b32d2818,Foodpanda,Food Delivery,Janu Kumar,Unknown,5,2025-11-07 14:35:35,amazing App but Voucher 😡,amazing app but voucher 😡,0,5,25,1,0,0,1.0,0,1,0.34,1,0,1,0.0,0,1,0,5.0,0.0
5490e7c0-33d5-40d9-864d-eabb07441ba5,Foodpanda,Food Delivery,Umere Sindhi,Unknown,1,2025-11-07 14:44:27,I can't apply my 50% discount voucher,i can't apply my 50% discount voucher,0,7,37,0,0,0,1.0,1,1,0.0,1,0,1,0.0,0,1,0,1.0,0.0
de60e0f2-6a2d-46ed-849d-eb6d37c4998c,Foodpanda,Food Delivery,CarbonaraFries,Unknown,3,2025-11-07 16:20:32,Free delivery daw for panda pro pero 15 pesos lang pala ibabawas. same lang namn ang voucher ng non pro sa pro after ko mag subscibe.,free delivery daw for panda pro pero 15 pesos lang pala ibabawas. same lang namn ang voucher ng non pro sa pro after ko mag subscibe.,0,26,133,0,0,0,0.8846153846153846,1,0,0.5106,1,0,1,0.0,0,1,0,3.0,0.0
0369d213-4e30-43c8-8870-d2d5ad91c499,Foodpanda,Food Delivery,Hurricane Hydra,Unknown,1,2025-11-07 16:37:31,no point having a food delivery app when you can't cancel your order if it's taking too long. and customer service? hah! bots. can NEVER get in touch with a human,no point having a food delivery app when you can't cancel your order if it's taking too long. and customer service? hah! bots. can never get in touch with a human,1,31,162,0,0,1,0.967741935483871,0,1,-0.1906,1,0,1,0.0,0,1,0,1.0,0.0
2ef1b850-3d40-4b75-8b73-e6cf9ba028f9,Foodpanda,Food Delivery,Ashley Byrnt,Unknown,4,2025-11-07 17:33:42,Experience is good but maybe like daraz they should add coins or vouchers use for less delivery price or more discount. Also if the shop don't have the drinks I can't add it to my order?,experience is good but maybe like daraz they should add coins or vouchers use for less delivery price or more discount. also if the shop don't have the drinks i can't add it to my order?,0,36,186,0,0,0,0.9166666666666666,1,0,0.6369,1,0,1,0.0,0,1,0,4.0,0.0
086a1ef1-8f12-4b84-9747-3a9d0bb14878,Foodpanda,Food Delivery,Romulo Cabaluna,Unknown,5,2025-11-07 18:51:02,delicious,delicious,0,1,9,0,0,0,1.0,0,0,0.5719,1,0,1,0.0,0,1,0,5.0,0.0
257e38c3-be6f-41bb-bd45-f086279d5cd1,Foodpanda,Food Delivery,Sabi Khan,Unknown,5,2025-11-07 20:37:05,very nice 👍 delivery is late,very nice 👍 delivery is late,0,6,28,1,0,0,1.0,0,0,0.4754,1,0,1,0.0,0,1,0,5.0,0.0
17d18e8c-a532-4ee8-9fca-55aa77af7371,Foodpanda,Food Delivery,Ibtisam Hussain,Unknown,1,2025-11-07 20:56:51,worst food delivery service,worst food delivery service,0,4,27,0,0,0,1.0,0,0,-0.6249,1,0,1,0.0,0,1,0,1.0,0.0
72e714f4-9d8e-4db0-ad9f-2d9478aa6bec,Foodpanda,Food Delivery,Zainab Adnan,Unknown,5,2025-11-07 21:38:39,excellent 👌,excellent 👌,0,2,11,1,0,0,1.0,0,0,0.87,1,0,1,0.0,0,1,0,5.0,0.0
ea03717a-8aac-4472-9ae3-ef56824a29c9,Foodpanda,Food Delivery,Big Man,Unknown,1,2025-11-07 21:54:41,fuzool tareen app Hain mein rat ko 5 bar order Ki Har Roz ye failed kardety bhook se marny wala hojata fuzool tareen bahut time waste Kia isny,fuzool tareen app hain mein rat ko 5 bar order ki har roz ye failed kardety bhook se marny wala hojata fuzool tareen bahut time waste kia isny,0,28,142,0,0,0,0.9285714285714286,0,1,-0.8834,1,0,1,0.0,0,1,0,1.0,0.0
31bbdaae-fa86-44ca-aad1-7bea2c38f749,Foodpanda,Food Delivery,Carl Wynntrix Fajiculay,Unknown,1,2025-11-07 22:25:00,TRASH APP,trash app,0,2,9,0,0,2,1.0,0,1,0.0,1,0,1,0.0,0,1,0,1.0,0.0
896ca16a-4409-4692-b1e6-4f25321897f9,Foodpanda,Food Delivery,Danyal,Unknown,1,2025-11-07 23:19:45,I Live in a big town in isl and absolutely nothing worth a damn delivers here.,i live in a big town in isl and absolutely nothing worth a damn delivers here.,0,16,78,0,0,0,0.875,0,0,0.0807,1,0,1,0.0,0,1,0,1.0,0.0
f69e61e9-e5c8-4096-b645-1a976fccc237,Foodpanda,Food Delivery,Abid Shah,Unknown,1,2025-11-08 00:40:59,This app should be bann in Pakistan In the name of delivery services they're just looting,this app should be bann in pakistan in the name of delivery services they're just looting,0,16,89,0,0,0,0.9375,0,1,0.0,1,0,1,0.0,0,1,0,1.0,0.0
73ae35c1-fcee-42eb-a5a9-fb31c9e989f9,Foodpanda,Food Delivery,Athi Lachumy,Unknown,5,2025-11-08 02:17:25,Always be smart and safe drive .u all like my family .drive be careful.,always be smart and safe drive .u all like my family .drive be careful.,0,14,71,0,0,0,0.9285714285714286,0,0,0.8271,1,0,1,0.0,0,1,0,5.0,0.0
5e007caf-97c4-4304-a329-c4aa80977bcb,Foodpanda,Food Delivery,Nelissa Briones,Unknown,1,2025-11-08 02:23:56,hanep panget gamitin mag grab nlng kayo,hanep panget gamitin mag grab nlng kayo,0,7,39,0,0,0,1.0,0,0,0.0,1,0,1,0.0,0,1,0,1.0,0.0
e842d239-1ea0-4341-8a98-a89e7bc25a56,Foodpanda,Food Delivery,Sunitha Kumari,Unknown,5,2025-11-08 02:54:03,"I like this app, it service is good.","i like this app, it service is good.",0,8,36,0,0,0,1.0,0,1,0.6597,1,0,1,0.0,0,1,0,5.0,0.0
74844fa7-dae6-47ed-97e3-c249c5939b9c,Foodpanda,Food Delivery,allen may paulo,Unknown,4,2025-11-08 02:54:28,fast delivery,fast delivery,0,2,13,0,0,0,1.0,0,0,0.0,1,0,1,0.0,0,3,0,4.0,0.0
1a96f771-aed5-476c-99dd-2e3d0455b453,Foodpanda,Food Delivery,Ratna Inzah,Unknown,1,2025-11-08 04:31:01,what happen to the app today? It says we are not in the area yet?,what happen to the app today? it says we are not in the area yet?,27,15,65,0,0,0,0.9333333333333333,0,1,0.0,1,0,1,0.0,0,1,0,1.0,0.0
800f18eb-e475-4d4d-a3fe-1a7979523451,Foodpanda,Food Delivery,NAWAB IS GEY,Unknown,1,2025-11-08 05:47:32,annoying ads and alot of extra charges,annoying ads and alot of extra charges,0,7,38,0,0,0,1.0,0,0,-0.5859,1,0,1,0.0,0,1,0,1.0,0.0
a8bcb8c7-a4f9-4b7f-a885-6575a86045d0,Foodpanda,Food Delivery,Wan Maswan,Unknown,1,2025-11-08 06:58:36,disappointed,disappointed,0,1,12,0,0,0,1.0,0,1,-0.4767,1,0,1,0.0,0,1,0,1.0,0.0
dbecdca6-8955-41e0-852a-58da7e8abc06,Foodpanda,Food Delivery,Marian Sengco,Unknown,5,2025-11-08 07:41:55,it is good,it is good,0,3,10,0,0,0,1.0,0,0,0.4404,1,0,1,0.0,0,1,0,5.0,0.0
560f7a5b-033c-4fe8-b28d-12964b987dd9,Foodpanda,Food Delivery,Candy Melody,Unknown,4,2025-11-08 07:50:41,"Good taste,Good Service,","good taste,good service,",0,3,24,0,0,0,1.0,0,0,0.4404,1,0,1,0.0,0,1,0,4.0,0.0
4ca9f95f-4ba0-41ad-881a-4b496801eed1,Foodpanda,Food Delivery,Pipou Felipe,Unknown,4,2025-11-08 09:53:57,"The option to tip the rider, and how much, should be done after the delivery. Except for that, a great app","the option to tip the rider, and how much, should be done after the delivery. except for that, a great app",0,21,106,0,0,0,0.9047619047619048,0,1,0.6249,1,0,1,0.0,0,1,0,4.0,0.0
855b7cc5-fa6c-4b61-b740-1fa4f68af063,Foodpanda,Food Delivery,Mellone Sisperez,Unknown,1,2025-11-08 11:05:47,promo codes does not work,promo codes does not work,0,5,25,0,0,0,1.0,0,0,0.0,1,0,1,0.0,0,1,0,1.0,0.0
7adcbc34-2dcb-4260-86b1-c6817e1a2f69,Foodpanda,Food Delivery,Oliver Jan Azares,Unknown,5,2025-11-08 11:15:07,very good,very good,0,2,9,0,0,0,1.0,0,0,0.4927,1,0,1,0.0,0,4,0,5.0,0.0
ae791d74-ffee-4b29-9f2a-72faf78754fa,Foodpanda,Food Delivery,biswajit sarker,Unknown,5,2025-11-08 11:18:42,super,super,0,1,5,0,0,0,1.0,0,0,0.5994,1,0,1,0.0,0,1,0,5.0,0.0
9ae0bbf3-c3d1-4693-811d-969bb940c1ad,Foodpanda,Food Delivery,Wani Karim,Unknown,5,2025-11-08 11:52:06,laju gile delivery dia,laju gile delivery dia,0,4,22,0,0,0,1.0,0,0,0.0,1,0,1,0.0,0,1,0,5.0,0.0
b42ef0ed-058f-42ac-9bb5-49e353b99480,Foodpanda,Food Delivery,Ali hassan,Unknown,1,2025-11-08 12:30:51,bhot zida lait oder Deliver hota h or oder thanda bi ho jata h m n to first time usd kia but muja acha nhi laga 1 ganty bad oder aya mera pss wo bi thanda aya 😔😔😔😔,bhot zida lait oder deliver hota h or oder thanda bi ho jata h m n to first time usd kia but muja acha nhi laga 1 ganty bad oder aya mera pss wo bi thanda aya 😔😔😔😔,0,38,163,4,0,0,0.8421052631578947,0,1,-0.6757,1,0,1,0.0,0,1,0,1.0,0.0
6c943a1f-7524-4712-9e27-ded7d5eb19d1,Foodpanda,Food Delivery,Lobina Zeeshan,Unknown,5,2025-11-08 14:02:12,excellent,excellent,0,1,9,0,0,0,1.0,0,0,0.5719,1,0,1,0.0,0,2,0,5.0,0.0
d741105c-461d-47ef-b9ac-04a0695607a2,Foodpanda,Food Delivery,Yousha Arshad,Unknown,1,2025-11-08 14:10:22,"First the app shows an error on placing order then the order gets placed twice with no option to cancel, no way to contact support","first the app shows an error on placing order then the order gets placed twice with no option to cancel, no way to contact support",0,25,130,0,0,0,0.84,0,1,-0.6597,1,0,1,0.0,0,1,0,1.0,0.0
72b164ff-4723-4642-87d7-5e9fa15ac117,Foodpanda,Food Delivery,Mhadz Padilla,Unknown,5,2025-11-08 14:55:15,very good 💯,very good 💯,0,3,11,1,0,0,1.0,0,0,0.4927,1,0,1,0.0,0,1,0,5.0,0.0
c5726cf9-5301-4cf9-bdd9-f8ead06bd35f,Foodpanda,Food Delivery,Manuel jusep,Unknown,1,2025-11-08 15:05:01,first time to order in pandamart for convenience. it took 1 hour and 30 minutes before the order arrive. it was said 15 to 20 minutes. epic fail,first time to order in pandamart for convenience. it took 1 hour and 30 minutes before the order arrive. it was said 15 to 20 minutes. epic fail,0,28,144,0,0,0,0.8928571428571429,0,0,-0.5423,1,0,1,0.0,0,1,0,1.0,0.0
705bf0ae-c731-4ce7-b086-b4f1228d3461,Foodpanda,Food Delivery,Iraj Sid,Unknown,1,2025-11-08 16:37:57,app crashed,app crashed,0,2,11,0,0,0,1.0,0,1,0.0,1,0,1,0.0,0,1,0,1.0,0.0
cbc642ff-0a05-4ff4-b2c1-4fad98936efe,Foodpanda,Food Delivery,Bilal Saeed,Unknown,1,2025-11-08 16:56:04,Poor food quality and delivery service,poor food quality and delivery service,0,6,38,0,0,0,1.0,0,0,-0.4767,1,0,1,0.0,0,1,0,1.0,0.0
97ae163b-c378-4a54-939e-2fce5c1f7c73,Foodpanda,Food Delivery,Borsha Plays,Unknown,3,2025-11-08 18:01:04,cant cancel some orders,cant cancel some orders,0,4,23,0,0,0,1.0,0,0,0.1877,1,0,1,0.0,0,1,0,3.0,0.0
835b2750-6f34-4ccb-bacb-7f6d5e8232fa,Foodpanda,Food Delivery,Rashid shah,Unknown,1,2025-11-08 19:43:44,after 1 hour of wait they cancel my order because they dont have a rider,after 1 hour of wait they cancel my order because they dont have a rider,0,15,72,0,0,0,0.9333333333333333,0,0,-0.25,1,0,1,0.0,0,1,0,1.0,0.0
a1ddae89-26a9-4322-9845-42511e5b90f3,Foodpanda,Food Delivery,Hamza Khalid,Unknown,1,2025-11-08 19:45:52,"Help option not work , chat with rider does not work in app","help option not work , chat with rider does not work in app",0,13,59,0,0,0,0.8461538461538461,0,1,0.4019,1,0,1,0.0,0,1,0,1.0,0.0
d941b754-f6bf-48a0-9fc8-ef043607d849,Foodpanda,Food Delivery,Shah Sahb,Unknown,1,2025-11-08 21:31:12,2 no app dhoka ha,2 no app dhoka ha,0,5,17,0,0,0,1.0,0,1,0.0516,1,0,1,0.0,0,1,0,1.0,0.0
4e7833fd-2882-4870-8e9d-96c37a122755,Foodpanda,Food Delivery,hafiz sahb,Unknown,5,2025-11-08 21:39:18,buttifull and fast delivery,buttifull and fast delivery,0,4,27,0,0,0,1.0,0,0,0.0,1,0,1,0.0,0,1,0,5.0,0.0
c5444d11-62e6-462b-a329-b979d32ffeb6,Foodpanda,Food Delivery,Abdullah,Unknown,5,2025-11-09 00:51:10,It is the best food delivery app. I have eaten their food. 😍,it is the best food delivery app. i have eaten their food. 😍,0,13,60,1,0,0,1.0,0,1,0.802,1,0,1,0.0,0,1,0,5.0,0.0
72132d6b-7417-42fe-8c05-fc06e26c6c77,Foodpanda,Food Delivery,Jay Ryan Bahinting,Unknown,1,2025-11-09 03:32:22,"my order was delivered after almost 4 hours, I tried to cancel/refund but there was no option... not even a compensation","my order was delivered after almost 4 hours, i tried to cancel/refund but there was no option... not even a compensation",0,21,120,0,0,0,0.9523809523809523,0,0,-0.4215,1,0,1,0.0,0,1,0,1.0,0.0
3f4addc8-0764-46ec-955d-d70b29ffdb3b,Foodpanda,Food Delivery,Adaav Adaav,Unknown,5,2025-11-09 04:49:23,lurve,lurve,0,1,5,0,0,0,1.0,0,0,0.0,1,0,1,0.0,0,1,0,5.0,0.0
49aa5918-8483-4ced-b87d-2d3c12b55d13,Foodpanda,Food Delivery,"TORRES,DENMARK GERABAN",Unknown,1,2025-11-09 05:23:08,"online payment is suckk i got scammed by a rider, I ordered food and i already paid for it and help center there's nothing they can do","online payment is suckk i got scammed by a rider, i ordered food and i already paid for it and help center there's nothing they can do",0,27,134,0,0,0,0.8888888888888888,0,0,0.4019,1,0,1,0.0,0,1,0,1.0,0.0
135914c4-5d79-4f12-b1db-1b280aadac8f,Foodpanda,Food Delivery,BiRO,Unknown,1,2025-11-09 05:44:48,di maasikaso,di maasikaso,0,2,12,0,0,0,1.0,0,0,0.0,1,0,1,0.0,0,1,0,1.0,0.0
97c802fb-c9f8-4e2b-8d07-7ccd558d6d99,Foodpanda,Food Delivery,LuxéVisual,Unknown,5,2025-11-09 06:46:40,Huge restaurant selection and fast delivery with clear tracking. Easy ordering and tasty meals delivered hot. 🌟🌟🌟🌟🌟,huge restaurant selection and fast delivery with clear tracking. easy ordering and tasty meals delivered hot. 🌟🌟🌟🌟🌟,0,17,115,5,0,0,0.9411764705882353,0,0,0.7783,1,0,1,0.0,0,1,0,5.0,0.0
88ea57ed-dc78-426d-902b-00acea619f6e,Foodpanda,Food Delivery,Ahmad Kamal Abdul Rahman,Unknown,1,2025-11-09 06:47:09,worst,worst,0,1,5,0,0,0,1.0,0,0,-0.6249,1,0,1,0.0,0,1,0,1.0,0.0
6181296d-79c7-43d7-8729-4fd0d0c96fe8,Foodpanda,Food Delivery,AZURWING,Unknown,5,2025-11-09 09:17:11,great,great,0,1,5,0,0,0,1.0,0,0,0.6249,1,0,1,0.0,0,3,0,5.0,0.0
cded0441-0535-46d0-a43b-f89af1a7a381,Foodpanda,Food Delivery,Jaweria Khan,Unknown,5,2025-11-09 09:20:31,good service and also food,good service and also food,0,5,26,0,0,0,1.0,0,0,0.4404,1,0,1,0.0,0,1,0,5.0,0.0
927f7d55-21bd-4d4b-8e86-2e6557d03d14,Foodpanda,Food Delivery,Terehas Shillingford,Unknown,2,2025-11-09 09:32:38,"I haven't been able to see the photos of so many items lately. I keep looking for an upgrade, but there is none. It's annoying","i haven't been able to see the photos of so many items lately. i keep looking for an upgrade, but there is none. it's annoying",0,25,126,0,0,0,0.96,0,0,0.438,1,0,1,0.0,0,1,0,2.0,0.0
7cf93614-8170-477e-8651-3a67f7604007,Foodpanda,Food Delivery,Desmond Ngooi,Unknown,1,2025-11-09 09:52:05,TERRIBLE!! grab us better then Foodpanda it keeps jumping minutes back to back and doesn't let u cancel your order even tho u have waited and hour or so DO NOT RECOMMEND!!,terrible!! grab us better then foodpanda it keeps jumping minutes back to back and doesn't let u cancel your order even tho u have waited and hour or so do not recommend!!,0,32,171,0,0,4,0.90625,0,0,-0.4591,1,0,1,0.0,0,1,0,1.0,0.0
4c384972-a235-461e-a3e2-e578cdfbe2dc,Foodpanda,Food Delivery,ItsNotMe,Unknown,1,2025-11-09 10:35:52,inconvenient and dismissive customer service,inconvenient and dismissive customer service,0,5,44,0,0,0,1.0,0,0,-0.34,1,0,1,0.0,0,1,0,1.0,0.0
035034b0-b529-43ea-89f3-063500cc4cb3,Foodpanda,Food Delivery,Muhammad Muzamil,Unknown,1,2025-11-09 11:43:36,Worst customer service ever. Usually takes the whole day for one reply in which they offer the worst resolution.,worst customer service ever. usually takes the whole day for one reply in which they offer the worst resolution.,0,19,112,0,0,0,0.8947368421052632,1,0,-0.8481,1,0,1,0.0,0,1,0,1.0,0.0
f6990738-9c99-4593-8603-297c1e7cf49c,Foodpanda,Food Delivery,Ruzaini,Unknown,1,2025-11-09 11:52:32,the invite a friend via app is not working,the invite a friend via app is not working,0,9,42,0,0,0,1.0,0,1,0.5859,1,0,1,0.0,0,1,1,1.0,0.0
07e3f01b-10ec-46a0-9d8d-f9ce4be1fc4e,Foodpanda,Food Delivery,tanjak barbers,Unknown,5,2025-11-09 11:59:12,Servis terbaik..,servis terbaik..,0,2,16,0,0,0,1.0,0,0,0.0,1,0,1,0.0,0,1,0,5.0,0.0
1c584664-d451-4f05-8532-31513bd1731f,Foodpanda,Food Delivery,"BALUBAL, Althea B.",Unknown,1,2025-11-09 13:45:04,My order is duplicate then when I ask for refund they said they were unable to process it. It sucks.,my order is duplicate then when i ask for refund they said they were unable to process it. it sucks.,0,20,100,0,0,0,0.95,0,0,-0.3612,1,0,1,0.0,0,1,0,1.0,0.0
4f56fb37-3a2f-4bc0-854b-3bcf5309dcfc,Foodpanda,Food Delivery,Baldric Foo,Unknown,1,2025-11-09 13:52:45,just uninstall this app. food delivery timing shows 20 to 40mins but on average takes 1.5hours,just uninstall this app. food delivery timing shows 20 to 40mins but on average takes 1.5hours,0,16,94,0,0,0,1.0,1,1,0.0,1,0,1,0.0,0,1,0,1.0,0.0
86c577ee-358b-4c23-81b6-6b7a339d38d8,Foodpanda,Food Delivery,Alomgir Kobir,Unknown,5,2025-11-09 14:11:36,good apps,good apps,0,2,9,0,0,0,1.0,0,1,0.4404,1,0,1,0.0,0,1,0,5.0,0.0
b9693795-708b-4645-9dab-eb3ef57da0d4,Foodpanda,Food Delivery,Mina Robles,Unknown,4,2025-11-09 14:28:26,fast and convenient,fast and convenient,0,3,19,0,0,0,1.0,0,0,0.0,1,0,1,0.0,0,2,0,4.0,0.0
c112e682-fc73-47b0-9a2b-32ce3653f249,Foodpanda,Food Delivery,galaxy gamer01,Unknown,1,2025-11-09 14:49:13,I ordered from one restaurant it said 50 - 30 mins after 2 hours no order arrived and I tried to order again from other restaurant same thing happened no delivery and they cancelled my order,i ordered from one restaurant it said 50 - 30 mins after 2 hours no order arrived and i tried to order again from other restaurant same thing happened no delivery and they cancelled my order,0,36,190,0,0,0,0.8055555555555556,0,1,-0.6597,1,0,1,0.0,0,1,0,1.0,0.0
5cb37894-54d8-4aa3-9668-e1f7f8958496,Foodpanda,Food Delivery,Aceringo Saavedra,Unknown,1,2025-11-09 15:47:02,"lahat ng store temporarily unavailable ampota, delete niyo nalang tong app na to","lahat ng store temporarily unavailable ampota, delete niyo nalang tong app na to",0,13,80,0,0,0,1.0,0,1,0.0,1,0,1,0.0,0,1,0,1.0,0.0
72300a99-e898-42e7-b13a-dc9f9b02a818,Foodpanda,Food Delivery,MUHIDDIN BARAIL,Unknown,5,2025-11-09 16:16:08,"""Very efficient food delivery service! Huge selection of restaurants, fast delivery, and an easy-to-use app interface. It's okay if you're lazy to go out, just order from home!""","""very efficient food delivery service! huge selection of restaurants, fast delivery, and an easy-to-use app interface. it's okay if you're lazy to go out, just order from home!""",0,28,177,0,0,0,1.0,0,1,0.6572,1,0,1,0.0,0,1,0,5.0,0.0
031709f1-b11d-4ed5-9073-c0b779527b27,Foodpanda,Food Delivery,Imran Junaidi,Unknown,5,2025-11-09 18:04:47,good for public,good for public,0,3,15,0,0,0,1.0,0,0,0.4404,1,0,1,0.0,0,1,0,5.0,0.0
0968de02-9f7b-4276-80d7-cc3cadc92f02,Foodpanda,Food Delivery,John Loyd,Unknown,1,2025-11-09 18:06:23,absolutely no point of giving vouchers if we can't use it,absolutely no point of giving vouchers if we can't use it,0,11,57,0,0,0,1.0,0,0,-0.024,1,0,1,0.0,0,1,0,1.0,0.0
