review_id,app_name,category,username,device,rating,timestamp,text_original,text_cleaned,thumbs_up,token_count,char_count,num_emojis,num_urls,num_uppercase_words,unique_word_ratio,contains_promo_words,has_urdu_words,sentiment_score,device_missing,generic_username,user_total_reviews,time_diff_seconds,is_burst,same_text_count,rating_text_mismatch,user_avg_rating,user_rating_std
50c73a15-7418-410c-88bf-e3ddd8b1e744,Instagram,Social Media,Naman Panwar,Unknown,2,2025-11-07 16:30:30,Very addictive,very addictive,0,2,14,0,0,0,1.0,0,0,0.0,1,0,1,0.0,0,1,0,2.0,0.0
a3b2819b-8d0a-4e8a-98a0-589ccbbe6fdc,Instagram,Social Media,Fudge Off,Unknown,2,2025-11-07 16:35:09,can't upload storyyyy,can't upload storyyyy,0,3,21,0,0,0,1.0,0,0,0.0,1,0,1,0.0,0,1,0,2.0,0.0
d4e6a829-8dce-44f1-9faa-56b4499fd9d8,Instagram,Social Media,KUMAR GAURAV,Unknown,2,2025-11-07 16:46:44,normal app,normal app,0,2,10,0,0,0,1.0,0,1,0.0,1,0,1,0.0,0,1,0,2.0,0.0
0d00d334-7a85-4e67-96ac-89e054ac7f59,Instagram,Social Media,Anu Rashmi,Unknown,2,2025-11-07 17:13:30,why can't I see my friend's full list of following?? and now why my some of the followers got reduced when I posted the above comment???,why can't i see my friend's full list of following?? and now why my some of the followers got reduced when i posted the above comment???,13,26,136,0,0,0,0.8076923076923077,0,0,0.0,1,0,1,0.0,0,1,0,2.0,0.0
c03ca1db-b88a-4c07-a3e1-7f1c07262398,Instagram,Social Media,Sean Moore,Unknown,2,2025-11-07 17:21:41,"edit:my NEW. favorite part when I go to unfollow a page because theyre posting awful content, only to find I don't follow them! Instagram love shoving images I don't follow into my feed, while restricting pages I actually follow!","edit:my new. favorite part when i go to unfollow a page because theyre posting awful content, only to find i don't follow them! instagram love shoving images i don't follow into my feed, while restricting pages i actually follow!",0,39,229,0,0,1,0.8461538461538461,0,0,0.4912,1,0,1,0.0,0,1,0,2.0,0.0
178b6a28-791c-4d4e-b303-baa704b709fb,Instagram,Social Media,Saniya Shaikh,Unknown,2,2025-11-07 17:29:36,my insta is in paise now what can I do I mean I have wifi but reels are not playing and I can't listen the audio too,my insta is in paise now what can i do i mean i have wifi but reels are not playing and i can't listen the audio too,0,27,116,0,0,0,0.8888888888888888,0,0,-0.2235,1,0,1,0.0,0,1,0,2.0,0.0
4f04f709-12a0-4103-a61b-46fa3055172a,Instagram,Social Media,INDER SINGH,Unknown,2,2025-11-07 18:03:20,"Dear Instagram, With the latest updates, reels have stopped working. The video just doesn't play. It has nothing with network as everything works fine. please fix","dear instagram, with the latest updates, reels have stopped working. the video just doesn't play. it has nothing with network as everything works fine. please fix",0,26,162,0,0,0,0.9230769230769231,0,0,0.4145,1,0,1,0.0,0,1,0,2.0,0.0
72633664-e32c-4be3-b78f-c190ea551d7e,Instagram,Social Media,Hari Krishnan,Unknown,2,2025-11-07 18:05:57,I am facing an issue in this app I can't able to see reels it is not playing i thought it was my network issue but no youtube is working properly,i am facing an issue in this app i can't able to see reels it is not playing i thought it was my network issue but no youtube is working properly,0,31,145,0,0,0,0.8387096774193549,0,1,-0.476,1,0,1,0.0,0,1,0,2.0,0.0
bd284da6-b78b-45d6-b89c-2ba9ae478008,Instagram,Social Media,Andrea,Unknown,2,2025-11-07 20:07:05,why can't you zoom into pictures anymore?!,why can't you zoom into pictures anymore?!,0,7,42,0,0,0,1.0,0,0,0.0,1,0,1,0.0,0,1,0,2.0,0.0
b03976b7-bc45-4bde-b208-c831486ff089,Instagram,Social Media,Subham Mallik,Unknown,2,2025-11-07 20:36:35,There should be an option for quick unfollow.,there should be an option for quick unfollow.,0,8,45,0,0,0,1.0,0,0,0.0,1,0,1,0.0,0,1,0,2.0,0.0
d900a237-5f97-4c9f-844d-1254817dc86b,Instagram,Social Media,Jayalakshmi,Unknown,2,2025-11-07 20:51:43,not updating time to time not working properly if I'm in offline means that showing I'm in active in insta 😔😔,not updating time to time not working properly if i'm in offline means that showing i'm in active in insta 😔😔,0,21,109,2,0,0,0.7619047619047619,0,0,0.4215,1,0,1,0.0,0,1,0,2.0,0.0
3d9882f8-807b-47a8-bea4-01b25b9fbf89,Instagram,Social Media,Peter G (Samantha Ann),Unknown,2,2025-11-07 20:57:33,stop assuming I know somebody. stop making that recommendation,stop assuming i know somebody. stop making that recommendation,0,9,62,0,0,0,0.8888888888888888,0,0,-0.5267,1,0,1,0.0,0,1,0,2.0,0.0
686f20e4-3b29-4ac9-8edd-64a5a23d3f9b,Instagram,Social Media,Geno Ulizzi,Unknown,2,2025-11-07 21:01:06,"new layout it terrible, swiping through photos just to get swung straight into a random reel with audio sucks","new layout it terrible, swiping through photos just to get swung straight into a random reel with audio sucks",0,19,109,0,0,0,1.0,0,0,-0.5719,1,0,1,0.0,0,1,0,2.0,0.0
c4ba5c38-b299-4810-889e-d93099186d17,Instagram,Social Media,Martin Gonzalez,Unknown,2,2025-11-07 21:11:20,if I delete the app and then download it again it doesn't let me login back into my acc,if i delete the app and then download it again it doesn't let me login back into my acc,0,19,87,0,0,0,0.9473684210526315,1,1,0.0,1,0,1,0.0,0,1,0,2.0,0.0
828c433c-df6c-4d49-985b-aae795b668ca,Instagram,Social Media,Mariia Lysenko,Unknown,2,2025-11-08 00:01:06,"Add the option to remove music from a post that was previously added. Currently, it’s only possible to add music to an already published photo, but you can’t remove it or replace it with another track.","add the option to remove music from a post that was previously added. currently, it’s only possible to add music to an already published photo, but you can’t remove it or replace it with another track.",1,36,201,0,0,0,0.8333333333333334,0,0,0.0,1,0,1,0.0,0,1,0,2.0,0.0
31bed625-84c5-4a32-8128-d1faa50e1bd2,Instagram,Social Media,Khushi Thakur,Unknown,2,2025-11-08 00:29:26,this app good but child are using to much,this app good but child are using to much,0,9,41,0,0,0,1.0,0,1,0.2382,1,0,1,0.0,0,1,0,2.0,0.0
81808382-a553-4661-8bc9-6b207461a2e0,Instagram,Social Media,PRIYA SHARMA,Unknown,2,2025-11-08 01:18:46,mr can not upload,mr can not upload,0,4,17,0,0,0,1.0,0,0,0.0,1,0,1,0.0,0,1,0,2.0,0.0
ab13bc17-2551-4e1b-9570-3007da03a2ec,Instagram,Social Media,Antonio Gallardo,Unknown,2,2025-11-08 01:27:20,"It's not an interesting update at all, the user interface definitely needs to be changed.","it's not an interesting update at all, the user interface definitely needs to be changed.",0,15,89,0,0,0,1.0,0,0,0.1134,1,0,1,0.0,0,1,0,2.0,0.0
f67ada11-f254-47c3-8fba-5decbf93eba1,Instagram,Social Media,CHANDRA PRAKASH,Unknown,2,2025-11-08 01:46:06,"Updates are getting wrost ,why not able to seeing stories, multiple times I have to reboot the app","updates are getting wrost ,why not able to seeing stories, multiple times i have to reboot the app",0,18,98,0,0,0,0.9444444444444444,0,1,0.0,1,0,1,0.0,0,1,0,2.0,0.0
4f70c116-7481-4d1e-8b16-db89c52dcd78,Instagram,Social Media,S. Ng,Unknown,2,2025-11-08 01:54:43,very buggy,very buggy,0,2,10,0,0,0,1.0,0,0,0.0,1,0,1,0.0,0,1,0,2.0,0.0
e08052dc-bd7a-4b7e-87f0-a206e51a141c,Instagram,Social Media,Shivam Sharma,Unknown,2,2025-11-08 02:11:14,Good luck yet,good luck yet,0,3,13,0,0,0,1.0,0,0,0.7096,1,0,1,0.0,0,1,1,2.0,0.0
a5cdaeb7-f5dc-4d2d-ab72-55b2eb497c52,Instagram,Social Media,Asal Khosroabadi,Unknown,2,2025-11-08 02:23:13,I can't change my birthday...💔,i can't change my birthday...💔,0,5,30,1,0,0,1.0,0,0,0.2732,1,0,1,0.0,0,1,0,2.0,0.0
0b49b669-cb82-4e6b-834c-7bfdcf439c45,Instagram,Social Media,Umesh Dansana,Unknown,2,2025-11-08 03:22:19,my account not a viral 😭😭 please help,my account not a viral 😭😭 please help,0,8,37,2,0,0,1.0,0,0,-0.296,1,0,1,0.0,0,1,0,2.0,0.0
d15663b3-e70e-4a9c-8c2d-b176b0c9cf39,Instagram,Social Media,Ahadul Amin,Unknown,2,2025-11-08 04:25:22,My id constantly follows people I don't know and likes reels I didn't like. I have changed password many times and enabled two factors authentication. Fix this problem to improve my rating.,my id constantly follows people i don't know and likes reels i didn't like. i have changed password many times and enabled two factors authentication. fix this problem to improve my rating.,0,32,189,0,0,0,0.875,0,0,-0.5672,1,0,1,0.0,0,1,0,2.0,0.0
a484e987-0a70-4b34-a641-0e8f8a8b6755,Instagram,Social Media,Freefire Monesh,Unknown,2,2025-11-08 04:30:38,very bad videos,very bad videos,0,3,15,0,0,0,1.0,0,0,-0.5849,1,0,1,0.0,0,1,0,2.0,0.0
a2a21435-1f0b-4ee7-a15f-918388f4b93c,Instagram,Social Media,Sachin Rathod,Unknown,2,2025-11-08 04:46:50,Nice app,nice app,0,2,8,0,0,0,1.0,0,1,0.4215,1,0,1,0.0,0,5,0,2.0,0.0
df27c5a5-cb4d-413b-9c47-e4d4e24fe08c,Instagram,Social Media,Shushil,Unknown,2,2025-11-08 04:52:46,Why you guys changed UI frequently it is so annoying 😑,why you guys changed ui frequently it is so annoying 😑,0,11,54,1,0,1,1.0,0,0,-0.541,1,0,1,0.0,0,1,0,2.0,0.0
43152824-0fe0-4482-95de-556ec683d636,Instagram,Social Media,Logan Forsythe,Unknown,2,2025-11-08 05:07:39,"slow, can't save my own pictures to my own phone. if I upload something, I should be able to download it onto my new phone!","slow, can't save my own pictures to my own phone. if i upload something, i should be able to download it onto my new phone!",0,25,123,0,0,0,0.8,1,0,-0.4442,1,0,1,0.0,0,1,0,2.0,0.0
bce37e85-4a04-48c4-a5fc-36fd8b5d18b3,Instagram,Social Media,Khellyn Delit,Unknown,2,2025-11-08 05:35:17,the messages button kept disappearing and I can't look at the messages in my account,the messages button kept disappearing and i can't look at the messages in my account,0,15,84,0,0,0,0.8666666666666667,0,1,0.0,1,0,1,0.0,0,1,0,2.0,0.0
70738d78-5040-4c61-9cfe-57db5dae2645,Instagram,Social Media,Harriet Jaiswal,Unknown,2,2025-11-08 05:50:58,"you should introduce a new feature of ""deleting messages from both the side"" instead of ""delete for you""!","you should introduce a new feature of ""deleting messages from both the side"" instead of ""delete for you""!",0,18,105,0,0,0,0.9444444444444444,0,0,0.0,1,0,1,0.0,0,1,0,2.0,0.0
aabdbf69-4c0c-4598-b3d3-4805c019e08a,Instagram,Social Media,Virendra Soni,Unknown,2,2025-11-08 05:52:24,koi kam ka nahi hai tima vest hai,koi kam ka nahi hai tima vest hai,0,8,33,0,0,0,0.875,0,1,0.0,1,0,1,0.0,0,1,0,2.0,0.0
538a6ccc-73e6-4990-9f2c-83921729e748,Instagram,Social Media,prosenjit dey,Unknown,2,2025-11-08 06:01:33,"my insta I'd is not opening from 6days,!!!!!!","my insta i'd is not opening from 6days,!!!!!!",0,8,45,0,0,0,1.0,0,0,0.0,1,0,1,0.0,0,1,0,2.0,0.0
701aaf86-0d8d-4112-b01c-2c2fab8ce702,Instagram,Social Media,Subhan Khan,Unknown,2,2025-11-08 06:03:09,an toh aadat so hn mujko,an toh aadat so hn mujko,0,6,24,0,0,0,1.0,0,0,0.0,1,0,1,0.0,0,1,0,2.0,0.0
d796c510-7f7f-4235-a25a-97019774110e,Instagram,Social Media,Tanishka Kadam,Unknown,2,2025-11-08 06:30:34,since 2 weeks im unavailable to use instagram.. ig it's glitching and Even um im unavailable to login,since 2 weeks im unavailable to use instagram.. ig it's glitching and even um im unavailable to login,0,18,101,0,0,0,0.8333333333333334,0,0,0.0,1,0,1,0.0,0,1,0,2.0,0.0
867db1d9-555c-4e2f-b987-f4f850d3dc7a,Instagram,Social Media,Mounieswari Pentakota,Unknown,2,2025-11-08 07:00:23,I found a bug in Instagram I close Instagram but it's still playing reels.,i found a bug in instagram i close instagram but it's still playing reels.,0,14,74,0,0,0,0.8571428571428571,0,0,0.296,1,0,1,0.0,0,1,0,2.0,0.0
3f64347f-cadf-41c9-be26-5118e91a3cd5,Instagram,Social Media,Pooja Mishra,Unknown,2,2025-11-08 07:13:10,"I don't like the new update of Insta, it looks like a cartoon, please fix it, it was fine before....","i don't like the new update of insta, it looks like a cartoon, please fix it, it was fine before....",1,20,100,0,0,0,0.9,0,0,0.5408,1,0,1,0.0,0,1,1,2.0,0.0
425eb50a-b3e1-4af9-9b85-b6b9e022d10b,Instagram,Social Media,Vijay waghode,Unknown,2,2025-11-08 07:30:29,hi sar your application not received live option please accept my request,hi sar your application not received live option please accept my request,0,12,73,0,0,0,1.0,0,1,0.5994,1,0,1,0.0,0,1,1,2.0,0.0
f17dfd65-60ee-43d0-b6d3-a1fc6435b512,Instagram,Social Media,Shreya #shri,Unknown,2,2025-11-08 07:39:38,Instagram is a good entertainment platform people describe our prosnality and gets views,instagram is a good entertainment platform people describe our prosnality and gets views,0,13,88,0,0,0,1.0,0,0,0.6908,1,0,1,0.0,0,1,1,2.0,0.0
734e2623-cfa2-4a88-8e34-efb124dad3ba,Instagram,Social Media,Alok Kumar,Unknown,2,2025-11-08 08:23:53,nice app,nice app,0,2,8,0,0,0,1.0,0,1,0.4215,1,0,2,0.0,0,5,0,3.5,2.1213203435596424
dd934770-1b3a-432d-9727-bf2b8ac5c541,Instagram,Social Media,Nitin Rawat,Unknown,2,2025-11-08 08:26:33,good👍,good👍,0,1,5,1,0,0,1.0,0,0,0.4404,1,0,1,0.0,0,1,0,2.0,0.0
f9f2032b-496a-4218-aa41-8d204115365d,Instagram,Social Media,Anjana Tondihal,Unknown,2,2025-11-08 08:50:54,not working properly not even getting to add highlights,not working properly not even getting to add highlights,1,9,55,0,0,0,0.8888888888888888,0,0,0.0,1,0,1,0.0,0,1,0,2.0,0.0
f67356d7-405b-48b0-851b-ed17a150e769,Instagram,Social Media,ALWIN SHAJAN PAYYAPPILLY,Unknown,2,2025-11-08 08:58:12,add to mention after uploded story removed 😭,add to mention after uploded story removed 😭,0,8,44,1,0,0,1.0,0,0,-0.4767,1,0,1,0.0,0,1,0,2.0,0.0
42c4100a-4b3d-4180-9b7e-7494ae06eaf9,Instagram,Social Media,Susmita Tamang,Unknown,2,2025-11-08 09:31:13,It's awesome 💯,it's awesome 💯,0,3,14,1,0,0,1.0,0,0,0.6249,1,0,1,0.0,0,1,1,2.0,0.0
64037c94-e8a0-43ae-aa5b-cada41a4e207,Instagram,Social Media,Sameera Khan,Unknown,2,2025-11-08 10:00:24,no update option is there I'm very confused,no update option is there i'm very confused,0,8,43,0,0,0,1.0,0,0,-0.5849,1,0,1,0.0,0,1,0,2.0,0.0
0c649a80-ea88-49f2-b9e9-995ad3a3c639,Instagram,Social Media,Mohammed Nuhman,Unknown,4,2025-11-08 10:10:18,I was edit a post and remove how i tag and i was bing multiply,i was edit a post and remove how i tag and i was bing multiply,0,15,62,0,0,0,0.7333333333333333,0,0,0.0,1,0,1,0.0,0,1,0,4.0,0.0
7510729b-6ee3-4bff-b118-86ac0dc8b0cc,Instagram,Social Media,Sohan Chouhan,Unknown,4,2025-11-08 10:15:41,op in instagram 😘,op in instagram 😘,0,4,17,1,0,0,1.0,0,0,0.4215,1,0,1,0.0,0,1,0,4.0,0.0
76e468cd-df40-4081-befe-91c9203566ac,Instagram,Social Media,Jeevabinu Jeevabinu1234,Unknown,4,2025-11-08 10:17:28,"This is a good app to enjoy and everything is cool but now and then there are many issues in the update, the new update is not good at all, if you leave it all this is a good app.","this is a good app to enjoy and everything is cool but now and then there are many issues in the update, the new update is not good at all, if you leave it all this is a good app.",0,40,179,0,0,0,0.775,0,1,0.6299,1,0,1,0.0,0,1,0,4.0,0.0
595eceec-5a5b-4b12-870d-4648a6435b58,Instagram,Social Media,Agonzebwa Blair,Unknown,4,2025-11-08 10:18:43,it is cool,it is cool,0,3,10,0,0,0,1.0,0,0,0.3182,1,0,1,0.0,0,1,0,4.0,0.0
fdb1de7b-a4d3-47f9-84a0-6b347ce7c0a4,Instagram,Social Media,Noor Fatima,Unknown,2,2025-11-08 10:29:16,very good app,very good app,0,3,13,0,0,0,1.0,0,1,0.4927,1,0,1,0.0,0,3,0,2.0,0.0
bfbee28a-6fb9-4b91-8653-634c3c2ba3a0,Instagram,Social Media,Goodluck “Goody” Mziray,Unknown,4,2025-11-08 10:45:33,accounts get lost quite easily however all other issues are good,accounts get lost quite easily however all other issues are good,0,11,64,0,0,0,1.0,0,0,0.5095,1,0,1,0.0,0,1,0,4.0,0.0
a07d1019-3323-41e8-8f3d-b841deed07ff,Instagram,Social Media,AREEJ Azhari,Unknown,4,2025-11-08 10:45:37,its very gooooooodddd,its very gooooooodddd,0,3,21,0,0,0,1.0,0,0,0.0,1,0,1,0.0,0,1,0,4.0,0.0
65ef6716-e07e-4a70-a884-4fb635167270,Instagram,Social Media,yZiderkoo,Unknown,2,2025-11-08 10:47:32,"its laggy asf, i mean i cant find my contacts even if i allowed in settings","its laggy asf, i mean i cant find my contacts even if i allowed in settings",0,16,75,0,0,0,0.875,0,0,0.0,1,0,1,0.0,0,1,0,2.0,0.0
8f6ec8f3-fca6-4720-9667-86075d7377f9,Instagram,Social Media,Liam Scott,Unknown,4,2025-11-08 10:49:51,please Instagram Devs can you add a way to edit the song or remove the song from a post. then you will get your 5 stars from me 💯,please instagram devs can you add a way to edit the song or remove the song from a post. then you will get your 5 stars from me 💯,0,29,129,1,0,0,0.8275862068965517,0,0,0.3182,1,0,1,0.0,0,1,0,4.0,0.0
2ff5f123-6708-41ec-9b4b-a54bbfc24de2,Instagram,Social Media,Abdullahi Babandi marke,Unknown,4,2025-11-08 10:55:29,Alhamdulillah,alhamdulillah,0,1,13,0,0,0,1.0,0,0,0.0,1,0,1,0.0,0,1,0,4.0,0.0
2ae2005e-6d38-4371-a26e-66e9d5116e07,Instagram,Social Media,Lilitha Goqwana,Unknown,4,2025-11-08 10:58:23,LOVE LOVE THE APP!!,love love the app!!,0,4,19,0,0,4,0.75,0,1,0.8745,1,0,1,0.0,0,1,0,4.0,0.0
b8bcac7d-6592-417a-ab6c-df524c5557db,Instagram,Social Media,Linda América García Ortega,Unknown,4,2025-11-08 11:15:33,I like Instagram I learn too but I don't know how to use Instagram I have to learn,i like instagram i learn too but i don't know how to use instagram i have to learn,0,18,82,0,0,0,0.6666666666666666,0,0,0.1901,1,0,1,0.0,0,1,0,4.0,0.0
9a11de58-81cc-40c7-be3e-4d06a93a6330,Instagram,Social Media,Sangeetha Arasakumar,Unknown,4,2025-11-08 11:17:04,This app is very good 👍 but be safe..,this app is very good 👍 but be safe..,0,9,37,1,0,0,1.0,0,1,0.7137,1,0,1,0.0,0,1,0,4.0,0.0
e98b653a-c32a-43cd-86b3-618ce3d37aa7,Instagram,Social Media,Vicky Kumar,Unknown,4,2025-11-08 11:17:40,this app is super for creater 🔥🔥🔥,this app is super for creater 🔥🔥🔥,0,7,33,3,0,0,1.0,0,1,-0.3182,1,0,1,0.0,0,1,0,4.0,0.0
939c1e34-488f-4f72-8f1c-174c4b897db0,Instagram,Social Media,Chriz Jamer Fuentes,Unknown,4,2025-11-08 11:19:52,I don't have the draw icon on the plus button,i don't have the draw icon on the plus button,0,10,45,0,0,0,0.9,0,0,0.0,1,0,1,0.0,0,1,0,4.0,0.0
81debedb-45bf-40da-9f95-8ac8875d444c,Instagram,Social Media,Bhupendar Singh,Unknown,2,2025-11-08 11:23:09,best app,best app,0,2,8,0,0,0,1.0,0,1,0.6369,1,0,1,0.0,0,3,1,2.0,0.0
cc3c7d21-9c83-449d-b2a5-a55dca840f6f,Instagram,Social Media,Aayush Singh,Unknown,4,2025-11-08 11:23:32,pls add a option to change music on story 😭 if music gets removed 🙏🙏,pls add a option to change music on story 😭 if music gets removed 🙏🙏,0,15,68,3,0,0,0.9333333333333333,0,0,-0.4215,1,0,1,0.0,0,1,0,4.0,0.0
a7aeab87-09c6-463b-a319-dc3a2afb3f0c,Instagram,Social Media,Surajbhan Saini,Unknown,4,2025-11-08 11:24:39,very good app,very good app,7,3,13,0,0,0,1.0,0,1,0.4927,1,0,1,0.0,0,3,0,4.0,0.0
d0a93e83-d6dd-44e1-aa59-d76a861c36c9,Instagram,Social Media,rahul chadak,Unknown,4,2025-11-08 11:26:26,Good app. You’re not just creating a food page — you’re building a community-driven movement where people feel their opinions matter. The “It’s not a restaurant yet…” angle adds mystery and connects emotionally. Very original.,good app. you’re not just creating a food page — you’re building a community-driven movement where people feel their opinions matter. the “it’s not a restaurant yet…” angle adds mystery and connects emotionally. very original.,0,35,226,0,0,0,0.8857142857142857,0,1,0.5726,1,0,1,0.0,0,1,0,4.0,0.0
0880d636-34e1-4559-8cc4-2ce4c4c65dae,Instagram,Social Media,Sierra KARENA Rivers,Unknown,4,2025-11-08 11:45:14,great app. got on here to swap pictures with my aunt. love it on it a lot,great app. got on here to swap pictures with my aunt. love it on it a lot,0,17,73,0,0,0,0.8823529411764706,0,1,0.8519,1,0,1,0.0,0,1,0,4.0,0.0
0a1c50fa-783d-474c-9e4b-6da7361fca1b,Instagram,Social Media,Raj Joshi,Unknown,2,2025-11-08 11:47:36,my instagram is not open yet pleased fix this problem,my instagram is not open yet pleased fix this problem,0,10,53,0,0,0,1.0,0,0,-0.6256,1,0,1,0.0,0,1,0,2.0,0.0
7d4903d7-46e1-4b94-9492-6ad2173595a0,Instagram,Social Media,Bhagat Singh,Unknown,1,2025-11-08 11:51:38,automatically closing first few minutes after installing. worst update ever,automatically closing first few minutes after installing. worst update ever,0,10,75,0,0,0,1.0,1,0,-0.6249,1,0,1,0.0,0,1,0,1.0,0.0
0b306a46-530b-4cb9-a527-3f43d9769ec3,Instagram,Social Media,Rosalina Arbado,Unknown,4,2025-11-08 11:52:01,I can't see the music icon,i can't see the music icon,0,6,26,0,0,0,1.0,0,0,0.0,1,0,1,0.0,0,1,0,4.0,0.0
f5229886-3ca5-4ef8-b366-2147be830f4d,Instagram,Social Media,Daksh Sonawane 13,Unknown,2,2025-11-08 11:52:29,okay akay,okay akay,0,2,9,0,0,0,1.0,0,0,0.2263,1,0,1,0.0,0,1,0,2.0,0.0
5941c478-4356-4591-9a05-0d9129771304,Instagram,Social Media,Akash Vishwakarma,Unknown,1,2025-11-08 11:58:28,Instagram has suspended my account and I can't recover my account 😭.,instagram has suspended my account and i can't recover my account 😭.,0,12,68,1,0,0,0.8333333333333334,0,0,-0.7351,1,0,1,0.0,0,1,0,1.0,0.0
a1b80ec0-7f92-4b9a-a26f-5fe3830f10f1,Instagram,Social Media,Zani Williams,Unknown,1,2025-11-08 12:04:19,"Give us a way to turn off these stupid ""Notes"" bubbles","give us a way to turn off these stupid ""notes"" bubbles",0,11,54,0,0,0,1.0,0,0,-0.5267,1,0,1,0.0,0,1,0,1.0,0.0
53a321de-0214-423e-b483-844b3e4e8d83,Instagram,Social Media,A.M. Gamerz,Unknown,2,2025-11-08 12:09:07,The share button glitch from this update Instagram update bug and glitch theek karne ke liye nahi balki aur glitch karne ke liye hote hai,the share button glitch from this update instagram update bug and glitch theek karne ke liye nahi balki aur glitch karne ke liye hote hai,0,25,137,0,0,0,0.76,0,1,0.296,1,0,1,0.0,0,1,0,2.0,0.0
1390b273-fee7-43c2-bcdc-0ba33083ed3c,Instagram,Social Media,Sharmistha Panigrahi,Unknown,1,2025-11-08 12:10:14,unable to see the reels after going to someone's profile,unable to see the reels after going to someone's profile,1,10,56,0,0,0,0.9,0,0,0.0,1,0,1,0.0,0,1,0,1.0,0.0
c19dc395-4686-4a0f-b930-351a23874bfa,Instagram,Social Media,UnforgivenTrucker,Unknown,2,2025-11-08 12:12:22,just another app extension of an app that I already have.,just another app extension of an app that i already have.,0,11,57,0,0,0,0.9090909090909091,0,1,0.0,1,0,1,0.0,0,1,0,2.0,0.0
97a9fc53-8310-4522-9786-5d1c2207164a,Instagram,Social Media,정건용 (Hello AI),Unknown,1,2025-11-08 12:12:48,"플립7 인스타 사용자입니다. 요즘 무한로딩 버그, 디엠 버그, 인터페이스 버그 등 엄청 많은 버그들이 발생하고 있습니다. 인스타그램 앱 최적화가 필요해보입니다.","플립7 인스타 사용자입니다. 요즘 무한로딩 버그, 디엠 버그, 인터페이스 버그 등 엄청 많은 버그들이 발생하고 있습니다. 인스타그램 앱 최적화가 필요해보입니다.",0,20,89,0,0,0,0.95,0,0,0.0,1,0,1,0.0,0,1,0,1.0,0.0
22f49855-6249-48ea-96f3-209a1c21f344,Instagram,Social Media,Mohit Gupta,Unknown,4,2025-11-08 12:16:46,good for time pass,good for time pass,0,4,18,0,0,0,1.0,0,0,0.4404,1,0,1,0.0,0,1,0,4.0,0.0
1e2826c7-a73b-4379-9ebe-803f9218529f,Instagram,Social Media,Snow Women,Unknown,1,2025-11-08 12:17:34,whyy this app is lagging!???? iam so frustrated!!,whyy this app is lagging!???? iam so frustrated!!,0,8,49,0,0,0,1.0,0,1,-0.8238,1,0,1,0.0,0,1,0,1.0,0.0
a752a12b-feb9-4d3c-aded-f64c12d79175,Instagram,Social Media,Arian Muntasir,Unknown,2,2025-11-08 12:22:03,Not a bad app for sure. but adding absolute trash features and removing the good one is soo wrong. Removing the ability to mention people in stories after posting is the worst update I've seen from instagram yet.,not a bad app for sure. but adding absolute trash features and removing the good one is soo wrong. removing the ability to mention people in stories after posting is the worst update i've seen from instagram yet.,0,38,212,0,0,0,0.8947368421052632,0,1,-0.3453,1,0,1,0.0,0,1,0,2.0,0.0
8715008c-7971-4cd6-a55f-10d9e0ee7b0d,Instagram,Social Media,Kaushalya Wedakarage,Unknown,1,2025-11-08 12:23:43,whay i can' t add sinhala songs to my stories and posts,whay i can' t add sinhala songs to my stories and posts,0,12,55,0,0,0,1.0,0,0,0.0,1,0,1,0.0,0,1,0,1.0,0.0
778ba79d-2f36-47e0-ab67-e365f1d7a829,Instagram,Social Media,Mar Overseas,Unknown,1,2025-11-08 12:25:04,work slowly,work slowly,0,2,11,0,0,0,1.0,0,0,0.0,1,0,1,0.0,0,1,0,1.0,0.0
283d81d5-734c-46e4-bbfc-67875d9f76ec,Instagram,Social Media,Muhammad Halliru Lawal,Unknown,4,2025-11-08 12:26:20,Well organized and great experiences,well organized and great experiences,0,5,36,0,0,0,1.0,0,0,0.7351,1,0,1,0.0,0,1,0,4.0,0.0
94fa0800-f3c1-49ba-88ff-e186bd2fb0c8,Instagram,Social Media,Anukalp Raj,Unknown,1,2025-11-08 12:26:50,"Your account is no longer eligible for Live We changed requirements to use this feature. Only public accounts with 1,000 followers or more will be able to create live videos. please remove this","your account is no longer eligible for live we changed requirements to use this feature. only public accounts with 1,000 followers or more will be able to create live videos. please remove this",0,33,193,0,0,0,0.9090909090909091,0,0,0.296,1,0,1,0.0,0,1,0,1.0,0.0
1f3795bc-94cf-4b4a-b70f-ba8e8120b88f,Instagram,Social Media,ANAND KUMAR,Unknown,1,2025-11-08 12:28:47,ish app ko mat chalana nahi to reel dekhate dekhate reel ban jaoge.,ish app ko mat chalana nahi to reel dekhate dekhate reel ban jaoge.,0,13,67,0,0,0,0.8461538461538461,0,1,-0.5574,1,0,1,0.0,0,1,0,1.0,0.0
4471cb75-d4c6-400d-9806-31aff9192d1e,Instagram,Social Media,Pcess,Unknown,1,2025-11-08 12:31:14,"A proposito, non so ancora scarabocchiare, che ingiustizia😒","a proposito, non so ancora scarabocchiare, che ingiustizia😒",0,8,59,1,0,0,1.0,0,0,0.0,1,0,1,0.0,0,1,0,1.0,0.0
9d545090-29fc-4849-80ed-ad93d789adbd,Instagram,Social Media,Priti Kumari,Unknown,4,2025-11-08 12:34:57,happy,happy,0,1,5,0,0,0,1.0,0,1,0.5719,1,0,1,0.0,0,2,0,4.0,0.0
6ebcdf1f-459d-4b95-80f8-5580965515fb,Instagram,Social Media,omid k57,Unknown,1,2025-11-08 12:40:00,Need updates. can't un save posts in my archive.,need updates. can't un save posts in my archive.,0,9,48,0,0,0,1.0,0,0,-0.3875,1,0,1,0.0,0,1,0,1.0,0.0
dfd57ffb-5c42-477f-87bc-a6f6bf7d1c07,Instagram,Social Media,Andreas Fritz (klotzey),Unknown,1,2025-11-08 12:46:29,"garbage app. unstable, gets worse with every iteration, bugs are never fixed, still no proper video support on android, every new feature is implemented poorly. idk who's programming this but they'd rather do something else.","garbage app. unstable, gets worse with every iteration, bugs are never fixed, still no proper video support on android, every new feature is implemented poorly. idk who's programming this but they'd rather do something else.",0,35,224,0,0,0,0.9714285714285714,0,1,-0.1793,1,0,1,0.0,0,1,0,1.0,0.0
20ded478-eeff-4929-829b-940a4ed9c246,Instagram,Social Media,Hezky Charisma Budiono,Unknown,1,2025-11-08 12:47:25,now my camera is not working when I want to take pictures on story mode,now my camera is not working when i want to take pictures on story mode,0,15,71,0,0,0,1.0,0,0,0.0772,1,0,1,0.0,0,1,0,1.0,0.0
fa22450d-6fc8-4259-91a7-312f07364d16,Instagram,Social Media,Kunal Ghogare,Unknown,4,2025-11-08 12:48:06,amazing but hardwork need to make glow,amazing but hardwork need to make glow,0,7,38,0,0,0,1.0,0,0,0.34,1,0,1,0.0,0,1,0,4.0,0.0
c08fd2bd-7848-4b99-ba13-0c02ff6a8c9a,Instagram,Social Media,Kavya Chennaboina,Unknown,2,2025-11-08 12:50:16,thiss tm upadate was worst can't open msgs by swipe it's not working properly to open msgs worst update ever,thiss tm upadate was worst can't open msgs by swipe it's not working properly to open msgs worst update ever,0,20,108,0,0,0,0.85,0,0,-0.8481,1,0,1,0.0,0,1,0,2.0,0.0
eb415ae0-619e-446b-aa50-112467cfd037,Instagram,Social Media,Shane Ian,Unknown,4,2025-11-08 12:50:31,great app but why does uploading reels to my story takes time?I mean it just says loading for a long time and some of us don't have patience.,great app but why does uploading reels to my story takes time?i mean it just says loading for a long time and some of us don't have patience.,0,28,141,0,0,0,1.0,0,1,0.3716,1,0,1,0.0,0,1,0,4.0,0.0
7b1feb94-6a0c-4770-8938-6b9097cfd3ea,Instagram,Social Media,Sajjan Singh Shekhawat,Unknown,1,2025-11-08 12:50:48,not show WhatsApp story icon please solve this issue as soon as possible,not show whatsapp story icon please solve this issue as soon as possible,0,13,72,0,0,0,0.9230769230769231,0,1,0.4767,1,0,1,0.0,0,1,0,1.0,0.0
99bfdc22-26ea-49c7-b614-2ca04f82dc4c,Instagram,Social Media,Chinubhai Rabari,Unknown,1,2025-11-08 12:52:09,Not getting views,not getting views,0,3,17,0,0,0,1.0,0,0,0.0,1,0,1,0.0,0,1,0,1.0,0.0
fcf4cd65-ae22-42d5-9459-1f34b2458d26,Instagram,Social Media,Deep Sharma,Unknown,4,2025-11-08 12:53:47,nice ap,nice ap,0,2,7,0,0,0,1.0,0,0,0.4215,1,0,1,0.0,0,1,0,4.0,0.0
70512b28-d17c-4d80-8b14-324e24fe3205,Instagram,Social Media,JAKRU SAIN,Unknown,1,2025-11-08 12:59:35,playlist not working,playlist not working,0,3,20,0,0,0,1.0,0,0,0.0,1,0,1,0.0,0,1,0,1.0,0.0
6fe3fdb3-cd81-43d7-b95b-39db029f2f22,Instagram,Social Media,Uio,Unknown,1,2025-11-08 13:00:12,THEY ARE A DUFFER BECAUSE THEY ALREADY BANNED MY 15 ACCOUNT WITHOUT ANY REASON IF I APPEAL THEY DONT SEE SO DON'T USE THIS APP RIGHT NOW THEY ARE FRAUDING,they are a duffer because they already banned my 15 account without any reason if i appeal they dont see so don't use this app right now they are frauding,0,30,154,0,0,27,0.8666666666666667,0,1,-0.4588,1,0,1,0.0,0,1,0,1.0,0.0
a622395a-3aa1-4f9b-adab-47ca190c384a,Instagram,Social Media,Saba Aga,Unknown,1,2025-11-08 13:03:31,one star for auto reset of feed.. I hate it when insta feed gets reset automatically ...all unwanted things are showing up,one star for auto reset of feed.. i hate it when insta feed gets reset automatically ...all unwanted things are showing up,0,22,122,0,0,0,0.9545454545454546,0,0,-0.6808,1,0,1,0.0,0,1,0,1.0,0.0
622bacc4-f15a-442c-a88a-af7de5e1c52f,Instagram,Social Media,Kamansingh Theeng,Unknown,1,2025-11-08 13:04:43,I don't like new updates,i don't like new updates,0,5,24,0,0,0,1.0,0,0,-0.2755,1,0,1,0.0,0,1,0,1.0,0.0
8c82b091-9191-40a6-9070-751e93c78e59,Instagram,Social Media,Areeba Rahman,Unknown,4,2025-11-08 13:05:49,mast app,mast app,0,2,8,0,0,0,1.0,0,1,0.0,1,0,1,0.0,0,1,0,4.0,0.0
e668dd3b-d25e-4ddc-92a0-3df326d22cfa,Instagram,Social Media,Anand Prakash,Unknown,1,2025-11-08 13:08:03,Time lose,time lose,0,2,9,0,0,0,1.0,0,0,-0.4019,1,0,1,0.0,0,1,0,1.0,0.0
818657ba-76fb-41a4-9640-8a158a1971ea,Instagram,Social Media,Bilal Bhat,Unknown,1,2025-11-08 13:10:06,viral reels 🦅,viral reels 🦅,0,3,13,1,0,0,1.0,0,0,0.0,1,0,1,0.0,0,1,0,1.0,0.0
5b8261a1-c834-4ac9-8da4-67ff4c603ffa,Instagram,Social Media,Adil Dhukka,Unknown,1,2025-11-08 13:13:49,Good App is Instragram,good app is instragram,0,4,22,0,0,0,1.0,0,1,0.4404,1,0,1,0.0,0,1,0,1.0,0.0
80f8cd74-a7ef-48e0-82aa-168df08ec422,Instagram,Social Media,Harish Godara,Unknown,1,2025-11-08 13:19:53,gatiya,gatiya,0,1,6,0,0,0,1.0,0,0,0.0,1,0,1,0.0,0,1,0,1.0,0.0
9eb59ffd-1613-4fad-81fd-a07d044b6c75,Instagram,Social Media,Ainneixaic3 marzdzae,Unknown,2,2025-11-08 13:22:09,Why do I still don't have the new features even though I already updated the app?,why do i still don't have the new features even though i already updated the app?,1,16,81,0,0,0,0.875,0,1,0.0,1,0,1,0.0,0,1,0,2.0,0.0
21a6c011-4306-4feb-9943-4b0bd6813e7c,Instagram,Social Media,Mohammad Kafayat,Unknown,1,2025-11-08 13:28:26,I have a zero star,i have a zero star,0,5,18,0,0,0,1.0,0,0,0.0,1,0,1,0.0,0,1,0,1.0,0.0
afd25169-551c-42ee-9064-48c48e113a71,Instagram,Social Media,Birendra Crp,Unknown,4,2025-11-08 13:29:54,devlope more at chat section and add games,devlope more at chat section and add games,0,8,42,0,0,0,1.0,0,0,0.0,1,0,1,0.0,0,1,0,4.0,0.0
17713f5b-2b0f-4906-ae86-7c2dc6498c8a,Instagram,Social Media,Dharmveer Kannaujia,Unknown,4,2025-11-08 13:31:18,This app is most useful for all public and Comfortable to creat any post in few seconds. Studen can used for surch any study topic in a short video in few second .,this app is most useful for all public and comfortable to creat any post in few seconds. studen can used for surch any study topic in a short video in few second .,0,33,163,0,0,0,0.8484848484848485,0,1,0.7574,1,0,1,0.0,0,1,0,4.0,0.0
60768115-964c-471f-9525-21d8b94de5fa,Instagram,Social Media,surya bhushan dubey,Unknown,2,2025-11-08 13:31:38,"new version is bakvaas(worst) one, earlier was better 👎","new version is bakvaas(worst) one, earlier was better 👎",0,9,55,1,0,0,1.0,0,0,0.4404,1,0,1,0.0,0,1,0,2.0,0.0
ff1ab276-cb5a-4b33-aa5a-0d8126bd7dd9,Instagram,Social Media,Simran,Unknown,1,2025-11-08 13:34:30,always keeps on updating but none of them are useful if you need help in updating ask the audience of your app what they want,always keeps on updating but none of them are useful if you need help in updating ask the audience of your app what they want,0,25,125,0,0,0,0.92,0,1,0.8338,1,0,1,0.0,0,1,1,1.0,0.0
ff680ec5-a61d-48e3-aa3a-782d574ab297,Instagram,Social Media,Praveen Gupta,Unknown,1,2025-11-08 13:40:26,🤔very bad app. 💁‍♀️Girls always😔 block 🚫me😕 👀whenever.. I propose💐them... 💔 🙏please remove the. 🥺block option first🫵...!!,🤔very bad app. 💁‍♀️girls always😔 block 🚫me😕 👀whenever.. i propose💐them... 💔 🙏please remove the. 🥺block option first🫵...!!,0,17,121,11,0,0,1.0,0,1,-0.7835,1,0,1,0.0,0,1,0,1.0,0.0
292d6346-dd91-4585-908e-81ed60482880,Instagram,Social Media,Akash Salunke,Unknown,1,2025-11-08 13:40:45,worst app always deleting my acc without any reason,worst app always deleting my acc without any reason,0,9,51,0,0,0,1.0,0,1,-0.6249,1,0,1,0.0,0,1,0,1.0,0.0
60e62ea0-c5e1-4ed3-a991-63848d477a83,Instagram,Social Media,Nisar huassain,Unknown,1,2025-11-08 13:42:02,bekar app Koi message hi nahi MRTA hai,bekar app koi message hi nahi mrta hai,0,8,38,0,0,1,1.0,0,1,0.0,1,0,1,0.0,0,1,0,1.0,0.0
e4b0c960-208b-45c6-98f6-bccfbecb13ec,Instagram,Social Media,Annafi Deltra,Unknown,1,2025-11-08 13:42:39,i have 3 account and my main one is not updated and stay in the old version how can this be happen👎,i have 3 account and my main one is not updated and stay in the old version how can this be happen👎,0,22,99,1,0,0,0.9545454545454546,0,1,0.0,1,0,1,0.0,0,1,0,1.0,0.0
6ddb665c-db39-4bc7-9273-64282b56bd91,Instagram,Social Media,Monu Gaur,Unknown,1,2025-11-08 13:46:25,very bad insta and insta service,very bad insta and insta service,0,6,32,0,0,0,0.8333333333333334,0,0,-0.5849,1,0,1,0.0,0,1,0,1.0,0.0
9188b89c-ccc2-4293-87d8-23616ddc3b53,Instagram,Social Media,Ravi Bansal,Unknown,1,2025-11-08 13:50:33,I have been making videos for a long time but the videos don't go viral.It is good to go viral but the video is not getting any views.,i have been making videos for a long time but the videos don't go viral.it is good to go viral but the video is not getting any views.,1,28,134,0,0,0,0.8214285714285714,0,0,0.5927,1,0,1,0.0,0,1,1,1.0,0.0
c67297c1-fdbe-497d-8654-5db8817cffb6,Instagram,Social Media,Chandan Thapa,Unknown,1,2025-11-08 13:52:17,"not good app because girl block mee every time.. I say hii pls remove block option,,,","not good app because girl block mee every time.. i say hii pls remove block option,,,",0,16,85,0,0,0,0.9375,0,1,-0.7849,1,0,1,0.0,0,1,0,1.0,0.0
8e9349a3-2d62-465c-9327-ec09859db0ee,Instagram,Social Media,Jay Yadav,Unknown,1,2025-11-08 13:52:41,just deleted instagram. even when my account is varified insta shadow ban my account. if i boost some post then they will deduct the money but the post have 0 views.,just deleted instagram. even when my account is varified insta shadow ban my account. if i boost some post then they will deduct the money but the post have 0 views.,0,31,165,0,0,0,0.9032258064516129,0,0,-0.1154,1,0,1,0.0,0,1,0,1.0,0.0
7b78d9b2-e3ff-406e-a4a5-53a7f107d731,Instagram,Social Media,A Google user,Unknown,1,2025-11-08 13:53:24,Definitely not as cool and fun to use as it used to be. too many ads and my content doesn't reach my friends and their content doesn't reach me,definitely not as cool and fun to use as it used to be. too many ads and my content doesn't reach my friends and their content doesn't reach me,0,29,143,0,0,0,0.7241379310344828,0,0,0.3261,1,0,5,0.0,0,1,0,1.2,0.4472135954999579
d6e06930-5704-4ec6-9318-138aa307ef89,Instagram,Social Media,Himangsu Das,Unknown,1,2025-11-08 13:53:48,Ye bohot ghatiya app hai mere bhi ko koi ladki replay nahi deta hai koi is app ko download mat karna,ye bohot ghatiya app hai mere bhi ko koi ladki replay nahi deta hai koi is app ko download mat karna,0,21,100,0,0,0,0.8095238095238095,1,1,0.0,1,0,1,0.0,0,1,0,1.0,0.0
322224e6-f2fd-4b2d-88e0-ab34bfd24147,Instagram,Social Media,turquoise,Unknown,1,2025-11-08 13:54:36,so many updates that is not important and has many defects 😑👎🏼,so many updates that is not important and has many defects 😑👎🏼,0,12,62,3,0,0,0.9166666666666666,0,0,-0.5093,1,0,1,0.0,0,1,0,1.0,0.0
d9065578-91f1-43dc-b877-ab1b886cb9fd,Instagram,Social Media,Jagat Pal,Unknown,4,2025-11-08 13:56:51,bad point ye hai Instagram me offline hone ke baad bhi kafi der tak online dikhata hai,bad point ye hai instagram me offline hone ke baad bhi kafi der tak online dikhata hai,0,17,86,0,0,0,0.9411764705882353,0,1,-0.6124,1,0,1,0.0,0,1,1,4.0,0.0
7e40a138-25a4-407d-9437-adf0db56daef,Instagram,Social Media,Sumon Khatua,Unknown,2,2025-11-08 13:57:59,not bad 😒,not bad 😒,0,3,9,1,0,0,1.0,0,0,0.431,1,0,1,0.0,0,1,0,2.0,0.0
77510656-3fbe-4bd9-a49a-805078f165e3,Instagram,Social Media,Mukesh V,Unknown,1,2025-11-08 13:58:23,Rajput,rajput,0,1,6,0,0,0,1.0,0,0,0.0,1,0,1,0.0,0,1,0,1.0,0.0
154806b0-b792-4292-8c76-29a3e7866bd8,Instagram,Social Media,Subulal Tc,Unknown,1,2025-11-08 13:59:27,kollam,kollam,0,1,6,0,0,0,1.0,0,0,0.0,1,0,1,0.0,0,1,0,1.0,0.0
90a97871-16b0-49e3-be6d-87d10d3ab3c3,Instagram,Social Media,Taha Ben hassin,Unknown,4,2025-11-08 14:00:55,this app is not interesting there is something we're missing I don't know what is it but it's something missing it's similar to who who unfollowed me,this app is not interesting there is something we're missing i don't know what is it but it's something missing it's similar to who who unfollowed me,0,27,149,0,0,0,0.7777777777777778,0,1,-0.6161,1,0,1,0.0,0,1,1,4.0,0.0
ff8c1327-98f8-4be9-8446-3ff16d848c3b,Instagram,Social Media,Shivam Mishra,Unknown,1,2025-11-08 14:03:13,thoda theek 🙏😊,thoda theek 🙏😊,0,3,14,2,0,0,1.0,0,1,0.7184,1,0,1,0.0,0,1,1,1.0,0.0
24a5e04b-e132-44a9-aa40-0692549e844b,Instagram,Social Media,Mdzain Khan,Unknown,4,2025-11-08 14:05:16,i don't like the new update(2025) the (2024)version was better!!!!!! pls update to the old version(2024)!!!!,i don't like the new update(2025) the (2024)version was better!!!!!! pls update to the old version(2024)!!!!,0,16,108,0,0,0,0.875,0,0,0.5037,1,0,1,0.0,0,1,0,4.0,0.0
4b573616-5ec4-4986-888e-fbdccdb4b546,Instagram,Social Media,Ren Ren,Unknown,1,2025-11-08 14:06:06,bro remove this new ah update with the slide bs everyrime I go slide to go text it frickin slides to reels like it's pissin me off,bro remove this new ah update with the slide bs everyrime i go slide to go text it frickin slides to reels like it's pissin me off,0,27,130,0,0,0,0.8888888888888888,0,0,0.3612,1,0,1,0.0,0,1,0,1.0,0.0
4eec2228-56ee-4739-923c-173b549c4e0b,Instagram,Social Media,Ronaq Ali,Unknown,4,2025-11-08 14:06:21,good but.. frequently bugs appear.,good but.. frequently bugs appear.,0,5,34,0,0,0,1.0,0,1,0.2382,1,0,1,0.0,0,1,0,4.0,0.0
ef1318f5-43c3-466e-8240-0229d151996b,Instagram,Social Media,John wenn Bullos,Unknown,1,2025-11-08 14:07:39,"I'm experiencing a bug, that my message inbox or button is not showing then whenever i press the message it won't pass through. I already tried uninstalling and install it again but it keeps happening","i'm experiencing a bug, that my message inbox or button is not showing then whenever i press the message it won't pass through. i already tried uninstalling and install it again but it keeps happening",0,35,200,0,0,0,0.8857142857142857,1,1,0.0,1,0,1,0.0,0,1,0,1.0,0.0
6613d3ea-d609-4ac1-af99-1a9141d7c4b9,Instagram,Social Media,Tanmay Sarkar,Unknown,1,2025-11-08 14:11:25,not working perfectly,not working perfectly,0,3,21,0,0,0,1.0,0,0,-0.5216,1,0,1,0.0,0,1,0,1.0,0.0
863abf40-6357-45e5-967e-1886e6377839,Instagram,Social Media,Swapnil Pawar,Unknown,1,2025-11-08 14:12:21,no option to add people to existing collection,no option to add people to existing collection,0,8,46,0,0,0,0.875,0,0,-0.296,1,0,1,0.0,0,1,0,1.0,0.0
44c2e7dc-d44c-48c8-8fbd-7b1c75079159,Instagram,Social Media,Keerthanakittu Keerthanakittu,Unknown,2,2025-11-08 14:13:52,not getting views and no support from hashtags but y need more views plz,not getting views and no support from hashtags but y need more views plz,0,14,72,0,0,0,0.9285714285714286,0,0,0.0615,1,0,1,0.0,0,1,0,2.0,0.0
4f9f4ed5-4966-440a-b7c1-db5daf1f7b44,Instagram,Social Media,Tejram Rajput,Unknown,1,2025-11-08 14:16:03,I like instagram app,i like instagram app,0,4,20,0,0,0,1.0,0,1,0.3612,1,0,1,0.0,0,1,0,1.0,0.0
e162eb07-acb6-49bc-b9d1-eb05c4dafa82,Instagram,Social Media,Mayank Panchi,Unknown,1,2025-11-08 14:17:06,the stroy take this but not a ai version in my stories not a ai option please early take a ai option,the stroy take this but not a ai version in my stories not a ai option please early take a ai option,0,22,100,0,0,0,0.6818181818181818,0,0,0.4497,1,0,1,0.0,0,1,0,1.0,0.0
9fedbf4e-e934-40a8-b298-1d3b6b1a420d,Instagram,Social Media,Rocky Roy,Unknown,1,2025-11-08 14:21:43,"🥺 please fix the problem ,, instgram story problem showing waiting for connection","🥺 please fix the problem ,, instgram story problem showing waiting for connection",0,13,81,1,0,0,0.9230769230769231,0,0,-0.4767,1,0,1,0.0,0,1,0,1.0,0.0
9e7a917a-43b3-4315-a109-f01250674482,Instagram,Social Media,Siya Kumari,Unknown,4,2025-11-08 14:23:55,good 👍👍👍,good 👍👍👍,0,2,8,3,0,0,1.0,0,0,0.4404,1,0,1,0.0,0,1,0,4.0,0.0
8ff43f21-4ed9-436c-b58c-f1ecdf6295f3,Instagram,Social Media,Deepashh Ggg,Unknown,1,2025-11-08 14:25:18,Not downloading/Updating faster Highlight also not coming,not downloading/updating faster highlight also not coming,0,7,57,0,0,0,0.8571428571428571,1,0,-0.2584,1,0,1,0.0,0,1,0,1.0,0.0
e3778629-c942-42c3-a0a1-74e164262117,Instagram,Social Media,Russ Schultz,Unknown,4,2025-11-08 14:26:44,fun little app.,fun little app.,0,3,15,0,0,0,1.0,0,1,0.5106,1,0,1,0.0,0,1,0,4.0,0.0
cf31fff5-067d-4511-b222-4ea7b7cd9afc,Instagram,Social Media,Kumar B,Unknown,1,2025-11-08 14:29:02,it was good. but they don't look out report. I report a problem more than 50 +times still they can't fix it. I update instagram for many times but Still I couldn't get the story comment features.,it was good. but they don't look out report. i report a problem more than 50 +times still they can't fix it. i update instagram for many times but still i couldn't get the story comment features.,0,37,195,0,0,0,0.8648648648648649,0,0,-0.3818,1,0,1,0.0,0,1,0,1.0,0.0
0d9deabe-a4a4-40cd-a60e-c2374cb5c34f,Instagram,Social Media,Pranjal Singh,Unknown,1,2025-11-08 14:29:27,very bad experience 😕😕😔😔😔😔😔😔😔😕😔😔😔😔😔😔😕,very bad experience 😕😕😔😔😔😔😔😔😔😕😔😔😔😔😔😔😕,0,4,37,17,0,0,1.0,0,0,-0.7474,1,0,1,0.0,0,1,0,1.0,0.0
d1a9432e-e8ba-4d2d-bde7-4cbb872e8781,Instagram,Social Media,Yogendra Parmar,Unknown,1,2025-11-08 14:32:01,ghatiya app hai bina kisi region meri I'd bane kar di @yogendra_parmar_69,ghatiya app hai bina kisi region meri i'd bane kar di @yogendra_parmar_69,0,12,73,0,0,0,1.0,0,1,0.0,1,0,1,0.0,0,1,0,1.0,0.0
dbbb14f1-234f-4ff7-aa3c-1a427a721727,Instagram,Social Media,Aarti s Singhi,Unknown,1,2025-11-08 14:35:53,aarti,aarti,0,1,5,0,0,0,1.0,0,0,0.0,1,0,1,0.0,0,1,0,1.0,0.0
edf98464-5ba5-4a1a-a314-b7f8a8a54610,Instagram,Social Media,vara prasad,Unknown,1,2025-11-08 14:36:01,this update In My OnePlus Nord 3 Phone this Instagram App Is Little Bit Lagging so Please Fix That Issue 🙏,this update in my oneplus nord 3 phone this instagram app is little bit lagging so please fix that issue 🙏,0,21,106,1,0,0,0.9523809523809523,0,1,0.2891,1,0,1,0.0,0,1,0,1.0,0.0
c1f8e353-67e3-4d09-b1fd-22956c53245d,Instagram,Social Media,Chandan Shinde,Unknown,1,2025-11-08 14:37:07,My account has been suspended how is it I am using that account last 5 years I want anyhow that account back,my account has been suspended how is it i am using that account last 5 years i want anyhow that account back,0,22,108,0,0,0,0.8181818181818182,0,0,-0.4215,1,0,1,0.0,0,1,0,1.0,0.0
09c1c184-9284-497d-80ce-f9e0d7a29643,Instagram,Social Media,Aasif Panja Aasif Panja,Unknown,1,2025-11-08 14:37:34,please support to fixed other font style for instagram,please support to fixed other font style for instagram,0,9,54,0,0,0,1.0,0,0,0.6124,1,0,1,0.0,0,1,1,1.0,0.0
5743ec54-6018-4c2d-a545-52b6fd1d6ac3,Instagram,Social Media,Shritej Hosmane,Unknown,4,2025-11-08 14:37:36,nice 👍🏻,nice 👍🏻,0,2,7,2,0,0,1.0,0,0,0.4215,1,0,1,0.0,0,3,0,4.0,0.0
c10c0088-d9b3-42a0-986b-c81d39ff9ab1,Instagram,Social Media,Devi Tripathi,Unknown,1,2025-11-08 14:38:40,i want 100 followers,i want 100 followers,0,4,20,0,0,0,1.0,0,0,0.0772,1,0,1,0.0,0,1,0,1.0,0.0
7bdcb602-101e-46be-a8d5-e62122b87277,Instagram,Social Media,Sudarshan Biranje,Unknown,1,2025-11-08 14:39:14,Not able to comment under comment.. If i post comment it is posted as separate comment on top! This is so frustrating! 😑,not able to comment under comment.. if i post comment it is posted as separate comment on top! this is so frustrating! 😑,0,23,120,1,0,0,0.8695652173913043,0,0,-0.5462,1,0,1,0.0,0,1,0,1.0,0.0
a6723812-3e2a-4538-9b86-b462ef58ef1c,Instagram,Social Media,Samrat Singh,Unknown,4,2025-11-08 14:39:23,good experience,good experience,0,2,15,0,0,0,1.0,0,0,0.4404,1,0,1,0.0,0,3,0,4.0,0.0
130931c5-3232-49aa-8a93-932ae61d1ee2,Instagram,Social Media,Sameer Mehta,Unknown,1,2025-11-08 14:41:05,why have you stopped posting content on second account,why have you stopped posting content on second account,29,9,54,0,0,0,1.0,0,0,-0.2263,1,0,1,0.0,0,1,0,1.0,0.0
4de6fa7b-ea7c-45ea-82fd-bdd6f79d0a54,Instagram,Social Media,Adnan Ali,Unknown,1,2025-11-08 14:41:33,this app has been negative posts,this app has been negative posts,0,6,32,0,0,0,1.0,0,1,-0.5719,1,0,1,0.0,0,1,0,1.0,0.0
c04a4424-aea3-405e-bd05-d6f03d5d84de,Instagram,Social Media,Khandavilli bhavish,Unknown,1,2025-11-08 14:42:15,this is wate my insta block without any reson don't download,this is wate my insta block without any reson don't download,0,11,60,0,0,0,1.0,1,0,-0.4404,1,0,1,0.0,0,1,0,1.0,0.0
d20d77ba-6a45-4c3e-9893-a9dd82113511,Instagram,Social Media,Aman Parmar,Unknown,1,2025-11-08 14:42:31,"good 👍 instagram can,t surprise me coins","good 👍 instagram can,t surprise me coins",0,7,40,1,0,0,1.0,0,0,0.6124,1,0,1,0.0,0,1,1,1.0,0.0
6de8d578-b7da-4a79-9e44-42c0fb83465a,Instagram,Social Media,Saloni Kumari,Unknown,1,2025-11-08 14:49:09,very addictive or can say that I have no self control 🙂,very addictive or can say that i have no self control 🙂,0,12,55,1,0,0,1.0,0,0,0.1298,1,0,1,0.0,0,1,0,1.0,0.0
be7a2430-f7ff-49cf-8a47-c489eaad76f9,Instagram,Social Media,James Greene,Unknown,1,2025-11-08 14:52:29,cause this app will remove your account for doing nothing wrong,cause this app will remove your account for doing nothing wrong,0,11,63,0,0,0,1.0,0,1,0.3724,1,0,1,0.0,0,1,0,1.0,0.0
ab47bda2-21bf-402e-8b13-5fc46d81bcb2,Instagram,Social Media,Sidhik Halepotra,Unknown,4,2025-11-08 14:56:45,good 👍,good 👍,0,2,6,1,0,0,1.0,0,0,0.4404,1,0,1,0.0,0,4,0,4.0,0.0
5ade1fe4-442c-4c64-80db-242407d34846,Instagram,Social Media,Rana Sharjeel ahmad,Unknown,4,2025-11-08 14:59:24,when we use double acc in 1 app then other acc IDs not showing and typing glitch is very high problem plz improve it,when we use double acc in 1 app then other acc ids not showing and typing glitch is very high problem plz improve it,0,24,116,0,0,0,0.9583333333333334,0,1,0.1243,1,0,1,0.0,0,1,0,4.0,0.0
9f92736e-9fd0-4c30-bd33-2efff85ac65f,Instagram,Social Media,Penny Back,Unknown,1,2025-11-08 14:59:40,people show too much,people show too much,0,4,20,0,0,0,1.0,0,0,0.0,1,0,1,0.0,0,1,0,1.0,0.0
87217b7c-b8eb-4f34-baaf-4fac01813c00,Instagram,Social Media,Husnatul Humaira,Unknown,1,2025-11-08 15:00:11,I've been using insta for awhile already and it was really a great experience but the new layout is making it's so uncomfortable to work with. please change it the layout back before the new update 😔,i've been using insta for awhile already and it was really a great experience but the new layout is making it's so uncomfortable to work with. please change it the layout back before the new update 😔,0,37,199,1,0,0,0.8648648648648649,0,0,0.138,1,0,1,0.0,0,1,0,1.0,0.0
a49ade4a-c4ec-49d1-a9b1-f2770f81d739,Instagram,Social Media,Haneena Nazer,Unknown,1,2025-11-08 15:03:16,"my instagram account has no reshare option, i don't know what the problem was. please consider my problem","my instagram account has no reshare option, i don't know what the problem was. please consider my problem",0,18,105,0,0,0,0.8888888888888888,0,0,-0.6486,1,0,1,0.0,0,1,0,1.0,0.0
94c2ee48-52bb-45af-ba2d-545ded4306bf,Instagram,Social Media,Urbn L3nz,Unknown,1,2025-11-08 15:04:00,I would give zero stars! for them to just suspend all your accounts randomly...forget it!,i would give zero stars! for them to just suspend all your accounts randomly...forget it!,0,15,89,0,0,0,1.0,0,0,-0.4374,1,0,1,0.0,0,1,0,1.0,0.0
912e5537-4388-496b-803d-097b9c946460,Instagram,Social Media,Rehan Hossain,Unknown,4,2025-11-08 15:06:42,yes this is better bus no very using four Instagram anything this is a better,yes this is better bus no very using four instagram anything this is a better,0,15,77,0,0,0,0.8,0,0,0.743,1,0,1,0.0,0,1,0,4.0,0.0
e8d8e9ca-6f1b-47f2-b8b4-a46f818652a4,Instagram,Social Media,Aradhana Bisht,Unknown,1,2025-11-08 15:08:06,I don't get the doddle feature yet,i don't get the doddle feature yet,0,7,34,0,0,0,1.0,0,0,0.0,1,0,1,0.0,0,1,0,1.0,0.0
71fd75cf-d1f4-42fa-83b4-c9703c30dff7,Instagram,Social Media,Balasaheb Kamble,Unknown,4,2025-11-08 15:13:30,I am forgot my password so I what I sood do please reply,i am forgot my password so i what i sood do please reply,0,13,56,0,0,0,0.8461538461538461,0,0,0.3182,1,0,1,0.0,0,1,0,4.0,0.0
a45e64e6-f7ee-4bd2-b2b2-a51f75a588e3,Instagram,Social Media,nitin hembrom,Unknown,1,2025-11-08 15:15:22,Education Destroyer.,education destroyer.,0,2,20,0,0,0,1.0,0,0,-0.4588,1,0,1,0.0,0,1,0,1.0,0.0
5fc28fb0-026a-457c-b411-8f3301d1c042,Instagram,Social Media,Sadhana Thakur,Unknown,1,2025-11-08 15:16:43,want to update,want to update,0,3,14,0,0,0,1.0,0,0,0.0772,1,0,1,0.0,0,1,0,1.0,0.0
8efb1b8e-6d06-48be-b784-378e45be2777,Instagram,Social Media,Hichem Benkrimi,Unknown,2,2025-11-08 15:19:39,app lagging and i didn't like the scrolling,app lagging and i didn't like the scrolling,0,8,43,0,0,0,1.0,0,1,-0.4956,1,0,1,0.0,0,1,0,2.0,0.0
857c5d86-aa1f-4b9a-8e24-989145126887,Instagram,Social Media,Royal Rahinth,Unknown,4,2025-11-08 15:20:11,Very nice and good,very nice and good,0,4,18,0,0,0,1.0,0,0,0.7397,1,0,1,0.0,0,1,0,4.0,0.0
167ab56e-90e1-416e-957e-923bb86e45ae,Instagram,Social Media,A,Unknown,4,2025-11-08 15:24:52,update clear history,update clear history,2,3,20,0,0,0,1.0,0,0,0.3818,1,0,1,0.0,0,1,0,4.0,0.0
0f86a31b-48b5-4c0e-9359-882fb03b2baa,Instagram,Social Media,Aromal Aromal,Unknown,1,2025-11-08 15:25:35,gud app,gud app,0,2,7,0,0,0,1.0,0,1,0.0,1,0,1,0.0,0,1,0,1.0,0.0
8e061fab-082a-4b47-a3a8-dcf885ba3f12,Instagram,Social Media,Aviral,Unknown,1,2025-11-08 15:27:00,"My personal and professional account has. been suspend for no reason (aviralsagu27, thereligious_voice)and there is no recovery made. I'm utterly disappointed and i want immediate recover of my accounts being a regular user of instagram. Regards","my personal and professional account has. been suspend for no reason (aviralsagu27, thereligious_voice)and there is no recovery made. i'm utterly disappointed and i want immediate recover of my accounts being a regular user of instagram. regards",0,36,245,0,0,0,0.8888888888888888,0,1,-0.8313,1,0,1,0.0,0,1,0,1.0,0.0
33aee75f-46d5-4581-b8b1-af78d18d6305,Instagram,Social Media,Pawan Kumar 55,Unknown,1,2025-11-08 15:27:40,bakar aap,bakar aap,0,2,9,0,0,0,1.0,0,0,0.0,1,0,1,0.0,0,1,0,1.0,0.0
e552a00d-f548-4e1d-8a01-fc066e25b92a,Instagram,Social Media,Vincent Lee,Unknown,1,2025-11-08 15:32:20,เมื่อไหร่จะพัฒนาให้มันดีๆ?,เมื่อไหร่จะพัฒนาให้มันดีๆ?,0,1,26,0,0,0,1.0,0,0,0.0,1,0,1,0.0,0,1,0,1.0,0.0
de174da9-ae46-4c3b-9354-90473075fe69,Instagram,Social Media,Tayyeba Riaz,Unknown,4,2025-11-08 15:34:11,it is amazing. and I get know the reality of this world.,it is amazing. and i get know the reality of this world.,0,12,56,0,0,0,1.0,0,0,0.5859,1,0,1,0.0,0,1,0,4.0,0.0
a5c28742-381e-4b8e-a0e8-acd112cda521,Instagram,Social Media,Jibel Chowdhury,Unknown,2,2025-11-08 15:35:03,I'm not getting any new features and update like (meta ai) on my account please fix it. @c.jibel,i'm not getting any new features and update like (meta ai) on my account please fix it. @c.jibel,0,18,96,0,0,0,1.0,0,0,0.5859,1,0,1,0.0,0,1,1,2.0,0.0
e173bca7-1902-4265-ad23-e753d962ebea,Instagram,Social Media,Faiz Pasha,Unknown,4,2025-11-08 15:36:30,very nice app,very nice app,0,3,13,0,0,0,1.0,0,1,0.4754,1,0,1,0.0,0,2,0,4.0,0.0
3196326d-bc93-411d-a700-96f7ff12f71f,Instagram,Social Media,Rekha Devi,Unknown,4,2025-11-08 15:38:14,very nice experience 🤠☺️☺️,very nice experience 🤠☺️☺️,0,4,26,1,0,0,1.0,0,0,0.8439,1,0,1,0.0,0,1,0,4.0,0.0
b90993dc-7e81-4c0b-b1ae-685311b86a16,Instagram,Social Media,Utkarsh Goyal,Unknown,2,2025-11-08 15:39:42,recently there's been a problem we can't go back and see previous messages in any broadcast it's been a huge mess,recently there's been a problem we can't go back and see previous messages in any broadcast it's been a huge mess,0,21,113,0,0,0,0.9047619047619048,0,0,-0.4404,1,0,1,0.0,0,1,0,2.0,0.0
b1bc7197-6ac2-4106-9d4f-b374f11f2341,Instagram,Social Media,Ceeyo 438,Unknown,1,2025-11-08 15:42:17,my comments are seperated from the thread. fix it ig,my comments are seperated from the thread. fix it ig,1,10,52,0,0,0,1.0,0,0,0.0,1,0,1,0.0,0,1,0,1.0,0.0
d650b819-d0b1-4f17-9356-fbf63fe90b6c,Instagram,Social Media,Ajit Patil,Unknown,1,2025-11-08 15:46:43,after update I can't see who is online ...plz look into this ..otherwise give old update..,after update i can't see who is online ...plz look into this ..otherwise give old update..,0,16,90,0,0,0,1.0,0,0,0.0772,1,0,1,0.0,0,1,0,1.0,0.0
5213ff2f-7894-4e71-a652-192f47e759ed,Instagram,Social Media,Gorav Dawar,Unknown,3,2025-11-08 15:50:14,note mention karne ka option bhi hona chahiye,note mention karne ka option bhi hona chahiye,0,8,45,0,0,0,1.0,0,0,0.0,1,0,1,0.0,0,1,0,3.0,0.0
7c74c3b0-7142-405d-a044-e5b86bfb368e,Instagram,Social Media,Darren Noah,Unknown,1,2025-11-08 15:52:45,"i cannot even draw ,","i cannot even draw ,",0,5,20,0,0,0,1.0,0,0,0.0,1,0,1,0.0,0,1,0,1.0,0.0
42035b8a-13dc-42f4-8d3a-6405f9a02876,Instagram,Social Media,ইঙ্গিত ঘোষ (Ingeet),Unknown,1,2025-11-08 15:53:51,there's no secure age restriction. even children are watching p0rn in this application,there's no secure age restriction. even children are watching p0rn in this application,0,13,86,0,0,0,1.0,0,1,-0.4829,1,0,1,0.0,0,1,0,1.0,0.0
b2b86e9d-02b5-4945-95e3-dbd8da737164,Instagram,Social Media,Faijan Khan,Unknown,1,2025-11-08 15:54:59,Nice 👍,nice 👍,0,2,6,1,0,0,1.0,0,0,0.4215,1,0,1,0.0,0,4,0,1.0,0.0
f233f5b2-a1ca-47ff-a7bc-6f026a2f0700,Instagram,Social Media,Bhavani Allu,Unknown,1,2025-11-08 15:56:52,because it comes after 1 years instagram keep using,because it comes after 1 years instagram keep using,0,9,51,0,0,0,1.0,0,0,0.0,1,0,1,0.0,0,1,0,1.0,0.0
534aed7e-0f80-46d2-9aac-a97ae20a7b4a,Instagram,Social Media,Leela devi Negi,Unknown,1,2025-11-08 15:57:42,this is good one app i love it 😍😘😘 🥰,this is good one app i love it 😍😘😘 🥰,0,10,36,4,0,0,1.0,0,1,0.9719,1,0,1,0.0,0,1,1,1.0,0.0
304df145-807c-43d4-9be4-260a748b3806,Instagram,Social Media,Sandeep Maharana,Unknown,3,2025-11-08 15:58:53,"my account has not open,why","my account has not open,why",0,5,27,0,0,0,1.0,0,0,0.0,1,0,1,0.0,0,1,0,3.0,0.0
a011e6a4-199b-4b26-934f-4e4a46178010,Instagram,Social Media,Echo from heaven,Unknown,4,2025-11-08 16:00:00,Exellent,exellent,0,1,8,0,0,0,1.0,0,0,0.0,1,0,1,0.0,0,1,0,4.0,0.0
afc86adf-a5e8-465c-8ccf-a72dc1b3b5a1,Instagram,Social Media,Vikram Pundir,Unknown,1,2025-11-08 16:06:26,this app was very good,this app was very good,0,5,22,0,0,0,1.0,0,1,0.4927,1,0,1,0.0,0,1,0,1.0,0.0
5697f4b6-65fa-4e7f-9980-f9d654853568,Instagram,Social Media,Simon Caine,Unknown,4,2025-11-08 16:07:18,The new version is so stupid! why couldn't you just as it was? took me 10 mins to work out how to post! slowly going down hill on there sort it!,the new version is so stupid! why couldn't you just as it was? took me 10 mins to work out how to post! slowly going down hill on there sort it!,0,31,144,0,0,0,0.967741935483871,0,0,-0.7385,1,0,1,0.0,0,1,1,4.0,0.0
bc1294f6-f7aa-463c-9ea5-1d4f69b164f7,Instagram,Social Media,Yukeshh,Unknown,1,2025-11-08 16:12:05,Why can't i use a new draw feature of Instagram?,why can't i use a new draw feature of instagram?,0,10,48,0,0,0,1.0,0,0,0.0,1,0,1,0.0,0,1,0,1.0,0.0
f8248875-8f69-4886-ad9d-1c65fd37eca0,Instagram,Social Media,Aditya Dubey,Unknown,1,2025-11-08 16:15:17,App Getting stucked most of the time,app getting stucked most of the time,0,7,36,0,0,0,1.0,0,1,0.0,1,0,1,0.0,0,1,0,1.0,0.0
ea7010cd-e59e-4d08-955f-1f25d0972e55,Instagram,Social Media,Akshansh Zaveri,Unknown,1,2025-11-08 16:15:30,so much lack while scrolling reel even updated with new one.,so much lack while scrolling reel even updated with new one.,0,11,60,0,0,0,1.0,0,0,-0.3774,1,0,1,0.0,0,1,0,1.0,0.0
006541bc-9fab-4f9f-a24c-060db989d0b9,Instagram,Social Media,Ram Kanya,Unknown,4,2025-11-08 16:16:01,I have liked insta but it have some issue that is people will do waste video,i have liked insta but it have some issue that is people will do waste video,0,16,76,0,0,0,0.9375,0,0,-0.4215,1,0,1,0.0,0,1,0,4.0,0.0
f334c6bd-d43f-413f-a9d9-6225df67568b,Instagram,Social Media,Shubhodeep Ghosh,Unknown,4,2025-11-08 16:16:55,excellent,excellent,0,1,9,0,0,0,1.0,0,0,0.5719,1,0,1,0.0,0,3,0,4.0,0.0
cd7d18c5-7c6f-4c35-886e-7cf4fd8b0532,Instagram,Social Media,DHANANJAY CHAUHAN,Unknown,2,2025-11-08 16:19:11,"Reels are not playing, if you go to any creators account and try to play the reels some reels are not playing.","reels are not playing, if you go to any creators account and try to play the reels some reels are not playing.",0,22,110,0,0,0,0.7727272727272727,0,0,0.0557,1,0,1,0.0,0,1,0,2.0,0.0
11208c2e-8d20-4b0e-92d1-cc80cafe1e10,Instagram,Social Media,Chivona M,Unknown,1,2025-11-08 16:19:35,I hate the new layout.,i hate the new layout.,2,5,22,0,0,0,1.0,0,0,-0.5719,1,0,1,0.0,0,1,0,1.0,0.0
7044f83e-1f84-487c-9f56-2f2586250a56,Instagram,Social Media,Parkit Bhatra,Unknown,2,2025-11-08 16:22:09,Old instagram 😭😭😭,old instagram 😭😭😭,0,3,17,3,0,0,1.0,0,0,-0.8519,1,0,1,0.0,0,1,0,2.0,0.0
26bbe4f9-1e55-4abb-bde5-d27900c1fec5,Instagram,Social Media,Shaelyn Secatero (Shay),Unknown,1,2025-11-08 16:24:00,stupid app,stupid app,0,2,10,0,0,0,1.0,0,1,-0.5267,1,0,1,0.0,0,1,0,1.0,0.0
2af19966-f4f9-46e0-9f8f-4203c8572a96,Instagram,Social Media,Suchismita Sahoo,Unknown,4,2025-11-08 16:27:40,ok ok,ok ok,0,2,5,0,0,0,0.5,0,0,0.5267,1,0,1,0.0,0,3,0,4.0,0.0
da6cc948-a341-4e23-9ed8-7f2aeb0498db,Instagram,Social Media,Shivanshu Battu,Unknown,1,2025-11-08 16:28:14,after the recent update the message I on just got disappeared i can't access my message i reinstalled insta several time it fixes the problem for 2 min and th message icon got disappeared again again plz fix,after the recent update the message i on just got disappeared i can't access my message i reinstalled insta several time it fixes the problem for 2 min and th message icon got disappeared again again plz fix,0,38,207,0,0,0,0.7631578947368421,1,1,-0.6369,1,0,1,0.0,0,1,0,1.0,0.0
33888d1c-3f09-4d98-8d6f-d1609f3c9557,Instagram,Social Media,P Chithesh Reddy,Unknown,4,2025-11-08 16:28:17,it's good but I did not like the new update coz the dm icon has been changed to bottom. I feel that it has to be on the right bottom,it's good but i did not like the new update coz the dm icon has been changed to bottom. i feel that it has to be on the right bottom,0,30,132,0,0,0,0.8333333333333334,0,0,-0.1815,1,0,1,0.0,0,1,0,4.0,0.0
a6dab757-2769-442c-8843-43efafbf0ab1,Instagram,Social Media,Ibrahim Awad,Unknown,1,2025-11-08 16:28:50,توفير الكتابه علي الصور😉😉,توفير الكتابه علي الصور😉😉,0,4,25,2,0,0,1.0,0,0,0.0,1,0,1,0.0,0,1,0,1.0,0.0
492f1cd1-0525-41a8-b4ba-4322c3632cdf,Instagram,Social Media,Mohit__Rana_ Tiger,Unknown,1,2025-11-08 16:29:54,my account has. not started,my account has. not started,0,5,27,0,0,0,1.0,0,0,0.0,1,0,1,0.0,0,1,0,1.0,0.0
db3ae3bc-9c8b-4834-982a-bcb744f3b11d,Instagram,Social Media,Lavanya Verma,Unknown,4,2025-11-08 16:30:20,the app is really good but I am not getting the new update on instagram I hope you can solve this problem soon,the app is really good but i am not getting the new update on instagram i hope you can solve this problem soon,0,23,110,0,0,0,0.9130434782608695,0,1,0.4514,1,0,1,0.0,0,1,0,4.0,0.0
9933c49e-99b7-47af-be83-542f44be984d,Instagram,Social Media,Max Bhai,Unknown,1,2025-11-08 16:32:00,on my Instagram account The highlights option is not showing.,on my instagram account the highlights option is not showing.,0,10,61,0,0,0,1.0,0,0,0.0,1,0,1,0.0,0,1,0,1.0,0.0
543eac11-e250-441b-a940-a50fa64c4004,Instagram,Social Media,Jannatul Tasnia,Unknown,3,2025-11-08 16:32:48,I can't see the people's id after unblocking them! hey insta can you check what's wrong w my account?,i can't see the people's id after unblocking them! hey insta can you check what's wrong w my account?,1,19,101,0,0,0,1.0,0,0,-0.5255,1,0,1,0.0,0,1,0,3.0,0.0
6490ee1c-c74e-4366-86d3-690d6bbcc920,Instagram,Social Media,Suchitra Singh,Unknown,4,2025-11-08 16:34:39,good to see post,good to see post,0,4,16,0,0,0,1.0,0,0,0.4404,1,0,1,0.0,0,1,0,4.0,0.0
8ad44ab2-5329-46eb-8ead-98b6559ba828,Instagram,Social Media,B Kendrick,Unknown,2,2025-11-08 16:37:54,"these dumbah comments & like bubbles covering screens of reels that you cant swipe away and are stuck on the screen, they pmo","these dumbah comments & like bubbles covering screens of reels that you cant swipe away and are stuck on the screen, they pmo",0,23,125,0,0,0,1.0,0,0,0.128,1,0,1,0.0,0,1,0,2.0,0.0
61723474-0523-420e-a4a8-f434f09c9697,Instagram,Social Media,Mitul Gurjar,Unknown,1,2025-11-08 16:40:15,The newer version is too Irritating,the newer version is too irritating,0,6,35,0,0,0,1.0,0,0,-0.4588,1,0,1,0.0,0,1,0,1.0,0.0
2a14ddd3-1bb3-4013-8817-789d30a974c5,Instagram,Social Media,vishnu shondhani,Unknown,4,2025-11-08 16:40:33,super,super,0,1,5,0,0,0,1.0,0,0,0.5994,1,0,1,0.0,0,5,0,4.0,0.0
c3be4693-d593-4727-91d2-4393914bf32a,Instagram,Social Media,Reza Farrokh,Unknown,4,2025-11-08 16:41:01,من نمیتونم از used original audio استفاده کنم برای من بعضی اوقات فعال نیست لطفا مشکل منو حل کنید trail هم برام فعال نیست,من نمیتونم از used original audio استفاده کنم برای من بعضی اوقات فعال نیست لطفا مشکل منو حل کنید trail هم برام فعال نیست,0,24,120,0,0,0,0.875,0,0,0.3182,1,0,1,0.0,0,1,0,4.0,0.0
5d8da2d9-b715-4a21-87a8-71da6ab78656,Instagram,Social Media,Yuliya Magonya,Unknown,1,2025-11-08 16:41:24,"my account has been hacked. I'm unable to restore it almost 5 years already. either they are dummies, or they don't care. wouldn't recommend this app.","my account has been hacked. i'm unable to restore it almost 5 years already. either they are dummies, or they don't care. wouldn't recommend this app.",0,26,150,0,0,0,0.9615384615384616,0,1,-0.3197,1,0,1,0.0,0,1,0,1.0,0.0
63df51db-cb9c-4531-ae08-de1a7f6543f1,Instagram,Social Media,Ramprakash Singh,Unknown,1,2025-11-08 16:42:03,very goood,very goood,0,2,10,0,0,0,1.0,0,0,0.0,1,0,1,0.0,0,1,0,1.0,0.0
12f987a9-bf59-47a8-9c8b-f4eb62d7511b,Instagram,Social Media,Sheetal Bhalla,Unknown,2,2025-11-08 16:42:12,video/reel geeting stuck in between.,video/reel geeting stuck in between.,0,5,36,0,0,0,1.0,0,0,-0.25,1,0,1,0.0,0,1,0,2.0,0.0
767e2822-6778-4c7a-8e46-c34b7eaf923f,Instagram,Social Media,Bibhutendu Paikaray,Unknown,3,2025-11-08 16:44:16,the floating likes and floating repost is actually irritating plz provide a opt to hide or remove i don't want to see who is liking whom or who is reposting,the floating likes and floating repost is actually irritating plz provide a opt to hide or remove i don't want to see who is liking whom or who is reposting,0,30,156,0,0,0,0.8,0,0,0.2211,1,0,1,0.0,0,1,0,3.0,0.0
df928dfe-7b12-4563-8d9f-953939181ce7,Instagram,Social Media,Nikita Sharma,Unknown,1,2025-11-08 16:44:29,I can't able to get the latest update of app,i can't able to get the latest update of app,1,10,44,0,0,0,1.0,0,1,0.0,1,0,1,0.0,0,1,0,1.0,0.0
6d3c617f-a052-4993-99ef-663f2bf8a39c,Instagram,Social Media,Abid baig,Unknown,4,2025-11-08 16:46:01,can you please bring back the Auto scoll reel features because it was great 😃,can you please bring back the auto scoll reel features because it was great 😃,0,15,77,1,0,0,1.0,0,0,0.836,1,0,1,0.0,0,1,0,4.0,0.0
7369bbad-bbed-433b-ab7c-14397556ba97,Instagram,Social Media,Ashwini Bunkar,Unknown,2,2025-11-08 16:47:30,"""मेरा अकाउंट एक Creator/Public अकाउंट है, फिर भी जब कोई मुझे फॉलो करता है तो मुझे 'Follow Request' आती है। मेरा फॉलोअर काउंट तब तक नहीं बढ़ता जब तक मैं 'Follow back' नहीं करती। कृपया इस बग को ठीक करें।"")","""मेरा अकाउंट एक creator/public अकाउंट है, फिर भी जब कोई मुझे फॉलो करता है तो मुझे 'follow request' आती है। मेरा फॉलोअर काउंट तब तक नहीं बढ़ता जब तक मैं 'follow back' नहीं करती। कृपया इस बग को ठीक करें।"")",0,40,203,0,0,0,0.85,0,0,0.0,1,0,1,0.0,0,1,0,2.0,0.0
aafc68e0-be53-44ed-9fe7-024c718c3a40,Instagram,Social Media,Sumi Joy,Unknown,3,2025-11-08 16:48:03,Its amazing... But I didn't get my app updated... I didn't get any features of the app... I even reinstalled the app... Even though I didn't get any feature... Please consider this.... 🙏,its amazing... but i didn't get my app updated... i didn't get any features of the app... i even reinstalled the app... even though i didn't get any feature... please consider this.... 🙏,0,33,186,1,0,0,0.6666666666666666,1,1,0.6542,1,0,1,0.0,0,1,0,3.0,0.0
3569aa8b-e39f-4e96-88ac-ee1f65baa2bd,Instagram,Social Media,Digital Hina,Unknown,1,2025-11-08 16:48:39,very bad experience,very bad experience,0,3,19,0,0,0,1.0,0,0,-0.5849,1,0,1,0.0,0,1,0,1.0,0.0
2cc58980-2b41-46c4-b092-f4ced7d4d7fc,Instagram,Social Media,Brawen,Unknown,1,2025-11-08 16:49:22,Not updated,not updated,0,2,11,0,0,0,1.0,0,0,0.0,1,0,1,0.0,0,1,0,1.0,0.0
dcb3077c-74f8-4ba5-8844-42ea4098de20,Instagram,Social Media,Gopal Gain,Unknown,1,2025-11-08 16:51:03,"Hi Team, On my instagram account I dont have Repost To Profile option and it's not showing. Please fix this issue and help me out.","hi team, on my instagram account i dont have repost to profile option and it's not showing. please fix this issue and help me out.",0,25,130,0,0,0,0.96,0,0,0.1872,1,0,1,0.0,0,1,0,1.0,0.0
6256941d-9005-46b9-9fa8-15faf357863c,Instagram,Social Media,Kevin Naber,Unknown,1,2025-11-08 16:51:38,why did you move search!!!?!?,why did you move search!!!?!?,0,5,29,0,0,0,1.0,0,0,0.0,1,0,1,0.0,0,1,0,1.0,0.0
2cfb1f74-2945-4ae2-af1c-5471e2c70cb3,Instagram,Social Media,ShurikenZ,Unknown,1,2025-11-08 16:51:53,doesn't even deserve a rating I would leave it 0 if I could send without rating. this new update sucks just keep the chats on the top right PLS you're just making it more difficult for users,doesn't even deserve a rating i would leave it 0 if i could send without rating. this new update sucks just keep the chats on the top right pls you're just making it more difficult for users,1,37,190,0,0,1,0.8918918918918919,0,0,-0.5256,1,0,1,0.0,0,1,0,1.0,0.0
8387121d-c023-4fdc-a7fe-ced7652c5766,Instagram,Social Media,Sherine Baraja,Unknown,1,2025-11-08 16:51:58,"hate the new UI layout, can never remember where everything is and everything kept accidentally swiping to another menu","hate the new ui layout, can never remember where everything is and everything kept accidentally swiping to another menu",1,19,119,0,0,1,0.9473684210526315,0,0,-0.7269,1,0,1,0.0,0,1,0,1.0,0.0
d82762e9-281c-4d16-a02c-d9a9a73c9c23,Instagram,Social Media,Blesson George,Unknown,2,2025-11-08 16:52:22,in the opening time instagram back camera is full of glitch. please ready the bug,in the opening time instagram back camera is full of glitch. please ready the bug,0,15,81,0,0,0,0.9333333333333333,0,0,0.5859,1,0,1,0.0,0,1,1,2.0,0.0
3365c563-edb6-41c4-89f7-7e251efe335e,Instagram,Social Media,tabby da gamer cat,Unknown,2,2025-11-08 16:55:01,my messages button is gone. cant DM anyone. t,my messages button is gone. cant dm anyone. t,1,9,45,0,0,1,1.0,0,0,0.0,1,0,1,0.0,0,1,0,2.0,0.0
0c9a7427-fc4a-43be-90ac-877b81a1bcff,Instagram,Social Media,Mustqeem Ahmed,Unknown,4,2025-11-08 16:55:46,Cute app,cute app,0,2,8,0,0,0,1.0,0,1,0.4588,1,0,1,0.0,0,1,0,4.0,0.0
73cd6a5d-5876-4e2b-8bc6-2a74c9dc0292,Instagram,Social Media,ashu yadav,Unknown,2,2025-11-08 16:56:47,"remove it from Play store, it's a tention giving aap","remove it from play store, it's a tention giving aap",0,10,52,0,0,0,1.0,0,0,0.5859,1,0,1,0.0,0,1,1,2.0,0.0
37b929c1-7fe3-4f65-bf54-a70cccee02f3,Instagram,Social Media,Khue Nguyen Huu Bao,Unknown,2,2025-11-08 16:59:39,worst update,worst update,0,2,12,0,0,0,1.0,0,0,-0.6249,1,0,1,0.0,0,1,0,2.0,0.0
b7b9f925-c1b3-45ee-be11-3235894b67d7,Instagram,Social Media,filbert aron,Unknown,4,2025-11-08 16:59:56,exceptional features,exceptional features,0,2,20,0,0,0,1.0,0,0,0.0,1,0,1,0.0,0,1,0,4.0,0.0
b20eea65-3678-468a-9c74-ef9e177991e8,Instagram,Social Media,Tj Briggs,Unknown,4,2025-11-08 17:01:07,I love using this app it has helped me in a number of ways like spreading my content or finding new friends,i love using this app it has helped me in a number of ways like spreading my content or finding new friends,0,22,107,0,0,0,1.0,0,1,0.8779,1,0,1,0.0,0,1,0,4.0,0.0
a9904c26-7de6-44e9-8dcb-078ce6e33167,Instagram,Social Media,Mehedi Alam,Unknown,3,2025-11-08 17:01:50,reels ❌ mood fresh,reels ❌ mood fresh,0,4,18,0,0,0,1.0,0,0,0.3182,1,0,1,0.0,0,1,0,3.0,0.0
57dc6913-96a4-4ae9-9c72-7d92cefdcfb4,Instagram,Social Media,Rene Tang,Unknown,2,2025-11-08 17:02:22,The new update is bad. Starts playing sound from a different reel somewhere so sound from 2 reels overlap. The one that's not on screen is louder than the one on screen too.,the new update is bad. starts playing sound from a different reel somewhere so sound from 2 reels overlap. the one that's not on screen is louder than the one on screen too.,0,33,173,0,0,0,0.7575757575757576,0,0,-0.4019,1,0,1,0.0,0,1,0,2.0,0.0
e4426048-8ad2-407f-8903-141292b45998,Instagram,Social Media,omkar sawant,Unknown,1,2025-11-08 17:03:02,Why was my Instagram ID suspended without any reason?,why was my instagram id suspended without any reason?,0,9,53,0,0,1,1.0,0,0,-0.4767,1,0,1,0.0,0,1,0,1.0,0.0
dd002873-0141-4e11-b160-5d8c3e85ae52,Instagram,Social Media,Hemanth Depuri,Unknown,1,2025-11-08 17:03:57,very very bad,very very bad,0,3,13,0,0,0,0.6666666666666666,0,0,-0.6214,1,0,1,0.0,0,1,0,1.0,0.0
e45c982a-4d19-43b3-a019-ed332b921ded,Instagram,Social Media,Breanna Jefferson,Unknown,1,2025-11-08 17:05:55,Woof so much worse than Tiktok. Weird Agenda with the algorithm,woof so much worse than tiktok. weird agenda with the algorithm,0,11,63,0,0,0,1.0,0,0,-0.6222,1,0,1,0.0,0,1,0,1.0,0.0
ee4be6cf-49f0-4b68-a8e3-f402f3bfe935,Instagram,Social Media,Jyoti Kardum,Unknown,2,2025-11-08 17:06:15,my Instagram I'd is autoback automatically pls help,my instagram i'd is autoback automatically pls help,0,8,51,0,0,0,1.0,0,0,0.4588,1,0,1,0.0,0,1,0,2.0,0.0
3276aff7-40c4-4313-8b67-f76b8afa85ae,Instagram,Social Media,Anusha Vanapalli,Unknown,1,2025-11-08 17:06:51,my Instagram I'd got hacked I can't recover my account as the email I'd linked to the account has been changed by the hacker.,my instagram i'd got hacked i can't recover my account as the email i'd linked to the account has been changed by the hacker.,0,24,125,0,0,0,0.7916666666666666,1,0,-0.4019,1,0,1,0.0,0,1,0,1.0,0.0
39cc4444-e136-4d74-85b0-cf46d64dcb27,Instagram,Social Media,Manoher chandra,Unknown,2,2025-11-08 17:08:21,This app is best of social media,this app is best of social media,0,7,32,0,0,0,1.0,0,1,0.6369,1,0,1,0.0,0,1,1,2.0,0.0
6729bab8-6abc-48b0-abcc-0e42cdabb534,Instagram,Social Media,Jeya Alan,Unknown,2,2025-11-08 17:09:01,time wast,time wast,0,2,9,0,0,0,1.0,0,0,0.0,1,0,1,0.0,0,1,0,2.0,0.0
0e41d81b-f9d6-4c64-bf7e-33227633498c,Instagram,Social Media,Bhavana Sharma,Unknown,3,2025-11-08 17:12:31,"Great app. but it does not support valuable content. edit: im not gonna change that, but it is working smooth so yeah. but it still doesn't support good content. 💔💔😔","great app. but it does not support valuable content. edit: im not gonna change that, but it is working smooth so yeah. but it still doesn't support good content. 💔💔😔",0,30,165,3,0,0,0.7666666666666667,0,1,-0.0296,1,0,1,0.0,0,1,0,3.0,0.0
c0b62409-1ee2-4b28-ae29-a93631cef52d,Instagram,Social Media,Nilu Kumari,Unknown,3,2025-11-08 17:13:11,some features are not available on every account,some features are not available on every account,0,8,48,0,0,0,1.0,0,0,0.0,1,0,1,0.0,0,1,0,3.0,0.0
fe7d19f1-9a63-41d2-8ec9-6e7545a1a832,Instagram,Social Media,Devashish Verma,Unknown,3,2025-11-08 17:13:51,my favorite,my favorite,0,2,11,0,0,0,1.0,0,0,0.4588,1,0,1,0.0,0,1,0,3.0,0.0
95d685ce-8e74-4da9-b9ef-f3413b9a9ddc,Instagram,Social Media,NARENDRA MAHATO,Unknown,4,2025-11-08 17:17:33,si nice but live option issu,si nice but live option issu,0,6,28,0,0,0,1.0,0,0,0.2263,1,0,1,0.0,0,1,0,4.0,0.0
1fdd4f36-f837-426d-b68d-2a9261e22c40,Instagram,Social Media,Pratima Behura,Unknown,1,2025-11-08 17:19:01,new update show hi nei kr raa,new update show hi nei kr raa,0,7,29,0,0,0,1.0,0,0,0.0,1,0,1,0.0,0,1,0,1.0,0.0
8c07e88f-0501-4472-9954-7a3c5aecbec5,Instagram,Social Media,Tapiwanyasha Bosha,Unknown,1,2025-11-08 17:19:30,horrible app,horrible app,0,2,12,0,0,0,1.0,0,1,-0.5423,1,0,1,0.0,0,1,0,1.0,0.0
9ad78de2-b7be-4b58-86d8-057535f729bb,Instagram,Social Media,Benedict Castillo,Unknown,1,2025-11-08 17:19:48,i hate because my ig can work have a identify my face always i hate like disk broken i hate repeat and repeat,i hate because my ig can work have a identify my face always i hate like disk broken i hate repeat and repeat,0,23,109,0,0,0,0.7391304347826086,0,0,-0.9136,1,0,1,0.0,0,1,0,1.0,0.0
064080aa-c00e-46d4-a277-cf449975f5c4,Instagram,Social Media,Jayanthi Thangamani,Unknown,1,2025-11-08 17:23:14,I don't like and need new update 😏💦,i don't like and need new update 😏💦,0,8,35,2,0,0,1.0,0,0,-0.2755,1,0,1,0.0,0,1,0,1.0,0.0
3f237236-8d48-4a59-88f1-228feed87485,Instagram,Social Media,Priyanshu Sharma,Unknown,1,2025-11-08 17:25:04,selfie Verification I did the id verification but till now I have not received any reply or mail.,selfie verification i did the id verification but till now i have not received any reply or mail.,0,18,97,0,0,0,0.8888888888888888,0,0,0.0,1,0,1,0.0,0,1,0,1.0,0.0
1c1c064b-bf7b-4932-b796-69bf59e2b913,Instagram,Social Media,Vaibhav Nagar,Unknown,1,2025-11-08 17:25:07,Ok app,ok app,0,2,6,0,0,0,1.0,0,1,0.296,1,0,1,0.0,0,1,0,1.0,0.0
07110625-65e2-49c7-9a51-a4d06f995f10,Instagram,Social Media,Adam Azisu Berlian,Unknown,1,2025-11-08 17:28:07,Can't edit song on post once set,can't edit song on post once set,0,7,32,0,0,0,1.0,0,0,0.0,1,0,1,0.0,0,1,0,1.0,0.0
dae600fb-7f9d-4724-bd9a-6ac9f0824ee8,Instagram,Social Media,Della Akoth,Unknown,1,2025-11-08 17:29:11,I'm trying to log in to my account after deactivating it but it keeps on refusing,i'm trying to log in to my account after deactivating it but it keeps on refusing,0,16,81,0,0,0,0.875,0,0,-0.5499,1,0,1,0.0,0,1,0,1.0,0.0
1dbddb6e-b229-42ec-a28a-638a290de93c,Instagram,Social Media,Lukas Hanghome,Unknown,2,2025-11-08 17:29:14,pressing but it kept on switching back itself,pressing but it kept on switching back itself,0,8,45,0,0,0,1.0,0,0,0.0,1,0,1,0.0,0,1,0,2.0,0.0
70a36516-4524-46ca-8436-5997afbc9fee,Instagram,Social Media,Fernando,Unknown,2,2025-11-08 17:29:27,some bugs,some bugs,0,2,9,0,0,0,1.0,0,0,0.0,1,0,1,0.0,0,1,0,2.0,0.0
b9e6c19f-c589-4d39-b2ec-5883e53ddcdb,Instagram,Social Media,Daniel Ingalls,Unknown,4,2025-11-08 17:32:16,Good app for just showing the pictures I take and keeping them all in one location.,good app for just showing the pictures i take and keeping them all in one location.,0,16,83,0,0,0,1.0,0,1,0.4404,1,0,1,0.0,0,1,0,4.0,0.0
95861eda-bd88-4c1e-b751-58b0fc9cdedb,Instagram,Social Media,Md Nasir,Unknown,1,2025-11-08 17:32:29,not login problem please Instagram open,not login problem please instagram open,0,6,39,0,0,0,1.0,0,0,0.0762,1,0,1,0.0,0,1,0,1.0,0.0
404df80d-9c85-41ee-b572-19c397df9efe,Instagram,Social Media,Rupesh Khobragade,Unknown,4,2025-11-08 17:34:42,Most popular app,most popular app,1,3,16,0,0,0,1.0,0,1,0.4754,1,0,1,0.0,0,1,0,4.0,0.0
5ec2c145-a7c9-4fd2-a31a-19a768006dbe,Instagram,Social Media,Lokesh Kava,Unknown,1,2025-11-08 17:36:39,I don't like the way they change ui of the app,i don't like the way they change ui of the app,0,11,46,0,0,0,0.9090909090909091,0,1,-0.2755,1,0,1,0.0,0,1,0,1.0,0.0
8790df40-4cea-44bc-8cea-56f16cebdc03,Instagram,Social Media,Varun Singh Panwar,Unknown,1,2025-11-08 17:38:43,The app is suspending Id's for no reason,the app is suspending id's for no reason,1,8,40,0,0,0,1.0,0,1,-0.296,1,0,1,0.0,0,1,0,1.0,0.0
1f2d42c0-df67-4c5a-88a7-4c28fe547b13,Instagram,Social Media,Rajendra Maher,Unknown,1,2025-11-08 17:40:41,bhut bakwas app h ye login problem,bhut bakwas app h ye login problem,0,7,34,0,0,0,1.0,0,1,-0.4019,1,0,1,0.0,0,1,0,1.0,0.0
fa5f910b-56f5-4a69-b0c9-0edfe17eef95,Instagram,Social Media,sk shamsuddin,Unknown,1,2025-11-08 17:41:53,Dear Instagram team Recommended on facebook feature not showing kindly enable feature as soon as possible Thanking you sir,dear instagram team recommended on facebook feature not showing kindly enable feature as soon as possible thanking you sir,0,19,122,0,0,0,0.8947368421052632,0,0,0.1955,1,0,1,0.0,0,1,0,1.0,0.0
fc9dfbba-c4a4-4669-a280-159a9ed3bd4d,Instagram,Social Media,Sagar E,Unknown,1,2025-11-08 17:44:29,ಕನ್ನಡ ಹಾಡುಗಳು ಕಮ್ಮಿ ಇದಾವೆ ಬೇರೇ ಯಾವ್ ಯಾವೋ ಜಾಸ್ತಿ ಇದಾವೆ ತೂ.....😡 ಒಂದು ಫೊಟೊನ ಸ್ಟೋರಿಗೆ ಹಾಕ್ಬೇಕಾದ್ರೆ ಕನ್ನಡ ಹಾಡುಗಳೆ ಸಿಗಲ್ಲ.. ಸರ್ಚ್ ಮಾಡುದ್ರು ಸಿಗಲ್ಲ.. ಕನ್ನಡ ಹಾಡು ಸರ್ಚ್ ಮಾಡುದ್ರೆ ಸಿಗ್ಬೇಕು ಅವಾಗ 5☆ ಕೊಡ್ತಿನಿ..,ಕನ್ನಡ ಹಾಡುಗಳು ಕಮ್ಮಿ ಇದಾವೆ ಬೇರೇ ಯಾವ್ ಯಾವೋ ಜಾಸ್ತಿ ಇದಾವೆ ತೂ.....😡 ಒಂದು ಫೊಟೊನ ಸ್ಟೋರಿಗೆ ಹಾಕ್ಬೇಕಾದ್ರೆ ಕನ್ನಡ ಹಾಡುಗಳೆ ಸಿಗಲ್ಲ.. ಸರ್ಚ್ ಮಾಡುದ್ರು ಸಿಗಲ್ಲ.. ಕನ್ನಡ ಹಾಡು ಸರ್ಚ್ ಮಾಡುದ್ರೆ ಸಿಗ್ಬೇಕು ಅವಾಗ 5☆ ಕೊಡ್ತಿನಿ..,0,28,196,1,0,0,0.8214285714285714,0,0,0.0,1,0,1,0.0,0,1,0,1.0,0.0
05f77acc-4150-44d0-a5cb-de0ed0f2efa6,Instagram,Social Media,Annjel Rubio,Unknown,1,2025-11-08 17:46:34,The doodle feature still isn't available for me this lefts me out 🙃 update: I already reported this bug and 3 days later still no response,the doodle feature still isn't available for me this lefts me out 🙃 update: i already reported this bug and 3 days later still no response,0,26,138,1,0,0,0.8846153846153846,0,0,-0.296,1,0,1,0.0,0,1,0,1.0,0.0
333a99ae-805b-430f-8db1-af44ad3c62aa,Instagram,Social Media,Prakhar154,Unknown,1,2025-11-08 17:48:09,bekaar app. ladkiya samne se message nahi karti,bekaar app. ladkiya samne se message nahi karti,0,8,47,0,0,0,1.0,0,1,0.0,1,0,1,0.0,0,1,0,1.0,0.0
25aa4a8f-495f-41e6-848d-fd6272c32b28,Instagram,Social Media,Abhishek Rai,Unknown,1,2025-11-08 17:48:13,my Instagram is not installing and opening due to beta program,my instagram is not installing and opening due to beta program,0,11,62,0,0,0,1.0,1,0,0.0,1,0,1,0.0,0,1,0,1.0,0.0
d921566c-6036-430e-a0a2-a672fc508f03,Instagram,Social Media,Asheesh Yadav,Unknown,4,2025-11-08 17:48:17,Mt chalao isko,mt chalao isko,0,3,14,0,0,0,1.0,0,0,0.0,1,0,1,0.0,0,1,0,4.0,0.0
fcd34a30-0d40-4a1d-a420-af3e43b6aa82,Instagram,Social Media,Aamil Alvi,Unknown,1,2025-11-08 17:54:17,I don't like new rules because my I'd suspend,i don't like new rules because my i'd suspend,0,9,45,0,0,0,1.0,0,0,-0.5283,1,0,1,0.0,0,1,0,1.0,0.0
a3b837ab-d250-46f8-ab28-f419b831c1e2,Instagram,Social Media,Adv.Pradeep Valvi,Unknown,1,2025-11-08 17:55:10,I can't mention anyone as mention option not available when I upload story,i can't mention anyone as mention option not available when i upload story,0,13,74,0,0,0,0.8461538461538461,0,0,0.0,1,0,1,0.0,0,1,0,1.0,0.0
bfe2b379-f54a-479d-b444-c98b64afdc37,Instagram,Social Media,Marissa Hutt,Unknown,1,2025-11-08 17:56:36,"the little floating icons that tell me who else i know that likes or comments on this post can not be removed. the interfear with the captions, so now i can't even enjoy the post. It's just clutter. and disruptive.","the little floating icons that tell me who else i know that likes or comments on this post can not be removed. the interfear with the captions, so now i can't even enjoy the post. it's just clutter. and disruptive.",0,40,214,0,0,0,0.875,0,0,-0.2796,1,0,1,0.0,0,1,0,1.0,0.0
c0d3f8c7-bad4-4555-a9f5-3e9a27773810,Instagram,Social Media,Sherell Tyler,Unknown,1,2025-11-08 17:56:58,keeps telling me my password is wrong but I literally know it's my password 👎🏾0/10,keeps telling me my password is wrong but i literally know it's my password 👎🏾0/10,0,15,82,2,0,0,0.8666666666666667,0,0,-0.2617,1,0,1,0.0,0,1,0,1.0,0.0
4802f94e-3eef-4d9a-bf02-b2cadb6a7c04,Instagram,Social Media,Bachan Ram,Unknown,1,2025-11-08 17:59:46,very bad app when I proposed girl was block me 😕,very bad app when i proposed girl was block me 😕,0,11,48,1,0,0,1.0,0,1,-0.8399,1,0,1,0.0,0,1,0,1.0,0.0
21607d1e-8c0e-4bf3-9aa4-4555d4380dc7,Instagram,Social Media,Sangeetha M,Unknown,3,2025-11-08 18:03:12,worst,worst,0,1,5,0,0,0,1.0,0,0,-0.6249,1,0,1,0.0,0,2,0,3.0,0.0
b1d65e73-728a-420f-a7a9-bda36d342d39,Instagram,Social Media,Mehnaz Aslam Shamma,Unknown,1,2025-11-08 18:05:32,keeps on suspending accounts for absolutely no reason whereas community guidelines are met. The app was great but now it's just terrible,keeps on suspending accounts for absolutely no reason whereas community guidelines are met. the app was great but now it's just terrible,0,22,136,0,0,0,1.0,0,1,-0.5182,1,0,1,0.0,0,1,0,1.0,0.0
8ff927b5-ac1a-4a17-9412-b82009bab8db,Instagram,Social Media,Deeparani Sahoo,Unknown,1,2025-11-08 18:05:37,itna bakwas hai ye app story dene par error dikhati hai or story bhi nahi lagta,itna bakwas hai ye app story dene par error dikhati hai or story bhi nahi lagta,0,16,79,0,0,0,0.875,0,1,-0.4019,1,0,1,0.0,0,1,0,1.0,0.0
0f6c704d-6add-49a2-9714-366f30a3222b,Instagram,Social Media,Rinkey Begum,Unknown,1,2025-11-08 18:05:39,why instagram literally suspended and disabled lot of account without any mistakes? I didn't do anything and always follow their rules guidlines still my account got disabled?,why instagram literally suspended and disabled lot of account without any mistakes? i didn't do anything and always follow their rules guidlines still my account got disabled?,0,27,175,0,0,0,0.9259259259259259,0,0,-0.3291,1,0,1,0.0,0,1,0,1.0,0.0
5f6c5cb9-50d2-467b-b5aa-52ab0caf2898,Instagram,Social Media,Terence Grice,Unknown,2,2025-11-08 18:07:24,Takes basic understanding I don't have time to learn. All good music not available.,takes basic understanding i don't have time to learn. all good music not available.,0,14,83,0,0,0,1.0,0,0,0.4404,1,0,1,0.0,0,1,0,2.0,0.0
55eaa908-bf89-43e5-b065-1daacccebbe8,Instagram,Social Media,Vikalp Chari,Unknown,3,2025-11-08 18:07:43,Story drafts are not saving properly in every updates plz update this settings....,story drafts are not saving properly in every updates plz update this settings....,0,13,82,0,0,0,1.0,0,0,0.0772,1,0,1,0.0,0,1,0,3.0,0.0
8095b297-f23e-44f8-b4c0-cb0e29b99a4b,Instagram,Social Media,Chirantan Das,Unknown,1,2025-11-08 18:09:11,constant buffering in comments section,constant buffering in comments section,0,5,38,0,0,0,1.0,0,0,0.0,1,0,1,0.0,0,1,0,1.0,0.0
18403e43-5ddc-423c-bb00-d1275e45fe0c,Instagram,Social Media,Sky Intu,Unknown,4,2025-11-08 18:14:53,good thing to waste time,good thing to waste time,0,5,24,0,0,0,1.0,0,0,0.0258,1,0,1,0.0,0,1,0,4.0,0.0
5c524dec-47b1-4d7e-a330-4cd6971f19db,Instagram,Social Media,Starlight._offical_krp Krp,Unknown,1,2025-11-08 18:15:14,unfair account suspension. Temporarily and permanently both.,unfair account suspension. temporarily and permanently both.,0,7,60,0,0,0,1.0,0,0,-0.4767,1,0,1,0.0,0,1,0,1.0,0.0
f7620958-b9d6-4f2b-a484-8c7550f10152,Instagram,Social Media,Tasneemfirdose Muskan,Unknown,1,2025-11-08 18:16:15,I can't see follow request fix this problem,i can't see follow request fix this problem,3,8,43,0,0,0,1.0,0,0,-0.481,1,0,1,0.0,0,1,0,1.0,0.0
98675378-c42f-41a1-a0a9-8545c1959ab2,Instagram,Social Media,Arun G,Unknown,3,2025-11-08 18:21:41,Better experience. But camera problem a glitch is there for many days it is not gone afrer an update,better experience. but camera problem a glitch is there for many days it is not gone afrer an update,0,19,100,0,0,0,0.9473684210526315,0,0,-0.3818,1,0,1,0.0,0,1,0,3.0,0.0
896fe884-046b-4529-9683-d7f760fbeb69,Instagram,Social Media,Mr Jameel,Unknown,1,2025-11-08 18:25:40,don't download this app hack my phone by instagram,don't download this app hack my phone by instagram,0,9,50,0,0,0,1.0,1,1,0.0,1,0,1,0.0,0,1,0,1.0,0.0
d95ceae4-6def-4de1-bddd-5a9c031a4efe,Instagram,Social Media,Indranil Ghosh,Unknown,1,2025-11-08 18:26:05,update kar ne ke baad bhi pause wala system nahii hua hai,update kar ne ke baad bhi pause wala system nahii hua hai,0,12,57,0,0,0,1.0,0,1,0.0,1,0,1,0.0,0,1,0,1.0,0.0
e0f55500-cd0e-4c76-9312-68571490228a,Instagram,Social Media,Manjaunath Lakshmayya,Unknown,4,2025-11-08 18:36:07,Instagram is a very good app,instagram is a very good app,0,6,28,0,0,0,1.0,0,1,0.4927,1,0,1,0.0,0,1,0,4.0,0.0
fedb46f7-e076-4283-be9d-c76ea8abfdd5,Instagram,Social Media,faisal nawaz,Unknown,1,2025-11-08 18:41:10,reels are not playing,reels are not playing,1,4,21,0,0,0,1.0,0,0,-0.1511,1,0,1,0.0,0,1,0,1.0,0.0
6fb721e7-fd0a-411c-b0d2-de25dd3f3990,Instagram,Social Media,Gopa Sarkar,Unknown,1,2025-11-08 18:41:45,i gave one star because i dont like the new update in insta i hate it,i gave one star because i dont like the new update in insta i hate it,0,16,69,0,0,0,0.875,0,0,-0.7013,1,0,1,0.0,0,1,0,1.0,0.0
4eb86d95-68dd-4f71-8c26-01dbac3f22bd,Instagram,Social Media,Daniel Wall,Unknown,1,2025-11-08 18:44:08,nested replies don't work anymore. tons of people have this issue yet there's no fix yet.,nested replies don't work anymore. tons of people have this issue yet there's no fix yet.,0,16,89,0,0,0,1.0,0,0,-0.296,1,0,1,0.0,0,1,0,1.0,0.0
25814d9c-4ede-4476-acc6-a8fa509f1507,Instagram,Social Media,Brian Hardrick,Unknown,1,2025-11-08 18:46:37,yall keep deleting my acc for no reason,yall keep deleting my acc for no reason,0,8,39,0,0,0,1.0,0,0,-0.296,1,0,1,0.0,0,1,0,1.0,0.0
a242ba52-f360-4adc-9157-5c226f573cdc,Instagram,Social Media,nicoo,Unknown,1,2025-11-08 18:47:29,the new layout is so bad,the new layout is so bad,1,6,24,0,0,0,1.0,0,0,-0.6696,1,0,1,0.0,0,1,0,1.0,0.0
4bb46315-9ac5-48d9-a463-18dacde46969,Instagram,Social Media,Ronald,Unknown,4,2025-11-08 18:48:12,fun and easy to use once you get the hang of it,fun and easy to use once you get the hang of it,0,12,47,0,0,0,1.0,0,0,0.7351,1,0,1,0.0,0,1,0,4.0,0.0
526c82ef-887d-4d67-9e8b-550a5b073e02,Instagram,Social Media,Veeru the Army boy,Unknown,4,2025-11-08 18:51:04,upload photo blur problem 😞,upload photo blur problem 😞,0,5,27,1,0,0,1.0,0,0,-0.7003,1,0,1,0.0,0,1,1,4.0,0.0
92209f2f-3934-409f-a37e-836e43e33c95,Instagram,Social Media,Akshay Jorgee,Unknown,1,2025-11-08 18:53:34,main ra instagram update nahi hua hai,main ra instagram update nahi hua hai,0,7,37,0,0,0,1.0,0,1,0.0,1,0,1,0.0,0,1,0,1.0,0.0
60795a27-3466-443a-a0ad-998edb27c0f0,Instagram,Social Media,sagar andani,Unknown,1,2025-11-08 19:02:31,Not working properly,not working properly,1,3,20,0,0,0,1.0,0,0,0.0,1,0,1,0.0,0,1,0,1.0,0.0
3d357a67-b304-4db4-8f5c-12d114fc5c10,Instagram,Social Media,not ross,Unknown,2,2025-11-08 19:03:13,I can't turn my chat into a canvas,i can't turn my chat into a canvas,0,8,34,0,0,0,1.0,0,0,0.0,1,0,1,0.0,0,1,0,2.0,0.0
430303bd-b42f-4875-8d33-35f7d4a2ab08,Instagram,Social Media,Swapna Mandal,Unknown,4,2025-11-08 19:03:52,this application is too good 👍 there is a lot of good filters in Instagram . there is some features come to Instragram recently some features are useful and some features are not useful .,this application is too good 👍 there is a lot of good filters in instagram . there is some features come to instragram recently some features are useful and some features are not useful .,0,35,187,1,0,0,0.6857142857142857,0,1,0.7426,1,0,1,0.0,0,1,0,4.0,0.0
14f8475c-7218-40d5-a3a4-30b5f1665853,Instagram,Social Media,Shireen Surtee,Unknown,1,2025-11-08 19:05:58,poor response to bug an accessibility to account,poor response to bug an accessibility to account,0,8,48,0,0,0,0.875,0,0,-0.4767,1,0,1,0.0,0,1,0,1.0,0.0
5582e369-1572-438f-9ff0-65b53a8b1db6,Instagram,Social Media,Nishtha Choudhary,Unknown,1,2025-11-08 19:13:31,Time prrr I'd hi nahi khulti meri to,time prrr i'd hi nahi khulti meri to,0,8,36,0,0,0,1.0,0,1,0.0,1,0,1,0.0,0,1,0,1.0,0.0
575a4212-a087-4cca-acaa-a0ae743f172a,Instagram,Social Media,ADITYA SINGH,Unknown,4,2025-11-08 19:17:20,justt good app,justt good app,0,3,14,0,0,0,1.0,0,1,0.4404,1,0,1,0.0,0,1,0,4.0,0.0
a68e5790-1e98-4b99-942f-3ff61e68a72e,Instagram,Social Media,Tara Brewer,Unknown,1,2025-11-08 19:21:22,Fix this app now your app is acting weird it's glitching and etc. and I can't get in my account was connected to Facebook and my other account was roleplay now I lost both accounts please fix this app,fix this app now your app is acting weird it's glitching and etc. and i can't get in my account was connected to facebook and my other account was roleplay now i lost both accounts please fix this app,5,39,200,0,0,0,0.717948717948718,0,1,-0.1779,1,0,1,0.0,0,1,0,1.0,0.0
8de0a465-7f0a-4102-8780-1b75759e3f68,Instagram,Social Media,Adil Beg,Unknown,1,2025-11-08 19:25:42,my Instagram Account was disabled without any reason please recover my instagram Account,my instagram account was disabled without any reason please recover my instagram account,0,13,88,0,0,0,0.7692307692307693,0,0,-0.2411,1,0,1,0.0,0,1,0,1.0,0.0
7826bc97-92b9-4e0c-aee8-3fa365965340,Instagram,Social Media,Rifat Jahan,Unknown,3,2025-11-08 19:26:04,Not good in parents eye. but 4 me it's good cause we get new frnds n enjoy the reels which r relatable,not good in parents eye. but 4 me it's good cause we get new frnds n enjoy the reels which r relatable,0,22,102,0,0,0,0.9545454545454546,0,0,0.815,1,0,1,0.0,0,1,0,3.0,0.0
c529a0b4-53ab-4e38-89aa-490b11781592,Instagram,Social Media,Espress0e,Unknown,4,2025-11-08 19:26:42,it was an amazing app! but I have a request please bring a option to trim and edit our reels even after posting without reducing views & comments etc! hope you bring that option soon.,it was an amazing app! but i have a request please bring a option to trim and edit our reels even after posting without reducing views & comments etc! hope you bring that option soon.,0,35,183,0,0,0,0.9142857142857143,0,1,0.8684,1,0,1,0.0,0,1,0,4.0,0.0
c4897e62-7027-495c-8e30-2eac39c211e3,Instagram,Social Media,Milan Svonja,Unknown,3,2025-11-08 19:30:09,why i dont have new update,why i dont have new update,0,6,26,0,0,0,1.0,0,0,0.0,1,0,1,0.0,0,1,0,3.0,0.0
e99aecf6-626b-40bc-a474-0edb2dbc0200,Instagram,Social Media,Fazle Shihab,Unknown,4,2025-11-08 19:30:16,Could be better.,could be better.,0,3,16,0,0,0,1.0,0,0,0.4404,1,0,1,0.0,0,1,0,4.0,0.0
5b6e64a1-d161-4354-a66e-25236a260f3c,Instagram,Social Media,Drew Muldowney,Unknown,1,2025-11-08 19:30:24,The opt out only policy on training a garbage AI on user photos and DMs is trash on trash. I'm probably deleting my account.,the opt out only policy on training a garbage ai on user photos and dms is trash on trash. i'm probably deleting my account.,0,24,124,0,0,1,0.9166666666666666,0,0,0.0,1,0,1,0.0,0,1,0,1.0,0.0
7c92c6ae-a7fa-44e4-96f4-da70a8f22441,Instagram,Social Media,Jeff W,Unknown,2,2025-11-08 19:30:26,The comment section is in dark mode . The lastest update did this. Please fix this.,the comment section is in dark mode . the lastest update did this. please fix this.,0,16,83,0,0,0,0.875,0,0,0.3869,1,0,1,0.0,0,1,0,2.0,0.0
c9accedb-1878-43cd-a7ec-855b1958665c,Instagram,Social Media,Marisela,Unknown,3,2025-11-08 19:44:34,I still don't get the best. I get repetitive and old content,i still don't get the best. i get repetitive and old content,0,12,60,0,0,0,0.8333333333333334,0,0,-0.6562,1,0,1,0.0,0,1,0,3.0,0.0
2f5d82fc-b025-4e78-9837-3e83ed58859f,Instagram,Social Media,MR. Adnan,Unknown,3,2025-11-08 19:50:03,new update all phones not working,new update all phones not working,0,6,33,0,0,0,1.0,0,0,0.0,1,0,1,0.0,0,1,0,3.0,0.0
80c523df-7f60-45a1-b4d1-6c71a5d15d51,Instagram,Social Media,Yumna Eid,Unknown,3,2025-11-08 19:55:33,It's good but I don't know why I always get suspended I didn't do anything wrong and I don't have an ID or any photo of identity I'm only 15,it's good but i don't know why i always get suspended i didn't do anything wrong and i don't have an id or any photo of identity i'm only 15,0,30,140,0,0,1,0.8666666666666667,0,0,0.0338,1,0,1,0.0,0,1,0,3.0,0.0
de408431-aa8b-4d79-af20-e70b41109f15,Instagram,Social Media,Akhtar Jafari,Unknown,4,2025-11-08 20:02:17,good aap but one problem i also face i creat reals and uplode dealy but insta dosnot auggest in others feeds or non folloower,good aap but one problem i also face i creat reals and uplode dealy but insta dosnot auggest in others feeds or non folloower,0,24,125,0,0,0,0.9166666666666666,1,0,-0.3818,1,0,1,0.0,0,1,0,4.0,0.0
157fb449-66da-4b8a-a7fb-1df8c81e1668,Instagram,Social Media,Neeru Singh,Unknown,1,2025-11-08 20:02:57,hate this recent update,hate this recent update,0,4,23,0,0,0,1.0,0,0,-0.5719,1,0,1,0.0,0,1,0,1.0,0.0
bf6d75fd-ea42-413f-9b3f-bb643236d52c,Instagram,Social Media,Your Nafis,Unknown,4,2025-11-08 20:03:19,it nice,it nice,0,2,7,0,0,0,1.0,0,0,0.4215,1,0,1,0.0,0,1,0,4.0,0.0
fcca5d06-5508-4630-bb46-51dfe5ebd7e7,Instagram,Social Media,Zhora Harutyunyan,Unknown,3,2025-11-08 20:06:01,just too many stubid ads,just too many stubid ads,0,5,24,0,0,0,1.0,0,0,0.0,1,0,1,0.0,0,1,0,3.0,0.0
b77fc4a2-62eb-4bea-91ac-9467eb1955f1,Instagram,Social Media,A R Akash,Unknown,1,2025-11-08 20:06:07,it is so good social media platform. l always love it Instagram.,it is so good social media platform. l always love it instagram.,0,12,64,0,0,0,0.9166666666666666,0,0,0.8988,1,0,1,0.0,0,1,1,1.0,0.0
fe94501d-b605-43ed-aad1-09cf7204c528,Instagram,Social Media,RICKY DELOS REYES,Unknown,1,2025-11-08 20:07:26,It disable my 2 Facebook account because of this app and says that i dont follow the rules i barely even use this app lol this app sucks you should delete it. Return my facebook accounts too useless owner/app,it disable my 2 facebook account because of this app and says that i dont follow the rules i barely even use this app lol this app sucks you should delete it. return my facebook accounts too useless owner/app,1,39,208,0,0,0,0.8205128205128205,0,1,-0.3612,1,0,1,0.0,0,1,0,1.0,0.0
fbbd44b8-e71c-4611-b064-3933ce01d87b,Instagram,Social Media,Yani Sanchez,Unknown,1,2025-11-08 20:07:29,I can't post gifs in the comments for months now,i can't post gifs in the comments for months now,1,10,48,0,0,0,1.0,0,0,0.0,1,0,1,0.0,0,1,0,1.0,0.0
f809c85f-6e37-4a38-a37e-2375edb50099,Instagram,Social Media,Chris Castro,Unknown,1,2025-11-08 20:19:11,got my account suspended for no reason. out of the blue and now can't open its bs.,got my account suspended for no reason. out of the blue and now can't open its bs.,0,17,82,0,0,0,1.0,0,0,-0.6486,1,0,1,0.0,0,1,0,1.0,0.0
10903bd5-4972-4259-a730-61d94bae721a,Instagram,Social Media,Nick W,Unknown,1,2025-11-08 20:21:21,App basically doesn't work with wifi 6,app basically doesn't work with wifi 6,0,7,38,0,0,0,1.0,0,1,0.0,1,0,1,0.0,0,1,0,1.0,0.0
57831c06-236b-48fe-8b88-253331bf733e,Instagram,Social Media,Amresh Kumar,Unknown,1,2025-11-08 20:31:47,function did not work,function did not work,0,4,21,0,0,0,1.0,0,0,0.0,1,0,1,0.0,0,1,0,1.0,0.0
84e78897-6962-4d20-bbbb-fbfa6a870250,Instagram,Social Media,Armen Kostandyan,Unknown,1,2025-11-08 20:32:58,NOV 9 2025 STOP MESSING AROUND WITH THE BUTTONS AND THEIR PLACES !!!!! GET THE MESSAGES BACK IN ITS ORIGINAL PLACE,nov 9 2025 stop messing around with the buttons and their places !!!!! get the messages back in its original place,0,21,114,0,0,18,0.9523809523809523,0,0,0.3111,1,0,1,0.0,0,1,0,1.0,0.0
9e5257ee-1c99-46ee-a997-e799a8080120,Instagram,Social Media,Ing'phile Jeza,Unknown,3,2025-11-08 20:38:50,it's fine,it's fine,0,2,9,0,0,0,1.0,0,0,0.2023,1,0,1,0.0,0,1,0,3.0,0.0
0d53b873-d241-484f-83fe-4df9872fbed0,Instagram,Social Media,Morena Zalazar,Unknown,3,2025-11-08 20:41:46,hate the new update. bring back dm in the right corner,hate the new update. bring back dm in the right corner,0,11,54,0,0,0,0.9090909090909091,0,0,-0.5719,1,0,1,0.0,0,1,0,3.0,0.0
2a30a080-f7b2-44fe-bc66-492232cf66b3,Instagram,Social Media,Rajkumar Kumar,Unknown,1,2025-11-08 20:45:20,namaste,namaste,0,1,7,0,0,0,1.0,0,1,0.0,1,0,1,0.0,0,1,0,1.0,0.0
20f60d90-5795-47f9-a1fa-63367560c7e0,Instagram,Social Media,J M,Unknown,1,2025-11-08 20:46:04,Very buggy UPDATE: Still buggy UPDATE: Still buggy,very buggy update: still buggy update: still buggy,11,8,50,0,0,2,0.5,0,0,0.0,1,0,1,0.0,0,1,0,1.0,0.0
0bd00415-0b85-48f6-9969-12bd6cc477e9,Instagram,Social Media,Ismail El Azzouzi,Unknown,1,2025-11-08 20:51:42,"They keep pushing suggesting cringe and gross content and never stops shity updates, specially this one in November 2025.","they keep pushing suggesting cringe and gross content and never stops shity updates, specially this one in november 2025.",0,19,121,0,0,0,0.9473684210526315,0,0,-0.3931,1,0,1,0.0,0,1,0,1.0,0.0
bb1ad75e-495d-4f0d-9891-c346f3257d9b,Instagram,Social Media,Christopher Lee Warren,Unknown,1,2025-11-08 20:54:59,videos are bad when sharing on Instagram and Facebook at the same time.,videos are bad when sharing on instagram and facebook at the same time.,0,13,71,0,0,0,1.0,0,0,-0.1779,1,0,1,0.0,0,1,0,1.0,0.0
1e27638e-493a-432e-a188-5db7e3bb918b,Instagram,Social Media,Zeke Murray,Unknown,1,2025-11-08 20:55:31,Reels are broken.,reels are broken.,0,3,17,0,0,0,1.0,0,0,-0.4767,1,0,1,0.0,0,1,0,1.0,0.0
f34ecb52-5c8d-4cf7-abc1-ed078037fa8c,Instagram,Social Media,Millie Ivy,Unknown,1,2025-11-08 20:55:37,I genuinely don't enjoy this app even more so than most social media.,i genuinely don't enjoy this app even more so than most social media.,0,13,69,0,0,0,1.0,0,1,-0.3875,1,0,1,0.0,0,1,0,1.0,0.0
982adb7d-7a89-4dad-8f2c-8649af20db84,Instagram,Social Media,Ali Ali,Unknown,1,2025-11-08 20:56:04,so bad quilty when i send video or pictures to my friend or story!!!because my phone honor 200pro i hate this app,so bad quilty when i send video or pictures to my friend or story!!!because my phone honor 200pro i hate this app,0,22,113,0,0,0,0.8636363636363636,0,1,-0.4532,1,0,1,0.0,0,1,0,1.0,0.0
3d41b4b4-8b2d-4c34-bee8-73df47553e5d,Instagram,Social Media,Archana jena,Unknown,4,2025-11-08 20:57:34,wow very nice 👍🙂,wow very nice 👍🙂,0,4,16,2,0,0,1.0,0,0,0.8625,1,0,1,0.0,0,1,0,4.0,0.0
4d9e1274-fff7-4bbe-87f2-237be228e7c8,Instagram,Social Media,Selena Aarif,Unknown,1,2025-11-08 20:59:08,"Hello Instagram Support, I am unable to send messages. It always says ""Failed to send"". I believe this is a mistake and I kindly request you to review my account and restore my ability to send messages. Thank you.","hello instagram support, i am unable to send messages. it always says ""failed to send"". i believe this is a mistake and i kindly request you to review my account and restore my ability to send messages. thank you.",0,39,213,0,0,0,0.7692307692307693,0,0,0.7351,1,0,1,0.0,0,1,1,1.0,0.0
e391341a-4fdb-4476-be7c-c705a40932cc,Instagram,Social Media,अंकित कुमार कुमरे,Unknown,1,2025-11-08 21:01:03,Terrible UI update! DMs in middle of screen are super annoying. Bring back old layout. 1 star.,terrible ui update! dms in middle of screen are super annoying. bring back old layout. 1 star.,0,17,94,0,0,1,1.0,0,0,-0.2942,1,0,1,0.0,0,1,0,1.0,0.0
b876a96f-1331-4ab3-9b0a-9d347a897f86,Instagram,Social Media,شهد محمد,Unknown,1,2025-11-08 21:09:54,Instagram story viewers are not showing,instagram story viewers are not showing,0,6,39,0,0,0,1.0,0,0,0.0,1,0,1,0.0,0,1,0,1.0,0.0
428fe621-73cf-4d58-a1d0-e3015a47ddb6,Instagram,Social Media,# Rihges,Unknown,1,2025-11-08 21:22:37,No Freedom of expression,no freedom of expression,0,4,24,0,0,0,1.0,1,0,-0.5216,1,0,1,0.0,0,1,0,1.0,0.0
d31a7df4-37e1-41c2-80ae-7e167b690557,Instagram,Social Media,Ghost Face,Unknown,1,2025-11-08 21:23:29,Everytime I make a account they Deactivate my account for no reason,everytime i make a account they deactivate my account for no reason,0,12,67,0,0,0,0.9166666666666666,0,0,-0.296,1,0,1,0.0,0,1,0,1.0,0.0
101d6d2d-1e9e-4172-bc60-ab849b86a881,Instagram,Social Media,Angela Shoff,Unknown,1,2025-11-08 21:30:42,the new layout is absolutely terrible.,the new layout is absolutely terrible.,0,6,38,0,0,0,1.0,0,0,-0.5256,1,0,1,0.0,0,1,0,1.0,0.0
c9332ddd-0c60-4d21-b9d7-f22b885cd306,Instagram,Social Media,Chris Johnston,Unknown,1,2025-11-08 21:31:11,The gram has turned into a scammy video advertisement machine there's no good photos anymore everything's video and all the videos suck! BRING BACK PHOTOS!!! app has become crazy glitchy since the last two updates,the gram has turned into a scammy video advertisement machine there's no good photos anymore everything's video and all the videos suck! bring back photos!!! app has become crazy glitchy since the last two updates,0,35,213,0,0,3,0.8857142857142857,0,1,-0.8349,1,0,1,0.0,0,1,0,1.0,0.0
3bc072f9-a3e2-437b-839c-daeb6d28ced5,Instagram,Social Media,Ankush Mengal,Unknown,3,2025-11-08 21:37:05,Nice 🙂,nice 🙂,0,2,6,1,0,0,1.0,0,0,0.6712,1,0,1,0.0,0,2,0,3.0,0.0
75056792-cb77-4ce3-a8d4-acf5944067a0,Instagram,Social Media,MULONGO SHAMIRAH,Unknown,2,2025-11-08 21:46:07,people donot like content easily.its really hard to get like,people donot like content easily.its really hard to get like,0,10,60,0,0,0,0.9,0,0,0.5118,1,0,1,0.0,0,1,1,2.0,0.0
1b75f903-3179-444d-afbf-90a12882777e,Instagram,Social Media,taee smith,Unknown,1,2025-11-08 21:46:24,"I love instagram but they constantly ban me for no reason , no im not using the same email or anything !","i love instagram but they constantly ban me for no reason , no im not using the same email or anything !",0,22,104,0,0,0,0.9545454545454546,0,0,-0.8478,1,0,1,0.0,0,1,0,1.0,0.0
c3d9a0d6-91d6-4d19-8520-69ec7f6ab7ed,Instagram,Social Media,Jarrar Haider,Unknown,1,2025-11-08 21:53:11,I hate the new update. the whole Instagram looks like TikTok now. 🤮,i hate the new update. the whole instagram looks like tiktok now. 🤮,0,13,67,1,0,0,0.9230769230769231,0,0,-0.296,1,0,1,0.0,0,1,0,1.0,0.0
cde885ae-fbc2-46ea-b0e7-334a01183bee,Instagram,Social Media,Igor Gjorgiev,Unknown,1,2025-11-08 21:55:21,whatever you are trying with the new layout you are doing it wrong.. i dont like it and i am sure so many people dont like it.,whatever you are trying with the new layout you are doing it wrong.. i dont like it and i am sure so many people dont like it.,1,27,126,0,0,0,0.7777777777777778,0,0,-0.6149,1,0,1,0.0,0,1,0,1.0,0.0
6d20a733-f318-495f-8169-4b24628ac0d9,Instagram,Social Media,Ansari Mohsin,Unknown,3,2025-11-08 21:59:02,Indian songs not showing why????,indian songs not showing why????,0,5,32,0,0,0,1.0,0,0,0.0,1,0,1,0.0,0,1,0,3.0,0.0
d3b30d91-3831-4786-98d4-261e811e3e09,Instagram,Social Media,Lakshya Tandon,Unknown,4,2025-11-08 22:01:21,They really need to sort the highlights from earliest to latest.,they really need to sort the highlights from earliest to latest.,0,11,64,0,0,0,0.9090909090909091,0,0,0.0,1,0,1,0.0,0,1,0,4.0,0.0
cf131298-8570-4427-b86d-bc4d771baf27,Instagram,Social Media,•Let's Read•,Unknown,2,2025-11-08 22:02:48,"Okay I'll just say it the ways it is: The new update sucks. It's awful. It was already perfect the way it was, there was no reason to change ANYTHING. Probably not gonna use it often now","okay i'll just say it the ways it is: the new update sucks. it's awful. it was already perfect the way it was, there was no reason to change anything. probably not gonna use it often now",27,37,186,0,0,1,0.8108108108108109,0,0,-0.2732,1,0,1,0.0,0,1,0,2.0,0.0
5fca52ec-391a-4e1e-bbaa-05929bb5595b,Instagram,Social Media,Ella Whitney,Unknown,1,2025-11-08 22:16:54,"Oh my god, no one wants the UI changes.","oh my god, no one wants the ui changes.",1,9,39,0,0,1,1.0,0,0,-0.0258,1,0,1,0.0,0,1,0,1.0,0.0
2d08ef54-eba9-43c5-a726-948fe968fcc6,Instagram,Social Media,Gunjan Kumar,Unknown,2,2025-11-08 22:28:47,my reels are not upload why..? PLZZ help my problem.,my reels are not upload why..? plzz help my problem.,0,10,52,0,0,1,0.9,0,0,0.0,1,0,1,0.0,0,1,0,2.0,0.0
344b8135-288a-4b52-8758-5175e99a3808,Instagram,Social Media,Saroj Sahu,Unknown,1,2025-11-08 22:33:47,"this apps have no security ,when I reported instragam team take no action on the major problems. 10 out 0 rating I give, bye. I quit .bye useless apps ever.","this apps have no security ,when i reported instragam team take no action on the major problems. 10 out 0 rating i give, bye. i quit .bye useless apps ever.",0,30,156,0,0,0,0.8666666666666667,0,1,-0.8414,1,0,1,0.0,0,1,0,1.0,0.0
c1216b87-7601-4802-9495-66f53a29082d,Instagram,Social Media,Christian Permejo,Unknown,1,2025-11-08 22:34:01,kupal ka ng disable ka ng acc kahit wala naman ginagawa sayo,kupal ka ng disable ka ng acc kahit wala naman ginagawa sayo,0,12,60,0,0,0,0.8333333333333334,0,0,0.0,1,0,1,0.0,0,1,0,1.0,0.0
45cc6859-0b03-40f9-b14d-a6565f36d18d,Instagram,Social Media,Namrata More,Unknown,1,2025-11-08 22:37:06,please don't make useless updates,please don't make useless updates,1,5,33,0,0,0,1.0,0,0,0.5621,1,0,1,0.0,0,1,1,1.0,0.0
ceec5f13-93c1-4b95-9cd7-81dcef2c2940,Instagram,Social Media,Victoria,Unknown,1,2025-11-08 22:39:58,"this new update is horrible. put the messages back on the top right corner, stop suggesting I add things to my calendar, and overall just revert it back to the previous version","this new update is horrible. put the messages back on the top right corner, stop suggesting i add things to my calendar, and overall just revert it back to the previous version",1,32,176,0,0,0,0.875,0,0,-0.5994,1,0,1,0.0,0,1,0,1.0,0.0
4797c88b-defe-4281-a89f-bd9679b07bf5,Instagram,Social Media,Tahsan,Unknown,4,2025-11-08 22:44:24,"funny, gcs are fun, would like more customization for notifications","funny, gcs are fun, would like more customization for notifications",0,10,67,0,0,0,1.0,0,0,0.8271,1,0,1,0.0,0,1,0,4.0,0.0
858743c3-7245-4e31-945d-fff88cedc34f,Instagram,Social Media,Bascomi Mason,Unknown,1,2025-11-08 22:45:48,"Ugh, I absolutely hate this app! 😤 It's completely full of nonsense and just wastes my time. Nothing works as it should. 🗑️ I'm deleting this mess! 👎","ugh, i absolutely hate this app! 😤 it's completely full of nonsense and just wastes my time. nothing works as it should. 🗑️ i'm deleting this mess! 👎",1,28,149,3,0,0,0.9642857142857143,0,1,-0.9219,1,0,1,0.0,0,1,0,1.0,0.0
78edeff4-e0e3-485f-8186-6d801aa99e33,Instagram,Social Media,B A N K A I 絵!,Unknown,1,2025-11-08 22:46:36,"This is a very useless update, so many adult ads are coming, very useless.","this is a very useless update, so many adult ads are coming, very useless.",1,14,74,0,0,0,0.9285714285714286,0,0,-0.734,1,0,1,0.0,0,1,0,1.0,0.0
da9db068-9dc2-4a4b-b543-151b47a3d61c,Instagram,Social Media,Miracle,Unknown,2,2025-11-08 22:46:56,"there's a bug with my app, I can't scroll the reels. it just gets stuck and doesn't move to the next video. it happens everytime idk what's the problem please fix it.","there's a bug with my app, i can't scroll the reels. it just gets stuck and doesn't move to the next video. it happens everytime idk what's the problem please fix it.",8,32,166,0,0,0,0.90625,0,1,-0.4215,1,0,1,0.0,0,1,0,2.0,0.0
48f87954-84f2-46b4-a2f2-4c96ab77cccf,Instagram,Social Media,Shadow Shadow,Unknown,1,2025-11-08 22:52:23,"FAILURE OF A SIGN IN SYSTEM, FIX YOUR META SIGN IN SYSTEM BEFORE I DO SOMETHING","failure of a sign in system, fix your meta sign in system before i do something",1,16,79,0,0,14,0.875,0,0,-0.5106,1,0,1,0.0,0,1,0,1.0,0.0
c4e92b8d-ebf6-490d-83b5-b5ea497a35a4,Instagram,Social Media,Ar. Alexander,Unknown,1,2025-11-08 22:57:36,CANT LOGIN via email or forgot password! seriously!!?? ckck and my account suddenly get permanently suspended never get warn or strict my account almost 14 years!! the food,cant login via email or forgot password! seriously!!?? ckck and my account suddenly get permanently suspended never get warn or strict my account almost 14 years!! the food,1,28,172,0,0,2,0.8571428571428571,0,0,-0.7212,1,0,1,0.0,0,1,0,1.0,0.0
588d41c4-0f14-431d-b66f-b43e1292567b,Instagram,Social Media,Alamin Kaila,Unknown,4,2025-11-08 22:58:07,great app,great app,0,2,9,0,0,0,1.0,0,1,0.6249,1,0,1,0.0,0,2,0,4.0,0.0
0a8d4e8a-ae08-4d31-9e0f-9c4fec33ccf1,Instagram,Social Media,dijoy Taid,Unknown,3,2025-11-08 23:00:13,good apps,good apps,0,2,9,0,0,0,1.0,0,1,0.4404,1,0,1,0.0,0,3,0,3.0,0.0
d24442f7-9ea8-4b3c-b797-f1863b74d0b3,Instagram,Social Media,Cristina palima,Unknown,1,2025-11-08 23:03:12,Suspended my account for no reason.,suspended my account for no reason.,2,6,35,0,0,0,1.0,0,0,-0.6486,1,0,1,0.0,0,1,0,1.0,0.0
dfb543fb-ef1d-410e-98ab-c19656df6e84,Instagram,Social Media,Ali Ahmi,Unknown,2,2025-11-08 23:06:45,Awesome,awesome,0,1,7,0,0,0,1.0,0,0,0.6249,1,0,1,0.0,0,5,1,2.0,0.0
f0cace9e-7b33-43cc-8f0f-30d8eb0064d9,Instagram,Social Media,Hasan Parsa,Unknown,4,2025-11-08 23:16:37,don't work goodness,don't work goodness,0,3,19,0,0,0,1.0,0,0,-0.357,1,0,1,0.0,0,1,0,4.0,0.0
bcb675f1-b622-4d60-bfbc-18828cd96785,Instagram,Social Media,Kale,Unknown,1,2025-11-08 23:31:57,"new layout is awful. why move the place where dms are? it's not a practical or pleasant to look at. having it at the bottom makes zero sense. having a whole tab for reasons is dumb as well, this isn'tfacebook.","new layout is awful. why move the place where dms are? it's not a practical or pleasant to look at. having it at the bottom makes zero sense. having a whole tab for reasons is dumb as well, this isn'tfacebook.",8,40,209,0,0,0,0.9,0,0,-0.2263,1,0,1,0.0,0,1,0,1.0,0.0
e358c41c-42d0-4332-a129-b443868da3ab,Instagram,Social Media,David Izekwe,Unknown,3,2025-11-08 23:32:14,make me popular,make me popular,0,3,15,0,0,0,1.0,0,0,0.4215,1,0,1,0.0,0,1,0,3.0,0.0
59352876-b4ed-4560-a002-b5c7718fc1c2,Instagram,Social Media,Siddhesh More,Unknown,1,2025-11-08 23:34:39,"There are a million bugs around selecting media from gallery and choosing Instagram. The app loads, fails and reverts back to home screen every single time.","there are a million bugs around selecting media from gallery and choosing instagram. the app loads, fails and reverts back to home screen every single time.",5,26,156,0,0,0,0.9615384615384616,0,1,-0.4215,1,0,1,0.0,0,1,0,1.0,0.0
df69d624-a450-4ca8-bd48-5ff237657ff4,Instagram,Social Media,rahil ahamedh,Unknown,2,2025-11-08 23:48:23,why am I not getting the new drawings updated,why am i not getting the new drawings updated,0,9,45,0,0,0,1.0,0,0,0.0,1,0,1,0.0,0,1,0,2.0,0.0
0366940a-df8d-4bcb-ad4e-224cd540941a,Instagram,Social Media,Zachary Stewart,Unknown,1,2025-11-08 23:50:17,Instagram removed their message center so you cannot see all your messages in one spot. Now you have to go to each individual user to open your messages with them. Super inconvenient and not user friendly!,instagram removed their message center so you cannot see all your messages in one spot. now you have to go to each individual user to open your messages with them. super inconvenient and not user friendly!,0,36,205,0,0,0,0.8333333333333334,0,0,-0.1078,1,0,1,0.0,0,1,0,1.0,0.0
84646af3-3d3e-4ce7-a7a6-4193ffd3190a,Instagram,Social Media,Mobeen Malik,Unknown,1,2025-11-08 23:56:17,login issue,login issue,0,2,11,0,0,0,1.0,0,0,0.0,1,0,1,0.0,0,1,0,1.0,0.0
b0cfec7d-59e9-4781-83ab-2688e8f62efb,Instagram,Social Media,Rudolf Faix,Unknown,1,2025-11-09 00:01:45,"Absoluter Schrott, der nur Daten sammeln will. Bekommen sie keine Daten, dann wird der Account irgendwann einmal Restricted bis man seine Ausweis Daten sendet. Mache ich natürlich nicht!","absoluter schrott, der nur daten sammeln will. bekommen sie keine daten, dann wird der account irgendwann einmal restricted bis man seine ausweis daten sendet. mache ich natürlich nicht!",0,28,186,0,0,0,0.9285714285714286,0,0,-0.4389,1,0,1,0.0,0,1,0,1.0,0.0
f6d55b88-db6e-47d5-9f8a-0e7416b6fcff,Instagram,Social Media,Najeeb Ahmad Mughal,Unknown,1,2025-11-09 00:05:40,such a amazing app for mine,such a amazing app for mine,0,6,27,0,0,0,1.0,0,1,0.5859,1,0,1,0.0,0,1,1,1.0,0.0
00c53e62-01e2-4864-a37f-900188022bbd,Instagram,Social Media,Liam O'Kane,Unknown,1,2025-11-09 00:08:09,once again another terrible update,once again another terrible update,1,5,34,0,0,0,1.0,0,0,-0.4767,1,0,1,0.0,0,1,0,1.0,0.0
e756bdc6-0d88-43a7-b43e-e17cb2c9658c,Instagram,Social Media,Kevin McGonnell,Unknown,1,2025-11-09 00:10:30,I've scraped better off my shoe.🤦 Such a shame how META have slowly destroyed this once great app.,i've scraped better off my shoe.🤦 such a shame how meta have slowly destroyed this once great app.,11,18,98,1,0,1,1.0,0,1,0.1779,1,0,1,0.0,0,1,0,1.0,0.0
037cfc7c-1b14-4175-a100-dda09a470660,Instagram,Social Media,chad weaver,Unknown,1,2025-11-09 00:16:52,can't even log back in. telling me my code is incorrect,can't even log back in. telling me my code is incorrect,1,11,55,0,0,0,1.0,0,0,0.0,1,0,1,0.0,0,1,0,1.0,0.0
2fbe4613-b9fa-418b-80e8-a7f8970e58d7,Instagram,Social Media,Super Kick off,Unknown,1,2025-11-09 00:18:41,fitur live streaming menghilang,fitur live streaming menghilang,0,4,31,0,0,0,1.0,0,0,0.0,1,0,1,0.0,0,1,0,1.0,0.0
ec7056f0-46cb-4a1d-b4d4-9fc1cc7cf07b,Instagram,Social Media,Ravjibhai Satasiya,Unknown,4,2025-11-09 00:20:54,best app in whole playstore,best app in whole playstore,0,5,27,0,0,0,1.0,0,1,0.6369,1,0,1,0.0,0,1,0,4.0,0.0
0107d687-4057-4df9-8e6e-26d61680aef7,Instagram,Social Media,Chris Noble,Unknown,2,2025-11-09 00:21:48,please sort out h0w many ads and promoted stuff you put on my timeline. I barely see those I follow because im being pushed people etc I may like.,please sort out h0w many ads and promoted stuff you put on my timeline. i barely see those i follow because im being pushed people etc i may like.,0,29,146,0,0,0,0.9310344827586207,0,0,0.765,1,0,1,0.0,0,1,1,2.0,0.0
52c14876-8731-4d8b-8b40-3ef04fed7b17,Instagram,Social Media,Sandra M&L,Unknown,4,2025-11-09 00:24:48,I love this app,i love this app,0,4,15,0,0,0,1.0,0,1,0.6369,1,0,1,0.0,0,2,0,4.0,0.0
d04cb186-16c0-46be-ba68-c5dcfb75664c,Instagram,Social Media,Ray Strickland,Unknown,1,2025-11-09 00:43:38,not good my account was hacked and blocked twice,not good my account was hacked and blocked twice,1,9,48,0,0,0,1.0,0,0,-0.7356,1,0,1,0.0,0,1,0,1.0,0.0
65f24d97-56e2-4bec-bc8b-0a8b87817211,Instagram,Social Media,sunil singh,Unknown,1,2025-11-09 01:04:20,फर्जी अप्प्स है,फर्जी अप्प्स है,0,3,15,0,0,0,1.0,0,0,0.0,1,0,1,0.0,0,1,0,1.0,0.0
8915ed3f-6db2-41d6-9a73-cc7fffb8f9eb,Instagram,Social Media,Mathew Lam,Unknown,1,2025-11-09 01:06:45,Mixed aspect ratio doesn't work. I can upload from Android. iOS displays it properly but Android does not. Do you guys even regression test?,mixed aspect ratio doesn't work. i can upload from android. ios displays it properly but android does not. do you guys even regression test?,40,24,140,0,0,0,1.0,0,0,0.0,1,0,1,0.0,0,1,0,1.0,0.0
74f6d8fc-2cd0-4cd3-9038-40aa7849c345,Instagram,Social Media,MyNamesKid,Unknown,1,2025-11-09 01:12:43,FOR THE LOVE OF GOD REMOVE THE REPOST BUTTON!!!!!! OR AT LEAST MAKE IT HAVE STEPS TO REPOST.,for the love of god remove the repost button!!!!!! or at least make it have steps to repost.,0,18,92,0,0,18,0.9444444444444444,0,0,0.816,1,0,1,0.0,0,1,1,1.0,0.0
9bd739b6-d39e-4ff3-b828-8fb45197e31e,Instagram,Social Media,Seema Munir,Unknown,4,2025-11-09 01:17:04,"i like to use insta more than other social media platforms and the old version is best instead of this new version that was updated on Nov 8,2025","i like to use insta more than other social media platforms and the old version is best instead of this new version that was updated on nov 8,2025",0,28,145,0,0,0,0.9642857142857143,0,0,0.7717,1,0,1,0.0,0,1,0,4.0,0.0
07cb2db4-01ea-4d54-a01a-58413d23d6e4,Instagram,Social Media,Manuel Mata,Unknown,1,2025-11-09 01:19:59,my account was deleted for something so dumb🙄🙄,my account was deleted for something so dumb🙄🙄,1,8,46,2,0,0,1.0,0,0,-0.6418,1,0,1,0.0,0,1,0,1.0,0.0
5c6d4d86-7e9b-4cb9-a971-420f64b91c35,Instagram,Social Media,Alena Springs,Unknown,2,2025-11-09 01:23:51,I literally can't watch videos in people's profiles anymore in the newest version. Some stupid reels update changed it.,i literally can't watch videos in people's profiles anymore in the newest version. some stupid reels update changed it.,0,19,119,0,0,0,0.9473684210526315,0,0,-0.5267,1,0,1,0.0,0,1,0,2.0,0.0
2580622f-99de-4055-8188-d0731d36baa3,Instagram,Social Media,Mrittunjoy Bairagi Mrittunjoy Bairagi,Unknown,3,2025-11-09 01:26:59,you have to do better,you have to do better,0,5,21,0,0,0,1.0,0,0,0.4404,1,0,1,0.0,0,1,0,3.0,0.0
cc786f12-8e70-41cf-be37-ffda16f340e6,Instagram,Social Media,Purvansh Rajguru,Unknown,2,2025-11-09 01:28:58,"The app is very good but the new ui is bad, it's not good, the old ui was good the new swiping ui is bad, kindly bring the old one back","the app is very good but the new ui is bad, it's not good, the old ui was good the new swiping ui is bad, kindly bring the old one back",0,31,135,0,0,0,0.6129032258064516,0,1,-0.5208,1,0,1,0.0,0,1,0,2.0,0.0
85e607da-39f0-4739-9fb5-667b930545fb,Instagram,Social Media,Masood Hasani,Unknown,3,2025-11-09 01:37:22,"everything is good, but Instagram should add feature of seeing to whom you have send follow request","everything is good, but instagram should add feature of seeing to whom you have send follow request",0,17,99,0,0,0,1.0,0,0,0.2382,1,0,1,0.0,0,1,0,3.0,0.0
76929755-49e0-4ce4-a06a-282e52ddb5e9,Instagram,Social Media,Sara Marie Nicolaysen (Nico),Unknown,3,2025-11-09 01:39:16,"like fast food ,ok","like fast food ,ok",0,4,18,0,0,0,1.0,0,0,0.3612,1,0,1,0.0,0,1,0,3.0,0.0
53c7b90e-723a-4e68-9253-b038f7ac32ee,Instagram,Social Media,Nick,Unknown,1,2025-11-09 01:46:36,Meta ruined it.,meta ruined it.,0,3,15,0,0,0,1.0,0,0,-0.4767,1,0,1,0.0,0,1,0,1.0,0.0
56dc9fdf-f612-4177-99ce-2a37c962380c,Instagram,Social Media,Jeetendra Kumar,Unknown,1,2025-11-09 01:46:47,mere me Instagram id login nhi ho rahi hai password bhi dal raha hun aur WhatsApp me bheji otp bhi dal raha hun please help me my Instagram I'd,mere me instagram id login nhi ho rahi hai password bhi dal raha hun aur whatsapp me bheji otp bhi dal raha hun please help me my instagram i'd,0,29,143,0,0,0,0.7586206896551724,0,1,0.6124,1,0,1,0.0,0,1,1,1.0,0.0
523c5172-4b79-4a46-98b0-76d44af685dd,Instagram,Social Media,dhondibhau Kurkute,Unknown,1,2025-11-09 01:50:11,instagram is most beautiful apps,instagram is most beautiful apps,0,5,32,0,0,0,1.0,0,1,0.6361,1,0,1,0.0,0,1,1,1.0,0.0
0a5a435b-2d21-4339-9c1f-128ee1a3295c,Instagram,Social Media,Ganna,Unknown,1,2025-11-09 01:54:48,the last update was so bad It has many faults and defects.,the last update was so bad it has many faults and defects.,0,12,58,0,0,0,1.0,0,0,-0.8831,1,0,1,0.0,0,1,0,1.0,0.0
c53b0a9d-21e2-4028-9609-d885133961a5,Instagram,Social Media,Karan Parsai,Unknown,1,2025-11-09 02:07:11,I hate this app my account was disabled without any reason 😔🤬,i hate this app my account was disabled without any reason 😔🤬,1,12,61,2,0,0,1.0,0,1,-0.6023,1,0,1,0.0,0,1,0,1.0,0.0
100a43be-9460-459d-ab07-fec1cf67b2b0,Instagram,Social Media,Ghu Kha,Unknown,1,2025-11-09 02:10:34,bad 👎👎,bad 👎👎,0,2,6,2,0,0,1.0,0,0,-0.5423,1,0,1,0.0,0,1,0,1.0,0.0
220873ee-27d1-4972-ad1f-e5a486e68014,Instagram,Social Media,Murugesan,Unknown,4,2025-11-09 02:12:01,supper,supper,0,1,6,0,0,0,1.0,0,0,0.0,1,0,1,0.0,0,2,0,4.0,0.0
9b4b9983-9169-46d4-9977-4b95e903c22f,Instagram,Social Media,S Kashyap,Unknown,3,2025-11-09 02:12:06,songs are not interested,songs are not interested,0,4,24,0,0,0,1.0,0,0,-0.3089,1,0,1,0.0,0,1,0,3.0,0.0
3b1fabdc-fa1e-4ffd-9153-405cd055942f,Instagram,Social Media,I'm Rehan,Unknown,1,2025-11-09 02:13:12,old insta best,old insta best,0,3,14,0,0,0,1.0,0,0,0.6369,1,0,1,0.0,0,1,1,1.0,0.0
5ce7cc35-341a-4a0b-a84b-cc5d37fd5a53,Instagram,Social Media,sj allingag,Unknown,1,2025-11-09 02:15:55,"This application keeps on suspending my accounts for absolutely no reason. I use Instagram account to post my pictures as a file of memories—yet, they kept on suspending every account that I make.","this application keeps on suspending my accounts for absolutely no reason. i use instagram account to post my pictures as a file of memories—yet, they kept on suspending every account that i make.",0,33,196,0,0,0,0.8484848484848485,0,1,-0.3597,1,0,1,0.0,0,1,0,1.0,0.0
26c2e518-f9f7-4146-aeb3-e399c451a50b,Instagram,Social Media,SAMI S.,Unknown,1,2025-11-09 02:18:02,"The worst possible UX considering it's owned by a big tech. Also lots of features appear broken, recently the 'mention' isn't consistently functioning (since 03/25, and as of 11/25). UX user flow isn't easy to follow either.","the worst possible ux considering it's owned by a big tech. also lots of features appear broken, recently the 'mention' isn't consistently functioning (since 03/25, and as of 11/25). ux user flow isn't easy to follow either.",1,37,224,0,0,2,0.8918918918918919,0,1,-0.8627,1,0,1,0.0,0,1,0,1.0,0.0
17e44706-83d4-4c8a-b4a4-f2c6b9e27803,Instagram,Social Media,Nani Goud,Unknown,1,2025-11-09 02:20:20,waste app 😔 i am unable to login my account even entering the correct password 😔,waste app 😔 i am unable to login my account even entering the correct password 😔,0,16,80,2,0,0,0.9375,0,1,-0.296,1,0,1,0.0,0,1,0,1.0,0.0
a90e3854-c4ca-46a1-866e-9862728dbcad,Instagram,Social Media,Israel Galván,Unknown,3,2025-11-09 02:22:48,"""Couldn't refresh"" message edit...... from 5 stars down to 3.... ads are getting ridiculous. I get it, is all about making money but damn.","""couldn't refresh"" message edit...... from 5 stars down to 3.... ads are getting ridiculous. i get it, is all about making money but damn.",1,24,138,0,0,0,1.0,0,0,-0.6486,1,0,1,0.0,0,1,0,3.0,0.0
81433939-15d7-4135-a556-e29ebc1dc705,Instagram,Social Media,Watashi Dump,Unknown,1,2025-11-09 02:23:41,"i uninstalled this app because of frustration, my account got disabled because of what? for not being active? and I've sent many appeals and there's no response at all! if there's a zero rating I'll rate this app zero!","i uninstalled this app because of frustration, my account got disabled because of what? for not being active? and i've sent many appeals and there's no response at all! if there's a zero rating i'll rate this app zero!",1,39,218,0,0,0,0.8461538461538461,1,1,-0.8177,1,0,1,0.0,0,1,0,1.0,0.0
54ab50fe-e804-453e-a288-b61b51c2d503,Instagram,Social Media,Debasis Chakrabarty,Unknown,4,2025-11-09 02:26:30,Instagram is helpful but reels detect our mind from focus,instagram is helpful but reels detect our mind from focus,0,10,57,0,0,0,1.0,0,0,0.2263,1,0,1,0.0,0,1,0,4.0,0.0
a53de540-0cd6-4d3f-82bf-b029e9f10909,Instagram,Social Media,Kaushal Bhujel,Unknown,4,2025-11-09 02:26:48,Good app,good app,0,2,8,0,0,0,1.0,0,1,0.4404,1,0,1,0.0,0,4,0,4.0,0.0
aa1f7ab6-a704-4b9a-b2eb-9eb0b8e6056b,Instagram,Social Media,Harshal Jain,Unknown,4,2025-11-09 02:29:31,Gltich is hell man work on it,gltich is hell man work on it,0,7,29,0,0,0,1.0,0,0,-0.6808,1,0,1,0.0,0,1,1,4.0,0.0
631bb7d6-4300-47db-9a4b-c77e1d9367a1,Instagram,Social Media,Itz arjun Bhai 305,Unknown,1,2025-11-09 02:30:48,gi fu,gi fu,0,2,5,0,0,0,1.0,0,0,-0.6908,1,0,1,0.0,0,1,0,1.0,0.0
1fa2a283-9f3b-44e7-8ab7-07a9f5c006ab,Instagram,Social Media,Jeffrey Miller,Unknown,2,2025-11-09 02:31:08,The app is passable but there are far too many ads when using it.,the app is passable but there are far too many ads when using it.,0,14,65,0,0,0,1.0,0,1,0.0,1,0,1,0.0,0,1,0,2.0,0.0
b56fa20d-22b0-4a65-a486-c52a3a248b84,Instagram,Social Media,Norie Kennidy,Unknown,4,2025-11-09 02:35:47,love tupac,love tupac,0,2,10,0,0,0,1.0,0,0,0.6369,1,0,1,0.0,0,1,0,4.0,0.0
47e3193d-b11b-4de4-9449-00f5cfbeb90d,Instagram,Social Media,Bhagya Ck,Unknown,1,2025-11-09 02:37:36,I don't like the new version of instagram. The msg option set in the middle. Please change update into old version.,i don't like the new version of instagram. the msg option set in the middle. please change update into old version.,1,21,115,0,0,0,0.9047619047619048,0,0,0.049,1,0,1,0.0,0,1,0,1.0,0.0
43de2986-cb9c-476d-81e9-7b8c7951b622,Instagram,Social Media,Anuj Kumar,Unknown,3,2025-11-09 02:41:01,very good is aap,very good is aap,0,4,16,0,0,0,1.0,0,0,0.4927,1,0,1,0.0,0,1,0,3.0,0.0
c5578912-3a88-41f7-923a-3864ca841571,Instagram,Social Media,Boirock DL,Unknown,3,2025-11-09 02:42:34,I lost my last account because of the new profile I created,i lost my last account because of the new profile i created,0,12,59,0,0,0,0.9166666666666666,0,0,-0.0772,1,0,1,0.0,0,1,0,3.0,0.0
76e48656-b066-46a3-abc7-582d0adaf8d1,Instagram,Social Media,Nabam Yara,Unknown,3,2025-11-09 02:43:14,instagram mein new account bhi banane nai pare,instagram mein new account bhi banane nai pare,0,8,46,0,0,0,1.0,0,0,0.0,1,0,1,0.0,0,1,0,3.0,0.0
dc9b9b21-a9a0-4f88-86bc-690755283248,Instagram,Social Media,PRATHAMESH VISHAL SHELAR,Unknown,1,2025-11-09 02:49:52,poor app mark zekaberg please fix this app bugs like comment bug unlimited like what you want to the same developer i am frontend developer regards mark zekaberg your faithfully prathamesh shelar,poor app mark zekaberg please fix this app bugs like comment bug unlimited like what you want to the same developer i am frontend developer regards mark zekaberg your faithfully prathamesh shelar,0,32,195,0,0,0,0.84375,0,1,0.743,1,0,1,0.0,0,1,1,1.0,0.0
bd36cbb5-8e9f-4876-80c8-b9893fe727ec,Instagram,Social Media,Sivakami Son of akash,Unknown,4,2025-11-09 02:50:12,Happiness,happiness,0,1,9,0,0,0,1.0,0,1,0.5574,1,0,1,0.0,0,1,0,4.0,0.0
33e6d4a8-be8a-45d2-ad1f-7e120a89e2cc,Instagram,Social Media,Christina,Unknown,1,2025-11-09 02:54:42,New update sucks. Everything moved and you cant easily access messages or see reels,new update sucks. everything moved and you cant easily access messages or see reels,1,14,83,0,0,0,1.0,0,0,-0.5478,1,0,1,0.0,0,1,0,1.0,0.0
7ac52d3d-d7eb-4fba-abf6-ad4d06ac9364,Instagram,Social Media,Fadhil Pratama,Unknown,1,2025-11-09 02:56:18,"Latest version is very lag for Samsung A55. I think the problem is not about phone, your apps is problem!","latest version is very lag for samsung a55. i think the problem is not about phone, your apps is problem!",0,20,105,0,0,1,0.9,0,1,-0.8118,1,0,1,0.0,0,1,0,1.0,0.0
96ec9922-649e-487e-86e5-8ca98b6067c3,Instagram,Social Media,Nishu Kumari,Unknown,1,2025-11-09 02:57:31,jiwan khrab krne wali aap,jiwan khrab krne wali aap,0,5,25,0,0,0,1.0,0,0,0.0,1,0,1,0.0,0,1,0,1.0,0.0
c5129e81-938c-4a6c-a484-76b1c506e8a5,Instagram,Social Media,Vishal kumar,Unknown,4,2025-11-09 02:58:49,filter nahin lag rahe hain,filter nahin lag rahe hain,0,5,26,0,0,0,1.0,0,1,-0.34,1,0,1,0.0,0,1,0,4.0,0.0
162b0a36-476b-426b-8a9d-f0f23cd9d367,Instagram,Social Media,피오렌자,Unknown,4,2025-11-09 03:00:32,This app is great and makes things easier. But can we update the feature to see who doesn't follow back our account?,this app is great and makes things easier. but can we update the feature to see who doesn't follow back our account?,1,22,116,0,0,0,1.0,0,1,0.5346,1,0,1,0.0,0,1,0,4.0,0.0
d3eb8d02-bf9d-47d9-8d7b-b3a0c9f1a5a8,Instagram,Social Media,keila Aguilar,Unknown,2,2025-11-09 03:04:13,Everytime I try to repost reels I can't comment or put a caption or even tag anyone... it won't let me put my keyboard/keypad away so I can tap the save button.. it just cancels my caption altogether....,everytime i try to repost reels i can't comment or put a caption or even tag anyone... it won't let me put my keyboard/keypad away so i can tap the save button.. it just cancels my caption altogether....,10,38,203,0,0,0,0.8157894736842105,0,0,0.3182,1,0,1,0.0,0,1,0,2.0,0.0
b1bc3c90-b660-45f8-9833-e6e39ebf97b2,Instagram,Social Media,Ansh Gond,Unknown,4,2025-11-09 03:07:44,nice app 😊,nice app 😊,0,3,10,1,0,0,1.0,0,1,0.8316,1,0,1,0.0,0,1,0,4.0,0.0
74bffca8-826d-460f-a3d8-e14da21df715,Instagram,Social Media,Sandeep Jogiji,Unknown,1,2025-11-09 03:08:31,I am not able to live on my I'd,i am not able to live on my i'd,0,9,31,0,0,0,1.0,0,0,0.0,1,0,1,0.0,0,1,0,1.0,0.0
ebc57ad8-33b9-4f5e-aad9-2c5f8e114736,Instagram,Social Media,Deepika Gahlot,Unknown,4,2025-11-09 03:09:37,It is overall a good app but we all just want an option to see who don't follow us back. like it's the really needed one. I hope you work on it.,it is overall a good app but we all just want an option to see who don't follow us back. like it's the really needed one. i hope you work on it.,0,32,144,0,0,0,1.0,0,1,0.8591,1,0,1,0.0,0,1,0,4.0,0.0
8f9c9e18-6734-4b29-9b92-dea1499c34b8,Instagram,Social Media,SurjaBoy,Unknown,1,2025-11-09 03:14:05,good 👍,good 👍,0,2,6,1,0,0,1.0,0,0,0.4404,1,0,1,0.0,0,4,0,1.0,0.0
e96588f0-0c81-441e-82fc-ebafa5a10ab0,Instagram,Social Media,Nashra Muskan,Unknown,1,2025-11-09 03:16:34,so much more than,so much more than,0,4,17,0,0,0,1.0,0,0,0.0,1,0,1,0.0,0,1,0,1.0,0.0
51b0fa08-bfc6-4e3c-9bc8-54d7f874a5ac,Instagram,Social Media,David Perkins,Unknown,2,2025-11-09 03:16:46,stop spending account,stop spending account,1,3,21,0,0,0,1.0,0,0,-0.296,1,0,1,0.0,0,1,0,2.0,0.0
a0757117-6134-4822-8a5b-610521f36dc5,Instagram,Social Media,Peg- helper,Unknown,1,2025-11-09 03:17:11,"Revert me back to Original UI, the New UI is horrendous","revert me back to original ui, the new ui is horrendous",1,11,55,0,0,2,1.0,0,0,-0.3612,1,0,1,0.0,0,1,0,1.0,0.0
d7652939-bd5c-4fe2-9a1c-1ce76e92852d,Instagram,Social Media,Shreeyansh Gupta,Unknown,3,2025-11-09 03:21:54,i did not 5 star because I thought that children are getting bad efect by chatting on insta,i did not 5 star because i thought that children are getting bad efect by chatting on insta,0,18,91,0,0,0,0.9444444444444444,0,0,-0.5423,1,0,1,0.0,0,1,0,3.0,0.0
72ba73aa-987d-443f-a3d0-7b38373fa98d,Instagram,Social Media,Mister Jon,Unknown,5,2025-11-09 03:24:54,very good app,very good app,0,3,13,0,0,0,1.0,0,1,0.4927,1,0,1,0.0,0,3,0,5.0,0.0
d883c956-8f79-4097-803f-4162c0cbb5ad,Instagram,Social Media,Mdshamim Karim,Unknown,5,2025-11-09 03:27:02,Thank you,thank you,0,2,9,0,0,0,1.0,0,0,0.3612,1,0,1,0.0,0,2,0,5.0,0.0
8081e94a-a501-4cce-b31f-08c59ab9a2af,Instagram,Social Media,Pankaj Verma,Unknown,3,2025-11-09 03:27:12,nice 👍,nice 👍,0,2,6,1,0,0,1.0,0,0,0.4215,1,0,1,0.0,0,4,0,3.0,0.0
3c3ce163-3cf6-474b-b3c0-4b2867615af2,Instagram,Social Media,Gavin Edwards,Unknown,5,2025-11-09 03:29:56,i love it it's the best app,i love it it's the best app,0,7,27,0,0,0,1.0,0,1,0.8555,1,0,1,0.0,0,1,0,5.0,0.0
91555b04-1a55-4279-bcf3-a28f10b85514,Instagram,Social Media,Ranjeet Lodhi,Unknown,5,2025-11-09 03:30:30,good 👍👍👍👍👍,good 👍👍👍👍👍,0,2,10,5,0,0,1.0,0,0,0.4404,1,0,1,0.0,0,1,0,5.0,0.0
ca8e2d1d-f24e-493b-8cda-ba60b1a0e472,Instagram,Social Media,Aditya Sharma,Unknown,5,2025-11-09 03:32:27,worlds fav ❤️,worlds fav ❤️,0,3,13,0,0,0,1.0,0,0,0.4588,1,0,1,0.0,0,1,0,5.0,0.0
9dead2d3-2273-4344-a91c-9e671a91562a,Instagram,Social Media,Handssmadestore,Unknown,1,2025-11-09 03:35:35,New update is very bad,new update is very bad,0,5,22,0,0,0,1.0,0,0,-0.5849,1,0,1,0.0,0,1,0,1.0,0.0
94fceab3-fe8f-4e33-805a-442265374bf6,Instagram,Social Media,Suman Kumari,Unknown,5,2025-11-09 03:36:21,better,better,0,1,6,0,0,0,1.0,0,0,0.4404,1,0,1,0.0,0,2,0,5.0,0.0
5dbf70e9-d8e6-4813-9133-e78ac438729e,Instagram,Social Media,Rijwan khan,Unknown,3,2025-11-09 03:37:04,Mera account viral kar do please,mera account viral kar do please,0,6,32,0,0,0,1.0,0,0,0.3182,1,0,1,0.0,0,1,0,3.0,0.0
719fd242-f982-4e82-9a27-fdeb2b03e4ac,Instagram,Social Media,ვალია ხუხია,Unknown,5,2025-11-09 03:37:53,i love it amazing i wish i that i will be famous on Instagram,i love it amazing i wish i that i will be famous on instagram,0,14,61,0,0,0,0.7857142857142857,0,0,0.8934,1,0,1,0.0,0,1,0,5.0,0.0
3a97682d-e4aa-4ded-b7c3-c84987b97c8f,Instagram,Social Media,Ganesh Gupta,Unknown,5,2025-11-09 03:38:40,enjoy,enjoy,0,1,5,0,0,0,1.0,0,0,0.4939,1,0,1,0.0,0,1,0,5.0,0.0
d94b9b87-5ab0-4b99-874f-cf7cfef3c004,Instagram,Social Media,NS Gaming,Unknown,1,2025-11-09 03:38:47,very worst app,very worst app,0,3,14,0,0,0,1.0,0,1,-0.659,1,0,1,0.0,0,1,0,1.0,0.0
7155207f-291d-4be7-a900-54d589f26feb,Instagram,Social Media,Manisha Jamdare,Unknown,4,2025-11-09 03:39:47,nice app,nice app,0,2,8,0,0,0,1.0,0,1,0.4215,1,0,1,0.0,0,5,0,4.0,0.0
b422b780-882e-4f8d-97a3-c373c7299066,Instagram,Social Media,Manoj Nigam,Unknown,5,2025-11-09 03:40:10,instagram bahot achha hai mujhe passand hai instagram likes this,instagram bahot achha hai mujhe passand hai instagram likes this,0,10,64,0,0,0,0.8,0,1,0.4215,1,0,1,0.0,0,1,0,5.0,0.0
dc49f4fa-c256-4b49-a1f0-41c91652b6a5,Instagram,Social Media,Zak Villegas,Unknown,5,2025-11-09 03:40:32,really entertaining and easy to figure out,really entertaining and easy to figure out,0,7,42,0,0,0,1.0,0,0,0.7474,1,0,1,0.0,0,1,0,5.0,0.0
b490144e-8c88-4adf-b853-f79db2975592,Instagram,Social Media,Dhanush Nagalla 123,Unknown,1,2025-11-09 03:41:39,Subbu,subbu,0,1,5,0,0,0,1.0,0,0,0.0,1,0,1,0.0,0,1,0,1.0,0.0
06d90935-2ea1-4f90-b35f-99b9832198f1,Instagram,Social Media,Khirod Bagh94,Unknown,1,2025-11-09 03:43:06,trend =end of life,trend =end of life,0,4,18,0,0,0,1.0,0,0,0.0,1,0,1,0.0,0,1,0,1.0,0.0
ac227486-fa14-4ee5-8507-e801b506a1c8,Instagram,Social Media,Mohd Nadeem,Unknown,4,2025-11-09 03:43:28,Amazing app 😍,amazing app 😍,0,3,13,1,0,0,1.0,0,1,0.7783,1,0,1,0.0,0,1,0,4.0,0.0
7f3901fe-0d44-4d2b-a1bf-2b956b9ccda2,Instagram,Social Media,Bushara Bushi,Unknown,5,2025-11-09 03:43:34,it is one of the best app,it is one of the best app,0,7,25,0,0,0,1.0,0,1,0.6369,1,0,1,0.0,0,1,0,5.0,0.0
397433ef-57a3-401a-9a98-45f5d4e91a3a,Instagram,Social Media,Om Kale,Unknown,5,2025-11-09 03:44:29,nice app ☺️,nice app ☺️,0,3,11,0,0,0,1.0,0,1,0.7003,1,0,1,0.0,0,1,0,5.0,0.0
688d58d2-4fbc-4062-ba6c-ad754780c73d,Instagram,Social Media,ALBERT JOEL K.L,Unknown,5,2025-11-09 03:45:09,i like very much,i like very much,0,4,16,0,0,0,1.0,0,0,0.3612,1,0,1,0.0,0,1,0,5.0,0.0
73dfec0e-2095-4fa2-b743-a1eda381fb46,Instagram,Social Media,RAKMA TALLH,Unknown,5,2025-11-09 03:45:37,please suggested this reel,please suggested this reel,0,4,26,0,0,0,1.0,0,0,0.3182,1,0,1,0.0,0,1,0,5.0,0.0
72dede26-c2db-479f-a4c5-e635cc9b0bf5,Instagram,Social Media,el mehdi Zouhair,Unknown,5,2025-11-09 03:46:45,i enjoy mi time in Instagram 👍,i enjoy mi time in instagram 👍,0,7,30,1,0,0,1.0,0,0,0.4939,1,0,1,0.0,0,1,0,5.0,0.0
4522420c-d6c3-4ad5-a230-f629783a0133,Instagram,Social Media,Mimieux,Unknown,1,2025-11-09 03:47:21,terrible new update,terrible new update,0,3,19,0,0,0,1.0,0,0,-0.4767,1,0,1,0.0,0,1,0,1.0,0.0
826996a8-b412-4dd8-a16a-e511db84096e,Instagram,Social Media,Noxzzy pvp Shorts FF,Unknown,5,2025-11-09 03:47:33,BEST APP IN SOCIAL MEDIA And all content trending,best app in social media and all content trending,0,9,49,0,0,5,1.0,0,1,0.6369,1,0,1,0.0,0,1,0,5.0,0.0
42715901-6ab2-4a58-8d4c-ae673d839abe,Instagram,Social Media,Angel Smith,Unknown,5,2025-11-09 03:48:12,I love using Instagram account,i love using instagram account,0,5,30,0,0,0,1.0,0,0,0.6369,1,0,1,0.0,0,1,0,5.0,0.0
8237313f-5c9c-4a2e-a0d3-1316a1c8c116,Instagram,Social Media,Gamer:-_,Unknown,5,2025-11-09 03:50:02,viral kr do reels @gagan_singh_pb3383,viral kr do reels @gagan_singh_pb3383,0,5,37,0,0,0,1.0,0,0,0.0,1,0,1,0.0,0,1,0,5.0,0.0
c8130190-8674-4291-abe5-7eb70c09b46a,Instagram,Social Media,Sanjeet Kumar,Unknown,4,2025-11-09 03:50:03,open nhi ho raha h,open nhi ho raha h,1,5,18,0,0,0,1.0,0,0,0.0,1,0,1,0.0,0,1,0,4.0,0.0
d1df1e32-f8b7-40cb-b48f-ab13176c7960,Instagram,Social Media,Soni Mishra,Unknown,4,2025-11-09 03:50:44,I love my feed and the algorithm understand my humor very perfectly and last night I used instagram for 6 hrs straight,i love my feed and the algorithm understand my humor very perfectly and last night i used instagram for 6 hrs straight,0,22,118,0,0,0,0.8636363636363636,0,0,0.9134,1,0,1,0.0,0,1,0,4.0,0.0
fa8f2685-206e-4334-90e8-c0817e59caaf,Instagram,Social Media,MR. DEATH GAMING,Unknown,5,2025-11-09 03:50:55,Great social media apk ❤️,great social media apk ❤️,0,5,25,0,0,0,1.0,0,0,0.6249,1,0,1,0.0,0,1,0,5.0,0.0
eea5d97c-f43b-4deb-92ab-8d7183fe20cc,Instagram,Social Media,Abigiya Solomon,Unknown,3,2025-11-09 03:52:27,this is my top favorite app and I love this Soo muchhhhh,this is my top favorite app and i love this soo muchhhhh,0,12,56,0,0,0,0.9166666666666666,0,1,0.8402,1,0,1,0.0,0,1,0,3.0,0.0
90f7c164-03a9-4d97-81be-65c406329b00,Instagram,Social Media,Yahna Konyak,Unknown,4,2025-11-09 03:53:35,it's lice but bad videos,it's lice but bad videos,0,5,24,0,0,0,1.0,0,0,-0.6956,1,0,1,0.0,0,1,1,4.0,0.0
604e0a1e-46a1-48f9-9867-deebf896206f,Instagram,Social Media,Nico Nandu,Unknown,5,2025-11-09 03:54:22,Restriction activity is good,restriction activity is good,0,4,28,0,0,0,1.0,0,0,0.2023,1,0,1,0.0,0,1,0,5.0,0.0
55e12b38-c0e9-4a8c-a32c-7e210d0a5c27,Instagram,Social Media,Vishal Gurung,Unknown,4,2025-11-09 03:54:41,Good enough.,good enough.,0,2,12,0,0,0,1.0,0,0,0.4404,1,0,1,0.0,0,1,0,4.0,0.0
1889cc37-6b44-434c-acb2-8cda4a45faf2,Instagram,Social Media,Aadil Hassan,Unknown,2,2025-11-09 03:56:42,special app in version bhoot faidai mnd,special app in version bhoot faidai mnd,0,7,39,0,0,0,1.0,0,1,0.4019,1,0,1,0.0,0,1,0,2.0,0.0
e55f6559-5323-4cda-b8fc-03758dcaea77,Instagram,Social Media,Detective Hunterking05,Unknown,1,2025-11-09 03:57:16,my recent post is getting removed as community guidelines even if I upload a plane White page,my recent post is getting removed as community guidelines even if i upload a plane white page,0,17,93,0,0,0,1.0,0,0,0.0,1,0,1,0.0,0,1,0,1.0,0.0
7dfef5f9-968e-4140-b508-b4f8fcd1d41a,Instagram,Social Media,Alok Kumar,Unknown,5,2025-11-09 03:57:37,SUPER,super,0,1,5,0,0,1,1.0,0,0,0.5994,1,0,2,70424.0,0,5,0,3.5,2.1213203435596424
0cc8b339-0be0-4533-a82b-882edb682eab,Instagram,Social Media,Mainak Chowdhury,Unknown,5,2025-11-09 03:59:28,Best experience,best experience,0,2,15,0,0,0,1.0,0,0,0.6369,1,0,1,0.0,0,1,0,5.0,0.0
adbaaebf-8536-4397-a931-944baa2e56ea,Instagram,Social Media,Ritesh Maurya,Unknown,3,2025-11-09 04:01:40,osm injoy time,osm injoy time,0,3,14,0,0,0,1.0,0,0,0.0,1,0,1,0.0,0,1,0,3.0,0.0
10055852-ccaa-4177-831d-cc8c897688dd,Instagram,Social Media,Pinki Devi,Unknown,1,2025-11-09 04:01:47,error are huge problem,error are huge problem,0,4,22,0,0,0,1.0,0,0,-0.4767,1,0,1,0.0,0,1,0,1.0,0.0
c2bc3109-aa76-48fd-bb7a-be75864001d6,Instagram,Social Media,Tammy Woods,Unknown,1,2025-11-09 04:03:17,I don't like Instagram,i don't like instagram,0,4,22,0,0,0,1.0,0,0,-0.2755,1,0,1,0.0,0,1,0,1.0,0.0
81df5b16-2fef-4ea7-8133-0211ccab7eae,Instagram,Social Media,Ritik Yadav,Unknown,4,2025-11-09 04:03:17,good aap,good aap,0,2,8,0,0,0,1.0,0,0,0.4404,1,0,1,0.0,0,2,0,4.0,0.0
7b3cca08-9841-4e15-b8d0-85f76ff8ac18,Instagram,Social Media,MD Konen,Unknown,5,2025-11-09 04:04:01,Best social app😻,best social app😻,0,3,16,1,0,0,1.0,0,1,0.802,1,0,1,0.0,0,1,0,5.0,0.0
3b297cf6-0490-45ae-9853-5be714aec960,Instagram,Social Media,Govind Kumar,Unknown,5,2025-11-09 04:04:32,video quality and social media are very pieceful,video quality and social media are very pieceful,0,8,48,0,0,0,1.0,0,0,0.0,1,0,1,0.0,0,1,0,5.0,0.0
1245a5c1-1cc7-42cf-8783-f2e1d38cbfe5,Instagram,Social Media,Praveen Singh,Unknown,4,2025-11-09 04:05:06,this app is better than tiktok but this app can't viral me 😭,this app is better than tiktok but this app can't viral me 😭,0,13,60,1,0,0,0.8461538461538461,0,1,-0.4939,1,0,1,0.0,0,1,0,4.0,0.0
c4ca1c70-f6c0-47e3-9801-07218812290b,Instagram,Social Media,ALFAKISADI SHILUNGA,Unknown,1,2025-11-09 04:05:23,Excellent,excellent,0,1,9,0,0,0,1.0,0,0,0.5719,1,0,1,0.0,0,3,1,1.0,0.0
6d1632f5-5a5d-43b6-b0ca-4c719441e5d6,Instagram,Social Media,Karthik A H,Unknown,1,2025-11-09 04:07:50,Nowadays i can't comment a GIF i also didn't get the feature to add doodle/draw in a chat even after updating the app why!!!????,nowadays i can't comment a gif i also didn't get the feature to add doodle/draw in a chat even after updating the app why!!!????,0,24,128,0,0,1,0.875,0,1,0.0,1,0,1,0.0,0,1,0,1.0,0.0
e6546d93-84ea-43c4-881a-3d30ab7f3fce,Instagram,Social Media,Ravi Shankar,Unknown,5,2025-11-09 04:08:45,New experience of technology,new experience of technology,0,4,28,0,0,0,1.0,0,0,0.0,1,0,1,0.0,0,1,0,5.0,0.0
4c413115-9142-4eeb-b649-9f8509762ed3,Instagram,Social Media,B.L T,Unknown,2,2025-11-09 04:09:33,"It's really fun to put in 40 min to an hour of work editing pictures, and your ready to post. and Instagram just forgets it and loses all that data and hard work. more and more I hate this app","it's really fun to put in 40 min to an hour of work editing pictures, and your ready to post. and instagram just forgets it and loses all that data and hard work. more and more i hate this app",0,40,192,0,0,0,0.825,0,1,-0.1494,1,0,1,0.0,0,1,0,2.0,0.0
745f8af2-e04d-4781-b11a-a709159323b9,Instagram,Social Media,baljit singh,Unknown,5,2025-11-09 04:09:34,great app,great app,0,2,9,0,0,0,1.0,0,1,0.6249,1,0,1,0.0,0,2,0,5.0,0.0
48b1e252-d2fd-46f2-9ee0-f841330b1174,Instagram,Social Media,Jhube Jay (jhubeJELLO),Unknown,1,2025-11-09 04:09:55,Addictive,addictive,1,1,9,0,0,0,1.0,0,0,0.0,1,0,1,0.0,0,1,0,1.0,0.0
df87c7ca-445e-4079-9e37-0ba2abb3dc3d,Instagram,Social Media,Alshiemar Otto,Unknown,5,2025-11-09 04:10:07,5 stars to me I met some baddies,5 stars to me i met some baddies,0,8,32,0,0,0,1.0,0,0,0.0,1,0,1,0.0,0,1,0,5.0,0.0
433219f3-3b65-40c1-b0a1-726e65d127d1,Instagram,Social Media,Sushil Shing,Unknown,5,2025-11-09 04:11:05,viral kar do hame bhi,viral kar do hame bhi,0,5,21,0,0,0,1.0,0,0,0.0,1,0,1,0.0,0,1,0,5.0,0.0
91a1e1cc-76f1-4180-b909-595439bfd010,Instagram,Social Media,Sgzxv,Unknown,5,2025-11-09 04:12:47,Grudg,grudg,0,1,5,0,0,0,1.0,0,0,0.0,1,0,1,0.0,0,1,0,5.0,0.0
3a697f6c-c9b6-4049-8459-b4953d310ac5,Instagram,Social Media,Jamarion Smith,Unknown,1,2025-11-09 04:14:14,it disables innocent people's accounts for no reason,it disables innocent people's accounts for no reason,0,8,52,0,0,0,1.0,0,0,0.0516,1,0,1,0.0,0,1,0,1.0,0.0
656de7c7-cd4c-4a0a-a658-efcb39173dd8,Instagram,Social Media,Explorer,Unknown,4,2025-11-09 04:14:20,An awesome visual library,an awesome visual library,0,4,25,0,0,0,1.0,0,0,0.6249,1,0,1,0.0,0,1,0,4.0,0.0
8abc51a3-9452-41b9-8fef-b967d021e0fc,Instagram,Social Media,Sandeep Singh,Unknown,5,2025-11-09 04:15:30,very useful aap,very useful aap,0,3,15,0,0,0,1.0,0,0,0.4927,1,0,1,0.0,0,1,0,5.0,0.0
aa81e9bd-5b28-4848-9776-780ff2ad13e9,Instagram,Social Media,Kelvine Martinez,Unknown,5,2025-11-09 04:16:20,cool 😎,cool 😎,0,2,6,1,0,0,1.0,0,0,0.6486,1,0,1,0.0,0,1,0,5.0,0.0
008e2d98-2835-4d3d-85c1-15b2a8ebae02,Instagram,Social Media,Deepak Jariya,Unknown,1,2025-11-09 04:16:55,too many ads 😔,too many ads 😔,0,4,14,1,0,0,1.0,0,0,0.0772,1,0,1,0.0,0,1,0,1.0,0.0
db291fef-572e-48e2-9c63-eab45ec0bbe5,Instagram,Social Media,Viram Nisher,Unknown,3,2025-11-09 04:18:10,"my experience is good but I am facing some problems, I have a small suggestion for Instagram can you do something like Edit the Story, means we can edit something in it if something wrong caption given or caption improvement","my experience is good but i am facing some problems, i have a small suggestion for instagram can you do something like edit the story, means we can edit something in it if something wrong caption given or caption improvement",0,40,224,0,0,0,0.85,0,0,0.128,1,0,1,0.0,0,1,0,3.0,0.0
d14009e7-19b0-4e05-b2d2-a83ea7e0d483,Instagram,Social Media,Prabhash Lingaboina,Unknown,5,2025-11-09 04:18:52,exlent,exlent,0,1,6,0,0,0,1.0,0,0,0.0,1,0,1,0.0,0,1,0,5.0,0.0
5790944c-3f34-45e9-a4f1-3bba7dde4276,Instagram,Social Media,NIKHIL MAURYA,Unknown,5,2025-11-09 04:19:47,I have best experience For using This App,i have best experience for using this app,0,8,41,0,0,0,1.0,0,1,0.6369,1,0,1,0.0,0,1,0,5.0,0.0
b7df5bd9-86f2-4ded-9b25-6f5b8da17bc4,Instagram,Social Media,Lucky Kumrawat,Unknown,5,2025-11-09 04:20:01,best app per aise video ko band karo Jo Kasam deta hai video per uski ID band,best app per aise video ko band karo jo kasam deta hai video per uski id band,0,17,77,0,0,1,0.8235294117647058,0,1,0.6369,1,0,1,0.0,0,1,0,5.0,0.0
f0496851-57f7-4f86-bddb-2c3c44f612a8,Instagram,Social Media,Kamal Bhullar,Unknown,1,2025-11-09 04:20:02,New doodle update not come to my id 😥,new doodle update not come to my id 😥,0,9,37,1,0,0,1.0,0,0,0.3291,1,0,1,0.0,0,1,0,1.0,0.0
597694c4-3f45-4485-9afe-e9f690d99064,Instagram,Social Media,Udith Krish,Unknown,5,2025-11-09 04:21:05,amazing,amazing,0,1,7,0,0,0,1.0,0,0,0.5859,1,0,1,0.0,0,2,0,5.0,0.0
1af77e8e-051b-4c19-be7f-e4e4625130d6,Instagram,Social Media,Sachin Kumar,Unknown,1,2025-11-09 04:21:24,bad 😞😞 hai,bad 😞😞 hai,0,3,10,2,0,0,1.0,0,1,-0.8658,1,0,1,0.0,0,1,0,1.0,0.0
88151294-c24e-41df-9e94-ad2457dcab22,Instagram,Social Media,keerthi Priya,Unknown,5,2025-11-09 04:21:52,I'm not getting updates,i'm not getting updates,0,4,23,0,0,0,1.0,0,0,0.0,1,0,1,0.0,0,1,0,5.0,0.0
18064105-2311-4093-9b44-9ade8fc1bbb7,Instagram,Social Media,Divyanshi Goyal,Unknown,1,2025-11-09 04:22:34,I hate it instagram again and again suspend my account,i hate it instagram again and again suspend my account,0,10,54,0,0,0,0.9,0,0,-0.7184,1,0,1,0.0,0,1,0,1.0,0.0
d272d3de-0e0b-4cf3-9b17-4a75a897735a,Instagram,Social Media,Emmo Khan,Unknown,4,2025-11-09 04:22:56,Not bad,not bad,0,2,7,0,0,0,1.0,0,0,0.431,1,0,1,0.0,0,2,0,4.0,0.0
2c492f10-dede-40c4-b72c-af33183e1936,Instagram,Social Media,Sanju Meena,Unknown,1,2025-11-09 04:23:01,new feature bad 😔,new feature bad 😔,0,4,17,1,0,0,1.0,0,0,-0.4939,1,0,1,0.0,0,1,0,1.0,0.0
7da50b21-8558-4fb8-a125-40f109d3c799,Instagram,Social Media,Ayari Salas Montano,Unknown,1,2025-11-09 04:24:25,"HOW IN HELL CAN I STOP GETTING THE ""REPOSTED/LIKED BY..."" BUBBLES OVER THE REELS?! THEY ARE SO ANNOYING!!!","how in hell can i stop getting the ""reposted/liked by..."" bubbles over the reels?! they are so annoying!!!",1,18,106,0,0,17,0.9444444444444444,0,0,-0.9092,1,0,1,0.0,0,1,0,1.0,0.0
34726430-48e5-47b1-8794-7d7a0d8c4434,Instagram,Social Media,Bhumika Pandey,Unknown,5,2025-11-09 04:24:35,very nice experience,very nice experience,0,3,20,0,0,0,1.0,0,0,0.4754,1,0,1,0.0,0,2,0,5.0,0.0
276b6da0-09c7-4b98-88dd-c34cfeea949d,Instagram,Social Media,Sumit Ahir,Unknown,5,2025-11-09 04:24:39,Nice Apk,nice apk,0,2,8,0,0,0,1.0,0,0,0.4215,1,0,1,0.0,0,1,0,5.0,0.0
d524a2fc-2771-4e75-9fb3-d68422b1437d,Instagram,Social Media,Riaz Ahmed chohan,Unknown,3,2025-11-09 04:25:20,normal experience,normal experience,0,2,17,0,0,0,1.0,0,0,0.0,1,0,1,0.0,0,1,0,3.0,0.0
20afd28c-9c14-4f98-b935-e06e4c21c22f,Instagram,Social Media,Ayush Upadhyay,Unknown,5,2025-11-09 04:26:40,Excellent 👌🏻,excellent 👌🏻,0,2,12,2,0,0,1.0,0,0,0.87,1,0,1,0.0,0,1,0,5.0,0.0
9106b3eb-12ae-459c-bbec-e809214688fd,Instagram,Social Media,Rajan Kumar,Unknown,5,2025-11-09 04:27:13,muchhe sports nhi mil rha hai,muchhe sports nhi mil rha hai,0,6,29,0,0,0,1.0,0,1,0.0,1,0,1,0.0,0,1,0,5.0,0.0
7a4179a2-e842-465d-8149-cbf4fa46ed36,Instagram,Social Media,Rubina R,Unknown,1,2025-11-09 04:27:20,glitch alot,glitch alot,0,2,11,0,0,0,1.0,0,0,0.0,1,0,1,0.0,0,1,0,1.0,0.0
b1891bd5-f7bf-4236-bfcd-5ffff0bb8fe8,Instagram,Social Media,Ansh Gupta,Unknown,5,2025-11-09 04:28:14,nice 👍🙂 but angle priya is dangerous 😈💥⚡,nice 👍🙂 but angle priya is dangerous 😈💥⚡,0,8,40,4,0,0,1.0,0,0,-0.1646,1,0,1,0.0,0,1,0,5.0,0.0
a2d9aeff-a159-41a4-83fe-5a493afcfc82,Instagram,Social Media,Nazima Khatun,Unknown,4,2025-11-09 04:28:19,good but very distracting app 🙄🙄🙄,good but very distracting app 🙄🙄🙄,0,6,33,3,0,0,1.0,0,1,-0.3159,1,0,1,0.0,0,1,0,4.0,0.0
9b359ce9-6780-43d7-88cb-b7ae8d4c7264,Instagram,Social Media,Kanchan Sharma,Unknown,5,2025-11-09 04:28:50,good app🙃,good app🙃,0,2,9,1,0,0,1.0,0,1,0.4404,1,0,1,0.0,0,1,0,5.0,0.0
5cfd1d16-1bc1-4bb0-bee3-23156e17133b,Instagram,Social Media,Diksha Saini,Unknown,3,2025-11-09 04:29:07,Instagram filter is not working pls help,instagram filter is not working pls help,0,7,40,0,0,0,1.0,0,0,-0.357,1,0,1,0.0,0,1,0,3.0,0.0
4a0ff326-06af-4166-b700-8be59404fa7b,Instagram,Social Media,Kirshan lal Chouhan,Unknown,5,2025-11-09 04:29:28,nice 👍 Wark,nice 👍 wark,0,3,11,1,0,0,1.0,0,0,0.4215,1,0,1,0.0,0,1,0,5.0,0.0
74491102-d371-42a7-9514-9a7480dbd8d5,Instagram,Social Media,Sarabjeet Singh,Unknown,5,2025-11-09 04:29:57,I like instagram nice app🥰,i like instagram nice app🥰,0,5,26,1,0,0,1.0,0,1,0.9118,1,0,1,0.0,0,1,0,5.0,0.0
be63d26f-215a-4f2c-8d49-39e18cfd1140,Instagram,Social Media,Rana Jee,Unknown,5,2025-11-09 04:30:55,good please viral my video,good please viral my video,0,5,26,0,0,0,1.0,0,0,0.6369,1,0,1,0.0,0,1,0,5.0,0.0
7097c91f-9463-43df-8535-7c8793b25c0e,Instagram,Social Media,Binapani Dash,Unknown,5,2025-11-09 04:31:16,Nice to see you,nice to see you,0,4,15,0,0,0,1.0,0,0,0.4215,1,0,1,0.0,0,1,0,5.0,0.0
2c27f9dc-5daf-4a0e-9784-7eff46a1f254,Instagram,Social Media,Pritisha Ray,Unknown,1,2025-11-09 04:31:21,"why is it glitching so much recently? the messages are not shown even if they are given by the person who we are texting, such a delay!! it's very frustrating. Please fix this delayed text issue asap!!!","why is it glitching so much recently? the messages are not shown even if they are given by the person who we are texting, such a delay!! it's very frustrating. please fix this delayed text issue asap!!!",0,37,202,0,0,0,0.918918918918919,0,0,-0.7169,1,0,1,0.0,0,1,0,1.0,0.0
736a73de-49e3-47f1-a043-d809212a49ad,Instagram,Social Media,Pooja Sharma,Unknown,1,2025-11-09 04:31:43,Not good for new gen full of nudity second version of MLM,not good for new gen full of nudity second version of mlm,0,12,57,0,0,1,0.9166666666666666,0,0,-0.5867,1,0,1,0.0,0,1,0,1.0,0.0
65367b60-2786-44b5-bc70-6fb96b1c3e74,Instagram,Social Media,Kunal Phougat,Unknown,1,2025-11-09 04:33:53,no aad mention option was showing,no aad mention option was showing,0,6,33,0,0,0,1.0,0,0,-0.296,1,0,1,0.0,0,1,0,1.0,0.0
b22f093d-5bb0-45de-802a-dc0e419a90fa,Instagram,Social Media,Fadoua Joulail,Unknown,5,2025-11-09 04:35:36,perfect,perfect,0,1,7,0,0,0,1.0,0,0,0.5719,1,0,1,0.0,0,1,0,5.0,0.0
70dbebdc-6a20-4b04-ac90-826f472516a7,Instagram,Social Media,TARiF ANSARi kheria bagarpur,Unknown,1,2025-11-09 04:36:02,My following was not increasing and not follow to anyone,my following was not increasing and not follow to anyone,0,10,56,0,0,0,0.9,0,0,0.0,1,0,1,0.0,0,1,0,1.0,0.0
9b437e49-a6f4-4b09-a9f1-6cc8dec5734c,Instagram,Social Media,Hira Butt,Unknown,5,2025-11-09 04:37:36,favourite app✨,favourite app✨,0,2,14,0,0,0,1.0,0,1,0.3182,1,0,1,0.0,0,1,0,5.0,0.0
b2a5fa3e-36ea-436a-b59d-ed266622fef6,Instagram,Social Media,Jaswanth bezawada,Unknown,5,2025-11-09 04:37:53,its a good app to communication and chat with different people,its a good app to communication and chat with different people,0,11,62,0,0,0,1.0,0,1,0.4404,1,0,1,0.0,0,1,0,5.0,0.0
66fa9836-8d96-4f7b-96fc-f86bc8f88e48,Instagram,Social Media,Dipanshu Kashyap,Unknown,5,2025-11-09 04:37:59,mind blowing,mind blowing,0,2,12,0,0,0,1.0,0,0,0.0,1,0,1,0.0,0,1,0,5.0,0.0
862ac194-7230-44fa-8595-0fdacf46bc95,Instagram,Social Media,Kisan Banna,Unknown,1,2025-11-09 04:38:14,wrost app and new update,wrost app and new update,0,5,24,0,0,0,1.0,0,1,0.0,1,0,1,0.0,0,1,0,1.0,0.0
8c7c13cb-4163-471a-9d48-3e627fa10e07,Instagram,Social Media,Pratima Das,Unknown,3,2025-11-09 04:38:15,best app but my +2 Exam that's why iam not using,best app but my +2 exam that's why iam not using,0,11,48,0,0,0,1.0,0,1,0.3818,1,0,1,0.0,0,1,0,3.0,0.0
dd1b0111-e2bf-425f-b275-424b03e1eb81,Instagram,Social Media,Shmew,Unknown,1,2025-11-09 04:38:41,"Pixel owners: account doesn't work, what a coincidence Constant scams and trash ads, borderline porn ads, have had to remove children accounts from the family. You know what your doing. Family children are afraid to use it.","pixel owners: account doesn't work, what a coincidence constant scams and trash ads, borderline porn ads, have had to remove children accounts from the family. you know what your doing. family children are afraid to use it.",0,37,223,0,0,0,0.8918918918918919,0,0,-0.5859,1,0,1,0.0,0,1,0,1.0,0.0
2a8c241f-a53c-467a-b5c6-e28afaa7b74d,Instagram,Social Media,Kurt Encarnacion,Unknown,1,2025-11-09 04:39:00,"suspended both of my account without any reason. please fix this, I'm willing to change my review if you will help me","suspended both of my account without any reason. please fix this, i'm willing to change my review if you will help me",0,22,117,0,0,0,0.9545454545454546,0,0,-0.3318,1,0,1,0.0,0,1,0,1.0,0.0
e8c9990f-4aa2-423a-9519-60d4faf5c0d8,Instagram,Social Media,Bhuvi yadav,Unknown,1,2025-11-09 04:41:17,mentioned or tag option I can't find it worst update,mentioned or tag option i can't find it worst update,0,10,52,0,0,0,1.0,0,0,0.5096,1,0,1,0.0,0,1,1,1.0,0.0
4fb6a0ef-9e7f-45e4-9a01-f524451c589f,Instagram,Social Media,NIRAJ KUMAR THAKUR,Unknown,4,2025-11-09 04:42:29,i love you too use this 😚😚 app,i love you too use this 😚😚 app,0,8,30,2,0,0,1.0,0,1,0.9228,1,0,1,0.0,0,1,0,4.0,0.0
c2974062-58fd-41fe-9506-8fcdc6b0de81,Instagram,Social Media,Jashan Jashanpreet,Unknown,1,2025-11-09 04:44:28,mare id login nhi hou rahi 😡😡😡😡😡😡😡😡😡😡😡😡😡😡😡😡😡😡😡😡😡😡😡😡,mare id login nhi hou rahi 😡😡😡😡😡😡😡😡😡😡😡😡😡😡😡😡😡😡😡😡😡😡😡😡,0,7,51,24,0,0,1.0,0,0,0.0,1,0,1,0.0,0,1,0,1.0,0.0
7a1a86c5-8428-4bfd-a054-e53f89cb296f,Instagram,Social Media,shubham kumar,Unknown,1,2025-11-09 04:46:47,i don't know why but after 10 pm i saw only suside reels death reels and many mind disturbing reels on Instagram please fix this,i don't know why but after 10 pm i saw only suside reels death reels and many mind disturbing reels on instagram please fix this,0,25,128,0,0,0,0.88,0,0,-0.8338,1,0,1,0.0,0,1,0,1.0,0.0
44d0eff6-cf74-41e3-9206-5b8cd8040b63,Instagram,Social Media,Sumaiya Toha,Unknown,3,2025-11-09 04:50:38,I am not getting my repost option even though my app is updated also available in my region. what to do,i am not getting my repost option even though my app is updated also available in my region. what to do,0,21,103,0,0,0,0.9047619047619048,0,1,0.0,1,0,1,0.0,0,1,0,3.0,0.0
26fd4052-0d18-43df-9aab-255c779bbc4f,Instagram,Social Media,Balram Ram,Unknown,2,2025-11-09 04:51:33,baby je,baby je,0,2,7,0,0,0,1.0,0,0,0.0,1,0,1,0.0,0,1,0,2.0,0.0
69815ba2-e4bd-4294-add8-b7576400c58a,Instagram,Social Media,Gopal Majhi,Unknown,4,2025-11-09 04:51:58,enjoying,enjoying,0,1,8,0,0,0,1.0,0,0,0.5267,1,0,1,0.0,0,1,0,4.0,0.0
7f62a3ac-4657-4f27-84c6-72a43eecbe37,Instagram,Social Media,Ashish Kumar,Unknown,4,2025-11-09 04:54:18,I love instagram 💖😍,i love instagram 💖😍,0,4,19,2,0,0,1.0,0,0,0.9274,1,0,1,0.0,0,1,0,4.0,0.0
61b8011a-9a1a-4cce-81dc-6668bbe126ec,Instagram,Social Media,Meenu Patwal,Unknown,3,2025-11-09 04:55:17,This app is good and amazing but this ap takes too much network,this app is good and amazing but this ap takes too much network,0,13,63,0,0,0,0.9230769230769231,0,1,0.5187,1,0,1,0.0,0,1,0,3.0,0.0
9cd603a2-320b-4936-ac24-c1a8b79d9e3b,Instagram,Social Media,mask Tony,Unknown,3,2025-11-09 04:57:45,i wish the music songs were longer,i wish the music songs were longer,0,7,34,0,0,0,1.0,0,0,0.4019,1,0,1,0.0,0,1,0,3.0,0.0
96c7b1f0-49be-4d26-aea4-972a53dfc1aa,Instagram,Social Media,Lynn Nelson,Unknown,1,2025-11-09 04:58:07,"Absolutely terrible. The moderation is horrible, I keep getting suspended and banned on every account I make, even if I haven't done anything wrong. It's absolutely exhausting, and I will not be downloading this again. Fix your moderation!","absolutely terrible. the moderation is horrible, i keep getting suspended and banned on every account i make, even if i haven't done anything wrong. it's absolutely exhausting, and i will not be downloading this again. fix your moderation!",0,38,239,0,0,0,0.868421052631579,1,0,-0.9263,1,0,1,0.0,0,1,0,1.0,0.0
07237147-1ec0-4f54-815f-f71cd60a1d88,Instagram,Social Media,clarissa julian,Unknown,1,2025-11-09 04:58:16,"Everything that comes up is from 6 or 7 years ago. Nothing current...and the META apps consumes over 50% of my phones storage! Facebook & Instagram apps need to streamline... when they do, maybe I'll reinstall...","everything that comes up is from 6 or 7 years ago. nothing current...and the meta apps consumes over 50% of my phones storage! facebook & instagram apps need to streamline... when they do, maybe i'll reinstall...",2,36,212,0,0,1,0.9722222222222222,1,1,0.0,1,0,1,0.0,0,1,0,1.0,0.0
57162667-0a76-4f57-a230-750f655da65b,Instagram,Social Media,_V_I_S_H_N_U _,Unknown,1,2025-11-09 05:00:36,very bad update. why charging message button?,very bad update. why charging message button?,0,7,45,0,0,0,1.0,0,0,-0.5849,1,0,1,0.0,0,1,0,1.0,0.0
c7f248db-8abc-4678-9205-23563f53c2de,Instagram,Social Media,Suraj Rao,Unknown,1,2025-11-09 05:02:49,very bad Instagram,very bad instagram,0,3,18,0,0,0,1.0,0,0,-0.5849,1,0,1,0.0,0,1,0,1.0,0.0
8327a5f8-2f32-46a4-a71d-184141f1a051,Instagram,Social Media,ranjit yadav,Unknown,1,2025-11-09 05:05:27,High adds scrolling time,high adds scrolling time,0,4,24,0,0,0,1.0,0,0,0.0,1,0,1,0.0,0,1,0,1.0,0.0
b2a5a467-f7f3-4cb5-ba36-05f5c1d57f9a,Instagram,Social Media,Antonio Tokyo,Unknown,3,2025-11-09 05:05:32,you can't go live no more😪,you can't go live no more😪,0,6,26,1,0,0,1.0,0,0,0.2235,1,0,1,0.0,0,1,0,3.0,0.0
b6d268bc-997b-4325-9abe-55f04a1de1fa,Instagram,Social Media,Lovekush Choudhary,Unknown,1,2025-11-09 05:08:37,My Instagram reel is unavailable to followers.,my instagram reel is unavailable to followers.,0,7,46,0,0,0,1.0,0,0,0.0,1,0,1,0.0,0,1,0,1.0,0.0
c127d971-ee33-4470-851c-bb22a86c658c,Instagram,Social Media,Jayshree Parmar,Unknown,4,2025-11-09 05:10:09,This is too good,this is too good,0,4,16,0,0,0,1.0,0,0,0.4404,1,0,1,0.0,0,1,0,4.0,0.0
44761ce5-6107-4a7b-8025-ac66f1bf25cc,Instagram,Social Media,Kgsekar Kgsekar,Unknown,1,2025-11-09 05:10:48,not fair good,not fair good,0,3,13,0,0,0,1.0,0,0,-0.5216,1,0,1,0.0,0,1,0,1.0,0.0
c9c354ec-7f47-44cd-bb49-3f4047a0bf67,Instagram,Social Media,Upendra Yadav,Unknown,1,2025-11-09 05:11:17,🥰🥰I like kit,🥰🥰i like kit,0,3,12,2,0,1,1.0,0,0,0.9153,1,0,1,0.0,0,1,1,1.0,0.0
3474d7eb-9b31-4c97-98d8-9034c7790ed9,Instagram,Social Media,Fernando Carranza,Unknown,4,2025-11-09 05:12:48,It's really good but the app sometimes it bugs and crashes.,it's really good but the app sometimes it bugs and crashes.,0,11,59,0,0,0,1.0,0,1,0.2724,1,0,1,0.0,0,1,0,4.0,0.0
46ff2d45-4656-4c44-9444-c57153321685,Instagram,Social Media,Joseph Mak,Unknown,1,2025-11-09 05:13:14,Why my Instagram can't to update the new version.,why my instagram can't to update the new version.,0,9,49,0,0,0,1.0,0,0,0.0,1,0,1,0.0,0,1,0,1.0,0.0
1e1ae732-1984-49e9-898f-689f0b2ffeee,Instagram,Social Media,Sajid Hussain,Unknown,1,2025-11-09 05:15:39,i cant loginn my accout,i cant loginn my accout,0,5,23,0,0,0,1.0,0,0,0.0,1,0,1,0.0,0,1,0,1.0,0.0
08da7917-7161-4bbb-8518-42f28018a37a,Instagram,Social Media,Majoie Bakari,Unknown,4,2025-11-09 05:16:42,it's good yea but take time to installed,it's good yea but take time to installed,0,8,40,0,0,0,1.0,1,0,0.2382,1,0,1,0.0,0,1,0,4.0,0.0
af0e1111-ee9f-4e1d-aba8-71b5c20a3363,Instagram,Social Media,Gurtej Khaira,Unknown,4,2025-11-09 05:17:25,yes good experience,yes good experience,0,3,19,0,0,0,1.0,0,0,0.6808,1,0,1,0.0,0,1,0,4.0,0.0
18d1ff90-7b35-4f94-b3b0-439ebfe4e8c9,Instagram,Social Media,Ajay Kumar,Unknown,4,2025-11-09 05:18:25,"M, A, love❤","m, a, love❤",0,3,11,0,0,2,1.0,0,0,0.8555,1,0,1,0.0,0,1,0,4.0,0.0
0b2bf22b-2fcc-4e4f-af91-b0e4543576c5,Instagram,Social Media,Aman shaikh,Unknown,2,2025-11-09 05:24:53,Instagram account help Instagram account help karo,instagram account help instagram account help karo,0,7,50,0,0,0,0.5714285714285714,0,0,0.6597,1,0,1,0.0,0,1,1,2.0,0.0
b22d39f9-1319-4229-a631-3eeb2fe26473,Instagram,Social Media,Santosh Mourya,Unknown,4,2025-11-09 05:24:59,bhai log support karo Instragram bahut badiya hai,bhai log support karo instragram bahut badiya hai,0,8,49,0,0,0,1.0,0,1,0.4019,1,0,1,0.0,0,1,0,4.0,0.0
d2928563-3da7-4853-8e7f-ded9f9f58976,Instagram,Social Media,Suryadev,Unknown,1,2025-11-09 05:25:54,"For last 1 week i am facing several bugs, issues on my personal instagram account. There are not fixing the issues which i have already mentioned later. This week i had the most bad experience i felt so far.","for last 1 week i am facing several bugs, issues on my personal instagram account. there are not fixing the issues which i have already mentioned later. this week i had the most bad experience i felt so far.",0,39,207,0,0,0,0.8461538461538461,0,0,-0.5849,1,0,1,0.0,0,1,0,1.0,0.0
809b301a-985e-46e0-a817-f707f8015d8f,Instagram,Social Media,Pawan Chauhan,Unknown,4,2025-11-09 05:26:25,instagram good but not safe and privacy,instagram good but not safe and privacy,0,7,39,0,0,0,1.0,0,0,-0.2867,1,0,1,0.0,0,1,0,4.0,0.0
069639dc-556a-46b2-bfc0-89756bdc0a58,Instagram,Social Media,sakshisingh Singh,Unknown,1,2025-11-09 05:28:15,please yrr new feature ko hata do jo hamare m add nhi unka bhi q suggestions de rha h wo bhi hamare story ki taraph upper plesee request kar rahe h broo htaa do ......,please yrr new feature ko hata do jo hamare m add nhi unka bhi q suggestions de rha h wo bhi hamare story ki taraph upper plesee request kar rahe h broo htaa do ......,0,35,167,0,0,0,0.8857142857142857,0,0,0.3182,1,0,1,0.0,0,1,0,1.0,0.0
aeca040e-7b64-4f6f-b0ed-71e02a422e59,Instagram,Social Media,Asad Ahmad,Unknown,5,2025-11-09 05:29:14,very proud,very proud,0,2,10,0,0,0,1.0,0,0,0.5256,1,0,1,0.0,0,1,0,5.0,0.0
ca6b9646-e53e-4bac-b394-d30ac9ea6997,Instagram,Social Media,Srinadh_ chintu,Unknown,1,2025-11-09 05:29:24,I didn't like this new features of Instagram and watching reels are very boring... Waste content on my feed,i didn't like this new features of instagram and watching reels are very boring... waste content on my feed,0,19,107,0,0,0,1.0,0,0,-0.7771,1,0,1,0.0,0,1,0,1.0,0.0
34e11dfc-bff3-4da2-b15d-5f30bd61abec,Instagram,Social Media,Vivek Hardaha Original,Unknown,4,2025-11-09 05:29:41,नाचने वाले कम करवा दो भाई 🤣🤣,नाचने वाले कम करवा दो भाई 🤣🤣,0,7,28,2,0,0,1.0,0,0,0.7506,1,0,1,0.0,0,1,0,4.0,0.0
2b62d0fd-4c6b-4413-9fa2-43b74a393ee0,Instagram,Social Media,Ntr Raham,Unknown,1,2025-11-09 05:30:28,filters not applying,filters not applying,0,3,20,0,0,0,1.0,0,1,0.0,1,0,1,0.0,0,1,0,1.0,0.0
a8090769-fd6b-4284-b8df-9c36be0ac107,Instagram,Social Media,Derek Tonches,Unknown,5,2025-11-09 05:33:36,Do I need to explain? Insta jst goated,do i need to explain? insta jst goated,0,8,38,0,0,0,1.0,0,0,0.0,1,0,1,0.0,0,1,0,5.0,0.0
42ce8864-22aa-4d5f-b2c6-539216b12583,Instagram,Social Media,Deepanshu Rai,Unknown,5,2025-11-09 05:34:24,very good 👍👍,very good 👍👍,0,3,12,2,0,0,1.0,0,0,0.4927,1,0,1,0.0,0,1,0,5.0,0.0
327159fe-4440-4137-aadf-e98cddbf7aac,Instagram,Social Media,Geeta Devi,Unknown,3,2025-11-09 05:34:43,good 🥃,good 🥃,0,2,6,1,0,0,1.0,0,0,0.4404,1,0,1,0.0,0,1,0,3.0,0.0
fbf6487a-de81-4f95-b61a-9fe8ede356a5,Instagram,Social Media,Rehan Multani,Unknown,5,2025-11-09 05:35:42,It's a great app and I love it. It deserves 5 stars!,it's a great app and i love it. it deserves 5 stars!,0,12,52,0,0,0,1.0,0,1,0.8622,1,0,1,0.0,0,1,0,5.0,0.0
b89e0835-673b-4b03-a1b2-28fd6a9ab5af,Instagram,Social Media,Tasnifa Sultana,Unknown,5,2025-11-09 05:35:43,"bohut acchi he instagram instagram par call Kar sakti hu message Kar sakti hu ,video call bhi kar sakti hu ,post bhi kar sakti hu","bohut acchi he instagram instagram par call kar sakti hu message kar sakti hu ,video call bhi kar sakti hu ,post bhi kar sakti hu",0,25,129,0,0,0,0.52,0,0,0.0,1,0,1,0.0,0,1,0,5.0,0.0
21703840-db0f-493b-8697-e97cf13a0176,Instagram,Social Media,Ajay Yadav,Unknown,5,2025-11-09 05:36:10,instagram is best for app,instagram is best for app,0,5,25,0,0,0,1.0,0,1,0.6369,1,0,1,0.0,0,1,0,5.0,0.0
bec1eb75-360e-4072-aa4b-2c799ed8cecc,Instagram,Social Media,LuxéVisual,Unknown,5,2025-11-09 05:37:19,Beautiful visual platform for sharing photos and discovering creativity. Reels and stories keep content fresh and fun. 🌟🌟🌟🌟🌟,beautiful visual platform for sharing photos and discovering creativity. reels and stories keep content fresh and fun. 🌟🌟🌟🌟🌟,0,18,124,5,0,0,0.8888888888888888,0,0,0.9313,1,0,1,0.0,0,1,0,5.0,0.0
ae133aeb-7189-4b19-8077-b5ab68718778,Instagram,Social Media,Abhi Chauhan,Unknown,5,2025-11-09 05:37:55,Story upload nhi ho rahi h,story upload nhi ho rahi h,0,6,26,0,0,0,1.0,0,0,0.0,1,0,1,0.0,0,1,0,5.0,0.0
ff3b3157-4135-4777-a0e5-a95e3aed54e0,Instagram,Social Media,sayooj manohar,Unknown,1,2025-11-09 05:38:05,why does this app change button locations every few weeks. it's so annoying.,why does this app change button locations every few weeks. it's so annoying.,0,13,76,0,0,0,1.0,0,1,-0.541,1,0,1,0.0,0,1,0,1.0,0.0
87612cd1-b0f8-40ad-807f-bb1c66b0bdb5,Instagram,Social Media,Suraj Gupta,Unknown,5,2025-11-09 05:38:19,good 👍👍😊,good 👍👍😊,0,2,8,3,0,0,1.0,0,0,0.836,1,0,1,0.0,0,1,0,5.0,0.0
27b16439-f3f1-4d4e-873b-0eaa5dc68233,Instagram,Social Media,Srujan Salagar,Unknown,5,2025-11-09 05:39:19,Beter,beter,0,1,5,0,0,0,1.0,0,0,0.0,1,0,1,0.0,0,1,0,5.0,0.0
edc8b59b-d9ee-4e33-b2ff-08098bd31415,Instagram,Social Media,Rakesh Singh,Unknown,5,2025-11-09 05:41:42,usefull app,usefull app,0,2,11,0,0,0,1.0,0,1,0.0,1,0,1,0.0,0,1,0,5.0,0.0
08a0d91a-2bb0-4b4f-8c3c-fda0b302bc0e,Instagram,Social Media,Ragini And sadhna,Unknown,5,2025-11-09 05:42:09,best platform,best platform,0,2,13,0,0,0,1.0,0,0,0.6369,1,0,1,0.0,0,1,0,5.0,0.0
fa6e3df5-785d-472d-9736-961aec8b0832,Instagram,Social Media,Don Williams,Unknown,1,2025-11-09 05:42:27,"This App Sucks And Instagram Is Basis And Will Target You""1 Star Don't Use Their App*","this app sucks and instagram is basis and will target you""1 star don't use their app*",3,16,85,0,0,0,0.9375,0,1,-0.3612,1,0,1,0.0,0,1,0,1.0,0.0
7d114da8-f647-4f60-9e16-ec34b077f04f,Instagram,Social Media,Rinku Kumar,Unknown,5,2025-11-09 05:42:34,topp no. appp,topp no. appp,0,3,13,0,0,0,1.0,0,1,0.0,1,0,1,0.0,0,1,0,5.0,0.0
b6b73a2c-1194-4661-966e-cd1beab93bb0,Instagram,Social Media,Kip Gebhardt,Unknown,1,2025-11-09 05:43:32,This should be called Adstagram. Ruined by advertising. and somehow they've added more advertising recently.,this should be called adstagram. ruined by advertising. and somehow they've added more advertising recently.,4,15,108,0,0,0,1.0,0,0,-0.4767,1,0,1,0.0,0,1,0,1.0,0.0
9e614be1-bab0-4a6e-9df0-735c19815865,Instagram,Social Media,Vishal Loser,Unknown,2,2025-11-09 05:44:54,NO INCOME RECEIVE,no income receive,0,3,17,0,0,3,1.0,0,0,-0.296,1,0,1,0.0,0,1,0,2.0,0.0
7b957cb9-38a0-4855-aaf2-f58dbe494000,Instagram,Social Media,Lalith Sai,Unknown,4,2025-11-09 05:45:13,please change location type to ios typer it's helpful to everyone and even the emojis to ios type in the android type,please change location type to ios typer it's helpful to everyone and even the emojis to ios type in the android type,0,22,117,0,0,0,0.7272727272727273,0,0,0.6249,1,0,1,0.0,0,1,0,4.0,0.0
45490ef1-861a-4ab3-9797-fbddb3bb7261,Instagram,Social Media,Tisafern,Unknown,5,2025-11-09 05:48:43,a good base for racism !,a good base for racism !,0,6,24,0,0,0,1.0,0,0,-0.3595,1,0,1,0.0,0,1,0,5.0,0.0
8d7cdd28-fec8-41a9-bc43-251b6bc4ad15,Instagram,Social Media,Zharena Fampulme,Unknown,5,2025-11-09 05:48:44,"wala akong masabi, sa ganda ng app na'to .","wala akong masabi, sa ganda ng app na'to .",0,9,42,0,0,0,1.0,0,1,0.0,1,0,1,0.0,0,1,0,5.0,0.0
02179513-4727-460e-acb0-866aeaa605b6,Instagram,Social Media,Ranjit Halder,Unknown,5,2025-11-09 05:51:12,good🌹,good🌹,0,1,5,1,0,0,1.0,0,0,0.4404,1,0,1,0.0,0,1,0,5.0,0.0
52d7ad0a-74d5-4541-b769-c89cb54da6b6,Instagram,Social Media,Sonia Rafiq,Unknown,5,2025-11-09 05:51:13,it's a very good app love it,it's a very good app love it,0,7,28,0,0,0,1.0,0,1,0.8251,1,0,1,0.0,0,1,0,5.0,0.0
cf21eaf1-1fe7-408c-bde6-8a4111698a74,Instagram,Social Media,Dhanaram Dehariya,Unknown,5,2025-11-09 05:51:35,private se Kese Hatae,private se kese hatae,0,4,21,0,0,0,1.0,0,0,0.0,1,0,1,0.0,0,1,0,5.0,0.0
94ecb4b9-956d-4f8d-9f32-1bfe20c5e82a,Instagram,Social Media,Thanh Nhàn Đặng,Unknown,1,2025-11-09 05:52:27,"mẹ, đăng cái bài bình thường vcl mà kêu đăng nude ^^. app dỡn mặt hả ^^","mẹ, đăng cái bài bình thường vcl mà kêu đăng nude ^^. app dỡn mặt hả ^^",0,17,71,0,0,0,0.9411764705882353,0,1,0.0,1,0,1,0.0,0,1,0,1.0,0.0
fac06500-b765-48c7-8646-bbb4579c691a,Instagram,Social Media,samuel omondi,Unknown,5,2025-11-09 05:52:42,it fan using and to experience another with it🙃🙃🙃,it fan using and to experience another with it🙃🙃🙃,0,9,49,3,0,0,1.0,0,0,0.3182,1,0,1,0.0,0,1,0,5.0,0.0
df87b974-ddda-40de-9207-e34f471375b1,Instagram,Social Media,Soham Kharade,Unknown,1,2025-11-09 05:53:39,such a useless app and uses feature 🤬🤬 I can't you recover my account without any reason it has been logout 🤬,such a useless app and uses feature 🤬🤬 i can't you recover my account without any reason it has been logout 🤬,0,22,109,3,0,0,1.0,0,1,-0.4215,1,0,1,0.0,0,1,0,1.0,0.0
32605790-ab78-4314-94c6-5cde8136c64d,Instagram,Social Media,Amartya Mall,Unknown,1,2025-11-09 05:53:50,bad app,bad app,0,2,7,0,0,0,1.0,0,1,-0.5423,1,0,1,0.0,0,1,0,1.0,0.0
410adcb9-d20c-4a36-8428-aa4fa0e567b0,Instagram,Social Media,Ginger Express,Unknown,5,2025-11-09 05:54:23,GOOD EXPERIENCE,good experience,0,2,15,0,0,2,1.0,0,0,0.4404,1,0,1,0.0,0,3,0,5.0,0.0
06912b16-e0c8-410e-a391-3b0b679e959c,Instagram,Social Media,Rita Jaiswal,Unknown,5,2025-11-09 05:55:36,most viewers than youtube on my reel,most viewers than youtube on my reel,0,7,36,0,0,0,1.0,0,0,0.0,1,0,1,0.0,0,1,0,5.0,0.0
5f36c633-f6c8-4c7d-8407-0e898fc7d56c,Instagram,Social Media,Shirley Gottshall,Unknown,5,2025-11-09 05:58:00,love it very entertaining covers a wide range of interests informative and fun!,love it very entertaining covers a wide range of interests informative and fun!,0,13,79,0,0,0,1.0,0,0,0.9183,1,0,1,0.0,0,1,0,5.0,0.0
bba3ad37-c294-43b9-8d8d-d6df371b42aa,Instagram,Social Media,Vel,Unknown,5,2025-11-09 05:59:01,super app,super app,0,2,9,0,0,0,1.0,0,1,0.5994,1,0,1,0.0,0,1,0,5.0,0.0
f32def6c-8b16-4e98-b6d8-2cc3d4340d12,Instagram,Social Media,Sumeet bagda,Unknown,5,2025-11-09 06:01:55,Best App 🙃,best app 🙃,0,3,10,1,0,0,1.0,0,1,0.6369,1,0,1,0.0,0,1,0,5.0,0.0
d7ac9a66-bf58-47e6-8791-12a33b0ab00f,Instagram,Social Media,Athuljith Ps,Unknown,1,2025-11-09 06:02:40,this update not interested the update are new as instagram are stopped and my account are blockd 😭,this update not interested the update are new as instagram are stopped and my account are blockd 😭,1,18,98,1,0,0,0.8333333333333334,0,0,-0.7398,1,0,1,0.0,0,1,0,1.0,0.0
723f76a1-b35b-4b49-9c64-fda327154097,Instagram,Social Media,Amreen Faisal,Unknown,5,2025-11-09 06:02:41,just love it,just love it,0,3,12,0,0,0,1.0,0,0,0.6369,1,0,1,0.0,0,1,0,5.0,0.0
eb40513b-be75-4bab-8065-7d20c5101ccc,Instagram,Social Media,Preetam,Unknown,5,2025-11-09 06:04:10,good 👍🏻,good 👍🏻,0,2,7,2,0,0,1.0,0,0,0.4404,1,0,1,0.0,0,1,0,5.0,0.0
51349b02-532a-41a9-b085-862e3b91529d,Instagram,Social Media,Waseeq,Unknown,1,2025-11-09 06:07:06,suspended me for no reason 😔,suspended me for no reason 😔,0,6,28,1,0,0,1.0,0,0,-0.6728,1,0,1,0.0,0,1,0,1.0,0.0
2085966a-8de7-464a-a4a4-76b0b25b313d,Instagram,Social Media,Nani Fx,Unknown,1,2025-11-09 06:07:16,pls remove the block option 😞,pls remove the block option 😞,0,6,29,1,0,0,1.0,0,0,-0.6908,1,0,1,0.0,0,1,0,1.0,0.0
eeb39e2e-97a8-4d45-be40-8c248b9fea07,Instagram,Social Media,Jade Perks,Unknown,3,2025-11-09 06:07:42,Okay app,okay app,0,2,8,0,0,0,1.0,0,1,0.2263,1,0,1,0.0,0,1,0,3.0,0.0
1865cf6b-de88-46c4-8550-ab731b35447f,Instagram,Social Media,maha lingam,Unknown,4,2025-11-09 06:09:25,"Intresting,fast and more useful with varities of information.","intresting,fast and more useful with varities of information.",0,8,61,0,0,0,1.0,0,0,0.4927,1,0,1,0.0,0,1,0,4.0,0.0
b651b82a-a0e1-4c7b-91f2-c8e86d0300ae,Instagram,Social Media,Mapop Pyasang,Unknown,5,2025-11-09 06:09:39,it's good... but when we want toh picture cover for highlight it's taken a long time .!!!,it's good... but when we want toh picture cover for highlight it's taken a long time .!!!,0,17,89,0,0,0,0.9411764705882353,0,0,0.7488,1,0,1,0.0,0,1,0,5.0,0.0
4c06c58b-3d28-4844-81db-824b77dfcc42,Instagram,Social Media,runesh saran,Unknown,1,2025-11-09 06:09:47,new apdet is very bed,new apdet is very bed,0,5,21,0,0,0,1.0,0,0,0.0,1,0,1,0.0,0,1,0,1.0,0.0
ceb62bdc-a696-472c-9a3c-568d0fe6b071,Instagram,Social Media,Harshal Gaikwad,Unknown,5,2025-11-09 06:09:47,Nice 👍🏻,nice 👍🏻,0,2,7,2,0,0,1.0,0,0,0.4215,1,0,1,0.0,0,3,0,5.0,0.0
7a3dd0bc-1a55-43a6-afb2-0010fc612d49,Instagram,Social Media,Anish Dhrai,Unknown,5,2025-11-09 06:10:10,GREAT SERVICE,great service,0,2,13,0,0,2,1.0,0,0,0.6249,1,0,1,0.0,0,1,0,5.0,0.0
434254fc-253c-43be-ac61-32e0540a6c14,Instagram,Social Media,Mahsar Shaikh,Unknown,5,2025-11-09 06:10:16,insta is my friend 🎀,insta is my friend 🎀,0,5,20,1,0,0,1.0,0,0,0.4939,1,0,1,0.0,0,1,0,5.0,0.0
6c23fba1-58e5-419a-a403-da3db8a563e7,Instagram,Social Media,Salam Khan,Unknown,1,2025-11-09 06:10:27,not searching song,not searching song,0,3,18,0,0,0,1.0,0,0,0.0,1,0,1,0.0,0,1,0,1.0,0.0
84a9bb1c-c297-4507-914a-5b776569dfc7,Instagram,Social Media,padmanaban a,Unknown,5,2025-11-09 06:10:35,thkshan.,thkshan.,0,1,8,0,0,0,1.0,0,0,0.0,1,0,1,0.0,0,1,0,5.0,0.0
5f66459f-71d4-4fff-8aaa-be039b86aa58,Instagram,Social Media,Sonu Raja,Unknown,5,2025-11-09 06:10:57,𝔟𝔢𝔰𝔱 𝔞𝔭𝔭𝔩𝔦𝔠𝔞𝔱𝔦𝔬𝔫,𝔟𝔢𝔰𝔱 𝔞𝔭𝔭𝔩𝔦𝔠𝔞𝔱𝔦𝔬𝔫,0,2,16,0,0,0,1.0,0,0,0.0,1,0,1,0.0,0,1,0,5.0,0.0
96c544e9-1700-4573-947d-dc0fee55aa18,Instagram,Social Media,Tukaram Jamghare,Unknown,5,2025-11-09 06:11:33,excellent reels 👍👏,excellent reels 👍👏,0,3,18,2,0,0,1.0,0,0,0.5719,1,0,1,0.0,0,1,0,5.0,0.0
e3e7a019-cca6-491e-91a9-48dc7f10f41d,Instagram,Social Media,Govindsinh arjunsinh Chavada,Unknown,4,2025-11-09 06:12:34,nice 🙂👍,nice 🙂👍,0,2,7,2,0,0,1.0,0,0,0.6712,1,0,1,0.0,0,1,0,4.0,0.0
d7eba73a-2891-4f3c-96a6-ef5db0b97b0e,Instagram,Social Media,Karthik Karthik,Unknown,5,2025-11-09 06:12:43,Super,super,0,1,5,0,0,0,1.0,0,0,0.5994,1,0,1,0.0,0,5,0,5.0,0.0
1d8ca80f-afa9-415a-999e-4d4bdd755236,Instagram,Social Media,Bansi lal Digwal,Unknown,5,2025-11-09 06:12:50,i like instagram every feature,i like instagram every feature,0,5,30,0,0,0,1.0,0,0,0.3612,1,0,1,0.0,0,1,0,5.0,0.0
a815f72e-e946-4e9e-83a9-08a92d410f91,Instagram,Social Media,Hannah Muiruri,Unknown,5,2025-11-09 06:12:52,I love it 😍,i love it 😍,0,4,11,1,0,0,1.0,0,0,0.802,1,0,1,0.0,0,1,0,5.0,0.0
eac01367-3c6d-4eeb-a309-1ffa2fe8cb6b,Instagram,Social Media,Sanvidhan Kamble,Unknown,5,2025-11-09 06:12:58,Best app for entertainment and enjoy💕❤️‍🔥,best app for entertainment and enjoy💕❤️‍🔥,0,6,41,2,0,0,1.0,0,1,0.9201,1,0,1,0.0,0,1,0,5.0,0.0
14871e0d-91a3-4be6-a29a-11635ef3bad1,Instagram,Social Media,Zohaib Satti,Unknown,5,2025-11-09 06:13:40,✌🏻✌🏻✌🏻,✌🏻✌🏻✌🏻,0,1,6,3,0,0,1.0,0,0,0.8625,1,0,1,0.0,0,1,0,5.0,0.0
c79778cc-a296-4e05-b548-16df7e4039d6,Instagram,Social Media,K.DHARANEE MONI,Unknown,5,2025-11-09 06:13:52,very very very good,very very very good,0,4,19,0,0,0,0.5,0,0,0.5768,1,0,1,0.0,0,1,0,5.0,0.0
ae8112c6-be15-4055-a786-e72b2248fc12,Instagram,Social Media,Ritik Pasu,Unknown,5,2025-11-09 06:15:10,achha app hai bas instagram me udate our kare to acchha lage ga 🥰🥰,achha app hai bas instagram me udate our kare to acchha lage ga 🥰🥰,0,14,66,2,0,0,1.0,0,1,0.9393,1,0,1,0.0,0,1,0,5.0,0.0
ffcede99-0c8b-4864-b77e-02f5dc5dbbc6,Instagram,Social Media,Sahev Dey,Unknown,5,2025-11-09 06:15:19,very nice app 👍🙂,very nice app 👍🙂,0,4,16,2,0,0,1.0,0,1,0.7003,1,0,1,0.0,0,1,0,5.0,0.0
a82500c6-5ca5-42fb-b7b6-df05a9a6a76a,Instagram,Social Media,Enayat Ali,Unknown,5,2025-11-09 06:16:19,bast app instagaram,bast app instagaram,0,3,19,0,0,0,1.0,0,1,0.0,1,0,1,0.0,0,1,0,5.0,0.0
d71bcec3-157b-4e89-ac95-61a57e913f5d,Instagram,Social Media,Prince Chaurasia,Unknown,5,2025-11-09 06:16:28,prince 🚨🚨,prince 🚨🚨,0,2,9,2,0,0,1.0,0,0,0.0,1,0,1,0.0,0,1,0,5.0,0.0
17653fe3-6ca8-4630-80bb-441a409072f7,Instagram,Social Media,Allano Mordido,Unknown,5,2025-11-09 06:16:38,i cant draw on my messages,i cant draw on my messages,0,6,26,0,0,0,1.0,0,0,0.0,1,0,1,0.0,0,1,0,5.0,0.0
99c5f8d6-2281-4fee-b3ed-d1c7a0fa68e5,Instagram,Social Media,vinod sharma,Unknown,1,2025-11-09 06:16:54,it's addictive,it's addictive,0,2,14,0,0,0,1.0,0,0,0.0,1,0,1,0.0,0,1,0,1.0,0.0
b86967e6-6344-4d59-811c-af0e228b3279,Instagram,Social Media,Alan Varghese,Unknown,3,2025-11-09 06:16:56,Why did you change the long click on share button to send reel to top 4 people option... Now it shows to send to WhatsApp Snapchat etc 😶,why did you change the long click on share button to send reel to top 4 people option... now it shows to send to whatsapp snapchat etc 😶,0,28,136,1,0,0,0.8571428571428571,0,1,0.4588,1,0,1,0.0,0,1,0,3.0,0.0
81d74c7e-ffde-4bd7-8206-4c014860cbcc,Instagram,Social Media,Shohanur Rahman Shohan,Unknown,5,2025-11-09 06:17:16,Good app,good app,0,2,8,0,0,0,1.0,0,1,0.4404,1,0,1,0.0,0,4,0,5.0,0.0
0b15e590-f358-4d73-a988-855116c8746b,Instagram,Social Media,dangi Siyaram,Unknown,5,2025-11-09 06:18:08,nice 👍🏻,nice 👍🏻,0,2,7,2,0,0,1.0,0,0,0.4215,1,0,1,0.0,0,3,0,5.0,0.0
ccd9cb83-83fc-4ff4-9d7b-4535bdc8aca1,Instagram,Social Media,Daniyal babaee,Unknown,5,2025-11-09 06:20:03,It is great.,it is great.,0,3,12,0,0,0,1.0,0,0,0.6249,1,0,1,0.0,0,1,0,5.0,0.0
85b7402d-d84b-4141-887a-3e36dbaa7e32,Instagram,Social Media,Sudha Patel,Unknown,5,2025-11-09 06:20:52,very useful aaps,very useful aaps,0,3,16,0,0,0,1.0,0,0,0.4927,1,0,1,0.0,0,1,0,5.0,0.0
3885043a-b84b-4697-ba7e-79f69fef1c8b,Instagram,Social Media,Safina Namataka,Unknown,5,2025-11-09 06:20:58,it's the best app I have ever used,it's the best app i have ever used,0,8,34,0,0,0,1.0,0,1,0.6369,1,0,1,0.0,0,1,0,5.0,0.0
0ef92d4a-493e-44db-a7f8-282b7ce33624,Instagram,Social Media,Yaa,Unknown,3,2025-11-09 06:21:16,Add a feature on profile that shows whether someone is log in or log out.,add a feature on profile that shows whether someone is log in or log out.,0,15,73,0,0,0,0.9333333333333333,0,0,0.0,1,0,1,0.0,0,1,0,3.0,0.0
30d4d7e6-f704-43d2-9884-ae3305435078,Instagram,Social Media,Poojan,Unknown,5,2025-11-09 06:22:09,(⁠✯⁠ᴗ⁠✯⁠),(⁠✯⁠ᴗ⁠✯⁠),0,1,9,0,0,0,1.0,0,0,0.0,1,0,1,0.0,0,1,0,5.0,0.0
9c564d15-14f7-4a18-a851-a8644347b829,Instagram,Social Media,Varsha Thaware,Unknown,3,2025-11-09 06:22:59,it's amazimg app to use social media,it's amazimg app to use social media,0,7,36,0,0,0,1.0,0,1,0.0,1,0,1,0.0,0,1,0,3.0,0.0
4d082350-8937-47f4-ae04-ad17918c365b,Instagram,Social Media,Ghoush Syedqutub,Unknown,1,2025-11-09 06:24:18,new update has a glitch,new update has a glitch,0,5,23,0,0,0,1.0,0,0,0.0,1,0,1,0.0,0,1,0,1.0,0.0
386b858a-2f3f-43dd-8fbd-a724a423d008,Instagram,Social Media,v dayakar,Unknown,4,2025-11-09 06:33:36,once see Instagram the day complete 💯💯💯💯✅✅✅,once see instagram the day complete 💯💯💯💯✅✅✅,0,7,43,4,0,0,1.0,0,0,0.0,1,0,1,0.0,0,1,0,4.0,0.0
ce4c0382-e1fa-4eec-ab21-c01fbc71897a,Instagram,Social Media,M atif king,Unknown,2,2025-11-09 06:35:40,Good insta,good insta,0,2,10,0,0,0,1.0,0,0,0.4404,1,0,1,0.0,0,1,0,2.0,0.0
d158d8ed-ad46-4696-9fd6-6e1a1a844c0d,Instagram,Social Media,Joseph Praveen,Unknown,1,2025-11-09 06:37:04,doodle is not received,doodle is not received,0,4,22,0,0,0,1.0,0,0,0.0,1,0,1,0.0,0,1,0,1.0,0.0
39d10e76-86d8-4fbd-b740-dc651294457e,Instagram,Social Media,Hiba Hibahibz,Unknown,4,2025-11-09 06:37:46,best app,best app,0,2,8,0,0,0,1.0,0,1,0.6369,1,0,1,0.0,0,3,0,4.0,0.0
8069bfc8-d711-4567-88b6-cd129ae500db,Instagram,Social Media,Anaya,Unknown,1,2025-11-09 06:38:35,can u guys just remove this new feature where u have put heart option instead of dm please,can u guys just remove this new feature where u have put heart option instead of dm please,0,18,90,0,0,0,0.9444444444444444,0,0,0.7579,1,0,1,0.0,0,1,1,1.0,0.0
dad12b16-b8dc-421c-b5ab-7e4f75ae59ca,Instagram,Social Media,Kamatchi Antony,Unknown,3,2025-11-09 06:38:41,Addictive app!!!,addictive app!!!,0,2,16,0,0,0,1.0,0,1,0.0,1,0,1,0.0,0,1,0,3.0,0.0
45b80a56-0064-421e-9113-cb7f0a6078f9,Instagram,Social Media,Gelu Padhan,Unknown,1,2025-11-09 06:38:54,boring this app reels quality goes down iphone 13 still anyone uninstall these you,boring this app reels quality goes down iphone 13 still anyone uninstall these you,0,14,82,0,0,0,1.0,1,1,-0.3182,1,0,1,0.0,0,1,0,1.0,0.0
50e5aec3-879a-42bc-a12b-ad83a0bb22e9,Instagram,Social Media,Rita Daimary,Unknown,1,2025-11-09 06:40:39,my account got suspended for no reason and now my account is deleted 😭😭 I WANT ACCOUNT BACK!!!!!!! please,my account got suspended for no reason and now my account is deleted 😭😭 i want account back!!!!!!! please,0,19,105,2,0,3,0.8421052631578947,0,0,-0.877,1,0,1,0.0,0,1,0,1.0,0.0
1cc2f3a4-783a-4427-940e-99c32bfe095b,Instagram,Social Media,Ragunath Reddy,Unknown,1,2025-11-09 06:41:08,don't ban it please 🥺,don't ban it please 🥺,0,5,21,1,0,0,1.0,0,0,0.2411,1,0,1,0.0,0,1,0,1.0,0.0
3d218ee2-f69a-4f4f-8ab6-20c19c9db4fd,Instagram,Social Media,Yash Raj,Unknown,1,2025-11-09 06:41:52,bhai bhut kharb hi meri id login hi nhi ho rhi,bhai bhut kharb hi meri id login hi nhi ho rhi,0,11,46,0,0,0,0.9090909090909091,0,1,0.0,1,0,1,0.0,0,1,0,1.0,0.0
68ab5ce0-e03d-46a8-8796-1cfba8e912d9,Instagram,Social Media,Honey Das,Unknown,1,2025-11-09 06:43:58,its verry bed,its verry bed,0,3,13,0,0,0,1.0,0,0,0.0,1,0,1,0.0,0,1,0,1.0,0.0
bd5c705d-5080-4d75-9fc9-c28bf1046320,Instagram,Social Media,Shilpa ek Shayaraaa,Unknown,2,2025-11-09 06:45:53,Unable to Contact Instgram care centre.,unable to contact instgram care centre.,0,6,39,0,0,0,1.0,0,0,0.4939,1,0,1,0.0,0,1,0,2.0,0.0
0da3a40f-4bd8-40c9-90a3-8b03fe1a8670,Instagram,Social Media,kristin Lee,Unknown,1,2025-11-09 06:49:22,I have been logged out of all my apps and have not been able to log into any one of them.,i have been logged out of all my apps and have not been able to log into any one of them.,0,21,89,0,0,0,0.8571428571428571,0,1,0.0,1,0,1,0.0,0,1,0,1.0,0.0
c1b98bd2-2414-4543-890e-04952d8c0253,Instagram,Social Media,Avantika Gupta,Unknown,1,2025-11-09 06:52:51,poor application my account suspended without any reason 😭,poor application my account suspended without any reason 😭,0,9,58,1,0,0,1.0,0,1,-0.8519,1,0,1,0.0,0,1,0,1.0,0.0
e9513f32-f4a0-4a9a-9610-a36fde8902c7,Instagram,Social Media,Sri Saranam,Unknown,5,2025-11-09 06:55:39,nice platform for friends,nice platform for friends,0,4,25,0,0,0,1.0,0,0,0.7096,1,0,1,0.0,0,1,0,5.0,0.0
aa8119a0-0ac6-467e-b48d-3182cc7da8ff,Instagram,Social Media,Md Rana,Unknown,1,2025-11-09 07:00:06,L Update 😡,l update 😡,0,3,10,1,0,0,1.0,0,0,0.4588,1,0,1,0.0,0,1,0,1.0,0.0
97ccdc8b-f8e4-4efd-81c0-c559fbb4ec4e,Instagram,Social Media,Prince Gautam,Unknown,5,2025-11-09 07:00:55,easy to use the app is,easy to use the app is,0,6,22,0,0,0,1.0,0,1,0.4404,1,0,1,0.0,0,1,0,5.0,0.0
5215b585-b202-467e-bcea-120ac8faee44,Instagram,Social Media,Mustehson Aziz,Unknown,5,2025-11-09 07:01:43,Good app on play store,good app on play store,0,5,22,0,0,0,1.0,0,1,0.6486,1,0,1,0.0,0,1,0,5.0,0.0
5982e28e-dd0d-4fe1-b32c-49deb8f7112a,Instagram,Social Media,Harsh Vani,Unknown,5,2025-11-09 07:03:09,i am very happy in Instagram ☺️,i am very happy in instagram ☺️,0,7,31,0,0,0,1.0,0,1,0.7902,1,0,1,0.0,0,1,0,5.0,0.0
179ce377-0cfb-4c81-99db-471231834be3,Instagram,Social Media,Sujeet Sona,Unknown,2,2025-11-09 07:03:24,"nowadays when I try to reply someone in the comments section,my reply becomes a separate comment instead of staying in the thread of comments in which I replied , it's frustrating,I am not being able to communicate properly nowadays","nowadays when i try to reply someone in the comments section,my reply becomes a separate comment instead of staying in the thread of comments in which i replied , it's frustrating,i am not being able to communicate properly nowadays",0,39,232,0,0,0,0.7692307692307693,0,0,0.0,1,0,1,0.0,0,1,0,2.0,0.0
6fbec46b-c5d5-4b72-a3f6-fbc2f5a4d416,Instagram,Social Media,Al Amin,Unknown,1,2025-11-09 07:04:17,it's a adult app not family friendly 😭,it's a adult app not family friendly 😭,0,8,38,1,0,0,1.0,0,1,-0.6935,1,0,1,0.0,0,1,0,1.0,0.0
a874e21a-1f95-4ee1-bd46-2da8af3745a6,Instagram,Social Media,Kalaiselvi M,Unknown,5,2025-11-09 07:05:35,super 😍,super 😍,0,2,7,1,0,0,1.0,0,0,0.7845,1,0,1,0.0,0,1,0,5.0,0.0
a9d7609e-995c-4416-bb0a-5fdfb37b7776,Instagram,Social Media,Guriya Imdad,Unknown,5,2025-11-09 07:05:37,I like this app,i like this app,0,4,15,0,0,0,1.0,0,1,0.3612,1,0,1,0.0,0,1,0,5.0,0.0
e99d9fba-31df-4ec5-bdd6-b5261e8aab5b,Instagram,Social Media,Kundan Prajapati,Unknown,5,2025-11-09 07:05:49,crazy,crazy,0,1,5,0,0,0,1.0,0,0,-0.34,1,0,1,0.0,0,1,0,5.0,0.0
a7b1f8cb-60be-4fb0-8ff2-28e33959cc18,Instagram,Social Media,reetika bain,Unknown,4,2025-11-09 07:06:00,draft videos delete ho jati hai unstall krne ke bad esliye ek star kam diya he baki bhot acha app he ye,draft videos delete ho jati hai unstall krne ke bad esliye ek star kam diya he baki bhot acha app he ye,0,22,103,0,0,0,0.9545454545454546,0,1,-0.5423,1,0,1,0.0,0,1,1,4.0,0.0
afeda3bd-b8d0-41ea-9632-96d137fe2845,Instagram,Social Media,Neethu Sree,Unknown,5,2025-11-09 07:06:16,i wish i want to add original audio (saved audio) op: in Music note and more exciting updates,i wish i want to add original audio (saved audio) op: in music note and more exciting updates,0,18,93,0,0,0,0.9444444444444444,0,0,0.8908,1,0,1,0.0,0,1,0,5.0,0.0
085b632e-9dd3-4032-ac0d-d8a2102f4015,Instagram,Social Media,saksham,Unknown,2,2025-11-09 07:06:23,Need Improvement in Progress Speed Of App.,need improvement in progress speed of app.,0,7,42,0,0,0,1.0,0,1,0.7003,1,0,1,0.0,0,1,1,2.0,0.0
29b778e3-e35f-4c90-ad98-54cc6bcded8f,Instagram,Social Media,Cynethia,Unknown,5,2025-11-09 07:06:29,Great tool for learning.,great tool for learning.,0,4,24,0,0,0,1.0,0,0,0.6249,1,0,1,0.0,0,1,0,5.0,0.0
b576ba50-aa59-4319-818f-b56e86833e55,Instagram,Social Media,Jonnie Roberts,Unknown,3,2025-11-09 07:06:32,"fully cannot open anyone's story, new dms often don't show up unless I restart the app either but the story one is frustrating cause even after I restart I still face this problem","fully cannot open anyone's story, new dms often don't show up unless i restart the app either but the story one is frustrating cause even after i restart i still face this problem",0,33,179,0,0,0,0.8787878787878788,0,1,-0.8417,1,0,1,0.0,0,1,0,3.0,0.0
031d8072-a1fb-4a06-af94-f457ee6a20f4,Instagram,Social Media,Deepak Kumar,Unknown,5,2025-11-09 07:06:35,What kind of update has been given? Slide it and the reel opens. It is a completely rubbish update. Please give the same update as before.,what kind of update has been given? slide it and the reel opens. it is a completely rubbish update. please give the same update as before.,0,26,138,0,0,0,0.8846153846153846,0,0,0.3744,1,0,2,0.0,0,1,0,4.5,0.7071067811865476
9d09876e-c5f3-461a-9453-ca65ed70d611,Instagram,Social Media,Lena Adiadhil,Unknown,5,2025-11-09 07:07:06,thank you,thank you,0,2,9,0,0,0,1.0,0,0,0.3612,1,0,1,0.0,0,2,0,5.0,0.0
a5dc8aa8-a6aa-46e3-8380-e5d1493d6bdc,Instagram,Social Media,Dev Prajapati,Unknown,1,2025-11-09 07:07:08,I was an hacked,i was an hacked,0,4,15,0,0,0,1.0,0,0,-0.4019,1,0,1,0.0,0,1,0,1.0,0.0
df875a50-fb83-42a1-bbae-aaaed4e6224a,Instagram,Social Media,Shafayet Hossain Zihad,Unknown,5,2025-11-09 07:07:56,I like this app..,i like this app..,0,4,17,0,0,0,1.0,0,1,0.3612,1,0,1,0.0,0,1,0,5.0,0.0
fe8e015a-b071-44bf-8047-29a92beaad9c,Instagram,Social Media,Satish kumar Maravi,Unknown,5,2025-11-09 07:08:36,best apps,best apps,0,2,9,0,0,0,1.0,0,1,0.6369,1,0,1,0.0,0,1,0,5.0,0.0
c16334a3-8cca-4b9e-91f7-0e3ac2328be6,Instagram,Social Media,James Humphrey,Unknown,5,2025-11-09 07:10:31,Awesome experience,awesome experience,0,2,18,0,0,0,1.0,0,0,0.6249,1,0,1,0.0,0,1,0,5.0,0.0
bf7b75b4-8dad-4a7e-b0fd-210af2345850,Instagram,Social Media,Paras Chawla,Unknown,1,2025-11-09 07:12:26,using this app sometimes upar and bottom of border goes black like dark mode selected fix this issue,using this app sometimes upar and bottom of border goes black like dark mode selected fix this issue,0,18,100,0,0,0,0.9444444444444444,0,1,0.3612,1,0,1,0.0,0,1,0,1.0,0.0
a4689749-43cc-4119-8c1b-be8fcf3dbc1a,Instagram,Social Media,Pramod Barik,Unknown,5,2025-11-09 07:13:48,ବଢିଆ 💫💫💫😈😈🙏🙏🙏🙏😭😭😭😂😈🚩🤣🥺,ବଢିଆ 💫💫💫😈😈🙏🙏🙏🙏😭😭😭😂😈🚩🤣🥺,0,2,22,17,0,0,1.0,0,0,0.2732,1,0,1,0.0,0,1,0,5.0,0.0
8fe159bd-3419-4f60-8b59-87898bce3110,Instagram,Social Media,Golu Kumar,Unknown,4,2025-11-09 07:14:08,achcha,achcha,0,1,6,0,0,0,1.0,0,0,0.0,1,0,1,0.0,0,1,0,4.0,0.0
b3bda3e7-3448-4626-99d5-a6626a50623f,Instagram,Social Media,Bhavya,Unknown,3,2025-11-09 07:15:53,guys please don't do constant changes to the app,guys please don't do constant changes to the app,0,9,48,0,0,0,1.0,0,1,0.3182,1,0,1,0.0,0,1,0,3.0,0.0
d05c6682-a54d-4db5-9a86-32af45d911b0,Instagram,Social Media,Kunal Bishi,Unknown,5,2025-11-09 07:16:04,maza a gaya😄🗿🗿,maza a gaya😄🗿🗿,0,3,14,3,0,0,1.0,0,0,0.6705,1,0,1,0.0,0,1,0,5.0,0.0
b0ba5a34-42c2-491d-aa57-5fab05478143,Instagram,Social Media,Ravindra Tada,Unknown,1,2025-11-09 07:16:15,waste of time,waste of time,0,3,13,0,0,0,1.0,0,0,-0.4215,1,0,1,0.0,0,1,0,1.0,0.0
6e3680ee-36c1-4cdc-99d1-306db4c87723,Instagram,Social Media,Bavin P Babu 5B,Unknown,5,2025-11-09 07:17:43,so beautiful app l like it,so beautiful app l like it,0,6,26,0,0,0,1.0,0,1,0.8737,1,0,1,0.0,0,1,0,5.0,0.0
ae54b800-8af6-4b69-be4b-641ea031f831,Instagram,Social Media,Prajwal Mp,Unknown,1,2025-11-09 07:19:55,Best feature,best feature,0,2,12,0,0,0,1.0,0,0,0.6369,1,0,1,0.0,0,1,1,1.0,0.0
aacb138c-ce70-4f64-a838-29ecc89fc4a3,Instagram,Social Media,Seren Childers,Unknown,1,2025-11-09 07:20:19,wrongful ban with no working appeal process and no customer support.,wrongful ban with no working appeal process and no customer support.,0,11,68,0,0,0,0.9090909090909091,0,1,-0.8503,1,0,1,0.0,0,1,0,1.0,0.0
d4619afd-4f1c-4bc4-8e72-113fb86f01d7,Instagram,Social Media,Anusha Mazumdar,Unknown,2,2025-11-09 07:20:25,WHY SO FREQUENT UPDATES??????,why so frequent updates??????,0,4,29,0,0,4,1.0,0,0,0.0,1,0,1,0.0,0,1,0,2.0,0.0
cf7cb1bf-acd0-4c01-b6cf-3854d77ecc12,Instagram,Social Media,Logan White,Unknown,5,2025-11-09 07:22:14,this is a very good app you must it,this is a very good app you must it,0,9,35,0,0,0,1.0,0,1,0.4927,1,0,1,0.0,0,1,0,5.0,0.0
60fe87d9-d82d-4c18-8f72-fc0fa017fb2f,Instagram,Social Media,zenande ngoqo,Unknown,5,2025-11-09 07:22:27,all i can say is thank you to the developers,all i can say is thank you to the developers,0,10,44,0,0,0,1.0,0,0,0.3612,1,0,1,0.0,0,1,0,5.0,0.0
ae0cc9c5-7e22-47e8-abf9-c05f03b23b9a,Instagram,Social Media,Dzulkhairi Omar,Unknown,1,2025-11-09 07:22:46,APP is ok. but theres no music i want like kpop or anime song to post. i check my other account they have i dont know why that happen,app is ok. but theres no music i want like kpop or anime song to post. i check my other account they have i dont know why that happen,0,29,133,0,0,1,0.9310344827586207,0,1,0.2263,1,0,1,0.0,0,1,0,1.0,0.0
6538dc4b-87f0-4c41-9015-3793b69cdce9,Instagram,Social Media,S. Sarkar,Unknown,5,2025-11-09 07:23:17,very good❤️❤️,very good❤️❤️,0,2,13,0,0,0,1.0,0,0,0.4927,1,0,1,0.0,0,1,0,5.0,0.0
b7a5b27e-c815-499e-87c6-3f869fb6d591,Instagram,Social Media,Michael Ch Marak,Unknown,1,2025-11-09 07:23:35,draw option no showing 😔,draw option no showing 😔,0,5,24,1,0,0,1.0,0,0,-0.3447,1,0,1,0.0,0,1,0,1.0,0.0
8f9b5148-ed8b-4554-bb6c-9c05e92120c1,Instagram,Social Media,Ambika Aamu,Unknown,5,2025-11-09 07:23:57,this is the good and wonderful app my personal and professional,this is the good and wonderful app my personal and professional,0,11,63,0,0,0,0.9090909090909091,0,1,0.765,1,0,1,0.0,0,1,0,5.0,0.0
f635853b-e9ac-42b9-ab0a-6a357a72bf48,Instagram,Social Media,Arun Gujjar,Unknown,5,2025-11-09 07:23:58,Good 👍,good 👍,0,2,6,1,0,0,1.0,0,0,0.4404,1,0,1,0.0,0,4,0,5.0,0.0
1a1a90cc-7770-41e8-88ca-f79f430b5485,Instagram,Social Media,A Google user,Unknown,1,2025-11-09 07:24:05,bakwas,bakwas,0,1,6,0,0,0,1.0,0,1,0.0,1,0,5,63041.0,0,1,0,1.2,0.4472135954999579
bc2ce8d9-ff92-4254-897b-db6007db6be1,Instagram,Social Media,Jess Nicole,Unknown,1,2025-11-09 07:24:13,the app constantly has bugs with every update. stop showing threads posts every 3rd post i scroll to.,the app constantly has bugs with every update. stop showing threads posts every 3rd post i scroll to.,0,18,101,0,0,0,0.9444444444444444,0,1,-0.296,1,0,1,0.0,0,1,0,1.0,0.0
9691a5fe-030d-4c74-a74d-8d7797da0417,Instagram,Social Media,Dania Jabbar,Unknown,1,2025-11-09 07:24:53,I hate it' kept updating I don't want new features,i hate it' kept updating i don't want new features,0,10,50,0,0,0,0.9,0,0,-0.6023,1,0,1,0.0,0,1,0,1.0,0.0
51419e84-f87f-49ce-8006-3e6c3cde1ae4,Instagram,Social Media,adarshh yadav,Unknown,4,2025-11-09 07:25:14,instagram Day by day growth 📈📈 ..... sab bacho kaa Nasha hai,instagram day by day growth 📈📈 ..... sab bacho kaa nasha hai,0,12,60,2,0,0,0.9166666666666666,0,1,0.3818,1,0,1,0.0,0,1,0,4.0,0.0
535dba05-7033-4a7e-92fc-8ecd9098b8a6,Instagram,Social Media,Sawan Panwar,Unknown,3,2025-11-09 07:25:40,achha aap he but I problem he jab koi friend bahoot sari reel share karta he to bar bar Beck jakar dekhna padta he isliye is problem ko solve krne ke liye koi new feature aana chahiye,achha aap he but i problem he jab koi friend bahoot sari reel share karta he to bar bar beck jakar dekhna padta he isliye is problem ko solve krne ke liye koi new feature aana chahiye,0,37,183,0,0,0,0.8378378378378378,0,1,0.296,1,0,1,0.0,0,1,0,3.0,0.0
2faa8813-37e5-40d6-a03b-0cfcd85a5984,Instagram,Social Media,Koske Owen,Unknown,5,2025-11-09 07:27:05,perfect working everything perfect,perfect working everything perfect,0,4,34,0,0,0,0.75,0,0,0.8126,1,0,1,0.0,0,1,0,5.0,0.0
b9ccc7e0-b82c-4289-b7b4-309b87de6011,Instagram,Social Media,Victor Fumei Rosenqvist,Unknown,5,2025-11-09 07:27:23,I just wanna see drawings ...,i just wanna see drawings ...,0,6,29,0,0,0,1.0,0,0,0.0,1,0,1,0.0,0,1,0,5.0,0.0
29a200e1-1237-4e48-8c43-2aab2542b5f5,Instagram,Social Media,Nazim kalyan Wala,Unknown,3,2025-11-09 07:28:40,nice app,nice app,0,2,8,0,0,0,1.0,0,1,0.4215,1,0,1,0.0,0,5,0,3.0,0.0
4d399135-8553-4924-824f-da64fefba38f,Instagram,Social Media,Anu,Unknown,4,2025-11-09 07:32:18,please update notes who are viewed 🤗 and then show who all are seen 💗,please update notes who are viewed 🤗 and then show who all are seen 💗,0,15,69,2,0,0,0.8666666666666667,0,0,0.875,1,0,1,0.0,0,1,0,4.0,0.0
58cfad7c-ad0d-4663-a803-f53ccb732437,Instagram,Social Media,Aman Munda,Unknown,5,2025-11-09 07:32:37,Tung Tung sahur 😅,tung tung sahur 😅,0,4,17,1,0,0,0.75,0,0,0.3612,1,0,1,0.0,0,1,0,5.0,0.0
06c9b527-1ffd-4796-8d82-c737f64bcdb1,Instagram,Social Media,Ankita Mehta,Unknown,5,2025-11-09 07:34:06,fabulous 😍,fabulous 😍,0,2,10,1,0,0,1.0,0,0,0.7506,1,0,1,0.0,0,1,0,5.0,0.0
49a27b97-6aec-43ee-80eb-dec9401ecf76,Instagram,Social Media,Jitender Negi,Unknown,5,2025-11-09 07:35:24,I love this app. Thank you Thank you so much,i love this app. thank you thank you so much,0,10,44,0,0,0,0.8,0,1,0.8481,1,0,1,0.0,0,1,0,5.0,0.0
9678ee58-e508-4ee6-be3d-4053a3f1bb5a,Instagram,Social Media,Ha GJ 24 500 Patan,Unknown,1,2025-11-09 07:36:30,photo background option,photo background option,0,3,23,0,0,0,1.0,0,0,0.0,1,0,1,0.0,0,1,0,1.0,0.0
481164f1-abc5-441e-9a95-fe0d448d6203,Instagram,Social Media,Jay Gohil,Unknown,5,2025-11-09 07:36:51,બોવ મસ્ત એપ છે,બોવ મસ્ત એપ છે,0,4,14,0,0,0,1.0,0,0,0.0,1,0,1,0.0,0,1,0,5.0,0.0
d13b9916-55bb-4952-bb75-46181566a6cd,Instagram,Social Media,Kiran Kumar,Unknown,5,2025-11-09 07:37:19,good flatform to express our thoughts,good flatform to express our thoughts,0,6,37,0,0,0,1.0,0,0,0.4404,1,0,1,0.0,0,1,0,5.0,0.0
6b41f4b9-9e34-4b3b-baa6-658bdcc71e01,Instagram,Social Media,Devansh,Unknown,5,2025-11-09 07:38:41,very interesting,very interesting,0,2,16,0,0,0,1.0,0,0,0.4576,1,0,1,0.0,0,1,0,5.0,0.0
82e30df1-3633-42f3-a275-07bcc9f9b806,Instagram,Social Media,Ruck_ Sana,Unknown,5,2025-11-09 07:39:11,i like this platform for sharing thoughts and connecting people,i like this platform for sharing thoughts and connecting people,0,10,63,0,0,0,1.0,0,0,0.6486,1,0,1,0.0,0,1,0,5.0,0.0
88abdb6e-906e-4837-9150-e90974a283f9,Instagram,Social Media,Bhavtik Rana,Unknown,5,2025-11-09 07:41:11,this is best update,this is best update,0,4,19,0,0,0,1.0,0,0,0.6369,1,0,1,0.0,0,1,0,5.0,0.0
f9912127-2289-42e5-b9b7-e0c9c28459ab,Instagram,Social Media,Dharmpal Lugriya,Unknown,5,2025-11-09 07:41:33,this is good aap,this is good aap,0,4,16,0,0,0,1.0,0,0,0.4404,1,0,1,0.0,0,1,0,5.0,0.0
559bb282-925c-4070-9f9b-8aaada816778,Instagram,Social Media,Badal Kumar,Unknown,5,2025-11-09 07:43:22,🥰 very good aap,🥰 very good aap,0,4,15,1,0,0,1.0,0,0,0.8883,1,0,1,0.0,0,1,0,5.0,0.0
8b7b383b-b0ae-49b6-98c1-5700da87bf2c,Instagram,Social Media,karan kumar,Unknown,5,2025-11-09 07:43:29,nice insta,nice insta,0,2,10,0,0,0,1.0,0,0,0.4215,1,0,1,0.0,0,1,0,5.0,0.0
532b44f6-b61f-4f5a-bc3f-15138348abf9,Instagram,Social Media,Short Academy,Unknown,1,2025-11-09 07:43:46,it's good,it's good,0,2,9,0,0,0,1.0,0,0,0.4404,1,0,1,0.0,0,1,0,1.0,0.0
393cd15f-dc9d-4977-a315-f0eec5e5dc41,Instagram,Social Media,NIDHI KUMARI,Unknown,3,2025-11-09 07:44:29,awesome,awesome,0,1,7,0,0,0,1.0,0,0,0.6249,1,0,1,0.0,0,5,0,3.0,0.0
8da61f49-2775-4b0b-b900-04f567023746,Instagram,Social Media,Shilpa Gharami,Unknown,1,2025-11-09 07:44:49,most ridiculous app ever😒 don't give me any update timely 😒,most ridiculous app ever😒 don't give me any update timely 😒,0,11,59,2,0,0,1.0,0,1,-0.4201,1,0,1,0.0,0,1,0,1.0,0.0
1c91e926-dfa7-422a-86aa-6b73f320e742,Instagram,Social Media,Sheikh Daniyal,Unknown,1,2025-11-09 07:45:07,This is beautifull app,this is beautifull app,0,4,22,0,0,0,1.0,0,1,0.0,1,0,1,0.0,0,1,0,1.0,0.0
0a105ac2-35bf-4b97-b8d0-96fac5806d34,Instagram,Social Media,Ranjit Baruah,Unknown,5,2025-11-09 07:45:23,very nice app 👍🏻👍🏻,very nice app 👍🏻👍🏻,0,4,18,4,0,0,1.0,0,1,0.4754,1,0,1,0.0,0,1,0,5.0,0.0
66a4bb93-f4cf-4550-9b50-e18aba26ec74,Instagram,Social Media,Baby Gupta,Unknown,4,2025-11-09 07:45:55,this is better,this is better,0,3,14,0,0,0,1.0,0,0,0.4404,1,0,1,0.0,0,1,0,4.0,0.0
c10eaf4c-0086-4bd1-b827-22b6482983b4,Instagram,Social Media,Anku Redkar,Unknown,5,2025-11-09 07:45:56,I want old version of this instagram app plz i request u,i want old version of this instagram app plz i request u,0,12,56,0,0,0,0.9166666666666666,0,1,0.1531,1,0,1,0.0,0,1,0,5.0,0.0
3d83d8b5-7f33-4170-b532-506416e290f3,Instagram,Social Media,Miya Craw,Unknown,2,2025-11-09 07:46:37,it's not working for anything in this world. it freezes on videos while watching and I can't even open it to text people it's slow for no reason 😭,it's not working for anything in this world. it freezes on videos while watching and i can't even open it to text people it's slow for no reason 😭,0,29,146,1,0,0,0.896551724137931,1,0,-0.6597,1,0,1,0.0,0,1,0,2.0,0.0
cbd9b5fa-8ba8-4368-a473-626f8882bf06,Instagram,Social Media,Nidhi V,Unknown,5,2025-11-09 07:48:22,best app ❤️💜,best app ❤️💜,0,3,12,1,0,0,1.0,0,1,0.8555,1,0,1,0.0,0,1,0,5.0,0.0
21ca8603-7a51-4275-82a6-6f62601042ac,Instagram,Social Media,Sumit Kashyap,Unknown,4,2025-11-09 07:49:18,इंस्टाग्राम,इंस्टाग्राम,0,1,11,0,0,0,1.0,0,0,0.0,1,0,1,0.0,0,1,0,4.0,0.0
65d3d715-f089-41be-90ca-b3612d8ba70e,Instagram,Social Media,Shubham Gautam,Unknown,2,2025-11-09 07:49:39,bad 👎 quality,bad 👎 quality,0,3,13,1,0,0,1.0,0,0,-0.5423,1,0,1,0.0,0,1,0,2.0,0.0
2b6f1f73-b037-4625-8000-979017071eda,Instagram,Social Media,Saad Pathan,Unknown,5,2025-11-09 07:50:14,btw insta is nice🙂,btw insta is nice🙂,0,4,18,1,0,0,1.0,0,0,0.6712,1,0,1,0.0,0,1,0,5.0,0.0
24d3bb93-7682-4308-9f84-949b51c9f469,Instagram,Social Media,Sam Shaikhawat,Unknown,5,2025-11-09 07:51:11,Addicted 😶,addicted 😶,0,2,10,1,0,0,1.0,0,0,0.0,1,0,1,0.0,0,1,0,5.0,0.0
77c4dbef-1111-4516-9f38-180080ce8a30,Instagram,Social Media,Parth Choukse,Unknown,1,2025-11-09 07:52:29,team my application is not working please check.,team my application is not working please check.,0,8,48,0,0,0,1.0,0,1,-0.2411,1,0,1,0.0,0,1,0,1.0,0.0
08da9660-0212-4e09-8510-71a8ce4950ee,Instagram,Social Media,Prasad Crupa,Unknown,5,2025-11-09 07:53:58,happiness and goodness,happiness and goodness,0,3,22,0,0,0,1.0,0,1,0.765,1,0,1,0.0,0,1,0,5.0,0.0
e7ba97b6-62fb-49b0-994e-85d5b4905ada,Instagram,Social Media,Sanjana Maurya,Unknown,5,2025-11-09 07:55:56,viral Hone ka jariya,viral hone ka jariya,0,4,20,0,0,0,1.0,0,0,0.0,1,0,1,0.0,0,1,0,5.0,0.0
780fafec-da8a-4813-abba-f3e9a56adc12,Instagram,Social Media,Betta Fish,Unknown,5,2025-11-09 07:56:45,so good ☺️❤️,so good ☺️❤️,0,3,12,0,0,0,1.0,0,0,0.7559,1,0,1,0.0,0,1,0,5.0,0.0
9ef24baa-1dfe-4d98-a2aa-152b3a5c7072,Instagram,Social Media,K Shahriar,Unknown,1,2025-11-09 07:57:29,sharing notes are just gone. I even report Instagram about this they didn't even reply. disgusting!,sharing notes are just gone. i even report instagram about this they didn't even reply. disgusting!,0,16,99,0,0,0,0.9375,0,0,0.7067,1,0,1,0.0,0,1,1,1.0,0.0
d9ce6ac1-05da-4491-bf6c-e65c6291cb11,Instagram,Social Media,Gunni Sikarwar,Unknown,5,2025-11-09 07:59:25,I like 😻,i like 😻,0,3,8,1,0,0,1.0,0,0,0.6705,1,0,1,0.0,0,1,0,5.0,0.0
63e8f40b-b432-4efd-b03e-c79ebf04aa57,Instagram,Social Media,Ricklez Charge,Unknown,2,2025-11-09 08:00:12,Please don't become a dif form of bookface. Thanks.,please don't become a dif form of bookface. thanks.,0,9,51,0,0,0,1.0,0,0,0.6369,1,0,1,0.0,0,1,1,2.0,0.0
52b4f03e-196d-4f0e-9d00-598478c6a012,Instagram,Social Media,Poorva,Unknown,1,2025-11-09 08:00:31,The new layout with the message button in the middle and swipe navigation is confusing and uncomfortable. Please restore the previous layout.,the new layout with the message button in the middle and swipe navigation is confusing and uncomfortable. please restore the previous layout.,0,22,141,0,0,0,0.8181818181818182,0,0,0.0,1,0,1,0.0,0,1,0,1.0,0.0
7ca050d9-dea1-40d0-b7f8-22bfbe3a3df2,Instagram,Social Media,Yuvraj Singh,Unknown,1,2025-11-09 08:01:30,itna buraaaa update diya h tum logo n isse badiya to phle bala tha,itna buraaaa update diya h tum logo n isse badiya to phle bala tha,0,14,66,0,0,0,1.0,0,0,0.0,1,0,1,0.0,0,1,0,1.0,0.0
bc42d50d-999e-4d7a-90f2-80dab5fbb145,Instagram,Social Media,Rihan Vlog,Unknown,5,2025-11-09 08:02:05,love this app ❤️😍❤️,love this app ❤️😍❤️,0,4,19,1,0,0,1.0,0,1,0.802,1,0,1,0.0,0,1,0,5.0,0.0
26590afe-8ebe-4c44-9279-95046d5f79eb,Instagram,Social Media,Meenakshi Sharma,Unknown,5,2025-11-09 08:02:43,this is best app for growing and earn money create content on instagram it give sponsorship which help to earn 😀 this is best I love instagram ❤️,this is best app for growing and earn money create content on instagram it give sponsorship which help to earn 😀 this is best i love instagram ❤️,0,28,145,1,0,0,0.8214285714285714,0,1,0.9666,1,0,1,0.0,0,1,0,5.0,0.0
844d86fb-3207-41bf-bbc8-7bc14fc925c2,Instagram,Social Media,Angela Mancera,Unknown,5,2025-11-09 08:03:47,i love it,i love it,0,3,9,0,0,0,1.0,0,0,0.6369,1,0,1,0.0,0,2,0,5.0,0.0
a6a7558b-858e-424b-a261-e927f80d871e,Instagram,Social Media,Tanvir Ahmed,Unknown,5,2025-11-09 08:04:48,very nice and please recover my account because I don't do anything wrong why guys you suspended my account 😭,very nice and please recover my account because i don't do anything wrong why guys you suspended my account 😭,0,20,109,1,0,0,0.9,0,0,0.2525,1,0,1,0.0,0,1,0,5.0,0.0
426fa81f-96a5-493b-bfa6-a0c090eb3bbf,Instagram,Social Media,Felicity Adu Gyamfi,Unknown,5,2025-11-09 08:05:09,very useful,very useful,0,2,11,0,0,0,1.0,0,0,0.4927,1,0,1,0.0,0,1,0,5.0,0.0
1c1c3f05-93ff-4f0c-9a2e-f5d5627f07b1,Instagram,Social Media,Parsa Abid,Unknown,5,2025-11-09 08:05:09,I love it. 💖,i love it. 💖,0,4,12,1,0,0,1.0,0,0,0.891,1,0,1,0.0,0,1,0,5.0,0.0
6ce608e2-5079-477b-b871-d03c282577e8,Instagram,Social Media,Krishna Jaigadi,Unknown,1,2025-11-09 08:05:16,suspending account all the times,suspending account all the times,0,5,32,0,0,0,1.0,0,0,0.0,1,0,1,0.0,0,1,0,1.0,0.0
13b9bd47-2b6a-4b66-b03c-67a9a21fdf38,Instagram,Social Media,Namit Rathor,Unknown,4,2025-11-09 08:05:36,This app is very nice 👍👍,this app is very nice 👍👍,0,6,24,2,0,0,1.0,0,1,0.4754,1,0,1,0.0,0,1,0,4.0,0.0
82ff2ee0-7296-4792-96d1-9af09bbd5372,Instagram,Social Media,S J,Unknown,1,2025-11-09 08:07:51,No story button on my comments setting,no story button on my comments setting,0,7,38,0,0,0,1.0,0,0,-0.296,1,0,1,0.0,0,1,0,1.0,0.0
fcc58410-c9b3-4dd6-ae3a-f47a58dad705,Instagram,Social Media,Jeffery Nkuna,Unknown,1,2025-11-09 08:09:45,it doesn't give me any filters,it doesn't give me any filters,0,6,30,0,0,0,1.0,0,0,0.0,1,0,1,0.0,0,1,0,1.0,0.0
ebc395fa-ee53-47e5-a070-be4290d3f6dc,Instagram,Social Media,Fathama azka,Unknown,2,2025-11-09 08:11:18,mere mobile mein Doodle Nahin a Raha,mere mobile mein doodle nahin a raha,0,7,36,0,0,0,1.0,0,1,0.0,1,0,1,0.0,0,1,0,2.0,0.0
3f05d8f5-b53a-442a-aa1d-77dc19fb9192,Instagram,Social Media,Rahul Pramanik,Unknown,2,2025-11-09 08:14:42,"Instagram used to be good, now it's bad.","instagram used to be good, now it's bad.",0,8,40,0,0,0,1.0,0,0,-0.1531,1,0,1,0.0,0,1,0,2.0,0.0
632f2ec2-7777-4123-803c-56817d0f7559,Instagram,Social Media,MAYOOKH S,Unknown,4,2025-11-09 08:20:28,great for getting girl but I didn't get,great for getting girl but i didn't get,0,8,39,0,0,0,1.0,0,0,0.3716,1,0,1,0.0,0,1,0,4.0,0.0
c2cfc663-170a-4a81-84aa-24355b0bea03,Instagram,Social Media,Sadiqa Banu,Unknown,2,2025-11-09 08:21:25,new features are not coming,new features are not coming,0,5,27,0,0,0,1.0,0,0,0.0,1,0,1,0.0,0,1,0,2.0,0.0
2592d1a7-6f20-4228-aa34-732f0130ee52,Instagram,Social Media,muhmmad ali,Unknown,4,2025-11-09 08:25:37,It is blank when I open it .Tell me what to do as I am unable to use it .😐,it is blank when i open it .tell me what to do as i am unable to use it .😐,0,20,74,1,0,0,0.8,0,0,0.0,1,0,1,0.0,0,1,0,4.0,0.0
f0671a18-3fea-4ac0-8018-0c4736a43932,Instagram,Social Media,Jasvan Singh,Unknown,4,2025-11-09 08:26:39,good app,good app,0,2,8,0,0,0,1.0,0,1,0.4404,1,0,1,0.0,0,4,0,4.0,0.0
9d0ca0cd-c7e2-49c4-a064-8b3135160f92,Instagram,Social Media,Gulam Mohammad,Unknown,1,2025-11-09 08:28:57,please sapport my account 😭,please sapport my account 😭,0,5,27,1,0,0,1.0,0,1,-0.2023,1,0,1,0.0,0,1,0,1.0,0.0
daf8d42c-5951-40d4-a5fb-da7023f9f228,Instagram,Social Media,Technical Boy,Unknown,4,2025-11-09 08:32:09,Very good 😊😇👍,very good 😊😇👍,1,3,13,3,0,0,1.0,0,0,0.9095,1,0,1,0.0,0,1,0,4.0,0.0
185f8ba2-34bb-41a0-8b26-d549d9ec6df7,Instagram,Social Media,Emv Emvjin,Unknown,4,2025-11-09 08:36:48,takes pictures,takes pictures,0,2,14,0,0,0,1.0,0,0,0.0,1,0,1,0.0,0,1,0,4.0,0.0
0f08b872-9c97-43a1-8abc-4c891a256e9f,Instagram,Social Media,Neha Meshram,Unknown,1,2025-11-09 08:37:44,superb,superb,0,1,6,0,0,0,1.0,0,0,0.6249,1,0,1,0.0,0,3,1,1.0,0.0
f32e66ba-5378-4e67-b45d-cf990a0f2e1f,Instagram,Social Media,Jashcintlhee Talibong,Unknown,4,2025-11-09 08:38:19,I like it ❤️,i like it ❤️,0,4,12,0,0,0,1.0,0,0,0.3612,1,0,1,0.0,0,1,0,4.0,0.0
8a321a2e-899e-4672-b02b-c0d52b5daf94,Instagram,Social Media,Hari haran,Unknown,1,2025-11-09 08:40:11,Nakku setha payale,nakku setha payale,0,3,18,0,0,0,1.0,0,0,0.0,1,0,1,0.0,0,1,0,1.0,0.0
0eeb4373-506e-419b-bfe6-479828202158,Instagram,Social Media,Rahul Kumar,Unknown,2,2025-11-09 08:42:16,very nice aapp,very nice aapp,0,3,14,0,0,0,1.0,0,1,0.4754,1,0,1,0.0,0,1,0,2.0,0.0
08aca6ae-be03-4238-8590-9ecd78929620,Instagram,Social Media,Sunil Harijan,Unknown,1,2025-11-09 08:44:45,so better,so better,0,2,9,0,0,0,1.0,0,0,0.4927,1,0,1,0.0,0,1,0,1.0,0.0
6a061ee6-874c-4823-9b70-4b1e8011e6e2,Instagram,Social Media,keerthana karenahalli,Unknown,1,2025-11-09 08:45:18,I'm not able to update my instagram app nd not getting the drawing option,i'm not able to update my instagram app nd not getting the drawing option,0,14,73,0,0,0,0.9285714285714286,0,1,0.0,1,0,1,0.0,0,1,0,1.0,0.0
26f3ae68-c9d7-42b9-bd0a-2bfec58cfa88,Instagram,Social Media,Mohini Dellu,Unknown,2,2025-11-09 08:45:45,I am facing problem in posting reels,i am facing problem in posting reels,0,7,36,0,0,0,1.0,0,0,-0.4019,1,0,1,0.0,0,1,0,2.0,0.0
ebc5a855-faf2-48b3-95fb-baee718bdec8,Instagram,Social Media,Gurpreet Singh,Unknown,1,2025-11-09 08:46:27,pathetic new update. designers jumbled everything around to justify their salaries. thoughtless design.,pathetic new update. designers jumbled everything around to justify their salaries. thoughtless design.,0,13,103,0,0,0,1.0,0,0,-0.7717,1,0,1,0.0,0,1,0,1.0,0.0
7b617d76-d4d1-4aa5-b01b-3bd6b5f37f10,Instagram,Social Media,Md Gouse,Unknown,1,2025-11-09 08:46:57,i will not recommend,i will not recommend,0,4,20,0,0,0,1.0,0,0,-0.2755,1,0,1,0.0,0,1,0,1.0,0.0
592a237e-c49a-41b3-818e-434c8e8fe081,Instagram,Social Media,Abhishek Vanshkar,Unknown,1,2025-11-09 08:48:30,reels video editing but filters not working,reels video editing but filters not working,0,7,43,0,0,0,1.0,0,0,0.0,1,0,1,0.0,0,1,0,1.0,0.0
10d246ce-5411-48c6-bba4-c3c46815739a,Instagram,Social Media,Ramprasad Ariel,Unknown,1,2025-11-09 08:53:25,horrible new update. it's so inconvenient to have to click a button where something else used to be for something completely different. it's so inconvenient to have to slide into reels inside of my chats !!!,horrible new update. it's so inconvenient to have to click a button where something else used to be for something completely different. it's so inconvenient to have to slide into reels inside of my chats !!!,0,36,207,0,0,0,0.75,0,0,-0.8912,1,0,1,0.0,0,1,0,1.0,0.0
f5d72e56-ace0-4f8e-b55a-951e0e21789d,Instagram,Social Media,Onyedikachi Okoh,Unknown,5,2025-11-09 08:53:53,it's the best,it's the best,0,3,13,0,0,0,1.0,0,0,0.6369,1,0,1,0.0,0,1,0,5.0,0.0
0a7c3130-12db-484c-977c-df316ba43c82,Instagram,Social Media,Jishan Khan,Unknown,5,2025-11-09 08:54:02,instagram is really good for waste of time,instagram is really good for waste of time,0,8,42,0,0,0,1.0,0,0,0.0334,1,0,1,0.0,0,1,0,5.0,0.0
d3760116-0430-4229-ad75-abefb272d78c,Instagram,Social Media,Riya Rajput,Unknown,1,2025-11-09 08:54:45,"remove the useless new update .. you guys are useless, why did you shifted the msg to the center and why I get reels when I slide .. disgusting","remove the useless new update .. you guys are useless, why did you shifted the msg to the center and why i get reels when i slide .. disgusting",0,29,143,0,0,0,0.7931034482758621,0,0,-0.8402,1,0,1,0.0,0,1,0,1.0,0.0
9e206732-c527-4256-9abb-e077c0adc7af,Instagram,Social Media,Baby Das,Unknown,4,2025-11-09 08:54:49,"Useful entertainer app. To mention, there are certain limitations; most importantly, sharing of documents from instagram is limited to instagram only.","useful entertainer app. to mention, there are certain limitations; most importantly, sharing of documents from instagram is limited to instagram only.",0,21,150,0,0,0,0.9047619047619048,0,1,0.8852,1,0,1,0.0,0,1,0,4.0,0.0
c98a7631-76a1-4706-b207-00b9301f601d,Instagram,Social Media,Minhao Soro,Unknown,5,2025-11-09 08:57:03,the best,the best,0,2,8,0,0,0,1.0,0,0,0.6369,1,0,1,0.0,0,2,0,5.0,0.0
8322ce10-15e9-4855-b0e6-ce4b55578c3e,Instagram,Social Media,Tellapati Srinivasarao,Unknown,5,2025-11-09 08:58:46,🤩 super 🤩,🤩 super 🤩,0,3,9,2,0,0,0.6666666666666666,0,0,0.5994,1,0,1,0.0,0,1,0,5.0,0.0
f1906d29-1aa4-4cba-a8ae-28b60effafae,Instagram,Social Media,Ameen M.X,Unknown,5,2025-11-09 08:59:31,very useful 👌,very useful 👌,0,3,13,1,0,0,1.0,0,0,0.871,1,0,1,0.0,0,1,0,5.0,0.0
859acd14-44ac-40d6-8767-8e35d16b156b,Instagram,Social Media,Sanjay Yadav,Unknown,5,2025-11-09 08:59:40,my videos get viral plss,my videos get viral plss,0,5,24,0,0,0,1.0,0,0,0.0,1,0,1,0.0,0,1,0,5.0,0.0
8c17d8f4-04ff-41a3-8cf4-02840106125a,Instagram,Social Media,Amarlal Meghwal,Unknown,5,2025-11-09 08:59:40,accha hai,accha hai,0,2,9,0,0,0,1.0,0,1,0.0,1,0,1,0.0,0,1,0,5.0,0.0
a0ac8de2-b015-4a01-8566-5372a22e569f,Instagram,Social Media,Vanmistry Omondi,Unknown,5,2025-11-09 08:59:43,Feels good when using this app,feels good when using this app,0,6,30,0,0,0,1.0,0,1,0.4404,1,0,1,0.0,0,1,0,5.0,0.0
90b1e6fb-4fb5-4494-840c-910e7b7de891,Instagram,Social Media,dev Pandya,Unknown,5,2025-11-09 09:00:21,great appp,great appp,0,2,10,0,0,0,1.0,0,1,0.6249,1,0,1,0.0,0,1,0,5.0,0.0
8813dbe4-8012-4497-a203-b2ab2d655061,Instagram,Social Media,Aadi Dhakad,Unknown,5,2025-11-09 09:00:30,Nice follow aadi_.099,nice follow aadi_.099,0,3,21,0,0,0,1.0,0,0,0.4215,1,0,1,0.0,0,1,0,5.0,0.0
1f4f2e6a-1ec3-492b-872f-648b12eb56ca,Instagram,Social Media,Akash Kumar,Unknown,5,2025-11-09 09:01:16,butiful,butiful,0,1,7,0,0,0,1.0,0,0,0.0,1,0,1,0.0,0,2,0,5.0,0.0
9bc839c6-b7a8-44e8-bd37-ddbd3be29ee2,Instagram,Social Media,Rehaannn,Unknown,5,2025-11-09 09:01:57,Assalamu Alaikum guys 👫👬👭,assalamu alaikum guys 👫👬👭,0,4,25,3,0,0,1.0,0,0,0.0,1,0,1,0.0,0,1,0,5.0,0.0
d81c7570-129c-4673-aa01-c7ad50050b9f,Instagram,Social Media,Ajay M ajay,Unknown,3,2025-11-09 09:02:50,Support,support,0,1,7,0,0,0,1.0,0,0,0.4019,1,0,1,0.0,0,2,0,3.0,0.0
e62f4854-07f5-46e3-aa7a-d0bedfb8fded,Instagram,Social Media,Tania Akter,Unknown,1,2025-11-09 09:03:24,recently 3 of my id got suspended after and after but I did not break any guidelines so I really request Instagram to fix the problem and if you can give me my id back it would be a pleasure.,recently 3 of my id got suspended after and after but i did not break any guidelines so i really request instagram to fix the problem and if you can give me my id back it would be a pleasure.,0,40,191,0,0,0,0.875,0,0,0.1154,1,0,1,0.0,0,1,0,1.0,0.0
348b2af4-4121-499b-879f-4a43b9d9303a,Instagram,Social Media,Av Gaming,Unknown,1,2025-11-09 09:03:26,new update is trash 🗑,new update is trash 🗑,0,5,21,1,0,0,1.0,0,0,0.0,1,0,1,0.0,0,1,0,1.0,0.0
98f1cc6e-572b-43d0-a264-513afd274322,Instagram,Social Media,Joy Wachira,Unknown,5,2025-11-09 09:04:02,"Amazing 😍 I love it ,belle","amazing 😍 i love it ,belle",0,6,26,1,0,0,1.0,0,0,0.9001,1,0,1,0.0,0,1,0,5.0,0.0
3438b292-4e87-4060-8dec-afd6deb56333,Instagram,Social Media,Ratnakar Behera,Unknown,1,2025-11-09 09:04:12,very bad 😞😔,very bad 😞😔,0,3,11,2,0,0,1.0,0,0,-0.7828,1,0,1,0.0,0,1,0,1.0,0.0
fe6ae24f-5704-47e3-9720-971ce6e5e28e,Instagram,Social Media,Doha T,Unknown,4,2025-11-09 09:05:12,Being a beta tester is really trash. I wasn't receiving any of my friends notifications and the app was 2 times bigger than the original app size!!,being a beta tester is really trash. i wasn't receiving any of my friends notifications and the app was 2 times bigger than the original app size!!,0,27,147,0,0,0,0.9259259259259259,0,1,0.717,1,0,1,0.0,0,1,0,4.0,0.0
16a1df20-2541-48f7-a0f6-878ab8c49a31,Instagram,Social Media,Bhushan Batte,Unknown,5,2025-11-09 09:05:17,changla,changla,0,1,7,0,0,0,1.0,0,0,0.0,1,0,1,0.0,0,1,0,5.0,0.0
4ea8ecbd-fbbf-4dd8-86b0-045a00b16c85,Instagram,Social Media,Sila Ghodei,Unknown,5,2025-11-09 09:06:15,"This is a best platform to share our feelings, thoughts and as well as our mind set.... it's a good platform...👍🏻","this is a best platform to share our feelings, thoughts and as well as our mind set.... it's a good platform...👍🏻",0,21,113,2,0,0,0.8571428571428571,0,0,0.886,1,0,1,0.0,0,1,0,5.0,0.0
f6b4064a-1541-40e9-a2b8-61f79d23b6df,Instagram,Social Media,Janvi Prajapati,Unknown,5,2025-11-09 09:06:20,very Important apo,very important apo,0,3,18,0,0,0,1.0,0,0,0.2716,1,0,1,0.0,0,1,0,5.0,0.0
474d738d-9e8f-4ff9-8e0d-b41af71bfe14,Instagram,Social Media,Dharma Ataka,Unknown,5,2025-11-09 09:07:05,happy 😊,happy 😊,0,2,7,1,0,0,1.0,0,1,0.8658,1,0,1,0.0,0,1,0,5.0,0.0
ec7f75f2-500f-4d10-884b-55c544cea9f3,Instagram,Social Media,Shyam shyam,Unknown,1,2025-11-09 09:07:34,very 😞,very 😞,0,2,6,1,0,0,1.0,0,0,-0.5256,1,0,1,0.0,0,1,0,1.0,0.0
4e0e53c0-61a8-4c46-afa4-b1b388329c6a,Instagram,Social Media,Husain Ahmad,Unknown,5,2025-11-09 09:07:53,it is very useful,it is very useful,0,4,17,0,0,0,1.0,0,0,0.4927,1,0,1,0.0,0,1,0,5.0,0.0
60f42183-c35f-49c7-8f5b-8ebf69a87720,Instagram,Social Media,Ayush Raj yadav,Unknown,3,2025-11-09 09:08:59,just time waste app u will get addicted giving 3 star cause u can share stories which is very interesting 🍂🥀🌼 and also u can connect to world know about incidents that newspaper can't print,just time waste app u will get addicted giving 3 star cause u can share stories which is very interesting 🍂🥀🌼 and also u can connect to world know about incidents that newspaper can't print,0,35,189,3,0,0,0.9142857142857143,0,1,0.2534,1,0,1,0.0,0,1,0,3.0,0.0
9c2825f8-7a2b-49f7-89aa-c3426fe6579d,Instagram,Social Media,Viswanadhapalli Kondalarao,Unknown,5,2025-11-09 09:09:02,yup great,yup great,0,2,9,0,0,0,1.0,0,0,0.6249,1,0,1,0.0,0,1,0,5.0,0.0
7fec26b4-5430-400a-8f63-ba05d5b59776,Instagram,Social Media,Marcus Espino,Unknown,1,2025-11-09 09:09:10,there have been times I've reported numerous of bugs and they never gotten fixed,there have been times i've reported numerous of bugs and they never gotten fixed,1,14,80,0,0,0,1.0,0,0,0.0,1,0,1,0.0,0,1,0,1.0,0.0
097d6c8f-55e2-46be-8634-732e04a2b9b2,Instagram,Social Media,Samuel Nwosu,Unknown,5,2025-11-09 09:09:48,the graphs are awesome,the graphs are awesome,0,4,22,0,0,0,1.0,0,0,0.6249,1,0,1,0.0,0,1,0,5.0,0.0
44a2005f-73e0-4604-bff1-23a214f74c45,Instagram,Social Media,Nishant Kashyap,Unknown,3,2025-11-09 09:09:54,filter not working @its_x_sumo_x.001,filter not working @its_x_sumo_x.001,0,4,36,0,0,0,1.0,0,0,0.0,1,0,1,0.0,0,1,0,3.0,0.0
953ccf6b-0559-4c9b-8517-2fd260ad7c38,Instagram,Social Media,ABHISHEK KUMAR,Unknown,5,2025-11-09 09:10:16,Best app to consume daily to kill time and opportunities that will lead you to hell obviously...,best app to consume daily to kill time and opportunities that will lead you to hell obviously...,0,17,96,0,0,0,0.8823529411764706,0,1,-0.5423,1,0,1,0.0,0,1,1,5.0,0.0
25a093da-423a-4405-8fa5-4104d789a45f,Instagram,Social Media,Zarin Cutie,Unknown,3,2025-11-09 09:11:31,after this new update..... I hate forward 5 feature,after this new update..... i hate forward 5 feature,0,9,51,0,0,0,1.0,0,0,-0.5719,1,0,1,0.0,0,1,0,3.0,0.0
8dc2ac6a-ec8a-4d20-a0d3-0d3b0f754dae,Instagram,Social Media,Kenny G,Unknown,5,2025-11-09 09:12:09,worth My Time!!!,worth my time!!!,0,3,16,0,0,0,1.0,0,0,0.4168,1,0,1,0.0,0,1,0,5.0,0.0
a3f76bef-58c3-4577-bb93-af1823bd2ba6,Instagram,Social Media,G Rajini,Unknown,5,2025-11-09 09:12:22,sooooo!!!! sooooo!!!!!,sooooo!!!! sooooo!!!!!,0,2,22,0,0,0,1.0,0,0,0.0,1,0,1,0.0,0,1,0,5.0,0.0
187f7ffb-6606-475e-9b7d-f0498c71f511,Instagram,Social Media,Harpreet Kour,Unknown,5,2025-11-09 09:12:36,its good 😊,its good 😊,0,3,10,1,0,0,1.0,0,0,0.836,1,0,1,0.0,0,1,0,5.0,0.0
36d1ef34-d672-421f-ace6-140e747cac4b,Instagram,Social Media,Moon Light,Unknown,4,2025-11-09 09:16:37,auto scroll ka option kab tak available hoga🙂,auto scroll ka option kab tak available hoga🙂,0,8,45,1,0,0,1.0,0,0,0.4033,1,0,1,0.0,0,1,0,4.0,0.0
b9280b54-006c-4f08-83f1-7f9dc3c57a43,Instagram,Social Media,Md Junaid,Unknown,5,2025-11-09 09:16:44,About ok,about ok,0,2,8,0,0,0,1.0,0,0,0.296,1,0,1,0.0,0,1,0,5.0,0.0
c2d6a240-f300-43e3-a6aa-2f2cd45659b3,Instagram,Social Media,Reemo,Unknown,5,2025-11-09 09:17:46,best app ive ever had.,best app ive ever had.,0,5,22,0,0,0,1.0,0,1,0.6369,1,0,1,0.0,0,1,0,5.0,0.0
8fc6f2da-5a31-4403-9bf6-5fbe40344a84,Instagram,Social Media,bala krish,Unknown,1,2025-11-09 09:18:16,stop fake ads all online betting odds stop 420 ads 420 Instagram,stop fake ads all online betting odds stop 420 ads 420 instagram,0,12,64,0,0,0,0.75,0,0,-0.7579,1,0,1,0.0,0,1,0,1.0,0.0
2be69aa5-50b1-49fe-a551-3ad741f2a415,Instagram,Social Media,Aman Baraiya,Unknown,5,2025-11-09 09:18:37,agar app me bugs ane lage to samaj jao update are available,agar app me bugs ane lage to samaj jao update are available,0,12,59,0,0,0,1.0,0,1,0.0,1,0,1,0.0,0,1,0,5.0,0.0
eca200b2-b51e-4e73-8a6e-aabc01ad2d70,Instagram,Social Media,Rajeeb Singh,Unknown,5,2025-11-09 09:19:06,instagram is perfect sharing photos and videos,instagram is perfect sharing photos and videos,0,7,46,0,0,0,1.0,0,0,0.7579,1,0,1,0.0,0,1,0,5.0,0.0
8f7d1b2b-9665-4db1-9faf-1cbf7bc0d1c1,Instagram,Social Media,Arjun Saini,Unknown,5,2025-11-09 09:19:15,Arjunsaini Ji,arjunsaini ji,0,2,13,0,0,0,1.0,0,0,0.0,1,0,1,0.0,0,1,0,5.0,0.0
b3be6bfc-14df-4690-8019-0e3f346e1f71,Instagram,Social Media,Mofoluwasho Ogunmokun,Unknown,5,2025-11-09 09:19:23,Love it. Been using for over 10 years and the experience keeps getting better.,love it. been using for over 10 years and the experience keeps getting better.,0,14,78,0,0,0,1.0,0,0,0.7964,1,0,1,0.0,0,1,0,5.0,0.0
0e2bd30e-5b88-4f60-a5c6-129f97e721f4,Instagram,Social Media,Ashok Dhanuk,Unknown,5,2025-11-09 09:19:36,this app is awesome 👍😎,this app is awesome 👍😎,0,5,22,2,0,0,1.0,0,1,0.7964,1,0,1,0.0,0,1,0,5.0,0.0
58b18c1f-4348-47d6-b327-0491b7ff1b92,Instagram,Social Media,Mehtab Ahmed,Unknown,1,2025-11-09 09:19:48,I liked So much 😍,i liked so much 😍,0,5,17,1,0,0,1.0,0,0,0.7251,1,0,1,0.0,0,1,1,1.0,0.0
a33bd562-11fc-420c-8a58-05734e51dedb,Instagram,Social Media,Asgar Alam,Unknown,4,2025-11-09 09:19:59,nice app 👍,nice app 👍,0,3,10,1,0,0,1.0,0,1,0.4215,1,0,1,0.0,0,1,0,4.0,0.0
58f448de-878e-4584-9954-63fdcea3ad4a,Instagram,Social Media,jaddo,Unknown,5,2025-11-09 09:21:12,Socialble and entertaining.,socialble and entertaining.,0,3,27,0,0,0,1.0,0,0,0.4404,1,0,1,0.0,0,1,0,5.0,0.0
1f8d2752-cf4a-4754-9056-92fc36b83f40,Instagram,Social Media,Sanjana Sanjana,Unknown,2,2025-11-09 09:21:42,I am unable to get the new version installed not showing friends reels and activity friends tab worst how many time I have to report while everyone are getting the updated version worst experience,i am unable to get the new version installed not showing friends reels and activity friends tab worst how many time i have to report while everyone are getting the updated version worst experience,0,34,196,0,0,0,0.8235294117647058,1,0,-0.825,1,0,1,0.0,0,1,0,2.0,0.0
9a19e676-dacb-4249-a9c2-ca1df41246a9,Instagram,Social Media,Anne Bosch,Unknown,1,2025-11-09 09:24:04,Can't watch ig reels,can't watch ig reels,0,4,20,0,0,0,1.0,0,0,0.0,1,0,1,0.0,0,1,0,1.0,0.0
482df630-c14f-4e02-9310-a027647bee85,Instagram,Social Media,Manikandan P,Unknown,2,2025-11-09 09:24:05,i hate repost button placement,i hate repost button placement,0,5,30,0,0,0,1.0,0,0,-0.5719,1,0,1,0.0,0,1,0,2.0,0.0
6fcf51b6-b3db-41b8-9fc8-8360589eac5b,Instagram,Social Media,Shabnam Thakur,Unknown,5,2025-11-09 09:25:03,Really a good and it help me in my study. Thankyou instagram 😘 love u,really a good and it help me in my study. thankyou instagram 😘 love u,0,15,69,1,0,0,1.0,0,0,0.9166,1,0,1,0.0,0,1,0,5.0,0.0
6496ef72-9a0f-471d-8e2b-141d7a34bbbc,Instagram,Social Media,ashutosh verma,Unknown,1,2025-11-09 09:26:42,in relevant content,in relevant content,0,3,19,0,0,0,1.0,0,0,0.0,1,0,1,0.0,0,1,0,1.0,0.0
b52739b7-ffac-4ef2-89f9-9b810fa98e0d,Instagram,Social Media,Fatimazahra Salih,Unknown,5,2025-11-09 09:27:04,goooood,goooood,0,1,7,0,0,0,1.0,0,0,0.0,1,0,1,0.0,0,1,0,5.0,0.0
a74c2c52-22d6-42cc-8822-bc26f0baa491,Instagram,Social Media,Adhithyasivakumar,Unknown,1,2025-11-09 09:28:03,the worst app,the worst app,0,3,13,0,0,0,1.0,0,1,-0.6249,1,0,1,0.0,0,1,0,1.0,0.0
28ebaf7b-0e30-4064-bf57-897fc26feea7,Instagram,Social Media,Noor Zaman,Unknown,5,2025-11-09 09:29:35,this very nice 👍 app,this very nice 👍 app,0,5,20,1,0,0,1.0,0,1,0.4754,1,0,1,0.0,0,1,0,5.0,0.0
9921c1d4-0f12-4f79-a9ed-eaf56f5b31af,Instagram,Social Media,Kartik Kumar,Unknown,4,2025-11-09 09:29:39,best of time paas,best of time paas,0,4,17,0,0,0,1.0,0,0,0.6369,1,0,1,0.0,0,1,0,4.0,0.0
69777cf2-feed-44e9-ae5f-e368a46e621b,Instagram,Social Media,Devanshu gautam,Unknown,1,2025-11-09 09:30:00,too much ads,too much ads,0,3,12,0,0,0,1.0,0,0,0.0,1,0,1,0.0,0,1,0,1.0,0.0
ca3958b0-4de5-4352-ab72-c3d24f9d8b41,Instagram,Social Media,Jwalilasya Reddy,Unknown,5,2025-11-09 09:30:24,soo good 😊 not boring at all,soo good 😊 not boring at all,0,7,28,1,0,0,1.0,0,0,0.8709,1,0,1,0.0,0,1,0,5.0,0.0
06f40d01-c6bf-4a77-9273-09e80790f61d,Instagram,Social Media,Itz Kartik,Unknown,1,2025-11-09 09:30:30,Subject:** Request to Restore My Disabled instagram Account,subject:** request to restore my disabled instagram account,0,8,59,0,0,0,1.0,0,0,0.296,1,0,1,0.0,0,1,0,1.0,0.0
b1047797-cd4e-4256-a45b-fcb58cb2d548,Instagram,Social Media,Shivam Shivam Meena,Unknown,5,2025-11-09 09:30:49,i really good app white injoy day full time paas and thank for,i really good app white injoy day full time paas and thank for,0,13,62,0,0,0,1.0,0,1,0.6901,1,0,1,0.0,0,1,0,5.0,0.0
f1209dfd-6c49-4a6a-8f9c-54d444bc16c6,Instagram,Social Media,md buttu,Unknown,5,2025-11-09 09:30:57,Good apps,good apps,0,2,9,0,0,0,1.0,0,1,0.4404,1,0,1,0.0,0,3,0,5.0,0.0
560a4336-5b84-4bea-a604-b473ef8da63c,Instagram,Social Media,ghazala shehzadi,Unknown,2,2025-11-09 09:32:05,medium not good,medium not good,0,3,15,0,0,0,1.0,0,0,-0.3412,1,0,1,0.0,0,1,0,2.0,0.0
04d055cc-1a0e-4612-bc47-090f2baf241e,Instagram,Social Media,Vignesh Kp,Unknown,5,2025-11-09 09:32:09,good social media platform.,good social media platform.,0,4,27,0,0,0,1.0,0,0,0.4404,1,0,1,0.0,0,1,0,5.0,0.0
c68be2d8-f8b8-41a1-a24d-e61f4ccd0f2b,Instagram,Social Media,Syed Meesum Ali kazmi,Unknown,1,2025-11-09 09:32:11,"These Instagram people have closed all my accounts without any reason, the employees of this organization are number one idiots, they do not know whose account should be closed, they have closed all mine without any reason.","these instagram people have closed all my accounts without any reason, the employees of this organization are number one idiots, they do not know whose account should be closed, they have closed all mine without any reason.",0,37,223,0,0,0,0.8378378378378378,0,0,0.0772,1,0,1,0.0,0,1,0,1.0,0.0
f0e133c9-d285-4f61-84e4-0c4fdc9a0ba8,Instagram,Social Media,Enrique Moreno Collaz,Unknown,1,2025-11-09 09:32:18,"Garbage, messages dont load correctly, sharing stuff recommends people i rarely ever talk too,loading takes 50 years, stories dont load with correct quality.","garbage, messages dont load correctly, sharing stuff recommends people i rarely ever talk too,loading takes 50 years, stories dont load with correct quality.",0,23,157,0,0,0,0.9130434782608695,0,0,-0.1109,1,0,1,0.0,0,1,0,1.0,0.0
f3850a47-a25e-4d35-baeb-dcaf63b4eb34,Instagram,Social Media,Chalpati rao Kelam,Unknown,5,2025-11-09 09:33:10,insta always knows my mood whenever I open it,insta always knows my mood whenever i open it,0,9,45,0,0,0,1.0,0,0,0.0,1,0,1,0.0,0,1,0,5.0,0.0
d93eb000-631c-4c95-943b-14ea272e8953,Instagram,Social Media,Krishna Sharma,Unknown,5,2025-11-09 09:33:22,bawaal chiz hai be pura system hil jata hai,bawaal chiz hai be pura system hil jata hai,0,9,43,0,0,0,0.8888888888888888,0,1,0.0,1,0,1,0.0,0,1,0,5.0,0.0
dd37615f-369b-4d48-8038-ca286e76df10,Instagram,Social Media,abhishek lodhi,Unknown,1,2025-11-09 09:33:55,very bad,very bad,0,2,8,0,0,0,1.0,0,0,-0.5849,1,0,1,0.0,0,2,0,1.0,0.0
40b81445-3ee3-4078-a69a-3defc8e9fbf0,Instagram,Social Media,Belmin Oruc,Unknown,1,2025-11-09 09:34:49,Actually awfull experience. I have never seen Ads this invasive. I can't wait for instagram to die like facebook did.,actually awfull experience. i have never seen ads this invasive. i can't wait for instagram to die like facebook did.,0,20,117,0,0,0,0.95,0,0,-0.34,1,0,1,0.0,0,1,0,1.0,0.0
679c6090-00db-44dd-a911-b50010804148,Instagram,Social Media,Suhanshi Singh Kushwaha,Unknown,5,2025-11-09 09:34:54,i love it 🤩,i love it 🤩,0,4,11,1,0,0,1.0,0,0,0.6369,1,0,1,0.0,0,1,0,5.0,0.0
c6b42381-becb-4c41-a2a1-b2540991baef,Instagram,Social Media,Ajay Shirtode,Unknown,5,2025-11-09 09:35:47,THIS IA A BEST APP,this ia a best app,0,5,18,0,0,4,1.0,0,1,0.6369,1,0,1,0.0,0,1,0,5.0,0.0
8dc81dae-c484-4544-828d-ee2b2070107a,Instagram,Social Media,Abdullah Kaleem,Unknown,3,2025-11-09 09:36:55,good adviceer,good adviceer,0,2,13,0,0,0,1.0,0,0,0.4404,1,0,1,0.0,0,1,0,3.0,0.0
0cce3a9e-5bfd-4063-b724-6a57d428c213,Instagram,Social Media,Bebi Aaeesha,Unknown,5,2025-11-09 09:37:15,VARY EASY,vary easy,0,2,9,0,0,2,1.0,0,0,0.4404,1,0,1,0.0,0,1,0,5.0,0.0
520217b5-190a-4eb1-aa2a-5ee58dbcfb1d,Instagram,Social Media,Tshidiso Nicolas Letshele,Unknown,5,2025-11-09 09:37:30,it's Hella nice u get to share the world from ur own experience and u get a chance to meet new people all the time,it's hella nice u get to share the world from ur own experience and u get a chance to meet new people all the time,0,25,114,0,0,0,0.84,0,0,0.7425,1,0,1,0.0,0,1,0,5.0,0.0
31f0c614-72be-438c-9da6-12c9eaf32d31,Instagram,Social Media,Mazharul Ahmed Siam,Unknown,5,2025-11-09 09:37:34,always good,always good,0,2,11,0,0,0,1.0,0,0,0.4404,1,0,1,0.0,0,1,0,5.0,0.0
59d50bc2-673f-4282-8a04-08ccbbace989,Instagram,Social Media,Uliza Kassimu,Unknown,5,2025-11-09 09:38:50,Wakala 17,wakala 17,0,2,9,0,0,0,1.0,0,0,0.0,1,0,1,0.0,0,1,0,5.0,0.0
50095cd5-2dc5-4103-9f23-4d4e160d9770,Instagram,Social Media,Nita Vhore,Unknown,5,2025-11-09 09:38:52,bahut achcha hai,bahut achcha hai,0,3,16,0,0,0,1.0,0,1,0.0,1,0,1,0.0,0,1,0,5.0,0.0
f635ca5c-4874-4329-898d-f1d84358023e,Instagram,Social Media,Ethan,Unknown,4,2025-11-09 09:39:18,It was a great good app. On here you can share the great moments to everyone.,it was a great good app. on here you can share the great moments to everyone.,0,16,77,0,0,0,0.9375,0,1,0.9231,1,0,1,0.0,0,1,0,4.0,0.0
7caff810-b462-47ce-becd-fc5fa90bcd8d,Instagram,Social Media,Xx_pandit _ji,Unknown,5,2025-11-09 09:39:52,insta,insta,0,1,5,0,0,0,1.0,0,0,0.0,1,0,1,0.0,0,1,0,5.0,0.0
1ec153dd-af4e-44b1-b307-a90f442673dc,Instagram,Social Media,YS KI DUNIYA,Unknown,5,2025-11-09 09:40:22,his amazing,his amazing,0,2,11,0,0,0,1.0,0,0,0.5859,1,0,1,0.0,0,1,0,5.0,0.0
3cf32249-8169-4b84-900c-a9a5bf266fb5,Instagram,Social Media,Kelly britneyche,Unknown,3,2025-11-09 09:52:47,best for communication and interaction,best for communication and interaction,0,5,38,0,0,0,1.0,0,0,0.6369,1,0,1,0.0,0,1,0,3.0,0.0
2a700338-eab8-4c2e-a2f8-97bb58b27ab5,Instagram,Social Media,Amanat 786,Unknown,3,2025-11-09 09:56:25,ok good 👍😊,ok good 👍😊,0,3,10,2,0,0,1.0,0,0,0.8779,1,0,1,0.0,0,1,0,3.0,0.0
3a5f1c15-18cf-4a2b-afd4-45d4dcff7fb7,Instagram,Social Media,Devil Meena,Unknown,1,2025-11-09 09:58:06,may acount me new future not available😡😡😡😡😡😡😡😡😡😡😡😡😡😡😡😡😡😡😡😡😡😡😡😡😡😡😡😡😡😡😡😡😡😡😡😡😡😡😡😡😡😡😡😡😡😡,may acount me new future not available😡😡😡😡😡😡😡😡😡😡😡😡😡😡😡😡😡😡😡😡😡😡😡😡😡😡😡😡😡😡😡😡😡😡😡😡😡😡😡😡😡😡😡😡😡😡,1,7,84,46,0,0,1.0,0,0,0.0,1,0,1,0.0,0,1,0,1.0,0.0
b3b99e92-463e-4f72-ab66-4a589590e98c,Instagram,Social Media,Ajay Agarkar,Unknown,4,2025-11-09 09:59:05,must hay poray ho,must hay poray ho,0,4,17,0,0,0,1.0,0,0,0.0,1,0,1,0.0,0,1,0,4.0,0.0
cf899500-357e-45e4-8741-b0fb04e9a48a,Instagram,Social Media,Mrunmai Patil,Unknown,1,2025-11-09 10:01:34,it is bad for children,it is bad for children,0,5,22,0,0,0,1.0,0,0,-0.5423,1,0,1,0.0,0,1,0,1.0,0.0
e2c6f80b-6689-4cc7-b797-eb14c10242d4,Instagram,Social Media,Esrafhil Shaikh2,Unknown,3,2025-11-09 10:02:07,This is Call Is Not Working Please Problem Solved,this is call is not working please problem solved,0,9,49,0,0,0,0.8888888888888888,0,0,0.3391,1,0,1,0.0,0,1,0,3.0,0.0
b674a084-98d7-4674-a96b-47325489831f,Instagram,Social Media,Andrew Banda,Unknown,1,2025-11-09 10:02:38,The app is good for sharing photos with friends,the app is good for sharing photos with friends,0,9,47,0,0,0,1.0,0,1,0.8316,1,0,1,0.0,0,1,1,1.0,0.0
d6a5616c-a6b6-48d0-94b3-c62f08f917a9,Instagram,Social Media,Khushi Das,Unknown,4,2025-11-09 10:05:19,automatically my posts were deleted,automatically my posts were deleted,0,5,35,0,0,0,1.0,0,0,0.0,1,0,1,0.0,0,1,0,4.0,0.0
520713db-adc9-4c38-90fb-e015d1f3e5b3,Instagram,Social Media,Peprah Prince,Unknown,4,2025-11-09 10:05:59,Awesome to use,awesome to use,0,3,14,0,0,0,1.0,0,0,0.6249,1,0,1,0.0,0,1,0,4.0,0.0
06e963bd-0c40-4dae-807a-e14b219af337,Instagram,Social Media,Sérgio Marques,Unknown,2,2025-11-09 10:09:31,horrible app. 80% of my feeds are adds or stupid reels I never asked for. I can't imagine why it's so popular,horrible app. 80% of my feeds are adds or stupid reels i never asked for. i can't imagine why it's so popular,0,22,109,0,0,0,0.9545454545454546,0,1,-0.5079,1,0,1,0.0,0,1,0,2.0,0.0
25210dda-95ba-4fe1-a16c-bf607e3b0fda,Instagram,Social Media,Ankit Goyal,Unknown,1,2025-11-09 10:13:22,"worst social media aap, my 10 years old account is disabled without giving any proper reason.","worst social media aap, my 10 years old account is disabled without giving any proper reason.",0,16,93,0,0,0,1.0,0,0,-0.7299,1,0,1,0.0,0,1,0,1.0,0.0
203cbcfb-2e8d-4c41-afed-150210a9c061,Instagram,Social Media,bobby yedurupakala,Unknown,3,2025-11-09 10:13:53,I did not like the ui feature in this app for my android phone can the instagram help to remove the ui feature in the settings please remove the ui feature it's disgusting,i did not like the ui feature in this app for my android phone can the instagram help to remove the ui feature in the settings please remove the ui feature it's disgusting,0,33,171,0,0,0,0.696969696969697,0,1,-0.1306,1,0,1,0.0,0,1,0,3.0,0.0
4e89ded8-582e-4d6a-ab7b-f874e0cbc77e,Instagram,Social Media,Jyoti Rohitash,Unknown,1,2025-11-09 10:16:57,I love Instagram ❤️ 😍,i love instagram ❤️ 😍,0,5,21,1,0,0,1.0,0,0,0.802,1,0,1,0.0,0,1,1,1.0,0.0
560f9c5a-625a-4de1-b2ce-2374661a15d5,Instagram,Social Media,Mohammad Kareemulla,Unknown,4,2025-11-09 10:21:44,awesome by using this app,awesome by using this app,0,5,25,0,0,0,1.0,0,1,0.6249,1,0,1,0.0,0,1,0,4.0,0.0
59a0a84b-b736-4286-ba24-1ba7619c1cb2,Instagram,Social Media,Ss Pandey,Unknown,1,2025-11-09 10:23:36,many many glitches 😒,many many glitches 😒,0,4,20,1,0,0,0.75,0,0,0.0,1,0,1,0.0,0,1,0,1.0,0.0
0241d633-cd85-4a3a-bf4a-0e4fae4e78cc,Instagram,Social Media,Premraj Ahire,Unknown,1,2025-11-09 10:25:30,Too much nudity violence and unfiltered content make it safe to use and filter the content make it better and safe for everyone,too much nudity violence and unfiltered content make it safe to use and filter the content make it better and safe for everyone,0,23,127,0,0,0,0.7391304347826086,0,0,0.5574,1,0,1,0.0,0,1,1,1.0,0.0
9559b693-a59e-40e0-af08-e9400d6a30cf,Instagram,Social Media,Krysten Lola,Unknown,2,2025-11-09 10:27:39,sometimes stories wont open,sometimes stories wont open,0,4,27,0,0,0,1.0,0,0,0.0,1,0,1,0.0,0,1,0,2.0,0.0
1954d314-a943-47bf-b069-f0b165354074,Instagram,Social Media,Samar Meshram,Unknown,1,2025-11-09 10:30:46,me not give stop reel button please give,me not give stop reel button please give,0,8,40,0,0,0,0.875,0,0,0.4919,1,0,1,0.0,0,1,0,1.0,0.0
7f5336db-76b1-4441-9882-a82484e2de11,Instagram,Social Media,Vipin Saini,Unknown,5,2025-11-09 10:32:12,nitin,nitin,0,1,5,0,0,0,1.0,0,0,0.0,1,0,1,0.0,0,1,0,5.0,0.0
356bf7a1-3bd5-44d2-a1b9-74b497749067,Instagram,Social Media,Ranjit Tandel,Unknown,5,2025-11-09 10:35:02,this is very nice app i enjoyed vary well,this is very nice app i enjoyed vary well,0,9,41,0,0,0,1.0,0,1,0.8173,1,0,1,0.0,0,1,0,5.0,0.0
7a986ac0-7344-4621-ac26-cbb737a97e44,Instagram,Social Media,Siddiq Raza,Unknown,1,2025-11-09 10:35:31,worst working app glitches are running in app solve this problem insta team,worst working app glitches are running in app solve this problem insta team,0,13,75,0,0,0,0.9230769230769231,0,1,-0.7525,1,0,1,0.0,0,1,0,1.0,0.0
290dd64a-8f31-495f-bdb6-2bfe7dcddb05,Instagram,Social Media,Sshiva Yadav,Unknown,5,2025-11-09 10:35:37,THIS IS VERY NICE,this is very nice,0,4,17,0,0,4,1.0,0,0,0.4754,1,0,1,0.0,0,1,0,5.0,0.0
19fff80e-ed5c-44fa-b626-cb8d1ebd5d92,Instagram,Social Media,Nitin Kushwah,Unknown,3,2025-11-09 10:35:42,My account is not grown devil_classy_nitin,my account is not grown devil_classy_nitin,0,6,42,0,0,0,1.0,0,0,0.0,1,0,1,0.0,0,1,0,3.0,0.0
2198fcda-4e57-4522-910f-ccdb29949a96,Instagram,Social Media,Dexter Pratt,Unknown,4,2025-11-09 10:35:52,it cool,it cool,0,2,7,0,0,0,1.0,0,0,0.3182,1,0,1,0.0,0,1,0,4.0,0.0
bad43216-5ad2-408f-bf7d-1951d8976ce7,Instagram,Social Media,AM gamer,Unknown,5,2025-11-09 10:36:24,it's so good,it's so good,0,3,12,0,0,0,1.0,0,0,0.4927,1,0,1,0.0,0,1,0,5.0,0.0
c86acd13-62b8-47e6-9a4d-f8dbd0c71314,Instagram,Social Media,Pradeep Sangela,Unknown,4,2025-11-09 10:37:02,Awesome app,awesome app,0,2,11,0,0,0,1.0,0,1,0.6249,1,0,1,0.0,0,1,0,4.0,0.0
bc84923f-a5e5-4931-95ae-83b12e5746a8,Instagram,Social Media,Remya Raveendran,Unknown,5,2025-11-09 10:37:21,very uper,very uper,0,2,9,0,0,0,1.0,0,0,0.0,1,0,1,0.0,0,1,0,5.0,0.0
6a132532-1593-40aa-9bbd-23190291d824,Instagram,Social Media,Ishant Gupta,Unknown,1,2025-11-09 10:37:35,my account has been disable __itz_._ishant__,my account has been disable __itz_._ishant__,0,6,44,0,0,0,1.0,0,0,0.0,1,0,1,0.0,0,1,0,1.0,0.0
38bc0a93-99b3-4ed9-b667-db0e6bdb06e6,Instagram,Social Media,Raju Singh,Unknown,5,2025-11-09 10:38:07,good nice,good nice,0,2,9,0,0,0,1.0,0,0,0.6908,1,0,1,0.0,0,1,0,5.0,0.0
886fee8b-43dc-4fa0-a1b1-20280486e585,Instagram,Social Media,Jayanta Dey,Unknown,5,2025-11-09 10:38:15,It's good for entertainment,it's good for entertainment,0,4,27,0,0,0,1.0,0,0,0.6908,1,0,1,0.0,0,1,0,5.0,0.0
44adb968-0fa1-4949-8994-d3aa7f866904,Instagram,Social Media,Aaron Ramsey,Unknown,5,2025-11-09 10:39:14,This deserves all 5 stars man say what you want but this is the best social media app of all time Insta 😍😍😍,this deserves all 5 stars man say what you want but this is the best social media app of all time insta 😍😍😍,0,23,107,3,0,0,0.9130434782608695,0,1,0.9636,1,0,1,0.0,0,1,0,5.0,0.0
63995a4f-6144-4f43-b5af-af9020c9bd08,Instagram,Social Media,Katia Vassi,Unknown,5,2025-11-09 10:39:56,Love the new features ✨,love the new features ✨,0,5,23,0,0,0,1.0,0,0,0.7579,1,0,1,0.0,0,1,0,5.0,0.0
94165dfb-f436-4e6b-9f9b-e76f522932b3,Instagram,Social Media,Riyaz Ali,Unknown,5,2025-11-09 10:41:42,good 👍😊,good 👍😊,0,2,7,2,0,0,1.0,0,0,0.836,1,0,1,0.0,0,1,0,5.0,0.0
af62f868-262e-4b76-965a-63f54fdad9b0,Instagram,Social Media,gulab ray,Unknown,1,2025-11-09 10:42:09,video bana kr dalne ke baad no lipxing match very bad feel so please tha best results for insta,video bana kr dalne ke baad no lipxing match very bad feel so please tha best results for insta,0,19,95,0,0,0,1.0,0,0,0.2648,1,0,1,0.0,0,1,0,1.0,0.0
715ec6ba-f525-4804-90cd-dfbce4e2afdf,Instagram,Social Media,uma Dalapati,Unknown,4,2025-11-09 10:42:57,very nice,very nice,0,2,9,0,0,0,1.0,0,0,0.4754,1,0,1,0.0,0,2,0,4.0,0.0
2d959786-350c-4aca-b657-1eefb1a8c815,Instagram,Social Media,mukesh yadav,Unknown,5,2025-11-09 10:47:06,Mera uda his I'd lane ke liya sukria,mera uda his i'd lane ke liya sukria,0,8,36,0,0,0,1.0,0,0,0.0,1,0,1,0.0,0,1,0,5.0,0.0
f80f1e24-b7f6-4c40-8d21-c71f456adcb6,Instagram,Social Media,Sarvesh Maurya,Unknown,5,2025-11-09 10:47:12,happy,happy,0,1,5,0,0,0,1.0,0,1,0.5719,1,0,1,0.0,0,2,0,5.0,0.0
f55a1e5b-c270-4d89-b911-4a91181dc44f,Instagram,Social Media,Hasinur Ali,Unknown,5,2025-11-09 10:47:39,this app dizarv 5 stars it's my opinion 😉,this app dizarv 5 stars it's my opinion 😉,0,9,41,1,0,0,1.0,0,1,0.0,1,0,1,0.0,0,1,0,5.0,0.0
4581ce8f-08a8-4a3b-b545-fffee2390242,Instagram,Social Media,Mehnas 786,Unknown,5,2025-11-09 10:52:20,very well,very well,0,2,9,0,0,0,1.0,0,0,0.3384,1,0,1,0.0,0,1,0,5.0,0.0
169fcd28-bd3a-4751-aeb6-504a8dfaf6bb,Instagram,Social Media,Swadhin Badsha,Unknown,5,2025-11-09 10:52:41,beautiful 🚨,beautiful 🚨,0,2,11,1,0,0,1.0,0,0,0.5994,1,0,1,0.0,0,1,0,5.0,0.0
2fc66a62-361c-4906-8e05-211678a22a84,Instagram,Social Media,Rahul,Unknown,4,2025-11-09 10:53:11,I love it 😍😍😍,i love it 😍😍😍,0,4,13,3,0,0,1.0,0,0,0.9217,1,0,2,0.0,0,1,0,2.5,2.1213203435596424
680c757e-26bd-4d5f-ae25-08c41c6eb1e9,Instagram,Social Media,SudheeR SudheeR,Unknown,3,2025-11-09 10:53:45,ok ok,ok ok,0,2,5,0,0,0,0.5,0,0,0.5267,1,0,1,0.0,0,3,0,3.0,0.0
cf99fe39-e25a-4557-bbec-c581b680182a,Instagram,Social Media,Khadijah Ibrahim,Unknown,3,2025-11-09 10:53:48,I miss the Instagram I could tap on the speaker icon 🔇 to mute reel sounds. bring that back please,i miss the instagram i could tap on the speaker icon 🔇 to mute reel sounds. bring that back please,0,20,98,1,0,0,0.9,0,0,0.1779,1,0,1,0.0,0,1,0,3.0,0.0
faab58b9-15e9-497a-901d-f2674cff4f10,Instagram,Social Media,Jayesh Joshi,Unknown,5,2025-11-09 10:55:07,nice ❤️‍🔥,nice ❤️‍🔥,0,2,9,1,0,0,1.0,0,0,0.1027,1,0,1,0.0,0,1,0,5.0,0.0
11c36c0b-ab47-4c7e-9bcf-58605966041e,Instagram,Social Media,Prithvi Raj (Krishna),Unknown,4,2025-11-09 10:57:21,"very nice social media platforms to connecting people and express feelings, thought including entertainment","very nice social media platforms to connecting people and express feelings, thought including entertainment",0,14,107,0,0,0,1.0,0,0,0.7089,1,0,1,0.0,0,1,0,4.0,0.0
3e4a6c2b-187b-4449-a0a0-1c41d7b45aa4,Instagram,Social Media,Mariyam Khan,Unknown,1,2025-11-09 10:57:31,It has some disturbing thing and I am a Muslim,it has some disturbing thing and i am a muslim,0,10,46,0,0,0,1.0,0,0,-0.5106,1,0,1,0.0,0,1,0,1.0,0.0
e04cc217-d6c8-4a22-850e-35ad82d3031c,Instagram,Social Media,Hiral patel,Unknown,4,2025-11-09 10:58:21,"Chat feed is refreshed but not getting updated. Whenever I open my chats, restricted accounts still show. Resolve this, please.","chat feed is refreshed but not getting updated. whenever i open my chats, restricted accounts still show. resolve this, please.",0,20,127,0,0,0,1.0,0,0,0.5326,1,0,1,0.0,0,1,0,4.0,0.0
3dd0ab94-d7ed-4c4f-b42a-a4a84497e737,Instagram,Social Media,अली भाई Layer,Unknown,5,2025-11-09 10:59:29,beutiful instgram,beutiful instgram,0,2,17,0,0,0,1.0,0,0,0.0,1,0,1,0.0,0,1,0,5.0,0.0
d5aa8e3c-ae86-41d4-a83b-c19850ac32ea,Instagram,Social Media,Nauvin Salsabila Mufida,Unknown,1,2025-11-09 11:00:29,"my account got stollen, how do i get it back?","my account got stollen, how do i get it back?",0,10,45,0,0,0,1.0,0,0,0.0,1,0,1,0.0,0,1,0,1.0,0.0
b08baa6b-37b5-42dc-a2c0-31f68efa3a01,Instagram,Social Media,Dildar Awan,Unknown,4,2025-11-09 11:02:27,i like this application because i can spend lot of good time in thier,i like this application because i can spend lot of good time in thier,0,14,69,0,0,0,0.9285714285714286,0,1,0.6597,1,0,1,0.0,0,1,0,4.0,0.0
2f84ee37-e15e-4b30-814d-6807f63654d6,Instagram,Social Media,Sm D Toit,Unknown,5,2025-11-09 11:02:50,stels interesting interiors,stels interesting interiors,0,3,27,0,0,0,1.0,0,0,0.4019,1,0,1,0.0,0,1,0,5.0,0.0
c9af2782-0169-443b-a6a4-cbc54bd0b47e,Instagram,Social Media,Isabella Keskitalo,Unknown,5,2025-11-09 11:05:39,Wonderful App,wonderful app,0,2,13,0,0,0,1.0,0,1,0.5719,1,0,1,0.0,0,1,0,5.0,0.0
86b237d9-4b76-4e06-acf5-8dd75a300028,Instagram,Social Media,Sahil Ganorkar,Unknown,1,2025-11-09 11:05:40,bad this app,bad this app,0,3,12,0,0,0,1.0,0,1,-0.5423,1,0,1,0.0,0,1,0,1.0,0.0
876801fc-f487-4993-af38-5f2c87ed33d8,Instagram,Social Media,Ankit Haldar,Unknown,5,2025-11-09 11:05:54,nice bro I really like it,nice bro i really like it,0,6,25,0,0,0,1.0,0,0,0.6801,1,0,1,0.0,0,1,0,5.0,0.0
ebac6e64-3397-4ee2-94a5-6e9ef9a3080b,Instagram,Social Media,Tayyaba Sultana,Unknown,5,2025-11-09 11:06:12,best for time pass and making new friends 🎀💐🌙,best for time pass and making new friends 🎀💐🌙,0,9,45,3,0,0,1.0,0,0,0.8074,1,0,1,0.0,0,1,0,5.0,0.0
273c0361-0d6b-4ecb-a81b-a16dcbc1c334,Instagram,Social Media,Muhammad Hafiz,Unknown,1,2025-11-09 11:07:01,"why i open the apps, suddenly add are pop out...why Instagram","why i open the apps, suddenly add are pop out...why instagram",0,11,61,0,0,0,1.0,0,1,0.0,1,0,1,0.0,0,1,0,1.0,0.0
9cd618a3-aa1f-4c68-86ab-6f0e0e7b8ecb,Instagram,Social Media,Roney Yadav,Unknown,5,2025-11-09 11:08:59,it is very nice app for everyone...............,it is very nice app for everyone...............,0,7,47,0,0,0,1.0,0,1,0.4754,1,0,1,0.0,0,1,0,5.0,0.0
a31a1b1f-6734-4bca-a0f2-3a4cc07c4c11,Instagram,Social Media,amirhoseinasadi,Unknown,3,2025-11-09 11:10:11,آپدیت کمتری میگرد و اصلا ظاهر برنامه تغییر نمی کند,آپدیت کمتری میگرد و اصلا ظاهر برنامه تغییر نمی کند,0,10,50,0,0,0,1.0,0,0,0.0,1,0,1,0.0,0,1,0,3.0,0.0
3c9b35ec-1862-4a8f-b366-c035c6cdc80a,Instagram,Social Media,Dipa Khatun,Unknown,5,2025-11-09 11:10:55,best but sometime wrong,best but sometime wrong,0,4,23,0,0,0,1.0,0,0,-0.3716,1,0,1,0.0,0,1,0,5.0,0.0
96322a28-892b-4888-af92-ce4a7c9c33f3,Instagram,Social Media,SAiF FF SAiF FF,Unknown,5,2025-11-09 11:14:08,Best Instagram 👌,best instagram 👌,0,3,16,1,0,0,1.0,0,0,0.8842,1,0,1,0.0,0,1,0,5.0,0.0
63aa982b-6001-414c-9364-ca12f7e6d824,Instagram,Social Media,Parvej Khan,Unknown,5,2025-11-09 11:14:30,baat application for india,baat application for india,0,4,26,0,0,0,1.0,0,1,0.0,1,0,1,0.0,0,1,0,5.0,0.0
4b1df08a-d2eb-494f-a122-64ab3fa73f84,Instagram,Social Media,Rajage Ge,Unknown,5,2025-11-09 11:15:11,it's cool,it's cool,0,2,9,0,0,0,1.0,0,0,0.3182,1,0,1,0.0,0,1,0,5.0,0.0
d1af7df0-bbe7-4c49-ab21-9e5704eeaa39,Instagram,Social Media,Geeta Patel,Unknown,1,2025-11-09 11:15:54,bad app 😔😐😔😔😡😡😕😠😠😠🤢,bad app 😔😐😔😔😡😡😕😠😠😠🤢,0,3,19,11,0,0,1.0,0,1,-0.93,1,0,1,0.0,0,1,0,1.0,0.0
597784fc-b7cb-4b45-8de4-8791aea34b43,Instagram,Social Media,Ajeesh Nair,Unknown,1,2025-11-09 11:16:02,"installed in my new phone, unfortunately, I couldn't sign in the account, asking some authentication code.. that's I dont have..","installed in my new phone, unfortunately, i couldn't sign in the account, asking some authentication code.. that's i dont have..",0,20,128,0,0,0,0.9,1,0,-0.34,1,0,1,0.0,0,1,0,1.0,0.0
d7e358fb-3e61-4195-bfc1-5c9a669da7d1,Instagram,Social Media,I AM SUBHO,Unknown,1,2025-11-09 11:16:25,INSTAGRAM PRO TEAM HAVE A 3RD CLASS CUSTOMER SUPPORT 😡,instagram pro team have a 3rd class customer support 😡,0,10,54,1,0,8,1.0,0,0,0.4019,1,0,1,0.0,0,1,0,1.0,0.0
e11c31b6-9fb9-4b19-a5e4-bba0f604826b,Instagram,Social Media,Scott Quackenbush,Unknown,5,2025-11-09 11:17:52,Will Instagram permanently ban me?,will instagram permanently ban me?,0,5,34,0,0,0,1.0,0,0,-0.5574,1,0,1,0.0,0,1,1,5.0,0.0
5b35f95e-c5d7-49eb-9bb6-de138c5fed80,Instagram,Social Media,Vishal Vishwakarma,Unknown,5,2025-11-09 11:18:53,Instagram 😁,instagram 😁,0,2,11,1,0,0,1.0,0,0,0.4588,1,0,1,0.0,0,1,0,5.0,0.0
4eb88cc5-fdff-4ad4-8eea-d1803f3fdf74,Instagram,Social Media,AHBAB COOKING SECRETS,Unknown,5,2025-11-09 11:19:00,Awesome app 💯,awesome app 💯,0,3,13,1,0,0,1.0,0,1,0.6249,1,0,1,0.0,0,1,0,5.0,0.0
f7bc260d-2430-4d4b-8d91-52f6f2c6058a,Instagram,Social Media,llongttower,Unknown,1,2025-11-09 11:19:41,trash update after trash update,trash update after trash update,0,5,31,0,0,0,0.6,0,0,0.0,1,0,1,0.0,0,1,0,1.0,0.0
b9d7d63d-7b8e-4c82-b038-4e35756e1b0d,Instagram,Social Media,Harshita Verma,Unknown,2,2025-11-09 11:20:05,hii instagram team ! The live option is not showing in my account. so please solve this problem as soon as possible...!!,hii instagram team ! the live option is not showing in my account. so please solve this problem as soon as possible...!!,0,22,120,0,0,0,0.9545454545454546,0,0,0.5016,1,0,1,0.0,0,1,1,2.0,0.0
f02b06ad-8f01-48df-aca8-dcf7346e364f,Instagram,Social Media,Farhat Hussain,Unknown,5,2025-11-09 11:20:08,Butiful,butiful,0,1,7,0,0,0,1.0,0,0,0.0,1,0,1,0.0,0,2,0,5.0,0.0
cd661940-3944-41fb-ab7e-321056f7429f,Instagram,Social Media,Vijendra Viju,Unknown,5,2025-11-09 11:20:09,One of the best platform for entertainment,one of the best platform for entertainment,0,7,42,0,0,0,1.0,0,0,0.7906,1,0,1,0.0,0,1,0,5.0,0.0
018b077e-13fa-4d70-b191-b3088f3eee28,Instagram,Social Media,محمد بركاني,Unknown,5,2025-11-09 11:20:16,jamil,jamil,0,1,5,0,0,0,1.0,0,0,0.0,1,0,1,0.0,0,1,0,5.0,0.0
fe9b0afd-3f4c-497a-9e56-a5f122d66bc7,Instagram,Social Media,Hridhaan,Unknown,1,2025-11-09 11:21:20,trash,trash,0,1,5,0,0,0,1.0,0,0,0.0,1,0,1,0.0,0,1,0,1.0,0.0
f4d250d6-e187-4061-aac1-b6dbc4a5dfa8,Instagram,Social Media,Uplakshya Shankar,Unknown,5,2025-11-09 11:22:09,nice work,nice work,0,2,9,0,0,0,1.0,0,0,0.4215,1,0,1,0.0,0,1,0,5.0,0.0
d8ddc8b0-5ebf-4db2-84a0-c1e881dab542,Instagram,Social Media,RAHELA KHATUN,Unknown,5,2025-11-09 11:22:31,video,video,0,1,5,0,0,0,1.0,0,0,0.0,1,0,1,0.0,0,1,0,5.0,0.0
96e4620e-9db4-4284-ac73-ff8abc0ef691,Instagram,Social Media,SSMALLIKARJUN 18,Unknown,1,2025-11-09 11:23:43,The worst show's not interested in content.... unrelated content to my interest.....,the worst show's not interested in content.... unrelated content to my interest.....,0,12,84,0,0,0,1.0,0,0,-0.52,1,0,1,0.0,0,1,0,1.0,0.0
7e670d69-0aee-4b12-9867-0cd7718c0020,Instagram,Social Media,Ajit Patel,Unknown,5,2025-11-09 11:24:27,Insta bura bhe he or acha bhe he par maend mar nerbhar karta he,insta bura bhe he or acha bhe he par maend mar nerbhar karta he,0,14,63,0,0,0,0.7857142857142857,0,1,0.0,1,0,1,0.0,0,1,0,5.0,0.0
eb795cca-40cc-42cb-8efc-590ead391eec,Instagram,Social Media,Sravani,Unknown,5,2025-11-09 11:24:50,supar,supar,0,1,5,0,0,0,1.0,0,0,0.0,1,0,1,0.0,0,1,0,5.0,0.0
55114328-0f8d-4a7b-b166-b2a92d29e8da,Instagram,Social Media,Rajesh Naini,Unknown,4,2025-11-09 11:25:11,very good,very good,0,2,9,0,0,0,1.0,0,0,0.4927,1,0,1,0.0,0,3,0,4.0,0.0
bf8abd82-ae18-48dc-a0c4-f42a67914c67,Instagram,Social Media,Deepak Kumar,Unknown,4,2025-11-09 11:25:55,good 💯,good 💯,0,2,6,1,0,0,1.0,0,0,0.4404,1,0,2,15560.0,0,1,0,4.5,0.7071067811865476
89b33654-1347-49aa-8551-740992e28819,Instagram,Social Media,Sagar Rai,Unknown,3,2025-11-09 11:29:35,Excellent 👍,excellent 👍,0,2,11,1,0,0,1.0,0,0,0.5719,1,0,1,0.0,0,1,0,3.0,0.0
6d124720-adfe-4741-ad82-22cf32d2a791,Instagram,Social Media,Edmar jameshc,Unknown,5,2025-11-09 11:29:40,"you can earn money I think, also it's nice and I love it so much","you can earn money i think, also it's nice and i love it so much",0,15,64,0,0,0,0.9333333333333333,0,0,0.7906,1,0,1,0.0,0,1,0,5.0,0.0
77b04140-a509-4d83-9083-28392cccf15b,Instagram,Social Media,Sandeep Vishwakarma,Unknown,5,2025-11-09 11:29:44,Distraction,distraction,0,1,11,0,0,0,1.0,0,0,-0.3818,1,0,1,0.0,0,1,0,5.0,0.0
03efe480-f3a6-4653-8466-4784b8f389da,Instagram,Social Media,Shiva Shiva,Unknown,5,2025-11-09 11:30:09,supper,supper,0,1,6,0,0,0,1.0,0,0,0.0,1,0,1,0.0,0,2,0,5.0,0.0
371273c1-0850-44b0-a60b-5d79596f40b8,Instagram,Social Media,Lukas Francis,Unknown,5,2025-11-09 11:30:29,very good 💯,very good 💯,0,3,11,1,0,0,1.0,0,0,0.4927,1,0,1,0.0,0,1,0,5.0,0.0
58b57ebe-fd81-40bf-a633-12b6ed736dc7,Instagram,Social Media,Kismat Verma,Unknown,5,2025-11-09 11:31:46,this is wonderful,this is wonderful,0,3,17,0,0,0,1.0,0,0,0.5719,1,0,1,0.0,0,1,0,5.0,0.0
ad631894-1744-4626-8cbe-84ae451e06df,Instagram,Social Media,Roshni Rajput,Unknown,5,2025-11-09 11:32:37,only it's my first and favourite aap love it insta,only it's my first and favourite aap love it insta,0,10,50,0,0,0,1.0,0,0,0.6369,1,0,1,0.0,0,1,0,5.0,0.0
d27eabac-a72f-4d52-8c52-03cb08b0b24c,Instagram,Social Media,Joby Thankachan,Unknown,5,2025-11-09 11:33:14,i love this app💞,i love this app💞,0,4,16,1,0,0,1.0,0,1,0.8591,1,0,1,0.0,0,1,0,5.0,0.0
d3b56f7e-fb46-4e4c-9ed1-35408b66e5a9,Instagram,Social Media,Devil ONeill,Unknown,4,2025-11-09 11:33:24,Why can't I comment gifs anymore?,why can't i comment gifs anymore?,0,6,33,0,0,0,1.0,0,0,0.0,1,0,1,0.0,0,1,0,4.0,0.0
0db5aed4-0418-45c5-9427-0bfb2507b565,Instagram,Social Media,Kamal Singh,Unknown,5,2025-11-09 11:34:41,"You are only changing the button in the name of update, what are you doing, give us something new which we can use.","you are only changing the button in the name of update, what are you doing, give us something new which we can use.",0,23,115,0,0,0,0.8695652173913043,0,0,0.0,1,0,1,0.0,0,1,0,5.0,0.0
e93f689d-c916-46ce-8761-26adec39baea,Instagram,Social Media,Septi,Unknown,5,2025-11-09 11:36:10,bagus banget,bagus banget,0,2,12,0,0,0,1.0,0,0,0.0,1,0,1,0.0,0,1,0,5.0,0.0
55ddc420-1d5e-4b38-9e4a-770e06626e22,Instagram,Social Media,Alam Zubair,Unknown,5,2025-11-09 11:37:23,instagram my life,instagram my life,0,3,17,0,0,0,1.0,0,0,0.0,1,0,1,0.0,0,1,0,5.0,0.0
b5930a09-a1ad-472d-959d-42e31053f9f6,Instagram,Social Media,آرش,Unknown,5,2025-11-09 11:38:00,Good 👍🏻😉,good 👍🏻😉,0,2,8,3,0,0,1.0,0,0,0.4404,1,0,1,0.0,0,1,0,5.0,0.0
cdb510e8-7d26-4c8a-8d81-74ef474aec4e,Instagram,Social Media,Md Shaukat,Unknown,5,2025-11-09 11:38:21,super instagram,super instagram,0,2,15,0,0,0,1.0,0,0,0.5994,1,0,1,0.0,0,1,0,5.0,0.0
3bdee0ff-1811-42c9-9706-104d7793aa48,Instagram,Social Media,Rishit Mittal,Unknown,5,2025-11-09 11:39:41,very good for my sweeeeets girls,very good for my sweeeeets girls,0,6,32,0,0,0,1.0,0,0,0.4927,1,0,1,0.0,0,1,0,5.0,0.0
49176ba3-88dc-4e12-ae33-674ead746a4e,Instagram,Social Media,Ayushman Tripathi,Unknown,4,2025-11-09 11:40:14,v good,v good,0,2,6,0,0,0,1.0,0,0,0.4404,1,0,1,0.0,0,1,0,4.0,0.0
793c5817-125f-4fca-bb47-a0486314c9f3,Instagram,Social Media,Mayank Singh,Unknown,5,2025-11-09 11:40:47,best social media app,best social media app,0,4,21,0,0,0,1.0,0,1,0.6369,1,0,1,0.0,0,1,0,5.0,0.0
eeb4dff3-3dc9-42e3-93c8-a4be78e8d8e4,Instagram,Social Media,Md Abeed Khan,Unknown,3,2025-11-09 11:40:57,Please add ultrawide lens support in story mode in android 🙏🏻,please add ultrawide lens support in story mode in android 🙏🏻,0,11,61,2,0,0,0.9090909090909091,0,0,0.6124,1,0,1,0.0,0,1,0,3.0,0.0
43d9a3f2-1013-460f-8ad7-aa866212d26d,Instagram,Social Media,Badal,Unknown,4,2025-11-09 11:41:27,Good night,good night,0,2,10,0,0,0,1.0,0,0,0.4404,1,0,1,0.0,0,1,0,4.0,0.0
212b2401-8d53-42c3-a751-841a33fd9903,Instagram,Social Media,Ahmed Mohamed Wagih,Unknown,1,2025-11-09 11:42:10,"It steals your time, your thoughts, your focus, your future. It's a difficult addiction to break. It gives you a false sense of dopamine. Save yourself and escape it.","it steals your time, your thoughts, your focus, your future. it's a difficult addiction to break. it gives you a false sense of dopamine. save yourself and escape it.",0,29,166,0,0,0,0.8275862068965517,0,0,-0.2263,1,0,1,0.0,0,1,0,1.0,0.0
b37f01a3-7e63-4642-92fc-f3053e12f7c2,Instagram,Social Media,Dron Soni,Unknown,1,2025-11-09 11:49:12,thanks instagram team,thanks instagram team,0,3,21,0,0,0,1.0,0,0,0.4404,1,0,1,0.0,0,1,0,1.0,0.0
ca8ab92e-a1fc-439a-b903-7a687e050639,Instagram,Social Media,Clementina Ifeanyi,Unknown,4,2025-11-09 11:53:16,it is a good app. but they easily banned accounts. 😔,it is a good app. but they easily banned accounts. 😔,0,11,52,1,0,0,1.0,0,1,0.128,1,0,1,0.0,0,1,0,4.0,0.0
b293d161-b5ff-49fa-af41-0c79a31275db,Instagram,Social Media,devanti devi,Unknown,2,2025-11-09 11:53:56,Sweet,sweet,0,1,5,0,0,0,1.0,0,0,0.4588,1,0,1,0.0,0,1,0,2.0,0.0
b6fd3e84-6acc-47e2-9407-551e69f01efe,Instagram,Social Media,Jyoti Meena,Unknown,1,2025-11-09 11:54:17,"I have not applied any filter on my Instagram, do something quickly.","i have not applied any filter on my instagram, do something quickly.",0,12,68,0,0,0,1.0,0,1,0.0,1,0,1,0.0,0,1,0,1.0,0.0
b00a4b96-95e0-43be-a536-8c03012d9e9a,Instagram,Social Media,Ioanna A.,Unknown,1,2025-11-09 11:56:11,After an update I don't get notifications AFTER MIDNIGHT TILL 6 AM and its not my phones problem . does anyone else has this? they just showing in the lock screen,after an update i don't get notifications after midnight till 6 am and its not my phones problem . does anyone else has this? they just showing in the lock screen,0,31,162,0,0,4,0.967741935483871,0,0,0.3089,1,0,1,0.0,0,1,0,1.0,0.0
48a1354d-9f25-4597-a869-fd822147276f,Instagram,Social Media,Surender Badmash,Unknown,1,2025-11-09 11:57:00,"It's very bad, I send follow requests to girls but they don't accept.","it's very bad, i send follow requests to girls but they don't accept.",0,13,69,0,0,0,1.0,0,0,-0.6337,1,0,1,0.0,0,1,0,1.0,0.0
e97d9066-e2ef-4f94-9a1b-63603a8c9981,Instagram,Social Media,Mayu Patel,Unknown,3,2025-11-09 11:57:42,please insta we want old update we don't like this new update can yo u please fix this please,please insta we want old update we don't like this new update can yo u please fix this please,0,19,93,0,0,0,0.7368421052631579,0,0,0.6237,1,0,1,0.0,0,1,0,3.0,0.0
d400c1ac-e2b1-4e77-87a4-a902e95cbfa6,Instagram,Social Media,AMIT Verma,Unknown,1,2025-11-09 11:58:52,ye bhout khrab hai हर bar id suspended ho jati hai bina koi baje se meri sari id suspended kar di instagram ne me ab es app ko nhi download karunga bekar hai ye to 😪😡😡😡🤬🤬🤬🤬😭😭😭😭😭😭😭😭😭😭😭😭😭😭😭😭😭😭😡😡😡😡😡😡😡😡😡,ye bhout khrab hai हर bar id suspended ho jati hai bina koi baje se meri sari id suspended kar di instagram ne me ab es app ko nhi download karunga bekar hai ye to 😪😡😡😡🤬🤬🤬🤬😭😭😭😭😭😭😭😭😭😭😭😭😭😭😭😭😭😭😡😡😡😡😡😡😡😡😡,0,36,199,35,0,0,0.8611111111111112,1,1,-0.9958,1,0,1,0.0,0,1,0,1.0,0.0
0f2e397a-e645-43a7-8131-a4714813bf01,Instagram,Social Media,Tanu Prakash,Unknown,3,2025-11-09 12:01:27,Not fast updating....,not fast updating....,0,3,21,0,0,0,1.0,0,0,0.0,1,0,1,0.0,0,1,0,3.0,0.0
e6bd8930-f645-490a-a0d6-316637f2dd5f,Instagram,Social Media,Himani Dhami,Unknown,3,2025-11-09 12:01:39,good vide for reels lover,good vide for reels lover,0,5,25,0,0,0,1.0,0,0,0.7717,1,0,1,0.0,0,1,0,3.0,0.0
8f23f2eb-1a71-4b7c-a4e2-46f6ddbcd11e,Instagram,Social Media,Shoeniverse,Unknown,1,2025-11-09 12:08:05,"Instagram But as soon as the ad is placed, the message setting is also correct, but the messages are not coming.","instagram but as soon as the ad is placed, the message setting is also correct, but the messages are not coming.",0,21,112,0,0,0,0.7619047619047619,0,0,0.0,1,0,1,0.0,0,1,0,1.0,0.0
a1518191-0782-446c-bac0-f337a880e219,Instagram,Social Media,beatrice nnabuike,Unknown,1,2025-11-09 12:08:06,Not a lot of followers and engagement,not a lot of followers and engagement,0,7,37,0,0,0,1.0,0,0,0.4588,1,0,1,0.0,0,1,0,1.0,0.0
08a9053e-c013-42fe-97e8-745be74cf250,Instagram,Social Media,Khushi Verma,Unknown,1,2025-11-09 12:08:17,useless app,useless app,0,2,11,0,0,0,1.0,0,1,-0.4215,1,0,1,0.0,0,1,0,1.0,0.0
c1520384-b5ea-4027-8050-6bd085d66ec5,Instagram,Social Media,N,Unknown,3,2025-11-09 12:12:22,"the new update sucks, the layout is changed and it's got a bug that doesn't let me view stories","the new update sucks, the layout is changed and it's got a bug that doesn't let me view stories",1,19,95,0,0,0,0.9473684210526315,0,0,-0.3612,1,0,1,0.0,0,1,0,3.0,0.0
65b93b97-d3c1-43be-a72a-9242a7f78a27,Instagram,Social Media,Aryananda N.S,Unknown,3,2025-11-09 12:14:18,overall great app but please give a select option to whether having lyrics on or off when posting notes...PLEASE TAKE THIS IDEA INTO CONSIDERATION,overall great app but please give a select option to whether having lyrics on or off when posting notes...please take this idea into consideration,1,24,146,0,0,5,1.0,0,1,0.6705,1,0,1,0.0,0,1,0,3.0,0.0
816152d2-df93-4acd-8668-a405f2e368ff,Instagram,Social Media,Ankit Patel,Unknown,1,2025-11-09 12:19:48,I need blue tick I need blue tick,i need blue tick i need blue tick,0,8,33,0,0,0,0.5,0,0,0.0,1,0,1,0.0,0,1,0,1.0,0.0
edfac93e-70fe-4024-811d-fcd49e8d397b,Instagram,Social Media,Saiyed Ayan,Unknown,4,2025-11-09 12:21:28,bast aap,bast aap,0,2,8,0,0,0,1.0,0,0,0.0,1,0,1,0.0,0,1,0,4.0,0.0
c4bef474-8116-4cde-b0d9-6aa3665e384a,Instagram,Social Media,Omkar Londhe,Unknown,1,2025-11-09 12:24:56,give us save voice note option🥱,give us save voice note option🥱,0,6,31,1,0,0,1.0,0,0,0.4939,1,0,1,0.0,0,1,0,1.0,0.0
04c14302-94f6-4f0c-8b19-f236b1118197,Instagram,Social Media,Likk,Unknown,1,2025-11-09 12:25:46,"Cannot say anything negative, even most tamest remarks get flagged. Yesman app garbage, so tired of it","cannot say anything negative, even most tamest remarks get flagged. yesman app garbage, so tired of it",0,17,102,0,0,0,1.0,0,1,-0.1885,1,0,1,0.0,0,1,0,1.0,0.0
abd56e12-9b9a-4011-8c7d-f656dc2922b8,Instagram,Social Media,Atul Atul,Unknown,1,2025-11-09 12:31:40,very bad 😶,very bad 😶,0,3,10,1,0,0,1.0,0,0,-0.5849,1,0,1,0.0,0,1,0,1.0,0.0
e741a7bb-1b62-452b-a8ed-03a494f194a7,Instagram,Social Media,Roshan Yadav,Unknown,5,2025-11-09 12:35:12,life king Instagram 😘,life king instagram 😘,0,4,21,1,0,0,1.0,0,0,0.4215,1,0,1,0.0,0,1,0,5.0,0.0
c5ee734d-d475-4c70-8f79-05ae4bcec26f,Instagram,Social Media,Kavi Kavi,Unknown,5,2025-11-09 12:37:01,Instagram is perfect..,instagram is perfect..,0,3,22,0,0,0,1.0,0,0,0.5719,1,0,1,0.0,0,1,0,5.0,0.0
d151ef61-b5b2-43ac-ae44-6667ade0a111,Instagram,Social Media,Jason Perez,Unknown,3,2025-11-09 12:37:10,"Instagram seriously needs a pause button... the rest of the app works fine, but having to manually rewind it wait until the whole video starts over if you get interrupted while watching is kinda bumkus.","instagram seriously needs a pause button... the rest of the app works fine, but having to manually rewind it wait until the whole video starts over if you get interrupted while watching is kinda bumkus.",0,35,202,0,0,0,0.9428571428571428,0,1,-0.4118,1,0,1,0.0,0,1,0,3.0,0.0
973b08f9-977b-4b8d-bc4a-245c754b80a1,Instagram,Social Media,Taaj Raja,Unknown,5,2025-11-09 12:37:38,Very nice experience,very nice experience,0,3,20,0,0,0,1.0,0,0,0.4754,1,0,1,0.0,0,2,0,5.0,0.0
26b234ee-4aba-4fad-a262-b30223d4ed38,Instagram,Social Media,Anshul Sharma,Unknown,5,2025-11-09 12:38:12,My Instagram account [Anshul Sharma] has been suspended. I believe this might be a mistake because I always try to follow Instagram’s Community Guidelines and Terms of Use.,my instagram account [anshul sharma] has been suspended. i believe this might be a mistake because i always try to follow instagram’s community guidelines and terms of use.,0,28,172,0,0,0,0.9642857142857143,0,0,-0.6705,1,0,1,0.0,0,1,1,5.0,0.0
d174ae90-4d3e-46c1-9c7a-05d18355db37,Instagram,Social Media,Rajni Damai,Unknown,5,2025-11-09 12:38:18,very entertaining app like it,very entertaining app like it,0,5,29,0,0,0,1.0,0,1,0.7146,1,0,1,0.0,0,1,0,5.0,0.0
8c5687a5-c187-4d79-b3ec-f06da5c44d75,Instagram,Social Media,somanaboina Shilpa,Unknown,3,2025-11-09 12:39:40,Consuming More internet 😕,consuming more internet 😕,0,4,25,1,0,0,1.0,0,0,-0.3774,1,0,1,0.0,0,1,0,3.0,0.0
11103790-021a-44df-ab97-570316f94b4f,Instagram,Social Media,Abdullah Saleem,Unknown,3,2025-11-09 12:41:21,Good but can improve,good but can improve,0,4,20,0,0,0,1.0,0,0,0.7003,1,0,1,0.0,0,1,0,3.0,0.0
b2799a5e-7bd5-4f9f-92d2-9e0616ecde5f,Instagram,Social Media,مَيوس,Unknown,5,2025-11-09 12:42:07,احب الأنستاااا هوااااااااي,احب الأنستاااا هوااااااااي,0,3,26,0,0,0,1.0,0,0,0.0,1,0,1,0.0,0,1,0,5.0,0.0
d68f4481-7e4c-4835-84a3-afa1aceb86ae,Instagram,Social Media,Sajjad Durrani,Unknown,5,2025-11-09 12:42:30,bestest,bestest,0,1,7,0,0,0,1.0,0,0,0.0,1,0,1,0.0,0,1,0,5.0,0.0
f80a7dd3-530f-4884-a327-c35495029e3a,Instagram,Social Media,Rahul,Unknown,1,2025-11-09 12:43:13,nice per Mera Instagram PE dikkat ho rhi hai,nice per mera instagram pe dikkat ho rhi hai,0,9,44,0,0,1,1.0,0,1,0.4215,1,0,2,6602.0,0,1,0,2.5,2.1213203435596424
7130eb51-6370-4aa3-958b-4cd663f4a66a,Instagram,Social Media,Samir Ali,Unknown,3,2025-11-09 12:45:16,enjoy 😍 More app,enjoy 😍 more app,0,4,16,1,0,0,1.0,0,1,0.7351,1,0,1,0.0,0,1,0,3.0,0.0
e512a816-2d2b-4d67-8de1-486a5c71ca9e,Instagram,Social Media,Yuvraj Jadhav,Unknown,5,2025-11-09 12:45:30,the appppp,the appppp,0,2,10,0,0,0,1.0,0,1,0.0,1,0,1,0.0,0,1,0,5.0,0.0
67af7760-e1cf-4ce2-aa79-f7df293af108,Instagram,Social Media,Tahmid Sarkar,Unknown,5,2025-11-09 12:45:45,"sheiii,koraaa ❤️‍🩹👾","sheiii,koraaa ❤️‍🩹👾",0,2,19,2,0,0,1.0,0,0,0.0,1,0,1,0.0,0,1,0,5.0,0.0
fc47da37-d5db-4ae0-853a-f8ea266f6c11,Instagram,Social Media,Nison YouTube,Unknown,5,2025-11-09 12:46:41,happy....,happy....,0,1,9,0,0,0,1.0,0,1,0.5719,1,0,1,0.0,0,1,0,5.0,0.0
1084a84c-c75b-4249-8f32-a9aded7a87ba,Instagram,Social Media,Shanta Gautam,Unknown,5,2025-11-09 12:47:10,it is the best,it is the best,0,4,14,0,0,0,1.0,0,0,0.6369,1,0,1,0.0,0,1,0,5.0,0.0
db25861b-cea8-422e-9c8b-da9d57f44e56,Instagram,Social Media,Akuchie Martin,Unknown,5,2025-11-09 12:47:40,Easy and Efficient for Quick Texting and Chatting,easy and efficient for quick texting and chatting,0,8,49,0,0,0,0.875,0,0,0.6908,1,0,1,0.0,0,1,0,5.0,0.0
94427b00-c909-4adb-8574-5aa203068338,Instagram,Social Media,Malaya Das,Unknown,1,2025-11-09 12:48:54,worst,worst,0,1,5,0,0,0,1.0,0,0,-0.6249,1,0,1,0.0,0,2,0,1.0,0.0
30354477-5d4f-4e76-9ba3-e932c924feb0,Instagram,Social Media,SUMIT BADYAKAR,Unknown,5,2025-11-09 12:49:25,thanks an please grow my reels views please,thanks an please grow my reels views please,0,8,43,0,0,0,0.875,0,0,0.7579,1,0,1,0.0,0,1,0,5.0,0.0
5146e45e-bbc5-4af0-94d7-7d31acff6747,Instagram,Social Media,Jatin Katara,Unknown,1,2025-11-09 12:50:13,"Hello Instagram Team, My new account is getting disabled repeatedly without any valid reason. I am following all guidelines and not violating any rules. Please review my device/account and restore access. Thank you.","hello instagram team, my new account is getting disabled repeatedly without any valid reason. i am following all guidelines and not violating any rules. please review my device/account and restore access. thank you.",0,33,215,0,0,0,0.9090909090909091,0,0,0.8338,1,0,1,0.0,0,1,1,1.0,0.0
76ae8f20-0a63-43ed-959b-2021ed15af25,Instagram,Social Media,आसमा Khatun,Unknown,5,2025-11-09 12:52:21,nice app try this,nice app try this,0,4,17,0,0,0,1.0,0,1,0.4215,1,0,1,0.0,0,1,0,5.0,0.0
956fceab-9f6e-40b5-b3e3-bc090f4131d4,Instagram,Social Media,Parul sondhiya,Unknown,5,2025-11-09 12:52:43,Awesome,awesome,0,1,7,0,0,0,1.0,0,0,0.6249,1,0,1,0.0,0,5,0,5.0,0.0
9f311a26-5c02-46f1-8c36-967dba45a50d,Instagram,Social Media,Khalid Tamari,Unknown,1,2025-11-09 12:52:45,I don't receive any updates,i don't receive any updates,0,5,27,0,0,0,1.0,0,0,0.0,1,0,1,0.0,0,1,0,1.0,0.0
8e5d15d5-e37a-492c-ba5c-55a46ca9928c,Instagram,Social Media,siva suriyan,Unknown,5,2025-11-09 12:52:54,"getting all the trending from this,stay updated because of this.","getting all the trending from this,stay updated because of this.",0,10,64,0,0,0,1.0,0,0,0.0,1,0,1,0.0,0,1,0,5.0,0.0
05887725-71c9-4421-8b77-4365bf27d2c3,Instagram,Social Media,Suman Roy,Unknown,4,2025-11-09 12:53:01,It is very good timepass for anyone,it is very good timepass for anyone,0,7,35,0,0,0,1.0,0,0,0.4927,1,0,1,0.0,0,1,0,4.0,0.0
20e195c8-6960-46d8-9f3b-72319e42faeb,Instagram,Social Media,Sajath Saza,Unknown,2,2025-11-09 12:53:07,why i dnt have access to my favourite songs,why i dnt have access to my favourite songs,0,9,43,0,0,0,1.0,0,0,0.0,1,0,1,0.0,0,1,0,2.0,0.0
4656a24e-8d98-4906-98bd-5e1d333626ec,Instagram,Social Media,Rexx 1975,Unknown,1,2025-11-09 12:53:57,Abe mekoooo update use kyu ni hora kr liya hai lekin hua ho nhi . na story lgri haiii 15 sec se uper ki,abe mekoooo update use kyu ni hora kr liya hai lekin hua ho nhi . na story lgri haiii 15 sec se uper ki,0,24,103,0,0,0,1.0,0,1,0.0,1,0,1,0.0,0,1,0,1.0,0.0
2ea6ba77-17d2-4cf3-8c53-d2554d9316da,Instagram,Social Media,Samson Mwendwa,Unknown,4,2025-11-09 12:54:39,interesting,interesting,0,1,11,0,0,0,1.0,0,0,0.4019,1,0,1,0.0,0,1,0,4.0,0.0
72800377-b3f7-4141-878a-387d294fb3f4,Instagram,Social Media,Ravi Ravi,Unknown,5,2025-11-09 12:54:55,thankyou so much for inventing this app because Ican chat with my LOVE 😘💕💕😘😘💕💕💕💕💕,thankyou so much for inventing this app because ican chat with my love 😘💕💕😘😘💕💕💕💕💕,0,14,81,10,0,1,1.0,0,1,0.9926,1,0,1,0.0,0,1,0,5.0,0.0
d6c66f90-fbcc-41bd-bf39-0e1776cdbf1d,Instagram,Social Media,Abdullah,Unknown,1,2025-11-09 12:55:03,in my account new update features aren't appear but in another account the new update features are works pls try to fix it in next update,in my account new update features aren't appear but in another account the new update features are works pls try to fix it in next update,0,26,137,0,0,0,0.7307692307692307,0,1,0.1154,1,0,1,0.0,0,1,0,1.0,0.0
2098960e-cd64-4b3f-85a0-211beac5c999,Instagram,Social Media,Parmar Joyesh,Unknown,4,2025-11-09 12:55:15,amezing,amezing,0,1,7,0,0,0,1.0,0,0,0.0,1,0,1,0.0,0,1,0,4.0,0.0
07ed9ead-8eff-43bb-9e1f-67ca81ff10b7,Instagram,Social Media,Sarwar Quraishi,Unknown,5,2025-11-09 12:55:41,very nice 👍,very nice 👍,0,3,11,1,0,0,1.0,0,0,0.4754,1,0,1,0.0,0,1,0,5.0,0.0
01301e7f-05c5-4e9a-a9d5-1a9d1770ab1f,Instagram,Social Media,MR Rahmatullah (Hyper),Unknown,5,2025-11-09 12:56:27,me barbaad ho raha hu esliye 5star diya 😂,me barbaad ho raha hu esliye 5star diya 😂,0,9,41,1,0,0,1.0,0,0,0.4404,1,0,1,0.0,0,1,0,5.0,0.0
54a6004f-41f2-4637-9208-fe1233c7a2c5,Instagram,Social Media,Aryan Bains,Unknown,5,2025-11-09 12:57:58,insta good,insta good,0,2,10,0,0,0,1.0,0,0,0.4404,1,0,1,0.0,0,1,0,5.0,0.0
7ae64b4e-41a7-432a-a391-d0b938f08764,Instagram,Social Media,Killer Vamsi 777,Unknown,5,2025-11-09 12:58:26,super👌👌👌👌,super👌👌👌👌,0,1,9,4,0,0,1.0,0,0,0.9807,1,0,1,0.0,0,1,0,5.0,0.0
e61b66be-e9a9-48d6-b756-587288b843bc,Instagram,Social Media,Aryansh Kumar,Unknown,5,2025-11-09 12:58:58,This is very funny app,this is very funny app,0,5,22,0,0,0,1.0,0,1,0.4927,1,0,1,0.0,0,1,0,5.0,0.0
f2b314b0-c9fc-43e5-9dab-e118eeb5b970,Instagram,Social Media,Krishana Pathak,Unknown,5,2025-11-09 12:59:26,most useful and entertainment app,most useful and entertainment app,0,5,33,0,0,0,1.0,0,1,0.7397,1,0,1,0.0,0,1,0,5.0,0.0
166c7252-6299-4e34-9fa8-e5cb3e321753,Instagram,Social Media,Rai Manu,Unknown,5,2025-11-09 13:00:58,"The instagram is the best. The instagram, s camera is good.","the instagram is the best. the instagram, s camera is good.",0,11,59,0,0,0,0.7272727272727273,0,0,0.7964,1,0,1,0.0,0,1,0,5.0,0.0
6ea05b68-d6b6-44ca-b1ed-2bdfb24ef2f6,Instagram,Social Media,Maku Sethi,Unknown,5,2025-11-09 13:02:10,very very nice app 👌,very very nice app 👌,0,5,20,1,0,0,0.8,0,1,0.8679,1,0,1,0.0,0,1,0,5.0,0.0
63d7f85b-b516-4b81-afef-73c5fd23db5d,Instagram,Social Media,Vaibhav Kumar,Unknown,1,2025-11-09 13:02:20,Mera instagram bar bar appeal ki problem,mera instagram bar bar appeal ki problem,0,7,40,0,0,0,0.8571428571428571,0,1,-0.4019,1,0,1,0.0,0,1,0,1.0,0.0
9bb4749c-b3dc-4d89-a0b3-7ecea5fbeb23,Instagram,Social Media,Ajay Singh,Unknown,5,2025-11-09 13:02:42,in the moment,in the moment,0,3,13,0,0,0,1.0,0,0,0.0,1,0,1,0.0,0,1,0,5.0,0.0
c294a3b1-cdb2-4839-92e3-1a8d954cf7d0,Instagram,Social Media,Benna Devi,Unknown,1,2025-11-09 13:03:54,bekar,bekar,0,1,5,0,0,0,1.0,0,1,0.0,1,0,1,0.0,0,1,0,1.0,0.0
e439ffea-3395-458e-89db-36a6f1e913fe,Instagram,Social Media,Kader Mix,Unknown,5,2025-11-09 13:05:08,mare mobaile se app nahe download hora hahe,mare mobaile se app nahe download hora hahe,0,8,43,0,0,0,1.0,1,1,0.0,1,0,1,0.0,0,1,0,5.0,0.0
6cf43f42-d733-45f5-a8af-ce3346925c50,Instagram,Social Media,Nimain,Unknown,4,2025-11-09 13:06:25,wonderful platform,wonderful platform,0,2,18,0,0,0,1.0,0,0,0.5719,1,0,1,0.0,0,1,0,4.0,0.0
8737d440-6369-448e-895e-55e6f31d45e0,Instagram,Social Media,अशोक सोनकर भावसार,Unknown,5,2025-11-09 13:07:01,इंस्टाग्राम मनोरंजनाचा खजाना सून आलेख पद्धतीने माणसाची करमणूक होत असते. माणसाचं मन लागत नसल्यास इंस्टाग्राम फॉलो करावे.,इंस्टाग्राम मनोरंजनाचा खजाना सून आलेख पद्धतीने माणसाची करमणूक होत असते. माणसाचं मन लागत नसल्यास इंस्टाग्राम फॉलो करावे.,0,17,119,0,0,0,0.9411764705882353,0,0,0.0,1,0,1,0.0,0,1,0,5.0,0.0
ec2787cd-f392-405a-bb0e-9304eb2a8397,Instagram,Social Media,Vitalis Arinze,Unknown,5,2025-11-09 13:07:06,satisfaction,satisfaction,0,1,12,0,0,0,1.0,0,0,0.4404,1,0,1,0.0,0,1,0,5.0,0.0
e4b6cfc3-4bfe-4a22-8d68-5c20bdf6d514,Instagram,Social Media,Bablu Singh,Unknown,1,2025-11-09 13:07:29,Ek baar use Karne se baar baar use Karne ka mn Karta h bad aap,ek baar use karne se baar baar use karne ka mn karta h bad aap,0,15,62,0,0,0,0.7333333333333333,0,0,-0.5423,1,0,1,0.0,0,1,0,1.0,0.0
3d3be2ee-a578-4b7f-b204-5c573b394ac7,Instagram,Social Media,Avi Verma,Unknown,1,2025-11-09 13:07:33,You have given the option for content preference for specific words and phrases. I put some words in it and it still showing me that types of content. I think what you promise you don't apply or work on it.,you have given the option for content preference for specific words and phrases. i put some words in it and it still showing me that types of content. i think what you promise you don't apply or work on it.,0,40,206,0,0,0,0.825,0,1,0.3182,1,0,1,0.0,0,1,0,1.0,0.0
b40c5724-44d3-45d9-9e1c-10e5974e2b2f,Instagram,Social Media,Rakshna Devi,Unknown,5,2025-11-09 13:09:04,I am not getting update option pls give update option,i am not getting update option pls give update option,0,10,53,0,0,0,0.8,0,0,0.0772,1,0,1,0.0,0,1,0,5.0,0.0
abd5c81e-2ecb-4c19-81dc-9e8e53be47bb,Instagram,Social Media,Kundan Choudhary,Unknown,4,2025-11-09 13:09:47,awesome experience 😍😍🔥,awesome experience 😍😍🔥,0,3,22,3,0,0,1.0,0,0,0.8271,1,0,1,0.0,0,1,0,4.0,0.0
5dddbb21-a493-441e-b06d-a77a8d3235f9,Instagram,Social Media,Lovely Kasania,Unknown,5,2025-11-09 13:10:28,excellent 💯,excellent 💯,0,2,11,1,0,0,1.0,0,0,0.5719,1,0,1,0.0,0,1,0,5.0,0.0
f5c04749-9f93-4b84-816c-a829e6a1f37f,Instagram,Social Media,Komal Chowdhary,Unknown,1,2025-11-09 13:11:05,"in one plus 12R, left side of instagram camera is coming blurry. pls help. only facing this issue with insta. it's a brand new phone","in one plus 12r, left side of instagram camera is coming blurry. pls help. only facing this issue with insta. it's a brand new phone",0,25,132,0,0,1,1.0,0,0,0.3818,1,0,1,0.0,0,1,0,1.0,0.0
61a9f799-29ee-42f6-b6ac-77a5375709dc,Instagram,Social Media,Neha Praveen,Unknown,5,2025-11-09 13:11:43,It was only the app where I started learning,it was only the app where i started learning,0,9,44,0,0,0,1.0,0,1,0.0,1,0,1,0.0,0,1,0,5.0,0.0
5111316e-4a39-419c-acb5-92e94729f23c,Instagram,Social Media,Arti Arti,Unknown,4,2025-11-09 13:12:30,not bad♥️♥️🫠🫠tooooooooooooooooooo good,not bad♥️♥️🫠🫠tooooooooooooooooooo good,0,3,38,2,0,0,1.0,0,0,0.7637,1,0,1,0.0,0,1,0,4.0,0.0
d270906a-29a1-4911-a5a5-2706641daa24,Instagram,Social Media,Bangeni Priscilla,Unknown,5,2025-11-09 13:12:47,nice app easy to use,nice app easy to use,0,5,20,0,0,0,1.0,0,1,0.6908,1,0,1,0.0,0,1,0,5.0,0.0
4e2f43cb-377b-4572-ad19-55ad4d71bd1d,Instagram,Social Media,Matt Shiverdecker,Unknown,2,2025-11-09 13:13:13,"After the most recent update, sharing stories to highlights is broken on my android phone and it's driving me bonkers.","after the most recent update, sharing stories to highlights is broken on my android phone and it's driving me bonkers.",0,20,118,0,0,0,1.0,0,0,-0.0094,1,0,1,0.0,0,1,0,2.0,0.0
7229e261-2635-4ab0-994b-5e6d7df7d573,Instagram,Social Media,Abaid Aqeel,Unknown,5,2025-11-09 13:13:37,amazing plz support me increase my views and like followers plz 🥹,amazing plz support me increase my views and like followers plz 🥹,0,12,65,1,0,0,0.9166666666666666,0,0,0.8979,1,0,1,0.0,0,1,0,5.0,0.0
fbf5f479-59eb-49ec-ae0e-c6bf2b9c354b,Instagram,Social Media,sikander Rajput,Unknown,5,2025-11-09 13:17:59,Instagram is very nice platforms,instagram is very nice platforms,0,5,32,0,0,0,1.0,0,0,0.4754,1,0,1,0.0,0,1,0,5.0,0.0
27a94e54-c8e7-47af-97f2-ba3a2830bcef,Instagram,Social Media,Sharon Sanders,Unknown,5,2025-11-09 13:18:28,I love it ❤️,i love it ❤️,0,4,12,0,0,0,1.0,0,0,0.6369,1,0,1,0.0,0,1,0,5.0,0.0
c458f6c9-3458-4367-aef3-548dd23afd8a,Instagram,Social Media,Anchal Sethi,Unknown,5,2025-11-09 13:18:30,tis is intras ting app,tis is intras ting app,0,5,22,0,0,0,1.0,0,1,0.0,1,0,1,0.0,0,1,0,5.0,0.0
63d00ea6-59ac-472b-ad25-d250c851bc33,Instagram,Social Media,Ədwiň J,Unknown,5,2025-11-09 13:18:30,Na. It's so bad not good,na. it's so bad not good,0,6,24,0,0,0,1.0,0,0,-0.7998,1,0,1,0.0,0,1,1,5.0,0.0
97aaae26-c56c-466e-b400-8362121c9d0b,Instagram,Social Media,Ojikutu Tola,Unknown,4,2025-11-09 13:18:46,superb,superb,0,1,6,0,0,0,1.0,0,0,0.6249,1,0,1,0.0,0,3,0,4.0,0.0
32257f33-2aab-4ac7-bd53-02457cfad939,Instagram,Social Media,Lebronte Blake,Unknown,5,2025-11-09 13:19:17,love it best app ever,love it best app ever,0,5,21,0,0,0,1.0,0,1,0.8555,1,0,1,0.0,0,1,0,5.0,0.0
9846ac14-4354-4db8-9936-8e677da4940a,Instagram,Social Media,Devath Bujjibai,Unknown,5,2025-11-09 13:19:32,bunny 🐇,bunny 🐇,0,2,7,1,0,0,1.0,0,0,0.0,1,0,1,0.0,0,1,0,5.0,0.0
aecc6890-cec4-4ce6-88e6-47eac45dbab7,Instagram,Social Media,DHRUVRAJ UPADHYAY,Unknown,5,2025-11-09 13:19:49,It's amazing,it's amazing,0,2,12,0,0,0,1.0,0,0,0.5859,1,0,1,0.0,0,2,0,5.0,0.0
a85b6936-4198-4acf-951b-e8e638e74a3f,Instagram,Social Media,Hajara Singh,Unknown,5,2025-11-09 13:21:21,World s best app in my life,world s best app in my life,0,7,27,0,0,0,1.0,0,1,0.6369,1,0,1,0.0,0,1,0,5.0,0.0
d46b8b86-49f8-4eb0-b26b-c6b37233842a,Instagram,Social Media,Kennadia Ken,Unknown,5,2025-11-09 13:21:38,just getting started on Instagram. loving it so far.,just getting started on instagram. loving it so far.,0,9,52,0,0,0,1.0,0,0,0.5994,1,0,1,0.0,0,1,0,5.0,0.0
f26f7806-456d-407b-8996-f6092275ef8f,Instagram,Social Media,Alexa Williams,Unknown,2,2025-11-09 13:23:38,INSTAGRAM WILL NEVER ALLOW ME TO UPLOAD HIGH QUALITY EDITS. MADLY DISAPPOINTED,instagram will never allow me to upload high quality edits. madly disappointed,0,12,78,0,0,12,1.0,0,1,-0.7555,1,0,1,0.0,0,1,0,2.0,0.0
2bfe73cc-b266-4183-b53f-f2bb3a6adcd8,Instagram,Social Media,Aunik Roy,Unknown,5,2025-11-09 13:24:08,very ice,very ice,0,2,8,0,0,0,1.0,0,0,0.0,1,0,1,0.0,0,1,0,5.0,0.0
a634d58a-a90a-4e9c-a4c1-78d65d50f636,Instagram,Social Media,dabli anirudh,Unknown,5,2025-11-09 13:24:25,it's very useful 💖,it's very useful 💖,0,4,18,1,0,0,1.0,0,0,0.8789,1,0,1,0.0,0,1,0,5.0,0.0
ab6762f3-ede9-440b-a06c-4fd53aa9f6d6,Instagram,Social Media,Amar yadav,Unknown,5,2025-11-09 13:25:12,wow online app,wow online app,0,3,14,0,0,0,1.0,0,1,0.5859,1,0,1,0.0,0,1,0,5.0,0.0
3d67a8d6-cef4-4844-a734-65e699f499bc,Instagram,Social Media,GaBrielle Robinson,Unknown,5,2025-11-09 13:25:49,I love it,i love it,0,3,9,0,0,0,1.0,0,0,0.6369,1,0,1,0.0,0,2,0,5.0,0.0
43156c51-1c9d-495f-8a67-c9792cd1cc7a,Instagram,Social Media,Naran purty,Unknown,5,2025-11-09 13:26:29,Reels and photo viral,reels and photo viral,0,4,21,0,0,0,1.0,0,0,0.0,1,0,1,0.0,0,1,0,5.0,0.0
7ec79e47-2138-4f0a-9bce-4ae20cab9e08,Instagram,Social Media,Sandeep Gupta,Unknown,5,2025-11-09 13:26:43,According to my point of view Instagram is best,according to my point of view instagram is best,0,9,47,0,0,0,1.0,0,0,0.6369,1,0,1,0.0,0,1,0,5.0,0.0
efd4bd40-46c4-496c-a4ba-2c1dfc98e53a,Instagram,Social Media,Uday Verma,Unknown,1,2025-11-09 13:27:23,My Instagram does not work properly my insta I'd can't logged on instagram! Please fix this issue as soon as possible !,my instagram does not work properly my insta i'd can't logged on instagram! please fix this issue as soon as possible !,0,22,119,0,0,0,0.9090909090909091,0,0,0.4374,1,0,1,0.0,0,1,0,1.0,0.0
3d07f80d-ec99-4617-aa2f-cf79cefacc0d,Instagram,Social Media,Mahenashy Mirza,Unknown,5,2025-11-09 13:27:26,it's good 😊,it's good 😊,0,3,11,1,0,0,1.0,0,0,0.836,1,0,1,0.0,0,1,0,5.0,0.0
7c1d0dcf-218b-43ce-873b-fb3f14abaf87,Instagram,Social Media,Sadanand Bhosle,Unknown,1,2025-11-09 13:28:09,kunal,kunal,0,1,5,0,0,0,1.0,0,0,0.0,1,0,1,0.0,0,1,0,1.0,0.0
c86a2c34-6f92-4095-a5d2-951ea9282131,Instagram,Social Media,rajendra Bidua,Unknown,4,2025-11-09 13:28:47,This app very fanatics,this app very fanatics,0,4,22,0,0,0,1.0,0,1,0.0,1,0,1,0.0,0,1,0,4.0,0.0
5470b901-9336-4e81-9371-c16b42f17690,Instagram,Social Media,PizzaParker HotDogMaguire,Unknown,1,2025-11-09 13:28:59,"Their developers keep changing UI l layouts out of the place. It's frustrating. UI experience is bad, data control is worse. Makes me want to use Instagram less and less.","their developers keep changing ui l layouts out of the place. it's frustrating. ui experience is bad, data control is worse. makes me want to use instagram less and less.",0,30,170,0,0,2,0.9333333333333333,0,0,-0.7351,1,0,1,0.0,0,1,0,1.0,0.0
811161f3-7d18-4df5-92a6-cbc80f824345,Instagram,Social Media,Rejina Thapa,Unknown,1,2025-11-09 13:29:58,login problem. If I put my correct password but also it shows incorrect password.,login problem. if i put my correct password but also it shows incorrect password.,0,14,81,0,0,0,1.0,0,0,-0.2144,1,0,1,0.0,0,1,0,1.0,0.0
d09d754d-b427-4d0a-b938-0b7e428bae16,Instagram,Social Media,Hemalta Sirade,Unknown,1,2025-11-09 13:32:36,brohhh why insta consum my data???? almost 3gb + data why,brohhh why insta consum my data???? almost 3gb + data why,0,11,57,0,0,0,0.9090909090909091,0,0,0.0,1,0,1,0.0,0,1,0,1.0,0.0
a9dbc0de-ada4-4fb4-a7f9-b259807bf634,Instagram,Social Media,Haroon Barkat,Unknown,1,2025-11-09 13:33:04,resolve my insta problem why not working,resolve my insta problem why not working,0,7,40,0,0,0,1.0,0,0,-0.0258,1,0,1,0.0,0,1,0,1.0,0.0
f95d23ec-1631-4b6e-920c-46617647c4c3,Instagram,Social Media,Shyam Rughani,Unknown,2,2025-11-09 13:40:08,I can't able to open instagram this is very disgusting app the service is very poor the sever service is very poor I can't able to change my I'd,i can't able to open instagram this is very disgusting app the service is very poor the sever service is very poor i can't able to change my i'd,0,29,144,0,0,0,0.6206896551724138,0,1,-0.888,1,0,1,0.0,0,1,0,2.0,0.0
f4741e4a-ea16-4541-8ce2-638b89fb8f24,Instagram,Social Media,Tim P,Unknown,1,2025-11-09 13:40:32,why can't I zoom into a picture and then pan around? surely that should be basic functionality for an image sharing app? The moment I tried my fingers off the image snaps back to original size.,why can't i zoom into a picture and then pan around? surely that should be basic functionality for an image sharing app? the moment i tried my fingers off the image snaps back to original size.,1,36,193,0,0,0,0.9166666666666666,0,1,0.8105,1,0,1,0.0,0,1,1,1.0,0.0
aa08eec8-b8b2-46c5-944f-ba1d980003dd,Instagram,Social Media,Abuzar Cheema,Unknown,1,2025-11-09 13:44:30,the worst distracter app ever,the worst distracter app ever,0,5,29,0,0,0,1.0,0,1,-0.6249,1,0,1,0.0,0,1,0,1.0,0.0
bfa0bfa0-b3e5-498e-864d-f3f20fe268c2,Instagram,Social Media,Shantanu Bhardwaj,Unknown,1,2025-11-09 13:47:11,suspended my account without reason,suspended my account without reason,0,5,35,0,0,0,1.0,0,0,-0.4767,1,0,1,0.0,0,1,0,1.0,0.0
ce701208-d0dd-467f-94ea-9169c7185d4d,Instagram,Social Media,Cindy Bella,Unknown,4,2025-11-09 13:47:38,Awesome,awesome,0,1,7,0,0,0,1.0,0,0,0.6249,1,0,1,0.0,0,5,0,4.0,0.0
d4b0b7cf-adf3-4f4d-802c-396ae3d2869f,Instagram,Social Media,S Rajkumar,Unknown,1,2025-11-09 13:47:51,I can't see my doodle painting option in my app even I updated it many days ago,i can't see my doodle painting option in my app even i updated it many days ago,0,17,79,0,0,0,0.8823529411764706,0,1,0.0,1,0,1,0.0,0,1,0,1.0,0.0
f6617b27-d086-4011-bc41-2337adbd2fc4,Instagram,Social Media,Louis (Lou),Unknown,1,2025-11-09 13:47:52,"How is it that this app is so horribly built now that the app will crash when trying to open DMs. This should've been addressed quickly, but it's still not fixed 😮‍💨","how is it that this app is so horribly built now that the app will crash when trying to open dms. this should've been addressed quickly, but it's still not fixed 😮‍💨",0,32,165,2,0,0,0.875,0,1,-0.5474,1,0,1,0.0,0,1,0,1.0,0.0
622210e8-b5fc-4729-84b0-2ad5338427e3,Instagram,Social Media,Payal Yadav,Unknown,1,2025-11-09 13:49:48,very poor reel upholding this platform dear insta team kindly intervene this matter,very poor reel upholding this platform dear insta team kindly intervene this matter,0,13,83,0,0,0,0.9230769230769231,0,0,0.3626,1,0,1,0.0,0,1,0,1.0,0.0
5fb65e38-096f-441b-917e-08ce4663c50e,Instagram,Social Media,Sneha Debnath,Unknown,3,2025-11-09 13:52:40,new update main bohut jaida problem ho raha hai,new update main bohut jaida problem ho raha hai,0,9,47,0,0,0,1.0,0,1,-0.4019,1,0,1,0.0,0,1,0,3.0,0.0
9592009b-1e41-472f-b8c0-eed4bfce356b,Instagram,Social Media,Josh Crouse,Unknown,1,2025-11-09 13:53:33,New interface after most recent update is horrible. quite unfortunate,new interface after most recent update is horrible. quite unfortunate,0,10,69,0,0,0,1.0,0,0,-0.7778,1,0,1,0.0,0,1,0,1.0,0.0
ab67b112-6688-4b06-88d6-60b6d5e06a51,Instagram,Social Media,Mani Dharma,Unknown,1,2025-11-09 13:54:28,"I unable to upload my videos for trending music, even though I updated many times I don't know, why I need some solution, find out some remedies for this problem","i unable to upload my videos for trending music, even though i updated many times i don't know, why i need some solution, find out some remedies for this problem",0,30,161,0,0,0,0.8333333333333334,0,0,-0.2083,1,0,1,0.0,0,1,0,1.0,0.0
46d417fb-88ba-41b3-b377-c724381f4993,Instagram,Social Media,Mohammad Saud,Unknown,3,2025-11-09 13:56:30,Good platform for entertainment and socializing,good platform for entertainment and socializing,0,6,47,0,0,0,1.0,0,0,0.6908,1,0,1,0.0,0,1,0,3.0,0.0
ab2fb6d1-f9f6-45a4-a76d-96786b422b8f,Instagram,Social Media,Vasava sen,Unknown,4,2025-11-09 13:56:35,this is very good and very best app,this is very good and very best app,0,8,35,0,0,0,0.875,0,1,0.8265,1,0,1,0.0,0,1,0,4.0,0.0
6bc0424b-050e-4231-9580-83e39e2f94f4,Instagram,Social Media,Kritika Mani,Unknown,4,2025-11-09 13:57:10,"Hii Instagram, I like your app but I don't like the username count being shown, please remove this option, I request you to remove (username count)....","hii instagram, i like your app but i don't like the username count being shown, please remove this option, i request you to remove (username count)....",0,26,151,0,0,0,0.8461538461538461,0,1,0.2582,1,0,1,0.0,0,1,0,4.0,0.0
e921dc72-c8ba-4ac0-a016-da7f38f56715,Instagram,Social Media,Ellie Puletz,Unknown,3,2025-11-09 13:57:15,the updates are making the app worse but I like instagram reels much better than TikTok or Facebook,the updates are making the app worse but i like instagram reels much better than tiktok or facebook,0,18,99,0,0,0,0.9444444444444444,0,1,0.7227,1,0,1,0.0,0,1,0,3.0,0.0
17cb8f54-81a1-45f7-8b8c-008863001411,Instagram,Social Media,Prince Mandal,Unknown,1,2025-11-09 13:59:35,all my acc are being disabled without any offence,all my acc are being disabled without any offence,0,9,49,0,0,0,1.0,0,0,0.2235,1,0,1,0.0,0,1,0,1.0,0.0
e421fcc4-cdcd-47fe-bf09-f4a6d8f1b503,Instagram,Social Media,Alfin Ashraf,Unknown,1,2025-11-09 14:01:16,when I am replying to comments it appears to be a separate comment..fix the bug..,when i am replying to comments it appears to be a separate comment..fix the bug..,0,15,81,0,0,0,0.9333333333333333,0,1,0.0,1,0,1,0.0,0,1,0,1.0,0.0
3ea3a38c-ac26-4706-aca8-76971d479920,Instagram,Social Media,Minakshi Saini,Unknown,5,2025-11-09 14:01:36,very useful app👍,very useful app👍,0,3,16,1,0,0,1.0,0,1,0.4927,1,0,1,0.0,0,1,0,5.0,0.0
a5223381-5b4c-47a7-9ffb-7c498824f112,Instagram,Social Media,Vennila Vennila,Unknown,5,2025-11-09 14:01:38,சூப்பர்,சூப்பர்,0,1,7,0,0,0,1.0,0,0,0.0,1,0,1,0.0,0,1,0,5.0,0.0
ae993438-43da-4845-9c4c-a593025f7bce,Instagram,Social Media,Ayush Pandey,Unknown,1,2025-11-09 14:01:57,Very distracting apps,very distracting apps,0,3,21,0,0,0,1.0,0,1,-0.3597,1,0,1,0.0,0,1,0,1.0,0.0
ebaf651a-e269-4daa-a446-179413482ecd,Instagram,Social Media,Kartik Thakur,Unknown,5,2025-11-09 14:02:19,I love instagram maza aata hai,i love instagram maza aata hai,0,6,30,0,0,0,1.0,0,1,0.6369,1,0,1,0.0,0,1,0,5.0,0.0
c71eca15-d06b-4292-b96f-11e838782418,Instagram,Social Media,chittaranjan mohanty,Unknown,5,2025-11-09 14:02:32,good app but use your own ideas,good app but use your own ideas,0,7,31,0,0,0,1.0,0,1,0.2382,1,0,1,0.0,0,1,0,5.0,0.0
003e1b16-3d18-4515-b58c-e4a2d433477d,Instagram,Social Media,Suman Arfi Arfi,Unknown,1,2025-11-09 14:02:33,Good good 😊😊,good good 😊😊,0,3,12,2,0,0,0.6666666666666666,0,0,0.9501,1,0,1,0.0,0,1,1,1.0,0.0
66bb2785-d225-4fea-9796-abdb55a5f042,Instagram,Social Media,Sakshi Sain,Unknown,5,2025-11-09 14:03:20,its osm,its osm,0,2,7,0,0,0,1.0,0,0,0.0,1,0,1,0.0,0,1,0,5.0,0.0
e6332f5a-05b1-4f60-b146-022d672c57dd,Instagram,Social Media,Abdi Trossard,Unknown,5,2025-11-09 14:03:31,it's great,it's great,0,2,10,0,0,0,1.0,0,0,0.6249,1,0,1,0.0,0,1,0,5.0,0.0
23e08f81-b158-48db-b4f3-a30ffad49483,Instagram,Social Media,Meghana Shenoy,Unknown,5,2025-11-09 14:03:48,"amazing experience. good service. I'm able to reach more viewers and connect to ppl , I love this platform ✨","amazing experience. good service. i'm able to reach more viewers and connect to ppl , i love this platform ✨",0,20,108,0,0,0,0.95,0,0,0.9231,1,0,1,0.0,0,1,0,5.0,0.0
604caebc-dc48-487e-baba-a3bf6264d81c,Instagram,Social Media,Akash raj Boy,Unknown,5,2025-11-09 14:03:54,this is the best aap in this world 🌍💖,this is the best aap in this world 🌍💖,0,9,37,2,0,0,0.8888888888888888,0,0,0.891,1,0,1,0.0,0,1,0,5.0,0.0
e315bc81-56eb-4591-931c-f2a2dd2f4d7a,Instagram,Social Media,Amir,Unknown,5,2025-11-09 14:04:48,❤️‍🔥❤,❤️‍🔥❤,0,1,5,1,0,0,1.0,0,0,0.4215,1,0,1,0.0,0,1,0,5.0,0.0
b775087e-4157-449f-ac51-0c8913836b0e,Instagram,Social Media,Varad Bhavsar,Unknown,5,2025-11-09 14:05:36,this is app is medium of full intertanment,this is app is medium of full intertanment,0,8,42,0,0,0,0.875,0,1,0.0,1,0,1,0.0,0,1,0,5.0,0.0
99057f08-d8d8-49a7-bae1-c314438a2cd0,Instagram,Social Media,AME RUL ISLAM,Unknown,5,2025-11-09 14:06:47,nice experience in my life,nice experience in my life,0,5,26,0,0,0,1.0,0,0,0.4215,1,0,1,0.0,0,1,0,5.0,0.0
9442498b-171a-4fcb-97cf-2f861c58f75e,Instagram,Social Media,Vinay Vini,Unknown,5,2025-11-09 14:07:31,use to timepass,use to timepass,0,3,15,0,0,0,1.0,0,0,0.0,1,0,1,0.0,0,1,0,5.0,0.0
e502c0c0-baa6-4557-b12b-b2bac0ee3102,Instagram,Social Media,Rudra Mishra,Unknown,5,2025-11-09 14:08:49,just a way to get distracted,just a way to get distracted,0,6,28,0,0,0,1.0,0,0,-0.34,1,0,1,0.0,0,1,0,5.0,0.0
941a9803-e896-423f-8eb8-af425633de33,Instagram,Social Media,Bhavesh Bhavsar,Unknown,1,2025-11-09 14:12:12,auto scroll ka option nhi aya mere me,auto scroll ka option nhi aya mere me,0,8,37,0,0,0,1.0,0,0,0.0,1,0,1,0.0,0,1,0,1.0,0.0
cc7fdbd5-2277-4669-9f06-6ade6a466b89,Instagram,Social Media,Amit Mishra,Unknown,4,2025-11-09 14:12:17,Instagram Best Apps for Indian,instagram best apps for indian,0,5,30,0,0,0,1.0,0,1,0.6369,1,0,1,0.0,0,1,0,4.0,0.0
c0e64dc1-f9a0-4516-8ebb-bccf7091f8e3,Instagram,Social Media,Ramjan Alam,Unknown,5,2025-11-09 14:12:48,change inbox settings..make as old version..it's so worst update ever,change inbox settings..make as old version..it's so worst update ever,0,10,69,0,0,0,1.0,0,0,-0.7384,1,0,1,0.0,0,1,1,5.0,0.0
4de9a200-03fe-4c25-93e4-1fbba807999b,Instagram,Social Media,Trey G.,Unknown,1,2025-11-09 14:13:42,"App keeps deflating my numbers, consistently always around 2 a.m. it's like a reset on my account, I went from 4.5k down to 4.1k views. this happens daily, and it's a little misleading and disheartening for creators. Please fix this.","app keeps deflating my numbers, consistently always around 2 a.m. it's like a reset on my account, i went from 4.5k down to 4.1k views. this happens daily, and it's a little misleading and disheartening for creators. please fix this.",0,40,233,0,0,0,0.9,0,1,-0.037,1,0,1,0.0,0,1,0,1.0,0.0
328a88fb-8c29-4c7b-8b05-dd9f2a82e4e2,Instagram,Social Media,Anil visvanath Chavan,Unknown,5,2025-11-09 14:14:18,update,update,0,1,6,0,0,0,1.0,0,0,0.0,1,0,1,0.0,0,1,0,5.0,0.0
70f18063-a9c8-4903-9169-dc0eab35758b,Instagram,Social Media,Anand,Unknown,5,2025-11-09 14:15:11,Very good,very good,0,2,9,0,0,0,1.0,0,0,0.4927,1,0,1,0.0,0,3,0,5.0,0.0
89e68fc5-ec42-429a-834c-2242f2458d7a,Instagram,Social Media,Ishak Ms,Unknown,5,2025-11-09 14:16:18,Nice 🙂🙂🙂🙂🙂🙂🙂🙂🙂🙂🙂,nice 🙂🙂🙂🙂🙂🙂🙂🙂🙂🙂🙂,0,2,16,11,0,0,1.0,0,0,0.9827,1,0,1,0.0,0,1,0,5.0,0.0
1bef500d-b250-407c-9af4-b802f1e6039e,Instagram,Social Media,Ochiroo Ochir,Unknown,5,2025-11-09 14:17:07,I like Instagram,i like instagram,0,3,16,0,0,0,1.0,0,0,0.3612,1,0,1,0.0,0,1,0,5.0,0.0
1fdc2aff-1954-49d0-8acf-871847fdb1c6,Instagram,Social Media,Gurinder Aingh,Unknown,5,2025-11-09 14:17:29,ਵੈਰੀ nice app,ਵੈਰੀ nice app,0,3,13,0,0,0,1.0,0,1,0.4215,1,0,1,0.0,0,1,0,5.0,0.0
466aab8e-1f8f-4366-8d2d-9c12031e0a69,Instagram,Social Media,Kundan Kumar,Unknown,5,2025-11-09 14:17:35,Better,better,0,1,6,0,0,0,1.0,0,0,0.4404,1,0,1,0.0,0,2,0,5.0,0.0
0c8fb652-4f9a-4027-87eb-b6119bb7c154,Instagram,Social Media,Avinash Kumar,Unknown,4,2025-11-09 14:18:55,bigaru aap ham bhi lod kar liye,bigaru aap ham bhi lod kar liye,0,7,31,0,0,0,1.0,0,0,0.0,1,0,1,0.0,0,1,0,4.0,0.0
a9f1e9ed-23bf-45d8-8ac1-e00f21d3f49f,Instagram,Social Media,Raza Bacha,Unknown,5,2025-11-09 14:18:59,o my god,o my god,0,3,8,0,0,0,1.0,0,0,0.2732,1,0,1,0.0,0,1,0,5.0,0.0
4f94b19d-809e-4394-927e-d364b85751e8,Instagram,Social Media,Dua Khan,Unknown,5,2025-11-09 14:20:11,l love so much Instagram it's so funny and enjoying app woww ♥️🙂,l love so much instagram it's so funny and enjoying app woww ♥️🙂,0,13,64,1,0,0,0.9230769230769231,0,1,0.9702,1,0,1,0.0,0,1,0,5.0,0.0
e79c90fe-3dfa-4484-9587-69a8717a20f7,Instagram,Social Media,Samyrarawat18,Unknown,5,2025-11-09 14:20:20,such a amazing app,such a amazing app,0,4,18,0,0,0,1.0,0,1,0.5859,1,0,1,0.0,0,1,0,5.0,0.0
ed1f9364-cf59-48d9-a56f-f2995bd13f43,Instagram,Social Media,Amatulla,Unknown,3,2025-11-09 14:20:38,I updated the Instagram for the drawing option but the drawing option did not appear.,i updated the instagram for the drawing option but the drawing option did not appear.,0,15,85,0,0,0,0.7333333333333333,0,1,0.0,1,0,1,0.0,0,1,0,3.0,0.0
0219dbc4-17e8-40fb-a2a2-5154d700ab85,Instagram,Social Media,Joseph Julius,Unknown,5,2025-11-09 14:22:00,I LOVE LOVE LOVE LOVE INSTAGRAM U GUYS ARE THE BEST JUST VERIFY ME FOR ONE DAY PLS ONLY FOR ONE DAY 😅😅😅,i love love love love instagram u guys are the best just verify me for one day pls only for one day 😅😅😅,0,23,103,3,0,20,0.7391304347826086,0,0,0.9831,1,0,1,0.0,0,1,0,5.0,0.0
b601b801-7045-4123-bc41-2f7a19a3975e,Instagram,Social Media,Faiz Nabi Qazi,Unknown,5,2025-11-09 14:22:07,I feel cool when I use my insta account,i feel cool when i use my insta account,0,9,39,0,0,0,0.8888888888888888,0,0,0.3182,1,0,1,0.0,0,1,0,5.0,0.0
7267fc45-d468-4b09-9100-c7a386746f94,Instagram,Social Media,Tanish Jaat,Unknown,5,2025-11-09 14:22:13,kyaa bakar app ha ladkiya reply hi nhi krti😭😭😭😭😭😭😭😭😭😭😭😭,kyaa bakar app ha ladkiya reply hi nhi krti😭😭😭😭😭😭😭😭😭😭😭😭,0,9,55,12,0,0,1.0,0,1,-0.987,1,0,1,0.0,0,1,1,5.0,0.0
d2f30e6e-c1ed-4524-91be-51ad1e71b6f9,Instagram,Social Media,Diksha verma,Unknown,5,2025-11-09 14:22:57,wonderful,wonderful,0,1,9,0,0,0,1.0,0,0,0.5719,1,0,1,0.0,0,2,0,5.0,0.0
b5e2afb8-6475-45fe-9a93-8e97f4e2ee2f,Instagram,Social Media,Samrita Sarkar,Unknown,5,2025-11-09 14:23:15,Just awasome!!!,just awasome!!!,0,2,15,0,0,0,1.0,0,0,0.0,1,0,1,0.0,0,1,0,5.0,0.0
0928ffd3-0661-4262-bb5d-0d5d1e1726dc,Instagram,Social Media,Tamil Arasu,Unknown,5,2025-11-09 14:23:31,mind buster excellent service,mind buster excellent service,0,4,29,0,0,0,1.0,0,0,0.5719,1,0,1,0.0,0,1,0,5.0,0.0
b5d65dcc-28c0-4dab-9f20-6391a19f3c27,Instagram,Social Media,Sourav Rautela,Unknown,5,2025-11-09 14:24:30,nice🍌,nice🍌,0,1,5,1,0,0,1.0,0,0,0.4215,1,0,1,0.0,0,1,0,5.0,0.0
62875654-b8d1-49b7-98f0-7bf76df87b04,Instagram,Social Media,Penukanikhitha Nikhitha,Unknown,5,2025-11-09 14:24:31,nice superb app 🫠,nice superb app 🫠,0,4,17,1,0,0,1.0,0,1,0.7845,1,0,1,0.0,0,1,0,5.0,0.0
1065e152-c214-4fb5-9cb6-56c22de3714d,Instagram,Social Media,QRS M,Unknown,1,2025-11-09 14:25:40,why are they making Us use the Avatar forcefully!? the avatar is lame whoever likes using it is super lame can we just let the avatar idea Die with snapchat !?,why are they making us use the avatar forcefully!? the avatar is lame whoever likes using it is super lame can we just let the avatar idea die with snapchat !?,0,31,159,0,0,0,0.8064516129032258,0,0,-0.5781,1,0,1,0.0,0,1,0,1.0,0.0
9b978b7d-6693-466b-afd0-4cccfb4344ff,Instagram,Social Media,Ranjith Kumar RK 9999,Unknown,5,2025-11-09 14:26:13,Great 👍,great 👍,0,2,7,1,0,0,1.0,0,0,0.6249,1,0,1,0.0,0,2,0,5.0,0.0
03639cd2-3ea6-467a-9514-3221b69fd810,Instagram,Social Media,Anbumani Anbumani,Unknown,4,2025-11-09 14:26:23,"This app is really amazing and crazy There is a lot of fun. But only one thing If I create a new account that push me out from the app so, fix the bug . I like this app...........😀❤❤","this app is really amazing and crazy there is a lot of fun. but only one thing if i create a new account that push me out from the app so, fix the bug . i like this app...........😀❤❤",0,39,182,1,0,0,0.8461538461538461,0,1,0.9767,1,0,1,0.0,0,1,0,4.0,0.0
f6b3651b-6a6c-493f-bdb8-59ea2a3acd61,Instagram,Social Media,Mehbub I. Talukdar,Unknown,1,2025-11-09 14:27:01,"I can't login into my account, it says password incorrect despite typing the password correctly. Tried Forgot Password and it just shows error after creating new password. Worst Social Media Ever","i can't login into my account, it says password incorrect despite typing the password correctly. tried forgot password and it just shows error after creating new password. worst social media ever",0,31,195,0,0,0,0.9032258064516129,0,0,-0.6808,1,0,1,0.0,0,1,0,1.0,0.0
5b4a6ac3-5d20-4b8d-9c94-60a6605b6c45,Instagram,Social Media,Sumit Rajput,Unknown,5,2025-11-09 14:27:08,super app par video pa low ho ja te ha plz help 🥹🥹🥹🥹🥹,super app par video pa low ho ja te ha plz help 🥹🥹🥹🥹🥹,0,13,53,5,0,0,1.0,0,1,0.802,1,0,1,0.0,0,1,0,5.0,0.0
98969602-2491-4f0a-9171-675fbbdd33b8,Instagram,Social Media,General Olashile Hammed,Unknown,5,2025-11-09 14:27:38,Best Social media App ever,best social media app ever,0,5,26,0,0,0,1.0,0,1,0.6369,1,0,1,0.0,0,1,0,5.0,0.0
dc079e58-2b4c-4601-a45d-30fe8c1189f2,Instagram,Social Media,Jayrajsinh dodiya,Unknown,4,2025-11-09 14:28:29,Hii nice app,hii nice app,0,3,12,0,0,0,1.0,0,1,0.4215,1,0,1,0.0,0,1,0,4.0,0.0
1acf2ebd-011d-4ef7-86a8-652da23408a6,Instagram,Social Media,Karamata Ranabhai,Unknown,5,2025-11-09 14:29:38,supar app,supar app,0,2,9,0,0,0,1.0,0,1,0.0,1,0,1,0.0,0,1,0,5.0,0.0
cc10316c-51ea-4093-94c9-843bc6b59369,Instagram,Social Media,Basudev Daimari,Unknown,3,2025-11-09 14:29:54,I like this app and keep using but since last week my option to upload new reels is missing and not able to upload anything.. kindly request the developers to see over the bugs,i like this app and keep using but since last week my option to upload new reels is missing and not able to upload anything.. kindly request the developers to see over the bugs,0,34,176,0,0,0,0.8529411764705882,0,1,0.5023,1,0,1,0.0,0,1,0,3.0,0.0
c500d504-3cbe-417a-b377-0681f6c204f6,Instagram,Social Media,Trimohan Singh,Unknown,5,2025-11-09 14:29:58,V.GOOD,v.good,0,1,6,0,0,1,1.0,0,0,0.0,1,0,1,0.0,0,1,0,5.0,0.0
2d0b21cd-b558-4785-b768-3064f8fa01dd,Instagram,Social Media,Oseghonghon Joy,Unknown,4,2025-11-09 14:30:34,l love this app,l love this app,0,4,15,0,0,0,1.0,0,1,0.802,1,0,1,0.0,0,1,0,4.0,0.0
0f828fd0-b386-47d2-92fc-252e1865389c,Instagram,Social Media,Skjddj,Unknown,5,2025-11-09 14:31:12,exceptional,exceptional,0,1,11,0,0,0,1.0,0,0,0.0,1,0,1,0.0,0,1,0,5.0,0.0
ce9823d8-3f86-4050-bbd8-4699c2b12ab9,Instagram,Social Media,Titus Nyamai,Unknown,5,2025-11-09 14:33:08,superb,superb,0,1,6,0,0,0,1.0,0,0,0.6249,1,0,1,0.0,0,3,0,5.0,0.0
e2cbeb9f-4079-4a5f-8799-6d2f7d509a12,Instagram,Social Media,Caroline Loo,Unknown,5,2025-11-09 14:33:44,super good for makeing friends,super good for makeing friends,0,5,30,0,0,0,1.0,0,0,0.872,1,0,1,0.0,0,1,0,5.0,0.0
523ca83b-418b-40ad-afd5-1422a9998812,Instagram,Social Media,Mc Sam,Unknown,1,2025-11-09 14:36:05,this aap is banning my all accounts,this aap is banning my all accounts,0,7,35,0,0,0,1.0,0,0,0.0,1,0,1,0.0,0,1,0,1.0,0.0
bbaacf9f-3796-4a28-81b3-b34497223bdb,Instagram,Social Media,ernesto mardones,Unknown,5,2025-11-09 14:37:23,"new for me, full of great choices to be learned and use","new for me, full of great choices to be learned and use",0,12,55,0,0,0,1.0,0,0,0.6249,1,0,1,0.0,0,1,0,5.0,0.0
67838dcc-1cad-42b5-a471-2407d7ce12a3,Instagram,Social Media,Rakshitha A,Unknown,1,2025-11-09 14:37:58,leads to addiction and anxiety... very dangerous app for kids and youths.. it will spoil life,leads to addiction and anxiety... very dangerous app for kids and youths.. it will spoil life,0,16,93,0,0,0,0.9375,0,1,-0.624,1,0,1,0.0,0,1,0,1.0,0.0
34580fbe-6bfa-451e-8dda-9206ed73ca25,Instagram,Social Media,KQDRWR Rhwrff,Unknown,5,2025-11-09 14:38:05,I love using Instagram 🥰🥰🥰🥰😍😍,i love using instagram 🥰🥰🥰🥰😍😍,0,5,29,6,0,0,1.0,0,0,0.9908,1,0,1,0.0,0,1,0,5.0,0.0
a4d4940a-2744-429b-a638-564128fd6da0,Instagram,Social Media,kanhaiya pachauri,Unknown,4,2025-11-09 14:38:31,nice experience,nice experience,0,2,15,0,0,0,1.0,0,0,0.4215,1,0,1,0.0,0,1,0,4.0,0.0
21e12e05-cecd-4ffe-b70c-32c56a58beca,Instagram,Social Media,FLASHER PRIME,Unknown,2,2025-11-09 14:38:45,😭 mare instagram ig apne aap deactivate ho rahi hai is kya ression hai mat karo plzz,😭 mare instagram ig apne aap deactivate ho rahi hai is kya ression hai mat karo plzz,0,17,84,1,0,0,0.9411764705882353,0,1,-0.4767,1,0,1,0.0,0,1,0,2.0,0.0
1449212a-5881-4c7b-9dca-b6fcb701e520,Instagram,Social Media,Vshdgdg Bzhdndiffiu,Unknown,5,2025-11-09 14:38:49,so nice,so nice,0,2,7,0,0,0,1.0,0,0,0.4754,1,0,1,0.0,0,1,0,5.0,0.0
612296bb-fb04-4d0d-9b6f-60dc3bc4390e,Instagram,Social Media,A Google user,Unknown,1,2025-11-09 14:40:21,insta is not a good platform,insta is not a good platform,0,6,28,0,0,0,1.0,0,0,-0.3412,1,0,5,26176.0,0,1,0,1.2,0.4472135954999579
1034450c-62ba-47c6-b405-3ea5ba8bbde5,Instagram,Social Media,Brainstorm Lifestyles,Unknown,5,2025-11-09 14:40:26,This is the longest I have used Instagram. Right now no followers just small views under a 1000 I am only hoping for no disappoints,this is the longest i have used instagram. right now no followers just small views under a 1000 i am only hoping for no disappoints,0,25,131,0,0,0,0.92,0,1,0.4184,1,0,1,0.0,0,1,0,5.0,0.0
3e4b7ee7-c1c4-4c3e-8055-70e1defefb85,Instagram,Social Media,Durgesh,Unknown,1,2025-11-09 14:40:27,this application not opening and autoback problem,this application not opening and autoback problem,0,7,49,0,0,0,1.0,0,1,-0.4019,1,0,1,0.0,0,1,0,1.0,0.0
2c36b4a8-7220-4246-af7b-686f7bc1f57b,Instagram,Social Media,Fateme Bahador,Unknown,5,2025-11-09 14:40:29,بهترین برنامس راست من بلاگرم دوستان @setareh_8674 به پیجم سر بزنید 🥰🥰♥️💔🥺🥺🥲🙂🥀,بهترین برنامس راست من بلاگرم دوستان @setareh_8674 به پیجم سر بزنید 🥰🥰♥️💔🥺🥺🥲🙂🥀,0,12,77,8,0,0,1.0,0,0,0.9739,1,0,1,0.0,0,1,0,5.0,0.0
4b01ef44-6d09-48a6-9a89-ea9b191fc491,Instagram,Social Media,Debangshu Ghosh,Unknown,5,2025-11-09 14:41:08,He is good👍👍,he is good👍👍,0,3,12,2,0,0,1.0,0,0,0.4404,1,0,1,0.0,0,1,0,5.0,0.0
d0fb7453-efd3-41c6-a5aa-b3c29b64a484,Instagram,Social Media,Bijen Singha,Unknown,1,2025-11-09 14:41:19,very ridiculous app. the Instagram team suspended my acc for no reason?! wth?I'm gonna complaint a file against the Instagram team.,very ridiculous app. the instagram team suspended my acc for no reason?! wth?i'm gonna complaint a file against the instagram team.,0,21,131,0,0,0,0.9047619047619048,0,1,-0.8734,1,0,1,0.0,0,1,0,1.0,0.0
ecdbe593-bb63-4124-ba9b-8f066c582426,Instagram,Social Media,Brahman,Unknown,5,2025-11-09 14:41:50,great osm,great osm,0,2,9,0,0,0,1.0,0,0,0.6249,1,0,1,0.0,0,1,0,5.0,0.0
e39f125a-d256-41bd-af3a-5853f40d0b13,Instagram,Social Media,Sinan Seyd,Unknown,5,2025-11-09 14:42:00,its an amazing app i ever seen,its an amazing app i ever seen,0,7,30,0,0,0,1.0,0,1,0.5859,1,0,1,0.0,0,1,0,5.0,0.0
40e1c78d-f588-4aed-b3c7-9583a66338fc,Instagram,Social Media,Bhawana Bhanu,Unknown,5,2025-11-09 14:42:09,Great,great,0,1,5,0,0,0,1.0,0,0,0.6249,1,0,1,0.0,0,2,0,5.0,0.0
83d68258-e6fa-4240-a72d-3d02843ab9dd,Instagram,Social Media,wireless mathematics,Unknown,5,2025-11-09 14:42:39,excellent social media app,excellent social media app,0,4,26,0,0,0,1.0,0,1,0.5719,1,0,1,0.0,0,1,0,5.0,0.0
daa22bdd-9259-43b4-9e90-90ce045bad17,Instagram,Social Media,Abhishek Kumar,Unknown,5,2025-11-09 14:42:58,Best For Engaging 👌,best for engaging 👌,0,4,19,1,0,0,1.0,0,0,0.9141,1,0,1,0.0,0,1,0,5.0,0.0
a2e67e53-b187-4829-b279-3e4eb9649c48,Instagram,Social Media,Rohit Chauhan,Unknown,4,2025-11-09 14:44:11,multiple photos me audio show ho Raha hai per baj nahi raha pls slove this problem 💔🥺,multiple photos me audio show ho raha hai per baj nahi raha pls slove this problem 💔🥺,0,17,85,2,0,0,0.9411764705882353,0,1,-0.0772,1,0,1,0.0,0,1,0,4.0,0.0
b816b31c-e2d1-494e-8cc3-60a755df4ba1,Instagram,Social Media,Sairam_28,Unknown,4,2025-11-09 14:55:16,all are good but please fix the quality of photo which we send to others that will broke.,all are good but please fix the quality of photo which we send to others that will broke.,0,18,89,0,0,0,1.0,0,0,0.0516,1,0,1,0.0,0,1,0,4.0,0.0
03d69008-2ee7-4dfd-92fa-6f28a92fb0d9,Instagram,Social Media,Sushma Das,Unknown,1,2025-11-09 14:56:15,can't take screenshot of chat cuz my bday went nd I can't take screenshot and tag in story plz begging infront of meta developers remove this update,can't take screenshot of chat cuz my bday went nd i can't take screenshot and tag in story plz begging infront of meta developers remove this update,0,27,148,0,0,0,0.8518518518518519,0,0,0.0772,1,0,1,0.0,0,1,0,1.0,0.0
9f976b4e-76c4-49cf-923a-bc5b43fa4356,Instagram,Social Media,Emily Baker,Unknown,1,2025-11-09 14:56:54,"HATE the new update, let me explore at my leisure instead of showing me reels you think I want to see","hate the new update, let me explore at my leisure instead of showing me reels you think i want to see",0,21,101,0,0,1,0.9523809523809523,0,0,-0.5267,1,0,1,0.0,0,1,0,1.0,0.0
bfa8c5c3-b094-41fe-ad09-874247cb519d,Instagram,Social Media,Anoop Shankar,Unknown,2,2025-11-09 15:01:26,my insta ha smany bugs,my insta ha smany bugs,0,5,22,0,0,0,1.0,0,0,0.34,1,0,1,0.0,0,1,0,2.0,0.0
8b193f6b-197a-4d75-bbbc-73ef254996ba,Instagram,Social Media,Sameer Reyaz,Unknown,3,2025-11-09 15:06:55,i rate Instagram but there is a problem that my reels are not getting any non follower views and no action has been taken,i rate instagram but there is a problem that my reels are not getting any non follower views and no action has been taken,0,24,121,0,0,0,1.0,0,0,-0.7469,1,0,1,0.0,0,1,0,3.0,0.0
4fc48af2-6b77-4e9d-8097-124268b361ac,Instagram,Social Media,Sahar Yacob,Unknown,1,2025-11-09 15:08:01,"The new update is very bad, please bring back the old update.","the new update is very bad, please bring back the old update.",0,12,61,0,0,0,0.9166666666666666,0,0,-0.2992,1,0,1,0.0,0,1,0,1.0,0.0
8253a253-5772-4d53-b58e-beb79622348c,Instagram,Social Media,Aarti Sahni,Unknown,3,2025-11-09 15:08:50,Ok ok ❤️🙄✨,ok ok ❤️🙄✨,0,3,10,1,0,0,0.6666666666666666,0,0,0.6908,1,0,1,0.0,0,1,0,3.0,0.0
097dd96c-bf8d-4b57-bc13-1493605df7f6,Instagram,Social Media,Sunday Fadayiro,Unknown,1,2025-11-09 15:09:44,unable to make call on Instagram,unable to make call on instagram,0,6,32,0,0,0,1.0,0,0,0.0,1,0,1,0.0,0,1,0,1.0,0.0
e3e2ffb1-adf7-4948-9e97-e0a3b5ecf8c0,Instagram,Social Media,Aanchal Thakur,Unknown,1,2025-11-09 15:09:54,to much bad,to much bad,0,3,11,0,0,0,1.0,0,0,-0.5423,1,0,1,0.0,0,1,0,1.0,0.0
9645c5b0-30e1-4b20-a44e-5b95c0abffe8,Instagram,Social Media,Rahul Choudhary,Unknown,3,2025-11-09 15:12:14,super,super,0,1,5,0,0,0,1.0,0,0,0.5994,1,0,1,0.0,0,5,0,3.0,0.0
7c114f8d-da6f-4ad8-a8c6-3ae2b0826a5e,Instagram,Social Media,Shubham,Unknown,1,2025-11-09 15:14:42,"I am having problems for login in the app where it shows an incorrect password, and when I write the same password in the browser, it does login ?","i am having problems for login in the app where it shows an incorrect password, and when i write the same password in the browser, it does login ?",0,29,146,0,0,0,0.7931034482758621,0,1,-0.4019,1,0,1,0.0,0,1,0,1.0,0.0
4d0c524b-aa14-4dcd-b945-59b72ecca264,Instagram,Social Media,Alongbar Bty,Unknown,5,2025-11-09 15:16:21,what is Instagram Instagram means what❓,what is instagram instagram means what❓,0,6,39,0,0,0,0.8333333333333334,0,0,0.0,1,0,1,0.0,0,1,0,5.0,0.0
03cd3bed-96fd-4b85-8024-36d1b6cb94c5,Instagram,Social Media,Poornesh gowda GS,Unknown,4,2025-11-09 15:18:39,Waste Wast,waste wast,0,2,10,0,0,0,1.0,0,0,-0.4215,1,0,1,0.0,0,1,0,4.0,0.0
5f983d94-c0e9-4a30-9969-683025578a93,Instagram,Social Media,pushpendra arya,Unknown,1,2025-11-09 15:19:12,not working,not working,0,2,11,0,0,0,1.0,0,0,0.0,1,0,1,0.0,0,1,0,1.0,0.0
192cea5f-947d-4afd-ae0b-afa6d7274551,Instagram,Social Media,Satyendra Nath,Unknown,5,2025-11-09 15:19:21,very good aap,very good aap,0,3,13,0,0,0,1.0,0,0,0.4927,1,0,1,0.0,0,1,0,5.0,0.0
cc2379e3-626c-4003-a78e-8eacdc1f63d1,Instagram,Social Media,Bihari Ji Bihari Ji,Unknown,5,2025-11-09 15:19:38,i love this app,i love this app,0,4,15,0,0,0,1.0,0,1,0.6369,1,0,1,0.0,0,2,0,5.0,0.0
4c3b3684-39cd-40b7-96ec-4a423bde8b91,Instagram,Social Media,Balaji G,Unknown,5,2025-11-09 15:21:11,excellent and wonderful app,excellent and wonderful app,0,4,27,0,0,0,1.0,0,1,0.8126,1,0,1,0.0,0,1,0,5.0,0.0
e5f56641-c180-4a14-b95a-5f2ecba817d2,Instagram,Social Media,Bilalbhatti Bhatti,Unknown,4,2025-11-09 15:22:08,Iss to much good,iss to much good,0,4,16,0,0,0,1.0,0,0,0.4404,1,0,1,0.0,0,1,0,4.0,0.0
4ee16914-ba9e-42a6-8f63-4c0d9b9cbc0a,Instagram,Social Media,Adnan Anwar,Unknown,1,2025-11-09 15:23:11,Logging in leads to logging out,logging in leads to logging out,0,6,31,0,0,0,0.8333333333333334,0,0,0.0,1,0,1,0.0,0,1,0,1.0,0.0
66baa807-01f2-4fd1-8a72-9c4cfa79d4e4,Instagram,Social Media,Aayush Khandelwal,Unknown,5,2025-11-09 15:23:15,very good,very good,0,2,9,0,0,0,1.0,0,0,0.4927,1,0,1,0.0,0,3,0,5.0,0.0
a6163da9-097b-4a73-9e38-df99003be729,Instagram,Social Media,Chandni Khan,Unknown,1,2025-11-09 15:23:24,I don't like new update on Instagram,i don't like new update on instagram,0,7,36,0,0,0,1.0,0,0,-0.2755,1,0,1,0.0,0,1,0,1.0,0.0
5638faca-db5d-45fa-9c00-b847c2f35b28,Instagram,Social Media,Rahat Luther,Unknown,5,2025-11-09 15:23:37,bahi bohate asha app nahi hai,bahi bohate asha app nahi hai,0,6,29,0,0,0,1.0,0,1,0.0,1,0,1,0.0,0,1,0,5.0,0.0
81b59411-db30-4bec-b665-2553fdff16d7,Instagram,Social Media,Lakhan Sarkar,Unknown,5,2025-11-09 15:23:43,Very nice application my all video vairal | my profile name @lakhan_427,very nice application my all video vairal | my profile name @lakhan_427,0,12,71,0,0,0,0.9166666666666666,0,1,0.4754,1,0,1,0.0,0,1,0,5.0,0.0
bb66397b-23c4-456e-9320-62b13ff57a7f,Instagram,Social Media,Rosemary Glover,Unknown,5,2025-11-09 15:23:44,I love the content and the Influencers are very informative,i love the content and the influencers are very informative,0,10,59,0,0,0,0.9,0,0,0.6369,1,0,1,0.0,0,1,0,5.0,0.0
b83bdf0a-8475-4f6c-b74e-291e3bf1c49f,Instagram,Social Media,Rajesh Singh,Unknown,5,2025-11-09 15:24:58,my Vedio view,my vedio view,0,3,13,0,0,0,1.0,0,0,0.0,1,0,1,0.0,0,1,0,5.0,0.0
5f64d5a4-3e8c-4d22-aee4-5cdb0467788f,Instagram,Social Media,Sandeep Nayak,Unknown,5,2025-11-09 15:24:59,thank you❤,thank you❤,0,2,10,0,0,0,1.0,0,0,0.7717,1,0,1,0.0,0,1,0,5.0,0.0
13547b27-277b-4c1f-be53-5b08d3ade9d5,Instagram,Social Media,Opender Kumar,Unknown,1,2025-11-09 15:25:48,the have so many hackers,the have so many hackers,0,5,24,0,0,0,1.0,0,0,0.0,1,0,1,0.0,0,1,0,1.0,0.0
ea0f70c7-fe8a-44cf-b61b-253167a115b6,Instagram,Social Media,Igor Pluznikov,Unknown,5,2025-11-09 15:26:21,The Best,the best,0,2,8,0,0,0,1.0,0,0,0.6369,1,0,1,0.0,0,2,0,5.0,0.0
c986f015-76b7-4908-b489-51656ee81cde,Instagram,Social Media,Raj,Unknown,4,2025-11-09 15:27:01,Instagram is not opening,instagram is not opening,0,4,24,0,0,0,1.0,0,0,0.0,1,0,1,0.0,0,1,0,4.0,0.0
ccd3a8ff-a8ea-4758-a009-f05384b56f90,Instagram,Social Media,Tabassum Ali,Unknown,5,2025-11-09 15:27:18,This is good PLATEFORM and I testing..,this is good plateform and i testing..,0,7,38,0,0,1,1.0,0,0,0.4404,1,0,1,0.0,0,1,0,5.0,0.0
51f4eae3-8037-45c1-82b4-64dfeb381498,Instagram,Social Media,Saran Saran.B,Unknown,5,2025-11-09 15:27:32,no support 💯,no support 💯,0,3,12,1,0,0,1.0,0,0,-0.3089,1,0,1,0.0,0,1,0,5.0,0.0
17ffb089-8841-4de1-8e6e-29f02f9edb7b,Instagram,Social Media,Mahdin Hossain,Unknown,1,2025-11-09 15:27:40,waste time but some good use like message,waste time but some good use like message,0,8,41,0,0,0,1.0,0,0,0.7351,1,0,1,0.0,0,1,1,1.0,0.0
af2c0f54-2340-4b3d-a64a-0a585a27ecd0,Instagram,Social Media,Deepak B,Unknown,2,2025-11-09 15:28:15,that is good app,that is good app,0,4,16,0,0,0,1.0,0,1,0.4404,1,0,1,0.0,0,1,0,2.0,0.0
962cb32f-14f6-4eab-bea6-0dbf57e8985f,Instagram,Social Media,Amanpreet Kaur,Unknown,5,2025-11-09 15:29:45,it's amazing,it's amazing,0,2,12,0,0,0,1.0,0,0,0.5859,1,0,1,0.0,0,2,0,5.0,0.0
234c0246-5e48-4ad4-a668-9f648c9512a5,Instagram,Social Media,Vijithan Vijayaraja,Unknown,5,2025-11-09 15:30:27,most usage app 🥰,most usage app 🥰,0,4,16,1,0,0,1.0,0,1,0.8207,1,0,1,0.0,0,1,0,5.0,0.0
f540b59f-5446-486a-8551-3af65cce200e,Instagram,Social Media,Rehan C.H,Unknown,1,2025-11-09 15:31:01,amazing,amazing,0,1,7,0,0,0,1.0,0,0,0.5859,1,0,1,0.0,0,2,1,1.0,0.0
2d52d2a9-8608-4049-818f-4eca36735d23,Instagram,Social Media,Shail Kumar,Unknown,1,2025-11-09 15:32:46,Sahil,sahil,1,1,5,0,0,0,1.0,0,1,0.0,1,0,1,0.0,0,1,0,1.0,0.0
4acb0573-c8a8-46e2-a316-291f964601bc,Instagram,Social Media,Dharmender Pandey,Unknown,5,2025-11-09 15:33:08,good one,good one,0,2,8,0,0,0,1.0,0,0,0.4404,1,0,1,0.0,0,1,0,5.0,0.0
516d4dca-86df-4bb5-bb02-79d67575e5d5,Instagram,Social Media,Priyanka Devnath,Unknown,5,2025-11-09 15:33:30,i love instagram ❤️❤️❤️,i love instagram ❤️❤️❤️,0,4,23,0,0,0,1.0,0,0,0.6369,1,0,1,0.0,0,1,0,5.0,0.0
292ae68b-ccbc-4e64-83bb-689b5d6bfae3,Instagram,Social Media,Ⱥnꝁᵾsħ Mishra,Unknown,5,2025-11-09 15:33:45,Instagram is good app,instagram is good app,0,4,21,0,0,0,1.0,0,1,0.4404,1,0,1,0.0,0,1,0,5.0,0.0
b1548861-a9ac-4d69-bb18-72835c07b914,Instagram,Social Media,Abenezer Wendmagegn,Unknown,5,2025-11-09 15:33:48,It Is So Good And I Appreshit It,it is so good and i appreshit it,0,8,32,0,0,0,0.875,0,1,0.5777,1,0,1,0.0,0,1,0,5.0,0.0
fbc61543-f06e-450a-9a21-8776f423699a,Instagram,Social Media,govinda soni,Unknown,5,2025-11-09 15:34:39,nice application,nice application,0,2,16,0,0,0,1.0,0,1,0.4215,1,0,1,0.0,0,1,0,5.0,0.0
42dd4f63-3f19-486b-94f8-47968aa1834d,Instagram,Social Media,Santosh Mohurele,Unknown,4,2025-11-09 15:34:42,She is a Brilliant app to Thank you For Lounch My india,she is a brilliant app to thank you for lounch my india,0,12,55,0,0,0,1.0,0,1,0.743,1,0,1,0.0,0,1,0,4.0,0.0
60cd13e5-76cb-44b7-af68-8eed2a526f60,Instagram,Social Media,Omkar Valsangkar,Unknown,1,2025-11-09 15:35:38,not open my I'd what the issue,not open my i'd what the issue,0,7,30,0,0,0,1.0,0,0,0.0,1,0,1,0.0,0,1,0,1.0,0.0
940a38df-eba7-4a88-b48e-026624b668fe,Instagram,Social Media,Bijay Gurung,Unknown,5,2025-11-09 15:36:14,this app is nice.,this app is nice.,0,4,17,0,0,0,1.0,0,1,0.4215,1,0,1,0.0,0,1,0,5.0,0.0
2c852f68-80e6-477b-b442-ea09fb62a9d7,Instagram,Social Media,D Mpauko,Unknown,3,2025-11-09 15:36:21,Increase protection and keep your client's secrets.,increase protection and keep your client's secrets.,0,7,51,0,0,0,1.0,0,0,0.3182,1,0,1,0.0,0,1,0,3.0,0.0
38591933-1764-4662-baa3-0a6d8332b354,Instagram,Social Media,Rx yashu Rx yashu,Unknown,5,2025-11-09 15:36:26,support,support,0,1,7,0,0,0,1.0,0,0,0.4019,1,0,1,0.0,0,2,0,5.0,0.0
5a1c937f-c906-4d46-9340-84462994c783,Instagram,Social Media,Brian Kipngeno,Unknown,5,2025-11-09 15:36:40,It's one of the best social app,it's one of the best social app,0,7,31,0,0,0,1.0,0,1,0.6369,1,0,1,0.0,0,1,0,5.0,0.0
25db1333-e96c-4ea8-b7ab-fc6bdb4b141c,Instagram,Social Media,Sadeed Ahmed,Unknown,4,2025-11-09 15:36:52,it is great,it is great,0,3,11,0,0,0,1.0,0,0,0.6249,1,0,1,0.0,0,1,0,4.0,0.0
75085256-9ae6-4b90-96dd-123c8eedc359,Instagram,Social Media,Meenu Singh Singh,Unknown,5,2025-11-09 15:37:47,verry best,verry best,0,2,10,0,0,0,1.0,0,0,0.6369,1,0,1,0.0,0,1,0,5.0,0.0
48d77e93-4858-4fa1-83b3-98146010d86b,Instagram,Social Media,Janak Dewesi,Unknown,2,2025-11-09 15:39:06,faltu ki update nhi gane chahie,faltu ki update nhi gane chahie,0,6,31,0,0,0,1.0,0,0,0.0,1,0,1,0.0,0,1,0,2.0,0.0
125d174f-dcfe-4568-85fd-c209ce911d41,Instagram,Social Media,Amrit Yadav,Unknown,5,2025-11-09 15:39:31,nice aap,nice aap,0,2,8,0,0,0,1.0,0,0,0.4215,1,0,1,0.0,0,2,0,5.0,0.0
4552318f-0003-417f-9012-470c63161fad,Instagram,Social Media,Vishal Tyagi,Unknown,5,2025-11-09 15:39:31,amazing app,amazing app,0,2,11,0,0,0,1.0,0,1,0.5859,1,0,1,0.0,0,1,0,5.0,0.0
9684cd45-f8d4-4c2c-9b83-a6c2533b0c42,Instagram,Social Media,Nirvika Thapa,Unknown,4,2025-11-09 15:41:04,I enjoyed it,i enjoyed it,1,3,12,0,0,0,1.0,0,0,0.5106,1,0,1,0.0,0,1,0,4.0,0.0
451305ac-aedc-4678-b90d-44d199e0b2fb,Instagram,Social Media,Sumit Kushwah,Unknown,3,2025-11-09 15:41:32,good for influencers but not for students,good for influencers but not for students,0,7,41,0,0,0,0.8571428571428571,0,0,0.2382,1,0,1,0.0,0,1,0,3.0,0.0
46190860-a25c-4806-9035-2b5945f5ba6e,Instagram,Social Media,Michael Poarch,Unknown,5,2025-11-09 15:42:48,Amazing App to teach Goerge meet others. ❤ George,amazing app to teach goerge meet others. ❤ george,0,9,49,0,0,0,1.0,0,1,0.8402,1,0,1,0.0,0,1,0,5.0,0.0
2ac01d2e-bfee-4f49-a47a-b6c24e571f7a,Instagram,Social Media,Enabulele Michael,Unknown,4,2025-11-09 15:43:09,I really loved this app it is cool xD,i really loved this app it is cool xd,0,9,37,0,0,0,1.0,0,1,0.8832,1,0,1,0.0,0,1,0,4.0,0.0
99683c38-26db-47f7-b80c-29cdc164732a,Instagram,Social Media,Sujith Sujith,Unknown,5,2025-11-09 15:43:56,very good 😊,very good 😊,0,3,11,1,0,0,1.0,0,0,0.8581,1,0,1,0.0,0,1,0,5.0,0.0
c2d772ef-98b6-451f-ae98-7b44f4465f80,Instagram,Social Media,Krishnaprasad G R,Unknown,5,2025-11-09 15:43:59,Please revive the option of reverb effect while recording stories or reel. Or create an own reverb effect for instagram,please revive the option of reverb effect while recording stories or reel. or create an own reverb effect for instagram,0,20,119,0,0,0,0.85,0,0,0.7003,1,0,1,0.0,0,1,0,5.0,0.0
54ed4d37-4573-4eb5-865c-d9b621269e73,Instagram,Social Media,Stephen Steven,Unknown,5,2025-11-09 15:44:02,Life is good,life is good,0,3,12,0,0,0,1.0,0,0,0.4404,1,0,1,0.0,0,1,0,5.0,0.0
e1c3f7f9-d87f-48d4-a188-c2680cf5b97e,Instagram,Social Media,Gautam Sharma,Unknown,1,2025-11-09 15:44:42,since I have updated I can't upload reels & can't report also,since i have updated i can't upload reels & can't report also,0,12,61,0,0,0,0.8333333333333334,0,0,0.0,1,0,1,0.0,0,1,0,1.0,0.0
3dd59684-6c92-43af-8da8-612bb57db665,Instagram,Social Media,Shaurya Chaurasia,Unknown,5,2025-11-09 15:45:15,ok ok,ok ok,0,2,5,0,0,0,0.5,0,0,0.5267,1,0,1,0.0,0,3,0,5.0,0.0
c6ab4fbd-8835-455d-b19b-98322750532b,Instagram,Social Media,Debanjan Manna,Unknown,5,2025-11-09 15:45:33,supper 👌👌👌,supper 👌👌👌,0,2,10,3,0,0,1.0,0,0,0.9545,1,0,1,0.0,0,1,0,5.0,0.0
39ea1ba8-3c3c-4cb4-8510-6de7aaac4e11,Instagram,Social Media,Asaph Mutemi,Unknown,5,2025-11-09 15:46:23,ĭ̈t̆̈s̆̈ ğ̈ŏ̈ŏ̈d̆̈ ĭ̈n̆̈ ĭ̈n̆̈t̆̈ĕ̈r̆̈r̆̈ă̈c̆̈t̆̈ĭ̈ŏ̈n̆̈s̆̈ ĭ̈ l̆̈ŏ̈v̆̈ĕ̈ ĭ̈t̆̈,ĭ̈t̆̈s̆̈ ğ̈ŏ̈ŏ̈d̆̈ ĭ̈n̆̈ ĭ̈n̆̈t̆̈ĕ̈r̆̈r̆̈ă̈c̆̈t̆̈ĭ̈ŏ̈n̆̈s̆̈ ĭ̈ l̆̈ŏ̈v̆̈ĕ̈ ĭ̈t̆̈,0,7,93,0,0,0,1.0,0,0,0.0,1,0,1,0.0,0,1,0,5.0,0.0
1a3ae22a-0bc4-4a55-b1b2-c1cf830a8e7d,Instagram,Social Media,Ajitsinh Parmar,Unknown,4,2025-11-09 15:46:28,He is very important My instgram..... thanks..,he is very important my instgram..... thanks..,0,7,46,0,0,0,1.0,0,0,0.6115,1,0,1,0.0,0,1,0,4.0,0.0
94d5f44a-3115-4fdf-bd0b-a702deb61027,Instagram,Social Media,mohd nadeem alvi mohd nadeem alvi,Unknown,5,2025-11-09 15:47:06,nadeem,nadeem,0,1,6,0,0,0,1.0,0,0,0.0,1,0,1,0.0,0,1,0,5.0,0.0
173e3d27-0958-44a5-993f-ba630896dca7,Instagram,Social Media,Prince Bhabhar,Unknown,5,2025-11-09 15:47:40,feeling reels ☺️❤️,feeling reels ☺️❤️,0,3,18,0,0,0,1.0,0,0,0.5423,1,0,1,0.0,0,1,0,5.0,0.0
e41a9d8c-c210-48aa-8f12-08db4bd1e81d,Instagram,Social Media,priyanga priyanga,Unknown,2,2025-11-09 15:48:26,nice 🙂,nice 🙂,0,2,6,1,0,0,1.0,0,0,0.6712,1,0,1,0.0,0,2,1,2.0,0.0
9825ffd1-b31c-4be2-be5c-80de174b0cdd,Instagram,Social Media,T.b.darlami magar,Unknown,4,2025-11-09 15:48:32,not bad,not bad,0,2,7,0,0,0,1.0,0,0,0.431,1,0,1,0.0,0,2,0,4.0,0.0
d0e82fc2-20b8-4025-b00e-741519d98eb1,Instagram,Social Media,Lakshmi,Unknown,5,2025-11-09 15:49:16,i am enjoying this app,i am enjoying this app,0,5,22,0,0,0,1.0,0,1,0.5267,1,0,1,0.0,0,1,0,5.0,0.0
3c3bf9e4-1057-426f-b852-6dbaf08bd153,Instagram,Social Media,Sohil Sisgar,Unknown,5,2025-11-09 15:49:44,please viral mee please buddy famous mee 😭😭,please viral mee please buddy famous mee 😭😭,0,8,43,2,0,0,0.75,0,0,-0.3818,1,0,1,0.0,0,1,0,5.0,0.0
a8154568-f703-4f2a-9f96-954fef869b78,Instagram,Social Media,Zalik Hussain,Unknown,1,2025-11-09 15:50:01,I forget my password but when I click on forget password Instagram verified my account after that I can't make a new password it is always showing we are having more trouble try again,i forget my password but when i click on forget password instagram verified my account after that i can't make a new password it is always showing we are having more trouble try again,0,34,183,0,0,0,0.8235294117647058,0,0,-0.7776,1,0,1,0.0,0,1,0,1.0,0.0
78215889-c465-4dd6-8276-49a0320ef4c1,Instagram,Social Media,korlapu madhulatha,Unknown,5,2025-11-09 15:50:47,🌟🌟🌟🌟🌟🌟,🌟🌟🌟🌟🌟🌟,0,1,6,6,0,0,1.0,0,0,0.0,1,0,1,0.0,0,1,0,5.0,0.0
2b134a5a-8437-4f3f-be00-4e7320bd91ab,Instagram,Social Media,Ruhina Parvin,Unknown,5,2025-11-09 15:50:48,i love it but bohot time hogya video banate hue per viral nahi gya sab ka ho raha hai mera bhi hona chahiye yaar,i love it but bohot time hogya video banate hue per viral nahi gya sab ka ho raha hai mera bhi hona chahiye yaar,0,24,112,0,0,0,1.0,0,1,0.3818,1,0,1,0.0,0,1,0,5.0,0.0
31db6d40-f059-42c9-9361-5e505c6d3288,Instagram,Social Media,Kumar Periyasamy,Unknown,5,2025-11-09 15:51:22,"easy to use time and very much reels, post and chat experience ☺️ 😄","easy to use time and very much reels, post and chat experience ☺️ 😄",0,14,67,1,0,0,0.9285714285714286,0,0,0.886,1,0,1,0.0,0,1,0,5.0,0.0
51f0cc86-50bc-43dc-bfd3-eb5dc2fa36fc,Instagram,Social Media,Pinky Devi,Unknown,1,2025-11-09 15:51:42,so many bugs lately,so many bugs lately,0,4,19,0,0,0,1.0,0,0,0.0,1,0,1,0.0,0,1,0,1.0,0.0
601e6b81-7c89-4402-9be7-d8e0e43196d0,Instagram,Social Media,Umma Rabia,Unknown,5,2025-11-09 15:51:47,amazing app🤩🤩,amazing app🤩🤩,0,2,13,2,0,0,1.0,0,1,0.5859,1,0,1,0.0,0,1,0,5.0,0.0
5c9c3f50-59c6-43d4-a3a4-9589b107bf37,Instagram,Social Media,Priyanka Sailoni,Unknown,3,2025-11-09 15:51:55,I am not able to use the updated features of instagram. I am unable to see the draw options for scribbling in between texts . I have updated my app many times.,i am not able to use the updated features of instagram. i am unable to see the draw options for scribbling in between texts . i have updated my app many times.,0,32,159,0,0,0,0.8125,0,1,0.0,1,0,1,0.0,0,1,0,3.0,0.0
64d04862-c484-4ab7-bb40-b29f13e39bff,Instagram,Social Media,Madhuri Devi,Unknown,1,2025-11-09 15:52:22,distracted,distracted,0,1,10,0,0,0,1.0,0,0,-0.34,1,0,1,0.0,0,1,0,1.0,0.0
16503539-d3f3-4770-aa65-d9d34b16249c,Instagram,Social Media,Yograj Singh,Unknown,2,2025-11-09 15:52:36,im putting photo on my highlight but it's just loading continuously in anable to use it do something,im putting photo on my highlight but it's just loading continuously in anable to use it do something,0,18,100,0,0,0,1.0,0,0,0.1779,1,0,1,0.0,0,1,0,2.0,0.0
b350f19a-ab05-44ff-b03f-034a590231d2,Instagram,Social Media,Waji shah,Unknown,5,2025-11-09 15:52:55,Thank You So Much Instagram but Viral My ID Please Help Me😊🥹😣🤲🩵🤗,thank you so much instagram but viral my id please help me😊🥹😣🤲🩵🤗,0,12,64,6,0,1,1.0,0,0,0.9636,1,0,1,0.0,0,1,0,5.0,0.0
1059eb02-3928-497d-b80d-37e584760325,Instagram,Social Media,Sanemi Hajong,Unknown,5,2025-11-09 15:53:08,All indian Girls but me single ??,all indian girls but me single ??,0,7,33,0,0,0,1.0,0,0,0.0,1,0,1,0.0,0,1,0,5.0,0.0
6944cb24-2f36-41a7-b724-332148b08b1d,Instagram,Social Media,Dipali Kashyap,Unknown,5,2025-11-09 15:53:19,very good 👍,very good 👍,0,3,11,1,0,0,1.0,0,0,0.4927,1,0,1,0.0,0,1,0,5.0,0.0
09d25115-3fb2-4884-b746-170a8cbff5b8,Instagram,Social Media,Safiya KM,Unknown,5,2025-11-09 15:54:45,good experience,good experience,0,2,15,0,0,0,1.0,0,0,0.4404,1,0,1,0.0,0,3,0,5.0,0.0
5c38de92-4ae4-4a81-9640-8d6bddd4bc7d,Instagram,Social Media,Ehsan Raza,Unknown,5,2025-11-09 15:55:13,very nice instagram,very nice instagram,0,3,19,0,0,0,1.0,0,0,0.4754,1,0,1,0.0,0,1,0,5.0,0.0
f3ea8424-eb8d-4fdb-bce5-c4ce393dc90f,Instagram,Social Media,Mark Sen,Unknown,5,2025-11-09 15:55:13,very nice app,very nice app,0,3,13,0,0,0,1.0,0,1,0.4754,1,0,1,0.0,0,2,0,5.0,0.0
b1c6ff9e-f373-4746-bd32-a804a7c75504,Instagram,Social Media,Mr Sniper211,Unknown,5,2025-11-09 15:55:36,Not responding in Redmond 3s,not responding in redmond 3s,0,5,28,0,0,0,1.0,0,0,0.0,1,0,1,0.0,0,1,0,5.0,0.0
8ce67f16-faef-4e2b-98be-d7d7e72421c0,Instagram,Social Media,Juhi Mukherjee,Unknown,1,2025-11-09 15:55:54,wow nice,wow nice,0,2,8,0,0,0,1.0,0,0,0.765,1,0,1,0.0,0,1,1,1.0,0.0
b0a98628-12fb-4708-86c3-c8f74467e691,Instagram,Social Media,Tanish mota,Unknown,5,2025-11-09 15:56:23,bad for children,bad for children,0,3,16,0,0,0,1.0,0,0,-0.5423,1,0,1,0.0,0,1,1,5.0,0.0
dc6f08a3-736b-4e83-9b69-e19516339f93,Instagram,Social Media,Yash,Unknown,1,2025-11-09 15:56:35,there are so many glitches lately on this app,there are so many glitches lately on this app,0,9,45,0,0,0,1.0,0,1,0.0,1,0,1,0.0,0,1,0,1.0,0.0
cd6a141d-7207-4dbb-87f9-293bde92e1ed,Instagram,Social Media,Agashi Chukwunonso,Unknown,5,2025-11-09 15:58:39,I love this spp,i love this spp,0,4,15,0,0,0,1.0,0,0,0.6369,1,0,1,0.0,0,1,0,5.0,0.0
00dd2538-6131-414c-a5bd-795553a7410f,Instagram,Social Media,Ayush Kumar,Unknown,1,2025-11-09 15:58:49,there are very bugs following followers not visible,there are very bugs following followers not visible,0,8,51,0,0,0,1.0,0,0,0.0,1,0,1,0.0,0,1,0,1.0,0.0
c2cd1b8f-aeca-4c8e-a79b-a78e6485bf91,Instagram,Social Media,Gandla Jashwanth,Unknown,4,2025-11-09 15:59:07,please block option close,please block option close,0,4,25,0,0,0,1.0,0,0,-0.1531,1,0,1,0.0,0,1,0,4.0,0.0
273e00bd-72a3-4943-840d-427c09434ff8,Instagram,Social Media,Subhadeep Dey,Unknown,2,2025-11-09 15:59:19,Dear instagram recently nickname option is showing on Instagram many users but I was be interesting but in Instagram page section not showing me option enable I am very interested,dear instagram recently nickname option is showing on instagram many users but i was be interesting but in instagram page section not showing me option enable i am very interested,0,30,179,0,0,0,0.8,0,0,0.8534,1,0,1,0.0,0,1,1,2.0,0.0
efda18ed-c06f-4d70-a62e-8bf05b5d034d,Instagram,Social Media,Shiva Rajbanshi,Unknown,2,2025-11-09 16:00:52,giving two stars because Instagram literally banned my main ID with 290k followers for no reason thank you.,giving two stars because instagram literally banned my main id with 290k followers for no reason thank you.,0,18,107,0,0,1,1.0,0,0,-0.6007,1,0,1,0.0,0,1,0,2.0,0.0
f9fa0e2b-ee8f-4e8d-81e6-7e64613140bd,Instagram,Social Media,Marius Lungu,Unknown,1,2025-11-09 16:01:06,I have a Samsung s24 ultra and I always have problems with Instagram to hope it will be solved,i have a samsung s24 ultra and i always have problems with instagram to hope it will be solved,0,19,94,0,0,0,0.8947368421052632,0,0,0.3182,1,0,1,0.0,0,1,0,1.0,0.0
8ff6f03a-98ac-4f7d-a58f-87010fa71868,Instagram,Social Media,Oscar Reyes,Unknown,2,2025-11-09 16:02:23,"I've had Instagram for a year, but from one day to the next they blocked my accounts for no apparent reason. I tried to fix it, but customer service isn't working, and I can't create any more accounts either.","i've had instagram for a year, but from one day to the next they blocked my accounts for no apparent reason. i tried to fix it, but customer service isn't working, and i can't create any more accounts either.",0,39,208,0,0,0,0.8717948717948718,0,1,-0.7698,1,0,1,0.0,0,1,0,2.0,0.0
cac70710-fa39-4115-bebf-87ba0980b01b,Instagram,Social Media,satyam rajpoot,Unknown,1,2025-11-09 16:02:31,इस ऐप न क बच्चों का भविष्य बर्बाद कर दिया है और इस पर बहुत गंदे कांटेक्ट भी आने लगा है कोई भी से डाउनलोड ना करें एस ऑन समय की बर्बादी है और कुछ नहीं,इस ऐप न क बच्चों का भविष्य बर्बाद कर दिया है और इस पर बहुत गंदे कांटेक्ट भी आने लगा है कोई भी से डाउनलोड ना करें एस ऑन समय की बर्बादी है और कुछ नहीं,0,36,148,0,0,0,0.8611111111111112,0,0,0.0,1,0,1,0.0,0,1,0,1.0,0.0
c0d41cf1-a9df-43b9-982f-672f9c964175,Instagram,Social Media,Deepak Patel,Unknown,1,2025-11-09 16:03:46,Very useful application meet friends and other people person,very useful application meet friends and other people person,0,9,60,0,0,0,1.0,0,1,0.7425,1,0,1,0.0,0,1,1,1.0,0.0
eb1c0cf6-d3cb-478f-ab27-9ab481a06454,Instagram,Social Media,Roshan Jude 11 D 28,Unknown,1,2025-11-09 16:04:32,very bad Instagram..... don't use this app... very harmful app....,very bad instagram..... don't use this app... very harmful app....,0,10,66,0,0,0,0.9,0,1,-0.5849,1,0,1,0.0,0,1,0,1.0,0.0
ecc5f707-3fee-439a-a087-ebda24c376df,Instagram,Social Media,Shadman,Unknown,4,2025-11-09 16:04:58,perfect app add my favourite also,perfect app add my favourite also,0,6,33,0,0,0,1.0,0,1,0.5719,1,0,1,0.0,0,1,0,4.0,0.0
7afa6110-151d-46e2-b488-ab66c31d01df,Instagram,Social Media,Yvonne Ballou,Unknown,4,2025-11-09 16:05:20,watch interesting things,watch interesting things,0,3,24,0,0,0,1.0,0,0,0.4019,1,0,1,0.0,0,1,0,4.0,0.0
ae5dad8c-c6ec-47b9-bb95-bdaa2764c67f,Instagram,Social Media,Sahil,Unknown,1,2025-11-09 16:05:49,My Instagram account is suspended without any reason,my instagram account is suspended without any reason,0,8,52,0,0,0,1.0,0,0,-0.4767,1,0,1,0.0,0,1,0,1.0,0.0
c9fb1b9a-f525-4273-8a67-186f5698fbe8,Instagram,Social Media,Syed Sufi,Unknown,1,2025-11-09 16:07:08,It take more internet,it take more internet,0,4,21,0,0,0,1.0,0,0,0.0,1,0,1,0.0,0,1,0,1.0,0.0
8468b6f6-1f63-47cc-87e2-f96d6f372129,Instagram,Social Media,just Minecraft pig,Unknown,1,2025-11-09 16:07:41,This app still bad cause it is slow. terrible feed,this app still bad cause it is slow. terrible feed,1,10,50,0,0,0,1.0,0,1,-0.765,1,0,1,0.0,0,1,0,1.0,0.0
43193d5f-a813-4b37-a2a8-633a767cb8ad,Instagram,Social Media,Krishankant Yadav,Unknown,1,2025-11-09 16:08:22,"i am unable to login my account @kk_yadavz and when i try to login my mobile scrren is showing a interface of ""an unexpected error occured""","i am unable to login my account @kk_yadavz and when i try to login my mobile scrren is showing a interface of ""an unexpected error occured""",0,26,139,0,0,0,0.8461538461538461,0,0,-0.4019,1,0,1,0.0,0,1,0,1.0,0.0
6b9329b1-4cf8-41a7-965c-09d66a61ef4c,Instagram,Social Media,Beula santhi,Unknown,1,2025-11-09 16:10:29,Waste,waste,0,1,5,0,0,0,1.0,0,0,-0.4215,1,0,1,0.0,0,1,0,1.0,0.0
0b0ed021-1c01-41cc-9e36-eb36e4ff91d1,Instagram,Social Media,Himaru Nimsith,Unknown,1,2025-11-09 16:10:51,I like it,i like it,0,3,9,0,0,0,1.0,0,0,0.3612,1,0,1,0.0,0,1,0,1.0,0.0
543f6d70-ac44-4754-b920-b86f2b586c27,Instagram,Social Media,Dhruvil Rajput,Unknown,1,2025-11-09 16:12:08,new feature not shown,new feature not shown,0,4,21,0,0,0,1.0,0,0,0.0,1,0,1,0.0,0,1,0,1.0,0.0
57bc1d13-0d2a-47fa-80e7-dc7a42ba9ae8,Instagram,Social Media,Yeshwanth REDDY Yeshwanth,Unknown,4,2025-11-09 16:12:15,Good and cool to explore,good and cool to explore,0,5,24,0,0,0,1.0,0,0,0.6369,1,0,1,0.0,0,1,0,4.0,0.0
42047ed3-62f9-4b9f-be4d-5a899ee9e363,Instagram,Social Media,Kofi Quaye,Unknown,4,2025-11-09 16:15:25,Good but difficult,good but difficult,0,3,18,0,0,0,1.0,0,0,-0.3182,1,0,1,0.0,0,1,0,4.0,0.0
dfa65378-4e0d-4e8b-8516-131a2a5a7470,Instagram,Social Media,Felix Maina,Unknown,4,2025-11-09 16:15:36,Great 👍,great 👍,0,2,7,1,0,0,1.0,0,0,0.6249,1,0,1,0.0,0,2,0,4.0,0.0
47338f0c-c9a3-4b30-bc4b-c67365690402,Instagram,Social Media,Hubertus Leonardo,Unknown,1,2025-11-09 16:16:31,I don't like the new ui,i don't like the new ui,0,6,23,0,0,0,1.0,0,0,-0.2755,1,0,1,0.0,0,1,0,1.0,0.0
0d548bef-1fdb-4dc1-b9f0-5b184f24562d,Instagram,Social Media,Soumitya Rai,Unknown,1,2025-11-09 16:16:33,new ui sucks,new ui sucks,0,3,12,0,0,0,1.0,0,0,-0.3612,1,0,1,0.0,0,1,0,1.0,0.0
46ffd939-95b2-4b9c-b2cc-4829176bddc5,Instagram,Social Media,Vikash Mahadev,Unknown,1,2025-11-09 16:23:48,repost not showing my second I'd please find and fix this issue ASAP,repost not showing my second i'd please find and fix this issue asap,0,13,68,0,0,1,1.0,0,0,0.3182,1,0,1,0.0,0,1,0,1.0,0.0
e47bc8ba-f33d-4e86-ac08-531b9be1e419,Instagram,Social Media,A Google user,Unknown,1,2025-11-09 16:24:32,worst app,worst app,0,2,9,0,0,0,1.0,0,1,-0.6249,1,0,5,6251.0,0,1,0,1.2,0.4472135954999579
22167338-0f75-48a8-990e-b3d70f8fa00a,Instagram,Social Media,Darkhana Borgohain,Unknown,1,2025-11-09 16:25:02,so much mb needed here,so much mb needed here,0,5,22,0,0,0,1.0,0,0,0.0,1,0,1,0.0,0,1,0,1.0,0.0
eb07ab3c-8452-41a0-a592-bd16ce5206b5,Instagram,Social Media,Mrs Drew,Unknown,1,2025-11-09 16:26:49,"app keeps signing me out, and when I request a code in order to verify my identity, it doesn't work","app keeps signing me out, and when i request a code in order to verify my identity, it doesn't work",3,20,99,0,0,0,1.0,0,1,0.0,1,0,1,0.0,0,1,0,1.0,0.0
6c77e85f-80c1-49b1-b2e9-91cd44cb43ce,Instagram,Social Media,Seema Sengar,Unknown,1,2025-11-09 16:26:50,❤️❤️❤️,❤️❤️❤️,0,1,6,0,0,0,1.0,0,0,0.0,1,0,1,0.0,0,2,0,1.0,0.0
4de4c42c-2c92-43d0-8d63-38dcd778520e,Instagram,Social Media,Jeremy Wiebe,Unknown,1,2025-11-09 16:27:26,you have to scrape this app out of the way to see your friends. where is its non-Meta replacement?,you have to scrape this app out of the way to see your friends. where is its non-meta replacement?,1,19,98,0,0,0,0.9473684210526315,0,1,0.4767,1,0,1,0.0,0,1,0,1.0,0.0
580e4c85-5c04-4e00-bb2f-ce4c3b21bfd2,Instagram,Social Media,Gabriel Henrique,Unknown,1,2025-11-09 16:28:55,"I had 5 accounts banned for no reason, I can't even use the app anymore, after the creation of Meta AI he ended up with Instagram.","i had 5 accounts banned for no reason, i can't even use the app anymore, after the creation of meta ai he ended up with instagram.",0,26,130,0,0,1,0.9230769230769231,0,1,-0.4767,1,0,1,0.0,0,1,0,1.0,0.0
4566420c-85da-4aab-8196-309e1263c369,Instagram,Social Media,Radhesh Redmi13,Unknown,2,2025-11-09 16:32:56,"They change their algorithms, features and UI at will, breaking businesses that depend on them without any notice. So they are not a reliable platform.","they change their algorithms, features and ui at will, breaking businesses that depend on them without any notice. so they are not a reliable platform.",0,25,151,0,0,1,0.96,0,0,0.0,1,0,1,0.0,0,1,0,2.0,0.0
25f64afd-06e9-49f7-b7da-4b6e6ef83a55,Instagram,Social Media,Îm Shãmï,Unknown,2,2025-11-09 16:33:46,very bad,very bad,0,2,8,0,0,0,1.0,0,0,-0.5849,1,0,1,0.0,0,2,0,2.0,0.0
3d28f193-4ea0-4ddf-b547-5e818da19b0a,Instagram,Social Media,SAHILL,Unknown,1,2025-11-09 16:33:54,#I don't give this app any 4 star because this app have really bad updates in 7 to 7 days ....,#i don't give this app any 4 star because this app have really bad updates in 7 to 7 days ....,0,21,94,0,0,1,0.8571428571428571,0,1,-0.5849,1,0,1,0.0,0,1,0,1.0,0.0
0d7624e6-f798-4e17-a507-58bffedf6373,Instagram,Social Media,Mester Anas,Unknown,1,2025-11-09 16:38:11,"I hate this app , I got banned for no reason multiple times in different accounts dor absolutely no reason","i hate this app , i got banned for no reason multiple times in different accounts dor absolutely no reason",0,20,106,0,0,0,0.85,0,1,-0.8858,1,0,1,0.0,0,1,0,1.0,0.0
32bdca1f-3c0a-4898-b7fa-50f0947f6f7a,Instagram,Social Media,A Google user,Unknown,2,2025-11-09 16:39:04,you changed the app sooooo much i cant find my messages to people like my little sister who lives in florida!,you changed the app sooooo much i cant find my messages to people like my little sister who lives in florida!,0,21,109,0,0,0,0.9523809523809523,0,1,0.4199,1,0,5,872.0,0,1,0,1.2,0.4472135954999579
d63157e1-b775-4515-bbd1-8488dc37b501,Instagram,Social Media,Mamta Devi,Unknown,2,2025-11-09 16:41:41,मै कुछ नही किया है मेरा Instagram चालू कर दो please,मै कुछ नही किया है मेरा instagram चालू कर दो please,0,11,51,0,0,0,1.0,0,0,0.3182,1,0,1,0.0,0,1,0,2.0,0.0
73db15f1-b6d7-48a4-8c1b-620ef70f9bff,Instagram,Social Media,Bikee Kanu,Unknown,5,2025-11-09 16:43:08,awesome 😎,awesome 😎,0,2,9,1,0,0,1.0,0,0,0.7964,1,0,1,0.0,0,1,0,5.0,0.0
ccacd958-af90-4f4f-9c11-a25fb105e4e8,Instagram,Social Media,Manoj k Manoj,Unknown,5,2025-11-09 16:43:20,next level,next level,0,2,10,0,0,0,1.0,0,0,0.0,1,0,1,0.0,0,1,0,5.0,0.0
18e0f917-9a75-4806-8a7c-4e24502cdb90,Instagram,Social Media,Ramanuj Chauhan,Unknown,5,2025-11-09 16:43:57,he is emotion,he is emotion,0,3,13,0,0,0,1.0,0,0,0.0,1,0,1,0.0,0,1,0,5.0,0.0
1c088481-7169-4cb9-baef-1a1d54862baa,Instagram,Social Media,Ankit Kumar,Unknown,5,2025-11-09 16:44:12,ankit.kumar,ankit.kumar,0,1,11,0,0,0,1.0,0,0,0.0,1,0,1,0.0,0,1,0,5.0,0.0
65c33b55-d866-414c-bdbd-22c7d93cdcdd,Instagram,Social Media,PRASHANTH SAGAR,Unknown,5,2025-11-09 16:44:49,super app 💗💯✅,super app 💗💯✅,0,3,13,2,0,0,1.0,0,1,0.8689,1,0,1,0.0,0,1,0,5.0,0.0
341b9024-f6b8-46a7-a2df-91c8d8a72af2,Instagram,Social Media,Rehana Khadim Hussain,Unknown,5,2025-11-09 16:45:35,it's very good app to chat or to watch and upload reels .....best ap,it's very good app to chat or to watch and upload reels .....best ap,0,14,68,0,0,0,0.9285714285714286,0,1,0.8122,1,0,1,0.0,0,1,0,5.0,0.0
7c077897-b54e-4c5c-a4d5-8d8ffe545bc1,Instagram,Social Media,Donald Mdyenji,Unknown,5,2025-11-09 16:45:42,enjoyable,enjoyable,0,1,9,0,0,0,1.0,0,0,0.4404,1,0,1,0.0,0,1,0,5.0,0.0
40d7d1de-716f-4703-bf80-f565fadf5752,Instagram,Social Media,Baljit Angural,Unknown,5,2025-11-09 16:45:56,awesome,awesome,0,1,7,0,0,0,1.0,0,0,0.6249,1,0,1,0.0,0,5,0,5.0,0.0
2ad3f497-57a1-4bd5-a16b-d1bed25196bf,Instagram,Social Media,ajay singh,Unknown,5,2025-11-09 16:46:42,thank you 😊 mujhe bahut pasand aaya,thank you 😊 mujhe bahut pasand aaya,0,7,35,1,0,0,1.0,0,1,0.8176,1,0,1,0.0,0,1,0,5.0,0.0
2f4dfe3f-6e76-4b60-9727-502f7b1d835d,Instagram,Social Media,Akshit Jaat,Unknown,5,2025-11-09 16:46:55,uppdate,uppdate,0,1,7,0,0,0,1.0,0,0,0.0,1,0,1,0.0,0,1,0,5.0,0.0
cc346f70-4312-48cd-aaca-38c30c8282b6,Instagram,Social Media,Alina Batool,Unknown,1,2025-11-09 16:47:31,"Going to delete Instagram permanently after the whole Meta being able to train off of our DMs, photos and voice messages. Everyone else will delete it sooner or later as well. Ruined the whole app.","going to delete instagram permanently after the whole meta being able to train off of our dms, photos and voice messages. everyone else will delete it sooner or later as well. ruined the whole app.",0,35,197,0,0,0,0.8857142857142857,0,1,-0.25,1,0,1,0.0,0,1,0,1.0,0.0
f641358e-82f0-41cc-8684-215447186edd,Instagram,Social Media,Sushila Sushi,Unknown,5,2025-11-09 16:47:38,super,super,0,1,5,0,0,0,1.0,0,0,0.5994,1,0,1,0.0,0,5,0,5.0,0.0
40a0c23e-891b-4360-b427-d9357fabe8ef,Instagram,Social Media,Shafi uddin Mohd,Unknown,5,2025-11-09 16:48:16,best aap in the world,best aap in the world,0,5,21,0,0,0,1.0,0,0,0.6369,1,0,1,0.0,0,1,0,5.0,0.0
318a4339-c8f8-4fad-817d-8eb9d645d4ee,Instagram,Social Media,Lalrinthanga Sailo,Unknown,5,2025-11-09 16:48:23,i find my boyfriend,i find my boyfriend,0,4,19,0,0,0,1.0,0,0,0.0,1,0,1,0.0,0,1,0,5.0,0.0
8d40e44f-d900-45fb-9c06-02f44c1959e5,Instagram,Social Media,Sunita Shinde,Unknown,5,2025-11-09 16:49:26,Nice aap,nice aap,0,2,8,0,0,0,1.0,0,0,0.4215,1,0,1,0.0,0,2,0,5.0,0.0
c9f2b630-e211-409e-9b06-e68ed03c1a57,Instagram,Social Media,Vedhasiva Karnan,Unknown,5,2025-11-09 16:49:47,good game of the day in the following,good game of the day in the following,0,8,37,0,0,0,0.875,0,0,0.4404,1,0,1,0.0,0,1,0,5.0,0.0
0fc70f84-4115-4e9d-8e56-181a3f7dcd4d,Instagram,Social Media,Asinaku Anbasu,Unknown,2,2025-11-09 16:49:51,good but not fast,good but not fast,0,4,17,0,0,0,1.0,0,0,0.2382,1,0,1,0.0,0,1,0,2.0,0.0
bcf744ec-550f-460f-81e4-377c91bf1c34,Instagram,Social Media,Manoj Gautam,Unknown,5,2025-11-09 16:50:08,i like Instagram 😀,i like instagram 😀,0,4,18,1,0,0,1.0,0,0,0.6124,1,0,1,0.0,0,1,0,5.0,0.0
efc09d72-2643-4612-9e4c-8dfc1bdd0c1c,Instagram,Social Media,Suraj Luha,Unknown,2,2025-11-09 16:50:10,instagram story se koi vdo save nehi hota or update v bekar kia hei kuchh achha nei hei,instagram story se koi vdo save nehi hota or update v bekar kia hei kuchh achha nei hei,0,18,87,0,0,0,0.9444444444444444,0,1,-0.25,1,0,1,0.0,0,1,0,2.0,0.0
326cb268-0b8b-44ec-81d7-f3cbaf4059f3,Instagram,Social Media,Sushilaparma,Unknown,5,2025-11-09 16:50:16,beneficial app,beneficial app,0,2,14,0,0,0,1.0,0,1,0.4404,1,0,1,0.0,0,1,0,5.0,0.0
c9b77ada-08bb-4eba-95e6-8306881be9d8,Instagram,Social Media,Loki Johnson,Unknown,1,2025-11-09 16:50:19,Instagram has a scam and a threat and they will hacked anyone on Instagram same as Facebook.,instagram has a scam and a threat and they will hacked anyone on instagram same as facebook.,1,17,92,0,0,0,0.8235294117647058,0,0,-0.8689,1,0,1,0.0,0,1,0,1.0,0.0
260ac171-7fe1-4f1c-8ad5-7b7e569da21f,Instagram,Social Media,C.P. ALL ROUNDER Jangir,Unknown,5,2025-11-09 16:51:41,instagramm Chanel is Superb 💞💞💞💞💞👌👍👍🌹,instagramm chanel is superb 💞💞💞💞💞👌👍👍🌹,0,5,37,9,0,0,1.0,0,0,0.9869,1,0,1,0.0,0,1,0,5.0,0.0
95697aaa-37c8-4bed-8074-c981a4ff2201,Instagram,Social Media,Rakesh Chandra Tripathy,Unknown,5,2025-11-09 16:52:33,great,great,0,1,5,0,0,0,1.0,0,0,0.6249,1,0,1,0.0,0,2,0,5.0,0.0
7d15a20e-f6e6-4a66-ac01-9c950ec36cf4,Instagram,Social Media,nwokeji ebube2005,Unknown,5,2025-11-09 16:53:11,A very nice UI and an excellent 👌 social media app for interacting internationally.,a very nice ui and an excellent 👌 social media app for interacting internationally.,0,14,83,1,0,1,1.0,0,1,0.9174,1,0,1,0.0,0,1,0,5.0,0.0
8d271e4a-5af8-4535-a60a-eb17f1d364ce,Instagram,Social Media,Ankita Naik,Unknown,1,2025-11-09 16:54:14,I can't have any update,i can't have any update,0,5,23,0,0,0,1.0,0,0,0.0,1,0,1,0.0,0,1,0,1.0,0.0
3d08152e-286b-438e-8ae0-88045c34e414,Instagram,Social Media,Nimilita Gangopadhyay,Unknown,5,2025-11-09 16:54:17,this is very good but also addictive,this is very good but also addictive,0,7,36,0,0,0,1.0,0,0,0.2724,1,0,1,0.0,0,1,0,5.0,0.0
07a39410-9f93-4384-a0a9-f87d0b48a4b7,Instagram,Social Media,yasin falah,Unknown,5,2025-11-09 16:54:26,❤️❤️❤️,❤️❤️❤️,0,1,6,0,0,0,1.0,0,0,0.0,1,0,1,0.0,0,2,0,5.0,0.0
557ae812-56ba-4012-8265-4a6f2033ef43,Instagram,Social Media,sukhbir Kaur,Unknown,5,2025-11-09 16:54:40,nice app,nice app,0,2,8,0,0,0,1.0,0,1,0.4215,1,0,1,0.0,0,5,0,5.0,0.0
48ee09bc-be58-4702-9498-499ed34f500c,Instagram,Social Media,Rizwan Shaikh,Unknown,5,2025-11-09 16:54:43,amazing 👏,amazing 👏,0,2,9,1,0,0,1.0,0,0,0.5859,1,0,1,0.0,0,1,0,5.0,0.0
dc26a9ab-9d42-4fed-adbf-02cdf84b755f,Instagram,Social Media,Lingam Bobel,Unknown,5,2025-11-09 16:54:57,it is all about the social media and it shows us how out the world is going,it is all about the social media and it shows us how out the world is going,0,17,75,0,0,0,0.8235294117647058,0,0,0.0,1,0,1,0.0,0,1,0,5.0,0.0
94170756-3f7d-4947-88e5-15505af54257,Instagram,Social Media,sina juhar,Unknown,5,2025-11-09 16:55:00,Easy to use fun and entertaining,easy to use fun and entertaining,0,6,32,0,0,0,1.0,0,0,0.8442,1,0,1,0.0,0,1,0,5.0,0.0
36afb3fd-5b1b-4d08-9e86-dcfd5d106869,Instagram,Social Media,Saebaz Khan,Unknown,5,2025-11-09 16:55:11,shabaz khan,shabaz khan,0,2,11,0,0,0,1.0,0,0,0.0,1,0,1,0.0,0,1,0,5.0,0.0
989bf225-8dce-4211-b41f-fef0d99bea26,Instagram,Social Media,Khagesh Kaviti,Unknown,1,2025-11-09 16:56:51,worst app i don't like it without any reason my account got disabled and whenever i create new account automatically getting disabled for no reason when i create new account again same thing repeat again and again,worst app i don't like it without any reason my account got disabled and whenever i create new account automatically getting disabled for no reason when i create new account again same thing repeat again and again,0,37,213,0,0,0,0.7027027027027027,0,1,-0.6381,1,0,1,0.0,0,1,0,1.0,0.0
67e41589-12ff-4efa-8a77-c896487bfb3a,Instagram,Social Media,Anuwara Begum,Unknown,1,2025-11-09 16:56:57,My whole time passed with this,my whole time passed with this,0,6,30,0,0,0,1.0,0,0,0.0,1,0,1,0.0,0,1,0,1.0,0.0
2063d333-bcd2-45e2-a487-efe6ab0e6771,Instagram,Social Media,Sabina Mansuri,Unknown,2,2025-11-09 16:57:03,"Not too good , when you find something good in ending that is tough to find a single good filter, song even emoji for your post . It's an avarage aap.","not too good , when you find something good in ending that is tough to find a single good filter, song even emoji for your post . it's an avarage aap.",0,31,150,0,0,0,0.9032258064516129,0,0,0.4393,1,0,1,0.0,0,1,0,2.0,0.0
7a7aa650-078c-481c-a265-02c100209ec1,Instagram,Social Media,Madhu Mahesh,Unknown,5,2025-11-09 16:58:17,love it,love it,0,2,7,0,0,0,1.0,0,0,0.6369,1,0,1,0.0,0,1,0,5.0,0.0
04bf9fc2-93e0-4bec-8344-e54ba441c98b,Instagram,Social Media,Rayhan Ahmed,Unknown,5,2025-11-09 16:59:12,just wow,just wow,0,2,8,0,0,0,1.0,0,0,0.5859,1,0,1,0.0,0,1,0,5.0,0.0
af2d04ca-2802-4b33-b9de-3fd68bd5cd25,Instagram,Social Media,Akhtarun Nisha,Unknown,5,2025-11-09 17:00:15,nice 👍,nice 👍,0,2,6,1,0,0,1.0,0,0,0.4215,1,0,1,0.0,0,4,0,5.0,0.0
66e86b6b-ac7e-474e-b3da-e0549878693b,Instagram,Social Media,Vatsal mehta,Unknown,1,2025-11-09 17:00:16,worst updates everrrrr!!!!!!!,worst updates everrrrr!!!!!!!,0,3,29,0,0,0,1.0,0,0,-0.7405,1,0,1,0.0,0,1,0,1.0,0.0
b1c78fee-ea26-44b0-ae8e-772984e26449,Instagram,Social Media,McCauley,Unknown,5,2025-11-09 17:00:17,good for sexy girls,good for sexy girls,0,4,19,0,0,0,1.0,0,0,0.743,1,0,1,0.0,0,1,0,5.0,0.0
53393853-e207-423f-aa8e-dbba842aec42,Instagram,Social Media,Adil Subhani,Unknown,5,2025-11-09 17:00:17,very good app👍,very good app👍,0,3,14,1,0,0,1.0,0,1,0.4927,1,0,1,0.0,0,1,0,5.0,0.0
d6679751-2bd2-4722-b61d-f157f1589e72,Instagram,Social Media,Aman Khan,Unknown,5,2025-11-09 17:00:22,Aman Khan 5 star rating,aman khan 5 star rating,0,5,23,0,0,0,1.0,0,0,0.0,1,0,1,0.0,0,1,0,5.0,0.0
eb32dd0a-a51f-4850-b4ba-c77068fc3761,Instagram,Social Media,Shiva Miuo,Unknown,5,2025-11-09 17:01:08,👏👏👏💕👏👏👏,👏👏👏💕👏👏👏,0,1,7,7,0,0,1.0,0,0,0.6486,1,0,1,0.0,0,1,0,5.0,0.0
16ca6374-7986-427a-9633-6b494b5e560d,Instagram,Social Media,Kpongu7fguib Chcyvu j j,Unknown,5,2025-11-09 17:01:52,very nice,very nice,0,2,9,0,0,0,1.0,0,0,0.4754,1,0,1,0.0,0,2,0,5.0,0.0
6a8c767f-b0bb-47a1-94c3-520defd9d85a,Instagram,Social Media,Sagen Hembram,Unknown,5,2025-11-09 17:01:58,ak number app,ak number app,0,3,13,0,0,0,1.0,0,1,0.0772,1,0,1,0.0,0,1,0,5.0,0.0
313f3e22-90a7-4c57-b311-8171123789a9,Instagram,Social Media,M MM,Unknown,1,2025-11-09 17:01:58,اصلا خوش نی باش حال ناکنم,اصلا خوش نی باش حال ناکنم,0,6,25,0,0,0,1.0,0,0,0.0,1,0,1,0.0,0,1,0,1.0,0.0
7791825e-4811-49b2-b60c-aa577b166ad5,Instagram,Social Media,Gitanjali Vemuganti,Unknown,5,2025-11-09 17:02:21,Very intuitive algorithm... though it doesn't always follow your intention,very intuitive algorithm... though it doesn't always follow your intention,0,10,74,0,0,0,1.0,0,0,0.0,1,0,1,0.0,0,1,0,5.0,0.0
b401c5d5-53eb-495b-a13b-471224e0b8f7,Instagram,Social Media,Samim Miya,Unknown,5,2025-11-09 17:02:35,This is a good platform for sharing our ideas and creative,this is a good platform for sharing our ideas and creative,0,11,58,0,0,0,1.0,0,0,0.8225,1,0,1,0.0,0,1,0,5.0,0.0
99020ce0-53b0-4465-b47b-5e631629056c,Instagram,Social Media,mehrooni nesa,Unknown,5,2025-11-09 17:02:39,the best app 👍🖤,the best app 👍🖤,0,4,15,2,0,0,1.0,0,1,0.8555,1,0,1,0.0,0,1,0,5.0,0.0
09bfe3c2-9565-4d9d-a7b9-0d9acdcdc228,Instagram,Social Media,Preeti Dorwal,Unknown,5,2025-11-09 17:02:45,exilent,exilent,0,1,7,0,0,0,1.0,0,0,0.0,1,0,1,0.0,0,1,0,5.0,0.0
3627a0ba-a0b8-454f-a30b-ce8cf14163fd,Instagram,Social Media,Jannat Hamza,Unknown,1,2025-11-09 17:04:40,its good,its good,0,2,8,0,0,0,1.0,0,0,0.4404,1,0,1,0.0,0,1,0,1.0,0.0
703fbc8f-7506-48f4-890f-6d8e71729cde,Instagram,Social Media,Rathi Kumar,Unknown,5,2025-11-09 17:05:12,excellent app,excellent app,0,2,13,0,0,0,1.0,0,1,0.5719,1,0,1,0.0,0,1,0,5.0,0.0
c1509370-c9ff-483c-9bc4-b45d05fbe1bd,Instagram,Social Media,Mamatha Hari,Unknown,5,2025-11-09 17:05:48,it is a great social media app where we can meet different people and its cool app,it is a great social media app where we can meet different people and its cool app,0,17,82,0,0,0,0.9411764705882353,0,1,0.7506,1,0,1,0.0,0,1,0,5.0,0.0
ef347bdf-6917-4803-ad56-7671845fe100,Instagram,Social Media,Yash Dhaigude,Unknown,2,2025-11-09 17:06:04,my instagram calling not work plz do something,my instagram calling not work plz do something,1,8,46,0,0,0,1.0,0,0,-0.0572,1,0,1,0.0,0,1,0,2.0,0.0
dcb89d10-83c0-4232-ab29-1701b69e40d6,Instagram,Social Media,A.K.M Latiful Kabir,Unknown,5,2025-11-09 17:06:51,Very beautiful 🥰😍,very beautiful 🥰😍,0,3,17,2,0,0,1.0,0,0,0.941,1,0,1,0.0,0,1,0,5.0,0.0
2f11f403-4400-4368-b627-931e7b7b8673,Instagram,Social Media,Shrikant Veerabhadrappa,Unknown,3,2025-11-09 17:07:30,its not safe in kids,its not safe in kids,0,5,20,0,0,0,1.0,0,0,-0.3412,1,0,1,0.0,0,1,0,3.0,0.0
6dc90153-50c0-44e0-a1ce-9045deda32cf,Instagram,Social Media,Raja Das,Unknown,5,2025-11-09 17:08:38,surjo,surjo,0,1,5,0,0,0,1.0,0,0,0.0,1,0,1,0.0,0,1,0,5.0,0.0
d5f6945a-cede-42f2-8bdb-18560713026c,Instagram,Social Media,Anshu Kumar,Unknown,1,2025-11-09 17:08:43,Anshu. Kumar,anshu. kumar,0,2,12,0,0,0,1.0,0,0,0.0,1,0,1,0.0,0,1,0,1.0,0.0
569a235d-6a78-4804-8603-e9f4254b1c0f,Instagram,Social Media,BALBEER SINGH KHESWA,Unknown,3,2025-11-09 17:09:18,good 😊👍,good 😊👍,0,2,7,2,0,0,1.0,0,0,0.836,1,0,1,0.0,0,1,0,3.0,0.0
0b529a6b-8298-4839-bd5e-3ad5d5810fec,Instagram,Social Media,Chandani Shah,Unknown,5,2025-11-09 17:09:34,my favourite app,my favourite app,0,3,16,0,0,0,1.0,0,1,0.0,1,0,1,0.0,0,1,0,5.0,0.0
ff0a79f2-5e10-4651-8dae-ac32abce5208,Instagram,Social Media,Art Wilborn,Unknown,1,2025-11-09 17:09:44,Stopped allowing screenshots.,stopped allowing screenshots.,0,3,29,0,0,0,1.0,0,0,-0.2263,1,0,1,0.0,0,1,0,1.0,0.0
aecd2ad2-1f8b-4e80-8a85-bd32adf4dd03,Instagram,Social Media,Ashi Singh,Unknown,5,2025-11-09 17:10:37,lovely,lovely,0,1,6,0,0,0,1.0,0,0,0.5859,1,0,1,0.0,0,1,0,5.0,0.0
ef4f0e94-985a-4794-abe4-584dfdb11a08,Instagram,Social Media,Nadim Alam,Unknown,5,2025-11-09 17:11:06,❣️❣️❣️❣️❣️❣️,❣️❣️❣️❣️❣️❣️,0,1,12,0,0,0,1.0,0,0,0.9803,1,0,1,0.0,0,1,0,5.0,0.0
1a07463e-c245-4ef5-8175-106046e1a2e4,Instagram,Social Media,Gufran Ansari,Unknown,5,2025-11-09 17:11:11,i love you,i love you,0,3,10,0,0,0,1.0,0,0,0.6369,1,0,1,0.0,0,1,0,5.0,0.0
c8315d92-0063-4da7-bdf3-f51c87189286,Instagram,Social Media,Fizakhan786,Unknown,5,2025-11-09 17:11:24,instagram is best,instagram is best,0,3,17,0,0,0,1.0,0,0,0.6369,1,0,1,0.0,0,1,0,5.0,0.0
2d2b25fa-7a1a-4892-a742-9dd6be1a40c8,Instagram,Social Media,Ramesh kumar Tudu,Unknown,2,2025-11-09 17:12:12,not good,not good,0,2,8,0,0,0,1.0,0,0,-0.3412,1,0,1,0.0,0,1,0,2.0,0.0
789e507f-fe38-4fb9-8d74-b6f28c01a3e5,Instagram,Social Media,SOURABH RAWAT,Unknown,5,2025-11-09 17:13:25,Love 💕,love 💕,0,2,6,1,0,0,1.0,0,0,0.8591,1,0,1,0.0,0,1,0,5.0,0.0
1215458f-a0ff-48b7-971d-f725a25764f0,Instagram,Social Media,Suman Kumar,Unknown,1,2025-11-09 17:13:32,Without any reason instagram team disabled my account two times this is very bad thing we post our pics videos etc but instagram disabled account with in a one second 😔,without any reason instagram team disabled my account two times this is very bad thing we post our pics videos etc but instagram disabled account with in a one second 😔,1,31,168,1,0,0,0.9032258064516129,0,0,-0.2374,1,0,1,0.0,0,1,0,1.0,0.0
c5f973b1-0d05-4163-8541-1ced5340238f,Instagram,Social Media,harshsingh gaira,Unknown,1,2025-11-09 17:15:16,gu app,gu app,0,2,6,0,0,0,1.0,0,1,0.0,1,0,1,0.0,0,1,0,1.0,0.0
7f74859d-1062-442d-be0c-ae57e8f7b10b,Instagram,Social Media,Elhan Islam,Unknown,1,2025-11-09 17:15:48,Iam having a worst experience am creating account and meta suspending without any reason idk why,iam having a worst experience am creating account and meta suspending without any reason idk why,0,16,96,0,0,0,1.0,0,0,-0.3826,1,0,1,0.0,0,1,0,1.0,0.0
0975460c-24f9-467f-83f1-c5a571a85485,Instagram,Social Media,Krishna Mibil,Unknown,2,2025-11-09 17:16:01,its done nothing need better,its done nothing need better,0,5,28,0,0,0,1.0,0,0,-0.3412,1,0,1,0.0,0,1,0,2.0,0.0
11351b5c-bf8b-4821-91dc-d16f8a964f38,Instagram,Social Media,Mr Sudhans,Unknown,1,2025-11-09 17:16:13,faltu app hai ladki nhi fasti hai 6 saal se use kr rha hu,faltu app hai ladki nhi fasti hai 6 saal se use kr rha hu,0,14,57,0,0,0,0.9285714285714286,0,1,0.0,1,0,1,0.0,0,1,0,1.0,0.0
8a4f321d-da17-42b4-8f04-ffb2befa52cf,Instagram,Social Media,Sachin gupta,Unknown,4,2025-11-09 17:16:48,it's a good app for everyone people,it's a good app for everyone people,0,7,35,0,0,0,1.0,0,1,0.4404,1,0,1,0.0,0,1,0,4.0,0.0
23f06b43-d2fb-48e4-a491-001419322ea6,Instagram,Social Media,disha Nayak,Unknown,3,2025-11-09 17:18:52,not exceptional,not exceptional,0,2,15,0,0,0,1.0,0,0,0.0,1,0,1,0.0,0,1,0,3.0,0.0
57001b1d-b87e-490d-8113-80dc5c1270a6,Instagram,Social Media,raghav kumawat,Unknown,1,2025-11-09 17:19:54,"Disabled my account without any reason, not getting views and reach on my reels.","disabled my account without any reason, not getting views and reach on my reels.",1,14,80,0,0,0,0.9285714285714286,0,0,0.0258,1,0,1,0.0,0,1,0,1.0,0.0
5b5185cd-10e8-43ff-a86d-182a85371e86,Instagram,Social Media,Ashish Naik,Unknown,1,2025-11-09 17:21:06,this is the probably the best app to push your propaganda... amount of bad things i seen happening on this app is crazy and ppl literally normalised bad things here..,this is the probably the best app to push your propaganda... amount of bad things i seen happening on this app is crazy and ppl literally normalised bad things here..,0,30,166,0,0,0,0.8,0,1,-0.7351,1,0,1,0.0,0,1,0,1.0,0.0
57b37108-b3d1-429b-9389-de9aa2ac4192,Instagram,Social Media,Shera Abushiya,Unknown,1,2025-11-09 17:24:06,i send ₹45 to i have blue tick but not have the blue tick but i send ₹45 i not have blue tick,i send ₹45 to i have blue tick but not have the blue tick but i send ₹45 i not have blue tick,0,23,93,0,0,0,0.43478260869565216,0,0,0.0,1,0,1,0.0,0,1,0,1.0,0.0
9a739153-07ec-43b7-a451-837e4521086d,Instagram,Social Media,LYDIA LOUIS,Unknown,2,2025-11-09 17:25:07,7⁵I dbmi84. butterbean's cafe,7⁵i dbmi84. butterbean's cafe,0,4,29,0,0,1,1.0,0,0,0.0,1,0,1,0.0,0,1,0,2.0,0.0
feb21f9a-4dcb-4624-8923-d1282c5192b4,Instagram,Social Media,Jeevan M S,Unknown,1,2025-11-09 17:27:32,please Stop giving your senseless updated versions.,please stop giving your senseless updated versions.,0,7,51,0,0,0,1.0,0,0,0.3612,1,0,1,0.0,0,1,0,1.0,0.0
7270e14d-2828-4625-b9bd-522b897c00f9,Instagram,Social Media,Tauqeer Afzal,Unknown,1,2025-11-09 17:29:09,we have one issue we can't download video without sher I mean first we upload then download so if give option before shering anything because sometimes we don't want to sher anything in public we want we can't download,we have one issue we can't download video without sher i mean first we upload then download so if give option before shering anything because sometimes we don't want to sher anything in public we want we can't download,0,39,218,0,0,0,0.717948717948718,1,0,0.0201,1,0,1,0.0,0,1,0,1.0,0.0
40fdff4e-92e3-4032-8c1d-d4beb77e2163,Instagram,Social Media,Nathan King,Unknown,1,2025-11-09 17:29:14,reply fearure doesn't work correctly on my phone. just awful,reply fearure doesn't work correctly on my phone. just awful,0,10,60,0,0,0,1.0,0,0,-0.4588,1,0,1,0.0,0,1,0,1.0,0.0
15db0d88-a977-418f-8712-de1e4fd9a275,Instagram,Social Media,Amanat Thind,Unknown,1,2025-11-09 17:30:53,useless app they don't send recovery code,useless app they don't send recovery code,0,7,41,0,0,0,1.0,0,1,-0.4215,1,0,1,0.0,0,1,0,1.0,0.0
910fc76e-e552-4756-8d28-ee0f25f93e4b,Instagram,Social Media,Twaif Stationery,Unknown,1,2025-11-09 17:30:54,Habari wapendwa,habari wapendwa,0,2,15,0,0,0,1.0,0,0,0.0,1,0,1,0.0,0,1,0,1.0,0.0
2211c98c-cc08-48f6-90da-13c2835f2007,Instagram,Social Media,yaocihuapapalotl,Unknown,1,2025-11-09 17:31:15,I can no longer access messages on the app,i can no longer access messages on the app,0,9,42,0,0,0,1.0,0,1,-0.296,1,0,1,0.0,0,1,0,1.0,0.0
f52ec5d1-e094-469a-9b24-1132fc34da11,Instagram,Social Media,Maira Khan,Unknown,1,2025-11-09 17:31:56,i have not a option dress color changing and my draft video is not supported a filters😡😡😡😡😡😡,i have not a option dress color changing and my draft video is not supported a filters😡😡😡😡😡😡,1,17,92,6,0,0,0.8823529411764706,0,0,-0.2411,1,0,1,0.0,0,1,0,1.0,0.0
254398be-035d-43ee-887f-cd76ed060857,Instagram,Social Media,Darshan Gowda,Unknown,3,2025-11-09 17:32:09,overrated asf in my opinion,overrated asf in my opinion,0,5,27,0,0,0,1.0,0,0,0.0,1,0,1,0.0,0,1,0,3.0,0.0
85d69cc6-b8b0-42ba-a372-8999c2534aaa,Instagram,Social Media,Mr Dev Ben,Unknown,4,2025-11-09 17:37:52,that was a good service and share the details and share the same as the unawa is me to be used for Instagram,that was a good service and share the details and share the same as the unawa is me to be used for instagram,0,23,108,0,0,0,0.8260869565217391,0,0,0.743,1,0,1,0.0,0,1,0,4.0,0.0
856bb47e-813a-4f8e-9c9f-2d6900d31002,Instagram,Social Media,aditi deo,Unknown,1,2025-11-09 17:40:13,kitna glitch hai be. improve to karo,kitna glitch hai be. improve to karo,1,7,36,0,0,0,1.0,0,1,0.4404,1,0,1,0.0,0,1,0,1.0,0.0
6ee98eb5-5229-46a2-905e-b490c50b3f33,Instagram,Social Media,Debarghya Biswas,Unknown,1,2025-11-09 17:40:26,very worst exprience🤢🤮🤮🤮. all time showing login problem.,very worst exprience🤢🤮🤮🤮. all time showing login problem.,0,8,57,4,0,0,1.0,0,0,-0.796,1,0,1,0.0,0,1,0,1.0,0.0
7541367f-e974-4dad-aa1d-34f95d55e993,Instagram,Social Media,Montil Boro,Unknown,1,2025-11-09 17:40:31,Instagram salo bar bar account been car rahe ho new account banana par bhi been ho jaa ra h ea aap sabsea beakar h kisi kam ka nahi h mdc app,instagram salo bar bar account been car rahe ho new account banana par bhi been ho jaa ra h ea aap sabsea beakar h kisi kam ka nahi h mdc app,0,31,141,0,0,0,0.8064516129032258,0,1,0.0,1,0,1,0.0,0,1,0,1.0,0.0
0d4db7ee-fc1b-4e7f-a2d3-95a0f8b58edd,Instagram,Social Media,Aniket,Unknown,3,2025-11-09 17:41:01,"i not Desepont to this app but everyone is Wasting time to,?","i not desepont to this app but everyone is wasting time to,?",0,12,60,0,0,0,1.0,0,1,-0.5499,1,0,1,0.0,0,1,0,3.0,0.0
526d4d96-1201-4fff-9564-b4eb7b6cd7bd,Instagram,Social Media,Lucky Panchal,Unknown,2,2025-11-09 17:42:36,The is very amazing,the is very amazing,0,4,19,0,0,0,1.0,0,0,0.624,1,0,1,0.0,0,1,1,2.0,0.0
597e535c-2c2e-47bc-8e66-0583b701ef3e,Instagram,Social Media,hamed shafikhani,Unknown,1,2025-11-09 17:44:37,black hole of self confidence and time,black hole of self confidence and time,0,7,38,0,0,0,1.0,0,0,0.5106,1,0,1,0.0,0,1,1,1.0,0.0
3db32393-e2e1-4d8e-8dfa-b098cb4d28b1,Instagram,Social Media,BaldB 420,Unknown,1,2025-11-09 17:44:51,"Needs a Major Update, Too Much Spam!!!!!","needs a major update, too much spam!!!!!",0,7,40,0,0,0,1.0,0,0,-0.5673,1,0,1,0.0,0,1,0,1.0,0.0
914f44e3-32c2-452b-bcee-dec9e251c5bf,Instagram,Social Media,Sophia Marie Gallo,Unknown,1,2025-11-09 17:44:57,hate that the explorer page got replaced with reels and that I can't even choose what to look at in the algorithm anymore,hate that the explorer page got replaced with reels and that i can't even choose what to look at in the algorithm anymore,0,23,121,0,0,0,0.9130434782608695,0,0,-0.5719,1,0,1,0.0,0,1,0,1.0,0.0
81accefa-9da6-4025-b636-a524b0744b3f,Instagram,Social Media,Abu Hafiz,Unknown,1,2025-11-09 17:46:02,My account is gone 😡!!! Give back my account!!!,my account is gone 😡!!! give back my account!!!,0,9,47,1,0,0,0.8888888888888888,0,0,0.0,1,0,1,0.0,0,1,0,1.0,0.0
9cc54ead-dbec-4068-84e4-c6ece642ec3f,Instagram,Social Media,shriyaanth A.G.,Unknown,1,2025-11-09 17:47:00,fix the bugs unable to repost and select music for stories as well as create highlights,fix the bugs unable to repost and select music for stories as well as create highlights,0,16,87,0,0,0,0.9375,0,0,0.4939,1,0,1,0.0,0,1,0,1.0,0.0
d9310f2f-31a4-4a38-989a-2e7670559190,Instagram,Social Media,Vimla Devi,Unknown,4,2025-11-09 17:49:57,this is very good and useful app,this is very good and useful app,0,7,32,0,0,0,1.0,0,1,0.7474,1,0,1,0.0,0,1,0,4.0,0.0
5fecd172-d76a-4e94-9cc7-745af72aea13,Instagram,Social Media,Shah Zain,Unknown,3,2025-11-09 17:50:55,Experience using this ap is good but I want you to change the theme setting and set a new option. where we choose picture from our files for theme or wallpaper thanks !,experience using this ap is good but i want you to change the theme setting and set a new option. where we choose picture from our files for theme or wallpaper thanks !,0,33,168,0,0,0,0.9696969696969697,0,0,0.7609,1,0,1,0.0,0,1,0,3.0,0.0
ad3e8e7b-233d-4f4c-9068-4615eb7ad7bb,Instagram,Social Media,Fadz Nuzu,Unknown,2,2025-11-09 17:51:14,why do u have mix ratio option when ure still gonna crop my pics anyway???!!!!,why do u have mix ratio option when ure still gonna crop my pics anyway???!!!!,0,15,78,0,0,0,1.0,0,0,0.0,1,0,1,0.0,0,1,0,2.0,0.0
d36b4b6d-f426-4d25-ab9f-0baa33366495,Instagram,Social Media,MTXTM EN–M,Unknown,1,2025-11-09 17:52:10,so many issues and the update of the channel that shows only the last messages are annoying,so many issues and the update of the channel that shows only the last messages are annoying,0,17,91,0,0,0,0.8823529411764706,0,0,-0.4019,1,0,1,0.0,0,1,0,1.0,0.0
16739448-233d-4e7b-9215-b48db66f6120,Instagram,Social Media,amanda ys,Unknown,1,2025-11-09 17:52:49,havent been able to open this app for the whole day. the app keeps crashing,havent been able to open this app for the whole day. the app keeps crashing,0,15,75,0,0,0,0.8666666666666667,0,1,0.0,1,0,1,0.0,0,1,0,1.0,0.0
288a8d7e-3896-40a2-9122-d8b686de5638,Instagram,Social Media,Annual Salt,Unknown,1,2025-11-09 17:53:12,"worst, for no reason my Instagram got suspended. Created new account (no posts, no stories) and within few hours it got suspended too","worst, for no reason my instagram got suspended. created new account (no posts, no stories) and within few hours it got suspended too",0,23,133,0,0,0,0.9130434782608695,0,0,-0.9136,1,0,1,0.0,0,1,0,1.0,0.0
d6b1ab46-1283-4c87-866c-16b7fcb8558b,Instagram,Social Media,Safwan Billy,Unknown,5,2025-11-09 17:55:25,I'm enjoying this app,i'm enjoying this app,0,4,21,0,0,0,1.0,0,1,0.5267,1,0,1,0.0,0,1,0,5.0,0.0
9b69b105-770f-4549-8672-2288a6011e62,Instagram,Social Media,Yassin 7amid,Unknown,2,2025-11-09 17:55:38,"Great, I found a lot of friends there 🙂","great, i found a lot of friends there 🙂",0,9,39,1,0,0,1.0,0,0,0.8722,1,0,1,0.0,0,1,1,2.0,0.0
c2de2323-b57b-4eca-8d38-8aee3ee73a23,Instagram,Social Media,Brutal Editz007,Unknown,3,2025-11-09 17:55:42,nice ❎ superb ✅,nice ❎ superb ✅,0,4,15,0,0,0,1.0,0,0,0.7845,1,0,1,0.0,0,1,0,3.0,0.0
6c1c755b-2d52-48a2-960e-379c97d4dfea,Instagram,Social Media,Hv Abhishek,Unknown,5,2025-11-09 17:56:48,super and iys helps to my family also and I am garetful for this,super and iys helps to my family also and i am garetful for this,0,14,64,0,0,0,0.9285714285714286,0,0,0.7579,1,0,1,0.0,0,1,0,5.0,0.0
e13c6cb1-d293-4b85-81a9-6eca4992d50c,Instagram,Social Media,Bjorn,Unknown,4,2025-11-09 17:57:04,"👍See Stupid People Eat Dumb Fat,entertaining videos,but allow download pics & videos for this app 🍑 any how this ALRIGHT ✌️","👍see stupid people eat dumb fat,entertaining videos,but allow download pics & videos for this app 🍑 any how this alright ✌️",0,21,123,2,0,1,0.9523809523809523,1,1,-0.5499,1,0,1,0.0,0,1,1,4.0,0.0
7fc02d96-2007-48c4-8f3e-066bebf2a47b,Instagram,Social Media,Abd Samed,Unknown,1,2025-11-09 17:57:10,thr best apk for loss yr time,thr best apk for loss yr time,0,7,29,0,0,0,1.0,0,0,0.4404,1,0,1,0.0,0,1,0,1.0,0.0
e8ab8d78-8c4d-4f04-9c0b-3be91bc07c66,Instagram,Social Media,mwangi derick,Unknown,5,2025-11-09 17:59:11,Introduce streaks on Instagram 😭🥹🥹🥹🥹,introduce streaks on instagram 😭🥹🥹🥹🥹,0,5,36,5,0,0,1.0,0,0,-0.4767,1,0,1,0.0,0,1,0,5.0,0.0
b485afe9-1579-493c-ba69-330baf816673,Instagram,Social Media,Shamim Ndolo,Unknown,1,2025-11-09 17:59:29,It is good 👍.,it is good 👍.,0,4,13,1,0,0,1.0,0,0,0.4404,1,0,1,0.0,0,1,0,1.0,0.0
9daadd86-e8ca-475f-adc6-d83489b534d7,Instagram,Social Media,Norat Kalru,Unknown,1,2025-11-09 18:00:49,hii Me Rajsthani singar you je insta,hii me rajsthani singar you je insta,0,7,36,0,0,0,1.0,0,0,0.0,1,0,1,0.0,0,1,0,1.0,0.0
63c6bcbb-a719-48fd-ba07-e4947ffc41d1,Instagram,Social Media,milan pariyar,Unknown,1,2025-11-09 18:00:50,instagram why my id suspend no for any reason whyy insta whyy my id suspend xyz.milan07,instagram why my id suspend no for any reason whyy insta whyy my id suspend xyz.milan07,0,16,87,0,0,0,0.75,0,0,-0.7003,1,0,1,0.0,0,1,0,1.0,0.0
c036c367-a642-4962-b216-18555fd9b03b,Instagram,Social Media,Meshram Bhagyashri,Unknown,4,2025-11-09 18:01:33,App is good 🙃,app is good 🙃,0,4,13,1,0,0,1.0,0,1,0.4404,1,0,1,0.0,0,1,0,4.0,0.0
01bae710-1f82-4000-b5c0-2ddb43727626,Instagram,Social Media,sahil gamer yt,Unknown,1,2025-11-09 18:02:20,darbar karan .... .@sahil,darbar karan .... .@sahil,0,4,25,0,0,0,1.0,0,1,0.0,1,0,1,0.0,0,1,0,1.0,0.0
9b813f1b-1b48-4743-b4b8-a90eafc2e296,Instagram,Social Media,Salim Gaming,Unknown,2,2025-11-09 18:03:16,ads problem,ads problem,0,2,11,0,0,0,1.0,0,0,-0.4019,1,0,1,0.0,0,1,0,2.0,0.0
936e4f6b-e1c0-4945-97ad-f22ef7c75093,Instagram,Social Media,PARE GAMING 07,Unknown,1,2025-11-09 18:03:16,Very bad app. always block me whenever propose to my favourite person Please remove the block option first🙏,very bad app. always block me whenever propose to my favourite person please remove the block option first🙏,0,18,107,1,0,0,0.9444444444444444,0,1,-0.807,1,0,1,0.0,0,1,0,1.0,0.0
46fb23e7-dddd-4cf3-b9b8-adaad99d0d47,Instagram,Social Media,Priyanshu Kumar,Unknown,4,2025-11-09 18:03:52,reliefable,reliefable,0,1,10,0,0,0,1.0,0,0,0.0,1,0,1,0.0,0,1,0,4.0,0.0
6ec1e35c-447a-414a-bdc8-9961b1d3d496,Instagram,Social Media,Mark Angelo,Unknown,5,2025-11-09 18:04:27,exception,exception,0,1,9,0,0,0,1.0,0,0,0.0,1,0,1,0.0,0,1,0,5.0,0.0
0c301705-ed9a-48a8-9798-b0adef0ca6ef,Instagram,Social Media,Ajid Ansari,Unknown,1,2025-11-09 18:04:27,no best policy security calling hanging,no best policy security calling hanging,0,6,39,0,0,0,1.0,0,0,-0.2425,1,0,1,0.0,0,1,0,1.0,0.0
9edecb4a-6ae1-42bb-95b8-165744621559,Instagram,Social Media,lara rouhi,Unknown,1,2025-11-09 18:06:03,"I've been waiting for the new doodle update, it is available but i didnt get the update yet","i've been waiting for the new doodle update, it is available but i didnt get the update yet",0,18,91,0,0,0,0.9444444444444444,0,0,0.0,1,0,1,0.0,0,1,0,1.0,0.0
8c602e62-a32f-4d4c-8216-f39dd386aa9b,Instagram,Social Media,Asif,Unknown,5,2025-11-09 18:09:27,good 😊,good 😊,0,2,6,1,0,0,1.0,0,0,0.836,1,0,1,0.0,0,1,0,5.0,0.0
7f288af6-0fe6-4f00-9e74-b2a0e75ad8a0,Instagram,Social Media,Sooraj Pandey,Unknown,5,2025-11-09 18:10:34,need to improve it complexity in setting menu,need to improve it complexity in setting menu,0,8,45,0,0,0,1.0,0,0,0.4404,1,0,1,0.0,0,1,0,5.0,0.0
0508d37f-d869-492c-ba9b-f18c53617202,Instagram,Social Media,Krunal Khurukatiya,Unknown,3,2025-11-09 18:11:09,suggestion of people to follow button is good but the cancel Cross button is too small that can't click which open people profile... pls seperate the space of button.,suggestion of people to follow button is good but the cancel cross button is too small that can't click which open people profile... pls seperate the space of button.,0,29,166,0,0,0,0.8275862068965517,0,0,-0.0258,1,0,1,0.0,0,1,0,3.0,0.0
4197bc16-7b4e-4fa0-9dcc-7c623536b1e9,Instagram,Social Media,Mysha Siddika,Unknown,4,2025-11-09 18:12:27,new update looks massed up. some people hard to get it. But I'm feeling lil bit comfy. not much. old was better 💗✨,new update looks massed up. some people hard to get it. but i'm feeling lil bit comfy. not much. old was better 💗✨,0,23,114,1,0,0,1.0,0,0,0.9451,1,0,1,0.0,0,1,0,4.0,0.0
15ec9f80-c2d0-4d38-acfa-6bdb113a3dd3,Instagram,Social Media,D K Rao,Unknown,1,2025-11-09 18:12:53,worst app.. so much error occurred during deletion.,worst app.. so much error occurred during deletion.,0,8,51,0,0,0,1.0,0,1,-0.7951,1,0,1,0.0,0,1,0,1.0,0.0
2bca489c-1739-445c-b8a1-6b7a795dd9ee,Instagram,Social Media,Zalany Crazy lover,Unknown,5,2025-11-09 18:13:15,so helpful i give it a 100%,so helpful i give it a 100%,0,7,27,0,0,0,1.0,0,0,0.4754,1,0,1,0.0,0,1,0,5.0,0.0
398155ec-6d41-4bea-84e8-f1fa06688bbd,Instagram,Social Media,Twinkle Lalwani,Unknown,5,2025-11-09 18:13:21,amazing!!!,amazing!!!,0,1,10,0,0,0,1.0,0,0,0.6884,1,0,1,0.0,0,1,0,5.0,0.0
2d9a5685-ed76-4c0b-ba78-3f24210ebda5,Instagram,Social Media,Phillip Jude Ancero,Unknown,5,2025-11-09 18:13:23,please add views in notes 😭🙏,please add views in notes 😭🙏,0,6,28,2,0,0,1.0,0,0,-0.2023,1,0,1,0.0,0,1,0,5.0,0.0
992bd258-3934-4cb2-bc37-85b402336ddb,Instagram,Social Media,Akash Akash,Unknown,4,2025-11-09 18:14:06,very nice app ❤️,very nice app ❤️,0,4,16,0,0,0,1.0,0,1,0.4754,1,0,1,0.0,0,1,0,4.0,0.0
e22d5905-63de-41d4-b135-eb306242f276,Instagram,Social Media,Mohd Faizan,Unknown,4,2025-11-09 18:14:32,good 😊😊,good 😊😊,0,2,7,2,0,0,1.0,0,0,0.9313,1,0,1,0.0,0,1,0,4.0,0.0
53a12fd4-bf7e-4b10-aa1e-5e63be46e20e,Instagram,Social Media,Chhotu kumar,Unknown,5,2025-11-09 18:14:51,Chhotu I am,chhotu i am,0,3,11,0,0,0,1.0,0,0,0.0,1,0,1,0.0,0,1,0,5.0,0.0
6e7bca30-0d86-44a5-851e-f65534c4ddb9,Instagram,Social Media,Anam,Unknown,5,2025-11-09 18:15:02,bhyii bs update karo 24 ghante bekar hai cringe,bhyii bs update karo 24 ghante bekar hai cringe,0,9,47,0,0,0,1.0,0,1,0.0,1,0,1,0.0,0,1,0,5.0,0.0
a505a498-4874-49da-915d-443dd2be5c30,Instagram,Social Media,Go To Lobby,Unknown,5,2025-11-09 18:17:57,it is good for using,it is good for using,0,5,20,0,0,0,1.0,0,0,0.4404,1,0,1,0.0,0,1,0,5.0,0.0
e43840b9-1a31-40d3-8358-f7dc1d371478,Instagram,Social Media,Nilesh Chauhan,Unknown,5,2025-11-09 18:18:02,good aap,good aap,0,2,8,0,0,0,1.0,0,0,0.4404,1,0,1,0.0,0,2,0,5.0,0.0
aad381f1-d9b2-4bb5-8d64-bbd854cc2527,Instagram,Social Media,Zubair Makkubhai,Unknown,5,2025-11-09 18:18:49,good app,good app,0,2,8,0,0,0,1.0,0,1,0.4404,1,0,1,0.0,0,4,0,5.0,0.0
01f2b382-5610-4837-ab79-b1b410a6a084,Instagram,Social Media,ShaheenBanu Shaik,Unknown,5,2025-11-09 18:19:37,superb app Instagram 👌 👏 👍 I love ❤ this ❤ app,superb app instagram 👌 👏 👍 i love ❤ this ❤ app,0,12,46,3,0,0,0.8333333333333334,0,1,0.9745,1,0,1,0.0,0,1,0,5.0,0.0
0be85019-c60c-4f2a-a301-cd4f2b6a8833,Instagram,Social Media,manju Sooraj,Unknown,5,2025-11-09 18:20:26,Really good,really good,0,2,11,0,0,0,1.0,0,0,0.4927,1,0,1,0.0,0,1,0,5.0,0.0
67eacd45-b5c2-4eac-a86a-f9b4fff288d4,Instagram,Social Media,salmode kb,Unknown,5,2025-11-09 18:20:34,"This is crazy app, Great, I loved it.","this is crazy app, great, i loved it.",0,8,37,0,0,0,1.0,0,1,0.765,1,0,1,0.0,0,1,0,5.0,0.0
758a047f-daa8-4ba3-b7c3-1dc2d0cd19da,Instagram,Social Media,Mobashir Rahman,Unknown,5,2025-11-09 18:20:45,Very good app.i like to be instagram very helpful for me,very good app.i like to be instagram very helpful for me,0,11,56,0,0,0,0.9090909090909091,0,1,0.8422,1,0,1,0.0,0,1,0,5.0,0.0
93a1db21-40fa-4948-9657-b828d54a2013,Instagram,Social Media,Saruk Sardar,Unknown,5,2025-11-09 18:24:25,good apps,good apps,0,2,9,0,0,0,1.0,0,1,0.4404,1,0,1,0.0,0,3,0,5.0,0.0
6f75163b-1507-4e54-88db-bc06b3f3fe5e,Instagram,Social Media,Sonu Rana,Unknown,5,2025-11-09 18:25:14,sunil Love you,sunil love you,0,3,14,0,0,0,1.0,0,0,0.6369,1,0,1,0.0,0,1,0,5.0,0.0
0e531f0c-6313-48ea-bdb7-b2e9813b3c75,Instagram,Social Media,amine fre foi,Unknown,5,2025-11-09 18:27:35,تطبيق جميل,تطبيق جميل,0,2,10,0,0,0,1.0,0,0,0.0,1,0,1,0.0,0,1,0,5.0,0.0
1ba13440-b5fe-4470-96a0-0af30bb0e73d,Instagram,Social Media,Zeeshan Ahmed,Unknown,5,2025-11-09 18:28:57,this is good app,this is good app,0,4,16,0,0,0,1.0,0,1,0.4404,1,0,1,0.0,0,1,0,5.0,0.0
e4c253bd-a60e-441f-843c-14beb2e8de66,Instagram,Social Media,Tashanjeet Tashan,Unknown,5,2025-11-09 18:29:34,Feed not loading Stories not updated Notification not working Posting error Login problem,feed not loading stories not updated notification not working posting error login problem,0,13,89,0,0,0,0.8461538461538461,0,0,-0.1134,1,0,1,0.0,0,1,0,5.0,0.0
e7344a34-1b08-40c0-9db0-c414f9a5029f,Instagram,Social Media,Stamo Ballas,Unknown,5,2025-11-09 18:30:40,Wonderful,wonderful,0,1,9,0,0,0,1.0,0,0,0.5719,1,0,1,0.0,0,2,0,5.0,0.0
321c42ab-dd24-4fdb-86c3-7ca2a0af9938,Instagram,Social Media,Pratap Adhikari,Unknown,5,2025-11-09 18:31:59,best app,best app,0,2,8,0,0,0,1.0,0,1,0.6369,1,0,1,0.0,0,3,0,5.0,0.0
00e3df12-c510-4547-aa9e-d13b77d7c4bb,Instagram,Social Media,Dileswar Sahu,Unknown,5,2025-11-09 18:33:56,super 💯,super 💯,0,2,7,1,0,0,1.0,0,0,0.5994,1,0,1,0.0,0,1,0,5.0,0.0
a2e0fe74-17cc-4f1d-aa1d-45f3bcf6e2f2,Instagram,Social Media,abdul ahad,Unknown,5,2025-11-09 18:34:10,good gor businesses,good gor businesses,0,3,19,0,0,0,1.0,0,0,0.4404,1,0,1,0.0,0,1,0,5.0,0.0
3ba9e156-f49c-4ca8-964c-1e08bfa21738,Instagram,Social Media,Swayam Surati,Unknown,2,2025-11-09 18:35:00,plz fix bugs and give te draw option,plz fix bugs and give te draw option,0,8,36,0,0,0,1.0,0,0,0.0772,1,0,1,0.0,0,1,0,2.0,0.0
de03f11b-be56-49be-9f8e-c6aefcd4e588,Instagram,Social Media,Richard Bruno,Unknown,5,2025-11-09 18:35:52,Very good platform 👏,very good platform 👏,0,4,20,1,0,0,1.0,0,0,0.4927,1,0,1,0.0,0,1,0,5.0,0.0
73d1b34e-5064-4548-89d5-9e9e89ae4d25,Instagram,Social Media,Gul Saba,Unknown,5,2025-11-09 18:36:12,excellent,excellent,0,1,9,0,0,0,1.0,0,0,0.5719,1,0,1,0.0,0,3,0,5.0,0.0
957ba8ef-1933-41f0-9b45-f9712c1d2698,Instagram,Social Media,Kimberly Rojas,Unknown,4,2025-11-09 18:36:48,I rate this a 4 because it keeps logging me out of my account,i rate this a 4 because it keeps logging me out of my account,0,14,61,0,0,0,1.0,0,0,0.0,1,0,1,0.0,0,1,0,4.0,0.0
9862a85a-d54d-4767-84f4-9e13b0675cd6,Instagram,Social Media,Rohit Rohit tabdar,Unknown,5,2025-11-09 18:38:09,Nice 👍,nice 👍,0,2,6,1,0,0,1.0,0,0,0.4215,1,0,1,0.0,0,4,0,5.0,0.0
0ac1e95d-2251-495a-bfb1-0b6f91799d41,Instagram,Social Media,Kirti Kumawat,Unknown,1,2025-11-09 18:39:02,Wow yrr,wow yrr,0,2,7,0,0,0,1.0,0,0,0.5859,1,0,1,0.0,0,1,1,1.0,0.0
204bfcd1-117e-48a7-a9c5-b0550a3f755f,Instagram,Social Media,Paulo J. Vasconcelos,Unknown,1,2025-11-09 18:39:05,"Trava muito, independente da internet","trava muito, independente da internet",0,5,37,0,0,0,1.0,0,0,0.0,1,0,1,0.0,0,1,0,1.0,0.0
edf6be23-cbad-497e-b4cd-0fb36739f9cf,Instagram,Social Media,Koysar Ali,Unknown,5,2025-11-09 18:39:19,nice plese follower 10k,nice plese follower 10k,0,4,23,0,0,0,1.0,0,0,0.4215,1,0,1,0.0,0,1,0,5.0,0.0
82e5847c-0795-46b6-a5cd-dc28390985d2,Instagram,Social Media,Habibullah Mondal,Unknown,5,2025-11-09 18:39:29,good app best,good app best,0,3,13,0,0,0,1.0,0,1,0.7964,1,0,1,0.0,0,1,0,5.0,0.0
ea181e14-982a-4b52-b979-3cb79c17b777,Instagram,Social Media,Gori Boy,Unknown,5,2025-11-09 18:39:51,Instagram app badhiya Laga 👍,instagram app badhiya laga 👍,0,5,28,1,0,0,1.0,0,1,0.0,1,0,1,0.0,0,1,0,5.0,0.0
5da4e112-9cfd-40fc-9bde-71cb7ae1eb96,Instagram,Social Media,Ariba,Unknown,1,2025-11-09 18:39:52,this app is scammed all people who selling things in this app are fake and insta do nothing,this app is scammed all people who selling things in this app are fake and insta do nothing,0,18,91,0,0,0,0.8888888888888888,0,1,-0.4767,1,0,1,0.0,0,1,0,1.0,0.0
0f3cada2-83a3-4f81-a5c6-390f9f44da71,Instagram,Social Media,kirtika kirtika,Unknown,5,2025-11-09 18:41:18,in the jesus appa help to my family in the jesus appa help to my family in the help to my family life,in the jesus appa help to my family in the jesus appa help to my family in the help to my family life,0,23,101,0,0,0,0.391304347826087,0,1,0.7964,1,0,1,0.0,0,1,0,5.0,0.0
54f510ea-6442-4837-b788-5b16b1377751,Instagram,Social Media,Farah Khan,Unknown,5,2025-11-09 18:42:07,sahi hai,sahi hai,0,2,8,0,0,0,1.0,0,1,0.0,1,0,1,0.0,0,1,0,5.0,0.0
7b4afb42-e7bd-4829-bbdc-d75cc9d6d892,Instagram,Social Media,John Conner,Unknown,5,2025-11-09 18:42:56,Great app!,great app!,0,2,10,0,0,0,1.0,0,1,0.6588,1,0,1,0.0,0,1,0,5.0,0.0
36aff044-a269-4672-8622-642a4f2783fd,Instagram,Social Media,Basanth S,Unknown,5,2025-11-09 18:43:32,good 👍,good 👍,0,2,6,1,0,0,1.0,0,0,0.4404,1,0,1,0.0,0,4,0,5.0,0.0
3f71bd05-eb24-4d0e-9e89-44bd155a416d,Instagram,Social Media,Zach Oscar,Unknown,1,2025-11-09 18:44:15,the new layout blows. nobody cares about reels,the new layout blows. nobody cares about reels,0,8,46,0,0,0,1.0,0,0,0.4588,1,0,1,0.0,0,1,0,1.0,0.0
64506360-6805-4e48-87e1-087dc5366f72,Instagram,Social Media,Madeniah Gallie,Unknown,5,2025-11-09 18:48:10,the best app,the best app,0,3,12,0,0,0,1.0,0,1,0.6369,1,0,1,0.0,0,1,0,5.0,0.0
573c7f2f-b36b-4565-9723-1828945b8ca5,Instagram,Social Media,Jagdish Pappe,Unknown,5,2025-11-09 18:48:12,krishna consciousness ke liye bahut achaa app bn skta h,krishna consciousness ke liye bahut achaa app bn skta h,0,10,55,0,0,0,1.0,0,1,0.0,1,0,1,0.0,0,1,0,5.0,0.0
852f43ed-1df0-454e-a168-db1a1f3f216d,Instagram,Social Media,Jamshedali Ali,Unknown,5,2025-11-09 18:48:35,device info,device info,0,2,11,0,0,0,1.0,0,0,0.0,1,0,1,0.0,0,1,0,5.0,0.0
644b220d-8ec0-4bb2-af0b-e8ed8339da2c,Instagram,Social Media,Fraol Shimels,Unknown,5,2025-11-09 18:49:02,this App is the nice of nice app👍👍👍👍,this app is the nice of nice app👍👍👍👍,0,8,36,4,0,0,0.875,0,1,0.6808,1,0,1,0.0,0,1,0,5.0,0.0
85327fcd-59ee-451b-9ddf-b31fa864f223,Instagram,Social Media,munna Kumar,Unknown,5,2025-11-09 18:50:22,thanks for instagram 😊,thanks for instagram 😊,0,4,22,1,0,0,1.0,0,0,0.836,1,0,1,0.0,0,1,0,5.0,0.0
9fcc58e2-79eb-405a-b1de-033d62fdf78d,Instagram,Social Media,vilas dhumal,Unknown,5,2025-11-09 18:50:28,awsome,awsome,0,1,6,0,0,0,1.0,0,0,0.0,1,0,1,0.0,0,1,0,5.0,0.0
0c0bb050-f44b-48d7-be1f-c9227498874d,Instagram,Social Media,Fire Gamer,Unknown,5,2025-11-09 18:52:07,awesome app for scrolling video,awesome app for scrolling video,0,5,31,0,0,0,1.0,0,1,0.6249,1,0,1,0.0,0,1,0,5.0,0.0
e02c42a3-3e0b-42ef-8271-a7e3b2d84062,Instagram,Social Media,Nils Rothkamm,Unknown,1,2025-11-09 18:52:23,predatory privacy policy and use of ai,predatory privacy policy and use of ai,0,7,38,0,0,0,1.0,0,0,0.0,1,0,1,0.0,0,1,0,1.0,0.0
f6d9d36f-6e80-452b-81d1-aab983b01814,Instagram,Social Media,Kamlesh Bamniya,Unknown,5,2025-11-09 18:54:20,😝😝😝😋😋😜👌,😝😝😝😋😋😜👌,0,1,7,7,0,0,1.0,0,0,0.7297,1,0,1,0.0,0,1,0,5.0,0.0
f487a8e0-3265-4934-a72c-7d7380dcf538,Instagram,Social Media,Saminur Rahman,Unknown,1,2025-11-09 18:56:43,worst....... mark should focus on the small thing.... like aaaa very tiny think caan change the whole experience.. as a user im very disappointed 😔 very sad.!!!,worst....... mark should focus on the small thing.... like aaaa very tiny think caan change the whole experience.. as a user im very disappointed 😔 very sad.!!!,0,27,160,1,0,0,0.8888888888888888,0,1,-0.8652,1,0,1,0.0,0,1,0,1.0,0.0
529e17b6-9e2c-426f-9266-4ae1e2084646,Instagram,Social Media,Akram Raza,Unknown,5,2025-11-09 18:57:43,so good 👍,so good 👍,0,3,9,1,0,0,1.0,0,0,0.4927,1,0,1,0.0,0,1,0,5.0,0.0
e9dc6399-8d9b-46e7-acd5-048cd7433b89,Instagram,Social Media,Jim Beach (Mr Relentless),Unknown,4,2025-11-09 18:58:16,"This is a great app but it takes a lot of work, especially if it's not the content that IG thinks anyone would enjoy. 🤷‍♂️","this is a great app but it takes a lot of work, especially if it's not the content that ig thinks anyone would enjoy. 🤷‍♂️",0,25,122,1,0,1,0.96,0,1,0.7814,1,0,1,0.0,0,1,0,4.0,0.0
c13da415-4a80-4cf4-8335-5b4d93d6ef5a,Instagram,Social Media,Darshit Oza,Unknown,3,2025-11-09 18:58:34,wth my Instagram account is been suspended for no Reason even I after following lots of instagram guidlines this not fair,wth my instagram account is been suspended for no reason even i after following lots of instagram guidlines this not fair,0,21,121,0,0,0,0.9523809523809523,0,0,-0.8645,1,0,1,0.0,0,1,0,3.0,0.0
88de396c-d30c-4928-9209-a072e5b417c7,Instagram,Social Media,Jamsed,Unknown,5,2025-11-09 18:59:09,jamsed. ansri,jamsed. ansri,0,2,13,0,0,0,1.0,0,0,0.0,1,0,1,0.0,0,1,0,5.0,0.0
dcd54abc-5ca0-4125-b171-b58cf9526a3d,Instagram,Social Media,Chhi Kki,Unknown,1,2025-11-09 18:59:24,"“Hello, this is my new personal Instagram account. I believe it was suspended by mistake. I haven’t violated any rules, and I’m not connected to any other account that breaks your guidelines. Please review and restore my account. Thank you.”","“hello, this is my new personal instagram account. i believe it was suspended by mistake. i haven’t violated any rules, and i’m not connected to any other account that breaks your guidelines. please review and restore my account. thank you.”",0,40,241,0,0,0,0.875,0,0,-0.4404,1,0,1,0.0,0,1,0,1.0,0.0
16cd6127-ce97-4e85-8c3d-9aadc4b8c0d6,Instagram,Social Media,Sasmith Kodiganti,Unknown,2,2025-11-09 19:00:49,The latest version isn't optimized for tablets. Optimize it ASAP. And the new look is pathetic without fyp.,the latest version isn't optimized for tablets. optimize it asap. and the new look is pathetic without fyp.,0,18,107,0,0,1,0.9444444444444444,0,0,-0.4552,1,0,1,0.0,0,1,0,2.0,0.0
044c3af5-37ed-4961-a935-e3e3f4b51d18,Instagram,Social Media,Vivek Parmar,Unknown,5,2025-11-09 19:00:53,Instagram💜,instagram💜,0,1,10,1,0,0,1.0,0,0,0.6369,1,0,1,0.0,0,1,0,5.0,0.0
891b51f4-deca-4b62-8723-fd25e4ac93b3,Instagram,Social Media,Melissa Adams,Unknown,5,2025-11-09 19:01:11,Easy to use and I love it,easy to use and i love it,0,7,25,0,0,0,1.0,0,0,0.7964,1,0,1,0.0,0,1,0,5.0,0.0
75fa8c27-469e-417f-9ee7-44e87580d43f,Instagram,Social Media,Bouchra Ben,Unknown,1,2025-11-09 19:01:47,"When I log in to my account, they say “Enter” even though the password is correct Omg fix this problem","when i log in to my account, they say “enter” even though the password is correct omg fix this problem",0,20,102,0,0,0,1.0,0,0,-0.481,1,0,1,0.0,0,1,0,1.0,0.0
5786cc2c-79f1-45ab-a413-5ed550de1c96,Instagram,Social Media,Soumendra Ghadei,Unknown,5,2025-11-09 19:01:49,it's nice 👍🏻,it's nice 👍🏻,0,3,12,2,0,0,1.0,0,0,0.4215,1,0,1,0.0,0,1,0,5.0,0.0
f905bbfd-af72-4204-bb9c-71beefbce750,Instagram,Social Media,Ar-Cea Verde,Unknown,1,2025-11-09 19:02:35,ion have an quick snap,ion have an quick snap,0,5,22,0,0,0,1.0,0,0,0.0,1,0,1,0.0,0,1,0,1.0,0.0
a71cbdd0-a334-4428-83f6-1ecc8e90be1b,Instagram,Social Media,riya gyanchandani,Unknown,4,2025-11-09 19:03:12,This aap is very good and beautiful,this aap is very good and beautiful,0,7,35,0,0,0,1.0,0,0,0.8104,1,0,1,0.0,0,1,0,4.0,0.0
