review_id,app_name,category,username,device,rating,timestamp,text_original,text_cleaned,thumbs_up,token_count,char_count,num_emojis,num_urls,num_uppercase_words,unique_word_ratio,contains_promo_words,has_urdu_words,sentiment_score,device_missing,generic_username,user_total_reviews,time_diff_seconds,is_burst,same_text_count,rating_text_mismatch,user_avg_rating,user_rating_std
44b8f7f8-3eee-4207-8f23-5d049d907bf5,JazzCash,Banking,Sehar Malah!,Unknown,3,2025-10-11 08:40:57,It is very useful,it is very useful,0,4,17,0,0,0,1.0,0,0,0.4927,1,0,1,0.0,0,1,0,3.0,0.0
454af00a-a5a3-43ae-b6f6-29fd0f733745,JazzCash,Banking,zahira shabbir,Unknown,4,2025-10-11 11:20:49,this app is wonder full for sanding and receiving payments,this app is wonder full for sanding and receiving payments,0,10,58,0,0,0,1.0,0,1,0.0,1,0,1,0.0,0,1,0,4.0,0.0
9f999e47-f990-4c44-aa75-8077c0a12436,JazzCash,Banking,Farjad Ahmad,Unknown,4,2025-10-11 12:16:31,sometimes slow but overall ok.. and plz less your texes😑,sometimes slow but overall ok.. and plz less your texes😑,0,10,56,1,0,0,1.0,0,0,0.1154,1,0,1,0.0,0,1,0,4.0,0.0
9ef939bd-c09a-49ad-a735-3859a4ed9c4e,JazzCash,Banking,Nabeel Ghouri,Unknown,1,2025-10-11 12:53:33,New Device Detected problem solve please . very bad latest version biometric are not found . biometric authentication step are not completed,new device detected problem solve please . very bad latest version biometric are not found . biometric authentication step are not completed,0,22,140,0,0,0,0.8181818181818182,0,0,-0.5256,1,0,1,0.0,0,1,0,1.0,0.0
eefdb06d-d731-4eb8-80b3-a536b0161e9c,JazzCash,Banking,shahid Buzdar,Unknown,1,2025-10-11 13:18:49,most bad app don't work,most bad app don't work,0,5,23,0,0,0,1.0,0,1,-0.5849,1,0,1,0.0,0,1,0,1.0,0.0
ea1bfbfe-058c-490b-928d-b6fdd7998495,JazzCash,Banking,Great Time,Unknown,1,2025-10-11 14:50:33,very very bad experience,very very bad experience,0,4,24,0,0,0,0.75,0,0,-0.6214,1,0,1,0.0,0,1,0,1.0,0.0
5cb38192-738a-409c-b00b-0de2cf3af1d8,JazzCash,Banking,imran shah,Unknown,1,2025-10-11 15:38:03,not open still disable,not open still disable,0,4,22,0,0,0,1.0,0,0,0.0,1,0,1,0.0,0,1,0,1.0,0.0
6640ea69-7491-4c99-ade4-85091ac84268,JazzCash,Banking,Usman Joyia,Unknown,3,2025-10-11 16:16:29,hi jazz cach company ya app theek nahi chalti,hi jazz cach company ya app theek nahi chalti,0,9,45,0,0,0,1.0,0,1,0.0,1,0,1,0.0,0,1,0,3.0,0.0
f3ddd975-93c8-4ddf-9fdf-8f45a66cc740,JazzCash,Banking,Ali Raza Memon,Unknown,3,2025-10-11 20:32:19,I can not open other wallet,i can not open other wallet,0,6,27,0,0,0,1.0,0,0,0.0,1,0,1,0.0,0,1,0,3.0,0.0
74667468-6e28-4668-be6c-69caa63d8d5e,JazzCash,Banking,Rao Saif,Unknown,2,2025-10-11 21:38:40,remove,remove,0,1,6,0,0,0,1.0,0,0,0.0,1,0,1,0.0,0,1,0,2.0,0.0
403f5545-6475-4e92-b1e7-98e95b8698e2,JazzCash,Banking,Muhammad Farzam Farooqui,Unknown,4,2025-10-11 22:04:11,night mid,night mid,0,2,9,0,0,0,1.0,0,0,0.0,1,0,1,0.0,0,1,0,4.0,0.0
878439f9-af51-417a-bd95-e01f3ed2787c,JazzCash,Banking,Ilyas Khan,Unknown,1,2025-10-11 22:17:45,screen shot save photo,screen shot save photo,0,4,22,0,0,0,1.0,0,0,0.4939,1,0,1,0.0,0,1,0,1.0,0.0
6b5382f3-4140-490c-b4b2-05f1a3921b1c,JazzCash,Banking,wafa rizvi,Unknown,2,2025-10-12 04:05:07,"You're deducting so much tax , so disappointing","you're deducting so much tax , so disappointing",0,8,47,0,0,0,0.875,0,1,-0.6269,1,0,1,0.0,0,1,0,2.0,0.0
fc88b020-4bde-4f3b-b62b-860d2747c7d2,JazzCash,Banking,Sufian Mehar,Unknown,4,2025-10-12 05:11:02,not bad,not bad,0,2,7,0,0,0,1.0,0,0,0.431,1,0,1,0.0,0,1,0,4.0,0.0
eeb426d1-699a-495b-916a-bd442cd278f8,JazzCash,Banking,Ayesha,Unknown,4,2025-10-12 05:50:01,its pocket friendly,its pocket friendly,0,3,19,0,0,0,1.0,0,0,0.4939,1,0,1,0.0,0,1,0,4.0,0.0
36036161-b39f-40ca-b2e8-66a5f65a5e91,JazzCash,Banking,Waqas Ahmad,Unknown,4,2025-10-12 06:45:14,very good 👍,very good 👍,0,3,11,1,0,0,1.0,0,0,0.4927,1,0,1,0.0,0,3,0,4.0,0.0
2c74a843-2319-49b8-be19-9ba35d9004c0,JazzCash,Banking,hameed akhtar,Unknown,1,2025-10-12 07:24:50,bakwas app hy,bakwas app hy,0,3,13,0,0,0,1.0,0,1,0.0,1,0,1,0.0,0,1,0,1.0,0.0
2f7a7602-7d44-4863-87ce-b4c53e59b3ee,JazzCash,Banking,Hasnain Lala,Unknown,1,2025-10-12 08:08:08,mony need but login failed login failed 😡,mony need but login failed login failed 😡,0,8,41,1,0,0,0.75,0,0,-0.872,1,0,1,0.0,0,1,0,1.0,0.0
f52b219a-555e-43c4-8add-d88f96b452cd,JazzCash,Banking,Ahmed Shahzad,Unknown,1,2025-10-12 08:21:10,app isn't logging 😭😔😭😔,app isn't logging 😭😔😭😔,0,4,22,4,0,0,1.0,0,1,0.0139,1,0,1,0.0,0,1,0,1.0,0.0
c9ce6907-38d4-4e6e-95c6-baac163bf250,JazzCash,Banking,Sabir Hussain,Unknown,1,2025-10-12 08:22:23,I am sending money always system issue,i am sending money always system issue,0,7,38,0,0,0,1.0,0,0,0.0,1,0,1,0.0,0,1,0,1.0,0.0
f79a1aeb-fe4d-4544-b59e-06c2f73441b4,JazzCash,Banking,Inf,Unknown,1,2025-10-12 08:27:57,"not opened many times, andpakg payment detected","not opened many times, andpakg payment detected",0,7,47,0,0,0,1.0,0,0,0.0,1,0,1,0.0,0,1,0,1.0,0.0
488d53bf-d2de-4bc8-967d-9ba1378d3586,JazzCash,Banking,Aqeel,Unknown,2,2025-10-12 08:34:34,fingers print scanning problem,fingers print scanning problem,0,4,30,0,0,0,1.0,0,0,-0.4019,1,0,1,0.0,0,1,0,2.0,0.0
614e80ef-ad99-42e1-8787-49708e148039,JazzCash,Banking,Muhammad Zaeem,Unknown,2,2025-10-12 08:34:46,Too many transaction problems.,too many transaction problems.,0,4,30,0,0,0,1.0,0,0,-0.4019,1,0,1,0.0,0,1,0,2.0,0.0
ebdef49c-9425-4d99-b983-5a8be451824d,JazzCash,Banking,Sher Shah,Unknown,1,2025-10-12 08:44:43,"account is not working, say cool down yesterday and still not active 😔","account is not working, say cool down yesterday and still not active 😔",0,13,70,1,0,0,0.9230769230769231,0,0,-0.5334,1,0,1,0.0,0,1,0,1.0,0.0
321728db-f73f-4cd2-acf5-5e10fc348f29,JazzCash,Banking,Muhammad Usman Ali Cheema,Unknown,1,2025-10-12 08:51:07,not working,not working,0,2,11,0,0,0,1.0,0,0,0.0,1,0,1,0.0,0,1,0,1.0,0.0
52d9d30f-2c3b-4fe4-9d79-c645c5850c92,JazzCash,Banking,Cato Billi,Unknown,2,2025-10-12 08:58:06,why the app is going so slow🙂,why the app is going so slow🙂,0,7,29,1,0,0,1.0,0,1,0.4535,1,0,1,0.0,0,1,0,2.0,0.0
91ac34c1-8cba-4345-8761-6ac52524ee28,JazzCash,Banking,Mahar Ahmad,Unknown,3,2025-10-12 09:01:34,Tempary issues please solve,tempary issues please solve,0,4,27,0,0,0,1.0,0,0,0.4767,1,0,1,0.0,0,1,0,3.0,0.0
17df6de8-7e52-4ed7-9ad5-10a76d89f731,JazzCash,Banking,King 836,Unknown,1,2025-10-12 09:13:43,It not good,it not good,0,3,11,0,0,0,1.0,0,0,-0.3412,1,0,1,0.0,0,1,0,1.0,0.0
605a3e28-a86f-4d26-9d68-6c6e1b42bb3a,JazzCash,Banking,Malik Ahmad,Unknown,3,2025-10-12 09:27:50,well done 👍,well done 👍,0,3,11,1,0,0,1.0,0,0,0.2732,1,0,1,0.0,0,1,0,3.0,0.0
6b8344ef-f314-4944-9b20-1b0a3bba5fd4,JazzCash,Banking,Ayan Ayan,Unknown,2,2025-10-12 09:53:35,pathetic,pathetic,0,1,8,0,0,0,1.0,0,0,-0.5719,1,0,1,0.0,0,1,0,2.0,0.0
71d0da45-59ad-4554-8ba6-701e25cf5695,JazzCash,Banking,Asif mehmood Mayo,Unknown,4,2025-10-12 10:04:01,wonderful,wonderful,0,1,9,0,0,0,1.0,0,0,0.5719,1,0,1,0.0,0,2,0,4.0,0.0
e623c952-4fd4-41bb-ab58-a5ccb229d288,JazzCash,Banking,Rameez GURMANI,Unknown,1,2025-10-12 10:24:33,"Worst app , plz use easy Paisa inteAd of this . They are scammers","worst app , plz use easy paisa intead of this . they are scammers",0,14,65,0,0,0,1.0,0,1,-0.2263,1,0,1,0.0,0,1,0,1.0,0.0
c687b41a-e5c1-4e10-8dcf-d6cfba8278c3,JazzCash,Banking,M Naveed,Unknown,2,2025-10-12 10:33:12,nice offer,nice offer,0,2,10,0,0,0,1.0,1,0,0.4215,1,0,1,0.0,0,1,0,2.0,0.0
4a5ad74e-c4d4-4258-a370-7e19fe8bd1b3,JazzCash,Banking,Rao Iqbal,Unknown,4,2025-10-12 11:03:57,sometimes cash received does not show for many minutes.,sometimes cash received does not show for many minutes.,0,9,55,0,0,0,1.0,0,0,0.0,1,0,1,0.0,0,1,0,4.0,0.0
0195dc88-8169-4bb9-b9e3-abf455fb9c38,JazzCash,Banking,Saqib King,Unknown,1,2025-10-12 11:18:02,My friend send me 5000 rupees in my JazzCash but money can't reach in my account? why where is my money? i want my money right now,my friend send me 5000 rupees in my jazzcash but money can't reach in my account? why where is my money? i want my money right now,0,27,130,0,0,0,0.7777777777777778,0,0,0.4213,1,0,1,0.0,0,1,0,1.0,0.0
f728a24c-3a78-4205-b2db-9fc8e628a2aa,JazzCash,Banking,asif khan,Unknown,1,2025-10-12 11:26:13,Pure menu main 24 hour Wala data package nahi hai shame jazz is se behtr pakeges hain zong ufon etc sb k,pure menu main 24 hour wala data package nahi hai shame jazz is se behtr pakeges hain zong ufon etc sb k,0,22,104,0,0,0,1.0,0,1,-0.4767,1,0,1,0.0,0,1,0,1.0,0.0
06ed4486-0fca-4221-b80d-a55b85ebd15a,JazzCash,Banking,Rafique Umar,Unknown,2,2025-10-12 11:34:22,nice transfer,nice transfer,0,2,13,0,0,0,1.0,0,0,0.4215,1,0,1,0.0,0,2,0,2.0,0.0
a4df3524-f885-4a2f-814f-3b8e4d65057d,JazzCash,Banking,nazarfari sandhu,Unknown,4,2025-10-12 11:43:48,good service 👍🏻,good service 👍🏻,0,3,15,2,0,0,1.0,0,0,0.4404,1,0,1,0.0,0,1,0,4.0,0.0
ca6192af-2a6b-4778-aeb9-8dafca183e96,JazzCash,Banking,Raja Amjad Raja Traders,Unknown,3,2025-10-12 12:39:26,many times it's not work properly,many times it's not work properly,0,6,33,0,0,0,1.0,0,0,0.0,1,0,1,0.0,0,1,0,3.0,0.0
4e765f24-0902-4163-8ef6-afca0930a813,JazzCash,Banking,Sona,Unknown,2,2025-10-12 12:54:31,my transaction history is not being displayed please help me..,my transaction history is not being displayed please help me..,0,10,62,0,0,0,1.0,0,0,0.1872,1,0,1,0.0,0,1,0,2.0,0.0
72ca7aee-e6bb-4748-9755-9a7edcc41e96,JazzCash,Banking,Zoya Ali,Unknown,3,2025-10-12 13:37:41,good app but I can't send money to other account like bank or easypaisa account it's just working jazz cash to jazcash,good app but i can't send money to other account like bank or easypaisa account it's just working jazz cash to jazcash,0,22,118,0,0,0,0.9090909090909091,0,1,0.6369,1,0,1,0.0,0,1,0,3.0,0.0
7b3c3e41-f48d-4b67-8d6f-66c917a40067,JazzCash,Banking,Samikhan.,Unknown,3,2025-10-12 14:14:10,it is really easy to transaction money,it is really easy to transaction money,0,7,38,0,0,0,1.0,0,0,0.4927,1,0,1,0.0,0,1,0,3.0,0.0
6c482efe-c969-45ce-ba8c-0f992a172bcf,JazzCash,Banking,sarmad maqbool,Unknown,1,2025-10-12 14:19:31,pathetic app.. never shows the transaction history,pathetic app.. never shows the transaction history,0,7,50,0,0,0,1.0,0,1,-0.5719,1,0,1,0.0,0,1,0,1.0,0.0
651699e7-17fe-494b-b6ea-9266a023814e,JazzCash,Banking,Ahmad Imdad Maikan,Unknown,1,2025-10-12 14:45:28,"Nothing! Just a worst app. People compare it with Easypaisa but, to be honest, it's not even close. Everytime, using this worst app, I placed an online payment, It sucks. Server not working. Not logging in.. What the Hell.","nothing! just a worst app. people compare it with easypaisa but, to be honest, it's not even close. everytime, using this worst app, i placed an online payment, it sucks. server not working. not logging in.. what the hell.",3,39,222,0,0,0,0.8974358974358975,0,1,-0.921,1,0,1,0.0,0,1,0,1.0,0.0
6272dbc4-9d88-4e29-b95e-ba7cd12547f1,JazzCash,Banking,JABIR KHAN,Unknown,1,2025-10-12 14:51:12,Good bank,good bank,0,2,9,0,0,0,1.0,0,0,0.4404,1,0,1,0.0,0,1,0,1.0,0.0
697a04a8-424f-4bbb-84ba-7882efe7b1c3,JazzCash,Banking,Imran zaheer,Unknown,4,2025-10-12 15:32:29,good & easy for me,good & easy for me,0,5,18,0,0,0,1.0,0,0,0.7003,1,0,1,0.0,0,1,0,4.0,0.0
a30ac635-776d-44e4-b003-a006584f4b97,JazzCash,Banking,Muhammad Hassan,Unknown,1,2025-10-12 16:03:05,6767haha,6767haha,0,1,8,0,0,0,1.0,0,0,0.0,1,0,1,0.0,0,1,0,1.0,0.0
80a8e1ce-eaa0-4fec-8c3e-a03ba8fc87f6,JazzCash,Banking,Naweed UL Hassan,Unknown,1,2025-10-12 16:33:06,not a good app,not a good app,0,4,14,0,0,0,1.0,0,1,-0.3412,1,0,1,0.0,0,1,0,1.0,0.0
7cec0028-824a-40bc-8b00-d7e5d748060f,JazzCash,Banking,Ahmad Ahmad,Unknown,1,2025-10-12 17:21:43,some time problem,some time problem,0,3,17,0,0,0,1.0,0,0,-0.4019,1,0,1,0.0,0,1,0,1.0,0.0
7d7ae1d9-2a81-44a8-8ca6-fb61dee19a4a,JazzCash,Banking,asdf ghjk,Unknown,4,2025-10-13 02:45:30,Internet is not good working 😕,internet is not good working 😕,0,6,30,1,0,0,1.0,0,0,-0.1139,1,0,1,0.0,0,1,0,4.0,0.0
a3cd486f-fb5d-4372-bba7-7b2af375fd3f,JazzCash,Banking,Ali Khan,Unknown,1,2025-10-13 04:53:57,ek aam aadmi ke Liye jsks jitna mushkil hai hacker ke Liye utna Hi aasan account banana 🍌 kele per paon rakhna hai,ek aam aadmi ke liye jsks jitna mushkil hai hacker ke liye utna hi aasan account banana 🍌 kele per paon rakhna hai,0,23,114,1,0,0,0.8695652173913043,0,1,0.0,1,0,1,0.0,0,1,0,1.0,0.0
7ccfd9d5-fec9-487e-ba16-0b18f7402d35,JazzCash,Banking,imdadali khaskheli,Unknown,1,2025-10-13 05:39:38,jazz Cash,jazz cash,0,2,9,0,0,0,1.0,0,0,0.0,1,0,1,0.0,0,3,0,1.0,0.0
f6505a86-f0a0-4fdc-b686-736723ab804d,JazzCash,Banking,guluhadi143,Unknown,4,2025-10-13 05:44:16,more hardwork on it,more hardwork on it,0,4,19,0,0,0,1.0,0,0,0.0,1,0,1,0.0,0,1,0,4.0,0.0
31efbe19-6e30-4a11-8410-8693794caf01,JazzCash,Banking,Pk Pakhtoon,Unknown,1,2025-10-13 06:38:56,sometime app doesn't work say temporary errors fixed this issue and when we buy online something amount will be automatically cut to the account why,sometime app doesn't work say temporary errors fixed this issue and when we buy online something amount will be automatically cut to the account why,0,25,148,0,0,0,1.0,0,1,-0.5423,1,0,1,0.0,0,1,0,1.0,0.0
142d3456-b91d-4911-8cab-9829679cbbf8,JazzCash,Banking,Qaiser Abbas,Unknown,1,2025-10-13 07:51:14,I have not log in my jazz cash account.my Id card not verify on this divice.please verify my Id card,i have not log in my jazz cash account.my id card not verify on this divice.please verify my id card,0,20,100,0,0,0,0.75,0,0,0.0,1,0,1,0.0,0,1,0,1.0,0.0
e7627fc9-b10b-40c0-be5a-68f5070cf57f,JazzCash,Banking,Shayan Ali Khan,Unknown,2,2025-10-13 09:08:36,just like,just like,0,2,9,0,0,0,1.0,0,0,0.3612,1,0,1,0.0,0,1,0,2.0,0.0
62d3f5cd-0d0f-4ba4-9562-3e96ead785cc,JazzCash,Banking,Kashif Qaisrani,Unknown,1,2025-10-13 10:12:47,this app is fast before the update as compared to now.,this app is fast before the update as compared to now.,0,11,54,0,0,0,1.0,0,1,0.0,1,0,1,0.0,0,1,0,1.0,0.0
e91aaf61-5ead-4e1b-ac2b-9b4659d1f4ed,JazzCash,Banking,Muharam Ali,Unknown,2,2025-10-13 10:19:25,I have using this app from very far time but now i changed my phone and i am not logging in due to my fingerprints fails every time,i have using this app from very far time but now i changed my phone and i am not logging in due to my fingerprints fails every time,0,28,131,0,0,0,0.8571428571428571,0,1,-0.5719,1,0,1,0.0,0,1,0,2.0,0.0
de7f045d-8437-4df0-8fe2-58ef2cfbf85f,JazzCash,Banking,azaz Khan,Unknown,1,2025-10-13 11:25:58,third class call service help center I had tappay issue please resolve if you can't then I close my account help line number is not working,third class call service help center i had tappay issue please resolve if you can't then i close my account help line number is not working,0,26,139,0,0,0,0.9230769230769231,0,1,0.8625,1,0,1,0.0,0,1,1,1.0,0.0
a5fdbf6f-5886-4f70-9c0c-c208d9257421,JazzCash,Banking,Ismail iftikhar,Unknown,1,2025-10-13 12:30:36,nfc not working on my phone,nfc not working on my phone,0,6,27,0,0,0,1.0,0,0,-0.5719,1,0,1,0.0,0,1,0,1.0,0.0
d5ea11d5-233e-4c14-8692-3fe03b7fe26f,JazzCash,Banking,Malik Hanan,Unknown,3,2025-10-13 14:27:52,best aap,best aap,0,2,8,0,0,0,1.0,0,0,0.6369,1,0,1,0.0,0,1,0,3.0,0.0
04f48fdb-5d44-41eb-a448-cab12435da8b,JazzCash,Banking,Azan Hussain,Unknown,4,2025-10-13 14:29:30,overall jazzcash is secure and good app but with jazz cash debit card you can't do online transactions and cannot buy online subscription of app do something for this please,overall jazzcash is secure and good app but with jazz cash debit card you can't do online transactions and cannot buy online subscription of app do something for this please,0,30,173,0,0,0,0.8666666666666667,0,1,0.7259,1,0,1,0.0,0,1,0,4.0,0.0
23f95ae6-5730-4359-b21b-b15effaddd28,JazzCash,Banking,abdul hanan,Unknown,1,2025-10-13 14:39:19,the ever baddest experience becausethey don't corporate still not giving me my money back though there is no reason I have even visited their bank,the ever baddest experience becausethey don't corporate still not giving me my money back though there is no reason i have even visited their bank,0,25,146,0,0,0,1.0,1,0,-0.5,1,0,1,0.0,0,1,0,1.0,0.0
3e513d15-4a13-43f5-9720-bf8d53fea567,JazzCash,Banking,Zulqarnain Cute,Unknown,1,2025-10-13 14:57:03,goli q chala rahy ho,goli q chala rahy ho,0,5,20,0,0,0,1.0,0,0,0.0,1,0,1,0.0,0,1,0,1.0,0.0
b8b21bda-31fa-4ca8-a94e-bf864e9a6b62,JazzCash,Banking,muhammad ali,Unknown,1,2025-10-13 14:57:56,Buht he fazool app hai chalti nae otp lagta he nae,buht he fazool app hai chalti nae otp lagta he nae,0,11,50,0,0,0,0.8181818181818182,0,1,0.0,1,0,1,0.0,0,1,0,1.0,0.0
8d26f918-1ec8-4d16-8e9b-8e07e0633635,JazzCash,Banking,Arshad Amin,Unknown,1,2025-10-13 15:47:05,i can't transfer money without an app from dialing like an easypaisa,i can't transfer money without an app from dialing like an easypaisa,0,12,68,0,0,0,0.9166666666666666,0,1,0.3612,1,0,1,0.0,0,1,0,1.0,0.0
a4dc8514-bf4c-453c-a6f6-1503e370d069,JazzCash,Banking,Zamin Ali,Unknown,4,2025-10-13 17:28:17,jazz cash loan problem ha plizz solve kar do plizz,jazz cash loan problem ha plizz solve kar do plizz,0,10,50,0,0,0,0.9,0,0,0.128,1,0,1,0.0,0,1,0,4.0,0.0
1c7fcf69-6dea-4f1f-a8f0-f86dfbd568d5,JazzCash,Banking,Sardar Khan,Unknown,1,2025-10-13 17:33:03,old version are best 😭,old version are best 😭,0,5,22,1,0,0,1.0,0,0,0.2732,1,0,1,0.0,0,1,0,1.0,0.0
f63c6514-cf2d-44c7-9fab-c50699f6597d,JazzCash,Banking,Farooq Abdul,Unknown,1,2025-10-13 20:14:21,nice update jaazcah,nice update jaazcah,0,3,19,0,0,0,1.0,0,0,0.4215,1,0,1,0.0,0,1,0,1.0,0.0
6636b899-3709-46df-a12a-73c3f60d98d2,JazzCash,Banking,Ahmed ali,Unknown,4,2025-10-14 05:43:25,very interested jazzcash app,very interested jazzcash app,0,4,28,0,0,0,1.0,0,1,0.4576,1,0,1,0.0,0,1,0,4.0,0.0
6f487bfd-2bc2-4126-8f7b-5c4ebfb0c1da,JazzCash,Banking,Malik Arslan,Unknown,4,2025-10-14 05:53:39,I am using this app for two years.It is just very good for transferring money to anyone,i am using this app for two years.it is just very good for transferring money to anyone,0,17,87,0,0,0,0.9411764705882353,0,1,0.4927,1,0,1,0.0,0,1,0,4.0,0.0
7e47e33c-bb43-498c-a863-075472207368,JazzCash,Banking,Malik Shahid,Unknown,4,2025-10-14 05:59:00,it is good app,it is good app,0,4,14,0,0,0,1.0,0,1,0.4404,1,0,1,0.0,0,1,0,4.0,0.0
ce9d4c84-3cbd-4f4e-b64b-8378b75d6bae,JazzCash,Banking,Malik Sabir Ali,Unknown,3,2025-10-14 07:08:02,good luck 👍,good luck 👍,0,3,11,1,0,0,1.0,0,0,0.7096,1,0,1,0.0,0,1,0,3.0,0.0
79566d76-34fa-46a0-871d-5203b30e37a4,JazzCash,Banking,Shakeel ahmad,Unknown,3,2025-10-14 07:16:25,very.nice wark,very.nice wark,0,2,14,0,0,0,1.0,0,0,0.0,1,0,1,0.0,0,1,0,3.0,0.0
c8d2d113-6fb2-45ea-a294-a4af600cb5ad,JazzCash,Banking,Saqib Jamil,Unknown,2,2025-10-14 08:09:20,good 😊,good 😊,0,2,6,1,0,0,1.0,0,0,0.836,1,0,1,0.0,0,2,1,2.0,0.0
640e3e8d-492a-4f7e-b455-e4cd659fd11b,JazzCash,Banking,Shafique rehman Solangi,Unknown,4,2025-10-14 08:09:36,personally I impressed jazz network,personally i impressed jazz network,0,5,35,0,0,0,1.0,0,0,0.4767,1,0,1,0.0,0,1,0,4.0,0.0
3dd3ded9-d429-47d7-aa38-3a62973865ab,JazzCash,Banking,Khalid Baig,Unknown,2,2025-10-14 08:23:33,AAAãnf e,aaaãnf e,0,2,8,0,0,0,1.0,0,0,0.0,1,0,1,0.0,0,1,0,2.0,0.0
72803339-c69d-433f-b727-b55bf5ac8c64,JazzCash,Banking,Hasnain Ali,Unknown,3,2025-10-14 09:10:01,it's good 😊,it's good 😊,0,3,11,1,0,0,1.0,0,0,0.836,1,0,1,0.0,0,1,0,3.0,0.0
ce32f4fe-9e56-4754-a0c7-01641a1ba39e,JazzCash,Banking,Ali Zaidi,Unknown,1,2025-10-14 10:40:54,"The worst and most useless network even after calling the helpline, they can’t solve any problem. There’s always an OTP issue; even after allowing everything and keeping the SIM in slot 1, the same problem continues lot of problem","the worst and most useless network even after calling the helpline, they can’t solve any problem. there’s always an otp issue; even after allowing everything and keeping the sim in slot 1, the same problem continues lot of problem",2,39,230,0,0,2,0.8205128205128205,0,0,-0.9259,1,0,1,0.0,0,1,0,1.0,0.0
35d4a9ce-dd6a-43de-84fb-3945830107b4,JazzCash,Banking,KASHIF YouTuber Vlogger,Unknown,4,2025-10-14 10:43:26,good experience,good experience,0,2,15,0,0,0,1.0,0,0,0.4404,1,0,1,0.0,0,5,0,4.0,0.0
ab86810a-fc1c-48af-a05d-e16a15e10366,JazzCash,Banking,Sabdansami07,Unknown,4,2025-10-14 11:35:34,good and fast working,good and fast working,0,4,21,0,0,0,1.0,0,0,0.4404,1,0,1,0.0,0,1,0,4.0,0.0
6d15da60-b7d6-4f96-bd71-5a2d39c3885a,JazzCash,Banking,Rao Tuqeer,Unknown,1,2025-10-14 11:54:52,charge increasing scam,charge increasing scam,0,3,22,0,0,0,1.0,0,0,-0.5719,1,0,1,0.0,0,1,0,1.0,0.0
00e0aed6-e52c-4d58-9392-1df70606896e,JazzCash,Banking,yaseen cheena,Unknown,3,2025-10-14 12:56:48,I liked,i liked,0,2,7,0,0,0,1.0,0,0,0.4215,1,0,1,0.0,0,1,0,3.0,0.0
3b75aa3c-5b13-467e-8850-1f209ccf163d,JazzCash,Banking,Saim Malik,Unknown,1,2025-10-14 14:36:23,bhot hi koi ghatia app ha without permission paisy detect kr letein hai or paisy save bhi ni hai is app me,bhot hi koi ghatia app ha without permission paisy detect kr letein hai or paisy save bhi ni hai is app me,0,22,106,0,0,0,0.8636363636363636,0,1,0.6808,1,0,1,0.0,0,1,1,1.0,0.0
76c30b7e-fffd-4880-99b0-75426e3e75fc,JazzCash,Banking,MR Hajji Waseem Khan Official,Unknown,4,2025-10-14 16:02:22,jazzcash is good application use easily,jazzcash is good application use easily,0,6,39,0,0,0,1.0,0,1,0.6486,1,0,1,0.0,0,1,0,4.0,0.0
cb3f6c80-84be-4db5-929c-980dd6d09e41,JazzCash,Banking,Ali Raza,Unknown,3,2025-10-14 16:24:16,consume less data,consume less data,0,3,17,0,0,0,1.0,0,0,0.0,1,0,2,0.0,0,1,0,2.0,1.4142135623730951
07b79074-0c50-4edb-bb96-d95f7d338122,JazzCash,Banking,Dr Malik M. Waqas,Unknown,1,2025-10-14 17:05:18,100 rupees zada cut kar liyea not good,100 rupees zada cut kar liyea not good,0,8,38,0,0,0,1.0,0,0,-0.5432,1,0,1,0.0,0,1,0,1.0,0.0
95919fd0-a609-410c-8556-a728716c53bc,JazzCash,Banking,Ahmed Nadeem,Unknown,1,2025-10-14 18:11:20,sucks so much. deleting it.,sucks so much. deleting it.,0,5,27,0,0,0,1.0,0,0,-0.3612,1,0,1,0.0,0,1,0,1.0,0.0
aadbb21c-f7e2-4054-9c16-f8997b0a07c6,JazzCash,Banking,Nadeem Khokhar,Unknown,3,2025-10-14 18:26:20,nice 👍 good app for jazzcash👑,nice 👍 good app for jazzcash👑,0,6,29,2,0,0,1.0,0,1,0.6908,1,0,1,0.0,0,1,0,3.0,0.0
bc63a9a7-1741-4059-9fbe-fc17ea4fd339,JazzCash,Banking,Humna Fahad,Unknown,1,2025-10-15 03:45:45,very very bad,very very bad,0,3,13,0,0,0,0.6666666666666666,0,0,-0.6214,1,0,1,0.0,0,1,0,1.0,0.0
d021a107-23d1-4a47-9e53-6cac36087105,JazzCash,Banking,Hassan Mehboob,Unknown,4,2025-10-15 05:41:50,try to improve,try to improve,0,3,14,0,0,0,1.0,0,0,0.4404,1,0,1,0.0,0,1,0,4.0,0.0
45d90f62-3ef4-4fb6-870c-1279403a561f,JazzCash,Banking,parvesh kumar,Unknown,1,2025-10-15 06:18:19,"every time I want to make a transaction it says ""Error""","every time i want to make a transaction it says ""error""",1,11,55,0,0,0,1.0,0,0,-0.34,1,0,1,0.0,0,1,0,1.0,0.0
30fe29e4-4d22-41e5-83b2-ea4508845611,JazzCash,Banking,Muhammad Ahmad,Unknown,4,2025-10-15 07:59:35,think you jazz cash,think you jazz cash,0,4,19,0,0,0,1.0,0,0,0.0,1,0,1,0.0,0,1,0,4.0,0.0
249edfe0-e94f-4644-955a-c5ac07bd01c2,JazzCash,Banking,Laiba Ahsan Laiba Ahsan,Unknown,4,2025-10-15 10:02:30,good app so very asey so bast experience,good app so very asey so bast experience,0,8,40,0,0,0,0.875,0,1,0.4404,1,0,1,0.0,0,1,0,4.0,0.0
66417a6e-ab6e-48ed-aba9-8c6ca1e57afc,JazzCash,Banking,Moeed Hasan,Unknown,1,2025-10-15 10:51:13,happy,happy,0,1,5,0,0,0,1.0,0,1,0.5719,1,0,1,0.0,0,2,1,1.0,0.0
6f5d650f-0010-4d49-bdf9-4f59ada4a725,JazzCash,Banking,Moazam ali,Unknown,1,2025-10-15 11:24:03,I send money from easypaisa to jazzcash from easypaisa it is sended in jazzcash i didn't recive,i send money from easypaisa to jazzcash from easypaisa it is sended in jazzcash i didn't recive,0,17,95,0,0,0,0.7647058823529411,0,0,0.0,1,0,1,0.0,0,1,0,1.0,0.0
e477cb2d-0ef2-45f0-b000-0bdaf4dce894,JazzCash,Banking,Haya Sulyman,Unknown,2,2025-10-15 11:38:18,perfect,perfect,0,1,7,0,0,0,1.0,0,0,0.5719,1,0,1,0.0,0,2,1,2.0,0.0
851d7374-d107-4a15-b048-5178b6aa6034,JazzCash,Banking,Hassam Yousafzai,Unknown,4,2025-10-15 12:52:04,very very slow and glicheeee.... need 200% improvement,very very slow and glicheeee.... need 200% improvement,0,8,54,0,0,0,0.875,0,0,0.4588,1,0,1,0.0,0,1,0,4.0,0.0
91370f96-6d85-4c79-b7d0-6563586168e7,JazzCash,Banking,Shah Qias,Unknown,4,2025-10-15 14:36:36,No doubt this app is very good unfortunately there is no option for receiving the TID payment to receive through jazzcash app also add biometric verification for TID payment.,no doubt this app is very good unfortunately there is no option for receiving the tid payment to receive through jazzcash app also add biometric verification for tid payment.,0,29,174,0,0,2,0.8275862068965517,0,1,0.109,1,0,1,0.0,0,1,0,4.0,0.0
3873fe3a-b6d9-4dc4-bc9d-5aac6d71a30c,JazzCash,Banking,Zara Collection,Unknown,1,2025-10-15 15:04:36,very Bd service ek report par Account Block kr dety apny customer ko nhi dekhty pochty dosrun ki spot krty or account open b nhi krty jub tak krwny vla n chahy ghtia network regards sadam Hussain shah🖤,very bd service ek report par account block kr dety apny customer ko nhi dekhty pochty dosrun ki spot krty or account open b nhi krty jub tak krwny vla n chahy ghtia network regards sadam hussain shah🖤,0,38,201,1,0,0,0.9210526315789473,0,0,0.3182,1,0,1,0.0,0,1,0,1.0,0.0
6218be2f-23ad-4e9e-a449-b7b79562cfcf,JazzCash,Banking,Rimsha Malik,Unknown,4,2025-10-15 16:19:19,"yeah its good. but, its server has been down lately.","yeah its good. but, its server has been down lately.",0,10,52,0,0,0,0.9,0,0,0.3716,1,0,1,0.0,0,1,0,4.0,0.0
c10beb09-580e-4016-ab1c-67e99445df47,JazzCash,Banking,rai asad,Unknown,1,2025-10-15 18:40:59,"Very bad app, most of time you do a transaction, your money deducted but not transferred to your destination account, same happened with me several times. rubbish app this is","very bad app, most of time you do a transaction, your money deducted but not transferred to your destination account, same happened with me several times. rubbish app this is",17,30,174,0,0,0,0.9666666666666667,0,1,-0.3392,1,0,1,0.0,0,1,0,1.0,0.0
12d0e7dc-9c29-42e8-aa98-517b252e81af,JazzCash,Banking,Abdul qadir baloch,Unknown,1,2025-10-15 19:18:37,tap problem,tap problem,0,2,11,0,0,0,1.0,0,0,-0.4019,1,0,1,0.0,0,1,0,1.0,0.0
170c7aeb-3b97-4855-bb57-36ce7f3946f6,JazzCash,Banking,yaseen jaan1991,Unknown,1,2025-10-15 19:33:13,Jaazcaish ke salam takaful se mere 3600 ropiy q kate gai hen,jaazcaish ke salam takaful se mere 3600 ropiy q kate gai hen,1,12,60,0,0,0,1.0,0,0,0.0,1,0,1,0.0,0,1,0,1.0,0.0
8ff34f0e-7efc-4347-8952-8f21eabd7484,JazzCash,Banking,Hellohello Gh,Unknown,1,2025-10-15 19:33:47,3rd class security they don't pick up the call ever,3rd class security they don't pick up the call ever,0,10,51,0,0,0,1.0,0,0,0.34,1,0,1,0.0,0,1,0,1.0,0.0
90229398-6852-4dee-9147-88cc5c2e9074,JazzCash,Banking,Shahzad Akhtar,Unknown,4,2025-10-15 19:57:07,amazing,amazing,0,1,7,0,0,0,1.0,0,0,0.5859,1,0,1,0.0,0,3,0,4.0,0.0
3fd805f9-a714-4c66-8a57-f0e1eedc97c8,JazzCash,Banking,Zia Mohiuddin,Unknown,1,2025-10-15 20:11:38,"Unable to get OTP as it should be. OTP received long alphabet, not in numbers...Thanks for prompt response but no improvement observed as my sim is already in slot 1.","unable to get otp as it should be. otp received long alphabet, not in numbers...thanks for prompt response but no improvement observed as my sim is already in slot 1.",2,30,166,0,0,2,0.9,0,0,-0.4973,1,0,1,0.0,0,1,0,1.0,0.0
03cfd004-4f92-4a09-9bf0-cc38fa6d764b,JazzCash,Banking,Khal Khan,Unknown,1,2025-10-15 23:40:17,pakistan best app💪🏻💪🏻 jazzCash,pakistan best app💪🏻💪🏻 jazzcash,0,4,30,4,0,0,1.0,0,1,0.6369,1,0,1,0.0,0,1,1,1.0,0.0
ebb34093-6fa3-4227-ad22-052e9da3e24f,JazzCash,Banking,Hamza,Unknown,1,2025-10-16 03:39:31,گھٹیا ترین ایپ ہے یہ پاکستان کی اکاؤنٹ کی بائیو میٹرک چلتی نہیں کوئی پروسیس نہیں ہوتا لل ایپ ہے یہ گانڈو بھائی اپنی ایپ ٹھیک کر لیں لوڑا میرا نیا اپڈیٹ,گھٹیا ترین ایپ ہے یہ پاکستان کی اکاؤنٹ کی بائیو میٹرک چلتی نہیں کوئی پروسیس نہیں ہوتا لل ایپ ہے یہ گانڈو بھائی اپنی ایپ ٹھیک کر لیں لوڑا میرا نیا اپڈیٹ,0,32,151,0,0,0,0.8125,0,0,0.0,1,0,1,0.0,0,1,0,1.0,0.0
6635ca3e-7923-4992-9960-e74d0d5cb392,JazzCash,Banking,A.Hannan khan,Unknown,3,2025-10-16 04:22:50,Excellent,excellent,0,1,9,0,0,0,1.0,0,0,0.5719,1,0,1,0.0,0,6,0,3.0,0.0
3eecd3e1-8ee7-4b5d-8e25-70c43253aa82,JazzCash,Banking,Ghulam Hussain Zardari,Unknown,4,2025-10-16 05:19:57,need to be improved..,need to be improved..,0,4,21,0,0,0,1.0,0,0,0.4767,1,0,1,0.0,0,1,0,4.0,0.0
154d013e-c5d0-4538-8cae-924046d850d7,JazzCash,Banking,Muhammad Habib Ameen,Unknown,1,2025-10-16 06:09:16,just 15 second with such stupid OTP cant even login to.my account,just 15 second with such stupid otp cant even login to.my account,0,12,65,0,0,1,1.0,0,0,-0.5267,1,0,1,0.0,0,1,0,1.0,0.0
562423b4-544d-4868-bcff-627f03768a0b,JazzCash,Banking,Muhammad Daud,Unknown,2,2025-10-16 06:44:22,Good 👍,good 👍,0,2,6,1,0,0,1.0,0,0,0.4404,1,0,1,0.0,0,8,0,2.0,0.0
962ebc9f-c7b7-46be-9db3-7ca0ed96d0cd,JazzCash,Banking,Hira Hospital,Unknown,4,2025-10-16 06:53:06,nice v nice,nice v nice,0,3,11,0,0,0,0.6666666666666666,0,0,0.6808,1,0,1,0.0,0,1,0,4.0,0.0
d0fe91ad-9fe2-4373-b725-c7683fb02128,JazzCash,Banking,Maria butt,Unknown,1,2025-10-16 09:06:43,really good,really good,0,2,11,0,0,0,1.0,0,0,0.4927,1,0,1,0.0,0,1,0,1.0,0.0
d9d52e25-c31e-4edd-bf0c-b11971549b04,JazzCash,Banking,Rao Jawwad,Unknown,2,2025-10-16 10:18:59,Aslam jawwad,aslam jawwad,0,2,12,0,0,0,1.0,0,0,0.0,1,0,1,0.0,0,1,0,2.0,0.0
dec2193c-b997-4aff-b34e-ab0b85617c7c,JazzCash,Banking,najeeb butt,Unknown,4,2025-10-16 10:43:12,good for transfer,good for transfer,0,3,17,0,0,0,1.0,0,0,0.4404,1,0,1,0.0,0,1,0,4.0,0.0
455fa094-9f30-440f-877b-43da6992a5ec,JazzCash,Banking,Khan King,Unknown,4,2025-10-16 11:18:18,Mudasir kalwar,mudasir kalwar,0,2,14,0,0,0,1.0,0,0,0.0,1,0,1,0.0,0,1,0,4.0,0.0
99c3c3f7-c710-42c0-9f54-efed5ab4ffb8,JazzCash,Banking,arshad karim,Unknown,1,2025-10-16 13:19:22,3rd class service,3rd class service,1,3,17,0,0,0,1.0,0,0,0.0,1,0,1,0.0,0,1,0,1.0,0.0
a89fd7c5-d32e-492a-b51d-99ae475f2b97,JazzCash,Banking,Ehsan Ullah Khan,Unknown,1,2025-10-16 13:38:43,newgen account can't login without biometric but we don't have any ID card,newgen account can't login without biometric but we don't have any id card,0,13,74,0,0,1,1.0,0,0,0.0,1,0,1,0.0,0,1,0,1.0,0.0
a9852679-955d-4a2b-a16a-14573afe6e0c,JazzCash,Banking,Haider Khattak,Unknown,1,2025-10-16 13:48:25,by cot jazz cash account my satisfied nhy ho meny master card block kiya hy 4 month Hogaya pir bi piasy recharge kiya jazz cash ky numaindy battamiz hy account KY malumat jazz cash ky numaindy khud share karty hy,by cot jazz cash account my satisfied nhy ho meny master card block kiya hy 4 month hogaya pir bi piasy recharge kiya jazz cash ky numaindy battamiz hy account ky malumat jazz cash ky numaindy khud share karty hy,0,40,212,0,0,1,0.725,0,1,0.2732,1,0,1,0.0,0,1,0,1.0,0.0
49fd2525-9cd9-41e7-90a6-1a94e33df46a,JazzCash,Banking,Asad Khan07,Unknown,2,2025-10-16 13:58:36,too slow,too slow,0,2,8,0,0,0,1.0,0,0,0.0,1,0,1,0.0,0,1,0,2.0,0.0
57728dc7-b8c9-4932-8125-8287036ecda6,JazzCash,Banking,Waqas Ali,Unknown,1,2025-10-16 14:07:21,Many bugs in the app like Tap pay activation error sometimes app didn't login continuously processing,many bugs in the app like tap pay activation error sometimes app didn't login continuously processing,2,16,101,0,0,0,0.9375,0,1,-0.1531,1,0,1,0.0,0,1,0,1.0,0.0
2e5f9161-142f-4f90-87c4-b7c497899d46,JazzCash,Banking,Murtaza Ali,Unknown,1,2025-10-16 14:35:50,"now after the upgrade of Jazcash, the app is lagging too much , solve the issue Karachi","now after the upgrade of jazcash, the app is lagging too much , solve the issue karachi",0,17,87,0,0,0,0.8823529411764706,0,1,-0.0772,1,0,1,0.0,0,1,0,1.0,0.0
3b484462-a9d4-45db-ac06-f44d2cf4593d,JazzCash,Banking,Asad Ali,Unknown,4,2025-10-16 16:01:11,this app is awesome 🥰🥰,this app is awesome 🥰🥰,0,5,22,2,0,0,1.0,0,1,0.9623,1,0,1,0.0,0,1,0,4.0,0.0
5382bf14-c753-45fa-85a9-7c37deb038a2,JazzCash,Banking,Wahab Ali,Unknown,4,2025-10-16 16:47:30,easy banking but sometimes become very slow more in night,easy banking but sometimes become very slow more in night,0,10,57,0,0,0,1.0,0,0,0.2382,1,0,1,0.0,0,1,0,4.0,0.0
75cd451a-a022-4436-8324-cff1b5e1cde8,JazzCash,Banking,Adnan Shahid,Unknown,1,2025-10-16 17:34:27,Full of errors. I cannot count on it for payments.,full of errors. i cannot count on it for payments.,0,10,50,0,0,0,1.0,0,0,-0.34,1,0,1,0.0,0,1,0,1.0,0.0
c009f5e0-c942-47e9-b398-c3efd692e9b9,JazzCash,Banking,Abid Hussain,Unknown,1,2025-10-16 17:40:31,good job,good job,0,2,8,0,0,0,1.0,0,0,0.4404,1,0,1,0.0,0,1,0,1.0,0.0
86081cf1-4938-4496-abc9-5cf54edb7269,JazzCash,Banking,gulsher ahmad,Unknown,4,2025-10-16 18:15:59,one of the Best app which have Multiple Function which can make Easy to pay like Zu Peshawer App .,one of the best app which have multiple function which can make easy to pay like zu peshawer app .,1,20,98,0,0,0,0.9,0,1,0.8481,1,0,1,0.0,0,1,0,4.0,0.0
112eab61-3d43-4de0-bcad-09dd5d7ee03b,JazzCash,Banking,rana zahid,Unknown,4,2025-10-16 18:37:42,buy now pay later option is not working & also telemart website not open,buy now pay later option is not working & also telemart website not open,0,14,72,0,0,0,0.9285714285714286,1,0,-0.1027,1,0,1,0.0,0,1,0,4.0,0.0
332d9726-9ed3-44c0-ac83-41b24588dbca,JazzCash,Banking,ĤŐŃĔŶ King,Unknown,4,2025-10-16 20:13:45,That's great experience,that's great experience,0,3,23,0,0,0,1.0,0,0,0.6249,1,0,1,0.0,0,1,0,4.0,0.0
b822bab0-9301-4ea4-8781-aeb4de5fd989,JazzCash,Banking,Ali Shah,Unknown,4,2025-10-17 02:08:19,Everything is Okay.. Working Fine And It's Far Good From Easy Paisa App,everything is okay.. working fine and it's far good from easy paisa app,0,13,71,0,0,0,1.0,0,1,0.8176,1,0,1,0.0,0,1,0,4.0,0.0
fbb30112-8bc2-4d8f-a0c3-b032cfb9608a,JazzCash,Banking,Im Sheryar “Sherry”,Unknown,2,2025-10-17 04:36:33,"please upgrade your system, i have to restart the mobile to check my is received or not your app sync is 1000 percent lul","please upgrade your system, i have to restart the mobile to check my is received or not your app sync is 1000 percent lul",0,24,121,0,0,0,0.875,0,1,0.3182,1,0,1,0.0,0,1,0,2.0,0.0
d983af55-aa73-471e-b16f-2c049ff684ce,JazzCash,Banking,Naseer Ahmed,Unknown,2,2025-10-17 05:43:30,"please add under 18 account,","please add under 18 account,",0,5,28,0,0,0,1.0,0,0,0.3182,1,0,2,0.0,0,1,0,3.0,1.4142135623730951
e08500c0-ef3e-48da-8f84-584f7e26d161,JazzCash,Banking,Umay Army,Unknown,1,2025-10-17 06:33:23,"poor service, not satisfied at all","poor service, not satisfied at all",0,6,34,0,0,0,1.0,0,0,-0.6632,1,0,1,0.0,0,1,0,1.0,0.0
0802829d-5231-4d70-834f-a3b685e40849,JazzCash,Banking,Naeem Khan,Unknown,3,2025-10-17 06:39:51,good app,good app,0,2,8,0,0,0,1.0,0,1,0.4404,1,0,1,0.0,0,10,0,3.0,0.0
006bb011-c1cf-4ba3-a372-ae054b79d866,JazzCash,Banking,Javed Iqbal,Unknown,2,2025-10-17 07:10:52,"Good, and easy for loan","good, and easy for loan",0,5,23,0,0,0,1.0,0,0,0.7003,1,0,1,0.0,0,1,1,2.0,0.0
b2b68cc2-ef0b-4ec2-b1bc-2a6c83e6c15b,JazzCash,Banking,A Google user,Unknown,3,2025-10-17 09:47:36,not otp fifth my new mobile g five pro 4,not otp fifth my new mobile g five pro 4,0,10,40,0,0,0,1.0,0,0,0.0,1,0,1,0.0,0,1,0,3.0,0.0
1bd3b372-bcdd-4ed1-97eb-72e0c96a0f46,JazzCash,Banking,Malik HussainKing,Unknown,3,2025-10-17 10:00:12,Malik imran 804,malik imran 804,0,3,15,0,0,0,1.0,0,0,0.0,1,0,1,0.0,0,1,0,3.0,0.0
d29ef9c1-f86f-4dca-85fe-05c1053f4554,JazzCash,Banking,Zeeshan Khan,Unknown,3,2025-10-17 10:22:14,good luck 🤞,good luck 🤞,0,3,11,1,0,0,1.0,0,0,0.7096,1,0,2,0.0,0,2,0,4.0,1.4142135623730951
0f217775-f5c7-435f-98ed-77368ae61fc4,JazzCash,Banking,Sana Cuty,Unknown,1,2025-10-17 10:38:16,Mera Jazzcash login nh horha otp jb Sahi aata h toh again biometric mangra h usmei try tr again try again hota rehta h plz Meri problem solve krdein or biometric mei b problem kar rha h,mera jazzcash login nh horha otp jb sahi aata h toh again biometric mangra h usmei try tr again try again hota rehta h plz meri problem solve krdein or biometric mei b problem kar rha h,0,37,185,0,0,0,0.7837837837837838,0,1,-0.0258,1,0,1,0.0,0,1,0,1.0,0.0
62da117d-e5b9-466a-b7c5-df74ab60cbe1,JazzCash,Banking,poshton Yam,Unknown,1,2025-10-17 10:50:24,fazoltaren app hia jahaan kaa,fazoltaren app hia jahaan kaa,0,5,29,0,0,0,1.0,0,1,0.0,1,0,1,0.0,0,1,0,1.0,0.0
d3f19dc7-92dc-46e3-b2c9-2a088e58ceae,JazzCash,Banking,Yt彡❽メƁʘṦṦ ṀṲḔḔƵメ❽ミ,Unknown,1,2025-10-17 11:44:58,to much glitch when you send money on others wallets fix this,to much glitch when you send money on others wallets fix this,0,12,61,0,0,0,1.0,0,0,0.0,1,0,1,0.0,0,1,0,1.0,0.0
c0fd1805-3798-4622-9681-e3a3799bad69,JazzCash,Banking,Hassan Ali,Unknown,1,2025-10-17 12:02:59,I heav big zero star not working to the payment loser,i heav big zero star not working to the payment loser,0,11,53,0,0,0,1.0,0,0,-0.5267,1,0,2,0.0,0,1,0,3.0,2.8284271247461903
343ed49e-a0bf-4354-b450-7ee3e2d8fc2c,JazzCash,Banking,Dr AHMED MEHMOOD,Unknown,2,2025-10-17 13:22:22,app crashes and sometimes fails to log in,app crashes and sometimes fails to log in,0,8,41,0,0,0,1.0,0,1,-0.4215,1,0,1,0.0,0,1,0,2.0,0.0
997dba0e-cd1f-409c-a33a-e3470143af4c,JazzCash,Banking,Muhammad Ali Qureshi,Unknown,1,2025-10-17 13:33:36,very Bed customer service. no one border to resolve the issues. I have an issue with tap service since 1 October but no resolution provided.,very bed customer service. no one border to resolve the issues. i have an issue with tap service since 1 october but no resolution provided.,1,25,140,0,0,0,0.96,0,0,-0.3818,1,0,1,0.0,0,1,0,1.0,0.0
a9c077a6-bb88-4793-8ff6-80150d736c05,JazzCash,Banking,farhan zafar,Unknown,4,2025-10-17 14:22:00,very slow,very slow,0,2,9,0,0,0,1.0,0,0,0.0,1,0,1,0.0,0,3,0,4.0,0.0
a9af76ed-6bbd-416b-b26d-0d9d02a6ca8c,JazzCash,Banking,Sajjad Ali,Unknown,3,2025-10-17 14:51:28,This app is Good but now I'm having Biomatric issue I have tried many time but it's not Working please Solve Biomatric Issue,this app is good but now i'm having biomatric issue i have tried many time but it's not working please solve biomatric issue,0,23,124,0,0,0,0.8695652173913043,0,1,-0.3359,1,0,1,0.0,0,1,0,3.0,0.0
6ed3c855-157a-43f8-8337-e7e363a03437,JazzCash,Banking,AliRaza Pawar,Unknown,1,2025-10-17 19:07:49,OTP Nahin aat,otp nahin aat,0,3,13,0,0,1,1.0,0,1,0.0,1,0,1,0.0,0,1,0,1.0,0.0
ca4e5427-79fb-438e-b453-c2bef326ccc6,JazzCash,Banking,Sarmad umar,Unknown,3,2025-10-17 21:26:50,"easy to use, nice","easy to use, nice",0,4,17,0,0,0,1.0,0,0,0.6908,1,0,1,0.0,0,1,0,3.0,0.0
1b2416ef-e783-448e-8db5-a12cef2f11aa,JazzCash,Banking,Faiz M,Unknown,1,2025-10-18 01:08:52,excellent aap,excellent aap,0,2,13,0,0,0,1.0,0,0,0.5719,1,0,1,0.0,0,1,1,1.0,0.0
b4fe427a-e40c-4894-a16e-0450321f0ea8,JazzCash,Banking,King Baloch,Unknown,3,2025-10-18 01:23:35,Nice and good,nice and good,0,3,13,0,0,0,1.0,0,0,0.6908,1,0,1,0.0,0,1,0,3.0,0.0
f775d909-f857-40be-b989-af4524ab23cb,JazzCash,Banking,Yasmeen nasir Nasir,Unknown,1,2025-10-18 01:26:20,very saplandid,very saplandid,0,2,14,0,0,0,1.0,0,0,0.0,1,0,1,0.0,0,1,0,1.0,0.0
651cce80-e536-4bd1-95be-837fef05f8e0,JazzCash,Banking,卂ㄥi ALi,Unknown,1,2025-10-18 03:13:30,screenshot is not a privacy concern. i want to take my own account screenshot. What's bad in it? Please allow it or make an option in settings to disable screenshot for people who want that.,screenshot is not a privacy concern. i want to take my own account screenshot. what's bad in it? please allow it or make an option in settings to disable screenshot for people who want that.,1,35,190,0,0,0,0.8857142857142857,0,0,0.0772,1,0,1,0.0,0,1,0,1.0,0.0
067550ac-69f7-4143-96b0-a2094bdd8ad2,JazzCash,Banking,Ziauddin Official,Unknown,1,2025-10-18 03:51:18,please Don't install what a bad app a lots up loading loading and loaded do not install such a nonsense app do not install please please,please don't install what a bad app a lots up loading loading and loaded do not install such a nonsense app do not install please please,0,26,136,0,0,0,0.6153846153846154,1,1,-0.7798,1,0,1,0.0,0,1,0,1.0,0.0
228d59f0-f107-4719-aeb7-a7a4be2d17c9,JazzCash,Banking,IMRAN Malik,Unknown,4,2025-10-18 06:48:46,"Working Fine, Fulfilling Customer neends","working fine, fulfilling customer neends",0,5,40,0,0,0,1.0,0,0,0.2023,1,0,1,0.0,0,1,0,4.0,0.0
6eb83e7f-3abb-4f6f-8e6f-35a57a9b4343,JazzCash,Banking,Atif Khan,Unknown,1,2025-10-18 07:01:46,"Waste. There is 15 sec time only to write otp for login. Wthin this time no matter how fast you try you can't do anything, tried it for hours but didn't get anything","waste. there is 15 sec time only to write otp for login. wthin this time no matter how fast you try you can't do anything, tried it for hours but didn't get anything",1,33,165,0,0,0,0.9090909090909091,0,0,-0.2351,1,0,1,0.0,0,1,0,1.0,0.0
2bab6077-c9bb-4d7e-9778-ac29911029b0,JazzCash,Banking,Ghulam Mehdi Behrani,Unknown,4,2025-10-18 07:43:45,میں نے انسٹالیشن کر لی ہے مگر لاگ ان نہیں ہو رہا,میں نے انسٹالیشن کر لی ہے مگر لاگ ان نہیں ہو رہا,0,12,48,0,0,0,1.0,0,0,0.0,1,0,1,0.0,0,1,0,4.0,0.0
a1ac8a45-da5b-4f69-9c9d-12cc8d756c77,JazzCash,Banking,masroor shar,Unknown,1,2025-10-18 08:05:38,I tired to send money on my nbp account app say invalid account number but account number is correct,i tired to send money on my nbp account app say invalid account number but account number is correct,0,19,100,0,0,0,0.8421052631578947,0,1,-0.09,1,0,1,0.0,0,1,0,1.0,0.0
af8f8eb0-a186-47b4-9ba3-3f4e318597ae,JazzCash,Banking,Sajjad Ahmed,Unknown,1,2025-10-18 08:16:20,bohat ghariya service,bohat ghariya service,0,3,21,0,0,0,1.0,0,1,0.0,1,0,1,0.0,0,1,0,1.0,0.0
00d57ce9-6040-41d2-8fce-a2acf3c46b27,JazzCash,Banking,Abbas khan,Unknown,1,2025-10-18 09:25:46,good apps,good apps,0,2,9,0,0,0,1.0,0,1,0.4404,1,0,1,0.0,0,3,0,1.0,0.0
de070262-f364-4a15-841b-b61754ae61fb,JazzCash,Banking,Fran 2,Unknown,1,2025-10-18 09:46:31,history of ready Cash is missing in this 8 September version,history of ready cash is missing in this 8 september version,0,11,60,0,0,0,1.0,0,0,0.0772,1,0,1,0.0,0,1,0,1.0,0.0
34a0deff-34ca-4540-a458-382e96b41d58,JazzCash,Banking,Syed Ahsan Shah,Unknown,1,2025-10-18 11:04:13,Your tax so too much not applicable,your tax so too much not applicable,0,7,35,0,0,0,1.0,0,1,0.0,1,0,1,0.0,0,1,0,1.0,0.0
f9fa03b6-c049-4179-90a6-9c6e2d59bb85,JazzCash,Banking,Aliya malik,Unknown,1,2025-10-18 11:30:13,bht slow chal rhi hai ajkal bht msla arha hai plz fix this probelm,bht slow chal rhi hai ajkal bht msla arha hai plz fix this probelm,0,14,66,0,0,0,0.8571428571428571,0,1,0.0772,1,0,1,0.0,0,1,0,1.0,0.0
f1809dac-5627-4e61-b088-a8cf35d46545,JazzCash,Banking,Ansar Imam,Unknown,4,2025-10-18 11:44:12,"Need to be more advanced and customer care features, thanks","need to be more advanced and customer care features, thanks",0,10,59,0,0,0,1.0,0,0,0.8122,1,0,1,0.0,0,1,0,4.0,0.0
3f6a8323-c034-45cd-a14e-cefd85d97228,JazzCash,Banking,Muhammad Ajmal,Unknown,1,2025-10-18 12:19:39,Good app,good app,0,2,8,0,0,0,1.0,0,1,0.4404,1,0,1,0.0,0,10,0,1.0,0.0
4642df5d-9fe4-4ed7-8f99-2f7196dcb34c,JazzCash,Banking,Nasir Abbas,Unknown,4,2025-10-18 13:09:44,Muja loan nahi mil raha,muja loan nahi mil raha,0,5,23,0,0,0,1.0,0,1,0.0,1,0,1,0.0,0,1,0,4.0,0.0
233492e7-dfa5-48a3-b855-d5f2b2c07a4e,JazzCash,Banking,Qaisar mehmood janjua Rajpoot,Unknown,2,2025-10-18 13:52:46,net is not good نیٹ سگنلز ڈاؤن,net is not good نیٹ سگنلز ڈاؤن,0,7,30,0,0,0,1.0,0,0,-0.3412,1,0,1,0.0,0,1,0,2.0,0.0
9b0ef2f5-a755-4e3f-ac5a-5136a281b92d,JazzCash,Banking,Naqi Haider,Unknown,1,2025-10-18 14:01:35,scammed issue and complain register nhi ho Rahi very bad experience,scammed issue and complain register nhi ho rahi very bad experience,0,11,67,0,0,0,1.0,0,0,-0.7425,1,0,1,0.0,0,1,0,1.0,0.0
75492de1-a3a1-416f-9012-b44054a1c017,JazzCash,Banking,Muhammad Naeem,Unknown,1,2025-10-18 14:02:57,plase jazz cash,plase jazz cash,0,3,15,0,0,0,1.0,0,0,0.0,1,0,1,0.0,0,1,0,1.0,0.0
a0a9b56d-0a9f-4be2-b16b-e3ed9152d5c2,JazzCash,Banking,Sheena Nain,Unknown,1,2025-10-18 14:33:42,"the OTP was not clear, it had a lot of digits and alphabets and space that was given to enter OTP was just for 7 or 8 digits","the otp was not clear, it had a lot of digits and alphabets and space that was given to enter otp was just for 7 or 8 digits",0,28,124,0,0,2,0.8214285714285714,0,0,-0.2924,1,0,1,0.0,0,1,0,1.0,0.0
4428c2a0-103b-4e0e-ae75-7da0fb22ccca,JazzCash,Banking,Umair Arshad,Unknown,1,2025-10-18 14:44:25,over payment deductions,over payment deductions,0,3,23,0,0,0,1.0,0,0,0.0,1,0,1,0.0,0,1,0,1.0,0.0
ce093ff1-c162-4409-882e-cee1b54022ae,JazzCash,Banking,T L P ZINDABAD,Unknown,1,2025-10-18 14:47:18,very good,very good,0,2,9,0,0,0,1.0,0,0,0.4927,1,0,1,0.0,0,6,0,1.0,0.0
fa966e08-9ae6-45ec-b77b-5722932ab1b6,JazzCash,Banking,Muhammad Farhan,Unknown,4,2025-10-18 15:22:39,1 complain,1 complain,0,2,10,0,0,0,1.0,0,0,-0.3612,1,0,2,0.0,0,1,0,2.5,2.1213203435596424
cdc83b6b-d223-4aac-a608-00afc5cbaab9,JazzCash,Banking,Rana Adnan,Unknown,2,2025-10-18 15:32:59,paise q katte ho,paise q katte ho,0,4,16,0,0,0,1.0,0,0,0.0,1,0,1,0.0,0,1,0,2.0,0.0
fc282366-2629-47f2-8bb8-ddc91fe0017b,JazzCash,Banking,Syed Faiz,Unknown,1,2025-10-18 15:33:51,"very bad experience, not working properly, don't have any option where OTP can be written. how can i open my account.","very bad experience, not working properly, don't have any option where otp can be written. how can i open my account.",0,21,117,0,0,1,0.9523809523809523,0,0,-0.5849,1,0,1,0.0,0,1,0,1.0,0.0
e2dcdbd8-d667-4895-bf48-2dee7044ada4,JazzCash,Banking,Masoom Chaudhary,Unknown,4,2025-10-18 17:19:40,super,super,0,1,5,0,0,0,1.0,0,0,0.5994,1,0,1,0.0,0,4,0,4.0,0.0
a1f80f01-cdc7-4229-ab60-c4868cd964e6,JazzCash,Banking,Kolo Mamna,Unknown,1,2025-10-18 17:35:57,Irfan,irfan,0,1,5,0,0,0,1.0,0,0,0.0,1,0,1,0.0,0,1,0,1.0,0.0
aa254fb8-3bd5-4dd9-ba8d-e7cba4e2b369,JazzCash,Banking,iqra,Unknown,3,2025-10-18 17:51:38,it a good service.,it a good service.,0,4,18,0,0,0,1.0,0,0,0.4404,1,0,1,0.0,0,1,0,3.0,0.0
fe74b97d-b1f8-40c5-afef-37edcc9c5960,JazzCash,Banking,Saba Kahn,Unknown,4,2025-10-18 18:02:06,good limit,good limit,0,2,10,0,0,0,1.0,0,0,0.4404,1,0,1,0.0,0,1,0,4.0,0.0
40f3ddda-22d2-4269-9b52-209a0562a96c,JazzCash,Banking,M Usman Ajmal (UsmanMobileShop),Unknown,4,2025-10-18 19:47:28,Good Service,good service,0,2,12,0,0,0,1.0,0,0,0.4404,1,0,1,0.0,0,4,0,4.0,0.0
d60fe9d8-16d6-48ba-97e5-03c0b93d5bb6,JazzCash,Banking,Mehroz Naeem,Unknown,3,2025-10-18 20:34:23,my internet connection is strong but there are lot of problems in this app I face login problem so much after 7 to 8 attempts it worked in emergency situations this app is totally useless and time waister,my internet connection is strong but there are lot of problems in this app i face login problem so much after 7 to 8 attempts it worked in emergency situations this app is totally useless and time waister,1,38,204,0,0,0,0.8947368421052632,0,1,-0.9259,1,0,1,0.0,0,1,0,3.0,0.0
66e4b736-14a7-4a89-9fd0-2c6b5c9b3f58,JazzCash,Banking,Sudais Khan,Unknown,1,2025-10-18 21:09:22,the scamfull bank my amount automatically decreased by 1000 with out transaction 😭😭😭,the scamfull bank my amount automatically decreased by 1000 with out transaction 😭😭😭,0,13,84,3,0,0,1.0,0,0,-0.8519,1,0,1,0.0,0,1,0,1.0,0.0
67006465-15b1-44a9-a5c9-bf020178ab15,JazzCash,Banking,Abdul basit,Unknown,1,2025-10-18 21:16:17,i dnt know happen with this but some time its show my balance zero and ill refresh many time download meny but the not solve its such a drag,i dnt know happen with this but some time its show my balance zero and ill refresh many time download meny but the not solve its such a drag,0,29,140,0,0,0,0.896551724137931,1,1,-0.7869,1,0,1,0.0,0,1,0,1.0,0.0
1bb53c18-4ad1-4bb0-9cf5-bd785afd6a9a,JazzCash,Banking,Nayab Shk,Unknown,2,2025-10-18 21:52:12,my app not working even they ask me for Otp but didn't open at all,my app not working even they ask me for otp but didn't open at all,0,15,66,0,0,0,1.0,0,1,0.0,1,0,1,0.0,0,1,0,2.0,0.0
e8c10c0d-781f-4ba8-bcb0-111d82f50cbf,JazzCash,Banking,Chummi saith,Unknown,1,2025-10-19 01:48:30,to much slow,to much slow,0,3,12,0,0,0,1.0,0,0,0.0,1,0,1,0.0,0,1,0,1.0,0.0
d030015a-924d-40b9-876f-b1ca13ffbab6,JazzCash,Banking,Gull Sahib,Unknown,4,2025-10-19 02:59:40,easy to use this app and work fast,easy to use this app and work fast,0,8,34,0,0,0,1.0,0,1,0.4404,1,0,1,0.0,0,1,0,4.0,0.0
16253acc-0c59-4e7b-8959-7a866bbae9e0,JazzCash,Banking,Ahmad Ali,Unknown,4,2025-10-19 03:23:14,carefully deposit,carefully deposit,0,2,17,0,0,0,1.0,0,0,0.128,1,0,1,0.0,0,1,0,4.0,0.0
e06fe477-2262-4bbe-b639-20b2b8455c69,JazzCash,Banking,Najam ul hassan,Unknown,1,2025-10-19 04:30:42,my account automatic transaction and send rupees to C2b account please solve this issues to my account,my account automatic transaction and send rupees to c2b account please solve this issues to my account,0,17,102,0,0,0,0.7647058823529411,0,0,0.4767,1,0,1,0.0,0,1,0,1.0,0.0
c2fb2006-a0b9-4fb7-ac86-6f85fbd6e11e,JazzCash,Banking,Muhammad Jutt,Unknown,1,2025-10-19 04:38:59,not useable,not useable,0,2,11,0,0,0,1.0,0,0,0.0,1,0,1,0.0,0,1,0,1.0,0.0
d2945bd0-4c62-4684-b1ab-c8afc85fc2d8,JazzCash,Banking,Cheema 786,Unknown,1,2025-10-19 05:55:27,itna zalil krty AP log otp ka time itna Kam lga or code lgy na to 24gnty py lga dety buhat ghlt krty bnda zalil ho jata😡😡😡,itna zalil krty ap log otp ka time itna kam lga or code lgy na to 24gnty py lga dety buhat ghlt krty bnda zalil ho jata😡😡😡,0,27,122,3,0,1,0.8518518518518519,0,0,0.0,1,0,1,0.0,0,1,0,1.0,0.0
f42fa032-4bf6-4cc1-9636-10f25aa880c7,JazzCash,Banking,Jibran Bhatti,Unknown,4,2025-10-19 07:25:02,Excellent work,excellent work,0,2,14,0,0,0,1.0,0,0,0.5719,1,0,1,0.0,0,1,0,4.0,0.0
d977f650-aa4a-4cd5-a799-bbe9a718fef5,JazzCash,Banking,irfan ihsan,Unknown,1,2025-10-19 07:48:47,really bad item,really bad item,0,3,15,0,0,0,1.0,0,0,-0.5849,1,0,1,0.0,0,1,0,1.0,0.0
7a4709ca-8ddb-499c-bc0f-2e08bc09d0d9,JazzCash,Banking,khan zada,Unknown,2,2025-10-19 07:50:32,net wark down 👎,net wark down 👎,0,4,15,1,0,0,1.0,0,0,0.0,1,0,1,0.0,0,1,0,2.0,0.0
21ab8189-3d78-45ed-a337-9005ac198acb,JazzCash,Banking,Talha Siddiqui,Unknown,2,2025-10-19 07:53:50,"typical haramkhori that can be expected from pakistani banking apps, no surprise water bill pay kernay se pehle they show zero fees, pay kernay ke baad they deduct 27rs there are much better alternatives, people","typical haramkhori that can be expected from pakistani banking apps, no surprise water bill pay kernay se pehle they show zero fees, pay kernay ke baad they deduct 27rs there are much better alternatives, people",0,35,211,0,0,0,0.9142857142857143,0,1,0.0736,1,0,1,0.0,0,1,0,2.0,0.0
8cc0603b-2c8c-447a-bc46-5df6c382f554,JazzCash,Banking,Faisal Rao,Unknown,4,2025-10-19 08:53:19,thanks for shares cash 😄,thanks for shares cash 😄,0,5,24,1,0,0,1.0,0,0,0.8625,1,0,1,0.0,0,1,0,4.0,0.0
99f98ddd-0714-44b2-8ff1-46373491dd61,JazzCash,Banking,Abdul samad khan,Unknown,4,2025-10-19 09:11:50,I am very happy 😊😊,i am very happy 😊😊,0,5,18,2,0,0,1.0,0,1,0.9457,1,0,1,0.0,0,1,0,4.0,0.0
3bf75e10-007e-4aff-90c4-782f9cbd0012,JazzCash,Banking,Abdul Jabbar,Unknown,1,2025-10-19 09:26:19,ok good,ok good,0,2,7,0,0,0,1.0,0,0,0.6249,1,0,1,0.0,0,1,1,1.0,0.0
ab618c9f-cbff-4181-bd2b-141e711f91ec,JazzCash,Banking,Ata ur Rehman,Unknown,2,2025-10-19 10:53:10,اس سے اچھی تو بینکنگ ایپس ہیں جس میں فنگر پرنٹ باسانی ایک دفعہ میں ہی اسکین ہو جاتے ہیں لیکن اس میں ایک گھنٹہ لگا کے بھی فنگر پرنٹ اسکین نہیں ہوئے,اس سے اچھی تو بینکنگ ایپس ہیں جس میں فنگر پرنٹ باسانی ایک دفعہ میں ہی اسکین ہو جاتے ہیں لیکن اس میں ایک گھنٹہ لگا کے بھی فنگر پرنٹ اسکین نہیں ہوئے,0,33,146,0,0,0,0.7575757575757576,0,0,0.0,1,0,1,0.0,0,1,0,2.0,0.0
43488ffb-25fa-4298-8603-dcbdc914f7cd,JazzCash,Banking,waqasafzal,Unknown,1,2025-10-19 11:43:06,Waqas,waqas,0,1,5,0,0,0,1.0,0,0,0.0,1,0,1,0.0,0,1,0,1.0,0.0
89c8bbe3-ee71-4388-b667-3e1d30dc9246,JazzCash,Banking,Khan Saib,Unknown,1,2025-10-19 12:20:18,salam investment is not working show error,salam investment is not working show error,0,7,42,0,0,0,1.0,0,0,0.3089,1,0,1,0.0,0,1,0,1.0,0.0
ce5c6399-ecda-4194-bc65-c749f425bd84,JazzCash,Banking,Zain Abbas,Unknown,4,2025-10-19 12:31:17,good 😊😊👍,good 😊😊👍,0,2,8,3,0,0,1.0,0,0,0.9313,1,0,1,0.0,0,1,0,4.0,0.0
dbf91646-a0e8-40db-bfdc-d9bf536ad38c,JazzCash,Banking,rehanroy roy,Unknown,1,2025-10-19 12:39:00,app crashed instant while paying bills,app crashed instant while paying bills,0,6,38,0,0,0,1.0,0,1,0.0,1,0,1,0.0,0,1,0,1.0,0.0
81f1afb8-65f1-4f26-8e6c-24cc21df9438,JazzCash,Banking,Touqir Amjad,Unknown,4,2025-10-19 14:00:36,I have a bad experience last 3 days this application on my cell phone is not working properly,i have a bad experience last 3 days this application on my cell phone is not working properly,0,18,93,0,0,0,1.0,0,1,-0.5423,1,0,1,0.0,0,1,1,4.0,0.0
8a12a2ac-4c50-4715-b0aa-c5f0d1cc6a83,JazzCash,Banking,Aki Ako,Unknown,1,2025-10-19 14:02:37,jazz cash not very fie nadra 😡😡😡😡,jazz cash not very fie nadra 😡😡😡😡,0,7,33,4,0,0,1.0,0,0,0.0,1,0,1,0.0,0,1,0,1.0,0.0
067e07e6-10e1-47a2-a031-75cef9de7785,JazzCash,Banking,احسان پومی,Unknown,4,2025-10-19 15:39:53,Four star 🌟 🌟 🌟 🌟,four star 🌟 🌟 🌟 🌟,0,6,17,4,0,0,0.5,0,0,0.0,1,0,1,0.0,0,1,0,4.0,0.0
8e226775-d429-4d6b-b1fc-505c8b52c8c7,JazzCash,Banking,Nawaz Nawaz,Unknown,1,2025-10-19 16:16:39,not show transaction history loading problem?,not show transaction history loading problem?,0,6,45,0,0,0,1.0,0,0,-0.4019,1,0,1,0.0,0,1,0,1.0,0.0
422fa30d-1afe-4ac4-9f43-be2e304bc09f,JazzCash,Banking,Rida Noor,Unknown,4,2025-10-19 19:20:45,this app is perfect and 5 star deserving but...... giving it 4 stars rating just because of dark mode. We need dark mode gir this app its 2025 what are you waiting for.,this app is perfect and 5 star deserving but...... giving it 4 stars rating just because of dark mode. we need dark mode gir this app its 2025 what are you waiting for.,0,33,168,0,0,0,0.9090909090909091,0,1,0.6652,1,0,1,0.0,0,1,0,4.0,0.0
cd9a320c-6079-4d03-8294-baaaa2683511,JazzCash,Banking,MUHAMMAD ALI,Unknown,2,2025-10-19 19:41:18,Good experience,good experience,0,2,15,0,0,0,1.0,0,0,0.4404,1,0,1,0.0,0,5,0,2.0,0.0
25d70c50-b97b-4d05-bf84-f8f39672b32b,JazzCash,Banking,Al hadi quality pet bottle jars Zeeshan,Unknown,1,2025-10-20 01:43:41,over charged,over charged,0,2,12,0,0,0,1.0,0,0,-0.2023,1,0,1,0.0,0,1,0,1.0,0.0
3d0b8f95-4d04-4200-b5fe-e58c587caa72,JazzCash,Banking,Imran Ali Sipio,Unknown,4,2025-10-20 02:04:13,good app and fast,good app and fast,1,4,17,0,0,0,1.0,0,1,0.4404,1,0,1,0.0,0,1,0,4.0,0.0
5e98e744-8c37-45a1-9f94-e3b79fc8ebe4,JazzCash,Banking,Rehan Haider,Unknown,3,2025-10-20 02:49:10,jazzcash server working very slow please solve issue,jazzcash server working very slow please solve issue,0,8,52,0,0,0,1.0,0,0,0.5635,1,0,1,0.0,0,1,0,3.0,0.0
48148911-9f2f-4be2-95f9-649d9300ceeb,JazzCash,Banking,Malik Awan,Unknown,1,2025-10-20 05:04:02,very bad experience jazz cash app I m customer from last 18 yr of jazz I m downloading app many time but otp send late & 20 to 22 words otp filling time 14 sec that's not good.,very bad experience jazz cash app i m customer from last 18 yr of jazz i m downloading app many time but otp send late & 20 to 22 words otp filling time 14 sec that's not good.,1,38,176,0,0,0,0.8421052631578947,1,1,-0.6711,1,0,1,0.0,0,1,0,1.0,0.0
c584bb99-4659-48ff-b385-8bdc510ca70c,JazzCash,Banking,imran sagar,Unknown,2,2025-10-20 05:24:11,sub Kuch Okk hai but biomathematic bkwaas hai,sub kuch okk hai but biomathematic bkwaas hai,0,8,45,0,0,0,0.875,0,1,0.0,1,0,1,0.0,0,1,0,2.0,0.0
bc2f57e6-51e0-4be4-bdd6-4426764bcb8e,JazzCash,Banking,Adnan Adnan,Unknown,1,2025-10-20 05:54:18,Very bad network and nothing to open other wallet money transfer,very bad network and nothing to open other wallet money transfer,0,11,64,0,0,0,1.0,0,0,-0.5849,1,0,1,0.0,0,1,0,1.0,0.0
9bdba60d-bfbe-4a61-992d-cf50577f04cd,JazzCash,Banking,Adeeba Asif,Unknown,1,2025-10-20 06:47:44,why not show otp.. bad experience,why not show otp.. bad experience,0,6,33,0,0,0,1.0,0,0,0.431,1,0,1,0.0,0,1,0,1.0,0.0
a55202b9-25b8-482c-8597-1bf926156b98,JazzCash,Banking,ASAD RAZA,Unknown,4,2025-10-20 08:34:51,bad app,bad app,0,2,7,0,0,0,1.0,0,1,-0.5423,1,0,1,0.0,0,1,1,4.0,0.0
8f5605ec-eb16-4f2d-81ea-e8dee7bf3757,JazzCash,Banking,Basharat Ali,Unknown,1,2025-10-20 08:42:29,very very bad app loading.... problem,very very bad app loading.... problem,0,6,37,0,0,0,0.8333333333333334,0,1,-0.7764,1,0,1,0.0,0,1,0,1.0,0.0
4d714d1c-76ac-4e1b-be79-3271db4c3660,JazzCash,Banking,Abdu ree,Unknown,2,2025-10-20 09:03:24,my I'd is not login why my number is not second account login,my i'd is not login why my number is not second account login,0,13,61,0,0,0,0.6923076923076923,0,0,0.0772,1,0,1,0.0,0,1,0,2.0,0.0
a19030d7-b636-49a4-95b4-3b027c7fdc4e,JazzCash,Banking,Iram Yasmeen,Unknown,3,2025-10-20 09:58:25,Zabardast,zabardast,0,1,9,0,0,0,1.0,0,1,0.0,1,0,1,0.0,0,2,0,3.0,0.0
7d2d6cf4-be86-443b-9c84-0e4afe5ae796,JazzCash,Banking,Iqra Khan,Unknown,1,2025-10-20 10:43:28,Not working jazzcash,not working jazzcash,0,3,20,0,0,0,1.0,0,0,0.0,1,0,2,0.0,0,1,0,3.0,2.8284271247461903
7b72bf44-ef5a-48a5-a8d3-3251cbdd157c,JazzCash,Banking,Sufyan Dabri,Unknown,4,2025-10-20 11:34:30,likes,likes,0,1,5,0,0,0,1.0,0,0,0.4215,1,0,1,0.0,0,1,0,4.0,0.0
88a14682-49d7-4f6d-aa68-154f422fb2b3,JazzCash,Banking,David David,Unknown,1,2025-10-20 11:43:43,Don't send updates in few days,don't send updates in few days,0,6,30,0,0,0,1.0,0,0,0.0,1,0,1,0.0,0,1,0,1.0,0.0
db01563f-4407-4018-87b6-b21631788e5b,JazzCash,Banking,Rajausman Usman,Unknown,1,2025-10-20 11:50:04,worst app otp receive he nhi hota na account bnta hai sb Kuch kia ha storage clear all permission lkn account ni bn rha 4 din ho ghe hai na Telenor k num py na Ufone ka num py,worst app otp receive he nhi hota na account bnta hai sb kuch kia ha storage clear all permission lkn account ni bn rha 4 din ho ghe hai na telenor k num py na ufone ka num py,0,39,175,0,0,0,0.8461538461538461,0,1,-0.6486,1,0,1,0.0,0,1,0,1.0,0.0
0f83c7d0-60bc-43b4-9fbf-e921d5014613,JazzCash,Banking,MEHRU SOHAIB,Unknown,2,2025-10-20 14:20:12,good help full app,good help full app,0,4,18,0,0,0,1.0,0,1,0.6808,1,0,1,0.0,0,1,1,2.0,0.0
1c51c4f7-642b-4eb3-b6e6-6781c1ba3ddc,JazzCash,Banking,Gull,Unknown,1,2025-10-20 14:21:06,jab b open kro kam application ni kryi bar bar fail hoti h,jab b open kro kam application ni kryi bar bar fail hoti h,0,13,58,0,0,0,0.9230769230769231,0,1,-0.5423,1,0,1,0.0,0,1,0,1.0,0.0
5ca232d8-482c-4937-9da8-bdacfb0b676c,JazzCash,Banking,Khan hadii Khan hadiii,Unknown,1,2025-10-20 14:32:56,mujhe jsks ki taraf se100rs nahin mile,mujhe jsks ki taraf se100rs nahin mile,0,7,38,0,0,0,1.0,0,1,0.0,1,0,1,0.0,0,1,0,1.0,0.0
6f1106bf-ebce-4c5e-8a0e-62ef0c530bf9,JazzCash,Banking,Zafar Ali Zafar Ali,Unknown,1,2025-10-20 14:33:26,very bad from jazz cash transfer fee for only 30 rupees is1.55,very bad from jazz cash transfer fee for only 30 rupees is1.55,0,12,62,0,0,0,1.0,0,0,-0.5849,1,0,1,0.0,0,1,0,1.0,0.0
71f03397-9b8d-48d8-9c6e-ac218d4e1102,JazzCash,Banking,SYED UMAR FAROOQ,Unknown,1,2025-10-20 15:50:06,It’s a cursed app — don’t download any of them.,it’s a cursed app — don’t download any of them.,0,10,47,0,0,0,1.0,1,1,0.0,1,0,1,0.0,0,1,0,1.0,0.0
98edd9f2-eb35-47b6-811d-49eee4ec805b,JazzCash,Banking,SomegirlJiya,Unknown,1,2025-10-20 16:06:18,no service in this app works and customer service will do nothing but assign you complain numbers and close them without resolving anything,no service in this app works and customer service will do nothing but assign you complain numbers and close them without resolving anything,0,23,139,0,0,0,0.9130434782608695,0,1,-0.7668,1,0,1,0.0,0,1,0,1.0,0.0
decddaa6-a680-4522-b249-2f84a236849c,JazzCash,Banking,Malik Naeem,Unknown,1,2025-10-20 17:03:28,very bad update why not allowed to Secreen shot it's bad update please change that allows all Secreen shot.,very bad update why not allowed to secreen shot it's bad update please change that allows all secreen shot.,0,19,107,0,0,0,0.8421052631578947,0,0,-0.7178,1,0,1,0.0,0,1,0,1.0,0.0
7b94b038-f3f8-4961-95be-0271d669b180,JazzCash,Banking,M Asim,Unknown,1,2025-10-20 19:30:34,Bill fee charge but show is 0 very bad app..,bill fee charge but show is 0 very bad app..,0,10,44,0,0,0,1.0,0,1,-0.7343,1,0,1,0.0,0,1,0,1.0,0.0
fa49b27e-3be2-46c9-9ee1-e949c9b9df39,JazzCash,Banking,Raja Mahar,Unknown,1,2025-10-20 19:43:14,JazzCach,jazzcach,0,1,8,0,0,0,1.0,0,0,0.0,1,0,1,0.0,0,1,0,1.0,0.0
75e91946-5303-46c7-982e-1e9ca704e4f0,JazzCash,Banking,Muhammad Abbas,Unknown,2,2025-10-20 20:18:26,slow performance,slow performance,0,2,16,0,0,0,1.0,0,0,0.0,1,0,1,0.0,0,1,0,2.0,0.0
924bed8d-f425-439c-98c3-6d41946886d8,JazzCash,Banking,Yousaf Arian,Unknown,1,2025-10-20 21:33:52,Sending amount issues and can't receive call help Line I lose my 2000 rupy bakwas app,sending amount issues and can't receive call help line i lose my 2000 rupy bakwas app,0,16,85,0,0,0,1.0,0,1,-0.607,1,0,1,0.0,0,1,0,1.0,0.0
c64395db-8c50-460a-b95a-d3b26391fab0,JazzCash,Banking,Rohaan Saeed,Unknown,1,2025-10-21 02:45:32,Jazzcash gets too many people scammed.,jazzcash gets too many people scammed.,1,6,38,0,0,0,1.0,0,0,0.0,1,0,1,0.0,0,1,0,1.0,0.0
8e3d4e08-0bb3-4c25-8386-3484a7d5b05b,JazzCash,Banking,Zubair Ahmed,Unknown,1,2025-10-21 04:15:58,lan mera service hai,lan mera service hai,1,4,20,0,0,0,1.0,0,1,0.0,1,0,2,0.0,0,1,0,1.0,0.0
cd44677e-6506-4622-b8ff-4e7e4cc4db58,JazzCash,Banking,Huzaifa Naeem,Unknown,3,2025-10-21 05:20:38,hm god,hm god,0,2,6,0,0,0,1.0,0,0,0.2732,1,0,1,0.0,0,1,0,3.0,0.0
88566461-0e9e-4c95-b2a0-339947b91c7b,JazzCash,Banking,Umar Rajput,Unknown,4,2025-10-21 05:29:14,ap log non pta mobile main app kuon nahi bananay datay go,ap log non pta mobile main app kuon nahi bananay datay go,0,12,57,0,0,0,1.0,0,1,0.0,1,0,1,0.0,0,1,0,4.0,0.0
3831e40d-7c32-4abb-9f3a-2043f30b67c7,JazzCash,Banking,Eman Fatima,Unknown,2,2025-10-21 05:31:41,your app is not working and when i do some transaction money was dedect and after wait it return back and i faced this issue twice,your app is not working and when i do some transaction money was dedect and after wait it return back and i faced this issue twice,0,26,130,0,0,0,0.8846153846153846,0,1,0.0,1,0,1,0.0,0,1,0,2.0,0.0
f4871484-aad1-429f-ba0d-af097d9c8366,JazzCash,Banking,Adnan Sarwar,Unknown,4,2025-10-21 06:17:56,Good working,good working,1,2,12,0,0,0,1.0,0,0,0.4404,1,0,1,0.0,0,4,0,4.0,0.0
67530cd5-f2b2-4e66-8df9-7087a30dad89,JazzCash,Banking,AZZAT KHAN,Unknown,3,2025-10-21 06:25:41,best app,best app,1,2,8,0,0,0,1.0,0,1,0.6369,1,0,1,0.0,0,4,0,3.0,0.0
a47580d3-ba45-4da6-89b5-c67809e3dc13,JazzCash,Banking,Aqib Ali,Unknown,1,2025-10-21 07:11:29,jazcash loan ki weakly fee bohat ziada ha plz isko Kam kiya jaye,jazcash loan ki weakly fee bohat ziada ha plz isko kam kiya jaye,1,13,64,0,0,0,1.0,0,1,-0.0258,1,0,2,0.0,0,1,0,3.0,2.8284271247461903
e57f62f5-5e9e-44c1-a374-77eb62611903,JazzCash,Banking,Rana Mbilal,Unknown,4,2025-10-21 07:16:41,need improvement to log in its awaiting long time some time,need improvement to log in its awaiting long time some time,0,11,59,0,0,0,0.9090909090909091,0,0,0.4588,1,0,1,0.0,0,1,0,4.0,0.0
cee3bd89-38cf-49e4-bfb5-82bff9fe48f7,JazzCash,Banking,Arain Sahib,Unknown,3,2025-10-21 08:50:33,vip per balance dekh ker jo bank wale insure walo se phone kerwate h or pese kaat lete h mene ziada pese rakhna chor diye ab hamare pese save nahi h,vip per balance dekh ker jo bank wale insure walo se phone kerwate h or pese kaat lete h mene ziada pese rakhna chor diye ab hamare pese save nahi h,0,31,148,0,0,0,0.8709677419354839,0,1,0.7579,1,0,1,0.0,0,1,0,3.0,0.0
80d8e92b-924e-4624-9be9-95b514d0ab62,JazzCash,Banking,Atta Ullah,Unknown,1,2025-10-21 10:51:21,"Pathetic application. Too much and unnecessary security, which prevent user to use application. most of the time Oh Sorry. Something went wrong error and after 2 to 3 attempts account locked for 24 hours.","pathetic application. too much and unnecessary security, which prevent user to use application. most of the time oh sorry. something went wrong error and after 2 to 3 attempts account locked for 24 hours.",6,34,204,0,0,0,0.9117647058823529,0,1,-0.8074,1,0,1,0.0,0,1,0,1.0,0.0
1dd53213-d23d-4325-98da-56a71f8c6269,JazzCash,Banking,mohammad faisal,Unknown,2,2025-10-21 10:51:39,"slow speed app, while transferring to other like easypaisa account, after 20 minutes able to send money","slow speed app, while transferring to other like easypaisa account, after 20 minutes able to send money",0,17,103,0,0,0,0.9411764705882353,0,1,0.3612,1,0,1,0.0,0,1,0,2.0,0.0
fa119b6c-ab9f-4d8f-8c1a-8455a2eda854,JazzCash,Banking,Automation,Unknown,2,2025-10-21 10:58:44,it's overall good but I am facing log in issue continuously 😕,it's overall good but i am facing log in issue continuously 😕,0,12,61,1,0,0,1.0,0,0,-0.25,1,0,1,0.0,0,1,0,2.0,0.0
43a57213-bbe0-45f3-a100-7ab0658d35c9,JazzCash,Banking,Aftab Ahmed,Unknown,1,2025-10-21 11:10:39,Pathetic app and Cheap service. Jazzcash is useless and looting service. user enemy and ill/ infected app. It looks the app is developed by children full of glitches. Aakhhh,pathetic app and cheap service. jazzcash is useless and looting service. user enemy and ill/ infected app. it looks the app is developed by children full of glitches. aakhhh,7,29,173,0,0,0,0.8275862068965517,1,1,-0.9432,1,0,1,0.0,0,1,0,1.0,0.0
ff9fa25a-3845-45bf-8d37-c6626a058250,JazzCash,Banking,Bablu Sain,Unknown,1,2025-10-21 11:23:30,serves low,serves low,0,2,10,0,0,0,1.0,0,0,-0.2732,1,0,1,0.0,0,1,0,1.0,0.0
a71d658c-11ca-42c8-adcf-b1309a8d8936,JazzCash,Banking,sher wali,Unknown,1,2025-10-21 11:35:13,nothing good specially bed experience about customer care help center.,nothing good specially bed experience about customer care help center.,0,10,70,0,0,0,1.0,0,0,0.5414,1,0,1,0.0,0,1,1,1.0,0.0
3f1a16ac-0e92-42e5-a235-2c4aa2b04d21,JazzCash,Banking,Makeen Ali,Unknown,3,2025-10-21 12:03:50,good halp,good halp,0,2,9,0,0,0,1.0,0,0,0.4404,1,0,1,0.0,0,1,0,3.0,0.0
01e8e4ea-22bc-4c3c-a253-2db8becb72b5,JazzCash,Banking,Sarfraz Aziz,Unknown,4,2025-10-21 12:50:12,I m excited to use jazz cash app,i m excited to use jazz cash app,0,8,32,0,0,0,1.0,0,1,0.34,1,0,1,0.0,0,1,0,4.0,0.0
987ef6fe-a4bf-40a6-ae73-5f81e20cafe4,JazzCash,Banking,Abrar Rana,Unknown,2,2025-10-21 12:51:12,very good app,very good app,1,3,13,0,0,0,1.0,0,1,0.4927,1,0,1,0.0,0,3,0,2.0,0.0
963b1a33-474c-4f96-807e-6d8a99ac7635,JazzCash,Banking,sadia aslam,Unknown,1,2025-10-21 13:16:05,very bad,very bad,1,2,8,0,0,0,1.0,0,0,-0.5849,1,0,1,0.0,0,1,0,1.0,0.0
f7da75eb-3830-4ce9-ad8c-a48b95b0d9e4,JazzCash,Banking,Mashizbail,Unknown,1,2025-10-21 14:19:14,I just write the number but didn't send money not even wrote the pin but still my balance is deducted from my account. fix your error jazzcash,i just write the number but didn't send money not even wrote the pin but still my balance is deducted from my account. fix your error jazzcash,0,27,142,0,0,0,0.8888888888888888,0,0,-0.5267,1,0,1,0.0,0,1,0,1.0,0.0
4e987ce3-368e-4bec-a1ed-941422facded,JazzCash,Banking,ANNA NAAR SHEIKH,Unknown,2,2025-10-21 19:22:32,there is no option for temporary block your card in new update very pathetic,there is no option for temporary block your card in new update very pathetic,0,14,76,0,0,0,1.0,0,0,-0.8439,1,0,1,0.0,0,1,0,2.0,0.0
542aa593-3d45-4c0f-ba22-83dcd10340cf,JazzCash,Banking,M.S Birds farm,Unknown,1,2025-10-21 20:01:21,very bad experience,very bad experience,0,3,19,0,0,0,1.0,0,0,-0.5849,1,0,1,0.0,0,1,0,1.0,0.0
de109946-88c9-4639-a5f2-1bb7d87eaafc,JazzCash,Banking,Jan Khan,Unknown,4,2025-10-22 01:37:09,grate app,grate app,0,2,9,0,0,0,1.0,0,1,0.0,1,0,1,0.0,0,1,0,4.0,0.0
dadb0fc6-f60b-49d0-be8a-4763dac015f6,JazzCash,Banking,Mujahid Ali,Unknown,2,2025-10-22 01:45:26,good to use now some charges are facing at transition,good to use now some charges are facing at transition,0,10,53,0,0,0,1.0,0,0,0.2023,1,0,2,0.0,0,1,0,3.5,2.1213203435596424
b196e7d8-b8c2-4b99-8814-8be807e6847d,JazzCash,Banking,syed Ali,Unknown,1,2025-10-22 03:02:48,Extra charges on bills,extra charges on bills,0,4,22,0,0,0,1.0,0,0,-0.2732,1,0,1,0.0,0,1,0,1.0,0.0
49ba8fc7-91fb-4e32-90ba-ad90f5829b59,JazzCash,Banking,Hammad Khan,Unknown,1,2025-10-22 03:11:41,sab kch theek hai lakin jo screenshot restriction lagai hai ya khatam kery,sab kch theek hai lakin jo screenshot restriction lagai hai ya khatam kery,0,13,74,0,0,0,0.9230769230769231,0,1,-0.2732,1,0,1,0.0,0,1,0,1.0,0.0
e202424b-9e28-4823-899c-cfbce9882b83,JazzCash,Banking,Zareem fatima,Unknown,1,2025-10-22 05:41:21,"When I try to log in my account , then it send the Otp on my sim number but it doesn't show any option to type that otp and proceed more or it doesn't autofill the otp","when i try to log in my account , then it send the otp on my sim number but it doesn't show any option to type that otp and proceed more or it doesn't autofill the otp",0,37,167,0,0,0,0.7837837837837838,0,0,0.0387,1,0,1,0.0,0,1,0,1.0,0.0
aa541a6e-87cb-4197-8136-c9d45f1a1bd8,JazzCash,Banking,Daily Tips Tricks,Unknown,1,2025-10-22 07:36:32,not working properly .we can not type the otp.,not working properly .we can not type the otp.,0,9,46,0,0,0,0.8888888888888888,0,0,0.0,1,0,1,0.0,0,1,0,1.0,0.0
42cb5c2f-4a39-48e9-bfbf-6a66433affd3,JazzCash,Banking,Salman Haider,Unknown,1,2025-10-22 08:38:37,better,better,0,1,6,0,0,0,1.0,0,0,0.4404,1,0,1,0.0,0,1,0,1.0,0.0
7ec1caf5-fcf9-4adb-a532-ece752092828,JazzCash,Banking,Muhammad Arif,Unknown,2,2025-10-22 09:13:19,my experience with jazzcash is not so good i have submitted application for upgradey account so i can transfer funds but for a 4 days wait i will give you 3 star,my experience with jazzcash is not so good i have submitted application for upgradey account so i can transfer funds but for a 4 days wait i will give you 3 star,0,32,161,0,0,0,0.875,0,1,-0.2533,1,0,1,0.0,0,1,0,2.0,0.0
93d485a8-3403-4889-8b83-31369944ddd4,JazzCash,Banking,Syed Aamir Akbar,Unknown,2,2025-10-22 10:27:28,always having issues while logging always ...even on WiFi and phone data since from two days trying to login but failed massage display try again later,always having issues while logging always ...even on wifi and phone data since from two days trying to login but failed massage display try again later,1,26,151,0,0,0,0.9615384615384616,0,0,-0.6652,1,0,1,0.0,0,1,0,2.0,0.0
3d86ae66-5244-42cf-ad78-6228e4727565,JazzCash,Banking,syed Usama haider husaine,Unknown,4,2025-10-22 10:32:47,it's Good,it's good,0,2,9,0,0,0,1.0,0,0,0.4404,1,0,1,0.0,0,2,0,4.0,0.0
3b32b15d-01d8-4011-b63f-9367c10af044,JazzCash,Banking,Tour 360,Unknown,3,2025-10-22 11:04:21,good 💯,good 💯,0,2,6,1,0,0,1.0,0,0,0.4404,1,0,1,0.0,0,4,0,3.0,0.0
691d6084-2cec-477a-b7ee-11827e66972f,JazzCash,Banking,tayyab ur rehman,Unknown,3,2025-10-22 12:01:36,good enough,good enough,0,2,11,0,0,0,1.0,0,0,0.4404,1,0,1,0.0,0,1,0,3.0,0.0
8d8b015d-8215-4b54-ba77-b252ab378f0f,JazzCash,Banking,Ebad Abbassi,Unknown,1,2025-10-22 12:04:59,v.good app,v.good app,0,2,10,0,0,0,1.0,0,1,0.0,1,0,1,0.0,0,1,0,1.0,0.0
1d218766-259c-463c-bac8-56276dc20e42,JazzCash,Banking,Afzaal Ahmed,Unknown,1,2025-10-22 13:08:21,best application,best application,0,2,16,0,0,0,1.0,0,1,0.6369,1,0,1,0.0,0,1,1,1.0,0.0
0cf86053-806d-478b-971b-602cb4a94ad4,JazzCash,Banking,Mukhtar Khan,Unknown,4,2025-10-22 15:03:08,"useful app and i love its all features. A little problem I'm facing is, whenever i want to pay my electricity bill it shows me amount of previous month, i tried several times but....","useful app and i love its all features. a little problem i'm facing is, whenever i want to pay my electricity bill it shows me amount of previous month, i tried several times but....",0,34,182,0,0,0,0.9411764705882353,0,1,0.4208,1,0,1,0.0,0,1,0,4.0,0.0
1590108e-0155-4303-828c-c834fd2cb1f5,JazzCash,Banking,Mohsin Razza khan,Unknown,3,2025-10-22 16:10:07,good👍,good👍,0,1,5,1,0,0,1.0,0,0,0.4404,1,0,1,0.0,0,3,0,3.0,0.0
e56725ef-e923-45db-959f-e62ac96b6ede,JazzCash,Banking,Adnan Asghar,Unknown,1,2025-10-22 18:42:25,devise change krny pr bra msla bn jata ha,devise change krny pr bra msla bn jata ha,0,9,41,0,0,0,1.0,0,0,0.34,1,0,1,0.0,0,1,0,1.0,0.0
b9362700-91bc-44e2-a112-1e257dc60beb,JazzCash,Banking,easy life with syeda,Unknown,2,2025-10-22 19:53:45,"There is an option to scan QR code in Jascash and only that is showing on the screen, no refund is being given, what should I do? please help","there is an option to scan qr code in jascash and only that is showing on the screen, no refund is being given, what should i do? please help",0,29,141,0,0,1,0.9310344827586207,0,0,0.4215,1,0,1,0.0,0,1,0,2.0,0.0
9793664a-20ef-48e9-aa07-13ba16062cb3,JazzCash,Banking,shams khan,Unknown,1,2025-10-22 20:04:45,please solve the New device detect problem because my account is on my b-form and I can't long in without biomatric please remove the biomatric please so we easily use the app please,please solve the new device detect problem because my account is on my b-form and i can't long in without biomatric please remove the biomatric please so we easily use the app please,0,33,182,0,0,0,0.7878787878787878,0,1,0.6924,1,0,1,0.0,0,1,1,1.0,0.0
9cbfc002-23da-4ebe-b778-5ad60f781469,JazzCash,Banking,Sherriyaar Aly,Unknown,3,2025-10-22 21:34:41,usually the jazzcash server goes down plz look into it,usually the jazzcash server goes down plz look into it,0,10,54,0,0,0,1.0,0,0,0.0772,1,0,1,0.0,0,1,0,3.0,0.0
a97a03e1-45a1-401d-b42f-551d95b3d2db,JazzCash,Banking,Abdul Hanan,Unknown,1,2025-10-23 03:56:07,"why is there no screenshot option?????? I want to take screenshots and it says ""this app doesn't allow screenshots"".... why???","why is there no screenshot option?????? i want to take screenshots and it says ""this app doesn't allow screenshots"".... why???",36,20,126,0,0,0,1.0,0,1,-0.5463,1,0,1,0.0,0,1,0,1.0,0.0
c31061b3-eb89-4430-b694-3734bb5e7c59,JazzCash,Banking,Imran Khan,Unknown,1,2025-10-23 04:02:27,i repay all loans on time but jazz cash decreases my loan limit.,i repay all loans on time but jazz cash decreases my loan limit.,0,13,64,0,0,0,1.0,0,0,0.0,1,0,1,0.0,0,1,0,1.0,0.0
6794175c-f418-4b53-abdd-a3c7648b3e91,JazzCash,Banking,Muhammad Zain,Unknown,1,2025-10-23 05:40:58,other,other,0,1,5,0,0,0,1.0,0,0,0.0,1,0,1,0.0,0,2,0,1.0,0.0
60a965ae-841b-41ae-aa10-b4eb9734f551,JazzCash,Banking,Saif Mirza,Unknown,2,2025-10-23 05:49:32,bahut slow kam karta hai,bahut slow kam karta hai,0,5,24,0,0,0,1.0,0,1,0.0,1,0,1,0.0,0,1,0,2.0,0.0
68a479a8-546e-44e2-b415-5529e0841daf,JazzCash,Banking,Tanveer Khan,Unknown,4,2025-10-23 05:53:06,awesome working,awesome working,0,2,15,0,0,0,1.0,0,0,0.6249,1,0,1,0.0,0,1,0,4.0,0.0
e3a97daf-052b-412f-9086-6d663ca35659,JazzCash,Banking,Asra Saleem,Unknown,3,2025-10-23 06:00:48,good application,good application,0,2,16,0,0,0,1.0,0,1,0.4404,1,0,1,0.0,0,2,0,3.0,0.0
2feafe77-1549-47b2-9c73-2c6b6580fa1e,JazzCash,Banking,Ameer Khan,Unknown,4,2025-10-23 06:24:18,quick working,quick working,0,2,13,0,0,0,1.0,0,0,0.0,1,0,1,0.0,0,1,0,4.0,0.0
4c2c0f7b-d279-46aa-8b2a-3b72e17f1d9b,JazzCash,Banking,Sayyeda Ghazal,Unknown,3,2025-10-23 06:27:31,jazzcash new October update is really slow. please fix this to enhance user experience.,jazzcash new october update is really slow. please fix this to enhance user experience.,0,14,87,0,0,0,1.0,0,0,0.3774,1,0,1,0.0,0,1,0,3.0,0.0
5c22527e-b697-47f5-b8af-c091070c491d,JazzCash,Banking,Basheer ahmed Abbasi,Unknown,1,2025-10-23 06:43:27,ubdate plz,ubdate plz,0,2,10,0,0,0,1.0,0,0,0.0772,1,0,1,0.0,0,1,0,1.0,0.0
9cf81923-c743-4236-97a9-aba2a705957b,JazzCash,Banking,Muhammad Sohail,Unknown,1,2025-10-23 07:59:15,I am facing issue by last two days this app is not working correct during send payment . when i try to send payment then this give error and also money deducted from balance but not received from other one.,i am facing issue by last two days this app is not working correct during send payment . when i try to send payment then this give error and also money deducted from balance but not received from other one.,3,40,206,0,0,0,0.85,0,1,-0.2144,1,0,1,0.0,0,1,0,1.0,0.0
c45a1ef3-af8c-4891-98c7-9b5853b5ff2c,JazzCash,Banking,Hamza Qasim,Unknown,1,2025-10-23 08:08:33,bkwas app tis is lol,bkwas app tis is lol,0,5,20,0,0,0,1.0,0,1,0.4215,1,0,1,0.0,0,1,0,1.0,0.0
4ffb15c4-52b2-479c-92af-64941b6316a3,JazzCash,Banking,Am ay,Unknown,1,2025-10-23 08:11:49,amounts received very late from ria,amounts received very late from ria,0,6,35,0,0,0,1.0,0,0,0.0,1,0,1,0.0,0,1,0,1.0,0.0
02518764-3b63-4149-9df1-ecd1401a2892,JazzCash,Banking,bilal ahmed,Unknown,1,2025-10-23 09:41:46,loan ni daitay,loan ni daitay,0,3,14,0,0,0,1.0,0,0,0.0,1,0,1,0.0,0,1,0,1.0,0.0
0e24bbc3-c69e-4546-b9f6-200f1d873e17,JazzCash,Banking,FATIMA ASIF,Unknown,1,2025-10-23 11:34:19,"I have an issue, I want to register on a new device but this app not responding and does not allow to add info on a new mobile to login my already existing jazzcash on a phone number.","i have an issue, i want to register on a new device but this app not responding and does not allow to add info on a new mobile to login my already existing jazzcash on a phone number.",0,38,183,0,0,0,0.7631578947368421,0,1,-0.1025,1,0,1,0.0,0,1,0,1.0,0.0
21b4375e-61a1-4dc0-a177-4082b9da3646,JazzCash,Banking,Imran khan,Unknown,3,2025-10-23 12:26:07,naya account banani par katting q karte ho,naya account banani par katting q karte ho,0,8,42,0,0,0,1.0,0,0,0.0,1,0,1,0.0,0,1,0,3.0,0.0
e3b030c9-93c0-4f31-bc7e-c0fb768e2d9c,JazzCash,Banking,Ali Shangor,Unknown,4,2025-10-23 13:35:46,thank you yar jazz cash 50 ropya send bhi ho jata ha,thank you yar jazz cash 50 ropya send bhi ho jata ha,0,12,52,0,0,0,1.0,0,0,0.5994,1,0,1,0.0,0,1,0,4.0,0.0
e82e0bf5-3e80-40b2-93b3-73ca696d98d7,JazzCash,Banking,Rubina chadhar,Unknown,1,2025-10-23 14:02:46,i recieved a gift fron gift hub jazzcash.but there is no gift hub option in my jazzcash app. how can i recieve this now.???,i recieved a gift fron gift hub jazzcash.but there is no gift hub option in my jazzcash app. how can i recieve this now.???,0,24,123,0,0,0,0.8333333333333334,0,1,0.6038,1,0,1,0.0,0,1,1,1.0,0.0
041bdd89-df40-4d4b-999e-1047affe0584,JazzCash,Banking,Rab Nawaz Sukhera,Unknown,1,2025-10-23 14:39:06,good luck,good luck,0,2,9,0,0,0,1.0,0,0,0.7096,1,0,1,0.0,0,3,1,1.0,0.0
c9bec905-60d2-478d-8aac-191f7d8b610b,JazzCash,Banking,Bilal Bin imam,Unknown,1,2025-10-23 16:06:00,mokla,mokla,0,1,5,0,0,0,1.0,0,0,0.0,1,0,1,0.0,0,1,0,1.0,0.0
8f1ed61f-501a-4525-87bf-1f3da8c159ea,JazzCash,Banking,M Ismail,Unknown,3,2025-10-23 16:51:31,this app nice,this app nice,0,3,13,0,0,0,1.0,0,1,0.4215,1,0,1,0.0,0,1,0,3.0,0.0
672bcf0e-1369-43bc-99df-e5ca2c42c799,JazzCash,Banking,Asfand ali,Unknown,1,2025-10-23 17:05:56,my account not registered,my account not registered,0,4,25,0,0,0,1.0,0,0,0.0,1,0,1,0.0,0,1,0,1.0,0.0
230bc988-bba8-4893-85ab-c601bbab40a5,JazzCash,Banking,Shahid Hussain,Unknown,1,2025-10-23 18:04:30,SHaiHd,shaihd,0,1,6,0,0,0,1.0,0,1,0.0,1,0,1,0.0,0,1,0,1.0,0.0
6ef664a7-62eb-4333-b95e-1bef45c6135a,JazzCash,Banking,Umar Afridi,Unknown,1,2025-10-23 18:42:41,I am Changing My number In Jazz Cash But Unfortunately Franchise center are also failed to resolve the issue the main jazz office can't do any thing,i am changing my number in jazz cash but unfortunately franchise center are also failed to resolve the issue the main jazz office can't do any thing,0,27,148,0,0,0,0.9259259259259259,0,0,-0.6124,1,0,1,0.0,0,1,0,1.0,0.0
8d535356-4fd4-4bb1-8f57-0b79b04cc3b9,JazzCash,Banking,Muzammil Ali,Unknown,1,2025-10-24 03:22:30,Tap on a clip to paste it in the text box.,tap on a clip to paste it in the text box.,0,11,42,0,0,0,1.0,0,0,0.0,1,0,1,0.0,0,1,0,1.0,0.0
82676afa-ca86-43e5-ad11-43cdafe263a1,JazzCash,Banking,Laiba Rauf,Unknown,2,2025-10-24 05:01:14,slow working app,slow working app,0,3,16,0,0,0,1.0,0,1,0.0,1,0,1,0.0,0,1,0,2.0,0.0
0cbadaad-2bf5-4092-9f0f-fa7013e3f6ad,JazzCash,Banking,sanaa fatima,Unknown,3,2025-10-24 05:19:24,assalamualaikum I have a problem in receiving gift ... my app is not showing the gift option how can I resolve it ??,assalamualaikum i have a problem in receiving gift ... my app is not showing the gift option how can i resolve it ??,0,23,116,0,0,0,0.9130434782608695,0,1,0.1911,1,0,1,0.0,0,1,0,3.0,0.0
4d56cb2c-d19e-4e1a-93a5-88b7525a0264,JazzCash,Banking,Asghar Officialwrites,Unknown,1,2025-10-24 05:32:12,third class,third class,0,2,11,0,0,0,1.0,0,0,0.0,1,0,1,0.0,0,1,0,1.0,0.0
0783ed87-5fba-4dfa-b7e5-3684d9eabe86,JazzCash,Banking,Shagufta Maryam,Unknown,4,2025-10-24 07:20:46,very nice app,very nice app,0,3,13,0,0,0,1.0,0,1,0.4754,1,0,1,0.0,0,2,0,4.0,0.0
6a55d58c-c7c8-4e18-9087-eabbe9de346d,JazzCash,Banking,Abdul Rehman,Unknown,1,2025-10-24 08:18:53,biometric verification not complete,biometric verification not complete,0,4,35,0,0,0,1.0,0,0,0.0,1,0,2,0.0,0,1,0,3.0,2.8284271247461903
d400f484-f129-4ab0-80d1-c0df97f8f4ee,JazzCash,Banking,Hussain Mehdi,Unknown,3,2025-10-24 09:22:45,i give it 3 stars because i tap to pay is not activating on my phone when my phone has nfc and tap to pay its saying smtn went wrong,i give it 3 stars because i tap to pay is not activating on my phone when my phone has nfc and tap to pay its saying smtn went wrong,0,30,132,0,0,0,0.8,0,0,-0.8225,1,0,1,0.0,0,1,0,3.0,0.0
64f54662-c6dd-4d01-b04d-d10b32fb8d5b,JazzCash,Banking,Ranjha Don 420,Unknown,1,2025-10-24 11:15:30,very much,very much,0,2,9,0,0,0,1.0,0,0,0.0,1,0,1,0.0,0,1,0,1.0,0.0
e0541fd0-2cb7-479c-8cb2-a97c6c484e8c,JazzCash,Banking,Fayaz ahmed,Unknown,2,2025-10-24 11:37:15,bahut achi App hai per mein Apna account dosre jazz number pe shfit Karna chaha Raha hou us me problem As rahi hai,bahut achi app hai per mein apna account dosre jazz number pe shfit karna chaha raha hou us me problem as rahi hai,0,23,114,0,0,0,0.9565217391304348,0,1,-0.34,1,0,1,0.0,0,1,0,2.0,0.0
d5295bc9-b8bc-41b3-bf35-c76fd04beecb,JazzCash,Banking,Asim IJAZ mughal,Unknown,1,2025-10-24 11:48:49,This app is good but this app have dirty read And write problem this got me bad experience,this app is good but this app have dirty read and write problem this got me bad experience,0,18,90,0,0,0,0.8333333333333334,0,1,-0.9042,1,0,1,0.0,0,1,0,1.0,0.0
0260b4f5-20c2-4a06-a269-21d940b37cb0,JazzCash,Banking,Malik Falak,Unknown,1,2025-10-24 12:13:07,payments are declined and show transfer money is not available at that moment.,payments are declined and show transfer money is not available at that moment.,0,13,78,0,0,0,1.0,0,0,0.0,1,0,1,0.0,0,1,0,1.0,0.0
2d387529-0040-42e1-ba70-3cbbb3bf704c,JazzCash,Banking,Haseeb Ullah,Unknown,2,2025-10-24 12:14:19,nice way to send e,nice way to send e,0,5,18,0,0,0,1.0,0,0,0.4215,1,0,1,0.0,0,1,0,2.0,0.0
70e4b54f-43ff-48dc-95d8-19d90d9482d0,JazzCash,Banking,Fazal Amin,Unknown,1,2025-10-24 12:42:11,good👍,good👍,0,1,5,1,0,0,1.0,0,0,0.4404,1,0,1,0.0,0,3,0,1.0,0.0
de08d0c3-8731-4484-abe0-4a52becc2eeb,JazzCash,Banking,Awais Khan,Unknown,1,2025-10-24 13:13:56,high security issues our account is not safe کوئی بھی کمپنی اکائونٹ سے پیسے نکال لیتی ہے,high security issues our account is not safe کوئی بھی کمپنی اکائونٹ سے پیسے نکال لیتی ہے,0,17,88,0,0,0,1.0,0,0,-0.0015,1,0,1,0.0,0,1,0,1.0,0.0
41478c2f-8c86-4677-be53-3a5f5a130c84,JazzCash,Banking,Aamir Khan,Unknown,1,2025-10-24 13:39:06,password forget option ni hai,password forget option ni hai,0,5,29,0,0,0,1.0,0,1,-0.2263,1,0,1,0.0,0,1,0,1.0,0.0
62dbc9b3-0ed5-44d1-a83a-bd5f1eba6ce4,JazzCash,Banking,ADEEL PANDAYAR,Unknown,4,2025-10-24 13:50:36,amazing app to fulfill money needs as loans etc. But please give some money awards to repay loan amount regularly,amazing app to fulfill money needs as loans etc. but please give some money awards to repay loan amount regularly,0,20,113,0,0,0,0.9,0,1,0.8834,1,0,1,0.0,0,1,0,4.0,0.0
589e51bd-7603-4da4-a477-85e1b9667c49,JazzCash,Banking,Shakeel Ahmed,Unknown,1,2025-10-24 14:11:12,subscribe the unnecessary services without Permission.,subscribe the unnecessary services without permission.,0,6,54,0,0,0,1.0,0,0,0.0,1,0,1,0.0,0,1,0,1.0,0.0
6b1677a1-7fc1-43d2-badc-8f77ac4cd924,JazzCash,Banking,Mister Akash,Unknown,1,2025-10-24 14:30:36,its such a third party app i do alot of transaction and it didn't receive in my easypaisa account from jazzcash,its such a third party app i do alot of transaction and it didn't receive in my easypaisa account from jazzcash,0,21,111,0,0,0,1.0,0,1,0.4019,1,0,1,0.0,0,1,0,1.0,0.0
1bf73ade-4fad-4a5b-8f79-55e1b2f2766f,JazzCash,Banking,Zain Khan Mastoi,Unknown,1,2025-10-24 14:41:08,"So much bad experience, it takes hours to create a jazzcash account, very disappointed with that problem.","so much bad experience, it takes hours to create a jazzcash account, very disappointed with that problem.",0,17,105,0,0,0,1.0,0,1,-0.8304,1,0,1,0.0,0,1,0,1.0,0.0
b150cfad-3226-4c6f-bbb3-b3d7e5834d2e,JazzCash,Banking,Sarmad Chandio,Unknown,1,2025-10-24 15:13:42,"My CNIC expiry date and issue date are showing Old & incorrectly. The issue date cannot be changed, I have already updated my CNIC details from nadra.","my cnic expiry date and issue date are showing old & incorrectly. the issue date cannot be changed, i have already updated my cnic details from nadra.",1,27,150,0,0,2,0.8148148148148148,0,0,0.0,1,0,1,0.0,0,1,0,1.0,0.0
91675bd6-9f65-4bd7-abc8-bf4f2dfd12d6,JazzCash,Banking,Muhammad Ishaque,Unknown,3,2025-10-24 15:15:09,"We are Jazz users and We use JazzCash services, but we can't add the JazzCash virtual debit card in Google Wallet. It would be great, if Jazz community would provide this facility to its users.","we are jazz users and we use jazzcash services, but we can't add the jazzcash virtual debit card in google wallet. it would be great, if jazz community would provide this facility to its users.",0,35,193,0,0,0,0.8571428571428571,0,0,0.7684,1,0,1,0.0,0,1,0,3.0,0.0
c2ce046f-bb63-4acd-ae41-0511e79d0910,JazzCash,Banking,fatima zakir,Unknown,1,2025-10-24 15:19:22,"I accidentally subscribed to reward hub, And there's no option to unsubscribe now!","i accidentally subscribed to reward hub, and there's no option to unsubscribe now!",0,13,82,0,0,0,0.9230769230769231,0,0,0.1007,1,0,1,0.0,0,1,0,1.0,0.0
6a818592-e2fc-4c39-946e-ecb363897100,JazzCash,Banking,Khani Wazir,Unknown,3,2025-10-24 17:04:02,please register my account,please register my account,0,4,26,0,0,0,1.0,0,0,0.3182,1,0,1,0.0,0,1,0,3.0,0.0
758d475a-a62b-490e-9705-9a6d3f7b3f7f,JazzCash,Banking,Hussain taraq,Unknown,1,2025-10-24 17:08:16,very empress work,very empress work,0,3,17,0,0,0,1.0,0,0,0.0,1,0,1,0.0,0,1,0,1.0,0.0
7da91a54-8694-4e4e-987e-71520e5546cf,JazzCash,Banking,GOLD Mountain,Unknown,1,2025-10-24 17:52:28,jazz cash se loan le or sood pay kren.,jazz cash se loan le or sood pay kren.,0,9,38,0,0,0,1.0,0,0,-0.1027,1,0,1,0.0,0,1,0,1.0,0.0
b4d8ca32-5149-4f06-9349-32f349b5a35b,JazzCash,Banking,STAR BABA S,Unknown,3,2025-10-24 17:55:20,جیش کیش بہت اچھا ہے کبھی کبھی مسئلہ کرتا ہے اوپن,جیش کیش بہت اچھا ہے کبھی کبھی مسئلہ کرتا ہے اوپن,0,11,48,0,0,0,0.8181818181818182,0,0,0.0,1,0,1,0.0,0,1,0,3.0,0.0
b3e898af-3cd7-4586-9426-855c0c48e7bb,JazzCash,Banking,Muhammad Saad,Unknown,2,2025-10-24 18:20:09,is ko Thora or bhatar karny ki zarurat hai q k ya application bohut slow hai,is ko thora or bhatar karny ki zarurat hai q k ya application bohut slow hai,0,16,76,0,0,0,0.9375,0,1,0.0,1,0,1,0.0,0,1,0,2.0,0.0
81b1d5b4-aa44-4fb6-8687-24e3620092e7,JazzCash,Banking,Ali Awan,Unknown,1,2025-10-24 18:38:31,I have ordered payment but it has been 10 hours and the transaction has not been successful yet.,i have ordered payment but it has been 10 hours and the transaction has not been successful yet.,0,18,96,0,0,0,0.8888888888888888,0,0,-0.6259,1,0,1,0.0,0,1,0,1.0,0.0
b7511e8f-fbb9-45b4-af33-101aaaa653c2,JazzCash,Banking,Entertainment Channel,Unknown,4,2025-10-24 18:49:17,very good service,very good service,0,3,17,0,0,0,1.0,0,0,0.4927,1,0,1,0.0,0,2,0,4.0,0.0
7109ceaa-d645-486f-bcbc-919a6aa3ef2c,JazzCash,Banking,Danish Feroze,Unknown,4,2025-10-24 18:54:48,it's a good service,it's a good service,0,4,19,0,0,0,1.0,0,0,0.4404,1,0,1,0.0,0,1,0,4.0,0.0
2039fdfd-f647-4d5a-8a3e-d21b6f1c413f,JazzCash,Banking,Ajraktopy Ajraktopy,Unknown,4,2025-10-24 20:09:07,Best is best,best is best,0,3,12,0,0,0,0.6666666666666666,0,0,0.8555,1,0,1,0.0,0,1,0,4.0,0.0
f0642ca9-b846-42c6-8f82-ae61e5a01012,JazzCash,Banking,Muhammad Sajid,Unknown,2,2025-10-25 02:49:43,jaaz service is very bad,jaaz service is very bad,0,5,24,0,0,0,1.0,0,0,-0.5849,1,0,1,0.0,0,1,0,2.0,0.0
7b57aeb5-7676-4d8b-a50d-8faee6c0f510,JazzCash,Banking,Chand Ameer,Unknown,2,2025-10-25 03:26:50,Good money sending and using app,good money sending and using app,0,6,32,0,0,0,1.0,0,1,0.4404,1,0,1,0.0,0,1,0,2.0,0.0
070cb3cf-daa8-4733-b2cf-ba3202aedaf4,JazzCash,Banking,Ibrahim Khan,Unknown,4,2025-10-25 03:54:44,very nyc app,very nyc app,0,3,12,0,0,0,1.0,0,1,0.0,1,0,1,0.0,0,1,0,4.0,0.0
bc5f6975-b38f-4d18-8b69-df638b8ae4df,JazzCash,Banking,Rehman Irfan,Unknown,4,2025-10-25 04:45:52,bohat alla app hai Pakistani,bohat alla app hai pakistani,0,5,28,0,0,0,1.0,0,1,0.0,1,0,1,0.0,0,1,0,4.0,0.0
b6a9a347-ce19-44f5-9cc0-fcfee9f855e1,JazzCash,Banking,Ahmad Mobile,Unknown,4,2025-10-25 05:48:51,v.nice,v.nice,0,1,6,0,0,0,1.0,0,0,0.0,1,0,1,0.0,0,2,0,4.0,0.0
261236df-540d-48af-bf79-5d28bb75cd5b,JazzCash,Banking,Saif Malik,Unknown,4,2025-10-25 06:39:51,impressive,impressive,0,1,10,0,0,0,1.0,0,0,0.5106,1,0,1,0.0,0,2,0,4.0,0.0
29771a4c-3fb5-4b92-9f63-fb612f8da51c,JazzCash,Banking,Rashid G,Unknown,2,2025-10-25 08:35:45,great,great,0,1,5,0,0,0,1.0,0,0,0.6249,1,0,2,0.0,0,6,1,3.0,1.4142135623730951
7bc4f40b-6847-4a87-bb3f-e95dd067595d,JazzCash,Banking,Akash Khan,Unknown,1,2025-10-25 09:27:39,jazz cash is a biggest scammer,jazz cash is a biggest scammer,0,6,30,0,0,0,1.0,0,0,0.0,1,0,1,0.0,0,1,0,1.0,0.0
6c1666d9-7fa5-47df-8853-5ef6c9e93979,JazzCash,Banking,Anwar Abbasi,Unknown,1,2025-10-25 11:49:04,"this app is so bad, when I change my mobile and download again the jazzcash it's failing again and again biometric, and this issue , I am facing til the 1 month and still didn't solve","this app is so bad, when i change my mobile and download again the jazzcash it's failing again and again biometric, and this issue , i am facing til the 1 month and still didn't solve",0,36,183,0,0,0,0.7777777777777778,1,1,-0.8549,1,0,1,0.0,0,1,0,1.0,0.0
48ab2ca1-aa9d-4219-b97e-97c8b3877aa0,JazzCash,Banking,Sheryar Khan,Unknown,1,2025-10-25 11:54:46,customer service not good deal not solve issue,customer service not good deal not solve issue,0,8,46,0,0,0,0.875,1,0,-0.4585,1,0,1,0.0,0,1,0,1.0,0.0
ae8422a7-e9b3-4bff-9c2a-340d2c6ee06c,JazzCash,Banking,Sheraz Ahmed Qureshi,Unknown,4,2025-10-25 12:59:44,very good app,very good app,0,3,13,0,0,0,1.0,0,1,0.4927,1,0,1,0.0,0,3,0,4.0,0.0
85e220dc-169a-46d5-98a2-4bddb8985d1e,JazzCash,Banking,rabiii Ch,Unknown,1,2025-10-25 13:30:43,"I want to create an account on the JaazCash app. I downloaded the app and entered my number. They send a message to my number that says “Do not share this code,” but there is no code in the message.","i want to create an account on the jaazcash app. i downloaded the app and entered my number. they send a message to my number that says “do not share this code,” but there is no code in the message.",0,40,198,0,0,0,0.875,1,1,-0.3058,1,0,1,0.0,0,1,0,1.0,0.0
b70bd75a-4993-47ee-83be-a17e4449c1ff,JazzCash,Banking,Asad Siddiqui,Unknown,1,2025-10-25 13:56:10,IRRITATING SOUND ON EVERY TRANSACTION DIDN'T TURN OFF EVEN ON SILENT MODE.,irritating sound on every transaction didn't turn off even on silent mode.,0,12,74,0,0,12,0.9166666666666666,0,0,-0.4588,1,0,1,0.0,0,1,0,1.0,0.0
64b42d60-9f2f-4d1f-91fc-b2a0d13465ab,JazzCash,Banking,MB,Unknown,3,2025-10-25 14:42:36,Good app and easy to use,good app and easy to use,0,6,24,0,0,0,1.0,0,1,0.7003,1,0,1,0.0,0,1,0,3.0,0.0
b854247f-6e42-4a9b-9836-314123ef6d2c,JazzCash,Banking,ZAS store,Unknown,1,2025-10-25 14:56:46,worst ap,worst ap,0,2,8,0,0,0,1.0,0,0,-0.6249,1,0,1,0.0,0,1,0,1.0,0.0
177045ba-3640-439a-8337-651cb166ddbf,JazzCash,Banking,hamna zia,Unknown,3,2025-10-25 14:57:45,great app! needs improvement in working fast otherwise great work!,great app! needs improvement in working fast otherwise great work!,0,10,66,0,0,0,0.9,0,1,0.915,1,0,1,0.0,0,1,0,3.0,0.0
bff27485-2a54-4b53-9f1d-d964b1de15c6,JazzCash,Banking,Hashim Munir,Unknown,1,2025-10-25 16:50:17,stupidity to deduct fee against utility bills deposit,stupidity to deduct fee against utility bills deposit,0,8,53,0,0,0,1.0,0,0,-0.4404,1,0,1,0.0,0,1,0,1.0,0.0
def8cd8a-aefb-495e-858e-463c3af8e192,JazzCash,Banking,Irshad Ali,Unknown,2,2025-10-25 17:46:43,Maine jazz cash pe loan repay kar diya Hain magar dubara loan mujhe chahiye magar loan Kam derahy Hain jab ke main repay main jaldi ada karta ho phir bhi mujhe loan Kam de rahy Hain Q,maine jazz cash pe loan repay kar diya hain magar dubara loan mujhe chahiye magar loan kam derahy hain jab ke main repay main jaldi ada karta ho phir bhi mujhe loan kam de rahy hain q,0,37,183,0,0,0,0.7297297297297297,0,1,0.0,1,0,1,0.0,0,1,0,2.0,0.0
04b5ac94-12cd-46b7-9492-adb7fb7da34a,JazzCash,Banking,Atif Pirzada,Unknown,3,2025-10-25 18:50:20,I'm having soo much trouble to log in to my device it is not gin me the allow botton to be able to get my account login to my device please help me with it,i'm having soo much trouble to log in to my device it is not gin me the allow botton to be able to get my account login to my device please help me with it,0,35,155,0,0,0,0.7428571428571429,0,0,0.4939,1,0,1,0.0,0,1,0,3.0,0.0
0c9932fc-3231-4adb-9547-dbcd6ec4e485,JazzCash,Banking,Ali Hassan,Unknown,3,2025-10-25 19:39:09,discribe,discribe,0,1,8,0,0,0,1.0,0,0,0.0,1,0,2,0.0,0,1,0,4.0,1.4142135623730951
3e662fb4-9567-4a21-b26d-50cad2271060,JazzCash,Banking,Hamza Javed,Unknown,1,2025-10-25 22:05:19,"A very bad experience the Deposit via Debit Card always says : service unavailable, the help centre and email support and even call agents are repeating the script very bad experience with jazz cash.","a very bad experience the deposit via debit card always says : service unavailable, the help centre and email support and even call agents are repeating the script very bad experience with jazz cash.",0,34,199,0,0,0,0.8235294117647058,0,0,-0.4915,1,0,1,0.0,0,1,0,1.0,0.0
b9ea5a1f-4914-4c3c-819d-2809cf512155,JazzCash,Banking,Aiman Abid,Unknown,1,2025-10-25 22:19:43,"My sister sent me money from Dubai, but I haven't received it in my account yet. It's been sent from her end, but I haven't gotten it. kindly tell me what should I do know","my sister sent me money from dubai, but i haven't received it in my account yet. it's been sent from her end, but i haven't gotten it. kindly tell me what should i do know",0,35,171,0,0,0,0.7714285714285715,0,0,-0.5334,1,0,1,0.0,0,1,0,1.0,0.0
950d0a4f-ed87-46ea-8bd6-5688009228e3,JazzCash,Banking,safarash jut,Unknown,1,2025-10-26 02:41:50,not paid bill over 50000 it's not good,not paid bill over 50000 it's not good,1,8,38,0,0,0,0.875,0,0,-0.3412,1,0,1,0.0,0,1,0,1.0,0.0
cf8d664e-4edc-4ff5-bcdc-7e56f1ad75a9,JazzCash,Banking,Muhammad Nasir,Unknown,4,2025-10-26 04:34:33,buhat achi app hai jazzcash,buhat achi app hai jazzcash,0,5,27,0,0,0,1.0,0,1,0.0,1,0,2,0.0,0,1,0,4.5,0.7071067811865476
7c7afa89-9956-4c47-a58c-6f406c3c4d41,JazzCash,Banking,Shakeela Aziz,Unknown,1,2025-10-26 06:11:40,but my jazzcash suspend your team no help,but my jazzcash suspend your team no help,0,8,41,0,0,0,1.0,0,0,-0.7038,1,0,1,0.0,0,1,0,1.0,0.0
68145b99-5f17-484c-96ed-9a49395be1bd,JazzCash,Banking,Sajid Mehmood,Unknown,1,2025-10-26 06:12:03,To bad experience all other wallet accounts extends credit limit Time to time but jazz Cash is reducing credit limit of it's customers having good credit history,to bad experience all other wallet accounts extends credit limit time to time but jazz cash is reducing credit limit of it's customers having good credit history,1,27,161,0,0,0,0.8148148148148148,0,0,0.8873,1,0,1,0.0,0,1,1,1.0,0.0
e6d90d8f-5573-443e-acca-d0ffa720c586,JazzCash,Banking,Muhammad Abubakar,Unknown,1,2025-10-26 07:15:41,انتہائی فضول اور گھٹیا ایپ ہے ہر قسم کی ٹرانزیکشن پر بہت زیادہ کٹوتی کرتے ہیں ۔,انتہائی فضول اور گھٹیا ایپ ہے ہر قسم کی ٹرانزیکشن پر بہت زیادہ کٹوتی کرتے ہیں ۔,0,17,79,0,0,0,1.0,0,0,0.0,1,0,2,0.0,0,1,0,3.0,2.8284271247461903
35566bcb-fe76-463e-915f-bb1ca4100a98,JazzCash,Banking,Kamran Ahmed,Unknown,1,2025-10-26 07:33:11,kamrankk,kamrankk,0,1,8,0,0,0,1.0,0,0,0.0,1,0,1,0.0,0,1,0,1.0,0.0
4dc3fc4f-f9d7-44e8-98a0-a50528734c56,JazzCash,Banking,Mian M.Azeem,Unknown,4,2025-10-26 07:57:06,nice too,nice too,0,2,8,0,0,0,1.0,0,0,0.4215,1,0,1,0.0,0,1,0,4.0,0.0
763ed647-a3c0-4315-9292-9eedb2463323,JazzCash,Banking,Abdul Basit,Unknown,1,2025-10-26 09:44:55,not work,not work,0,2,8,0,0,0,1.0,0,0,0.0,1,0,1,0.0,0,1,0,1.0,0.0
98ca95f7-26c5-4c1e-b994-fa2742cd1323,JazzCash,Banking,Itx Hammad Mirza,Unknown,1,2025-10-26 10:22:10,best app,best app,0,2,8,0,0,0,1.0,0,1,0.6369,1,0,1,0.0,0,4,1,1.0,0.0
3fd8a33f-b80c-4a0c-ab1b-20d3effb037e,JazzCash,Banking,Sohaib Awan,Unknown,1,2025-10-26 12:07:24,bad aap,bad aap,0,2,7,0,0,0,1.0,0,0,-0.5423,1,0,1,0.0,0,1,0,1.0,0.0
b64800c9-66e9-4a3d-aa4c-9097289d3325,JazzCash,Banking,Hassan Sajid,Unknown,1,2025-10-26 12:26:20,it's very bad application please don't try this 😡😡😡,it's very bad application please don't try this 😡😡😡,0,9,51,3,0,0,1.0,0,1,-0.3025,1,0,1,0.0,0,1,0,1.0,0.0
e565136e-7e7a-4b54-9d41-faf79b2321c0,JazzCash,Banking,Abdul Rafay,Unknown,3,2025-10-26 12:58:07,it's not good It can not be login,it's not good it can not be login,0,8,33,0,0,0,0.875,0,0,-0.3412,1,0,1,0.0,0,1,0,3.0,0.0
cee6d87d-b428-4454-8c00-92ad606cd9f7,JazzCash,Banking,Atif ullah,Unknown,4,2025-10-26 13:53:06,nice app,nice app,0,2,8,0,0,0,1.0,0,1,0.4215,1,0,1,0.0,0,4,0,4.0,0.0
53679d80-f7cc-41ce-8308-3626aa0e72cd,JazzCash,Banking,Imran Haider,Unknown,1,2025-10-26 15:16:59,otp not fetching and also many problems like loan payment issues.......etc,otp not fetching and also many problems like loan payment issues.......etc,0,11,74,0,0,0,1.0,0,0,-0.0516,1,0,1,0.0,0,1,0,1.0,0.0
f1dd7117-8da2-44d7-b6df-9bca377a0830,JazzCash,Banking,Khan Just,Unknown,1,2025-10-26 16:09:26,pin not forgot ...,pin not forgot ...,0,4,18,0,0,0,1.0,0,0,0.0,1,0,1,0.0,0,1,0,1.0,0.0
2e342e64-54b6-40cb-b11c-258dbaf9a23e,JazzCash,Banking,Mouhammad Touseef,Unknown,1,2025-10-26 17:11:41,4 months sy Master card Apply error aa raha unlimited complaint ki but still jazzcash team is waiting kaam hu raha,4 months sy master card apply error aa raha unlimited complaint ki but still jazzcash team is waiting kaam hu raha,0,21,114,0,0,0,0.9523809523809523,0,1,-0.3506,1,0,1,0.0,0,1,0,1.0,0.0
67bc1be0-f24f-40e2-8453-886ae577f694,JazzCash,Banking,M shoaib Ludhiana38,Unknown,1,2025-10-26 18:03:53,good 👍,good 👍,0,2,6,1,0,0,1.0,0,0,0.4404,1,0,1,0.0,0,8,0,1.0,0.0
be7002e3-c4a8-4c09-bfc4-74b7e57768b7,JazzCash,Banking,Balo Bahi,Unknown,2,2025-10-26 18:54:19,HUAWEI is,huawei is,0,2,9,0,0,1,1.0,0,0,0.0,1,0,1,0.0,0,1,0,2.0,0.0
b551f678-a0de-4d4f-ab3f-73a818397eff,JazzCash,Banking,usman ashraf,Unknown,1,2025-10-27 00:43:06,Your weekly and monthly Free Fire bundle are just scam .You are scamer.,your weekly and monthly free fire bundle are just scam .you are scamer.,0,13,71,0,0,0,0.9230769230769231,1,0,-0.4215,1,0,1,0.0,0,1,0,1.0,0.0
f1526e7b-05a9-4abb-9350-146f1eada560,JazzCash,Banking,Abdullah Butt,Unknown,1,2025-10-27 01:07:27,worst app,worst app,0,2,9,0,0,0,1.0,0,1,-0.6249,1,0,1,0.0,0,1,0,1.0,0.0
c537edaf-8f40-442a-a936-458fa6cff121,JazzCash,Banking,Muhammad Farhan,Unknown,1,2025-10-27 01:36:10,great,great,0,1,5,0,0,0,1.0,0,0,0.6249,1,0,2,728011.0,0,6,1,2.5,2.1213203435596424
e57d5001-687b-4d85-b9a9-aa3b66da429b,JazzCash,Banking,Sana Sana hanif,Unknown,1,2025-10-27 02:15:34,please help please please unsubscribe PI Pakistan pvt,please help please please unsubscribe pi pakistan pvt,0,8,53,0,0,1,0.75,0,0,0.8225,1,0,1,0.0,0,1,1,1.0,0.0
e5f4c313-b12d-4348-b7bd-7007342d7332,JazzCash,Banking,Nazli Talat,Unknown,1,2025-10-27 03:34:53,dirty app cannot refund the loan 😭,dirty app cannot refund the loan 😭,0,7,34,1,0,0,1.0,0,1,-0.7184,1,0,1,0.0,0,1,0,1.0,0.0
eb5e4f08-da97-43d2-94dd-8f59401197b7,JazzCash,Banking,Mubarshir Khan,Unknown,1,2025-10-27 03:45:19,it's good app,it's good app,0,3,13,0,0,0,1.0,0,1,0.4404,1,0,1,0.0,0,1,0,1.0,0.0
c1b8f0b0-fc87-4ec1-887b-9f002bcc48d2,JazzCash,Banking,Ramesh Mal,Unknown,3,2025-10-27 05:05:34,rameku,rameku,0,1,6,0,0,0,1.0,0,0,0.0,1,0,1,0.0,0,1,0,3.0,0.0
f7fbdc39-a11d-4acd-a72c-e16ceece89cf,JazzCash,Banking,Mr meer,Unknown,1,2025-10-27 05:31:24,"I am creating an account Account not being created, my cnic real date of expiration is 2031 but it is still expiring in 2025.","i am creating an account account not being created, my cnic real date of expiration is 2031 but it is still expiring in 2025.",0,24,125,0,0,0,0.9166666666666666,0,0,0.0593,1,0,1,0.0,0,1,0,1.0,0.0
ba5d735d-ce89-4e5a-8fa4-f638b66ddec1,JazzCash,Banking,drrabia Khan,Unknown,2,2025-10-27 05:40:32,thanks for jazz cash,thanks for jazz cash,0,4,20,0,0,0,1.0,0,0,0.4404,1,0,1,0.0,0,1,0,2.0,0.0
bbeec78d-b0cd-464b-b4cd-8f35b8358103,JazzCash,Banking,Noor-Ul-Ain Khurram,Unknown,4,2025-10-27 06:24:14,overall my experience with jazzcash is great . but from the last few weeks I'm not getting SMS alerts... how do i turn it on?,overall my experience with jazzcash is great . but from the last few weeks i'm not getting sms alerts... how do i turn it on?,6,25,125,0,0,1,1.0,0,0,0.3716,1,0,1,0.0,0,1,0,4.0,0.0
3900704d-c291-4953-97a3-27e45cc819f7,JazzCash,Banking,Sadeeq Khan,Unknown,1,2025-10-27 07:55:41,account Banate waqat hamesha temporary issue ajata hai kya ap batayenge issue kaise solve kare???,account banate waqat hamesha temporary issue ajata hai kya ap batayenge issue kaise solve kare???,0,15,97,0,0,0,0.9333333333333333,0,1,0.327,1,0,1,0.0,0,1,0,1.0,0.0
9d518689-5561-4870-a9d0-684ad67ee4a7,JazzCash,Banking,Rehan Siyal,Unknown,1,2025-10-27 08:15:44,Jazz cash keep Stoopid problem,jazz cash keep stoopid problem,0,5,30,0,0,0,1.0,0,0,-0.4019,1,0,1,0.0,0,1,0,1.0,0.0
235b90be-2783-457d-8bed-6407e9913236,JazzCash,Banking,Irfan Haider,Unknown,1,2025-10-27 09:30:30,asifjaved,asifjaved,0,1,9,0,0,0,1.0,0,0,0.0,1,0,1,0.0,0,1,0,1.0,0.0
b082fcc9-c790-45c5-8147-1f8487742db7,JazzCash,Banking,M hasnain Gujjar,Unknown,2,2025-10-27 10:57:25,working slow please fast service rate 5 star ⭐ but fast service,working slow please fast service rate 5 star ⭐ but fast service,0,12,63,0,0,0,0.8333333333333334,0,0,0.1655,1,0,1,0.0,0,1,0,2.0,0.0
fcf6190e-6ee6-46f5-aa93-0ae0bad3e3b7,JazzCash,Banking,Karim Afridi,Unknown,2,2025-10-27 11:29:44,i cant to aimalwali khan is Imran Khan at donald Trump,i cant to aimalwali khan is imran khan at donald trump,0,11,54,0,0,0,0.9090909090909091,0,0,0.0,1,0,1,0.0,0,1,0,2.0,0.0
2eaed413-06da-42d9-9c75-6ecbd0c3b109,JazzCash,Banking,Zohaib Awan,Unknown,2,2025-10-27 11:32:43,fast payment method,fast payment method,0,3,19,0,0,0,1.0,0,0,0.0,1,0,1,0.0,0,1,0,2.0,0.0
56cc7d89-3b2b-4f21-9d07-0662a8af86c2,JazzCash,Banking,FARHAN Jatoi,Unknown,3,2025-10-27 11:39:47,excellent Service,excellent service,0,2,17,0,0,0,1.0,0,0,0.5719,1,0,1,0.0,0,3,0,3.0,0.0
7f9367a9-0bf1-4cd4-86f0-ef3d3ae88b3c,JazzCash,Banking,thexboy4,Unknown,1,2025-10-27 12:30:39,unable to use nfc pay after android 15 update,unable to use nfc pay after android 15 update,0,9,45,0,0,0,1.0,0,0,-0.6249,1,0,1,0.0,0,1,0,1.0,0.0
3c9d18f4-ef7b-41c5-a423-bee0e7c775e7,JazzCash,Banking,Safyan Ch,Unknown,2,2025-10-27 12:56:30,plzzzzzz help me mara account nhi ban raha biomatic problem😭 or help line pa call ki ha wo bhi nhi otha raha😫,plzzzzzz help me mara account nhi ban raha biomatic problem😭 or help line pa call ki ha wo bhi nhi otha raha😫,0,22,109,2,0,0,0.9090909090909091,0,0,-0.6705,1,0,1,0.0,0,1,0,2.0,0.0
d7bc0ea1-23d2-4ed0-9ed7-bbff5ad4eaad,JazzCash,Banking,ayanali Kori,Unknown,1,2025-10-27 13:14:00,bohat he khrab service he 3 Saal se card abhi tak nahe diya .or uper se fee cut kar rahi,bohat he khrab service he 3 saal se card abhi tak nahe diya .or uper se fee cut kar rahi,0,20,88,0,0,0,0.9,0,1,-0.2732,1,0,1,0.0,0,1,0,1.0,0.0
a27acb23-625c-4945-b415-c845c873be74,JazzCash,Banking,Imran Hafeez,Unknown,3,2025-10-27 14:05:58,that's what you,that's what you,0,3,15,0,0,0,1.0,0,0,0.0,1,0,1,0.0,0,1,0,3.0,0.0
d607be5b-b53d-44dc-adde-2ece9d3adba2,JazzCash,Banking,Swat Crown,Unknown,1,2025-10-27 14:28:36,Didn't receive payment,didn't receive payment,0,3,22,0,0,0,1.0,0,0,0.0,1,0,1,0.0,0,1,0,1.0,0.0
6dbda22f-6d61-497b-8de4-a2b7e65fae11,JazzCash,Banking,Mudassir Adnan,Unknown,4,2025-10-27 15:18:06,beautiful,beautiful,0,1,9,0,0,0,1.0,0,0,0.5994,1,0,1,0.0,0,1,0,4.0,0.0
3558705d-0f3a-4688-9743-3fce132ab093,JazzCash,Banking,Syed Umair,Unknown,1,2025-10-27 16:43:34,I would say one work for this Platform Trash,i would say one work for this platform trash,0,9,44,0,0,0,1.0,0,0,0.0,1,0,1,0.0,0,1,0,1.0,0.0
46c065cb-72f6-4f2b-9fe0-139f483625fe,JazzCash,Banking,nouman noor,Unknown,1,2025-10-27 17:03:56,Lutu company mene jazzcash se ptcl bill pay kiya Jo pay b nhi hoa or amount b kha gye 😠,lutu company mene jazzcash se ptcl bill pay kiya jo pay b nhi hoa or amount b kha gye 😠,0,20,87,1,0,0,0.9,0,0,-0.6249,1,0,1,0.0,0,1,0,1.0,0.0
9ea4eb63-5a0d-4164-af70-2604f654b3c6,JazzCash,Banking,Muhammad irfan,Unknown,2,2025-10-27 17:12:27,"I received otp but my device not fetch auto otp,nor I can paste or write manually.","i received otp but my device not fetch auto otp,nor i can paste or write manually.",0,16,82,0,0,0,0.9375,0,0,0.0,1,0,1,0.0,0,1,0,2.0,0.0
e22ee3e5-c8fb-4ad8-bfae-59a281652bae,JazzCash,Banking,Jahanzaib Shafique,Unknown,1,2025-10-27 18:02:00,package lgaty hai to jazz cash balance kr dyta hai. sahi kaam nhi krte hai.,package lgaty hai to jazz cash balance kr dyta hai. sahi kaam nhi krte hai.,0,15,75,0,0,0,0.9333333333333333,0,1,0.0,1,0,1,0.0,0,1,0,1.0,0.0
15a4e4fc-a78b-4b6d-a9dc-6cc59b13dd93,JazzCash,Banking,Salman Jutt,Unknown,4,2025-10-27 20:29:15,this is a good app easy transition,this is a good app easy transition,0,7,34,0,0,0,1.0,0,1,0.7003,1,0,1,0.0,0,1,0,4.0,0.0
52490f23-8092-4146-bd63-8a5ec50b49b4,JazzCash,Banking,Ahasn Shk,Unknown,1,2025-10-27 20:38:04,bad experience,bad experience,0,2,14,0,0,0,1.0,0,0,-0.5423,1,0,1,0.0,0,1,0,1.0,0.0
0c4479e6-8ef6-4134-b5dc-fb640c54586a,JazzCash,Banking,Asif Hussain,Unknown,1,2025-10-28 01:22:55,TikTok media Advocate asked to 31 Oct 2025 jazz cash banded. please clean the account .,tiktok media advocate asked to 31 oct 2025 jazz cash banded. please clean the account .,0,16,87,0,0,0,1.0,0,0,0.6124,1,0,1,0.0,0,1,1,1.0,0.0
8a5bd2d6-5e92-4706-ae59-54e8a45c1cf4,JazzCash,Banking,Awara Panchi,Unknown,1,2025-10-28 01:47:37,it's waste,it's waste,0,2,10,0,0,0,1.0,0,0,-0.4215,1,0,1,0.0,0,1,0,1.0,0.0
f3b26dfd-8de3-40db-8735-f266379dd5ef,JazzCash,Banking,Aamir Latif,Unknown,3,2025-10-28 02:54:41,pkg lgana ho jazcash se to kafi dafa blnc kt jata hy r pkg ni lgta phr help line py cal kr k return krwana prta hy automatic return system hona chahye ya phr optn return system hona chahye,pkg lgana ho jazcash se to kafi dafa blnc kt jata hy r pkg ni lgta phr help line py cal kr k return krwana prta hy automatic return system hona chahye ya phr optn return system hona chahye,0,39,188,0,0,0,0.7948717948717948,0,0,0.4019,1,0,1,0.0,0,1,0,3.0,0.0
60fe5243-5efb-4c64-921a-0b4e454210ba,JazzCash,Banking,Muhammad Awais,Unknown,4,2025-10-28 05:02:31,little bit great 👍,little bit great 👍,0,4,18,1,0,0,1.0,0,0,0.5888,1,0,2,0.0,0,1,0,3.5,0.7071067811865476
1ac7e5a3-ca94-4b17-aa21-a1741c92de1b,JazzCash,Banking,Zubair Ahmed,Unknown,1,2025-10-28 05:56:57,lengthy,lengthy,0,1,7,0,0,0,1.0,0,0,0.0,1,0,2,610859.0,0,1,0,1.0,0.0
49db7991-04e5-4439-8cb8-c4bc30497e91,JazzCash,Banking,Hammad Faheem,Unknown,1,2025-10-28 06:40:19,very good 👍,very good 👍,0,3,11,1,0,0,1.0,0,0,0.4927,1,0,1,0.0,0,3,0,1.0,0.0
664bf69e-ac78-4fa4-9c0e-ccf2227ea74c,JazzCash,Banking,Ali Jee110,Unknown,1,2025-10-28 08:11:18,verify option is bad,verify option is bad,0,4,20,0,0,0,1.0,0,0,-0.5423,1,0,1,0.0,0,1,0,1.0,0.0
358b8c4a-06a3-493f-86ff-be498df8d8df,JazzCash,Banking,Jawad Aslam,Unknown,1,2025-10-28 08:47:36,scamar thief,scamar thief,0,2,12,0,0,0,1.0,0,0,-0.5267,1,0,1,0.0,0,1,0,1.0,0.0
95b4dfba-88f6-407a-b878-5c161c4caa92,JazzCash,Banking,Junaid Malik,Unknown,2,2025-10-28 09:28:23,good app,good app,0,2,8,0,0,0,1.0,0,1,0.4404,1,0,1,0.0,0,10,0,2.0,0.0
d5c0b4cc-b23d-4c84-b0f4-d725e0e52fe3,JazzCash,Banking,Liaqat Malik,Unknown,1,2025-10-28 10:46:09,All ok,all ok,0,2,6,0,0,0,1.0,0,0,0.296,1,0,1,0.0,0,1,0,1.0,0.0
2718e7f0-50b8-4eac-8f8e-6e738cbd8a10,JazzCash,Banking,faiyaz hammad,Unknown,3,2025-10-28 11:52:33,Better service,better service,0,2,14,0,0,0,1.0,0,0,0.4404,1,0,1,0.0,0,1,0,3.0,0.0
38dc4486-4fb3-4042-909c-2d4044064a45,JazzCash,Banking,Rana Zamad,Unknown,4,2025-10-28 12:07:43,basic functional are disrupting,basic functional are disrupting,0,4,31,0,0,0,1.0,0,0,0.0,1,0,1,0.0,0,1,0,4.0,0.0
f61c39ba-9506-4203-a860-a638cb7e2a7f,JazzCash,Banking,rao abdullah,Unknown,1,2025-10-28 12:37:04,bkwas app hai extra deduction krte hain any transactions pr not recommended jb keh baqi koi bank app b 50 rupees ki transfer pr deduction nhi krti,bkwas app hai extra deduction krte hain any transactions pr not recommended jb keh baqi koi bank app b 50 rupees ki transfer pr deduction nhi krti,0,27,146,0,0,0,0.8888888888888888,0,1,-0.1511,1,0,1,0.0,0,1,0,1.0,0.0
0d1a1169-9a30-4c88-92bf-bfcfdccf823b,JazzCash,Banking,Shafqat Abbas,Unknown,1,2025-10-28 12:56:29,not working any time,not working any time,0,4,20,0,0,0,1.0,0,0,0.0,1,0,1,0.0,0,1,0,1.0,0.0
efb5288e-ba7a-4c57-80f1-6b58e4653f94,JazzCash,Banking,Taimoorahmed Ahmed,Unknown,1,2025-10-28 12:58:13,pin code not spotting,pin code not spotting,0,4,21,0,0,0,1.0,0,0,0.0,1,0,1,0.0,0,1,0,1.0,0.0
7695b7e6-716f-4a31-b954-948c34efc911,JazzCash,Banking,mehran bukhari,Unknown,2,2025-10-28 13:45:20,not good,not good,0,2,8,0,0,0,1.0,0,0,-0.3412,1,0,1,0.0,0,3,0,2.0,0.0
eec0db38-b9ad-4804-945f-eaf65afdd7ed,JazzCash,Banking,Abdul jabbar Korai,Unknown,1,2025-10-28 15:42:14,bank se raast pe paise transfer Liye hain wo abhi tk nh receive huwe very bad,bank se raast pe paise transfer liye hain wo abhi tk nh receive huwe very bad,0,16,77,0,0,0,1.0,0,1,-0.1513,1,0,1,0.0,0,1,0,1.0,0.0
88e05cd0-d19f-4a8f-a4e2-94c80120e59e,JazzCash,Banking,Ali Nauman Sidhu Pind Daokay,Unknown,1,2025-10-28 15:43:57,very slow,very slow,0,2,9,0,0,0,1.0,0,0,0.0,1,0,1,0.0,0,3,0,1.0,0.0
a9b6f89b-b85f-422b-a6bb-fee789ee9c04,JazzCash,Banking,Sheraz khan,Unknown,3,2025-10-28 17:22:46,Not Bad Too Good Best App😊😊,not bad too good best app😊😊,0,6,27,2,0,0,1.0,0,1,0.9489,1,0,1,0.0,0,1,0,3.0,0.0
7dd82ce7-ed3b-47f2-8e7d-cf1cbbcbb758,JazzCash,Banking,M RAHIB M SIAL,Unknown,1,2025-10-28 17:30:16,majbori se 1 star Dena Pra comment kar keliye baqwas ha jab se payment 30 or phir 2 hour hoi ha,majbori se 1 star dena pra comment kar keliye baqwas ha jab se payment 30 or phir 2 hour hoi ha,0,21,95,0,0,0,0.9047619047619048,0,0,0.5859,1,0,1,0.0,0,1,1,1.0,0.0
a5ad3d8f-0ef8-4c31-b52d-c83a86152fff,JazzCash,Banking,Haroon Sarwar,Unknown,3,2025-10-28 17:37:02,not fetching OTP!,not fetching otp!,0,3,17,0,0,1,1.0,0,0,0.0,1,0,1,0.0,0,1,0,3.0,0.0
67e4396b-181e-4feb-910b-f1f8bad85662,JazzCash,Banking,Aqil Hussain,Unknown,4,2025-10-28 18:33:41,very good application,very good application,0,3,21,0,0,0,1.0,0,1,0.4927,1,0,1,0.0,0,1,0,4.0,0.0
492741c9-3021-418a-8feb-6efbfd580295,JazzCash,Banking,Sikander Jutt,Unknown,3,2025-10-28 19:18:54,history,history,0,1,7,0,0,0,1.0,0,0,0.0,1,0,1,0.0,0,1,0,3.0,0.0
34b6739c-5213-419f-814b-ba8e791c0427,JazzCash,Banking,MR. ASB,Unknown,1,2025-10-28 23:26:44,not working in India,not working in india,0,4,20,0,0,0,1.0,0,0,0.0,1,0,1,0.0,0,1,0,1.0,0.0
54e49c59-211a-4057-8ee5-3f8ff5d9b307,JazzCash,Banking,tlp abbasi2,Unknown,1,2025-10-29 00:54:14,Assalam o aliekum sir meray is py finger scane nai ho Rahi ha,assalam o aliekum sir meray is py finger scane nai ho rahi ha,0,13,61,0,0,0,1.0,0,0,0.34,1,0,1,0.0,0,1,0,1.0,0.0
6eb94e48-1505-466e-a2ce-f290d778c823,JazzCash,Banking,Muhammad Tanveer,Unknown,1,2025-10-29 02:27:31,"SNGPL bill was not paid but this App showing ""Bill already paid"". Please resolve the bug and update App.","sngpl bill was not paid but this app showing ""bill already paid"". please resolve the bug and update app.",1,19,104,0,0,1,1.0,0,1,0.7469,1,0,1,0.0,0,1,1,1.0,0.0
932aa24a-abab-480e-870f-9420da09ad11,JazzCash,Banking,syed Abdul Basit Ali Shah Shah,Unknown,1,2025-10-29 03:29:13,Best and Good work,best and good work,0,4,18,0,0,0,1.0,0,0,0.7964,1,0,1,0.0,0,1,1,1.0,0.0
8ae43ccc-03c8-4cb4-bd0a-ba62c447ffd6,JazzCash,Banking,Haris Khan,Unknown,1,2025-10-29 04:14:36,Very Awful Experience,very awful experience,0,3,21,0,0,0,1.0,0,0,-0.5095,1,0,1,0.0,0,1,0,1.0,0.0
ef9e0d52-ad42-4088-8886-03a72c788f48,JazzCash,Banking,Abbas Khan,Unknown,3,2025-10-29 05:15:02,the app is very useful for money transfering but one problem is that not change profile name. please add an option for changing profile name,the app is very useful for money transfering but one problem is that not change profile name. please add an option for changing profile name,0,25,140,0,0,0,0.88,0,1,0.1272,1,0,1,0.0,0,1,0,3.0,0.0
3855bfb2-167b-4939-beb8-580ecdf4221a,JazzCash,Banking,Muhammad Mahmood Anwar,Unknown,1,2025-10-29 05:19:33,bad service I didn't get my ATM card I had ordered 4 months ago still not delivered,bad service i didn't get my atm card i had ordered 4 months ago still not delivered,0,17,83,0,0,1,0.9411764705882353,0,0,-0.5423,1,0,1,0.0,0,1,0,1.0,0.0
636d1e62-7e70-44d9-b3e1-9103383ae766,JazzCash,Banking,Rahim Albalochi,Unknown,1,2025-10-29 09:02:03,Rahman Gul,rahman gul,0,2,10,0,0,0,1.0,0,0,0.0,1,0,1,0.0,0,1,0,1.0,0.0
7b10664e-1d50-472a-83db-c245db168006,JazzCash,Banking,Aashi Balouch,Unknown,1,2025-10-29 09:37:31,They cannot me give me loan quickly.they banned me,they cannot me give me loan quickly.they banned me,0,9,50,0,0,0,0.7777777777777778,0,0,-0.4588,1,0,1,0.0,0,1,0,1.0,0.0
d37faefd-8702-4cdf-8b7f-2f8bc0954724,JazzCash,Banking,it'x me,Unknown,4,2025-10-29 10:00:37,mojay nahe pata m kiya bolu B's itna bolu g Kay m jazz cash download kiya h but y complete prosse nahe ho Raha Kam he nahe kar Raha please isko theek kary,mojay nahe pata m kiya bolu b's itna bolu g kay m jazz cash download kiya h but y complete prosse nahe ho raha kam he nahe kar raha please isko theek kary,0,33,154,0,0,0,0.8181818181818182,1,1,0.4497,1,0,1,0.0,0,1,0,4.0,0.0
ca055902-af0b-4cfd-9c89-cabfbeefe98b,JazzCash,Banking,Ladla Mughal Mughal sahib,Unknown,4,2025-10-29 10:06:42,🫶 good luck 🤞,🫶 good luck 🤞,0,4,13,2,0,0,1.0,0,0,0.7096,1,0,1,0.0,0,1,0,4.0,0.0
8376b773-4efa-4dae-92a2-56c5845f234e,JazzCash,Banking,Sʜʌŋɩ,Unknown,1,2025-10-29 10:37:24,Asslam O alaikum jazzcash app py jesy hi account login krny lgo to otp read k liye allow notification nh ata or dosri bt manually otp b add nh hoti fzool treen app ha reply jldi dea jy,asslam o alaikum jazzcash app py jesy hi account login krny lgo to otp read k liye allow notification nh ata or dosri bt manually otp b add nh hoti fzool treen app ha reply jldi dea jy,0,38,184,0,0,0,0.9210526315789473,0,1,0.8658,1,0,1,0.0,0,1,1,1.0,0.0
737267b5-7708-4580-ab0c-1266ad85f043,JazzCash,Banking,Irfan Anwer,Unknown,2,2025-10-29 12:29:36,Over Charges,over charges,0,2,12,0,0,0,1.0,0,0,-0.2732,1,0,1,0.0,0,1,0,2.0,0.0
a8db1c49-9224-4ddb-aaf8-606edba68ac5,JazzCash,Banking,Ali Share,Unknown,1,2025-10-29 13:00:04,Eastern Michigan,eastern michigan,0,2,16,0,0,0,1.0,0,0,0.0,1,0,1,0.0,0,1,0,1.0,0.0
fea24d62-ab2b-471f-861d-1cdc1deafdb8,JazzCash,Banking,ali hassan,Unknown,1,2025-10-29 13:02:44,Not good Mera 100 Rupy free may kat liyay hai Jazz cash ne 😡 Easypaisa is 10000 times better,not good mera 100 rupy free may kat liyay hai jazz cash ne 😡 easypaisa is 10000 times better,0,19,92,1,0,0,1.0,1,1,0.5851,1,0,1,0.0,0,1,1,1.0,0.0
5f686ad8-c70e-4808-8ec1-7462e30ccfd2,JazzCash,Banking,Saad Ali Khan,Unknown,4,2025-10-29 14:23:28,good 👍👍😊😊😊,good 👍👍😊😊😊,0,2,10,5,0,0,1.0,0,0,0.9633,1,0,1,0.0,0,1,0,4.0,0.0
7400e992-0a5f-43a9-9230-dcfde6361dcb,JazzCash,Banking,Rana Sajjad,Unknown,1,2025-10-29 15:42:00,"Today I was cheated by Jazz Cash Reward Hub, Jazz Cash has defrauded me and taken 99 rupees from my account. I am very angry.","today i was cheated by jazz cash reward hub, jazz cash has defrauded me and taken 99 rupees from my account. i am very angry.",0,25,125,0,0,0,0.88,0,0,-0.4927,1,0,1,0.0,0,1,0,1.0,0.0
19ac134f-502b-4857-b015-a6bb097462db,JazzCash,Banking,Arshad Mehmood,Unknown,1,2025-10-29 15:46:00,very bad network,very bad network,0,3,16,0,0,0,1.0,0,0,-0.5849,1,0,1,0.0,0,1,0,1.0,0.0
59e60596-3fb4-4090-b41b-33408846432f,JazzCash,Banking,Jawad Brahvi 110,Unknown,5,2025-10-29 16:13:40,nicely done👏,nicely done👏,0,2,12,1,0,0,1.0,0,0,0.4404,1,0,1,0.0,0,1,0,5.0,0.0
770c94b7-2cc3-4357-90df-7bf268861308,JazzCash,Banking,Salik Shar,Unknown,5,2025-10-29 16:14:43,زبردست,زبردست,0,1,6,0,0,0,1.0,0,0,0.0,1,0,1,0.0,0,2,0,5.0,0.0
604e3116-5b1f-4ec4-a190-fdc800501ea1,JazzCash,Banking,Muhammad Faisal Hanif,Unknown,5,2025-10-29 16:19:49,excellent app with value added features,excellent app with value added features,0,6,39,0,0,0,1.0,0,1,0.7269,1,0,1,0.0,0,1,0,5.0,0.0
21a47b3c-b789-420c-9e7e-33c4aed16723,JazzCash,Banking,Aftab Rashee,Unknown,5,2025-10-29 16:20:24,v Nice and v good,v nice and v good,0,5,17,0,0,0,0.8,0,0,0.6908,1,0,1,0.0,0,1,0,5.0,0.0
ba0c640c-fd97-4f2f-bc4f-ba069c16483c,JazzCash,Banking,ھاشمی جان,Unknown,5,2025-10-29 16:48:58,I like,i like,0,2,6,0,0,0,1.0,0,0,0.3612,1,0,1,0.0,0,2,0,5.0,0.0
a9152b65-d5e5-47dd-a882-c87217f12eda,JazzCash,Banking,Tayyab Zahid,Unknown,5,2025-10-29 16:53:11,Good service jazzcash team.,good service jazzcash team.,0,4,27,0,0,0,1.0,0,0,0.4404,1,0,1,0.0,0,1,0,5.0,0.0
bbd2c989-596d-42af-94cb-98c99dd0065e,JazzCash,Banking,Waseef llahi,Unknown,5,2025-10-29 16:54:05,bast App jazz cash online bank,bast app jazz cash online bank,0,6,30,0,0,0,1.0,0,1,0.0,1,0,1,0.0,0,1,0,5.0,0.0
564931d9-d2cb-4e7f-bc20-a6e7a078853f,JazzCash,Banking,Itsch Qudoos,Unknown,5,2025-10-29 16:55:04,ok ha ya,ok ha ya,0,3,8,0,0,0,1.0,0,0,0.5574,1,0,1,0.0,0,1,0,5.0,0.0
0e0bd8a5-dc46-4da6-9795-9f0f720555a3,JazzCash,Banking,Sajad Ali,Unknown,5,2025-10-29 17:06:41,I wan to gharo my account,i wan to gharo my account,0,6,25,0,0,0,1.0,0,0,0.0,1,0,1,0.0,0,1,0,5.0,0.0
e66cc203-f174-4426-943e-062cd0ba961d,JazzCash,Banking,Usman Mailk2299,Unknown,5,2025-10-29 17:07:07,board,board,0,1,5,0,0,0,1.0,0,0,0.0,1,0,1,0.0,0,1,0,5.0,0.0
99913c2b-79f6-4ff9-b9ec-9de7415b73b6,JazzCash,Banking,Mohsan Ali,Unknown,5,2025-10-29 17:41:01,ھي ايپ تمام سٺو آھي ۽ جيز ڪيش جي ان لائين سٺي آھي,ھي ايپ تمام سٺو آھي ۽ جيز ڪيش جي ان لائين سٺي آھي,0,13,49,0,0,0,0.9230769230769231,0,0,0.0,1,0,1,0.0,0,1,0,5.0,0.0
f552e6c2-88dd-4bfc-9740-78c9dcb021e1,JazzCash,Banking,DMT Wajahat,Unknown,5,2025-10-29 17:44:28,its wunder full,its wunder full,0,3,15,0,0,0,1.0,0,0,0.0,1,0,1,0.0,0,1,0,5.0,0.0
49d40ed6-b947-4609-979f-1136332b4fc7,JazzCash,Banking,Basit Alii,Unknown,5,2025-10-29 17:49:48,excited to use jazz cash app,excited to use jazz cash app,0,6,28,0,0,0,1.0,0,1,0.34,1,0,1,0.0,0,1,0,5.0,0.0
8a0a711b-9629-4d39-80a8-7bb6ffdd5396,JazzCash,Banking,Mehboob Ellahi,Unknown,5,2025-10-29 17:53:16,nice 👍👍👍👍👍👍👍,nice 👍👍👍👍👍👍👍,0,2,12,7,0,0,1.0,0,0,0.4215,1,0,1,0.0,0,1,0,5.0,0.0
8638f5aa-084a-42f3-8750-a66313d34e92,JazzCash,Banking,Sameermalik G,Unknown,5,2025-10-29 18:00:38,i love ye,i love ye,0,3,9,0,0,0,1.0,0,0,0.6369,1,0,1,0.0,0,1,0,5.0,0.0
733c7326-d622-4f79-813f-f334ed10bedf,JazzCash,Banking,Shamas abbas,Unknown,5,2025-10-29 18:01:21,it is very easy to use and no extra fee,it is very easy to use and no extra fee,0,10,39,0,0,0,1.0,0,0,0.2484,1,0,1,0.0,0,1,0,5.0,0.0
2146aecf-76cb-4729-b279-756866492ba6,JazzCash,Banking,Naveed Ashraf,Unknown,1,2025-10-29 18:05:52,jazz is very bad company.,jazz is very bad company.,0,5,25,0,0,0,1.0,0,0,-0.5849,1,0,1,0.0,0,1,0,1.0,0.0
49efd34c-f759-4c01-ba6d-e4cfda84a961,JazzCash,Banking,ALI RAZA,Unknown,5,2025-10-29 18:25:19,Very Smooth,very smooth,0,2,11,0,0,0,1.0,0,0,0.0,1,0,1,0.0,0,2,0,5.0,0.0
905c1d71-5ca5-430a-85e9-9aeab7f2cf53,JazzCash,Banking,Bilal Kamal,Unknown,2,2025-10-29 19:15:08,good 👍,good 👍,0,2,6,1,0,0,1.0,0,0,0.4404,1,0,1,0.0,0,8,0,2.0,0.0
80ef1b98-7694-462a-ac33-a167d74c6116,JazzCash,Banking,Ali Shaan,Unknown,5,2025-10-29 22:10:25,"Now I facing trouble issue, jazz cash app is not login right at the moments, Now everyrhing is fine","now i facing trouble issue, jazz cash app is not login right at the moments, now everyrhing is fine",0,19,99,0,0,0,0.8947368421052632,0,1,-0.2263,1,0,1,0.0,0,1,0,5.0,0.0
440e6bd3-5644-48fd-88fb-78189de31282,JazzCash,Banking,saim insa,Unknown,5,2025-10-29 22:14:21,please loan da Doo,please loan da doo,0,4,18,0,0,0,1.0,0,0,0.3182,1,0,1,0.0,0,1,0,5.0,0.0
cfa9e894-1b80-44b4-875d-a7704344d71b,JazzCash,Banking,Muhammed shahid sipra Sipra217,Unknown,5,2025-10-29 22:25:26,language Urdu plz,language urdu plz,0,3,17,0,0,0,1.0,0,0,0.0772,1,0,1,0.0,0,1,0,5.0,0.0
92b82d00-d233-4aec-a1b7-3f998323550c,JazzCash,Banking,Arslan Chitta542,Unknown,1,2025-10-29 23:47:56,very very bad application Account say payment chori hoti hai 200 250 our bar bar Rabta karna par balance alag say lgta hai kabi Yahan call kabi wahan call,very very bad application account say payment chori hoti hai 200 250 our bar bar rabta karna par balance alag say lgta hai kabi yahan call kabi wahan call,0,29,154,0,0,0,0.7931034482758621,0,1,-0.6214,1,0,1,0.0,0,1,0,1.0,0.0
160649ef-4b1c-4243-a018-a9f63e01b9b3,JazzCash,Banking,Fake Account,Unknown,3,2025-10-30 00:57:38,Fraud,fraud,0,1,5,0,0,0,1.0,0,0,-0.5859,1,0,1,0.0,0,1,0,3.0,0.0
da74b7a1-d4a2-49ce-bb2f-de64b05da975,JazzCash,Banking,MEERAHMMAD SOLANGI,Unknown,2,2025-10-30 01:47:35,app not working,app not working,0,3,15,0,0,0,1.0,0,1,0.0,1,0,1,0.0,0,1,0,2.0,0.0
019585bf-b909-4996-a49d-194e23dd5a5c,JazzCash,Banking,Mazhar hussain,Unknown,5,2025-10-30 02:26:04,owsam,owsam,0,1,5,0,0,0,1.0,0,0,0.0,1,0,1,0.0,0,1,0,5.0,0.0
f57f0ba0-2690-4839-acc2-9d3d115160a2,JazzCash,Banking,Zulfqar Ali Bhatti,Unknown,5,2025-10-30 02:41:20,nice to see,nice to see,0,3,11,0,0,0,1.0,0,0,0.4215,1,0,1,0.0,0,1,0,5.0,0.0
9a6f1078-e739-45b9-8274-618682d0ee9c,JazzCash,Banking,Mparweziqbal Mparwezibal,Unknown,5,2025-10-30 03:17:16,excelent,excelent,0,1,8,0,0,0,1.0,0,0,0.0,1,0,1,0.0,0,1,0,5.0,0.0
12666a94-a2e4-4eb4-b07d-89bb1bf12c16,JazzCash,Banking,Sadarat Janni,Unknown,1,2025-10-30 04:12:17,ya app bi Koch masla kar rahi ha to is Lea request ha ka abi is ko download na Kara ok 👌👌👌,ya app bi koch masla kar rahi ha to is lea request ha ka abi is ko download na kara ok 👌👌👌,0,22,90,3,0,0,0.9090909090909091,1,1,0.9732,1,0,1,0.0,0,1,1,1.0,0.0
17b23bd1-50a7-437d-99d2-eaba68c40f8e,JazzCash,Banking,Black Gamerz,Unknown,1,2025-10-30 04:14:32,lun app,lun app,0,2,7,0,0,0,1.0,0,1,0.0,1,0,1,0.0,0,1,0,1.0,0.0
08bdc55a-7bc9-413d-9d2f-a2104298779f,JazzCash,Banking,Raziq Ali,Unknown,5,2025-10-30 04:31:08,quick and easy,quick and easy,0,3,14,0,0,0,1.0,0,0,0.4404,1,0,1,0.0,0,1,0,5.0,0.0
854a8358-29e8-424d-9b8e-473f3dbe8ae4,JazzCash,Banking,Ahmad Writes,Unknown,1,2025-10-30 04:45:10,bakwas rules hai 5 trasanction se zyada nai send karskte hum khtm krre apna account,bakwas rules hai 5 trasanction se zyada nai send karskte hum khtm krre apna account,0,15,83,0,0,0,1.0,0,1,0.0,1,0,1,0.0,0,1,0,1.0,0.0
724d1474-4130-4e5f-8a24-657e36d2a8b1,JazzCash,Banking,Shokat Ali,Unknown,1,2025-10-30 05:48:06,انٹر نیٹ سروس نا ھونے کے برابر ھے۔ کمپلین کرواؤ تو جاز والے کہتے ھیں ہماری طرف سے مسئلہ نہیں ھے۔ انٹرنیٹ جاز والے دے رھیں تو مسئلہ بھی انکا ھوگا نہ۔۔,انٹر نیٹ سروس نا ھونے کے برابر ھے۔ کمپلین کرواؤ تو جاز والے کہتے ھیں ہماری طرف سے مسئلہ نہیں ھے۔ انٹرنیٹ جاز والے دے رھیں تو مسئلہ بھی انکا ھوگا نہ۔۔,0,32,149,0,0,0,0.84375,0,0,0.0,1,0,1,0.0,0,1,0,1.0,0.0
9276480a-fcbc-410b-8d1b-8e298f40e04e,JazzCash,Banking,Muhammed Shah,Unknown,1,2025-10-30 05:58:29,wahab,wahab,0,1,5,0,0,0,1.0,0,0,0.0,1,0,1,0.0,0,1,0,1.0,0.0
a885d605-3f93-41c4-84d3-3ffa6fd0128d,JazzCash,Banking,Masood Ahmed,Unknown,5,2025-10-30 06:00:00,thank you 👍,thank you 👍,0,3,11,1,0,0,1.0,0,0,0.3612,1,0,1,0.0,0,1,0,5.0,0.0
346961e1-4d15-4b90-a807-9ca4c7b56f8a,JazzCash,Banking,Iqra Ansari,Unknown,5,2025-10-30 06:04:13,good app thank you jazz cash,good app thank you jazz cash,0,6,28,0,0,0,1.0,0,1,0.6597,1,0,1,0.0,0,1,0,5.0,0.0
6f607289-2dc9-42cd-9b9b-da1a047dea00,JazzCash,Banking,Zoya G,Unknown,5,2025-10-30 06:24:24,good 😊😊😊😊,good 😊😊😊😊,0,2,9,4,0,0,1.0,0,0,0.9774,1,0,1,0.0,0,1,0,5.0,0.0
bf5daae0-a3d0-4a00-a9c2-c4eed3bf333a,JazzCash,Banking,Muhammad Sufyan,Unknown,5,2025-10-30 06:41:20,jazz cash,jazz cash,0,2,9,0,0,0,1.0,0,0,0.0,1,0,1,0.0,0,3,0,5.0,0.0
1bcbd4e1-fc2e-43ae-a5f7-0bec79b9e0d5,JazzCash,Banking,Aqib Javaid Shah,Unknown,5,2025-10-30 07:32:32,useless app,useless app,0,2,11,0,0,0,1.0,0,1,-0.4215,1,0,1,0.0,0,1,0,5.0,0.0
c118760f-d816-4426-8f23-0201d7b65ef0,JazzCash,Banking,Malik Moon,Unknown,5,2025-10-30 07:35:05,I can't use my account,i can't use my account,0,5,22,0,0,0,1.0,0,0,0.0,1,0,1,0.0,0,1,0,5.0,0.0
48fd764d-1fbd-4ffe-8e96-ec29aa0b02ad,JazzCash,Banking,J Ijaz,Unknown,1,2025-10-30 07:35:23,this app is bakwassss,this app is bakwassss,0,4,21,0,0,0,1.0,0,1,0.0,1,0,1,0.0,0,1,0,1.0,0.0
a53376f4-58b4-4edc-b95c-6e7ae0aec9b8,JazzCash,Banking,mughal ghalib,Unknown,3,2025-10-30 07:53:07,Good🇵🇰,good🇵🇰,0,1,6,2,0,0,1.0,0,0,0.0,1,0,1,0.0,0,1,0,3.0,0.0
4e9ff5b5-a939-44f9-a95c-0350aa73cf99,JazzCash,Banking,Mdwaqar,Unknown,1,2025-10-30 08:09:13,good 👍👍,good 👍👍,0,2,7,2,0,0,1.0,0,0,0.4404,1,0,1,0.0,0,1,0,1.0,0.0
1a541236-d99e-4f68-ad44-da2578ba0dc4,JazzCash,Banking,M.r RaHeEL,Unknown,1,2025-10-30 08:43:27,good working,good working,0,2,12,0,0,0,1.0,0,0,0.4404,1,0,1,0.0,0,4,0,1.0,0.0
cc34ff73-40f9-4768-98e1-09736dc73df9,JazzCash,Banking,Ahsan Qadir,Unknown,1,2025-10-30 09:28:21,very easy😍,very easy😍,0,2,10,1,0,0,1.0,0,0,0.7559,1,0,1,0.0,0,1,1,1.0,0.0
27973344-4054-4d91-a123-a36ab9a21ec0,JazzCash,Banking,Fateh Irfankhan,Unknown,5,2025-10-30 09:40:49,good work 👍,good work 👍,0,3,11,1,0,0,1.0,0,0,0.4404,1,0,1,0.0,0,1,0,5.0,0.0
b3426043-3f5f-4d7b-a4a1-b9762dcaa9f7,JazzCash,Banking,Rana Mudasar,Unknown,5,2025-10-30 09:54:41,Jazzcash app is very useful for transfer money and topup I have rating a 1000000000+ star ⭐⭐⭐⭐⭐⭐⭐⭐⭐⭐⭐⭐⭐⭐⭐,jazzcash app is very useful for transfer money and topup i have rating a 1000000000+ star ⭐⭐⭐⭐⭐⭐⭐⭐⭐⭐⭐⭐⭐⭐⭐,0,17,105,0,0,0,1.0,0,1,0.4927,1,0,1,0.0,0,1,0,5.0,0.0
14a685a3-7dad-4367-8768-a0b086598305,JazzCash,Banking,Shahzaib ijaz 513 Shahzaib ijaz,Unknown,5,2025-10-30 10:05:39,This is great app,this is great app,0,4,17,0,0,0,1.0,0,1,0.6249,1,0,1,0.0,0,1,0,5.0,0.0
425f3efe-e554-480b-a35d-74baf3373db7,JazzCash,Banking,Ahsan Akram faizi,Unknown,5,2025-10-30 10:18:30,NYC app for transaction,nyc app for transaction,0,4,23,0,0,1,1.0,0,1,0.0,1,0,1,0.0,0,1,0,5.0,0.0
b3e7cc37-7f9d-4dd0-912b-d36601337005,JazzCash,Banking,Awais Gaddi,Unknown,5,2025-10-30 11:07:56,very good 😊,very good 😊,0,3,11,1,0,0,1.0,0,0,0.8581,1,0,1,0.0,0,1,0,5.0,0.0
cd4c49bb-3207-4dbd-9318-34cdf44b0f47,JazzCash,Banking,Muhammad Faisal,Unknown,1,2025-10-30 11:22:41,extra charges,extra charges,0,2,13,0,0,0,1.0,0,0,-0.2732,1,0,1,0.0,0,1,0,1.0,0.0
12bbb9d3-1136-4016-85e8-e3e2877fdc8e,JazzCash,Banking,furqan rana,Unknown,2,2025-10-30 11:25:27,why i have to paid fees on bill payment .,why i have to paid fees on bill payment .,0,10,41,0,0,0,1.0,0,0,0.0,1,0,1,0.0,0,1,0,2.0,0.0
949e2b9d-4290-41ab-9eac-478cdf989bc5,JazzCash,Banking,Jamal Din,Unknown,4,2025-10-30 11:54:53,بائیو میٹرک تصدیق نہیں ہوتی ہے,بائیو میٹرک تصدیق نہیں ہوتی ہے,0,6,30,0,0,0,1.0,0,0,0.0,1,0,1,0.0,0,1,0,4.0,0.0
190ed7c2-7767-4e0a-a0ae-8f4973db984b,JazzCash,Banking,Faisal Nadeem,Unknown,5,2025-10-30 12:08:34,Exelent,exelent,0,1,7,0,0,0,1.0,0,0,0.0,1,0,1,0.0,0,1,0,5.0,0.0
a5d9d6e1-aa80-491a-9a7f-7d11a443191a,JazzCash,Banking,Ahmad Wasim,Unknown,5,2025-10-30 12:17:10,Good update 👍,good update 👍,0,3,13,1,0,0,1.0,0,0,0.4404,1,0,1,0.0,0,1,0,5.0,0.0
ec4e9e2f-d747-40ce-ab76-9aaa028d4cd1,JazzCash,Banking,Saim Mughal,Unknown,2,2025-10-30 12:26:41,My jazz cash very important,my jazz cash very important,0,5,27,0,0,0,1.0,0,0,0.2716,1,0,1,0.0,0,1,0,2.0,0.0
b7350bc1-43e1-4a44-b953-56a22a60f478,JazzCash,Banking,Jani Khan,Unknown,4,2025-10-30 12:56:59,Very good,very good,0,2,9,0,0,0,1.0,0,0,0.4927,1,0,1,0.0,0,6,0,4.0,0.0
c1953f22-48ce-4bc8-a885-7ab8fe42e528,JazzCash,Banking,Ali abbas,Unknown,5,2025-10-30 13:03:00,jazz cash is very very easy,jazz cash is very very easy,0,6,27,0,0,0,0.8333333333333334,0,0,0.5379,1,0,1,0.0,0,1,0,5.0,0.0
ee6e449e-62b6-49d8-ba52-ac3809e3d6b2,JazzCash,Banking,Obaid Ullah,Unknown,5,2025-10-30 13:25:03,yes is right,yes is right,0,3,12,0,0,0,1.0,0,0,0.4019,1,0,1,0.0,0,1,0,5.0,0.0
7d65437c-9b63-45e9-9f2b-0b2bdaa9e750,JazzCash,Banking,masif murtaza,Unknown,5,2025-10-30 13:55:18,very Good 💯😊,very good 💯😊,0,3,12,2,0,0,1.0,0,0,0.8479,1,0,1,0.0,0,1,0,5.0,0.0
56c0e5a6-c184-425b-9587-cb3e126cea8f,JazzCash,Banking,Abdul Wali,Unknown,1,2025-10-30 13:59:08,Very Slow,very slow,0,2,9,0,0,0,1.0,0,0,0.0,1,0,1,0.0,0,3,0,1.0,0.0
c4c8f44a-0d0d-4773-8985-ecb49cf02833,JazzCash,Banking,Muhammad Habib,Unknown,5,2025-10-30 14:11:18,good networking,good networking,0,2,15,0,0,0,1.0,0,0,0.4404,1,0,1,0.0,0,1,0,5.0,0.0
3f49f208-38b6-4697-9316-234373b4254a,JazzCash,Banking,Danish Abbas,Unknown,5,2025-10-30 14:43:24,great 👍🏼,great 👍🏼,0,2,8,2,0,0,1.0,0,0,0.6249,1,0,1,0.0,0,1,0,5.0,0.0
b0daa986-3094-4416-b2e3-083355aff39e,JazzCash,Banking,Qurban Ali M (Alijani),Unknown,5,2025-10-30 15:02:00,Super excellent is all services of Jazcash the money transferring and other transactions. only number 1 network in Pakistan,super excellent is all services of jazcash the money transferring and other transactions. only number 1 network in pakistan,0,19,123,0,0,0,1.0,0,0,0.836,1,0,1,0.0,0,1,0,5.0,0.0
134ae54a-ef75-46eb-90e9-89286d9f5c1d,JazzCash,Banking,Syed Umer Farooq shah,Unknown,5,2025-10-30 15:02:44,amazing😍,amazing😍,0,1,8,1,0,0,1.0,0,0,0.7783,1,0,1,0.0,0,1,0,5.0,0.0
74585573-c859-4910-9294-bdc4c3af1b18,JazzCash,Banking,M. Hamad,Unknown,5,2025-10-30 15:10:05,Very well ❤️‍🩹,very well ❤️‍🩹,0,3,14,1,0,0,1.0,0,0,0.3384,1,0,1,0.0,0,1,0,5.0,0.0
95dc19b3-dd2a-4029-97fb-2c29ed055e6e,JazzCash,Banking,Afzal Ali,Unknown,5,2025-10-30 15:12:42,Good Job 👍 Agreed 💯,good job 👍 agreed 💯,0,5,19,2,0,0,1.0,0,0,0.6124,1,0,1,0.0,0,1,0,5.0,0.0
1980e4a8-ca6f-4f8e-91a7-1ee046fb00ee,JazzCash,Banking,Rana Abbas,Unknown,1,2025-10-30 15:28:28,parfact,parfact,0,1,7,0,0,0,1.0,0,0,0.0,1,0,1,0.0,0,1,0,1.0,0.0
b483e66d-29c6-469d-8e3e-49e389d8e702,JazzCash,Banking,Sajjad Ahmed Lakhwera,Unknown,5,2025-10-30 15:36:13,Very helpful useful and very very good app.giveing 5 🌟s to the app.,very helpful useful and very very good app.giveing 5 🌟s to the app.,0,13,67,1,0,0,0.8461538461538461,0,1,0.8671,1,0,1,0.0,0,1,0,5.0,0.0
1bec846d-6d45-4126-bce0-eaca7ad6b638,JazzCash,Banking,Nudrat Javed,Unknown,5,2025-10-30 15:38:30,wonderful app very helpful,wonderful app very helpful,0,4,26,0,0,0,1.0,0,1,0.7778,1,0,1,0.0,0,1,0,5.0,0.0
1092e75e-9aae-409e-89fb-cf9f8666b0f0,JazzCash,Banking,Hussnain Raza,Unknown,1,2025-10-30 16:03:28,it asks me for bio metric verification but when I do it says sorry,it asks me for bio metric verification but when i do it says sorry,0,14,66,0,0,0,0.9285714285714286,0,0,-0.1154,1,0,1,0.0,0,1,0,1.0,0.0
a1f91ed7-8362-4c3a-b115-98bb494d2ea8,JazzCash,Banking,DANI SHAH,Unknown,5,2025-10-30 16:26:24,very beautiful✨ application,very beautiful✨ application,0,3,27,0,0,0,1.0,0,1,0.7764,1,0,1,0.0,0,1,0,5.0,0.0
46b18e39-3d1a-4028-b2c2-32fc2b28d3cc,JazzCash,Banking,Rashid Shah,Unknown,5,2025-10-30 17:11:58,ok good 💯😊,ok good 💯😊,0,3,10,2,0,0,1.0,0,0,0.8779,1,0,1,0.0,0,1,0,5.0,0.0
c7258677-7d50-46fd-a783-1714d246bc08,JazzCash,Banking,Babar Ali,Unknown,1,2025-10-30 17:28:12,Not give OTP,not give otp,0,3,12,0,0,1,1.0,0,0,0.0,1,0,1,0.0,0,1,0,1.0,0.0
2773b860-6b26-4cab-8b88-d3121b748869,JazzCash,Banking,ayesha,Unknown,1,2025-10-30 18:49:08,Worst experience ever,worst experience ever,0,3,21,0,0,0,1.0,0,0,-0.6249,1,0,1,0.0,0,1,0,1.0,0.0
ded34c82-2b05-4fa6-b3fb-ec3057ce03bc,JazzCash,Banking,Tariq Khan,Unknown,3,2025-10-31 03:27:35,I'm using the jazz cash app is very simple application,i'm using the jazz cash app is very simple application,0,10,54,0,0,0,1.0,0,1,0.0,1,0,1,0.0,0,1,0,3.0,0.0
be0fb7ea-2232-45d8-ac37-dbf9206f43bc,JazzCash,Banking,Allah Rakhya,Unknown,2,2025-10-31 03:52:10,AIIa Rakhio,aiia rakhio,0,2,11,0,0,0,1.0,0,0,0.0,1,0,1,0.0,0,1,0,2.0,0.0
32d04b76-ab5e-4a80-8adf-2c1843b4dc9a,JazzCash,Banking,Ali Sheraz Ilyas Sial.,Unknown,1,2025-10-31 06:35:39,"worst app I have ever used, I have ordered my master card and then have changed my address for receiving it, they had discarded my card without any notification, and asked for a repayment card fee.","worst app i have ever used, i have ordered my master card and then have changed my address for receiving it, they had discarded my card without any notification, and asked for a repayment card fee.",1,36,197,0,0,0,0.75,0,1,-0.7579,1,0,1,0.0,0,1,0,1.0,0.0
b72f0663-9ed6-4a0d-ae33-ce19efdccc6e,JazzCash,Banking,Rida shabaz,Unknown,5,2025-10-31 08:35:21,outstanding,outstanding,0,1,11,0,0,0,1.0,0,0,0.6124,1,0,1,0.0,0,1,0,5.0,0.0
6774a7c4-7ba7-4714-a2c2-000fa97f8900,JazzCash,Banking,Shahzaib Ali Shah,Unknown,5,2025-10-31 08:38:16,very Nice,very nice,0,2,9,0,0,0,1.0,0,0,0.4754,1,0,1,0.0,0,3,0,5.0,0.0
e9003c67-a3a3-442c-b913-86cf16f5bc45,JazzCash,Banking,usama shahzad,Unknown,5,2025-10-31 08:52:41,Top Level app.. Unique,top level app.. unique,0,4,22,0,0,0,1.0,0,1,0.2023,1,0,1,0.0,0,1,0,5.0,0.0
a6c866f5-647f-464e-8d76-e604f5f3a813,JazzCash,Banking,Harree Morai,Unknown,5,2025-10-31 09:08:07,good to help me,good to help me,0,4,15,0,0,0,1.0,0,0,0.6808,1,0,1,0.0,0,1,0,5.0,0.0
fbd1b681-0ca0-42f1-8224-059c6fb5b97c,JazzCash,Banking,hasnainkhan,Unknown,4,2025-10-31 09:49:26,good luck,good luck,0,2,9,0,0,0,1.0,0,0,0.7096,1,0,1,0.0,0,3,0,4.0,0.0
20254252-7272-4cc4-b7dc-974e117824cb,JazzCash,Banking,Explore The Trending,Unknown,5,2025-10-31 09:51:57,great app. transfer and sending so much easy. must tokenozed itself on web.3,great app. transfer and sending so much easy. must tokenozed itself on web.3,0,13,76,0,0,0,1.0,0,1,0.8062,1,0,1,0.0,0,1,0,5.0,0.0
24f732f5-4362-4f0e-be2d-5bc2f464e9bf,JazzCash,Banking,P Z MEeR007,Unknown,5,2025-10-31 11:01:45,this is good application and fast and scuore and something all,this is good application and fast and scuore and something all,0,11,62,0,0,0,0.8181818181818182,0,1,0.4404,1,0,1,0.0,0,1,0,5.0,0.0
bde6bed6-f7f2-4c00-9acb-5f98c03b6de6,JazzCash,Banking,Subhan Bhatti,Unknown,5,2025-10-31 11:36:54,brother,brother,0,1,7,0,0,0,1.0,0,0,0.0,1,0,1,0.0,0,1,0,5.0,0.0
8e40ac2a-9658-4d38-8b44-fdd1b91b9ae7,JazzCash,Banking,tayab tayab,Unknown,5,2025-10-31 11:56:02,very Good,very good,0,2,9,0,0,0,1.0,0,0,0.4927,1,0,1,0.0,0,6,0,5.0,0.0
38fcac62-477a-4dc6-a8d0-c18c4bf458ba,JazzCash,Banking,Sheikh ashraf Sheikh ashraf,Unknown,4,2025-10-31 12:28:46,v good,v good,0,2,6,0,0,0,1.0,0,0,0.4404,1,0,1,0.0,0,3,0,4.0,0.0
d2d5eb97-2bf3-4581-8f29-95b54e333453,JazzCash,Banking,Junaidbashir Khan,Unknown,2,2025-10-31 12:33:07,bad service can't get explain,bad service can't get explain,0,5,29,0,0,0,1.0,0,0,-0.5423,1,0,1,0.0,0,1,0,2.0,0.0
590d4b2a-b267-49af-9713-e0a8fbe28012,JazzCash,Banking,علی JaNi,Unknown,5,2025-10-31 14:02:11,EASY & NICE APPLICATION 🤗👑,easy & nice application 🤗👑,0,5,26,2,0,3,1.0,0,1,0.8176,1,0,1,0.0,0,1,0,5.0,0.0
0efec62a-9db5-4396-a849-438ee12b933b,JazzCash,Banking,Rai Sajid,Unknown,1,2025-10-31 14:11:41,Nice work,nice work,0,2,9,0,0,0,1.0,0,0,0.4215,1,0,1,0.0,0,2,0,1.0,0.0
1e0b22b3-cf7f-47ff-9d98-606cb9142af4,JazzCash,Banking,Shahman Mubarak,Unknown,5,2025-10-31 14:21:03,Good WorkinG I like it,good working i like it,0,5,22,0,0,0,1.0,0,0,0.6597,1,0,1,0.0,0,1,0,5.0,0.0
cf34508c-a746-477d-9a1d-4814ab37327f,JazzCash,Banking,Muhammad Nasir,Unknown,5,2025-10-31 14:49:45,To All Good,to all good,0,3,11,0,0,0,1.0,0,0,0.4404,1,0,2,468912.0,0,1,0,4.5,0.7071067811865476
43ada388-845d-4590-ae33-3f59116acf3d,JazzCash,Banking,Fizza Account,Unknown,5,2025-10-31 14:54:23,Good App And Good App,good app and good app,0,5,21,0,0,0,0.6,0,1,0.7003,1,0,1,0.0,0,1,0,5.0,0.0
56176234-49be-4f2c-a8eb-db2c474ee0d3,JazzCash,Banking,Hamza Khan,Unknown,1,2025-10-31 14:56:54,jaz package Q nhi chl rha hai,jaz package q nhi chl rha hai,0,7,29,0,0,0,1.0,0,1,0.0,1,0,1,0.0,0,1,0,1.0,0.0
297b0345-517a-42ce-98b6-28cd3013f0e7,JazzCash,Banking,FAWAD IRFAN,Unknown,4,2025-10-31 15:05:05,this app make my work easy,this app make my work easy,0,6,26,0,0,0,1.0,0,1,0.4404,1,0,1,0.0,0,1,0,4.0,0.0
6b3d91bc-12e1-4a4b-b9be-876fef69f368,JazzCash,Banking,Mian samraiz arslan,Unknown,5,2025-10-31 15:22:30,good wark,good wark,0,2,9,0,0,0,1.0,0,0,0.4404,1,0,1,0.0,0,1,0,5.0,0.0
a9d7125e-2ed9-4f61-b809-57d59e066c5a,JazzCash,Banking,taqdees Aleem,Unknown,1,2025-10-31 15:46:35,biometric verification error,biometric verification error,0,3,28,0,0,0,1.0,0,0,-0.4019,1,0,1,0.0,0,1,0,1.0,0.0
9eb84142-060d-48f5-8afa-3e9671256777,JazzCash,Banking,ZARBE ABBAS,Unknown,4,2025-10-31 15:55:00,100 Rupee signup bonus Se Sirf mobile package wagera hi Kara sakhte hai. Withdraw nhi kar sakhte.,100 rupee signup bonus se sirf mobile package wagera hi kara sakhte hai. withdraw nhi kar sakhte.,0,17,97,0,0,0,1.0,0,1,0.5423,1,0,1,0.0,0,1,0,4.0,0.0
f19fb98f-f632-4109-b0f1-215dfc5eb6fe,JazzCash,Banking,Sana Noor,Unknown,2,2025-10-31 16:59:12,oh oh,oh oh,0,2,5,0,0,0,0.5,0,0,0.0,1,0,1,0.0,0,1,0,2.0,0.0
7d5c1b6d-0dc5-4246-a04e-232d34a2a093,JazzCash,Banking,MoosA Khan,Unknown,5,2025-10-31 16:59:42,trusted App sending and receiving,trusted app sending and receiving,0,5,33,0,0,0,1.0,0,1,0.4767,1,0,1,0.0,0,1,0,5.0,0.0
61b33bae-7d21-4fa3-ab8b-1eaa02bdf8ad,JazzCash,Banking,Rehan Asad,Unknown,5,2025-10-31 17:16:18,l am using this app for three years,l am using this app for three years,0,8,35,0,0,0,1.0,0,1,0.4588,1,0,1,0.0,0,1,0,5.0,0.0
365f1fc2-419d-47b2-864c-8ae18e90e661,JazzCash,Banking,M shareef,Unknown,5,2025-10-31 17:36:58,thyenks,thyenks,0,1,7,0,0,0,1.0,0,0,0.0,1,0,1,0.0,0,1,0,5.0,0.0
1bb706f3-f4cf-4415-aaad-e4501bf5f417,JazzCash,Banking,gulshan Feyaz,Unknown,5,2025-10-31 17:52:52,I like it 😊🥰,i like it 😊🥰,0,4,12,2,0,0,1.0,0,0,0.9413,1,0,1,0.0,0,1,0,5.0,0.0
6ee75bc3-2474-4d60-adfc-bac09c79a68e,JazzCash,Banking,007 NAEEM,Unknown,5,2025-10-31 18:36:33,very good transition,very good transition,0,3,20,0,0,0,1.0,0,0,0.4927,1,0,1,0.0,0,1,0,5.0,0.0
11b8dddd-881b-4ed3-926a-ce6b8e31adfb,JazzCash,Banking,Haseeb Khan,Unknown,2,2025-10-31 18:47:11,it's good application very nice 👍,it's good application very nice 👍,0,6,33,1,0,0,1.0,0,1,0.7178,1,0,1,0.0,0,1,1,2.0,0.0
e1a4f528-7a64-4037-84e7-b15b9f2cce5f,JazzCash,Banking,Tahir Rajpoot,Unknown,5,2025-10-31 19:04:33,other,other,0,1,5,0,0,0,1.0,0,0,0.0,1,0,1,0.0,0,2,0,5.0,0.0
ad1d00aa-0c2a-4f51-8cce-edd99429b02d,JazzCash,Banking,Riaz khan,Unknown,5,2025-10-31 19:10:15,jazz cash on top,jazz cash on top,0,4,16,0,0,0,1.0,0,0,0.2023,1,0,1,0.0,0,1,0,5.0,0.0
2fcebdee-4c7d-421a-91bb-d680beec91c5,JazzCash,Banking,Rehan Ali,Unknown,5,2025-10-31 19:12:55,Brilliant 👏,brilliant 👏,0,2,11,1,0,0,1.0,0,0,0.5859,1,0,1,0.0,0,1,0,5.0,0.0
8bb13efd-d17e-4f3a-b455-5a86b863bfa7,JazzCash,Banking,Abdul Hakeem,Unknown,5,2025-10-31 19:20:23,good line,good line,0,2,9,0,0,0,1.0,0,0,0.4404,1,0,1,0.0,0,1,0,5.0,0.0
87155950-5500-4cd9-a29d-58033624e4f7,JazzCash,Banking,muhammad faraz muazzam,Unknown,3,2025-10-31 20:06:21,bro it has become quite often that if someone sends me money app doesn't show it and the money is not received,bro it has become quite often that if someone sends me money app doesn't show it and the money is not received,0,22,110,0,0,0,0.9090909090909091,0,1,0.0,1,0,1,0.0,0,1,0,3.0,0.0
3305bbbe-61c8-412c-a6af-e76d41e8c2ce,JazzCash,Banking,Prince Amir Ayesha Amir Ayesha,Unknown,5,2025-10-31 20:36:15,this is my favorite app.,this is my favorite app.,0,5,24,0,0,0,1.0,0,1,0.4588,1,0,1,0.0,0,1,0,5.0,0.0
8cb7255a-58a2-49b4-a62e-963c8572ccad,JazzCash,Banking,Dawood Rana,Unknown,5,2025-10-31 20:48:06,a tour de Force app to manage finance.it shoud increase ready Cash limit,a tour de force app to manage finance.it shoud increase ready cash limit,0,13,72,0,0,0,1.0,0,1,0.5859,1,0,1,0.0,0,1,0,5.0,0.0
91c7d5aa-ec69-4944-bcdd-3d1192b08d1c,JazzCash,Banking,Muhammad Umar Muhammad Umar,Unknown,5,2025-10-31 22:34:38,Difficult,difficult,0,1,9,0,0,0,1.0,0,0,-0.3612,1,0,1,0.0,0,1,0,5.0,0.0
c65cabb0-86af-4a4b-ad3c-de55d033ee1d,JazzCash,Banking,Molla Butt,Unknown,3,2025-10-31 23:25:47,زبردست,زبردست,0,1,6,0,0,0,1.0,0,0,0.0,1,0,1,0.0,0,2,0,3.0,0.0
9de2895e-483d-4b1c-896a-694c9bc8084d,JazzCash,Banking,Qamar Mughal,Unknown,5,2025-11-01 01:52:59,good lun,good lun,0,2,8,0,0,0,1.0,0,0,0.4404,1,0,1,0.0,0,1,0,5.0,0.0
9e3e1dec-c060-4da7-98e1-0707869ed2f3,JazzCash,Banking,Usman Ali,Unknown,5,2025-11-01 01:59:08,amazing app 👍,amazing app 👍,0,3,13,1,0,0,1.0,0,1,0.5859,1,0,1,0.0,0,1,0,5.0,0.0
10f80316-7c91-474c-b485-836c2a82a3d3,JazzCash,Banking,Taswar Husain,Unknown,5,2025-11-01 02:07:25,Exclent,exclent,0,1,7,0,0,0,1.0,0,0,0.0,1,0,1,0.0,0,1,0,5.0,0.0
9f0443ba-3a84-4582-b72f-329995d6479b,JazzCash,Banking,Mukhtiar Haji,Unknown,5,2025-11-01 02:21:38,best digital banking,best digital banking,0,3,20,0,0,0,1.0,0,0,0.6369,1,0,1,0.0,0,1,0,5.0,0.0
81a98eb4-84fd-439a-958c-95470a3ef82e,JazzCash,Banking,Adil Khan,Unknown,5,2025-11-01 02:24:04,I love jazz cash,i love jazz cash,0,4,16,0,0,0,1.0,0,0,0.6369,1,0,1,0.0,0,1,0,5.0,0.0
fff8ea3e-a511-4982-a42e-45f42c78b03a,JazzCash,Banking,nasira batool,Unknown,5,2025-11-01 02:47:30,excellent example,excellent example,0,2,17,0,0,0,1.0,0,0,0.5719,1,0,1,0.0,0,1,0,5.0,0.0
d82adf6e-8ca0-4afd-bcf8-b413b722059a,JazzCash,Banking,My personal,Unknown,1,2025-11-01 03:17:03,Here is no option for inviting friends or link,here is no option for inviting friends or link,0,9,46,0,0,0,1.0,1,0,0.4939,1,0,1,0.0,0,1,0,1.0,0.0
9581d21e-3949-4126-9d60-9d4c42bb2c57,JazzCash,Banking,Syed Waqas Shah Sherazi,Unknown,5,2025-11-01 03:25:49,good luck 🤞,good luck 🤞,0,3,11,1,0,0,1.0,0,0,0.7096,1,0,1,0.0,0,2,0,5.0,0.0
2f17e04a-1c65-43dd-a323-69b177c0e2ec,JazzCash,Banking,Daniyal Shah,Unknown,5,2025-11-01 03:26:44,best app off Pakistan,best app off pakistan,0,4,21,0,0,0,1.0,0,1,0.6369,1,0,1,0.0,0,1,0,5.0,0.0
bc98158a-8932-4fb7-891d-689729d598f5,JazzCash,Banking,Malik Abubaker,Unknown,5,2025-11-01 03:42:43,so help full,so help full,0,3,12,0,0,0,1.0,0,0,0.4576,1,0,1,0.0,0,1,0,5.0,0.0
8a2e32be-5d34-4c33-b085-be75b9aeb058,JazzCash,Banking,Khizar Hayat,Unknown,5,2025-11-01 03:48:33,very good app for daily and emergency money transfer,very good app for daily and emergency money transfer,0,9,52,0,0,0,1.0,0,1,0.1513,1,0,1,0.0,0,1,0,5.0,0.0
db066852-3d7a-4477-b5cb-620bd4bc7fc2,JazzCash,Banking,Iqra Khan,Unknown,5,2025-11-01 04:34:52,good I'm happy 😊,good i'm happy 😊,0,4,16,1,0,0,1.0,0,1,0.9118,1,0,2,1014684.0,0,1,0,3.0,2.8284271247461903
c5b87d2e-b626-4b71-83d8-36a300b09383,JazzCash,Banking,Muhammad Ali,Unknown,5,2025-11-01 05:08:00,Niceeee,niceeee,0,1,7,0,0,0,1.0,0,0,0.0,1,0,2,0.0,0,1,0,3.0,2.8284271247461903
42713158-043d-41ff-801d-76dd3d521c63,JazzCash,Banking,Muzamil Malik,Unknown,5,2025-11-01 06:08:31,Goodapp,goodapp,0,1,7,0,0,0,1.0,0,1,0.0,1,0,1,0.0,0,1,0,5.0,0.0
ca738505-847f-438d-aca3-9f4f7cd07baf,JazzCash,Banking,Talib Hussain,Unknown,5,2025-11-01 06:13:06,helping app,helping app,0,2,11,0,0,0,1.0,0,1,0.296,1,0,1,0.0,0,1,0,5.0,0.0
097fbe05-455e-49a1-b9c5-e39cd6392d04,JazzCash,Banking,niamat Sto,Unknown,5,2025-11-01 06:31:38,best mobile wallet account,best mobile wallet account,0,4,26,0,0,0,1.0,0,0,0.6369,1,0,1,0.0,0,1,0,5.0,0.0
132adcb9-6e3d-41fd-9f9a-7fa9e6ee36bb,JazzCash,Banking,Saira Rani,Unknown,5,2025-11-01 06:34:03,best service but biometric option is not collect by app,best service but biometric option is not collect by app,0,10,55,0,0,0,1.0,0,1,0.3818,1,0,1,0.0,0,1,0,5.0,0.0
1c5c6d48-e5c6-4030-b0ab-2d4e1b14e442,JazzCash,Banking,Uzam Karim,Unknown,4,2025-11-01 06:35:16,very gud service,very gud service,0,3,16,0,0,0,1.0,0,0,0.0,1,0,1,0.0,0,1,0,4.0,0.0
d53c4d24-b88f-4929-be01-9e8fe96cdf47,JazzCash,Banking,PUNHAL,Unknown,5,2025-11-01 07:13:37,best network jazzCash,best network jazzcash,0,3,21,0,0,0,1.0,0,0,0.6369,1,0,1,0.0,0,1,0,5.0,0.0
a02ecd62-15e3-490b-85a8-4cc72a0bed33,JazzCash,Banking,Adnan Zahid,Unknown,5,2025-11-01 07:40:07,Beautiful ❤️,beautiful ❤️,0,2,12,0,0,0,1.0,0,0,0.5994,1,0,1,0.0,0,2,0,5.0,0.0
6e5d0e23-cb58-41f3-8668-a2b512d60341,JazzCash,Banking,Babar Ali Soomro,Unknown,5,2025-11-01 07:49:29,mashaallah,mashaallah,0,1,10,0,0,0,1.0,0,0,0.0,1,0,1,0.0,0,1,0,5.0,0.0
dadfe4a3-26f2-4083-84d3-d084b898ad5e,JazzCash,Banking,Azhar Hussain,Unknown,5,2025-11-01 07:54:43,best app for all transactions....,best app for all transactions....,0,5,33,0,0,0,1.0,0,1,0.6369,1,0,1,0.0,0,1,0,5.0,0.0
adcdfdd5-a0f0-480a-bc25-b963e5028564,JazzCash,Banking,mr arain,Unknown,5,2025-11-01 07:59:51,best banking services,best banking services,0,3,21,0,0,0,1.0,0,0,0.6369,1,0,1,0.0,0,1,0,5.0,0.0
5b517e0b-7191-453d-96a4-9a22449950bd,JazzCash,Banking,Asghar Khan,Unknown,5,2025-11-01 08:05:18,well ✅,well ✅,0,2,6,0,0,0,1.0,0,0,0.2732,1,0,1,0.0,0,1,0,5.0,0.0
1e3037ec-6322-4a47-805f-b58cd2a8a63c,JazzCash,Banking,Fawadmughal Fadi,Unknown,5,2025-11-01 08:08:45,v good,v good,0,2,6,0,0,0,1.0,0,0,0.4404,1,0,1,0.0,0,3,0,5.0,0.0
4b3ba8cb-a27b-4b30-9438-b180cd350ac6,JazzCash,Banking,Hashim Gujjar,Unknown,3,2025-11-01 08:10:48,excellent,excellent,0,1,9,0,0,0,1.0,0,0,0.5719,1,0,1,0.0,0,6,0,3.0,0.0
351866d5-ee64-4719-b05d-bff35d2761f5,JazzCash,Banking,Samina Bhatti,Unknown,4,2025-11-01 08:13:31,excellent,excellent,0,1,9,0,0,0,1.0,0,0,0.5719,1,0,1,0.0,0,6,0,4.0,0.0
4bde1c22-a662-4769-b27c-279feee6064e,JazzCash,Banking,TAHIR BUTT,Unknown,5,2025-11-01 08:55:53,i like it,i like it,0,3,9,0,0,0,1.0,0,0,0.3612,1,0,1,0.0,0,1,0,5.0,0.0
320a5699-e648-4e50-8fc8-23d83d38f4c6,JazzCash,Banking,YR Plays,Unknown,5,2025-11-01 08:56:26,this is very easy payment received and transfer,this is very easy payment received and transfer,0,8,47,0,0,0,1.0,0,0,0.4927,1,0,1,0.0,0,1,0,5.0,0.0
a0966e2d-823f-42ce-b552-bc01126109a8,JazzCash,Banking,Moiz Ali,Unknown,3,2025-11-01 10:03:20,nice transfer,nice transfer,0,2,13,0,0,0,1.0,0,0,0.4215,1,0,1,0.0,0,2,0,3.0,0.0
01ac33a0-7104-40fa-b77a-3858a645ffd7,JazzCash,Banking,Faizan Asif,Unknown,1,2025-11-01 10:25:24,"not bad but not better than an easy paisa difficult interface, difficult layout as a result feeling lost feeling frustration","not bad but not better than an easy paisa difficult interface, difficult layout as a result feeling lost feeling frustration",0,20,124,0,0,0,0.85,0,0,-0.8568,1,0,1,0.0,0,1,0,1.0,0.0
d729bffa-4fdb-4500-8eea-210ab3dcdb62,JazzCash,Banking,Nadeem Muhammad,Unknown,3,2025-11-01 12:41:00,thank you so much very fast,thank you so much very fast,0,6,27,0,0,0,1.0,0,0,0.3612,1,0,1,0.0,0,1,0,3.0,0.0
109c221a-a6eb-4b51-801f-858c58973830,JazzCash,Banking,Sajid Ali Dahri Sajid Ali,Unknown,1,2025-11-01 13:04:48,v.nice,v.nice,0,1,6,0,0,0,1.0,0,0,0.0,1,0,1,0.0,0,2,0,1.0,0.0
0440b77b-a67f-4b8b-8a36-b30876a5ed79,JazzCash,Banking,Tahira,Unknown,1,2025-11-01 13:05:33,it's a pathetic app it is difficult to login again ..,it's a pathetic app it is difficult to login again ..,0,11,53,0,0,0,1.0,0,1,-0.7351,1,0,1,0.0,0,1,0,1.0,0.0
888ab3ec-8301-4b45-b3a8-b5e54915e44f,JazzCash,Banking,Imran Ali,Unknown,1,2025-11-01 13:32:37,this is app vary nice,this is app vary nice,0,5,21,0,0,0,1.0,0,1,0.4215,1,0,2,0.0,0,1,0,3.0,2.8284271247461903
c3d7a352-ea7f-4b33-beee-ed152fb9e1ee,JazzCash,Banking,Daud Iftikhar,Unknown,4,2025-11-01 13:55:19,hi assalamualaikum recently my 500 are not in my account . what's happening,hi assalamualaikum recently my 500 are not in my account . what's happening,0,13,75,0,0,0,0.9230769230769231,0,1,0.0,1,0,1,0.0,0,1,0,4.0,0.0
0808bb0b-2ce0-4416-ba5c-b52291b497c7,JazzCash,Banking,Mazharhussainmazhar 7717,Unknown,4,2025-11-01 14:00:48,absolutely well,absolutely well,0,2,15,0,0,0,1.0,0,0,0.3384,1,0,1,0.0,0,1,0,4.0,0.0
ff9032b0-8a24-485e-bc9f-01ecbaf03c0d,JazzCash,Banking,Hafiz Anwar,Unknown,5,2025-11-01 15:23:32,overall its ok but now I am facing problem while transaction .anyone can help.?,overall its ok but now i am facing problem while transaction .anyone can help.?,0,14,79,0,0,0,1.0,0,0,0.1531,1,0,1,0.0,0,1,0,5.0,0.0
42a40e89-8cb8-40ba-a4ec-a4c232a8e069,JazzCash,Banking,Noman khan,Unknown,5,2025-11-01 15:34:45,good application 👍,good application 👍,0,3,18,1,0,0,1.0,0,1,0.4404,1,0,1,0.0,0,1,0,5.0,0.0
9afab70a-9744-42f8-af48-cee24785dbbf,JazzCash,Banking,Abid Ali,Unknown,5,2025-11-01 15:37:15,Wah! Kia bath hay.....,wah! kia bath hay.....,0,4,22,0,0,0,1.0,0,0,-0.6696,1,0,1,0.0,0,1,1,5.0,0.0
35f4d0d6-0736-4abe-8f2b-72ff6a05ebfd,JazzCash,Banking,Saif Ali tahir,Unknown,5,2025-11-01 15:37:47,a good app for transactions and billing,a good app for transactions and billing,0,7,39,0,0,0,1.0,0,1,0.4404,1,0,1,0.0,0,1,0,5.0,0.0
27b175b2-0bb9-4e33-a10b-9465ac16e398,JazzCash,Banking,Arslan Latif,Unknown,5,2025-11-01 15:38:51,this is good app,this is good app,0,4,16,0,0,0,1.0,0,1,0.4404,1,0,1,0.0,0,1,0,5.0,0.0
cb394d78-1cd7-4f89-8d10-8f84ea127784,JazzCash,Banking,amin sagar,Unknown,5,2025-11-01 15:43:32,بہت خوب,بہت خوب,0,2,7,0,0,0,1.0,0,0,0.0,1,0,1,0.0,0,1,0,5.0,0.0
e5acf96f-365f-436e-b626-79eebcd55006,JazzCash,Banking,Mudassar Hussain,Unknown,1,2025-11-01 15:54:43,not a trusted app,not a trusted app,0,4,17,0,0,0,1.0,0,1,-0.3724,1,0,1,0.0,0,1,0,1.0,0.0
e20703ff-e399-4493-b28b-6cb307690bc1,JazzCash,Banking,Farkhanda Naseer,Unknown,2,2025-11-01 16:01:56,very slow then add another mobile account,very slow then add another mobile account,0,7,41,0,0,0,1.0,0,0,0.0,1,0,1,0.0,0,1,0,2.0,0.0
fef794d0-b630-4f4a-913b-7fe7b8bd9478,JazzCash,Banking,Usamakhan Trangfa,Unknown,5,2025-11-01 16:04:22,jazz cash is a best app for daily uses because lone problems faced 😞,jazz cash is a best app for daily uses because lone problems faced 😞,0,14,68,1,0,0,1.0,0,1,-0.4019,1,0,1,0.0,0,1,0,5.0,0.0
c750c40a-0d0d-40d7-94a9-aece331d2301,JazzCash,Banking,Shani Dogar,Unknown,5,2025-11-01 16:08:48,Excellent! Amazing Services.,excellent! amazing services.,0,3,28,0,0,0,1.0,0,0,0.8313,1,0,1,0.0,0,1,0,5.0,0.0
76849064-392b-44c0-90be-f67867a356ec,JazzCash,Banking,ESHA Dogar,Unknown,5,2025-11-01 16:20:59,very bad service 😔,very bad service 😔,0,4,18,1,0,0,1.0,0,0,-0.4989,1,0,1,0.0,0,1,0,5.0,0.0
b7273346-f2fb-43b6-812c-68b7c28fa946,JazzCash,Banking,Muhammad Rafaq,Unknown,5,2025-11-01 16:35:07,jazzcash very nice,jazzcash very nice,0,3,18,0,0,0,1.0,0,0,0.4754,1,0,1,0.0,0,1,0,5.0,0.0
88ec1abd-bc1d-4754-913f-9d0b8da560ef,JazzCash,Banking,Hafeez Khan,Unknown,4,2025-11-01 16:59:58,Good wroks,good wroks,0,2,10,0,0,0,1.0,0,0,0.4404,1,0,1,0.0,0,1,0,4.0,0.0
67c6d1c9-e5b6-490f-905c-fa47dde0590d,JazzCash,Banking,Kamran Niaz,Unknown,4,2025-11-01 17:13:35,very good serves,very good serves,0,3,16,0,0,0,1.0,0,0,0.4927,1,0,1,0.0,0,1,0,4.0,0.0
ba786cef-9a71-4039-8336-ebec6d052118,JazzCash,Banking,Adeela Bashir,Unknown,5,2025-11-01 18:08:11,exellent,exellent,0,1,8,0,0,0,1.0,0,0,0.0,1,0,1,0.0,0,1,0,5.0,0.0
450334b7-a0b9-4aab-a596-be816c114f23,JazzCash,Banking,Syed Adil Kazmi,Unknown,5,2025-11-01 18:08:28,"my first experience, it's really good.","my first experience, it's really good.",0,6,38,0,0,0,1.0,0,0,0.4927,1,0,1,0.0,0,1,0,5.0,0.0
9591e758-9025-421d-96d4-f463730f70e8,JazzCash,Banking,Saqib Virk,Unknown,5,2025-11-01 18:13:43,stunning,stunning,0,1,8,0,0,0,1.0,0,0,0.3818,1,0,1,0.0,0,1,0,5.0,0.0
07e3babd-c0dd-46c6-84bb-908e2fd04dfb,JazzCash,Banking,Irfan Ahmad,Unknown,5,2025-11-01 18:27:45,good .,good .,0,2,6,0,0,0,1.0,0,0,0.4404,1,0,1,0.0,0,1,0,5.0,0.0
a7040976-be07-4ad1-97b9-26b37887e0c4,JazzCash,Banking,Jawad Haider,Unknown,4,2025-11-01 18:32:22,Good banking,good banking,0,2,12,0,0,0,1.0,0,0,0.4404,1,0,1,0.0,0,1,0,4.0,0.0
7db20b5b-c3c7-4f7e-8dae-fe93f5d5365b,JazzCash,Banking,toqir toqir,Unknown,5,2025-11-01 18:54:08,jazzcash is best,jazzcash is best,0,3,16,0,0,0,1.0,0,0,0.6369,1,0,1,0.0,0,1,0,5.0,0.0
93302877-7ef8-4a88-8236-a169436a8847,JazzCash,Banking,anime creator,Unknown,5,2025-11-01 19:04:53,nice payment,nice payment,0,2,12,0,0,0,1.0,0,0,0.4215,1,0,1,0.0,0,1,0,5.0,0.0
0dbc298e-c0bc-488c-a0f4-97012474df05,JazzCash,Banking,Ameera Moto,Unknown,1,2025-11-01 19:20:36,what is the user manual code,what is the user manual code,0,6,28,0,0,0,1.0,0,0,0.0,1,0,1,0.0,0,1,0,1.0,0.0
cc791bef-804f-4640-84c8-6a2d17e8222e,JazzCash,Banking,Sarwar,Unknown,5,2025-11-01 19:26:36,Jazz cash lain dain main best app jazz cash,jazz cash lain dain main best app jazz cash,0,9,43,0,0,0,0.7777777777777778,0,1,0.6369,1,0,1,0.0,0,1,0,5.0,0.0
66456e4a-e08a-419a-80de-c0ccdd372617,JazzCash,Banking,Bilal Iqbal,Unknown,5,2025-11-01 19:35:51,it's to good and easy,it's to good and easy,0,5,21,0,0,0,1.0,0,0,0.7003,1,0,1,0.0,0,1,0,5.0,0.0
cdc677b0-55fa-42c5-ad80-d08c1c392398,JazzCash,Banking,Muhammad Ali,Unknown,1,2025-11-01 20:06:14,bilkul baqwas app hai Kisi Kam ki nhi hai ek baar me otp Kam nhi kr rhi fazool tareen app hai 0000 stars,bilkul baqwas app hai kisi kam ki nhi hai ek baar me otp kam nhi kr rhi fazool tareen app hai 0000 stars,0,23,104,0,0,0,0.782608695652174,0,1,0.0,1,0,2,53894.0,0,1,0,3.0,2.8284271247461903
7426acd6-5915-46d5-9fc0-6bf5ef12af72,JazzCash,Banking,Malik Jani,Unknown,5,2025-11-01 21:15:09,it's great,it's great,0,2,10,0,0,0,1.0,0,0,0.6249,1,0,1,0.0,0,1,0,5.0,0.0
629fa515-4e31-41e9-a92e-6b420917a466,JazzCash,Banking,Asif Iqbal,Unknown,5,2025-11-01 22:00:05,Super,super,0,1,5,0,0,0,1.0,0,0,0.5994,1,0,1,0.0,0,4,0,5.0,0.0
8514d76d-666e-44da-9a38-3559a9dc2e42,JazzCash,Banking,Imram Shahzad,Unknown,5,2025-11-01 22:04:51,Helps me in crutial time as Im a good payer soo Im okay with it.,helps me in crutial time as im a good payer soo im okay with it.,0,15,64,0,0,0,0.9333333333333333,0,0,0.7506,1,0,1,0.0,0,1,0,5.0,0.0
20755cc6-9e1f-45f9-b8d5-d6d550e33126,JazzCash,Banking,Talha Hanif,Unknown,1,2025-11-02 00:44:45,hi! i have not received my otp.. i tried again and again..,hi! i have not received my otp.. i tried again and again..,0,12,58,0,0,0,0.9166666666666666,0,0,0.0,1,0,1,0.0,0,1,0,1.0,0.0
f1b56e36-e25f-47c5-bbec-f0b2f0f35053,JazzCash,Banking,Farooq Javed,Unknown,2,2025-11-02 01:17:25,"in app advertising for third parties like I drive, this ruin the app experience","in app advertising for third parties like i drive, this ruin the app experience",0,14,79,0,0,0,0.9285714285714286,0,1,-0.0772,1,0,1,0.0,0,1,0,2.0,0.0
e353edcf-be8f-45d9-af8e-cfbac9f25291,JazzCash,Banking,KarooKhan Otho (KK.528),Unknown,3,2025-11-02 01:34:31,acchi application hai lekin score behtar banaya jaaye shukriya,acchi application hai lekin score behtar banaya jaaye shukriya,0,9,62,0,0,0,1.0,0,1,0.0,1,0,1,0.0,0,1,0,3.0,0.0
15a5aae0-4572-4cac-a3ee-fa2b0fa0b2e4,JazzCash,Banking,Pakistan Zindabad,Unknown,5,2025-11-02 01:45:06,best helping app,best helping app,0,3,16,0,0,0,1.0,0,1,0.7506,1,0,1,0.0,0,1,0,5.0,0.0
365189b7-409a-4932-b9bb-6f35adaf9f83,JazzCash,Banking,Asghar Kalhoro,Unknown,5,2025-11-02 02:32:53,it's a great app I'm using from many years for sending money paying bills and also use for mobile packages,it's a great app i'm using from many years for sending money paying bills and also use for mobile packages,0,20,106,0,0,0,0.95,0,1,0.6249,1,0,1,0.0,0,1,0,5.0,0.0
0569f6a3-1a57-4921-a772-e2f766014353,JazzCash,Banking,Mukhtar haral,Unknown,3,2025-11-02 03:08:30,"I've been using the Jazz Cash app for 3 months, but the account I created doesn't allow money transfers without biometric verification. Please solve this issue, and I'll give you a 5-star ⭐ rating if you resolve this problem.","i've been using the jazz cash app for 3 months, but the account i created doesn't allow money transfers without biometric verification. please solve this issue, and i'll give you a 5-star ⭐ rating if you resolve this problem.",0,39,225,0,0,0,0.9230769230769231,0,1,-0.1355,1,0,1,0.0,0,1,0,3.0,0.0
7a0666ff-7acf-4c56-9bd6-2ced59ba4355,JazzCash,Banking,Rajoo M,Unknown,5,2025-11-02 03:17:14,goood,goood,0,1,5,0,0,0,1.0,0,0,0.0,1,0,1,0.0,0,1,0,5.0,0.0
559e4271-c7dc-4c84-898c-8d2860901aaf,JazzCash,Banking,m y,Unknown,2,2025-11-02 03:46:55,worst service,worst service,0,2,13,0,0,0,1.0,0,0,-0.6249,1,0,1,0.0,0,1,0,2.0,0.0
4ee2b9f5-c9cc-4b22-a77c-daf5b3d034b3,JazzCash,Banking,Shafqat hkan,Unknown,5,2025-11-02 03:53:19,Nicely works,nicely works,0,2,12,0,0,0,1.0,0,0,0.4404,1,0,1,0.0,0,1,0,5.0,0.0
49b00526-d896-46ca-a3f3-e3fb0d6cbc5b,JazzCash,Banking,Shakeela Bibi,Unknown,4,2025-11-02 04:39:06,Good service,good service,0,2,12,0,0,0,1.0,0,0,0.4404,1,0,1,0.0,0,4,0,4.0,0.0
0eafdebc-57ac-408f-97c3-91f0e2e6b8ac,JazzCash,Banking,PARVAIZ KHAN,Unknown,5,2025-11-02 04:46:55,yes good,yes good,0,2,8,0,0,0,1.0,0,0,0.6808,1,0,1,0.0,0,1,0,5.0,0.0
813eaf07-f7dc-4fbb-9e86-dd2602feac5b,JazzCash,Banking,Abbas Ali,Unknown,5,2025-11-02 05:30:19,Hi I am happy.,hi i am happy.,0,4,14,0,0,0,1.0,0,1,0.5719,1,0,1,0.0,0,1,0,5.0,0.0
8d26eb53-8b72-411f-8c77-db62ef66e976,JazzCash,Banking,But no,Unknown,1,2025-11-02 05:31:45,lol wargi app,lol wargi app,0,3,13,0,0,0,1.0,0,1,0.4215,1,0,1,0.0,0,1,0,1.0,0.0
279c8e85-c28f-47c2-8831-e42fbbef4c78,JazzCash,Banking,Waqar Álî Shãhâñî,Unknown,5,2025-11-02 05:34:56,Helpful 😃,helpful 😃,0,2,9,1,0,0,1.0,0,0,0.6486,1,0,1,0.0,0,1,0,5.0,0.0
a0dde685-fada-4c38-b6c6-df8f31c03e0f,JazzCash,Banking,Adnan Mona,Unknown,5,2025-11-02 05:52:09,amazing app,amazing app,0,2,11,0,0,0,1.0,0,1,0.5859,1,0,1,0.0,0,1,0,5.0,0.0
784f5fb7-3f64-426e-badc-82c0790c652a,JazzCash,Banking,Haider Faisal,Unknown,1,2025-11-02 05:54:08,they are unable to send otp on time which cause multiple attempts and then they say you cant sign in before 24 hours wtfff,they are unable to send otp on time which cause multiple attempts and then they say you cant sign in before 24 hours wtfff,0,24,122,0,0,0,0.9583333333333334,0,0,0.0,1,0,1,0.0,0,1,0,1.0,0.0
df22cd1a-e3e1-4424-ae14-416968b239fc,JazzCash,Banking,Shahanalizai34@gmail.com Shahanalizai,Unknown,1,2025-11-02 06:03:55,good 💯,good 💯,0,2,6,1,0,0,1.0,0,0,0.4404,1,0,1,0.0,0,4,0,1.0,0.0
cae886b7-44a0-440b-b604-240ebe237e1c,JazzCash,Banking,Shamaoon Prince,Unknown,5,2025-11-02 06:15:00,so good 👍,so good 👍,0,3,9,1,0,0,1.0,0,0,0.4927,1,0,1,0.0,0,1,0,5.0,0.0
cb4edb49-2a09-4473-9cd2-f2905bb9cee2,JazzCash,Banking,nasir jameel,Unknown,4,2025-11-02 06:16:47,very good performance,very good performance,0,3,21,0,0,0,1.0,0,0,0.4927,1,0,1,0.0,0,1,0,4.0,0.0
3b69fc24-157b-4f88-b425-075c276d8b92,JazzCash,Banking,M Ishfaq,Unknown,5,2025-11-02 06:37:34,Yes u,yes u,0,2,5,0,0,0,1.0,0,0,0.4019,1,0,1,0.0,0,1,0,5.0,0.0
0a75c965-cbbb-4b1c-828a-f5d5e71cfd68,JazzCash,Banking,ramesh Krishan,Unknown,5,2025-11-02 06:47:48,Nice app,nice app,0,2,8,0,0,0,1.0,0,1,0.4215,1,0,1,0.0,0,4,0,5.0,0.0
30f8f26d-9e47-410a-9dc0-4254b14e6baf,JazzCash,Banking,Shahzad Masih,Unknown,5,2025-11-02 06:50:24,Great Application,great application,0,2,17,0,0,0,1.0,0,1,0.6249,1,0,1,0.0,0,1,0,5.0,0.0
70718d1e-1ef5-4060-a254-57653d2d5187,JazzCash,Banking,Arsalan BH (Arsalan Bhatti),Unknown,1,2025-11-02 07:03:45,"worst app not receive amount, pin problem,etc","worst app not receive amount, pin problem,etc",0,7,45,0,0,0,1.0,0,1,-0.6249,1,0,1,0.0,0,1,0,1.0,0.0
5a66263f-a258-4c6f-94fc-707408fe2022,JazzCash,Banking,sʜs 7,Unknown,1,2025-11-02 07:08:27,Extremely bad experience ! The amount does not update after paying utility bills. Sometimes correct amount doesn't show.,extremely bad experience ! the amount does not update after paying utility bills. sometimes correct amount doesn't show.,0,18,120,0,0,0,0.9444444444444444,0,0,-0.623,1,0,1,0.0,0,1,0,1.0,0.0
92b86a58-d66e-47f8-bb82-90b188560653,JazzCash,Banking,haroon ali,Unknown,1,2025-11-02 07:09:31,free bill,free bill,0,2,9,0,0,0,1.0,1,0,0.5106,1,0,1,0.0,0,1,1,1.0,0.0
ff3e7aa1-e190-41d1-89df-45b44d3495fa,JazzCash,Banking,Wahab Khan,Unknown,2,2025-11-02 07:12:46,I lost my old phone and now I can't get access to my account on my new phone I have loan and loan is grow I have money to repay but I can't access in new phone,i lost my old phone and now i can't get access to my account on my new phone i have loan and loan is grow i have money to repay but i can't access in new phone,0,37,159,0,0,0,0.5945945945945946,0,0,-0.1655,1,0,1,0.0,0,1,0,2.0,0.0
76cef8f1-06a9-4c2e-b200-b10ac281ba6f,JazzCash,Banking,Hashir Jutt,Unknown,5,2025-11-02 07:23:50,I am really satisfied with jazzcash,i am really satisfied with jazzcash,0,6,35,0,0,0,1.0,0,0,0.4754,1,0,1,0.0,0,1,0,5.0,0.0
fe9512b2-b1da-4be1-bc3e-411ee3b3d9a6,JazzCash,Banking,Naseer Ahmed,Unknown,4,2025-11-02 08:02:04,best app,best app,0,2,8,0,0,0,1.0,0,1,0.6369,1,0,2,1390714.0,0,4,0,3.0,1.4142135623730951
0daf82ac-2dd2-42ae-8c52-74a14cf846f9,JazzCash,Banking,Sharjeel Ahmed,Unknown,4,2025-11-02 08:25:50,best option for beginners,best option for beginners,0,4,25,0,0,0,1.0,0,0,0.6369,1,0,1,0.0,0,1,0,4.0,0.0
ca10fccf-79d9-4688-9f7b-8e10ac5c65c6,JazzCash,Banking,Taeeab Ali,Unknown,1,2025-11-02 08:30:19,bundle packages not subscribe,bundle packages not subscribe,0,4,29,0,0,0,1.0,0,0,0.0,1,0,1,0.0,0,1,0,1.0,0.0
80d8591a-a9bc-4f9f-b6b2-4ef66ebba114,JazzCash,Banking,Rukhsana Daraz Bhatti,Unknown,5,2025-11-02 08:33:57,so beautiful ❤️,so beautiful ❤️,0,3,15,0,0,0,1.0,0,0,0.6361,1,0,1,0.0,0,1,0,5.0,0.0
5fcb6c5a-067f-429f-9c53-11f7d3ee2ce0,JazzCash,Banking,Bilal Rashid Khan,Unknown,5,2025-11-02 08:39:09,Excellent App,excellent app,0,2,13,0,0,0,1.0,0,1,0.5719,1,0,1,0.0,0,2,0,5.0,0.0
7b5ed2b4-a7e9-46f2-b626-4d31cec8916e,JazzCash,Banking,Mansab Ali,Unknown,5,2025-11-02 08:42:38,"useful,wow","useful,wow",0,1,10,0,0,0,1.0,0,0,0.0,1,0,1,0.0,0,1,0,5.0,0.0
1e108d09-70dd-4aa2-bc33-9a7d71c53675,JazzCash,Banking,IZZAT ULLAH KHAN,Unknown,5,2025-11-02 08:47:17,Amazing app!,amazing app!,0,2,12,0,0,0,1.0,0,1,0.6239,1,0,1,0.0,0,1,0,5.0,0.0
242100c9-47e5-44ae-8334-856935ad1fab,JazzCash,Banking,Muhammad Afzal,Unknown,5,2025-11-02 09:36:28,veer good,veer good,0,2,9,0,0,0,1.0,0,0,0.4404,1,0,1,0.0,0,1,0,5.0,0.0
b7bf2b74-93b3-4eca-bbc6-478f84755f05,JazzCash,Banking,Hamid raza,Unknown,5,2025-11-02 10:54:54,very helpful,very helpful,0,2,12,0,0,0,1.0,0,0,0.4754,1,0,1,0.0,0,2,0,5.0,0.0
56541465-5d7f-4982-96cf-121aad566dc0,JazzCash,Banking,Rao Yousuf,Unknown,5,2025-11-02 11:42:52,Excellent experience use jaze cash account,excellent experience use jaze cash account,0,6,42,0,0,0,1.0,0,0,0.5719,1,0,1,0.0,0,1,0,5.0,0.0
c8d9b432-657b-49bb-aa05-a698682e49dc,JazzCash,Banking,Haris Rehmaan,Unknown,5,2025-11-02 12:04:08,Jazz cash best using app,jazz cash best using app,0,5,24,0,0,0,1.0,0,1,0.6369,1,0,1,0.0,0,1,0,5.0,0.0
827d6472-4794-4ca2-9e36-fe778c38a3fb,JazzCash,Banking,Said Akbar khan said akbar,Unknown,5,2025-11-02 12:04:32,best app for money transfer,best app for money transfer,0,5,27,0,0,0,1.0,0,1,0.6369,1,0,1,0.0,0,1,0,5.0,0.0
db0f4b23-8cf5-40f9-bc94-0204dfd7e24c,JazzCash,Banking,Kamran Haider Kamran,Unknown,5,2025-11-02 12:10:07,Best Money Transferring app,best money transferring app,0,4,27,0,0,0,1.0,0,1,0.6369,1,0,1,0.0,0,1,0,5.0,0.0
704182d7-a90b-47c4-b342-d22be42390bb,JazzCash,Banking,Tanveer Chang,Unknown,5,2025-11-02 12:11:48,very good and very nice,very good and very nice,0,5,23,0,0,0,0.8,0,0,0.742,1,0,1,0.0,0,1,0,5.0,0.0
2d7ffdf2-57e6-4919-a029-b9b87b6112b7,JazzCash,Banking,Nasir Gohar,Unknown,5,2025-11-02 12:29:36,Good Experience,good experience,0,2,15,0,0,0,1.0,0,0,0.4404,1,0,1,0.0,0,5,0,5.0,0.0
5ce50fc4-0483-4286-89c6-14682f88caee,JazzCash,Banking,Muhammad Asif,Unknown,3,2025-11-02 12:30:03,financial freedom,financial freedom,0,2,17,0,0,0,1.0,1,0,0.6369,1,0,3,0.0,0,1,0,3.6666666666666665,1.1547005383792517
0782277a-a72b-4c48-bc52-684ebf29600a,JazzCash,Banking,Shoaib Malik,Unknown,5,2025-11-02 12:36:48,nice apple cation,nice apple cation,0,3,17,0,0,0,1.0,0,1,0.4215,1,0,1,0.0,0,1,0,5.0,0.0
d1541fe0-201f-4520-a85b-79883b92a983,JazzCash,Banking,Ali Hassan,Unknown,5,2025-11-02 12:48:41,great 👍❤️,great 👍❤️,0,2,9,1,0,0,1.0,0,0,0.6249,1,0,2,666572.0,0,1,0,4.0,1.4142135623730951
3359032e-fa0c-4a36-9a65-351660774382,JazzCash,Banking,Babar Azeem,Unknown,5,2025-11-02 12:57:39,good performing,good performing,0,2,15,0,0,0,1.0,0,0,0.4404,1,0,1,0.0,0,1,0,5.0,0.0
b0535ca6-34c5-4a75-8bff-8db93632e146,JazzCash,Banking,Ayesha Javaid,Unknown,5,2025-11-02 13:02:50,good but Maine loan bhi nahin liya hai aur recently mere 1800 pata nahin kaise katoge message mujhe yah aaya hai k lon liya tha but maine koi loan Nahin liya I am really disappoint,good but maine loan bhi nahin liya hai aur recently mere 1800 pata nahin kaise katoge message mujhe yah aaya hai k lon liya tha but maine koi loan nahin liya i am really disappoint,0,35,180,0,0,0,0.7714285714285715,0,1,-0.4659,1,0,1,0.0,0,1,0,5.0,0.0
845965c7-ed19-4ebf-b21d-6b6941eb7687,JazzCash,Banking,Kamal Malik,Unknown,2,2025-11-02 13:51:37,money not added on time,money not added on time,0,5,23,0,0,0,1.0,0,0,0.0,1,0,1,0.0,0,1,0,2.0,0.0
e20d2911-79a9-471b-8155-6f5299f1d25a,JazzCash,Banking,Usman 919,Unknown,1,2025-11-02 13:53:06,normal appppppppppppppppppppppp,normal appppppppppppppppppppppp,0,2,31,0,0,0,1.0,0,1,0.0,1,0,1,0.0,0,1,0,1.0,0.0
03857039-0180-4071-ab07-53c63a28a0a5,JazzCash,Banking,Fida Hussain,Unknown,1,2025-11-02 14:52:11,how can I type otp on it.,how can i type otp on it.,0,7,25,0,0,0,1.0,0,0,0.0,1,0,1,0.0,0,1,0,1.0,0.0
f5aad692-7856-45b0-bf9d-7e663848b7f4,JazzCash,Banking,Sadiq Afridi,Unknown,1,2025-11-02 14:54:47,untrusted app.every time and anytime can be deceived customers ...,untrusted app.every time and anytime can be deceived customers ...,0,10,66,0,0,0,1.0,0,1,-0.4404,1,0,1,0.0,0,1,0,1.0,0.0
e53c651c-7b4d-4142-9b3d-97a107331891,JazzCash,Banking,Abdullah zia,Unknown,1,2025-11-02 16:36:21,very bad experience..mene 5000 send Kya tha or vo usko receive hi NAHI hua or mere account sy bhi kat gya ...what the hell .....,very bad experience..mene 5000 send kya tha or vo usko receive hi nahi hua or mere account sy bhi kat gya ...what the hell .....,0,25,128,0,0,1,0.96,0,1,-0.8553,1,0,1,0.0,0,1,0,1.0,0.0
518be93e-ba64-49d6-a0b3-cc777817f608,JazzCash,Banking,Sam Sam shahid,Unknown,1,2025-11-02 16:47:00,right,right,0,1,5,0,0,0,1.0,0,0,0.0,1,0,1,0.0,0,1,0,1.0,0.0
e9cd55d0-4a15-4aba-99bb-a53c0a5fd29c,JazzCash,Banking,Tanveer Ahmed,Unknown,4,2025-11-02 18:18:04,good 💯,good 💯,0,2,6,1,0,0,1.0,0,0,0.4404,1,0,1,0.0,0,4,0,4.0,0.0
498ffebc-c7a3-4c5f-b769-1c5871123226,JazzCash,Banking,Akhtar Salam,Unknown,4,2025-11-02 20:37:55,vip my jazz Cash ❤️ i am happy,vip my jazz cash ❤️ i am happy,0,8,30,0,0,0,1.0,0,1,0.7906,1,0,1,0.0,0,1,0,4.0,0.0
0e1bcd80-ec33-439b-9e9e-ff406e150b6f,JazzCash,Banking,Salman Family,Unknown,2,2025-11-03 00:17:45,"One of the Worst Services you could use for financial matters. E-statement not being sent to email. Most transactions in history are not showing up, the app is heavy, should be more light weight","one of the worst services you could use for financial matters. e-statement not being sent to email. most transactions in history are not showing up, the app is heavy, should be more light weight",0,34,194,0,0,0,0.9411764705882353,0,1,-0.6124,1,0,1,0.0,0,1,0,2.0,0.0
ccea4d76-0ac2-467b-814e-99420ec66717,JazzCash,Banking,Amar Ali,Unknown,5,2025-11-03 02:12:24,nice platform 👍,nice platform 👍,0,3,15,1,0,0,1.0,0,0,0.4215,1,0,1,0.0,0,1,0,5.0,0.0
f78f360d-0940-4fdf-8897-451a8aed2456,JazzCash,Banking,Tahseen Shah,Unknown,5,2025-11-03 02:40:03,excellent app better then any other app easy۔ to use,excellent app better then any other app easy۔ to use,0,10,52,0,0,0,0.9,0,1,0.765,1,0,1,0.0,0,1,0,5.0,0.0
7326505d-94e3-407a-971d-2dcb3be3657a,JazzCash,Banking,Anjum phatal,Unknown,5,2025-11-03 02:53:37,easy to pay,easy to pay,0,3,11,0,0,0,1.0,0,0,0.3612,1,0,1,0.0,0,1,0,5.0,0.0
a27b57bd-36e8-485d-acb7-a9dbf7b84f2b,JazzCash,Banking,NOURAIZ RAFIQUE,Unknown,5,2025-11-03 03:24:16,excellent 👍,excellent 👍,0,2,11,1,0,0,1.0,0,0,0.5719,1,0,1,0.0,0,1,0,5.0,0.0
2a2d4b3d-d3a0-4071-8b0e-108006d28b12,JazzCash,Banking,Muhammad Kumail,Unknown,5,2025-11-03 03:28:24,it's so fantastic money sending and receiving app and other bill pay .....,it's so fantastic money sending and receiving app and other bill pay .....,0,13,74,0,0,0,0.9230769230769231,0,1,0.5413,1,0,1,0.0,0,1,0,5.0,0.0
0ca47d8a-f598-4341-93ef-8a3fd8594bf4,JazzCash,Banking,Sidra Sidra,Unknown,5,2025-11-03 03:32:49,very good app for money transfer,very good app for money transfer,0,6,32,0,0,0,1.0,0,1,0.4927,1,0,1,0.0,0,1,0,5.0,0.0
d856eb59-8080-4028-8739-c72cf2b0cb10,JazzCash,Banking,Rajab Ali,Unknown,5,2025-11-03 03:46:55,thanks you,thanks you,0,2,10,0,0,0,1.0,0,0,0.4404,1,0,1,0.0,0,1,0,5.0,0.0
c4ac515b-1dec-45df-8b14-6bef736474ca,JazzCash,Banking,Dr.saqlain. Health,Unknown,5,2025-11-03 04:05:40,thank you jazz Yes Bank open karne ke liye very very thanks,thank you jazz yes bank open karne ke liye very very thanks,0,12,59,0,0,0,0.9166666666666666,0,0,0.8258,1,0,1,0.0,0,1,0,5.0,0.0
89751bea-501b-49d7-8b4a-e1a94f2c5058,JazzCash,Banking,Zain Ahmed,Unknown,1,2025-11-03 04:05:53,This new device verification system that has been added is very wrong. Please remove this system.,this new device verification system that has been added is very wrong. please remove this system.,0,16,97,0,0,0,0.9375,0,0,-0.2058,1,0,1,0.0,0,1,0,1.0,0.0
3b1cb100-3a20-4f38-8b96-0bc90a4816ee,JazzCash,Banking,Fakhar Khan,Unknown,5,2025-11-03 04:11:45,Good app,good app,0,2,8,0,0,0,1.0,0,1,0.4404,1,0,1,0.0,0,10,0,5.0,0.0
35f7cd52-f3cd-41c4-b51d-9cfb0642aaf9,JazzCash,Banking,Mansoor Usf,Unknown,5,2025-11-03 04:34:58,jazzzcash services are best because its too easy to use.,jazzzcash services are best because its too easy to use.,0,10,56,0,0,0,1.0,0,0,0.7964,1,0,1,0.0,0,1,0,5.0,0.0
022b4bb1-36f1-4181-ba19-a030e22ce6c9,JazzCash,Banking,Arshad Ali,Unknown,5,2025-11-03 04:53:29,time wist not good working,time wist not good working,0,5,26,0,0,0,1.0,0,0,-0.3412,1,0,1,0.0,0,1,0,5.0,0.0
685d6f2e-8730-423c-a225-94469b4047a2,JazzCash,Banking,Asif Ali,Unknown,5,2025-11-03 04:58:44,asif Ali Asif1234,asif ali asif1234,0,3,17,0,0,0,1.0,0,0,0.0,1,0,1,0.0,0,1,0,5.0,0.0
65310431-88f7-49ac-a17a-30f14bdda33f,JazzCash,Banking,Adeel Baloch,Unknown,5,2025-11-03 05:13:00,Such a wonderful app,such a wonderful app,0,4,20,0,0,0,1.0,0,1,0.5719,1,0,1,0.0,0,1,0,5.0,0.0
a23079b2-bcbb-4ba1-a0b5-e724a5161a04,JazzCash,Banking,Haris Waseem,Unknown,1,2025-11-03 05:19:46,Third class App😡🤬 My Money Has been stuck,third class app😡🤬 my money has been stuck,0,8,41,2,0,0,1.0,0,1,-0.25,1,0,1,0.0,0,1,0,1.0,0.0
27008cda-ee5a-40c6-939f-dbc63a4e13a8,JazzCash,Banking,Manzoor Quader,Unknown,5,2025-11-03 05:29:08,Excellent service,excellent service,0,2,17,0,0,0,1.0,0,0,0.5719,1,0,1,0.0,0,3,0,5.0,0.0
3df9c225-a7e3-4fbd-ae47-d7142f7b41d3,JazzCash,Banking,arsid ali,Unknown,5,2025-11-03 05:49:57,its really helpful app payment mange banking,its really helpful app payment mange banking,0,7,44,0,0,0,1.0,0,1,0.4754,1,0,1,0.0,0,1,0,5.0,0.0
e43b49de-62d8-4cdb-a27f-4b549265aef5,JazzCash,Banking,Mian Khalid,Unknown,1,2025-11-03 06:08:34,lora service,lora service,0,2,12,0,0,0,1.0,0,0,0.0,1,0,1,0.0,0,1,0,1.0,0.0
495f2e47-b9d2-4d0c-bb53-d75634b7afa8,JazzCash,Banking,Saeed Iqbal,Unknown,5,2025-11-03 06:20:58,nice week,nice week,0,2,9,0,0,0,1.0,0,0,0.4215,1,0,1,0.0,0,1,0,5.0,0.0
347a57f6-745c-42a1-b1e8-b3663672d519,JazzCash,Banking,Shahmor Ali,Unknown,3,2025-11-03 06:22:54,I thanks,i thanks,0,2,8,0,0,0,1.0,0,0,0.4404,1,0,1,0.0,0,1,0,3.0,0.0
10276433-97ac-4710-a695-20ea808220e0,JazzCash,Banking,Manzar red,Unknown,3,2025-11-03 06:27:27,very good,very good,0,2,9,0,0,0,1.0,0,0,0.4927,1,0,1,0.0,0,6,0,3.0,0.0
c2aee900-dfdf-4203-866b-04a6b5324b6b,JazzCash,Banking,Ajmal Naseer,Unknown,5,2025-11-03 06:43:11,Quick and Convenient,quick and convenient,0,3,20,0,0,0,1.0,0,0,0.0,1,0,1,0.0,0,1,0,5.0,0.0
1d0cd7f9-5980-404c-a9dc-94b6eee8735b,JazzCash,Banking,M.Ahmad,Unknown,5,2025-11-03 07:05:28,Thank you for the great feedback! We're happy to know you're enjoying the app. Let us know if there's anything more you'd like to see!,thank you for the great feedback! we're happy to know you're enjoying the app. let us know if there's anything more you'd like to see!,0,25,134,0,0,0,0.88,0,1,0.9521,1,0,1,0.0,0,1,0,5.0,0.0
2d8da90c-9294-47c2-b8bc-2bdd7e636abd,JazzCash,Banking,Muhammad Anas Ahamadani,Unknown,5,2025-11-03 07:13:46,good luck,good luck,0,2,9,0,0,0,1.0,0,0,0.7096,1,0,1,0.0,0,3,0,5.0,0.0
db231073-edc2-4ffb-8ef3-aa9f1000d177,JazzCash,Banking,Shahid Niazi Kung Fu,Unknown,5,2025-11-03 07:14:41,good 💯,good 💯,0,2,6,1,0,0,1.0,0,0,0.4404,1,0,1,0.0,0,4,0,5.0,0.0
40905bd6-760b-4827-ac34-acee63e5c72c,JazzCash,Banking,Hamdan Sajid,Unknown,5,2025-11-03 07:15:12,Mera jazz cash account me biometric ka masla araha hai,mera jazz cash account me biometric ka masla araha hai,0,10,54,0,0,0,1.0,0,1,0.0,1,0,1,0.0,0,1,0,5.0,0.0
a9a2a704-f834-4a1b-a222-cfc90bdbb9f1,JazzCash,Banking,Nursingh Sodha,Unknown,1,2025-11-03 07:18:27,I have subscribe a zong bundle which is not activate and not get my amount back and the nmbr is also correct,i have subscribe a zong bundle which is not activate and not get my amount back and the nmbr is also correct,0,22,108,0,0,0,0.8636363636363636,0,0,0.0,1,0,1,0.0,0,1,0,1.0,0.0
1feb3bad-23ae-4dcc-acb2-d48d7b47050a,JazzCash,Banking,Muneeb Ahmed Toor,Unknown,5,2025-11-03 07:20:58,Das ist wunderbar.,das ist wunderbar.,0,3,18,0,0,0,1.0,0,0,0.0,1,0,1,0.0,0,1,0,5.0,0.0
a4c14881-b4ae-4c34-9fb1-78ea446ba4b1,JazzCash,Banking,Zeeshan,Unknown,1,2025-11-03 07:24:20,Transactions history ko fix karein,transactions history ko fix karein,0,5,34,0,0,0,1.0,0,0,0.0,1,0,1,0.0,0,1,0,1.0,0.0
22e1528d-4580-4f83-afb1-70cc7b41c023,JazzCash,Banking,self esteem2,Unknown,1,2025-11-03 07:30:47,Farigh tareen app...10 baar try kro to ail bar open hoti hy,farigh tareen app...10 baar try kro to ail bar open hoti hy,0,12,59,0,0,0,1.0,0,1,0.0,1,0,1,0.0,0,1,0,1.0,0.0
161a6555-cb4c-4dc2-b91c-c85cc56035ce,JazzCash,Banking,Usman Khan,Unknown,5,2025-11-03 07:41:46,Nice 👍,nice 👍,0,2,6,1,0,0,1.0,0,0,0.4215,1,0,1,0.0,0,5,0,5.0,0.0
1c45e051-714c-41b1-ade6-59da7b07b7a2,JazzCash,Banking,Shah Khan,Unknown,5,2025-11-03 08:21:45,best app jazz cash,best app jazz cash,0,4,18,0,0,0,1.0,0,1,0.6369,1,0,1,0.0,0,1,0,5.0,0.0
c63356ac-edb7-4f7e-b4fe-a13d57c3cbbc,JazzCash,Banking,Baqir Qumbrani,Unknown,4,2025-11-03 08:38:22,Good 👍,good 👍,0,2,6,1,0,0,1.0,0,0,0.4404,1,0,1,0.0,0,8,0,4.0,0.0
4182b8ad-222f-4867-af4e-df5f2fcee1a2,JazzCash,Banking,Cricket RoundUP,Unknown,2,2025-11-03 08:45:57,"When I connect Payoneer with JazzCash, the screen doesn’t move to the next step after login. I don’t know if it’s a bug or a glitch, please resolve this issue.","when i connect payoneer with jazzcash, the screen doesn’t move to the next step after login. i don’t know if it’s a bug or a glitch, please resolve this issue.",0,30,159,0,0,0,0.9,0,0,0.5994,1,0,1,0.0,0,1,1,2.0,0.0
0ae42db4-4f9d-4445-885f-27cdaf64c8bd,JazzCash,Banking,M Tahirdr135,Unknown,5,2025-11-03 08:50:31,so nice and easy app,so nice and easy app,0,5,20,0,0,0,1.0,0,1,0.7397,1,0,1,0.0,0,1,0,5.0,0.0
2fa6c4e5-80f3-4964-9034-cd22845f48a1,JazzCash,Banking,Syed sabtain Abbas,Unknown,1,2025-11-03 08:59:08,very bad app,very bad app,0,3,12,0,0,0,1.0,0,1,-0.5849,1,0,1,0.0,0,1,0,1.0,0.0
c90d87ed-5bf0-46a7-bc4d-4f9ef1ae43ff,JazzCash,Banking,Saira Mughal,Unknown,5,2025-11-03 09:13:23,Awesome 👍👍👍,awesome 👍👍👍,0,2,11,3,0,0,1.0,0,0,0.6249,1,0,1,0.0,0,1,0,5.0,0.0
e554ba19-d4fb-4ca9-b45f-4fdb0f35e3a6,JazzCash,Banking,Muhammad Asif,Unknown,3,2025-11-03 09:14:34,Nice app,nice app,0,2,8,0,0,0,1.0,0,1,0.4215,1,0,3,74671.0,0,4,0,3.6666666666666665,1.1547005383792517
df4a1d90-9bec-4377-8fbe-3b0f8d6d6989,JazzCash,Banking,Muhammad Asif,Unknown,5,2025-11-03 09:39:42,I always like jazzcash because it works free data,i always like jazzcash because it works free data,0,9,49,0,0,0,1.0,1,0,0.7003,1,0,3,1508.0,0,1,0,3.6666666666666665,1.1547005383792517
7ee67d54-20df-44db-baba-391e62f4ba2d,JazzCash,Banking,Abdul Samad,Unknown,5,2025-11-03 10:05:28,very smooth,very smooth,0,2,11,0,0,0,1.0,0,0,0.0,1,0,1,0.0,0,2,0,5.0,0.0
7afae0cd-2984-4871-8d0d-1d6d0e2510fb,JazzCash,Banking,Mudassir khan,Unknown,5,2025-11-03 10:14:05,greatest,greatest,0,1,8,0,0,0,1.0,0,0,0.6369,1,0,1,0.0,0,1,0,5.0,0.0
2169e252-c199-4dbe-bee4-a1b5413b40ec,JazzCash,Banking,Muhammad Zubair,Unknown,5,2025-11-03 10:21:00,okay kr,okay kr,0,2,7,0,0,0,1.0,0,0,0.2263,1,0,1,0.0,0,1,0,5.0,0.0
ae6051b6-e4c4-4662-a956-cb131c4da992,JazzCash,Banking,Muhammad Khan,Unknown,1,2025-11-03 10:28:23,گود ایپ,گود ایپ,0,2,7,0,0,0,1.0,0,0,0.0,1,0,1,0.0,0,1,0,1.0,0.0
1e0dae08-1e3e-42d3-bf2d-9d475d02b0e5,JazzCash,Banking,Nouman Khan,Unknown,1,2025-11-03 10:55:40,"i am trying to get my statement for 7 days..and still, i didn't get it. i tried every possible way to call the helpline and email them, but still, i didn't receive my statement .","i am trying to get my statement for 7 days..and still, i didn't get it. i tried every possible way to call the helpline and email them, but still, i didn't receive my statement .",0,35,178,0,0,0,0.7428571428571429,0,0,0.0,1,0,1,0.0,0,1,0,1.0,0.0
dbe47441-1dd7-4b7e-b75c-85b3d48b07c4,JazzCash,Banking,Haseeb Ahmad,Unknown,5,2025-11-03 11:11:34,good banking 👍👍👍,good banking 👍👍👍,0,3,16,3,0,0,1.0,0,0,0.4404,1,0,1,0.0,0,1,0,5.0,0.0
36ab8072-6a1c-42ae-9e9b-b729844cfd1f,JazzCash,Banking,Shoaib Khan,Unknown,1,2025-11-03 11:12:21,my transaction is panding,my transaction is panding,0,4,25,0,0,0,1.0,0,0,0.0,1,0,1,0.0,0,1,0,1.0,0.0
9e46eb48-e0cc-4bdb-98b6-2e928c9867d4,JazzCash,Banking,Abdul Qadeer,Unknown,5,2025-11-03 11:21:44,best way for money transferred,best way for money transferred,0,5,30,0,0,0,1.0,0,0,0.6369,1,0,1,0.0,0,1,0,5.0,0.0
bc1dad59-bb70-4e5e-8b0f-b68c3c3d7717,JazzCash,Banking,Imran Mirza,Unknown,1,2025-11-03 11:31:27,this app is not good 😊,this app is not good 😊,0,6,22,1,0,0,1.0,0,1,-0.223,1,0,1,0.0,0,1,0,1.0,0.0
391e3e4a-0ce9-44f7-917b-ce7852fdc587,JazzCash,Banking,Ijaz Hussain,Unknown,5,2025-11-03 11:38:52,5 year experience,5 year experience,0,3,17,0,0,0,1.0,0,0,0.0,1,0,1,0.0,0,1,0,5.0,0.0
839016da-f28d-4579-98d0-816e7587608a,JazzCash,Banking,Usman Ghani,Unknown,5,2025-11-03 11:39:44,Osm 👌,osm 👌,0,2,5,1,0,0,1.0,0,0,0.7297,1,0,1,0.0,0,1,0,5.0,0.0
c6dced9b-3416-4063-b424-2d54368f42e2,JazzCash,Banking,ABDULLAH KING,Unknown,5,2025-11-03 11:40:37,very good appppppppp very good beautiful ❤️❤️😍,very good appppppppp very good beautiful ❤️❤️😍,0,7,46,1,0,0,0.7142857142857143,0,1,0.9269,1,0,1,0.0,0,1,0,5.0,0.0
9460a1be-3801-451a-86e6-f535474e0ea9,JazzCash,Banking,Siyalrindfamily Worldgoverment,Unknown,5,2025-11-03 11:40:55,Great Transfer App,great transfer app,0,3,18,0,0,0,1.0,0,1,0.6249,1,0,1,0.0,0,1,0,5.0,0.0
13132d03-62f5-4982-a075-db85fcd727ad,JazzCash,Banking,Umair Khosa,Unknown,1,2025-11-03 11:51:12,bikar,bikar,0,1,5,0,0,0,1.0,0,0,0.0,1,0,1,0.0,0,1,0,1.0,0.0
73374e37-affe-429f-807d-37c180b96ac0,JazzCash,Banking,Mubashar Jutt,Unknown,4,2025-11-03 11:52:32,nice 🙂,nice 🙂,0,2,6,1,0,0,1.0,0,0,0.6712,1,0,1,0.0,0,1,0,4.0,0.0
ec336387-3ecc-4a47-adb5-6c3f2a36f76e,JazzCash,Banking,Maryam Ansari,Unknown,5,2025-11-03 12:09:37,awesome services nice app please download and enjoy free transaction payment thanks jazz cash,awesome services nice app please download and enjoy free transaction payment thanks jazz cash,0,14,93,0,0,0,1.0,1,1,0.9559,1,0,1,0.0,0,1,0,5.0,0.0
c823da53-aed2-40e0-9015-092896ae1bb1,JazzCash,Banking,Fayyaz Ali,Unknown,5,2025-11-03 12:20:00,good work nice,good work nice,0,3,14,0,0,0,1.0,0,0,0.6908,1,0,1,0.0,0,1,0,5.0,0.0
f57aab05-901d-4db6-b887-eebc098ab7a8,JazzCash,Banking,Shah Zaib,Unknown,1,2025-11-03 12:40:27,"very poor experience. lack of service and availability. poor transaction, invalid voucher codes, and no response from the help line . Such poor and third class service .","very poor experience. lack of service and availability. poor transaction, invalid voucher codes, and no response from the help line . such poor and third class service .",0,28,169,0,0,0,0.7857142857142857,0,0,-0.8923,1,0,1,0.0,0,1,0,1.0,0.0
7a52c70c-a72c-4e21-8ecf-1133c7557312,JazzCash,Banking,Altaf Hussain,Unknown,5,2025-11-03 12:47:14,"welldone , and very nice apps in all apps","welldone , and very nice apps in all apps",0,9,41,0,0,0,0.8888888888888888,0,1,0.4754,1,0,1,0.0,0,1,0,5.0,0.0
7ae9218d-2207-407e-828f-3d7172c0b442,JazzCash,Banking,Ammar Ahmad,Unknown,1,2025-11-03 12:51:50,"poor app responsiveness, no response for receiving OTP.","poor app responsiveness, no response for receiving otp.",0,8,55,0,0,1,1.0,0,1,-0.6486,1,0,1,0.0,0,1,0,1.0,0.0
c0bff2a3-c7ba-4382-b0b1-6acbdf84573b,JazzCash,Banking,Muhammad Fizan,Unknown,5,2025-11-03 12:52:30,it is a very good app because it is very easy to transfer money,it is a very good app because it is very easy to transfer money,0,14,63,0,0,0,0.7857142857142857,0,1,0.7496,1,0,1,0.0,0,1,0,5.0,0.0
04565048-64a5-4520-92dd-13782567293e,JazzCash,Banking,Sakina Aslam,Unknown,1,2025-11-03 13:07:26,"bad experience OTP comes but the app does not detect it.Sent 3 times, now the limit has expired, time given after 24 hours","bad experience otp comes but the app does not detect it.sent 3 times, now the limit has expired, time given after 24 hours",1,23,122,0,0,1,0.9565217391304348,0,1,-0.3071,1,0,1,0.0,0,1,0,1.0,0.0
4ce1c391-c89d-4d78-a125-915a1edfd264,JazzCash,Banking,Uzma Aslam,Unknown,5,2025-11-03 13:24:09,it is awesome app you can use any time any where in any situation please use and gain entertainment this app is very useful to me in my experience,it is awesome app you can use any time any where in any situation please use and gain entertainment this app is very useful to me in my experience,0,29,146,0,0,0,0.7931034482758621,0,1,0.9412,1,0,1,0.0,0,1,0,5.0,0.0
0f90d3a8-7091-40db-875b-48c603c47326,JazzCash,Banking,Qadir Khan,Unknown,5,2025-11-03 13:26:53,Very good trancsition,very good trancsition,0,3,21,0,0,0,1.0,0,0,0.4927,1,0,1,0.0,0,1,0,5.0,0.0
ce6d6084-7109-40b3-9136-ef9169320785,JazzCash,Banking,Muhammad Akram,Unknown,5,2025-11-03 13:30:48,The best wallet of Pakistan,the best wallet of pakistan,0,5,27,0,0,0,1.0,0,0,0.6369,1,0,1,0.0,0,1,0,5.0,0.0
1e4b52de-6115-4e5f-9cf7-8019ecdfc98e,JazzCash,Banking,Faraz Ahmad,Unknown,1,2025-11-03 13:43:44,help line number is showing incorrectly,help line number is showing incorrectly,0,6,39,0,0,0,1.0,0,0,0.4588,1,0,1,0.0,0,1,0,1.0,0.0
8ca2bb17-2e4a-41cc-81fe-ada486822192,JazzCash,Banking,PHANTOM,Unknown,4,2025-11-03 13:47:19,GREAT,great,0,1,5,0,0,1,1.0,0,0,0.6249,1,0,1,0.0,0,6,0,4.0,0.0
f89b7996-9754-4718-9619-a56ad38b3de7,JazzCash,Banking,Shad Muhammad,Unknown,5,2025-11-03 14:22:53,best mobile wallet,best mobile wallet,0,3,18,0,0,0,1.0,0,0,0.6369,1,0,1,0.0,0,1,0,5.0,0.0
a04ed149-33ed-46a4-aadd-59c184cfa9e8,JazzCash,Banking,ABDULLAH BUTT,Unknown,1,2025-11-03 14:46:59,I didn't open account yet now I'm opening my new account they ask your account is already registered even not created account yet,i didn't open account yet now i'm opening my new account they ask your account is already registered even not created account yet,0,23,129,0,0,0,0.8260869565217391,0,0,-0.1877,1,0,1,0.0,0,1,0,1.0,0.0
74d313ad-a22d-4c48-b2b3-1449a807c7f5,JazzCash,Banking,Shakir Ali,Unknown,5,2025-11-03 14:47:34,outstanding 😍,outstanding 😍,0,2,13,1,0,0,1.0,0,0,0.7906,1,0,1,0.0,0,1,0,5.0,0.0
ff5fb1c7-4d2a-4301-afc3-3a882ecb8612,JazzCash,Banking,Azam Nadeem,Unknown,5,2025-11-03 15:00:51,Awesome,awesome,0,1,7,0,0,0,1.0,0,0,0.6249,1,0,1,0.0,0,2,0,5.0,0.0
b6b01d06-c7c5-4aac-bc90-44b017bb9aa9,JazzCash,Banking,Umairali king,Unknown,5,2025-11-03 15:12:16,OK nice app,ok nice app,0,3,11,0,0,1,1.0,0,1,0.6124,1,0,1,0.0,0,1,0,5.0,0.0
431a2827-0131-4462-9252-6283615babe5,JazzCash,Banking,Sohail Khan,Unknown,4,2025-11-03 15:14:45,will see how it works,will see how it works,0,5,21,0,0,0,1.0,0,0,0.0,1,0,1,0.0,0,1,0,4.0,0.0
d9799303-b5b0-4646-acbc-f0066f26d049,JazzCash,Banking,Syed Azeem bukhari,Unknown,5,2025-11-03 15:14:56,Amazing Digital future nice service,amazing digital future nice service,0,5,35,0,0,0,1.0,0,0,0.765,1,0,1,0.0,0,1,0,5.0,0.0
e2453604-87d6-49fa-86dd-72756375fe13,JazzCash,Banking,Wafa Gillani,Unknown,1,2025-11-03 15:36:44,bohat bura experience kabhi koii glitch kabhi koii,bohat bura experience kabhi koii glitch kabhi koii,0,8,50,0,0,0,0.75,0,1,0.0,1,0,1,0.0,0,1,0,1.0,0.0
0cdce62d-9791-423e-8142-9b4e401f29b6,JazzCash,Banking,GBT TRUST NEWS,Unknown,5,2025-11-03 15:43:10,Good app jazz cash,good app jazz cash,0,4,18,0,0,0,1.0,0,1,0.4404,1,0,1,0.0,0,1,0,5.0,0.0
9fae59ff-b877-49f3-b222-219505691821,JazzCash,Banking,DR. JEHANZEB AHMAD,Unknown,1,2025-11-03 15:46:56,"Used to be best among wallet accounts but now there are so many bugs, glitches and failed transactions etc etc.","used to be best among wallet accounts but now there are so many bugs, glitches and failed transactions etc etc.",0,20,111,0,0,0,1.0,0,0,-0.431,1,0,1,0.0,0,1,0,1.0,0.0
141bbf36-60f8-4770-be08-9b78c943adf8,JazzCash,Banking,Aarish Ishaq,Unknown,5,2025-11-03 16:07:01,Happy to create a jazzCash account,happy to create a jazzcash account,0,6,34,0,0,0,1.0,0,1,0.7003,1,0,1,0.0,0,1,0,5.0,0.0
234eec28-b739-47a2-9109-0eae5ab68f60,JazzCash,Banking,kamil abbasi,Unknown,1,2025-11-03 16:07:29,don't call on there helpline they are sleeping 😴,don't call on there helpline they are sleeping 😴,1,9,48,1,0,0,1.0,0,0,0.0,1,0,1,0.0,0,1,0,1.0,0.0
2529225c-acb3-4ca7-928c-2cdb1de41472,JazzCash,Banking,asad kahut,Unknown,4,2025-11-03 16:31:09,its cool,its cool,0,2,8,0,0,0,1.0,0,0,0.3182,1,0,1,0.0,0,1,0,4.0,0.0
186cce70-a9ed-4d19-b0cd-b45b78cc87a0,JazzCash,Banking,Asad Aziz,Unknown,3,2025-11-03 18:22:49,good very good 👍 kamaal he,good very good 👍 kamaal he,0,6,26,1,0,0,0.8333333333333334,0,0,0.7264,1,0,1,0.0,0,1,0,3.0,0.0
3af611f3-37ce-4521-b7bd-2e692c73a550,JazzCash,Banking,Said Ameen,Unknown,1,2025-11-03 23:50:04,جاز کیش بہت زبردست کمپنی ہے,جاز کیش بہت زبردست کمپنی ہے,0,6,27,0,0,0,1.0,0,0,0.0,1,0,1,0.0,0,1,0,1.0,0.0
f710bff5-bf15-43c3-94cf-a5d139db21fe,JazzCash,Banking,Shakeela Rani,Unknown,1,2025-11-04 04:00:54,sir please mere account ka pasy wapas kary please,sir please mere account ka pasy wapas kary please,0,9,49,0,0,0,0.8888888888888888,0,0,0.5574,1,0,1,0.0,0,1,1,1.0,0.0
964d425a-fa65-4f56-b0ce-af01aba34ded,JazzCash,Banking,Fear of Darkness,Unknown,1,2025-11-04 04:21:24,I can't login the app after I put 2800 PKR seriously??????,i can't login the app after i put 2800 pkr seriously??????,0,11,58,0,0,1,0.9090909090909091,0,1,-0.3939,1,0,1,0.0,0,1,0,1.0,0.0
a944b93e-f9f8-4174-ae0f-eb5c4bfd23d6,JazzCash,Banking,baloch,Unknown,2,2025-11-04 05:03:50,This app is very good for transfer money from and also a save app.,this app is very good for transfer money from and also a save app.,0,14,66,0,0,0,1.0,0,1,0.7501,1,0,1,0.0,0,1,1,2.0,0.0
a1330205-cb2a-467e-bca0-78b122f39f64,JazzCash,Banking,Hussnain Abbas,Unknown,1,2025-11-04 05:26:11,very bad app every time i send money to other account they say we are facing some issues.,very bad app every time i send money to other account they say we are facing some issues.,0,18,89,0,0,0,1.0,0,1,-0.5849,1,0,1,0.0,0,1,0,1.0,0.0
555bb010-39f1-4656-b980-22f75ffd5e2f,JazzCash,Banking,Madiha Shafqaat Khan,Unknown,1,2025-11-04 06:33:47,"Poorest, i can't send money through the raast channel, they deliberately disabled it to charge the customers who are using Bank Transfers, already lodged complaints on different channels but no positive response yet.","poorest, i can't send money through the raast channel, they deliberately disabled it to charge the customers who are using bank transfers, already lodged complaints on different channels but no positive response yet.",0,33,216,0,0,0,0.9696969696969697,0,0,-0.7897,1,0,1,0.0,0,1,0,1.0,0.0
754a70c8-ab54-44e1-b813-97fbc21efc89,JazzCash,Banking,Atif ayub Lilla,Unknown,3,2025-11-04 07:22:31,My card has been delivered.But it hasn't reached me yet.Please help me get my card to me.,my card has been delivered.but it hasn't reached me yet.please help me get my card to me.,0,17,89,0,0,0,0.8235294117647058,0,0,0.3408,1,0,1,0.0,0,1,0,3.0,0.0
064e92f6-9b6a-4e41-a59a-02d9ef181eba,JazzCash,Banking,Muhammad Waqas,Unknown,1,2025-11-04 07:36:36,"worst experience, useless internet bundles. no consistency in connectivity, even not able to make payments.","worst experience, useless internet bundles. no consistency in connectivity, even not able to make payments.",9,15,107,0,0,0,1.0,0,0,-0.8442,1,0,1,0.0,0,1,0,1.0,0.0
8a6da8c8-de9b-4bc7-99ea-860fe39d68e4,JazzCash,Banking,Alif Bay,Unknown,5,2025-11-04 08:13:12,"This plate form is best for secure transactions , save your funds, for your future goal become a shine assets in your oldage. This plate form prived a lots of features on a single tips","this plate form is best for secure transactions , save your funds, for your future goal become a shine assets in your oldage. this plate form prived a lots of features on a single tips",1,35,184,0,0,0,0.7714285714285715,0,0,0.8885,1,0,1,0.0,0,1,0,5.0,0.0
59a4285b-6481-4183-a3a3-bf905fa0df2f,JazzCash,Banking,Muntaha Sarfraz,Unknown,5,2025-11-04 08:13:26,"i have been using Jazz cash in order to their reliability and transparency. As I have been a fabulous experience with it, still acquiring,therefore connected with it yet.","i have been using jazz cash in order to their reliability and transparency. as i have been a fabulous experience with it, still acquiring,therefore connected with it yet.",0,28,170,0,0,0,0.8571428571428571,0,0,0.5267,1,0,1,0.0,0,1,0,5.0,0.0
ceecba38-ed57-4cb1-a4c5-63b9ac736f31,JazzCash,Banking,Tahir Rasheed,Unknown,5,2025-11-04 08:15:25,Great app for sending money and paying bills instantly & Smooth experience never had any issues.Highly recommended.,great app for sending money and paying bills instantly & smooth experience never had any issues.highly recommended.,0,17,115,0,0,0,1.0,0,1,0.7096,1,0,1,0.0,0,1,0,5.0,0.0
014e1ce0-aa05-4024-aa35-44fd18aed489,JazzCash,Banking,Nasir Ahmad,Unknown,5,2025-11-04 08:17:13,جیس کے سو بیوٹی فل,جیس کے سو بیوٹی فل,0,5,18,0,0,0,1.0,0,0,0.0,1,0,1,0.0,0,1,0,5.0,0.0
4275c033-d4d1-4574-83a2-961374cdc6f3,JazzCash,Banking,Malik Ajazam,Unknown,5,2025-11-04 08:17:20,very good 👍👍👍😊😊😊 I think it's just very very happy,very good 👍👍👍😊😊😊 i think it's just very very happy,0,10,50,6,0,0,0.8,0,1,0.9763,1,0,1,0.0,0,1,0,5.0,0.0
2d6f5ab1-b007-4049-8e0d-f6b025188d01,JazzCash,Banking,Mariyum Rajput,Unknown,5,2025-11-04 08:18:51,fast and good app,fast and good app,0,4,17,0,0,0,1.0,0,1,0.4404,1,0,1,0.0,0,1,0,5.0,0.0
19191307-4de9-4b0c-9bb2-c56275402165,JazzCash,Banking,Muqaddas Khursheed,Unknown,4,2025-11-04 08:18:58,very good experience,very good experience,0,3,20,0,0,0,1.0,0,0,0.4927,1,0,1,0.0,0,1,0,4.0,0.0
1ce6255a-ac0f-4d7e-b031-8ce8abb918a6,JazzCash,Banking,Noor Fatima,Unknown,5,2025-11-04 08:19:22,"good app, very good experience,","good app, very good experience,",0,5,31,0,0,0,0.8,0,1,0.7264,1,0,1,0.0,0,1,0,5.0,0.0
fab9cf12-9016-4d2c-8a86-8ac9ae91c59c,JazzCash,Banking,Maidah Khan,Unknown,5,2025-11-04 08:19:45,Very Good Response.Good application ever use,very good response.good application ever use,0,6,44,0,0,0,1.0,0,1,0.4927,1,0,1,0.0,0,1,0,5.0,0.0
6674d632-5d3b-474d-aae3-0821e7ff86af,JazzCash,Banking,Hammad Ali,Unknown,5,2025-11-04 08:23:17,this is good platform,this is good platform,0,4,21,0,0,0,1.0,0,0,0.4404,1,0,1,0.0,0,1,0,5.0,0.0
2f3b5dfa-8409-4f2d-bed3-d2940f3c144d,JazzCash,Banking,Hamza Sheikh,Unknown,5,2025-11-04 08:36:06,Using app a hatrick years ago and not faced even a difficulty. Amazing Experience.,using app a hatrick years ago and not faced even a difficulty. amazing experience.,0,14,82,0,0,0,0.9285714285714286,0,1,0.34,1,0,1,0.0,0,1,0,5.0,0.0
4918cd39-9591-4fda-8a13-1749816ece12,JazzCash,Banking,Areeba Tariq,Unknown,5,2025-11-04 08:45:43,Best App❤️,best app❤️,0,2,10,0,0,0,1.0,0,1,0.6369,1,0,1,0.0,0,1,0,5.0,0.0
09e94ac5-e3e5-4c11-8053-7d1887a1bede,JazzCash,Banking,Hafsa Urooj,Unknown,5,2025-11-04 08:46:23,I really enjoy using jazzcash. Their customer service is the best.,i really enjoy using jazzcash. their customer service is the best.,0,11,66,0,0,0,1.0,0,0,0.8268,1,0,1,0.0,0,1,0,5.0,0.0
ab8db187-3dc7-4734-ad24-395a693b920b,JazzCash,Banking,amna,Unknown,5,2025-11-04 08:49:48,Smooth and easy to use. Fast transactions and great service!,smooth and easy to use. fast transactions and great service!,0,10,60,0,0,0,0.9,0,0,0.807,1,0,1,0.0,0,1,0,5.0,0.0
4b741751-7ab0-4259-a078-531007ca179c,JazzCash,Banking,Junaid Farooqi,Unknown,5,2025-11-04 08:53:35,Best Service,best service,0,2,12,0,0,0,1.0,0,0,0.6369,1,0,1,0.0,0,2,0,5.0,0.0
3665de33-6300-4efd-8093-8e6599e97c0e,JazzCash,Banking,Hamza Zaidi,Unknown,5,2025-11-04 08:53:45,excellent financial app,excellent financial app,0,3,23,0,0,0,1.0,0,1,0.5719,1,0,1,0.0,0,1,0,5.0,0.0
afb4d692-24a7-4855-8f4d-f9458105904b,JazzCash,Banking,Irshan Ali,Unknown,1,2025-11-04 08:56:59,best app of the world,best app of the world,0,5,21,0,0,0,1.0,0,1,0.6369,1,0,1,0.0,0,1,1,1.0,0.0
0aa29469-895b-4a48-88a3-57559a7f2457,JazzCash,Banking,Areeba Nawaz,Unknown,5,2025-11-04 09:02:15,best mobile wallet app.,best mobile wallet app.,0,4,23,0,0,0,1.0,0,1,0.6369,1,0,1,0.0,0,1,0,5.0,0.0
609350de-f80c-4712-9ebe-757da1b6f83d,JazzCash,Banking,Uswah Nisar,Unknown,5,2025-11-04 09:04:47,Greatest app ever.,greatest app ever.,0,3,18,0,0,0,1.0,0,1,0.6369,1,0,1,0.0,0,1,0,5.0,0.0
8fb3e30f-13c6-452b-a2b6-9bd4c2aa9d4a,JazzCash,Banking,Hira Zikriya,Unknown,5,2025-11-04 09:08:50,excellent services,excellent services,0,2,18,0,0,0,1.0,0,0,0.5719,1,0,1,0.0,0,1,0,5.0,0.0
3d2c1577-b72b-4141-a27b-25d1726cc18b,JazzCash,Banking,LaibaA 111,Unknown,5,2025-11-04 09:09:04,"""Ease, security, and user experience are key to a great banking app - I'd rate it based on login simplicity, transaction speed, bill payments, and customer support responsiveness.""","""ease, security, and user experience are key to a great banking app - i'd rate it based on login simplicity, transaction speed, bill payments, and customer support responsiveness.""",0,28,180,0,0,0,0.9642857142857143,0,1,0.8934,1,0,1,0.0,0,1,0,5.0,0.0
0f90466e-a700-4b8d-87fd-cce10d08288d,JazzCash,Banking,Sikandar Sikandar,Unknown,5,2025-11-04 09:12:35,👍 nice,👍 nice,0,2,6,1,0,0,1.0,0,0,0.4215,1,0,1,0.0,0,1,0,5.0,0.0
e9c0f0a9-12c6-4e68-95cf-db4b7500f920,JazzCash,Banking,Syed Ali Ebad,Unknown,4,2025-11-04 09:12:42,this is the best app for any transaction,this is the best app for any transaction,0,8,40,0,0,0,1.0,0,1,0.6369,1,0,1,0.0,0,1,0,4.0,0.0
d5defaeb-6637-4298-ba45-e477fada6368,JazzCash,Banking,Iqra Akram,Unknown,5,2025-11-04 09:14:04,best banking application,best banking application,0,3,24,0,0,0,1.0,0,1,0.6369,1,0,1,0.0,0,1,0,5.0,0.0
a80d7c35-b325-4d4c-ad08-13176d25844d,JazzCash,Banking,Saleha Iqbal,Unknown,5,2025-11-04 09:15:57,"love this app, I am using the jazzcash service's from a very long time.","love this app, i am using the jazzcash service's from a very long time.",0,14,71,0,0,0,1.0,0,1,0.6369,1,0,1,0.0,0,1,0,5.0,0.0
037b9f0d-a7fb-4a93-9441-7c676aeeceb5,JazzCash,Banking,Sania Javaid,Unknown,5,2025-11-04 09:19:51,most convenient app which allow us to various services and comforts without stepping out of door 👍 furher I never faced any issue in this app,most convenient app which allow us to various services and comforts without stepping out of door 👍 furher i never faced any issue in this app,0,26,141,1,0,0,0.9615384615384616,0,1,0.6124,1,0,1,0.0,0,1,0,5.0,0.0
514ecb82-df04-43ae-b52c-a958723ebcd8,JazzCash,Banking,Shahzad Arif,Unknown,5,2025-11-04 09:25:33,Outstanding experience,outstanding experience,0,2,22,0,0,0,1.0,0,0,0.6124,1,0,1,0.0,0,1,0,5.0,0.0
43f66a9f-bffa-4cac-bec7-8c6ca7e898c6,JazzCash,Banking,Abdur Rasheed,Unknown,5,2025-11-04 09:29:42,Love to use Jazzcash from last 2 Years.Good smooth to use but sometimes it takes time.,love to use jazzcash from last 2 years.good smooth to use but sometimes it takes time.,0,16,86,0,0,0,0.875,0,0,0.3818,1,0,1,0.0,0,1,0,5.0,0.0
100e73ce-c200-4577-b0fa-e27c7de3dc7a,JazzCash,Banking,Usama Hashmi.,Unknown,5,2025-11-04 09:30:38,It's a good online banking app .,it's a good online banking app .,0,7,32,0,0,0,1.0,0,1,0.4404,1,0,1,0.0,0,1,0,5.0,0.0
f9a9ae3e-f877-415d-a111-936f9647d2e2,JazzCash,Banking,SABINA REHAN,Unknown,5,2025-11-04 09:30:40,Trust able application,trust able application,0,3,22,0,0,0,1.0,0,1,0.5106,1,0,1,0.0,0,1,0,5.0,0.0
0ecde2f6-8e68-4a2d-a4f2-843239457cd7,JazzCash,Banking,ZeshAN aLi official,Unknown,5,2025-11-04 09:46:14,always best app I recommend safely and fast transaction,always best app i recommend safely and fast transaction,1,9,55,0,0,0,1.0,0,1,0.872,1,0,1,0.0,0,1,0,5.0,0.0
726b8f10-e800-4b72-b6b6-98033dfbcb81,JazzCash,Banking,Tatheer Fatima,Unknown,5,2025-11-04 09:48:13,I enjoy using jazzcash services ..,i enjoy using jazzcash services ..,0,6,34,0,0,0,1.0,0,0,0.4939,1,0,1,0.0,0,1,0,5.0,0.0
349c45dc-e2bb-45c2-a4b2-294be0229f21,JazzCash,Banking,Sajid Ali,Unknown,5,2025-11-04 09:48:40,Best online banking and great experience with jazzcash⭐⭐⭐⭐⭐,best online banking and great experience with jazzcash⭐⭐⭐⭐⭐,0,8,59,0,0,0,1.0,0,0,0.8519,1,0,1,0.0,0,1,0,5.0,0.0
4a9c093a-0bc0-4c87-b4f9-6f40ed4e0173,JazzCash,Banking,Tarique Ujjan,Unknown,5,2025-11-04 09:49:07,wow nice,wow nice,0,2,8,0,0,0,1.0,0,0,0.765,1,0,1,0.0,0,1,0,5.0,0.0
4f106488-40cc-4d2c-9c21-eb5ee3270d2b,JazzCash,Banking,Kashif Ali,Unknown,5,2025-11-04 09:49:08,please loan eligible,please loan eligible,0,3,20,0,0,0,1.0,0,0,0.3182,1,0,2,0.0,0,1,0,5.0,0.0
483b58f6-783d-49a4-b2c6-939445954461,JazzCash,Banking,Hassan Faroooq,Unknown,5,2025-11-04 09:59:53,exclusive experience many options for transactions. Transactions will always performed on time and It will always help me. keep it up JazzCash,exclusive experience many options for transactions. transactions will always performed on time and it will always help me. keep it up jazzcash,0,22,142,0,0,0,0.8636363636363636,0,0,0.4939,1,0,1,0.0,0,1,0,5.0,0.0
9b8075be-b826-4c1f-84f7-e26c17025fdf,JazzCash,Banking,Karal Nafees,Unknown,5,2025-11-04 10:01:20,best online banking app highly trust able,best online banking app highly trust able,0,7,41,0,0,0,1.0,0,1,0.8313,1,0,1,0.0,0,1,0,5.0,0.0
b10c0adc-b5b2-4278-9e75-ef059234dd62,JazzCash,Banking,YASIR HASSAN,Unknown,5,2025-11-04 10:05:39,I am very happy and satisfied with jazz cash service,i am very happy and satisfied with jazz cash service,0,10,52,0,0,0,1.0,0,1,0.7939,1,0,1,0.0,0,1,0,5.0,0.0
f8d0b581-c89f-46b5-888a-af16bc3e0732,JazzCash,Banking,Nawaz Bashir,Unknown,5,2025-11-04 10:05:45,Good & great app,good & great app,0,4,16,0,0,0,1.0,0,1,0.7906,1,0,1,0.0,0,1,0,5.0,0.0
9ff70e0f-e8ad-4856-898c-d1a8eac3653e,JazzCash,Banking,Umair Abbas,Unknown,5,2025-11-04 10:24:53,good stip,good stip,0,2,9,0,0,0,1.0,0,0,0.4404,1,0,1,0.0,0,1,0,5.0,0.0
23ee6a6b-1b67-4154-a7d9-e61d9446fedf,JazzCash,Banking,crazzy boyy,Unknown,1,2025-11-04 10:41:08,updated please try again aa rha hai open he nhi ho rha Kya problem hai,updated please try again aa rha hai open he nhi ho rha kya problem hai,0,15,70,0,0,0,0.8666666666666667,0,1,-0.1027,1,0,1,0.0,0,1,0,1.0,0.0
b9beec13-c34c-4077-ae4f-21d29f407eae,JazzCash,Banking,Muhammad Hamza,Unknown,5,2025-11-04 10:45:27,best app ever are you hiring developer in jazz cash,best app ever are you hiring developer in jazz cash,0,10,51,0,0,0,1.0,0,1,0.6369,1,0,1,0.0,0,1,0,5.0,0.0
cb8c1653-490a-47db-9f88-2204137d60c9,JazzCash,Banking,Adeeba Asghar,Unknown,5,2025-11-04 11:02:33,superb performance,superb performance,0,2,18,0,0,0,1.0,0,0,0.6249,1,0,1,0.0,0,1,0,5.0,0.0
d5111f07-1777-47d6-acad-2aa284dc2988,JazzCash,Banking,Sartaj Ahmed,Unknown,5,2025-11-04 11:06:43,The app is great for easy payments and transfers. Interface is simple and user-friendly. A few minor speed improvements would make it perfect,the app is great for easy payments and transfers. interface is simple and user-friendly. a few minor speed improvements would make it perfect,0,23,141,0,0,0,0.9130434782608695,0,1,0.9186,1,0,1,0.0,0,1,0,5.0,0.0
85e03222-93ee-48d4-8541-7caf5eeaf2d8,JazzCash,Banking,Rana Azhar,Unknown,5,2025-11-04 11:07:16,fantastic app 💯,fantastic app 💯,0,3,15,1,0,0,1.0,0,1,0.5574,1,0,1,0.0,0,1,0,5.0,0.0
d47d26b4-161a-412b-a155-3e0878883dde,JazzCash,Banking,Muhammad Adnan Khan (Ady Khan),Unknown,5,2025-11-04 11:10:50,Excellent App . User Friendly,excellent app . user friendly,0,5,29,0,0,0,1.0,0,1,0.7845,1,0,1,0.0,0,1,0,5.0,0.0
782da4e8-c0b6-480d-8689-79c57b9f46c9,JazzCash,Banking,Muhammad Kamran,Unknown,5,2025-11-04 11:22:24,Excellent service.,excellent service.,0,2,18,0,0,0,1.0,0,0,0.5719,1,0,1,0.0,0,1,0,5.0,0.0
944fb25a-df63-471e-a562-73096e1fe37d,JazzCash,Banking,Aqsazamir,Unknown,5,2025-11-04 11:22:26,it's very useful very handy,it's very useful very handy,0,5,27,0,0,0,0.8,0,0,0.4927,1,0,1,0.0,0,1,0,5.0,0.0
25305ee1-0636-4f7f-aafe-75fe5ff1eea5,JazzCash,Banking,Sonia Saeed,Unknown,5,2025-11-04 11:23:34,I have been using jazzcash app for 4 years. I have it's good experience from past 4 years and overall it's a good app for amount transfer and for savings. Thank you,i have been using jazzcash app for 4 years. i have it's good experience from past 4 years and overall it's a good app for amount transfer and for savings. thank you,0,32,164,0,0,0,0.71875,0,1,0.8074,1,0,1,0.0,0,1,0,5.0,0.0
2425a0ed-dcdb-4ff0-b4a6-04121324c9bf,JazzCash,Banking,Muqaddasbisma Muqaddasbisma,Unknown,5,2025-11-04 11:23:52,very nice app,very nice app,0,3,13,0,0,0,1.0,0,1,0.4754,1,0,1,0.0,0,2,0,5.0,0.0
73eddec6-b5ec-4c8a-86e0-a203d1140951,JazzCash,Banking,Mirza Laiba,Unknown,5,2025-11-04 11:24:05,"The experience is amazing, the service is quite good and I love all the services which jazz cash facilitates us.","the experience is amazing, the service is quite good and i love all the services which jazz cash facilitates us.",0,20,112,0,0,0,0.85,0,0,0.9041,1,0,1,0.0,0,1,0,5.0,0.0
fd3b10f4-fcd6-4990-a824-4727b29ef513,JazzCash,Banking,qazi ahzaz,Unknown,5,2025-11-04 11:24:33,perfect,perfect,0,1,7,0,0,0,1.0,0,0,0.5719,1,0,1,0.0,0,2,0,5.0,0.0
d049ed6f-2155-416f-87a4-a2067acab09d,JazzCash,Banking,Anam Sabir,Unknown,5,2025-11-04 11:25:11,It has always been great full to have this app on my mobile for my transactions. My experience with jazzcah is amazing since 7 years.,it has always been great full to have this app on my mobile for my transactions. my experience with jazzcah is amazing since 7 years.,0,25,133,0,0,0,0.92,0,1,0.836,1,0,1,0.0,0,1,0,5.0,0.0
d06353e9-aacc-4a29-85d8-aac00240bb61,JazzCash,Banking,malaika khatoon,Unknown,5,2025-11-04 11:25:15,I have been using Jazzcash for 4 months my overall was Good. i am not such a regular Jazzcash customer but this app is much supportive for customers.,i have been using jazzcash for 4 months my overall was good. i am not such a regular jazzcash customer but this app is much supportive for customers.,0,28,149,0,0,0,0.8928571428571429,0,1,0.5789,1,0,1,0.0,0,1,0,5.0,0.0
570a0b9e-93e8-40e7-b321-3a21faf57233,JazzCash,Banking,Amir Jani,Unknown,3,2025-11-04 12:59:05,wonderful,wonderful,0,1,9,0,0,0,1.0,0,0,0.5719,1,0,1,0.0,0,2,0,3.0,0.0
08a572c3-1964-477b-8ab6-abbf80780687,JazzCash,Banking,Muhammad Junaid Farooq Malik,Unknown,4,2025-11-04 13:11:33,not good,not good,0,2,8,0,0,0,1.0,0,0,-0.3412,1,0,1,0.0,0,3,0,4.0,0.0
f41975dc-ab0c-46fb-9a86-fdb337c0d32a,JazzCash,Banking,Zain Khalid,Unknown,1,2025-11-04 13:25:34,tap to pay doesn't work,tap to pay doesn't work,0,5,23,0,0,0,1.0,0,0,-0.1027,1,0,1,0.0,0,1,0,1.0,0.0
6a68f13f-2936-423e-a80d-d3c1eb4a8d5a,JazzCash,Banking,Gullzaib Ali,Unknown,4,2025-11-04 13:33:25,good 😊,good 😊,0,2,6,1,0,0,1.0,0,0,0.836,1,0,1,0.0,0,2,0,4.0,0.0
49c7b626-88f6-4b4e-90ef-6c9c769957d2,JazzCash,Banking,Rimsha raza,Unknown,4,2025-11-04 13:51:09,best app at all,best app at all,0,4,15,0,0,0,1.0,0,1,0.6369,1,0,1,0.0,0,1,0,4.0,0.0
e1dbfde8-112d-4b37-87c4-45c97aa0a8f5,JazzCash,Banking,SALMA NAZEER,Unknown,2,2025-11-04 13:58:47,good👍,good👍,0,1,5,1,0,0,1.0,0,0,0.4404,1,0,1,0.0,0,3,0,2.0,0.0
7488572e-c53d-4f8e-b5f9-d542515aed5a,JazzCash,Banking,Sohail Hasan,Unknown,3,2025-11-04 14:03:57,Suna hy new update aayi huwi hy jiss ma jazzcash costumer ka naam show hoga pr update ka option to aa nai raha,suna hy new update aayi huwi hy jiss ma jazzcash costumer ka naam show hoga pr update ka option to aa nai raha,0,23,110,0,0,0,0.8695652173913043,0,0,0.0,1,0,1,0.0,0,1,0,3.0,0.0
0f697e58-d5d5-44e8-aa2e-68e4f8081fa2,JazzCash,Banking,Saba Hanif,Unknown,2,2025-11-04 14:13:02,"JazzCash offers a range of services, including bill payments, mobile load, insurance, and loan services. Users can earn rewards and cashbacks through various campaigns and promotions.","jazzcash offers a range of services, including bill payments, mobile load, insurance, and loan services. users can earn rewards and cashbacks through various campaigns and promotions.",0,26,183,0,0,0,0.9230769230769231,1,0,0.4767,1,0,1,0.0,0,1,0,2.0,0.0
f02fe8d2-b474-46ca-8fe7-9e78f3e4de42,JazzCash,Banking,Shajhan Indher,Unknown,4,2025-11-04 14:29:37,very nice,very nice,0,2,9,0,0,0,1.0,0,0,0.4754,1,0,1,0.0,0,3,0,4.0,0.0
638c0f34-c1e0-4039-bf7c-f314ed541471,JazzCash,Banking,Sameer Ali,Unknown,5,2025-11-04 14:51:33,behtreen app ha Bhai download karo ur use karo,behtreen app ha bhai download karo ur use karo,0,9,46,0,0,0,0.8888888888888888,1,1,0.34,1,0,1,0.0,0,1,0,5.0,0.0
02e2aa1a-e716-4361-ac94-11305c485132,JazzCash,Banking,Irfan Ali,Unknown,4,2025-11-04 14:53:08,JazzCash Application is good but some time it works slow in village,jazzcash application is good but some time it works slow in village,0,12,67,0,0,0,1.0,0,1,0.2382,1,0,1,0.0,0,1,0,4.0,0.0
2c214e46-7bf8-4c5c-bea6-3050d5e9cbdd,JazzCash,Banking,MR HARIS KHAN,Unknown,5,2025-11-04 14:53:53,amazing digital finance service in the world,amazing digital finance service in the world,0,7,44,0,0,0,1.0,0,0,0.5859,1,0,1,0.0,0,1,0,5.0,0.0
a264464f-61fa-44ca-91c5-ffb4dc694c33,JazzCash,Banking,Sidra Manzoor,Unknown,5,2025-11-04 14:54:33,brilliant customer service app,brilliant customer service app,0,4,30,0,0,0,1.0,0,1,0.5859,1,0,1,0.0,0,1,0,5.0,0.0
56746eb2-bfe5-407a-b3c3-26444f2bb13d,JazzCash,Banking,Muneeza Fayyaz,Unknown,5,2025-11-04 14:57:21,Interface 4/5 Features 5/5 overall experience 4.5/5,interface 4/5 features 5/5 overall experience 4.5/5,0,7,51,0,0,0,1.0,0,0,0.0,1,0,1,0.0,0,1,0,5.0,0.0
d56fb7c1-680c-4724-af3c-5143e436cdbe,JazzCash,Banking,hamza nawaz,Unknown,5,2025-11-04 15:00:26,good service and worked smoothly .....,good service and worked smoothly .....,0,6,38,0,0,0,1.0,0,0,0.4404,1,0,1,0.0,0,1,0,5.0,0.0
27eff74b-0932-44df-a948-1b9b491705ad,JazzCash,Banking,Rana Talha,Unknown,5,2025-11-04 15:00:30,wonderful financial services app,wonderful financial services app,0,4,32,0,0,0,1.0,0,1,0.5719,1,0,1,0.0,0,1,0,5.0,0.0
f028c37d-1d9f-4c1a-96f2-8f4af03d74fa,JazzCash,Banking,Ramsha Shaheen,Unknown,5,2025-11-04 15:03:33,JazzCash app is working well but if this feature were added that JazzCash app should not be able to be captured during phone screen recording this could be helpful to reduce fraud.,jazzcash app is working well but if this feature were added that jazzcash app should not be able to be captured during phone screen recording this could be helpful to reduce fraud.,0,32,180,0,0,0,0.8125,0,1,-0.2382,1,0,1,0.0,0,1,0,5.0,0.0
2913bb97-7448-472d-ba93-5c6ba29fb8b1,JazzCash,Banking,Maria Irshad,Unknown,5,2025-11-04 15:07:50,brilliant app and good service,brilliant app and good service,0,5,30,0,0,0,1.0,0,1,0.7717,1,0,1,0.0,0,1,0,5.0,0.0
74107ce1-b44a-4901-9714-75d831a30558,JazzCash,Banking,Tabbsum ali,Unknown,5,2025-11-04 15:08:43,best financial app,best financial app,0,3,18,0,0,0,1.0,0,1,0.6369,1,0,1,0.0,0,1,0,5.0,0.0
375bf8dd-0dac-49e5-bb3f-ee2beecbacfa,JazzCash,Banking,Misbah Khaliq,Unknown,5,2025-11-04 15:09:07,it's a good fast digital app,it's a good fast digital app,0,6,28,0,0,0,1.0,0,1,0.4404,1,0,1,0.0,0,1,0,5.0,0.0
acea1feb-47c2-4ba2-92c4-7f5a0f72974c,JazzCash,Banking,Hussain Illahi,Unknown,5,2025-11-04 15:12:43,"I’ve had a great experience using JazzCash. It’s fast, reliable, and very convenient for daily transactions","i’ve had a great experience using jazzcash. it’s fast, reliable, and very convenient for daily transactions",0,16,107,0,0,0,1.0,0,0,0.6249,1,0,1,0.0,0,1,0,5.0,0.0
c8911bb6-9682-41b2-9102-5c1a6c34eca2,JazzCash,Banking,khadim hussain,Unknown,5,2025-11-04 15:16:00,well done,well done,0,2,9,0,0,0,1.0,0,0,0.2732,1,0,1,0.0,0,1,0,5.0,0.0
31199029-5eca-420d-b5ea-34d1770367d2,JazzCash,Banking,Arsal Umar,Unknown,5,2025-11-04 15:24:24,wobdefull application I use it for my daily transaction as well for my educational payments it helps me very much for getting fast and instant payment Highly recommended,wobdefull application i use it for my daily transaction as well for my educational payments it helps me very much for getting fast and instant payment highly recommended,0,28,169,0,0,0,0.8571428571428571,0,1,0.6997,1,0,1,0.0,0,1,0,5.0,0.0
cb177b76-55a0-4ac5-bd78-1d1196e6cbb3,JazzCash,Banking,VaLeEd RaJpOoT,Unknown,4,2025-11-04 15:25:14,Easy and reliable.,easy and reliable.,0,3,18,0,0,0,1.0,0,0,0.4404,1,0,1,0.0,0,1,0,4.0,0.0
de289882-6051-4c7f-bcdf-b58424007508,JazzCash,Banking,Syed Muhammad Muntazir Mehdi,Unknown,5,2025-11-04 15:26:38,Exilent,exilent,0,1,7,0,0,0,1.0,0,0,0.0,1,0,1,0.0,0,1,0,5.0,0.0
6d1c5fad-13c3-44c1-a05a-1a136213a554,JazzCash,Banking,Momina Riaz,Unknown,5,2025-11-04 15:29:50,"This app is smooth, reliable and makes every transaction quick and convenient. All features work reliably. For islamic banking, this is truly one of the best services in Pakistan. Highly recommended","this app is smooth, reliable and makes every transaction quick and convenient. all features work reliably. for islamic banking, this is truly one of the best services in pakistan. highly recommended",0,31,198,0,0,0,0.9032258064516129,0,1,0.8479,1,0,1,0.0,0,1,0,5.0,0.0
9c39dab7-0a04-435e-ba57-f1a5d9895a0b,JazzCash,Banking,Azam Mir,Unknown,5,2025-11-04 15:30:23,Really appreciate how smooth and secure JazzCash is it makes payments effortless.,really appreciate how smooth and secure jazzcash is it makes payments effortless.,0,12,81,0,0,0,1.0,0,1,0.659,1,0,1,0.0,0,1,0,5.0,0.0
74934608-f30a-43cb-83c0-4e5e2de3ddd8,JazzCash,Banking,Nazia Nawaz,Unknown,5,2025-11-04 15:30:23,it's an amazing ap,it's an amazing ap,0,4,18,0,0,0,1.0,0,0,0.5859,1,0,1,0.0,0,1,0,5.0,0.0
dab44089-2e36-4ed2-b9f0-ebc9722508cb,JazzCash,Banking,Muhammad Waqasaziz,Unknown,5,2025-11-04 15:33:02,Such a great app and good service,such a great app and good service,0,7,33,0,0,0,1.0,0,1,0.7906,1,0,1,0.0,0,1,0,5.0,0.0
b5a2d9d8-4326-4e6c-a4b8-9c76ce7c8622,JazzCash,Banking,Taj Den,Unknown,5,2025-11-04 15:35:29,super,super,0,1,5,0,0,0,1.0,0,0,0.5994,1,0,1,0.0,0,4,0,5.0,0.0
b3b777a1-4550-48fc-b0c5-34ceeb2e3cae,JazzCash,Banking,Usama Khan,Unknown,5,2025-11-04 15:49:11,"such a great app and good services provided from jazzcash in any kind of services like bills payments,merchant payments and daily payment like send any other bank 👍👍👍👍👍🥰🥰🫂","such a great app and good services provided from jazzcash in any kind of services like bills payments,merchant payments and daily payment like send any other bank 👍👍👍👍👍🥰🥰🫂",0,28,171,8,0,0,0.8571428571428571,0,1,0.9694,1,0,1,0.0,0,1,0,5.0,0.0
032b8ed2-c024-4603-b4f7-c3c146812b7d,JazzCash,Banking,Asher Jutt,Unknown,5,2025-11-04 15:52:58,Very helpful,very helpful,0,2,12,0,0,0,1.0,0,0,0.4754,1,0,1,0.0,0,2,0,5.0,0.0
02460646-0dab-467a-b0a0-b6241bbb0d22,JazzCash,Banking,Muhammad Nouman,Unknown,5,2025-11-04 15:57:17,beautiful ❤️,beautiful ❤️,0,2,12,0,0,0,1.0,0,0,0.5994,1,0,1,0.0,0,2,0,5.0,0.0
805bf301-a817-4513-a5b4-5bc8b1d47524,JazzCash,Banking,Aqsa Tariq,Unknown,5,2025-11-04 15:59:50,jazz cash provide good services,jazz cash provide good services,0,5,31,0,0,0,1.0,0,0,0.4404,1,0,1,0.0,0,1,0,5.0,0.0
47457420-7c92-4f32-8120-a3a985600d91,JazzCash,Banking,Swan,Unknown,5,2025-11-04 16:02:47,"this is an amazing app , five star is not enough , amazing services ,","this is an amazing app , five star is not enough , amazing services ,",0,15,69,0,0,0,0.7333333333333333,0,1,0.1847,1,0,1,0.0,0,1,0,5.0,0.0
c9aba9a6-ee07-471e-8b64-f7073e4fff77,JazzCash,Banking,Asad Raza,Unknown,5,2025-11-04 16:04:24,plz solve my account issues of login to my mobile number thanks,plz solve my account issues of login to my mobile number thanks,0,12,63,0,0,0,0.9166666666666666,0,0,0.6486,1,0,1,0.0,0,1,0,5.0,0.0
c7925274-1e9a-45a8-a422-8915f5ad2f5c,JazzCash,Banking,Mueez Ahmad,Unknown,1,2025-11-04 16:07:55,jaaz dabit card are very late,jaaz dabit card are very late,0,6,29,0,0,0,1.0,0,0,0.0,1,0,1,0.0,0,1,0,1.0,0.0
7fb97424-fdbd-4d07-b770-afe22ff032b3,JazzCash,Banking,Khurram Iqbal,Unknown,4,2025-11-04 16:09:23,amazing 😍🤩,amazing 😍🤩,0,2,10,2,0,0,1.0,0,0,0.7783,1,0,1,0.0,0,1,0,4.0,0.0
8b3d1f8d-d27d-4caf-bb52-a6f7f2e96d62,JazzCash,Banking,Bilal Khan,Unknown,1,2025-11-04 16:15:12,too bad service 🥲,too bad service 🥲,0,4,17,1,0,0,1.0,0,0,-0.5423,1,0,1,0.0,0,1,0,1.0,0.0
a2f0714e-b781-44ac-bd31-c7a94f712634,JazzCash,Banking,Talha Sardar,Unknown,5,2025-11-04 16:16:59,JazzCash provides a smooth and user-friendly experience for all types of transactions,jazzcash provides a smooth and user-friendly experience for all types of transactions,0,12,85,0,0,0,1.0,0,0,0.0,1,0,1,0.0,0,1,0,5.0,0.0
ebcbe6e9-456d-4153-9a53-e69b59df5d4e,JazzCash,Banking,Noreen Hans,Unknown,5,2025-11-04 16:17:02,"The JazzCash app is a convenient, secure, and swift mobile financial solution that makes managing money incredibly easy","the jazzcash app is a convenient, secure, and swift mobile financial solution that makes managing money incredibly easy",0,18,119,0,0,0,1.0,0,1,0.8268,1,0,1,0.0,0,1,0,5.0,0.0
10141bd0-f58d-4780-9e2c-61c94e77a9cf,JazzCash,Banking,Hina Jabeen,Unknown,5,2025-11-04 16:18:23,its a great app,its a great app,0,4,15,0,0,0,1.0,0,1,0.6249,1,0,1,0.0,0,1,0,5.0,0.0
9cd1f279-7149-4aa2-b6e4-41a0ef74ed43,JazzCash,Banking,Umar khan,Unknown,5,2025-11-04 16:31:21,so good 👍👍,so good 👍👍,0,3,10,2,0,0,1.0,0,0,0.4927,1,0,1,0.0,0,1,0,5.0,0.0
f65e91fe-9801-4710-a14f-07ec3520c338,JazzCash,Banking,Shahroz Ali,Unknown,5,2025-11-04 16:33:48,Excellent Application,excellent application,0,2,21,0,0,0,1.0,0,1,0.5719,1,0,1,0.0,0,1,0,5.0,0.0
63690e91-5308-49e0-b67d-2af7663d2a0c,JazzCash,Banking,inshal asad,Unknown,5,2025-11-04 16:36:29,Best app out there 🩷,best app out there 🩷,0,5,20,1,0,0,1.0,0,1,0.6369,1,0,1,0.0,0,1,0,5.0,0.0
00440bc9-826e-4db5-9f92-3d0c38c3e1b3,JazzCash,Banking,Muhammad Abubakar,Unknown,5,2025-11-04 16:37:21,Good platform for performing digital transactions,good platform for performing digital transactions,0,6,49,0,0,0,1.0,0,0,0.4404,1,0,2,811300.0,0,1,0,3.0,2.8284271247461903
527f1a12-a4a2-4159-9a15-7a6ae06e8870,JazzCash,Banking,Dureshawar,Unknown,5,2025-11-04 16:42:09,jazzcash is an incredible app. it makes all my transactions seamless. Highly recommended!,jazzcash is an incredible app. it makes all my transactions seamless. highly recommended!,0,13,89,0,0,0,1.0,0,1,0.3367,1,0,1,0.0,0,1,0,5.0,0.0
0f4b08d3-d7de-4ff5-9cdb-c342849d3d86,JazzCash,Banking,Hoorain Shah,Unknown,5,2025-11-04 16:42:56,"I have been using jazz Cash , and it has completely changed the way . I handle payment, the app is fast , secure and easy to use","i have been using jazz cash , and it has completely changed the way . i handle payment, the app is fast , secure and easy to use",0,28,128,0,0,0,0.8571428571428571,0,1,0.6486,1,0,1,0.0,0,1,0,5.0,0.0
1e6c1425-30c1-4d0e-911c-82270863e085,JazzCash,Banking,Syeda Sada Fatima,Unknown,5,2025-11-04 16:49:13,My experience with Jazzcash has been mostly positive. it is a reliable app for digital payments in Pakistan.,my experience with jazzcash has been mostly positive. it is a reliable app for digital payments in pakistan.,0,18,108,0,0,0,1.0,0,1,0.5574,1,0,1,0.0,0,1,0,5.0,0.0
bb89f407-12a6-4d55-9434-07d559640589,JazzCash,Banking,Ahtisham Aziz,Unknown,5,2025-11-04 16:55:03,Best Experience,best experience,0,2,15,0,0,0,1.0,0,0,0.6369,1,0,1,0.0,0,2,0,5.0,0.0
ebf88b30-485a-4fec-baf7-5572fe78dd16,JazzCash,Banking,M Taqi Hashmi,Unknown,5,2025-11-04 16:56:36,User Friendly Interface.,user friendly interface.,0,3,24,0,0,0,1.0,0,0,0.4939,1,0,1,0.0,0,1,0,5.0,0.0
df7f0d6d-82ba-48ab-a90f-15b94b37394d,JazzCash,Banking,Hassan Baba,Unknown,3,2025-11-04 17:00:02,nice ap,nice ap,0,2,7,0,0,0,1.0,0,0,0.4215,1,0,1,0.0,0,1,0,3.0,0.0
7425b884-ec60-4783-9238-ed9d637aa8fd,JazzCash,Banking,muqadus nasir Muqadus,Unknown,1,2025-11-04 17:06:56,"The app is a nice mobile wallet for users in Pakistan, and the easy bank transfer feature is very convenient"".","the app is a nice mobile wallet for users in pakistan, and the easy bank transfer feature is very convenient"".",0,20,110,0,0,0,0.9,0,1,0.6908,1,0,1,0.0,0,1,1,1.0,0.0
18c3badf-1d4e-45f5-b79f-81857816541b,JazzCash,Banking,Shoaib Ali,Unknown,5,2025-11-04 17:09:39,this is the amazing app pay bills money transfer and secure,this is the amazing app pay bills money transfer and secure,0,11,59,0,0,0,1.0,0,1,0.7003,1,0,1,0.0,0,1,0,5.0,0.0
5a5bbd44-6590-46f4-be93-240a5ceb45eb,JazzCash,Banking,Sardaranees Rehman,Unknown,5,2025-11-04 17:09:44,tremendous work,tremendous work,0,2,15,0,0,0,1.0,0,0,0.0,1,0,1,0.0,0,1,0,5.0,0.0
b3fd43d8-ea00-490a-86ca-0481c9443811,JazzCash,Banking,GHULAM ALI,Unknown,5,2025-11-04 17:09:54,Good experience with jazz Cash very useful,good experience with jazz cash very useful,0,7,42,0,0,0,1.0,0,0,0.7264,1,0,1,0.0,0,1,0,5.0,0.0
a2f8d3c9-9620-4979-a50c-f6c85148d7a0,JazzCash,Banking,Haider Shah,Unknown,5,2025-11-04 17:14:59,good platform 😃,good platform 😃,0,3,15,1,0,0,1.0,0,0,0.6597,1,0,1,0.0,0,1,0,5.0,0.0
6eb856a2-2a44-4dad-aafb-4a7d30c1ae07,JazzCash,Banking,SRK Say's,Unknown,5,2025-11-04 17:28:56,Best financial app in the world...✌🏼,best financial app in the world...✌🏼,0,6,36,1,0,0,1.0,0,1,0.8126,1,0,1,0.0,0,1,0,5.0,0.0
a0bd77ce-d542-49ee-8866-977f7968f17b,JazzCash,Banking,Maa g Marriage bureau,Unknown,1,2025-11-04 17:30:43,I purchased package they transfer amount its happening usually they should say sorry if they cannot make package instead transfer the balance,i purchased package they transfer amount its happening usually they should say sorry if they cannot make package instead transfer the balance,0,22,141,0,0,0,0.8181818181818182,0,1,-0.0772,1,0,1,0.0,0,1,0,1.0,0.0
da8df430-98c4-4b83-84bb-0a2235f6ace0,JazzCash,Banking,zobia afzal,Unknown,5,2025-11-04 17:35:45,I've been using JazzCash for a while now. It's made my life easier. I recommend it for anyone looking for a simple or fast payment solution.,i've been using jazzcash for a while now. it's made my life easier. i recommend it for anyone looking for a simple or fast payment solution.,0,26,140,0,0,0,0.8846153846153846,0,0,0.765,1,0,1,0.0,0,1,0,5.0,0.0
6a1d898d-1283-474b-92ab-2de601ab5732,JazzCash,Banking,Zubair Ali Sangi,Unknown,5,2025-11-04 17:38:21,jazzcach good,jazzcach good,0,2,13,0,0,0,1.0,0,0,0.4404,1,0,1,0.0,0,1,0,5.0,0.0
7221a98c-d3d5-47eb-9d9c-e0165d386586,JazzCash,Banking,Janam Mbw,Unknown,5,2025-11-04 17:42:05,it's a good app.we can pay bills easy at home buy bundles etc 👍👍👍👍,it's a good app.we can pay bills easy at home buy bundles etc 👍👍👍👍,0,14,66,4,0,0,1.0,0,1,0.6597,1,0,1,0.0,0,1,0,5.0,0.0
58dc4e5d-9bdd-4615-a2ba-989a7b72db49,JazzCash,Banking,Nasir Ali,Unknown,5,2025-11-04 17:44:39,Best saver,best saver,0,2,10,0,0,0,1.0,0,0,0.6369,1,0,1,0.0,0,1,0,5.0,0.0
482152d0-31e3-4932-b7c3-1aab1e9421f4,JazzCash,Banking,Younas Khan,Unknown,5,2025-11-04 17:46:33,is very good 💯,is very good 💯,0,4,14,1,0,0,1.0,0,0,0.4927,1,0,1,0.0,0,1,0,5.0,0.0
71798acb-3fc6-401a-ba8d-eb5d28abef98,JazzCash,Banking,Sadia Ubaid,Unknown,5,2025-11-04 17:47:08,"overall, it's a good service. daily transaction much easier through jazz cash. user friendly 😇","overall, it's a good service. daily transaction much easier through jazz cash. user friendly 😇",0,15,94,1,0,0,1.0,0,0,0.8979,1,0,1,0.0,0,1,0,5.0,0.0
d57278bf-a581-402f-bc53-62f1e784d119,JazzCash,Banking,Umer Ali,Unknown,5,2025-11-04 18:21:56,excellent experience,excellent experience,0,2,20,0,0,0,1.0,0,0,0.5719,1,0,1,0.0,0,1,0,5.0,0.0
0e5e9463-b869-4d46-ad0b-381728e5d7d0,JazzCash,Banking,Fariha Sehar,Unknown,5,2025-11-04 18:45:12,"Been using this app for a few months now and it's been a great experience. Really easy to navigate, transactions are quick and secure. Good going JazzCash","been using this app for a few months now and it's been a great experience. really easy to navigate, transactions are quick and secure. good going jazzcash",0,27,154,0,0,0,0.8888888888888888,0,1,0.9117,1,0,1,0.0,0,1,0,5.0,0.0
80d89873-a41d-486e-b00d-62acf3358edb,JazzCash,Banking,Mujeeb Khan,Unknown,1,2025-11-04 19:55:56,Mere 6 month jazz cash K otp nh arh h Mera issue help centre wala solve mh kr rh h,mere 6 month jazz cash k otp nh arh h mera issue help centre wala solve mh kr rh h,0,20,82,0,0,0,0.95,0,0,0.7717,1,0,1,0.0,0,1,1,1.0,0.0
95ad81f6-f123-4435-917e-0c101c2f8953,JazzCash,Banking,shoaib anwar,Unknown,1,2025-11-04 20:53:18,bekar app,bekar app,0,2,9,0,0,0,1.0,0,1,0.0,1,0,1,0.0,0,1,0,1.0,0.0
d0a9a7ad-9f0e-43fb-9dff-787bfcfdd24d,JazzCash,Banking,Alhafiz Imran Shoukat Qadri Official (Hafiz Imran Shoukat Qadri),Unknown,1,2025-11-05 01:59:03,"Your app’s previous interface was very good, but the new changes are not good. Please make it like before, otherwise we’ll be forced to stop using this app.","your app’s previous interface was very good, but the new changes are not good. please make it like before, otherwise we’ll be forced to stop using this app.",0,28,156,0,0,0,1.0,0,1,-0.7909,1,0,1,0.0,0,1,0,1.0,0.0
d2485c5a-e8b5-4f47-af6f-b75ede158890,JazzCash,Banking,jojo bot,Unknown,1,2025-11-05 02:14:56,good app,good app,0,2,8,0,0,0,1.0,0,1,0.4404,1,0,1,0.0,0,10,0,1.0,0.0
c84506a3-265f-411a-b440-88aabbeec5ee,JazzCash,Banking,Amna34 Zaheer45,Unknown,1,2025-11-05 02:34:52,good application,good application,0,2,16,0,0,0,1.0,0,1,0.4404,1,0,1,0.0,0,2,0,1.0,0.0
7f52e1a9-bead-4ca4-b2f0-e2575c177b40,JazzCash,Banking,Wiseo Sports,Unknown,1,2025-11-05 04:53:01,very very cheapest application,very very cheapest application,0,4,30,0,0,0,0.75,1,1,0.0,1,0,1,0.0,0,1,0,1.0,0.0
80bcaba5-79ac-473c-8e9a-ecd368e684ce,JazzCash,Banking,Habib Kakar,Unknown,1,2025-11-05 05:42:15,si muy la verda.,si muy la verda.,0,4,16,0,0,0,1.0,0,0,0.0,1,0,1,0.0,0,1,0,1.0,0.0
dc6269cd-7f6c-42a2-9d38-dab47d4fce95,JazzCash,Banking,Mona Jutt,Unknown,5,2025-11-05 05:54:36,outstanding proformance,outstanding proformance,1,2,23,0,0,0,1.0,0,0,0.6124,1,0,1,0.0,0,1,0,5.0,0.0
afc35979-e656-4b72-8e67-dfd15d9ed517,JazzCash,Banking,Sadia noreen,Unknown,5,2025-11-05 05:55:35,it is very fast and helpful service,it is very fast and helpful service,1,7,35,0,0,0,1.0,0,0,0.4703,1,0,1,0.0,0,1,0,5.0,0.0
276c289e-29a9-415b-b698-bb30bf476331,JazzCash,Banking,Aqib Ali,Unknown,5,2025-11-05 06:13:50,It is so nice 😊,it is so nice 😊,1,5,15,1,0,0,1.0,0,0,0.8719,1,0,2,1292541.0,0,1,0,3.0,2.8284271247461903
19d9bc85-0d2b-4a7e-8d8b-501080011dd5,JazzCash,Banking,Khan Khan,Unknown,5,2025-11-05 06:25:32,very good 😊💕,very good 😊💕,1,3,12,2,0,0,1.0,0,0,0.9296,1,0,1,0.0,0,1,0,5.0,0.0
5920884c-580a-4459-ae58-89a8e71e3d0c,JazzCash,Banking,IFTIKHAR AHMED,Unknown,5,2025-11-05 06:39:05,outstanding performance,outstanding performance,1,2,23,0,0,0,1.0,0,0,0.6124,1,0,1,0.0,0,1,0,5.0,0.0
b5b9a4d5-a5a4-4556-bf81-23d96f84a08b,JazzCash,Banking,Arshad Durani,Unknown,1,2025-11-05 06:41:07,v good,v good,0,2,6,0,0,0,1.0,0,0,0.4404,1,0,1,0.0,0,3,0,1.0,0.0
ebd0c746-db0e-438c-8f54-3ea7f46ee0de,JazzCash,Banking,Raja Zubair,Unknown,5,2025-11-05 06:56:35,nice digital banking,nice digital banking,1,3,20,0,0,0,1.0,0,0,0.4215,1,0,1,0.0,0,1,0,5.0,0.0
fe5e16be-fdb3-4fa1-8093-e60b4e44a0b4,JazzCash,Banking,Aman TV,Unknown,2,2025-11-05 07:00:20,so so,so so,0,2,5,0,0,0,0.5,0,0,0.0,1,0,1,0.0,0,1,0,2.0,0.0
54e0641a-d86e-47e5-8414-60eda2988702,JazzCash,Banking,Amanat Ali,Unknown,5,2025-11-05 07:04:05,میرے ایکونٹ کو بھال کیجے,میرے ایکونٹ کو بھال کیجے,0,5,24,0,0,0,1.0,0,0,0.0,1,0,1,0.0,0,1,0,5.0,0.0
f3ca74bb-3c7d-4f94-9313-9539f67f7e43,JazzCash,Banking,Mahmood ul hasan,Unknown,4,2025-11-05 07:26:27,great,great,0,1,5,0,0,0,1.0,0,0,0.6249,1,0,1,0.0,0,6,0,4.0,0.0
72934146-692d-4cd8-ad41-b911277b30f0,JazzCash,Banking,Ghulam Fareed,Unknown,5,2025-11-05 07:50:02,good App,good app,1,2,8,0,0,0,1.0,0,1,0.4404,1,0,1,0.0,0,10,0,5.0,0.0
82b69dd7-54f8-47ce-be87-463b8a65025f,JazzCash,Banking,ahmed nawaz,Unknown,5,2025-11-05 07:55:07,my favourite app,my favourite app,1,3,16,0,0,0,1.0,0,1,0.0,1,0,1,0.0,0,1,0,5.0,0.0
5ab3ff1d-f64e-40c4-a250-85f698e0c82b,JazzCash,Banking,Tanzeel Ahmad,Unknown,5,2025-11-05 08:00:01,like a good,like a good,1,3,11,0,0,0,1.0,0,0,0.6597,1,0,1,0.0,0,1,0,5.0,0.0
847d2062-ffec-442b-96a7-acb295ebacba,JazzCash,Banking,Aaish Buriro,Unknown,5,2025-11-05 08:43:37,very nice 👍,very nice 👍,1,3,11,1,0,0,1.0,0,0,0.4754,1,0,1,0.0,0,1,0,5.0,0.0
94d8f55f-5529-4a01-ba16-dd0fc4cd2090,JazzCash,Banking,Khuda Bux Laghari,Unknown,5,2025-11-05 08:46:06,"Yeah, after a long time a step towards digital apps, it's a very good experience about jazzcash. it's exciting for your beloved ones to share or pay money, utility bills and mobile loads. ☺️","yeah, after a long time a step towards digital apps, it's a very good experience about jazzcash. it's exciting for your beloved ones to share or pay money, utility bills and mobile loads. ☺️",1,34,190,0,0,0,0.9117647058823529,0,1,0.9402,1,0,1,0.0,0,1,0,5.0,0.0
4757b48a-e479-4d38-9e35-62c9be2dcff7,JazzCash,Banking,Mjaffar Mjaffar,Unknown,5,2025-11-05 08:55:25,satisfied,satisfied,1,1,9,0,0,0,1.0,0,0,0.4215,1,0,1,0.0,0,1,0,5.0,0.0
61786046-72ad-4da0-bfc6-e8d7426d17a5,JazzCash,Banking,Ehsan raja,Unknown,5,2025-11-05 09:01:34,"Easy to use, fast transactions, and reliable. Perfect for bill payments, mobile top-ups, and money transfers. Highly recommended!","easy to use, fast transactions, and reliable. perfect for bill payments, mobile top-ups, and money transfers. highly recommended!",0,18,129,0,0,0,0.9444444444444444,0,0,0.8395,1,0,1,0.0,0,1,0,5.0,0.0
cd9d32a2-ef85-4d1b-a1ee-944434321e9a,JazzCash,Banking,Johar Ali,Unknown,4,2025-11-05 09:04:23,good 👍,good 👍,0,2,6,1,0,0,1.0,0,0,0.4404,1,0,1,0.0,0,8,0,4.0,0.0
8a29ffa7-c902-47c2-8887-a0dd708e7d97,JazzCash,Banking,Aisha Yaqub,Unknown,1,2025-11-05 09:42:56,why this app give ready cash permission without any request is this ur scam to loot innocent Pakistanis,why this app give ready cash permission without any request is this ur scam to loot innocent pakistanis,0,18,103,0,0,0,0.9444444444444444,0,1,0.0516,1,0,1,0.0,0,1,0,1.0,0.0
5f6a6bf6-1097-4d4a-924c-4c90eb58575a,JazzCash,Banking,Park Eshu,Unknown,5,2025-11-05 10:01:07,I loved it,i loved it,0,3,10,0,0,0,1.0,0,0,0.5994,1,0,1,0.0,0,1,0,5.0,0.0
1e3e563a-4a33-48d4-8b44-81f9b3baddcd,JazzCash,Banking,Shahzaib Haider,Unknown,5,2025-11-05 11:10:38,I have been using jazzcash from a while now and its make my daily transactions quite easy.,i have been using jazzcash from a while now and its make my daily transactions quite easy.,0,17,90,0,0,0,1.0,0,0,0.4927,1,0,1,0.0,0,1,0,5.0,0.0
c5b7ef63-b22e-4942-8347-8e9a42bd6030,JazzCash,Banking,Mazhar Hussain,Unknown,5,2025-11-05 11:25:06,great 😃👍,great 😃👍,0,2,8,2,0,0,1.0,0,0,0.765,1,0,1,0.0,0,1,0,5.0,0.0
e03e8f9f-e46a-44d2-806c-ceace9b57e78,JazzCash,Banking,Ihsankhokhar ihsankhokhar,Unknown,5,2025-11-05 11:42:29,to good 💯😊,to good 💯😊,0,3,10,2,0,0,1.0,0,0,0.836,1,0,1,0.0,0,1,0,5.0,0.0
ff299266-cb04-4880-9add-b4b6b4c7cb60,JazzCash,Banking,Muzammil Mustafa,Unknown,5,2025-11-05 12:14:43,very nice very nice 👍 👍 👍 👍 👍 👍,very nice very nice 👍 👍 👍 👍 👍 👍,0,10,31,6,0,0,0.3,0,0,0.7543,1,0,1,0.0,0,1,0,5.0,0.0
2f57f302-3d6f-470d-a0d9-df5c511f2fc8,JazzCash,Banking,Khurram Abbas,Unknown,5,2025-11-05 12:16:46,love u jazz,love u jazz,0,3,11,0,0,0,1.0,0,0,0.6369,1,0,1,0.0,0,1,0,5.0,0.0
b96fbf62-1d1f-40f1-b920-379fba9c08ff,JazzCash,Banking,Ehsan Elahi,Unknown,5,2025-11-05 12:23:03,good sarvis,good sarvis,0,2,11,0,0,0,1.0,0,0,0.4404,1,0,1,0.0,0,1,0,5.0,0.0
edb4dc85-aab8-4deb-a370-922575c58bf4,JazzCash,Banking,Adlaina Khan,Unknown,1,2025-11-05 12:27:25,old jaz cash is far better than this am not satified with new updates,old jaz cash is far better than this am not satified with new updates,0,14,69,0,0,0,1.0,0,0,0.4404,1,0,1,0.0,0,1,0,1.0,0.0
01e67d1f-6d0d-49da-8e8d-d007b5afecd6,JazzCash,Banking,Ibrar Malik,Unknown,5,2025-11-05 12:41:46,save app,save app,0,2,8,0,0,0,1.0,0,1,0.4939,1,0,1,0.0,0,1,0,5.0,0.0
52f9e52e-775c-44b6-8524-1795d794c7a4,JazzCash,Banking,Rustam Baloch,Unknown,5,2025-11-05 12:57:29,Best app ❣️,best app ❣️,0,3,11,0,0,0,1.0,0,1,0.8555,1,0,1,0.0,0,1,0,5.0,0.0
3b7c692e-4367-4782-b2d4-c43b41fda6b3,JazzCash,Banking,Muhammad Awais,Unknown,3,2025-11-05 12:58:39,salaam investment is not working fix it,salaam investment is not working fix it,0,7,39,0,0,0,1.0,0,0,0.0,1,0,2,719768.0,0,1,0,3.5,0.7071067811865476
015d62f0-680f-45b4-84c7-a1724901dd79,JazzCash,Banking,Nasir King,Unknown,5,2025-11-05 13:03:16,very useful app,very useful app,0,3,15,0,0,0,1.0,0,1,0.4927,1,0,1,0.0,0,1,0,5.0,0.0
a6188d1a-0e5b-4dfd-9829-e3cef36ec156,JazzCash,Banking,Asma Ameer,Unknown,3,2025-11-05 13:32:00,jazz cash app is good but sometimes show errors,jazz cash app is good but sometimes show errors,0,9,47,0,0,0,1.0,0,1,-0.2846,1,0,1,0.0,0,1,0,3.0,0.0
20e4e7e1-7c83-47e9-949a-f72c243539de,JazzCash,Banking,Abubakar Buzdar,Unknown,5,2025-11-05 14:00:17,Good app 👍🏽,good app 👍🏽,0,3,11,2,0,0,1.0,0,1,0.4404,1,0,1,0.0,0,1,0,5.0,0.0
935c5603-3168-4eb6-af1f-4541b8f79118,JazzCash,Banking,Salman khan,Unknown,5,2025-11-05 14:02:14,Good 👍,good 👍,0,2,6,1,0,0,1.0,0,0,0.4404,1,0,1,0.0,0,8,0,5.0,0.0
b62bf2fd-5f79-43e7-a098-7dfb4ffda3a0,JazzCash,Banking,Muhammad Imran Thaheem,Unknown,5,2025-11-05 14:29:01,good working,good working,0,2,12,0,0,0,1.0,0,0,0.4404,1,0,1,0.0,0,4,0,5.0,0.0
db25ee1b-4498-4bd7-87ab-54ffd6893bfa,JazzCash,Banking,Hassan Ali,Unknown,5,2025-11-05 14:40:57,easy to use and bedt app for sending money in real timw,easy to use and bedt app for sending money in real timw,0,12,55,0,0,0,1.0,0,1,0.4404,1,0,2,1651078.0,0,1,0,3.0,2.8284271247461903
6badfd76-3e9c-49cc-9b83-81ce0901d6c6,JazzCash,Banking,Sajid Hussain,Unknown,5,2025-11-05 14:47:16,it is very good for transfer money,it is very good for transfer money,0,7,34,0,0,0,1.0,0,0,0.4927,1,0,1,0.0,0,1,0,5.0,0.0
9e07fd0f-b4e5-42eb-9a93-7f85dd7b060d,JazzCash,Banking,Aamir Zafeer,Unknown,5,2025-11-05 14:54:48,nice work,nice work,0,2,9,0,0,0,1.0,0,0,0.4215,1,0,1,0.0,0,2,0,5.0,0.0
b8d69531-dffe-43ec-980b-8e64d8beeb36,JazzCash,Banking,Zakir Ali,Unknown,2,2025-11-05 14:55:51,Sir mera jazzcash account new mbl me code nhi araha plz help me,sir mera jazzcash account new mbl me code nhi araha plz help me,0,13,63,0,0,0,0.9230769230769231,0,0,0.4588,1,0,1,0.0,0,1,0,2.0,0.0
0405f292-cf58-438a-a88a-7e2b9c709c20,JazzCash,Banking,Azhar Naveed,Unknown,1,2025-11-05 15:16:08,why not Passport fee payment option show at JazzCash Application?,why not passport fee payment option show at jazzcash application?,0,10,65,0,0,0,1.0,0,1,0.0,1,0,1,0.0,0,1,0,1.0,0.0
68b4cf7f-6c95-4ad4-9bef-4d18dc334ed6,JazzCash,Banking,Hammad hammad,Unknown,1,2025-11-05 15:23:16,No trusted app I try to login my account but the error occured then I contact with their member but they don't solve my problem I visit jazz cash franchise many time but they can't even listen me 😭🥺,no trusted app i try to login my account but the error occured then i contact with their member but they don't solve my problem i visit jazz cash franchise many time but they can't even listen me 😭🥺,0,39,198,2,0,0,0.8461538461538461,1,1,-0.8165,1,0,1,0.0,0,1,0,1.0,0.0
40450214-d49f-4d38-ab2c-a40e6d129f6b,JazzCash,Banking,Ali Bhatti,Unknown,5,2025-11-05 15:45:24,thanks jaaz cash,thanks jaaz cash,1,3,16,0,0,0,1.0,0,0,0.4404,1,0,1,0.0,0,1,0,5.0,0.0
cc1a4666-ae2b-47cd-b452-f09c99f8cc84,JazzCash,Banking,Sajjad Ahmad,Unknown,5,2025-11-05 16:06:23,This app is real It is use to safe money.,this app is real it is use to safe money.,0,10,41,0,0,0,0.9,0,1,0.4404,1,0,1,0.0,0,1,0,5.0,0.0
0e7d8999-1f54-4d79-81fa-ef9d3398ead6,JazzCash,Banking,Riffat Awais,Unknown,5,2025-11-05 16:16:08,superb,superb,0,1,6,0,0,0,1.0,0,0,0.6249,1,0,1,0.0,0,1,0,5.0,0.0
e2f5f5bd-8e28-4da2-b868-f795549c0915,JazzCash,Banking,Imtiaz Malik,Unknown,1,2025-11-05 16:29:48,lose money,lose money,0,2,10,0,0,0,1.0,0,0,-0.4019,1,0,1,0.0,0,1,0,1.0,0.0
d88549d3-0c9b-4320-8f5a-9d529e5c6f3a,JazzCash,Banking,muhammadbhai muhammadbhai,Unknown,1,2025-11-05 16:51:31,I like,i like,1,2,6,0,0,0,1.0,0,0,0.3612,1,0,1,0.0,0,2,0,1.0,0.0
aa769ae7-80d8-42ad-8224-db1a4b4f8cdc,JazzCash,Banking,Musfira Yahya,Unknown,5,2025-11-05 17:07:02,I feel confident using Jazz Cash that my money will be safe and I am happy with it. must use it for transection In this app Money transaction is fast,i feel confident using jazz cash that my money will be safe and i am happy with it. must use it for transection in this app money transaction is fast,0,30,149,0,0,0,0.9333333333333333,0,1,0.8689,1,0,1,0.0,0,1,0,5.0,0.0
0c7be5da-d783-41ea-822f-bffb47cb5bc6,JazzCash,Banking,Naveed N.K,Unknown,1,2025-11-05 17:07:14,Not working this code 😔,not working this code 😔,0,5,23,1,0,0,1.0,0,0,0.0772,1,0,1,0.0,0,1,0,1.0,0.0
8c361d57-4ccb-41c1-b383-2ca4da8a0628,JazzCash,Banking,Afrasiab Aasi,Unknown,5,2025-11-05 17:15:46,awesome,awesome,0,1,7,0,0,0,1.0,0,0,0.6249,1,0,1,0.0,0,2,0,5.0,0.0
9771f8f1-9659-4d2a-aa94-0c5d3bfd0291,JazzCash,Banking,Kamran shah,Unknown,5,2025-11-05 17:34:07,very nice ♥️👍,very nice ♥️👍,0,3,13,1,0,0,1.0,0,0,0.8211,1,0,1,0.0,0,1,0,5.0,0.0
6a4646de-6a25-41cb-a4a2-e0d332abf05e,JazzCash,Banking,Shahphotocopy,Unknown,5,2025-11-05 17:35:18,I prefer updated all feature ❣️,i prefer updated all feature ❣️,0,6,31,0,0,0,1.0,0,0,0.6369,1,0,1,0.0,0,1,0,5.0,0.0
4269f017-9464-40ce-b4ce-12191081a953,JazzCash,Banking,Hussain Ali,Unknown,5,2025-11-05 18:03:23,happy,happy,0,1,5,0,0,0,1.0,0,1,0.5719,1,0,1,0.0,0,2,0,5.0,0.0
6e5b7f00-8746-403f-b913-7ffced01713c,JazzCash,Banking,Syed Naseem Ali Shah,Unknown,5,2025-11-05 18:18:42,very good & easy,very good & easy,0,4,16,0,0,0,1.0,0,0,0.7474,1,0,1,0.0,0,1,0,5.0,0.0
9e43b087-8aef-4f59-ac4f-a1ed630f79ed,JazzCash,Banking,Sana Ullah,Unknown,1,2025-11-05 18:24:41,stupid service when it comes to withdrawing money from payoneer. they are always down lol,stupid service when it comes to withdrawing money from payoneer. they are always down lol,0,15,89,0,0,0,1.0,0,0,-0.1531,1,0,1,0.0,0,1,0,1.0,0.0
45861210-955a-40fd-8f59-70d8775b5b82,JazzCash,Banking,Fatima Ali,Unknown,1,2025-11-05 18:26:31,I purchase 2700 balance but I only receive 700 balance but they cut 2700 from my account I want my 2000 back,i purchase 2700 balance but i only receive 700 balance but they cut 2700 from my account i want my 2000 back,0,22,108,0,0,0,0.7272727272727273,0,0,-0.296,1,0,1,0.0,0,1,0,1.0,0.0
951d78dd-621b-48f8-9bb4-0e474344addf,JazzCash,Banking,Ehtisham Shamo,Unknown,5,2025-11-05 18:55:01,😊 Happy,😊 happy,0,2,7,1,0,0,1.0,0,1,0.8658,1,0,1,0.0,0,1,0,5.0,0.0
ea57e8a7-0e44-427d-a7f2-0c151488360d,JazzCash,Banking,Basit Ahmed,Unknown,4,2025-11-05 19:02:54,much better,much better,0,2,11,0,0,0,1.0,0,0,0.4404,1,0,1,0.0,0,1,0,4.0,0.0
71743842-da18-45df-aedd-c7d8d6c3009a,JazzCash,Banking,Rabeet Sheikh,Unknown,5,2025-11-05 20:14:25,nice app I like it,nice app i like it,0,5,18,0,0,0,1.0,0,1,0.6486,1,0,1,0.0,0,1,0,5.0,0.0
89239dc1-368f-42e9-a0a4-18f61d59f480,JazzCash,Banking,Ch Jutt,Unknown,5,2025-11-05 20:36:58,100% working,100% working,0,2,12,0,0,0,1.0,0,0,0.0,1,0,1,0.0,0,1,0,5.0,0.0
8c5ba453-2d8d-4de1-81ba-e8741a436bc6,JazzCash,Banking,Waqas Mughal,Unknown,5,2025-11-05 20:37:49,user interface is now improve,user interface is now improve,0,5,29,0,0,0,1.0,0,0,0.4404,1,0,1,0.0,0,1,0,5.0,0.0
ccbb79be-145a-4acd-aaff-be98e9199c14,JazzCash,Banking,Imran Prince,Unknown,1,2025-11-05 20:40:02,Alas ! Jazz Cash app is no more Compatible with my Samsung Galaxy j3 pro....is it possible to Compatible with my Samsung galaxy j3 pro ?,alas ! jazz cash app is no more compatible with my samsung galaxy j3 pro....is it possible to compatible with my samsung galaxy j3 pro ?,0,26,136,0,0,0,0.7692307692307693,0,1,-0.5562,1,0,1,0.0,0,1,0,1.0,0.0
90ea1ec5-8e90-41d8-8ba6-45902bd2cec4,JazzCash,Banking,Jani 4600,Unknown,5,2025-11-05 21:08:57,Wonder full app,wonder full app,0,3,15,0,0,0,1.0,0,1,0.0,1,0,1,0.0,0,1,0,5.0,0.0
f7255454-add7-4c4e-b5f4-77b3fef689fe,JazzCash,Banking,Maha Memon,Unknown,5,2025-11-05 22:45:38,acha hay,acha hay,0,2,8,0,0,0,1.0,0,1,0.0,1,0,1,0.0,0,1,0,5.0,0.0
15d04a73-2941-46fb-a6e7-56b3c7ee6aa9,JazzCash,Banking,Rizwan Khan,Unknown,5,2025-11-05 23:35:27,good jazzcash app works,good jazzcash app works,1,4,23,0,0,0,1.0,0,1,0.4404,1,0,1,0.0,0,1,0,5.0,0.0
148beca2-1fd9-47c2-8869-f4d109d5e833,JazzCash,Banking,Aslam BOLD,Unknown,1,2025-11-06 00:41:16,Fraud Scammer Mari Payment Gaib Hogai Hai Or Wo Kehte Hai Han Hui Hai Lekin Return Nai Mil Sakti Boycott Jazzcash,fraud scammer mari payment gaib hogai hai or wo kehte hai han hui hai lekin return nai mil sakti boycott jazzcash,0,21,113,0,0,0,0.9047619047619048,0,1,-0.7269,1,0,1,0.0,0,1,0,1.0,0.0
5f4e4c86-1265-40d1-9e77-331c86d6f197,JazzCash,Banking,Dil Nawaz,Unknown,5,2025-11-06 01:03:22,very good 👍👍👍 app jazz cash,very good 👍👍👍 app jazz cash,0,6,27,3,0,0,1.0,0,1,0.4927,1,0,1,0.0,0,1,0,5.0,0.0
14fe77a4-5b10-49b3-bf1b-487c3079ea68,JazzCash,Banking,Maryam Jaffar,Unknown,1,2025-11-06 01:57:37,still not working kindly check problem my app doesn't work and can't bi open.. plz fix it,still not working kindly check problem my app doesn't work and can't bi open.. plz fix it,0,17,89,0,0,0,1.0,0,1,-0.6757,1,0,1,0.0,0,1,0,1.0,0.0
efdad518-8213-410e-be4f-2909b794d1fe,JazzCash,Banking,Ihtisham Jutt,Unknown,5,2025-11-06 04:04:20,helpful app,helpful app,1,2,11,0,0,0,1.0,0,1,0.4215,1,0,1,0.0,0,1,0,5.0,0.0
c87ff5b5-007a-49b0-865a-b4007846acb2,JazzCash,Banking,Sania Kiran Rao,Unknown,5,2025-11-06 04:27:27,better app,better app,0,2,10,0,0,0,1.0,0,1,0.4404,1,0,1,0.0,0,1,0,5.0,0.0
326479ad-3d5f-497f-a791-e4e30d5ec51e,JazzCash,Banking,M Zeeshan,Unknown,5,2025-11-06 05:25:54,bst banking app,bst banking app,0,3,15,0,0,0,1.0,0,1,0.0,1,0,1,0.0,0,1,0,5.0,0.0
a6138ae1-3e59-41aa-b33e-7c4da35e17a7,JazzCash,Banking,Ashii Chouhadryy,Unknown,4,2025-11-06 05:55:01,nice 👍,nice 👍,0,2,6,1,0,0,1.0,0,0,0.4215,1,0,1,0.0,0,5,0,4.0,0.0
67a0ce93-b4c0-47a3-ba0e-e2e1bf108a4b,JazzCash,Banking,Qari SB,Unknown,1,2025-11-06 06:42:02,i am trying to update jazz cash application but showing cannot install jazzcash please help me solve this problem,i am trying to update jazz cash application but showing cannot install jazzcash please help me solve this problem,0,19,113,0,0,0,1.0,1,1,-0.2217,1,0,1,0.0,0,1,0,1.0,0.0
d5df24e5-b414-4b9b-9140-dd0cb860110b,JazzCash,Banking,Asif Jan,Unknown,1,2025-11-06 08:00:37,Thank you 😊,thank you 😊,0,3,11,1,0,0,1.0,0,0,0.8176,1,0,1,0.0,0,1,1,1.0,0.0
66dd601e-74d6-4f29-8d6e-aa5b63d201b6,JazzCash,Banking,Furqan Shah,Unknown,2,2025-11-06 08:16:59,jazz cash,jazz cash,0,2,9,0,0,0,1.0,0,0,0.0,1,0,1,0.0,0,3,0,2.0,0.0
5ba51d14-dafa-496f-b56c-93534f75071e,JazzCash,Banking,Toheed Bhatti,Unknown,1,2025-11-06 08:18:39,Someone stolen 1600 rupees from my account by just calling my brother and asking him to press 1.Not secure at all.Security system can be compromised very easily,someone stolen 1600 rupees from my account by just calling my brother and asking him to press 1.not secure at all.security system can be compromised very easily,0,27,160,0,0,0,0.9629629629629629,0,0,0.2247,1,0,1,0.0,0,1,0,1.0,0.0
c51c88c5-130d-4aa8-ba8f-dedeee8637d0,JazzCash,Banking,Ali Gohari,Unknown,4,2025-11-06 09:00:21,Good services,good services,0,2,13,0,0,0,1.0,0,0,0.4404,1,0,1,0.0,0,2,0,4.0,0.0
22d3fa81-0b63-4a30-852a-5d91586a313c,JazzCash,Banking,Imran Ullah,Unknown,3,2025-11-06 09:02:39,Super,super,0,1,5,0,0,0,1.0,0,0,0.5994,1,0,2,0.0,0,4,0,3.5,0.7071067811865476
6bd6d48b-3544-4b9e-99f7-c92f52bbca65,JazzCash,Banking,Sun Light,Unknown,4,2025-11-06 09:44:00,Marvelous 😍,marvelous 😍,0,2,11,1,0,0,1.0,0,0,0.7845,1,0,1,0.0,0,1,0,4.0,0.0
18fda6f8-8308-4bd4-ac96-acfea5799cad,JazzCash,Banking,Wasim Jan,Unknown,3,2025-11-06 09:56:40,Good app,good app,0,2,8,0,0,0,1.0,0,1,0.4404,1,0,1,0.0,0,10,0,3.0,0.0
c9a77358-d853-488e-864b-f9c2911cdd76,JazzCash,Banking,Hamd Gulan,Unknown,1,2025-11-06 10:45:33,not a good app they eated my money,not a good app they eated my money,0,8,34,0,0,0,1.0,0,1,-0.3412,1,0,1,0.0,0,1,0,1.0,0.0
00e3e4ad-d8ef-4748-9978-dce40308689e,JazzCash,Banking,Muhammad Touseef,Unknown,2,2025-11-06 11:06:41,sco loud ny ho raha hy,sco loud ny ho raha hy,0,6,22,0,0,0,1.0,0,0,0.0,1,0,1,0.0,0,1,0,2.0,0.0
d1f3685b-b6e6-478a-9e1e-de36017fd738,JazzCash,Banking,Ali Raza,Unknown,1,2025-11-06 11:18:14,Pathetic Customer Support Service,pathetic customer support service,0,4,33,0,0,0,1.0,0,0,-0.25,1,0,2,1968838.0,0,1,0,2.0,1.4142135623730951
6ba0dccb-0ac7-4a37-892d-9b377d4218f8,JazzCash,Banking,Muhammad Mohsin Rehman,Unknown,1,2025-11-06 11:43:38,"Pathetic service, poor customer service I am going to uninstall and discontinue usage of Jazz cash","pathetic service, poor customer service i am going to uninstall and discontinue usage of jazz cash",0,16,98,0,0,0,1.0,1,0,-0.7783,1,0,1,0.0,0,1,0,1.0,0.0
aac11221-182f-4b2a-b272-2eaadac49750,JazzCash,Banking,Any Butt,Unknown,5,2025-11-06 12:46:33,excellent 👌,excellent 👌,0,2,11,1,0,0,1.0,0,0,0.87,1,0,1,0.0,0,1,0,5.0,0.0
a5d6101b-71bb-47f3-8660-0267988af02f,JazzCash,Banking,Roman Zaib,Unknown,5,2025-11-06 12:47:49,nice service,nice service,0,2,12,0,0,0,1.0,0,0,0.4215,1,0,1,0.0,0,1,0,5.0,0.0
bc956108-b249-4c2a-9da5-bc3c67cb7e05,JazzCash,Banking,Sohail Jutt 0066,Unknown,5,2025-11-06 12:48:16,good and fast work,good and fast work,0,4,18,0,0,0,1.0,0,0,0.4404,1,0,1,0.0,0,1,0,5.0,0.0
4796e092-e9ff-40ea-8756-47a4078b73cc,JazzCash,Banking,ajmal manzoor,Unknown,5,2025-11-06 13:04:57,bohat achi app ha her chez easy sa pa ker sakt ha bina kesi tenshan good👍,bohat achi app ha her chez easy sa pa ker sakt ha bina kesi tenshan good👍,0,16,73,1,0,0,0.9375,0,1,0.8625,1,0,1,0.0,0,1,0,5.0,0.0
b3150cca-2fae-4a4a-9aa8-a9e683cd05bb,JazzCash,Banking,Hafeez Ullah,Unknown,5,2025-11-06 13:27:11,Bountifull,bountifull,0,1,10,0,0,0,1.0,0,0,0.0,1,0,1,0.0,0,1,0,5.0,0.0
0a5da64a-db66-4a0f-a3ee-afe8020fcdfe,JazzCash,Banking,bahadur Jarwar,Unknown,4,2025-11-06 13:36:31,good apps,good apps,0,2,9,0,0,0,1.0,0,1,0.4404,1,0,1,0.0,0,3,0,4.0,0.0
7464f806-3b22-4c4d-b3c5-8880b6e32f83,JazzCash,Banking,Nawab Chishti,Unknown,5,2025-11-06 13:44:34,good app is jazz cash 😀,good app is jazz cash 😀,0,6,23,1,0,0,1.0,0,1,0.6597,1,0,1,0.0,0,1,0,5.0,0.0
2991b0f3-5908-4aec-b836-a4bce94dd1a4,JazzCash,Banking,Mirza rehman,Unknown,5,2025-11-06 13:57:44,i really like it because you're always appreciated with me ☺️💗,i really like it because you're always appreciated with me ☺️💗,0,11,62,1,0,0,1.0,0,1,0.9324,1,0,1,0.0,0,1,0,5.0,0.0
a630ead4-42ff-4b6b-a7bb-2391cd091a66,JazzCash,Banking,Nouman Tahir,Unknown,5,2025-11-06 14:09:12,I'm very happy to use ready cash from jazz cash app it's amazing 😍😍 .I'm fully satisfied 😀😀😀💞 yaaahhhhooo,i'm very happy to use ready cash from jazz cash app it's amazing 😍😍 .i'm fully satisfied 😀😀😀💞 yaaahhhhooo,0,19,105,6,0,0,0.9473684210526315,0,1,0.9841,1,0,1,0.0,0,1,0,5.0,0.0
62bc7551-84b9-4f73-a2be-81cefdb79f5a,JazzCash,Banking,Hamid Rajpoot,Unknown,1,2025-11-06 14:23:50,save option,save option,0,2,11,0,0,0,1.0,0,0,0.4939,1,0,1,0.0,0,1,0,1.0,0.0
f29187dc-6fef-42f3-b0a0-1e183128443e,JazzCash,Banking,humayou liaquat,Unknown,4,2025-11-06 14:24:14,good app,good app,0,2,8,0,0,0,1.0,0,1,0.4404,1,0,1,0.0,0,10,0,4.0,0.0
05d53be9-c57c-4c93-98c0-a0fadc7e5cac,JazzCash,Banking,Saim Raza,Unknown,2,2025-11-06 14:26:42,best service,best service,0,2,12,0,0,0,1.0,0,0,0.6369,1,0,1,0.0,0,2,1,2.0,0.0
8b1a051d-bacc-4b24-98a7-da77ebf31401,JazzCash,Banking,Kamran Khan,Unknown,5,2025-11-06 14:34:45,please work on app,please work on app,0,4,18,0,0,0,1.0,0,1,0.3182,1,0,1,0.0,0,1,0,5.0,0.0
f920d6d1-11dd-47bc-bf74-7512dd5407cf,JazzCash,Banking,Mian Hassan,Unknown,5,2025-11-06 14:40:48,such a awesome app♥️,such a awesome app♥️,0,4,20,0,0,0,1.0,0,1,0.8519,1,0,1,0.0,0,1,0,5.0,0.0
f803e291-e87c-4984-87ea-6dbec240ffae,JazzCash,Banking,Soniya Shona,Unknown,1,2025-11-06 14:42:15,80 s zyada aagy install nh huparhi app,80 s zyada aagy install nh huparhi app,0,8,38,0,0,0,1.0,1,1,0.4939,1,0,1,0.0,0,1,0,1.0,0.0
6e3ab29a-5943-4d04-816f-4c89caf5d8cd,JazzCash,Banking,Rao sahib,Unknown,5,2025-11-06 14:45:11,jaz cash is good app so easy and fast thnx Jaz cash,jaz cash is good app so easy and fast thnx jaz cash,0,12,51,0,0,0,0.8333333333333334,0,1,0.7264,1,0,1,0.0,0,1,0,5.0,0.0
0b581811-f55e-4d05-bd36-9cc811c03b26,JazzCash,Banking,asad athwal,Unknown,5,2025-11-06 14:49:03,Good working,good working,0,2,12,0,0,0,1.0,0,0,0.4404,1,0,1,0.0,0,4,0,5.0,0.0
d959c84f-cc0a-4514-b6a3-c96c915d984b,JazzCash,Banking,Rana Saim Manj,Unknown,5,2025-11-06 15:33:24,like a jazz Cash AP P,like a jazz cash ap p,0,6,21,0,0,1,1.0,0,0,0.3612,1,0,1,0.0,0,1,0,5.0,0.0
12e9a4bd-96f7-4517-ae68-0680a2eceb37,JazzCash,Banking,Azher Mughal,Unknown,5,2025-11-06 16:03:36,Very very Helpful and Useful this app Best wishes and appreciated mostly giving Money as a Loan,very very helpful and useful this app best wishes and appreciated mostly giving money as a loan,0,17,95,0,0,0,0.8823529411764706,0,1,0.9519,1,0,1,0.0,0,1,0,5.0,0.0
f8e37d38-d79e-4de6-9141-d4169911f7ac,JazzCash,Banking,jabbar Ahmedani,Unknown,5,2025-11-06 16:23:57,good work,good work,0,2,9,0,0,0,1.0,0,0,0.4404,1,0,1,0.0,0,1,0,5.0,0.0
07a1ba67-7bd1-460d-8d58-d4b2c1f78ec0,JazzCash,Banking,Muhammad Nazim,Unknown,4,2025-11-06 16:40:34,account name should be mentioned,account name should be mentioned,0,5,32,0,0,0,1.0,0,0,0.0,1,0,1,0.0,0,1,0,4.0,0.0
12962b82-f32e-44dc-9379-63c07fa433c4,JazzCash,Banking,imran Hassan,Unknown,4,2025-11-06 16:44:07,user friendly,user friendly,0,2,13,0,0,0,1.0,0,0,0.4939,1,0,1,0.0,0,1,0,4.0,0.0
aeccde6c-8927-4d75-a524-6e04617b9bff,JazzCash,Banking,Muhammad Fakhar,Unknown,5,2025-11-06 17:06:59,good luck service,good luck service,0,3,17,0,0,0,1.0,0,0,0.7096,1,0,1,0.0,0,1,0,5.0,0.0
3b82b042-3b1b-4c0e-acc8-1a3db1b37c60,JazzCash,Banking,Hamza Yousafzai,Unknown,5,2025-11-06 17:23:46,great experience,great experience,0,2,16,0,0,0,1.0,0,0,0.6249,1,0,1,0.0,0,1,0,5.0,0.0
ae9b1222-9363-4c69-af09-15424012e609,JazzCash,Banking,Khurram Syed,Unknown,5,2025-11-06 17:24:29,Modern era of Fintech,modern era of fintech,0,4,21,0,0,0,1.0,0,0,0.0,1,0,1,0.0,0,1,0,5.0,0.0
c34478b2-ff60-4da9-9486-4f572008ed21,JazzCash,Banking,Sahil Khan,Unknown,5,2025-11-06 17:30:57,Good experience,good experience,0,2,15,0,0,0,1.0,0,0,0.4404,1,0,1,0.0,0,5,0,5.0,0.0
3f6d0636-e0e2-44dd-8beb-e77446105aeb,JazzCash,Banking,Hasnan Tanveer,Unknown,5,2025-11-06 17:42:08,One of the best fin tech App in Pakistan.,one of the best fin tech app in pakistan.,0,9,41,0,0,0,1.0,0,1,0.6369,1,0,1,0.0,0,1,0,5.0,0.0
96924e83-c0f7-4259-a426-a78d1128f1df,JazzCash,Banking,Rustam Bashir Kayani,Unknown,5,2025-11-06 17:42:52,"""JazzCash is one of the best mobile wallet apps in Pakistan. Easy to use, fast transactions, and very reliable. Highly recommended!""","""jazzcash is one of the best mobile wallet apps in pakistan. easy to use, fast transactions, and very reliable. highly recommended!""",0,21,132,0,0,0,1.0,0,1,0.8673,1,0,1,0.0,0,1,0,5.0,0.0
8291b705-c8ea-49e5-98ec-ac6b4400f365,JazzCash,Banking,Ali San,Unknown,5,2025-11-06 17:43:22,Great app for finance,great app for finance,0,4,21,0,0,0,1.0,0,1,0.6249,1,0,1,0.0,0,1,0,5.0,0.0
71786b32-ea71-42fb-8ba1-aeb33366d450,JazzCash,Banking,Shahbaz Khan,Unknown,5,2025-11-06 17:43:32,one of best experience,one of best experience,0,4,22,0,0,0,1.0,0,0,0.6369,1,0,1,0.0,0,1,0,5.0,0.0
24cbb3ab-28f1-42f7-98c3-f6b2e6fa5517,JazzCash,Banking,osama khan,Unknown,5,2025-11-06 17:47:26,Best experience 😍,best experience 😍,0,3,17,1,0,0,1.0,0,0,0.802,1,0,1,0.0,0,1,0,5.0,0.0
eda0eeef-26c7-4c2b-9fde-8d66f5304805,JazzCash,Banking,Sultan Haider,Unknown,5,2025-11-06 17:48:10,تطبيق رائع للمعاملات اليومية! واجهة سهلة الاستخدام، ودفع سريع، وخيارات شحن رصيد مريحة. أستخدم JazzCash منذ فترة وهو مريح جدًا لتحويل الأموال ودفع الفواتير وإدارة المصاريف، بشكل عام هو من أفضل تطبيقات المحافظ الإلكترونية في باكستان. أنصح الجميع بتجربته!,تطبيق رائع للمعاملات اليومية! واجهة سهلة الاستخدام، ودفع سريع، وخيارات شحن رصيد مريحة. أستخدم jazzcash منذ فترة وهو مريح جدًا لتحويل الأموال ودفع الفواتير وإدارة المصاريف، بشكل عام هو من أفضل تطبيقات المحافظ الإلكترونية في باكستان. أنصح الجميع بتجربته!,0,39,252,0,0,0,0.9743589743589743,0,0,0.0,1,0,1,0.0,0,1,0,5.0,0.0
996b8540-a029-4921-bdc1-476ef21450fa,JazzCash,Banking,Abdul Waheed Khan,Unknown,5,2025-11-06 17:49:11,Amazing,amazing,0,1,7,0,0,0,1.0,0,0,0.5859,1,0,1,0.0,0,3,0,5.0,0.0
dd5f4006-f77a-4f06-9abf-7efcaf0d31f2,JazzCash,Banking,Aur Tech 2.0,Unknown,1,2025-11-06 17:49:22,Jazz cash Transaction History Is Empty Even if I Need To Get Statement I am not able to find get statement button I don't like this bug or error I prefer to remove this one star but I'm not able!,jazz cash transaction history is empty even if i need to get statement i am not able to find get statement button i don't like this bug or error i prefer to remove this one star but i'm not able!,0,40,195,0,0,0,0.775,0,0,-0.4761,1,0,1,0.0,0,1,0,1.0,0.0
d3c2afc5-c721-456e-9127-d2ecf9d8c1b9,JazzCash,Banking,Pinkish Girl,Unknown,5,2025-11-06 17:50:28,overall it's better than easypaisa,overall it's better than easypaisa,0,5,34,0,0,0,1.0,0,0,0.4404,1,0,1,0.0,0,1,0,5.0,0.0
d7c149fa-99d4-4318-b528-8684741767c8,JazzCash,Banking,Huraira Khattak,Unknown,5,2025-11-06 17:52:34,Pakistan's fastest app. Great experience with jazzcash. Jazzcash paaindabad ❤️❤️,pakistan's fastest app. great experience with jazzcash. jazzcash paaindabad ❤️❤️,0,10,80,0,0,0,1.0,0,1,0.6249,1,0,1,0.0,0,1,0,5.0,0.0
83087dbe-cd7a-4c26-a679-79d2ae505ac9,JazzCash,Banking,Asif Shah,Unknown,1,2025-11-06 17:52:43,very poor service by mistake I was shopping and I use jazcash ATM card two transactions at once when I complaint give me 48 days this way they Doge million of users and use their money.,very poor service by mistake i was shopping and i use jazcash atm card two transactions at once when i complaint give me 48 days this way they doge million of users and use their money.,0,36,185,0,0,1,0.8888888888888888,0,0,-0.7902,1,0,1,0.0,0,1,0,1.0,0.0
2a97c5fb-504b-41b0-85e4-207a63f4471c,JazzCash,Banking,Sidra Sohail,Unknown,5,2025-11-06 17:58:25,Great experience with jazzcash♥️,great experience with jazzcash♥️,0,4,32,0,0,0,1.0,0,0,0.8519,1,0,1,0.0,0,1,0,5.0,0.0
539ce544-0b3d-4e5e-bd94-4c75f0f343e0,JazzCash,Banking,Rimsha Zulfiqar,Unknown,4,2025-11-06 18:04:06,Best experience,best experience,0,2,15,0,0,0,1.0,0,0,0.6369,1,0,1,0.0,0,2,0,4.0,0.0
7a0d331f-a849-457d-9337-a21db1661f4c,JazzCash,Banking,Asma Zia,Unknown,5,2025-11-06 18:04:29,"The app is super convenient, secure and easy to use. I'm really happy with it! From Bill payments to mobile loads and money transfer everything works smoothly. Keep it up team jazzcash👍","the app is super convenient, secure and easy to use. i'm really happy with it! from bill payments to mobile loads and money transfer everything works smoothly. keep it up team jazzcash👍",0,32,185,1,0,0,0.9375,0,1,0.9258,1,0,1,0.0,0,1,0,5.0,0.0
3c154ca4-68a7-43e3-9f02-2bae220659e0,JazzCash,Banking,Wahid Jani,Unknown,5,2025-11-06 18:05:04,Jazz Cash Is Nice application,jazz cash is nice application,0,5,29,0,0,0,1.0,0,1,0.4215,1,0,1,0.0,0,1,0,5.0,0.0
1fc59902-82bb-445e-a05a-4c0ff56497f0,JazzCash,Banking,Aftab Khan,Unknown,5,2025-11-06 18:05:55,bohat Bura app ha apka passa phas Jata ha,bohat bura app ha apka passa phas jata ha,0,9,41,0,0,0,0.8888888888888888,0,1,0.5859,1,0,1,0.0,0,1,0,5.0,0.0
e6f840d1-a488-4134-9dee-d10f53f0935e,JazzCash,Banking,Sarosh Sahar,Unknown,5,2025-11-06 18:09:22,I use this app in my daily routine and very much satisfied.,i use this app in my daily routine and very much satisfied.,0,12,59,0,0,0,1.0,0,1,0.4728,1,0,1,0.0,0,1,0,5.0,0.0
46051a66-dbd9-4fb6-9ca7-871e9699bc45,JazzCash,Banking,Uzma Farooq,Unknown,5,2025-11-06 18:20:13,"JazzCash is a reliable and easy-to-use mobile wallet for quick money transfers, bill payments, and mobile top-ups. It’s widely accepted across Pakistan and offers many useful features.","jazzcash is a reliable and easy-to-use mobile wallet for quick money transfers, bill payments, and mobile top-ups. it’s widely accepted across pakistan and offers many useful features.",0,27,184,0,0,0,0.8888888888888888,1,0,0.6124,1,0,1,0.0,0,1,0,5.0,0.0
6a9329cf-df5a-4390-b385-8b1ce309ca37,JazzCash,Banking,sinjra zahra,Unknown,5,2025-11-06 18:20:53,"A convenient and user friendly financial app. Managing money on the go is simple and reliable.""","a convenient and user friendly financial app. managing money on the go is simple and reliable.""",0,16,95,0,0,0,0.9375,0,1,0.4939,1,0,1,0.0,0,1,0,5.0,0.0
5a7aa74a-d303-45fe-a5f9-b274f75e91a7,JazzCash,Banking,English TO Urdu Vocab,Unknown,5,2025-11-06 18:35:06,kya bt hai jazzcash ki😁,kya bt hai jazzcash ki😁,0,5,23,1,0,0,1.0,0,1,0.4588,1,0,1,0.0,0,1,0,5.0,0.0
d2f84ef4-463f-4879-8710-74443e39ce97,JazzCash,Banking,Hasnat Jadoon,Unknown,5,2025-11-06 18:38:34,excellent service,excellent service,0,2,17,0,0,0,1.0,0,0,0.5719,1,0,1,0.0,0,3,0,5.0,0.0
8b9ccc97-53b3-43cf-9a28-39fb67235999,JazzCash,Banking,Waseemnoon gujjar Gujjar,Unknown,5,2025-11-06 19:00:48,zabardast,zabardast,0,1,9,0,0,0,1.0,0,1,0.0,1,0,1,0.0,0,2,0,5.0,0.0
bc6273d4-c494-41f8-8e13-3cf53607b9d5,JazzCash,Banking,Raja Ali,Unknown,5,2025-11-06 19:15:27,very thankful to jazzcash,very thankful to jazzcash,0,4,25,0,0,0,1.0,0,0,0.6115,1,0,1,0.0,0,1,0,5.0,0.0
c13e0d27-bee8-4e42-8ed0-eab8d90ee09b,JazzCash,Banking,Asam Uddin,Unknown,5,2025-11-06 19:19:53,awesome experience,awesome experience,0,2,18,0,0,0,1.0,0,0,0.6249,1,0,1,0.0,0,1,0,5.0,0.0
8a6e1b47-4285-466e-9581-cd17784defbf,JazzCash,Banking,Waseem Khan,Unknown,5,2025-11-06 19:22:33,good very good,good very good,0,3,14,0,0,0,0.6666666666666666,0,0,0.7264,1,0,1,0.0,0,1,0,5.0,0.0
80f7b4e3-9b8e-4695-b45f-c5b52ccf309c,JazzCash,Banking,Hassan Khan,Unknown,5,2025-11-06 19:25:17,user friendly app easy to use,user friendly app easy to use,0,6,29,0,0,0,1.0,0,1,0.7269,1,0,1,0.0,0,1,0,5.0,0.0
cf498957-0c11-448b-bd80-bda19821109e,JazzCash,Banking,Inayat Ullah,Unknown,5,2025-11-06 19:31:04,This app is very nice & very good for transfer money bill payments & mobile loads 👍,this app is very nice & very good for transfer money bill payments & mobile loads 👍,0,17,83,1,0,0,0.8823529411764706,0,1,0.742,1,0,1,0.0,0,1,0,5.0,0.0
0be75c7d-a88a-4044-83d6-41c1c608ba66,JazzCash,Banking,Talha Afzaal,Unknown,5,2025-11-06 19:47:01,nice App Jazzcash,nice app jazzcash,0,3,17,0,0,0,1.0,0,1,0.4215,1,0,1,0.0,0,1,0,5.0,0.0
de25d8f6-0900-45d9-bd62-9e021bf786ec,JazzCash,Banking,Sharjeel Malik,Unknown,5,2025-11-06 19:50:34,An absolute valuable financial app using for while and found very good and easy to use.,an absolute valuable financial app using for while and found very good and easy to use.,0,16,87,0,0,0,0.9375,0,1,0.8576,1,0,1,0.0,0,1,0,5.0,0.0
cdeaa3b8-0f54-41f8-b335-182bd51f5ccc,JazzCash,Banking,Aziz iori,Unknown,3,2025-11-06 20:02:05,good experience 👍🏻,good experience 👍🏻,0,3,18,2,0,0,1.0,0,0,0.4404,1,0,1,0.0,0,1,0,3.0,0.0
d868acd0-923b-4492-80a1-3a37b99ba588,JazzCash,Banking,Sadiq Ali,Unknown,5,2025-11-06 20:07:25,its amazing and easy to use i love it 😍,its amazing and easy to use i love it 😍,0,10,39,1,0,0,1.0,0,0,0.9313,1,0,1,0.0,0,1,0,5.0,0.0
f7c52789-ca26-4fcb-a8e4-6bb23b3aa8db,JazzCash,Banking,Mirza Muzmmal,Unknown,5,2025-11-06 20:26:49,otp ni,otp ni,0,2,6,0,0,0,1.0,0,0,0.0,1,0,1,0.0,0,1,0,5.0,0.0
322e3e82-76b4-48c2-be7f-079d1f28cf48,JazzCash,Banking,Ashfaq,Unknown,5,2025-11-06 20:32:52,it's OSM and fabulous 😍,it's osm and fabulous 😍,0,5,23,1,0,1,1.0,0,0,0.7506,1,0,1,0.0,0,1,0,5.0,0.0
b05b6f36-a3d4-44d4-846b-73045a27555a,JazzCash,Banking,Kamran Ali,Unknown,1,2025-11-06 21:24:36,nice 👍,nice 👍,0,2,6,1,0,0,1.0,0,0,0.4215,1,0,1,0.0,0,5,0,1.0,0.0
b7ce9fd6-82ec-487a-966e-f4a637368814,JazzCash,Banking,Saqi Khan,Unknown,5,2025-11-06 23:37:19,Awsome,awsome,0,1,6,0,0,0,1.0,0,0,0.0,1,0,2,0.0,0,1,0,5.0,0.0
081e8b77-8953-429a-a483-d6e3d5ecb1db,JazzCash,Banking,Faisal Rehman,Unknown,5,2025-11-07 00:03:27,good Jazz cash app,good jazz cash app,0,4,18,0,0,0,1.0,0,1,0.4404,1,0,1,0.0,0,1,0,5.0,0.0
985087b2-8a50-4d04-b0cb-1af557eec96c,JazzCash,Banking,Babar Nazir,Unknown,3,2025-11-07 02:12:01,nice 👍,nice 👍,0,2,6,1,0,0,1.0,0,0,0.4215,1,0,1,0.0,0,5,0,3.0,0.0
27f7d8d2-8ac8-4e52-9ee2-28da51dc7092,JazzCash,Banking,Muhammad Umair Zafar,Unknown,4,2025-11-07 03:11:25,good service 💯,good service 💯,0,3,14,1,0,0,1.0,0,0,0.4404,1,0,1,0.0,0,1,0,4.0,0.0
c8854ca5-416f-463e-98d4-91391f4323b1,JazzCash,Banking,qaiser abbas,Unknown,1,2025-11-07 04:57:24,balance theives jazz cash,balance theives jazz cash,0,4,25,0,0,0,1.0,0,0,0.0,1,0,1,0.0,0,1,0,1.0,0.0
e2aa6067-4233-4fee-b922-2741fe2c6b8f,JazzCash,Banking,Noor Ul Amin Jaroage,Unknown,1,2025-11-07 05:59:20,fast banking system,fast banking system,0,3,19,0,0,0,1.0,0,0,0.0,1,0,1,0.0,0,1,0,1.0,0.0
baa468a2-c634-4828-9204-2f99e3a3504b,JazzCash,Banking,Imran Ullah,Unknown,4,2025-11-07 06:06:46,very goog tr,very goog tr,0,3,12,0,0,0,1.0,0,0,0.0,1,0,2,75847.0,0,1,0,3.5,0.7071067811865476
b659e07e-2dee-4538-9818-19d7c5bab876,JazzCash,Banking,Syed anas,Unknown,1,2025-11-07 06:16:58,gali dene ka dil nhi hai bohat hi kou farigh app hai har waqt down rahti hai,gali dene ka dil nhi hai bohat hi kou farigh app hai har waqt down rahti hai,0,17,76,0,0,0,0.8823529411764706,0,1,0.0,1,0,1,0.0,0,1,0,1.0,0.0
d36ed098-b654-4f0f-8009-0e7bbec22826,JazzCash,Banking,Imad Abbasi,Unknown,4,2025-11-07 07:12:09,Jazz cash is one of the leading mobile banking apps in Pakistan. Specially the integration of payoneer and recently introduced service named '' K-Trade'' makes it different from other available options.,jazz cash is one of the leading mobile banking apps in pakistan. specially the integration of payoneer and recently introduced service named '' k-trade'' makes it different from other available options.,0,31,202,0,0,0,0.9354838709677419,0,1,0.0,1,0,1,0.0,0,1,0,4.0,0.0
d28d9751-f102-4cbf-9cc7-1f4dad41fea9,JazzCash,Banking,Nida Jafar,Unknown,1,2025-11-07 07:30:34,report ka option hi nahi hai may nay package active kerwa account say money to cut ker li but package nahi lagya only best bank app,report ka option hi nahi hai may nay package active kerwa account say money to cut ker li but package nahi lagya only best bank app,0,26,131,0,0,0,0.9230769230769231,0,1,0.7964,1,0,1,0.0,0,1,1,1.0,0.0
45982833-f2d7-4d62-96eb-cc754343d053,JazzCash,Banking,Adnan Sagar,Unknown,2,2025-11-07 07:32:01,very good👍,very good👍,0,2,10,1,0,0,1.0,0,0,0.4927,1,0,1,0.0,0,1,0,2.0,0.0
b8545cda-d74d-4d8d-bbf9-f7fd9f8df442,JazzCash,Banking,Sajid Aqeel,Unknown,1,2025-11-07 07:39:02,Electricity bill jitna ha usay kahi ziyada show karwa raha ha jab website par bill thora ha or Jazcash pay 8 se 9 hazar ziyada dikha raha ha,electricity bill jitna ha usay kahi ziyada show karwa raha ha jab website par bill thora ha or jazcash pay 8 se 9 hazar ziyada dikha raha ha,0,28,140,0,0,0,0.7857142857142857,1,0,0.802,1,0,1,0.0,0,1,1,1.0,0.0
1a20b333-da66-4326-8e5e-5e51892092a4,JazzCash,Banking,Abu Bakar,Unknown,1,2025-11-07 07:44:20,this app is good,this app is good,0,4,16,0,0,0,1.0,0,1,0.4404,1,0,1,0.0,0,1,0,1.0,0.0
2d7f2cee-bdc3-4924-927b-e2ad9bd65caf,JazzCash,Banking,Hannan Asif,Unknown,1,2025-11-07 09:07:01,very bad experience biometric issues no solved,very bad experience biometric issues no solved,0,7,46,0,0,0,1.0,0,0,-0.6815,1,0,1,0.0,0,1,0,1.0,0.0
a7747743-efa6-4260-881d-e8b17008b769,JazzCash,Banking,Mirza Naseer,Unknown,3,2025-11-07 09:54:11,good service 👍,good service 👍,0,3,14,1,0,0,1.0,0,0,0.4404,1,0,1,0.0,0,1,0,3.0,0.0
be30ffd4-e71e-49c8-a099-c13a06d1b53b,JazzCash,Banking,Hamza tv,Unknown,1,2025-11-07 10:47:31,transaction error everytime 🤐,transaction error everytime 🤐,0,4,29,1,0,0,1.0,0,0,-0.4019,1,0,1,0.0,0,1,0,1.0,0.0
7cc25213-19d3-4cfa-bd7e-05a689832648,JazzCash,Banking,Aqsa Mughal,Unknown,4,2025-11-07 10:48:14,worst application always payment stuck kindly improve your service,worst application always payment stuck kindly improve your service,0,9,66,0,0,0,1.0,0,1,0.0,1,0,1,0.0,0,1,0,4.0,0.0
b72f6911-bc17-476e-88d9-6df23456bfd9,JazzCash,Banking,Rahat Jani,Unknown,1,2025-11-07 11:49:33,نئے اپڈیٹ کیبعد ایپ کام نہیں کر رہا ہے اگست والا اپڈیٹ صحیح تھا اب بکواس بن گیا ہے,نئے اپڈیٹ کیبعد ایپ کام نہیں کر رہا ہے اگست والا اپڈیٹ صحیح تھا اب بکواس بن گیا ہے,0,19,82,0,0,0,0.8947368421052632,0,0,0.0,1,0,1,0.0,0,1,0,1.0,0.0
e0396354-ab45-4f3d-a003-bdc21cc4321f,JazzCash,Banking,RumiShahzad TLp,Unknown,1,2025-11-07 11:57:15,i have download but my app still not showed in the destok plz add my app and.my finger print not scan.why,i have download but my app still not showed in the destok plz add my app and.my finger print not scan.why,0,21,105,0,0,0,0.8571428571428571,1,1,0.1154,1,0,1,0.0,0,1,0,1.0,0.0
6eda4d52-223f-49d8-a851-0b285710ba62,JazzCash,Banking,ChRehan Wazir,Unknown,1,2025-11-07 12:02:24,80% payment late send Hoti 3.4 din bad complain krny per 7to 10 days taim milta h urjunt payment send ni ho sakti is app say kise ko.,80% payment late send hoti 3.4 din bad complain krny per 7to 10 days taim milta h urjunt payment send ni ho sakti is app say kise ko.,0,28,133,0,0,0,0.9285714285714286,0,1,-0.7184,1,0,1,0.0,0,1,0,1.0,0.0
40c9c518-a36b-4ef9-b793-c651bd07d4a2,JazzCash,Banking,Game Player,Unknown,5,2025-11-07 12:39:05,mean transaction you not receive late transaction you know receive complaint,mean transaction you not receive late transaction you know receive complaint,0,11,76,0,0,0,0.7272727272727273,0,0,-0.296,1,0,1,0.0,0,1,0,5.0,0.0
0aa2b0f6-23b3-4de6-9152-6bb869405dae,JazzCash,Banking,hafiz ahmad,Unknown,5,2025-11-07 12:52:27,so much ❤️💕 so sweet!,so much ❤️💕 so sweet!,0,5,21,1,0,0,0.8,0,0,0.8576,1,0,1,0.0,0,1,0,5.0,0.0
5e05feec-2b3d-4dfb-93bd-935cc92830ce,JazzCash,Banking,"PG,Joker GamesYT",Unknown,5,2025-11-07 13:01:43,thkn you,thkn you,0,2,8,0,0,0,1.0,0,0,0.0,1,0,1,0.0,0,1,0,5.0,0.0
aba56100-bd9e-46fb-8dd6-5993937bd400,JazzCash,Banking,adnan samii,Unknown,5,2025-11-07 13:27:36,GOOD APP,good app,0,2,8,0,0,2,1.0,0,1,0.4404,1,0,1,0.0,0,10,0,5.0,0.0
8afc248c-3bdb-49d3-92ad-02fa20b6e74f,JazzCash,Banking,Sehar Saif,Unknown,1,2025-11-07 13:33:48,Sach a bad experience with jazzcash helpline not picking up the call service either message service need to be serious about this,sach a bad experience with jazzcash helpline not picking up the call service either message service need to be serious about this,0,22,129,0,0,0,0.9545454545454546,0,0,-0.5859,1,0,1,0.0,0,1,0,1.0,0.0
96e11781-96e7-4f14-bbed-7b54c4249b7d,JazzCash,Banking,Master Vines,Unknown,4,2025-11-07 14:20:10,very good,very good,0,2,9,0,0,0,1.0,0,0,0.4927,1,0,1,0.0,0,6,0,4.0,0.0
7376d890-7097-47b8-802d-42731b654c98,JazzCash,Banking,Hassan Rajput,Unknown,5,2025-11-07 14:40:07,its great and helpful,its great and helpful,0,4,21,0,0,0,1.0,0,0,0.7845,1,0,1,0.0,0,1,0,5.0,0.0
83aaaf08-29bc-4bad-828b-879f6afbbabe,JazzCash,Banking,Mubashar Hussain,Unknown,5,2025-11-07 15:02:23,good best,good best,0,2,9,0,0,0,1.0,0,0,0.7964,1,0,1,0.0,0,1,0,5.0,0.0
c4238989-ef83-4c51-8748-30e29202c814,JazzCash,Banking,Raja Usama,Unknown,5,2025-11-07 15:11:44,good experience,good experience,0,2,15,0,0,0,1.0,0,0,0.4404,1,0,1,0.0,0,5,0,5.0,0.0
610f37bb-4bb3-446d-8057-b26f16b32fa0,JazzCash,Banking,Mirzailyas Ilyas,Unknown,5,2025-11-07 15:26:37,good app ha,good app ha,0,3,11,0,0,0,1.0,0,1,0.6486,1,0,1,0.0,0,1,0,5.0,0.0
570b30d5-ba77-4cb5-b996-a00bdd902e05,JazzCash,Banking,Fahad Khan,Unknown,5,2025-11-07 15:38:28,good 👍,good 👍,0,2,6,1,0,0,1.0,0,0,0.4404,1,0,1,0.0,0,8,0,5.0,0.0
42c1c139-72ee-483b-a382-d8e79ef63170,JazzCash,Banking,SÂHÜ SÅHB,Unknown,5,2025-11-07 15:43:00,great app for money transfer and received,great app for money transfer and received,0,7,41,0,0,0,1.0,0,1,0.6249,1,0,1,0.0,0,1,0,5.0,0.0
16d2154d-93da-4395-adda-e7a77133d7a2,JazzCash,Banking,Ayaz Pardesi,Unknown,5,2025-11-07 16:17:01,any time problem jazz cash,any time problem jazz cash,0,5,26,0,0,0,1.0,0,0,-0.4019,1,0,1,0.0,0,1,0,5.0,0.0
7be42a88-c74f-4993-90c0-ba457f13dd0c,JazzCash,Banking,M rehan Saqib,Unknown,5,2025-11-07 16:20:37,very nice,very nice,0,2,9,0,0,0,1.0,0,0,0.4754,1,0,1,0.0,0,3,0,5.0,0.0
d090f556-f9dd-4f2e-a009-b944747ecd60,JazzCash,Banking,malik links,Unknown,4,2025-11-07 16:24:48,v nice app,v nice app,0,3,10,0,0,0,1.0,0,1,0.4215,1,0,1,0.0,0,1,0,4.0,0.0
bb582a9f-f58b-45e3-b53c-9d422aba6f4e,JazzCash,Banking,LEBEN FF,Unknown,5,2025-11-07 17:01:15,"Am So Sorry• I appreciate 💯, Very good Application 🫶🩷🫰","am so sorry• i appreciate 💯, very good application 🫶🩷🫰",0,10,54,4,0,0,1.0,0,1,0.7316,1,0,1,0.0,0,1,0,5.0,0.0
63622596-ae39-4c6b-8f49-8881aa4a5ab6,JazzCash,Banking,Rana Ali,Unknown,5,2025-11-07 17:04:24,this is very good kamal app rarely comes in difficult times Their service is also very fast and very good,this is very good kamal app rarely comes in difficult times their service is also very fast and very good,0,20,105,0,0,0,0.8,0,1,0.8174,1,0,1,0.0,0,1,0,5.0,0.0
47c5e44a-d034-4e5c-8246-fcdf11930cad,JazzCash,Banking,Anjum Qadri,Unknown,5,2025-11-07 17:35:56,بہت اعلی,بہت اعلی,0,2,8,0,0,0,1.0,0,0,0.0,1,0,1,0.0,0,1,0,5.0,0.0
54df8aee-5e51-41e5-8493-e772f632e63d,JazzCash,Banking,Tony Tony.,Unknown,5,2025-11-07 17:36:02,good & Nice,good & nice,0,3,11,0,0,0,1.0,0,0,0.6908,1,0,1,0.0,0,1,0,5.0,0.0
f7159707-88cf-4b41-9951-de350310ae76,JazzCash,Banking,Zubair Bhatti,Unknown,5,2025-11-07 17:49:52,nice 👍,nice 👍,0,2,6,1,0,0,1.0,0,0,0.4215,1,0,1,0.0,0,5,0,5.0,0.0
6d30dd6a-e192-40a2-8f48-6dcf49367fca,JazzCash,Banking,Mehar Gill,Unknown,5,2025-11-07 18:36:28,easy to use 💯,easy to use 💯,0,4,13,1,0,0,1.0,0,0,0.4404,1,0,1,0.0,0,1,0,5.0,0.0
9a1538fe-3744-4acb-af56-586198029d67,JazzCash,Banking,meher un nisa,Unknown,1,2025-11-07 19:03:54,it's best for save time,it's best for save time,0,5,23,0,0,0,1.0,0,0,0.8126,1,0,1,0.0,0,1,1,1.0,0.0
8d4ed842-bf38-4c22-a9c1-95be1b2cd97a,JazzCash,Banking,Qabil Ali,Unknown,5,2025-11-07 20:28:21,my best app only on jazz cash,my best app only on jazz cash,0,7,29,0,0,0,1.0,0,1,0.6369,1,0,1,0.0,0,1,0,5.0,0.0
dd61a9ba-1fb0-48c9-b15c-aadf307c736f,JazzCash,Banking,Zeeshan Khan,Unknown,5,2025-11-07 21:39:21,"Pay Type:JazzCash,Pay Channel:JAZZCASH(jazzcash),Error Details: This channel does not support the current amount, please select the appropriate payment channel to recharge","pay type:jazzcash,pay channel:jazzcash(jazzcash),error details: this channel does not support the current amount, please select the appropriate payment channel to recharge",0,20,171,0,0,0,0.9,0,1,-0.092,1,0,2,1855027.0,0,1,0,4.0,1.4142135623730951
93c53dd1-e052-410f-a516-e7ac337b015a,JazzCash,Banking,Aftab Ali Baloch,Unknown,5,2025-11-07 21:41:41,Great Jazz Cash,great jazz cash,0,3,15,0,0,0,1.0,0,0,0.6249,1,0,1,0.0,0,1,0,5.0,0.0
7cad6b54-7a45-4855-9477-75c15ff3d2e4,JazzCash,Banking,Mirza Adnan,Unknown,5,2025-11-07 22:21:56,good luck 💯,good luck 💯,0,3,11,1,0,0,1.0,0,0,0.7096,1,0,1,0.0,0,1,0,5.0,0.0
d1de89ef-1877-435b-856e-0b80282796f8,JazzCash,Banking,Asif Malik,Unknown,5,2025-11-08 00:05:17,Pakistan number One jazzcash,pakistan number one jazzcash,0,4,28,0,0,0,1.0,0,0,0.0772,1,0,1,0.0,0,1,0,5.0,0.0
38d7925c-d55f-42f1-aa01-13931c638065,JazzCash,Banking,Muhammad Afzaal,Unknown,5,2025-11-08 00:52:14,nice app support for user,nice app support for user,0,5,25,0,0,0,1.0,0,1,0.6705,1,0,1,0.0,0,1,0,5.0,0.0
909da771-3c8e-4c21-891e-6fe3990411f4,JazzCash,Banking,Fiaz UL Haq,Unknown,5,2025-11-08 01:30:31,good services,good services,0,2,13,0,0,0,1.0,0,0,0.4404,1,0,1,0.0,0,2,0,5.0,0.0
bf9d45e0-23b3-438a-888e-2d9286631b10,JazzCash,Banking,Zohaib Hassan,Unknown,1,2025-11-08 01:33:25,not good,not good,0,2,8,0,0,0,1.0,0,0,-0.3412,1,0,1,0.0,0,3,0,1.0,0.0
62ea598d-eb63-43aa-9bdc-088a5da11d12,JazzCash,Banking,Shafiq,Unknown,5,2025-11-08 01:36:08,every good,every good,0,2,10,0,0,0,1.0,0,0,0.4404,1,0,1,0.0,0,1,0,5.0,0.0
72c605da-1f59-42e7-ad75-dea56f45951f,JazzCash,Banking,Jani G,Unknown,5,2025-11-08 02:08:14,Excellent,excellent,0,1,9,0,0,0,1.0,0,0,0.5719,1,0,1,0.0,0,6,0,5.0,0.0
ba4176ac-3c3b-4c69-811f-fc571ebe954d,JazzCash,Banking,Khan Nader,Unknown,5,2025-11-08 02:09:43,Nice 💐💐🌹🌹🌹🌹,nice 💐💐🌹🌹🌹🌹,0,2,11,6,0,0,1.0,0,0,0.4215,1,0,1,0.0,0,1,0,5.0,0.0
75d776d2-14ad-46de-9438-8183fe96f5fb,JazzCash,Banking,Ayaz Khan,Unknown,5,2025-11-08 02:18:06,it's outstanding app,it's outstanding app,0,3,20,0,0,0,1.0,0,1,0.6124,1,0,1,0.0,0,1,0,5.0,0.0
e0a4868b-9968-49c5-a553-cbc2490a7096,JazzCash,Banking,Malik Shoaib,Unknown,3,2025-11-08 02:47:39,it is very easy way to source of sending the money.,it is very easy way to source of sending the money.,0,11,51,0,0,0,1.0,0,0,0.4927,1,0,1,0.0,0,1,0,3.0,0.0
72fc1f16-e35d-4e88-98a8-166fa1e0c99a,JazzCash,Banking,Sayed Nawab,Unknown,1,2025-11-08 02:50:45,maximum number of jazzcash account on this handset please help jab bhi account open karta hu nahi hota please account open kar do..,maximum number of jazzcash account on this handset please help jab bhi account open karta hu nahi hota please account open kar do..,0,23,131,0,0,0,0.8260869565217391,0,1,0.765,1,0,1,0.0,0,1,1,1.0,0.0
a533c81b-ca62-4ff1-b615-9951d77c0d74,JazzCash,Banking,Ghulam Ali,Unknown,5,2025-11-08 03:38:55,jazz cash is best ♥️♥️💯💯,jazz cash is best ♥️♥️💯💯,0,5,24,2,0,0,1.0,0,0,0.9274,1,0,1,0.0,0,1,0,5.0,0.0
1dfbfaad-4159-427f-8c72-40ae72070dcd,JazzCash,Banking,Syed Imtiazshah,Unknown,5,2025-11-08 03:45:33,nice 👍👍,nice 👍👍,0,2,7,2,0,0,1.0,0,0,0.4215,1,0,1,0.0,0,1,0,5.0,0.0
612abcf2-c8f1-43e0-8144-4b2cfa6cbd3e,JazzCash,Banking,Zahid Rasheed,Unknown,5,2025-11-08 03:51:38,I am happy 😊,i am happy 😊,0,4,12,1,0,0,1.0,0,1,0.8658,1,0,1,0.0,0,1,0,5.0,0.0
6b672379-315e-432b-bbbf-5e62f6000a48,JazzCash,Banking,Mujahid Ali,Unknown,5,2025-11-08 03:55:19,Great experience better then Easypaisa and upaisa also better user experience,great experience better then easypaisa and upaisa also better user experience,0,11,77,0,0,0,0.8181818181818182,0,0,0.872,1,0,2,1476593.0,0,1,0,3.5,2.1213203435596424
9960e9ce-0d33-4a49-a253-6ed966d7a89f,JazzCash,Banking,Intazar Ali,Unknown,5,2025-11-08 03:55:28,help full,help full,0,2,9,0,0,0,1.0,0,0,0.4019,1,0,1,0.0,0,1,0,5.0,0.0
483d0b84-997f-41ad-aa97-74f38ae27912,JazzCash,Banking,Saju Kharik,Unknown,5,2025-11-08 04:38:28,so much good 👍,so much good 👍,0,4,14,1,0,0,1.0,0,0,0.4902,1,0,1,0.0,0,1,0,5.0,0.0
e4af1328-7ad6-4155-86f9-ac5aa45efdac,JazzCash,Banking,Saad Ali,Unknown,2,2025-11-08 04:41:51,mere account se paise khodii gaib ho Rahe hain,mere account se paise khodii gaib ho rahe hain,0,9,46,0,0,0,1.0,0,1,0.0,1,0,1,0.0,0,1,0,2.0,0.0
100a0597-89b5-4bc5-89aa-697ca57d0ebb,JazzCash,Banking,Deedar ali Deedar ali,Unknown,5,2025-11-08 04:45:20,hel me log in,hel me log in,0,4,13,0,0,0,1.0,0,0,0.0,1,0,1,0.0,0,1,0,5.0,0.0
c4fcdae2-e20d-4316-9c15-dd6bdf94b1dd,JazzCash,Banking,Waqar Mayo,Unknown,5,2025-11-08 04:54:27,very good,very good,0,2,9,0,0,0,1.0,0,0,0.4927,1,0,1,0.0,0,6,0,5.0,0.0
260098eb-0dd9-4d8b-a712-d21895f69c4f,JazzCash,Banking,BilalAnayat BilalAnayat,Unknown,5,2025-11-08 05:06:25,it's good,it's good,0,2,9,0,0,0,1.0,0,0,0.4404,1,0,1,0.0,0,2,0,5.0,0.0
aea9b051-45fe-44a4-b021-19b07aecf6f5,JazzCash,Banking,Haider Ali,Unknown,5,2025-11-08 05:21:20,good app,good app,0,2,8,0,0,0,1.0,0,1,0.4404,1,0,1,0.0,0,10,0,5.0,0.0
020838e1-aec4-4d98-9eec-1acb7e318fc1,JazzCash,Banking,Subhan Syed,Unknown,3,2025-11-08 05:23:34,it's so slow and sometimes it does not log in even when I put right password,it's so slow and sometimes it does not log in even when i put right password,0,16,76,0,0,0,1.0,0,0,0.0,1,0,1,0.0,0,1,0,3.0,0.0
b67a6654-81e4-4cf5-a092-e0c0c0087e23,JazzCash,Banking,Rana Bilawal Haider,Unknown,3,2025-11-08 05:28:58,please my OTP send karo,please my otp send karo,0,5,23,0,0,1,1.0,0,0,0.3182,1,0,1,0.0,0,1,0,3.0,0.0
22a43d0d-1333-48cf-ab2c-779e896b0f7d,JazzCash,Banking,Ahtsham Jutt,Unknown,5,2025-11-08 05:48:36,Best service is good app,best service is good app,0,5,24,0,0,0,1.0,0,1,0.7964,1,0,1,0.0,0,1,0,5.0,0.0
87216045-352d-40c8-b7ff-08dea4e2df72,JazzCash,Banking,Sarah Ali,Unknown,5,2025-11-08 06:03:01,best masha Allah,best masha allah,0,3,16,0,0,0,1.0,0,0,0.6369,1,0,1,0.0,0,1,0,5.0,0.0
4e4a59a1-c83e-4e1f-ba05-4a6cddaaeafd,JazzCash,Banking,rana aftab,Unknown,5,2025-11-08 06:26:18,awesome jazzcash,awesome jazzcash,0,2,16,0,0,0,1.0,0,0,0.6249,1,0,1,0.0,0,1,0,5.0,0.0
664d48e0-66c5-4fdc-8c46-902804656b39,JazzCash,Banking,mirashiquealitalpur mirashiquealitalpur,Unknown,5,2025-11-08 06:43:59,love it,love it,0,2,7,0,0,0,1.0,0,0,0.6369,1,0,1,0.0,0,1,0,5.0,0.0
35dd63b5-1d04-4a5a-8eb8-c33b2c7df083,JazzCash,Banking,Farhan Kubar,Unknown,5,2025-11-08 06:51:51,it is too good 👍 verey Nice this is updated app and good,it is too good 👍 verey nice this is updated app and good,0,13,56,1,0,0,0.8461538461538461,0,1,0.8225,1,0,1,0.0,0,1,0,5.0,0.0
aef91ced-7013-40f6-90f3-a7c6fccc4207,JazzCash,Banking,Aqsasarfaraz Aqsasarfaraz,Unknown,5,2025-11-08 06:57:01,impressive,impressive,0,1,10,0,0,0,1.0,0,0,0.5106,1,0,1,0.0,0,2,0,5.0,0.0
e0e793ff-094b-4af0-8cb8-90a01de7694e,JazzCash,Banking,Masroor Channa,Unknown,5,2025-11-08 07:15:03,wow awesome 😎,wow awesome 😎,0,3,13,1,0,0,1.0,0,0,0.8979,1,0,1,0.0,0,1,0,5.0,0.0
440b1a20-067b-4766-bc1e-f5fa0b7aee98,JazzCash,Banking,Hakim Ali,Unknown,5,2025-11-08 07:52:48,best account,best account,0,2,12,0,0,0,1.0,0,0,0.6369,1,0,1,0.0,0,1,0,5.0,0.0
965b8e3f-ecd3-4a3a-b2a2-ac1abc11fe56,JazzCash,Banking,Zahid King,Unknown,5,2025-11-08 07:54:11,nice ok,nice ok,0,2,7,0,0,0,1.0,0,0,0.6124,1,0,1,0.0,0,1,0,5.0,0.0
97e4536c-8957-4de0-a797-85abc65aa72c,JazzCash,Banking,Adnan Saim,Unknown,5,2025-11-08 08:02:29,thanks 👍 jazz cash,thanks 👍 jazz cash,0,4,18,1,0,0,1.0,0,0,0.4404,1,0,1,0.0,0,1,0,5.0,0.0
756ffce8-e098-4da3-a01a-0efab6edd410,JazzCash,Banking,Bhbh Altaf,Unknown,5,2025-11-08 08:17:22,best app,best app,0,2,8,0,0,0,1.0,0,1,0.6369,1,0,1,0.0,0,4,0,5.0,0.0
1256a42d-1306-4872-b522-4ba555f9e688,JazzCash,Banking,Muhammad Azeem,Unknown,1,2025-11-08 08:23:51,jab bhi Kisi ko pese send karta hun to pese beech m phas jate hain na wapas ate hain na waha pahonchte hain,jab bhi kisi ko pese send karta hun to pese beech m phas jate hain na wapas ate hain na waha pahonchte hain,0,23,107,0,0,0,0.8260869565217391,0,1,0.0,1,0,1,0.0,0,1,0,1.0,0.0
029156bf-fb5a-41e9-be45-1dacd13f8c79,JazzCash,Banking,Islam S,Unknown,4,2025-11-08 08:37:55,very nice app 👍🏿👍🏿👍🏿,very nice app 👍🏿👍🏿👍🏿,0,4,20,6,0,0,1.0,0,1,0.4754,1,0,1,0.0,0,1,0,4.0,0.0
0eddc535-cfd6-42ff-bcd8-2940dc886056,JazzCash,Banking,Ziafat Abbasi,Unknown,3,2025-11-08 09:33:42,good 👍,good 👍,0,2,6,1,0,0,1.0,0,0,0.4404,1,0,1,0.0,0,8,0,3.0,0.0
080bcf6b-51a7-4652-9dbf-e696b0a08fdf,JazzCash,Banking,Zainab Batool,Unknown,3,2025-11-08 09:42:01,deduct fees even on short transaction,deduct fees even on short transaction,0,6,37,0,0,0,1.0,0,0,0.0,1,0,1,0.0,0,1,0,3.0,0.0
02b30af1-edc7-4f99-8fd5-7ee3e42c9ee0,JazzCash,Banking,Muhammad Jawad,Unknown,4,2025-11-08 10:52:03,Excellent,excellent,0,1,9,0,0,0,1.0,0,0,0.5719,1,0,1,0.0,0,6,0,4.0,0.0
6608d975-ae71-4da4-9177-dce388f133a2,JazzCash,Banking,Abdullah Hamid,Unknown,1,2025-11-08 11:28:29,not working well,not working well,1,3,16,0,0,0,1.0,0,0,-0.2057,1,0,1,0.0,0,1,0,1.0,0.0
c5836b82-2f37-4ea5-8012-c9c615df33fa,JazzCash,Banking,Hamza Mayo,Unknown,1,2025-11-08 11:46:33,why are you idiots showing ads in your official apps?.plz remove ads from it.otherwise will uninstall it.,why are you idiots showing ads in your official apps?.plz remove ads from it.otherwise will uninstall it.,1,17,105,0,0,0,0.9411764705882353,1,1,0.0,1,0,1,0.0,0,1,0,1.0,0.0
c75c9863-7533-475d-99f1-f4618fc46c01,JazzCash,Banking,Hamza Azhar,Unknown,1,2025-11-08 11:59:12,jazz cash app chor ha mere 1700 rupees chori kar liye mujhy kisi ny 1700 bheje the aur mujhy received ka message bhi aya lakin mera balance main wo add ni hue,jazz cash app chor ha mere 1700 rupees chori kar liye mujhy kisi ny 1700 bheje the aur mujhy received ka message bhi aya lakin mera balance main wo add ni hue,0,32,158,0,0,0,0.9375,0,1,0.34,1,0,1,0.0,0,1,0,1.0,0.0
4d8d7cc4-813a-4a67-b0f7-6b62885764b5,JazzCash,Banking,Mr Zunair,Unknown,4,2025-11-08 12:53:51,happy 😊,happy 😊,0,2,7,1,0,0,1.0,0,1,0.8658,1,0,1,0.0,0,1,0,4.0,0.0
30adda04-7123-44d5-bf35-ad81ecc47f0c,JazzCash,Banking,Ali Akbar,Unknown,1,2025-11-08 12:55:30,JazzCash SORRY An error was encountered Okay,jazzcash sorry an error was encountered okay,0,7,44,0,0,1,1.0,0,0,-0.2732,1,0,1,0.0,0,1,0,1.0,0.0
5c7a0ae4-3cc7-43aa-9600-3b2173f2faad,JazzCash,Banking,Kuch Bhi,Unknown,1,2025-11-08 14:32:07,"Poor app, addicted to buffering never works smoothly whenever it comes to use it in any kind of urgency it hampers your work although you pay through it.","poor app, addicted to buffering never works smoothly whenever it comes to use it in any kind of urgency it hampers your work although you pay through it.",0,28,153,0,0,0,0.8928571428571429,0,1,-0.5423,1,0,1,0.0,0,1,0,1.0,0.0
5c7e70ac-a985-4b43-8368-2262ddd2a192,JazzCash,Banking,Cheema Sb,Unknown,1,2025-11-08 14:41:18,to much bad experience because last 2 month ago am trying to upgrade monthly transition limts,to much bad experience because last 2 month ago am trying to upgrade monthly transition limts,0,16,93,0,0,0,0.9375,0,0,-0.5423,1,0,1,0.0,0,1,0,1.0,0.0
12180b20-5e40-437d-a43d-d4e79c9a5e3d,JazzCash,Banking,Ahmad Hasnain Ahmad Hasnain,Unknown,4,2025-11-08 16:33:26,good service,good service,0,2,12,0,0,0,1.0,0,0,0.4404,1,0,1,0.0,0,4,0,4.0,0.0
cb8f086b-21fe-4c26-8da3-283baa911253,JazzCash,Banking,Rao Adeel,Unknown,3,2025-11-08 19:28:12,namaste,namaste,0,1,7,0,0,0,1.0,0,1,0.0,1,0,1,0.0,0,1,0,3.0,0.0
b650be39-5b18-459d-a5ca-6b64b35368d6,JazzCash,Banking,maharban Dil,Unknown,2,2025-11-08 19:51:19,very bad. app. na history. show hooti hai. na. na. fast open hita hai.,very bad. app. na history. show hooti hai. na. na. fast open hita hai.,0,14,70,0,0,0,0.8571428571428571,0,1,-0.5849,1,0,1,0.0,0,1,0,2.0,0.0
cd3ac6c0-4fed-4f80-9dac-9d6a7fd740fe,JazzCash,Banking,Zubair Mehar,Unknown,5,2025-11-08 22:16:12,good service,good service,0,2,12,0,0,0,1.0,0,0,0.4404,1,0,1,0.0,0,4,0,5.0,0.0
28216267-4883-4ddb-b743-104a8cbcf3c4,JazzCash,Banking,Ali Hamza Nazir,Unknown,3,2025-11-09 00:03:06,"Is everything ok But face issues in transaction history, when I select last month option the error comes transactions not found, if i request to get history on gmail, further not recieved any email or pdf...","is everything ok but face issues in transaction history, when i select last month option the error comes transactions not found, if i request to get history on gmail, further not recieved any email or pdf...",0,36,207,0,0,0,0.9444444444444444,0,0,-0.4497,1,0,1,0.0,0,1,0,3.0,0.0
42517360-ce7a-4771-864f-1f7dcf055c35,JazzCash,Banking,Sajid ali Rind,Unknown,5,2025-11-09 02:10:04,I Love jaaz,i love jaaz,0,3,11,0,0,0,1.0,0,0,0.6369,1,0,1,0.0,0,1,0,5.0,0.0
cb9fca03-1bd2-4b60-94b1-e76028f11eeb,JazzCash,Banking,Rafay Ul zaman,Unknown,5,2025-11-09 02:51:09,mashallah....zabardast...app,mashallah....zabardast...app,0,1,28,0,0,0,1.0,0,1,0.0,1,0,1,0.0,0,1,0,5.0,0.0
1780a2cc-f766-4fb1-8dc1-15a9793d5511,JazzCash,Banking,Ansar Mehmood,Unknown,5,2025-11-09 03:02:58,highly recommend..trusted.. easy to use,highly recommend..trusted.. easy to use,0,5,39,0,0,0,1.0,0,0,0.4902,1,0,1,0.0,0,1,0,5.0,0.0
0a0af032-6099-4dbf-aa2f-6826fda18275,JazzCash,Banking,ALI GULL RANG,Unknown,5,2025-11-09 03:12:31,it's true app,it's true app,0,3,13,0,0,0,1.0,0,1,0.4215,1,0,1,0.0,0,1,0,5.0,0.0
81961679-c4d5-4219-848f-8d6501467666,JazzCash,Banking,Fiyaaz Khan,Unknown,1,2025-11-09 03:16:35,Couldn't Take Screenshot Taking screenshots is not allowed due to the app security policy.,couldn't take screenshot taking screenshots is not allowed due to the app security policy.,0,14,90,0,0,0,1.0,0,1,0.34,1,0,1,0.0,0,1,0,1.0,0.0
da0aafa0-2564-4c76-9a2e-cfb8a9106507,JazzCash,Banking,Uzair Khan,Unknown,5,2025-11-09 03:21:58,amazing and easy to use,amazing and easy to use,0,5,23,0,0,0,1.0,0,0,0.7717,1,0,1,0.0,0,1,0,5.0,0.0
497c8e40-f652-4832-9c3a-910931d8db8d,JazzCash,Banking,Umair Khana,Unknown,5,2025-11-09 03:49:15,gooood,gooood,0,1,6,0,0,0,1.0,0,0,0.0,1,0,1,0.0,0,1,0,5.0,0.0
8aae8b1a-3dd6-4933-b334-46fa774c8083,JazzCash,Banking,Sufyan Saleem,Unknown,5,2025-11-09 03:57:08,thanks for your,thanks for your,0,3,15,0,0,0,1.0,0,0,0.4404,1,0,1,0.0,0,1,0,5.0,0.0
f71bfbbc-57ab-48fe-95d1-2eb3aa846d75,JazzCash,Banking,Haris Shamraiz,Unknown,5,2025-11-09 04:25:48,I am making jazz cash but it's not gana work,i am making jazz cash but it's not gana work,0,10,44,0,0,0,1.0,0,0,0.0,1,0,1,0.0,0,1,0,5.0,0.0
7dbcc630-2f06-4a11-93c1-4f0610e5c335,JazzCash,Banking,Rashid G,Unknown,4,2025-11-09 04:36:57,good response .,good response .,0,3,15,0,0,0,1.0,0,0,0.4404,1,0,2,1281672.0,0,1,0,3.0,1.4142135623730951
6305a32b-cc7e-47b3-a587-1d6b7ff079dc,JazzCash,Banking,free fire short remix shayeri,Unknown,3,2025-11-09 04:53:12,good apps,good apps,0,2,9,0,0,0,1.0,0,1,0.4404,1,0,1,0.0,0,3,0,3.0,0.0
15963ffc-3f35-47c3-a05b-d02fb862d7d7,JazzCash,Banking,Shabir Ahmad,Unknown,1,2025-11-09 04:57:20,its annoying unable to to fetch otp when fetch return unsuccessful should fix it,its annoying unable to to fetch otp when fetch return unsuccessful should fix it,0,14,80,0,0,0,0.8571428571428571,0,0,-0.6369,1,0,1,0.0,0,1,0,1.0,0.0
7e22bcad-d80f-4e3e-8098-a15753a082c5,JazzCash,Banking,Aqib Jutt,Unknown,5,2025-11-09 05:10:02,good 👍🏻,good 👍🏻,0,2,7,2,0,0,1.0,0,0,0.4404,1,0,1,0.0,0,1,0,5.0,0.0
673eeb02-d9af-48d0-b749-3de26edf93aa,JazzCash,Banking,Asas Aullah,Unknown,4,2025-11-09 05:27:34,good app amazing,good app amazing,0,3,16,0,0,0,1.0,0,1,0.7717,1,0,1,0.0,0,1,0,4.0,0.0
f4e58b7f-d27a-4fba-91e5-06514b83c9c3,JazzCash,Banking,Tamoor Malik,Unknown,5,2025-11-09 05:52:18,good 😊👍👍👍😊😊,good 😊👍👍👍😊😊,0,2,11,6,0,0,1.0,0,0,0.9633,1,0,1,0.0,0,1,0,5.0,0.0
60f8a166-5a05-48b0-b3e6-efedf00a0c30,JazzCash,Banking,Irfan jutt Irfan jutt,Unknown,5,2025-11-09 05:56:34,thank you,thank you,0,2,9,0,0,0,1.0,0,0,0.3612,1,0,1,0.0,0,1,0,5.0,0.0
ce83a515-80a9-4824-8963-19b054a23d33,JazzCash,Banking,Sh Asif,Unknown,5,2025-11-09 06:48:26,excelant,excelant,0,1,8,0,0,0,1.0,0,0,0.0,1,0,1,0.0,0,1,0,5.0,0.0
34dbbca3-4a10-4899-b4f6-6e85fbfa9ef9,JazzCash,Banking,Shumaila Kiran Shumaila kiran,Unknown,5,2025-11-09 07:16:20,it's really amazing I love this 😍,it's really amazing i love this 😍,0,7,33,1,0,0,1.0,0,0,0.9195,1,0,1,0.0,0,1,0,5.0,0.0
2f11b285-6e48-442f-9dda-9b4408440a42,JazzCash,Banking,Hussain Awan,Unknown,5,2025-11-09 07:25:05,great app,great app,0,2,9,0,0,0,1.0,0,1,0.6249,1,0,1,0.0,0,1,0,5.0,0.0
bfcb33ba-7974-4b22-8251-5852ea956c5a,JazzCash,Banking,Shafqat official,Unknown,5,2025-11-09 07:44:06,I am interested,i am interested,0,3,15,0,0,0,1.0,0,0,0.4019,1,0,1,0.0,0,1,0,5.0,0.0
44c5f8e4-5b2b-4b9b-9436-22745774a8c7,JazzCash,Banking,Aaliya Sabir,Unknown,5,2025-11-09 08:02:09,Great,great,0,1,5,0,0,0,1.0,0,0,0.6249,1,0,1,0.0,0,6,0,5.0,0.0
d6ef1136-abbb-4177-b50e-71bf1b5b83b7,JazzCash,Banking,Abdul Salam Abdul Salam,Unknown,1,2025-11-09 08:11:21,use less app jazz network use less after 15 اگست 2022,use less app jazz network use less after 15 اگست 2022,0,11,53,0,0,0,0.8181818181818182,0,1,0.0,1,0,1,0.0,0,1,0,1.0,0.0
c56c87c3-056e-4191-94c0-9a6ed56e8061,JazzCash,Banking,Aamir Ali,Unknown,5,2025-11-09 08:29:21,good working. and easy used,good working. and easy used,0,5,27,0,0,0,1.0,0,0,0.7003,1,0,1,0.0,0,1,0,5.0,0.0
6149680c-7ff3-4f97-b6bb-61f720e5b919,JazzCash,Banking,Nazeer Hamraz,Unknown,5,2025-11-09 08:33:10,helpful,helpful,0,1,7,0,0,0,1.0,0,0,0.4215,1,0,1,0.0,0,1,0,5.0,0.0
06e1acc5-cc88-48c3-859c-cf0ce4dc11cf,JazzCash,Banking,Tayyab Mughal imran,Unknown,1,2025-11-09 08:46:42,har month 400 rupy cut karty hain 😡,har month 400 rupy cut karty hain 😡,0,8,35,1,0,0,1.0,0,1,-0.2732,1,0,1,0.0,0,1,0,1.0,0.0
e84482d6-f862-4fba-ab84-2c4c3bfb7751,JazzCash,Banking,Shah Toqir Gillani,Unknown,4,2025-11-09 08:49:43,nice one,nice one,0,2,8,0,0,0,1.0,0,0,0.4215,1,0,1,0.0,0,1,0,4.0,0.0
8ed189cb-e5f8-4459-a8ef-1c7ed36730c1,JazzCash,Banking,Fahad Alli,Unknown,1,2025-11-09 08:56:23,nice 👍🙂,nice 👍🙂,0,2,7,2,0,0,1.0,0,0,0.6712,1,0,1,0.0,0,1,1,1.0,0.0
08d890c8-748d-42a7-bff5-c121a9c6cce6,JazzCash,Banking,Saifur Rehman,Unknown,5,2025-11-09 09:07:17,quick service,quick service,0,2,13,0,0,0,1.0,0,0,0.0,1,0,1,0.0,0,1,0,5.0,0.0
5cf992fc-a500-431e-8fed-66ce8132e6fd,JazzCash,Banking,Ayesha Khan,Unknown,1,2025-11-09 09:30:27,"Every time I try to open my mobile account they keep asking for my NIC (national ID) number and to scan my fingerprint, and even then it won’t open. What’s going on?”","every time i try to open my mobile account they keep asking for my nic (national id) number and to scan my fingerprint, and even then it won’t open. what’s going on?”",0,32,166,0,0,2,0.875,0,0,0.0772,1,0,1,0.0,0,1,0,1.0,0.0
dd00e3db-fe2c-49c1-b208-c55433d07b9f,JazzCash,Banking,Kashif Ali,Unknown,5,2025-11-09 09:31:41,Wow He is Best App Jazzcash,wow he is best app jazzcash,0,6,27,0,0,0,1.0,0,1,0.8402,1,0,2,430953.0,0,1,0,5.0,0.0
ca094413-67a2-4cae-b6a1-c4151a3ae802,JazzCash,Banking,muhammad younas,Unknown,5,2025-11-09 09:40:33,okay 👍,okay 👍,0,2,6,1,0,0,1.0,0,0,0.2263,1,0,1,0.0,0,1,0,5.0,0.0
053188ab-94e5-4d31-90a0-343d161cbfeb,JazzCash,Banking,Shahzad Hanjra,Unknown,4,2025-11-09 09:47:39,nice and fast,nice and fast,0,3,13,0,0,0,1.0,0,0,0.4215,1,0,1,0.0,0,1,0,4.0,0.0
ad84a14d-71ab-47c9-8542-68554cfbc23c,JazzCash,Banking,Hassan Gufran,Unknown,5,2025-11-09 09:55:17,nice app,nice app,0,2,8,0,0,0,1.0,0,1,0.4215,1,0,1,0.0,0,4,0,5.0,0.0
6b83bf57-df91-4832-ab4c-47cb2b227f6d,JazzCash,Banking,Chand chand,Unknown,5,2025-11-09 10:17:59,good jazzcash,good jazzcash,0,2,13,0,0,0,1.0,0,0,0.4404,1,0,1,0.0,0,1,0,5.0,0.0
5f91c241-b1c0-4e6b-bedd-5f8a644b8186,JazzCash,Banking,Sami Ullah Baloch,Unknown,5,2025-11-09 10:58:16,amazing 😍,amazing 😍,0,2,9,1,0,0,1.0,0,0,0.7783,1,0,1,0.0,0,1,0,5.0,0.0
acab35f6-256c-4f1b-8264-c090934d18dc,JazzCash,Banking,Hina Naz,Unknown,5,2025-11-09 11:10:02,very good app,very good app,0,3,13,0,0,0,1.0,0,1,0.4927,1,0,1,0.0,0,3,0,5.0,0.0
22f12bdd-f5c9-45d3-a781-ffa2d8f09035,JazzCash,Banking,Farhan Ahmad,Unknown,5,2025-11-09 11:14:45,I Say that jazzcash is Better Than All Other Wallet Apps And My Experince With this App is Smooth 😇,i say that jazzcash is better than all other wallet apps and my experince with this app is smooth 😇,0,20,99,1,0,0,0.95,0,1,0.7096,1,0,1,0.0,0,1,0,5.0,0.0
5a855f7c-f2cc-4de8-94c0-118aa5619761,JazzCash,Banking,Kamranrana Rana,Unknown,5,2025-11-09 11:18:38,very well done,very well done,0,3,14,0,0,0,1.0,0,0,0.3384,1,0,1,0.0,0,1,0,5.0,0.0
5b2c14a9-63f0-4b15-bae9-387571486b93,JazzCash,Banking,Umiar Razzaq,Unknown,5,2025-11-09 11:24:36,easy to use,easy to use,0,3,11,0,0,0,1.0,0,0,0.4404,1,0,1,0.0,0,1,0,5.0,0.0
98190065-80b3-47d8-a804-2bd0e1dde9a0,JazzCash,Banking,Saqi Khan,Unknown,5,2025-11-09 11:35:43,excellent,excellent,0,1,9,0,0,0,1.0,0,0,0.5719,1,0,2,215904.0,0,6,0,5.0,0.0
b50319db-e2e5-47c4-b437-f13539968b76,JazzCash,Banking,Zahid Malik,Unknown,5,2025-11-09 12:25:10,ecxellent,ecxellent,0,1,9,0,0,0,1.0,0,0,0.0,1,0,1,0.0,0,1,0,5.0,0.0
7e9cb956-083d-4c05-8f3b-d466c1ae1f6e,JazzCash,Banking,Imran Jutt,Unknown,5,2025-11-09 12:37:12,this app is so easy to transfer money 🤑,this app is so easy to transfer money 🤑,0,9,39,1,0,0,1.0,0,1,0.5777,1,0,1,0.0,0,1,0,5.0,0.0
92500842-681b-48b2-b635-7b76e39b042a,JazzCash,Banking,Osman Ghazi,Unknown,1,2025-11-09 12:51:20,"When we receive a notification, it’s actually a fraudulent one, and as soon as we click on it, all the amount in our account gets drained. so take action and secure accounts. That’s your drawback","when we receive a notification, it’s actually a fraudulent one, and as soon as we click on it, all the amount in our account gets drained. so take action and secure accounts. that’s your drawback",0,35,195,0,0,0,0.8857142857142857,0,0,-0.5106,1,0,1,0.0,0,2,0,1.0,0.0
41787a11-360f-49d7-b378-934b1e6a4da6,JazzCash,Banking,Moaz Mehar,Unknown,3,2025-11-09 12:55:48,"When we receive a notification, it’s actually a fraudulent one, and as soon as we click on it, all the amount in our account gets drained. so take action and secure accounts. That’s your drawback","when we receive a notification, it’s actually a fraudulent one, and as soon as we click on it, all the amount in our account gets drained. so take action and secure accounts. that’s your drawback",0,35,195,0,0,0,0.8857142857142857,0,0,-0.5106,1,0,1,0.0,0,2,0,3.0,0.0
e1e0989e-0a79-437c-b991-b911a3a879c2,JazzCash,Banking,Muhammad Hafeez (.),Unknown,5,2025-11-09 13:07:59,"What a fine app.Good,better, best....","what a fine app.good,better, best....",0,5,37,0,0,0,1.0,0,1,0.7184,1,0,1,0.0,0,1,0,5.0,0.0
13d64115-d205-45da-943d-9547089277e7,JazzCash,Banking,MALIK ZAIN,Unknown,3,2025-11-09 13:19:47,it is a good experience app for online banking,it is a good experience app for online banking,0,9,46,0,0,0,1.0,0,1,0.4404,1,0,1,0.0,0,1,0,3.0,0.0
07b9ab21-30b0-4b70-90d9-404b49b72ec0,JazzCash,Banking,Naaz Naila,Unknown,5,2025-11-09 13:25:52,very very good,very very good,0,3,14,0,0,0,0.6666666666666666,0,0,0.5379,1,0,1,0.0,0,1,0,5.0,0.0
378cba3d-31eb-4077-b2e2-2c870ddcc48c,JazzCash,Banking,Malik Ali Raza,Unknown,3,2025-11-09 13:44:49,Good job 👍👍👍👍👏,good job 👍👍👍👍👏,0,3,14,5,0,0,1.0,0,0,0.4404,1,0,1,0.0,0,1,0,3.0,0.0
a0e419fb-49e3-4648-ae79-e80db2452807,JazzCash,Banking,Abdul Rehman,Unknown,5,2025-11-09 13:46:55,this is amazing 🤩🤩🤩🤩🤩🤩🤩,this is amazing 🤩🤩🤩🤩🤩🤩🤩,0,4,23,7,0,0,1.0,0,0,0.5859,1,0,2,1402082.0,0,1,0,3.0,2.8284271247461903
9ea79717-c54c-40d6-8458-2ad6e8c76d11,JazzCash,Banking,Muhammad Msshahidfarm,Unknown,5,2025-11-09 13:51:12,great,great,0,1,5,0,0,0,1.0,0,0,0.6249,1,0,1,0.0,0,6,0,5.0,0.0
9477cbf2-0986-4c8e-b1c0-40498344a8d9,JazzCash,Banking,Inam Aslam,Unknown,1,2025-11-09 13:53:39,Very bad experience. Everytime showing (we are facing some issue) on most of transactions.,very bad experience. everytime showing (we are facing some issue) on most of transactions.,0,14,90,0,0,0,1.0,0,0,-0.5849,1,0,1,0.0,0,1,0,1.0,0.0
d53b62c5-aa0c-4a65-9f3e-7889ee165b19,JazzCash,Banking,Khuwaja Shahid,Unknown,2,2025-11-09 14:01:41,tax zayada h,tax zayada h,0,3,12,0,0,0,1.0,0,0,0.0,1,0,1,0.0,0,1,0,2.0,0.0
6dd68e3d-ddd2-4279-bead-3b4440ec07f8,JazzCash,Banking,Ali Balouc,Unknown,5,2025-11-09 14:04:00,amazing,amazing,0,1,7,0,0,0,1.0,0,0,0.5859,1,0,1,0.0,0,3,0,5.0,0.0
3ad715c2-c649-46a4-bc08-663ec17a3339,JazzCash,Banking,Malik jahangir Fida Hussain,Unknown,5,2025-11-09 14:09:13,good 👍😊,good 👍😊,0,2,7,2,0,0,1.0,0,0,0.836,1,0,1,0.0,0,1,0,5.0,0.0
cf98fb55-3fca-4e0b-a91b-bfdeb0f4fb63,JazzCash,Banking,Ali Maola,Unknown,2,2025-11-09 14:31:37,you must be provide online work because jazz cash is trusted platform and people can easily earn 👍,you must be provide online work because jazz cash is trusted platform and people can easily earn 👍,0,18,98,1,0,0,1.0,0,0,0.6705,1,0,1,0.0,0,1,1,2.0,0.0
ba5b4e4c-4054-421f-a6a9-1eaedca00449,JazzCash,Banking,Rajachand Chand,Unknown,5,2025-11-09 14:52:20,very good 👍,very good 👍,0,3,11,1,0,0,1.0,0,0,0.4927,1,0,1,0.0,0,3,0,5.0,0.0
ea122ee2-7f70-4c72-8b7f-bd0a0df31284,JazzCash,Banking,Khan zada,Unknown,5,2025-11-09 14:53:20,very helpful app,very helpful app,0,3,16,0,0,0,1.0,0,1,0.4754,1,0,1,0.0,0,1,0,5.0,0.0
c74a744d-a318-4dcf-b440-690a1d6a783b,JazzCash,Banking,Muhammad Shoaib,Unknown,5,2025-11-09 14:54:04,very nice 👍🙂,very nice 👍🙂,0,3,12,2,0,0,1.0,0,0,0.7003,1,0,1,0.0,0,1,0,5.0,0.0
8802018c-8b94-46cd-9fa1-db4a7d68cab7,JazzCash,Banking,Ahad Noman,Unknown,5,2025-11-09 15:03:37,Great app for banking,great app for banking,0,4,21,0,0,0,1.0,0,1,0.6249,1,0,1,0.0,0,1,0,5.0,0.0
cf1610ed-7118-4127-8308-0e66f31f3c29,JazzCash,Banking,Malik Bilal Awan SAB,Unknown,1,2025-11-09 16:30:48,easy loan support is very Bad,easy loan support is very bad,0,6,29,0,0,0,1.0,0,0,0.204,1,0,1,0.0,0,1,0,1.0,0.0
be01c44e-1285-4c3c-9284-0175b7961052,JazzCash,Banking,Malik Farook,Unknown,5,2025-11-09 17:14:27,thanks Jazcash,thanks jazcash,0,2,14,0,0,0,1.0,0,0,0.4404,1,0,1,0.0,0,1,0,5.0,0.0
bd9be20d-bb45-4c43-a2f4-10d93461a870,JazzCash,Banking,Bani Bano,Unknown,5,2025-11-09 17:14:27,excellent app,excellent app,0,2,13,0,0,0,1.0,0,1,0.5719,1,0,1,0.0,0,2,0,5.0,0.0
08c670a2-a11f-40eb-8d5b-6b45ded65b4e,JazzCash,Banking,Imran Ali,Unknown,5,2025-11-09 17:34:29,very good service,very good service,0,3,17,0,0,0,1.0,0,0,0.4927,1,0,2,705712.0,0,2,0,3.0,2.8284271247461903
ffe3a1e4-2136-42e2-b485-0ee0f3104547,JazzCash,Banking,Rizwan Shah,Unknown,5,2025-11-09 17:43:28,very fast and good service,very fast and good service,0,5,26,0,0,0,1.0,0,0,0.4877,1,0,1,0.0,0,1,0,5.0,0.0
cd3e2619-5809-47bd-818a-6179225b0b32,JazzCash,Banking,Qasim Jutt,Unknown,1,2025-11-09 17:47:45,"jazzcash is no good, there are glitches. when someone sends you money sometimes you don't receive the money and when you call on the helpline they say that there is no transaction history","jazzcash is no good, there are glitches. when someone sends you money sometimes you don't receive the money and when you call on the helpline they say that there is no transaction history",0,33,187,0,0,0,0.7575757575757576,0,0,-0.5583,1,0,1,0.0,0,1,0,1.0,0.0
c11ff0d6-3681-43fb-83d6-bde8c64b73d3,JazzCash,Banking,WASI Haider,Unknown,5,2025-11-09 17:47:58,Working,working,0,1,7,0,0,0,1.0,0,0,0.0,1,0,1,0.0,0,1,0,5.0,0.0
6bcc1446-aa65-4f9d-bb18-3e49f94014da,JazzCash,Banking,Usman Doonboy,Unknown,5,2025-11-09 17:52:51,I love it,i love it,0,3,9,0,0,0,1.0,0,0,0.6369,1,0,1,0.0,0,1,0,5.0,0.0
b745fa2f-2768-455b-8704-4c55dc635f6e,JazzCash,Banking,Ahsan Ali,Unknown,5,2025-11-09 18:06:48,"very Excellent services against in All over digital wallets Pakistan best opportunity, save n secured your cash amount","very excellent services against in all over digital wallets pakistan best opportunity, save n secured your cash amount",0,18,118,0,0,0,1.0,0,0,0.9509,1,0,1,0.0,0,1,0,5.0,0.0
c39b7ed4-7dab-4874-a0d7-4036a2ec5c09,JazzCash,Banking,Nazir Saand Official,Unknown,5,2025-11-09 19:03:44,Very Good 👍🏻😊 App Nice 👍🏻,very good 👍🏻😊 app nice 👍🏻,0,6,25,5,0,0,1.0,0,1,0.8999,1,0,1,0.0,0,1,0,5.0,0.0
