review_id,app_name,category,username,device,rating,timestamp,text_original,text_cleaned,thumbs_up,token_count,char_count,num_emojis,num_urls,num_uppercase_words,unique_word_ratio,contains_promo_words,has_urdu_words,sentiment_score,device_missing,generic_username,user_total_reviews,time_diff_seconds,is_burst,same_text_count,rating_text_mismatch,user_avg_rating,user_rating_std
c6f18309-0001-415b-aed2-1a8b6fade9b7,Netflix,Entertainment,Sadik,Unknown,2,2025-09-30 12:37:51,.mk . m ..c .........m. . mmnm. ..m . mmmmm .m m mum mmmmmm. c,.mk . m ..c .........m. . mmnm. ..m . mmmmm .m m mum mmmmmm. c,0,15,62,0,0,0,0.8,0,0,0.0,1,0,1,0.0,0,1,0,2.0,0.0
a8019dcb-86ec-4524-9ba3-3fb5a5084281,Netflix,Entertainment,Dexter,Unknown,2,2025-10-02 03:30:15,never ad adds,never ad adds,0,3,13,0,0,0,1.0,0,0,0.0,1,0,1,0.0,0,1,0,2.0,0.0
29266876-2c01-4001-b9e6-3a724ed7d124,Netflix,Entertainment,Yumlam Minji,Unknown,2,2025-10-02 03:49:24,too much ideology pushing shows,too much ideology pushing shows,0,5,31,0,0,0,1.0,0,0,0.0,1,0,1,0.0,0,1,0,2.0,0.0
87fd910f-b1f1-4bd2-b209-aac8de129bef,Netflix,Entertainment,Syed muhammad aneeq rayyan,Unknown,2,2025-10-02 13:29:47,"Please please do not even see online if my Netflix package is expired, you will be allowed to wifi watch online movies.","please please do not even see online if my netflix package is expired, you will be allowed to wifi watch online movies.",0,22,119,0,0,0,0.9090909090909091,0,0,0.5574,1,0,1,0.0,0,1,1,2.0,0.0
a556b854-3e58-4607-8e53-0ab3d21a6baf,Netflix,Entertainment,Guan Nakikus,Unknown,2,2025-10-02 13:40:12,This is good for me download latest movies,this is good for me download latest movies,0,8,42,0,0,0,1.0,1,0,0.4404,1,0,1,0.0,0,1,0,2.0,0.0
0ef19455-0b84-4f14-861c-81ad28c99dc2,Netflix,Entertainment,Sarwin Dsouza,Unknown,2,2025-10-02 13:41:38,"Constantly removes popular and highly-watched shows, and its poor licensing means some shows have missing seasons","constantly removes popular and highly-watched shows, and its poor licensing means some shows have missing seasons",0,16,113,0,0,0,0.9375,0,0,-0.3612,1,0,1,0.0,0,1,0,2.0,0.0
28a6109f-06e5-4374-b7d1-b293888ed35a,Netflix,Entertainment,Alone Beauty,Unknown,2,2025-10-02 20:28:10,Please korean dramas convert into hindii specially Desendent of the sun,please korean dramas convert into hindii specially desendent of the sun,0,11,71,0,0,0,1.0,0,0,0.3182,1,0,1,0.0,0,1,0,2.0,0.0
e71b7d62-104c-42e8-81d0-e6ff0919db59,Netflix,Entertainment,Ayesha siddiqa Siddiqa,Unknown,2,2025-10-03 07:34:36,last 3 days I'm unable to watch Netflix I'm very disappointed 😔☹️,last 3 days i'm unable to watch netflix i'm very disappointed 😔☹️,0,12,65,1,0,0,0.9166666666666666,0,1,-0.6387,1,0,1,0.0,0,1,0,2.0,0.0
e71726ee-bf7d-4745-954b-9fe8e93c8203,Netflix,Entertainment,Joan Makore,Unknown,4,2025-10-03 08:02:57,it's the best,it's the best,0,3,13,0,0,0,1.0,0,0,0.6369,1,0,1,0.0,0,1,0,4.0,0.0
b77e94d9-a207-4dde-96be-36f5b51f0db1,Netflix,Entertainment,Praveen Kumar,Unknown,2,2025-10-03 08:46:03,i want to add the kannada languages also on downloading time please fix that problem fast,i want to add the kannada languages also on downloading time please fix that problem fast,0,16,89,0,0,0,1.0,1,0,-0.0258,1,0,1,0.0,0,1,0,2.0,0.0
72c6d565-a666-4bcf-97b9-60770e25af28,Netflix,Entertainment,Mek Daa,Unknown,4,2025-10-03 09:01:05,More language for dubbed please. Tq,more language for dubbed please. tq,0,6,35,0,0,0,1.0,0,0,0.3182,1,0,1,0.0,0,1,0,4.0,0.0
52b2c967-fbb6-42c0-aa13-412bc0847e01,Netflix,Entertainment,Nondumiso Mthethwa,Unknown,4,2025-10-03 10:05:46,Good experience,good experience,0,2,15,0,0,0,1.0,0,0,0.4404,1,0,1,0.0,0,1,0,4.0,0.0
04e971eb-1259-4ed2-bb1b-53fbdeef213d,Netflix,Entertainment,Mupishi Mukoyo,Unknown,4,2025-10-03 15:45:41,i mean its all right,i mean its all right,0,5,20,0,0,0,1.0,0,0,0.0,1,0,1,0.0,0,1,0,4.0,0.0
daecf62d-81a3-499d-aa93-d0157324a032,Netflix,Entertainment,Sofia Haener,Unknown,2,2025-10-03 18:01:16,meh pirating is better,meh pirating is better,0,4,22,0,0,0,1.0,0,0,0.3818,1,0,1,0.0,0,1,0,2.0,0.0
6f393537-d24b-407e-909c-c6c03ecc7908,Netflix,Entertainment,Holly Schembri,Unknown,2,2025-10-03 19:52:40,"this app has not been working. I have deleted it and redownloaded it many times. I can't even open it. it keeps saying error. extremely disappointing, especially since Netflix wants to continuously increase their prices.","this app has not been working. i have deleted it and redownloaded it many times. i can't even open it. it keeps saying error. extremely disappointing, especially since netflix wants to continuously increase their prices.",1,35,220,0,0,0,0.9142857142857143,1,1,-0.5984,1,0,1,0.0,0,1,0,2.0,0.0
93788ddb-5450-44a8-8aa8-1d8447b20e2e,Netflix,Entertainment,Khalid Papu,Unknown,2,2025-10-03 21:01:06,Update on television sucks,update on television sucks,0,4,26,0,0,0,1.0,0,0,-0.3612,1,0,1,0.0,0,1,0,2.0,0.0
a40609a2-730b-4933-827f-82e1f309335e,Netflix,Entertainment,Biswajit Behera,Unknown,4,2025-10-04 05:17:52,Best Content,best content,0,2,12,0,0,0,1.0,0,0,0.6369,1,0,1,0.0,0,1,0,4.0,0.0
1d3759d7-8380-4b47-b585-e82b7361618e,Netflix,Entertainment,Harry,Unknown,4,2025-10-04 06:31:35,best experience only on Netflix,best experience only on netflix,0,5,31,0,0,0,1.0,0,0,0.6369,1,0,1,0.0,0,1,0,4.0,0.0
a927e661-a4c9-42d0-9724-e1503620640f,Netflix,Entertainment,bodela Prasanthi,Unknown,2,2025-10-04 07:16:23,disgusting,disgusting,0,1,10,0,0,0,1.0,0,0,-0.5267,1,0,1,0.0,0,1,0,2.0,0.0
b809bcb0-bd14-495c-9041-891b2ab3e610,Netflix,Entertainment,Chidera Onyeukwu,Unknown,4,2025-10-04 10:56:44,The best for sure... But add more movies pls... I updated the app and it stopped working what's wrong??,the best for sure... but add more movies pls... i updated the app and it stopped working what's wrong??,1,19,103,0,0,0,0.9473684210526315,0,1,-0.4103,1,0,1,0.0,0,1,0,4.0,0.0
67b62a4e-0fb5-49d2-9b9a-d24e4221544a,Netflix,Entertainment,Godsmercy Jedidiah,Unknown,2,2025-10-04 11:41:05,it keeps crashing every other day on my S20 FE☹️ very frustrating🥲,it keeps crashing every other day on my s20 fe☹️ very frustrating🥲,0,12,66,1,0,2,1.0,0,0,-0.34,1,0,1,0.0,0,1,0,2.0,0.0
04bc41f9-662f-4394-8c3c-dde4f025e366,Netflix,Entertainment,Иван Тодоров,Unknown,4,2025-10-04 14:50:45,I can't find pokemon horizons season 2 the search for Laqua but it's not a bad app,i can't find pokemon horizons season 2 the search for laqua but it's not a bad app,1,17,82,0,0,0,1.0,0,1,0.5824,1,0,1,0.0,0,1,0,4.0,0.0
af59695c-47dc-4893-babe-e4aca93e0a4b,Netflix,Entertainment,AZIT,Unknown,2,2025-10-04 15:12:06,Netflix keeps on overriding my brightness what the hell,netflix keeps on overriding my brightness what the hell,0,9,55,0,0,0,1.0,0,0,-0.4588,1,0,1,0.0,0,1,0,2.0,0.0
a8bc21bc-6536-47c1-8a83-5f4cd7db5f26,Netflix,Entertainment,DiamondSaiyan Kat,Unknown,4,2025-10-04 18:32:45,"It's a decent streaming app. I wish that they'd put more effort into their ""Netflix Original"" shows. Instead, they do the bare minimum.","it's a decent streaming app. i wish that they'd put more effort into their ""netflix original"" shows. instead, they do the bare minimum.",0,23,135,0,0,0,1.0,0,1,0.6124,1,0,1,0.0,0,1,0,4.0,0.0
4b645751-4998-4be6-8fa0-1c5d0cf01ede,Netflix,Entertainment,Eleos Argentum,Unknown,2,2025-10-04 23:08:21,Por lo menos podrían respetar en lis subtítulos de anime que se usa el apellido y ko el nombre de pila?,por lo menos podrían respetar en lis subtítulos de anime que se usa el apellido y ko el nombre de pila?,0,21,103,0,0,0,0.9047619047619048,0,0,0.0,1,0,1,0.0,0,1,0,2.0,0.0
b5065a74-a999-4f61-a3a5-10bd185ab21f,Netflix,Entertainment,Kimberly Crowley,Unknown,4,2025-10-05 00:25:19,how do I upgrade my account,how do i upgrade my account,0,6,27,0,0,0,1.0,0,0,0.0,1,0,1,0.0,0,1,0,4.0,0.0
7a0a5ce8-4513-4547-bc2e-67a5234aaab7,Netflix,Entertainment,Supremekg,Unknown,4,2025-10-05 01:07:06,"Can't go wrong with Netflix / just wish it was world wide. Some really great shows and films on Netflix but only available I'm different countries, so I feel like I'm missing out","can't go wrong with netflix / just wish it was world wide. some really great shows and films on netflix but only available i'm different countries, so i feel like i'm missing out",0,33,178,0,0,0,0.9393939393939394,0,0,0.7326,1,0,1,0.0,0,1,0,4.0,0.0
1e30f9a1-d993-4404-8698-03bc13f0ed97,Netflix,Entertainment,Evrim Coskun,Unknown,2,2025-10-05 01:18:52,"Frustrating User Experience, hard to find content or settings. App doesn't save where the episode is left off and crashes and needs a restart frequently.","frustrating user experience, hard to find content or settings. app doesn't save where the episode is left off and crashes and needs a restart frequently.",7,25,153,0,0,0,0.96,0,1,-0.7121,1,0,1,0.0,0,1,0,2.0,0.0
6836bd01-2682-4e34-8c16-6ac1b827f38a,Netflix,Entertainment,JUMA MUKONKA,Unknown,2,2025-10-05 04:16:43,nakambala,nakambala,0,1,9,0,0,0,1.0,0,0,0.0,1,0,1,0.0,0,1,0,2.0,0.0
37b5ff36-824d-4dab-be5a-92b86ce3c419,Netflix,Entertainment,Anita Nega,Unknown,4,2025-10-05 04:52:54,So good,so good,0,2,7,0,0,0,1.0,0,0,0.4927,1,0,1,0.0,0,3,0,4.0,0.0
15ed4f46-6a89-4adb-a44b-c697634cfae4,Netflix,Entertainment,Steve s,Unknown,2,2025-10-05 05:46:37,pushes transgenderism to children. elon musk posted it on Twitter. go read it. sad....,pushes transgenderism to children. elon musk posted it on twitter. go read it. sad....,1,14,86,0,0,0,1.0,0,0,-0.4767,1,0,1,0.0,0,1,0,2.0,0.0
84e52de2-b069-4ad7-a1dd-0921ca389681,Netflix,Entertainment,Garrison Jones,Unknown,4,2025-10-05 08:28:22,tired of remixes need new stuff Netflix,tired of remixes need new stuff netflix,0,7,39,0,0,0,1.0,0,0,-0.4404,1,0,1,0.0,0,1,0,4.0,0.0
90cbb8e6-c678-4cc0-a5c9-a6731079f1dc,Netflix,Entertainment,p.k Verma,Unknown,4,2025-10-05 10:35:03,God's,god's,0,1,5,0,0,0,1.0,0,0,0.0,1,0,1,0.0,0,1,0,4.0,0.0
4d800cce-8626-4d89-b5a8-735526b329b1,Netflix,Entertainment,Rishma Maharaj,Unknown,2,2025-10-05 14:04:11,𝐬𝐨 𝐭𝐡𝐢𝐬 𝐢𝐬 𝐠𝐫𝐞𝐚𝐭 𝐛𝐮𝐭 𝐬𝐨𝐦𝐞 𝐬𝐡𝐨𝐰 𝐈 𝐜𝐚𝐧'𝐭 𝐟𝐢𝐧𝐝 𝐚𝐧𝐝 𝐥𝐚𝐜𝐤 𝐨𝐟 𝐞𝐧𝐭𝐞𝐫𝐭𝐚𝐢𝐧𝐦𝐞𝐧𝐭 𝐢𝐬 𝐣𝐮𝐬𝐭 𝐝𝐮𝐦𝐛 🤡🤡,𝐬𝐨 𝐭𝐡𝐢𝐬 𝐢𝐬 𝐠𝐫𝐞𝐚𝐭 𝐛𝐮𝐭 𝐬𝐨𝐦𝐞 𝐬𝐡𝐨𝐰 𝐈 𝐜𝐚𝐧'𝐭 𝐟𝐢𝐧𝐝 𝐚𝐧𝐝 𝐥𝐚𝐜𝐤 𝐨𝐟 𝐞𝐧𝐭𝐞𝐫𝐭𝐚𝐢𝐧𝐦𝐞𝐧𝐭 𝐢𝐬 𝐣𝐮𝐬𝐭 𝐝𝐮𝐦𝐛 🤡🤡,0,18,85,2,0,0,0.9444444444444444,0,0,0.0,1,0,1,0.0,0,1,0,2.0,0.0
6779e1ea-8450-477b-8851-25439ad213b6,Netflix,Entertainment,Pixel Trend,Unknown,4,2025-10-05 14:26:00,THERE ARE THOSE TEENS WHO DON'T HAVE BANK ACCOUT PLEASE JUST MAKE NETFLIX FREE 🥹,there are those teens who don't have bank accout please just make netflix free 🥹,0,15,80,1,0,14,1.0,1,0,0.6808,1,0,1,0.0,0,1,0,4.0,0.0
69912da8-c56c-4d7b-bca1-c62722ba7359,Netflix,Entertainment,Parminder Kaur,Unknown,4,2025-10-05 14:48:41,mind blowing it is very good app and i watch movies but it is not in free,mind blowing it is very good app and i watch movies but it is not in free,0,17,73,0,0,0,0.8823529411764706,1,1,-0.352,1,0,1,0.0,0,1,0,4.0,0.0
a2a0d9d4-d6c5-4809-b1f6-1b09526fe41e,Netflix,Entertainment,Gamers snack,Unknown,2,2025-10-05 14:55:45,please put offer for Netflix for year subscription,please put offer for netflix for year subscription,0,8,50,0,0,0,0.875,1,0,0.3182,1,0,1,0.0,0,1,0,2.0,0.0
c7455f87-a7b5-416b-bc2b-76d042a8127e,Netflix,Entertainment,Akhilesh Rai,Unknown,2,2025-10-05 15:11:23,Its really bad this app is not opening in my phone,its really bad this app is not opening in my phone,0,11,50,0,0,0,1.0,0,1,-0.5849,1,0,1,0.0,0,1,0,2.0,0.0
b2cfcac4-a56c-4c75-bbb4-494fe15f2b17,Netflix,Entertainment,Victor Opaiț,Unknown,4,2025-10-05 15:33:10,Please try to add subtitles in Romanian to more anime shows...,please try to add subtitles in romanian to more anime shows...,0,11,62,0,0,0,0.9090909090909091,0,0,0.3182,1,0,1,0.0,0,1,0,4.0,0.0
878f3019-d902-4b7d-ac83-c16ad112f852,Netflix,Entertainment,Isabel Nyoni,Unknown,4,2025-10-05 15:55:41,sometimes fails me thanks you.,sometimes fails me thanks you.,0,5,30,0,0,0,1.0,0,0,0.0258,1,0,1,0.0,0,1,0,4.0,0.0
da030987-eae1-4d07-868d-1768211a8e31,Netflix,Entertainment,James Rogers,Unknown,2,2025-10-05 16:00:52,The new layout on Android TV makes it much harder to find content. Please allow users to switch back,the new layout on android tv makes it much harder to find content. please allow users to switch back,0,19,100,0,0,1,0.9473684210526315,0,0,0.4939,1,0,1,0.0,0,1,0,2.0,0.0
7fbf9f2a-0b06-4245-9d68-a8a273895b7e,Netflix,Entertainment,Ben Craic,Unknown,2,2025-10-05 19:12:05,complicated. Just want to watch a movie.,complicated. just want to watch a movie.,0,7,40,0,0,0,1.0,0,0,0.0772,1,0,1,0.0,0,1,0,2.0,0.0
cd380acc-c6df-4626-b4a5-926f25860e13,Netflix,Entertainment,A S,Unknown,2,2025-10-05 19:25:21,Contains harmful trans ideology. Not suitable for children. Also has very limited content which rarely seems to get updated.,contains harmful trans ideology. not suitable for children. also has very limited content which rarely seems to get updated.,1,19,124,0,0,0,1.0,0,0,-0.2944,1,0,1,0.0,0,1,0,2.0,0.0
73b58d78-8225-41a1-b77f-7a66f66e85bf,Netflix,Entertainment,Nadeem Shaikh,Unknown,4,2025-10-05 20:51:13,After the update the video quality went 360p. I am paying for 720p but since the newest update video quality is pixelated. please do look into it.,after the update the video quality went 360p. i am paying for 720p but since the newest update video quality is pixelated. please do look into it.,6,27,146,0,0,0,0.8148148148148148,0,0,0.4497,1,0,1,0.0,0,1,0,4.0,0.0
d4c925c9-ab17-4529-a1d5-996aad9292c3,Netflix,Entertainment,VEENA SHREE (veenz),Unknown,4,2025-10-06 00:40:46,"one star is minus coz there is no kannada films plz do add ""kannada ""","one star is minus coz there is no kannada films plz do add ""kannada """,0,15,69,0,0,0,0.9333333333333333,0,0,-0.2263,1,0,1,0.0,0,1,0,4.0,0.0
5b4b18cb-04bd-4c04-8f60-73d34c092067,Netflix,Entertainment,Sharon Goodspeed,Unknown,4,2025-10-06 01:13:15,great love this site,great love this site,0,4,20,0,0,0,1.0,0,0,0.8519,1,0,1,0.0,0,1,0,4.0,0.0
183f0600-5d53-4c6f-ae61-ebcf68df206f,Netflix,Entertainment,Adila Shahida Azmi,Unknown,2,2025-10-06 06:03:38,Why am I always having trouble watching Netflix on redmi 13c 5g?,why am i always having trouble watching netflix on redmi 13c 5g?,0,12,64,0,0,0,1.0,0,0,-0.4019,1,0,1,0.0,0,1,0,2.0,0.0
afa6a929-2516-47b4-952b-9a2c2ac1227f,Netflix,Entertainment,Dennis,Unknown,2,2025-10-06 06:25:38,there is a lot of movie can be open in android but in ios yes it can,there is a lot of movie can be open in android but in ios yes it can,0,17,68,0,0,0,0.8823529411764706,0,0,0.5499,1,0,1,0.0,0,1,1,2.0,0.0
694bb122-e2e8-4c97-be01-d42c59f44db3,Netflix,Entertainment,Dipak Ghatoar,Unknown,2,2025-10-06 15:57:49,all movies seen in the app but subscription 😞 download flix flix not subscription but all movies ❤️🤩,all movies seen in the app but subscription 😞 download flix flix not subscription but all movies ❤️🤩,1,18,100,2,0,0,0.7222222222222222,1,1,-0.631,1,0,1,0.0,0,1,0,2.0,0.0
67000d2c-91f9-437b-8085-440d355288a0,Netflix,Entertainment,Natung Bodo,Unknown,2,2025-10-06 17:34:22,why is my Netflix not response,why is my netflix not response,0,6,30,0,0,0,1.0,0,0,0.0,1,0,1,0.0,0,1,0,2.0,0.0
54aa5972-fbd5-4d58-b243-37f1692ffee4,Netflix,Entertainment,Renate S-mante,Unknown,4,2025-10-06 18:03:06,"It's a good idea, nice app, many movies and series. One thing I don't like - it keeps suggesting me series that I already saw on this app. It is very annoying, therefore I started looking for alternatives.","it's a good idea, nice app, many movies and series. one thing i don't like - it keeps suggesting me series that i already saw on this app. it is very annoying, therefore i started looking for alternatives.",1,38,205,0,0,0,0.9210526315789473,0,1,0.1523,1,0,1,0.0,0,1,0,4.0,0.0
91be4d69-c3a1-4087-a83f-7161bf8ab756,Netflix,Entertainment,Princess Alade,Unknown,2,2025-10-06 20:22:58,I've been trying to forget my password but they are not giving me any email,i've been trying to forget my password but they are not giving me any email,0,15,75,0,0,0,1.0,0,0,-0.4596,1,0,1,0.0,0,1,0,2.0,0.0
89b27bef-ef5c-481c-a34b-2357676fca82,Netflix,Entertainment,noel swift,Unknown,4,2025-10-06 22:27:39,having difficulty reloading App,having difficulty reloading app,0,4,31,0,0,0,1.0,0,1,-0.34,1,0,1,0.0,0,1,0,4.0,0.0
bc3ca55a-9cd1-47e7-88d7-966d7e670864,Netflix,Entertainment,Apolônio Jose,Unknown,4,2025-10-07 02:08:18,Muito bom,muito bom,0,2,9,0,0,0,1.0,0,0,0.0,1,0,1,0.0,0,1,0,4.0,0.0
dd3394cf-df06-4a9c-ad21-a4909b25e5ed,Netflix,Entertainment,Irfan Akbar Budiman,Unknown,2,2025-10-07 03:13:00,Cannot download the movies and there is another errors,cannot download the movies and there is another errors,0,9,54,0,0,0,1.0,1,0,-0.34,1,0,1,0.0,0,1,0,2.0,0.0
334c5317-2a09-43cd-a740-ee8362c68c6e,Netflix,Entertainment,Gabrielle Clayton,Unknown,2,2025-10-07 03:42:29,Netflix used to be awesome now I have to constantly do annoying transfers just to use it at work.....make Netflix great again then again Elon musk is right about canceling netflix.,netflix used to be awesome now i have to constantly do annoying transfers just to use it at work.....make netflix great again then again elon musk is right about canceling netflix.,0,31,180,0,0,0,0.8709677419354839,0,0,0.7579,1,0,1,0.0,0,1,1,2.0,0.0
09b62157-4c86-43c5-8108-13802d2ba292,Netflix,Entertainment,Sajal Modi,Unknown,2,2025-10-07 06:58:06,Its not workung properly on my google pixel 9. The brightness somehow doesn't seems to reduce using the app adjustment settings.,its not workung properly on my google pixel 9. the brightness somehow doesn't seems to reduce using the app adjustment settings.,1,21,128,0,0,0,0.9523809523809523,0,1,0.3818,1,0,1,0.0,0,1,0,2.0,0.0
b06a3b8d-525c-42a4-b71f-5eeb98340bc7,Netflix,Entertainment,Brianne Gamble,Unknown,2,2025-10-07 14:23:59,"Honestly, the movies they have on free sites such as Tubi and Pluto are better than the selection Netflix has.","honestly, the movies they have on free sites such as tubi and pluto are better than the selection netflix has.",0,20,110,0,0,0,0.95,1,0,0.8481,1,0,1,0.0,0,1,1,2.0,0.0
8c10b217-afaa-4737-be9b-ba6e217af886,Netflix,Entertainment,Priyanshu,Unknown,2,2025-10-07 15:00:49,Now really bad service video keep buffering hang on loading screen keep new pop errors it' ruined all the entertainment excitement,now really bad service video keep buffering hang on loading screen keep new pop errors it' ruined all the entertainment excitement,0,21,130,0,0,0,0.9523809523809523,0,0,-0.5095,1,0,1,0.0,0,1,0,2.0,0.0
ae0578c5-8d65-4afc-92df-dcecd688ead6,Netflix,Entertainment,Kushagra,Unknown,2,2025-10-07 17:46:01,Next episode button stays only for 2 secs. No rating option after completion of movie. Amazon prime is better.,next episode button stays only for 2 secs. no rating option after completion of movie. amazon prime is better.,0,19,110,0,0,0,1.0,0,0,0.34,1,0,1,0.0,0,1,0,2.0,0.0
60e46646-7bfe-4164-a939-e50af0d51285,Netflix,Entertainment,Kenneth Emmanuel,Unknown,4,2025-10-07 17:48:01,it's amazingly good,it's amazingly good,0,3,19,0,0,0,1.0,0,0,0.4927,1,0,1,0.0,0,1,0,4.0,0.0
9a975f87-4578-4149-95aa-0cc7733a0def,Netflix,Entertainment,Mahesha Revali,Unknown,4,2025-10-08 12:05:43,Excellent,excellent,0,1,9,0,0,0,1.0,0,0,0.5719,1,0,1,0.0,0,4,0,4.0,0.0
8ead3aba-5b60-4212-96c3-e5887829fd73,Netflix,Entertainment,Katembo Muhalyo,Unknown,4,2025-10-08 12:20:07,"Its a nice app, I really like it.😘 Except the adds😩","its a nice app, i really like it.😘 except the adds😩",0,11,51,2,0,0,1.0,0,1,0.7425,1,0,1,0.0,0,1,0,4.0,0.0
fec208e8-ea7b-4f5d-9956-fd43e2659ce5,Netflix,Entertainment,allan ares,Unknown,2,2025-10-08 15:51:11,paid to see some movies and series until i realize there not in the app so disappointed,paid to see some movies and series until i realize there not in the app so disappointed,2,17,87,0,0,0,1.0,0,1,-0.6113,1,0,1,0.0,0,1,0,2.0,0.0
0466254c-0536-4db4-a4cf-bb46fdb5fffe,Netflix,Entertainment,Martin sd,Unknown,2,2025-10-08 18:21:11,forced to download yet another app,forced to download yet another app,0,6,34,0,0,0,1.0,1,1,-0.4588,1,0,1,0.0,0,1,0,2.0,0.0
0845ec86-090f-4f87-8883-b2ecd6f8c365,Netflix,Entertainment,Jenilee Jagers,Unknown,2,2025-10-08 18:34:37,My Netflix app just don't want to open at all it buffers the whole. Anyone else experiencing that. Please feel free to assist. I have to restart phone every time I want to watch Netflix,my netflix app just don't want to open at all it buffers the whole. anyone else experiencing that. please feel free to assist. i have to restart phone every time i want to watch netflix,0,35,185,0,0,0,0.8285714285714286,1,1,0.6886,1,0,1,0.0,0,1,1,2.0,0.0
700c3a05-3c6f-42cb-81a1-dbed63c92c7b,Netflix,Entertainment,Olamilekan,Unknown,2,2025-10-08 19:31:22,shows keeps disappearing!,shows keeps disappearing!,0,3,25,0,0,0,1.0,0,1,0.0,1,0,1,0.0,0,1,0,2.0,0.0
c3470451-dc73-4b55-8c47-3a46e999710e,Netflix,Entertainment,n.a.z.,Unknown,4,2025-10-08 23:05:55,more content please. keep promoting same show. 😐,more content please. keep promoting same show. 😐,5,8,48,1,0,0,1.0,0,0,0.6222,1,0,1,0.0,0,1,0,4.0,0.0
87c1a180-f1b5-4aaa-b60b-25a8a0e2272b,Netflix,Entertainment,Adym KJ,Unknown,2,2025-10-09 06:04:09,Is there something wrong with ranma 1/2 Bc when I was watching it on TV it was a little darker than the other shows and it was brighter on my phone,is there something wrong with ranma 1/2 bc when i was watching it on tv it was a little darker than the other shows and it was brighter on my phone,0,31,147,0,0,1,0.8387096774193549,0,0,-0.128,1,0,1,0.0,0,1,0,2.0,0.0
104206e9-489d-4d13-ac9b-aaf7a843ce14,Netflix,Entertainment,Laurence,Unknown,2,2025-10-09 06:30:10,It buffers for way too long when loading shows and claims I'm not part of the same household when I'm connected to the same wifi,it buffers for way too long when loading shows and claims i'm not part of the same household when i'm connected to the same wifi,1,25,128,0,0,0,0.84,0,0,0.0,1,0,1,0.0,0,1,0,2.0,0.0
892bf7c4-2903-49ef-b372-c7acf9226bab,Netflix,Entertainment,Martha Z,Unknown,4,2025-10-09 11:42:54,is so good,is so good,0,3,10,0,0,0,1.0,0,0,0.4927,1,0,1,0.0,0,1,0,4.0,0.0
2f5fb207-d5e9-4bac-bd07-ed01b006ec91,Netflix,Entertainment,Micaela Ancen,Unknown,4,2025-10-09 15:11:27,I loved it I would watch it for free,i loved it i would watch it for free,0,9,36,0,0,0,0.7777777777777778,1,0,0.802,1,0,1,0.0,0,1,0,4.0,0.0
f29c8748-f126-4e05-9260-cff2632695c1,Netflix,Entertainment,irfan mudassir,Unknown,4,2025-10-09 15:56:22,kindly allow Mira cast users to enjoy shows on bigger screen by the way i never boycott Netflix we always love u from east,kindly allow mira cast users to enjoy shows on bigger screen by the way i never boycott netflix we always love u from east,0,24,122,0,0,0,1.0,0,0,0.9255,1,0,1,0.0,0,1,0,4.0,0.0
ce1d37d8-6ca9-46ac-a71e-f9720810dc6a,Netflix,Entertainment,Flora Swiss,Unknown,4,2025-10-09 18:53:39,I tried it I love it,i tried it i love it,0,6,20,0,0,0,0.6666666666666666,0,0,0.6369,1,0,1,0.0,0,1,0,4.0,0.0
62b12f08-e6c0-435c-8814-157fdf8ca695,Netflix,Entertainment,Calvin Dobie,Unknown,4,2025-10-09 22:46:06,They show good movies,they show good movies,0,4,21,0,0,0,1.0,0,0,0.4404,1,0,1,0.0,0,1,0,4.0,0.0
050b429d-f0c0-4d9c-90db-67354a55219a,Netflix,Entertainment,Rumaysah K,Unknown,2,2025-10-09 23:31:45,keeps glitching,keeps glitching,0,2,15,0,0,0,1.0,0,0,0.0,1,0,1,0.0,0,1,0,2.0,0.0
a9d77538-3043-4532-8cd3-68e51a698434,Netflix,Entertainment,VANESSA MEZA,Unknown,2,2025-10-10 00:07:03,netflix won't open after the update,netflix won't open after the update,0,6,35,0,0,0,1.0,0,0,0.0,1,0,1,0.0,0,1,0,2.0,0.0
3df8085d-10ef-4068-91a3-dedf86301baf,Netflix,Entertainment,Pramod Panchal (P C),Unknown,4,2025-10-10 02:20:28,"it's okay, thanks a lot.","it's okay, thanks a lot.",0,5,24,0,0,0,1.0,0,0,0.5859,1,0,1,0.0,0,1,0,4.0,0.0
c9154a8b-4ea2-4754-9ee3-f9fbba76fa93,Netflix,Entertainment,marc brashear,Unknown,2,2025-10-10 03:43:41,"I like the content, but it is only app that I have brightness issues on my pixel 10. leave the brightness to me! I've been using picture in picture keep the brightness down.","i like the content, but it is only app that i have brightness issues on my pixel 10. leave the brightness to me! i've been using picture in picture keep the brightness down.",1,33,173,0,0,0,0.8181818181818182,0,1,0.8988,1,0,1,0.0,0,1,1,2.0,0.0
ec5903e6-bdab-4096-811f-11ff19904126,Netflix,Entertainment,Lorna Palmer,Unknown,4,2025-10-10 05:38:13,Good but not working on ipad any more so I am so sad.,good but not working on ipad any more so i am so sad.,0,13,53,0,0,0,0.9230769230769231,0,0,-0.6743,1,0,1,0.0,0,1,1,4.0,0.0
ae2ee569-0a8d-4b5a-952c-4540afa0f540,Netflix,Entertainment,Arif Shaikh,Unknown,4,2025-10-10 07:12:41,gud.Ok,gud.ok,0,1,6,0,0,0,1.0,0,0,0.0,1,0,1,0.0,0,1,0,4.0,0.0
44090749-7520-41e2-89a2-4f7f510a04a0,Netflix,Entertainment,Mishal Naser,Unknown,2,2025-10-10 09:46:59,I'm unable to take a premium.something went wrong notification pops up when i add my payment details.,i'm unable to take a premium.something went wrong notification pops up when i add my payment details.,0,17,101,0,0,0,1.0,0,0,-0.4767,1,0,1,0.0,0,1,0,2.0,0.0
98255c22-ef37-40e1-bc69-53933993d198,Netflix,Entertainment,christian macachor,Unknown,4,2025-10-10 11:22:51,sana may Tagalog audio ang ghost fighter nakakamiss Kasi eh,sana may tagalog audio ang ghost fighter nakakamiss kasi eh,0,10,59,0,0,0,1.0,0,0,-0.1779,1,0,1,0.0,0,1,0,4.0,0.0
7e0b64bb-0d9b-433e-8132-ea4d8724870e,Netflix,Entertainment,Sela Fakatava,Unknown,4,2025-10-10 12:47:41,"Great apps for watching movies, TV shows and series. However, there are minor flaws like downloading videos that only last for 5 days. Yet I love the fact that we can translate movies in other languages to the English language.","great apps for watching movies, tv shows and series. however, there are minor flaws like downloading videos that only last for 5 days. yet i love the fact that we can translate movies in other languages to the english language.",2,40,227,0,0,1,0.925,1,1,0.8957,1,0,1,0.0,0,1,0,4.0,0.0
49906672-6091-4a98-ac7f-4baaaa2d5fbb,Netflix,Entertainment,Shirley Tua,Unknown,4,2025-10-10 20:49:05,Bring back the NEW on Netflix item!!,bring back the new on netflix item!!,0,7,36,0,0,1,1.0,0,0,0.0,1,0,1,0.0,0,1,0,4.0,0.0
77ad6c63-aeae-4357-ad7e-20be536aa02f,Netflix,Entertainment,James Kleiner,Unknown,2,2025-10-11 00:38:19,not worth the cost,not worth the cost,0,4,18,0,0,0,1.0,0,0,-0.1695,1,0,1,0.0,0,1,0,2.0,0.0
77c96af8-c70a-46c0-a18e-74a886f76fe4,Netflix,Entertainment,Sreelekshmi,Unknown,2,2025-10-11 01:39:11,"Facing issues with video streaming.It has occurred multiple times, video never loads even after downloading.Tried clearing cache , reinstalled, even updated phone software.","facing issues with video streaming.it has occurred multiple times, video never loads even after downloading.tried clearing cache , reinstalled, even updated phone software.",1,23,172,0,0,0,0.9130434782608695,1,0,0.0,1,0,1,0.0,0,1,0,2.0,0.0
c0a9fa53-da17-4d02-a578-9fdd97cbcc22,Netflix,Entertainment,Simon Caudwell,Unknown,2,2025-10-11 02:52:48,Doesn't recognise Dolby Atmos on my Dolby Atmos enabled tablet.,doesn't recognise dolby atmos on my dolby atmos enabled tablet.,0,10,63,0,0,0,0.8,0,0,0.0,1,0,1,0.0,0,1,0,2.0,0.0
b054bd9b-7850-4597-be47-a3c815b47803,Netflix,Entertainment,Mergany Shaniz,Unknown,4,2025-10-11 04:14:10,eh do go j,eh do go j,0,4,10,0,0,0,1.0,0,0,0.0,1,0,1,0.0,0,1,0,4.0,0.0
93bb599b-8c01-43d4-9ea4-5989ece5ef00,Netflix,Entertainment,Faith,Unknown,4,2025-10-11 05:14:15,not all movies and series are found here,not all movies and series are found here,0,8,40,0,0,0,1.0,0,0,0.0,1,0,1,0.0,0,1,0,4.0,0.0
844e3bd8-127c-404b-b809-bfa0e9d06a2a,Netflix,Entertainment,Samartha Basarkod,Unknown,2,2025-10-11 09:09:14,Total garbage... Not much shows.,total garbage... not much shows.,0,5,32,0,0,0,1.0,0,0,0.0,1,0,1,0.0,0,1,0,2.0,0.0
e0529ac9-736a-4780-ac17-60773f3ef50f,Netflix,Entertainment,john carlo bitos,Unknown,4,2025-10-11 12:30:04,Its dim to my tv,its dim to my tv,0,5,16,0,0,0,1.0,0,0,0.0,1,0,1,0.0,0,1,0,4.0,0.0
45373f8e-ebbc-47d0-aa7b-756de8236c6b,Netflix,Entertainment,Oluwakemi Odusoga,Unknown,4,2025-10-11 13:04:43,excellent app,excellent app,0,2,13,0,0,0,1.0,0,1,0.5719,1,0,1,0.0,0,1,0,4.0,0.0
75bd5d8d-a3fa-4e65-bf7a-7475fe24989e,Netflix,Entertainment,Nicola Marciniak,Unknown,4,2025-10-11 13:45:14,"if you add Pokémon: sun and moon back, like it used to be than maybe I would've given you a 5 star, right now 4 is enough","if you add pokémon: sun and moon back, like it used to be than maybe i would've given you a 5 star, right now 4 is enough",0,27,121,0,0,0,0.9629629629629629,0,0,0.3612,1,0,1,0.0,0,1,0,4.0,0.0
262083d4-360f-4d48-a7c4-2179ab6c3853,Netflix,Entertainment,Hamza Tariq Butt,Unknown,2,2025-10-11 15:44:22,"Im facing a problem, while video is running, video start crashing... blurry and double vision sounds remains normal why please help me to solve this issue","im facing a problem, while video is running, video start crashing... blurry and double vision sounds remains normal why please help me to solve this issue",2,26,154,0,0,0,0.9615384615384616,0,0,0.5719,1,0,1,0.0,0,1,1,2.0,0.0
cdc7feed-2aed-45a5-9733-c1ff6ce7f9ba,Netflix,Entertainment,Sana Sadik,Unknown,4,2025-10-11 16:18:37,Netflix Needs To Add BLUELOCK,netflix needs to add bluelock,0,5,29,0,0,1,1.0,0,0,0.0,1,0,1,0.0,0,1,0,4.0,0.0
513c2e08-6eed-4701-b806-64d6f1d039e7,Netflix,Entertainment,Nauka Shah,Unknown,2,2025-10-11 18:14:52,we are already paid rs. 199 for one month plan. but facing for update of payment. if paid full for one month so why you against charge from us.,we are already paid rs. 199 for one month plan. but facing for update of payment. if paid full for one month so why you against charge from us.,0,29,143,0,0,0,0.8275862068965517,0,0,0.0,1,0,1,0.0,0,1,0,2.0,0.0
7086cda0-1794-4457-88b2-ae7a77d9a201,Netflix,Entertainment,Aldrey Batongbacal,Unknown,4,2025-10-12 03:28:20,It's good but can you update it to android 15? I wanna play GTA San Andreas definitive edition but it says it isn't compatible with Android 15,it's good but can you update it to android 15? i wanna play gta san andreas definitive edition but it says it isn't compatible with android 15,0,27,142,0,0,1,0.8518518518518519,0,0,0.6187,1,0,1,0.0,0,1,0,4.0,0.0
c98b6051-be76-4a59-b474-b6f6205a2e8f,Netflix,Entertainment,Irene Aby,Unknown,4,2025-10-12 14:14:17,"good app, no ads, unlike some others, and also no added charges.","good app, no ads, unlike some others, and also no added charges.",0,12,64,0,0,0,0.9166666666666666,0,1,0.0808,1,0,1,0.0,0,1,0,4.0,0.0
640dccf5-d410-4049-a85f-4bb1fbd00dc1,Netflix,Entertainment,Cameron,Unknown,4,2025-10-12 14:16:33,"sometimes whenever I try to watch something it glitchs out and I'm force to restart my device, which Is my tablet, or I just can't even use my tablet at all","sometimes whenever i try to watch something it glitchs out and i'm force to restart my device, which is my tablet, or i just can't even use my tablet at all",0,31,156,0,0,0,0.8709677419354839,0,0,0.0,1,0,1,0.0,0,1,0,4.0,0.0
e737f8e0-1114-43b4-9198-7d9d22e56a79,Netflix,Entertainment,Danny DiSabatino,Unknown,4,2025-10-12 16:00:36,"A show starts on the latest season by default. Normally, I catch this and watch from the beginning, but sometimes it ruins the experience if I just hit play","a show starts on the latest season by default. normally, i catch this and watch from the beginning, but sometimes it ruins the experience if i just hit play",1,29,156,0,0,0,0.896551724137931,0,0,-0.1901,1,0,1,0.0,0,1,0,4.0,0.0
f36ea668-ea72-4cab-af24-a99ec37af222,Netflix,Entertainment,Ajab Khan,Unknown,4,2025-10-12 18:07:03,ajabkhan,ajabkhan,0,1,8,0,0,0,1.0,0,0,0.0,1,0,1,0.0,0,1,0,4.0,0.0
ebf14f52-4461-422c-b216-9fb711b3ab02,Netflix,Entertainment,Bertha Guadalupe Noriega Saavedra,Unknown,4,2025-10-12 21:57:26,I can't say anything because I haven't tried it yet,i can't say anything because i haven't tried it yet,0,10,51,0,0,0,0.9,0,0,0.0,1,0,1,0.0,0,1,0,4.0,0.0
237f47f9-9142-494a-bb1f-4cb939fb8af3,Netflix,Entertainment,Chibuikem,Unknown,2,2025-10-12 22:23:14,"A bad experience. After paying I tried to watch a film but it refused to play the film. I have uninstalled, reinstalled and even deleted the account to create a new one and nothing is still working","a bad experience. after paying i tried to watch a film but it refused to play the film. i have uninstalled, reinstalled and even deleted the account to create a new one and nothing is still working",1,37,197,0,0,0,0.8108108108108109,1,0,0.1779,1,0,1,0.0,0,1,0,2.0,0.0
98e987fc-d7db-4a97-974e-16ecd7a9ee78,Netflix,Entertainment,A Google user,Unknown,2,2025-10-12 23:03:13,não consigo abrí,não consigo abrí,0,3,16,0,0,0,1.0,0,0,0.0,1,0,10,0.0,0,1,0,3.4,1.6465452046971292
46da0be8-db25-409d-b632-8171b494dd69,Netflix,Entertainment,Dave OMalia,Unknown,2,2025-10-13 00:07:44,has problems loading,has problems loading,0,3,20,0,0,0,1.0,0,0,-0.4019,1,0,1,0.0,0,1,0,2.0,0.0
9516f810-3126-41ba-87ec-3a9010e7d627,Netflix,Entertainment,Manqoba _zulu,Unknown,4,2025-10-13 04:37:17,Good app to use.,good app to use.,0,4,16,0,0,0,1.0,0,1,0.4404,1,0,1,0.0,0,1,0,4.0,0.0
4f8ffd53-71e0-426f-8c90-4720fcef4575,Netflix,Entertainment,Op Safi,Unknown,4,2025-10-13 09:29:18,best not,best not,0,2,8,0,0,0,1.0,0,0,0.6369,1,0,1,0.0,0,1,0,4.0,0.0
8540d709-1520-4d61-aef2-6e01a1ba05ab,Netflix,Entertainment,Decent Fx,Unknown,4,2025-10-13 09:50:34,NOT TOO BAD,not too bad,0,3,11,0,0,3,1.0,0,0,0.431,1,0,1,0.0,0,1,0,4.0,0.0
bee5a70a-ebac-4507-92f3-9273c7868c0d,Netflix,Entertainment,George Milroy,Unknown,2,2025-10-13 10:32:51,"The app was great. The TV shows and movies were decent. Your household policy is bad! I can't seem to watch movies and TV shows under my mom's account! Cancel your policy, please!","the app was great. the tv shows and movies were decent. your household policy is bad! i can't seem to watch movies and tv shows under my mom's account! cancel your policy, please!",1,33,179,0,0,2,0.8181818181818182,0,1,0.4168,1,0,1,0.0,0,1,0,2.0,0.0
0c94ee98-8d18-4314-bbe5-7f795afde840,Netflix,Entertainment,Nipa Arun,Unknown,4,2025-10-13 13:23:58,please add demon slayer season 3 and 4,please add demon slayer season 3 and 4,0,8,38,0,0,0,1.0,0,0,0.3182,1,0,1,0.0,0,1,0,4.0,0.0
e29c8b21-b51d-489f-bb20-5d14f95a78d7,Netflix,Entertainment,Divyesh Kulkarni,Unknown,4,2025-10-13 18:26:26,"Kindly introduce 2x, 2.25x and 2.5x options as playback speed. Apartwise, everything is perfect for now.","kindly introduce 2x, 2.25x and 2.5x options as playback speed. apartwise, everything is perfect for now.",0,16,104,0,0,0,1.0,0,0,0.7845,1,0,1,0.0,0,1,0,4.0,0.0
b5d1360f-7140-44df-8f22-95787e755254,Netflix,Entertainment,Carlos Gallegos,Unknown,2,2025-10-13 21:08:13,too many series programs,too many series programs,0,4,24,0,0,0,1.0,0,0,0.0,1,0,1,0.0,0,1,0,2.0,0.0
ff5d5e7d-c49c-41fc-b8e4-66632130548b,Netflix,Entertainment,Cece Loyal,Unknown,2,2025-10-14 01:40:12,"I love Netflix, but I don't need it on my phone. unfortunately I didn't install it on my phone. app auto downloaded itself and I can't even uninstall the unused app. It's Just taking up space.","i love netflix, but i don't need it on my phone. unfortunately i didn't install it on my phone. app auto downloaded itself and i can't even uninstall the unused app. it's just taking up space.",0,36,192,0,0,0,0.8055555555555556,1,1,-0.128,1,0,1,0.0,0,1,0,2.0,0.0
86d63190-32e4-4a82-bb02-f654766856df,Netflix,Entertainment,Stephen Roberson,Unknown,4,2025-10-14 01:56:36,runs smooth,runs smooth,0,2,11,0,0,0,1.0,0,0,0.0,1,0,1,0.0,0,1,0,4.0,0.0
89620b25-6850-47d7-bbc0-c71cabe01d8f,Netflix,Entertainment,Olaleye Abideen,Unknown,2,2025-10-14 02:01:14,I don't know why I can't watch movies every time on this app,i don't know why i can't watch movies every time on this app,0,13,60,0,0,0,0.9230769230769231,0,1,0.0,1,0,1,0.0,0,1,0,2.0,0.0
145c9bd2-fc8b-412e-a786-9b02f26b714e,Netflix,Entertainment,Ava M Washington,Unknown,2,2025-10-14 02:20:18,No new version for older Fire Kindle,no new version for older fire kindle,0,7,36,0,0,0,1.0,0,0,-0.5574,1,0,1,0.0,0,1,0,2.0,0.0
7094bb98-09b2-43f0-b5b9-9174b4590205,Netflix,Entertainment,Nixie,Unknown,2,2025-10-14 02:34:01,"I can't go on other apps while watching it on my phone. Like, it won't let it play over apps.","i can't go on other apps while watching it on my phone. like, it won't let it play over apps.",0,20,93,0,0,0,0.85,0,1,0.119,1,0,1,0.0,0,1,0,2.0,0.0
0e6e4d76-8395-4cdf-b297-3a9dd8970d57,Netflix,Entertainment,Nick,Unknown,4,2025-10-14 03:15:29,Your welcome dear friend how are your family doing this weekend? To get through it and I have to go back home because I have 5th class and then I'm going to work on a new schedule for my school.,your welcome dear friend how are your family doing this weekend? to get through it and i have to go back home because i have 5th class and then i'm going to work on a new schedule for my school.,0,40,194,0,0,0,0.85,0,0,0.8316,1,0,1,0.0,0,1,0,4.0,0.0
2c615268-3f8a-4e1d-b021-c3461631c72d,Netflix,Entertainment,Ally triple Abdallah,Unknown,2,2025-10-14 05:50:22,the app is amazing but it still cover a lot of time and bundle while downloading movies,the app is amazing but it still cover a lot of time and bundle while downloading movies,0,17,87,0,0,0,1.0,1,1,0.34,1,0,1,0.0,0,1,0,2.0,0.0
19a711ff-1e27-475b-9781-98ae86b878bb,Netflix,Entertainment,Wasim Sayed,Unknown,4,2025-10-14 06:50:58,If possible could you please add Inazuma Eleven series 🤗,if possible could you please add inazuma eleven series 🤗,0,10,56,1,0,0,1.0,0,0,0.6249,1,0,1,0.0,0,1,0,4.0,0.0
0eb57a88-5e2d-4d8f-9df8-0dbee66bf812,Netflix,Entertainment,Ramji Bhai,Unknown,2,2025-10-14 07:03:20,best app,best app,0,2,8,0,0,0,1.0,0,1,0.6369,1,0,1,0.0,0,2,1,2.0,0.0
3d1979e1-5829-45f5-a3e6-2b4356b13b3e,Netflix,Entertainment,ZD Sta Ana,Unknown,2,2025-10-14 07:08:10,can you let me download the wwe 2k25 pls 🙏,can you let me download the wwe 2k25 pls 🙏,0,10,42,1,0,0,1.0,1,0,0.0772,1,0,1,0.0,0,1,0,2.0,0.0
33d73885-73cc-4bd0-8b73-4d2dc0af382d,Netflix,Entertainment,Shanavi,Unknown,4,2025-10-14 11:43:00,I love the app and the shows but I wish could have more options and also I love watching miraculous ladybug but they just stop adding more episodes to watch it I had to go to some random website 🥲,i love the app and the shows but i wish could have more options and also i love watching miraculous ladybug but they just stop adding more episodes to watch it i had to go to some random website 🥲,0,40,196,1,0,0,0.75,1,1,0.8793,1,0,1,0.0,0,1,0,4.0,0.0
81fa36fd-1fd6-4d10-8a1a-70e398a48188,Netflix,Entertainment,Danielle Armstrong,Unknown,2,2025-10-14 11:58:42,"so many problems to much money always buffing ,,can only watch from home, low turn over,and way to many foreign films/shows","so many problems to much money always buffing ,,can only watch from home, low turn over,and way to many foreign films/shows",0,21,123,0,0,0,0.9047619047619048,0,0,-0.6222,1,0,1,0.0,0,1,0,2.0,0.0
881d0a10-457b-4fa9-89ae-de3a1108380a,Netflix,Entertainment,Choumchart Man,Unknown,2,2025-10-14 14:26:42,"disappointed. I can not search the movies,I want to see. The movies is limited. I pay the money,but I cannot get what I want. I need to change!!!!","disappointed. i can not search the movies,i want to see. the movies is limited. i pay the money,but i cannot get what i want. i need to change!!!!",0,28,146,0,0,0,0.75,0,1,-0.7156,1,0,1,0.0,0,1,0,2.0,0.0
12512f1f-d641-4b78-be8f-99412ba31e59,Netflix,Entertainment,Sutapa Kar mahapatra,Unknown,4,2025-10-14 15:20:35,it's fun🫶,it's fun🫶,0,2,9,1,0,0,1.0,0,0,0.0,1,0,1,0.0,0,1,0,4.0,0.0
0fd15235-5055-4db3-8294-cf0ca7df4135,Netflix,Entertainment,mohammedi billa,Unknown,2,2025-10-14 16:59:27,please try and Add mobile money payment to your service please,please try and add mobile money payment to your service please,0,11,62,0,0,0,0.9090909090909091,0,0,0.5574,1,0,1,0.0,0,1,1,2.0,0.0
fa17d616-ce06-4a5a-816b-169febf587cb,Netflix,Entertainment,MS,Unknown,2,2025-10-14 17:52:05,No split screen mode. No floating mini player mode. Why?,no split screen mode. no floating mini player mode. why?,0,10,56,0,0,0,0.8,0,0,-0.5267,1,0,1,0.0,0,1,0,2.0,0.0
177dcdc3-b740-4301-84f2-58bcdea4973f,Netflix,Entertainment,Rashid Alhassan,Unknown,4,2025-10-14 19:50:40,Very helpful to use,very helpful to use,0,4,19,0,0,0,1.0,0,0,0.4754,1,0,1,0.0,0,1,0,4.0,0.0
9d6622fa-89e8-4cea-a9b9-b0489bcba196,Netflix,Entertainment,Narintip Gregory,Unknown,2,2025-10-14 20:42:42,Netflix is good but why did you delete interactive movie/series?,netflix is good but why did you delete interactive movie/series?,0,10,64,0,0,0,1.0,0,0,0.2382,1,0,1,0.0,0,1,0,2.0,0.0
95ca18b1-3aca-4e56-a3fb-603f29f0aaa9,Netflix,Entertainment,Erioluwa Awolade,Unknown,4,2025-10-14 21:45:45,"why is it that downloaded movie still delaying before playing,fix that","why is it that downloaded movie still delaying before playing,fix that",0,11,70,0,0,0,0.9090909090909091,1,0,0.0,1,0,1,0.0,0,1,0,4.0,0.0
d8bfe4ff-d9d4-45ea-9a34-b362672e3ddc,Netflix,Entertainment,Nor Hidayah Zakaria,Unknown,2,2025-10-15 05:02:48,always got problem when i wanna play the movie,always got problem when i wanna play the movie,0,9,46,0,0,0,1.0,0,0,-0.0772,1,0,1,0.0,0,1,0,2.0,0.0
46751bfd-9837-4e63-a3b4-18f57651e350,Netflix,Entertainment,samaun Even,Unknown,2,2025-10-15 10:45:42,"I have opened the Netflix I am a very old user but I am getting a lot of box problems on Netflix lately, please please solve it.","i have opened the netflix i am a very old user but i am getting a lot of box problems on netflix lately, please please solve it.",0,27,128,0,0,0,0.7777777777777778,0,0,0.5499,1,0,1,0.0,0,1,1,2.0,0.0
51fad58b-4fd9-406d-adf8-3fed13b47578,Netflix,Entertainment,KingJustice98,Unknown,2,2025-10-15 11:11:52,"Expensive. New sign in screen has unnecessary icons: profile, add, and edit. It used to just take me to the movies list. It's annoying.","expensive. new sign in screen has unnecessary icons: profile, add, and edit. it used to just take me to the movies list. it's annoying.",0,24,135,0,0,0,0.9583333333333334,0,0,-0.4019,1,0,1,0.0,0,1,0,2.0,0.0
f4a67e09-4e3b-4f6d-a842-c2fb2a6a293a,Netflix,Entertainment,apil bighero,Unknown,2,2025-10-15 12:28:48,"im household for account on Netflix,i don't traveling,why its say i must request temporary code?! and i already request it,its say 15 minutes,but only 15 second the code already not available 😡👿","im household for account on netflix,i don't traveling,why its say i must request temporary code?! and i already request it,its say 15 minutes,but only 15 second the code already not available 😡👿",0,32,194,2,0,0,0.84375,0,0,-0.5562,1,0,1,0.0,0,1,0,2.0,0.0
7bc2f79b-7b84-4123-8315-405b86402cdd,Netflix,Entertainment,fazel muhamed omar latib,Unknown,2,2025-10-15 15:25:02,Can't get in,can't get in,0,3,12,0,0,0,1.0,0,0,0.0,1,0,1,0.0,0,1,0,2.0,0.0
b66cd817-da73-4792-8862-e3c22ac24f5b,Netflix,Entertainment,Lorra,Unknown,4,2025-10-15 15:25:54,WE NEED SOME FREE NETFLIX 😔😔,we need some free netflix 😔😔,0,6,28,2,0,5,1.0,1,0,0.5994,1,0,1,0.0,0,1,0,4.0,0.0
e8cc9579-a090-422b-ab0f-dba11eabb55f,Netflix,Entertainment,Ayanda Khoza,Unknown,4,2025-10-15 17:33:12,you helping me,you helping me,0,3,14,0,0,0,1.0,0,0,0.296,1,0,1,0.0,0,1,0,4.0,0.0
30d1649b-09b6-4979-871d-7410cf5956f7,Netflix,Entertainment,Zeleke Tasfye gogile,Unknown,4,2025-10-15 18:41:52,home 🏠,home 🏠,0,2,6,1,0,0,1.0,0,0,0.0,1,0,1,0.0,0,1,0,4.0,0.0
2694d15a-bd34-4dab-8745-9831ad85bbdd,Netflix,Entertainment,Alain Villota,Unknown,4,2025-10-16 01:58:41,Great movie here,great movie here,0,3,16,0,0,0,1.0,0,0,0.6249,1,0,1,0.0,0,1,0,4.0,0.0
4dfd06a1-6338-4991-9839-b3e46ce5b27f,Netflix,Entertainment,Jeremiah Thomas55,Unknown,4,2025-10-16 05:16:14,my favorite is dog man 😄,my favorite is dog man 😄,0,6,24,1,0,0,1.0,0,0,0.8176,1,0,1,0.0,0,1,0,4.0,0.0
0e4c0118-624e-48b6-9eb5-a7793152907e,Netflix,Entertainment,Sathyaseelan,Unknown,4,2025-10-16 05:37:31,my try you outt,my try you outt,0,4,15,0,0,0,1.0,0,0,0.0,1,0,1,0.0,0,1,0,4.0,0.0
d74b409b-acea-48fa-b9a8-5c0d4a689040,Netflix,Entertainment,John Mahaney,Unknown,2,2025-10-16 11:48:29,netflix needs to stop auto adjusting the brightness of my phone screen. they make it almost impossible to watch content on my phone because they make it too dark to view,netflix needs to stop auto adjusting the brightness of my phone screen. they make it almost impossible to watch content on my phone because they make it too dark to view,5,31,169,0,0,0,0.7741935483870968,0,0,0.1027,1,0,1,0.0,0,1,0,2.0,0.0
1c606dce-92bf-46e9-87a1-aa5964652465,Netflix,Entertainment,Kashi Ka Wasi,Unknown,4,2025-10-16 13:42:39,what is 5.7.6 ? there is a problem playing video,what is 5.7.6 ? there is a problem playing video,0,10,48,0,0,0,0.9,0,0,-0.2263,1,0,1,0.0,0,1,0,4.0,0.0
4d699aeb-ab66-4c0f-92d8-45590ef0e259,Netflix,Entertainment,Suien Kzo,Unknown,2,2025-10-16 14:45:42,i feel like it's not even worth to subscribe anymore its not worth it honestly.Mostly all movies are outdated.why don't you guys add newly released and trending movies?,i feel like it's not even worth to subscribe anymore its not worth it honestly.mostly all movies are outdated.why don't you guys add newly released and trending movies?,1,28,168,0,0,0,0.9285714285714286,0,0,0.0433,1,0,1,0.0,0,1,0,2.0,0.0
45a5db0f-8072-49cb-b5e7-093d31b29e0a,Netflix,Entertainment,Yolaanda Markus,Unknown,4,2025-10-16 18:06:12,"most of the movies I want are not available, but still the best","most of the movies i want are not available, but still the best",0,13,63,0,0,0,0.9230769230769231,0,0,0.7876,1,0,1,0.0,0,1,0,4.0,0.0
b3af6aa0-5a24-4992-9d37-5213b1abb4cf,Netflix,Entertainment,SomeRandomHuman,Unknown,2,2025-10-16 18:09:29,fuh aah app I'm in my home and it sais I'm not in the right household,fuh aah app i'm in my home and it sais i'm not in the right household,0,16,69,0,0,0,0.875,0,1,0.0,1,0,1,0.0,0,1,0,2.0,0.0
06bc50d4-70fb-44fb-b053-af26b7ab6add,Netflix,Entertainment,Pratik Adhav,Unknown,2,2025-10-17 06:08:39,"There is a glitch here, I can't remove buttons from screen while watching video and it's so annoying. it goes automatically but takes so much time to go. and it's annoying","there is a glitch here, i can't remove buttons from screen while watching video and it's so annoying. it goes automatically but takes so much time to go. and it's annoying",0,31,171,0,0,0,0.9032258064516129,0,0,-0.6999,1,0,1,0.0,0,1,0,2.0,0.0
58124b8a-80c1-4657-b363-39a39d59ed1a,Netflix,Entertainment,Steven Carl Sanchez,Unknown,2,2025-10-17 07:07:05,asa ang twin star Exorcist!!!!!!!!!!!!,asa ang twin star exorcist!!!!!!!!!!!!,0,5,38,0,0,0,1.0,0,0,0.0,1,0,1,0.0,0,1,0,2.0,0.0
b0b25c61-e3e3-4481-9baf-bc034f791a7e,Netflix,Entertainment,Nadun,Unknown,2,2025-10-17 08:13:18,Some movies and tv series are not available for sri lanka.Unfair 👎,some movies and tv series are not available for sri lanka.unfair 👎,0,12,66,1,0,0,1.0,0,0,0.0,1,0,1,0.0,0,1,0,2.0,0.0
82ad54c2-e85c-4c94-9848-be51be5150d5,Netflix,Entertainment,Ahmadullah Sadat,Unknown,4,2025-10-17 10:39:56,i have suggestion for netflix that in Pakistan we can't pay by easy paisa account please sure that we paid by easy paisa.,i have suggestion for netflix that in pakistan we can't pay by easy paisa account please sure that we paid by easy paisa.,0,23,121,0,0,0,0.8260869565217391,0,0,0.6586,1,0,1,0.0,0,1,0,4.0,0.0
2400fb06-0fe5-4389-9ad8-ecc8b7d0d48c,Netflix,Entertainment,Savvy Pires,Unknown,2,2025-10-17 11:53:38,While the selection of movies and eveything is good the app itself is not light weight and takes forever to load,while the selection of movies and eveything is good the app itself is not light weight and takes forever to load,0,21,112,0,0,0,0.8571428571428571,0,1,0.4404,1,0,1,0.0,0,1,0,2.0,0.0
fdd027e5-f0ac-4a5b-95a1-179dc0b5b102,Netflix,Entertainment,パテレミュエルデイブ（ウェウェル）,Unknown,2,2025-10-17 13:33:04,"fix your maximum audio, it's too low for maximum audio setting","fix your maximum audio, it's too low for maximum audio setting",0,11,62,0,0,0,0.9090909090909091,0,0,-0.2732,1,0,1,0.0,0,1,0,2.0,0.0
195c4436-b3c2-4386-a037-422a2c479ab4,Netflix,Entertainment,Atiqurrehman Betkar,Unknown,2,2025-10-17 13:56:35,ok not bad,ok not bad,0,3,10,0,0,0,1.0,0,0,0.6187,1,0,1,0.0,0,1,1,2.0,0.0
211667eb-2c01-445e-9ad1-03fadbf7775c,Netflix,Entertainment,David Meister,Unknown,2,2025-10-17 17:56:57,Angebot ist okey für Preis. Vorallem zu beginn.  Offlinemodus fehlt.  Trailer oder bessere Bildspanne fehlen  Schlechte übersicht,angebot ist okey für preis. vorallem zu beginn.  offlinemodus fehlt.  trailer oder bessere bildspanne fehlen  schlechte übersicht,0,17,129,0,0,0,1.0,0,0,0.0,1,0,1,0.0,0,1,0,2.0,0.0
1e48ddeb-86df-4044-9023-f815c81083a4,Netflix,Entertainment,Godwill Sokari,Unknown,4,2025-10-17 18:19:42,Desame tthing,desame tthing,0,2,13,0,0,0,1.0,0,0,0.0,1,0,1,0.0,0,1,0,4.0,0.0
3fcdeb49-238f-496d-a4bf-55622377d613,Netflix,Entertainment,samarth baxi,Unknown,4,2025-10-18 03:52:47,kindly add comments box for movie and shows reviews,kindly add comments box for movie and shows reviews,0,9,51,0,0,0,1.0,0,0,0.4939,1,0,1,0.0,0,1,0,4.0,0.0
4e57fcc9-78ad-4e04-b0f7-9f149eca8b29,Netflix,Entertainment,ourworld,Unknown,2,2025-10-18 08:15:02,Quality of shows gone down. good shows are far and sparse. they have canceled most of their good shows. not worth the money anymore.,quality of shows gone down. good shows are far and sparse. they have canceled most of their good shows. not worth the money anymore.,0,24,132,0,0,0,0.875,0,0,0.6595,1,0,1,0.0,0,1,1,2.0,0.0
9ad52920-7f3b-451a-a9bd-c0ea5f1c0aa8,Netflix,Entertainment,Kim Saxler,Unknown,2,2025-10-18 10:44:57,"Dieses ""man muss im selben Haushalt sein"" hat Netflix für mich vollkommen unnutzbar gemacht.. Lohnt sich einfach nicht mehr :(","dieses ""man muss im selben haushalt sein"" hat netflix für mich vollkommen unnutzbar gemacht.. lohnt sich einfach nicht mehr :(",0,20,126,0,0,0,1.0,0,0,-0.4404,1,0,1,0.0,0,1,0,2.0,0.0
b5835ec2-36a7-4223-8730-dfcb86e9734c,Netflix,Entertainment,Charlotte Koranteng,Unknown,3,2025-10-18 11:16:40,if I send my email it doesn't seem to work,if i send my email it doesn't seem to work,0,10,42,0,0,0,1.0,0,0,0.0,1,0,1,0.0,0,1,0,3.0,0.0
dc0af9a6-796a-4e72-b454-7326fbd23c83,Netflix,Entertainment,Maria T,Unknown,2,2025-10-18 11:52:27,"No pip. Using a Motorola ver 15. I have a plan with no ads. PIP is enabled on my phone and works with other streaming apps. The Netflix app has been updated, caches/data cleared, and phone has been restarted.","no pip. using a motorola ver 15. i have a plan with no ads. pip is enabled on my phone and works with other streaming apps. the netflix app has been updated, caches/data cleared, and phone has been restarted.",0,39,208,0,0,1,0.8205128205128205,0,1,-0.4588,1,0,1,0.0,0,1,0,2.0,0.0
39a262f7-449e-4d58-9b13-b4c8d9f36fbd,Netflix,Entertainment,sandhya gupta,Unknown,4,2025-10-18 13:07:30,A good app for entertainment,a good app for entertainment,0,5,28,0,0,0,1.0,0,1,0.6908,1,0,1,0.0,0,1,0,4.0,0.0
2ec6b535-6a44-46be-8824-0365a5691491,Netflix,Entertainment,kavinhr,Unknown,3,2025-10-18 16:49:41,Guys please bring 5 more seasons of money heist,guys please bring 5 more seasons of money heist,0,9,47,0,0,0,1.0,0,0,0.3182,1,0,1,0.0,0,1,0,3.0,0.0
55518dea-b9bb-4902-a705-b3ce41d40c5b,Netflix,Entertainment,Lia Lim,Unknown,4,2025-10-18 16:56:03,Add the seasons for Miraculous ladybug 5-6 please from Philippines~,add the seasons for miraculous ladybug 5-6 please from philippines~,0,10,67,0,0,0,1.0,0,0,0.3182,1,0,1,0.0,0,1,0,4.0,0.0
db12ddd2-8500-48f3-8e37-0fc16ef04a90,Netflix,Entertainment,Margarette Martinez,Unknown,2,2025-10-18 16:59:15,Binabagyo po ka me,binabagyo po ka me,0,4,18,0,0,0,1.0,0,0,-0.5574,1,0,1,0.0,0,1,0,2.0,0.0
e8497821-5f10-4166-ad79-188e29a05402,Netflix,Entertainment,Marium Kay,Unknown,2,2025-10-18 18:02:12,"It's lagging on my device (the video, not audio) even though all other apps work totally fine. Please fix this issue asap","it's lagging on my device (the video, not audio) even though all other apps work totally fine. please fix this issue asap",1,22,121,0,0,0,1.0,0,1,0.376,1,0,1,0.0,0,1,0,2.0,0.0
9bf41d37-7ddd-446f-b489-be5af9547d86,Netflix,Entertainment,lucy Cooper,Unknown,3,2025-10-18 21:45:30,it only works with 5g and I found this out because where I live at my phone likes to drop off to 4G LTE and then Netflix doesn't work period,it only works with 5g and i found this out because where i live at my phone likes to drop off to 4g lte and then netflix doesn't work period,0,30,140,0,0,2,0.9,0,0,0.1779,1,0,1,0.0,0,1,0,3.0,0.0
fb6d19b7-6c9f-43a1-9c18-9a827569ea1e,Netflix,Entertainment,Miguel,Unknown,3,2025-10-18 23:37:07,Sem opção de idioma para português de Portugal.,sem opção de idioma para português de portugal.,0,8,47,0,0,0,0.875,0,0,0.0,1,0,1,0.0,0,1,0,3.0,0.0
1a9252ee-79eb-4156-9412-12ea2369ca01,Netflix,Entertainment,Mary Wilson,Unknown,4,2025-10-19 01:15:18,great to watch movies when I'm away from home,great to watch movies when i'm away from home,0,9,45,0,0,0,1.0,0,0,0.6249,1,0,1,0.0,0,1,0,4.0,0.0
409c5318-4c8a-437b-9355-1918bdc92e8d,Netflix,Entertainment,Junior Daileg,Unknown,3,2025-10-19 02:10:36,I like to watch anytime anywhere,i like to watch anytime anywhere,0,6,32,0,0,0,1.0,0,0,0.3612,1,0,1,0.0,0,1,0,3.0,0.0
1259ed4c-0e27-455a-b31b-70c45112861c,Netflix,Entertainment,Randy C Johnson,Unknown,4,2025-10-19 02:55:43,Was able to feel it had been acknowledged,was able to feel it had been acknowledged,0,8,41,0,0,0,1.0,0,0,0.0,1,0,1,0.0,0,1,0,4.0,0.0
9ace7d0d-abb4-48f4-9619-9e9c551d3447,Netflix,Entertainment,Steve Kas Official,Unknown,4,2025-10-19 06:38:35,this app is really nice and practical for any one who wants to enjoy his or her day with a very good film or series,this app is really nice and practical for any one who wants to enjoy his or her day with a very good film or series,0,25,115,0,0,0,0.96,0,1,0.8586,1,0,1,0.0,0,1,0,4.0,0.0
e17a5a8b-cf9d-4b0c-843b-c362c2ec4607,Netflix,Entertainment,Vignesh,Unknown,3,2025-10-19 07:21:32,need review options,need review options,0,3,19,0,0,0,1.0,0,0,0.0,1,0,1,0.0,0,1,0,3.0,0.0
904a2aac-1ddf-4b17-8ecd-b19742e28610,Netflix,Entertainment,Caspean Zepherot Diez,Unknown,4,2025-10-19 08:39:22,I like everything about it but pls add the anime a want to watch like bunny girl senpai and the quintessential quintuplets,i like everything about it but pls add the anime a want to watch like bunny girl senpai and the quintessential quintuplets,0,22,122,0,0,0,0.9090909090909091,0,0,0.7096,1,0,1,0.0,0,1,0,4.0,0.0
a1418bb4-b9ec-4b08-908e-1ef69e20c746,Netflix,Entertainment,Danila Dy,Unknown,2,2025-10-19 11:50:06,Subtitles translation with Samsung stylus not working. Again. Please bring this feature back.,subtitles translation with samsung stylus not working. again. please bring this feature back.,0,13,93,0,0,0,1.0,0,0,-0.2411,1,0,1,0.0,0,1,0,2.0,0.0
8b8b00f0-2739-4adf-a885-8ebc43633da0,Netflix,Entertainment,ali,Unknown,3,2025-10-19 12:51:37,unavailable in Iran,unavailable in iran,0,3,19,0,0,0,1.0,0,0,0.0,1,0,1,0.0,0,1,0,3.0,0.0
32635cc9-8d18-4dea-8ed4-b8696ac494cd,Netflix,Entertainment,Adam Sherrill,Unknown,2,2025-10-19 13:10:09,"geez, sorry for trying to watch netflix at college. Apparently, if you're outside a certain distance from where the account is registered, you can't watch anything. greedy bastards","geez, sorry for trying to watch netflix at college. apparently, if you're outside a certain distance from where the account is registered, you can't watch anything. greedy bastards",0,28,180,0,0,0,0.9642857142857143,0,1,-0.3045,1,0,1,0.0,0,1,0,2.0,0.0
6afa7892-589a-4732-9d24-967ef730d0ef,Netflix,Entertainment,Adrianus Jori (Joorich),Unknown,3,2025-10-19 16:06:29,pls add more playback speed.. i need x2 speed for marathon,pls add more playback speed.. i need x2 speed for marathon,0,11,58,0,0,0,1.0,0,0,0.0772,1,0,1,0.0,0,1,0,3.0,0.0
f48b335b-e9f3-437a-a9b0-79d42d0b7e5a,Netflix,Entertainment,Ebenezer Danny,Unknown,4,2025-10-19 16:32:02,please add a switch or something which takes brightness to total zero.,please add a switch or something which takes brightness to total zero.,0,12,70,0,0,0,1.0,0,0,0.5994,1,0,1,0.0,0,1,0,4.0,0.0
ff839d56-0bc6-4369-ad1a-59ec40e6222c,Netflix,Entertainment,bedan kans,Unknown,4,2025-10-19 17:24:01,so far its gud bt u should improve on the categories' part by including countries,so far its gud bt u should improve on the categories' part by including countries,0,15,81,0,0,0,1.0,0,0,0.4404,1,0,1,0.0,0,1,0,4.0,0.0
dbf07ea9-b7c0-41cf-a02b-ecb96cd291bc,Netflix,Entertainment,Jackie Fry,Unknown,4,2025-10-19 17:33:46,Its a great service. Not many Issues. The Next time you price it up. $1 a month I WANT To know it. Jan. 2025 my service went up. The next PRICE HIKE Will be your Last.,its a great service. not many issues. the next time you price it up. $1 a month i want to know it. jan. 2025 my service went up. the next price hike will be your last.,0,36,167,0,0,3,0.8611111111111112,0,0,0.6597,1,0,1,0.0,0,1,0,4.0,0.0
099739a9-73c0-4804-987d-33ab2c82c014,Netflix,Entertainment,Amit Chautmal,Unknown,2,2025-10-19 18:06:35,very basic app . not loaded with features and complicated.,very basic app . not loaded with features and complicated.,0,10,58,0,0,0,1.0,0,1,0.0,1,0,1,0.0,0,1,0,2.0,0.0
ec63edd6-7f7d-4153-bc39-f08cf1e372e4,Netflix,Entertainment,Suraj Karotiya,Unknown,2,2025-10-19 19:39:23,"I have 199 plan but still limited to 480p resolution, as per Netflix plan i should have HD support.","i have 199 plan but still limited to 480p resolution, as per netflix plan i should have hd support.",0,19,99,0,0,1,0.8421052631578947,0,0,0.296,1,0,1,0.0,0,1,0,2.0,0.0
a86ec211-e43b-47ba-9f73-1c3dec5c3469,Netflix,Entertainment,Roe Zohar,Unknown,2,2025-10-19 20:59:05,The app does a really bad jobs in picking new content for me. It just show the same content over and over.,the app does a really bad jobs in picking new content for me. it just show the same content over and over.,0,22,106,0,0,0,0.9090909090909091,0,1,-0.5849,1,0,1,0.0,0,1,0,2.0,0.0
7ff9c87f-f8a6-484c-aed9-d28b28d7b82f,Netflix,Entertainment,Hajime Osako,Unknown,2,2025-10-19 21:05:21,too bright for my eyes,too bright for my eyes,0,5,22,0,0,0,1.0,0,0,0.4404,1,0,1,0.0,0,1,0,2.0,0.0
17adf052-b54c-4dca-ac8c-381030d1f547,Netflix,Entertainment,IMOH VICTORIA,Unknown,2,2025-10-20 00:38:47,"you guys are stressing me,if I log in you will log me out again","you guys are stressing me,if i log in you will log me out again",0,14,63,0,0,0,0.8571428571428571,0,0,-0.3612,1,0,1,0.0,0,1,0,2.0,0.0
fede76a7-915a-48e9-b7b1-fa60bde21560,Netflix,Entertainment,Nick P,Unknown,2,2025-10-20 01:17:09,"honestly, your app is getting more and more buggy including now having major casting issues on a range of devices. but you keep charging more and more for a service that is getting worse, how???","honestly, your app is getting more and more buggy including now having major casting issues on a range of devices. but you keep charging more and more for a service that is getting worse, how???",0,35,194,0,0,0,0.8,0,1,-0.5705,1,0,1,0.0,0,1,0,2.0,0.0
4ea7adc7-a51d-4455-80da-adbd6980a7e4,Netflix,Entertainment,Tracy Summers,Unknown,3,2025-10-20 04:38:29,I need a new activate code please,i need a new activate code please,0,7,33,0,0,0,1.0,0,0,0.3182,1,0,1,0.0,0,1,0,3.0,0.0
3f49e645-1cdb-4d72-ab28-ea837739ab8f,Netflix,Entertainment,Kinsley Harvey,Unknown,2,2025-10-20 06:56:50,buggy,buggy,0,1,5,0,0,0,1.0,0,0,0.0,1,0,1,0.0,0,1,0,2.0,0.0
3256da9f-a83b-434c-8c07-f31fc1433ad4,Netflix,Entertainment,Alnor Medina,Unknown,4,2025-10-20 08:11:13,anu un I,anu un i,0,3,8,0,0,0,1.0,0,0,0.0,1,0,1,0.0,0,1,0,4.0,0.0
9dff1469-b588-4261-bb86-9df90e73c49b,Netflix,Entertainment,Kabelo Mkhonta,Unknown,4,2025-10-20 08:49:16,great app,great app,0,2,9,0,0,0,1.0,0,1,0.6249,1,0,1,0.0,0,3,0,4.0,0.0
b4c5c1b5-6986-4411-a89f-a2ddc5799128,Netflix,Entertainment,Yolandi Bosch,Unknown,4,2025-10-20 09:53:46,Please help when i want to log in now ut say cant connect to netflix.And therevis nothing wrong with my wifi,please help when i want to log in now ut say cant connect to netflix.and therevis nothing wrong with my wifi,0,21,108,0,0,0,0.9523809523809523,0,0,0.7817,1,0,1,0.0,0,1,0,4.0,0.0
c4fac6db-0bdd-4b70-a7bf-bec823b64f26,Netflix,Entertainment,Ricardo Munoz,Unknown,4,2025-10-20 12:40:02,es la mejor,es la mejor,0,3,11,0,0,0,1.0,0,0,0.0,1,0,1,0.0,0,1,0,4.0,0.0
1dac10a0-1f01-42e2-8cda-4228fc47a219,Netflix,Entertainment,Siva Ranjani,Unknown,3,2025-10-20 14:09:10,its a good app and friendly to use but there is no tamil language movie more and there is no tamil language for barbie movie why there is no tamil barbie movie,its a good app and friendly to use but there is no tamil language movie more and there is no tamil language for barbie movie why there is no tamil barbie movie,0,32,159,0,0,0,0.59375,0,1,-0.6542,1,0,1,0.0,0,1,0,3.0,0.0
e82caa8a-d84a-423b-91c3-93b99202e249,Netflix,Entertainment,anna lapro,Unknown,5,2025-10-20 19:31:14,I love it so much I can do that,i love it so much i can do that,0,9,31,0,0,0,0.8888888888888888,0,0,0.6369,1,0,1,0.0,0,1,0,5.0,0.0
0707ad1b-b77d-4c92-bb4f-8518321717c7,Netflix,Entertainment,Mahesh Grg,Unknown,4,2025-10-20 20:14:13,episode are coming late,episode are coming late,0,4,23,0,0,0,1.0,0,0,0.0,1,0,1,0.0,0,1,0,4.0,0.0
e875c421-fbda-496f-912c-7464da17fed8,Netflix,Entertainment,Abdullah Saad,Unknown,5,2025-10-20 20:22:36,best app for movies Netflix and chill,best app for movies netflix and chill,0,7,37,0,0,0,1.0,0,1,0.6369,1,0,1,0.0,0,1,0,5.0,0.0
46648c94-fb49-4467-998c-6ab50f102c58,Netflix,Entertainment,Issac Otor,Unknown,5,2025-10-20 21:32:06,it been incredibly fun using Netflix app for watching movies,it been incredibly fun using netflix app for watching movies,0,10,60,0,0,0,1.0,0,1,0.5563,1,0,1,0.0,0,1,0,5.0,0.0
9bf9fb44-2ff2-467d-a650-08d2a2467ad3,Netflix,Entertainment,Felicia Grace,Unknown,5,2025-10-20 21:58:25,Cool view from who,cool view from who,0,4,18,0,0,0,1.0,0,0,0.3182,1,0,1,0.0,0,1,0,5.0,0.0
48c2bba1-5cdb-4cad-a9be-44a3f3b11a05,Netflix,Entertainment,Malcolm Schofield,Unknown,5,2025-10-21 00:13:23,good shows,good shows,0,2,10,0,0,0,1.0,0,0,0.4404,1,0,1,0.0,0,1,0,5.0,0.0
6226e97e-318d-4f9c-9595-96df74cd9600,Netflix,Entertainment,DAVO DEE,Unknown,5,2025-10-21 00:19:32,it does not have problem,it does not have problem,0,5,24,0,0,0,1.0,0,0,0.3089,1,0,1,0.0,0,1,0,5.0,0.0
c19f87ef-df83-4659-aa0a-598db8b54457,Netflix,Entertainment,odofin Alex,Unknown,2,2025-10-21 00:54:31,it's always logging me out,it's always logging me out,0,5,26,0,0,0,1.0,0,0,0.0,1,0,1,0.0,0,1,0,2.0,0.0
fe6d8488-179f-4c85-be20-b12b7695eb0c,Netflix,Entertainment,Coley Melendez,Unknown,5,2025-10-21 01:24:49,I was loving you till I became homeless and now I can't see Netflix anymore,i was loving you till i became homeless and now i can't see netflix anymore,0,15,75,0,0,0,0.8666666666666667,0,0,0.5994,1,0,1,0.0,0,1,0,5.0,0.0
46b683b1-6910-413b-b9ee-464ad36294ca,Netflix,Entertainment,Livhuwani Tshipota,Unknown,5,2025-10-21 01:43:25,"It's the best it really deserves 5 stars, but l accidentally deleted my account with some downloads.","it's the best it really deserves 5 stars, but l accidentally deleted my account with some downloads.",0,17,100,0,0,0,1.0,1,0,0.5423,1,0,1,0.0,0,1,0,5.0,0.0
5a6c13d3-4244-4740-ab48-40c1647dcb2e,Netflix,Entertainment,Blue man,Unknown,5,2025-10-21 02:13:33,Netflix is like being @ the Show!,netflix is like being @ the show!,0,7,33,0,0,0,1.0,0,0,0.4199,1,0,1,0.0,0,1,0,5.0,0.0
90173266-3bec-4314-9cf4-10d573b4ad3e,Netflix,Entertainment,jayson medrano,Unknown,2,2025-10-21 02:48:33,this app is trash,this app is trash,0,4,17,0,0,0,1.0,0,1,0.0,1,0,1,0.0,0,1,0,2.0,0.0
f6235c39-ee70-4baa-bee0-4a7058d82a69,Netflix,Entertainment,Siva Siva E,Unknown,4,2025-10-21 04:23:54,please update more games,please update more games,0,4,24,0,0,0,1.0,0,0,0.3182,1,0,1,0.0,0,1,0,4.0,0.0
8e045d35-245f-4e96-9a28-de85cb11b6d9,Netflix,Entertainment,Nayak Dhaval,Unknown,2,2025-10-21 05:16:14,Gujarati Movie Add,gujarati movie add,0,3,18,0,0,0,1.0,0,0,0.0,1,0,1,0.0,0,1,0,2.0,0.0
45e9a1c3-fcae-41a3-bb17-e893a5319936,Netflix,Entertainment,Piyush Priy,Unknown,4,2025-10-21 05:25:53,Why app isn't working.... Everytime it shows app needs to relaunch(502-1019),why app isn't working.... everytime it shows app needs to relaunch(502-1019),0,11,76,0,0,0,0.9090909090909091,0,1,0.0,1,0,1,0.0,0,1,0,4.0,0.0
5d21e660-43cb-468e-b522-9e915bd1ee83,Netflix,Entertainment,Jojo Joji,Unknown,5,2025-10-21 05:32:28,good ..,good ..,0,2,7,0,0,0,1.0,0,0,0.4404,1,0,1,0.0,0,1,0,5.0,0.0
4d73c164-8d58-45d5-bd65-4bad2897720a,Netflix,Entertainment,Harshitha,Unknown,5,2025-10-21 06:01:55,It is my first choice to watch series without an error.,it is my first choice to watch series without an error.,0,11,55,0,0,0,1.0,0,0,0.3089,1,0,1,0.0,0,1,0,5.0,0.0
2dc7263b-c891-412d-b7ce-25dc209e6889,Netflix,Entertainment,Javier,Unknown,4,2025-10-21 06:02:50,love all my t.v SHOWS,love all my t.v shows,0,5,21,0,0,1,1.0,0,0,0.6369,1,0,1,0.0,0,1,0,4.0,0.0
67fd712e-344a-4fde-95a7-b9d8f61a70ca,Netflix,Entertainment,George Modiba,Unknown,5,2025-10-21 06:16:27,yona e xap thata,yona e xap thata,0,4,16,0,0,0,1.0,0,0,0.0,1,0,1,0.0,0,1,0,5.0,0.0
10a76a42-f333-4ffc-a8ea-6ac9bf209b09,Netflix,Entertainment,Ismail Farouk,Unknown,4,2025-10-21 09:31:15,not bad,not bad,0,2,7,0,0,0,1.0,0,0,0.431,1,0,1,0.0,0,2,0,4.0,0.0
83391b40-b9ab-4379-bd29-f3158c6011da,Netflix,Entertainment,Earl,Unknown,5,2025-10-21 09:35:53,One of the best apps GOAT,one of the best apps goat,0,6,25,0,0,1,1.0,0,1,0.6369,1,0,1,0.0,0,1,0,5.0,0.0
c385bdd4-fec6-4a89-8097-5511240a884f,Netflix,Entertainment,Samayna taehyung,Unknown,5,2025-10-21 09:47:18,"Excellent for movies & series; strong variety, good originals, but subscription price creeps up.","excellent for movies & series; strong variety, good originals, but subscription price creeps up.",0,14,96,0,0,0,1.0,0,0,0.6652,1,0,1,0.0,0,1,0,5.0,0.0
82d2185b-b73e-40dd-a9b3-a9691164b797,Netflix,Entertainment,Jonathan Cavada,Unknown,5,2025-10-21 10:19:59,I love it,i love it,0,3,9,0,0,0,1.0,0,0,0.6369,1,0,1,0.0,0,1,0,5.0,0.0
b436e60a-ca53-4e67-86d6-c681511ca7b2,Netflix,Entertainment,Rokal nero,Unknown,1,2025-10-21 10:24:31,Cartoons will not pass in peace,cartoons will not pass in peace,0,6,31,0,0,0,1.0,0,0,-0.431,1,0,1,0.0,0,1,0,1.0,0.0
0e2da1c9-9ddc-4737-b5d7-752f2272d1b8,Netflix,Entertainment,Dipak Gadhavi,Unknown,1,2025-10-21 10:38:45,payment method,payment method,0,2,14,0,0,0,1.0,0,0,0.0,1,0,1,0.0,0,1,0,1.0,0.0
fd218ff3-5aaf-4953-aa80-500c32b331e8,Netflix,Entertainment,DINESH Prasad,Unknown,5,2025-10-21 10:49:15,this is so excellent app for web series and movies,this is so excellent app for web series and movies,0,10,50,0,0,0,1.0,0,1,0.6948,1,0,1,0.0,0,1,0,5.0,0.0
e98f8a1e-515e-467c-8f1c-996ed9a8f6ff,Netflix,Entertainment,margret,Unknown,5,2025-10-21 11:11:12,"Packed with movies, shows, and documentaries for every mood! Perfect for family time, from cartoons and kids movies to documentaries and dramas, there's something for everyone.","packed with movies, shows, and documentaries for every mood! perfect for family time, from cartoons and kids movies to documentaries and dramas, there's something for everyone.",0,26,176,0,0,0,0.8076923076923077,0,0,0.6114,1,0,1,0.0,0,1,0,5.0,0.0
9bc7a8db-5b54-4b3f-8ef5-3c9c036651cf,Netflix,Entertainment,Nathane Arnaez,Unknown,5,2025-10-21 11:18:06,optional,optional,0,1,8,0,0,0,1.0,0,0,0.0,1,0,1,0.0,0,1,0,5.0,0.0
e580b44d-81c6-4659-82a4-7a9f561bab54,Netflix,Entertainment,Kamlesh Parihar,Unknown,1,2025-10-21 11:36:06,Netflix have many sarvar issues,netflix have many sarvar issues,0,5,31,0,0,0,1.0,0,0,0.0,1,0,1,0.0,0,1,0,1.0,0.0
26d32892-030d-431f-bef9-c3e1e50a72eb,Netflix,Entertainment,Global Play School,Unknown,5,2025-10-21 12:00:47,does not shows ads and quality very good,does not shows ads and quality very good,0,8,40,0,0,0,1.0,0,0,0.4927,1,0,1,0.0,0,1,0,5.0,0.0
bd066fe7-bbb1-4113-a7ae-240e546e1459,Netflix,Entertainment,barb sexton,Unknown,2,2025-10-21 12:28:15,"netflix keeps freezing all my other apps work just fine ,I pay all this money for what for it to freeze","netflix keeps freezing all my other apps work just fine ,i pay all this money for what for it to freeze",0,21,103,0,0,1,0.9047619047619048,1,1,0.0516,1,0,1,0.0,0,1,0,2.0,0.0
fe961f4c-05c2-4026-a0c0-77e2dbafbe4b,Netflix,Entertainment,Somnath Bacche,Unknown,1,2025-10-21 12:44:12,sometimes the app isn't started..,sometimes the app isn't started..,0,5,33,0,0,0,1.0,0,1,0.0,1,0,1,0.0,0,1,0,1.0,0.0
2c000749-c70d-488c-81de-35638a5ed674,Netflix,Entertainment,Karabo Ramela,Unknown,4,2025-10-21 12:47:45,standard,standard,0,1,8,0,0,0,1.0,0,0,0.0,1,0,1,0.0,0,1,0,4.0,0.0
8a805b2c-7992-4fe2-a2ac-b652bd0021ad,Netflix,Entertainment,Karim Ismaeel,Unknown,5,2025-10-21 13:07:18,the the best and the West,the the best and the west,0,6,25,0,0,0,0.6666666666666666,0,0,0.6369,1,0,1,0.0,0,1,0,5.0,0.0
dbb404c3-7000-47fb-b450-5a7310f270d5,Netflix,Entertainment,Luis Santiago,Unknown,3,2025-10-21 13:43:02,frame pacing is horrible. it's very distracting.,frame pacing is horrible. it's very distracting.,0,7,48,0,0,0,1.0,0,0,-0.7178,1,0,1,0.0,0,1,0,3.0,0.0
aabaaceb-469f-4e57-bd7c-96bc51b8af46,Netflix,Entertainment,shashidhara javali,Unknown,1,2025-10-21 13:46:10,"worst Experience, I am unable to do payment and the app is not supporting for other payment mode.","worst experience, i am unable to do payment and the app is not supporting for other payment mode.",0,18,97,0,0,0,0.9444444444444444,0,1,-0.7584,1,0,1,0.0,0,1,0,1.0,0.0
77ae84d6-3f73-4af1-bc2b-a0fba5b425e3,Netflix,Entertainment,Nahid,Unknown,5,2025-10-21 13:49:00,kanki magi,kanki magi,0,2,10,0,0,0,1.0,0,0,0.0,1,0,1,0.0,0,1,0,5.0,0.0
113df3fe-e339-4da8-b379-ad9c54ef489f,Netflix,Entertainment,Tebogo Dikolomela,Unknown,5,2025-10-21 13:56:10,top tier,top tier,0,2,8,0,0,0,1.0,0,0,0.2023,1,0,1,0.0,0,1,0,5.0,0.0
c4000310-4f14-417b-bf14-cec24fb500d8,Netflix,Entertainment,M Raj Gowda,Unknown,4,2025-10-21 13:58:41,"Please make a documentary of psycho M Jayashankar, Karnataka serial killer and rapist.","please make a documentary of psycho m jayashankar, karnataka serial killer and rapist.",0,13,86,0,0,0,1.0,0,0,-0.836,1,0,1,0.0,0,1,1,4.0,0.0
60aa471f-67d7-455e-b359-84aa8f68f0f0,Netflix,Entertainment,Muh. Islam Alwi,Unknown,4,2025-10-21 14:00:04,why there is no option for subtitles color in mobile app? my sub color turn into black and I can't change it.,why there is no option for subtitles color in mobile app? my sub color turn into black and i can't change it.,0,22,109,0,0,0,0.9545454545454546,0,1,-0.296,1,0,1,0.0,0,1,0,4.0,0.0
6503deb2-0cac-4c21-9e9e-5644471df5b5,Netflix,Entertainment,Jessica Stewart,Unknown,1,2025-10-21 14:28:03,sucks just as bad as all of the other streaming services. won't be recommending this service to anyone else till they change how many people can watch at a time with their cheapest option,sucks just as bad as all of the other streaming services. won't be recommending this service to anyone else till they change how many people can watch at a time with their cheapest option,0,34,187,0,0,0,0.9705882352941176,1,0,-0.7184,1,0,1,0.0,0,1,0,1.0,0.0
b8c236db-8801-40fd-be40-819ef4a8fa16,Netflix,Entertainment,Mairi McNab,Unknown,5,2025-10-21 14:32:36,just stared watching tall girl in love with it i love how dunkin stands up for joking its adorable love it and nextflix!!,just stared watching tall girl in love with it i love how dunkin stands up for joking its adorable love it and nextflix!!,0,23,121,0,0,0,0.8695652173913043,0,0,0.96,1,0,1,0.0,0,1,0,5.0,0.0
1edcef73-cb06-467d-953d-d73fadcd3966,Netflix,Entertainment,Calista Dmonte,Unknown,1,2025-10-21 14:41:37,paid twice still the subscription didn't start. 400 rupees in waste. no refund and app doesn't work properly. very bad app.,paid twice still the subscription didn't start. 400 rupees in waste. no refund and app doesn't work properly. very bad app.,0,21,123,0,0,0,1.0,0,1,-0.8313,1,0,1,0.0,0,1,0,1.0,0.0
8db059dd-48ab-4e41-8b50-efef7c7401de,Netflix,Entertainment,Mr. Steen,Unknown,1,2025-10-21 14:57:20,ik kan niks meer casten naar mijn tv want de optie is weg. Via screen mirroring krijg je natuurlijk een zwart scherm vanwegen de anti piracy maatregelen...,ik kan niks meer casten naar mijn tv want de optie is weg. via screen mirroring krijg je natuurlijk een zwart scherm vanwegen de anti piracy maatregelen...,0,27,155,0,0,0,0.9629629629629629,0,0,-0.25,1,0,1,0.0,0,1,0,1.0,0.0
2372b980-d231-42fa-96b2-6fa07cd46b8e,Netflix,Entertainment,David Huffman (DJ),Unknown,5,2025-10-21 15:39:12,IT'S NETFLIX! Just needs to be a bit cheaper.,it's netflix! just needs to be a bit cheaper.,0,9,45,0,0,2,1.0,1,0,0.0,1,0,1,0.0,0,1,0,5.0,0.0
6f19bd21-9286-4e2b-a913-e5e9de2b5529,Netflix,Entertainment,ketomgurengs,Unknown,1,2025-10-21 16:14:27,the series getting bored and BORED. i just hope you put in or insert DHEVAPROM series for the international netflix because I NEED IT. please put chinese historical dramas more that are high ratings too. thank you.,the series getting bored and bored. i just hope you put in or insert dhevaprom series for the international netflix because i need it. please put chinese historical dramas more that are high ratings too. thank you.,0,37,214,0,0,4,0.8918918918918919,0,0,0.5423,1,0,1,0.0,0,1,1,1.0,0.0
5d597cef-1b5a-48e8-b549-09e55ab93539,Netflix,Entertainment,Vijayasoori,Unknown,1,2025-10-21 16:23:30,"useless app, not able to use","useless app, not able to use",0,6,28,0,0,0,1.0,0,1,-0.4215,1,0,1,0.0,0,1,0,1.0,0.0
cfba982d-4cb7-41f5-b42b-56e80a21997b,Netflix,Entertainment,Lascel Tetteh,Unknown,4,2025-10-21 16:25:31,"I really like Netflix it’s easy to use and has a great selection. The only downside is that sometimes a show is missing a season, which can be frustrating. Hopefully they fix that soon!","i really like netflix it’s easy to use and has a great selection. the only downside is that sometimes a show is missing a season, which can be frustrating. hopefully they fix that soon!",6,34,185,0,0,0,0.8823529411764706,0,0,0.7707,1,0,1,0.0,0,1,0,4.0,0.0
c7c14489-f7ec-4890-ad49-40f31ad562a3,Netflix,Entertainment,Vijay Bhagi,Unknown,5,2025-10-21 16:48:25,but need full seren,but need full seren,0,4,19,0,0,0,1.0,0,0,0.0,1,0,1,0.0,0,1,0,5.0,0.0
92c7755e-78de-4772-8ec1-383e00dd6ada,Netflix,Entertainment,Noah Newman,Unknown,1,2025-10-21 17:28:49,I wanted to redo my complaint. I still hate Netflix and everyone else in the world should too.,i wanted to redo my complaint. i still hate netflix and everyone else in the world should too.,0,18,94,0,0,0,0.9444444444444444,0,0,-0.7096,1,0,1,0.0,0,1,0,1.0,0.0
ed3b3798-f95b-45d7-9334-46427f3f0230,Netflix,Entertainment,Knight,Unknown,3,2025-10-21 17:32:51,"Whenever I try to minimise the screen and open it back it immediately shows error 5.10. for several times, it's frustrating even after paying for the subscription.","whenever i try to minimise the screen and open it back it immediately shows error 5.10. for several times, it's frustrating even after paying for the subscription.",1,27,163,0,0,0,0.8888888888888888,0,0,-0.6808,1,0,1,0.0,0,1,0,3.0,0.0
f30822c5-be56-4e79-b6b6-5cbc61879049,Netflix,Entertainment,Eafram Mohatsi,Unknown,5,2025-10-21 17:51:31,not much experienced,not much experienced,0,3,20,0,0,0,1.0,0,0,0.0,1,0,1,0.0,0,1,0,5.0,0.0
daf776d9-339b-439f-9392-801b8cad7f03,Netflix,Entertainment,Vaibhav Patel,Unknown,4,2025-10-21 18:14:43,"it's good, better then other apps.","it's good, better then other apps.",0,6,34,0,0,0,1.0,0,1,0.7003,1,0,1,0.0,0,1,0,4.0,0.0
9990531a-93f1-48b7-a69d-8e2eb4300a30,Netflix,Entertainment,Kodrex,Unknown,5,2025-10-21 18:45:05,per feto,per feto,0,2,8,0,0,0,1.0,0,0,0.0,1,0,1,0.0,0,1,0,5.0,0.0
81af0f21-2c08-4486-8a6a-71b95e31e656,Netflix,Entertainment,Pav pav,Unknown,1,2025-10-21 18:57:46,qr scanned than downloaded as I need tv controller but instead it's just Netflix . waste of time,qr scanned than downloaded as i need tv controller but instead it's just netflix . waste of time,0,18,96,0,0,0,1.0,1,0,-0.5719,1,0,1,0.0,0,1,0,1.0,0.0
b28a1b77-492c-426d-b5be-b328e671265a,Netflix,Entertainment,Titus Simiyu,Unknown,3,2025-10-21 19:12:13,Not bad. But why you restricting us to download alot of videos from a particular series like black clover work on that please,not bad. but why you restricting us to download alot of videos from a particular series like black clover work on that please,0,23,125,0,0,0,1.0,1,0,0.5754,1,0,1,0.0,0,1,0,3.0,0.0
ba85b40a-a125-4898-b8cb-604906ca792f,Netflix,Entertainment,AHMED KHAN,Unknown,5,2025-10-21 19:21:02,21 . 10 . 25 .... TUESDAY ✨️ 2.LACK 💲,21 . 10 . 25 .... tuesday ✨️ 2.lack 💲,1,10,37,1,0,2,0.9,0,0,0.0,1,0,1,0.0,0,1,0,5.0,0.0
e243098a-2af3-41d3-915e-55afeaa3b360,Netflix,Entertainment,Sara Pluche,Unknown,1,2025-10-21 19:25:41,has ads all over the place and is very up in the air if it's going to work because of the ads,has ads all over the place and is very up in the air if it's going to work because of the ads,0,22,93,0,0,0,0.8636363636363636,0,0,0.0,1,0,1,0.0,0,1,0,1.0,0.0
28e91d43-54dc-4520-b75e-9ae70aff61d1,Netflix,Entertainment,Aruna Jain,Unknown,5,2025-10-21 19:43:55,it is the best and my favourite ott ❤❤❤,it is the best and my favourite ott ❤❤❤,0,9,39,0,0,0,1.0,0,0,0.9571,1,0,1,0.0,0,1,0,5.0,0.0
6560673a-8f77-42ea-ab14-a33ab3d2a2c0,Netflix,Entertainment,Ahmet Said Ciyhan,Unknown,5,2025-10-21 20:05:31,Dexter is so tuff,dexter is so tuff,0,4,17,0,0,0,1.0,0,0,0.0,1,0,1,0.0,0,1,0,5.0,0.0
e1927864-c647-4bf3-b806-4ea7f64aa119,Netflix,Entertainment,sinead o'connor,Unknown,1,2025-10-21 20:07:14,I'm paying for an account and you people have the goddamn audacity to put ads in here?? the sheer greed on display has absolutely ruined this streaming service. deleting my account..,i'm paying for an account and you people have the goddamn audacity to put ads in here?? the sheer greed on display has absolutely ruined this streaming service. deleting my account..,1,31,182,0,0,0,0.967741935483871,0,0,-0.8609,1,0,1,0.0,0,1,0,1.0,0.0
5dec89e0-c708-4ada-8a38-1d0b07321580,Netflix,Entertainment,Alxenia Brown Gay,Unknown,5,2025-10-21 20:55:24,MEDICARE COSTS UP & others..no #fb😪will write on others🙋🏾‍♀️...10865jk77,medicare costs up & others..no #fb😪will write on others🙋🏾‍♀️...10865jk77,0,9,72,3,0,3,1.0,0,0,0.4939,1,0,1,0.0,0,1,0,5.0,0.0
fcfd6999-f840-4873-bc99-d6b205e512f1,Netflix,Entertainment,Naresh Payal,Unknown,5,2025-10-21 20:56:31,"Netflix ₹149 plan is 480p quality fantastic movie live streaming awesome... thank,s Netflix 🥰","netflix ₹149 plan is 480p quality fantastic movie live streaming awesome... thank,s netflix 🥰",0,14,93,1,0,0,0.9285714285714286,0,0,0.9432,1,0,1,0.0,0,1,0,5.0,0.0
7705b079-8682-497c-abb6-0d6f44154b3e,Netflix,Entertainment,Deborah Faseun,Unknown,5,2025-10-21 21:04:21,Netflix is the best,netflix is the best,0,4,19,0,0,0,1.0,0,0,0.6369,1,0,1,0.0,0,1,0,5.0,0.0
6409c133-7f43-493a-a508-480dc69e5f31,Netflix,Entertainment,Spandan Das,Unknown,5,2025-10-21 21:05:55,movie collection is so good,movie collection is so good,0,5,27,0,0,0,1.0,0,0,0.5777,1,0,1,0.0,0,1,0,5.0,0.0
cd32934b-0342-4a0c-9ec4-63954acb7c3a,Netflix,Entertainment,L G,Unknown,1,2025-10-21 21:40:50,I've never heard of not being able to use the same account for two different households. Very greedy of Netflix considering they're the most popular streaming service.,i've never heard of not being able to use the same account for two different households. very greedy of netflix considering they're the most popular streaming service.,1,27,167,0,0,0,0.9259259259259259,0,0,0.128,1,0,1,0.0,0,1,0,1.0,0.0
7f1d87d8-3feb-4434-86e7-241d769868eb,Netflix,Entertainment,Cabbiesha Martin,Unknown,5,2025-10-21 21:53:22,filet,filet,0,1,5,0,0,0,1.0,0,0,0.0,1,0,1,0.0,0,1,0,5.0,0.0
7c4114bc-a474-43dd-90e5-1170514ee69e,Netflix,Entertainment,Kamran Ali,Unknown,4,2025-10-21 22:17:58,please stop moviebox app they destroy your business in South Asia region like india Pakistan and Bangladesh dtop piracy,please stop moviebox app they destroy your business in south asia region like india pakistan and bangladesh dtop piracy,11,19,119,0,0,0,1.0,0,1,-0.2263,1,0,1,0.0,0,1,0,4.0,0.0
c684be35-3420-46c6-a331-947ad0303a83,Netflix,Entertainment,Billy Gilliland,Unknown,5,2025-10-21 22:51:58,I love this app I don't care what anyone else said,i love this app i don't care what anyone else said,0,11,50,0,0,0,0.9090909090909091,0,1,0.3761,1,0,1,0.0,0,1,0,5.0,0.0
9bf8dccc-846b-404e-adce-474bb43fe7ef,Netflix,Entertainment,Kyle kane,Unknown,1,2025-10-21 23:00:55,you are a bad app,you are a bad app,1,5,17,0,0,0,1.0,0,1,-0.5423,1,0,1,0.0,0,1,0,1.0,0.0
c6f6ca73-6e90-40e8-8637-44c4c07a65b1,Netflix,Entertainment,Elinor Mann,Unknown,4,2025-10-21 23:13:28,it is a app to woch thing on like YouTube it is grate,it is a app to woch thing on like youtube it is grate,0,13,53,0,0,0,0.8461538461538461,0,1,0.3612,1,0,1,0.0,0,1,0,4.0,0.0
39fa03c3-8c70-40d1-8dc4-7b74fa46785a,Netflix,Entertainment,Brianna Munoz,Unknown,5,2025-10-21 23:53:20,fun to watch,fun to watch,0,3,12,0,0,0,1.0,0,0,0.5106,1,0,1,0.0,0,1,0,5.0,0.0
37b90f39-d229-443d-bca3-54303790361d,Netflix,Entertainment,victor perez,Unknown,3,2025-10-21 23:55:57,Ongoing problem when watching WWE Raw. It constantly rewinds or starts over. It doesn't pick up where I left off.,ongoing problem when watching wwe raw. it constantly rewinds or starts over. it doesn't pick up where i left off.,1,20,113,0,0,1,0.95,0,0,-0.4019,1,0,1,0.0,0,1,0,3.0,0.0
186f85b8-7f0f-4db5-b74c-3e9dc3076ffc,Netflix,Entertainment,Kandace Marchbanks,Unknown,2,2025-10-22 00:06:04,"Netflix really has gone down hill. Not in terms of quality, but customer experience.","netflix really has gone down hill. not in terms of quality, but customer experience.",1,14,84,0,0,0,1.0,0,0,0.0,1,0,1,0.0,0,1,0,2.0,0.0
57b102bf-2a2d-4f7c-97be-bc57d0842566,Netflix,Entertainment,Jennil Cornico,Unknown,1,2025-10-22 00:42:13,hayop ka hindi ma sign in,hayop ka hindi ma sign in,0,6,25,0,0,0,1.0,0,0,0.0,1,0,1,0.0,0,1,0,1.0,0.0
0d0baa67-cf18-44d4-9e11-1face8fa1dc2,Netflix,Entertainment,Mahlangu Phumzile,Unknown,1,2025-10-22 00:55:22,It's very bad it doesn't wanna play on tv too,it's very bad it doesn't wanna play on tv too,1,10,45,0,0,0,1.0,0,0,-0.7031,1,0,1,0.0,0,1,0,1.0,0.0
0bae7e93-141f-4127-80e5-0a2a9d81eee2,Netflix,Entertainment,Justice Antwi,Unknown,5,2025-10-22 01:01:31,"I use it for learning staff like,oliver twist","i use it for learning staff like,oliver twist",0,8,45,0,0,0,1.0,0,0,0.0,1,0,1,0.0,0,1,0,5.0,0.0
c2ec97a7-f8b6-4cd4-9934-05e42ae0c41f,Netflix,Entertainment,Nia Gomes,Unknown,1,2025-10-22 01:12:21,"Unstable, constantly desyncs with chromecast when other apps don't, and needlessly enforce a minimum brightness of ""looking straight at the sun"". It's been six years and no fix.","unstable, constantly desyncs with chromecast when other apps don't, and needlessly enforce a minimum brightness of ""looking straight at the sun"". it's been six years and no fix.",0,28,177,0,0,0,0.9642857142857143,0,1,-0.0516,1,0,1,0.0,0,1,0,1.0,0.0
beb8521e-be61-4e3f-b760-d874e0381bda,Netflix,Entertainment,Jacob Harvey,Unknown,2,2025-10-22 01:17:18,isn't showing top 10 movies.,isn't showing top 10 movies.,0,5,28,0,0,0,1.0,0,0,-0.1511,1,0,1,0.0,0,1,0,2.0,0.0
5b1e21c0-5279-4f4a-a7ff-22d4ad5dc0c0,Netflix,Entertainment,Jiezel Izel,Unknown,1,2025-10-22 01:31:55,it's so hard to sign up,it's so hard to sign up,0,6,23,0,0,0,1.0,0,0,-0.1761,1,0,1,0.0,0,1,0,1.0,0.0
15eff3f4-8366-4030-995c-d9ad4f2e9a68,Netflix,Entertainment,zander tikkanen,Unknown,4,2025-10-22 01:56:19,"Netflix on phone, tablet, or anything it's the best bc no glitches, but it dose glitches when there is no wifi but everyone knows that, it dose great so far though.","netflix on phone, tablet, or anything it's the best bc no glitches, but it dose glitches when there is no wifi but everyone knows that, it dose great so far though.",0,31,164,0,0,0,0.8709677419354839,0,0,0.705,1,0,1,0.0,0,1,0,4.0,0.0
4e6e813a-083f-4bac-b96e-910f2cb61a13,Netflix,Entertainment,Karthik Natarajan,Unknown,5,2025-10-22 02:30:00,"Great content and very aggressively adding K dramas and Indian movies which is great. Worth the subscription, but I'd suggest to have annual subscription plan as well to keep the subscribers","great content and very aggressively adding k dramas and indian movies which is great. worth the subscription, but i'd suggest to have annual subscription plan as well to keep the subscribers",0,31,190,0,0,0,0.9032258064516129,0,0,0.7509,1,0,1,0.0,0,1,0,5.0,0.0
14813719-845f-4112-96d3-0b5678e1d8d7,Netflix,Entertainment,silpikaur,Unknown,5,2025-10-22 02:44:27,Netflix is a good app I love because I cannot my demon k drama,netflix is a good app i love because i cannot my demon k drama,0,14,62,0,0,0,0.9285714285714286,0,1,0.7964,1,0,1,0.0,0,1,0,5.0,0.0
f5e29b96-7b82-4f60-9671-3d7256968d7d,Netflix,Entertainment,Vinayak bodake,Unknown,2,2025-10-22 02:45:36,"too many bugs. Not able to play video, it's just show loading. also downloaded video are having sane issue. I reinstalled many times to resolve it worked, but frustrated.","too many bugs. not able to play video, it's just show loading. also downloaded video are having sane issue. i reinstalled many times to resolve it worked, but frustrated.",0,29,170,0,0,0,0.9310344827586207,1,0,-0.6506,1,0,1,0.0,0,1,0,2.0,0.0
842314bc-f77f-4a1e-81af-25005dab475a,Netflix,Entertainment,kharen,Unknown,5,2025-10-22 03:02:05,this is so amazing im.watching peacefully,this is so amazing im.watching peacefully,0,6,41,0,0,0,1.0,0,0,0.8601,1,0,1,0.0,0,1,0,5.0,0.0
853d2cfb-8007-440c-bf5c-75376aa8e4a5,Netflix,Entertainment,sarimah mahdi,Unknown,5,2025-10-22 03:57:15,Good app,good app,0,2,8,0,0,0,1.0,0,1,0.4404,1,0,1,0.0,0,4,0,5.0,0.0
bb7c8c55-6a90-4fc8-bf9f-9ca48ee50396,Netflix,Entertainment,Nitin Nautiyal,Unknown,1,2025-10-22 04:15:21,baar baar loading dikhata hai download hone ke baad loading,baar baar loading dikhata hai download hone ke baad loading,0,10,59,0,0,0,0.8,1,1,0.0,1,0,1,0.0,0,1,0,1.0,0.0
73373a38-ffa9-4157-8ead-79141781c96d,Netflix,Entertainment,Sejal Loya,Unknown,1,2025-10-22 04:16:59,Netflix Household is a ridiculous idea. All the people in a family don't usually live together. Will not be renewing this subscription again.,netflix household is a ridiculous idea. all the people in a family don't usually live together. will not be renewing this subscription again.,1,23,141,0,0,0,0.9565217391304348,0,0,-0.3612,1,0,1,0.0,0,1,0,1.0,0.0
4f489ded-1373-4d71-ad88-5de30bb71dfd,Netflix,Entertainment,Shelock Helmes,Unknown,1,2025-10-22 04:21:39,"BOOOOO bring back password sharing, stranger things season 5 is about to drop losers 🍅🍅🍅","booooo bring back password sharing, stranger things season 5 is about to drop losers 🍅🍅🍅",0,15,88,3,0,1,1.0,0,0,-0.4019,1,0,1,0.0,0,1,0,1.0,0.0
ec2c46a9-e673-4e90-9750-5e7fd168648e,Netflix,Entertainment,Emilio IV,Unknown,2,2025-10-22 04:45:01,glitchy,glitchy,0,1,7,0,0,0,1.0,0,0,0.0,1,0,1,0.0,0,1,0,2.0,0.0
21019a25-5ab8-4bd3-9fc9-58f5a2766643,Netflix,Entertainment,Zulhilmi Ali,Unknown,1,2025-10-22 04:48:52,horrible limited shows that cycles the same show in different categories to make it seem like it has options,horrible limited shows that cycles the same show in different categories to make it seem like it has options,0,19,108,0,0,0,0.9473684210526315,0,0,-0.4404,1,0,1,0.0,0,1,0,1.0,0.0
0a6cc10b-c82c-4bed-8aee-1a1e8be56a7a,Netflix,Entertainment,Cindy Cordova,Unknown,2,2025-10-22 04:57:06,"I love the app but it doesn't seem to work on my phone? it takes forever to not pass ""Netflix"" and then it says error m","i love the app but it doesn't seem to work on my phone? it takes forever to not pass ""netflix"" and then it says error m",0,26,119,0,0,0,0.8846153846153846,0,1,-0.2382,1,0,1,0.0,0,1,0,2.0,0.0
d9624dfb-590c-4a38-9491-5633ef63bb55,Netflix,Entertainment,Scorty E,Unknown,1,2025-10-22 05:01:56,невозможно зарегистрироваться,невозможно зарегистрироваться,0,2,29,0,0,0,1.0,0,0,0.0,1,0,1,0.0,0,1,0,1.0,0.0
badf9d9c-7557-4863-a435-f57902b493ff,Netflix,Entertainment,Nathan Lowery,Unknown,1,2025-10-22 05:10:49,Too bright. even using the dimmer on screen. WAY TOO BRIGHT!!!!,too bright. even using the dimmer on screen. way too bright!!!!,0,11,63,0,0,3,0.9090909090909091,0,0,0.7887,1,0,1,0.0,0,1,1,1.0,0.0
7f9cdf3b-0dcb-4841-9388-0354db8c2778,Netflix,Entertainment,Glenn Matthison,Unknown,1,2025-10-22 05:50:07,every single thing I wanted to watch is not available on Australian Netflix :),every single thing i wanted to watch is not available on australian netflix :),0,14,78,0,0,0,1.0,0,0,0.4588,1,0,1,0.0,0,1,0,1.0,0.0
aab809f1-b88a-4a76-b49e-3f0cd68db1a5,Netflix,Entertainment,Sudhamanampady Bhat,Unknown,3,2025-10-22 06:25:53,"you need to see this Netflix. The drama called ""what's wrong with secretary Kim"" has wrong subtitles in the 10th episode, I can't continue it. please do something to help, if possible please correct it so that I can continue","you need to see this netflix. the drama called ""what's wrong with secretary kim"" has wrong subtitles in the 10th episode, i can't continue it. please do something to help, if possible please correct it so that i can continue",0,40,224,0,0,0,0.85,0,0,-0.4874,1,0,1,0.0,0,1,0,3.0,0.0
1064de35-4479-4071-b9d8-0116a0864298,Netflix,Entertainment,The Eye Of Thundera,Unknown,1,2025-10-22 06:39:32,"Not showing all the anime shows, no mark if the anime already watch..","not showing all the anime shows, no mark if the anime already watch..",0,13,69,0,0,0,0.8461538461538461,0,0,-0.296,1,0,1,0.0,0,1,0,1.0,0.0
3c2f6733-6f85-4340-a549-c54df3b556a5,Netflix,Entertainment,Medhavi Gupta,Unknown,1,2025-10-22 06:40:13,I have paid already subscription fees more than 3 times but still this app does not work,i have paid already subscription fees more than 3 times but still this app does not work,0,17,88,0,0,0,1.0,0,1,0.0,1,0,1,0.0,0,1,0,1.0,0.0
cf2afc47-fb40-4bfa-a902-1e22b668b165,Netflix,Entertainment,Meryl Gabriel,Unknown,5,2025-10-22 07:20:04,MRG❤️💚💙💜M🖤🟡🔴M🙃🙂💟🫠⚽️♿️,mrg❤️💚💙💜m🖤🟡🔴m🙃🙂💟🫠⚽️♿️,0,1,21,10,0,1,1.0,0,0,0.9436,1,0,1,0.0,0,1,0,5.0,0.0
f8049f5e-8527-4c69-9a09-af4e2af93827,Netflix,Entertainment,GIZMO SATANICO,Unknown,1,2025-10-22 07:47:50,Getting worse every day.,getting worse every day.,0,4,24,0,0,0,1.0,0,0,-0.4767,1,0,1,0.0,0,1,0,1.0,0.0
42e345a3-f127-422b-a304-6503a75b0165,Netflix,Entertainment,Ramasawmy Lovena,Unknown,1,2025-10-22 07:56:02,Expensive and too many ads. Not worth it anymore.,expensive and too many ads. not worth it anymore.,0,9,49,0,0,0,1.0,0,0,-0.1695,1,0,1,0.0,0,1,0,1.0,0.0
e8c07ef3-999b-48e2-8a1a-7547db30f0aa,Netflix,Entertainment,Fatima Zahra,Unknown,1,2025-10-22 08:33:09,I don't like them ads I want ibai to go afk to his prime el comidista,i don't like them ads i want ibai to go afk to his prime el comidista,0,16,69,0,0,0,0.875,0,0,-0.2047,1,0,1,0.0,0,1,0,1.0,0.0
9b5834ad-280f-4c4e-81b5-2485845e0104,Netflix,Entertainment,Utkarsh Saroj,Unknown,1,2025-10-22 09:22:22,the subscription is very expensive,the subscription is very expensive,0,5,34,0,0,0,1.0,0,0,0.0,1,0,1,0.0,0,1,0,1.0,0.0
87729d6d-ceb8-4c43-a12d-5f1b605e066e,Netflix,Entertainment,Adithya Madhav,Unknown,1,2025-10-22 09:27:31,fix the brightness override issue. there has to be a toggle that stops brightness override,fix the brightness override issue. there has to be a toggle that stops brightness override,0,15,90,0,0,0,0.8666666666666667,0,0,0.5574,1,0,1,0.0,0,1,1,1.0,0.0
0d19fa18-bca7-48b8-80fd-a64ac98742fb,Netflix,Entertainment,G Z (Gzz),Unknown,1,2025-10-22 10:18:46,fraud ott after payment done 199 plane suddenly they stop playing movies pending error showing looting money never enroll,fraud ott after payment done 199 plane suddenly they stop playing movies pending error showing looting money never enroll,0,19,121,0,0,0,1.0,0,0,-0.7845,1,0,1,0.0,0,1,0,1.0,0.0
29f81aed-efdd-4f7a-b1de-4d1f16411be6,Netflix,Entertainment,liza martinez,Unknown,2,2025-10-22 10:56:29,it good but after is long if cant unstall it and it's running up my storage!,it good but after is long if cant unstall it and it's running up my storage!,0,16,76,0,0,0,0.9375,0,0,0.3054,1,0,1,0.0,0,1,0,2.0,0.0
eda16c87-2b99-4c3c-bd0f-0df3d1f5da03,Netflix,Entertainment,Olivia Nelson,Unknown,5,2025-10-22 10:58:46,Love it,love it,0,2,7,0,0,0,1.0,0,0,0.6369,1,0,1,0.0,0,2,0,5.0,0.0
00d28087-1192-46be-88b9-4b9ebbff9bd5,Netflix,Entertainment,amisha_ rawat_,Unknown,1,2025-10-22 11:33:23,nice app but there is no attack on Titan,nice app but there is no attack on titan,0,9,40,0,0,0,1.0,0,1,0.6406,1,0,1,0.0,0,1,1,1.0,0.0
ec62ce10-cdb2-475e-9340-d7a983e36f93,Netflix,Entertainment,Smit Thorat,Unknown,4,2025-10-22 11:50:38,i love the app and everything but i wished there was English audio for most of the anime's. there is only japanese audio available.,i love the app and everything but i wished there was english audio for most of the anime's. there is only japanese audio available.,1,24,131,0,0,0,0.8333333333333334,0,1,0.3818,1,0,1,0.0,0,1,0,4.0,0.0
4f9ef1da-f92d-40c3-90b5-c9dd49434a05,Netflix,Entertainment,Mirem Angellowa,Unknown,1,2025-10-22 12:00:40,I have just 2 words NOT FREE,i have just 2 words not free,0,7,28,0,0,2,1.0,1,0,-0.4023,1,0,1,0.0,0,1,0,1.0,0.0
75571c2a-002a-4f8b-8402-6deeb6e6b229,Netflix,Entertainment,Amit Kumar,Unknown,5,2025-10-22 12:13:50,I just liked it,i just liked it,0,4,15,0,0,0,1.0,0,0,0.4215,1,0,1,0.0,0,1,0,5.0,0.0
bfd819a1-5a11-49f6-966d-0fc19ab28072,Netflix,Entertainment,GhostOfSparta,Unknown,1,2025-10-22 12:20:56,always makes my shows blurry even tho my internet is good and skips way to often,always makes my shows blurry even tho my internet is good and skips way to often,0,16,80,0,0,0,0.9375,0,0,0.3612,1,0,1,0.0,0,1,0,1.0,0.0
68b198dd-57c1-4e16-b7f9-ce303e9d620c,Netflix,Entertainment,Precious Dumebi,Unknown,4,2025-10-22 12:36:13,"All good, but I suggest they work on their movie selection.. There are no good horror movies there that I haven't watched! 😭😩","all good, but i suggest they work on their movie selection.. there are no good horror movies there that i haven't watched! 😭😩",0,23,125,2,0,0,0.9130434782608695,0,0,0.5874,1,0,1,0.0,0,1,0,4.0,0.0
12ac9c0d-e3fb-4ff3-8c26-f0c40d908065,Netflix,Entertainment,Maha Lakshmi,Unknown,1,2025-10-22 12:47:39,I can't access my app at all....,i can't access my app at all....,1,7,32,0,0,0,1.0,0,1,0.0,1,0,1,0.0,0,1,0,1.0,0.0
bd78efc6-9f20-43df-b7cf-9b1d4bfeca0a,Netflix,Entertainment,Maciej Kozieł,Unknown,1,2025-10-22 13:04:10,"Radiculous region restrictions, Netflix is now forcing you to beg support to allow you watch content you paid for whenever you travel","radiculous region restrictions, netflix is now forcing you to beg support to allow you watch content you paid for whenever you travel",0,22,133,0,0,0,0.8181818181818182,0,0,0.5574,1,0,1,0.0,0,1,1,1.0,0.0
827be92e-8cdc-4897-863d-31148263ebdb,Netflix,Entertainment,Shahriar HT,Unknown,5,2025-10-22 13:14:04,i love netflix bcuz all me favorite movies are in it,i love netflix bcuz all me favorite movies are in it,0,11,52,0,0,0,1.0,0,0,0.802,1,0,1,0.0,0,1,0,5.0,0.0
9d809834-7d94-4f1d-b474-c97f6b59bf3e,Netflix,Entertainment,Rohit Jogdankar,Unknown,3,2025-10-22 13:39:55,"For long time I am using this app and it is very entertaining app ,but suddenly now it's not working,it shows all the movies and web series but not playing ,it only shows loading, please clear the bug","for long time i am using this app and it is very entertaining app ,but suddenly now it's not working,it shows all the movies and web series but not playing ,it only shows loading, please clear the bug",0,38,200,0,0,0,0.868421052631579,0,1,0.7621,1,0,1,0.0,0,1,0,3.0,0.0
b8c88511-e701-4d1c-bf32-70d8de4ebdf4,Netflix,Entertainment,Tomoki Sakurai,Unknown,1,2025-10-22 13:55:31,"We pay to watch ads, F","we pay to watch ads, f",0,6,22,0,0,0,1.0,0,0,-0.1027,1,0,1,0.0,0,1,0,1.0,0.0
14f8f116-78b0-4c31-8ff6-557d2c831984,Netflix,Entertainment,P De Vita,Unknown,1,2025-10-22 14:00:20,My video keeps restarting.,my video keeps restarting.,0,4,26,0,0,0,1.0,0,0,0.0,1,0,1,0.0,0,1,0,1.0,0.0
c7f642c9-c357-4e19-b5de-40e4aca7273a,Netflix,Entertainment,Max Deckard,Unknown,1,2025-10-22 14:18:34,"way too many shows and movies pushing LGBT and trans material, even for children.","way too many shows and movies pushing lgbt and trans material, even for children.",0,14,81,0,0,1,0.9285714285714286,0,0,0.0,1,0,1,0.0,0,1,0,1.0,0.0
3ed9cc81-e2d1-4c05-bb16-9164cec55e65,Netflix,Entertainment,Umesh Gaidhane,Unknown,1,2025-10-22 14:29:01,"Getting poor video quality on Lenevo Tab Plus. Tried clearing cache, app uninstall, log off - log in, adjusting playback settings to high quality still getting poor video quality. while on mobile it's working properly with full hd resolution.","getting poor video quality on lenevo tab plus. tried clearing cache, app uninstall, log off - log in, adjusting playback settings to high quality still getting poor video quality. while on mobile it's working properly with full hd resolution.",6,39,242,0,0,0,0.8461538461538461,1,1,-0.7351,1,0,1,0.0,0,1,0,1.0,0.0
bf3a5665-3b99-4676-8e1f-e79b87812e84,Netflix,Entertainment,Fabian Ochoa,Unknown,3,2025-10-22 15:17:51,"I enjoy using this app, and it has some classic shows I've seen as a kid/teen however there's some issues on some of them.","i enjoy using this app, and it has some classic shows i've seen as a kid/teen however there's some issues on some of them.",0,24,122,0,0,0,0.9166666666666666,0,1,0.4939,1,0,1,0.0,0,1,0,3.0,0.0
f0f22853-789d-4a47-abf2-c5804e258e57,Netflix,Entertainment,Garrett Good,Unknown,4,2025-10-22 15:17:53,I love the app. but it always dims my screen so I can never watch on my phone.,i love the app. but it always dims my screen so i can never watch on my phone.,0,18,78,0,0,0,0.8888888888888888,0,1,0.3818,1,0,1,0.0,0,1,0,4.0,0.0
15d27923-d695-4ae0-bb80-6d29be8ef2c7,Netflix,Entertainment,Preemaleela A G,Unknown,4,2025-10-22 15:21:02,amazing ption of content to watch,amazing ption of content to watch,0,6,33,0,0,0,1.0,0,0,0.5859,1,0,1,0.0,0,1,0,4.0,0.0
ad9bf5d8-cadf-4096-9084-61408dc87de1,Netflix,Entertainment,Daniel Fox,Unknown,1,2025-10-22 15:27:10,I will be canceling my HBO Netflix bundle due to HBO's ICE ads.,i will be canceling my hbo netflix bundle due to hbo's ice ads.,8,13,63,0,0,2,1.0,0,0,0.0,1,0,1,0.0,0,1,0,1.0,0.0
66a567c6-0b6b-49db-bf10-fba8b7bc85c2,Netflix,Entertainment,Chanel M,Unknown,5,2025-10-22 15:36:56,I love this app there are so many great move's and shows to whatch,i love this app there are so many great move's and shows to whatch,0,14,66,0,0,0,1.0,0,1,0.8617,1,0,1,0.0,0,1,0,5.0,0.0
f9dc10f5-5ef1-4448-a1ff-f94fda8f830e,Netflix,Entertainment,Ashish Kumar,Unknown,1,2025-10-22 15:57:37,5.10 problem in my device this problem is very long,5.10 problem in my device this problem is very long,0,10,51,0,0,0,0.9,0,0,-0.7027,1,0,1,0.0,0,1,0,1.0,0.0
e7e8ed75-e63e-4c81-a693-9c0a6d4c792b,Netflix,Entertainment,Salman Creek,Unknown,5,2025-10-22 16:37:08,that's the good app thanks to your app,that's the good app thanks to your app,0,8,38,0,0,0,0.875,0,1,0.7003,1,0,1,0.0,0,1,0,5.0,0.0
0dbaefaa-1963-4f8f-bf7b-be6a4c2bf493,Netflix,Entertainment,Akash Jamdar,Unknown,1,2025-10-22 16:46:30,only a single device I'm using but it shows multiple devices using my login.,only a single device i'm using but it shows multiple devices using my login.,0,14,76,0,0,0,0.9285714285714286,0,0,0.0,1,0,1,0.0,0,1,0,1.0,0.0
7b215870-71d5-4d0c-8cd9-37ec90be2f8b,Netflix,Entertainment,anila kn,Unknown,5,2025-10-22 16:53:30,sooo good,sooo good,0,2,9,0,0,0,1.0,0,0,0.4404,1,0,1,0.0,0,1,0,5.0,0.0
c798e206-955d-4728-8da3-90849b7a211a,Netflix,Entertainment,Sippy Cup Johnson,Unknown,5,2025-10-22 17:03:04,"Ever since Kill Tony was added, I've enjoyed Netflix. never remove Breaking Bad.","ever since kill tony was added, i've enjoyed netflix. never remove breaking bad.",0,13,80,0,0,0,1.0,0,0,0.1154,1,0,1,0.0,0,1,0,5.0,0.0
6bba05df-4e0a-4b75-9826-60c8dfd21f63,Netflix,Entertainment,Ali Raza,Unknown,5,2025-10-22 17:09:09,very good experience,very good experience,0,3,20,0,0,0,1.0,0,0,0.4927,1,0,1,0.0,0,1,0,5.0,0.0
25e6f233-f54a-4c7b-bcf5-04a4eef17e85,Netflix,Entertainment,Naruto,Unknown,1,2025-10-22 17:12:53,never runs the video and always displays problem playing this video and this happens almost everytime I try to watch anything. my subscription is going waste,never runs the video and always displays problem playing this video and this happens almost everytime i try to watch anything. my subscription is going waste,1,26,157,0,0,0,0.8846153846153846,0,1,-0.5719,1,0,1,0.0,0,1,0,1.0,0.0
d875d1ca-d282-449f-8d34-fa2e58547473,Netflix,Entertainment,Melissa Matthews,Unknown,1,2025-10-22 17:16:06,I currently have issues with the app that keep on restarting itself on my cell phone,i currently have issues with the app that keep on restarting itself on my cell phone,0,16,84,0,0,0,0.9375,0,1,0.0,1,0,1,0.0,0,1,0,1.0,0.0
f9e9d0a0-89af-4d09-94e1-fb61d393a374,Netflix,Entertainment,dennis agbabuwe,Unknown,1,2025-10-22 17:54:54,"I’ve been trying to pay for my Netflix subscription, but the transaction cannot be completed at this time, and my account is currently on hold. It’s really frustrating.","i’ve been trying to pay for my netflix subscription, but the transaction cannot be completed at this time, and my account is currently on hold. it’s really frustrating.",0,28,168,0,0,0,0.9642857142857143,0,0,-0.6694,1,0,1,0.0,0,1,0,1.0,0.0
9a559c83-c956-41ab-a54e-eaca1d84a339,Netflix,Entertainment,Jason Smallwood,Unknown,5,2025-10-22 18:51:10,Netflix is brilliant,netflix is brilliant,0,3,20,0,0,0,1.0,0,0,0.5859,1,0,1,0.0,0,1,0,5.0,0.0
921a0ae4-f687-4d9e-903e-d488a4df430a,Netflix,Entertainment,Keona Davis,Unknown,5,2025-10-22 19:14:58,Who doesn't love Netflix?,who doesn't love netflix?,0,4,25,0,0,0,1.0,0,0,-0.5216,1,0,1,0.0,0,1,1,5.0,0.0
b6447aa4-4ea9-4a93-89d1-32df5633b598,Netflix,Entertainment,Chris F,Unknown,5,2025-10-22 19:22:18,"using it for years, content's started to slip but works fine everywhere I've had internet!! Europe, Asia, Africa, North and South America! all over the world. Really need to invest in content though! I'm off else","using it for years, content's started to slip but works fine everywhere i've had internet!! europe, asia, africa, north and south america! all over the world. really need to invest in content though! i'm off else",0,36,212,0,0,0,0.9722222222222222,0,0,0.5216,1,0,1,0.0,0,1,0,5.0,0.0
003f7a71-6281-4be6-be10-52582a806c43,Netflix,Entertainment,Fred Green Green,Unknown,4,2025-10-22 19:31:14,Too many foreign languages and noway to change to English.,too many foreign languages and noway to change to english.,0,10,58,0,0,0,0.9,0,0,0.0,1,0,1,0.0,0,1,0,4.0,0.0
d3bdbcdb-7eea-4834-a507-627c6f014491,Netflix,Entertainment,Craig Marlow,Unknown,4,2025-10-22 20:01:03,"Pretty good so far, need to get some new Suits episodes.","pretty good so far, need to get some new suits episodes.",0,11,56,0,0,0,1.0,0,0,0.7269,1,0,1,0.0,0,1,0,4.0,0.0
e82544d6-962c-45f0-b85f-046c43171639,Netflix,Entertainment,millie hepworth,Unknown,5,2025-10-22 20:02:49,its fun and i love waching it divasss iloveyouuu,its fun and i love waching it divasss iloveyouuu,0,9,48,0,0,0,1.0,0,0,0.8176,1,0,1,0.0,0,1,0,5.0,0.0
e56d9f74-19f7-4f32-918f-629d70f23cb9,Netflix,Entertainment,Imisa Centane,Unknown,2,2025-10-22 20:44:56,never tried,never tried,0,2,11,0,0,0,1.0,0,0,0.0,1,0,1,0.0,0,1,0,2.0,0.0
1d6a2b27-8381-4034-9eda-b5aeca33eb93,Netflix,Entertainment,Jagir Singh,Unknown,5,2025-10-22 20:54:06,"""ALL OF US ARE DEAD"" SEASON 2,WHEN IT WILL RELEASE WAITING FOR 2 YEARS.","""all of us are dead"" season 2,when it will release waiting for 2 years.",0,14,71,0,0,13,1.0,0,0,-0.6486,1,0,1,0.0,0,1,1,5.0,0.0
c7bcb6a7-dc9f-4c33-bc8d-ac7531126d8a,Netflix,Entertainment,Nevaeh Cortright,Unknown,5,2025-10-22 21:03:03,Netflix is awesome because you can watch a lot of movies on their,netflix is awesome because you can watch a lot of movies on their,0,13,65,0,0,0,1.0,0,0,0.6249,1,0,1,0.0,0,1,0,5.0,0.0
dc17c669-f176-4c66-bdfd-393d0d5b6227,Netflix,Entertainment,Catherine Vakacegu,Unknown,4,2025-10-23 00:03:14,"I love netflix, however there movies are limited but they also have some really good tv series.","i love netflix, however there movies are limited but they also have some really good tv series.",0,17,95,0,0,0,1.0,0,0,0.7535,1,0,1,0.0,0,1,0,4.0,0.0
d41d5fb3-d28b-42b9-8665-2b723d246f32,Netflix,Entertainment,Océane Berchmans,Unknown,3,2025-10-23 00:51:20,I love Netflix but why do you remove all the good movies? 🥀,i love netflix but why do you remove all the good movies? 🥀,0,13,59,1,0,0,1.0,0,0,0.7543,1,0,1,0.0,0,1,0,3.0,0.0
f09e2723-ecc5-4ae1-9505-d0e9d2a9c0be,Netflix,Entertainment,Katherine Garcia,Unknown,4,2025-10-23 00:54:56,It would be great if I could have it in my front room.,it would be great if i could have it in my front room.,0,13,54,0,0,0,0.9230769230769231,0,0,0.6249,1,0,1,0.0,0,1,0,4.0,0.0
1a14df0d-ab03-4ae6-91fa-dca1979cd911,Netflix,Entertainment,Delma,Unknown,5,2025-10-23 01:42:39,LOVE THE MOVIES AND PROGRAMS THAT THEY PRODUCE AND PROVIDE,love the movies and programs that they produce and provide,0,10,58,0,0,10,0.9,0,0,0.6369,1,0,1,0.0,0,1,0,5.0,0.0
2f2f9c37-584c-4b9a-81ec-7e42f4179da1,Netflix,Entertainment,Aijaz Abro,Unknown,5,2025-10-23 01:54:44,Aijaz Abro 7860,aijaz abro 7860,0,3,15,0,0,0,1.0,0,0,0.0,1,0,1,0.0,0,1,0,5.0,0.0
b26921f7-5f1a-460f-ae5d-2af731fd4d44,Netflix,Entertainment,ellery crossman,Unknown,2,2025-10-23 03:03:30,app keeps shutting down,app keeps shutting down,0,4,23,0,0,0,1.0,0,1,0.0,1,0,1,0.0,0,1,0,2.0,0.0
c5a93b40-1e18-4569-95fe-57db13866fa9,Netflix,Entertainment,SH KING,Unknown,2,2025-10-23 03:08:50,primium price 99 kardijiay,primium price 99 kardijiay,0,4,26,0,0,0,1.0,0,0,0.0,1,0,1,0.0,0,1,0,2.0,0.0
317026b0-e4af-4bff-8675-171a58704d5e,Netflix,Entertainment,VAMSHI FF GAMING,Unknown,5,2025-10-23 03:39:06,OG JAI POWER STAR,og jai power star,1,4,17,0,0,4,1.0,0,0,0.0,1,0,1,0.0,0,1,0,5.0,0.0
39983f95-8222-4cb2-9584-81a0e2778db3,Netflix,Entertainment,Srinivas Pogiri,Unknown,5,2025-10-23 03:40:15,first time down load for OG movie Pawan Kalyan sir ♥️,first time down load for og movie pawan kalyan sir ♥️,0,11,53,0,0,1,1.0,0,0,0.6369,1,0,1,0.0,0,1,0,5.0,0.0
23cc0427-4180-4811-af45-fedce96eb96e,Netflix,Entertainment,Levi Toney,Unknown,5,2025-10-23 03:46:14,Netflix offers u with amazing shows and movies. I love the show i have been watching. I recomend it!,netflix offers u with amazing shows and movies. i love the show i have been watching. i recomend it!,3,19,100,0,0,0,0.8947368421052632,1,0,0.8516,1,0,1,0.0,0,1,0,5.0,0.0
0008ea8a-88d3-4459-8915-8c886d8da5d2,Netflix,Entertainment,A Google user,Unknown,5,2025-10-23 03:50:13,❤️❤️❤️❤️❤️❤️❤️,❤️❤️❤️❤️❤️❤️❤️,0,1,14,0,0,0,1.0,0,0,0.0,1,0,10,881220.0,0,1,0,3.4,1.6465452046971292
84a08431-9d86-4e8d-8120-55c0a2e8dac2,Netflix,Entertainment,Robert Haworth III (Bob),Unknown,5,2025-10-23 05:49:57,Netflix is the number 1 entertainment app available and is worth every penny,netflix is the number 1 entertainment app available and is worth every penny,2,13,76,0,0,0,0.9230769230769231,0,1,0.6124,1,0,1,0.0,0,1,0,5.0,0.0
7a7f6166-89be-4067-92d5-00cc1cb09cc6,Netflix,Entertainment,Lakshit,Unknown,5,2025-10-23 06:15:52,good app,good app,0,2,8,0,0,0,1.0,0,1,0.4404,1,0,1,0.0,0,4,0,5.0,0.0
99b6d231-0333-4192-9a02-856ecc249b3f,Netflix,Entertainment,Raj Pandey,Unknown,5,2025-10-23 06:20:33,So Attraction app,so attraction app,0,3,17,0,0,0,1.0,0,1,0.5095,1,0,1,0.0,0,1,0,5.0,0.0
254ecdaf-63fa-4b78-a0db-a55edbc701ce,Netflix,Entertainment,Dennis Bagsic,Unknown,3,2025-10-23 06:38:30,"1y gvbbh saq az1`₩zas ☆zs p ""","1y gvbbh saq az1`₩zas ☆zs p """,0,7,29,0,0,0,1.0,0,0,0.0,1,0,1,0.0,0,1,0,3.0,0.0
6886d225-7e8d-47e3-9014-c4c9d501514b,Netflix,Entertainment,Zhi Liang Lee,Unknown,5,2025-10-23 06:57:12,Awesome 👍🏻👍🏻👍🏻,awesome 👍🏻👍🏻👍🏻,0,2,14,6,0,0,1.0,0,0,0.6249,1,0,1,0.0,0,1,0,5.0,0.0
62d833a1-1c78-4b5b-a25e-aa70f82cd8f5,Netflix,Entertainment,Paul Gitau,Unknown,5,2025-10-23 06:58:46,very interesting,very interesting,0,2,16,0,0,0,1.0,0,0,0.4576,1,0,1,0.0,0,1,0,5.0,0.0
a3560d3c-33cb-48f0-9b8f-a1cd30d4443d,Netflix,Entertainment,WILLIAM HOHNSTEIN,Unknown,4,2025-10-23 07:29:26,Bla bla bla bla bla,bla bla bla bla bla,0,5,19,0,0,0,0.2,0,0,0.0,1,0,1,0.0,0,1,0,4.0,0.0
809bef1d-e996-4685-a990-c31c47bb5db5,Netflix,Entertainment,Harjas Singh,Unknown,4,2025-10-23 07:53:45,it is the best streaming app rn but im giving it 4 stars because their is no mcu movies there....the only thing im cutting 1 star is because of mcu movies so you guys should add mcu movies!!!,it is the best streaming app rn but im giving it 4 stars because their is no mcu movies there....the only thing im cutting 1 star is because of mcu movies so you guys should add mcu movies!!!,0,38,191,0,0,0,0.7894736842105263,0,1,0.4635,1,0,1,0.0,0,1,0,4.0,0.0
e9db665f-20e4-44cd-8200-f978a4e883b3,Netflix,Entertainment,Shaimaa Eledawy,Unknown,4,2025-10-23 08:18:48,Loveeeee it....i don't want to be rude but could u guys let people go in there account bc when I don't have WiFi it doesn't let me go into my account to watch my downloads :(,loveeeee it....i don't want to be rude but could u guys let people go in there account bc when i don't have wifi it doesn't let me go into my account to watch my downloads :(,0,36,174,0,0,0,0.8333333333333334,1,0,-0.715,1,0,1,0.0,0,1,1,4.0,0.0
30e607a6-636b-4158-90fa-6c71809d169c,Netflix,Entertainment,Michael Warrrick,Unknown,5,2025-10-23 08:24:21,everything okay 👍,everything okay 👍,0,3,17,1,0,0,1.0,0,0,0.2263,1,0,1,0.0,0,1,0,5.0,0.0
84ce1450-edb9-44e3-8495-0ca77996500c,Netflix,Entertainment,Sora Weong,Unknown,5,2025-10-23 09:03:37,the Netflix is so cool with no ads but my problems is you need to pay Netflix,the netflix is so cool with no ads but my problems is you need to pay netflix,0,17,77,0,0,0,0.8823529411764706,0,0,-0.5975,1,0,1,0.0,0,1,1,5.0,0.0
d36f174d-4179-46ca-8f8a-d43b1754de97,Netflix,Entertainment,M C,Unknown,1,2025-10-23 09:07:56,Paying to see adds is the stupidest thing they may have ever thought of.,paying to see adds is the stupidest thing they may have ever thought of.,0,14,72,0,0,0,1.0,0,0,-0.5267,1,0,1,0.0,0,1,0,1.0,0.0
f23bf7c3-517c-4073-932d-fbaad6c21bc5,Netflix,Entertainment,Pushpendra Kumar,Unknown,1,2025-10-23 09:51:01,easy to watch all movies,easy to watch all movies,0,5,24,0,0,0,1.0,0,0,0.4404,1,0,1,0.0,0,1,0,1.0,0.0
24b31de9-1a9a-48d5-acff-b65dcd9509d0,Netflix,Entertainment,Nozi,Unknown,3,2025-10-23 10:00:43,"awful.... I cant get to play a video. whether it be by wifi or video I cant. it loads forever. I Uninstaller it,and installed it again. then I signed out and signed in again. nothing works.","awful.... i cant get to play a video. whether it be by wifi or video i cant. it loads forever. i uninstaller it,and installed it again. then i signed out and signed in again. nothing works.",1,36,189,0,0,0,0.8055555555555556,1,0,-0.6169,1,0,1,0.0,0,1,0,3.0,0.0
fedcd45c-687d-440d-ac58-5538cf30df6a,Netflix,Entertainment,Cliff Mackson,Unknown,5,2025-10-23 10:39:54,this is the best app ever it's awesome,this is the best app ever it's awesome,0,8,38,0,0,0,1.0,0,1,0.8519,1,0,1,0.0,0,1,0,5.0,0.0
e0cb7c9e-ff55-40d3-88b5-ab2e4d74717d,Netflix,Entertainment,Jayaranjandas,Unknown,5,2025-10-23 10:59:18,og movie kosam,og movie kosam,0,3,14,0,0,0,1.0,0,0,0.0,1,0,1,0.0,0,1,0,5.0,0.0
4bdf42ca-e4e7-4aaa-83c2-dd56ba9f7293,Netflix,Entertainment,Lloyd Shange,Unknown,1,2025-10-23 11:09:57,My netflix doesn't want to play but I paid,my netflix doesn't want to play but i paid,1,9,42,0,0,0,1.0,0,0,-0.1603,1,0,1,0.0,0,1,0,1.0,0.0
221c9071-57ba-431f-92d5-e9cd412db269,Netflix,Entertainment,Imtiaz Ali,Unknown,3,2025-10-23 11:25:52,Very good,very good,0,2,9,0,0,0,1.0,0,0,0.4927,1,0,1,0.0,0,4,0,3.0,0.0
de18d149-935e-47b7-9fae-5fa60ac5443b,Netflix,Entertainment,NAVEEN CHINNA,Unknown,1,2025-10-23 11:44:38,no 1 useless app the worst ott platform I ever seen 😡😡😡,no 1 useless app the worst ott platform i ever seen 😡😡😡,0,12,55,3,0,0,1.0,0,1,-0.6083,1,0,1,0.0,0,1,0,1.0,0.0
b3b83766-9147-4219-9e1e-93beffb1f45b,Netflix,Entertainment,Prosenjit Das,Unknown,5,2025-10-23 11:58:37,Best ott channel,best ott channel,0,3,16,0,0,0,1.0,0,0,0.6369,1,0,1,0.0,0,1,0,5.0,0.0
3b790682-786a-455f-aebb-0cbf353ccacf,Netflix,Entertainment,One piece,Unknown,5,2025-10-23 12:03:19,hoo good,hoo good,0,2,8,0,0,0,1.0,0,0,0.4404,1,0,1,0.0,0,1,0,5.0,0.0
6d2686c5-7bca-46ce-8518-d773fb52c3d3,Netflix,Entertainment,Ronald Cuevas,Unknown,5,2025-10-23 12:03:30,so great my fav thing to watch,so great my fav thing to watch,1,7,30,0,0,0,1.0,0,0,0.8251,1,0,1,0.0,0,1,0,5.0,0.0
f566fea3-db43-465c-bad2-7b5901290006,Netflix,Entertainment,Rahul Kumar,Unknown,1,2025-10-23 12:28:55,"So bad app opening, I logged in with my number but the app did not open, it is saying don't believe the number 😡😡😡😡😡 very harassing","so bad app opening, i logged in with my number but the app did not open, it is saying don't believe the number 😡😡😡😡😡 very harassing",0,26,131,5,0,0,0.8846153846153846,0,1,-0.8303,1,0,1,0.0,0,1,0,1.0,0.0
96cf3452-28f4-4e51-9860-0840d145d93b,Netflix,Entertainment,Siew Mei yen,Unknown,5,2025-10-23 12:54:12,delicious,delicious,0,1,9,0,0,0,1.0,0,0,0.5719,1,0,1,0.0,0,1,0,5.0,0.0
f3a7a923-f991-48e5-ab42-f21ef92af85f,Netflix,Entertainment,K W,Unknown,2,2025-10-23 12:54:48,"Steaming skipping 10 second's of footage mid show multiple times.(disguised as buffering), even with 230MB per second download speed. frustrating app.","steaming skipping 10 second's of footage mid show multiple times.(disguised as buffering), even with 230mb per second download speed. frustrating app.",4,21,150,0,0,1,1.0,1,1,-0.4404,1,0,1,0.0,0,1,0,2.0,0.0
cb651755-a349-4492-ae5d-c12456ebdc7c,Netflix,Entertainment,Alai Alazai,Unknown,3,2025-10-23 12:55:53,why am I unable to adjust the brightness? it's so hard to watch movie... everything seems so dark.,why am i unable to adjust the brightness? it's so hard to watch movie... everything seems so dark.,0,18,98,0,0,0,0.8888888888888888,0,0,0.228,1,0,1,0.0,0,1,0,3.0,0.0
0b2d7131-1007-48f7-82cf-a6727d9596e4,Netflix,Entertainment,Ilove beanbag,Unknown,1,2025-10-23 13:05:08,Trash bitrate,trash bitrate,0,2,13,0,0,0,1.0,0,0,0.0,1,0,1,0.0,0,1,0,1.0,0.0
8d1c0dc2-36b7-419d-8dc7-66f3a9d27e31,Netflix,Entertainment,Dildar Hussain,Unknown,1,2025-10-23 13:31:12,luck you,luck you,0,2,8,0,0,0,1.0,0,0,0.4588,1,0,1,0.0,0,1,0,1.0,0.0
0a95f8b7-8928-478f-bc32-6e9ff213c04f,Netflix,Entertainment,Chandru Raisinghani,Unknown,5,2025-10-23 13:34:58,they are short n real subject.s which are facts of todays generation which seniors to follow n adjust 500,they are short n real subject.s which are facts of todays generation which seniors to follow n adjust 500,0,19,105,0,0,0,0.8421052631578947,0,0,0.0,1,0,1,0.0,0,1,0,5.0,0.0
1e0fd3dc-55a1-463e-b724-ada894726b6c,Netflix,Entertainment,Kondalgoud KondalGoud,Unknown,1,2025-10-23 13:43:16,arey pichi lanjakodaka log in cheyya dakani ganta sepu paduthundi aina vasthaledhu,arey pichi lanjakodaka log in cheyya dakani ganta sepu paduthundi aina vasthaledhu,0,12,82,0,0,0,1.0,0,0,0.0,1,0,1,0.0,0,1,0,1.0,0.0
f8f7850b-3718-4833-90c7-64ae56f24e6b,Netflix,Entertainment,Gamey Gryl,Unknown,3,2025-10-23 13:50:10,App works fine. Though I find it disconcerting that Samsung is the only way I get updates for the app. It should be Google Play. Using Samsung devices.,app works fine. though i find it disconcerting that samsung is the only way i get updates for the app. it should be google play. using samsung devices.,0,28,151,0,0,0,0.8571428571428571,0,1,0.4939,1,0,1,0.0,0,1,0,3.0,0.0
3084974e-884b-4054-939a-f1c824117e88,Netflix,Entertainment,Abigail Meyer,Unknown,3,2025-10-23 14:33:43,I like it,i like it,0,3,9,0,0,0,1.0,0,0,0.3612,1,0,1,0.0,0,2,0,3.0,0.0
5125c215-98b2-4e3f-aca8-00a680ab38ab,Netflix,Entertainment,Enock Blessed kaliya,Unknown,5,2025-10-23 15:14:46,🇲🇼😉😉😉😉😉,🇲🇼😉😉😉😉😉,0,1,7,7,0,0,1.0,0,0,0.0,1,0,1,0.0,0,1,0,5.0,0.0
3f261203-9018-46e5-a5a9-08b5edd30ac4,Netflix,Entertainment,Anand ram,Unknown,1,2025-10-23 15:23:48,West bro nenu 1 manth recharge chesthe 10 lo malli recharge chai mani stop ayepoyendi,west bro nenu 1 manth recharge chesthe 10 lo malli recharge chai mani stop ayepoyendi,0,15,85,0,0,0,0.9333333333333333,0,1,-0.296,1,0,1,0.0,0,1,0,1.0,0.0
6da30144-83e4-4ce8-91f4-09f1a2968da0,Netflix,Entertainment,Sini Rautelin,Unknown,1,2025-10-23 15:44:41,If I'm paying for a certain amount of screens I should not matter where they are located.,if i'm paying for a certain amount of screens i should not matter where they are located.,0,17,89,0,0,0,1.0,0,0,0.2561,1,0,1,0.0,0,1,0,1.0,0.0
2921d0ce-00b9-45e1-b60d-64fabaa74388,Netflix,Entertainment,Naqash Shah,Unknown,3,2025-10-23 15:52:44,we de,we de,0,2,5,0,0,0,1.0,0,0,0.0,1,0,1,0.0,0,1,0,3.0,0.0
6c9a1e2d-1f2c-44ff-a1ce-15817d6ed7b9,Netflix,Entertainment,Anshu,Unknown,5,2025-10-23 15:57:41,wow nice 👍,wow nice 👍,0,3,10,1,0,0,1.0,0,0,0.765,1,0,1,0.0,0,1,0,5.0,0.0
6e1cfa58-911e-4756-9771-832bef7ae4da,Netflix,Entertainment,Rakib Miji,Unknown,1,2025-10-23 16:07:05,Bangladesh issues to buy Netflix,bangladesh issues to buy netflix,0,5,32,0,0,0,1.0,0,0,0.0,1,0,1,0.0,0,1,0,1.0,0.0
2d578e7e-dad0-43d7-a654-a1eb602d27d0,Netflix,Entertainment,Markus Lukas,Unknown,1,2025-10-23 16:09:04,App not working properly doesn't want to open,app not working properly doesn't want to open,0,8,45,0,0,0,1.0,0,1,-0.0572,1,0,1,0.0,0,1,0,1.0,0.0
48c28c61-0af2-4efd-8298-ddc9d190989c,Netflix,Entertainment,Black White,Unknown,1,2025-10-23 16:12:50,log in problem,log in problem,0,3,14,0,0,0,1.0,0,0,-0.4019,1,0,1,0.0,0,1,0,1.0,0.0
fb28e344-d337-404f-94b7-531ea003b776,Netflix,Entertainment,Mahesh Rai K G,Unknown,1,2025-10-23 16:38:55,worst app not open app in mobile can you give refund for this,worst app not open app in mobile can you give refund for this,0,13,61,0,0,0,0.9230769230769231,0,1,-0.6249,1,0,1,0.0,0,1,0,1.0,0.0
57f34340-32bf-4abb-aa2a-da8ecf17fcc8,Netflix,Entertainment,peter rossouw,Unknown,1,2025-10-23 17:19:48,And we pay to watch dub movies. seriously,and we pay to watch dub movies. seriously,0,8,41,0,0,0,1.0,0,0,-0.2732,1,0,1,0.0,0,1,0,1.0,0.0
307c8ed9-9e08-4ad8-ab55-c8abcd369389,Netflix,Entertainment,HAVOC,Unknown,1,2025-10-23 17:31:58,"Just Awful. Sneaking transgenderism on our kids! Netflix will get another dime from me, I will not fund this PDF FILE scheme","just awful. sneaking transgenderism on our kids! netflix will get another dime from me, i will not fund this pdf file scheme",0,22,124,0,0,2,0.9545454545454546,0,0,-0.5093,1,0,1,0.0,0,1,0,1.0,0.0
7e987f3b-e4b1-41ec-8bbe-74f233baa1cb,Netflix,Entertainment,Trish Chambers,Unknown,5,2025-10-23 17:41:53,exalint,exalint,0,1,7,0,0,0,1.0,0,0,0.0,1,0,1,0.0,0,1,0,5.0,0.0
833ad371-296b-4b41-a6fe-c957710aa03d,Netflix,Entertainment,Sanjay Singh,Unknown,1,2025-10-23 17:44:06,It's getting the worst app. Video always gets paused and it shows Netflix error 5.10. This error continuously occurs while watching which is pathetic.,it's getting the worst app. video always gets paused and it shows netflix error 5.10. this error continuously occurs while watching which is pathetic.,0,24,150,0,0,0,0.9583333333333334,0,1,-0.9217,1,0,1,0.0,0,1,0,1.0,0.0
06ed5de7-809a-49e5-9dea-504ce3cc0102,Netflix,Entertainment,Toji Zenin,Unknown,5,2025-10-23 18:02:04,bohot expensive hai,bohot expensive hai,0,3,19,0,0,0,1.0,0,1,0.0,1,0,1,0.0,0,1,0,5.0,0.0
8e3b250c-05ad-4de3-a6bc-3964d2c6d052,Netflix,Entertainment,Dnial H,Unknown,2,2025-10-23 18:07:00,netflix keeps bugging and its also affect my phone interface. Ive realized this after it happens like dozens time,netflix keeps bugging and its also affect my phone interface. ive realized this after it happens like dozens time,0,19,113,0,0,0,1.0,0,1,0.3612,1,0,1,0.0,0,1,0,2.0,0.0
55e060b5-dbfd-4805-920b-5edd3dfe23f4,Netflix,Entertainment,Husnain Bhatti,Unknown,5,2025-10-23 18:33:15,THIS TOO SHALL PASS JAB KHABI MAIN YEH COMMENT DEKHO GY AGTER LONG TIME MUJHA AJJ KA WAQAT YAD AY GA I MISS YOU 🥺,this too shall pass jab khabi main yeh comment dekho gy agter long time mujha ajj ka waqat yad ay ga i miss you 🥺,0,25,113,1,0,23,1.0,0,0,-0.1531,1,0,1,0.0,0,1,0,5.0,0.0
bef0be5f-01d9-40bb-8879-815001009a92,Netflix,Entertainment,Sandy Manohar,Unknown,1,2025-10-23 18:43:28,always loading.Why u take my money if ur not working properly,always loading.why u take my money if ur not working properly,0,11,61,0,0,0,1.0,0,0,0.0,1,0,1,0.0,0,1,0,1.0,0.0
636fedf5-cf45-4751-b917-680b7e689eb2,Netflix,Entertainment,Vipul Nagrale,Unknown,1,2025-10-23 18:53:26,Application not working since yesterday.,application not working since yesterday.,1,5,40,0,0,0,1.0,0,1,0.0,1,0,1,0.0,0,1,0,1.0,0.0
769f15cd-ad3f-4704-927b-6ef614613345,Netflix,Entertainment,Victor ?P,Unknown,1,2025-10-23 18:54:44,"would give 0 stars if possible too many ads cant even go on vacation without it telling you ""this device isnt part of the household"" complete bs not worth the lack of good shows","would give 0 stars if possible too many ads cant even go on vacation without it telling you ""this device isnt part of the household"" complete bs not worth the lack of good shows",0,34,177,0,0,0,0.9411764705882353,0,0,0.4932,1,0,1,0.0,0,1,0,1.0,0.0
80e4d508-9094-445e-9b41-df181ccc1aa9,Netflix,Entertainment,Lee Freeth,Unknown,4,2025-10-23 18:57:06,good channel need more good stuff like it use to be,good channel need more good stuff like it use to be,0,11,51,0,0,0,0.9090909090909091,0,0,0.8341,1,0,1,0.0,0,1,0,4.0,0.0
550549dd-fa4b-47cc-9a64-cf2cd43ecddb,Netflix,Entertainment,dylan schoey,Unknown,3,2025-10-23 19:24:02,there is good movies and shows on here but there isnt ALWAYS something to watch but usually when i find something to watch it is very good. love netflix its just not the best.,there is good movies and shows on here but there isnt always something to watch but usually when i find something to watch it is very good. love netflix its just not the best.,0,34,175,0,0,1,0.8235294117647058,0,0,0.8362,1,0,1,0.0,0,1,0,3.0,0.0
3dff28b9-04f0-4a2e-b475-fbe933847dc5,Netflix,Entertainment,Gabriela Lupu,Unknown,1,2025-10-23 19:32:59,Download button is not available on Pixel 9 Pro devices running on Android 16. Spoke to Netflix support and they simply said my device doesn't support downloads. They have no interest in fixing this.,download button is not available on pixel 9 pro devices running on android 16. spoke to netflix support and they simply said my device doesn't support downloads. they have no interest in fixing this.,0,34,199,0,0,0,0.9117647058823529,1,0,-0.2589,1,0,1,0.0,0,1,0,1.0,0.0
fdbbe9a4-7c22-4a97-a279-efb04c6e7acb,Netflix,Entertainment,Tshepo Mooketsi,Unknown,5,2025-10-23 19:37:00,i try to install netflix on my phone,i try to install netflix on my phone,0,8,36,0,0,0,1.0,1,0,0.0,1,0,1,0.0,0,1,0,5.0,0.0
0462c9a3-c997-4f1c-b5bd-0b65855d6fd7,Netflix,Entertainment,Fabrice Malacrida,Unknown,1,2025-10-23 19:51:27,blocks saying your are using vpn. I don't. end of discussion,blocks saying your are using vpn. i don't. end of discussion,0,11,60,0,0,0,1.0,0,0,-0.2263,1,0,1,0.0,0,1,0,1.0,0.0
b2b0264e-5489-46ec-bfc4-3139973c0de4,Netflix,Entertainment,K Talwar,Unknown,2,2025-10-23 19:56:29,"They advertise that they have certain shows, then they don't have the advertised show.","they advertise that they have certain shows, then they don't have the advertised show.",0,14,86,0,0,0,0.7857142857142857,0,0,0.2732,1,0,1,0.0,0,1,0,2.0,0.0
3748199f-78b5-4cd1-b03d-66cda1fc55b7,Netflix,Entertainment,Aniket Rajput,Unknown,5,2025-10-23 20:03:39,Nice App,nice app,0,2,8,0,0,0,1.0,0,1,0.4215,1,0,1,0.0,0,3,0,5.0,0.0
f6f62372-b18b-4d4b-bd9b-b073c3791b6e,Netflix,Entertainment,alex Montreal,Unknown,1,2025-10-23 22:02:23,no support,no support,0,2,10,0,0,0,1.0,0,0,-0.3089,1,0,1,0.0,0,1,0,1.0,0.0
23c47625-e7e3-41b4-b947-065da93b0ce2,Netflix,Entertainment,Chrissimpson,Unknown,2,2025-10-23 23:07:49,trying to get into the app it looks really slow and someone that shows the video keeps freezing. this happens bad both on the phone and on various devices slot smart TVs.,trying to get into the app it looks really slow and someone that shows the video keeps freezing. this happens bad both on the phone and on various devices slot smart tvs.,0,32,170,0,0,0,0.875,1,1,-0.296,1,0,1,0.0,0,1,0,2.0,0.0
cbbb529d-6544-43bc-83ee-e29e65df9c53,Netflix,Entertainment,Qamar Sajjad,Unknown,1,2025-10-23 23:22:01,"Logged me out , me and my brother bought the subscription but it says you must stay in the same house to watch ,if any of us goes out of the country it logges him out !!","logged me out , me and my brother bought the subscription but it says you must stay in the same house to watch ,if any of us goes out of the country it logges him out !!",0,37,169,0,0,0,0.8108108108108109,0,0,0.0,1,0,1,0.0,0,1,0,1.0,0.0
1b516195-b709-4d03-bb93-b6316cc895eb,Netflix,Entertainment,William Beers,Unknown,4,2025-10-23 23:52:38,It's amazing but some shows are missing some of the seasons. Otherwise it's great. 👍,it's amazing but some shows are missing some of the seasons. otherwise it's great. 👍,0,15,84,1,0,0,0.8666666666666667,0,0,0.7391,1,0,1,0.0,0,1,0,4.0,0.0
30debe97-54bf-4de0-a151-c0b824acbf06,Netflix,Entertainment,Kai,Unknown,5,2025-10-23 23:58:07,nice to watch movies,nice to watch movies,0,4,20,0,0,0,1.0,0,0,0.4215,1,0,1,0.0,0,1,0,5.0,0.0
e0379553-e748-4dcc-9d5a-f0f6fa6e5fba,Netflix,Entertainment,Angela Harding,Unknown,3,2025-10-24 00:21:59,"it used to be my to-do app for anytime I want eat while watching but ever since they added ads to it, it's just boring and at this point, YouTube might be better","it used to be my to-do app for anytime i want eat while watching but ever since they added ads to it, it's just boring and at this point, youtube might be better",0,33,161,0,0,0,0.9393939393939394,0,1,0.2617,1,0,1,0.0,0,1,0,3.0,0.0
d9b0a6a7-2aaf-498f-bae0-e8b7ce19264e,Netflix,Entertainment,D J,Unknown,1,2025-10-24 00:33:40,App doesn't play videos.,app doesn't play videos.,0,4,24,0,0,0,1.0,0,1,-0.2584,1,0,1,0.0,0,1,0,1.0,0.0
12839ec2-139f-475e-9d6c-2b6fd67457f7,Netflix,Entertainment,Lucas Servi,Unknown,1,2025-10-24 01:05:32,"Please let me go back using the ""go back"" gesture from my Android phone. I really dislike going to the arrow on the top left of the screen. Please, at least, make it an option.","please let me go back using the ""go back"" gesture from my android phone. i really dislike going to the arrow on the top left of the screen. please, at least, make it an option.",0,35,176,0,0,0,0.9142857142857143,0,0,0.3626,1,0,1,0.0,0,1,0,1.0,0.0
56fc65dc-a3a6-4ddd-bf66-33d81c9bf3de,Netflix,Entertainment,Diane Blanton,Unknown,1,2025-10-24 01:22:11,trying to pay bill,trying to pay bill,0,4,18,0,0,0,1.0,0,0,-0.1027,1,0,1,0.0,0,1,0,1.0,0.0
e6ef4e57-2dc2-40b8-8140-09b84a78c425,Netflix,Entertainment,Carlos Naranjo,Unknown,1,2025-10-24 01:47:15,"I travel a lot and live berween two houses. It's so annoying the ""you are not part of this household .""","i travel a lot and live berween two houses. it's so annoying the ""you are not part of this household .""",0,21,103,0,0,0,1.0,0,0,-0.541,1,0,1,0.0,0,1,0,1.0,0.0
b83c789d-fc61-4d71-b854-870b6991e5e9,Netflix,Entertainment,Dr. Rauf Ahmed Bhuiyan,Unknown,5,2025-10-24 02:26:32,just wow!,just wow!,1,2,9,0,0,0,1.0,0,0,0.6239,1,0,1,0.0,0,1,0,5.0,0.0
c8b8ffb9-e248-4293-a685-39f641375c30,Netflix,Entertainment,Siri Zevach,Unknown,2,2025-10-24 02:54:39,I LITERALLY HATE THE NEWEST UPDATE. I SPEND MORE TIME LOOKING FOR A CATEGORY than watching actual movies/shows. its sooo annoying!!! makes me head straight for paramount!,i literally hate the newest update. i spend more time looking for a category than watching actual movies/shows. its sooo annoying!!! makes me head straight for paramount!,0,27,170,0,0,11,0.9259259259259259,0,0,-0.7696,1,0,1,0.0,0,1,0,2.0,0.0
eca1ed82-f055-46f7-a160-ae3371758c83,Netflix,Entertainment,Jeffrianne De Luna,Unknown,1,2025-10-24 02:56:47,I hope you can make Netflix free.,i hope you can make netflix free.,0,7,33,0,0,0,1.0,1,0,0.7351,1,0,1,0.0,0,1,1,1.0,0.0
6cdfa515-765c-46c6-bfd7-a7f25492ad05,Netflix,Entertainment,GalaxyA05s,Unknown,5,2025-10-24 03:13:16,5stars,5stars,1,1,6,0,0,0,1.0,0,0,0.0,1,0,1,0.0,0,1,0,5.0,0.0
48beed0f-936e-4299-8966-4dee92cde557,Netflix,Entertainment,NIVΚΓΔ,Unknown,1,2025-10-24 03:13:42,"Do you need us to send you a picture of us family member holding hands or something? greedy corpo dogs. let's go back to high sea and stop funding company like this, friends.","do you need us to send you a picture of us family member holding hands or something? greedy corpo dogs. let's go back to high sea and stop funding company like this, friends.",0,33,174,0,0,0,0.9090909090909091,0,0,0.3869,1,0,1,0.0,0,1,0,1.0,0.0
88ffa172-8368-4b99-ac39-601bdf300c7a,Netflix,Entertainment,Vaniny Teck,Unknown,2,2025-10-24 03:40:45,I can't play the moviez,i can't play the moviez,1,5,23,0,0,0,1.0,0,0,-0.2584,1,0,1,0.0,0,1,0,2.0,0.0
2c7bc5f5-2d93-406b-b28a-2842b5337c52,Netflix,Entertainment,HanJie Cheng,Unknown,2,2025-10-24 04:32:20,2nd edit: been a month since previous review post. controls could not be dismissed on pixel 7 pro by tapping on screen. 3rd edit: controls still could not be dismissed on pixel 7 pro by tapping on screen.,2nd edit: been a month since previous review post. controls could not be dismissed on pixel 7 pro by tapping on screen. 3rd edit: controls still could not be dismissed on pixel 7 pro by tapping on screen.,2,38,204,0,0,0,0.6052631578947368,0,1,0.0,1,0,1,0.0,0,1,0,2.0,0.0
eb59f49f-8483-4ebd-8f43-8e887adc87ef,Netflix,Entertainment,Lord Marie Gingo,Unknown,3,2025-10-24 04:56:29,I wanted to watch Netflix and it was very loading even tho I had Wi-Fi and I really wanted to watch MLP so please fix this,i wanted to watch netflix and it was very loading even tho i had wi-fi and i really wanted to watch mlp so please fix this,0,26,122,0,0,1,0.7692307692307693,0,0,0.4572,1,0,1,0.0,0,1,0,3.0,0.0
8dbc2e77-c3c6-4a68-ae0b-2113f5aee652,Netflix,Entertainment,Sheen Cakes,Unknown,5,2025-10-24 05:15:01,not actually good,not actually good,0,3,17,0,0,0,1.0,0,0,-0.3412,1,0,1,0.0,0,1,0,5.0,0.0
f3a30049-e9ca-4269-b420-6bf62a7a41ad,Netflix,Entertainment,Jacob Kusaya,Unknown,1,2025-10-24 06:03:02,bro I can't watch anything 😭,bro i can't watch anything 😭,0,6,28,1,0,0,1.0,0,0,-0.4767,1,0,1,0.0,0,1,0,1.0,0.0
e78499c6-4a52-431c-8e7c-6b1151c62dec,Netflix,Entertainment,Devin Carter,Unknown,1,2025-10-24 06:11:31,no free trial and no way of telling what I'm paying for before I pay for it.,no free trial and no way of telling what i'm paying for before i pay for it.,0,17,76,0,0,0,0.8823529411764706,1,0,-0.6488,1,0,1,0.0,0,1,0,1.0,0.0
f94ace03-7036-4be4-863f-99efa43ce4e2,Netflix,Entertainment,L Sang,Unknown,2,2025-10-24 06:37:16,"it's been many times now ,I get stuck in loading page in screen ,and even after uninstalling or clearing cache it's still same what type of bug is this . It's bad man .","it's been many times now ,i get stuck in loading page in screen ,and even after uninstalling or clearing cache it's still same what type of bug is this . it's bad man .",0,34,168,0,0,1,0.8823529411764706,1,0,-0.6705,1,0,1,0.0,0,1,0,2.0,0.0
c4c0226a-71f5-4faa-a542-5d6764148ba9,Netflix,Entertainment,Sahil Mirgal,Unknown,2,2025-10-24 06:56:32,wrost app no Marathi movies available,wrost app no marathi movies available,0,6,37,0,0,0,1.0,0,1,-0.296,1,0,1,0.0,0,1,0,2.0,0.0
a61e9281-45eb-48b1-9063-a4d8db1babaf,Netflix,Entertainment,Hermae Sulatorio,Unknown,1,2025-10-24 07:07:47,Hindi naman maka sign in ehhh,hindi naman maka sign in ehhh,0,6,29,0,0,0,1.0,0,0,0.0,1,0,1,0.0,0,1,0,1.0,0.0
12c2094a-0466-4698-8a9f-260576f09b3b,Netflix,Entertainment,Caleb Cali,Unknown,1,2025-10-24 07:18:25,logged me put of my phone saying jot part of house hold,logged me put of my phone saying jot part of house hold,0,12,55,0,0,0,0.9166666666666666,0,0,0.0,1,0,1,0.0,0,1,0,1.0,0.0
d88b89b5-c0e8-451c-b5da-96c1aadb4db4,Netflix,Entertainment,srisaibalaprasad yamala,Unknown,2,2025-10-24 07:24:28,after update my mobile resolutions was down grade to sd widwvine l3 showing waste update my mobile model xiaomi 15 latest mobile,after update my mobile resolutions was down grade to sd widwvine l3 showing waste update my mobile model xiaomi 15 latest mobile,0,22,128,0,0,0,0.8181818181818182,0,0,-0.4215,1,0,1,0.0,0,1,0,2.0,0.0
2d2a6abe-cc43-41bd-bddb-67b69c97f6a5,Netflix,Entertainment,Diana Degonia,Unknown,4,2025-10-24 08:36:40,really like it,really like it,0,3,14,0,0,0,1.0,0,0,0.4201,1,0,1,0.0,0,1,0,4.0,0.0
b7efbd00-82e7-46de-a160-671a24a8ff59,Netflix,Entertainment,Anthony Godsplan,Unknown,5,2025-10-24 08:39:34,best of the best any movie your looking for Netflix will give it to ya😘,best of the best any movie your looking for netflix will give it to ya😘,0,15,71,1,0,0,0.9333333333333333,0,0,0.9042,1,0,1,0.0,0,1,0,5.0,0.0
fdee6be6-d339-46ed-8d2f-a61a71011b5b,Netflix,Entertainment,Sumukh,Unknown,1,2025-10-24 08:46:36,Worst app. Sign in not possible,worst app. sign in not possible,0,6,31,0,0,0,1.0,0,1,-0.6249,1,0,1,0.0,0,1,0,1.0,0.0
f38ddc29-ac9e-46cb-bc85-107034673c97,Netflix,Entertainment,Mishita 123,Unknown,5,2025-10-24 08:50:54,Best app ever I like and no problem I needed to face the developers had made this best app ever.,best app ever i like and no problem i needed to face the developers had made this best app ever.,0,20,96,0,0,0,0.85,0,1,0.932,1,0,1,0.0,0,1,0,5.0,0.0
b24dd938-5ee4-4f36-aff8-8a3a68752e87,Netflix,Entertainment,Kilian Nielson,Unknown,1,2025-10-24 08:51:03,My dad pays extra for more accounts and yet i get locked out cause im not physically in the same house. disgusting. just keep pirating 👍,my dad pays extra for more accounts and yet i get locked out cause im not physically in the same house. disgusting. just keep pirating 👍,0,26,136,1,0,0,1.0,0,0,-0.5267,1,0,1,0.0,0,1,0,1.0,0.0
4e40bd58-bee8-4f83-b90c-85f0b3c44e1b,Netflix,Entertainment,Tanisha Bangali,Unknown,1,2025-10-24 09:15:26,payment karne k baad chal hi nahi Raha,payment karne k baad chal hi nahi raha,0,8,38,0,0,0,1.0,0,1,0.0,1,0,1,0.0,0,1,0,1.0,0.0
a4748bf9-638f-4bc6-8329-9e850fdb7858,Netflix,Entertainment,James Bond,Unknown,1,2025-10-24 09:36:40,Pushing agendas i dont like,pushing agendas i dont like,0,5,27,0,0,0,1.0,0,0,-0.2755,1,0,1,0.0,0,1,0,1.0,0.0
b3df6350-8747-401e-ae56-3d32e29e0a6d,Netflix,Entertainment,Elizabeth Howard,Unknown,5,2025-10-24 09:38:00,This is the best movie streaming service because the rewind is easy to use.,this is the best movie streaming service because the rewind is easy to use.,2,14,75,0,0,0,0.8571428571428571,0,0,0.7964,1,0,1,0.0,0,1,0,5.0,0.0
887d96b1-b891-49c4-bb0a-91bfddbbc50c,Netflix,Entertainment,Rhea jean Mercullo,Unknown,5,2025-10-24 09:52:15,Huge variety of movies and series. Streaming quality is superb!,huge variety of movies and series. streaming quality is superb!,0,10,63,0,0,0,1.0,0,0,0.7712,1,0,1,0.0,0,1,0,5.0,0.0
198fffb1-1c4a-4e76-b9ac-f31077f6763a,Netflix,Entertainment,Mairaj Ahmed,Unknown,3,2025-10-24 09:52:33,I am facing an issue. when I opened a certain movie the video was not running. like Spartacus season.,i am facing an issue. when i opened a certain movie the video was not running. like spartacus season.,0,19,101,0,0,0,0.9473684210526315,0,0,-0.0026,1,0,1,0.0,0,1,0,3.0,0.0
cb61c7b7-4b20-4e78-9a87-31713698558a,Netflix,Entertainment,krishan krishan,Unknown,5,2025-10-24 10:06:27,ESAKKIBALAJI,esakkibalaji,0,1,12,0,0,1,1.0,0,0,0.0,1,0,1,0.0,0,1,0,5.0,0.0
bd8fd204-cf36-41a5-b843-57aa146ed6a5,Netflix,Entertainment,Maram Zbib,Unknown,1,2025-10-24 10:21:44,😭😭😭😭😭,😭😭😭😭😭,0,1,5,5,0,0,1.0,0,0,-0.9382,1,0,1,0.0,0,1,0,1.0,0.0
c7ea948b-238d-48c0-baeb-b7b7fb4d5ceb,Netflix,Entertainment,Allan Talam,Unknown,1,2025-10-24 10:22:51,chose not to say,chose not to say,0,4,16,0,0,0,1.0,0,0,0.0,1,0,1,0.0,0,1,0,1.0,0.0
135bd21e-eb7f-4774-a51b-f7366b02cfd1,Netflix,Entertainment,Maththar prince,Unknown,1,2025-10-24 10:31:21,Ye ho nahi raha chalu Iske name ka kutta palu,ye ho nahi raha chalu iske name ka kutta palu,0,10,45,0,0,0,1.0,0,1,0.0,1,0,1,0.0,0,1,0,1.0,0.0
f751c2ef-9b6a-439f-9d43-91b850a0810d,Netflix,Entertainment,Zenaidaong Dejino,Unknown,3,2025-10-24 11:21:09,app date apps please,app date apps please,0,4,20,0,0,0,1.0,0,1,0.3182,1,0,1,0.0,0,1,0,3.0,0.0
0c3d98a1-3b77-47d0-9a1f-3a02e052d4ac,Netflix,Entertainment,Bhavik Tibrewala,Unknown,1,2025-10-24 11:29:58,fraud,fraud,0,1,5,0,0,0,1.0,0,0,-0.5859,1,0,1,0.0,0,1,0,1.0,0.0
8b274f6e-ef02-437e-b702-d60f8491340d,Netflix,Entertainment,Andreas Gahm,Unknown,5,2025-10-24 13:10:51,I don't want the password and the email I want to follow up without a password and email,i don't want the password and the email i want to follow up without a password and email,0,18,88,0,0,0,0.6666666666666666,0,0,0.0201,1,0,1,0.0,0,1,0,5.0,0.0
9e0f051e-65b1-405b-a890-478678d7d2f8,Netflix,Entertainment,Haerin Haewon,Unknown,1,2025-10-24 13:17:05,"why don't you just allow premium users choose quality. imagine, having a good internet but the quality drops lower than 144. I'm never buying another subscription!!","why don't you just allow premium users choose quality. imagine, having a good internet but the quality drops lower than 144. i'm never buying another subscription!!",0,26,164,0,0,0,1.0,0,0,-0.4151,1,0,1,0.0,0,1,0,1.0,0.0
ec56ea1c-80b7-4b87-b19c-7ffe5bae300f,Netflix,Entertainment,D P,Unknown,1,2025-10-24 13:17:54,watching a show and leave it resets and forgets where you were watching . FAIL,watching a show and leave it resets and forgets where you were watching . fail,0,15,78,0,0,1,0.8666666666666667,0,0,-0.5719,1,0,1,0.0,0,1,0,1.0,0.0
61dfdfd9-4d6e-4284-9cd9-2adeabe84fc7,Netflix,Entertainment,Vishal,Unknown,5,2025-10-24 13:22:34,v goog,v goog,0,2,6,0,0,0,1.0,0,0,0.0,1,0,1,0.0,0,1,0,5.0,0.0
7d85468b-6633-4663-abf9-f57be726f8e4,Netflix,Entertainment,Tomer Michael,Unknown,1,2025-10-24 13:49:58,no subtitles and terrible content. also the ui sucks. they dont care about the customers,no subtitles and terrible content. also the ui sucks. they dont care about the customers,5,15,88,0,0,0,0.9333333333333333,0,0,-0.8565,1,0,1,0.0,0,1,0,1.0,0.0
34b8f440-b09c-416e-99c2-9b962a7c75a2,Netflix,Entertainment,Waylon Pope,Unknown,5,2025-10-24 14:10:27,it's one of the best apps I ever had !,it's one of the best apps i ever had !,0,10,38,0,0,0,1.0,0,1,0.6696,1,0,1,0.0,0,1,0,5.0,0.0
426b0097-6192-4a7c-a9af-9f156a33c34d,Netflix,Entertainment,GenZ Driving School,Unknown,5,2025-10-24 14:15:36,Netflix is great the only thing I want it to add is demon slayer the infinity castle,netflix is great the only thing i want it to add is demon slayer the infinity castle,2,17,84,0,0,0,0.8823529411764706,0,0,0.6597,1,0,1,0.0,0,1,0,5.0,0.0
2cffee40-393d-485a-b24e-e4ca7906e80f,Netflix,Entertainment,HitThenRun,Unknown,1,2025-10-24 14:33:53,"After updating the app, every titles i've watch is pixelated too often.. Please fix it!","after updating the app, every titles i've watch is pixelated too often.. please fix it!",0,15,87,0,0,0,1.0,0,1,0.3802,1,0,1,0.0,0,1,0,1.0,0.0
3a3b2c15-a087-4bdb-b6ab-8f381537de75,Netflix,Entertainment,Param Gill,Unknown,2,2025-10-24 14:39:08,when ever i play anything it gets dark even the brightness is full fix this its so frustrating,when ever i play anything it gets dark even the brightness is full fix this its so frustrating,0,18,94,0,0,0,1.0,0,0,0.0667,1,0,1,0.0,0,1,0,2.0,0.0
ef055e33-8c2b-4255-9538-77eb8701cee8,Netflix,Entertainment,virginia paladin,Unknown,5,2025-10-24 14:45:36,thanksyou forgiving me priviledge to watch Netflix salamat po,thanksyou forgiving me priviledge to watch netflix salamat po,0,9,61,0,0,0,1.0,0,0,-0.1779,1,0,1,0.0,0,1,0,5.0,0.0
cc16b0e0-652c-41a9-bdc2-f8133aa3fbbd,Netflix,Entertainment,SA,Unknown,1,2025-10-24 14:55:28,app on my lg tv is so difficult to use now. where do I see genre option?,app on my lg tv is so difficult to use now. where do i see genre option?,0,17,72,0,0,0,1.0,0,1,-0.5009,1,0,1,0.0,0,1,0,1.0,0.0
1b003fe0-07f8-4142-88b9-63c15eebe5f1,Netflix,Entertainment,Shahina Akter,Unknown,1,2025-10-24 14:56:20,really bad,really bad,0,2,10,0,0,0,1.0,0,0,-0.5849,1,0,1,0.0,0,1,0,1.0,0.0
7fdb4794-ad29-4b6b-b9d2-d5dd2524f801,Netflix,Entertainment,Mick Godsey,Unknown,5,2025-10-24 15:23:01,okay 👍,okay 👍,0,2,6,1,0,0,1.0,0,0,0.2263,1,0,1,0.0,0,1,0,5.0,0.0
6b133ec3-58bf-4b37-9007-42bde393a416,Netflix,Entertainment,Elmer Mull,Unknown,3,2025-10-24 15:29:57,not to happy when I was watching Ninjago the bounty got stolen but I fell asleep and I'm awake now and they said now that the bounty is back what the hell that's not very cool,not to happy when i was watching ninjago the bounty got stolen but i fell asleep and i'm awake now and they said now that the bounty is back what the hell that's not very cool,0,36,175,0,0,0,0.8055555555555556,0,1,-0.9227,1,0,1,0.0,0,1,0,3.0,0.0
fa9694ef-9fe3-4512-ba70-ba1ecaf320bc,Netflix,Entertainment,Aniruddha Das,Unknown,5,2025-10-24 15:30:33,খুব ভালো।,খুব ভালো।,0,2,9,0,0,0,1.0,0,0,0.0,1,0,1,0.0,0,1,0,5.0,0.0
6dd57934-e65d-4624-92f1-d7ec7703c103,Netflix,Entertainment,niraj bansal,Unknown,5,2025-10-24 15:47:59,best tv app in India. without ads. I love netflix ❤️,best tv app in india. without ads. i love netflix ❤️,0,11,52,0,0,0,1.0,0,1,0.21,1,0,1,0.0,0,1,0,5.0,0.0
864ba46b-f15e-4085-b054-2353a886c1e6,Netflix,Entertainment,ᴊᴇɴɪsʜᴀ,Unknown,1,2025-10-24 15:54:19,"too bad, costs too much money","too bad, costs too much money",0,6,29,0,0,0,0.8333333333333334,0,0,-0.5423,1,0,1,0.0,0,1,0,1.0,0.0
995bad01-cf2d-49b7-a896-45e1eb3d831a,Netflix,Entertainment,AYOONG PUTRAJAYA,Unknown,1,2025-10-24 16:15:54,neflix should consider to give ipad mini 4 to watch neflix..the update for OS is apple desicion not the user,neflix should consider to give ipad mini 4 to watch neflix..the update for os is apple desicion not the user,0,20,108,0,0,1,0.95,0,1,0.0,1,0,1,0.0,0,1,0,1.0,0.0
03806f84-a213-46f3-9c8e-4ea67d41303c,Netflix,Entertainment,Erin,Unknown,5,2025-10-24 16:35:16,very sigma,very sigma,0,2,10,0,0,0,1.0,0,0,0.0,1,0,1,0.0,0,1,0,5.0,0.0
c8cf2da0-749c-4580-8a63-02b782fb13b4,Netflix,Entertainment,manu krishnan,Unknown,5,2025-10-24 17:42:30,the best movie in the world,the best movie in the world,1,6,27,0,0,0,0.8333333333333334,0,0,0.6369,1,0,1,0.0,0,1,0,5.0,0.0
17697b76-949b-4911-808f-2bd47cf882d1,Netflix,Entertainment,Jeffrey Michael Grobler (Jeff),Unknown,5,2025-10-24 18:17:06,something to take my mind off from work,something to take my mind off from work,0,8,39,0,0,0,1.0,0,0,0.0,1,0,1,0.0,0,1,0,5.0,0.0
70076d9b-d841-4613-a1fe-33d6efc3b76b,Netflix,Entertainment,Creppercraft,Unknown,5,2025-10-24 18:26:43,the best i love this it's very good 🤩,the best i love this it's very good 🤩,0,9,37,1,0,0,1.0,0,0,0.9117,1,0,1,0.0,0,1,0,5.0,0.0
be281099-4ef1-40fc-8e71-f6a075e3ce18,Netflix,Entertainment,Sahil Pithadiya,Unknown,5,2025-10-24 18:27:49,This is the best among all.,this is the best among all.,0,6,27,0,0,0,1.0,0,0,0.6369,1,0,1,0.0,0,1,0,5.0,0.0
cdb54900-c5f3-4179-9760-4970d72c953b,Netflix,Entertainment,Donald Wallingford,Unknown,5,2025-10-24 18:31:29,did you get the stuff for the talk to you later today,did you get the stuff for the talk to you later today,0,12,53,0,0,0,0.8333333333333334,0,0,0.0,1,0,1,0.0,0,1,0,5.0,0.0
d1eaf485-2ac3-49a3-9ddc-98df9e2d9ea9,Netflix,Entertainment,Mary Valentine,Unknown,5,2025-10-24 18:35:37,excellent security ensuring it was me that wanted to log in to my Netflix account.,excellent security ensuring it was me that wanted to log in to my netflix account.,0,15,82,0,0,0,0.9333333333333333,0,0,0.802,1,0,1,0.0,0,1,0,5.0,0.0
844a380a-765d-482a-bf50-8555d373de09,Netflix,Entertainment,Jimmy Sunda,Unknown,2,2025-10-24 18:36:12,Netflix is unfortunately full of dull boring movies nowadays. Disappointed watching every single movie by Netflix. Don't want to pay so much for so dull and boring content.,netflix is unfortunately full of dull boring movies nowadays. disappointed watching every single movie by netflix. don't want to pay so much for so dull and boring content.,0,28,172,0,0,0,0.8928571428571429,0,1,-0.938,1,0,1,0.0,0,1,0,2.0,0.0
8615bf3e-a217-4028-81fd-36547bb40dbe,Netflix,Entertainment,Mohammed Noman,Unknown,2,2025-10-24 18:44:08,stopping multiple times when I am watching,stopping multiple times when i am watching,0,7,42,0,0,0,1.0,0,0,-0.1531,1,0,1,0.0,0,1,0,2.0,0.0
08c465c7-03ea-480b-8149-cea3b3185f09,Netflix,Entertainment,Wisdom man Chiboy,Unknown,5,2025-10-24 19:06:23,Wisdom man Chiboy Bullet,wisdom man chiboy bullet,0,4,24,0,0,0,1.0,0,0,0.5267,1,0,1,0.0,0,1,0,5.0,0.0
91381426-3098-492e-8f87-4d6371ffe200,Netflix,Entertainment,Sohit Saini,Unknown,1,2025-10-24 19:07:45,I dont like this update,i dont like this update,0,5,23,0,0,0,1.0,0,0,-0.2755,1,0,1,0.0,0,1,0,1.0,0.0
7c13b5f8-8eb4-49a3-a41c-1323b505cfb3,Netflix,Entertainment,Sarkari Master - Mohan Patel,Unknown,3,2025-10-24 19:14:28,plz Arrange Iranian movies Hindi dubbed,plz arrange iranian movies hindi dubbed,0,6,39,0,0,0,1.0,0,0,0.0772,1,0,1,0.0,0,1,0,3.0,0.0
b04dfa68-fe28-4a0b-a7c8-074c60e3c4bc,Netflix,Entertainment,Luigi Castillo (Luigi),Unknown,1,2025-10-24 19:26:37,"los delincuentes están metiéndose en mi teléfono gracias a A NETFLIX. ESTA COMPANIA ESTÁ AYUDANDO A LOS DELINCUENTES A ENTRAR EN TU CASA Y EN TODOS LOS DEVICES... QUE ASCO, APARTE HAY QUE PAGARLES","los delincuentes están metiéndose en mi teléfono gracias a a netflix. esta compania está ayudando a los delincuentes a entrar en tu casa y en todos los devices... que asco, aparte hay que pagarles",0,34,196,0,0,21,0.7352941176470589,0,0,0.0,1,0,1,0.0,0,1,0,1.0,0.0
bbca38d0-cb75-4717-a6c5-4195f9ef546d,Netflix,Entertainment,Pheadra Jackson,Unknown,5,2025-10-24 19:28:19,It has been so good i recommend this for shows and cartoon,it has been so good i recommend this for shows and cartoon,0,12,58,0,0,0,1.0,0,0,0.7583,1,0,1,0.0,0,1,0,5.0,0.0
5db9ab79-27cd-4424-ac3f-c8f6450ca946,Netflix,Entertainment,Humphy Azubika,Unknown,5,2025-10-24 19:48:27,I love Netflix,i love netflix,0,3,14,0,0,0,1.0,0,0,0.6369,1,0,1,0.0,0,1,0,5.0,0.0
daa4d915-95bc-43df-bc73-573c5927c3f7,Netflix,Entertainment,Anne,Unknown,5,2025-10-24 19:55:04,I enjoy watching good movies and shows!,i enjoy watching good movies and shows!,0,7,39,0,0,0,1.0,0,0,0.75,1,0,2,0.0,0,1,0,5.0,0.0
51ab47cf-c389-47df-8fad-71f5a03b473f,Netflix,Entertainment,Edward East,Unknown,1,2025-10-24 20:32:13,"rubbish, a real pain to use!!","rubbish, a real pain to use!!",0,6,29,0,0,0,1.0,0,0,-0.5972,1,0,1,0.0,0,1,0,1.0,0.0
442d9daf-376f-4379-b79e-c303e1a5652a,Netflix,Entertainment,Pauvel Mikulin,Unknown,2,2025-10-24 20:47:58,L ads,l ads,0,2,5,0,0,0,1.0,0,0,0.4588,1,0,1,0.0,0,1,0,2.0,0.0
9c9b87c3-d0ec-499f-ab78-d767ba5075a8,Netflix,Entertainment,MarleyHerbie,Unknown,4,2025-10-24 20:54:33,An amazing way to watch films although they could have a few more reality TV shows but overall great!,an amazing way to watch films although they could have a few more reality tv shows but overall great!,0,19,101,0,0,1,1.0,0,0,0.8534,1,0,1,0.0,0,1,0,4.0,0.0
06f113ff-10c0-41e6-aeb8-921efb448d4a,Netflix,Entertainment,John JB,Unknown,5,2025-10-24 20:56:45,I want open here neflex,i want open here neflex,0,5,23,0,0,0,1.0,0,0,0.0772,1,0,1,0.0,0,1,0,5.0,0.0
c76e6292-4f27-4195-a7ae-447c956419db,Netflix,Entertainment,Dana Kelle,Unknown,5,2025-10-24 21:22:59,Danakelle,danakelle,1,1,9,0,0,0,1.0,0,0,0.0,1,0,1,0.0,0,1,0,5.0,0.0
5809d564-dd8e-4275-98f9-ce78123f45c2,Netflix,Entertainment,Nancy Njeri,Unknown,5,2025-10-24 21:27:45,widows split,widows split,1,2,12,0,0,0,1.0,0,0,0.0,1,0,1,0.0,0,1,0,5.0,0.0
650183db-547d-439a-8296-554ffb3d1ab0,Netflix,Entertainment,Bill Russell,Unknown,2,2025-10-24 21:44:13,The app all of a sudden stopped playing videos with no explanation.,the app all of a sudden stopped playing videos with no explanation.,0,12,67,0,0,0,1.0,0,1,-0.3182,1,0,1,0.0,0,1,0,2.0,0.0
e9959e85-6f6b-4699-8408-94891a374921,Netflix,Entertainment,Saud Hussain Shaikh,Unknown,1,2025-10-24 22:48:52,It should be compatible with older versions of IOS. At least 16.0. please do that.,it should be compatible with older versions of ios. at least 16.0. please do that.,0,15,82,0,0,1,1.0,0,0,0.3182,1,0,1,0.0,0,1,0,1.0,0.0
5bd8c02d-8d7f-4522-b179-16c9bd436c31,Netflix,Entertainment,Aileen Estrella,Unknown,1,2025-10-24 23:10:05,Netflix STOP DELETING MY FAVOURITE MOVIES I HAD ENOUGH OF THIS!,netflix stop deleting my favourite movies i had enough of this!,0,11,63,0,0,9,1.0,0,0,-0.3595,1,0,1,0.0,0,1,0,1.0,0.0
cb54c96b-48d4-4a18-97c6-90960ae9c79b,Netflix,Entertainment,Kenneth Beam,Unknown,5,2025-10-24 23:15:56,fair to vewers,fair to vewers,0,3,14,0,0,0,1.0,0,0,0.3182,1,0,1,0.0,0,1,0,5.0,0.0
9a8ab6ec-d984-49ed-8d04-cad166e8230a,Netflix,Entertainment,Madtrickx Dustty,Unknown,5,2025-10-25 00:07:38,great 😃👍🏾,great 😃👍🏾,1,2,9,3,0,0,1.0,0,0,0.765,1,0,1,0.0,0,1,0,5.0,0.0
f5109cd2-ffcb-40eb-8b2c-a5d8fcea78f8,Netflix,Entertainment,Roast Beam,Unknown,1,2025-10-25 00:21:23,Netflix is the reason why we dont have block buster. We thought this was streaming service to remove ads but it was all a plan to make it an ad only service. We need physical media back.,netflix is the reason why we dont have block buster. we thought this was streaming service to remove ads but it was all a plan to make it an ad only service. we need physical media back.,1,37,186,0,0,0,0.8648648648648649,0,0,0.1786,1,0,1,0.0,0,1,0,1.0,0.0
cf815a9f-7a4e-44fe-9b88-46d86ebd7991,Netflix,Entertainment,Nickson Pip,Unknown,2,2025-10-25 00:29:38,not really sure.,not really sure.,0,3,16,0,0,0,1.0,0,0,-0.2912,1,0,1,0.0,0,1,0,2.0,0.0
0dcc39d3-df82-482a-93d0-4f58d71c6361,Netflix,Entertainment,tristan stout,Unknown,4,2025-10-25 00:30:49,Netflix please bring back Minecraft story mode,netflix please bring back minecraft story mode,0,7,46,0,0,0,1.0,0,0,0.3182,1,0,1,0.0,0,1,0,4.0,0.0
b08aec16-c274-4fe4-ad23-f474743a8f74,Netflix,Entertainment,Jadiel Jimenez,Unknown,1,2025-10-25 01:19:50,adding ads,adding ads,0,2,10,0,0,0,1.0,0,0,0.0,1,0,1,0.0,0,1,0,1.0,0.0
56fb1052-e4b1-496e-9f7c-422d89f01809,Netflix,Entertainment,Shoni Grace,Unknown,2,2025-10-25 01:32:40,love all the shows/movies! but please update it again so I can watch it on Chromecast!!!! (phone to TV connection)!!!!!! it's ridiculous that y'all stopped that months ago!!!!,love all the shows/movies! but please update it again so i can watch it on chromecast!!!! (phone to tv connection)!!!!!! it's ridiculous that y'all stopped that months ago!!!!,0,28,175,0,0,1,0.9285714285714286,0,0,-0.3,1,0,1,0.0,0,1,0,2.0,0.0
901b52ab-4c0b-40f4-9ec1-6f401f0b341a,Netflix,Entertainment,Ben Nolen,Unknown,1,2025-10-25 01:55:10,Their surround sound codec has been ruined.,their surround sound codec has been ruined.,0,7,43,0,0,0,1.0,0,0,-0.4767,1,0,1,0.0,0,1,0,1.0,0.0
47f5eece-f70e-4dbb-b630-1f8ffe55d3be,Netflix,Entertainment,Tabitha Reece,Unknown,5,2025-10-25 02:42:33,love it wish it had more Disney shows tho,love it wish it had more disney shows tho,0,9,41,0,0,0,0.8888888888888888,0,0,0.7845,1,0,1,0.0,0,1,0,5.0,0.0
18cf3a32-5882-45fa-af17-a5ab38c8ad32,Netflix,Entertainment,Taylor,Unknown,1,2025-10-25 02:43:20,Netflix has gotten so expensive. There isn't enough on the app for it to be worth it.,netflix has gotten so expensive. there isn't enough on the app for it to be worth it.,0,17,85,0,0,0,1.0,0,1,0.2263,1,0,1,0.0,0,1,0,1.0,0.0
c41932b4-6b33-4fd9-8ec1-9943dd96254e,Netflix,Entertainment,Leodiver Tamboong,Unknown,1,2025-10-25 02:46:48,Won't function in my phone,won't function in my phone,1,5,26,0,0,0,1.0,0,0,0.0,1,0,1,0.0,0,1,0,1.0,0.0
366c2c08-8455-4ffc-803e-e8b824bece94,Netflix,Entertainment,black rose,Unknown,5,2025-10-25 03:21:04,Netflix I know this is unusual and this not regarding the app but can you get bee and puppycat another season please and thank you and I hope you have a good day ☺️,netflix i know this is unusual and this not regarding the app but can you get bee and puppycat another season please and thank you and i hope you have a good day ☺️,0,34,164,0,0,0,0.7941176470588235,0,1,0.9578,1,0,1,0.0,0,1,0,5.0,0.0
bd5bc9bd-8e44-4185-953c-922d4357a52d,Netflix,Entertainment,Ashley Santos,Unknown,1,2025-10-25 03:22:32,i play but no video,i play but no video,0,5,19,0,0,0,1.0,0,0,-0.2732,1,0,1,0.0,0,1,0,1.0,0.0
925bd0de-be76-45f4-bc9d-1118c6fb0d20,Netflix,Entertainment,Mosan Mosan ali,Unknown,5,2025-10-25 04:32:01,Netflix is amazing,netflix is amazing,0,3,18,0,0,0,1.0,0,0,0.5859,1,0,1,0.0,0,1,0,5.0,0.0
39b20378-9c59-455e-a6fc-173658f1f677,Netflix,Entertainment,Amr Mostafa,Unknown,1,2025-10-25 04:33:40,too much nudity and bs,too much nudity and bs,0,5,22,0,0,0,1.0,0,0,0.0,1,0,1,0.0,0,1,0,1.0,0.0
48327250-71d5-40ef-8b99-6ec2771427d7,Netflix,Entertainment,Jessie Han,Unknown,1,2025-10-25 05:02:05,"No matter I used what payment method, it cannot be processed to subscribe! Sucks app and customer service!","no matter i used what payment method, it cannot be processed to subscribe! sucks app and customer service!",0,18,106,0,0,0,1.0,0,1,-0.4867,1,0,1,0.0,0,1,0,1.0,0.0
16c1fb65-003b-4134-9ba1-6d023ca2ceac,Netflix,Entertainment,Timmy Krantz,Unknown,5,2025-10-25 05:09:32,yay! wow!,yay! wow!,0,2,9,0,0,0,1.0,0,0,0.8309,1,0,1,0.0,0,1,0,5.0,0.0
d2bf9648-2d8e-4008-8f82-ce61faa0f677,Netflix,Entertainment,Khem Ghimire,Unknown,3,2025-10-25 05:35:29,It is 3 star because it is not not free,it is 3 star because it is not not free,0,10,39,0,0,0,0.7,1,0,0.3093,1,0,1,0.0,0,1,0,3.0,0.0
ee447616-9ed6-4630-ad63-8d6169b98099,Netflix,Entertainment,Zenaida Baek,Unknown,5,2025-10-25 05:49:11,why my netflix.always need update.its ok if no updating always please,why my netflix.always need update.its ok if no updating always please,1,11,69,0,0,0,1.0,0,0,0.3182,1,0,1,0.0,0,1,0,5.0,0.0
161adc8a-fe63-47ad-a534-0e1b39176542,Netflix,Entertainment,Philomena Miko,Unknown,2,2025-10-25 05:58:38,theres a problem when logging in why make it complicated now,theres a problem when logging in why make it complicated now,0,11,60,0,0,0,1.0,0,0,-0.4019,1,0,1,0.0,0,1,0,2.0,0.0
7fa80989-f20d-469b-866b-b2646d35e5de,Netflix,Entertainment,Ophelia Gibson,Unknown,1,2025-10-25 06:08:16,"unfortunately, it crashes hard every time I try and open it","unfortunately, it crashes hard every time i try and open it",0,11,59,0,0,0,0.9090909090909091,0,0,-0.4215,1,0,1,0.0,0,1,0,1.0,0.0
84f366c6-6b7e-4211-a88a-f7f9686804cd,Netflix,Entertainment,Amba White,Unknown,1,2025-10-25 06:27:01,"I've been a customer since Netflix launched. I've recently changed.my plan as the prices are ridiculous, now I can't stream on TV. What a joke.","i've been a customer since netflix launched. i've recently changed.my plan as the prices are ridiculous, now i can't stream on tv. what a joke.",0,25,143,0,0,1,0.92,0,0,0.0516,1,0,1,0.0,0,1,0,1.0,0.0
3e3a8364-eb12-4823-a0b6-10c3dcdbf756,Netflix,Entertainment,Yvette Yeboah,Unknown,5,2025-10-25 06:56:28,I love this ❤️♥️ app,i love this ❤️♥️ app,0,5,20,0,0,0,1.0,0,1,0.8555,1,0,1,0.0,0,1,0,5.0,0.0
4332d7c4-a70d-489e-8c7d-22a26e66d77f,Netflix,Entertainment,Saniya Sayyed,Unknown,1,2025-10-25 07:25:42,Most of the movies or shows that I'm looking for aren't there.. plus the ads even with subscriptions are annoying..,most of the movies or shows that i'm looking for aren't there.. plus the ads even with subscriptions are annoying..,0,20,115,0,0,0,0.95,0,0,-0.4019,1,0,1,0.0,0,1,0,1.0,0.0
aa86d9cc-42e5-48d0-bab0-a83816678a9c,Netflix,Entertainment,Lucky George Shabangu,Unknown,5,2025-10-25 08:15:00,it is good,it is good,0,3,10,0,0,0,1.0,0,0,0.4404,1,0,1,0.0,0,1,0,5.0,0.0
a54c15fe-0b5d-438b-8372-cc01c9d7b716,Netflix,Entertainment,Shivangi Yadav,Unknown,1,2025-10-25 08:17:08,I don't want to see,i don't want to see,0,5,19,0,0,0,1.0,0,0,-0.0572,1,0,1,0.0,0,1,0,1.0,0.0
3f406750-2b92-45bd-81cc-5286df408ce9,Netflix,Entertainment,shaikh ashfaque,Unknown,5,2025-10-25 08:23:18,I am going to purchase netflix subscription in dec just to watch movie farah,i am going to purchase netflix subscription in dec just to watch movie farah,0,14,76,0,0,0,0.9285714285714286,0,0,0.0,1,0,1,0.0,0,1,0,5.0,0.0
f87896f0-f516-46e2-98f5-455d11e4aa7e,Netflix,Entertainment,Afdzal Ibrahim,Unknown,4,2025-10-25 08:47:28,sz. n,sz. n,0,2,5,0,0,0,1.0,0,0,0.0,1,0,1,0.0,0,1,0,4.0,0.0
0dd0a174-5413-46cf-a420-7104d44fdf4c,Netflix,Entertainment,Pawan Sharma,Unknown,5,2025-10-25 08:59:33,chuchu didi,chuchu didi,0,2,11,0,0,0,1.0,0,0,0.0,1,0,1,0.0,0,1,0,5.0,0.0
29e5bb6d-798d-40ca-be3b-2d2bcc4a00bb,Netflix,Entertainment,Pim van Kesteren,Unknown,1,2025-10-25 09:36:32,can not be removed,can not be removed,0,4,18,0,0,0,1.0,0,0,0.0,1,0,1,0.0,0,1,0,1.0,0.0
ec4e49f8-ed65-4290-84a3-d908b723fc22,Netflix,Entertainment,chukwuma,Unknown,1,2025-10-25 10:06:47,no videos are playing my download are playing either,no videos are playing my download are playing either,0,9,52,0,0,0,0.7777777777777778,1,0,0.1027,1,0,1,0.0,0,1,0,1.0,0.0
74f46237-db0e-4f8a-a360-78c67284f7fe,Netflix,Entertainment,Genrose Baruela,Unknown,1,2025-10-25 10:29:00,i subscribe 450 for high quality of video but no matter how i update in app settings the quality does not change its like im watching 480 quality the app sucks,i subscribe 450 for high quality of video but no matter how i update in app settings the quality does not change its like im watching 480 quality the app sucks,0,31,159,0,0,0,0.8387096774193549,0,1,-0.7207,1,0,1,0.0,0,1,0,1.0,0.0
b156783e-417f-4d7c-8063-a75516ba42c3,Netflix,Entertainment,Arshad Mohammed,Unknown,1,2025-10-25 10:36:20,no good shows or programs . 100% waist of money. in google it shows the movie 'a seperation' is there in netflix. when clicking the option theres nothing. some dumbass build platform.,no good shows or programs . 100% waist of money. in google it shows the movie 'a seperation' is there in netflix. when clicking the option theres nothing. some dumbass build platform.,0,32,183,0,0,0,0.90625,0,0,0.1326,1,0,1,0.0,0,1,0,1.0,0.0
8875a083-5c8c-4dc0-a425-bce90458d8ed,Netflix,Entertainment,S V,Unknown,2,2025-10-25 11:06:29,"getting pricey, soon to be TOO PRICEYZ.","getting pricey, soon to be too priceyz.",0,7,39,0,0,2,1.0,0,0,0.0,1,0,1,0.0,0,1,0,2.0,0.0
a5ca28c0-6005-4695-9196-9a24c80f10c9,Netflix,Entertainment,agelo carl,Unknown,3,2025-10-25 11:40:04,doesn't contain alot of movie and films,doesn't contain alot of movie and films,0,7,39,0,0,0,1.0,0,0,0.0,1,0,1,0.0,0,1,0,3.0,0.0
49aacaf9-9ff8-4d70-a8f7-a79d922e2eb6,Netflix,Entertainment,Newman Justice,Unknown,1,2025-10-25 12:00:18,"my netflix is not working properly, the movies are not playing and my account subscription is still very active. Please rectify this issue immediately","my netflix is not working properly, the movies are not playing and my account subscription is still very active. please rectify this issue immediately",0,24,150,0,0,0,0.875,0,0,0.6097,1,0,1,0.0,0,1,1,1.0,0.0
68407e6b-bc2c-412f-b1ab-8e95ea215ef6,Netflix,Entertainment,Charles Mson,Unknown,5,2025-10-25 12:29:49,Netflix keeps to there standards of quality videos displaying and as well cool games to pass out leisure time,netflix keeps to there standards of quality videos displaying and as well cool games to pass out leisure time,0,19,109,0,0,0,0.9473684210526315,0,0,0.5267,1,0,1,0.0,0,1,0,5.0,0.0
ce9cb27e-b2d0-4fe6-9a97-3b9e69030092,Netflix,Entertainment,Herminia Razonable,Unknown,5,2025-10-25 12:44:12,its so good,its so good,1,3,11,0,0,0,1.0,0,0,0.4927,1,0,1,0.0,0,1,0,5.0,0.0
159aa14f-a72b-4a6b-8521-c5b70c2e15e3,Netflix,Entertainment,Pranjeet Dey,Unknown,5,2025-10-25 12:48:43,"Netflix has tons of great movies, shows, and anime. The app is easy to use, and new content keeps things fresh. Perfect for binge-watching! ❤","netflix has tons of great movies, shows, and anime. the app is easy to use, and new content keeps things fresh. perfect for binge-watching! ❤",2,25,141,0,0,0,0.96,0,1,0.9551,1,0,1,0.0,0,1,0,5.0,0.0
55badb87-5b7f-4ca7-bdde-f1802d8597f2,Netflix,Entertainment,srinivasarao kotapati,Unknown,1,2025-10-25 13:20:36,app not opening in oppo phones,app not opening in oppo phones,0,6,30,0,0,0,1.0,0,1,0.0,1,0,1,0.0,0,1,0,1.0,0.0
0cc7d523-f05b-48d9-9d24-b98cbb91a729,Netflix,Entertainment,Junric Moneda,Unknown,5,2025-10-25 13:24:39,smooth,smooth,0,1,6,0,0,0,1.0,0,0,0.0,1,0,1,0.0,0,1,0,5.0,0.0
4dfd1402-da30-43f0-9f95-1b0773816e17,Netflix,Entertainment,Consuella Taylor,Unknown,5,2025-10-25 14:14:34,wonderful,wonderful,1,1,9,0,0,0,1.0,0,0,0.5719,1,0,1,0.0,0,1,0,5.0,0.0
a41538a2-2fd5-4e97-92e3-98d45a232726,Netflix,Entertainment,Ruan Minny,Unknown,3,2025-10-25 14:29:11,when are you guys gonna update the ports of the games so that they are available on more mobile devices? I have a kickass android. can't play a single netflix game...,when are you guys gonna update the ports of the games so that they are available on more mobile devices? i have a kickass android. can't play a single netflix game...,0,31,166,0,0,0,0.9032258064516129,0,0,-0.2584,1,0,1,0.0,0,1,0,3.0,0.0
4eccc1d6-85b1-420d-89c3-84f3208b030d,Netflix,Entertainment,Rajagoplan Rajan,Unknown,5,2025-10-25 14:31:24,It is a app with the greatest films,it is a app with the greatest films,0,8,35,0,0,0,1.0,0,1,0.6369,1,0,1,0.0,0,1,0,5.0,0.0
65bdfc6e-2781-438b-ad72-eebe13f86a38,Netflix,Entertainment,Aakriti Singh,Unknown,5,2025-10-25 14:38:37,it is very good,it is very good,1,4,15,0,0,0,1.0,0,0,0.4927,1,0,1,0.0,0,1,0,5.0,0.0
b177698d-4a5c-4ba7-92bc-bb5307c1ad7b,Netflix,Entertainment,Joeann Ammons,Unknown,1,2025-10-25 14:41:34,I don't like it,i don't like it,0,4,15,0,0,0,1.0,0,0,-0.2755,1,0,1,0.0,0,1,0,1.0,0.0
c3cb508b-2787-426f-9d83-ccf90d51a68a,Netflix,Entertainment,Karry Gaïna Normil,Unknown,5,2025-10-25 15:00:58,"Just wanna have the french translation of some Chinese drama, please. Specially LOVE IN THE CLOUDS","just wanna have the french translation of some chinese drama, please. specially love in the clouds",0,16,98,0,0,4,0.9375,0,0,0.7579,1,0,1,0.0,0,1,0,5.0,0.0
b0572b5e-cff3-46c6-8d28-909d92f611bd,Netflix,Entertainment,Ian Aclan Jr.,Unknown,1,2025-10-25 15:03:24,I was hacked,i was hacked,0,3,12,0,0,0,1.0,0,0,-0.4019,1,0,1,0.0,0,1,0,1.0,0.0
2892cc70-3e99-47a6-af4e-1cd5420f41a6,Netflix,Entertainment,Sajith Sojan,Unknown,1,2025-10-25 15:17:21,"When I turn on my bluetooth suddenly audio is turned to mute, then again back on. What kind of stupid bug is this.","when i turn on my bluetooth suddenly audio is turned to mute, then again back on. what kind of stupid bug is this.",0,23,114,0,0,0,0.9565217391304348,0,0,-0.5709,1,0,1,0.0,0,1,0,1.0,0.0
f0192d77-1fac-425f-b3bb-1fd03096eee0,Netflix,Entertainment,Sangita ku. Majhi,Unknown,1,2025-10-25 15:18:06,it is worst i ever seen pickashow is better than Netflix,it is worst i ever seen pickashow is better than netflix,0,11,56,0,0,0,0.9090909090909091,0,0,-0.296,1,0,1,0.0,0,1,0,1.0,0.0
e03eff96-2a2b-4b60-ac90-15bb0ed7a36f,Netflix,Entertainment,rahmani,Unknown,5,2025-10-25 15:33:25,mantap,mantap,0,1,6,0,0,0,1.0,0,0,0.0,1,0,1,0.0,0,1,0,5.0,0.0
2be4d9e6-ee99-46ac-82f8-3b79a73b97a3,Netflix,Entertainment,T Tupper,Unknown,1,2025-10-25 15:48:25,Are you still there? NO! cutomer service MUST be rated at a negative thousand smelly DISAPPOINTMENTS,are you still there? no! cutomer service must be rated at a negative thousand smelly disappointments,76,16,100,0,0,3,1.0,0,1,-0.7901,1,0,1,0.0,0,1,0,1.0,0.0
cbf0c7d5-f0cd-41d0-ae16-f5a3da58a2a9,Netflix,Entertainment,Messiah Jack,Unknown,1,2025-10-25 16:01:10,it's trash,it's trash,0,2,10,0,0,0,1.0,0,0,0.0,1,0,1,0.0,0,1,0,1.0,0.0
33ecfe0b-1afa-4141-a00b-93e47072b33a,Netflix,Entertainment,Ben Gebre,Unknown,1,2025-10-25 16:15:01,cancel Netflix,cancel netflix,0,2,14,0,0,0,1.0,0,0,-0.25,1,0,1,0.0,0,1,0,1.0,0.0
fde6c279-1c1a-460b-b5a3-a0b81ee8dd3e,Netflix,Entertainment,Maggie tom connors,Unknown,1,2025-10-25 16:20:03,NETFLIX IS A RIP OFF TERRIBLE SERIVICE WILL BE DELETEING THE APP,netflix is a rip off terrible serivice will be deleteing the app,0,12,64,0,0,11,1.0,0,1,-0.4767,1,0,1,0.0,0,1,0,1.0,0.0
80f9750f-dc7a-4fe3-8ada-2df590b7c96c,Netflix,Entertainment,Kiran Verma,Unknown,5,2025-10-25 16:53:27,it's time saver! no adds,it's time saver! no adds,0,5,24,0,0,0,1.0,0,0,-0.3595,1,0,1,0.0,0,1,0,5.0,0.0
424d024c-70cc-4928-8747-b8b409bfa79f,Netflix,Entertainment,Taro Aspiras,Unknown,1,2025-10-25 17:00:37,The lowest in-app brightness is too bright even on non-hdr content which is not supposed to be since any other usage on my phone the lowest brightness is okay.,the lowest in-app brightness is too bright even on non-hdr content which is not supposed to be since any other usage on my phone the lowest brightness is okay.,0,29,159,0,0,0,0.7931034482758621,0,1,0.5859,1,0,1,0.0,0,1,1,1.0,0.0
7e5562a6-4de8-4899-b77c-de0331dc09d1,Netflix,Entertainment,Natan Setiawan,Unknown,3,2025-10-25 17:31:41,bug loading,bug loading,0,2,11,0,0,0,1.0,0,0,0.0,1,0,1,0.0,0,1,0,3.0,0.0
197d3751-e4f1-4f3c-a10a-c7583149f420,Netflix,Entertainment,Oz Mowszowski,Unknown,4,2025-10-25 17:50:24,"It's Netflix, nothing more.","it's netflix, nothing more.",0,4,27,0,0,0,1.0,0,0,0.0,1,0,1,0.0,0,1,0,4.0,0.0
f1ce79aa-3766-466b-9ff8-274015ba89cc,Netflix,Entertainment,KD ketan,Unknown,1,2025-10-25 17:57:52,netflix also frod 3 months package i have use only one monthe,netflix also frod 3 months package i have use only one monthe,0,12,61,0,0,0,1.0,0,0,0.0,1,0,1,0.0,0,1,0,1.0,0.0
f8b443e3-78dc-43f3-b170-a66a558b922a,Netflix,Entertainment,Manas Mhatre,Unknown,1,2025-10-25 18:02:48,this new policy where I can't use netflix account from my mobile data is hell frustrating why the .... will I pay if I can't use netflix on 2-4 devices from mobile data,this new policy where i can't use netflix account from my mobile data is hell frustrating why the .... will i pay if i can't use netflix on 2-4 devices from mobile data,0,33,168,0,0,0,0.7575757575757576,0,0,-0.836,1,0,1,0.0,0,1,0,1.0,0.0
622e8d0b-792d-40fb-9fb3-9a66d71df907,Netflix,Entertainment,rastagirl island dweller,Unknown,5,2025-10-25 18:06:40,I've traveled this easily!,i've traveled this easily!,0,4,26,0,0,0,1.0,0,0,0.4664,1,0,1,0.0,0,1,0,5.0,0.0
5017407e-1477-41b3-96df-f914ee63f915,Netflix,Entertainment,Horea,Unknown,3,2025-10-25 18:12:35,Multiple errors because it does not recognize multiple users.,multiple errors because it does not recognize multiple users.,0,9,61,0,0,0,0.8888888888888888,0,0,-0.34,1,0,1,0.0,0,1,0,3.0,0.0
9f20abd6-7870-4d6d-ab11-3caba3b5b852,Netflix,Entertainment,Anita Shihani,Unknown,1,2025-10-25 18:17:58,this is un understanding app I use,this is un understanding app i use,0,7,34,0,0,0,1.0,0,1,0.0,1,0,1,0.0,0,1,0,1.0,0.0
902c75b4-4764-4f81-bf20-7816f0b0ef30,Netflix,Entertainment,Luke Geddes,Unknown,2,2025-10-25 18:29:56,"give us the option to block the stupid games from popping up, it's supposed to be a streaming platform not Steam","give us the option to block the stupid games from popping up, it's supposed to be a streaming platform not steam",9,21,112,0,0,0,0.9047619047619048,0,0,-0.743,1,0,1,0.0,0,1,0,2.0,0.0
d2e9b728-14c3-4e83-9a2e-c5ef5cc3ee9a,Netflix,Entertainment,Theresa Gafoor,Unknown,5,2025-10-25 18:41:16,"informative,exciting and lost laughs","informative,exciting and lost laughs",0,4,36,0,0,0,1.0,0,0,0.2263,1,0,1,0.0,0,1,0,5.0,0.0
17679d48-f0e4-457e-b26a-c2ef5a3a768e,Netflix,Entertainment,Kerem DÖNMEZ,Unknown,4,2025-10-25 19:00:01,"Yere tükürsen, LPG li oyuncuya denk geliyorsun.","yere tükürsen, lpg li oyuncuya denk geliyorsun.",0,7,47,0,0,1,1.0,0,0,0.0,1,0,1,0.0,0,1,0,4.0,0.0
b99f96b1-0e4f-4fd6-bc70-22f81ae300eb,Netflix,Entertainment,Lucas Conner,Unknown,1,2025-10-25 19:05:33,it's not letting me use it,it's not letting me use it,0,6,26,0,0,0,1.0,0,0,0.0,1,0,1,0.0,0,1,0,1.0,0.0
b238cd71-2503-4015-be9b-aaf984fe851b,Netflix,Entertainment,Florence Oluwaseyi,Unknown,5,2025-10-25 19:23:30,reliable,reliable,0,1,8,0,0,0,1.0,0,0,0.0,1,0,1,0.0,0,1,0,5.0,0.0
cbefbe6e-80aa-467d-9069-47fddc1be5dd,Netflix,Entertainment,Victor Aguilar,Unknown,5,2025-10-25 19:35:30,Macabre,macabre,0,1,7,0,0,0,1.0,0,0,0.0,1,0,1,0.0,0,1,0,5.0,0.0
052e197c-1c33-46ba-96d9-17f639ec0580,Netflix,Entertainment,Pragansha S,Unknown,4,2025-10-25 19:39:53,good app,good app,0,2,8,0,0,0,1.0,0,1,0.4404,1,0,1,0.0,0,4,0,4.0,0.0
9ccf9b83-a5b9-4f30-95a1-9a36ab55bc9c,Netflix,Entertainment,Souvik B,Unknown,1,2025-10-25 19:42:49,Reduce subscription charges. Costs a fortune.,reduce subscription charges. costs a fortune.,0,6,45,0,0,0,1.0,0,0,-0.2732,1,0,1,0.0,0,1,0,1.0,0.0
3c1f78ab-1627-4827-86c8-7340bfc3d43e,Netflix,Entertainment,Chloe Lovesbakugo,Unknown,5,2025-10-25 19:44:30,Easy to use,easy to use,0,3,11,0,0,0,1.0,0,0,0.4404,1,0,1,0.0,0,1,0,5.0,0.0
1ca34bee-d79a-4715-81fb-526c3c5c4a32,Netflix,Entertainment,Ahmad Ali Asghar,Unknown,4,2025-10-25 19:45:45,"it is one of the best streaming apps but doesn't have some movies,series and anime that I wanna watch 😔","it is one of the best streaming apps but doesn't have some movies,series and anime that i wanna watch 😔",0,20,103,1,0,0,1.0,0,1,0.4678,1,0,1,0.0,0,1,0,4.0,0.0
7a35cadb-7a1c-43b4-93f5-0b986b39cf24,Netflix,Entertainment,Graham Hibbert (PoPPa HoBBiT),Unknown,2,2025-10-25 19:57:40,video shows movies are not working on mobile devices,video shows movies are not working on mobile devices,0,9,52,0,0,0,1.0,0,0,0.0,1,0,1,0.0,0,1,0,2.0,0.0
e36e0e52-7330-4e63-958c-4c3aefb5d915,Netflix,Entertainment,Bibisamar 2011,Unknown,4,2025-10-25 20:00:17,Nice app,nice app,0,2,8,0,0,0,1.0,0,1,0.4215,1,0,1,0.0,0,3,0,4.0,0.0
f7454b00-a9d4-4edb-878c-5604fd6f329f,Netflix,Entertainment,Ashley Garner,Unknown,1,2025-10-25 20:14:43,It super slow and lacking on my tv,it super slow and lacking on my tv,0,8,34,0,0,0,1.0,0,0,0.5994,1,0,1,0.0,0,1,1,1.0,0.0
2ec2e107-a13b-412e-8011-15aa58376852,Netflix,Entertainment,Kris K,Unknown,1,2025-10-25 20:18:05,No option to remove app I don't want and never will. FAIL!,no option to remove app i don't want and never will. fail!,0,12,58,0,0,1,1.0,0,1,0.1828,1,0,1,0.0,0,1,0,1.0,0.0
b2494aee-1b33-4c7f-8757-5302bb11e934,Netflix,Entertainment,Vincent Beckett,Unknown,4,2025-10-25 21:53:26,love this app,love this app,0,3,13,0,0,0,1.0,0,1,0.6369,1,0,1,0.0,0,2,0,4.0,0.0
d6be1565-d8d5-45b9-b62f-8629ae681acc,Netflix,Entertainment,Daniel Massicono,Unknown,1,2025-10-25 22:13:09,its not giving me what I'm asking for,its not giving me what i'm asking for,0,8,37,0,0,0,1.0,0,0,-0.2584,1,0,1,0.0,0,1,0,1.0,0.0
b18a077d-3818-4327-8983-408ecc03e051,Netflix,Entertainment,Sam C,Unknown,2,2025-10-25 22:59:59,Good content. Horrible interface.,good content. horrible interface.,0,4,33,0,0,0,1.0,0,0,-0.1531,1,0,1,0.0,0,1,0,2.0,0.0
54295849-2d9f-4cb5-92e6-71402f2a05d0,Netflix,Entertainment,Mohamed Nabil,Unknown,1,2025-10-25 23:18:43,This app is sooo disgusting and boring,this app is sooo disgusting and boring,0,7,38,0,0,0,1.0,0,1,-0.6908,1,0,1,0.0,0,1,0,1.0,0.0
106071a8-02d3-4606-bbaa-4a5a6c72e34c,Netflix,Entertainment,Hamid Hamid,Unknown,1,2025-10-25 23:19:06,Many beautiful films do not exist like creed...,many beautiful films do not exist like creed...,0,8,47,0,0,0,1.0,0,0,0.4195,1,0,1,0.0,0,1,0,1.0,0.0
a2fcd251-4c8b-4532-b9ea-69cd703231fb,Netflix,Entertainment,Bright Cecili,Unknown,1,2025-10-25 23:23:14,Netflix has raised its prices 3 times. Now they are being like Prime and telling us that some things are locked bc we have the membership with Ads. Good job Netflix.,netflix has raised its prices 3 times. now they are being like prime and telling us that some things are locked bc we have the membership with ads. good job netflix.,0,31,165,0,0,0,0.967741935483871,0,0,0.6597,1,0,1,0.0,0,1,1,1.0,0.0
07eef19d-66d1-4d9f-bbbb-7ead4c4d7520,Netflix,Entertainment,Ajith Anto Perumbully,Unknown,1,2025-10-25 23:32:43,too much propaganda content+ too costly subscription,too much propaganda content+ too costly subscription,0,7,52,0,0,0,0.8571428571428571,0,0,-0.34,1,0,1,0.0,0,1,0,1.0,0.0
27ebade6-bac7-4f3a-85fc-93e66351d700,Netflix,Entertainment,Balogun Eniola,Unknown,5,2025-10-26 00:05:26,very good,very good,0,2,9,0,0,0,1.0,0,0,0.4927,1,0,1,0.0,0,4,0,5.0,0.0
02445e55-d02e-4a25-b684-a94903062fa2,Netflix,Entertainment,Andrea Shoultes,Unknown,3,2025-10-26 00:12:08,Loading and loading all the time. Each update not fixing the previous issue.,loading and loading all the time. each update not fixing the previous issue.,0,13,76,0,0,0,0.8461538461538461,0,0,0.0,1,0,1,0.0,0,1,0,3.0,0.0
4f94c44c-cb45-4781-92fa-140665401592,Netflix,Entertainment,Risa,Unknown,1,2025-10-26 00:54:21,they remove all the good shows,they remove all the good shows,0,6,30,0,0,0,1.0,0,0,0.4404,1,0,1,0.0,0,1,0,1.0,0.0
aa330db3-3c6c-4978-bb8e-091f5711a802,Netflix,Entertainment,Mundal Johnney,Unknown,4,2025-10-26 01:22:14,It's a good app,it's a good app,0,4,15,0,0,0,1.0,0,1,0.4404,1,0,1,0.0,0,1,0,4.0,0.0
afa3ee47-1c9c-4472-a61c-806af8ac055f,Netflix,Entertainment,Elisheva Grover,Unknown,5,2025-10-26 01:22:58,I love watching HTTYD on here.,i love watching httyd on here.,0,6,30,0,0,1,1.0,0,0,0.6369,1,0,1,0.0,0,1,0,5.0,0.0
14d95733-3a3c-478f-bbe4-919f58503c3c,Netflix,Entertainment,Dhea Clarin,Unknown,4,2025-10-26 01:56:55,so good,so good,0,2,7,0,0,0,1.0,0,0,0.4927,1,0,1,0.0,0,3,0,4.0,0.0
1633d7c1-a36b-4c0c-aa43-dcd861b5b96b,Netflix,Entertainment,nuraisyah afiqah,Unknown,1,2025-10-26 01:59:28,"Recently having pausing issue and it's frrrustrating!! the connection working excellent, even making an effort to keep clear cache, yet it keeps streaming","recently having pausing issue and it's frrrustrating!! the connection working excellent, even making an effort to keep clear cache, yet it keeps streaming",0,23,154,0,0,0,1.0,0,0,0.7835,1,0,1,0.0,0,1,1,1.0,0.0
85001b06-6940-4906-9a1f-2bcd5be8065c,Netflix,Entertainment,Latoya Jordan,Unknown,5,2025-10-26 02:11:31,keep you in dreams and love×××××× my star 🌟💫💫💫💫💫💫💫,keep you in dreams and love×××××× my star 🌟💫💫💫💫💫💫💫,0,9,50,8,0,0,1.0,0,0,-0.765,1,0,1,0.0,0,1,1,5.0,0.0
6f0297d2-7735-4740-b551-fb4dd21df3b2,Netflix,Entertainment,Jade Fernandes,Unknown,5,2025-10-26 03:59:49,good service. can change plan on the app now.,good service. can change plan on the app now.,1,9,45,0,0,0,1.0,0,1,0.4404,1,0,1,0.0,0,1,0,5.0,0.0
0505e17d-4dd3-4758-a30c-47f23cd8fdea,Netflix,Entertainment,ALex Evan,Unknown,5,2025-10-26 04:10:57,Good 👍,good 👍,0,2,6,1,0,0,1.0,0,0,0.4404,1,0,1,0.0,0,2,0,5.0,0.0
a6f7fa92-fd50-49a8-9f2d-8542f352f282,Netflix,Entertainment,Subash Rai,Unknown,5,2025-10-26 04:23:39,In first I didn't have any idea to use it,in first i didn't have any idea to use it,0,10,41,0,0,0,1.0,0,0,0.0,1,0,1,0.0,0,1,0,5.0,0.0
3ccdebdf-0c30-49ad-a3ad-ae0cbb2e4842,Netflix,Entertainment,Neeraj Mehra,Unknown,5,2025-10-26 04:45:53,exceptional quality,exceptional quality,0,2,19,0,0,0,1.0,0,0,0.0,1,0,1,0.0,0,1,0,5.0,0.0
723d9d5e-fd50-4693-a89f-171e60ebad21,Netflix,Entertainment,John Lloyd Christian Peloquero,Unknown,1,2025-10-26 05:05:27,always theres a problem with the video on downloaded episodes,always theres a problem with the video on downloaded episodes,0,10,61,0,0,0,1.0,1,0,-0.4019,1,0,1,0.0,0,1,0,1.0,0.0
10d39165-1fc7-4228-8d75-69b8c1d34890,Netflix,Entertainment,Lam Nghi,Unknown,1,2025-10-26 05:13:31,"poor service you should not erase Yu Meng Long name in Eternal Love cast list, you did a wrong thing.","poor service you should not erase yu meng long name in eternal love cast list, you did a wrong thing.",0,20,101,0,0,0,0.95,0,0,-0.25,1,0,1,0.0,0,1,0,1.0,0.0
626bd155-4a49-4618-acc2-d1fcf047d4d8,Netflix,Entertainment,Favour Joy2025,Unknown,5,2025-10-26 06:14:40,I love it's👍👍,i love it's👍👍,0,3,13,2,0,0,1.0,0,0,0.6369,1,0,1,0.0,0,1,0,5.0,0.0
027899f0-4b93-44fb-8f49-54cc41ae6774,Netflix,Entertainment,koketso seemela,Unknown,5,2025-10-26 06:26:32,very exceptional,very exceptional,0,2,16,0,0,0,1.0,0,0,0.0,1,0,1,0.0,0,1,0,5.0,0.0
1bd91aac-2fd6-42b2-b945-66ac735eae7a,Netflix,Entertainment,Janet Robertson,Unknown,1,2025-10-26 06:45:04,Its says its done and its really not. Theres nothing there!,its says its done and its really not. theres nothing there!,0,11,59,0,0,0,0.8181818181818182,0,0,0.0,1,0,1,0.0,0,1,0,1.0,0.0
76421da2-542d-4162-889b-40ef48cedca8,Netflix,Entertainment,Ruby Jikazi,Unknown,3,2025-10-26 06:53:59,"has no picture in picture, playback speed doesn't have 1.75x and 2x.","has no picture in picture, playback speed doesn't have 1.75x and 2x.",0,12,68,0,0,0,1.0,0,0,-0.296,1,0,1,0.0,0,1,0,3.0,0.0
bff41a4c-2587-4bcc-876e-32cb6ba58de4,Netflix,Entertainment,Nimca Abdishakur,Unknown,5,2025-10-26 07:06:33,best app 4ever💘💋🫂,best app 4ever💘💋🫂,0,3,17,3,0,0,1.0,0,1,0.9042,1,0,1,0.0,0,1,0,5.0,0.0
ad278281-4d38-4a33-8474-ad0d7e6ad47e,Netflix,Entertainment,HARIPRASATH K,Unknown,1,2025-10-26 07:15:17,"Worst sign in experience. All content are under paid subscription, nothing is free to watch like other ott platforms","worst sign in experience. all content are under paid subscription, nothing is free to watch like other ott platforms",0,19,116,0,0,0,1.0,1,0,-0.6488,1,0,1,0.0,0,1,0,1.0,0.0
1d658828-a20b-40ad-a2db-89b5a3921776,Netflix,Entertainment,Imtiaz Amarya,Unknown,5,2025-10-26 07:21:06,imtiaz Amarya283,imtiaz amarya283,0,2,16,0,0,0,1.0,0,0,0.0,1,0,1,0.0,0,1,0,5.0,0.0
0a654cd9-377b-464b-9f7e-5ca2ad616d90,Netflix,Entertainment,Jhon John (Aj),Unknown,3,2025-10-26 07:55:10,It's almost impossible to get new latest movies and animes on Netflix only years after everyone has forgotten it Netflix uploads it. try to work on that better.,it's almost impossible to get new latest movies and animes on netflix only years after everyone has forgotten it netflix uploads it. try to work on that better.,0,28,160,0,0,0,0.8928571428571429,0,0,0.25,1,0,1,0.0,0,1,0,3.0,0.0
2d028d24-d5de-4ed7-8ee1-85328397313f,Netflix,Entertainment,Katarinas Garage,Unknown,2,2025-10-26 08:00:44,Lose about 10 seconds multiple times every episode of House..,lose about 10 seconds multiple times every episode of house..,0,10,61,0,0,0,1.0,0,0,-0.4019,1,0,1,0.0,0,1,0,2.0,0.0
e6ab4b89-2e3b-4b19-981d-aae02f9fbb4f,Netflix,Entertainment,Pa Njado,Unknown,4,2025-10-26 08:28:30,Working,working,0,1,7,0,0,0,1.0,0,0,0.0,1,0,1,0.0,0,1,0,4.0,0.0
7a2a7e8f-3dd0-49ae-ab22-4fe89ccc8297,Netflix,Entertainment,Arpan Nag,Unknown,3,2025-10-26 08:41:37,"Samsung S24 Snapdragon 8 Gen3 HDR not supported, please fix this.","samsung s24 snapdragon 8 gen3 hdr not supported, please fix this.",0,11,65,0,0,2,1.0,0,0,-0.4449,1,0,1,0.0,0,1,0,3.0,0.0
8416bbad-6a45-4b5d-bf97-085e7fff6136,Netflix,Entertainment,Amol Gaikwad,Unknown,3,2025-10-26 10:04:29,Smart download is not working properly. The next 2-3 episodes should be downloaded before finishing the current episode but now it starts to download the next episode when it gets started watching.,smart download is not working properly. the next 2-3 episodes should be downloaded before finishing the current episode but now it starts to download the next episode when it gets started watching.,1,32,197,0,0,0,0.8125,1,0,0.2144,1,0,1,0.0,0,1,0,3.0,0.0
aed11b20-0bb2-4dd6-b06b-76ed6a8e2f58,Netflix,Entertainment,Thilina Madusanka,Unknown,3,2025-10-26 10:10:18,This app is very good app,this app is very good app,0,6,25,0,0,0,0.8333333333333334,0,1,0.4927,1,0,1,0.0,0,1,0,3.0,0.0
d87a65b5-81fb-4cbe-93c9-ba2f0674403a,Netflix,Entertainment,Von B,Unknown,5,2025-10-26 11:35:09,I have a question about Netflix 🤔 why does my movies and tv shows are black when I saw,i have a question about netflix 🤔 why does my movies and tv shows are black when i saw,1,19,86,1,0,0,0.9473684210526315,0,0,0.0,1,0,1,0.0,0,1,0,5.0,0.0
262bfc6f-edb6-4fec-862b-06a022e4c059,Netflix,Entertainment,Maeve Sharpe,Unknown,2,2025-10-26 11:46:55,downloaded stuff to watch on the plane. less than twelve hours later the app had signed me out while i was in the air.,downloaded stuff to watch on the plane. less than twelve hours later the app had signed me out while i was in the air.,0,24,118,0,0,0,0.9166666666666666,1,1,0.0,1,0,1,0.0,0,1,0,2.0,0.0
c625e110-d4fe-4bd7-bde3-c0b057864d7e,Netflix,Entertainment,SUDHAKAR ADAPA,Unknown,5,2025-10-26 11:54:21,"hi,nice app to watch","hi,nice app to watch",0,4,20,0,0,0,1.0,0,1,0.0,1,0,1,0.0,0,1,0,5.0,0.0
eda4ff64-1155-4765-b72b-57fd3b17fb89,Netflix,Entertainment,jnecesito03,Unknown,4,2025-10-26 11:54:36,excellent,excellent,0,1,9,0,0,0,1.0,0,0,0.5719,1,0,1,0.0,0,4,0,4.0,0.0
06f835d9-0257-4d58-bd3e-d96c961562b4,Netflix,Entertainment,Erwin Magnaye,Unknown,5,2025-10-26 12:11:29,"good for Leading streaming service with a vast library of movies, TV shows, and originals.","good for leading streaming service with a vast library of movies, tv shows, and originals.",0,15,90,0,0,1,1.0,0,0,0.4404,1,0,1,0.0,0,1,0,5.0,0.0
9c30eb48-7ae1-412e-9ff4-4b36ba4ef287,Netflix,Entertainment,Jerico Guarte,Unknown,5,2025-10-26 13:03:59,enjoying,enjoying,0,1,8,0,0,0,1.0,0,0,0.5267,1,0,1,0.0,0,1,0,5.0,0.0
643a9f79-6fa5-49c4-88d9-b076d09e4872,Netflix,Entertainment,entrey Entrey,Unknown,5,2025-10-26 13:16:13,excited not work full,excited not work full,0,4,21,0,0,0,1.0,0,0,0.34,1,0,1,0.0,0,1,0,5.0,0.0
d6ed47b3-a6a3-43b0-acdd-a44508c38a2f,Netflix,Entertainment,Lokeshvijay Vijay,Unknown,4,2025-10-26 13:19:58,This is very good,this is very good,0,4,17,0,0,0,1.0,0,0,0.4927,1,0,1,0.0,0,1,0,4.0,0.0
aa470f4c-6c54-442b-87b7-69b440c1ebfb,Netflix,Entertainment,Marshree Kamen Daas,Unknown,1,2025-10-26 13:30:27,the Netflix app isn't opening after the update,the netflix app isn't opening after the update,0,8,46,0,0,0,0.875,0,1,0.0,1,0,1,0.0,0,1,0,1.0,0.0
5d578a87-d298-423c-84e4-a46dadf87bb2,Netflix,Entertainment,Khusnawaz Ahmed,Unknown,5,2025-10-26 13:52:07,GUOD GUOD GUOD,guod guod guod,0,3,14,0,0,3,0.3333333333333333,0,0,0.0,1,0,1,0.0,0,1,0,5.0,0.0
e629d241-eb74-466b-8418-878f40b426f0,Netflix,Entertainment,Răzvan,Unknown,1,2025-10-26 14:38:00,I'm a student and I want to use my parent account. Guess what? i can't bc i m not living in the same house anymore. I hope you go bankrupt...,i'm a student and i want to use my parent account. guess what? i can't bc i m not living in the same house anymore. i hope you go bankrupt...,0,30,141,0,0,0,0.9,0,0,-0.1027,1,0,1,0.0,0,1,0,1.0,0.0
6bf826e6-7dee-42bd-acda-fc5260baf6e2,Netflix,Entertainment,Ricky “Remarry zechnas” Camposrickygomez,Unknown,5,2025-10-26 14:40:07,October 25 2025,october 25 2025,0,3,15,0,0,0,1.0,0,0,0.0,1,0,1,0.0,0,1,0,5.0,0.0
76f25b7a-df76-4f05-a3b1-9122cd6423c3,Netflix,Entertainment,Meghmalhar Mukherjee,Unknown,5,2025-10-26 14:54:33,Awesome. One stop solution to Hollywood Classics both movies and Web series. An Award winning motivational and drama fictional Indian movies stock is also available at hand. A Good base for Korean Web Series as well...,awesome. one stop solution to hollywood classics both movies and web series. an award winning motivational and drama fictional indian movies stock is also available at hand. a good base for korean web series as well...,0,36,218,0,0,0,0.9166666666666666,0,0,0.9601,1,0,1,0.0,0,1,0,5.0,0.0
5c6dfb9c-f884-4c70-af7a-f13260baa0de,Netflix,Entertainment,Nwafor Adaobi Dawn,Unknown,1,2025-10-26 15:20:22,rubbish...... why will they auto renew without permission,rubbish...... why will they auto renew without permission,0,8,57,0,0,0,1.0,0,0,0.0,1,0,1,0.0,0,1,0,1.0,0.0
3fef95d4-405b-4883-ba75-3baa51fb24e7,Netflix,Entertainment,Pearl Larbi,Unknown,5,2025-10-26 15:22:48,it is easy to load,it is easy to load,0,5,18,0,0,0,1.0,0,0,0.4404,1,0,1,0.0,0,1,0,5.0,0.0
0f15d09a-6964-47b7-a7b3-016a059b4a55,Netflix,Entertainment,Dave york,Unknown,3,2025-10-26 15:31:45,Not working proper after update oct 20,not working proper after update oct 20,0,7,38,0,0,0,1.0,0,0,0.0,1,0,1,0.0,0,1,0,3.0,0.0
935d691f-49d2-4db1-bf01-5cf4113ba0c4,Netflix,Entertainment,Takunda Tapfumaneyi,Unknown,1,2025-10-26 15:38:17,not pleasing,not pleasing,0,2,12,0,0,0,1.0,0,0,-0.4168,1,0,1,0.0,0,1,0,1.0,0.0
11a86cf7-59ef-4400-8c64-98c8b26477a0,Netflix,Entertainment,Bella Benita Benson,Unknown,1,2025-10-26 15:39:01,what does it mean when they say you're not part of the household,what does it mean when they say you're not part of the household,0,13,64,0,0,0,1.0,0,0,0.0,1,0,1,0.0,0,1,0,1.0,0.0
596cb776-7b1d-47ec-bebc-f2af7c495706,Netflix,Entertainment,Vanakkam BroS,Unknown,1,2025-10-26 15:39:32,5.10 error issue Very very Irritating 😡😡😡,5.10 error issue very very irritating 😡😡😡,0,7,41,3,0,0,0.8571428571428571,0,0,-0.7408,1,0,1,0.0,0,1,0,1.0,0.0
b054efa4-62ee-4185-9bde-ae6ff56d8d7f,Netflix,Entertainment,I Anuradha,Unknown,5,2025-10-26 15:45:03,This ott doesn't show any ads and ui is awesome with the sound Tudum,this ott doesn't show any ads and ui is awesome with the sound tudum,0,14,68,0,0,0,1.0,0,0,0.6249,1,0,1,0.0,0,1,0,5.0,0.0
0109e101-e70c-4462-9d32-cfc27b2e6f1c,Netflix,Entertainment,Tirumala Rasoi,Unknown,5,2025-10-26 15:56:43,it is really good 😊,it is really good 😊,0,5,19,1,0,0,1.0,0,0,0.8581,1,0,1,0.0,0,1,0,5.0,0.0
a0dbaaff-ad5c-4be7-968a-a626802e1dcf,Netflix,Entertainment,Robin,Unknown,5,2025-10-26 15:58:08,😎😎😎😎😎😎,😎😎😎😎😎😎,0,1,6,6,0,0,1.0,0,0,0.9517,1,0,1,0.0,0,1,0,5.0,0.0
3803ecce-1fe6-4b03-b4ac-12d05e374c14,Netflix,Entertainment,ND REXO,Unknown,1,2025-10-26 16:13:22,very bad Netflix,very bad netflix,0,3,16,0,0,0,1.0,0,0,-0.5849,1,0,1,0.0,0,1,0,1.0,0.0
3635adc9-51ba-4b5a-b293-1850ea46ec01,Netflix,Entertainment,Ojasya Dohare,Unknown,4,2025-10-26 16:50:28,Why does the application play in the background. If it is a feature then why there isn't a toggle to turn it off.,why does the application play in the background. if it is a feature then why there isn't a toggle to turn it off.,0,23,113,0,0,0,0.8260869565217391,0,1,0.34,1,0,1,0.0,0,1,0,4.0,0.0
f41b3614-dea5-4cf4-8664-831d3b400c21,Netflix,Entertainment,The Rex,Unknown,1,2025-10-26 16:51:59,doesn't play on UHD or Dolby Vision even if the subscription and device support it.,doesn't play on uhd or dolby vision even if the subscription and device support it.,0,15,83,0,0,1,1.0,0,0,0.3948,1,0,1,0.0,0,1,0,1.0,0.0
8e16e7e0-56b1-495d-8d51-c2203b1de986,Netflix,Entertainment,TIm Abshire,Unknown,5,2025-10-26 16:52:36,Great 👍,great 👍,0,2,7,1,0,0,1.0,0,0,0.6249,1,0,1,0.0,0,1,0,5.0,0.0
d9bb39a9-c190-4d6b-8cfd-2e052f27798b,Netflix,Entertainment,Zenathi Ndzeku,Unknown,4,2025-10-26 16:53:13,not bad but not enough movies,not bad but not enough movies,0,6,29,0,0,0,0.8333333333333334,0,0,0.2323,1,0,1,0.0,0,1,0,4.0,0.0
2012fddf-1ba3-420b-a147-aca2f3b98fbb,Netflix,Entertainment,Muhammad Khan,Unknown,1,2025-10-26 16:55:55,I neither like it it's my honest review,i neither like it it's my honest review,0,8,39,0,0,0,1.0,0,0,0.2937,1,0,1,0.0,0,1,0,1.0,0.0
9d3e42dc-642c-4291-aa9b-d6bf5d57f278,Netflix,Entertainment,Zia Mughal,Unknown,5,2025-10-26 17:32:36,good app to watch a movie,good app to watch a movie,0,6,25,0,0,0,1.0,0,1,0.4404,1,0,1,0.0,0,1,0,5.0,0.0
7a7c6c0c-3eca-4d48-a726-84fceaf9c255,Netflix,Entertainment,Inna Liyata,Unknown,1,2025-10-26 17:43:00,"unsubs very soon krn suprot elgebete laknatullah sumali. semoga hidupmu selalu dineraka, laknat.","unsubs very soon krn suprot elgebete laknatullah sumali. semoga hidupmu selalu dineraka, laknat.",0,13,96,0,0,0,1.0,0,0,0.0,1,0,1,0.0,0,1,0,1.0,0.0
061b15b0-3947-4269-9003-b76fad844a84,Netflix,Entertainment,Michael Baker,Unknown,1,2025-10-26 17:51:58,does Drama Box own Netflix? Commercials are unreal. Used Netflix for almost 20 years and commercials are going to drive me to something else.,does drama box own netflix? commercials are unreal. used netflix for almost 20 years and commercials are going to drive me to something else.,0,24,141,0,0,0,0.875,0,0,0.0,1,0,1,0.0,0,1,0,1.0,0.0
2d937571-4d2f-4be1-a512-a82aaf6612fe,Netflix,Entertainment,Jesus Boy,Unknown,5,2025-10-26 18:39:58,jagaban is a good,jagaban is a good,0,4,17,0,0,0,1.0,0,0,0.4404,1,0,1,0.0,0,1,0,5.0,0.0
69526c32-3acb-48e3-b4f0-52688cf18e7f,Netflix,Entertainment,kr saxena,Unknown,4,2025-10-26 18:40:53,"Amazing,Excellent","amazing,excellent",0,1,17,0,0,0,1.0,0,0,0.0,1,0,1,0.0,0,1,0,4.0,0.0
5c8f7ae3-0c51-4592-bc49-2b0111c254ba,Netflix,Entertainment,ford oldford,Unknown,1,2025-10-26 18:45:16,frustrating.,frustrating.,0,1,12,0,0,0,1.0,0,0,-0.4404,1,0,1,0.0,0,1,0,1.0,0.0
85382ffe-1c3e-4588-890e-62fc55fc90eb,Netflix,Entertainment,Darwin Dodd,Unknown,5,2025-10-26 18:45:19,im having issues with this app again it won't let me play a movie it keep saying error,im having issues with this app again it won't let me play a movie it keep saying error,1,18,86,0,0,0,0.9444444444444444,0,1,-0.577,1,0,1,0.0,0,1,1,5.0,0.0
4ab585ce-5bd6-4e01-b457-757da300fda6,Netflix,Entertainment,Sanjana Sharma,Unknown,2,2025-10-26 18:58:17,pls fix the network issue it's always keeps showing loading even after s good network connection pls fix this problem,pls fix the network issue it's always keeps showing loading even after s good network connection pls fix this problem,0,20,117,0,0,0,0.85,0,0,0.2023,1,0,1,0.0,0,1,0,2.0,0.0
e4ab7e1f-98db-4a33-91ee-fd0938bf9735,Netflix,Entertainment,Murendeni Chrestina,Unknown,5,2025-10-26 19:43:15,the movie is fire,the movie is fire,0,4,17,0,0,0,1.0,0,0,-0.34,1,0,1,0.0,0,1,0,5.0,0.0
7722eb34-d110-4a8d-b85f-17d38902bbe8,Netflix,Entertainment,Lost 850,Unknown,3,2025-10-26 20:24:30,"Remember when Netflix was 5.99 and didn't have ads, now its 4x that, not 4x the content to justify price increase. It's a pretty good platform overall anyway, but the greed is a bit frustrating.","remember when netflix was 5.99 and didn't have ads, now its 4x that, not 4x the content to justify price increase. it's a pretty good platform overall anyway, but the greed is a bit frustrating.",0,35,194,0,0,0,0.9142857142857143,0,0,-0.5719,1,0,1,0.0,0,1,0,3.0,0.0
5d669ea0-dfa3-4e67-8214-ea426976c47e,Netflix,Entertainment,Sphelele Ayabonga,Unknown,1,2025-10-26 20:57:34,I want to use to download movies,i want to use to download movies,0,7,32,0,0,0,0.8571428571428571,1,0,0.0772,1,0,1,0.0,0,1,0,1.0,0.0
67cfb817-b29e-4ea7-ab31-9c0c95477f72,Netflix,Entertainment,Neha Omarkhail,Unknown,5,2025-10-26 21:08:58,best thing ever but lot of money I hop you not a bot,best thing ever but lot of money i hop you not a bot,0,13,52,0,0,0,1.0,0,0,0.3818,1,0,1,0.0,0,1,0,5.0,0.0
0cc20d40-926a-485a-8ad6-da417a400c67,Netflix,Entertainment,SHERIFF Gaming ff,Unknown,4,2025-10-26 21:12:44,"sir my phone infine gt 10 pro is bugged in netflix the screen is black but the sound is find, also the internet is so lagging","sir my phone infine gt 10 pro is bugged in netflix the screen is black but the sound is find, also the internet is so lagging",0,26,125,0,0,0,0.8076923076923077,0,0,-0.4699,1,0,1,0.0,0,1,0,4.0,0.0
19276c6d-ed23-43c2-b08d-d86f609e636c,Netflix,Entertainment,Vina Jeubani,Unknown,1,2025-10-26 21:22:14,I have never down load a move in this Netflix app.,i have never down load a move in this netflix app.,0,11,50,0,0,0,1.0,0,1,0.0,1,0,1,0.0,0,1,0,1.0,0.0
4df03307-d444-40a1-b456-1dd387734154,Netflix,Entertainment,Sheiry Orallo,Unknown,1,2025-10-26 21:24:59,Why did you charge us for a subscription without any authentication when we've alrrady canceled our susbcription months ago? I've also deleted my netflix and nobody in my family uses it any longer?,why did you charge us for a subscription without any authentication when we've alrrady canceled our susbcription months ago? i've also deleted my netflix and nobody in my family uses it any longer?,0,33,197,0,0,0,0.9393939393939394,0,0,0.0,1,0,1,0.0,0,1,0,1.0,0.0
d77cd741-9c6a-4f58-9d98-719a8fcdf18f,Netflix,Entertainment,Joseph Sanchez,Unknown,1,2025-10-26 21:39:18,Worst app experience Ever! Customer service? Ditto! Instead of helping walk through the process they wanted to argue and when I argued back they wanted to play victim! Sorry pathetic staff make your app not worth while!,worst app experience ever! customer service? ditto! instead of helping walk through the process they wanted to argue and when i argued back they wanted to play victim! sorry pathetic staff make your app not worth while!,0,37,219,0,0,0,0.8918918918918919,0,1,-0.9236,1,0,1,0.0,0,1,0,1.0,0.0
4aa31001-ccef-4539-9ad3-7b29de8481af,Netflix,Entertainment,Dorothy Randall,Unknown,5,2025-10-26 21:43:51,Very sexy,very sexy,0,2,9,0,0,0,1.0,0,0,0.5709,1,0,1,0.0,0,1,0,5.0,0.0
3af61549-652f-497b-ba2f-9b5430ac427a,Netflix,Entertainment,Lucas “Baby Goat” Shumate,Unknown,5,2025-10-26 22:12:24,some times you gotta netflix and chill,some times you gotta netflix and chill,0,7,38,0,0,0,1.0,0,0,0.0,1,0,1,0.0,0,1,0,5.0,0.0
ae22f822-f0ea-4667-b9d0-c87a457e47a0,Netflix,Entertainment,Kin,Unknown,3,2025-10-26 23:43:05,"umm.. so I can't download anything, so I don't know what to do","umm.. so i can't download anything, so i don't know what to do",0,13,62,0,0,0,0.8461538461538461,1,0,0.0,1,0,1,0.0,0,1,0,3.0,0.0
a08f781b-5f9c-46ef-b222-0e36b23b1425,Netflix,Entertainment,Texas Wayz,Unknown,5,2025-10-26 23:46:58,Uninstall Update,uninstall update,0,2,16,0,0,0,1.0,1,0,0.0,1,0,1,0.0,0,1,0,5.0,0.0
8a864759-ae06-4637-a1c1-be8a08d6173d,Netflix,Entertainment,Jeyasri S J,Unknown,3,2025-10-27 00:32:37,"Subscription cost is high. But, somewhat worth the penny.","subscription cost is high. but, somewhat worth the penny.",0,9,57,0,0,0,1.0,0,0,0.2289,1,0,1,0.0,0,1,0,3.0,0.0
23db3465-f0c8-4d98-b6ca-2dca1fcb8db6,Netflix,Entertainment,Brionne Zeus De leon,Unknown,5,2025-10-27 00:35:49,so beautiful movies,so beautiful movies,0,3,19,0,0,0,1.0,0,0,0.6361,1,0,1,0.0,0,1,0,5.0,0.0
f83da63c-fa99-42c8-b115-5a4cc115e7dd,Netflix,Entertainment,Moses Omoni,Unknown,5,2025-10-27 01:17:07,i love it so much,i love it so much,0,5,17,0,0,0,1.0,0,0,0.6369,1,0,1,0.0,0,1,0,5.0,0.0
474ed677-1d05-460f-959e-652b5595ad62,Netflix,Entertainment,Ivan Antic,Unknown,1,2025-10-27 01:51:14,u cant end this when u want bcs they will charge u again,u cant end this when u want bcs they will charge u again,0,13,56,0,0,0,0.8461538461538461,0,0,0.0772,1,0,1,0.0,0,1,0,1.0,0.0
05ed1139-a478-46c6-b321-f3391131d8d4,Netflix,Entertainment,keshav kuchana,Unknown,2,2025-10-27 02:12:51,I updated the app but the shows are just loading and loading. not even a single one is playing. I have good internet connection but it keeps happening. I sincerely didn't like this app. please don't take subscription.,i updated the app but the shows are just loading and loading. not even a single one is playing. i have good internet connection but it keeps happening. i sincerely didn't like this app. please don't take subscription.,0,38,217,0,0,0,0.8947368421052632,0,1,0.8881,1,0,1,0.0,0,1,1,2.0,0.0
36ae7c91-abd7-4f99-8bc4-d66f21d1df02,Netflix,Entertainment,Julius Salcedo,Unknown,5,2025-10-27 02:22:45,♥️♥️♥️♥️♥️,♥️♥️♥️♥️♥️,0,1,10,0,0,0,1.0,0,0,0.9719,1,0,1,0.0,0,1,0,5.0,0.0
1e2002e4-3b9a-42e2-a61a-f47bca78d86b,Netflix,Entertainment,Notsodelish Pencil,Unknown,3,2025-10-27 02:39:11,for the love of bootycakes PLEASE NETFLIX PLEASE STREAM CLEVATESS ON THE PHILIPPINES,for the love of bootycakes please netflix please stream clevatess on the philippines,0,13,84,0,0,8,0.8461538461538461,0,0,0.8316,1,0,1,0.0,0,1,0,3.0,0.0
58f1a2f2-a985-472a-b292-a37801caf14f,Netflix,Entertainment,Kunilata Muduli,Unknown,5,2025-10-27 03:11:23,gta vice city definitive edition and gta 3 definetive edition pls add iam waitbthis games,gta vice city definitive edition and gta 3 definetive edition pls add iam waitbthis games,0,15,89,0,0,0,0.8666666666666667,0,0,0.0772,1,0,1,0.0,0,1,0,5.0,0.0
e1a5efd3-b969-41a0-8182-c0680b8507ec,Netflix,Entertainment,Michael Batres Jr,Unknown,5,2025-10-27 03:22:42,Mbatresjr@2011gamilcom 7.19.2023.4K60FPS,mbatresjr@2011gamilcom 7.19.2023.4k60fps,0,2,40,0,0,1,1.0,0,0,0.0,1,0,1,0.0,0,1,0,5.0,0.0
0cfb63fc-f1b9-4e0a-a814-c82178d020c4,Netflix,Entertainment,Sopheak PAO,Unknown,1,2025-10-27 03:36:00,Just downloaded but could not sign in or register for new users. this is cruel,just downloaded but could not sign in or register for new users. this is cruel,0,15,78,0,0,0,1.0,1,0,-0.7351,1,0,1,0.0,0,1,0,1.0,0.0
6bb48fed-df32-48cc-a258-a57e68a077e3,Netflix,Entertainment,BHAGIRATHI HANSDA,Unknown,3,2025-10-27 03:49:52,bad experience,bad experience,0,2,14,0,0,0,1.0,0,0,-0.5423,1,0,1,0.0,0,1,0,3.0,0.0
11155538-eb1f-4320-8ed3-79dcca920df6,Netflix,Entertainment,Bentley Rowe,Unknown,4,2025-10-27 04:03:17,I wasn't able to load it so I uninstalled it and now I can't install it again.,i wasn't able to load it so i uninstalled it and now i can't install it again.,0,17,78,0,0,0,0.7647058823529411,1,0,0.0,1,0,1,0.0,0,1,0,4.0,0.0
32b61d85-3336-4dc7-9bb3-f2a412d0378f,Netflix,Entertainment,David Frank,Unknown,2,2025-10-27 04:32:45,very nice,very nice,0,2,9,0,0,0,1.0,0,0,0.4754,1,0,1,0.0,0,3,0,2.0,0.0
b6d434e8-c035-4e70-a305-272867237166,Netflix,Entertainment,SAYYAD NAZEER,Unknown,5,2025-10-27 04:36:45,very good and excellent,very good and excellent,0,4,23,0,0,0,1.0,0,0,0.7996,1,0,1,0.0,0,1,0,5.0,0.0
2e2e39e2-daf4-400e-9d2c-7f3970869e2d,Netflix,Entertainment,Liz,Unknown,3,2025-10-27 04:38:52,your app is crashing on the tv,your app is crashing on the tv,1,7,30,0,0,0,1.0,0,1,0.0,1,0,1,0.0,0,1,0,3.0,0.0
7302140e-86d1-43da-af32-fa5080252fde,Netflix,Entertainment,Priyanka J.,Unknown,5,2025-10-27 05:02:28,"The best app ever it's ad free and so never interrupts while watching any content whether it's downloaded or not, its best feature is the downloads it's quite fast and so there's nothing compare to this app 👍","the best app ever it's ad free and so never interrupts while watching any content whether it's downloaded or not, its best feature is the downloads it's quite fast and so there's nothing compare to this app 👍",0,38,208,1,0,0,0.8157894736842105,1,1,0.7486,1,0,1,0.0,0,1,0,5.0,0.0
d773915e-2201-4167-ab5a-dc07e9d6d943,Netflix,Entertainment,Jack Mott,Unknown,4,2025-10-27 05:31:29,it's ok but I wish they have more shows,it's ok but i wish they have more shows,0,9,39,0,0,0,1.0,0,0,0.631,1,0,1,0.0,0,1,0,4.0,0.0
b75dc35d-079c-4cdd-8f1d-382667ffb582,Netflix,Entertainment,Nevaeh Redoble,Unknown,4,2025-10-27 05:32:48,please add spider man into the spiderverse back.,please add spider man into the spiderverse back.,0,8,48,0,0,0,1.0,0,0,0.3182,1,0,1,0.0,0,1,0,4.0,0.0
d7eb7006-6cc6-4c12-b9a5-0128e84d034b,Netflix,Entertainment,A Google user,Unknown,1,2025-10-27 06:16:03,"I left this app that once was great now it's limited and too expensive bye, Netflix you will fall Soon........","i left this app that once was great now it's limited and too expensive bye, netflix you will fall soon........",0,20,110,0,0,0,1.0,0,1,0.4939,1,0,10,354350.0,0,1,0,3.4,1.6465452046971292
87c7d8fd-04ef-42e1-8756-8e4a9d52972d,Netflix,Entertainment,hasibur. SK,Unknown,3,2025-10-27 06:17:18,lòoppp,lòoppp,0,1,6,0,0,0,1.0,0,0,0.0,1,0,1,0.0,0,1,0,3.0,0.0
0a9d46a0-a491-4e99-b075-27f3367e421b,Netflix,Entertainment,Arun Kumar,Unknown,1,2025-10-27 06:45:39,limited tamil dubbed movie,limited tamil dubbed movie,0,4,26,0,0,0,1.0,0,0,-0.2263,1,0,1,0.0,0,1,0,1.0,0.0
a4bf4025-2028-476a-8736-ded5d752048d,Netflix,Entertainment,kevin Diaz,Unknown,1,2025-10-27 07:15:23,"horrible, antes era mas amigable Netflix a buen precio y sin restricciones, ahora solo puedo ver Netflix en mi casa por que si salgo de ella piensa que no soy del hogar, que lamentable","horrible, antes era mas amigable netflix a buen precio y sin restricciones, ahora solo puedo ver netflix en mi casa por que si salgo de ella piensa que no soy del hogar, que lamentable",0,34,184,0,0,0,0.9117647058823529,0,0,-0.8957,1,0,1,0.0,0,1,0,1.0,0.0
254f902e-db0c-450e-bb13-6d0221030f4e,Netflix,Entertainment,Sahil Baba,Unknown,5,2025-10-27 07:21:36,Very Good 👍,very good 👍,0,3,11,1,0,0,1.0,0,0,0.4927,1,0,1,0.0,0,1,0,5.0,0.0
a08f9b6f-625b-4a84-85c6-652ac25f7356,Netflix,Entertainment,Md Himel Hossain,Unknown,5,2025-10-27 07:22:11,good Apps,good apps,0,2,9,0,0,0,1.0,0,1,0.4404,1,0,1,0.0,0,1,0,5.0,0.0
69e9f3a1-8c94-4c13-9ce9-ff26bb73f542,Netflix,Entertainment,A Google user,Unknown,3,2025-10-27 08:26:15,ads are sooooo loud! please fix this issue.,ads are sooooo loud! please fix this issue.,0,8,43,0,0,0,1.0,0,0,0.3802,1,0,10,7812.0,0,1,0,3.4,1.6465452046971292
4e049b08-364c-4019-8dad-dcccef270738,Netflix,Entertainment,Neha Jaiswal,Unknown,5,2025-10-27 08:45:50,nice dramas on it I will highly recommend it who love new new dramas 😀😀😀😀🤣😀😀😀😀🤣😀😀😀🤣🤣🤣🤣😃😃😃😃😃😃😃😃😃😃😃😃😄😄😄😄😄😄😄😄😄😄😄😄😄😄😄😄😄😄😄😄😄😄😄😄😄😄😄😄😄😄😄😄,nice dramas on it i will highly recommend it who love new new dramas 😀😀😀😀🤣😀😀😀😀🤣😀😀😀🤣🤣🤣🤣😃😃😃😃😃😃😃😃😃😃😃😃😄😄😄😄😄😄😄😄😄😄😄😄😄😄😄😄😄😄😄😄😄😄😄😄😄😄😄😄😄😄😄😄,0,15,130,61,0,0,0.8,0,0,0.9997,1,0,1,0.0,0,1,0,5.0,0.0
7cc815fb-3a6d-4c51-8e55-d262194139f3,Netflix,Entertainment,Pankaj Sitapara,Unknown,1,2025-10-27 09:04:16,it's useless there is no new movie coming in month always showing you wach in past don't West your money Here,it's useless there is no new movie coming in month always showing you wach in past don't west your money here,0,21,109,0,0,0,0.9523809523809523,0,0,-0.6124,1,0,1,0.0,0,1,0,1.0,0.0
6d2ce640-f16f-4c7a-92f3-0118c3d9585e,Netflix,Entertainment,aidee mho,Unknown,1,2025-10-27 09:21:21,still problem with household verification,still problem with household verification,0,5,41,0,0,0,1.0,0,0,-0.4019,1,0,1,0.0,0,1,0,1.0,0.0
df32fdac-e33c-4864-bd88-af6a4d08d0f4,Netflix,Entertainment,Ket Lysa,Unknown,5,2025-10-27 09:29:18,I love Netflix moves.there new moves here,i love netflix moves.there new moves here,0,7,41,0,0,0,1.0,0,0,0.6369,1,0,1,0.0,0,1,0,5.0,0.0
373fca69-0a20-4760-b65a-dfba8a842f18,Netflix,Entertainment,Ugwu Chidera,Unknown,4,2025-10-27 09:31:18,Very nice but don't have all the movie,very nice but don't have all the movie,0,8,38,0,0,0,1.0,0,0,0.2609,1,0,1,0.0,0,1,0,4.0,0.0
fe232247-5933-4e36-a4cb-d335566cd477,Netflix,Entertainment,Mohammed Yusuf,Unknown,5,2025-10-27 09:43:58,am new in this app and very good and interesting app to used. if data always Active,am new in this app and very good and interesting app to used. if data always active,1,17,83,0,0,0,0.8823529411764706,0,1,0.8341,1,0,1,0.0,0,1,0,5.0,0.0
015915fb-fd7f-4e29-9650-e864d3dde9d3,Netflix,Entertainment,Keamogetswe Qophe,Unknown,4,2025-10-27 10:21:14,It's very good,it's very good,0,3,14,0,0,0,1.0,0,0,0.4927,1,0,1,0.0,0,1,0,4.0,0.0
8cc667b8-bffe-4a8f-ae82-a26d4501c35d,Netflix,Entertainment,Adonis Deriada,Unknown,1,2025-10-27 10:22:48,The app doesn't always recognize my phone as a household. Sometimes it did but more of the time it didn't even after signing out and signing in again.,the app doesn't always recognize my phone as a household. sometimes it did but more of the time it didn't even after signing out and signing in again.,0,28,150,0,0,0,0.8928571428571429,0,1,0.0,1,0,1,0.0,0,1,0,1.0,0.0
2899add2-005a-4f68-8386-d4abe84138fb,Netflix,Entertainment,Lauren,Unknown,1,2025-10-27 10:33:27,hitting news needs better control,hitting news needs better control,0,5,33,0,0,0,1.0,0,0,0.4404,1,0,1,0.0,0,1,0,1.0,0.0
04ff9458-cc45-42ca-9f76-194e53ecacba,Netflix,Entertainment,Shantal Martin,Unknown,1,2025-10-27 10:39:23,can't pay without using debit card,can't pay without using debit card,0,6,34,0,0,0,1.0,0,0,0.0762,1,0,1,0.0,0,1,0,1.0,0.0
c50f4089-1d5b-4e83-921b-0476ffa36cf4,Netflix,Entertainment,Destiny Jude,Unknown,5,2025-10-27 10:41:02,the app is amazing,the app is amazing,0,4,18,0,0,0,1.0,0,1,0.5859,1,0,1,0.0,0,1,0,5.0,0.0
bc7433b5-9751-48f8-a15f-0a00c53fce2e,Netflix,Entertainment,Smartsupport Trustwallet,Unknown,1,2025-10-27 11:27:59,Netflix has gone so bad in renewing subscriptions,netflix has gone so bad in renewing subscriptions,0,8,49,0,0,0,1.0,0,0,-0.6696,1,0,1,0.0,0,1,0,1.0,0.0
23997938-9d13-4a58-9d82-ce1bbdb3571b,Netflix,Entertainment,Keetch Dealca,Unknown,1,2025-10-27 11:34:11,this app is not recommend for poor people like me I can't afford that much,this app is not recommend for poor people like me i can't afford that much,0,15,74,0,0,0,1.0,0,1,0.4486,1,0,1,0.0,0,1,0,1.0,0.0
ae044c59-92ba-4fab-a111-941922315b0c,Netflix,Entertainment,Fredrik,Unknown,4,2025-10-27 11:41:56,please give higher bitrate option. as example the 1.3 GB download of a house of dynamite. the Netflix ident at the start looks like youtube 2010.,please give higher bitrate option. as example the 1.3 gb download of a house of dynamite. the netflix ident at the start looks like youtube 2010.,0,26,145,0,0,1,0.8846153846153846,1,0,0.6705,1,0,1,0.0,0,1,0,4.0,0.0
7f25aa4b-80dc-4472-bf30-6befcb080117,Netflix,Entertainment,Ravindra “रवी” Lambkane,Unknown,4,2025-10-27 12:08:12,overall experience is good. need more indian content,overall experience is good. need more indian content,0,8,52,0,0,0,1.0,0,0,0.4404,1,0,1,0.0,0,1,0,4.0,0.0
744f991b-39c5-4fd6-9a99-5e9a90ec839a,Netflix,Entertainment,Gleb Krylov,Unknown,1,2025-10-27 12:22:29,Can't use my HDMI cable.,can't use my hdmi cable.,0,5,24,0,0,1,1.0,0,0,0.0,1,0,1,0.0,0,1,0,1.0,0.0
74271fae-e9c3-45aa-9ece-811968dbd61e,Netflix,Entertainment,James Moore,Unknown,1,2025-10-27 12:24:12,Netflix has now blocked my household and devices. unable to watch anything now. I just paid and want my money back!,netflix has now blocked my household and devices. unable to watch anything now. i just paid and want my money back!,0,21,115,0,0,0,0.9047619047619048,0,0,-0.2714,1,0,1,0.0,0,1,0,1.0,0.0
ce42b359-19f6-4d18-9740-375c9797bcc0,Netflix,Entertainment,tariq malik,Unknown,1,2025-10-27 12:53:30,can we watch our fav movies live on this app????,can we watch our fav movies live on this app????,0,10,48,0,0,0,1.0,0,1,0.6072,1,0,1,0.0,0,1,1,1.0,0.0
55924ac9-8e60-4775-b892-441415604bca,Netflix,Entertainment,Miner Reyes,Unknown,5,2025-10-27 12:57:14,good movie,good movie,0,2,10,0,0,0,1.0,0,0,0.4404,1,0,1,0.0,0,1,0,5.0,0.0
eac621ba-1392-455e-900e-eb3287b3703b,Netflix,Entertainment,Susan Fletcher,Unknown,1,2025-10-27 13:08:05,black screen,black screen,0,2,12,0,0,0,1.0,0,0,0.0,1,0,1,0.0,0,1,0,1.0,0.0
9cf9e658-b937-4b13-a068-afb1912d6cd8,Netflix,Entertainment,Roseline Jabulile,Unknown,1,2025-10-27 13:26:54,no help at all,no help at all,0,4,14,0,0,0,1.0,0,0,-0.3089,1,0,1,0.0,0,1,0,1.0,0.0
e6076ba6-730b-4870-a1ac-c8ef63c28a62,Netflix,Entertainment,Squall Wilsen,Unknown,1,2025-10-27 13:44:41,buang fitur household tolol,buang fitur household tolol,0,4,27,0,0,0,1.0,0,0,0.0,1,0,1,0.0,0,1,0,1.0,0.0
daad477f-d389-472d-b0f5-2fd75496d496,Netflix,Entertainment,Pinder Sharma,Unknown,1,2025-10-27 13:58:25,"My phone Samsung S24 Snapdragon processor gen 3 Relaunching August 2025 ,Problem Not Netflix HDR supporting,","my phone samsung s24 snapdragon processor gen 3 relaunching august 2025 ,problem not netflix hdr supporting,",0,16,108,0,0,2,1.0,0,0,-0.6256,1,0,1,0.0,0,1,0,1.0,0.0
0be50b01-9114-4a62-b231-61daa31b3fc5,Netflix,Entertainment,viswarajan muthu,Unknown,5,2025-10-27 13:58:35,service excellent,service excellent,0,2,17,0,0,0,1.0,0,0,0.5719,1,0,1,0.0,0,1,0,5.0,0.0
006c1dbf-61b4-4fcf-b980-9780374412e9,Netflix,Entertainment,ishani rawat,Unknown,5,2025-10-27 14:43:17,Yes I agree,yes i agree,0,3,11,0,0,0,1.0,0,0,0.6369,1,0,1,0.0,0,1,0,5.0,0.0
bf825ef9-c5c5-4137-9c48-674ec5637c1d,Netflix,Entertainment,Muhammad Kamran,Unknown,1,2025-10-27 14:53:32,Same video quality every package.,same video quality every package.,0,5,33,0,0,0,1.0,0,0,0.0,1,0,1,0.0,0,1,0,1.0,0.0
b42d234d-6084-449a-b8c1-b6b4851a66d8,Netflix,Entertainment,Karan Singh,Unknown,1,2025-10-27 15:08:00,Everything is fine except the download speed is bad and it expires isse acha toh crome se download krke dekhlo kya fyda subscribtion kaa Netflix server very bad for downloading mai ja raha install karne paise bar baad ho gaye....,everything is fine except the download speed is bad and it expires isse acha toh crome se download krke dekhlo kya fyda subscribtion kaa netflix server very bad for downloading mai ja raha install karne paise bar baad ho gaye....,0,40,229,0,0,0,0.925,1,1,-0.7574,1,0,1,0.0,0,1,0,1.0,0.0
9947bd35-b5de-4438-a303-26e273581db9,Netflix,Entertainment,chandu xalxo,Unknown,1,2025-10-27 15:20:43,very bad,very bad,0,2,8,0,0,0,1.0,0,0,-0.5849,1,0,1,0.0,0,1,0,1.0,0.0
bb9fc5da-a185-41e7-9104-792b6371d9e0,Netflix,Entertainment,ROHAN KARTIKEYA V,Unknown,4,2025-10-27 15:25:44,it's great! that's all to say! I wouldn't mind the price although I have one request.. STOP REMOVING SHOWS OFF NETFLIX!!!! Movies ARE FINE!,it's great! that's all to say! i wouldn't mind the price although i have one request.. stop removing shows off netflix!!!! movies are fine!,0,24,139,0,0,7,0.9583333333333334,0,0,0.7067,1,0,1,0.0,0,1,0,4.0,0.0
8810a2cc-82c8-43db-b48a-ec84fd3fe37f,Netflix,Entertainment,Leah Reyha,Unknown,5,2025-10-27 15:32:09,Love it! It's,love it! it's,0,3,13,0,0,0,1.0,0,0,0.6696,1,0,1,0.0,0,1,0,5.0,0.0
0c379acd-86e1-4ef2-9d2c-8f7d48e779fb,Netflix,Entertainment,Mary Ann Riedel,Unknown,5,2025-10-27 16:15:38,"I so want 2 watch again the beautiful love story from Turkey, but forgot the name & hope it's still available. Can you. give me the title & if available???","i so want 2 watch again the beautiful love story from turkey, but forgot the name & hope it's still available. can you. give me the title & if available???",0,30,155,0,0,0,0.9,0,0,0.8669,1,0,1,0.0,0,1,0,5.0,0.0
7ed16560-e990-49bf-a4eb-8b11051aa012,Netflix,Entertainment,Iman Shah,Unknown,3,2025-10-27 16:15:50,netlfix app have to update do a fix on its brightness on google pixel 10 pro lowest but its still bright hope it make it dimmer for future use in a dark room,netlfix app have to update do a fix on its brightness on google pixel 10 pro lowest but its still bright hope it make it dimmer for future use in a dark room,0,33,157,0,0,0,0.8787878787878788,0,1,0.8271,1,0,1,0.0,0,1,0,3.0,0.0
a01ab7ef-2af1-47aa-af86-2a9a409157fe,Netflix,Entertainment,Maureen Wandia,Unknown,1,2025-10-27 16:18:52,its not opening on my phone,its not opening on my phone,0,6,27,0,0,0,1.0,0,0,0.0,1,0,1,0.0,0,1,0,1.0,0.0
1bef8016-5c10-46bb-b4b7-496f7083ee9e,Netflix,Entertainment,Kay Waldorf,Unknown,5,2025-10-27 16:24:07,The man who took my call was extremely patient & helpful. He helped get Netflix back. THANK YOU,the man who took my call was extremely patient & helpful. he helped get netflix back. thank you,1,18,95,0,0,2,1.0,0,0,0.6771,1,0,1,0.0,0,1,0,5.0,0.0
75acfb4b-a45a-4ba5-835a-a0989caeccf0,Netflix,Entertainment,Frederik Lacroix,Unknown,1,2025-10-27 16:30:24,"No password sharing = I cancel my subscription, so long netflix thanks for ruining your platform and adding ads to paying customers","no password sharing = i cancel my subscription, so long netflix thanks for ruining your platform and adding ads to paying customers",1,22,131,0,0,0,1.0,0,0,-0.5217,1,0,1,0.0,0,1,0,1.0,0.0
3bd643ed-6512-4b3d-a7f7-93c6348473de,Netflix,Entertainment,Bob Brown,Unknown,1,2025-10-27 16:38:57,"overpriced, recycled movies... not worth it","overpriced, recycled movies... not worth it",0,6,43,0,0,0,1.0,0,0,-0.1695,1,0,1,0.0,0,1,0,1.0,0.0
e66973d8-7c56-4f46-9915-b37892e94089,Netflix,Entertainment,Lizallen Rubante,Unknown,4,2025-10-27 16:48:49,This app is really great. but PLEASE Netflix remove the household feature like why do we have to watch on the same roof and connected to the same wifi. please REMOVE it😭🙏🙏,this app is really great. but please netflix remove the household feature like why do we have to watch on the same roof and connected to the same wifi. please remove it😭🙏🙏,1,32,171,3,0,2,0.8125,0,1,0.7959,1,0,1,0.0,0,1,0,4.0,0.0
3815363d-8224-41fe-b18d-fcd953f1f315,Netflix,Entertainment,Richy Mae Medalla,Unknown,1,2025-10-27 17:06:14,I REALLY REALY HATE THAT AUTO SUBSCRIPTION THINGY❗ why do they even do this⁉️ It doesn't even confirm with the owner first if they want to continue or not❗,i really realy hate that auto subscription thingy❗ why do they even do this⁉️ it doesn't even confirm with the owner first if they want to continue or not❗,0,29,155,0,0,7,0.896551724137931,0,0,-0.5688,1,0,1,0.0,0,1,0,1.0,0.0
6aeb8ecb-8a49-4f14-ac3b-3c6329be7e4e,Netflix,Entertainment,Navya Jadhav,Unknown,2,2025-10-27 17:54:35,it's not working properly. recently it is having pixels and I am not able to watch properly. like a lot of pixels. please do something,it's not working properly. recently it is having pixels and i am not able to watch properly. like a lot of pixels. please do something,0,25,134,0,0,0,0.92,0,0,0.5859,1,0,1,0.0,0,1,1,2.0,0.0
1bd0486e-cfb8-4c28-ae6e-07a3e83df45f,Netflix,Entertainment,Baruna Kafley,Unknown,5,2025-10-27 17:56:22,"Using it for 5years , excellent experience","using it for 5years , excellent experience",0,7,42,0,0,0,1.0,0,0,0.5719,1,0,1,0.0,0,1,0,5.0,0.0
9b013029-688c-47cc-a95a-6207a597c5be,Netflix,Entertainment,Johnny Muller,Unknown,5,2025-10-27 18:34:51,Amazing movies👌👌👌👌👌,amazing movies👌👌👌👌👌,0,2,19,5,0,0,1.0,0,0,0.9867,1,0,1,0.0,0,1,0,5.0,0.0
48e1faf7-a698-4339-a184-314cece86903,Netflix,Entertainment,Aaie,Unknown,5,2025-10-27 18:35:42,it's the best and has all best movies,it's the best and has all best movies,0,8,37,0,0,0,0.875,0,0,0.8555,1,0,1,0.0,0,1,0,5.0,0.0
eb3c7ae5-3b15-4516-911d-c3056738b071,Netflix,Entertainment,Sangya Srivastava,Unknown,1,2025-10-27 18:50:16,since you're trying to erase YU MENGLONG!,since you're trying to erase yu menglong!,0,7,41,0,0,2,1.0,0,0,0.0,1,0,1,0.0,0,1,0,1.0,0.0
b29ae1dd-16b4-4e12-bdfc-35081e1f5afc,Netflix,Entertainment,Eleni Xousou,Unknown,5,2025-10-27 18:51:30,well fine,well fine,0,2,9,0,0,0,1.0,0,0,0.4404,1,0,1,0.0,0,1,0,5.0,0.0
6045946b-01ae-4495-9aca-caaf45d2b4c5,Netflix,Entertainment,Joshua Welker,Unknown,5,2025-10-27 18:53:46,chilling the night away true love over power of God's love,chilling the night away true love over power of god's love,0,11,58,0,0,0,0.9090909090909091,0,0,0.9022,1,0,1,0.0,0,1,0,5.0,0.0
a3dc3e47-4669-4809-9064-1583b38c303a,Netflix,Entertainment,Ajay,Unknown,4,2025-10-27 19:06:06,we want free trail,we want free trail,0,4,18,0,0,0,1.0,1,0,0.5574,1,0,1,0.0,0,1,0,4.0,0.0
f3f1a93a-f958-440c-a060-0460d780f642,Netflix,Entertainment,Dilshan Ketawala,Unknown,1,2025-10-27 19:26:06,what do you have that i search for? Nothing... 😡,what do you have that i search for? nothing... 😡,1,10,48,1,0,0,1.0,0,0,0.0,1,0,1,0.0,0,1,0,1.0,0.0
10b158ff-2114-4d8c-837e-c363de4e5453,Netflix,Entertainment,Ar R,Unknown,5,2025-10-27 19:30:22,"Me encanta, aunque con el dispositivo de la tv con vodafone hay veces que provoca el apagado del aparato y molesta porque tarda bastante en encenderse y cargar...","me encanta, aunque con el dispositivo de la tv con vodafone hay veces que provoca el apagado del aparato y molesta porque tarda bastante en encenderse y cargar...",0,28,162,0,0,0,0.8928571428571429,0,0,0.0,1,0,1,0.0,0,1,0,5.0,0.0
0fae6a5d-6154-4b7d-b634-e7adfc1dbb95,Netflix,Entertainment,Nihad Delic,Unknown,1,2025-10-27 19:37:11,it started a long time ago to be catastrophic but now u need eh to find something to watch,it started a long time ago to be catastrophic but now u need eh to find something to watch,1,19,90,0,0,0,0.8947368421052632,0,0,-0.2732,1,0,1,0.0,0,1,0,1.0,0.0
0cb11d9f-62b1-4381-b977-08dde2b231df,Netflix,Entertainment,Mert,Unknown,1,2025-10-27 19:46:59,You can't even watch some movies or TV shows cause they are region restricted. I paid for this and it's in Netflix but not in my region. This is unacceptable.,you can't even watch some movies or tv shows cause they are region restricted. i paid for this and it's in netflix but not in my region. this is unacceptable.,0,30,158,0,0,1,0.9333333333333333,0,0,-0.7003,1,0,1,0.0,0,1,0,1.0,0.0
b49a3f53-c395-4192-a85a-b8efa3ac7f5f,Netflix,Entertainment,John Henderson,Unknown,1,2025-10-27 20:08:42,"if all my downloads are ""expired"" how come I cannot download others. after all if expire I'd they are no longer there. so new downloads should be available","if all my downloads are ""expired"" how come i cannot download others. after all if expire i'd they are no longer there. so new downloads should be available",0,28,155,0,0,0,0.8571428571428571,1,0,-0.296,1,0,1,0.0,0,1,0,1.0,0.0
4358de25-efd2-4ead-8845-9b4b939f67d5,Netflix,Entertainment,Valentijn Scholten,Unknown,1,2025-10-27 20:24:07,subtitles extremely bright and cannot be adjusted,subtitles extremely bright and cannot be adjusted,0,7,49,0,0,0,1.0,0,0,0.4927,1,0,1,0.0,0,1,0,1.0,0.0
e90ac25e-3da0-417a-bd44-94a8fb859540,Netflix,Entertainment,Lloyd Aaron Allequir,Unknown,1,2025-10-27 20:34:53,App crashes,app crashes,0,2,11,0,0,0,1.0,0,1,0.0,1,0,1,0.0,0,1,0,1.0,0.0
5fc69825-e052-4919-b186-46dbccbb4b12,Netflix,Entertainment,Eleazar Villanueva (Elias24),Unknown,5,2025-10-27 20:40:21,your account,your account,0,2,12,0,0,0,1.0,0,0,0.0,1,0,1,0.0,0,1,0,5.0,0.0
c60dfdc3-1bd2-4fb1-9161-bd58c81b1ac9,Netflix,Entertainment,Lovell Luck,Unknown,1,2025-10-27 20:41:18,It seems netflix is following the latest trend of continuing to charge customers after they've already cancelled twice i want my money back,it seems netflix is following the latest trend of continuing to charge customers after they've already cancelled twice i want my money back,0,23,139,0,0,0,1.0,0,0,-0.1779,1,0,1,0.0,0,1,0,1.0,0.0
493d1b45-9d86-4c80-b846-d964695b220d,Netflix,Entertainment,Sani isah Abdullahi,Unknown,5,2025-10-27 21:20:38,Every way good,every way good,0,3,14,0,0,0,1.0,0,0,0.4404,1,0,1,0.0,0,1,0,5.0,0.0
f1ace003-d372-4d53-9b4f-a4bcdb6bd442,Netflix,Entertainment,King ib Son kuchi,Unknown,5,2025-10-27 21:30:18,About blue film,about blue film,0,3,15,0,0,0,1.0,0,0,0.0,1,0,1,0.0,0,1,0,5.0,0.0
d6d7256e-fa28-4e51-9b04-516700df74f7,Netflix,Entertainment,Shyam Mandloi,Unknown,5,2025-10-27 21:57:18,👌👌👌👌👌,👌👌👌👌👌,0,1,5,5,0,0,1.0,0,0,0.9829,1,0,1,0.0,0,1,0,5.0,0.0
239168fd-2333-4572-91b3-89f013253dcf,Netflix,Entertainment,Bal cem,Unknown,2,2025-10-27 22:10:29,kenapa bahasa indo je ee tak de langsung bahasa Melayu patut nya my little pony tu dh ade bahasa Melayu tau dan anime lain pun tak de bahasa melayu.,kenapa bahasa indo je ee tak de langsung bahasa melayu patut nya my little pony tu dh ade bahasa melayu tau dan anime lain pun tak de bahasa melayu.,0,29,148,0,0,0,0.7931034482758621,0,0,0.0,1,0,1,0.0,0,1,0,2.0,0.0
33ec33e0-e361-4975-a2a6-f39279aea6a5,Netflix,Entertainment,Pancho Franco,Unknown,3,2025-10-28 00:45:58,"The player only allows zoom to Fit the width, and it's hard to match the current episode in The List.","the player only allows zoom to fit the width, and it's hard to match the current episode in the list.",0,20,101,0,0,0,0.8,0,0,0.2732,1,0,1,0.0,0,1,0,3.0,0.0
532f1c96-1468-4c37-8c29-4a2924c98ece,Netflix,Entertainment,farman ali,Unknown,1,2025-10-28 01:17:09,sign-up nahi ho rha hai,sign-up nahi ho rha hai,0,5,23,0,0,0,1.0,0,1,0.0,1,0,1,0.0,0,1,0,1.0,0.0
52a62618-35ab-47b2-b864-782d00b28527,Netflix,Entertainment,Vicki Frisch,Unknown,4,2025-10-28 01:20:59,great if you let me in! I paid my bill a week ago!,great if you let me in! i paid my bill a week ago!,0,13,50,0,0,0,1.0,0,0,0.6892,1,0,1,0.0,0,1,0,4.0,0.0
f5da2b6a-42b1-4532-b572-b5d01f60f58c,Netflix,Entertainment,Ryan Perine,Unknown,1,2025-10-28 01:52:20,lives dot work,lives dot work,0,3,14,0,0,0,1.0,0,0,0.0,1,0,1,0.0,0,1,0,1.0,0.0
1dd17e3d-c1ac-4d61-8f18-e097c4fbda63,Netflix,Entertainment,Christoper Galindo,Unknown,3,2025-10-28 02:32:00,the reason I give it 3 stars is because they have a show called Scooby Doo mystery incorporated and there is a lot of shows and movies of it not gonna lie Netflix should just add them,the reason i give it 3 stars is because they have a show called scooby doo mystery incorporated and there is a lot of shows and movies of it not gonna lie netflix should just add them,0,37,183,0,0,0,0.8648648648648649,0,0,0.0,1,0,1,0.0,0,1,0,3.0,0.0
5bada8c1-b23b-4976-a435-3f9f41210007,Netflix,Entertainment,horses & love beauty,Unknown,4,2025-10-28 02:48:49,good.,good.,0,1,5,0,0,0,1.0,0,0,0.4404,1,0,1,0.0,0,1,0,4.0,0.0
883ff95b-17b4-4041-9483-5268ead7c391,Netflix,Entertainment,Rajaan AlRajaan,Unknown,1,2025-10-28 02:52:52,even when you stop your subscription and cancel your account they will still charge you and won't stop and NO ONE WILL HELP.,even when you stop your subscription and cancel your account they will still charge you and won't stop and no one will help.,0,23,124,0,0,4,0.7391304347826086,0,0,0.3129,1,0,1,0.0,0,1,0,1.0,0.0
54019e36-8734-4e4c-8411-dee0d43ad680,Netflix,Entertainment,Orlando Baig,Unknown,2,2025-10-28 03:28:08,LET ME ADJUST THE CLOSED CAPTION SIZE!!!,let me adjust the closed caption size!!!,0,7,40,0,0,7,1.0,0,0,0.0,1,0,1,0.0,0,1,0,2.0,0.0
b534747d-e201-4fb4-909e-4c2585190143,Netflix,Entertainment,Ahmet,Unknown,1,2025-10-28 04:17:32,I can't delete this off my Android it comes pre-built and really annoying,i can't delete this off my android it comes pre-built and really annoying,0,13,73,0,0,0,1.0,0,0,-0.4576,1,0,1,0.0,0,1,0,1.0,0.0
3a6a7b14-ee1a-488f-a605-b63b484b50dd,Netflix,Entertainment,Maria Ortiz,Unknown,2,2025-10-28 05:20:58,"Que horror con los comerciales, es como ver YouTube pero pagando por ver películas y comerciales. Regresamos a los 90s com más comerciales que la tele local.","que horror con los comerciales, es como ver youtube pero pagando por ver películas y comerciales. regresamos a los 90s com más comerciales que la tele local.",0,27,157,0,0,0,0.8888888888888888,0,0,-0.5719,1,0,1,0.0,0,1,0,2.0,0.0
01af6def-d248-4921-b6fc-83e813172134,Netflix,Entertainment,RG Holmes,Unknown,1,2025-10-28 05:48:08,Expensive and somehow gets worse as a consequence.,expensive and somehow gets worse as a consequence.,0,8,50,0,0,0,1.0,0,0,-0.4767,1,0,1,0.0,0,1,0,1.0,0.0
11746fe7-827a-4311-88bd-3f761ee9e9d5,Netflix,Entertainment,Timothy Pearson,Unknown,1,2025-10-28 06:23:16,Stop cancelling shows. Show some loyalty to the customers who start enjoying something. Can't get out of app easily. Useless.,stop cancelling shows. show some loyalty to the customers who start enjoying something. can't get out of app easily. useless.,0,20,125,0,0,0,1.0,0,1,0.5423,1,0,1,0.0,0,1,1,1.0,0.0
20e65dd1-fadc-48dc-bcfa-50a2dc577798,Netflix,Entertainment,dennis james s. aiken,Unknown,4,2025-10-28 06:31:28,i cannot see this movieThe Witch: Part 2. The Other One English ?,i cannot see this moviethe witch: part 2. the other one english ?,0,13,65,0,0,0,1.0,0,0,-0.3612,1,0,1,0.0,0,1,0,4.0,0.0
0df76047-0d46-42f6-9843-cbd51432b007,Netflix,Entertainment,Sonali Samrat,Unknown,4,2025-10-28 06:41:04,why not seeing this option of coming soon.. ??? please fix this problem as soon as possible,why not seeing this option of coming soon.. ??? please fix this problem as soon as possible,0,17,91,0,0,0,0.8823529411764706,0,0,-0.2359,1,0,1,0.0,0,1,0,4.0,0.0
66115bad-dd49-4f27-8e33-50d6ea5f9a21,Netflix,Entertainment,Hendrix Brooks,Unknown,1,2025-10-28 08:03:12,bad because it emails me stupid stuff like: meh meh do sign stupid code thing meh meh,bad because it emails me stupid stuff like: meh meh do sign stupid code thing meh meh,0,17,85,0,0,0,0.7647058823529411,0,0,-0.875,1,0,1,0.0,0,1,0,1.0,0.0
4cb26231-35c8-4bd4-9ce6-cf870acee6ae,Netflix,Entertainment,Erick Sese,Unknown,5,2025-10-28 09:25:10,easy-to-use,easy-to-use,0,1,11,0,0,0,1.0,0,0,0.0,1,0,1,0.0,0,1,0,5.0,0.0
712afd30-bc2c-4c0e-a6f0-a5478544b72c,Netflix,Entertainment,Eparama Tagivetaua,Unknown,1,2025-10-28 09:53:26,The video can't play,the video can't play,0,4,20,0,0,0,1.0,0,0,-0.2584,1,0,1,0.0,0,1,0,1.0,0.0
a46ce1f2-bf09-4f2e-9e28-f6f4d626a714,Netflix,Entertainment,Joross Oriana,Unknown,1,2025-10-28 09:58:25,"always error can't watch, annoying","always error can't watch, annoying",0,5,34,0,0,0,1.0,0,0,-0.1134,1,0,1,0.0,0,1,0,1.0,0.0
cb81244d-8e97-4d29-9dd4-5532017a98a8,Netflix,Entertainment,Kay,Unknown,5,2025-10-28 10:53:21,awesome 👍,awesome 👍,0,2,9,1,0,0,1.0,0,0,0.6249,1,0,2,0.0,0,1,0,3.5,2.1213203435596424
eff787d0-edca-4896-bda7-5b62276a129b,Netflix,Entertainment,Florence Kashyap,Unknown,1,2025-10-28 11:10:19,Hang. worst app. only buffering,hang. worst app. only buffering,0,5,31,0,0,0,1.0,0,1,-0.6249,1,0,1,0.0,0,1,0,1.0,0.0
fd5fd4c5-48ce-4a62-afb6-f40902f183d3,Netflix,Entertainment,Rommel Tolentino,Unknown,5,2025-10-28 11:18:27,I will watch the new Kpop demon hunters!,i will watch the new kpop demon hunters!,0,8,40,0,0,0,1.0,0,0,0.0,1,0,1,0.0,0,1,0,5.0,0.0
b26b65cd-da35-4b8e-8b66-472394b973c7,Netflix,Entertainment,Angeline Pertis,Unknown,1,2025-10-28 11:46:39,can't watch. Loading is so slow😑😑😑,can't watch. loading is so slow😑😑😑,0,6,34,3,0,0,1.0,0,0,0.0,1,0,1,0.0,0,1,0,1.0,0.0
e35d25b3-76ac-4a7f-996b-246bfdbd8604,Netflix,Entertainment,Renee White,Unknown,5,2025-10-28 11:47:19,favorite thing to watch,favorite thing to watch,0,4,23,0,0,0,1.0,0,0,0.4588,1,0,1,0.0,0,1,0,5.0,0.0
7ac2d84d-1c53-4d2c-8a7d-72ede93d10aa,Netflix,Entertainment,Chastine Barino,Unknown,5,2025-10-28 12:08:02,"Very Convenient but sometimes it doesn't download even if I have a stable internet. It obviously has some issues. I keep on track in updating this app, however, same issue ppl","very convenient but sometimes it doesn't download even if i have a stable internet. it obviously has some issues. i keep on track in updating this app, however, same issue ppl",0,31,175,0,0,0,0.9354838709677419,1,1,0.4215,1,0,1,0.0,0,1,0,5.0,0.0
6e7a47ae-ebf5-449f-9c15-ef5808b81495,Netflix,Entertainment,Shaneisha Clarke,Unknown,5,2025-10-28 12:57:09,Great movies you can watch,great movies you can watch,0,5,26,0,0,0,1.0,0,0,0.6249,1,0,1,0.0,0,1,0,5.0,0.0
57f2c7ae-e8a2-4829-a74f-32cb3922937d,Netflix,Entertainment,Zane Motemane,Unknown,4,2025-10-28 13:03:47,I wish they would add game shakers and icarly 🥲,i wish they would add game shakers and icarly 🥲,0,10,47,1,0,0,1.0,0,0,0.4588,1,0,1,0.0,0,1,0,4.0,0.0
4c15bab9-90f2-4c48-86a3-d403dfd7b697,Netflix,Entertainment,Antoniu Manasturean,Unknown,1,2025-10-28 13:20:07,Propagandaflix,propagandaflix,0,1,14,0,0,0,1.0,0,0,0.0,1,0,1,0.0,0,1,0,1.0,0.0
de8437f8-b42c-47a2-a8a7-ff50da6dcf62,Netflix,Entertainment,Ashley Samaniego,Unknown,1,2025-10-28 13:23:52,"Thanks for limiting the login for people of the same family.. I live in a different country and my family share one account.. how do you guys think our ""Household"" supposed to share now?","thanks for limiting the login for people of the same family.. i live in a different country and my family share one account.. how do you guys think our ""household"" supposed to share now?",0,34,186,0,0,0,0.9117647058823529,0,0,0.743,1,0,1,0.0,0,1,1,1.0,0.0
fe29aea0-cf3d-4ad7-8f1c-a1c135dd0745,Netflix,Entertainment,Omorose Gift,Unknown,1,2025-10-28 13:53:56,Not working for me,not working for me,0,4,18,0,0,0,1.0,0,0,0.0,1,0,1,0.0,0,1,0,1.0,0.0
fafce0fe-33ad-4adb-876b-9e85f082c456,Netflix,Entertainment,Adit Sugiharto,Unknown,3,2025-10-28 13:59:28,why i can't play film on this device?,why i can't play film on this device?,0,8,37,0,0,0,1.0,0,0,-0.2584,1,0,1,0.0,0,1,0,3.0,0.0
9a9d7bf9-aec8-406b-85ce-e8f1a4788456,Netflix,Entertainment,Eustencia Dike,Unknown,1,2025-10-28 14:06:21,Why will I be debited after my subscription failed please refund back my money please,why will i be debited after my subscription failed please refund back my money please,0,15,85,0,0,0,0.8666666666666667,0,0,0.0772,1,0,1,0.0,0,1,0,1.0,0.0
858134e2-a6ed-4c56-9140-fdc2596fdfdc,Netflix,Entertainment,Shailesh Nagrale,Unknown,1,2025-10-28 14:15:23,poor app,poor app,0,2,8,0,0,0,1.0,0,1,-0.4767,1,0,1,0.0,0,1,0,1.0,0.0
761e5560-8143-4e97-8602-391e6790c088,Netflix,Entertainment,Goudrayal K,Unknown,5,2025-10-28 14:16:32,best' advance movie crime' most popular next,best' advance movie crime' most popular next,0,7,44,0,0,0,1.0,0,0,0.5849,1,0,1,0.0,0,1,0,5.0,0.0
a188c13f-bb87-4fd0-a86d-fda80fc5e469,Netflix,Entertainment,広瀬将太（SHISHIYO）,Unknown,1,2025-10-28 14:36:41,Useless app I can't even start a plan the site you are directing me is not working stcu on loading.,useless app i can't even start a plan the site you are directing me is not working stcu on loading.,1,20,99,0,0,0,1.0,0,1,-0.4215,1,0,1,0.0,0,1,0,1.0,0.0
f1d8e19a-9c7a-4040-a8c9-2081f0f63f0b,Netflix,Entertainment,honey saini,Unknown,3,2025-10-28 14:47:56,good aap nyc,good aap nyc,0,3,12,0,0,0,1.0,0,0,0.4404,1,0,1,0.0,0,1,0,3.0,0.0
b7ac97d9-d10a-4a7c-819f-480fca50dd35,Netflix,Entertainment,Christina Meins,Unknown,1,2025-10-28 15:32:57,I've canceled this subscription 4 months in a row even contacted them and they keep taking money out my account.,i've canceled this subscription 4 months in a row even contacted them and they keep taking money out my account.,0,20,112,0,0,0,1.0,0,0,0.0,1,0,1,0.0,0,1,0,1.0,0.0
7a0ea31a-9447-4d3e-a501-133b925b2b51,Netflix,Entertainment,Ajay Ajay,Unknown,1,2025-10-28 15:47:56,it's not working properly,it's not working properly,0,4,25,0,0,0,1.0,0,0,0.0,1,0,1,0.0,0,1,0,1.0,0.0
88f30dd2-99d1-43c5-86c3-28600f117b7e,Netflix,Entertainment,Sylvia Van Kogelenberg,Unknown,1,2025-10-28 16:16:35,"languages don't match to my location or preferences, and episodes aren't loading .","languages don't match to my location or preferences, and episodes aren't loading .",0,13,82,0,0,0,1.0,0,0,0.0,1,0,1,0.0,0,1,0,1.0,0.0
4d825a41-92fd-4454-80bf-5be8a650fa32,Netflix,Entertainment,Jeric Ric,Unknown,1,2025-10-28 16:43:24,this is my first tine using Netflix and i can't find my favorite movie I'm very dissapointed,this is my first tine using netflix and i can't find my favorite movie i'm very dissapointed,0,17,92,0,0,0,0.9411764705882353,0,0,-0.357,1,0,1,0.0,0,1,0,1.0,0.0
678c76cb-be7d-47b4-963d-bef648fef23e,Netflix,Entertainment,Ali,Unknown,5,2025-10-28 16:47:37,Bisti,bisti,0,1,5,0,0,0,1.0,0,0,0.0,1,0,1,0.0,0,1,0,5.0,0.0
2a17c498-a09d-4751-9e80-0c65464079f7,Netflix,Entertainment,Piecks Muhata,Unknown,5,2025-10-28 16:52:13,cant download the app,cant download the app,0,4,21,0,0,0,1.0,1,1,0.0,1,0,1,0.0,0,1,0,5.0,0.0
fb0fbf73-119d-44a6-ae91-756688cf7658,Netflix,Entertainment,Gavi 7,Unknown,2,2025-10-28 17:06:46,Dub (Dark) in Hindi it will cross strangers things I can assure,dub (dark) in hindi it will cross strangers things i can assure,0,12,63,0,0,0,1.0,0,0,0.34,1,0,1,0.0,0,1,0,2.0,0.0
c141e95f-5899-4370-b5f7-947b338cc6d2,Netflix,Entertainment,Umar Jadoon,Unknown,5,2025-10-28 17:06:58,Top platform for movies and TV shows. High-quality streaming with personalized suggestions,top platform for movies and tv shows. high-quality streaming with personalized suggestions,0,12,90,0,0,1,1.0,0,0,0.2023,1,0,1,0.0,0,1,0,5.0,0.0
6904b191-5c52-4ee4-8961-653287ed8557,Netflix,Entertainment,Elizabeth Morris,Unknown,2,2025-10-28 17:19:12,freezes when opening the app so I can't watch anything.,freezes when opening the app so i can't watch anything.,0,10,55,0,0,0,1.0,1,1,-0.0258,1,0,1,0.0,0,1,0,2.0,0.0
7e3c64aa-ea08-44f5-9059-8eeec9b9407c,Netflix,Entertainment,Tina Marie Dallas,Unknown,5,2025-10-28 17:43:58,Luv it,luv it,0,2,6,0,0,0,1.0,0,0,0.0,1,0,1,0.0,0,1,0,5.0,0.0
e922780b-efca-46c4-9fc8-d73a55157aa7,Netflix,Entertainment,Paresh chandra Mohanty,Unknown,1,2025-10-28 18:43:22,you can never watch a thing in a decent resolution. so basically you pay to be blind with those 144p,you can never watch a thing in a decent resolution. so basically you pay to be blind with those 144p,0,20,100,0,0,0,0.9,0,0,-0.5209,1,0,1,0.0,0,1,0,1.0,0.0
d7d82de3-467a-4173-b883-f0c851fe3d7f,Netflix,Entertainment,thodeti chandu,Unknown,5,2025-10-28 18:45:50,good morning,good morning,0,2,12,0,0,0,1.0,0,0,0.4404,1,0,1,0.0,0,1,0,5.0,0.0
968a939c-c6f4-4b06-a1c9-691db70f5a0a,Netflix,Entertainment,Gilta Casanova,Unknown,5,2025-10-28 18:54:10,Having problems with Netflix in my house in Spain.,having problems with netflix in my house in spain.,0,9,50,0,0,0,0.8888888888888888,0,0,-0.4019,1,0,1,0.0,0,1,0,5.0,0.0
aab55a36-17e9-41de-ba60-09895e3fae3f,Netflix,Entertainment,Sadaat king Sadaat,Unknown,5,2025-10-28 19:19:33,Very powerful app,very powerful app,0,3,17,0,0,0,1.0,0,1,0.4754,1,0,1,0.0,0,1,0,5.0,0.0
01009293-2ef8-474a-aca9-36a24e7d5e97,Netflix,Entertainment,A John,Unknown,2,2025-10-28 19:22:35,throw the woke garbage.. I'll consider subscribing again,throw the woke garbage.. i'll consider subscribing again,0,8,56,0,0,0,1.0,0,0,0.0,1,0,1,0.0,0,1,0,2.0,0.0
6155ac2f-ce4c-406a-86a6-8b72612932d3,Netflix,Entertainment,hannah,Unknown,2,2025-10-28 19:51:08,"to many ads, even when throughout the shows and films. it was better when ads wasnt playing in the shows as well as good tv shows getting cancelled.","to many ads, even when throughout the shows and films. it was better when ads wasnt playing in the shows as well as good tv shows getting cancelled.",0,28,148,0,0,0,0.8214285714285714,0,0,0.6495,1,0,1,0.0,0,1,1,2.0,0.0
e324513d-e946-4cdf-987e-6ffe238e1b88,Netflix,Entertainment,Cagdas D (Caadass),Unknown,1,2025-10-28 21:24:12,"Sandmandeki yanlis, yanlı ve anlamsız altyazilardan sonra Netflixteki isleyisin yerle bir oldugunu anladim. edit: 'the boy and the heron' turkce altyazisini hazirlayanlarin allah belasini versin. netflix tam bir altyazi coplugu!! edit2: ""selametle kalin"" diye ceviri yapan cevirmen! bunu onaylayan beyinsizler!","sandmandeki yanlis, yanlı ve anlamsız altyazilardan sonra netflixteki isleyisin yerle bir oldugunu anladim. edit: 'the boy and the heron' turkce altyazisini hazirlayanlarin allah belasini versin. netflix tam bir altyazi coplugu!! edit2: ""selametle kalin"" diye ceviri yapan cevirmen! bunu onaylayan beyinsizler!",0,40,310,0,0,0,0.975,0,0,0.3111,1,0,1,0.0,0,1,0,1.0,0.0
669b8ee9-ba6e-4214-bc4e-118e5df07792,Netflix,Entertainment,aieau straps,Unknown,1,2025-10-28 21:28:56,absolutely garbage app. don't download. just corporate greed as always.,absolutely garbage app. don't download. just corporate greed as always.,0,10,71,0,0,0,1.0,1,1,-0.4019,1,0,1,0.0,0,1,0,1.0,0.0
4212e5f1-5f58-40a9-ad51-2780cc3eebd4,Netflix,Entertainment,Daniel Sokol,Unknown,2,2025-10-28 21:43:36,Doesn't works. always says can't connect to Netflix.,doesn't works. always says can't connect to netflix.,0,8,52,0,0,0,1.0,0,0,0.0,1,0,1,0.0,0,1,0,2.0,0.0
2af85412-04e3-4b92-b4ac-2d3e3933e8c1,Netflix,Entertainment,Sonboy Mnisi,Unknown,5,2025-10-28 23:34:13,fantastic,fantastic,0,1,9,0,0,0,1.0,0,0,0.5574,1,0,1,0.0,0,1,0,5.0,0.0
fd424a5b-20bb-4ded-aa2e-4edb08504b35,Netflix,Entertainment,Aida Hamidu,Unknown,5,2025-10-28 23:59:03,The best thing i ever had,the best thing i ever had,0,6,25,0,0,0,1.0,0,0,0.6369,1,0,1,0.0,0,1,0,5.0,0.0
b1804b30-3664-41c9-85c3-273a34b66a80,Netflix,Entertainment,mogamat carolus,Unknown,5,2025-10-29 00:33:34,l love it,l love it,0,3,9,0,0,0,1.0,0,0,0.802,1,0,1,0.0,0,1,0,5.0,0.0
6864085e-042d-424e-9175-8cdbc482ff42,Netflix,Entertainment,brid macdonald,Unknown,1,2025-10-29 00:48:11,cannot access Netflix has been disabled Please advise why,cannot access netflix has been disabled please advise why,0,9,57,0,0,0,1.0,0,0,0.3182,1,0,1,0.0,0,1,0,1.0,0.0
2b9af5ab-db75-4f35-938b-c6081bf4f358,Netflix,Entertainment,Arjun Mahato,Unknown,1,2025-10-29 01:14:30,Add option to play at 1.75x,add option to play at 1.75x,3,6,27,0,0,0,1.0,0,0,0.34,1,0,1,0.0,0,1,0,1.0,0.0
7419f1fb-1f86-4e8a-8005-acb916e6f26a,Netflix,Entertainment,Sajjad Riki,Unknown,2,2025-10-29 01:24:05,I had cancelled the membership on 24 Oct but later on 28 Oct a G-mail just spawned in saying 'Welcome Back' even though I didn't subscribe again......Why?????,i had cancelled the membership on 24 oct but later on 28 oct a g-mail just spawned in saying 'welcome back' even though i didn't subscribe again......why?????,0,27,158,0,0,0,0.8888888888888888,0,0,0.6662,1,0,1,0.0,0,1,1,2.0,0.0
631329c0-300d-4997-bbb8-41cd6311ab89,Netflix,Entertainment,M.c Falil,Unknown,1,2025-10-29 01:24:12,I am no login,i am no login,0,4,13,0,0,0,1.0,0,0,-0.296,1,0,1,0.0,0,1,0,1.0,0.0
df69484b-c831-4cab-b6e7-682d4b21fac9,Netflix,Entertainment,Nondumiso Xulu,Unknown,5,2025-10-29 02:06:16,Difficult to login in and install app,difficult to login in and install app,0,7,37,0,0,0,1.0,1,1,-0.3612,1,0,1,0.0,0,1,0,5.0,0.0
48653964-6114-4f49-89db-951218ca4494,Netflix,Entertainment,Matt,Unknown,1,2025-10-29 02:40:47,Never stays logged in.,never stays logged in.,0,4,22,0,0,0,1.0,0,0,0.0,1,0,2,0.0,0,1,0,1.0,0.0
2f461423-da78-4083-b411-c120375eb9f2,Netflix,Entertainment,praveen R,Unknown,1,2025-10-29 03:09:12,"from last update can't stream in full hd , its streaming in sd .","from last update can't stream in full hd , its streaming in sd .",0,14,64,0,0,0,0.9285714285714286,0,0,0.0,1,0,1,0.0,0,1,0,1.0,0.0
1d5d97cf-d2a1-465a-a7aa-75a1bba0dc98,Netflix,Entertainment,Iqbal faishal Ramdhani,Unknown,5,2025-10-29 03:16:25,it so good application,it so good application,0,4,22,0,0,0,1.0,0,1,0.4927,1,0,1,0.0,0,1,0,5.0,0.0
7e5ba582-cea9-4c21-8e69-7a7a307164d0,Netflix,Entertainment,ROBERT J,Unknown,1,2025-10-29 03:27:59,stupid app not easy to get into !,stupid app not easy to get into !,0,8,33,0,0,0,1.0,0,1,-0.7268,1,0,1,0.0,0,1,0,1.0,0.0
7a13d179-2a1f-4dfe-b6c6-40e5545cba38,Netflix,Entertainment,Wachirawit Arunoprayote,Unknown,1,2025-10-29 03:49:36,Always Error 5.10,always error 5.10,0,3,17,0,0,0,1.0,0,0,-0.4019,1,0,1,0.0,0,1,0,1.0,0.0
87dc2791-e9e3-4f74-b002-8b7c7481416e,Netflix,Entertainment,INSIGHT RAIJIN,Unknown,2,2025-10-29 04:10:39,This is not netflix now...This is..Netflix + Korea = KOREAFLIX ....and wastage of money 😡..TattiFlix 💩,this is not netflix now...this is..netflix + korea = koreaflix ....and wastage of money 😡..tattiflix 💩,0,16,102,2,0,1,1.0,0,0,0.0,1,0,1,0.0,0,1,0,2.0,0.0
8cd8681f-b2da-4a74-bb45-393b498bb0e4,Netflix,Entertainment,Mongol Queens,Unknown,5,2025-10-29 04:40:19,Thank you for adding Mongolian subtitles 🇲🇳🇲🇳🇲🇳,thank you for adding mongolian subtitles 🇲🇳🇲🇳🇲🇳,0,7,47,6,0,0,1.0,0,0,0.3612,1,0,1,0.0,0,1,0,5.0,0.0
b6fbd30e-07fe-4a0b-bab2-78c7eced1cd5,Netflix,Entertainment,Kristii N,Unknown,5,2025-10-29 04:57:47,"straightforward, very easy to use this website .","straightforward, very easy to use this website .",0,8,48,0,0,0,1.0,1,0,0.4927,1,0,1,0.0,0,1,0,5.0,0.0
abe64337-f159-4983-8fff-6603ff06d806,Netflix,Entertainment,joseph calnip,Unknown,1,2025-10-29 05:12:31,sayang binayad ko walang magandang pelikula,sayang binayad ko walang magandang pelikula,0,6,43,0,0,0,1.0,0,0,0.0,1,0,1,0.0,0,1,0,1.0,0.0
0c9b730a-f09c-4455-a142-e9d244bf00d3,Netflix,Entertainment,Vinayvedhika Duppaati,Unknown,3,2025-10-29 05:48:23,The Quality of the movie is always keeps changing,the quality of the movie is always keeps changing,0,9,49,0,0,0,0.8888888888888888,0,0,0.0,1,0,1,0.0,0,1,0,3.0,0.0
b0dfa3df-7ddd-4aca-96e7-ab25cb91eb63,Netflix,Entertainment,Abhinaba Mahata,Unknown,5,2025-10-29 06:00:12,Not good but not bad,not good but not bad,0,5,20,0,0,0,0.8,0,0,0.4717,1,0,1,0.0,0,1,0,5.0,0.0
a0dac521-b18d-4093-bce3-20bd5473df95,Netflix,Entertainment,Akku Viper,Unknown,1,2025-10-29 06:01:52,poor sound enhancement... the music gets too louder. and the dialogues are on lower side.....,poor sound enhancement... the music gets too louder. and the dialogues are on lower side.....,0,15,93,0,0,0,0.9333333333333333,0,0,-0.6486,1,0,1,0.0,0,1,0,1.0,0.0
d24bb821-3ba8-4f27-b9a1-6ab2f1dd4517,Netflix,Entertainment,Lumpa Mapachi,Unknown,1,2025-10-29 06:19:09,it is kicking me out of the app I have paid,it is kicking me out of the app i have paid,0,11,43,0,0,0,1.0,0,1,0.0,1,0,1,0.0,0,1,0,1.0,0.0
16adb791-1014-401e-aebb-eeb4593fd642,Netflix,Entertainment,Ryan Morrison,Unknown,5,2025-10-29 06:53:05,Who doesn't love a Netflix and chill vibe,who doesn't love a netflix and chill vibe,0,8,41,0,0,0,1.0,0,0,-0.5216,1,0,1,0.0,0,1,1,5.0,0.0
596679c2-06fa-4f18-b6fa-9987d91d046d,Netflix,Entertainment,Ajit Kathat,Unknown,5,2025-10-29 07:09:10,superb,superb,0,1,6,0,0,0,1.0,0,0,0.6249,1,0,1,0.0,0,1,0,5.0,0.0
226e4438-4291-46c2-8f08-a811feda4f0f,Netflix,Entertainment,North,Unknown,1,2025-10-29 08:04:11,"removed ability to download videos on the browser, now you have to pay extra to just watch in 1080p, which is bare minimum since years. You should never get a Netflix subscription","removed ability to download videos on the browser, now you have to pay extra to just watch in 1080p, which is bare minimum since years. you should never get a netflix subscription",0,32,179,0,0,0,0.90625,1,0,0.2263,1,0,1,0.0,0,1,0,1.0,0.0
4bc97023-a77c-4f3a-8de4-1a7250babcca,Netflix,Entertainment,Zari Sweetie,Unknown,5,2025-10-29 08:20:01,I love to watching movies in daramas in Netflix,i love to watching movies in daramas in netflix,0,9,47,0,0,0,0.8888888888888888,0,0,0.6369,1,0,1,0.0,0,1,0,5.0,0.0
51c3aca0-3179-4053-9fbe-33b0b697b687,Netflix,Entertainment,Myakeh Jhgra,Unknown,2,2025-10-29 08:24:27,Lookism season 2 please,lookism season 2 please,0,4,23,0,0,0,1.0,0,0,0.3182,1,0,1,0.0,0,1,0,2.0,0.0
c39ea150-915d-4c62-93bb-91c6b705d209,Netflix,Entertainment,Maham Khan,Unknown,5,2025-10-29 09:05:09,"Actually it is good to do Netflix and chill over here it's pretty funnit has cartoons , Kdrama , Cdrama , etc","actually it is good to do netflix and chill over here it's pretty funnit has cartoons , kdrama , cdrama , etc",0,22,109,0,0,0,0.9090909090909091,0,0,0.7269,1,0,1,0.0,0,1,0,5.0,0.0
c33cc1fe-ace3-41d7-b7cb-4082dd0b7dc2,Netflix,Entertainment,Ady Burton,Unknown,5,2025-10-29 09:32:34,never off it,never off it,0,3,12,0,0,0,1.0,0,0,0.0,1,0,1,0.0,0,1,0,5.0,0.0
521b635e-e4eb-46c7-9030-f6cd6a1279e2,Netflix,Entertainment,Mark John Domanais,Unknown,5,2025-10-29 10:31:02,"they have the best customer service, and they truly value their clients.","they have the best customer service, and they truly value their clients.",0,12,72,0,0,0,0.9166666666666666,0,0,0.8591,1,0,1,0.0,0,1,0,5.0,0.0
bc8fdea1-1194-4cb9-8432-0793162cfadb,Netflix,Entertainment,Muntazir Khoso,Unknown,5,2025-10-29 11:47:21,really this app is v.goood because I love it this app is very fast and best for all,really this app is v.goood because i love it this app is very fast and best for all,0,18,83,0,0,0,0.8333333333333334,0,1,0.8646,1,0,1,0.0,0,1,0,5.0,0.0
acc11801-6fe4-4c05-8c9a-5f5ac0346632,Netflix,Entertainment,Private Nurse MoRa MoNa,Unknown,1,2025-10-29 11:47:58,Netflix gila !!!!! 👎👎👎👎👎👎👎👎👎👎👎👎👎👎👎👎👎,netflix gila !!!!! 👎👎👎👎👎👎👎👎👎👎👎👎👎👎👎👎👎,0,4,36,17,0,0,1.0,0,0,0.0,1,0,1,0.0,0,1,0,1.0,0.0
8eb7b407-682f-4d96-8999-4807f98bd5be,Netflix,Entertainment,Sufiyan Azad,Unknown,4,2025-10-29 11:56:57,tha best ha movei ke liye,tha best ha movei ke liye,0,6,25,0,0,0,1.0,0,0,0.765,1,0,1,0.0,0,1,0,4.0,0.0
b196521c-2f3e-48b3-93ac-36cb169e7901,Netflix,Entertainment,lily playsz,Unknown,5,2025-10-29 12:14:46,I love necklace,i love necklace,0,3,15,0,0,0,1.0,0,0,0.6369,1,0,1,0.0,0,1,0,5.0,0.0
2126adaf-1719-4667-be5f-ab5a87ae447e,Netflix,Entertainment,Subhasmita Chand,Unknown,5,2025-10-29 12:28:16,loveedddd itttt💗💗💗,loveedddd itttt💗💗💗,0,2,18,3,0,0,1.0,0,0,0.9493,1,0,1,0.0,0,1,0,5.0,0.0
a98104ff-15f1-4860-b283-e116591e2192,Netflix,Entertainment,Hanuman bhakt,Unknown,5,2025-10-29 12:46:00,wow wow wow,wow wow wow,0,3,11,0,0,0,0.3333333333333333,0,0,0.9081,1,0,1,0.0,0,1,0,5.0,0.0
647f65b2-387d-4dfd-9d76-8e2d46a82553,Netflix,Entertainment,Qulsum Fatima,Unknown,1,2025-10-29 13:13:52,I hate this aap,i hate this aap,0,4,15,0,0,0,1.0,0,0,-0.5719,1,0,1,0.0,0,1,0,1.0,0.0
a8c5f256-8d71-4853-84d2-c0ea49ef7e9b,Netflix,Entertainment,Jalen Red bird,Unknown,5,2025-10-29 13:30:23,the walking dead CARL-,the walking dead carl-,0,4,22,0,0,1,1.0,0,0,-0.6486,1,0,1,0.0,0,1,1,5.0,0.0
1a777e5a-0f36-4a7a-a334-70709c0ec27b,Netflix,Entertainment,Khaffaf Iqram,Unknown,1,2025-10-29 13:30:56,it's suck why can almost everyone addicted to this stuff.. this isn't real,it's suck why can almost everyone addicted to this stuff.. this isn't real,0,13,74,0,0,0,0.9230769230769231,0,0,-0.4404,1,0,1,0.0,0,1,0,1.0,0.0
fc3d9e1d-801f-4e12-a010-368bfdd99d1e,Netflix,Entertainment,Inarchan Singh,Unknown,5,2025-10-29 14:08:25,best app for see film,best app for see film,0,5,21,0,0,0,1.0,0,1,0.6369,1,0,1,0.0,0,1,0,5.0,0.0
336b2342-7dd8-41fc-998f-8b5a8f07236a,Netflix,Entertainment,Himmel,Unknown,3,2025-10-29 14:13:28,please make it that we can just adjust the hd to make it 1080p because is auto the experience watching a show make it so bad,please make it that we can just adjust the hd to make it 1080p because is auto the experience watching a show make it so bad,0,26,124,0,0,0,0.8076923076923077,0,0,-0.4924,1,0,1,0.0,0,1,0,3.0,0.0
829b8f88-f401-4136-98b1-48b59434f437,Netflix,Entertainment,Usman Khan,Unknown,5,2025-10-29 14:19:24,amazing and good 👍,amazing and good 👍,0,4,18,1,0,0,1.0,0,0,0.7717,1,0,1,0.0,0,1,0,5.0,0.0
2861583c-9cd4-401f-9781-8440e7890bbe,Netflix,Entertainment,Keyur Anandjiwala,Unknown,3,2025-10-29 14:23:51,"In the ""New & Hot"" tab, there is a glitch where the video from the first trailer's thumbnail is duplicated across all other items. Even when scrolling to view different items, only the first trailer's video continues to display.","in the ""new & hot"" tab, there is a glitch where the video from the first trailer's thumbnail is duplicated across all other items. even when scrolling to view different items, only the first trailer's video continues to display.",1,39,228,0,0,0,0.7948717948717948,0,0,0.0,1,0,1,0.0,0,1,0,3.0,0.0
2cd0cbca-e7ed-49d6-84c3-093f19c3e6bd,Netflix,Entertainment,Rakesh jain,Unknown,1,2025-10-29 14:23:57,Streaming issue is not yet resolved after the call help line even if the net speed is 75 Mbps it's getting loaded only,streaming issue is not yet resolved after the call help line even if the net speed is 75 mbps it's getting loaded only,0,23,118,0,0,0,0.9130434782608695,0,0,0.2919,1,0,1,0.0,0,1,0,1.0,0.0
6600b590-e0dd-420f-b26d-c5207a3ac234,Netflix,Entertainment,Kay,Unknown,2,2025-10-29 14:39:40,bad update,bad update,0,2,10,0,0,0,1.0,0,0,-0.5423,1,0,2,99979.0,0,1,0,3.5,2.1213203435596424
21fa2214-7951-4cc6-8857-e33b958c89d7,Netflix,Entertainment,Juan,Unknown,5,2025-10-29 14:55:59,JuanoriveràQmil,juanoriveràqmil,0,1,15,0,0,0,1.0,0,0,0.0,1,0,1,0.0,0,1,0,5.0,0.0
dd692333-f0bd-48d2-aa49-65c3db8aa673,Netflix,Entertainment,Kevin m,Unknown,2,2025-10-29 14:56:57,this app cant replay live streams for s***. everytime I replay a live stream it goes through half the show and then restarts but the timestamp doesnt change.,this app cant replay live streams for s***. everytime i replay a live stream it goes through half the show and then restarts but the timestamp doesnt change.,0,28,157,0,0,0,0.8928571428571429,0,1,0.0,1,0,1,0.0,0,1,0,2.0,0.0
4b1c8bf2-666d-4e3d-81ba-63e3210edf31,Netflix,Entertainment,mildred nonkululeko mkize,Unknown,1,2025-10-29 15:08:14,my app doesn't work it crashes a lot I need assistance with this problem 😔.,my app doesn't work it crashes a lot i need assistance with this problem 😔.,0,15,75,1,0,0,1.0,0,1,-0.4263,1,0,1,0.0,0,1,0,1.0,0.0
9ad91ff9-17e5-413a-84e2-e2a6b94bc7e5,Netflix,Entertainment,Anita PALSANIYA,Unknown,1,2025-10-29 15:27:40,very bad Login process customer privacy not secure,very bad login process customer privacy not secure,0,8,50,0,0,0,1.0,0,0,-0.7031,1,0,1,0.0,0,1,0,1.0,0.0
961fdddb-72b4-42fb-a407-915164d1b2ac,Netflix,Entertainment,Guinness Rineesh,Unknown,5,2025-10-29 15:33:06,best enjoy...,best enjoy...,0,2,13,0,0,0,1.0,0,0,0.8126,1,0,1,0.0,0,1,0,5.0,0.0
d16292a5-db30-471b-b0c4-683b00181bf7,Netflix,Entertainment,M,Unknown,2,2025-10-29 16:14:43,"Its decent, Subtitles are often inaccurate. Keeps advertising games with seemingly no way to hide them. Somewhat buggy. the library isn't great, but serviceable.","its decent, subtitles are often inaccurate. keeps advertising games with seemingly no way to hide them. somewhat buggy. the library isn't great, but serviceable.",0,24,161,0,0,0,1.0,0,0,-0.4761,1,0,1,0.0,0,1,0,2.0,0.0
ef3f780d-9b20-4ba1-af7a-0eba8592b39a,Netflix,Entertainment,Vishal Dora,Unknown,1,2025-10-29 16:20:46,Not able to create a new account on Netflix from the last 5 days .,not able to create a new account on netflix from the last 5 days .,0,15,66,0,0,0,1.0,0,0,-0.2057,1,0,1,0.0,0,1,0,1.0,0.0
a88e58ee-8a43-402d-913a-cd6f2a3a1e55,Netflix,Entertainment,Taufik Rahman,Unknown,5,2025-10-29 16:24:52,Great.,great.,0,1,6,0,0,0,1.0,0,0,0.6249,1,0,1,0.0,0,1,0,5.0,0.0
4abc9d16-7e0e-4636-927c-d17b73175738,Netflix,Entertainment,rajvi odedara,Unknown,5,2025-10-29 16:33:26,"much more better than prime, keep going, nd try to get as many as dramas, series, and movies on this first!","much more better than prime, keep going, nd try to get as many as dramas, series, and movies on this first!",0,21,107,0,0,0,0.9523809523809523,0,0,0.54,1,0,1,0.0,0,1,0,5.0,0.0
4dcc7520-64d6-4a9d-8cab-ce03747e80c0,Netflix,Entertainment,Dakota Mason,Unknown,5,2025-10-29 16:40:41,love the app. 10/10 pirfict.,love the app. 10/10 pirfict.,0,5,28,0,0,0,1.0,0,1,0.6369,1,0,1,0.0,0,1,0,5.0,0.0
d7f1cc43-e1f1-4fd5-9a0c-6ab3f2320700,Netflix,Entertainment,Kuttysrilove143 Kuttysrilove143,Unknown,5,2025-10-29 16:46:48,Rhsfstryru,rhsfstryru,0,1,10,0,0,0,1.0,0,0,0.0,1,0,1,0.0,0,1,0,5.0,0.0
c07f9f2e-be61-4b6b-b2f2-849d08251bf4,Netflix,Entertainment,Sofiyat Adeshina,Unknown,1,2025-10-29 16:54:00,Very good,very good,0,2,9,0,0,0,1.0,0,0,0.4927,1,0,1,0.0,0,4,0,1.0,0.0
a4df88d2-0a24-4787-8c1a-4954f2473635,Netflix,Entertainment,Ariba Zulfiqar,Unknown,5,2025-10-29 17:19:38,l really liked it and loved it a lot.My most favourite app☺️❤️💗,l really liked it and loved it a lot.my most favourite app☺️❤️💗,0,12,63,1,0,0,0.9166666666666666,0,1,0.9593,1,0,1,0.0,0,1,0,5.0,0.0
dd5695fc-527f-4c6d-bd7f-42b964f66bb2,Netflix,Entertainment,Ali Amin,Unknown,1,2025-10-29 17:36:35,getting 5.10 Erorr can't watch any thing on my device even Iam subscribe to plan and always when need to watch see this 5.10 erorr,getting 5.10 erorr can't watch any thing on my device even iam subscribe to plan and always when need to watch see this 5.10 erorr,0,25,130,0,0,0,0.84,0,0,0.0,1,0,1,0.0,0,1,0,1.0,0.0
490a9ead-7765-4cc5-acc0-7ff89b7b9173,Netflix,Entertainment,Danie The blue quin,Unknown,5,2025-10-29 18:10:32,It's possible,it's possible,0,2,13,0,0,0,1.0,0,0,0.0,1,0,1,0.0,0,1,0,5.0,0.0
4c8bab97-c19b-4096-8fb3-a0cd07f32075,Netflix,Entertainment,Gail Doty,Unknown,5,2025-10-29 18:33:27,I absolutely hate it if I could give it 0 stars I would,i absolutely hate it if i could give it 0 stars i would,0,13,55,0,0,0,0.7692307692307693,0,0,-0.6115,1,0,1,0.0,0,1,1,5.0,0.0
e0a3cb8e-b515-4ede-9087-55a3678d3221,Netflix,Entertainment,abdeali danawala,Unknown,1,2025-10-29 18:39:59,not downloading in highest quality I do All settings I have a 4k plan iam uninstall and all thing but my problem is still hear,not downloading in highest quality i do all settings i have a 4k plan iam uninstall and all thing but my problem is still hear,0,25,126,0,0,0,0.92,1,0,-0.5499,1,0,1,0.0,0,1,0,1.0,0.0
cf3b8158-a216-4a20-80ba-bccb8bc8a430,Netflix,Entertainment,Samantha Gray,Unknown,1,2025-10-29 18:47:50,"Too many ads. Netflix is already expensive, if I wanted to see a bunch of ads or commercials I'd go back to cable. They also don't have many good shows, and the LGBTQ stuff in KIDS shows is inappropriate IMO.","too many ads. netflix is already expensive, if i wanted to see a bunch of ads or commercials i'd go back to cable. they also don't have many good shows, and the lgbtq stuff in kids shows is inappropriate imo.",0,40,208,0,0,3,0.925,0,1,-0.3412,1,0,1,0.0,0,1,0,1.0,0.0
fdc1dd62-b721-4f16-90fb-399c6c7b598d,Netflix,Entertainment,vikas vicky,Unknown,1,2025-10-29 18:49:14,there is no kannada movies and shows,there is no kannada movies and shows,0,7,36,0,0,0,1.0,0,0,-0.296,1,0,1,0.0,0,1,0,1.0,0.0
0922edcd-eac0-45f1-819e-2ec6f31be13a,Netflix,Entertainment,happyworld 0704,Unknown,5,2025-10-29 19:05:01,great app for movie streaming,great app for movie streaming,0,5,29,0,0,0,1.0,0,1,0.6249,1,0,1,0.0,0,1,0,5.0,0.0
2c87341a-d229-4f42-8a77-9cd5babc7cf7,Netflix,Entertainment,me channel,Unknown,1,2025-10-29 19:10:48,Can't even use my own account when going out of town. How greedy of a company that cancels shows on the the whim. Time to cancel,can't even use my own account when going out of town. how greedy of a company that cancels shows on the the whim. time to cancel,0,26,128,0,0,0,0.9230769230769231,0,0,-0.6369,1,0,1,0.0,0,1,0,1.0,0.0
50accdd3-8b90-47f3-a596-79ba4ad63e97,Netflix,Entertainment,Just Rowshan Fam White,Unknown,3,2025-10-29 19:53:28,Because not all the movies are there,because not all the movies are there,0,7,36,0,0,0,1.0,0,0,0.0,1,0,1,0.0,0,1,0,3.0,0.0
13ddf343-0610-4446-aec3-67517341e818,Netflix,Entertainment,Karen Glover,Unknown,5,2025-10-29 21:04:37,good but we hardly watched it .,good but we hardly watched it .,0,7,31,0,0,0,1.0,0,0,0.2382,1,0,1,0.0,0,1,0,5.0,0.0
7aa7d051-79ff-4fed-a706-13866c236f6b,Netflix,Entertainment,Roza Kader,Unknown,5,2025-10-29 21:04:54,Mohmmed Hussen,mohmmed hussen,0,2,14,0,0,0,1.0,0,0,0.0,1,0,1,0.0,0,1,0,5.0,0.0
1581e05e-1966-46f5-bf52-8d5740f53de0,Netflix,Entertainment,Rholin Appiah Yeboah,Unknown,5,2025-10-29 21:27:01,its nice,its nice,0,2,8,0,0,0,1.0,0,0,0.4215,1,0,1,0.0,0,1,0,5.0,0.0
b1cf77ac-ab67-4864-b925-8f33d6b11483,Netflix,Entertainment,Katherine Reynolds,Unknown,5,2025-10-29 21:38:54,its a great channel always letting us know if there is new stuff0,its a great channel always letting us know if there is new stuff0,0,13,65,0,0,0,1.0,0,0,0.6249,1,0,1,0.0,0,1,0,5.0,0.0
0f089822-e780-4c78-b8f0-b41fbdfcd0d2,Netflix,Entertainment,JustSum Stuff,Unknown,1,2025-10-29 21:38:57,can not cast to TV. I'm stuck watching on a tablet.,can not cast to tv. i'm stuck watching on a tablet.,0,11,51,0,0,1,1.0,0,0,-0.25,1,0,1,0.0,0,1,0,1.0,0.0
4e8107ee-3135-4d02-955b-a012a7da8cd8,Netflix,Entertainment,Codrut Miritoiu,Unknown,5,2025-10-29 22:04:20,Bring the old interface back....,bring the old interface back....,1,5,32,0,0,0,1.0,0,0,0.0,1,0,1,0.0,0,1,0,5.0,0.0
97183e6a-6d47-4a40-a713-3cded1621310,Netflix,Entertainment,Blessin Oheneba,Unknown,1,2025-10-29 22:12:52,because it not working,because it not working,0,4,22,0,0,0,1.0,0,0,0.0,1,0,1,0.0,0,1,0,1.0,0.0
ce91d962-a55c-4f15-9ee0-5389bd8e7d90,Netflix,Entertainment,Ruby Clearly,Unknown,4,2025-10-29 23:15:29,grate for family movie night a bit expensive though get Disney+ way better,grate for family movie night a bit expensive though get disney+ way better,0,13,74,0,0,0,1.0,0,0,0.4404,1,0,1,0.0,0,1,0,4.0,0.0
acedbfb2-9ed2-4a7f-992f-2e4f8479cc3e,Netflix,Entertainment,Elena Mejia,Unknown,4,2025-10-29 23:21:49,I love watching Netflix,i love watching netflix,0,4,23,0,0,0,1.0,0,0,0.6369,1,0,1,0.0,0,1,0,4.0,0.0
28f21b68-b310-4123-9bcd-9e1e5eafb274,Netflix,Entertainment,David Vazquez,Unknown,2,2025-10-29 23:27:57,"This new ""Only two people able to use Netflix at a time. "" is stupid and is ruining the experience.","this new ""only two people able to use netflix at a time. "" is stupid and is ruining the experience.",0,20,99,0,0,0,0.95,0,0,-0.6597,1,0,1,0.0,0,1,0,2.0,0.0
0c13daed-2f13-4382-af83-b7be329d171e,Netflix,Entertainment,Joel,Unknown,2,2025-10-29 23:38:42,download feature is intermittent. sometimes isn't even viewable on the app and when it is downloaded files will disappear or become unavailable.,download feature is intermittent. sometimes isn't even viewable on the app and when it is downloaded files will disappear or become unavailable.,0,22,144,0,0,0,0.9545454545454546,1,1,-0.2263,1,0,1,0.0,0,1,0,2.0,0.0
44d4c56a-aa41-4139-89ea-81a88843487e,Netflix,Entertainment,Newton Francis,Unknown,5,2025-10-30 01:36:34,mindblowing and satisfaction on every level. This exactly what I'm looking for to unwind each day after work.,mindblowing and satisfaction on every level. this exactly what i'm looking for to unwind each day after work.,0,18,109,0,0,0,1.0,0,0,0.4404,1,0,1,0.0,0,1,0,5.0,0.0
3d9accfa-8e38-437d-84ed-e36c233c7763,Netflix,Entertainment,Jackson Perez,Unknown,5,2025-10-30 01:37:07,I really got to see what I wanted to see on Netflix,i really got to see what i wanted to see on netflix,0,12,51,0,0,0,0.75,0,0,0.0,1,0,1,0.0,0,1,0,5.0,0.0
86019fda-56a0-428e-bb0c-467bac139909,Netflix,Entertainment,John Nadeem,Unknown,5,2025-10-30 01:40:56,first time good experience,first time good experience,0,4,26,0,0,0,1.0,0,0,0.4404,1,0,1,0.0,0,1,0,5.0,0.0
89ee86b5-214a-4990-9510-6f49ff7c4d15,Netflix,Entertainment,Gk Kabil,Unknown,4,2025-10-30 01:42:46,I searched google if 'all of us are dead' available in tamil It said yes so I downloaded it. But it is not availabe in tamil. Please solve soon🙏😢,i searched google if 'all of us are dead' available in tamil it said yes so i downloaded it. but it is not availabe in tamil. please solve soon🙏😢,0,29,145,2,0,0,0.896551724137931,1,0,-0.2023,1,0,1,0.0,0,1,0,4.0,0.0
4ea2687d-f51a-4fbf-bac9-4379e52e9695,Netflix,Entertainment,Coby Green,Unknown,5,2025-10-30 02:29:15,Just great no complaints,just great no complaints,0,4,24,0,0,0,1.0,0,0,0.7475,1,0,1,0.0,0,1,0,5.0,0.0
add78039-907d-49f7-8272-1777d4c528b8,Netflix,Entertainment,Ahoora,Unknown,1,2025-10-30 04:27:25,we can't use it in Iran please fix it,we can't use it in iran please fix it,0,9,37,0,0,0,0.8888888888888888,0,0,0.3182,1,0,1,0.0,0,1,0,1.0,0.0
295d08e5-56f6-47da-937e-b4ec2915f32b,Netflix,Entertainment,Kayo Lee,Unknown,1,2025-10-30 04:49:32,Can't trust their children's shows. they have shows rated Y7 and its encouraging gender confusion and sexuality influences. This is grooming. Will be deleting account.,can't trust their children's shows. they have shows rated y7 and its encouraging gender confusion and sexuality influences. this is grooming. will be deleting account.,0,25,167,0,0,1,0.96,0,0,-0.1285,1,0,1,0.0,0,1,0,1.0,0.0
28093dad-a1cd-448d-aeb4-893cc04fcdef,Netflix,Entertainment,Shakib Ali,Unknown,5,2025-10-30 05:00:16,game of thrones,game of thrones,0,3,15,0,0,0,1.0,0,0,0.0,1,0,1,0.0,0,1,0,5.0,0.0
a887235f-91a9-4538-948e-69d866d6dbed,Netflix,Entertainment,Olanipekun Esther,Unknown,5,2025-10-30 05:03:47,Indian movie in english,indian movie in english,0,4,23,0,0,0,1.0,0,0,0.0,1,0,1,0.0,0,1,0,5.0,0.0
6970e381-349d-4c73-9c0b-293c24d31a13,Netflix,Entertainment,Maxamed Macalin,Unknown,1,2025-10-30 05:13:50,maxamed maxamed,maxamed maxamed,0,2,15,0,0,0,0.5,0,0,0.0,1,0,1,0.0,0,1,0,1.0,0.0
7509898e-d77d-42f0-8b1b-ce29d7b4bec8,Netflix,Entertainment,Jim Gekanana,Unknown,1,2025-10-30 05:45:52,the app is compromised,the app is compromised,0,4,22,0,0,0,1.0,0,1,0.0,1,0,1,0.0,0,1,0,1.0,0.0
ca2508c1-10cf-4367-bb60-361d5569704f,Netflix,Entertainment,Cael Verhaeghe,Unknown,5,2025-10-30 06:07:28,it's Netflix how can you complain,it's netflix how can you complain,0,6,33,0,0,0,1.0,0,0,-0.3612,1,0,1,0.0,0,1,0,5.0,0.0
52d631d5-7131-43db-99db-ed8b2d148794,Netflix,Entertainment,Suraj Prakash Prakash,Unknown,1,2025-10-30 06:19:46,it's a very cheap app a never seen,it's a very cheap app a never seen,0,8,34,0,0,0,0.875,1,1,0.0,1,0,1,0.0,0,1,0,1.0,0.0
c42baa5f-a43a-4bbd-bf1e-981642c1eb35,Netflix,Entertainment,SSB SREENIVASULU GUPTA,Unknown,4,2025-10-30 06:50:33,Just Downloaded and Subscription has taken to see OG movie.,just downloaded and subscription has taken to see og movie.,0,10,59,0,0,1,1.0,1,0,0.0,1,0,1,0.0,0,1,0,4.0,0.0
3006cabd-8642-4e5a-be87-f1333630b91a,Netflix,Entertainment,Prantu Rani,Unknown,4,2025-10-30 06:51:25,h.d m. . ow c b h,h.d m. . ow c b h,0,7,17,0,0,0,1.0,0,0,0.0,1,0,1,0.0,0,1,0,4.0,0.0
e3fd973f-c1a1-4108-9c64-1617530ebfaa,Netflix,Entertainment,Wealth M-pire,Unknown,3,2025-10-30 07:42:02,I can't make downloads with my app and it can be very annoying,i can't make downloads with my app and it can be very annoying,0,13,62,0,0,0,1.0,1,1,-0.4576,1,0,1,0.0,0,1,0,3.0,0.0
455c33cb-fd33-42e8-9991-409f029db32d,Netflix,Entertainment,Kelly,Unknown,5,2025-10-30 07:43:36,its good,its good,0,2,8,0,0,0,1.0,0,0,0.4404,1,0,1,0.0,0,1,0,5.0,0.0
da09897a-9e29-42c6-aabd-1f01ddda01be,Netflix,Entertainment,UDEME JIMMY,Unknown,5,2025-10-30 07:52:30,IT IS A ENTERTAINMENT APP. I LOVE IT. I. 100%LOVE IT,it is a entertainment app. i love it. i. 100%love it,0,11,52,0,0,9,0.9090909090909091,0,1,0.7906,1,0,1,0.0,0,1,0,5.0,0.0
23c732fc-c3d4-45a8-b4a9-3b3bf6b0e20b,Netflix,Entertainment,Devashish Guin,Unknown,1,2025-10-30 07:59:59,netflix has become so laggy and even videos do not play after clicking them multiple times,netflix has become so laggy and even videos do not play after clicking them multiple times,0,16,90,0,0,0,1.0,0,0,-0.2584,1,0,1,0.0,0,1,0,1.0,0.0
1cfec209-95d4-4517-ad99-2276f7f829a1,Netflix,Entertainment,Ziddi Obhaya,Unknown,5,2025-10-30 08:06:50,good 👍,good 👍,0,2,6,1,0,0,1.0,0,0,0.4404,1,0,1,0.0,0,2,0,5.0,0.0
46b5a7c3-80dc-49ef-ae10-6efc1a5384e5,Netflix,Entertainment,Kenda Tollkuehn,Unknown,5,2025-10-30 08:56:42,last time it was very good,last time it was very good,0,6,26,0,0,0,1.0,0,0,0.4927,1,0,1,0.0,0,1,0,5.0,0.0
3c6d35ef-de2a-4539-93a8-f36445e98bbd,Netflix,Entertainment,Mani Deep,Unknown,1,2025-10-30 10:04:15,waste for Netflix app if we installed not able to processimg,waste for netflix app if we installed not able to processimg,0,11,60,0,0,0,1.0,1,1,-0.4215,1,0,1,0.0,0,1,0,1.0,0.0
343fabd1-0ce9-4efb-8cd2-c0b3dd8d6d63,Netflix,Entertainment,Hrach Minasyan,Unknown,1,2025-10-30 10:36:04,bloatware,bloatware,0,1,9,0,0,0,1.0,0,0,0.0,1,0,1,0.0,0,1,0,1.0,0.0
a4557c6d-a914-49b8-abc2-7868250e16ca,Netflix,Entertainment,Ruth Timothy,Unknown,5,2025-10-30 10:37:06,Lovely,lovely,0,1,6,0,0,0,1.0,0,0,0.5859,1,0,1,0.0,0,1,0,5.0,0.0
e322a8c0-e0b7-4191-9d6e-c935498ff32d,Netflix,Entertainment,Craig Donald,Unknown,3,2025-10-30 10:55:49,ive been watching netflix but now im getting error messages. I refuse to pay if I'll keep getting error messages.,ive been watching netflix but now im getting error messages. i refuse to pay if i'll keep getting error messages.,0,20,113,0,0,0,0.85,0,0,-0.8885,1,0,1,0.0,0,1,0,3.0,0.0
f01a97a9-36cc-43e8-b991-06bc1ea1e419,Netflix,Entertainment,Jayson Robin,Unknown,5,2025-10-30 11:22:03,A amazing app 🙌,a amazing app 🙌,0,4,15,1,0,0,1.0,0,1,0.5859,1,0,1,0.0,0,1,0,5.0,0.0
0656d245-f265-439d-a6e9-bed0b184bee8,Netflix,Entertainment,jui bhat,Unknown,4,2025-10-30 11:29:48,nice 👍🏻,nice 👍🏻,0,2,7,2,0,0,1.0,0,0,0.4215,1,0,1,0.0,0,1,0,4.0,0.0
2d723178-b9fd-41e4-a942-3bb996c1c1fd,Netflix,Entertainment,Abu Bakar,Unknown,5,2025-10-30 11:58:12,everybody knows Netflix is best 💕,everybody knows netflix is best 💕,0,6,33,1,0,0,1.0,0,0,0.8591,1,0,1,0.0,0,1,0,5.0,0.0
dcda1436-7dd2-4d53-8bc3-a7633b984918,Netflix,Entertainment,Spacegolem,Unknown,5,2025-10-30 12:07:15,Netflix is great that's all I'm gonna say,netflix is great that's all i'm gonna say,0,8,41,0,0,0,1.0,0,0,0.6249,1,0,1,0.0,0,1,0,5.0,0.0
2d83918c-43f5-47d1-8000-97158318e0fb,Netflix,Entertainment,Mo K,Unknown,1,2025-10-30 12:19:47,"ads, no downloads, no chromecast, poor paid user experience","ads, no downloads, no chromecast, poor paid user experience",0,9,59,0,0,0,0.8888888888888888,1,0,0.3054,1,0,1,0.0,0,1,0,1.0,0.0
e11083a0-3a02-4139-87cd-9e839a264cbc,Netflix,Entertainment,Janice Willis,Unknown,5,2025-10-30 12:21:37,Greeeeeeat,greeeeeeat,0,1,10,0,0,0,1.0,0,0,0.0,1,0,1,0.0,0,1,0,5.0,0.0
8cc44ccb-9261-45f5-b0f7-2242aed49b22,Netflix,Entertainment,Coffee,Unknown,1,2025-10-30 12:26:42,"Seriously greedy that you make it more difficult for people who traval to use Netflix. It's very lame and completely benefits nobody but your avarice, may your sin of greed land you in hellfire for eternity.","seriously greedy that you make it more difficult for people who traval to use netflix. it's very lame and completely benefits nobody but your avarice, may your sin of greed land you in hellfire for eternity.",0,36,207,0,0,0,0.9166666666666666,0,0,-0.909,1,0,1,0.0,0,1,0,1.0,0.0
6045f564-f54a-4c75-a331-f6a11b711f8f,Netflix,Entertainment,Caleb Tomkinson,Unknown,1,2025-10-30 12:29:02,to many adverts,to many adverts,0,3,15,0,0,0,1.0,0,0,0.0,1,0,1,0.0,0,1,0,1.0,0.0
d81af4cd-1ee2-4504-b9c0-6ae3aa2c1d64,Netflix,Entertainment,sk mina,Unknown,1,2025-10-30 12:37:06,very bed,very bed,0,2,8,0,0,0,1.0,0,0,0.0,1,0,1,0.0,0,1,0,1.0,0.0
9b0c1c16-1f17-45e9-9c75-5cbadf288eb5,Netflix,Entertainment,Octavian Iliescu,Unknown,1,2025-10-30 13:16:20,because is not free,because is not free,0,4,19,0,0,0,1.0,1,0,-0.4023,1,0,1,0.0,0,1,0,1.0,0.0
7a44c57a-4f90-46ae-90a2-0f552be930f8,Netflix,Entertainment,Madhuri Uke,Unknown,5,2025-10-30 13:16:25,best side to watch movies and TV series and,best side to watch movies and tv series and,0,9,43,0,0,1,0.8888888888888888,0,0,0.6369,1,0,1,0.0,0,1,0,5.0,0.0
18f51626-8103-47f6-bc9b-7e7ed22281bd,Netflix,Entertainment,sana rafiq,Unknown,4,2025-10-30 13:16:32,I have been using Netflix for years but my new phone is not having Netflix pip though I have tried everything possible. it's hyperOS phone. Help me solve this issue asap,i have been using netflix for years but my new phone is not having netflix pip though i have tried everything possible. it's hyperos phone. help me solve this issue asap,0,31,169,0,0,0,0.9032258064516129,0,0,0.6956,1,0,1,0.0,0,1,0,4.0,0.0
31dc85e7-99ce-49a0-93f6-3746ccb6af2f,Netflix,Entertainment,Marvelous Archibong,Unknown,1,2025-10-30 13:32:30,am not able to watch on netflix,am not able to watch on netflix,0,7,31,0,0,0,1.0,0,0,0.0,1,0,1,0.0,0,1,0,1.0,0.0
c5bf17c2-6ab4-42e8-b28a-b22065a1dbb2,Netflix,Entertainment,Tope Babatunde,Unknown,5,2025-10-30 13:34:51,Just GOATED!,just goated!,0,2,12,0,0,1,1.0,0,0,0.0,1,0,1,0.0,0,1,0,5.0,0.0
71c97dad-6541-46f8-84c1-b3f76add59e9,Netflix,Entertainment,Hemant Kumar,Unknown,5,2025-10-30 13:37:47,very good app,very good app,0,3,13,0,0,0,1.0,0,1,0.4927,1,0,1,0.0,0,1,0,5.0,0.0
89339770-c19b-4627-9eeb-0d37f67ec6b8,Netflix,Entertainment,monica teodor,Unknown,5,2025-10-30 14:03:51,very good service.,very good service.,0,3,18,0,0,0,1.0,0,0,0.4927,1,0,1,0.0,0,1,0,5.0,0.0
cf03773a-508f-45cb-86d9-321ca99b999b,Netflix,Entertainment,Winwarin Putra,Unknown,1,2025-10-30 14:29:02,"cant sign in, always ask email. while using browser i can sign in","cant sign in, always ask email. while using browser i can sign in",0,13,65,0,0,0,0.9230769230769231,0,0,0.0,1,0,1,0.0,0,1,0,1.0,0.0
dbc08111-fe14-4c02-baf1-66245be450d1,Netflix,Entertainment,Garvit Goswami,Unknown,3,2025-10-30 14:48:53,This app is good for content screening But there is an issue Naruto Shippuden is not available in English in India,this app is good for content screening but there is an issue naruto shippuden is not available in english in india,0,21,114,0,0,0,0.8571428571428571,0,1,0.2382,1,0,1,0.0,0,1,0,3.0,0.0
a499054c-1591-4c99-b6c7-dd5f38a6cee2,Netflix,Entertainment,S W,Unknown,1,2025-10-30 14:49:05,app uninstalled and cannot reinstall,app uninstalled and cannot reinstall,0,5,36,0,0,0,1.0,1,1,0.0,1,0,1,0.0,0,1,0,1.0,0.0
0f16e1c8-ee82-4ccb-8243-cebcdb314c44,Netflix,Entertainment,Rishabh Sharma,Unknown,1,2025-10-30 14:52:04,"I've paid for the subscription and the app is stuck loading. Tried restarting the device, cleared cache, uninstalled and reinstalled the app and it's still stuck loading","i've paid for the subscription and the app is stuck loading. tried restarting the device, cleared cache, uninstalled and reinstalled the app and it's still stuck loading",0,27,169,0,0,0,0.7407407407407407,1,1,-0.3818,1,0,1,0.0,0,1,0,1.0,0.0
8737f4aa-290a-4cbb-a7b5-48ee2a89b6f3,Netflix,Entertainment,A Google user,Unknown,4,2025-10-30 15:18:14,Very good apps for video watching.,very good apps for video watching.,0,6,34,0,0,0,1.0,0,1,0.4927,1,0,10,283919.0,0,1,0,3.4,1.6465452046971292
0d4d5f4a-1590-4177-b112-6898a21eb9be,Netflix,Entertainment,Erika Wimmer,Unknown,5,2025-10-30 15:47:56,Amazing app,amazing app,0,2,11,0,0,0,1.0,0,1,0.5859,1,0,1,0.0,0,1,0,5.0,0.0
d36ae8f2-7649-4cd2-886d-18715ee1e617,Netflix,Entertainment,Mihai Popovici,Unknown,3,2025-10-30 15:57:49,Netflix lost to many titles that were good. It is not worth it.,netflix lost to many titles that were good. it is not worth it.,0,13,63,0,0,0,1.0,0,0,-0.017,1,0,1,0.0,0,1,0,3.0,0.0
dcb2d07b-86bd-41eb-9663-809e0951d636,Netflix,Entertainment,mohit kabra,Unknown,5,2025-10-30 16:05:15,best app,best app,0,2,8,0,0,0,1.0,0,1,0.6369,1,0,1,0.0,0,2,0,5.0,0.0
d3c74d2d-b474-4f84-aca0-0156179dbf21,Netflix,Entertainment,Jaslyne Dingcog,Unknown,1,2025-10-30 16:07:03,"why I can't use this apps? I can't pay , I use my visa card? it doesn't work!","why i can't use this apps? i can't pay , i use my visa card? it doesn't work!",0,18,77,0,0,0,0.7777777777777778,0,1,0.2378,1,0,1,0.0,0,1,0,1.0,0.0
e8fc5cee-a0ae-4c28-956d-41db3bcf9adc,Netflix,Entertainment,Desiwy,Unknown,1,2025-10-30 16:09:31,"the login models, pleaseeee Why use codee? i have a password","the login models, pleaseeee why use codee? i have a password",0,11,60,0,0,0,1.0,0,0,0.0,1,0,1,0.0,0,1,0,1.0,0.0
912e809d-d030-4d13-bece-84a29ef8f39c,Netflix,Entertainment,Jofe Byop,Unknown,1,2025-10-30 16:37:19,It's a lowkey good app which has some of the anime i wanted,it's a lowkey good app which has some of the anime i wanted,0,13,59,0,0,0,1.0,0,1,0.4404,1,0,1,0.0,0,1,0,1.0,0.0
169fe906-1bae-48d1-a533-6d070687eac9,Netflix,Entertainment,WHU,Unknown,3,2025-10-30 16:39:58,It's too expensive man. There's no need for it to be that much a month you are a multi billion dollar company you don't need to be charging us that much. I remember when you used to be affordable,it's too expensive man. there's no need for it to be that much a month you are a multi billion dollar company you don't need to be charging us that much. i remember when you used to be affordable,0,39,195,0,0,0,0.7692307692307693,0,0,-0.296,1,0,1,0.0,0,1,0,3.0,0.0
c8583165-fa1a-4641-bce4-80be0d3c04c1,Netflix,Entertainment,Tshegofatso Moalafi,Unknown,5,2025-10-30 16:43:05,very good....,very good....,0,2,13,0,0,0,1.0,0,0,0.4927,1,0,1,0.0,0,1,0,5.0,0.0
b4ec4f54-39df-4305-a305-0d37aa6f76cd,Netflix,Entertainment,mohamad zakwan yahaya,Unknown,1,2025-10-30 17:25:34,cannot play the movie after update.. itskeep buffering,cannot play the movie after update.. itskeep buffering,0,8,54,0,0,0,1.0,0,0,-0.2584,1,0,1,0.0,0,1,0,1.0,0.0
2b0834dd-3af1-4dad-840b-329eaae6b374,Netflix,Entertainment,Yashmeen Smithbower,Unknown,2,2025-10-30 18:11:11,there are too high priced monthly for a subscription when a good part of what they show you can watch on another streaming app for free,there are too high priced monthly for a subscription when a good part of what they show you can watch on another streaming app for free,0,26,135,0,0,0,0.9230769230769231,1,1,0.7351,1,0,1,0.0,0,1,1,2.0,0.0
1e9a1ada-d4b8-400e-9fbc-ed8eacefee2e,Netflix,Entertainment,Adv. Jayasree Chakraborty,Unknown,5,2025-10-30 18:13:56,I just love ❤️ it 😍,i just love ❤️ it 😍,0,6,19,1,0,0,1.0,0,0,0.802,1,0,1,0.0,0,1,0,5.0,0.0
dd619131-8f56-46e8-92f3-f5413b5c08ce,Netflix,Entertainment,rethabile Lengoasa,Unknown,5,2025-10-30 18:16:46,it's really amazing to have faster apps,it's really amazing to have faster apps,0,7,39,0,0,0,1.0,0,1,0.624,1,0,1,0.0,0,1,0,5.0,0.0
a22160eb-79e4-4914-88ef-c17dc1a22526,Netflix,Entertainment,SHUBHAM,Unknown,4,2025-10-30 18:38:19,most of series and movie are not dubbed. example Naruto ext,most of series and movie are not dubbed. example naruto ext,0,11,59,0,0,0,1.0,0,0,0.0,1,0,1,0.0,0,1,0,4.0,0.0
93ea43dd-6c16-407f-87c0-23b19a2b4cbf,Netflix,Entertainment,A Google user,Unknown,5,2025-10-30 19:38:28,love this app,love this app,0,3,13,0,0,0,1.0,0,1,0.6369,1,0,10,15614.0,0,2,0,3.4,1.6465452046971292
eecadfa8-4f41-445c-978c-f0e870a0c7a3,Netflix,Entertainment,Soyab Khan,Unknown,4,2025-10-30 20:09:44,I love Netflix ❤,i love netflix ❤,0,4,16,0,0,0,1.0,0,0,0.8555,1,0,1,0.0,0,1,0,4.0,0.0
0258498b-db64-4407-b786-84e7d74b47e2,Netflix,Entertainment,Peter,Unknown,1,2025-10-30 20:54:32,Let me know when Cavill is back!,let me know when cavill is back!,0,7,32,0,0,0,1.0,0,0,0.0,1,0,1,0.0,0,1,0,1.0,0.0
9256e76e-4a2a-460c-bbfa-61136680a040,Netflix,Entertainment,Pratik Ghadavale,Unknown,5,2025-10-30 21:04:49,dammm,dammm,0,1,5,0,0,0,1.0,0,0,0.0,1,0,1,0.0,0,1,0,5.0,0.0
90d78acb-ef75-49b7-b752-c5bb78983ba3,Netflix,Entertainment,Olufemi Williams,Unknown,1,2025-10-30 21:20:56,cancelled my membership two days before october 30th ago and you have the audacity to try and charge me again???!,cancelled my membership two days before october 30th ago and you have the audacity to try and charge me again???!,0,20,113,0,0,0,0.95,0,0,-0.4276,1,0,1,0.0,0,1,0,1.0,0.0
08fd3984-6d8d-4d64-b565-4f667af7e87c,Netflix,Entertainment,Alister Fortune,Unknown,4,2025-10-30 22:28:20,lt takes some time to load but ok,lt takes some time to load but ok,0,8,33,0,0,0,1.0,0,0,0.4215,1,0,1,0.0,0,1,0,4.0,0.0
e25e7ef6-20ae-47c1-9140-151ea087aad3,Netflix,Entertainment,Joaquina Ledezma Roca,Unknown,4,2025-10-30 22:57:27,espero que sean peliculas nuevas,espero que sean peliculas nuevas,0,5,32,0,0,0,1.0,0,0,0.0,1,0,1,0.0,0,1,0,4.0,0.0
0d44f00a-4e34-4a68-9e8c-c6e14b2089df,Netflix,Entertainment,Lynn M,Unknown,5,2025-10-30 23:00:18,the app for N etflix is good I can ask questions and find new movies,the app for n etflix is good i can ask questions and find new movies,0,15,68,0,0,0,1.0,0,1,0.4404,1,0,1,0.0,0,1,0,5.0,0.0
0427efce-4d18-4a82-9218-df3b31fbadf5,Netflix,Entertainment,Jubair Ahmad,Unknown,1,2025-10-30 23:00:54,Doesn't work on my Pixel 10 Pro (Android 16). The quality is not 4K/HDR. The screen glitches and flickers and the app crashes when trying to leave app while watching. Please fix.,doesn't work on my pixel 10 pro (android 16). the quality is not 4k/hdr. the screen glitches and flickers and the app crashes when trying to leave app while watching. please fix.,18,32,178,0,0,1,0.875,0,1,0.2732,1,0,1,0.0,0,1,0,1.0,0.0
ae8a544a-8052-4c4f-a08e-d666086ebe59,Netflix,Entertainment,Gift Legodi,Unknown,5,2025-10-30 23:04:56,"This app is amazing to use and watch movies,tv series anything u want and u can get it on Netflix today or even tomorrow","this app is amazing to use and watch movies,tv series anything u want and u can get it on netflix today or even tomorrow",0,24,120,0,0,0,0.9166666666666666,0,1,0.6249,1,0,1,0.0,0,1,0,5.0,0.0
6fb27993-5d7f-436f-b1dc-6ced077f554a,Netflix,Entertainment,Pattaradet Bokaew,Unknown,3,2025-10-30 23:27:43,ไม่สามารถเลือก subtitle ได้ และมันไม่แสดงอะไรเลย,ไม่สามารถเลือก subtitle ได้ และมันไม่แสดงอะไรเลย,0,4,48,0,0,0,1.0,0,0,0.0,1,0,1,0.0,0,1,0,3.0,0.0
948fe2a1-22f4-48ee-bfb1-5e357e3f555b,Netflix,Entertainment,Ken Bourgeois,Unknown,1,2025-10-31 00:25:19,worst app won't take visa debit at all gave 1 star because I cannot give zero had the Netflix before with visa debit now ..nope won't take it,worst app won't take visa debit at all gave 1 star because i cannot give zero had the netflix before with visa debit now ..nope won't take it,0,28,141,0,0,0,0.8571428571428571,0,1,-0.6249,1,0,1,0.0,0,1,0,1.0,0.0
1523ae00-ec3f-4ae9-beb9-fcfb3967861d,Netflix,Entertainment,CONNIE SMITH,Unknown,5,2025-10-31 00:30:53,I LOVE NETFLIX THANK YOU FOR ALL THE GREAT MOVIES YOUR THE BEST !😀,i love netflix thank you for all the great movies your the best !😀,47,14,66,1,0,12,0.9285714285714286,0,0,0.9571,1,0,1,0.0,0,1,0,5.0,0.0
de69034f-b468-44d4-ac09-18136acac80d,Netflix,Entertainment,Ivon Teo,Unknown,1,2025-10-31 00:38:15,Recently the quality is bad and keep on buffering. Kindly fix it.,recently the quality is bad and keep on buffering. kindly fix it.,0,12,65,0,0,0,1.0,0,0,-0.0772,1,0,1,0.0,0,1,0,1.0,0.0
ce2adb90-50de-48db-b0d4-0ce00532b575,Netflix,Entertainment,Bob Senior,Unknown,1,2025-10-31 00:52:08,"terrible service especially when it can't even work on a new smart tv. Opened and streamed a few times no issues, now Netflix won't even open to choose profile. Glad to say, I'm canceling and will NOT be back!!","terrible service especially when it can't even work on a new smart tv. opened and streamed a few times no issues, now netflix won't even open to choose profile. glad to say, i'm canceling and will not be back!!",0,39,210,0,0,1,0.8974358974358975,0,0,0.2462,1,0,1,0.0,0,1,0,1.0,0.0
6b04d544-1b9d-4214-8e8a-9026247ab4ee,Netflix,Entertainment,patricia lake,Unknown,5,2025-10-31 01:04:52,great films good choices 👌,great films good choices 👌,0,5,26,1,0,0,1.0,0,0,0.9206,1,0,1,0.0,0,1,0,5.0,0.0
7334a42e-5f9d-4675-8b63-f4879582c34a,Netflix,Entertainment,Bishwa Ranjan Acharya,Unknown,1,2025-10-31 02:35:59,worst app experience the content are good but those household notice is giving unusable experience. I can't access my Netflix so much trouble for this,worst app experience the content are good but those household notice is giving unusable experience. i can't access my netflix so much trouble for this,0,25,150,0,0,0,1.0,0,1,-0.3543,1,0,1,0.0,0,1,0,1.0,0.0
7bd53c68-0058-4499-b0d5-baf7696cc9fc,Netflix,Entertainment,Bambang Widjanarko,Unknown,2,2025-10-31 02:57:45,"often trouble in my tab, apps often crash","often trouble in my tab, apps often crash",0,8,41,0,0,0,0.875,0,1,-0.6597,1,0,1,0.0,0,1,0,2.0,0.0
0720c67e-7382-4de6-a1d8-1684fe3f95a0,Netflix,Entertainment,Super Mom,Unknown,1,2025-10-31 03:14:52,it always says my phone isn't apart of the household when im at home,it always says my phone isn't apart of the household when im at home,1,14,68,0,0,0,1.0,0,0,0.0,1,0,1,0.0,0,1,0,1.0,0.0
23d382bf-c73d-4733-909a-1ad376858852,Netflix,Entertainment,Lucifer Morningstar,Unknown,5,2025-10-31 03:26:19,"so many interesting movie, and private movies just can watch on this app, so recomended","so many interesting movie, and private movies just can watch on this app, so recomended",0,15,87,0,0,0,0.9333333333333333,0,1,0.4549,1,0,1,0.0,0,1,0,5.0,0.0
9358fc80-caa2-4607-823e-e9dbac69e9a4,Netflix,Entertainment,Lathitha kungawo Zweni,Unknown,1,2025-10-31 03:28:09,it doesn't even work it says can't reach the Netflix service,it doesn't even work it says can't reach the netflix service,0,11,60,0,0,0,0.9090909090909091,0,0,-0.0191,1,0,1,0.0,0,1,0,1.0,0.0
b0308064-acac-4b08-9eef-490b422680d8,Netflix,Entertainment,Robert Wiley,Unknown,1,2025-10-31 04:51:34,I do NOT like the new layout. Give us an option to revert to previous layout.,i do not like the new layout. give us an option to revert to previous layout.,0,16,77,0,0,1,0.875,0,0,-0.2755,1,0,1,0.0,0,1,0,1.0,0.0
25f777bc-bf03-4a98-bece-613c2e86abde,Netflix,Entertainment,olivia nakayiza,Unknown,1,2025-10-31 05:04:49,it failed to play on my phones,it failed to play on my phones,0,7,30,0,0,0,1.0,0,0,-0.2263,1,0,1,0.0,0,1,0,1.0,0.0
fdd6d5b6-9efc-456b-a652-4b7026e15e17,Netflix,Entertainment,Krishna Patel,Unknown,5,2025-10-31 05:45:28,Netflix mast app he,netflix mast app he,0,4,19,0,0,0,1.0,0,1,0.0,1,0,1,0.0,0,1,0,5.0,0.0
ed3f55ea-6f73-4d2c-9f8c-b8bed1c2f489,Netflix,Entertainment,avinash gaikawad,Unknown,1,2025-10-31 05:54:45,this app has bugs in my s24fe. please rectify it,this app has bugs in my s24fe. please rectify it,0,10,48,0,0,0,1.0,0,1,0.3182,1,0,1,0.0,0,1,0,1.0,0.0
42f24057-91ed-4a60-ba56-9b4b5b201366,Netflix,Entertainment,CHARLYN FIERRO,Unknown,1,2025-10-31 06:07:56,they removed download button 🙄,they removed download button 🙄,0,5,30,1,0,0,1.0,1,0,0.0,1,0,1,0.0,0,1,0,1.0,0.0
08795f47-492c-4a14-9f3c-815b878c3954,Netflix,Entertainment,Julian Mora,Unknown,1,2025-10-31 06:16:00,did not work,did not work,0,3,12,0,0,0,1.0,0,0,0.0,1,0,1,0.0,0,1,0,1.0,0.0
9a4d29ba-f5e4-4e1f-a8dd-94731dec95b3,Netflix,Entertainment,Shradha Batra,Unknown,1,2025-10-31 07:16:06,"Ask for Something, shows something. Ask for Irrfan Movies, suggests random movies. Weird. Always login issues","ask for something, shows something. ask for irrfan movies, suggests random movies. weird. always login issues",0,16,109,0,0,0,0.875,0,0,-0.1779,1,0,1,0.0,0,1,0,1.0,0.0
1269ed63-2d4d-4f71-89e6-3ae5d5987df0,Netflix,Entertainment,Rogelio Noriega Arguelles.,Unknown,2,2025-10-31 07:45:22,"always freeze the whole thing I'm not sure if it's working, I paid for I want to cancelled, is not working I want to cancelled but I can't.","always freeze the whole thing i'm not sure if it's working, i paid for i want to cancelled, is not working i want to cancelled but i can't.",0,28,139,0,0,0,0.7857142857142857,1,0,-0.3274,1,0,1,0.0,0,1,0,2.0,0.0
57037351-ba00-4285-a8b4-828abf808ce6,Netflix,Entertainment,Gomer Quiambao,Unknown,1,2025-10-31 08:34:04,"I hate youuuuuu Netflix, it's hard to sign I buy an account to my friend then I try you always told me try again later always 😡😡","i hate youuuuuu netflix, it's hard to sign i buy an account to my friend then i try you always told me try again later always 😡😡",0,27,128,2,0,0,0.8148148148148148,0,0,-0.2263,1,0,1,0.0,0,1,0,1.0,0.0
ebc62227-4d33-4676-ab87-c6ba54a6d8e7,Netflix,Entertainment,White Devil King,Unknown,5,2025-10-31 09:12:09,Webseries and Movies To Good Service on this app,webseries and movies to good service on this app,0,9,48,0,0,0,1.0,0,1,0.4404,1,0,1,0.0,0,1,0,5.0,0.0
91de41c0-3ed8-4ba3-8ad4-b4172ac9e838,Netflix,Entertainment,GLEZA SINAGPULO,Unknown,5,2025-10-31 09:52:00,A good platform for streaming and watching movies.,a good platform for streaming and watching movies.,0,8,50,0,0,0,1.0,0,0,0.4404,1,0,1,0.0,0,1,0,5.0,0.0
f3104a2e-37bb-4375-8310-cd7e48d8a030,Netflix,Entertainment,Danish Ahmed,Unknown,1,2025-10-31 10:25:37,from last 2 days netflix is down not working properly,from last 2 days netflix is down not working properly,0,10,53,0,0,0,1.0,0,0,0.0,1,0,1,0.0,0,1,0,1.0,0.0
874d0f17-edf6-495e-b3f1-7171a4cfc3aa,Netflix,Entertainment,Vivien Langley,Unknown,1,2025-10-31 10:48:07,Selection dwindles monthly and I've just been logged out because I'm a family member that travels for school/work.,selection dwindles monthly and i've just been logged out because i'm a family member that travels for school/work.,0,18,114,0,0,0,1.0,0,0,0.0,1,0,1,0.0,0,1,0,1.0,0.0
e7435073-6fea-4c00-97c3-f2700401af4b,Netflix,Entertainment,Gaonyadiwe bertha Masigo,Unknown,5,2025-10-31 11:00:12,it doesn't want to open,it doesn't want to open,0,5,23,0,0,0,1.0,0,0,-0.0572,1,0,1,0.0,0,1,0,5.0,0.0
5b4a9375-0755-4870-8a9a-e901c4c10158,Netflix,Entertainment,ScottyBoy843,Unknown,1,2025-10-31 11:15:34,"You are just a souless cable company now. The reason people use Netflix is to not have to watch ads, but now we have to pay triple the price to get rid of them. Greedy scumbags.","you are just a souless cable company now. the reason people use netflix is to not have to watch ads, but now we have to pay triple the price to get rid of them. greedy scumbags.",0,36,177,0,0,0,0.8611111111111112,0,0,-0.5499,1,0,1,0.0,0,1,0,1.0,0.0
eb65b1ed-4086-4375-a46d-4a49ac372d69,Netflix,Entertainment,Crystal Jones,Unknown,5,2025-10-31 12:06:00,love the app but I had to uninstall and reinstall because I could hear the movie but not see anything accept the subtitles just a black screen with words it was strange hopefully this fixes it,love the app but i had to uninstall and reinstall because i could hear the movie but not see anything accept the subtitles just a black screen with words it was strange hopefully this fixes it,0,36,192,0,0,0,0.8611111111111112,1,1,0.2901,1,0,1,0.0,0,1,0,5.0,0.0
101921b7-d36e-4f55-8e15-16f61e17ed33,Netflix,Entertainment,Aysha Jumzz,Unknown,2,2025-10-31 13:29:24,i have been using netflix for years but nowadays the videos get pixilated...i really can't watch videos,i have been using netflix for years but nowadays the videos get pixilated...i really can't watch videos,0,17,103,0,0,0,0.9411764705882353,0,0,0.0,1,0,1,0.0,0,1,0,2.0,0.0
48148296-836e-4845-85a1-dfec492b4924,Netflix,Entertainment,Joanna Capellan,Unknown,3,2025-10-31 13:32:49,There's a love and hate relationship between me and Netflix. Because tell me why all of my favorite show's been cancelled? Like..?,there's a love and hate relationship between me and netflix. because tell me why all of my favorite show's been cancelled? like..?,0,22,130,0,0,0,0.9090909090909091,0,0,0.6553,1,0,1,0.0,0,1,0,3.0,0.0
06e8a69c-b55a-4438-96ae-62d7c02aa336,Netflix,Entertainment,Kids Miles,Unknown,5,2025-10-31 13:33:49,as you would expect.,as you would expect.,0,4,20,0,0,0,1.0,0,0,0.0,1,0,1,0.0,0,1,0,5.0,0.0
0c4b3939-665c-4329-ad02-811ba0a82cbf,Netflix,Entertainment,charanraj babu,Unknown,1,2025-10-31 13:57:36,worst app every time asking someone connected,worst app every time asking someone connected,0,7,45,0,0,0,1.0,0,1,-0.6249,1,0,1,0.0,0,1,0,1.0,0.0
8b4906e9-ce6d-4be0-ac24-8e9cfc079cf7,Netflix,Entertainment,Xian Zachary,Unknown,3,2025-10-31 14:20:18,"When I was watching We can be heroes 2,It doesn't exist But on the Google website, it says We can be Heroes 2 is coming in 2024 or 2025,But its not true. Netflix, Count your days right now.","when i was watching we can be heroes 2,it doesn't exist but on the google website, it says we can be heroes 2 is coming in 2024 or 2025,but its not true. netflix, count your days right now.",0,38,189,0,0,0,0.8947368421052632,1,0,0.5577,1,0,1,0.0,0,1,0,3.0,0.0
e4af39a2-6992-4df5-94ec-d8ad425565b6,Netflix,Entertainment,Okay,Unknown,5,2025-10-31 14:27:17,"its very good, cheap and fun to watch with family","its very good, cheap and fun to watch with family",0,10,49,0,0,0,1.0,1,0,0.7574,1,0,1,0.0,0,1,0,5.0,0.0
6a79ef78-783f-4fd4-8d3c-c505434b30e6,Netflix,Entertainment,Hanna S,Unknown,1,2025-10-31 14:42:04,"proses payment ribet bgt gajelas, aplikasi dengan sistem bayar paling jelek. Orang tuh kalau buat aplikasi justru harusnya di permudah.","proses payment ribet bgt gajelas, aplikasi dengan sistem bayar paling jelek. orang tuh kalau buat aplikasi justru harusnya di permudah.",0,20,135,0,0,0,0.95,0,0,0.0,1,0,1,0.0,0,1,0,1.0,0.0
981cb33f-5d7f-4ece-8ae0-75fe2eb6c651,Netflix,Entertainment,Syed Salaar Shah,Unknown,5,2025-10-31 14:45:28,very nice app ☺☺☺,very nice app ☺☺☺,0,4,17,0,0,0,1.0,0,1,0.9073,1,0,1,0.0,0,1,0,5.0,0.0
8c618dfa-856c-4be5-8c50-544fc3684e83,Netflix,Entertainment,Basil Frank Fisher,Unknown,2,2025-10-31 15:24:44,Good app but this thing of just canceling shows after a first season is not good . Just imagine reading à good book to discover the last chapter missing. This is Terrible.,good app but this thing of just canceling shows after a first season is not good . just imagine reading à good book to discover the last chapter missing. this is terrible.,0,32,171,0,0,0,0.84375,0,1,-0.6439,1,0,1,0.0,0,1,0,2.0,0.0
8431aaaf-0b87-441f-9f16-ae40c434ef6d,Netflix,Entertainment,Anne,Unknown,5,2025-10-31 15:45:49,Top-notch originals and library; price vs. content can depend on region.,top-notch originals and library; price vs. content can depend on region.,0,11,72,0,0,0,1.0,0,0,0.0,1,0,2,589845.0,0,1,0,5.0,0.0
83117e54-fc3b-4cef-88be-320b43b76f04,Netflix,Entertainment,Dylan Scott,Unknown,2,2025-10-31 15:51:36,netflix is great but id definitely put 5 stars if it didnt take so long for the next seasons to come out.... like by the way rising of the shield hero has 4 seasons but on Netflix there only 1,netflix is great but id definitely put 5 stars if it didnt take so long for the next seasons to come out.... like by the way rising of the shield hero has 4 seasons but on netflix there only 1,0,40,192,0,0,0,0.875,0,0,0.9354,1,0,1,0.0,0,1,1,2.0,0.0
88272f72-c0e6-435d-86df-56a7efc888ef,Netflix,Entertainment,Indiphile Marawule,Unknown,5,2025-10-31 15:51:41,perfect,perfect,0,1,7,0,0,0,1.0,0,0,0.5719,1,0,1,0.0,0,1,0,5.0,0.0
8cdae76e-009f-4da5-be72-ff767d93bae5,Netflix,Entertainment,Nelly Wanja,Unknown,2,2025-10-31 15:52:28,"Lately it's been having issues with downloading movies to watch offline, taking too long. Also rejecting the wifi am using even when everything else is on the same wifi and working perfectly fine.","lately it's been having issues with downloading movies to watch offline, taking too long. also rejecting the wifi am using even when everything else is on the same wifi and working perfectly fine.",0,33,196,0,0,0,0.9393939393939394,1,0,0.3612,1,0,1,0.0,0,1,0,2.0,0.0
0a307f7e-7904-4f37-9f45-05f27cf9c65d,Netflix,Entertainment,sukumar mali,Unknown,5,2025-10-31 15:55:33,netflix is excellent entertainment,netflix is excellent entertainment,0,4,34,0,0,0,1.0,0,0,0.7579,1,0,1,0.0,0,1,0,5.0,0.0
7d2ec8ba-3033-4372-9ee6-01e81361c33c,Netflix,Entertainment,A3-23 uhdiyaa,Unknown,2,2025-10-31 16:03:33,tolong ini kenapa yaa setiap nonton nge glitch patah patahh ..udah menghubungi bantuan tidak ada yang membantu,tolong ini kenapa yaa setiap nonton nge glitch patah patahh ..udah menghubungi bantuan tidak ada yang membantu,0,17,110,0,0,0,1.0,0,0,0.0,1,0,1,0.0,0,1,0,2.0,0.0
85340b37-0f2c-4bd4-a0ec-888d8b28ed32,Netflix,Entertainment,harsh chandak,Unknown,4,2025-10-31 16:14:41,Please add kantara a legend chapter 1,please add kantara a legend chapter 1,0,7,37,0,0,0,1.0,0,0,0.3182,1,0,1,0.0,0,1,0,4.0,0.0
35478788-1298-4bb5-9879-e80eca9d1600,Netflix,Entertainment,Dominik “Evolyzer”,Unknown,1,2025-10-31 16:21:16,Downloading movies for offline usage is entirely broken and has allways been.,downloading movies for offline usage is entirely broken and has allways been.,0,12,77,0,0,0,1.0,1,0,-0.5984,1,0,1,0.0,0,1,0,1.0,0.0
2002759f-eae3-470b-aeb3-f7fb51e6c4d7,Netflix,Entertainment,Dhëêrü bhãî,Unknown,5,2025-10-31 16:24:42,damm subscription rate,damm subscription rate,0,3,22,0,0,0,1.0,0,0,0.0,1,0,1,0.0,0,1,0,5.0,0.0
d7edc754-e052-4751-a6c5-6f8d1b441d55,Netflix,Entertainment,Priyesh Jain,Unknown,5,2025-10-31 17:01:22,JUST THE BEST OTT APP BRO,just the best ott app bro,0,6,25,0,0,6,1.0,0,1,0.6369,1,0,1,0.0,0,1,0,5.0,0.0
b00b4351-bf17-4ef4-981a-a30935872f71,Netflix,Entertainment,Obaid Mohiuddin,Unknown,1,2025-10-31 17:50:17,"if I am paying full price, why am I not getting 4k resolution? why am I getting 1080p on my 4k TV? provide full service when you take full money","if i am paying full price, why am i not getting 4k resolution? why am i getting 1080p on my 4k tv? provide full service when you take full money",1,30,144,0,0,1,0.7,0,0,0.0,1,0,1,0.0,0,1,0,1.0,0.0
c7af864d-fb00-40c4-8cd0-737cdaeab153,Netflix,Entertainment,Raphael Aletan,Unknown,4,2025-10-31 18:29:23,because it takes time to sign in and no free data like common dude,because it takes time to sign in and no free data like common dude,0,14,66,0,0,0,1.0,1,0,-0.0521,1,0,1,0.0,0,1,0,4.0,0.0
584ec48e-6f59-49c0-ba3b-54765d5f7230,Netflix,Entertainment,1 தமிழன்டா.Thamizhanda,Unknown,1,2025-10-31 19:26:18,"Don't download this app, Some times not working. Don't waste your money.","don't download this app, some times not working. don't waste your money.",0,12,72,0,0,0,0.9166666666666666,1,1,-0.2466,1,0,1,0.0,0,1,0,1.0,0.0
fbbf7e35-d49a-4e97-8f95-0927ca173519,Netflix,Entertainment,Manu Nagarkoti,Unknown,1,2025-10-31 19:48:26,no movie playing. processing till eternity.,no movie playing. processing till eternity.,0,6,43,0,0,0,1.0,0,0,-0.4199,1,0,1,0.0,0,1,0,1.0,0.0
a5bb0f2d-2e36-468a-852f-321797a96015,Netflix,Entertainment,Ivan Ranero,Unknown,1,2025-10-31 23:34:00,At this point everyone knows how anti-consumer these streaming apps are becoming,at this point everyone knows how anti-consumer these streaming apps are becoming,0,12,80,0,0,0,1.0,0,1,0.0,1,0,1,0.0,0,1,0,1.0,0.0
4bff2a64-8c36-444e-99a0-651cd8fa78ba,Netflix,Entertainment,Md Nadeem Anwar,Unknown,5,2025-10-31 23:54:39,it is one best app for OTT.,it is one best app for ott.,0,7,27,0,0,1,1.0,0,1,0.6369,1,0,1,0.0,0,1,0,5.0,0.0
1f6a9d10-033d-4d84-bb4c-b48ec58ab530,Netflix,Entertainment,Abbas Mer,Unknown,1,2025-11-01 00:06:25,it's a bad application,it's a bad application,0,4,22,0,0,0,1.0,0,1,-0.5423,1,0,1,0.0,0,1,0,1.0,0.0
3a5b4ee5-95e8-480b-8804-aef85c086452,Netflix,Entertainment,OM AJAY DAGDI,Unknown,1,2025-11-01 01:06:54,I'm troubling to watch wwe show live,i'm troubling to watch wwe show live,0,7,36,0,0,0,1.0,0,0,-0.5423,1,0,1,0.0,0,1,0,1.0,0.0
3f9fc757-08e3-46a0-bdec-af092ccb827a,Netflix,Entertainment,A Google user,Unknown,5,2025-11-01 01:17:11,Awesome app,awesome app,0,2,11,0,0,0,1.0,0,1,0.6249,1,0,10,106723.0,0,1,0,3.4,1.6465452046971292
a2079935-f660-4e59-bbf8-4fe1316a5ba9,Netflix,Entertainment,HRPM ADEOYE,Unknown,3,2025-11-01 01:37:19,I want to give it a 5. It's just that I miss the movies Sharkboy and Lavagirl and Spy Kids those were my childhood,i want to give it a 5. it's just that i miss the movies sharkboy and lavagirl and spy kids those were my childhood,0,24,114,0,0,0,0.9166666666666666,0,0,-0.0772,1,0,1,0.0,0,1,0,3.0,0.0
96c3a831-9c6f-4b57-a6b5-fe3231c05c3f,Netflix,Entertainment,Mark John Vinz Carabbay,Unknown,1,2025-11-01 01:42:58,stupid website no customer support,stupid website no customer support,0,5,34,0,0,0,1.0,1,0,-0.7819,1,0,1,0.0,0,1,0,1.0,0.0
7bf279f6-b968-42a4-8e6d-24783fe7568d,Netflix,Entertainment,Cigionney Martis,Unknown,5,2025-11-01 02:44:48,I love netflix😋,i love netflix😋,0,3,15,1,0,0,1.0,0,0,0.6369,1,0,1,0.0,0,1,0,5.0,0.0
63f6853b-7afd-485b-8a69-007eeab38e41,Netflix,Entertainment,Vijay Patil,Unknown,2,2025-11-01 03:52:41,Facing Black screen issue twice a week,facing black screen issue twice a week,1,7,38,0,0,0,1.0,0,0,0.0,1,0,1,0.0,0,1,0,2.0,0.0
7350793c-8874-49a2-b7b8-b4ae11943929,Netflix,Entertainment,Lady Chamberlain,Unknown,3,2025-11-01 05:00:29,keeps on jamming,keeps on jamming,0,3,16,0,0,0,1.0,0,0,0.0,1,0,1,0.0,0,1,0,3.0,0.0
b249c13e-4f1e-445e-a4f4-af758415ecdd,Netflix,Entertainment,Nathiben Paramar,Unknown,5,2025-11-01 06:47:49,Very best app,very best app,0,3,13,0,0,0,1.0,0,1,0.6697,1,0,1,0.0,0,1,0,5.0,0.0
a5449928-48b1-422b-b9bf-c08a5b807120,Netflix,Entertainment,OMOAJIRI OGUNSINA,Unknown,5,2025-11-01 07:03:56,This is a app that can not be left over,this is a app that can not be left over,0,10,39,0,0,0,1.0,0,1,0.0,1,0,1,0.0,0,1,0,5.0,0.0
95bfe6a4-a0b6-46cd-8db7-6a867b30985a,Netflix,Entertainment,Abdullahi Abbakar,Unknown,5,2025-11-01 07:40:11,I like this app so much,i like this app so much,0,6,23,0,0,0,1.0,0,1,0.3612,1,0,1,0.0,0,1,0,5.0,0.0
3e14640d-f209-44c7-827e-6b57a959d687,Netflix,Entertainment,MOKABA MPHEROANE,Unknown,4,2025-11-01 08:57:41,"Netflix is good but it annoys me when the app is not running and delete it then download it again only to lose the data you had downloaded just to download it again, it's not AYOBA","netflix is good but it annoys me when the app is not running and delete it then download it again only to lose the data you had downloaded just to download it again, it's not ayoba",0,36,180,0,0,1,0.7777777777777778,1,1,-0.743,1,0,1,0.0,0,1,1,4.0,0.0
a721cd44-3a59-49b4-a98d-84ddb3fb0040,Netflix,Entertainment,Aradhya sharma,Unknown,5,2025-11-01 09:38:44,my experience is very good and nice with this aap,my experience is very good and nice with this aap,0,10,49,0,0,0,1.0,0,0,0.7397,1,0,1,0.0,0,1,0,5.0,0.0
f870e045-7003-4214-850b-4fef61ac0bcc,Netflix,Entertainment,Stephanie Imarhia,Unknown,5,2025-11-01 10:24:17,"More, beta version, please 🙏 thanks 😊 🙏.","more, beta version, please 🙏 thanks 😊 🙏.",0,8,40,3,0,0,1.0,0,0,0.8876,1,0,1,0.0,0,1,0,5.0,0.0
89e26857-ba0c-4d42-87fd-4fd950f72bfb,Netflix,Entertainment,Asiya Kalsekar,Unknown,5,2025-11-01 10:55:53,This is the best,this is the best,0,4,16,0,0,0,1.0,0,0,0.6369,1,0,1,0.0,0,1,0,5.0,0.0
e15aae17-35e4-4394-9d46-87e447d38f44,Netflix,Entertainment,Aarushi gupta,Unknown,3,2025-11-01 10:59:41,"even when no other device is watching,it keeps saying,to remove other devices, really frustrating","even when no other device is watching,it keeps saying,to remove other devices, really frustrating",0,14,97,0,0,0,0.9285714285714286,0,0,-0.659,1,0,1,0.0,0,1,0,3.0,0.0
b1573392-9aa1-4ff6-bb0f-fdc576e3fcb1,Netflix,Entertainment,Farhan Ali,Unknown,5,2025-11-01 11:12:02,both khuob,both khuob,0,2,10,0,0,0,1.0,0,0,0.0,1,0,1,0.0,0,1,0,5.0,0.0
265076d1-6117-40fb-ab96-c61d3712b992,Netflix,Entertainment,Sofiah Ortega,Unknown,5,2025-11-01 11:23:52,I love the movies especially jjk,i love the movies especially jjk,0,6,32,0,0,0,1.0,0,0,0.6369,1,0,1,0.0,0,1,0,5.0,0.0
2f7ec718-9060-4201-be96-c6dc5c230c40,Netflix,Entertainment,Alexia Keis,Unknown,5,2025-11-01 11:24:28,It's amazing.,it's amazing.,0,2,13,0,0,0,1.0,0,0,0.5859,1,0,1,0.0,0,1,0,5.0,0.0
bcfde14c-350a-40f6-9d30-a6b4164a5503,Netflix,Entertainment,Alex Yogawin,Unknown,4,2025-11-01 11:33:41,awesome,awesome,0,1,7,0,0,0,1.0,0,0,0.6249,1,0,1,0.0,0,3,0,4.0,0.0
7618a744-2db1-473c-a180-ee00edf365df,Netflix,Entertainment,Puspa Kumal,Unknown,5,2025-11-01 11:41:17,very good app and entertainment so im happy 😁,very good app and entertainment so im happy 😁,0,9,45,1,0,0,1.0,0,1,0.9181,1,0,1,0.0,0,1,0,5.0,0.0
d87b5331-b21d-4f77-8429-10fde4b8d185,Netflix,Entertainment,Zsiram,Unknown,5,2025-11-01 11:51:30,It's amazing you can install what games you like it's perfect for all kid so you can play,it's amazing you can install what games you like it's perfect for all kid so you can play,0,18,89,0,0,0,0.7777777777777778,1,0,0.9129,1,0,1,0.0,0,1,0,5.0,0.0
b64cb58b-3ca2-4730-a771-7b23503893e6,Netflix,Entertainment,Bob Bluieer,Unknown,5,2025-11-01 13:29:40,so good,so good,0,2,7,0,0,0,1.0,0,0,0.4927,1,0,1,0.0,0,3,0,5.0,0.0
7427c1ee-c74e-47e0-b368-f6a924fb26a8,Netflix,Entertainment,VINCENT VINCENT,Unknown,5,2025-11-01 13:52:46,Good if used for glory of God,good if used for glory of god,0,7,29,0,0,0,1.0,0,0,0.8176,1,0,1,0.0,0,1,0,5.0,0.0
f4a83814-fcc8-4022-add3-9997f264334e,Netflix,Entertainment,Ellie,Unknown,5,2025-11-01 15:40:09,amazing,amazing,0,1,7,0,0,0,1.0,0,0,0.5859,1,0,1,0.0,0,2,0,5.0,0.0
68f0cc22-33f0-4a29-b9ec-ba9c0d9bd88a,Netflix,Entertainment,Abu Taleb,Unknown,1,2025-11-01 16:10:11,ঘগগঢঢগঢঢঢঘঘগঢঘঢঢঢঢঢঢঢঢঢঘঢতঘঢঢঢঘঘঘঢহগঢজঢডডগঘডঘডঢ,ঘগগঢঢগঢঢঢঘঘগঢঘঢঢঢঢঢঢঢঢঢঘঢতঘঢঢঢঘঘঘঢহগঢজঢডডগঘডঘডঢ,0,1,47,0,0,0,1.0,0,0,0.0,1,0,1,0.0,0,1,0,1.0,0.0
aa9e87ff-bdad-44d5-9271-862c7b59ed42,Netflix,Entertainment,Darze Lizam,Unknown,1,2025-11-01 16:59:40,Why aren't there english subtitles for some anime ? The only option available to me is french which I don't speak...,why aren't there english subtitles for some anime ? the only option available to me is french which i don't speak...,0,21,116,0,0,0,1.0,0,0,0.0,1,0,1,0.0,0,1,0,1.0,0.0
1e034c6f-eb0d-4b4c-bfaf-f5ed812d92db,Netflix,Entertainment,Cristina Garcia,Unknown,1,2025-11-01 17:06:52,app will not open after signing in,app will not open after signing in,0,7,34,0,0,0,1.0,0,1,0.0,1,0,1,0.0,0,1,0,1.0,0.0
6db584f6-c433-4c54-9dd4-8d66803f89b4,Netflix,Entertainment,Noman Rind,Unknown,5,2025-11-01 17:15:16,is my favourite app,is my favourite app,0,4,19,0,0,0,1.0,0,1,0.0,1,0,1,0.0,0,1,0,5.0,0.0
7021ce94-f11d-4a91-8418-e94c7f532961,Netflix,Entertainment,ESTHER IFEANYI ADEYEMI,Unknown,2,2025-11-01 17:17:35,It's a very amazing app,it's a very amazing app,0,5,23,0,0,0,1.0,0,1,0.624,1,0,1,0.0,0,1,1,2.0,0.0
b73173f0-1fe6-4c0e-95b4-f5a2042241ce,Netflix,Entertainment,Migdalia Melendez,Unknown,1,2025-11-01 17:26:17,go back to the way you were without the sign in sign out because of the extra member.,go back to the way you were without the sign in sign out because of the extra member.,0,18,85,0,0,0,0.8333333333333334,0,0,0.0,1,0,1,0.0,0,1,0,1.0,0.0
e166f08b-b7ac-4414-b3e9-6af05cd692fa,Netflix,Entertainment,Giffari Al Farabi,Unknown,1,2025-11-01 17:30:10,"Somehow i can't login anymore, don't know why...hello?","somehow i can't login anymore, don't know why...hello?",0,8,54,0,0,0,1.0,0,0,0.0,1,0,1,0.0,0,1,0,1.0,0.0
677eaaf2-e49f-43e8-931a-b366930b57d4,Netflix,Entertainment,Nadeem Bolim,Unknown,5,2025-11-01 18:17:45,Netflix is Great but makes it greater if you add a family mode option on screen so we can watch movies with family and adults scenes removed automatically.,netflix is great but makes it greater if you add a family mode option on screen so we can watch movies with family and adults scenes removed automatically.,0,28,155,0,0,0,0.9642857142857143,0,0,0.7003,1,0,1,0.0,0,1,0,5.0,0.0
116bb80c-23b3-4655-b0b6-a8fc1e369e37,Netflix,Entertainment,AKRITI SRIVASTAVA,Unknown,1,2025-11-01 18:49:52,app crashes while watching shows often on my Samsung Galaxy A7 tablet,app crashes while watching shows often on my samsung galaxy a7 tablet,0,12,69,0,0,1,1.0,0,1,0.0,1,0,1,0.0,0,1,0,1.0,0.0
97dace79-b5d7-43f2-80cf-566d9ed4dc05,Netflix,Entertainment,Helen Ononiwu,Unknown,5,2025-11-01 18:58:59,this app is not just because to show movie but find new things which makes me feel better and interesting,this app is not just because to show movie but find new things which makes me feel better and interesting,0,20,105,0,0,0,1.0,0,1,0.8126,1,0,1,0.0,0,1,0,5.0,0.0
a62ca10d-814f-4285-aae2-b198aabaee54,Netflix,Entertainment,Basumitra Das,Unknown,1,2025-11-01 19:03:59,Only Flop Movies are here now. Very much expensive.,only flop movies are here now. very much expensive.,1,9,51,0,0,0,1.0,0,0,-0.34,1,0,1,0.0,0,1,0,1.0,0.0
df805759-bac8-4628-96f9-de7c38bce1b5,Netflix,Entertainment,Akiram Maama,Unknown,1,2025-11-01 19:27:48,Very nice,very nice,0,2,9,0,0,0,1.0,0,0,0.4754,1,0,1,0.0,0,3,0,1.0,0.0
5b36f655-e4a3-418f-af5a-ae361de95784,Netflix,Entertainment,Jamie Wakefield,Unknown,5,2025-11-01 19:32:46,I like all the movies,i like all the movies,0,5,21,0,0,0,1.0,0,0,0.3612,1,0,1,0.0,0,1,0,5.0,0.0
aceb6410-e1f5-497f-ad8a-b9351e5eea27,Netflix,Entertainment,Joydeb Day,Unknown,3,2025-11-01 19:36:06,the app experience is good but there is a problem in time of watching anime because some of the anime like bleach have no english dub after some session,the app experience is good but there is a problem in time of watching anime because some of the anime like bleach have no english dub after some session,0,29,152,0,0,0,0.8275862068965517,0,1,-0.2846,1,0,1,0.0,0,1,0,3.0,0.0
a1af5795-dd80-4cc7-a9e2-384052112e76,Netflix,Entertainment,o bathishig,Unknown,1,2025-11-01 20:19:00,trash,trash,0,1,5,0,0,0,1.0,0,0,0.0,1,0,1,0.0,0,1,0,1.0,0.0
a7b4d39e-a0b6-4b8c-90aa-02bc37fc31ad,Netflix,Entertainment,EMIEL SIDELL,Unknown,1,2025-11-01 20:57:11,I paid my netflix but I got a problem sometimes it plays but most of the time when I want to watch something it loads the whole day it doesn't wanna play,i paid my netflix but i got a problem sometimes it plays but most of the time when i want to watch something it loads the whole day it doesn't wanna play,0,32,153,0,0,0,0.8125,0,0,-0.486,1,0,1,0.0,0,1,0,1.0,0.0
efc574b9-41b6-41fd-9b07-18a1a302fb41,Netflix,Entertainment,Suleman Ayub,Unknown,5,2025-11-01 20:57:44,IT IS THE BEST APP EVER!,it is the best app ever!,0,6,24,0,0,6,1.0,0,1,0.6696,1,0,1,0.0,0,1,0,5.0,0.0
92b9a2bc-886a-49a0-8db2-07a59f5fab17,Netflix,Entertainment,Laverne Valle,Unknown,5,2025-11-01 21:37:38,it's grate!,it's grate!,0,2,11,0,0,0,1.0,0,0,0.0,1,0,1,0.0,0,1,0,5.0,0.0
b5c06eb7-4e51-49a7-8824-408e836279d4,Netflix,Entertainment,Lizzie Masango,Unknown,4,2025-11-01 22:40:23,would like to watch before payment date,would like to watch before payment date,0,7,39,0,0,0,1.0,0,0,0.3612,1,0,1,0.0,0,1,0,4.0,0.0
48e17462-89af-49d4-927a-cab19575b8ee,Netflix,Entertainment,Kim Przybylinski,Unknown,1,2025-11-01 22:54:31,6gb space taken?!?! Ridiculous!!!,6gb space taken?!?! ridiculous!!!,15,4,33,0,0,0,1.0,0,0,-0.6159,1,0,1,0.0,0,1,0,1.0,0.0
9950b4a2-660d-4aa9-8bf5-d1ab3cbb07b3,Netflix,Entertainment,Ronald Viillaralbol,Unknown,5,2025-11-01 23:42:15,Very good,very good,0,2,9,0,0,0,1.0,0,0,0.4927,1,0,1,0.0,0,4,0,5.0,0.0
45fbdb3e-7b60-493f-8348-25cdca9afdc6,Netflix,Entertainment,Andrew Hennessy,Unknown,1,2025-11-02 01:15:14,stop messing with my screen brightness,stop messing with my screen brightness,0,6,38,0,0,0,1.0,0,0,0.1027,1,0,1,0.0,0,1,0,1.0,0.0
fe11d2a1-cdb7-4e26-a82d-d0a94f5143e4,Netflix,Entertainment,Jackie,Unknown,1,2025-11-02 01:40:50,stop corrupting the kids,stop corrupting the kids,0,4,24,0,0,0,1.0,0,0,-0.296,1,0,1,0.0,0,1,0,1.0,0.0
eeb8d5f2-1b5a-42a4-9260-ab8288dd8687,Netflix,Entertainment,Mellie,Unknown,4,2025-11-02 01:51:26,Netflix is great! gave me amazing choices for shows especially if you like more shows with drama leaving you wanting more. Definitely recommend,netflix is great! gave me amazing choices for shows especially if you like more shows with drama leaving you wanting more. definitely recommend,0,23,143,0,0,0,0.9130434782608695,0,0,0.9496,1,0,1,0.0,0,1,0,4.0,0.0
ec1a79e0-72df-4977-a3ce-d67e4f881bab,Netflix,Entertainment,Adewale Afolabi,Unknown,1,2025-11-02 02:11:18,This is really getting stupid. I have Netflix on my phone It's my primary device and now I'm getting the message this device is not part of your household. This is really annoying,this is really getting stupid. i have netflix on my phone it's my primary device and now i'm getting the message this device is not part of your household. this is really annoying,0,33,179,0,0,0,0.7575757575757576,0,0,-0.7698,1,0,1,0.0,0,1,0,1.0,0.0
bb6f9d0d-a249-45ec-a294-e9d772b8bf80,Netflix,Entertainment,Scott,Unknown,5,2025-11-02 02:39:35,I like this app . has no adds . no extra fees to pay for extra content. just pay one monthly subscription and everything is included in the price,i like this app . has no adds . no extra fees to pay for extra content. just pay one monthly subscription and everything is included in the price,0,29,145,0,0,0,0.8620689655172413,0,1,-0.4019,1,0,1,0.0,0,1,0,5.0,0.0
0ae3e32a-2c9f-43da-8963-28956ddd52c1,Netflix,Entertainment,Alexander Price,Unknown,1,2025-11-02 02:47:46,"literally tried to watch Nun ll and it didn't even play on the phone kept getting an error message, but yet its working with a laptop like come on fix your stuff","literally tried to watch nun ll and it didn't even play on the phone kept getting an error message, but yet its working with a laptop like come on fix your stuff",0,32,161,0,0,0,0.96875,0,0,0.222,1,0,1,0.0,0,1,0,1.0,0.0
55836416-a558-49df-bd48-e5dd3bbfce5f,Netflix,Entertainment,Daniel Raleigh,Unknown,1,2025-11-02 03:04:50,I'm trying to log in on my phone and my phone is apart of the household but it keeps saying it's not and it's getting annoying,i'm trying to log in on my phone and my phone is apart of the household but it keeps saying it's not and it's getting annoying,0,26,126,0,0,0,0.8461538461538461,0,0,-0.5499,1,0,1,0.0,0,1,0,1.0,0.0
a99b86a5-581a-4b18-b11f-7ee74d22b12c,Netflix,Entertainment,Shipra Awasthi,Unknown,1,2025-11-02 03:28:55,very bad app I take subscription then also showing payment pending but movies are good,very bad app i take subscription then also showing payment pending but movies are good,0,15,86,0,0,0,1.0,0,1,0.3514,1,0,1,0.0,0,1,0,1.0,0.0
26488a6c-a62a-43c1-80ed-cbab5fcdb967,Netflix,Entertainment,Nacional tan Chekz,Unknown,5,2025-11-02 03:54:52,Cool to watch any kinds of usually action drama & horror films,cool to watch any kinds of usually action drama & horror films,0,12,62,0,0,0,1.0,0,0,-0.34,1,0,1,0.0,0,1,0,5.0,0.0
f3ecb357-f788-40bc-a053-b70cbecd6bd5,Netflix,Entertainment,Laurie Starr,Unknown,5,2025-11-02 04:29:03,I love the ease. I wish after they send a link to my results it should just confirm I love it saves series too.,i love the ease. i wish after they send a link to my results it should just confirm i love it saves series too.,0,24,111,0,0,0,0.8333333333333334,1,0,0.9274,1,0,1,0.0,0,1,0,5.0,0.0
e4dae67e-d04d-4e00-a87b-2d3cecee7826,Netflix,Entertainment,Clarie,Unknown,5,2025-11-02 04:31:30,I love Netflix 😍🫰,i love netflix 😍🫰,0,4,17,2,0,0,1.0,0,0,0.802,1,0,1,0.0,0,1,0,5.0,0.0
4041df89-99a8-4b58-9465-88002f35b10b,Netflix,Entertainment,keziah soriano,Unknown,1,2025-11-02 04:54:34,My subscription still continued even if I already cancelled it.,my subscription still continued even if i already cancelled it.,0,10,63,0,0,0,1.0,0,0,-0.25,1,0,1,0.0,0,1,0,1.0,0.0
891c7be2-4be0-4957-aba5-1821c54091a0,Netflix,Entertainment,Rheana Rheagayuma,Unknown,1,2025-11-02 04:59:57,you are a bad app why you. have watch error that on your show on my tablet why you do that fix right now. bad services,you are a bad app why you. have watch error that on your show on my tablet why you do that fix right now. bad services,0,26,118,0,0,0,0.8076923076923077,0,1,-0.8658,1,0,1,0.0,0,1,0,1.0,0.0
ea51537d-afec-4294-acb6-44fa90c766c6,Netflix,Entertainment,Kunal,Unknown,5,2025-11-02 05:03:27,best OTT app,best ott app,0,3,12,0,0,1,1.0,0,1,0.6369,1,0,1,0.0,0,1,0,5.0,0.0
ac110727-f51a-454d-b5c9-e13afa001e6e,Netflix,Entertainment,Harshita,Unknown,5,2025-11-02 06:10:17,cool website,cool website,0,2,12,0,0,0,1.0,1,0,0.3182,1,0,1,0.0,0,1,0,5.0,0.0
e1ed91b9-f294-4583-8bcd-7152c9270958,Netflix,Entertainment,Sangram Killedar,Unknown,1,2025-11-02 06:31:07,720p quality is like mp3 quality,720p quality is like mp3 quality,0,6,32,0,0,0,0.8333333333333334,0,0,0.3612,1,0,1,0.0,0,1,0,1.0,0.0
16d783d4-50f7-4ac3-8d44-f1f7c211778d,Netflix,Entertainment,Raj J S,Unknown,1,2025-11-02 06:53:27,"Frequent not responding cases, very worst app.","frequent not responding cases, very worst app.",0,7,46,0,0,0,1.0,0,1,-0.659,1,0,1,0.0,0,1,0,1.0,0.0
078cb2e2-7d85-444b-8552-5932a3c89502,Netflix,Entertainment,Umamaheswara Rao,Unknown,5,2025-11-02 07:00:42,just started,just started,0,2,12,0,0,0,1.0,0,0,0.0,1,0,1,0.0,0,1,0,5.0,0.0
a0e4ad15-1d3a-448c-960d-841aa8b1072c,Netflix,Entertainment,Gideon Jacobs,Unknown,1,2025-11-02 07:36:24,Unable to access,unable to access,0,3,16,0,0,0,1.0,0,0,0.0,1,0,1,0.0,0,1,0,1.0,0.0
ab84cc51-784f-4e51-808c-98e3adacf512,Netflix,Entertainment,tasha Farisha faris,Unknown,5,2025-11-02 07:46:07,"Exceptional value for money, competitive pricing, worth the monthly fee, comprehensive entertainment bundle, the go-to default service.","exceptional value for money, competitive pricing, worth the monthly fee, comprehensive entertainment bundle, the go-to default service.",2,17,135,0,0,0,0.9411764705882353,0,0,0.8439,1,0,1,0.0,0,1,0,5.0,0.0
33f25516-894b-4e80-b9e5-c31ea9aae217,Netflix,Entertainment,Hitesh Chawda,Unknown,1,2025-11-02 07:47:16,You can't view the activity in your profile.,you can't view the activity in your profile.,0,8,44,0,0,0,1.0,0,0,0.0,1,0,1,0.0,0,1,0,1.0,0.0
eec5161e-823e-4fad-a397-023b88f7c3f2,Netflix,Entertainment,Amanda L.,Unknown,3,2025-11-02 08:05:11,Internal brightness setting wayyy to bright and its been years with no proper adjustment,internal brightness setting wayyy to bright and its been years with no proper adjustment,0,14,88,0,0,0,1.0,0,0,0.5106,1,0,1,0.0,0,1,0,3.0,0.0
cf9684b0-d9db-4658-84ce-7363da57baae,Netflix,Entertainment,Namitha PV,Unknown,1,2025-11-02 08:09:12,"This app is bad. i cant sign in the app email wrong, password wrong. But i typed is correct email and password Jio Hotstar is better than Netflix 👎👎👎👎","this app is bad. i cant sign in the app email wrong, password wrong. but i typed is correct email and password jio hotstar is better than netflix 👎👎👎👎",0,29,150,4,0,0,0.7931034482758621,0,1,-0.128,1,0,1,0.0,0,1,0,1.0,0.0
8217feb1-4e7e-4e33-81ec-60efb1563bc5,Netflix,Entertainment,Abhishek Chauhan,Unknown,1,2025-11-02 08:09:58,plss heir some good developers,plss heir some good developers,0,5,30,0,0,0,1.0,0,0,0.4404,1,0,1,0.0,0,1,0,1.0,0.0
74fdca17-f5fe-44c6-8f55-37b937c44859,Netflix,Entertainment,Kunal kori Kori,Unknown,5,2025-11-02 08:36:34,best apps,best apps,0,2,9,0,0,0,1.0,0,1,0.6369,1,0,1,0.0,0,1,0,5.0,0.0
118565de-c151-4d37-a55a-82b69de77d34,Netflix,Entertainment,Suchibhas Nanda,Unknown,4,2025-11-02 09:00:02,Experience is amazing but there's one thing I'd like to point out. When I watch anime it crops it out for the viewport to fit my phone's screen. Please add some option to choose between aspect ratio.,experience is amazing but there's one thing i'd like to point out. when i watch anime it crops it out for the viewport to fit my phone's screen. please add some option to choose between aspect ratio.,0,37,199,0,0,0,0.918918918918919,0,0,0.8968,1,0,1,0.0,0,1,0,4.0,0.0
a96a244b-66d1-4cf7-bc93-bfdd9760dc8a,Netflix,Entertainment,Zahid Ahmad,Unknown,1,2025-11-02 09:09:30,I don't like the fact that you slow down downloads. Absolutely abhorrent.,i don't like the fact that you slow down downloads. absolutely abhorrent.,0,12,73,0,0,0,1.0,1,0,-0.7582,1,0,1,0.0,0,1,0,1.0,0.0
bfcdaec7-ef3e-4087-a336-a669d941bd7f,Netflix,Entertainment,Magdy Mostafa,Unknown,1,2025-11-02 09:59:47,it's awful one,it's awful one,0,3,14,0,0,0,1.0,0,0,-0.4588,1,0,1,0.0,0,1,0,1.0,0.0
17d78f33-aa57-4ea1-a5df-185034d448ce,Netflix,Entertainment,Nur raudhah Nur raudhah,Unknown,5,2025-11-02 10:03:58,Amazing app for movies and series! Great recommendations and HD streaming,amazing app for movies and series! great recommendations and hd streaming,0,11,73,0,0,1,0.9090909090909091,0,1,0.8478,1,0,1,0.0,0,1,0,5.0,0.0
66fab281-2c35-4f69-8f18-4eba3cc63ecd,Netflix,Entertainment,Amit A.G,Unknown,1,2025-11-02 10:09:57,deleting as I can't log into multiple devices . I travel for my work and I have to access my email every time I have to watch something. it's annoying. prime or Disney is much better. unsubscribing Netflix .,deleting as i can't log into multiple devices . i travel for my work and i have to access my email every time i have to watch something. it's annoying. prime or disney is much better. unsubscribing netflix .,0,39,207,0,0,0,0.8205128205128205,0,0,0.0516,1,0,1,0.0,0,1,0,1.0,0.0
55de641e-aa37-4c14-b11f-6decb518110b,Netflix,Entertainment,Bobbie Mcconkey,Unknown,5,2025-11-02 11:02:40,I love the show love is blind and can only watch it on Netflix,i love the show love is blind and can only watch it on netflix,0,14,62,0,0,0,0.9285714285714286,0,0,0.7717,1,0,1,0.0,0,1,0,5.0,0.0
1abe57aa-4896-428f-931b-e01f9bfe7f96,Netflix,Entertainment,Shamaila Yousaf,Unknown,4,2025-11-02 11:37:37,amazing! works well but sometimes the screen just freezes although I didn't do anything?! I keep refreshing the site but it's not working. FIX THIS BUG!!,amazing! works well but sometimes the screen just freezes although i didn't do anything?! i keep refreshing the site but it's not working. fix this bug!!,0,26,153,0,0,3,0.8846153846153846,1,0,0.6083,1,0,1,0.0,0,1,0,4.0,0.0
6e8a8d5f-72f0-4cf4-982d-42718bb4d487,Netflix,Entertainment,Arika Es,Unknown,5,2025-11-02 11:56:30,I like to watch new movies here!😍,i like to watch new movies here!😍,0,7,33,1,0,0,1.0,0,0,0.6996,1,0,1,0.0,0,1,0,5.0,0.0
756b23aa-68ef-4d27-952a-4482f1377092,Netflix,Entertainment,Swage Constars,Unknown,5,2025-11-02 12:34:02,I love Netflix for real,i love netflix for real,0,5,23,0,0,0,1.0,0,0,0.6369,1,0,1,0.0,0,1,0,5.0,0.0
421135be-cb79-4965-8c60-156513a633e3,Netflix,Entertainment,Fiza Shukri,Unknown,5,2025-11-02 12:35:10,movie terbaik,movie terbaik,0,2,13,0,0,0,1.0,0,0,0.0,1,0,1,0.0,0,1,0,5.0,0.0
d3b545c2-44c2-4e85-b96c-61787ed2e2b9,Netflix,Entertainment,Marko Despotovic,Unknown,1,2025-11-02 13:08:32,ads and still have to pay to watch,ads and still have to pay to watch,0,8,34,0,0,0,0.875,0,0,-0.1027,1,0,1,0.0,0,1,0,1.0,0.0
4381111b-4af7-42f8-b1b8-1a360f954de8,Netflix,Entertainment,Opra Andola,Unknown,1,2025-11-02 13:12:55,can you add English subtitles to all shows? i downloaded it to watch Naruto but was left disappointed with the lack of English subtitles,can you add english subtitles to all shows? i downloaded it to watch naruto but was left disappointed with the lack of english subtitles,0,24,136,0,0,0,0.875,1,1,-0.7964,1,0,1,0.0,0,1,0,1.0,0.0
831ba1c3-115e-4a0e-9558-cb215d35be4c,Netflix,Entertainment,Kampala Uganda,Unknown,5,2025-11-02 13:13:20,Good movies,good movies,0,2,11,0,0,0,1.0,0,0,0.4404,1,0,1,0.0,0,1,0,5.0,0.0
43a8ca97-9c25-445d-ac12-bb7b4f77f292,Netflix,Entertainment,f ndolo,Unknown,5,2025-11-02 13:23:24,so gooddddddd,so gooddddddd,0,2,13,0,0,0,1.0,0,0,0.0,1,0,1,0.0,0,1,0,5.0,0.0
e7b2ab57-10b3-48ce-a93d-d8e84e17da0b,Netflix,Entertainment,Jonel Baldemor,Unknown,3,2025-11-02 13:42:22,can't access on movies my due date is NOV 5 i can't use it since 1 week already,can't access on movies my due date is nov 5 i can't use it since 1 week already,0,18,79,0,0,1,0.9444444444444444,0,0,0.0,1,0,1,0.0,0,1,0,3.0,0.0
5f8c6feb-fabc-4a63-a2e1-ad3f958a58a5,Netflix,Entertainment,George Moyo,Unknown,5,2025-11-02 14:02:29,I'm happy to Us this app,i'm happy to us this app,0,6,24,0,0,0,1.0,0,1,0.5719,1,0,1,0.0,0,1,0,5.0,0.0
f3310b22-ada9-437d-a093-e0cab0dad4b0,Netflix,Entertainment,Chandrakanta BAL,Unknown,5,2025-11-02 14:05:11,just wow app,just wow app,0,3,12,0,0,0,1.0,0,1,0.5859,1,0,1,0.0,0,1,0,5.0,0.0
3389bd61-5581-42e8-8647-eafa8453adfd,Netflix,Entertainment,Aliff Sabri,Unknown,1,2025-11-02 14:18:19,Really greedy. Back to pirate maybe. Ahoyyy,really greedy. back to pirate maybe. ahoyyy,0,7,43,0,0,0,1.0,0,0,-0.3804,1,0,1,0.0,0,1,0,1.0,0.0
9aad03d7-da46-41b0-98a9-094fb7395a87,Netflix,Entertainment,Baiba Leitane,Unknown,2,2025-11-02 14:18:55,"keep getting error 5.10 and rarely does any video actually play. this is despite the fact that cache has been cleaned, app updated and phone restarted.","keep getting error 5.10 and rarely does any video actually play. this is despite the fact that cache has been cleaned, app updated and phone restarted.",0,26,151,0,0,0,0.9615384615384616,0,1,-0.0772,1,0,1,0.0,0,1,0,2.0,0.0
4b1a8239-0237-43a1-aee3-daaa481cf520,Netflix,Entertainment,Korleon Palmer (KPyall),Unknown,2,2025-11-02 14:19:56,"The app used to work fine on my phone, but now, it just opens to a black screen. Waited a few minutes, and still nothing. I like Netflix, but this sucks.","the app used to work fine on my phone, but now, it just opens to a black screen. waited a few minutes, and still nothing. i like netflix, but this sucks.",1,31,153,0,0,0,0.9032258064516129,0,1,-0.7251,1,0,1,0.0,0,1,0,2.0,0.0
e01ebda7-9f5e-48d8-9b3c-96a3e0048971,Netflix,Entertainment,Abhijith NH,Unknown,1,2025-11-02 14:23:41,worst experience,worst experience,0,2,16,0,0,0,1.0,0,0,-0.6249,1,0,1,0.0,0,1,0,1.0,0.0
1f260523-6f81-40b7-a53c-a2090943b4fd,Netflix,Entertainment,Raja Moiz,Unknown,5,2025-11-02 14:30:40,Good to watch!!✨♥️,good to watch!!✨♥️,0,3,18,0,0,0,1.0,0,0,0.8745,1,0,1,0.0,0,1,0,5.0,0.0
2053d704-2049-4bae-abcf-225014f983b4,Netflix,Entertainment,Shaun Greenbank,Unknown,5,2025-11-02 14:38:04,quality,quality,0,1,7,0,0,0,1.0,0,0,0.0,1,0,1,0.0,0,1,0,5.0,0.0
57b48aa0-9159-44b8-9a11-3f2354201607,Netflix,Entertainment,nagendra kodi,Unknown,1,2025-11-02 14:45:55,only one payment option autopay worst option,only one payment option autopay worst option,0,7,44,0,0,0,0.8571428571428571,0,0,-0.6249,1,0,1,0.0,0,1,0,1.0,0.0
dac03053-1135-4532-9c55-739bb63f1a9c,Netflix,Entertainment,Poonam Sharma,Unknown,1,2025-11-02 15:04:45,So bad,so bad,0,2,6,0,0,0,1.0,0,0,-0.5849,1,0,1,0.0,0,1,0,1.0,0.0
54575bcf-6c96-4c92-985f-daaf8c3e13d5,Netflix,Entertainment,Lailah Weaver,Unknown,1,2025-11-02 15:21:20,Don't remove reba from your show its the only show that make Netflix good,don't remove reba from your show its the only show that make netflix good,0,14,73,0,0,0,0.9285714285714286,0,0,0.4404,1,0,1,0.0,0,1,0,1.0,0.0
3129c474-539d-447c-9c90-cd2b7da2eced,Netflix,Entertainment,Tahreem Zahid,Unknown,1,2025-11-02 15:22:52,"videos no longer playing, keep loading","videos no longer playing, keep loading",0,6,38,0,0,0,1.0,0,0,-0.4199,1,0,1,0.0,0,1,0,1.0,0.0
1cbd9e78-3b3e-48d5-bf33-9c85a486be8f,Netflix,Entertainment,Mike Skulsky,Unknown,1,2025-11-02 15:22:52,can't download things on Pixel tablet because it can't detect internal storage and gives me an sd card error (I don't use an SD card). Support didn't even try to help. Awful customer service,can't download things on pixel tablet because it can't detect internal storage and gives me an sd card error (i don't use an sd card). support didn't even try to help. awful customer service,2,34,190,0,0,2,0.9117647058823529,1,0,-0.0772,1,0,1,0.0,0,1,0,1.0,0.0
4d3e39f0-18bc-4b4b-aecd-8847d1e4338c,Netflix,Entertainment,Rick soundgod,Unknown,1,2025-11-02 15:25:28,cant update,cant update,0,2,11,0,0,0,1.0,0,0,0.0,1,0,1,0.0,0,1,0,1.0,0.0
0c2cf898-ac0c-4128-8e30-e2e02f08ed86,Netflix,Entertainment,Lara Al-Ashkar,Unknown,1,2025-11-02 15:28:12,مقاطعة,مقاطعة,0,1,6,0,0,0,1.0,0,0,0.0,1,0,1,0.0,0,1,0,1.0,0.0
fb18a0ce-23fb-4334-80c4-43bb1fa5b06a,Netflix,Entertainment,Subhankar Dalai,Unknown,4,2025-11-02 16:13:42,Good also 😊 I love it every movie was outstanding,good also 😊 i love it every movie was outstanding,0,10,49,1,0,0,1.0,0,0,0.9524,1,0,1,0.0,0,1,0,4.0,0.0
093eb26e-856b-426b-9830-ef9973b55003,Netflix,Entertainment,Deepak Gupta,Unknown,1,2025-11-02 16:36:40,it is not allowing us to browse videos,it is not allowing us to browse videos,0,8,38,0,0,0,1.0,0,0,0.0,1,0,1,0.0,0,1,0,1.0,0.0
e251dfcc-b356-4fda-889e-026a24c09aa1,Netflix,Entertainment,SAILAJA RANGINEEDI,Unknown,1,2025-11-02 17:22:27,movies not opening,movies not opening,0,3,18,0,0,0,1.0,0,0,0.0,1,0,1,0.0,0,1,0,1.0,0.0
2cb8deeb-e859-499b-ae19-9965c9d40a70,Netflix,Entertainment,Kumar,Unknown,1,2025-11-02 17:27:04,worst app,worst app,0,2,9,0,0,0,1.0,0,1,-0.6249,1,0,1,0.0,0,1,0,1.0,0.0
c01b9d5f-23eb-47cb-80c7-bbd56b0a6b5d,Netflix,Entertainment,idiris ـُّٓ,Unknown,5,2025-11-02 17:29:35,good icl,good icl,0,2,8,0,0,0,1.0,0,0,0.4404,1,0,1,0.0,0,1,0,5.0,0.0
851478b1-c820-4b91-ab05-cf5af61fbdd2,Netflix,Entertainment,Joseph Lartey,Unknown,2,2025-11-02 17:50:27,Videos are not playing. have been loading indefinitely,videos are not playing. have been loading indefinitely,0,8,54,0,0,0,1.0,0,0,-0.1511,1,0,1,0.0,0,1,0,2.0,0.0
5596090e-c9ba-4fb4-84d3-8bd7a95ca10d,Netflix,Entertainment,Arghya Chakraborty,Unknown,5,2025-11-02 17:51:14,wonderful app....my binge friend....helps me always..,wonderful app....my binge friend....helps me always..,0,6,53,0,0,0,1.0,0,1,0.5719,1,0,1,0.0,0,1,0,5.0,0.0
fd574435-cb3a-4b0f-9f75-894194ac2baa,Netflix,Entertainment,Yolandi Van Wyk,Unknown,5,2025-11-02 18:01:56,fast and reliable,fast and reliable,0,3,17,0,0,0,1.0,0,0,0.0,1,0,1,0.0,0,1,0,5.0,0.0
ce6c9a2d-a128-4968-8cda-f71b6723c636,Netflix,Entertainment,Amechi Promise,Unknown,2,2025-11-02 18:06:44,add more interactive stories game to d app,add more interactive stories game to d app,0,8,42,0,0,0,1.0,0,1,0.0,1,0,1,0.0,0,1,0,2.0,0.0
b534f88b-00d2-4ec7-8f41-58cdbe6ce750,Netflix,Entertainment,HAMID SHAIKH,Unknown,5,2025-11-02 18:09:35,impressive,impressive,0,1,10,0,0,0,1.0,0,0,0.5106,1,0,1,0.0,0,1,0,5.0,0.0
184f4a4f-0628-4ac5-8672-629098887c13,Netflix,Entertainment,Kayleigh Mulder,Unknown,1,2025-11-02 19:28:50,"Usless now that they force you to still log in onto the Chromecast app, instead of just being able to cast from your phone, even if you're a paying customer.","usless now that they force you to still log in onto the chromecast app, instead of just being able to cast from your phone, even if you're a paying customer.",0,30,157,0,0,0,0.9666666666666667,0,1,0.0,1,0,1,0.0,0,1,0,1.0,0.0
8856160f-28ca-4f32-8b96-faeeaad09fe4,Netflix,Entertainment,Taszhmar Waker,Unknown,5,2025-11-02 19:48:10,i dont know but its just excellent,i dont know but its just excellent,0,7,34,0,0,0,1.0,0,0,0.7227,1,0,1,0.0,0,1,0,5.0,0.0
e86b8d2d-19eb-4798-b94f-c0c4687463a6,Netflix,Entertainment,Clive F,Unknown,3,2025-11-02 20:59:04,The app needs work. Downloaded quality and streamed on phone isn't great.,the app needs work. downloaded quality and streamed on phone isn't great.,0,12,73,0,0,0,1.0,1,1,-0.5096,1,0,1,0.0,0,1,0,3.0,0.0
15938d0b-6015-462d-be6e-d53fc64fdeb1,Netflix,Entertainment,Stephen Tye,Unknown,1,2025-11-02 21:08:37,wanted to watch ONE show on my phone and I'm forced to install an app to do it because apparently the website won't work on a phone Now Ill have to uninstall another useless app I'll never use again!,wanted to watch one show on my phone and i'm forced to install an app to do it because apparently the website won't work on a phone now ill have to uninstall another useless app i'll never use again!,0,39,199,0,0,1,0.8461538461538461,1,1,-0.8356,1,0,1,0.0,0,1,0,1.0,0.0
9ca9f0e7-8cbc-4331-9287-af0aab3024bd,Netflix,Entertainment,Laciesreality Show,Unknown,1,2025-11-02 21:10:47,horrible they only let one person use it on one wifi,horrible they only let one person use it on one wifi,0,11,52,0,0,0,0.9090909090909091,0,0,-0.5423,1,0,1,0.0,0,1,0,1.0,0.0
8581ee12-accf-4b57-bf4e-daa4f5102ef5,Netflix,Entertainment,Peter Oladejo,Unknown,5,2025-11-02 22:21:22,I love this app it a very good platform for movies,i love this app it a very good platform for movies,0,11,50,0,0,0,1.0,0,1,0.8122,1,0,1,0.0,0,1,0,5.0,0.0
9e749d7e-d729-4cec-9a72-da592f2370de,Netflix,Entertainment,Graicen Hall,Unknown,1,2025-11-02 22:28:46,"they blocked me from accessing my account on the only device I was logged in on. they took my money and provided no service, this is theft","they blocked me from accessing my account on the only device i was logged in on. they took my money and provided no service, this is theft",0,27,138,0,0,0,0.9259259259259259,0,0,-0.5106,1,0,1,0.0,0,1,0,1.0,0.0
d17b4c23-93f1-426b-b858-9d28ef2a0cef,Netflix,Entertainment,Keisha Kornegay,Unknown,5,2025-11-02 23:05:37,all good,all good,0,2,8,0,0,0,1.0,0,0,0.4404,1,0,1,0.0,0,1,0,5.0,0.0
dcebfd15-b9fc-4975-8941-84441a17a226,Netflix,Entertainment,Masetshaba Mapitse Motshekga,Unknown,1,2025-11-02 23:19:01,"why can't I see everything on my netflix, even now there is a new show in South Africa called bad influence and I can't see it when I search for it? what's wrong with my Netflix?","why can't i see everything on my netflix, even now there is a new show in south africa called bad influence and i can't see it when i search for it? what's wrong with my netflix?",0,36,178,0,0,0,0.8611111111111112,0,0,-0.7882,1,0,1,0.0,0,1,0,1.0,0.0
fd746f75-98d5-4fa8-af28-8acf8a8731fa,Netflix,Entertainment,Betty Scranton,Unknown,5,2025-11-02 23:19:17,Netflix is the best really like it alot thanks for all the great shows.,netflix is the best really like it alot thanks for all the great shows.,0,14,71,0,0,0,0.9285714285714286,0,0,0.9324,1,0,1,0.0,0,1,0,5.0,0.0
288b42ff-fa4b-47ef-bd65-3d8d4a0eeb01,Netflix,Entertainment,Emilia Hart,Unknown,1,2025-11-02 23:45:35,not interested,not interested,0,2,14,0,0,0,1.0,0,0,-0.3089,1,0,1,0.0,0,1,0,1.0,0.0
42e2bd28-a099-49ae-bf56-0c29ae808336,Netflix,Entertainment,Amayiah Harris,Unknown,5,2025-11-02 23:46:13,good the best app I have used to watch a movie,good the best app i have used to watch a movie,0,11,46,0,0,0,1.0,0,1,0.7964,1,0,1,0.0,0,1,0,5.0,0.0
aecd4481-2127-4733-ae10-75caab9fa660,Netflix,Entertainment,DUSHIME David,Unknown,1,2025-11-02 23:47:50,it's lowest brightness level is too high for me.,it's lowest brightness level is too high for me.,0,9,48,0,0,0,1.0,0,0,0.0,1,0,1,0.0,0,1,0,1.0,0.0
b77cc122-be06-4b62-95b6-a6961ee25470,Netflix,Entertainment,John Flanders,Unknown,1,2025-11-02 23:52:06,shifty the app logs me out then when I sign in it comes up with Spanish and I have a profile lock that requires a pin number that I never assigned to it,shifty the app logs me out then when i sign in it comes up with spanish and i have a profile lock that requires a pin number that i never assigned to it,0,33,152,0,0,0,0.8484848484848485,0,1,0.0772,1,0,1,0.0,0,1,0,1.0,0.0
6be5fbd7-17e7-4356-8986-f2d89468353f,Netflix,Entertainment,Jake Hendel,Unknown,2,2025-11-03 03:30:07,"Let people use an account within the same family! You will lose subscribers like myself, not gain an additional, if you continue to enforce this awful junk.","let people use an account within the same family! you will lose subscribers like myself, not gain an additional, if you continue to enforce this awful junk.",0,27,156,0,0,0,0.9259259259259259,0,0,-0.7762,1,0,1,0.0,0,1,0,2.0,0.0
ace36080-7f50-4da5-8b50-5d46f7b0aeac,Netflix,Entertainment,Malefu Cindi,Unknown,3,2025-11-03 03:56:30,can't share movies,can't share movies,0,3,18,0,0,0,1.0,0,0,-0.2235,1,0,1,0.0,0,1,0,3.0,0.0
ef0fdb24-6247-410d-8193-5087acdf9907,Netflix,Entertainment,Renae,Unknown,4,2025-11-03 07:00:56,it's the best moviebut they just need to add my favorite movie back the haunted house so I can give it a four star 😁,it's the best moviebut they just need to add my favorite movie back the haunted house so i can give it a four star 😁,0,25,116,1,0,0,0.96,0,0,0.7964,1,0,1,0.0,0,1,0,4.0,0.0
0c748c73-9743-4d20-9388-8756264912c2,Netflix,Entertainment,MR GOOD,Unknown,5,2025-11-03 08:44:51,Some movies no have tamil audio..plz updates..,some movies no have tamil audio..plz updates..,0,7,46,0,0,0,1.0,0,0,-0.296,1,0,1,0.0,0,1,0,5.0,0.0
7f1e4286-368c-42ff-97a9-c767c5df6a88,Netflix,Entertainment,Swarali Hajgude,Unknown,5,2025-11-03 08:55:44,omggg best ott platform everr!!!,omggg best ott platform everr!!!,0,5,32,0,0,0,1.0,0,0,0.7249,1,0,1,0.0,0,1,0,5.0,0.0
7f80d34d-1348-484a-a046-3eba7036cf93,Netflix,Entertainment,V S,Unknown,5,2025-11-03 10:48:30,"The only platform which has kept the dignity of its digiality by remaining add- free and not turning it into a t. v . . If we'd wanted to see ads in between , nobody would've switched to smart tv's.","the only platform which has kept the dignity of its digiality by remaining add- free and not turning it into a t. v . . if we'd wanted to see ads in between , nobody would've switched to smart tv's.",0,40,198,0,0,0,0.925,1,0,0.8271,1,0,1,0.0,0,1,0,5.0,0.0
891a6430-e203-4680-bc71-01d203d02f7f,Netflix,Entertainment,محمد ظاهرری,Unknown,5,2025-11-03 11:22:32,پیشنهاد میکنم درستش کنید وصل نمیشه,پیشنهاد میکنم درستش کنید وصل نمیشه,0,6,34,0,0,0,1.0,0,0,0.0,1,0,1,0.0,0,1,0,5.0,0.0
08e05c7b-43cd-43c8-8df5-26974ca330c8,Netflix,Entertainment,Ranjana Uddin,Unknown,5,2025-11-03 11:25:48,I am happy with this app,i am happy with this app,0,6,24,0,0,0,1.0,0,1,0.5719,1,0,1,0.0,0,1,0,5.0,0.0
e50475ed-36ba-4ba9-9581-456b67f5cd71,Netflix,Entertainment,Piyush Budhwani,Unknown,5,2025-11-03 11:38:22,Great App,great app,0,2,9,0,0,0,1.0,0,1,0.6249,1,0,1,0.0,0,3,0,5.0,0.0
43b1bb69-97de-440b-8a87-a7eaec6f215a,Netflix,Entertainment,deepak shah,Unknown,3,2025-11-03 13:11:03,not able to make payment as ac is on hold,not able to make payment as ac is on hold,0,10,41,0,0,0,1.0,0,0,0.0,1,0,1,0.0,0,1,0,3.0,0.0
e56f9f55-0064-4857-afa6-2819521e39a6,Netflix,Entertainment,Raymond Ngwuzo,Unknown,5,2025-11-03 13:13:12,one of my best movie app,one of my best movie app,0,6,24,0,0,0,1.0,0,1,0.6369,1,0,1,0.0,0,1,0,5.0,0.0
33e99bc7-d6b9-4ba8-a84c-e290c516cfb9,Netflix,Entertainment,Dhruv Kharwa,Unknown,5,2025-11-03 13:28:07,Goat Boss 🤣💪🏼,goat boss 🤣💪🏼,0,3,13,3,0,0,1.0,0,0,0.4939,1,0,1,0.0,0,1,0,5.0,0.0
57c91281-0a1c-4a5d-a3a0-d6bc52cdcd86,Netflix,Entertainment,Veerendra kol,Unknown,1,2025-11-03 13:45:14,I am unable to stream any movies or series and it continously show payment is pending even after i paid 199 to it . its a big problem im very dissapointed,i am unable to stream any movies or series and it continously show payment is pending even after i paid 199 to it . its a big problem im very dissapointed,0,31,154,0,0,0,0.9032258064516129,0,0,-0.4019,1,0,1,0.0,0,1,0,1.0,0.0
d4a95bf6-d8f2-4197-b3bd-02c84b744a28,Netflix,Entertainment,Jamie Gomez,Unknown,4,2025-11-03 13:45:33,sᴏᴏᴏ ᴄᴏᴏʟ ʙᴜᴛ ᴊᴜsᴛ ᴡᴀɴᴛ ᴍᴏʀᴇ,sᴏᴏᴏ ᴄᴏᴏʟ ʙᴜᴛ ᴊᴜsᴛ ᴡᴀɴᴛ ᴍᴏʀᴇ,0,6,28,0,0,0,1.0,0,0,0.0,1,0,1,0.0,0,1,0,4.0,0.0
d18c883c-d3cb-4973-95a0-8bb473f61d7d,Netflix,Entertainment,Precious Ambrose,Unknown,5,2025-11-03 13:49:37,Is nice,is nice,0,2,7,0,0,0,1.0,0,0,0.4215,1,0,1,0.0,0,1,0,5.0,0.0
beab74c0-a620-4782-92e3-96b7e98a05e9,Netflix,Entertainment,Blessings Ruth,Unknown,2,2025-11-03 14:06:47,"am very disappointed with you guys I have been member here through my fiancé he pays it because of me,but yesterday, today I try to enter my profile it denies me chance why??","am very disappointed with you guys i have been member here through my fiancé he pays it because of me,but yesterday, today i try to enter my profile it denies me chance why??",0,33,174,0,0,0,0.9090909090909091,0,1,-0.676,1,0,1,0.0,0,1,0,2.0,0.0
14c01ad5-0fe5-4cc5-b624-5d0322f4547f,Netflix,Entertainment,Libakos Love,Unknown,5,2025-11-03 14:12:50,My experience has always been pleasant with this App,my experience has always been pleasant with this app,0,9,52,0,0,0,1.0,0,1,0.5106,1,0,1,0.0,0,1,0,5.0,0.0
8f4ee4a0-a219-4148-9977-b3ac52cac778,Netflix,Entertainment,ABU SAIF ABDULLAH,Unknown,5,2025-11-03 15:00:35,Good App,good app,0,2,8,0,0,0,1.0,0,1,0.4404,1,0,1,0.0,0,4,0,5.0,0.0
e076bada-8b8e-4272-bf8f-76f4938de89f,Netflix,Entertainment,Riteesh M,Unknown,1,2025-11-03 15:04:21,New colour coded subtitles are the worst can't even disable it.,new colour coded subtitles are the worst can't even disable it.,0,11,63,0,0,0,1.0,0,0,-0.6249,1,0,1,0.0,0,1,0,1.0,0.0
6d7a182e-993b-4959-ae77-a2a9163b8d5b,Netflix,Entertainment,Rintu Barui,Unknown,1,2025-11-03 15:13:17,all r old movies,all r old movies,0,4,16,0,0,0,1.0,0,0,0.0,1,0,1,0.0,0,1,0,1.0,0.0
98954b83-16b5-4135-8782-50d0e792a512,Netflix,Entertainment,Saam David,Unknown,5,2025-11-03 15:26:01,"Very Good Excellent app and Netflix is the No.1 Streaming app and large and largest collection of blockbuster web series,flims,games etc And affordable for mobile and tab users so good experience and the best App... Especially their orginals...","very good excellent app and netflix is the no.1 streaming app and large and largest collection of blockbuster web series,flims,games etc and affordable for mobile and tab users so good experience and the best app... especially their orginals...",0,38,244,0,0,0,0.7894736842105263,0,1,0.9639,1,0,1,0.0,0,1,0,5.0,0.0
57e631b4-3331-4a17-8492-59e960cea29e,Netflix,Entertainment,tanaya patil,Unknown,1,2025-11-03 15:26:16,"I am unable to watch anything, the loading screen keeps on playing in a loop. I tried updating the app, reinstalling the app. I even signed out & then signed in again. Nothing seems to work","i am unable to watch anything, the loading screen keeps on playing in a loop. i tried updating the app, reinstalling the app. i even signed out & then signed in again. nothing seems to work",0,36,189,0,0,0,0.8055555555555556,1,1,0.2023,1,0,1,0.0,0,1,0,1.0,0.0
40e6de29-0c91-47ca-94dc-de9e822cb205,Netflix,Entertainment,ZAMRUD HUSAIN,Unknown,1,2025-11-03 15:40:09,I can't play anything even downloaded one also... really sucks...,i can't play anything even downloaded one also... really sucks...,0,10,65,0,0,0,1.0,1,0,-0.5898,1,0,1,0.0,0,1,0,1.0,0.0
287662d4-6e09-43ca-a7b6-465e7d3310f5,Netflix,Entertainment,Emma Njoroge,Unknown,5,2025-11-03 15:42:05,I Like it,i like it,0,3,9,0,0,0,1.0,0,0,0.3612,1,0,1,0.0,0,2,0,5.0,0.0
2bc66b01-4a5a-44a3-b725-0ab5327c8c6b,Netflix,Entertainment,Shuhul Kaul,Unknown,1,2025-11-03 15:44:41,"phone brightness is always maximum on my Pixel. I watch at night and playing videos blinds me. this has been a problem for the longest time, please fix","phone brightness is always maximum on my pixel. i watch at night and playing videos blinds me. this has been a problem for the longest time, please fix",0,28,151,0,0,0,1.0,0,0,0.4588,1,0,1,0.0,0,1,0,1.0,0.0
a87194e6-1aa5-4a6f-b4d4-8d6859db3f41,Netflix,Entertainment,Catalin Bindiu,Unknown,1,2025-11-03 15:50:44,Everything wrong.,everything wrong.,0,2,17,0,0,0,1.0,0,0,-0.4767,1,0,1,0.0,0,1,0,1.0,0.0
473b1639-3ac5-443c-bd3f-36953da51918,Netflix,Entertainment,MS SARFRAZ (SAFI),Unknown,2,2025-11-03 15:57:01,i like it but some famous shows and movies aren't in dub in Hindi.This is very bad thing.Please Netflix fix this problem,i like it but some famous shows and movies aren't in dub in hindi.this is very bad thing.please netflix fix this problem,0,22,120,0,0,0,0.9545454545454546,0,0,-0.8634,1,0,1,0.0,0,1,0,2.0,0.0
c39e66d0-38fa-4447-80f5-8f1030e6266f,Netflix,Entertainment,Ashok Purohit,Unknown,2,2025-11-03 16:05:57,"Many web series and movies are not available in Hindi, so my Netflix subscription is going to be useless right now.","many web series and movies are not available in hindi, so my netflix subscription is going to be useless right now.",0,21,115,0,0,0,1.0,0,0,-0.4215,1,0,1,0.0,0,1,0,2.0,0.0
8266329b-f2b1-4aae-afe1-d0a1a4f24481,Netflix,Entertainment,Netflix 7865,Unknown,1,2025-11-03 16:12:14,bakvas app he login krr ne me kitni problem hoti he app hi bakvas he,bakvas app he login krr ne me kitni problem hoti he app hi bakvas he,1,15,68,0,0,0,0.7333333333333333,0,1,-0.4019,1,0,1,0.0,0,1,0,1.0,0.0
add3a4ac-5aeb-4d32-ad82-5777b08d4e0e,Netflix,Entertainment,Melody Steelman-Spruell,Unknown,3,2025-11-03 16:18:22,"I like all the movies and stuff.But you took off black phone, you took off core line, and you took off every other the good movies like, why would you do that?That's why i'm giving you three stars","i like all the movies and stuff.but you took off black phone, you took off core line, and you took off every other the good movies like, why would you do that?that's why i'm giving you three stars",0,38,196,0,0,0,0.6842105263157895,0,0,0.8519,1,0,1,0.0,0,1,0,3.0,0.0
54a9a4bd-e4ba-4a9a-b472-4ab6d000df84,Netflix,Entertainment,Faith McArthur,Unknown,1,2025-11-03 17:14:59,"I've had a profile on my family's account for years, I can't believe that I can't watch Netflix if I'm not at my parents house","i've had a profile on my family's account for years, i can't believe that i can't watch netflix if i'm not at my parents house",2,25,126,0,0,0,0.88,0,0,0.0,1,0,1,0.0,0,1,0,1.0,0.0
976a3b2e-5612-4502-996a-99eb4cb6b065,Netflix,Entertainment,Alicia Skelton,Unknown,1,2025-11-03 17:20:44,The app wont load it has this error message that keeps comin up i tried everything any nothing works.Please i need help i dont wanna cancel my subscription.,the app wont load it has this error message that keeps comin up i tried everything any nothing works.please i need help i dont wanna cancel my subscription.,0,28,156,0,0,0,0.9285714285714286,0,1,0.0811,1,0,1,0.0,0,1,0,1.0,0.0
86afc92f-d939-410a-bbab-93fea805cfe5,Netflix,Entertainment,Gerard Palma,Unknown,1,2025-11-03 17:22:35,accuses me of using a VPN every time I connect to wifi,accuses me of using a vpn every time i connect to wifi,1,12,54,0,0,1,1.0,0,0,-0.34,1,0,1,0.0,0,1,0,1.0,0.0
b8d0490a-ebe4-4aa3-b219-87a93f1636bb,Netflix,Entertainment,Mikayla Wangui,Unknown,5,2025-11-03 17:27:36,now I can watch all my favourite things on Netflix,now i can watch all my favourite things on netflix,0,10,50,0,0,0,1.0,0,0,0.0,1,0,1,0.0,0,1,0,5.0,0.0
7b2ffeb9-9450-42bc-bac9-596fc7bff556,Netflix,Entertainment,Vamshi Nani,Unknown,5,2025-11-03 17:32:26,LOVE IT ❤️,love it ❤️,0,3,10,0,0,2,1.0,0,0,0.6369,1,0,1,0.0,0,1,0,5.0,0.0
ca447794-6b20-4199-901d-80357834a96d,Netflix,Entertainment,Steve Karis,Unknown,1,2025-11-03 18:15:02,tried logging in and it wouldn't let me I'm a very disappointed customer,tried logging in and it wouldn't let me i'm a very disappointed customer,0,13,72,0,0,0,1.0,0,1,-0.5256,1,0,1,0.0,0,1,0,1.0,0.0
e02c9824-9e51-4248-b7a3-add9ad110f0c,Netflix,Entertainment,Sourabh Sharma,Unknown,1,2025-11-03 18:27:21,very bad app whenever we search something not showing proper movie name it just a trash app,very bad app whenever we search something not showing proper movie name it just a trash app,0,17,91,0,0,0,0.9411764705882353,0,1,-0.5849,1,0,1,0.0,0,1,0,1.0,0.0
3b2a118e-9344-4683-9134-c984d7cfb2a6,Netflix,Entertainment,saurabh madhav,Unknown,1,2025-11-03 18:30:04,delete my subscribe bcz true fan of henry u just nonsense CEO,delete my subscribe bcz true fan of henry u just nonsense ceo,0,12,61,0,0,1,1.0,0,0,0.34,1,0,1,0.0,0,1,0,1.0,0.0
bdbba1a9-0d89-439a-b54d-c6bb43924d25,Netflix,Entertainment,Pegmirkakum Pegmirkakum,Unknown,5,2025-11-03 18:54:35,please help me with this kind of problem fix Netflix can't open,please help me with this kind of problem fix netflix can't open,0,12,63,0,0,0,1.0,0,0,0.2516,1,0,1,0.0,0,1,0,5.0,0.0
39eebd4b-a29c-43f3-9057-d89ef0e75311,Netflix,Entertainment,Ponury Ponton,Unknown,2,2025-11-03 19:02:44,"Horrible to cast on my Chromecast Ultra, Doesn't matter which phone I use it just won't connect. I need to kill the app and turn it back on and repeat sometimes few times before able to cast.","horrible to cast on my chromecast ultra, doesn't matter which phone i use it just won't connect. i need to kill the app and turn it back on and repeat sometimes few times before able to cast.",0,37,191,0,0,0,0.8378378378378378,0,1,-0.8509,1,0,1,0.0,0,1,0,2.0,0.0
ab71c8cb-9383-4817-9aa0-0050f9e57e5b,Netflix,Entertainment,Marian Rapu,Unknown,5,2025-11-03 19:44:57,amazing 😍🤩 so many good shows on but please 🥺 put all of the demon Slayer seasons and episodes,amazing 😍🤩 so many good shows on but please 🥺 put all of the demon slayer seasons and episodes,0,19,94,3,0,0,1.0,0,0,0.8146,1,0,1,0.0,0,1,0,5.0,0.0
ac984872-20a3-414a-bee6-89afae2ea4c8,Netflix,Entertainment,Alfi Selalu benar,Unknown,2,2025-11-03 19:53:08,"i hate ths app sorry, i cannot play movie in my phone. always freeze, and loading everytime.","i hate ths app sorry, i cannot play movie in my phone. always freeze, and loading everytime.",0,17,92,0,0,0,0.9411764705882353,1,1,-0.7037,1,0,1,0.0,0,1,0,2.0,0.0
d02b4c21-dc5e-42cc-83ca-9995af60ea8f,Netflix,Entertainment,Dorina Mbedzi,Unknown,1,2025-11-03 20:33:52,My app freezes/gets stuck loading movies constantly. Even if I restart my phone.,my app freezes/gets stuck loading movies constantly. even if i restart my phone.,0,13,80,0,0,0,0.9230769230769231,1,1,-0.25,1,0,1,0.0,0,1,0,1.0,0.0
f669c78f-e344-45a7-8063-0020f34f3df5,Netflix,Entertainment,sagar rajak,Unknown,1,2025-11-03 20:34:11,too costly,too costly,0,2,10,0,0,0,1.0,0,0,-0.1027,1,0,1,0.0,0,1,0,1.0,0.0
142e7a13-08d0-404c-9a8a-8ba02bedb9e1,Netflix,Entertainment,Tshinavhe Void,Unknown,5,2025-11-03 20:52:46,u need to add other shows from other countries to South Africa Netflix it's like we aren't watching 🙄..but am happy with the app,u need to add other shows from other countries to south africa netflix it's like we aren't watching 🙄..but am happy with the app,0,24,128,1,0,0,0.9166666666666666,0,1,0.7351,1,0,1,0.0,0,1,0,5.0,0.0
1affd8a7-9924-4583-bc78-dc8c240a298c,Netflix,Entertainment,Edris Ghafoori,Unknown,1,2025-11-03 21:56:16,"I suggest Netflix introduce a free ad-supported plan. This would allow users who can’t pay for a subscription to access the platform by watching ads, while still generating income for the company.","i suggest netflix introduce a free ad-supported plan. this would allow users who can’t pay for a subscription to access the platform by watching ads, while still generating income for the company.",0,32,196,0,0,0,0.90625,1,0,0.5859,1,0,1,0.0,0,1,1,1.0,0.0
df88ec94-b8c1-4e81-adb8-1d79311eff51,Netflix,Entertainment,abdullahi nazifi,Unknown,5,2025-11-03 22:29:29,I like this app and I like this,i like this app and i like this,0,8,31,0,0,0,0.625,0,1,0.6124,1,0,1,0.0,0,1,0,5.0,0.0
0934ae8e-6091-4802-a5e0-42e04c0aacd6,Netflix,Entertainment,Sajida Parveen,Unknown,5,2025-11-03 22:34:18,A great experience from start till end. There are a variety of different movies and series to watch. i especially love the Harry Potter franchise. Everyone should give Netflix a go. bye,a great experience from start till end. there are a variety of different movies and series to watch. i especially love the harry potter franchise. everyone should give netflix a go. bye,0,32,185,0,0,0,0.9375,0,0,0.8622,1,0,1,0.0,0,1,0,5.0,0.0
e2885066-8663-4887-a2b2-fb7d99730985,Netflix,Entertainment,Nikki Barnes,Unknown,2,2025-11-03 22:36:48,horrible it's not working on my tablet I have uninstalled and reinstalled it still nothing,horrible it's not working on my tablet i have uninstalled and reinstalled it still nothing,0,15,90,0,0,0,1.0,1,0,-0.5423,1,0,1,0.0,0,1,0,2.0,0.0
079f3c0f-1c6d-4b5d-92b0-92a00d180a59,Netflix,Entertainment,Dawn Garner,Unknown,5,2025-11-03 22:47:00,I love this app,i love this app,0,4,15,0,0,0,1.0,0,1,0.6369,1,0,1,0.0,0,2,0,5.0,0.0
036f18d6-28cd-4e59-90d1-0743d702ffa9,Netflix,Entertainment,Tshingu Patrick,Unknown,5,2025-11-03 23:52:31,très magnifique,très magnifique,0,2,15,0,0,0,1.0,0,0,0.0,1,0,1,0.0,0,1,0,5.0,0.0
0082f420-2141-4251-8543-ae52f1202c65,Netflix,Entertainment,TheOtherMikeJones LIVEWIRE,Unknown,1,2025-11-04 00:45:25,I have 2 homes and can't log in when I'm at the other. Netflix definitely did downgrade,i have 2 homes and can't log in when i'm at the other. netflix definitely did downgrade,0,17,87,0,0,0,1.0,0,0,0.4019,1,0,1,0.0,0,1,0,1.0,0.0
f1b65e16-017d-436f-9ae7-dd1b00025d82,Netflix,Entertainment,Jordan Evans,Unknown,1,2025-11-04 01:09:34,ask for my email puts an email then continues to ask for my email can't even get to the password screen,ask for my email puts an email then continues to ask for my email can't even get to the password screen,0,21,103,0,0,0,0.7142857142857143,0,0,0.0,1,0,1,0.0,0,1,0,1.0,0.0
1c78a899-7d99-41ae-a05c-c4061107d562,Netflix,Entertainment,Sadman Moki (PR9),Unknown,2,2025-11-04 01:16:39,can't even sign in properly. SO HOW AM I GONNA WATCH THE FILMS?,can't even sign in properly. so how am i gonna watch the films?,0,13,63,0,0,7,1.0,0,0,0.0,1,0,1,0.0,0,1,0,2.0,0.0
10cd7f69-b277-4001-b22f-34891274dd09,Netflix,Entertainment,Luke Ecko,Unknown,4,2025-11-04 02:12:47,great,great,0,1,5,0,0,0,1.0,0,0,0.6249,1,0,1,0.0,0,4,0,4.0,0.0
c75912b0-2d9d-4ed8-9dce-cb9296881144,Netflix,Entertainment,cassandra hunt,Unknown,2,2025-11-04 03:07:59,"although I love netflix it freezes all the time, so i stopped watching it and found shows on other platforms. and they about to raise rates but need to fix bugs instead.","although i love netflix it freezes all the time, so i stopped watching it and found shows on other platforms. and they about to raise rates but need to fix bugs instead.",0,32,169,0,0,0,0.875,1,0,0.2408,1,0,1,0.0,0,1,0,2.0,0.0
0b37fad5-3dbf-40c0-8de5-be01d53abb5f,Netflix,Entertainment,Bron,Unknown,2,2025-11-04 03:22:12,content not as great as it used to be.,content not as great as it used to be.,0,9,38,0,0,0,0.8888888888888888,0,0,-0.5096,1,0,1,0.0,0,1,0,2.0,0.0
b567a0c5-08d0-44e4-9752-c1f9b2afda42,Netflix,Entertainment,Nikki Lemmon,Unknown,2,2025-11-04 03:53:34,Poor watched raw live blurry,poor watched raw live blurry,0,5,28,0,0,0,1.0,0,0,-0.5423,1,0,1,0.0,0,1,0,2.0,0.0
3b434891-d65e-461d-84e0-7ef73a2c9ebc,Netflix,Entertainment,Amila Sunduza,Unknown,4,2025-11-04 04:17:57,some shows get deleted,some shows get deleted,0,4,22,0,0,0,1.0,0,0,0.0,1,0,1,0.0,0,1,0,4.0,0.0
5be25978-5c60-4276-bad0-f80b6f940d5f,Netflix,Entertainment,Hina Kumari,Unknown,1,2025-11-04 05:20:59,"मैं सोच रहा हूं इसका पैड सब्सक्रिप्शन ले कर लोग फालतू का शो, मुवी इत्यादि देख कर अपने जिंदगी का महत्वपूर्ण समय बर्बाद कर रहे हैं..भाई साहब आप समय को क्या बर्बाद करोगे आप खुद बरवाद कर रहे हो..","मैं सोच रहा हूं इसका पैड सब्सक्रिप्शन ले कर लोग फालतू का शो, मुवी इत्यादि देख कर अपने जिंदगी का महत्वपूर्ण समय बर्बाद कर रहे हैं..भाई साहब आप समय को क्या बर्बाद करोगे आप खुद बरवाद कर रहे हो..",0,39,191,0,0,0,0.7948717948717948,0,0,0.0,1,0,1,0.0,0,1,0,1.0,0.0
9e0402d6-28ed-4aa1-bea7-8e3134ecd7cf,Netflix,Entertainment,Overlord Eclipse,Unknown,1,2025-11-04 05:22:14,"My mom pays for netflix, even while im on her home wifi it wont let me watch netflix. This is getting ubsurd. I hope you go under as a company netflix.","my mom pays for netflix, even while im on her home wifi it wont let me watch netflix. this is getting ubsurd. i hope you go under as a company netflix.",1,31,151,0,0,0,0.967741935483871,0,0,0.4404,1,0,1,0.0,0,1,0,1.0,0.0
e22c81a9-fd4b-466b-9410-a264779ba1cf,Netflix,Entertainment,Shane & Khael Corpuz (Shane_khael),Unknown,1,2025-11-04 06:16:42,Charged after Cancelling my subscription .. worst! scammer!!!,charged after cancelling my subscription .. worst! scammer!!!,0,8,61,0,0,0,1.0,0,0,-0.8346,1,0,1,0.0,0,1,0,1.0,0.0
983ba2ab-73e9-4bb5-999f-c79754b5bd70,Netflix,Entertainment,Renessa Ollomy,Unknown,1,2025-11-04 06:45:08,whenever I try to download an app it tells me couldn't download,whenever i try to download an app it tells me couldn't download,0,12,63,0,0,0,0.9166666666666666,1,1,0.0,1,0,1,0.0,0,1,0,1.0,0.0
4c040e74-eb84-4088-8696-b087b491abbb,Netflix,Entertainment,Dara Koper,Unknown,1,2025-11-04 06:46:25,"If I am paying for 4 devices, I should be allowed to watch on 4 devices, incl. my office and my cabin. Change ""Household"" to number of devices","if i am paying for 4 devices, i should be allowed to watch on 4 devices, incl. my office and my cabin. change ""household"" to number of devices",0,28,142,0,0,0,0.8214285714285714,0,0,0.0772,1,0,1,0.0,0,1,0,1.0,0.0
d5eb2c81-d952-4a6a-bbc7-01a6b2758850,Netflix,Entertainment,Donaïc M,Unknown,2,2025-11-04 06:58:11,"was about to restart my plan.. saw the price.. hell no, ill restart cruchyroll","was about to restart my plan.. saw the price.. hell no, ill restart cruchyroll",1,14,78,0,0,0,0.9285714285714286,0,0,-0.8126,1,0,1,0.0,0,1,0,2.0,0.0
08b56c20-bbbb-42e2-a580-859d920b51cf,Netflix,Entertainment,Mr Lee,Unknown,1,2025-11-04 07:04:08,Just freezes,just freezes,0,2,12,0,0,0,1.0,1,0,-0.0258,1,0,1,0.0,0,1,0,1.0,0.0
ac8c62c1-c09c-4207-9dcf-c9c9b4fd2b52,Netflix,Entertainment,A Google user,Unknown,1,2025-11-04 07:36:10,Keeps getting worse with time. I canceled subscription not it is bombarding me with the pop-ups like a shady app,keeps getting worse with time. i canceled subscription not it is bombarding me with the pop-ups like a shady app,0,20,112,0,0,0,0.95,0,1,-0.1531,1,0,10,281939.0,0,1,0,3.4,1.6465452046971292
d6b996c0-76fb-4c22-b2fc-7bdeaa439aa6,Netflix,Entertainment,Roshan Kumar,Unknown,1,2025-11-04 07:45:02,release new indian movies more frequently then it's worth to pay 150 otherwise it's not at all worthy for us,release new indian movies more frequently then it's worth to pay 150 otherwise it's not at all worthy for us,0,20,108,0,0,0,0.95,0,0,-0.2278,1,0,1,0.0,0,1,0,1.0,0.0
a103aff0-28bf-484c-84fa-722eec784656,Netflix,Entertainment,KOMAL DUBEY,Unknown,2,2025-11-04 08:04:46,sare koriyan show pls hind me kar do,sare koriyan show pls hind me kar do,0,8,36,0,0,0,1.0,0,0,0.0772,1,0,1,0.0,0,1,0,2.0,0.0
992a7e3b-b6d8-4a25-a2bf-209310518cbf,Netflix,Entertainment,Rumpa Roy,Unknown,3,2025-11-04 08:10:23,ভালো কিন্তু চার্জেস লাগে। ☹️,ভালো কিন্তু চার্জেস লাগে। ☹️,0,5,28,0,0,0,1.0,0,0,-0.34,1,0,1,0.0,0,1,0,3.0,0.0
656a4bb4-e139-49fe-aa42-fe6a1c5ca5f1,Netflix,Entertainment,Donna Shields,Unknown,5,2025-11-04 08:25:08,"Full 4K movies, ULTRA HD 2160P movies","full 4k movies, ultra hd 2160p movies",0,7,37,0,0,4,1.0,0,0,0.0,1,0,1,0.0,0,1,0,5.0,0.0
293617cb-cc16-4b29-9bfc-7b015340a782,Netflix,Entertainment,Juventino Arevalo,Unknown,5,2025-11-04 09:28:16,Good moves,good moves,0,2,10,0,0,0,1.0,0,0,0.4404,1,0,1,0.0,0,1,0,5.0,0.0
3940540a-412f-43e5-946b-aa978f10eac9,Netflix,Entertainment,Family TV,Unknown,5,2025-11-04 09:41:03,Best movie app(paid),best movie app(paid),0,3,20,0,0,0,1.0,0,1,0.6369,1,0,1,0.0,0,1,0,5.0,0.0
46be33df-7719-47b7-9c24-993497b6b96f,Netflix,Entertainment,Folkers De Lange,Unknown,5,2025-11-04 09:54:32,can you add the movie called lego jurrasic world kids would love the movie its kid friendly and more,can you add the movie called lego jurrasic world kids would love the movie its kid friendly and more,0,19,100,0,0,0,0.8947368421052632,0,0,0.8126,1,0,1,0.0,0,1,0,5.0,0.0
827b6288-065d-4917-9df4-f9b651e1b977,Netflix,Entertainment,Lokesh Dhake,Unknown,1,2025-11-04 10:09:17,not able to access Netflix,not able to access netflix,0,5,26,0,0,0,1.0,0,0,0.0,1,0,1,0.0,0,1,0,1.0,0.0
1ab45dd8-bfc3-433f-9516-31ba04981c06,Netflix,Entertainment,Shweta Veer,Unknown,5,2025-11-04 10:32:30,please add stree 2 movie and housefull 5 other wise all is good,please add stree 2 movie and housefull 5 other wise all is good,0,13,63,0,0,0,1.0,0,0,0.8074,1,0,1,0.0,0,1,0,5.0,0.0
94b2611f-ed74-4191-9398-fef61b242241,Netflix,Entertainment,Joycel Suyat,Unknown,1,2025-11-04 10:40:58,Worst! i paid for 1 month and after 2 weeks they hold my acc!!,worst! i paid for 1 month and after 2 weeks they hold my acc!!,0,14,62,0,0,0,1.0,0,0,-0.7163,1,0,1,0.0,0,1,0,1.0,0.0
4ad3ac26-c539-411b-afff-fdd28e8f4595,Netflix,Entertainment,Fuwad Akinjobi,Unknown,5,2025-11-04 10:57:47,nice app 💯,nice app 💯,0,3,10,1,0,0,1.0,0,1,0.4215,1,0,1,0.0,0,1,0,5.0,0.0
7f101866-e4c2-4778-8769-86eeaaf05d04,Netflix,Entertainment,Mariah Phillips,Unknown,1,2025-11-04 11:32:12,not downloading,not downloading,0,2,15,0,0,0,1.0,1,0,0.0,1,0,1,0.0,0,1,0,1.0,0.0
57a6a689-203e-40a7-85d8-dd10e8bc8e8a,Netflix,Entertainment,Mervin N,Unknown,4,2025-11-04 12:15:32,very good😊😊,very good😊😊,0,2,11,2,0,0,1.0,0,0,0.9379,1,0,1,0.0,0,1,0,4.0,0.0
f515a075-4db7-444f-9d2a-3b6bf4e10166,Netflix,Entertainment,Sarah Kakembo,Unknown,1,2025-11-04 13:36:38,i hate i can't just sign in,i hate i can't just sign in,0,7,27,0,0,0,0.8571428571428571,0,0,-0.5719,1,0,1,0.0,0,1,0,1.0,0.0
953d7d43-bc99-4851-b462-5b8e58359889,Netflix,Entertainment,Ovais Khan,Unknown,1,2025-11-04 13:39:11,i have paid premium but it gives error constantly.,i have paid premium but it gives error constantly.,0,9,50,0,0,0,1.0,0,0,-0.5499,1,0,1,0.0,0,1,0,1.0,0.0
4d96c419-408f-459a-9321-fcf4cea98700,Netflix,Entertainment,Sunny Yadav,Unknown,5,2025-11-04 13:44:48,good 💯😊,good 💯😊,0,2,7,2,0,0,1.0,0,0,0.836,1,0,1,0.0,0,1,0,5.0,0.0
74662bbd-dce4-455a-8d1e-504924ee6d4a,Netflix,Entertainment,Ayush Chopra455,Unknown,1,2025-11-04 13:55:45,when I play any vedio first it shows that there is some problem playing the vedio. We have not paid rupees to we have to see that kind of problem.,when i play any vedio first it shows that there is some problem playing the vedio. we have not paid rupees to we have to see that kind of problem.,0,30,146,0,0,0,0.8666666666666667,0,0,-0.3597,1,0,1,0.0,0,1,0,1.0,0.0
e3200aa3-494f-4fce-9c96-6b95dac8ac15,Netflix,Entertainment,Yasin,Unknown,3,2025-11-04 14:01:04,Voice in Bluetooth earbuds is too slow for all the titles. It is fine for other apps. I have to set it to full volume.,voice in bluetooth earbuds is too slow for all the titles. it is fine for other apps. i have to set it to full volume.,0,25,118,0,0,0,0.84,0,1,0.2023,1,0,1,0.0,0,1,0,3.0,0.0
8a9da917-f51a-4238-9d2d-85ae70bb5848,Netflix,Entertainment,Philina,Unknown,5,2025-11-04 14:22:46,very good able to watch movies/shows,very good able to watch movies/shows,0,6,36,0,0,0,1.0,0,0,0.4927,1,0,1,0.0,0,1,0,5.0,0.0
e4041a16-200a-4342-bba5-3b8d90ef5203,Netflix,Entertainment,Suzanne Purrier,Unknown,2,2025-11-04 14:59:40,"Not good, Netflix is trying to sell me too much. Unable to finish setting up.","not good, netflix is trying to sell me too much. unable to finish setting up.",0,15,77,0,0,0,0.9333333333333333,0,0,-0.3412,1,0,1,0.0,0,1,0,2.0,0.0
eb788db1-df27-46bd-9edf-edf4ec070f61,Netflix,Entertainment,Kafayat Akande,Unknown,5,2025-11-04 15:11:05,it is very good and useful 👍 👌 👏 😀 🙂 😊,it is very good and useful 👍 👌 👏 😀 🙂 😊,0,12,38,6,0,0,1.0,0,0,0.9699,1,0,1,0.0,0,1,0,5.0,0.0
2a7f87ab-ad42-478e-8541-630b49bc4f7a,Netflix,Entertainment,nora_ norafizahh,Unknown,5,2025-11-04 15:44:27,"variety of movie, and so on.. highly recommend for family time","variety of movie, and so on.. highly recommend for family time",0,11,62,0,0,0,1.0,0,0,0.469,1,0,1,0.0,0,1,0,5.0,0.0
e720619e-d97f-415b-b6c4-54a260dc2d3e,Netflix,Entertainment,Renu Singh,Unknown,1,2025-11-04 15:49:18,my Netflix account not working error 500,my netflix account not working error 500,0,7,40,0,0,0,1.0,0,0,0.3089,1,0,1,0.0,0,1,0,1.0,0.0
60586a27-ae75-4662-9bbd-7e3aebcfae59,Netflix,Entertainment,T0W3L Gaming,Unknown,1,2025-11-04 15:56:45,trash app,trash app,0,2,9,0,0,0,1.0,0,1,0.0,1,0,1,0.0,0,1,0,1.0,0.0
4892623b-aded-4f33-9a85-40256033b3aa,Netflix,Entertainment,Lady Gail Gilmour-Lim,Unknown,5,2025-11-04 16:23:26,Pretty good. Just wished this has better movie choices.,pretty good. just wished this has better movie choices.,0,9,55,0,0,0,1.0,0,0,0.8402,1,0,1,0.0,0,1,0,5.0,0.0
edfe0324-3738-41b2-9622-862226c81b79,Netflix,Entertainment,workout Battels,Unknown,5,2025-11-04 16:50:39,it's Just a pass the time.just owsmm,it's just a pass the time.just owsmm,0,7,36,0,0,0,1.0,0,0,0.0,1,0,1,0.0,0,1,0,5.0,0.0
7feb1cb9-7b18-4fb3-80fc-b5e18e7d39a4,Netflix,Entertainment,Tidus,Unknown,1,2025-11-04 16:54:28,CANT PLAY ANY VIDEO ERROR 5:10 AS ALWAYS. WAYS TO FIXED THE PROBLEM MEANS NOTHING.,cant play any video error 5:10 as always. ways to fixed the problem means nothing.,0,15,82,0,0,14,1.0,0,0,-0.7533,1,0,1,0.0,0,1,0,1.0,0.0
d2026343-3ec9-4c3d-ada1-33aafa13613e,Netflix,Entertainment,Nandni Jadwani,Unknown,5,2025-11-04 16:57:49,Most comfortable and long lasting battery usage. Netflix has zero advertising at a reasonable price.,most comfortable and long lasting battery usage. netflix has zero advertising at a reasonable price.,0,15,100,0,0,0,1.0,0,0,0.5563,1,0,1,0.0,0,1,0,5.0,0.0
c6db6f53-99ef-44fd-9dca-bd12743c0502,Netflix,Entertainment,Steven B,Unknown,1,2025-11-04 17:07:22,this app has almost nothing good added ever and on top of that it's a huge cyber security flaw 29 hidden permissions to spy on you and sell your data to scammers,this app has almost nothing good added ever and on top of that it's a huge cyber security flaw 29 hidden permissions to spy on you and sell your data to scammers,0,32,161,0,0,0,0.90625,0,1,0.5223,1,0,1,0.0,0,1,1,1.0,0.0
e5087b03-051f-4241-97f3-3f031bebed52,Netflix,Entertainment,Lukasz Gladki,Unknown,3,2025-11-04 17:09:45,the app itself is good what I don't like is Netflix blocking Google from displaying it's shows in android TV recommendations,the app itself is good what i don't like is netflix blocking google from displaying it's shows in android tv recommendations,0,21,124,0,0,1,0.9523809523809523,0,1,-0.2047,1,0,1,0.0,0,1,0,3.0,0.0
2cab2aa5-e2c3-4ea6-8c89-c4d3eaf64306,Netflix,Entertainment,Samson Abraham,Unknown,5,2025-11-04 17:15:17,this app is so nice I do spend half of my day using this app I enjoy this app so much 😊❤️❤️❤️😊😊😊,this app is so nice i do spend half of my day using this app i enjoy this app so much 😊❤️❤️❤️😊😊😊,0,22,96,4,0,0,0.7272727272727273,0,1,0.9836,1,0,1,0.0,0,1,0,5.0,0.0
236173be-208f-414e-b8d9-671271a2e566,Netflix,Entertainment,Ann marie Poulson,Unknown,5,2025-11-04 17:27:25,Really true to life,really true to life,0,4,19,0,0,0,1.0,0,0,0.4754,1,0,1,0.0,0,1,0,5.0,0.0
f17b0031-248a-4901-87c1-d7cbda1239f2,Netflix,Entertainment,Kiran Gul,Unknown,3,2025-11-04 17:53:39,"the most trending series are not available, kindly upload them . like tempest, good boy, K2, Ms incognito, project Y etc","the most trending series are not available, kindly upload them . like tempest, good boy, k2, ms incognito, project y etc",0,21,120,0,0,1,1.0,0,0,0.416,1,0,1,0.0,0,1,0,3.0,0.0
e61fe4e9-ba55-4208-90fc-d15b0a36b84a,Netflix,Entertainment,Alta Du Toit,Unknown,3,2025-11-04 18:38:58,"Dissapointed none of the CSI, NCIS and Criminal Minds series is available.","dissapointed none of the csi, ncis and criminal minds series is available.",0,12,74,0,0,2,1.0,0,0,-0.5267,1,0,1,0.0,0,1,0,3.0,0.0
a4ae8313-e3dd-43f7-9533-66b181480c5f,Netflix,Entertainment,Kenneth Mchugh,Unknown,4,2025-11-04 19:09:06,no heavy hitters,no heavy hitters,0,3,16,0,0,0,1.0,0,0,-0.296,1,0,1,0.0,0,1,0,4.0,0.0
8808edad-d316-497c-98fc-7f3b2fffd894,Netflix,Entertainment,Ila Sarkar,Unknown,5,2025-11-04 19:24:24,"l like Netflix 👍 ,,please 🙏 show me this app, please 🙏 please 🙏,","l like netflix 👍 ,,please 🙏 show me this app, please 🙏 please 🙏,",0,14,64,4,0,0,0.8571428571428571,0,1,0.886,1,0,1,0.0,0,1,0,5.0,0.0
155468e8-a9da-4e04-931f-ebc341e5df55,Netflix,Entertainment,Armstrong mailafia,Unknown,1,2025-11-04 19:24:33,why does mine keep stopping after playing for 5 mins its just sad and I keep updating thinking it will stop but nah???😭,why does mine keep stopping after playing for 5 mins its just sad and i keep updating thinking it will stop but nah???😭,0,23,119,1,0,0,0.9565217391304348,0,0,-0.8334,1,0,1,0.0,0,1,0,1.0,0.0
b223b68f-2f59-41d1-82a4-13c52f562661,Netflix,Entertainment,Ashi Goyal,Unknown,1,2025-11-04 20:38:17,one of the worse app,one of the worse app,1,5,20,0,0,0,1.0,0,1,-0.4767,1,0,1,0.0,0,1,0,1.0,0.0
059cff68-2765-4744-bcbe-a70d29df7455,Netflix,Entertainment,SRINIVASAN RAMA SRINIVASAN,Unknown,5,2025-11-04 22:30:26,how to payment?,how to payment?,0,3,15,0,0,0,1.0,0,0,0.0,1,0,1,0.0,0,1,0,5.0,0.0
a3781d27-3bae-4754-a951-cc81bb9e04e7,Netflix,Entertainment,Jesse Ender,Unknown,1,2025-11-04 22:51:24,1 star until I can remove games.,1 star until i can remove games.,3,7,32,0,0,0,1.0,0,0,0.0,1,0,1,0.0,0,1,0,1.0,0.0
bbe47f50-b237-468d-bbc0-a04a975f23d3,Netflix,Entertainment,Tammy Sisneros,Unknown,5,2025-11-04 23:42:17,There has never been a time I was unhappy with Netflix Netflix makes me very happy 😁😁😁,there has never been a time i was unhappy with netflix netflix makes me very happy 😁😁😁,0,17,86,3,0,0,0.9411764705882353,0,1,0.8805,1,0,1,0.0,0,1,0,5.0,0.0
16fa507b-006e-4821-b59a-149290b8e9a6,Netflix,Entertainment,Phongsak Nawaen,Unknown,5,2025-11-04 23:45:45,💙💙💙☺️☺️☺️,💙💙💙☺️☺️☺️,0,1,9,3,0,0,1.0,0,0,0.9705,1,0,1,0.0,0,1,0,5.0,0.0
15a03162-4c09-4b04-9c5b-103c8f0c97f0,Netflix,Entertainment,Sean Gallagher,Unknown,1,2025-11-04 23:54:15,"If I physically click, skip intro and skip recap, why on gods green earth are you THEN asking me if I'm still watching?! Adding ""Are you still watching?"" to mobile was the dumbest thing your company decided to do.","if i physically click, skip intro and skip recap, why on gods green earth are you then asking me if i'm still watching?! adding ""are you still watching?"" to mobile was the dumbest thing your company decided to do.",0,39,213,0,0,1,0.8717948717948718,0,0,-0.6062,1,0,1,0.0,0,1,0,1.0,0.0
33f58234-34e7-46f7-a354-169919600af6,Netflix,Entertainment,Alton Overley,Unknown,4,2025-11-04 23:59:25,great espreense but not many seasons on shows,great espreense but not many seasons on shows,0,8,45,0,0,0,1.0,0,0,0.3716,1,0,1,0.0,0,1,0,4.0,0.0
8a0a06e4-e0f9-4535-9902-6ab153021847,Netflix,Entertainment,Emilie V,Unknown,1,2025-11-05 00:34:47,Will not let me log into my account despite being signed into the home network wifi. I've uninstalled and reinstalled the app. Logged out and in. Disconnected and reconnected to the wifi. Updated my home network. Nothing is working.,will not let me log into my account despite being signed into the home network wifi. i've uninstalled and reinstalled the app. logged out and in. disconnected and reconnected to the wifi. updated my home network. nothing is working.,1,39,232,0,0,0,0.7948717948717948,1,1,0.0,1,0,1,0.0,0,1,0,1.0,0.0
c061bbaf-0a47-46f8-8af3-5378db09de7a,Netflix,Entertainment,Marko Radovanovic,Unknown,1,2025-11-05 00:38:43,Too woke for kids.,too woke for kids.,2,4,18,0,0,0,1.0,0,0,0.0,1,0,1,0.0,0,1,0,1.0,0.0
ccebef01-7d70-4740-918f-7d9291cf0161,Netflix,Entertainment,Aqil Amin,Unknown,5,2025-11-05 01:48:21,Very good n i fall i love with this apps,very good n i fall i love with this apps,0,10,40,0,0,0,0.9,0,1,0.8122,1,0,1,0.0,0,1,0,5.0,0.0
43f527b2-0086-466d-8679-3b2188ee520b,Netflix,Entertainment,Daniel Ehr,Unknown,1,2025-11-05 02:21:49,"Kicks you out way too often just to verify your password, then makes you verify your email. Happened mid movie too. Not worth it, even on their cheapest plan.","kicks you out way too often just to verify your password, then makes you verify your email. happened mid movie too. not worth it, even on their cheapest plan.",2,29,158,0,0,0,0.896551724137931,1,1,-0.1695,1,0,1,0.0,0,1,0,1.0,0.0
b56d02e3-a328-45fb-a601-40f79b4c9264,Netflix,Entertainment,Amina Kayanda,Unknown,4,2025-11-05 02:51:38,It good and love iit,it good and love iit,0,5,20,0,0,0,1.0,0,0,0.7964,1,0,1,0.0,0,1,0,4.0,0.0
9bb42538-6977-4aa9-a30b-a5736726d09b,Netflix,Entertainment,Kevin Spolarich,Unknown,1,2025-11-05 03:18:48,god awful app. It makes video unwatchable in the dark by forcing the phone's brightness higher. And there's no way to disable that.,god awful app. it makes video unwatchable in the dark by forcing the phone's brightness higher. and there's no way to disable that.,1,23,131,0,0,0,0.9565217391304348,0,1,-0.128,1,0,1,0.0,0,1,0,1.0,0.0
392b4766-8d54-4afd-86bf-49a062c1673c,Netflix,Entertainment,Brecken Richards,Unknown,1,2025-11-05 03:30:59,there getting rid of how I met you mother,there getting rid of how i met you mother,0,9,41,0,0,0,1.0,0,0,0.0,1,0,1,0.0,0,1,0,1.0,0.0
4ad9edef-f8bd-4775-ba1f-4cf67ef47a41,Netflix,Entertainment,Fad,Unknown,1,2025-11-05 03:32:03,Horrible system,horrible system,2,2,15,0,0,0,1.0,0,0,-0.5423,1,0,1,0.0,0,1,0,1.0,0.0
0e367640-8924-4e42-9857-7bbf492f705c,Netflix,Entertainment,Buvana Sinappan,Unknown,5,2025-11-05 03:39:16,Selamat,selamat,0,1,7,0,0,0,1.0,0,0,0.0,1,0,1,0.0,0,1,0,5.0,0.0
eaad0a52-5736-43ea-8faa-2dd4981a00e6,Netflix,Entertainment,Yashee parmar,Unknown,2,2025-11-05 04:09:54,the glitch occur while watching series the sound has been slow automatically solved this problem.,the glitch occur while watching series the sound has been slow automatically solved this problem.,0,15,97,0,0,0,0.9333333333333333,0,0,-0.2558,1,0,1,0.0,0,1,0,2.0,0.0
c14247d2-3ec1-4d5d-8452-3305341d7961,Netflix,Entertainment,Hiedi Fristoe,Unknown,1,2025-11-05 04:29:18,Netflix is always loading... it never plays a show. the app is up to date.,netflix is always loading... it never plays a show. the app is up to date.,0,15,74,0,0,0,0.9333333333333333,0,1,-0.1877,1,0,1,0.0,0,1,0,1.0,0.0
ad917606-6fa3-4cb5-b653-480da3c2e1df,Netflix,Entertainment,Jayson Santos,Unknown,5,2025-11-05 04:50:53,malabo Yung Netflix ko sa brightness niya,malabo yung netflix ko sa brightness niya,0,7,41,0,0,0,1.0,0,0,0.3818,1,0,1,0.0,0,1,0,5.0,0.0
3995c41a-b386-454f-b361-ef1cd27a2b24,Netflix,Entertainment,Alben Ratonel,Unknown,5,2025-11-05 05:24:08,a lot of fun,a lot of fun,0,4,12,0,0,0,1.0,0,0,0.5106,1,0,1,0.0,0,1,0,5.0,0.0
ddbdc3b5-1251-4337-a271-c3989da092aa,Netflix,Entertainment,Safwan My son,Unknown,5,2025-11-05 05:51:18,لم استخدمه سوى مرة واحدة فقط ..,لم استخدمه سوى مرة واحدة فقط ..,0,7,31,0,0,0,1.0,0,0,0.0,1,0,1,0.0,0,1,0,5.0,0.0
33f33027-1887-4a89-b718-97b2a0cbbd1c,Netflix,Entertainment,Mira Conde,Unknown,4,2025-11-05 06:21:05,Can watch my fav movies but sometimes say something went wrong,can watch my fav movies but sometimes say something went wrong,0,11,62,0,0,0,1.0,0,0,-0.4854,1,0,1,0.0,0,1,0,4.0,0.0
28315442-58da-48c4-9b41-bac6545c3f3f,Netflix,Entertainment,Nessybahun Syiem,Unknown,1,2025-11-05 06:56:48,it's not open when I sign in,it's not open when i sign in,0,7,28,0,0,0,1.0,0,0,0.0,1,0,1,0.0,0,1,0,1.0,0.0
0d48c9fb-7859-4181-9afb-c25d44f1712d,Netflix,Entertainment,Priyanganee Priyanganee,Unknown,5,2025-11-05 07:07:33,Tnx netflix this app is perfect please sinhala subitit okay,tnx netflix this app is perfect please sinhala subitit okay,0,10,59,0,0,0,1.0,0,1,0.8402,1,0,1,0.0,0,1,0,5.0,0.0
331773cc-81aa-47fd-b285-15b2a115934d,Netflix,Entertainment,Datu Ashiff Guialudin,Unknown,5,2025-11-05 07:32:06,i love watching movies,i love watching movies,0,4,22,0,0,0,1.0,0,0,0.6369,1,0,1,0.0,0,1,0,5.0,0.0
039eeaec-4fa6-4cdc-964a-036b1439a405,Netflix,Entertainment,Gbolagade Suliyat,Unknown,1,2025-11-05 07:46:44,am trying to login on my phone but is not working,am trying to login on my phone but is not working,1,11,49,0,0,0,1.0,0,0,0.0,1,0,1,0.0,0,1,0,1.0,0.0
de162ad3-c2bb-4d84-b419-b0a7fb514d16,Netflix,Entertainment,Christelle Hermoso,Unknown,5,2025-11-05 07:52:05,the nentflix is si many movies like kpop demon hunters,the nentflix is si many movies like kpop demon hunters,0,10,54,0,0,0,1.0,0,0,0.3612,1,0,1,0.0,0,1,0,5.0,0.0
040de4c6-3a95-45a7-b7ab-0e633844b734,Netflix,Entertainment,E R L B,Unknown,5,2025-11-05 08:02:36,This app it's very entertaining. I like it a lot.,this app it's very entertaining. i like it a lot.,0,10,49,0,0,0,1.0,0,1,0.7146,1,0,1,0.0,0,1,0,5.0,0.0
de3e767b-58c4-44d8-b01e-61fc5d038baa,Netflix,Entertainment,JUAN DELA CRUZ,Unknown,4,2025-11-05 08:53:35,Verygood,verygood,0,1,8,0,0,0,1.0,0,0,0.0,1,0,1,0.0,0,1,0,4.0,0.0
1e34d143-5e83-42d4-aeda-543205494db0,Netflix,Entertainment,Indurani A,Unknown,4,2025-11-05 09:39:15,Good and comfortable,good and comfortable,0,3,20,0,0,0,1.0,0,0,0.7351,1,0,1,0.0,0,1,0,4.0,0.0
34c27b8d-fdd0-4c40-818a-c9528287ed06,Netflix,Entertainment,John Jayden,Unknown,4,2025-11-05 10:59:24,except from the fact that I think more anime should be added the app is great,except from the fact that i think more anime should be added the app is great,0,16,77,0,0,0,0.9375,0,1,0.6249,1,0,1,0.0,0,1,0,4.0,0.0
054b63d8-e475-48c7-8d25-1675c31ddfd1,Netflix,Entertainment,Joseph “LessApartment 5919” Ng,Unknown,1,2025-11-05 13:26:34,Does not play video,does not play video,0,4,19,0,0,0,1.0,0,0,-0.2584,1,0,1,0.0,0,1,0,1.0,0.0
b1c5092d-c2b1-41c1-8682-b506ea379a8f,Netflix,Entertainment,Jan Mandrup Olesen,Unknown,1,2025-11-05 13:49:24,new update makes it impossible to find anything,new update makes it impossible to find anything,0,8,47,0,0,0,1.0,0,0,0.0,1,0,1,0.0,0,1,0,1.0,0.0
0358370d-d18a-4709-8372-b278713f75a4,Netflix,Entertainment,A,Unknown,1,2025-11-05 14:23:16,Absolutely not worth the exorbitant cost.,absolutely not worth the exorbitant cost.,0,6,41,0,0,0,1.0,0,0,-0.2369,1,0,1,0.0,0,1,0,1.0,0.0
98740c13-23a2-44e3-b00c-9905270bc2dd,Netflix,Entertainment,Marba kamki,Unknown,3,2025-11-05 15:52:16,I already updated my accounted pay why it's still asking.Still asking me to pay even after updating why,i already updated my accounted pay why it's still asking.still asking me to pay even after updating why,0,18,103,0,0,0,0.8888888888888888,0,0,-0.2023,1,0,1,0.0,0,1,0,3.0,0.0
47f38207-dc42-4aec-9098-7b0bf3325ba1,Netflix,Entertainment,Naagar Jaiveer,Unknown,1,2025-11-05 16:19:10,where is HINDI language ?,where is hindi language ?,0,5,25,0,0,1,1.0,0,0,0.0,1,0,1,0.0,0,1,0,1.0,0.0
3aaacef7-15d9-4fe7-855a-6d676519c965,Netflix,Entertainment,lee allsop,Unknown,1,2025-11-05 16:23:34,awful UI since they updated it a little while back. Almost unusable on Google tv,awful ui since they updated it a little while back. almost unusable on google tv,0,15,80,0,0,1,1.0,0,0,-0.4588,1,0,1,0.0,0,1,0,1.0,0.0
bb1e6638-85ad-4c27-9dd8-79ba1d2ecd2f,Netflix,Entertainment,praise supiya,Unknown,1,2025-11-05 16:39:13,cant install the app,cant install the app,0,4,20,0,0,0,1.0,1,1,0.0,1,0,1,0.0,0,1,0,1.0,0.0
c31edf3a-c5be-4d14-a605-a586b2693703,Netflix,Entertainment,Suhaib Luqman,Unknown,2,2025-11-05 16:53:22,Can't find good movies,can't find good movies,0,4,22,0,0,0,1.0,0,0,-0.3412,1,0,1,0.0,0,1,0,2.0,0.0
5e5f33e3-dbbc-46e6-b07e-5252b59c436d,Netflix,Entertainment,Lavina D'Almeida,Unknown,4,2025-11-05 17:07:37,"I updated the app last night, since then the video is not not uploading. I restarted the phone and the app few times but still not fixed. please can someone help","i updated the app last night, since then the video is not not uploading. i restarted the phone and the app few times but still not fixed. please can someone help",0,31,161,0,0,0,0.7741935483870968,0,1,0.2748,1,0,1,0.0,0,1,0,4.0,0.0
9041c733-f47a-43d9-9390-b49e95fd7714,Netflix,Entertainment,Kristian Mark Llanto,Unknown,1,2025-11-05 17:32:45,mobile app not working 😤,mobile app not working 😤,0,5,24,1,0,0,1.0,0,1,0.0,1,0,1,0.0,0,1,0,1.0,0.0
c7817bfc-43ee-42b8-aa69-70109074c89e,Netflix,Entertainment,David Evans,Unknown,1,2025-11-05 18:06:34,my son is watching wwe and when adverts come on the programme goes back to the beginning missing some of the episode. happens at least 3 times in one episode this has been happening for months now. sort it out.,my son is watching wwe and when adverts come on the programme goes back to the beginning missing some of the episode. happens at least 3 times in one episode this has been happening for months now. sort it out.,0,40,210,0,0,0,0.95,0,1,-0.296,1,0,1,0.0,0,1,0,1.0,0.0
c98338c3-2049-407e-89ec-61903226755f,Netflix,Entertainment,EMEZURIKE CHIDINMA,Unknown,1,2025-11-05 18:18:37,not opening,not opening,0,2,11,0,0,0,1.0,0,0,0.0,1,0,1,0.0,0,1,0,1.0,0.0
48395455-0125-4866-8919-d726f422942f,Netflix,Entertainment,Ryan Fountain,Unknown,1,2025-11-05 19:03:19,keeps saying device failed when I try to load into it,keeps saying device failed when i try to load into it,0,11,53,0,0,0,1.0,0,0,-0.5106,1,0,1,0.0,0,1,0,1.0,0.0
529cd533-968a-41fc-bbc6-d68482c00475,Netflix,Entertainment,Ridya Mgomba,Unknown,3,2025-11-05 19:45:25,Heri mtekerezaji,heri mtekerezaji,0,2,16,0,0,0,1.0,0,0,0.0,1,0,1,0.0,0,1,0,3.0,0.0
4817079f-af96-4933-8e75-e575e3ec9d1a,Netflix,Entertainment,Angel Manning,Unknown,4,2025-11-05 20:08:50,I love this app,i love this app,0,4,15,0,0,0,1.0,0,1,0.6369,1,0,1,0.0,0,2,0,4.0,0.0
c357453d-8350-4959-b733-3cb1598a190f,Netflix,Entertainment,Mark Rombano Bustanilla,Unknown,1,2025-11-05 20:34:03,"ibalik nyo mga na auto deduction nyo sa gcash ko,grabe kahit I unsubscribe kuna panay deduct parin kayo,pang lima beses nato nangyayari sakin maawa namab kayo hindi pinupulot ang pera😡","ibalik nyo mga na auto deduction nyo sa gcash ko,grabe kahit i unsubscribe kuna panay deduct parin kayo,pang lima beses nato nangyayari sakin maawa namab kayo hindi pinupulot ang pera😡",0,30,184,1,0,0,0.9666666666666667,0,0,0.0,1,0,1,0.0,0,1,0,1.0,0.0
a727815c-db16-4c67-87f3-efdecb92c503,Netflix,Entertainment,Jamie El,Unknown,2,2025-11-05 22:00:12,Value for money when netflix first arrived was great. Now days not so much,value for money when netflix first arrived was great. now days not so much,0,14,74,0,0,0,1.0,0,0,0.7579,1,0,1,0.0,0,1,1,2.0,0.0
99e0d859-9682-4f86-a2c0-78f51e1ddb90,Netflix,Entertainment,Pito Robert,Unknown,1,2025-11-05 22:05:29,For some reasons it always logs out before you fly. So everything you Download is unusable.... Happened 3 times already! Will not return to this unreliable app. Got to do it the old way,for some reasons it always logs out before you fly. so everything you download is unusable.... happened 3 times already! will not return to this unreliable app. got to do it the old way,0,34,185,0,0,0,0.9117647058823529,1,1,0.0,1,0,1,0.0,0,1,0,1.0,0.0
f0548a8a-46c0-4ffd-a23e-b5678eb45143,Netflix,Entertainment,Fie,Unknown,2,2025-11-05 22:32:03,"Netflix might have considered putting it in their plan description that some (or a lot) of their movies and shows are restricted on the cheapest plan. That's just me, though.","netflix might have considered putting it in their plan description that some (or a lot) of their movies and shows are restricted on the cheapest plan. that's just me, though.",0,30,174,0,0,0,0.9666666666666667,1,0,-0.3818,1,0,1,0.0,0,1,0,2.0,0.0
c4922ca6-fefc-496b-aa55-e9147a610e56,Netflix,Entertainment,Christina Conner,Unknown,2,2025-11-05 22:41:55,Netflix just charged me twice and I was wanting to know why,netflix just charged me twice and i was wanting to know why,0,12,59,0,0,0,1.0,0,0,-0.2023,1,0,1,0.0,0,1,0,2.0,0.0
675ed2dd-2288-4516-a689-8c400f95650f,Netflix,Entertainment,Debra McDermott,Unknown,4,2025-11-06 00:23:03,Too many upgrades!,too many upgrades!,0,3,18,0,0,0,1.0,0,0,0.0,1,0,1,0.0,0,1,0,4.0,0.0
5a60ee45-ec36-4b72-958b-67708fca3896,Netflix,Entertainment,Tie R,Unknown,1,2025-11-06 03:06:57,We have had netflix from the very beginning. We're paying for a subscription and you guys are adding advertisements?! Straight robbery and greedy. Membership canceled,we have had netflix from the very beginning. we're paying for a subscription and you guys are adding advertisements?! straight robbery and greedy. membership canceled,0,25,166,0,0,0,0.96,0,0,-0.1759,1,0,1,0.0,0,1,0,1.0,0.0
90fbfbd5-c47c-4800-8894-8c6f912ac85a,Netflix,Entertainment,Cassie Smith,Unknown,2,2025-11-06 03:45:39,fix your app now,fix your app now,0,4,16,0,0,0,1.0,0,1,0.0,1,0,1,0.0,0,1,0,2.0,0.0
4ce48d42-2230-4a48-b48d-e49a43cb0142,Netflix,Entertainment,Via Panaligan,Unknown,4,2025-11-06 03:50:57,I wish there's a bookmarks that says I've already watched this.,i wish there's a bookmarks that says i've already watched this.,0,11,63,0,0,0,1.0,0,0,0.4019,1,0,1,0.0,0,1,0,4.0,0.0
171f3499-f902-4c41-b006-db550fa0e43a,Netflix,Entertainment,Moorthy Maddy,Unknown,1,2025-11-06 04:06:46,veryy baddd,veryy baddd,0,2,11,0,0,0,1.0,0,0,0.0,1,0,1,0.0,0,1,0,1.0,0.0
36eb2b01-c596-4b7a-93e1-632893567eb5,Netflix,Entertainment,C.issabbey Vypex.,Unknown,5,2025-11-06 05:18:27,I love this app...I just watch nice movies on it,i love this app...i just watch nice movies on it,0,10,48,0,0,0,1.0,0,1,0.7906,1,0,1,0.0,0,1,0,5.0,0.0
05ecedf8-daf3-4558-bac8-63af6b059432,Netflix,Entertainment,Harsh,Unknown,1,2025-11-06 05:55:39,"In my TV the app always shows network encounter problem while by wifi is actually fast and most of the apps like YouTube runs smoothly in high quality, Always Netflix starts after 30-40 min of grind","in my tv the app always shows network encounter problem while by wifi is actually fast and most of the apps like youtube runs smoothly in high quality, always netflix starts after 30-40 min of grind",0,36,198,0,0,1,0.8888888888888888,0,1,-0.0516,1,0,1,0.0,0,1,0,1.0,0.0
786f5cdd-a5b3-42fc-bcc3-53b5233b7f94,Netflix,Entertainment,Jeffzie Kavulio,Unknown,5,2025-11-06 06:13:37,Good 👍😊,good 👍😊,0,2,7,2,0,0,1.0,0,0,0.836,1,0,1,0.0,0,1,0,5.0,0.0
68045fd1-ce83-4ac2-8724-85323d233698,Netflix,Entertainment,Delight Aigbe,Unknown,1,2025-11-06 06:20:22,"just logged in to my device and when I click play on a film it just keeps loading, doesn't play or show any media. my Internet connection is perfectly fine","just logged in to my device and when i click play on a film it just keeps loading, doesn't play or show any media. my internet connection is perfectly fine",1,30,155,0,0,0,0.9,0,0,0.7479,1,0,1,0.0,0,1,1,1.0,0.0
2ce8bc9e-2532-4a5a-879e-4868b28bf169,Netflix,Entertainment,Margaret A. F. Shukla,Unknown,1,2025-11-06 06:41:48,Awful,awful,0,1,5,0,0,0,1.0,0,0,-0.4588,1,0,1,0.0,0,1,0,1.0,0.0
07afa129-fa55-4c3d-8fe3-3d76004ba6e2,Netflix,Entertainment,مانی صفرپور,Unknown,5,2025-11-06 06:58:52,Nice 🙂,nice 🙂,0,2,6,1,0,0,1.0,0,0,0.6712,1,0,1,0.0,0,1,0,5.0,0.0
a35b9d63-a75b-4836-9f15-44488b913c59,Netflix,Entertainment,Jake Cutler,Unknown,5,2025-11-06 07:14:19,nothing better than Netflix and chill,nothing better than netflix and chill,0,6,37,0,0,0,1.0,0,0,-0.3412,1,0,1,0.0,0,1,0,5.0,0.0
217b3023-4c53-466b-82b6-5354b4b64bb7,Netflix,Entertainment,nur aishwarya,Unknown,5,2025-11-06 07:29:54,can watch my fav drama here,can watch my fav drama here,0,6,27,0,0,0,1.0,0,0,0.4588,1,0,1,0.0,0,1,0,5.0,0.0
394abf0c-38e2-460f-8150-5b82e5375b6c,Netflix,Entertainment,Kayne Alexis,Unknown,1,2025-11-06 07:34:34,uninstalled... Peace restored.,uninstalled... peace restored.,0,3,30,0,0,0,1.0,1,0,0.7096,1,0,1,0.0,0,1,1,1.0,0.0
4f3144b3-342a-4d7c-8d54-21568c880a4b,Netflix,Entertainment,Brian Franks,Unknown,2,2025-11-06 07:39:01,Everything was good until you up the price and made literally unaffordable,everything was good until you up the price and made literally unaffordable,0,12,74,0,0,0,1.0,0,0,0.4404,1,0,1,0.0,0,1,0,2.0,0.0
c1c002ab-f7cd-4827-8221-0f4ed9605bfc,Netflix,Entertainment,Sekh Jabed,Unknown,5,2025-11-06 09:29:47,Nice Update,nice update,0,2,11,0,0,0,1.0,0,0,0.4215,1,0,1,0.0,0,1,0,5.0,0.0
d92a6d39-a4d5-4113-936f-6ef13171eb86,Netflix,Entertainment,Tom Ryan,Unknown,1,2025-11-06 09:47:22,"Honestly 8 episodes a season for everything these days, is not worth a continued subscription","honestly 8 episodes a season for everything these days, is not worth a continued subscription",10,15,93,0,0,0,0.9333333333333333,0,0,0.3257,1,0,1,0.0,0,1,0,1.0,0.0
881ee465-2719-4729-80e6-e3b65e37abc9,Netflix,Entertainment,Thabani Zakwe,Unknown,1,2025-11-06 09:51:53,Netflix isn't operating on my Huawei p40 lite...,netflix isn't operating on my huawei p40 lite...,0,8,48,0,0,0,1.0,0,0,0.0,1,0,1,0.0,0,1,0,1.0,0.0
def4e6e2-38a7-4a0c-afd9-f4a3b644637e,Netflix,Entertainment,Chamika Bandara,Unknown,4,2025-11-06 10:04:22,😀😀😀😀😀😀😀😀😀😀😀😀😀 best move k pop,😀😀😀😀😀😀😀😀😀😀😀😀😀 best move k pop,0,5,29,13,0,0,1.0,0,0,0.9858,1,0,1,0.0,0,1,0,4.0,0.0
2543bcd2-3727-4094-b8b5-3587860822bb,Netflix,Entertainment,Karabelo Karabelo,Unknown,1,2025-11-06 10:29:04,"this app used to work on HOS , but now its not supported , useless.","this app used to work on hos , but now its not supported , useless.",0,15,67,0,0,1,0.9333333333333333,0,1,0.1419,1,0,1,0.0,0,1,0,1.0,0.0
41a068f7-51dc-49a8-a0f5-14f54e012215,Netflix,Entertainment,Liam Baker,Unknown,1,2025-11-06 11:15:03,Doesn't let me uninstall from my mobile!!! 0 stars if I could,doesn't let me uninstall from my mobile!!! 0 stars if i could,0,12,61,0,0,0,1.0,1,0,0.0,1,0,1,0.0,0,1,0,1.0,0.0
b2765eba-81a0-49c7-86f8-fc3c30535543,Netflix,Entertainment,Nathanial Pietersen,Unknown,4,2025-11-06 11:22:56,lovely app but very slow sometimes,lovely app but very slow sometimes,0,6,34,0,0,0,1.0,0,1,0.34,1,0,1,0.0,0,1,0,4.0,0.0
a67d9a50-5d46-4db7-aa4f-ee5eb5c5ddec,Netflix,Entertainment,Lucas,Unknown,1,2025-11-06 11:41:42,"I don't understand why I can't control the brightness on my own phone when using this application, why does netflix control it?","i don't understand why i can't control the brightness on my own phone when using this application, why does netflix control it?",0,22,127,0,0,0,0.8636363636363636,0,1,-0.2924,1,0,1,0.0,0,1,0,1.0,0.0
f0b05572-3beb-4f57-9d3b-62aaeda5bb23,Netflix,Entertainment,Tanishk Jaiswal,Unknown,1,2025-11-06 12:40:14,Netflix will scam and fraud you while taking membership,netflix will scam and fraud you while taking membership,0,9,55,0,0,0,1.0,0,0,-0.8176,1,0,1,0.0,0,1,0,1.0,0.0
db5fa1a2-30ee-4e73-b588-53224ef8b353,Netflix,Entertainment,Rejiimae Mangumpit,Unknown,5,2025-11-06 13:20:44,its ok and cool i really like netflix love love love netflix,its ok and cool i really like netflix love love love netflix,0,12,60,0,0,0,0.75,0,0,0.9646,1,0,1,0.0,0,1,0,5.0,0.0
6ab5f5f0-5584-4c6e-91ea-420f93472e27,Netflix,Entertainment,Sky,Unknown,5,2025-11-06 14:02:42,DEMON SLAYER all I gotta say <3,demon slayer all i gotta say <3,0,7,31,0,0,2,1.0,0,0,0.4404,1,0,1,0.0,0,1,0,5.0,0.0
497396a5-7d77-45ee-970d-45f7cbd6d7fb,Netflix,Entertainment,Yansh Gokani,Unknown,5,2025-11-06 14:24:12,This is the most favourite app of mine. I really loved this✨️.I really watched more than 50 series and the quality of videos is A++..🫡,this is the most favourite app of mine. i really loved this✨️.i really watched more than 50 series and the quality of videos is a++..🫡,0,25,134,1,0,1,0.84,0,1,0.6361,1,0,1,0.0,0,1,0,5.0,0.0
ef23b33d-5aea-439a-8b6d-85e95703e110,Netflix,Entertainment,Issa Ali,Unknown,5,2025-11-06 14:25:42,note oppen in Netflix,note oppen in netflix,0,4,21,0,0,0,1.0,0,0,0.0,1,0,1,0.0,0,1,0,5.0,0.0
bf326193-4053-49ae-a933-130c566ad26a,Netflix,Entertainment,Avela Takata,Unknown,5,2025-11-06 14:28:23,amazing 👏,amazing 👏,0,2,9,1,0,0,1.0,0,0,0.5859,1,0,1,0.0,0,1,0,5.0,0.0
efd329f9-d230-4d04-86b1-c1e0e3d91063,Netflix,Entertainment,Milan,Unknown,3,2025-11-06 14:31:49,eh its ok but please stop asking for subscription I just want it for free!,eh its ok but please stop asking for subscription i just want it for free!,0,15,74,0,0,0,0.9333333333333333,1,0,0.7871,1,0,1,0.0,0,1,0,3.0,0.0
283a9d86-6778-4b3f-9381-9d2b3de7b3e4,Netflix,Entertainment,Eric Gibson,Unknown,5,2025-11-06 14:31:58,Awesome Praise God,awesome praise god,0,3,18,0,0,0,1.0,0,0,0.8689,1,0,1,0.0,0,1,0,5.0,0.0
1308c557-1164-4f1a-8601-419cf4dd480c,Netflix,Entertainment,ahad Khan,Unknown,5,2025-11-06 14:39:54,s c a m,s c a m,0,4,7,0,0,0,1.0,0,0,0.0,1,0,1,0.0,0,1,0,5.0,0.0
abce3a1d-2d65-4dfd-807c-41b50b3bfd4a,Netflix,Entertainment,Catherine Ekele,Unknown,5,2025-11-06 15:00:43,Awesome,awesome,0,1,7,0,0,0,1.0,0,0,0.6249,1,0,1,0.0,0,3,0,5.0,0.0
0321c175-9957-428b-823a-2c4fc39eaa31,Netflix,Entertainment,Jeevan Sinde,Unknown,5,2025-11-06 15:10:34,🤝 best moives,🤝 best moives,0,3,13,1,0,0,1.0,0,0,0.6369,1,0,1,0.0,0,1,0,5.0,0.0
211cdc2f-f50f-477f-8360-c7b3f0ac3f15,Netflix,Entertainment,Nompilo Mdunge,Unknown,5,2025-11-06 15:23:03,Nice series and movies they motivate us all the time they also give us lesson.,nice series and movies they motivate us all the time they also give us lesson.,0,15,78,0,0,0,0.8666666666666667,0,0,0.6597,1,0,1,0.0,0,1,0,5.0,0.0
050305a9-0b78-4838-bcb4-c62f11b21d1e,Netflix,Entertainment,SANVI3 VASANTH5,Unknown,3,2025-11-06 16:14:33,not available all movie or web series in telugu other languages hindi & tamil or available disappointing,not available all movie or web series in telugu other languages hindi & tamil or available disappointing,0,17,104,0,0,0,0.8823529411764706,0,1,-0.4939,1,0,1,0.0,0,1,0,3.0,0.0
b1344f0d-3b6b-4a70-96ab-ee583c858084,Netflix,Entertainment,aliza Khan,Unknown,5,2025-11-06 16:32:51,very nice and good work,very nice and good work,0,5,23,0,0,0,1.0,0,0,0.7397,1,0,1,0.0,0,1,0,5.0,0.0
38cc7c4a-bd33-4459-aefa-5c85c4218054,Netflix,Entertainment,Pankaj Chavan,Unknown,1,2025-11-06 17:23:27,please add wwe25k android version game in india,please add wwe25k android version game in india,0,8,47,0,0,0,1.0,0,0,0.3182,1,0,1,0.0,0,1,0,1.0,0.0
605d7dd4-c71d-4f5d-b489-b84cd669ffad,Netflix,Entertainment,Hariom Sharma,Unknown,1,2025-11-06 17:24:41,useless app wasting time of peoples or not open without pay money this is ridiculous 😒 .,useless app wasting time of peoples or not open without pay money this is ridiculous 😒 .,0,17,88,1,0,0,1.0,0,1,-0.803,1,0,1,0.0,0,1,0,1.0,0.0
3ca9d345-a702-4fae-aac9-5cd1731e0ce4,Netflix,Entertainment,Karleah Stucky,Unknown,1,2025-11-06 18:03:52,"The Household rules are kicking out people who are in the same house, on the same wifi. The tech people really messed up","the household rules are kicking out people who are in the same house, on the same wifi. the tech people really messed up",0,23,120,0,0,0,0.7391304347826086,0,0,-0.4005,1,0,1,0.0,0,1,0,1.0,0.0
07bb51e9-3f55-4521-89db-465335fab79e,Netflix,Entertainment,Tee Allen,Unknown,5,2025-11-06 18:30:09,"I love how there's a type of standard,a type boundary where you can choose a kids channel and an adult channel","i love how there's a type of standard,a type boundary where you can choose a kids channel and an adult channel",0,21,110,0,0,0,0.8571428571428571,0,0,0.6369,1,0,1,0.0,0,1,0,5.0,0.0
48b7ba0a-3d7f-43be-bcc0-2d3a1006f441,Netflix,Entertainment,Altaf Deshmukh,Unknown,1,2025-11-06 18:42:58,Meny bugs automatic exit. plz bugs fix not play video only show loading ....wrost netflix app,meny bugs automatic exit. plz bugs fix not play video only show loading ....wrost netflix app,0,16,93,0,0,0,0.9375,0,1,-0.1867,1,0,1,0.0,0,1,0,1.0,0.0
a186ad8b-708c-4749-a921-87dbf1568bcb,Netflix,Entertainment,Robert Wright,Unknown,1,2025-11-06 18:49:06,They don't explain that you can't use Chromecast with the subscription containing ads. False advertising.,they don't explain that you can't use chromecast with the subscription containing ads. false advertising.,0,15,105,0,0,0,1.0,0,0,0.0,1,0,1,0.0,0,1,0,1.0,0.0
aa649ae2-ab71-472a-8103-7a46267ff3d0,Netflix,Entertainment,Nurul Ain Syuhada,Unknown,2,2025-11-06 18:55:29,error nonstop.,error nonstop.,0,2,14,0,0,0,1.0,0,0,-0.4019,1,0,1,0.0,0,1,0,2.0,0.0
ad4bc370-69d9-4221-a986-72f93761a9eb,Netflix,Entertainment,Rebecca Lake,Unknown,1,2025-11-06 19:33:53,"constant freezing, no longer watching or paying for their service. Customer service needs an overhaul as well.","constant freezing, no longer watching or paying for their service. customer service needs an overhaul as well.",0,17,110,0,0,0,1.0,1,0,-0.128,1,0,1,0.0,0,1,0,1.0,0.0
fb819f58-63ef-48a0-9823-79cf5a0e39ff,Netflix,Entertainment,Igor Hasanbasic,Unknown,5,2025-11-06 20:29:08,Amazing🇺🇲💥💫❤️,amazing🇺🇲💥💫❤️,0,1,13,4,0,0,1.0,0,0,-0.5267,1,0,1,0.0,0,1,1,5.0,0.0
cc089386-0be7-403e-a603-937225d7a472,Netflix,Entertainment,AGATHA DAGAI,Unknown,5,2025-11-06 20:49:22,can will download in any different television,can will download in any different television,0,7,45,0,0,0,1.0,1,0,0.0,1,0,1,0.0,0,1,0,5.0,0.0
ee26f181-0577-49e7-beb4-0782657b94d7,Netflix,Entertainment,Zithi Njwabule,Unknown,5,2025-11-06 20:59:33,it amazing,it amazing,0,2,10,0,0,0,1.0,0,0,0.5859,1,0,1,0.0,0,1,0,5.0,0.0
d9ca6bac-35a5-47a9-a6f2-84b08e4145db,Netflix,Entertainment,Brian Sparks,Unknown,5,2025-11-06 21:15:46,interesting and funny,interesting and funny,0,3,21,0,0,0,1.0,0,0,0.6808,1,0,1,0.0,0,1,0,5.0,0.0
a963d01e-14f1-4cad-8a1e-d5a7f637b645,Netflix,Entertainment,Omar Sallakh1,Unknown,1,2025-11-06 21:17:04,"very bad, company doesnt care","very bad, company doesnt care",0,5,29,0,0,0,1.0,0,0,-0.7522,1,0,1,0.0,0,1,0,1.0,0.0
3ebfa1e4-7524-462a-bb6d-6badd235b461,Netflix,Entertainment,John Regester,Unknown,5,2025-11-06 21:18:24,mostly for the good,mostly for the good,0,4,19,0,0,0,1.0,0,0,0.4404,1,0,1,0.0,0,1,0,5.0,0.0
9d1d8595-15c1-4497-94a9-fabac8878081,Netflix,Entertainment,Blue Storm,Unknown,5,2025-11-06 21:24:57,I love this app Netflix has sooooooooooooo meny of my childhood movies I absolutely love my mom Is watching it right now I hate it 5 stars absolutely 10/10,i love this app netflix has sooooooooooooo meny of my childhood movies i absolutely love my mom is watching it right now i hate it 5 stars absolutely 10/10,0,29,155,0,0,0,0.7931034482758621,0,1,0.7178,1,0,1,0.0,0,1,0,5.0,0.0
aa5ac3f2-7040-4071-a38a-d4e157abcb32,Netflix,Entertainment,Blessing Kolawole,Unknown,5,2025-11-06 21:48:28,the home of love and sweetness,the home of love and sweetness,0,6,30,0,0,0,1.0,0,0,0.8126,1,0,1,0.0,0,1,0,5.0,0.0
424fcbc9-26a5-4b2b-bd51-ae39f22b95d6,Netflix,Entertainment,Daniel Hoffman,Unknown,1,2025-11-06 22:07:08,came pre installed and device won't let me remove,came pre installed and device won't let me remove,0,9,49,0,0,0,1.0,1,0,0.0,1,0,1,0.0,0,1,0,1.0,0.0
3965fa0f-975b-4b1f-b9b6-61f7e439dc58,Netflix,Entertainment,Mohammad Zahir Hotaky,Unknown,1,2025-11-06 22:15:17,not good,not good,0,2,8,0,0,0,1.0,0,0,-0.3412,1,0,1,0.0,0,1,0,1.0,0.0
b9360157-9eb1-4855-807d-9d7d44df808d,Netflix,Entertainment,Pratyusha Baraily,Unknown,5,2025-11-06 23:12:28,This app is amazing 😍🤩 I can watch all my favorite series here,this app is amazing 😍🤩 i can watch all my favorite series here,0,13,62,2,0,0,1.0,0,1,0.8689,1,0,1,0.0,0,1,0,5.0,0.0
452a6e0b-b319-4573-9e17-983fd2a987fb,Netflix,Entertainment,Jack Sutton,Unknown,5,2025-11-06 23:20:54,dog man is our favorite movie 🍿 I think Netflix is great 👍😃,dog man is our favorite movie 🍿 i think netflix is great 👍😃,0,13,59,3,0,0,0.9230769230769231,0,0,0.8625,1,0,1,0.0,0,1,0,5.0,0.0
8b87312c-d248-4f31-878a-915bb1e467c0,Netflix,Entertainment,Kara VanGiesen,Unknown,4,2025-11-06 23:34:09,I wish I could find my list easier,i wish i could find my list easier,0,8,34,0,0,0,0.875,0,0,0.6705,1,0,1,0.0,0,1,0,4.0,0.0
583e7fa8-0235-4708-ba8e-1d6a2516bae5,Netflix,Entertainment,Victor Johnson,Unknown,5,2025-11-06 23:43:21,can't find icon.always dissappear s,can't find icon.always dissappear s,0,5,35,0,0,0,1.0,0,1,0.0,1,0,1,0.0,0,1,0,5.0,0.0
76aa7d16-aa8d-4677-bcdd-688c04eac027,Netflix,Entertainment,Amber McKinnon,Unknown,1,2025-11-06 23:45:35,cannot login to app? rubbish patch,cannot login to app? rubbish patch,0,6,34,0,0,0,1.0,0,1,0.0,1,0,1,0.0,0,1,0,1.0,0.0
23d48faa-fd1d-4d92-a772-ef22fd7c8449,Netflix,Entertainment,Sarunyu,Unknown,1,2025-11-07 00:11:53,กดยกเลิก membership แล้ว ยังโดนหักตังค์ ระวังกันด้วยนะครับ ตอนนี้ผมกด delete account และลบแอบไปเลย,กดยกเลิก membership แล้ว ยังโดนหักตังค์ ระวังกันด้วยนะครับ ตอนนี้ผมกด delete account และลบแอบไปเลย,0,9,98,0,0,0,1.0,0,0,0.0,1,0,1,0.0,0,1,0,1.0,0.0
7aa3b28e-1a28-4c80-ad6c-8b61a37e8bd9,Netflix,Entertainment,Kimberly Nicole,Unknown,1,2025-11-07 01:47:01,the worst,the worst,1,2,9,0,0,0,1.0,0,0,-0.6249,1,0,1,0.0,0,1,0,1.0,0.0
4a652c4a-afc8-4faf-8e63-0887cbaeeda6,Netflix,Entertainment,Samuel Tomiwa,Unknown,1,2025-11-07 01:54:00,Play error (too many people watching at the same time) while I was the only one watching it at that particular time.,play error (too many people watching at the same time) while i was the only one watching it at that particular time.,0,22,116,0,0,0,0.8636363636363636,0,0,-0.0772,1,0,1,0.0,0,1,0,1.0,0.0
259ef4ab-8c75-48be-a3ef-c1981b2a3003,Netflix,Entertainment,Emil Loparski,Unknown,1,2025-11-07 02:12:49,"If I see the Household error one more time, I swear, I will stop the subscription.","if i see the household error one more time, i swear, i will stop the subscription.",0,16,82,0,0,0,0.8125,0,0,-0.6557,1,0,1,0.0,0,1,0,1.0,0.0
9250649f-a80c-44ed-8eff-0aa3e990b69b,Netflix,Entertainment,Lynne Chiew,Unknown,1,2025-11-07 02:55:22,Trash!!!,trash!!!,0,1,8,0,0,0,1.0,0,0,0.0,1,0,1,0.0,0,1,0,1.0,0.0
9b0df385-f322-4853-98a1-401ce3415186,Netflix,Entertainment,Christina McNeill,Unknown,5,2025-11-07 05:13:46,I love Netflix!,i love netflix!,0,3,15,0,0,0,1.0,0,0,0.6696,1,0,1,0.0,0,1,0,5.0,0.0
4fd775a8-c4e8-4277-a560-30c17d6c03a2,Netflix,Entertainment,Henry MacDonald (Styx),Unknown,5,2025-11-07 05:29:57,nah man,nah man,0,2,7,0,0,0,1.0,0,0,-0.1027,1,0,1,0.0,0,1,0,5.0,0.0
5b2b3da6-5a7e-4a94-b07a-5c09c20ae25a,Netflix,Entertainment,Raunak Singh,Unknown,5,2025-11-07 05:39:46,awesome,awesome,0,1,7,0,0,0,1.0,0,0,0.6249,1,0,1,0.0,0,3,0,5.0,0.0
f6da8a80-ffa1-40f0-af87-de096fd268e4,Netflix,Entertainment,Cora Estacio,Unknown,1,2025-11-07 05:54:22,i can't uninstall,i can't uninstall,0,3,17,0,0,0,1.0,1,0,0.0,1,0,1,0.0,0,1,0,1.0,0.0
7b102f81-7d1c-4c0a-8cce-a44afd651b4e,Netflix,Entertainment,Shivani Mehra,Unknown,1,2025-11-07 06:00:33,Q ki aap jhutha ha aur goggle pain jhutha likha haa korean webseries ha happiness and the uncanny counter ki ya dono hindi language main ha netflix pain paar ya baat jhuth ha aur hindi main nhi ha,q ki aap jhutha ha aur goggle pain jhutha likha haa korean webseries ha happiness and the uncanny counter ki ya dono hindi language main ha netflix pain paar ya baat jhuth ha aur hindi main nhi ha,0,38,196,0,0,0,0.7105263157894737,0,1,0.7906,1,0,1,0.0,0,1,1,1.0,0.0
90c16daa-76ad-4ba2-8483-fb41a71a726f,Netflix,Entertainment,Sachin Saroj,Unknown,4,2025-11-07 06:05:13,best Netflix app,best netflix app,0,3,16,0,0,0,1.0,0,1,0.6369,1,0,1,0.0,0,1,0,4.0,0.0
c7c14bcd-62d6-4b6f-9447-a7302b7073b8,Netflix,Entertainment,Da Ne,Unknown,1,2025-11-07 06:21:35,not many movies available. not all series available. junk,not many movies available. not all series available. junk,0,9,57,0,0,0,0.7777777777777778,0,0,0.0,1,0,1,0.0,0,1,0,1.0,0.0
7dccb705-9db3-4235-ada2-07aba1b51fc6,Netflix,Entertainment,dinesh kumar,Unknown,5,2025-11-07 06:31:12,one of my favourite ott service,one of my favourite ott service,0,6,31,0,0,0,1.0,0,0,0.0,1,0,1,0.0,0,1,0,5.0,0.0
1cfec3d0-853f-4d7f-a088-c1b6723654bc,Netflix,Entertainment,Mark S,Unknown,1,2025-11-07 06:54:22,Too expensive,too expensive,0,2,13,0,0,0,1.0,0,0,0.0,1,0,1,0.0,0,1,0,1.0,0.0
8aa48a91-cc69-4725-98b2-ab2d7755f54d,Netflix,Entertainment,nurhusnina (Bb),Unknown,5,2025-11-07 06:57:48,"I love this app. I have one suggestion, can Netflix add a comments section? I bet it’s going to be an enriching experience.","i love this app. i have one suggestion, can netflix add a comments section? i bet it’s going to be an enriching experience.",0,23,123,0,0,0,0.9130434782608695,0,1,0.6369,1,0,1,0.0,0,1,0,5.0,0.0
1cb6ea03-53af-44bd-bfae-c73e9bd6ea5f,Netflix,Entertainment,Oriyomi Oluseje,Unknown,5,2025-11-07 07:04:16,nice one,nice one,0,2,8,0,0,0,1.0,0,0,0.4215,1,0,1,0.0,0,1,0,5.0,0.0
f919284f-c56d-4012-af95-d02ff0603f46,Netflix,Entertainment,azam ghadrdan,Unknown,5,2025-11-07 07:10:40,Good job❤️,good job❤️,0,2,10,0,0,0,1.0,0,0,0.4404,1,0,1,0.0,0,1,0,5.0,0.0
682ef5b3-e9e0-4b8e-9098-6ce006b7fa3c,Netflix,Entertainment,Mo-Lettie R,Unknown,2,2025-11-07 07:37:51,appears to have poor navigation on my TV box,appears to have poor navigation on my tv box,0,9,44,0,0,1,1.0,0,1,-0.4767,1,0,1,0.0,0,1,0,2.0,0.0
74d70bc8-ea6f-42ce-882a-f8c2e7982655,Netflix,Entertainment,Akhilendra Yadav,Unknown,5,2025-11-07 08:04:11,Great app,great app,0,2,9,0,0,0,1.0,0,1,0.6249,1,0,1,0.0,0,3,0,5.0,0.0
c11cbf0c-d095-4c95-bc2b-6b732dce3283,Netflix,Entertainment,Naomi,Unknown,5,2025-11-07 09:23:49,The best,the best,0,2,8,0,0,0,1.0,0,0,0.6369,1,0,1,0.0,0,1,0,5.0,0.0
e2597a66-8a9a-4440-9193-c96175a8447e,Netflix,Entertainment,Mani King,Unknown,5,2025-11-07 09:34:22,I am full rating a netflix are created best web series ossum best fantastic my best series are lucifer i request and imagine a netflix creating lucifer season 7 best appo netflix,i am full rating a netflix are created best web series ossum best fantastic my best series are lucifer i request and imagine a netflix creating lucifer season 7 best appo netflix,0,32,178,0,0,0,0.6875,0,1,0.9766,1,0,1,0.0,0,1,0,5.0,0.0
0f610676-df4d-465f-a9e5-9e56610d9443,Netflix,Entertainment,A Google user,Unknown,3,2025-11-07 09:50:00,very difficult to get app on device,very difficult to get app on device,0,7,35,0,0,0,1.0,0,1,-0.4201,1,0,10,267230.0,0,1,0,3.4,1.6465452046971292
b707eccb-ab1f-441b-9c86-1cfb72c1650b,Netflix,Entertainment,Mohit Rohtan,Unknown,5,2025-11-07 10:01:13,good work,good work,0,2,9,0,0,0,1.0,0,0,0.4404,1,0,1,0.0,0,1,0,5.0,0.0
d3fab492-533e-46b8-b4a2-d2adad5fb5ac,Netflix,Entertainment,A Google user,Unknown,5,2025-11-07 10:27:56,Netflix you forgot to add Superman and Lois and dont forget to add all the seasons because some people haven't been able to watch all of it because Cw app doesn't have it all,netflix you forgot to add superman and lois and dont forget to add all the seasons because some people haven't been able to watch all of it because cw app doesn't have it all,0,34,174,0,0,0,0.7647058823529411,0,1,0.1695,1,0,10,2276.0,0,1,0,3.4,1.6465452046971292
b632b5b6-6f08-4981-b95b-d25bdfb6f83d,Netflix,Entertainment,Shaikh Amrin,Unknown,5,2025-11-07 10:28:14,best for exclusive series,best for exclusive series,0,4,25,0,0,0,1.0,0,0,0.6908,1,0,1,0.0,0,1,0,5.0,0.0
1b5996ab-1831-4977-9bea-acbd6647b164,Netflix,Entertainment,Damilare Abraham,Unknown,5,2025-11-07 10:31:03,my Netflix is not playing movies even do i download it keep loading,my netflix is not playing movies even do i download it keep loading,0,13,67,0,0,0,1.0,1,0,-0.1511,1,0,1,0.0,0,1,0,5.0,0.0
1e94dadf-c843-482d-83ba-27cdae39d852,Netflix,Entertainment,Aditi Pandey,Unknown,2,2025-11-07 10:51:03,it get closed by it self,it get closed by it self,0,6,24,0,0,0,0.8333333333333334,0,0,0.0,1,0,1,0.0,0,1,0,2.0,0.0
99ea735a-4271-4210-89fa-921fd886e6ac,Netflix,Entertainment,Vincent Navarro,Unknown,1,2025-11-07 11:03:43,Totally not working. always loading...,totally not working. always loading...,0,5,38,0,0,0,1.0,0,0,0.0,1,0,1,0.0,0,1,0,1.0,0.0
141be686-3b38-429c-badf-7b4818bc19fe,Netflix,Entertainment,Bubu Saha,Unknown,5,2025-11-07 11:52:53,helpful,helpful,0,1,7,0,0,0,1.0,0,0,0.4215,1,0,1,0.0,0,1,0,5.0,0.0
98259ca0-cfb0-4ee5-b934-9716c232cc3d,Netflix,Entertainment,Julie Malonzo,Unknown,1,2025-11-07 12:16:12,"Every time I want to watch something, it keeps loading endlessly.","every time i want to watch something, it keeps loading endlessly.",0,11,65,0,0,0,1.0,0,0,0.0772,1,0,1,0.0,0,1,0,1.0,0.0
542495bf-4109-4810-90a0-45ecabc01a51,Netflix,Entertainment,Edwin Tsiolo,Unknown,5,2025-11-07 12:51:57,best of the best,best of the best,0,4,16,0,0,0,0.75,0,0,0.8555,1,0,1,0.0,0,1,0,5.0,0.0
a02af4fc-f408-469a-9030-d03d1c18a690,Netflix,Entertainment,Dave S.,Unknown,5,2025-11-07 13:06:28,Excellent.,excellent.,0,1,10,0,0,0,1.0,0,0,0.5719,1,0,1,0.0,0,1,0,5.0,0.0
11e18951-4056-4c41-ba3c-6beae4a55eba,Netflix,Entertainment,Fatima Asim,Unknown,5,2025-11-07 13:06:52,outstanding,outstanding,0,1,11,0,0,0,1.0,0,0,0.6124,1,0,1,0.0,0,1,0,5.0,0.0
fd4ee4a7-f0c3-4f08-aa0a-544344896099,Netflix,Entertainment,Willow,Unknown,1,2025-11-07 13:09:30,me and my family can't watch Netflix anymore because of this household error even if we're not travelling,me and my family can't watch netflix anymore because of this household error even if we're not travelling,0,18,105,0,0,0,1.0,0,0,-0.4019,1,0,1,0.0,0,1,0,1.0,0.0
c421e5ef-5179-44e0-a19a-d9bbd338b6d0,Netflix,Entertainment,vikas kumar swami,Unknown,1,2025-11-07 13:27:55,"app not in working condition. all videos having error like this video has problem,try after sometime. total money waste 😞","app not in working condition. all videos having error like this video has problem,try after sometime. total money waste 😞",0,20,121,1,0,0,1.0,0,1,-0.7678,1,0,1,0.0,0,1,0,1.0,0.0
90196f88-4bdb-436c-ab30-caad0f309266,Netflix,Entertainment,Rizwan Syed,Unknown,1,2025-11-07 13:39:08,supports only full hd on my S24 Ultra,supports only full hd on my s24 ultra,0,8,37,0,0,1,1.0,0,0,0.3612,1,0,1,0.0,0,1,0,1.0,0.0
34ea237e-bcf4-4e9e-bda4-0a9776852a2d,Netflix,Entertainment,User ID,Unknown,5,2025-11-07 13:44:27,Nice App All New Fresh Release Movie Series Wish there's More avalable Tagalog Dubbed.,nice app all new fresh release movie series wish there's more avalable tagalog dubbed.,0,14,86,0,0,0,1.0,0,1,0.7783,1,0,1,0.0,0,1,0,5.0,0.0
35d65753-3166-4de0-97de-69a686c49b9a,Netflix,Entertainment,Kanti Bhalavi,Unknown,4,2025-11-07 14:04:21,nothing but good,nothing but good,0,3,16,0,0,0,1.0,0,0,-0.4782,1,0,1,0.0,0,1,0,4.0,0.0
eb3f4ab5-86db-4b8c-a538-2126306083ee,Netflix,Entertainment,Annatjie Graham,Unknown,2,2025-11-07 14:07:27,I can't open the the app,i can't open the the app,0,6,24,0,0,0,0.8333333333333334,0,1,0.0,1,0,1,0.0,0,1,0,2.0,0.0
d703ce88-d900-4814-87ad-ca08228afb85,Netflix,Entertainment,Jack Volpe,Unknown,5,2025-11-07 14:56:54,Awsome Content Thxs. 👍,awsome content thxs. 👍,0,4,22,1,0,0,1.0,0,0,0.0,1,0,1,0.0,0,1,0,5.0,0.0
795ced9d-5437-4a7c-bee1-2e1def72fc1a,Netflix,Entertainment,Atirah Wan Kamal,Unknown,5,2025-11-07 14:56:54,dpt tonton pelbagai cerita dgn langganan bulanan yg berbaloi,dpt tonton pelbagai cerita dgn langganan bulanan yg berbaloi,0,9,60,0,0,0,1.0,0,0,0.0,1,0,1,0.0,0,1,0,5.0,0.0
cf47db2c-7ebf-4359-93db-445b4223b279,Netflix,Entertainment,XIMENA BELTRAN,Unknown,1,2025-11-07 15:01:12,no me deja ver series o películas en el celular,no me deja ver series o películas en el celular,0,10,47,0,0,0,1.0,0,0,-0.296,1,0,1,0.0,0,1,0,1.0,0.0
6e4f3821-4b98-4ff6-b2f1-301346fdd875,Netflix,Entertainment,Emilijus Šileikis,Unknown,1,2025-11-07 15:16:34,The rich getting richer. Money grabbers 💀,the rich getting richer. money grabbers 💀,0,7,41,1,0,0,1.0,0,0,0.7906,1,0,1,0.0,0,1,1,1.0,0.0
6693bbd3-d073-4f20-8b76-f59892e3707d,Netflix,Entertainment,Abisoye “Bros_Abi” Akomolafe,Unknown,4,2025-11-07 15:16:37,why can't I make payment on playstore,why can't i make payment on playstore,0,7,37,0,0,0,1.0,0,0,0.0,1,0,1,0.0,0,1,0,4.0,0.0
98fad5cb-6b82-47c7-ba46-38be1f962b8a,Netflix,Entertainment,K B Raju,Unknown,5,2025-11-07 15:28:03,beautiful word less,beautiful word less,0,3,19,0,0,0,1.0,0,0,0.5994,1,0,1,0.0,0,1,0,5.0,0.0
bde1c147-a479-4755-8976-cf014e748447,Netflix,Entertainment,Sylvia Freeman,Unknown,4,2025-11-07 15:58:41,greAt,great,0,1,5,0,0,0,1.0,0,0,0.6249,1,0,1,0.0,0,4,0,4.0,0.0
37751b94-b614-4e7b-a9b0-bb14170b1863,Netflix,Entertainment,Fiq Epy,Unknown,3,2025-11-07 16:06:52,takde pilihan warna terang ke . gelap saya sakit mata pening boh,takde pilihan warna terang ke . gelap saya sakit mata pening boh,5,12,64,0,0,0,1.0,0,0,0.0,1,0,1,0.0,0,1,0,3.0,0.0
08169f53-1dbf-4249-b7a4-572911baa476,Netflix,Entertainment,Ifeanyi Aniekwe,Unknown,4,2025-11-07 16:55:57,Fast and easy to control,fast and easy to control,0,5,24,0,0,0,1.0,0,0,0.4404,1,0,1,0.0,0,1,0,4.0,0.0
00fff0c4-f542-403e-84fa-d88d2ec380ba,Netflix,Entertainment,Mr. Andrea Furfaro,Unknown,1,2025-11-07 19:49:07,distasteful and degenerate content. avoid like the plague. not family and kids friendly at all.,distasteful and degenerate content. avoid like the plague. not family and kids friendly at all.,1,15,95,0,0,0,0.9333333333333333,0,0,0.5423,1,0,1,0.0,0,1,1,1.0,0.0
edf22608-51c0-40aa-a7ce-5e1e16476ecb,Netflix,Entertainment,Daniel,Unknown,4,2025-11-07 20:09:35,Good but sometimes the show shovels some hot garbage shows and also it would be nice if we could see the expiration date of the movies and shows,good but sometimes the show shovels some hot garbage shows and also it would be nice if we could see the expiration date of the movies and shows,0,28,144,0,0,0,0.8571428571428571,0,0,0.6858,1,0,1,0.0,0,1,0,4.0,0.0
b113d0f5-9fa8-4597-91f3-831e46d407c0,Netflix,Entertainment,Philipp D,Unknown,1,2025-11-07 20:39:54,"Chromecast nicht verfügbar, wenn man das Abo mit Werbung hat. Dies wurde nirgendwo erwähnt und grenzt an Betrug!","chromecast nicht verfügbar, wenn man das abo mit werbung hat. dies wurde nirgendwo erwähnt und grenzt an betrug!",0,18,112,0,0,0,1.0,0,0,0.0,1,0,1,0.0,0,1,0,1.0,0.0
99289c0c-fc0a-45b1-b9a0-59e1c6e795ce,Netflix,Entertainment,Miss Oxzy,Unknown,4,2025-11-07 20:44:21,honestly Netflix is nice app most of there movie are not interesting and they don't have much teenage movies but still cool anytime you guys are recruiting chat me up,honestly netflix is nice app most of there movie are not interesting and they don't have much teenage movies but still cool anytime you guys are recruiting chat me up,0,30,166,0,0,0,0.9666666666666667,0,1,0.6394,1,0,1,0.0,0,1,0,4.0,0.0
e8d78592-39de-464a-afe6-9bb2a8d7a774,Netflix,Entertainment,Anuj Sharma,Unknown,3,2025-11-07 20:49:28,app is crashing,app is crashing,1,3,15,0,0,0,1.0,0,1,0.0,1,0,1,0.0,0,1,0,3.0,0.0
024cf95e-ecf8-4084-9b6f-11bcd00cbc8a,Netflix,Entertainment,Tanatswanashe Nduna,Unknown,4,2025-11-07 21:54:09,"wonderful app, but please can you censor strong language for the sake of those who cringe when they hear bad language.","wonderful app, but please can you censor strong language for the sake of those who cringe when they hear bad language.",0,21,118,0,0,0,1.0,0,1,0.0,1,0,1,0.0,0,1,0,4.0,0.0
0c6f3a6d-56ae-46bd-bb8a-a6507837b3ce,Netflix,Entertainment,mimicare ify,Unknown,1,2025-11-07 22:14:50,App froze unexpectedly. App automatic deleting my download movies. App logged me out. Fix this glitch!!!,app froze unexpectedly. app automatic deleting my download movies. app logged me out. fix this glitch!!!,0,16,104,0,0,0,0.875,1,1,0.0,1,0,1,0.0,0,1,0,1.0,0.0
07482fbf-394a-4584-88b3-5b643aa19ac1,Netflix,Entertainment,Shardul Sonar,Unknown,1,2025-11-07 22:36:59,"The default brightness is too high for Video Playback. and I am not able to change the brightness either. I touch the brightness slider, but no effect","the default brightness is too high for video playback. and i am not able to change the brightness either. i touch the brightness slider, but no effect",0,27,150,0,0,0,0.8148148148148148,0,0,0.1531,1,0,1,0.0,0,1,0,1.0,0.0
77386252-5da6-4cf4-863a-42c0e0eb2318,Netflix,Entertainment,Gav,Unknown,1,2025-11-08 00:16:12,too many notifications not enough old horror films,too many notifications not enough old horror films,0,8,50,0,0,0,1.0,0,0,0.4585,1,0,1,0.0,0,1,0,1.0,0.0
7f20b28f-e9e3-4ddd-b2f2-8436e11825b0,Netflix,Entertainment,Collin French,Unknown,1,2025-11-08 03:15:10,the new verification method for watching Netflix on a family profile is awful.,the new verification method for watching netflix on a family profile is awful.,0,13,78,0,0,0,1.0,0,0,-0.4588,1,0,1,0.0,0,1,0,1.0,0.0
1f03f4f2-ff8b-401e-a874-8725095833c7,Netflix,Entertainment,Sarra Burnerwala,Unknown,1,2025-11-08 04:10:25,coz I like this app!!!! to watch series and movies please remove sub option 🙂 🙃 😑 it's annoying 😑 😒 or I will never download this app!!! 😒😑 please make this app free to watch series and movies !!!😑🙂,coz i like this app!!!! to watch series and movies please remove sub option 🙂 🙃 😑 it's annoying 😑 😒 or i will never download this app!!! 😒😑 please make this app free to watch series and movies !!!😑🙂,0,40,198,9,0,0,0.75,1,1,0.9229,1,0,1,0.0,0,1,1,1.0,0.0
2cfa2270-8105-46cd-8646-f3608e4358e0,Netflix,Entertainment,Wazana George,Unknown,1,2025-11-08 04:16:50,because you got to pay for it,because you got to pay for it,0,7,29,0,0,0,1.0,0,0,-0.1027,1,0,1,0.0,0,1,0,1.0,0.0
6074050f-e11e-4a88-bcfd-6de8239a3b8e,Netflix,Entertainment,Sam Thrasher,Unknown,1,2025-11-08 04:47:34,why is Civ VI leaving? ugh not cool!,why is civ vi leaving? ugh not cool!,0,8,36,0,0,1,1.0,0,0,-0.6192,1,0,1,0.0,0,1,0,1.0,0.0
7573030a-eac5-4182-99c4-3af0c28e4dd2,Netflix,Entertainment,niato mosi,Unknown,1,2025-11-08 04:56:01,useless netflix I already paid for my membership but it shows payment pending and asks me to pay again,useless netflix i already paid for my membership but it shows payment pending and asks me to pay again,0,19,102,0,0,0,1.0,0,0,-0.3612,1,0,1,0.0,0,1,0,1.0,0.0
160a8cfb-ac20-47d8-a904-ae77f395ba17,Netflix,Entertainment,Subhash Choudhary,Unknown,1,2025-11-08 05:40:09,no money this free movie ok,no money this free movie ok,0,6,27,0,0,0,1.0,1,0,0.5106,1,0,1,0.0,0,1,1,1.0,0.0
56567d04-f308-4863-ba0a-74b486f80710,Netflix,Entertainment,Rajiv Pradhan,Unknown,2,2025-11-08 06:50:22,There are better series and movies in other ott apps than in Netflix these days.. Netflix needs to provide some better tv shows and movies,there are better series and movies in other ott apps than in netflix these days.. netflix needs to provide some better tv shows and movies,0,25,138,0,0,0,0.8,0,1,0.7003,1,0,1,0.0,0,1,1,2.0,0.0
f98e7c9c-eb99-4bd0-a4ea-60f919ed2c98,Netflix,Entertainment,Zipp Zapp,Unknown,2,2025-11-08 07:05:18,Boring,boring,0,1,6,0,0,0,1.0,0,0,-0.3182,1,0,1,0.0,0,1,0,2.0,0.0
bddd7753-89cf-4aa5-8c63-b911c7975fe5,Netflix,Entertainment,Sky Craft,Unknown,1,2025-11-08 07:44:06,stop raising the prices,stop raising the prices,0,4,23,0,0,0,1.0,0,0,-0.296,1,0,1,0.0,0,1,0,1.0,0.0
8089db99-3779-4a2d-9254-1013ff708151,Netflix,Entertainment,Bsindisiwe Bsindisiwe,Unknown,1,2025-11-08 07:54:35,Can't download Netflix app on my phone,can't download netflix app on my phone,0,7,38,0,0,0,1.0,1,1,0.0,1,0,1,0.0,0,1,0,1.0,0.0
433d874a-bb78-4dd5-aa16-56903efced09,Netflix,Entertainment,Fallen One,Unknown,3,2025-11-08 08:04:58,the app freezes often,the app freezes often,0,4,21,0,0,0,1.0,1,1,-0.0258,1,0,1,0.0,0,1,0,3.0,0.0
a20767b8-077f-4431-a293-85626e4bf7f0,Netflix,Entertainment,Jolie Brown,Unknown,5,2025-11-08 08:57:05,SIGMA BOI,sigma boi,0,2,9,0,0,2,1.0,0,0,0.0,1,0,1,0.0,0,1,0,5.0,0.0
86683d6c-f16d-43fe-8be8-6782828c0a12,Netflix,Entertainment,Vijay Dhanawade,Unknown,1,2025-11-08 09:58:01,add Hindi audio to all anime,add hindi audio to all anime,1,6,28,0,0,0,1.0,0,0,0.0,1,0,1,0.0,0,1,0,1.0,0.0
b8e13cad-802b-48bf-87e8-9741c8e94505,Netflix,Entertainment,Kaustubh Dusane,Unknown,5,2025-11-08 10:14:36,Excellent,excellent,0,1,9,0,0,0,1.0,0,0,0.5719,1,0,1,0.0,0,4,0,5.0,0.0
b9c30a77-dee1-4096-b92e-f2ecf0b883e4,Netflix,Entertainment,Umar Mustapha,Unknown,5,2025-11-08 10:58:09,Wow I love this app very much,wow i love this app very much,0,7,29,0,0,0,1.0,0,1,0.8402,1,0,1,0.0,0,1,0,5.0,0.0
248eff41-712b-435f-a318-8e9155aa619c,Netflix,Entertainment,Madel Recinto,Unknown,1,2025-11-08 12:13:17,keep processing my payment even though I already canceled my membership,keep processing my payment even though i already canceled my membership,0,11,71,0,0,0,0.9090909090909091,0,0,0.0,1,0,1,0.0,0,1,0,1.0,0.0
ef233bd5-ba6c-46ae-afac-1c7b8213cb22,Netflix,Entertainment,Amira,Unknown,4,2025-11-08 13:08:35,kinda priced about this app i guess but nice movie,kinda priced about this app i guess but nice movie,0,10,50,0,0,0,1.0,0,1,0.5719,1,0,1,0.0,0,1,0,4.0,0.0
61667b79-3a83-4515-8afc-a9ed12a3dd53,Netflix,Entertainment,Paper Mountains,Unknown,1,2025-11-08 13:38:34,"I can't watch anything on mobile. I tried updating it. It didn't work. After that, I tried Uninstalling and Installing it. Still didn't work. The only time it works is on TV.","i can't watch anything on mobile. i tried updating it. it didn't work. after that, i tried uninstalling and installing it. still didn't work. the only time it works is on tv.",0,32,174,0,0,1,0.75,1,0,0.0,1,0,1,0.0,0,1,0,1.0,0.0
3c1c3f93-f88f-4d87-81ef-9cd6ba7b6611,Netflix,Entertainment,Arman Mansuri,Unknown,5,2025-11-08 13:53:23,happy app,happy app,0,2,9,0,0,0,1.0,0,1,0.5719,1,0,1,0.0,0,1,0,5.0,0.0
5105e615-1111-4e78-88c1-6cd5b17d4fca,Netflix,Entertainment,RITIKA KHANNA,Unknown,1,2025-11-08 14:15:00,I want to know about this application payment method. is it Autopay??? because I just try for one time. if I find it good then I want to proceed further.,i want to know about this application payment method. is it autopay??? because i just try for one time. if i find it good then i want to proceed further.,0,30,153,0,0,0,0.8,0,1,0.6174,1,0,1,0.0,0,1,1,1.0,0.0
4405c3f3-905e-4c86-8246-29bcb7cf0224,Netflix,Entertainment,Manthan Mehta,Unknown,1,2025-11-08 14:35:50,Add quality control like YouTube Jio hotstar etc 4k plan shows me 720p,add quality control like youtube jio hotstar etc 4k plan shows me 720p,0,13,70,0,0,0,1.0,0,0,0.3612,1,0,1,0.0,0,1,0,1.0,0.0
f65a158d-e389-4210-bb6f-6240dce4899d,Netflix,Entertainment,Ramesh Kumar,Unknown,5,2025-11-08 14:50:48,ye aap slow bhut hi par kaphi intractiv aap bhi hai,ye aap slow bhut hi par kaphi intractiv aap bhi hai,0,11,51,0,0,0,0.9090909090909091,0,1,0.0,1,0,1,0.0,0,1,0,5.0,0.0
9968fa26-68a4-4c66-8b3f-9e033eaf9779,Netflix,Entertainment,Rajat Meena,Unknown,3,2025-11-08 15:03:57,not bad,not bad,0,2,7,0,0,0,1.0,0,0,0.431,1,0,1,0.0,0,2,0,3.0,0.0
0a6141d9-b73c-494c-8f03-9230fce76d0a,Netflix,Entertainment,Enjoy Eating,Unknown,5,2025-11-08 15:11:09,Really fun enjoy and it makes a good banger ty,really fun enjoy and it makes a good banger ty,0,10,46,0,0,0,1.0,0,0,0.9113,1,0,1,0.0,0,1,0,5.0,0.0
293ecd6a-d6d3-4121-ad20-1227e71aa58f,Netflix,Entertainment,Freddy Tom,Unknown,1,2025-11-08 15:52:39,won't allow to update payment. help center useless.,won't allow to update payment. help center useless.,0,8,51,0,0,0,1.0,0,0,-0.194,1,0,1,0.0,0,1,0,1.0,0.0
e5c87053-bd9d-401e-adf9-561f9a7f451b,Netflix,Entertainment,Melquin Aranda,Unknown,1,2025-11-08 15:57:45,they charge two time for the same account.,they charge two time for the same account.,0,8,42,0,0,0,1.0,0,0,0.0,1,0,1,0.0,0,1,0,1.0,0.0
0463bbc2-22a9-4240-a102-e0b50410bfc5,Netflix,Entertainment,Chumani Lizwelelethu Twalo,Unknown,5,2025-11-08 16:20:03,Loved it.,loved it.,0,2,9,0,0,0,1.0,0,0,0.5994,1,0,1,0.0,0,1,0,5.0,0.0
6bd93862-952e-420b-829b-ee5307139596,Netflix,Entertainment,koiki bolatito,Unknown,1,2025-11-08 16:22:56,downloaded movies need the internet to load sometimes.,downloaded movies need the internet to load sometimes.,0,8,54,0,0,0,1.0,1,0,0.0,1,0,1,0.0,0,1,0,1.0,0.0
288abdb1-cb00-48ea-ad38-24a9269a8df5,Netflix,Entertainment,Neeraj Baman,Unknown,1,2025-11-08 16:24:01,lauda app,lauda app,0,2,9,0,0,0,1.0,0,1,0.0,1,0,1,0.0,0,1,0,1.0,0.0
ad34cd65-7294-4603-9df2-57bd6d3951f6,Netflix,Entertainment,DE VID,Unknown,5,2025-11-08 17:00:15,It so good,it so good,0,3,10,0,0,0,1.0,0,0,0.4927,1,0,1,0.0,0,1,0,5.0,0.0
06ed25a0-5f29-41d6-b94e-212caf2a9cd7,Netflix,Entertainment,Abhishek Abhishek bopaiah,Unknown,5,2025-11-08 17:38:41,thi west app,thi west app,0,3,12,0,0,0,1.0,0,1,0.0,1,0,1,0.0,0,1,0,5.0,0.0
07e45087-81a9-4af2-b362-8cf2fc16c64f,Netflix,Entertainment,Harshit Sharma,Unknown,1,2025-11-08 17:49:14,the app is not working it is showing 5.8 error again and again,the app is not working it is showing 5.8 error again and again,0,13,62,0,0,0,0.8461538461538461,0,1,-0.4019,1,0,1,0.0,0,1,0,1.0,0.0
f8bbd77f-78e2-4794-ba26-94268febc21e,Netflix,Entertainment,Tusem Akcam,Unknown,1,2025-11-08 17:51:39,BRING BACK YU MENG LONG ON THE ETERNAL LOVE CAST. and also let people share their screens and be able to watch movies together instead of blocking it for the other person.,bring back yu meng long on the eternal love cast. and also let people share their screens and be able to watch movies together instead of blocking it for the other person.,0,32,171,0,0,10,0.9375,0,0,0.5859,1,0,1,0.0,0,1,1,1.0,0.0
ebbb6edb-d1ff-4f16-8c52-404e6f952b5c,Netflix,Entertainment,David Lothery,Unknown,5,2025-11-08 18:13:16,Great,great,0,1,5,0,0,0,1.0,0,0,0.6249,1,0,1,0.0,0,4,0,5.0,0.0
0fe3d24b-ed1c-4d86-89e2-0b39481cd025,Netflix,Entertainment,Ruben Feliciano,Unknown,1,2025-11-08 18:17:32,Most of the movies I looked for don't have them.... out of 20 they only have 1 or 2,most of the movies i looked for don't have them.... out of 20 they only have 1 or 2,0,19,83,0,0,0,0.8947368421052632,0,0,0.0,1,0,1,0.0,0,1,0,1.0,0.0
1e532dae-84dd-4be8-a0a9-1e5d489d63b3,Netflix,Entertainment,Latoya Nyukulane,Unknown,1,2025-11-08 18:36:26,it stopped working,it stopped working,0,3,18,0,0,0,1.0,0,0,-0.2263,1,0,1,0.0,0,1,0,1.0,0.0
0eed26a3-4fe1-4b70-a42f-d8f2bd822d5c,Netflix,Entertainment,Nadeem Second,Unknown,1,2025-11-08 18:55:03,poor service,poor service,0,2,12,0,0,0,1.0,0,0,-0.4767,1,0,1,0.0,0,1,0,1.0,0.0
af58034b-2fc3-4a4f-8318-d56b3f5b1b50,Netflix,Entertainment,Kiara Henkeman,Unknown,3,2025-11-08 18:57:22,the app is not bad but I don't like how you have to sign in but overall it is stlli good,the app is not bad but i don't like how you have to sign in but overall it is stlli good,0,21,88,0,0,0,0.9047619047619048,0,1,0.4784,1,0,1,0.0,0,1,0,3.0,0.0
0aedaead-97ee-4811-afb9-14dcf098c361,Netflix,Entertainment,Stephanie Schutz,Unknown,1,2025-11-08 19:00:29,It can't connect on my TV or phone. It just doesn't work. I have spent way way too many hours on the phone with tech support from Netflix and my TV manufacturer and it has only gotten worse.,it can't connect on my tv or phone. it just doesn't work. i have spent way way too many hours on the phone with tech support from netflix and my tv manufacturer and it has only gotten worse.,4,38,190,0,0,2,0.8157894736842105,0,0,-0.1027,1,0,1,0.0,0,1,0,1.0,0.0
74dba09d-a78d-484f-b370-2988fc3d0cad,Netflix,Entertainment,Increase Otenaike,Unknown,5,2025-11-08 19:10:02,A very good app to watch movie,a very good app to watch movie,0,7,30,0,0,0,1.0,0,1,0.4927,1,0,1,0.0,0,1,0,5.0,0.0
843595dd-6692-455c-8127-6770c41f7818,Netflix,Entertainment,Ron Owens,Unknown,1,2025-11-08 19:31:39,won't download on chromebook,won't download on chromebook,0,4,28,0,0,0,1.0,1,0,0.0,1,0,1,0.0,0,1,0,1.0,0.0
6dde4ecd-b2cf-47ac-aee7-33159693b27c,Netflix,Entertainment,Luisa Fernanda Castillo Gomez,Unknown,1,2025-11-08 21:04:15,The app is not working since the update. it keeps blackscreening,the app is not working since the update. it keeps blackscreening,0,11,64,0,0,0,0.9090909090909091,0,1,0.0,1,0,1,0.0,0,1,0,1.0,0.0
34f02053-dc55-4a6a-a9f0-7a9f0819975e,Netflix,Entertainment,Md Tanveer,Unknown,5,2025-11-08 21:20:34,super,super,0,1,5,0,0,0,1.0,0,0,0.5994,1,0,1,0.0,0,1,0,5.0,0.0
39ccef20-156c-46b3-821d-26d5c2f1b833,Netflix,Entertainment,M Sameed,Unknown,1,2025-11-08 21:41:34,So I need to pay these greedy people and still get bombarded with ads every few minutes even when you pause a movie you get ads. I hope this company goes down soon,so i need to pay these greedy people and still get bombarded with ads every few minutes even when you pause a movie you get ads. i hope this company goes down soon,0,33,163,0,0,0,0.9090909090909091,0,0,0.0516,1,0,1,0.0,0,1,0,1.0,0.0
ee1797f1-cc24-4da6-bef4-af50096104fa,Netflix,Entertainment,Allen Patience,Unknown,1,2025-11-08 21:47:53,it refused to work 🤕🤕,it refused to work 🤕🤕,0,5,21,2,0,0,1.0,0,0,-0.296,1,0,1,0.0,0,1,0,1.0,0.0
efc71a55-91e6-43d7-91d2-7a0d7f1d2dd8,Netflix,Entertainment,athena,Unknown,5,2025-11-08 22:18:32,awesome great when on the go,awesome great when on the go,0,6,28,0,0,0,1.0,0,0,0.8481,1,0,1,0.0,0,1,0,5.0,0.0
6abc7161-914e-4e19-b15d-4bf568e8cf56,Netflix,Entertainment,Dr Apu Tikadar,Unknown,5,2025-11-08 22:18:53,nice app,nice app,0,2,8,0,0,0,1.0,0,1,0.4215,1,0,1,0.0,0,3,0,5.0,0.0
e96d4244-ad5a-4ea0-888d-8379711b0711,Netflix,Entertainment,Matt,Unknown,1,2025-11-08 22:47:45,"absolute rip off, going from 25.-/mo to 40.-/mo??? for what???","absolute rip off, going from 25.-/mo to 40.-/mo??? for what???",0,10,62,0,0,0,1.0,0,0,0.0,1,0,2,936418.0,0,1,0,1.0,0.0
32c2695b-35f8-45c9-aa62-1e618b5c5560,Netflix,Entertainment,aoi,Unknown,1,2025-11-08 23:06:03,"pior a cada ano, agora esta simplesmente horrível","pior a cada ano, agora esta simplesmente horrível",0,8,49,0,0,0,1.0,0,0,0.0,1,0,1,0.0,0,1,0,1.0,0.0
04902389-b964-447c-ad5c-26cd9a94175c,Netflix,Entertainment,Vickie,Unknown,1,2025-11-08 23:12:07,isn't free,isn't free,0,2,10,0,0,0,1.0,1,0,-0.4023,1,0,1,0.0,0,1,0,1.0,0.0
001e4983-0377-405b-8354-1b31516c5972,Netflix,Entertainment,FairUrch Anthony,Unknown,5,2025-11-08 23:14:36,PLEASE BRING BACK THE ABILITY TO RATE MOVIES IN THE NETFLIX APP AND WEBSITE,please bring back the ability to rate movies in the netflix app and website,2,14,75,0,0,14,0.9285714285714286,1,1,0.5574,1,0,1,0.0,0,1,0,5.0,0.0
c4392da2-e7c7-4275-a04c-0650d52f1caa,Netflix,Entertainment,Nick gabriel,Unknown,5,2025-11-08 23:58:54,bestt,bestt,0,1,5,0,0,0,1.0,0,0,0.0,1,0,1,0.0,0,1,0,5.0,0.0
ad77880a-b695-44d2-b9de-f688ea2aedaf,Netflix,Entertainment,Gail A Miller,Unknown,5,2025-11-09 00:21:35,So far so good!,so far so good!,0,4,15,0,0,0,0.75,0,0,0.6556,1,0,1,0.0,0,1,0,5.0,0.0
e0cd22b5-a37f-40fd-9080-0eb003210e9c,Netflix,Entertainment,Mayank Chaudhari,Unknown,1,2025-11-09 01:14:21,paid and extra cost,paid and extra cost,0,4,19,0,0,0,1.0,0,0,0.0,1,0,1,0.0,0,1,0,1.0,0.0
ea6307d2-ceb8-4773-9fe8-47ebb1435e35,Netflix,Entertainment,Kevin Finn,Unknown,4,2025-11-09 01:25:19,great service easy to set up films are good quality,great service easy to set up films are good quality,0,10,51,0,0,0,1.0,0,0,0.872,1,0,1,0.0,0,1,0,4.0,0.0
4a06a306-d1fc-42c2-aa37-ed6d1dc707bb,Netflix,Entertainment,Roñella Marie Piring,Unknown,5,2025-11-09 03:22:46,Very good you can watch every thing this is why netflix is the best 5 stars,very good you can watch every thing this is why netflix is the best 5 stars,0,16,75,0,0,0,0.9375,0,0,0.8122,1,0,1,0.0,0,1,0,5.0,0.0
d6cf8b23-aedc-4fa8-9931-4e4032be2326,Netflix,Entertainment,Ayaan Sanadi,Unknown,1,2025-11-09 03:51:33,app doesn't respond on time many times whole day it doesnt load movies etc buffering buffering fed up by restarting the cell,app doesn't respond on time many times whole day it doesnt load movies etc buffering buffering fed up by restarting the cell,0,22,124,0,0,0,0.9545454545454546,0,1,0.0,1,0,1,0.0,0,1,0,1.0,0.0
a0e7c63e-b299-415e-a85d-db9bb5a0493d,Netflix,Entertainment,Jimmy Juma,Unknown,5,2025-11-09 04:01:04,good and grhit,good and grhit,0,3,14,0,0,0,1.0,0,0,0.4404,1,0,1,0.0,0,1,0,5.0,0.0
5d0b000c-8545-4511-9fb9-2ece1e3d56c3,Netflix,Entertainment,Ihavenoluck,Unknown,3,2025-11-09 04:03:03,why do y'all keep removing the good shows💔😭 PLS BRING BACK ACCIDENTALLY IN LOVE AND A LITTLE THING CALLED FIRST LOVE 🙏🙏,why do y'all keep removing the good shows💔😭 pls bring back accidentally in love and a little thing called first love 🙏🙏,0,22,119,4,0,12,0.9545454545454546,0,0,0.8481,1,0,1,0.0,0,1,0,3.0,0.0
149c91de-c776-47b8-98aa-abd9751fd045,Netflix,Entertainment,Raees Ali,Unknown,5,2025-11-09 04:12:49,Good 💯,good 💯,0,2,6,1,0,0,1.0,0,0,0.4404,1,0,1,0.0,0,1,0,5.0,0.0
80776b56-7912-43da-a22d-023a8f8d61e9,Netflix,Entertainment,Ethen,Unknown,5,2025-11-09 04:26:25,So when are you gonna bring Max steel back?,so when are you gonna bring max steel back?,0,9,43,0,0,0,1.0,0,0,0.0,1,0,1,0.0,0,1,0,5.0,0.0
da7cb151-40cd-4eff-bd32-1ac78068b913,Netflix,Entertainment,Wilhelm Builder,Unknown,3,2025-11-09 04:52:22,Put the amazing world of gumball season 3-7 season isn't the end vro I'm stressing cause if you don't put it I will give it a 0.5 rating on a app stupid,put the amazing world of gumball season 3-7 season isn't the end vro i'm stressing cause if you don't put it i will give it a 0.5 rating on a app stupid,0,32,152,0,0,0,0.84375,0,1,-0.2732,1,0,1,0.0,0,1,0,3.0,0.0
e5d89266-ad2d-4517-975d-0ba402cd01f2,Netflix,Entertainment,Peter Glover,Unknown,5,2025-11-09 04:58:00,great,great,0,1,5,0,0,0,1.0,0,0,0.6249,1,0,1,0.0,0,4,0,5.0,0.0
1a733124-bb8c-47e9-a9ee-9e043303a5b2,Netflix,Entertainment,Daniel Klein,Unknown,1,2025-11-09 05:27:08,"overrides system brightness, making it unwatchable at night. Remove the brightness control in the app and I'll rate 5 stars.","overrides system brightness, making it unwatchable at night. remove the brightness control in the app and i'll rate 5 stars.",0,20,124,0,0,0,0.95,0,1,0.6369,1,0,1,0.0,0,1,1,1.0,0.0
c44f44ef-6d60-4c1c-b73a-3f557a39b710,Netflix,Entertainment,Sulaiman Alghanim,Unknown,3,2025-11-09 06:01:43,there should be a yearly subscription plan ! also the tie to ip address or certain internet is not good idea (annoying),there should be a yearly subscription plan ! also the tie to ip address or certain internet is not good idea (annoying),0,22,119,0,0,0,1.0,0,0,0.3058,1,0,1,0.0,0,1,0,3.0,0.0
64276232-1c43-4d68-83f9-30b814322dad,Netflix,Entertainment,Michelle Amoroto,Unknown,1,2025-11-09 06:28:36,i cannot download,i cannot download,0,3,17,0,0,0,1.0,1,0,0.0,1,0,1,0.0,0,1,0,1.0,0.0
4b3aea95-33ef-4b6a-b5dc-9e0cced52c9c,Netflix,Entertainment,Naveen N K,Unknown,1,2025-11-09 06:34:28,Download option is not showing in my Netflix app. what is the solution,download option is not showing in my netflix app. what is the solution,0,13,70,0,0,0,0.9230769230769231,1,1,0.3182,1,0,1,0.0,0,1,0,1.0,0.0
077bce06-d535-46e8-b41a-e86404ca0c77,Netflix,Entertainment,LuxéVisual,Unknown,5,2025-11-09 06:52:58,Top-tier streaming with an amazing selection of shows and movies. Great UI and personalized recommendations. 🌟🌟🌟🌟🌟,top-tier streaming with an amazing selection of shows and movies. great ui and personalized recommendations. 🌟🌟🌟🌟🌟,0,16,114,5,0,1,0.9375,0,0,0.836,1,0,1,0.0,0,1,0,5.0,0.0
a48e7bfd-d4ab-474d-a20d-d8ceb29b41b7,Netflix,Entertainment,Kat Ackles,Unknown,2,2025-11-09 07:11:20,"continually skips 5-10 seconds multiple times in movies or episodes. it is not a device issue as it happens on multiple devices. I have the adds, and instead of showing adds, it just skips the show","continually skips 5-10 seconds multiple times in movies or episodes. it is not a device issue as it happens on multiple devices. i have the adds, and instead of showing adds, it just skips the show",0,36,197,0,0,0,0.8333333333333334,0,1,0.0,1,0,1,0.0,0,1,0,2.0,0.0
4b0288e4-6a04-494a-8f9c-0d31b295815f,Netflix,Entertainment,Croline Jelyma,Unknown,5,2025-11-09 07:11:40,"best apps , any shows movies💕","best apps , any shows movies💕",0,6,29,1,0,0,1.0,0,1,0.8591,1,0,1,0.0,0,1,0,5.0,0.0
41f0398b-b933-4f76-88b6-687e4944f0bd,Netflix,Entertainment,ashley gibson,Unknown,5,2025-11-09 07:58:02,it is amazing it has my favorite movies,it is amazing it has my favorite movies,0,8,39,0,0,0,0.875,0,0,0.7783,1,0,1,0.0,0,1,0,5.0,0.0
8618e47a-b80f-4b6b-965a-9c2c3e1315b7,Netflix,Entertainment,Raza Sheikh,Unknown,5,2025-11-09 08:06:04,very nice is pa ma wadnsday see kar sakti ho,very nice is pa ma wadnsday see kar sakti ho,0,10,44,0,0,0,1.0,0,0,0.4754,1,0,1,0.0,0,1,0,5.0,0.0
711749d9-2201-4d6f-a73e-207fd4523ba5,Netflix,Entertainment,Rahul Mahata,Unknown,3,2025-11-09 08:14:38,contents are not fun anymore its in abundance,contents are not fun anymore its in abundance,0,8,45,0,0,0,1.0,0,0,-0.4023,1,0,1,0.0,0,1,0,3.0,0.0
8931a0a4-40fe-416b-a52f-995460e72d27,Netflix,Entertainment,Aiman?,Unknown,1,2025-11-09 08:46:02,Expensive,expensive,0,1,9,0,0,0,1.0,0,0,0.0,1,0,1,0.0,0,1,0,1.0,0.0
2e2973f4-bccb-423c-825b-82d1a3815f04,Netflix,Entertainment,Pradeep Naidu,Unknown,5,2025-11-09 08:48:02,to much good for released films,to much good for released films,0,6,31,0,0,0,1.0,0,0,0.4404,1,0,1,0.0,0,1,0,5.0,0.0
d9ba2c1b-b818-43d4-ad30-a972e309c0c9,Netflix,Entertainment,Addo Harrison,Unknown,5,2025-11-09 10:08:29,I tapped into some ones phone to watch The Lincoln Lawyer and have loved Netflix since.Good App. Thanks.,i tapped into some ones phone to watch the lincoln lawyer and have loved netflix since.good app. thanks.,0,18,104,0,0,0,1.0,0,1,0.7783,1,0,1,0.0,0,1,0,5.0,0.0
0d5f1d5f-5a03-4351-a850-dcb419719270,Netflix,Entertainment,Rinki Agrawal,Unknown,5,2025-11-09 10:23:48,bestest app ever used,bestest app ever used,0,4,21,0,0,0,1.0,0,1,0.0,1,0,1,0.0,0,1,0,5.0,0.0
f17d670b-c6d4-43fa-91f5-01fdca06c0de,Netflix,Entertainment,Bodicherla Sankar,Unknown,1,2025-11-09 10:41:09,not good for children's and kids. I think it is harmful. Better to stop using this app,not good for children's and kids. i think it is harmful. better to stop using this app,0,17,86,0,0,0,1.0,0,1,-0.1793,1,0,1,0.0,0,1,0,1.0,0.0
f4ac8210-c4b9-419b-8308-956e9834764f,Netflix,Entertainment,Cari Fisher,Unknown,3,2025-11-09 10:49:40,Please get rid of the brightness control override! It is WAY too bright for night time viewing sometimes and hijacking my controls is not necessary.,please get rid of the brightness control override! it is way too bright for night time viewing sometimes and hijacking my controls is not necessary.,0,25,148,0,0,1,0.96,0,0,0.7959,1,0,1,0.0,0,1,0,3.0,0.0
79deeb43-87b4-4962-8012-1ef103faa243,Netflix,Entertainment,Pratik Kamble,Unknown,5,2025-11-09 11:23:29,very nice,very nice,0,2,9,0,0,0,1.0,0,0,0.4754,1,0,1,0.0,0,3,0,5.0,0.0
bcb483a0-99bd-4c36-9bc9-bb3600b33a1b,Netflix,Entertainment,Taha Ebrahim,Unknown,1,2025-11-09 11:40:05,"The app doesn't work at all and it costs money, please follow up 😐","the app doesn't work at all and it costs money, please follow up 😐",0,14,66,1,0,0,1.0,0,1,0.3182,1,0,1,0.0,0,1,0,1.0,0.0
6ade9884-6bf5-46b7-a11c-1d315c12bee9,Netflix,Entertainment,Himanshi rawat,Unknown,1,2025-11-09 11:52:07,"I am not able to login, screen got blank and app get close even after installing it multiple times problem remain intact","i am not able to login, screen got blank and app get close even after installing it multiple times problem remain intact",0,22,120,0,0,0,1.0,1,1,-0.2263,1,0,1,0.0,0,1,0,1.0,0.0
2d9de289-4fb8-4b23-9ce5-af9a5ccce511,Netflix,Entertainment,Khaleeda Zainol,Unknown,3,2025-11-09 12:17:39,"ok la, kadang ok kadang x","ok la, kadang ok kadang x",0,6,25,0,0,0,0.6666666666666666,0,0,0.5267,1,0,1,0.0,0,1,0,3.0,0.0
399e4a3f-8c6f-483c-a9f4-4d60d1e871d3,Netflix,Entertainment,Chioma Nduka,Unknown,5,2025-11-09 12:40:36,Amazing,amazing,0,1,7,0,0,0,1.0,0,0,0.5859,1,0,1,0.0,0,2,0,5.0,0.0
6a3978a8-5742-4727-b6be-02816ec29f8f,Netflix,Entertainment,Saranya M,Unknown,5,2025-11-09 12:41:31,super😇,super😇,0,1,6,1,0,0,1.0,0,0,0.7845,1,0,1,0.0,0,1,0,5.0,0.0
58cfc2c1-8451-47c7-9aa0-71ba28838144,Netflix,Entertainment,Gwendolyn Gunn,Unknown,5,2025-11-09 13:14:02,wonderful movies!,wonderful movies!,0,2,17,0,0,0,1.0,0,0,0.6114,1,0,1,0.0,0,1,0,5.0,0.0
3c68b008-5280-489e-b60b-6878506c43a3,Netflix,Entertainment,Imelda,Unknown,5,2025-11-09 13:16:25,excellent,excellent,0,1,9,0,0,0,1.0,0,0,0.5719,1,0,1,0.0,0,4,0,5.0,0.0
144ec6e2-ce22-4a8b-9fff-76627263f034,Netflix,Entertainment,John Dexter Yabia,Unknown,2,2025-11-09 13:41:17,I can't watch Netflix on my phone with only black screen with sound what happened?,i can't watch netflix on my phone with only black screen with sound what happened?,0,15,82,0,0,0,0.9333333333333333,0,1,0.0,1,0,1,0.0,0,1,0,2.0,0.0
3ecade68-aaa6-416a-81e3-5da584c296d9,Netflix,Entertainment,siva suriyan,Unknown,5,2025-11-09 13:50:14,comfort for watching anything which is not in website,comfort for watching anything which is not in website,0,9,53,0,0,0,1.0,1,0,0.3612,1,0,1,0.0,0,1,0,5.0,0.0
65a082b4-c8e4-48a1-ab13-15777b6f81ee,Netflix,Entertainment,info-plus advertisers info-plus advertisers,Unknown,5,2025-11-09 13:52:38,exceptional ✨,exceptional ✨,0,2,13,0,0,0,1.0,0,0,0.3804,1,0,1,0.0,0,1,0,5.0,0.0
1cb81556-1074-47a1-84c5-96454553762d,Netflix,Entertainment,Rozleyanah Ahmad,Unknown,5,2025-11-09 14:00:47,love app many show and movie can watch,love app many show and movie can watch,0,8,38,0,0,0,1.0,0,1,0.6369,1,0,1,0.0,0,1,0,5.0,0.0
1927e60f-92a1-44c2-8fd0-9d29493b38ed,Netflix,Entertainment,Jawad Ali,Unknown,2,2025-11-09 14:14:13,"there is a problem, when login to Netflix and all profiles are locked we can't logout without opening the profile. there should be option to sign out on the profiles page (home page). take this matter serious","there is a problem, when login to netflix and all profiles are locked we can't logout without opening the profile. there should be option to sign out on the profiles page (home page). take this matter serious",0,37,208,0,0,0,0.8918918918918919,0,0,-0.4357,1,0,1,0.0,0,1,0,2.0,0.0
02f30849-ffb1-4b3b-bee6-5658353a2d29,Netflix,Entertainment,Makinzie Galle,Unknown,5,2025-11-09 14:21:34,"I luv Netflix it has great movies, and I can sit down and watch netflix all day without getting bored.","i luv netflix it has great movies, and i can sit down and watch netflix all day without getting bored.",0,20,102,0,0,0,0.85,0,0,0.7108,1,0,1,0.0,0,1,0,5.0,0.0
09d1f3a9-fd95-4b29-8c51-d8debc40821e,Netflix,Entertainment,Darija Vaiciulyte,Unknown,5,2025-11-09 14:30:45,"best app to watch films, they have great ones on here.","best app to watch films, they have great ones on here.",0,11,54,0,0,0,1.0,0,1,0.8519,1,0,1,0.0,0,1,0,5.0,0.0
e0938b81-0303-4d72-864f-b50fb8ff6073,Netflix,Entertainment,"Abid Rozdar Design Bytes, LLC",Unknown,1,2025-11-09 15:04:23,greed,greed,0,1,5,0,0,0,1.0,0,0,-0.4019,1,0,1,0.0,0,1,0,1.0,0.0
7e4b0298-8fa5-44f1-a756-a2ef628baba1,Netflix,Entertainment,Yazid Butler,Unknown,1,2025-11-09 15:10:59,the app keeps saying I'm away from home. i travel for work of course I'm going to be away from home. that should not lock me out of my account I pay for. this is getting ridiculous.,the app keeps saying i'm away from home. i travel for work of course i'm going to be away from home. that should not lock me out of my account i pay for. this is getting ridiculous.,0,37,181,0,0,0,0.8378378378378378,0,1,-0.4404,1,0,1,0.0,0,1,0,1.0,0.0
6ec38173-367c-46cb-8493-c33382a95b2b,Netflix,Entertainment,Alfonce Amwoka,Unknown,5,2025-11-09 15:48:03,more entertaining,more entertaining,0,2,17,0,0,0,1.0,0,0,0.4927,1,0,1,0.0,0,1,0,5.0,0.0
17e7d110-e71d-45e6-bb1e-43c29f71d3af,Netflix,Entertainment,MUHIDDIN BARAIL,Unknown,5,2025-11-09 16:24:16,"""The best movie and series streaming platform! Huge selection of stories from around the world, HD video quality, and no distracting ads. Perfect for casual entertainment with family or alone. There's always something new to watch!""","""the best movie and series streaming platform! huge selection of stories from around the world, hd video quality, and no distracting ads. perfect for casual entertainment with family or alone. there's always something new to watch!""",0,36,232,0,0,1,0.9722222222222222,0,0,0.9357,1,0,1,0.0,0,1,0,5.0,0.0
744b80c9-3559-451e-a8c9-370591adf5d2,Netflix,Entertainment,Aredasha Lewis,Unknown,5,2025-11-09 16:31:56,love it,love it,0,2,7,0,0,0,1.0,0,0,0.6369,1,0,1,0.0,0,2,0,5.0,0.0
c41eb16a-f0d7-4b65-9a5f-5dcc5b8add3f,Netflix,Entertainment,Ali Hassan,Unknown,5,2025-11-09 16:39:32,This is best,this is best,0,3,12,0,0,0,1.0,0,0,0.6369,1,0,1,0.0,0,1,0,5.0,0.0
c8403bdc-9926-4515-9d0e-87b4a6e7c870,Netflix,Entertainment,Rajveer Parab,Unknown,4,2025-11-09 16:51:55,the quality is great the movies too but i suggest you should add marathi language to it.,the quality is great the movies too but i suggest you should add marathi language to it.,0,17,88,0,0,0,0.9411764705882353,0,0,0.3716,1,0,1,0.0,0,1,0,4.0,0.0
ef6dc309-8752-4332-bd87-cbf7d0b05526,Netflix,Entertainment,Sofea,Unknown,1,2025-11-09 16:55:18,WHY THE NETFLIX STILL DEDUCT MY MONEY AFTER I CANCELLED THE PLANS WTH BRO WHATS THIS NETFLIX💔💔💔,why the netflix still deduct my money after i cancelled the plans wth bro whats this netflix💔💔💔,0,17,95,3,0,16,0.9411764705882353,0,0,-0.0258,1,0,1,0.0,0,1,0,1.0,0.0
63dfe497-4fbc-4b41-baef-63c2b1c5f6e6,Netflix,Entertainment,Reincarnated Travis,Unknown,5,2025-11-09 16:56:47,greatest ever,greatest ever,0,2,13,0,0,0,1.0,0,0,0.6369,1,0,1,0.0,0,1,0,5.0,0.0
7e2ddd81-47ac-4c62-a2dd-d0249999b68d,Netflix,Entertainment,Uncle Dalbs,Unknown,1,2025-11-09 16:57:11,"keeps disconnecting, whilst continuing to stream","keeps disconnecting, whilst continuing to stream",0,6,48,0,0,0,1.0,0,0,0.0,1,0,1,0.0,0,1,0,1.0,0.0
36c3834a-60bc-46bd-92ff-9765ac4d4587,Netflix,Entertainment,SERIALHAMPSTER VERSIONEDSILVERED,Unknown,5,2025-11-09 17:09:44,CAPTURE THE MALIGNANT AND ADVANCE SUBSERVIENT DEFAULT ALL SET !,capture the malignant and advance subservient default all set !,0,10,63,0,0,9,1.0,0,0,0.0,1,0,1,0.0,0,1,0,5.0,0.0
523dff40-891a-48bc-8db7-3006648de596,Netflix,Entertainment,Areeba Asif,Unknown,4,2025-11-09 17:38:45,it's good very good but it's taken money but its okay it's just minimum money not very expensive,it's good very good but it's taken money but its okay it's just minimum money not very expensive,0,18,96,0,0,0,0.6666666666666666,0,0,0.6593,1,0,1,0.0,0,1,0,4.0,0.0
1d431a3b-7a50-4f3e-870f-85722da5d116,Netflix,Entertainment,Nousheen Jabeen,Unknown,5,2025-11-09 17:39:37,please upload all korean and chinese dramas or series in hindi dubbed please please,please upload all korean and chinese dramas or series in hindi dubbed please please,0,14,83,0,0,0,0.8571428571428571,0,0,0.7096,1,0,1,0.0,0,1,0,5.0,0.0
b1386c44-aac2-4b53-84e6-91dde996045f,Netflix,Entertainment,Muhammed Zaid,Unknown,5,2025-11-09 17:39:45,plz my netflix sceech probelm handpre assiue ok plzz,plz my netflix sceech probelm handpre assiue ok plzz,0,9,52,0,0,0,1.0,0,0,0.3612,1,0,1,0.0,0,1,0,5.0,0.0
4e6fa99a-8a9f-4f3d-b0ad-621a720b07b9,Netflix,Entertainment,Viju Viju,Unknown,5,2025-11-09 17:50:42,Turning mecard anime is most powerful 🔥🔥🔥🔥,turning mecard anime is most powerful 🔥🔥🔥🔥,0,7,42,4,0,0,1.0,0,0,-0.7226,1,0,1,0.0,0,1,1,5.0,0.0
3d9d417e-ce80-4bd8-9213-5bdbbe724b2e,Netflix,Entertainment,Simeon Deborah,Unknown,2,2025-11-09 17:58:06,I don't see some movie am looking ☹️,i don't see some movie am looking ☹️,0,8,36,0,0,0,1.0,0,0,-0.34,1,0,1,0.0,0,1,0,2.0,0.0
2e4646a7-21fd-4e44-960c-87c608bbdb7c,Netflix,Entertainment,Millie Moto-Flyer,Unknown,1,2025-11-09 18:18:58,"says my phone isn't part of Netflix household even though im on the same network. tried rebooting app, phone, redownloading.","says my phone isn't part of netflix household even though im on the same network. tried rebooting app, phone, redownloading.",0,20,124,0,0,0,1.0,1,1,0.0,1,0,1,0.0,0,1,0,1.0,0.0
147537d4-7cf5-4843-9c70-0a8bfbbbab53,Netflix,Entertainment,Herbert Schiller,Unknown,1,2025-11-09 18:26:07,stop cutting content to include more ads,stop cutting content to include more ads,0,7,40,0,0,0,1.0,0,0,-0.4019,1,0,1,0.0,0,1,0,1.0,0.0
9ddacc92-cf8e-4710-b53c-7748248d1bb6,Netflix,Entertainment,Maria Phete,Unknown,5,2025-11-09 18:39:40,good 👍👍 love it 💘,good 👍👍 love it 💘,0,5,17,3,0,0,1.0,0,0,0.9062,1,0,1,0.0,0,1,0,5.0,0.0
34f3398c-8d9d-4557-83f7-c589db89cb60,Netflix,Entertainment,Ezaaz Waseem,Unknown,5,2025-11-09 19:06:21,The best since launched!,the best since launched!,0,4,24,0,0,0,1.0,0,0,0.7177,1,0,1,0.0,0,1,0,5.0,0.0
