review_id,app_name,category,username,device,rating,timestamp,text_original,text_cleaned,thumbs_up,token_count,char_count,num_emojis,num_urls,num_uppercase_words,unique_word_ratio,contains_promo_words,has_urdu_words,sentiment_score,device_missing,generic_username,user_total_reviews,time_diff_seconds,is_burst,same_text_count,rating_text_mismatch,user_avg_rating,user_rating_std
d1318aba-7b28-431e-a023-3a006875585f,Spotify,Entertainment,Hastume Miku,Unknown,2,2025-11-03 12:58:13,the ads are super super super annoying get rid of them and maybe it will be a 5 star,the ads are super super super annoying get rid of them and maybe it will be a 5 star,0,19,84,0,0,0,0.8947368421052632,0,0,0.875,1,0,1,0.0,0,1,1,2.0,0.0
c2ee20be-7849-4ce5-abc6-9968e49c5bc8,Spotify,Entertainment,Hannah Hoover,Unknown,2,2025-11-03 13:21:28,The podcast following tab shows latest episodes as September 17th. Today is November 3rd. been having this issue for a month now 😡,the podcast following tab shows latest episodes as september 17th. today is november 3rd. been having this issue for a month now 😡,1,23,130,1,0,0,1.0,0,0,0.0,1,0,1,0.0,0,1,0,2.0,0.0
47739567-18d2-46e9-9f63-95655fa7b2f4,Spotify,Entertainment,Pratyush Tripathi,Unknown,2,2025-11-03 14:05:11,too much drama to make us buy premium,too much drama to make us buy premium,0,8,37,0,0,0,1.0,0,0,0.0,1,0,1,0.0,0,1,0,2.0,0.0
bb92ab2b-11a0-468a-bc7d-fab0fd7a833d,Spotify,Entertainment,Sri Harinesh Uppiretla,Unknown,2,2025-11-03 15:45:03,worst experience! too many ads,worst experience! too many ads,0,5,30,0,0,0,1.0,0,0,-0.6588,1,0,1,0.0,0,1,0,2.0,0.0
35f87c76-6592-4243-a7ad-1b00d2c7d51a,Spotify,Entertainment,Kakulandara,Unknown,2,2025-11-03 16:50:17,the app is good but I Can't even create and listen to my own playlist.,the app is good but i can't even create and listen to my own playlist.,0,15,70,0,0,0,1.0,0,1,-0.0698,1,0,1,0.0,0,1,0,2.0,0.0
9c3ff354-37e2-4edb-a5fd-dc9de3e642a6,Spotify,Entertainment,Samir Beqiri,Unknown,2,2025-11-03 17:19:45,"I can't listen to certain artists because I put don't listen button om them now I when I try remove it,it doesn't let me HELP MEEEE!?!?!?!?!?!?!?!?!?!?!","i can't listen to certain artists because i put don't listen button om them now i when i try remove it,it doesn't let me help meeee!?!?!?!?!?!?!?!?!?!?!",1,26,152,0,0,2,0.8461538461538461,0,0,-0.7351,1,0,1,0.0,0,1,0,2.0,0.0
59c675f6-2a9e-4b7b-9804-55c708c499a3,Spotify,Entertainment,Arya Shae (chaotic-goof),Unknown,2,2025-11-03 17:40:30,Better then Pandora,better then pandora,0,3,19,0,0,0,1.0,0,0,0.4404,1,0,1,0.0,0,1,0,2.0,0.0
7bb881c6-f482-4b56-9e61-9858866993e4,Spotify,Entertainment,rat tamer,Unknown,2,2025-11-03 17:41:54,"I like the app, but recently, it hasn't been loading and playing music the way it used to. it takes verrrry long to load","i like the app, but recently, it hasn't been loading and playing music the way it used to. it takes verrrry long to load",0,24,120,0,0,0,0.875,0,1,0.4497,1,0,1,0.0,0,1,0,2.0,0.0
8ef91e9d-72c5-4ad1-93df-a56f9cc67498,Spotify,Entertainment,Santosh Chaturvedi,Unknown,2,2025-11-03 18:13:45,after a moment the songs which I wanted to play we're not coming rather they strated playing any songs at the name of recommendation,after a moment the songs which i wanted to play we're not coming rather they strated playing any songs at the name of recommendation,0,24,132,0,0,0,0.9166666666666666,0,0,0.4939,1,0,1,0.0,0,1,0,2.0,0.0
44bb3cee-9940-48d6-8cba-c25ec21afcd0,Spotify,Entertainment,Sri,Unknown,2,2025-11-03 18:35:32,Worst music app!,worst music app!,0,3,16,0,0,0,1.0,0,1,-0.6588,1,0,1,0.0,0,1,0,2.0,0.0
debfa61c-fdf9-4afb-875d-bb2fba25be85,Spotify,Entertainment,Evan,Unknown,2,2025-11-03 19:59:52,"Well, I kinda like it, but premium is so expensive, and I can't even listen to music in order!","well, i kinda like it, but premium is so expensive, and i can't even listen to music in order!",1,19,94,0,0,0,0.9473684210526315,0,0,0.3497,1,0,1,0.0,0,1,0,2.0,0.0
4d2f1877-61e2-4e23-909a-14262a04196e,Spotify,Entertainment,Samira B,Unknown,2,2025-11-03 20:01:34,"why can't my playlist play in an order I choose. and why do I have to ""smart shuffle"" just bc I don't have premium. like.","why can't my playlist play in an order i choose. and why do i have to ""smart shuffle"" just bc i don't have premium. like.",3,25,121,0,0,0,0.84,0,0,-0.1144,1,0,1,0.0,0,1,0,2.0,0.0
49b23be3-0598-48fa-abbd-0a9a765fb901,Spotify,Entertainment,Max Garcia,Unknown,2,2025-11-03 23:11:01,"While there is a lot of music, this app is buggy. Repeats the same lineup of songs, and if I make a queue it will just delete it. Fix your buggy app","while there is a lot of music, this app is buggy. repeats the same lineup of songs, and if i make a queue it will just delete it. fix your buggy app",0,32,148,0,0,0,0.875,0,1,0.0,1,0,1,0.0,0,1,0,2.0,0.0
67d1609c-6751-4142-a68c-b1d0e1734876,Spotify,Entertainment,Mitarani Behera,Unknown,2,2025-11-04 01:25:41,bad app.,bad app.,0,2,8,0,0,0,1.0,0,1,-0.5423,1,0,1,0.0,0,1,0,2.0,0.0
06fc834a-9e66-4c19-9501-807f425a4074,Spotify,Entertainment,J. Vncnt,Unknown,2,2025-11-04 04:33:41,doesnt load all my playlists when im doing my dig sessions adding to multiple playlists. this is a huge impact on my listening experience. also does not search filter any playlist names i created.,doesnt load all my playlists when im doing my dig sessions adding to multiple playlists. this is a huge impact on my listening experience. also does not search filter any playlist names i created.,0,34,196,0,0,0,0.9411764705882353,0,0,0.5106,1,0,1,0.0,0,1,1,2.0,0.0
74b3d55e-6ad8-43e6-9530-5d70c49d3623,Spotify,Entertainment,Aadhya Singh,Unknown,2,2025-11-04 05:28:45,I got premium And my downloads are not staying downloaded I hope the team can help with it,i got premium and my downloads are not staying downloaded i hope the team can help with it,0,18,90,0,0,0,0.9444444444444444,1,0,0.6808,1,0,1,0.0,0,1,1,2.0,0.0
c6942018-b520-4986-b4bc-84c17e49eb1e,Spotify,Entertainment,Pawan,Unknown,2,2025-11-04 05:36:14,too many ads.,too many ads.,0,3,13,0,0,0,1.0,0,0,0.0,1,0,1,0.0,0,1,0,2.0,0.0
54adf59c-b6e1-407b-8e87-895a0fc2e545,Spotify,Entertainment,Priyam Pandey,Unknown,2,2025-11-04 05:57:21,more add,more add,0,2,8,0,0,0,1.0,0,0,0.0,1,0,1,0.0,0,1,0,2.0,0.0
90384f3b-2782-446a-b137-be3432dcc955,Spotify,Entertainment,Bayu Cahya,Unknown,2,2025-11-04 09:28:55,"mau nyampaiin keluhan, ini apps spotify di windows waktu iklan bikin crash black screen, tolong diperbaiki","mau nyampaiin keluhan, ini apps spotify di windows waktu iklan bikin crash black screen, tolong diperbaiki",0,16,106,0,0,0,1.0,0,1,-0.4019,1,0,1,0.0,0,1,0,2.0,0.0
8eb30166-3658-4158-a052-bdd9567b5cf9,Spotify,Entertainment,Harmanjot,Unknown,2,2025-11-04 09:35:12,this app is good for music and songs but I received ads too often after every song which is very frustrating.,this app is good for music and songs but i received ads too often after every song which is very frustrating.,0,21,109,0,0,0,0.9523809523809523,0,1,-0.517,1,0,1,0.0,0,1,0,2.0,0.0
c07a40a1-1938-4842-9b98-a609c83245b9,Spotify,Entertainment,Marcin Charliński,Unknown,2,2025-11-04 10:00:36,optymalizacja jest tragiczna,optymalizacja jest tragiczna,0,3,28,0,0,0,1.0,0,0,0.0,1,0,1,0.0,0,1,0,2.0,0.0
a736c8ce-2c13-4954-af56-335172fd77d4,Spotify,Entertainment,Mike Scobie,Unknown,2,2025-11-04 10:11:13,I used to love the DJ it used to play music I liked. Now all it does is play chart music. terrible idea,i used to love the dj it used to play music i liked. now all it does is play chart music. terrible idea,0,23,103,0,0,1,0.782608695652174,0,0,0.8271,1,0,1,0.0,0,1,1,2.0,0.0
01841ca0-f45c-4c86-ad0c-6c45bfa6ef31,Spotify,Entertainment,sanjay mithiya,Unknown,2,2025-11-04 11:03:30,sound quality no. 1. but it is one of the most greedy app on internet because they start to ask premium for playing your choosable song. This company seriously need some donation.,sound quality no. 1. but it is one of the most greedy app on internet because they start to ask premium for playing your choosable song. this company seriously need some donation.,0,32,179,0,0,0,1.0,0,1,-0.5006,1,0,1,0.0,0,1,0,2.0,0.0
f366c1eb-550d-4540-b262-686a410ebe98,Spotify,Entertainment,Luke Viper,Unknown,2,2025-11-04 11:45:27,one word: ads,one word: ads,0,3,13,0,0,0,1.0,0,0,0.0,1,0,1,0.0,0,1,0,2.0,0.0
a9bb3079-ef2f-4e3d-a2c6-8bd15c390e72,Spotify,Entertainment,Saima Princess,Unknown,2,2025-11-04 12:19:14,it is good but I don't like after some time how it forces you to get premium or else you have to hear the song the app wants,it is good but i don't like after some time how it forces you to get premium or else you have to hear the song the app wants,0,28,124,0,0,0,0.8571428571428571,0,1,-0.1815,1,0,1,0.0,0,1,0,2.0,0.0
350925d7-2e51-481a-8c53-15c82dbf7480,Spotify,Entertainment,Ashley Gaite,Unknown,2,2025-11-04 12:35:40,Finding your address for the family plan os way too DIFFICULT. It kept on saying it can't find my address so what is even the point. Hoping you get to fix this because its quite an inconvenience for the user,finding your address for the family plan os way too difficult. it kept on saying it can't find my address so what is even the point. hoping you get to fix this because its quite an inconvenience for the user,0,40,207,0,0,1,0.875,0,0,-0.3566,1,0,1,0.0,0,1,0,2.0,0.0
dfb02cee-c87a-4634-8c5e-13ef16700142,Spotify,Entertainment,jane kioi,Unknown,2,2025-11-04 12:37:25,best experience in music ^_^,best experience in music ^_^,0,5,28,0,0,0,1.0,0,0,0.6369,1,0,1,0.0,0,1,1,2.0,0.0
3cb3a55e-ee19-46c5-aa89-21e20b38d54f,Spotify,Entertainment,Eddie Spencer,Unknown,2,2025-11-04 13:01:14,I listen to podcasts daily. the podcast latest episodes aren't updating. its November and they're showing already listened to episodes from 2-3 weeks ago. please fix. I've Uninstalled 3 times already,i listen to podcasts daily. the podcast latest episodes aren't updating. its november and they're showing already listened to episodes from 2-3 weeks ago. please fix. i've uninstalled 3 times already,0,31,199,0,0,0,0.9032258064516129,1,0,0.3182,1,0,1,0.0,0,1,0,2.0,0.0
1f62c040-877e-4551-961a-e1a688531345,Spotify,Entertainment,Võ Hồng Linh Lan,Unknown,2,2025-11-04 13:48:56,"chất lượng app thì không bàn cãi nhưng mà sao bây giờ chọn bài cũng bị giới hạn premium luôn rồi. mình hoảng luôn, đang nghe thì chèn cả đống quảng cáo vào.","chất lượng app thì không bàn cãi nhưng mà sao bây giờ chọn bài cũng bị giới hạn premium luôn rồi. mình hoảng luôn, đang nghe thì chèn cả đống quảng cáo vào.",374,33,156,0,0,0,0.9696969696969697,0,1,0.0,1,0,1,0.0,0,1,0,2.0,0.0
d83b5a73-248b-45ea-8a6c-dd558e571863,Spotify,Entertainment,Abhinav Kumar Singh,Unknown,2,2025-11-04 13:51:21,very limited features for who not buy subscription if you install Spotify subscription is important 🙂,very limited features for who not buy subscription if you install spotify subscription is important 🙂,0,16,101,1,0,0,0.9375,1,0,0.3213,1,0,1,0.0,0,1,0,2.0,0.0
8b76dcc8-a3a5-4727-aff6-72a8b0742266,Spotify,Entertainment,Mr Loyal,Unknown,2,2025-11-04 13:52:58,The DJs kind of a joke & the cache always refills to like 3gbs and has to be cleared from within the app rather than phone settings,the djs kind of a joke & the cache always refills to like 3gbs and has to be cleared from within the app rather than phone settings,0,27,131,0,0,0,0.8888888888888888,0,1,0.6249,1,0,1,0.0,0,1,1,2.0,0.0
6e1ab961-2575-47ad-8c14-b9103ffe13c2,Spotify,Entertainment,Jagan Mohan,Unknown,2,2025-11-04 14:54:39,godd!!!adds adds and adds. I watch ads on this app more than i hear music it's sooooo annoying,godd!!!adds adds and adds. i watch ads on this app more than i hear music it's sooooo annoying,0,18,94,0,0,0,0.9444444444444444,0,1,-0.5538,1,0,1,0.0,0,1,0,2.0,0.0
24cc643f-3894-455a-b46e-9746c1416a1a,Spotify,Entertainment,Puja Pabrekar,Unknown,2,2025-11-04 14:58:18,most of the songs dont have lyrics post subscription whether it regional or bollywood,most of the songs dont have lyrics post subscription whether it regional or bollywood,0,14,85,0,0,0,1.0,0,0,0.0,1,0,1,0.0,0,1,0,2.0,0.0
4d83e013-c2b0-4cef-894b-4d02bbaa2e3e,Spotify,Entertainment,Vagish Shukla,Unknown,2,2025-11-04 15:24:29,this is best for listening 🎧,this is best for listening 🎧,0,6,28,1,0,0,1.0,0,0,0.6369,1,0,1,0.0,0,1,1,2.0,0.0
cd1245f7-cab2-4b24-acd4-5465d478dd22,Spotify,Entertainment,D Medilicious,Unknown,2,2025-11-04 15:53:13,"this new update sucks. you can't search for a playlist when you want to add a song to them. you have to scroll until you find it. also, when songs are added to playlists, there's no OK button","this new update sucks. you can't search for a playlist when you want to add a song to them. you have to scroll until you find it. also, when songs are added to playlists, there's no ok button",0,38,191,0,0,1,0.7894736842105263,0,0,-0.4745,1,0,1,0.0,0,1,0,2.0,0.0
f83a1e20-8257-4d8a-a51b-98ea3fb9ad0a,Spotify,Entertainment,Rudra Pratap,Unknown,2,2025-11-04 16:48:29,I vary lownratea shad many ad inruption course of unnecessary,i vary lownratea shad many ad inruption course of unnecessary,0,10,61,0,0,0,1.0,0,0,0.0,1,0,1,0.0,0,1,0,2.0,0.0
1714af9e-fcd9-4840-ae55-25a3f219a343,Spotify,Entertainment,Damian Acevedo,Unknown,2,2025-11-04 20:09:52,The shuffle algorithm dosent shuffle the whole Playlist,the shuffle algorithm dosent shuffle the whole playlist,2,8,55,0,0,0,0.75,0,0,0.0,1,0,1,0.0,0,1,0,2.0,0.0
06c8e796-2238-40e0-99cd-3103638b41cb,Spotify,Entertainment,David Favored,Unknown,2,2025-11-04 22:31:50,"when I want to add songs to a playlist, I can't use the search button, I have to scroll. that makes it very hard for me. I've uninstalled and installed the app again and nothing. pls fix","when i want to add songs to a playlist, i can't use the search button, i have to scroll. that makes it very hard for me. i've uninstalled and installed the app again and nothing. pls fix",1,37,186,0,0,0,0.8378378378378378,1,1,-0.1568,1,0,1,0.0,0,1,0,2.0,0.0
1ea2c04b-1a0d-4a90-a741-89846aad9d9c,Spotify,Entertainment,Ian,Unknown,2,2025-11-04 22:45:31,"Ter tirado as traduções das musicas foi um erro, ha muitas musicas que eu não entendo a limgua mas a tradução me ajudava a entender melhor o que eu estava ouvindo.","ter tirado as traduções das musicas foi um erro, ha muitas musicas que eu não entendo a limgua mas a tradução me ajudava a entender melhor o que eu estava ouvindo.",0,31,163,0,0,0,0.8387096774193549,0,0,0.34,1,0,1,0.0,0,1,0,2.0,0.0
a1783853-bb28-44f5-808e-6c98099b6520,Spotify,Entertainment,Jay Duf166,Unknown,2,2025-11-05 03:39:13,if you could get no ads an infinite skips then it'll be 5 stars without paying any money,if you could get no ads an infinite skips then it'll be 5 stars without paying any money,0,18,88,0,0,0,1.0,0,0,-0.296,1,0,1,0.0,0,1,0,2.0,0.0
4729583f-9f38-4e26-aa83-c6b4ca619626,Spotify,Entertainment,Dannie Kelly,Unknown,2,2025-11-05 03:50:44,"I get one or two songs before ads, even on the thirty minutes of no ads","i get one or two songs before ads, even on the thirty minutes of no ads",0,16,71,0,0,0,1.0,0,0,-0.296,1,0,1,0.0,0,1,0,2.0,0.0
2f87f51b-2dfd-4e26-8e94-ddae17578586,Spotify,Entertainment,Filip J. Daubner,Unknown,2,2025-11-05 05:53:44,Latest podcast episodes shows 2 months old episodes despite there being newer ones.,latest podcast episodes shows 2 months old episodes despite there being newer ones.,0,13,83,0,0,0,0.9230769230769231,0,0,0.0,1,0,1,0.0,0,1,0,2.0,0.0
2581cae7-5218-47c1-a731-da1537e84586,Spotify,Entertainment,Anil sam,Unknown,2,2025-11-05 07:43:54,I was an avid premium user. Then they had to go and use dark patterns to force convert free users to premium. I did not resonate anymore with the company values so uninstalled for good.,i was an avid premium user. then they had to go and use dark patterns to force convert free users to premium. i did not resonate anymore with the company values so uninstalled for good.,0,35,185,0,0,0,0.9142857142857143,1,0,0.885,1,0,1,0.0,0,1,1,2.0,0.0
c4fe417a-9afb-4f12-b9e3-f15b19d9acb8,Spotify,Entertainment,morgan,Unknown,2,2025-11-05 07:50:30,why is it so laggy and glitchy recently ToT,why is it so laggy and glitchy recently tot,0,9,43,0,0,0,1.0,0,0,0.0,1,0,1,0.0,0,1,0,2.0,0.0
4bec2954-7331-4e16-b4bd-67924db89b87,Spotify,Entertainment,J,Unknown,2,2025-11-05 08:27:26,why have they taken the sort function from 'followed Podcasts' so I I have to scroll through them all to the bottom to see the latest??,why have they taken the sort function from 'followed podcasts' so i i have to scroll through them all to the bottom to see the latest??,0,26,135,0,0,0,0.7692307692307693,0,0,0.0,1,0,3,0.0,0,1,0,1.3333333333333333,0.5773502691896257
a0dbcc36-9ef6-4d86-9a9a-076c1d2d0a4f,Spotify,Entertainment,Shubham Kumar,Unknown,2,2025-11-05 09:17:31,"too many ads, can't skip songs 😑","too many ads, can't skip songs 😑",1,7,32,1,0,0,1.0,0,0,0.0,1,0,2,0.0,0,1,0,1.5,0.7071067811865476
3c7f9423-3edc-428b-b18c-fbb32047c87b,Spotify,Entertainment,Keshav,Unknown,2,2025-11-05 09:43:39,there is a mf bug whenever I add any song in my playlist its fail and show there is a bug in spotify,there is a mf bug whenever i add any song in my playlist its fail and show there is a bug in spotify,1,23,100,0,0,0,0.782608695652174,0,0,-0.5423,1,0,1,0.0,0,1,0,2.0,0.0
16c24f63-c32f-4ab0-9b63-3977bf58f26c,Spotify,Entertainment,Jp the king,Unknown,2,2025-11-05 10:12:14,alright well the update did help but now we getting 5 ads every 1 song 😃 yeah no the app sucks again,alright well the update did help but now we getting 5 ads every 1 song 😃 yeah no the app sucks again,1,22,100,1,0,0,0.9545454545454546,0,1,0.4404,1,0,1,0.0,0,1,0,2.0,0.0
2879929f-0938-4158-9773-78fdb820ffd0,Spotify,Entertainment,steve Mayers,Unknown,2,2025-11-05 12:14:28,"The recent introduction of regular advertisements ruins my musical enjoyment. I pay to listen to my music, not unwanted interruptions. Seriously considering cancelling my subscription, should this persist.","the recent introduction of regular advertisements ruins my musical enjoyment. i pay to listen to my music, not unwanted interruptions. seriously considering cancelling my subscription, should this persist.",1,28,205,0,0,0,0.8928571428571429,0,0,0.4482,1,0,1,0.0,0,1,0,2.0,0.0
b1a6e554-35d6-4eac-bdcb-340b4560841c,Spotify,Entertainment,Hell Ketchee,Unknown,2,2025-11-05 13:06:32,the lyrics are mostly errors,the lyrics are mostly errors,0,5,28,0,0,0,1.0,0,0,-0.34,1,0,1,0.0,0,1,0,2.0,0.0
30f07dfc-a623-4ad3-aaa3-5891f224a64e,Spotify,Entertainment,Sania Touqir,Unknown,2,2025-11-05 13:43:49,I want to choose my own song they wanted that I take a premium why should I take.,i want to choose my own song they wanted that i take a premium why should i take.,1,18,81,0,0,0,0.8888888888888888,0,0,0.0772,1,0,1,0.0,0,1,0,2.0,0.0
18fac346-2d70-4fa0-9091-691a6f57d58d,Spotify,Entertainment,teja Ippili,Unknown,2,2025-11-05 14:12:01,there so many ads irritating me while playing music and enjoying time. it spoils the whole so don't install,there so many ads irritating me while playing music and enjoying time. it spoils the whole so don't install,1,19,107,0,0,0,0.9473684210526315,1,0,0.235,1,0,1,0.0,0,1,0,2.0,0.0
64594a4a-d66f-42d8-8774-0cdcf43796a5,Spotify,Entertainment,Aaron Brock,Unknown,2,2025-11-05 16:57:55,to many ads it pisses me off,to many ads it pisses me off,1,7,28,0,0,0,1.0,0,0,-0.34,1,0,1,0.0,0,1,0,2.0,0.0
7d3183e6-8740-4458-8039-b723f7e503a4,Spotify,Entertainment,Sierra “Lán sè” Ao,Unknown,2,2025-11-05 17:16:33,I am listening to the same music I have for years and there are no lyrics anymore. I have premium.,i am listening to the same music i have for years and there are no lyrics anymore. i have premium.,1,20,98,0,0,0,0.85,0,0,-0.296,1,0,1,0.0,0,1,0,2.0,0.0
ab2992b5-6cfe-4c37-8468-94e7187231b3,Spotify,Entertainment,Sammy Hair,Unknown,2,2025-11-05 17:34:16,I love all of my playlists but recently I've been getting advertisements for ICE and I feel like it really shouldn't be allowed and I really don't appreciate it.,i love all of my playlists but recently i've been getting advertisements for ice and i feel like it really shouldn't be allowed and i really don't appreciate it.,1,29,161,0,0,1,0.8620689655172413,0,1,0.3706,1,0,1,0.0,0,1,0,2.0,0.0
96db2035-2c05-48ef-8d37-afa239db5a57,Spotify,Entertainment,dilip wagh,Unknown,2,2025-11-05 18:49:33,I loved the Spotify app it's very nice but it has too many ads and it always says about the subscription and it always plays ads within two or one song,i loved the spotify app it's very nice but it has too many ads and it always says about the subscription and it always plays ads within two or one song,1,31,151,0,0,0,0.8064516129032258,0,1,0.7181,1,0,1,0.0,0,1,1,2.0,0.0
41513681-8229-4a8a-9368-0d0645351383,Spotify,Entertainment,Sarah P,Unknown,2,2025-11-05 20:29:02,The longer I use this app the more freuquent bugs and crashes are getting. Starting to think about finding a new service due to how poorly functioning the app is.,the longer i use this app the more freuquent bugs and crashes are getting. starting to think about finding a new service due to how poorly functioning the app is.,1,30,162,0,0,0,0.8666666666666667,0,1,0.0,1,0,1,0.0,0,1,0,2.0,0.0
3d66dc05-300f-4857-8baa-2027a15ccfd8,Spotify,Entertainment,Lewis Imbukwa,Unknown,2,2025-11-05 21:13:35,app can't access local audio stored on sd card.,app can't access local audio stored on sd card.,0,9,47,0,0,0,1.0,0,1,0.0,1,0,1,0.0,0,1,0,2.0,0.0
f5963c2c-87ad-4951-987c-63e3ce912c45,Spotify,Entertainment,Ashley Blomquist,Unknown,2,2025-11-05 21:43:11,I keep having to uninstall and reinstall because I get stuck in a loop of about 40 songs. My Playlist has a couple hundred songs on it.,i keep having to uninstall and reinstall because i get stuck in a loop of about 40 songs. my playlist has a couple hundred songs on it.,1,27,135,0,0,0,0.9259259259259259,1,0,-0.25,1,0,1,0.0,0,1,0,2.0,0.0
dcf69d83-50aa-4582-b085-80c813522886,Spotify,Entertainment,Hans Ruther,Unknown,2,2025-11-05 22:15:03,"good app, tho why is it necessary to add a limit of 6 skips for non-premium users?","good app, tho why is it necessary to add a limit of 6 skips for non-premium users?",1,17,82,0,0,0,1.0,0,1,0.4404,1,0,1,0.0,0,1,0,2.0,0.0
217c5266-1961-456e-8165-9b6131200c2d,Spotify,Entertainment,moises Martinez,Unknown,2,2025-11-06 00:50:58,it's average but it needs more diversity like YT music and but the interaction great but to many adds unlike YT music,it's average but it needs more diversity like yt music and but the interaction great but to many adds unlike yt music,0,22,117,0,0,2,0.8181818181818182,0,0,0.8838,1,0,1,0.0,0,1,1,2.0,0.0
bcb3b6d3-b2f8-4ec3-aa20-196e9c7a51bd,Spotify,Entertainment,Bryan R.,Unknown,2,2025-11-06 02:38:17,"what's up with the music auto playing on my phone after disconnecting from my vehicle bluetooth? it never did that before until recently, absolutely irritating.","what's up with the music auto playing on my phone after disconnecting from my vehicle bluetooth? it never did that before until recently, absolutely irritating.",1,25,160,0,0,0,0.96,0,0,-0.3597,1,0,1,0.0,0,1,0,2.0,0.0
92b0b3e4-1168-4648-8c2b-b05913c69080,Spotify,Entertainment,Jonathan M.,Unknown,2,2025-11-06 02:49:51,not too good.,not too good.,1,3,13,0,0,0,1.0,0,0,-0.3412,1,0,1,0.0,0,1,0,2.0,0.0
2ab4d8a4-27aa-4ef9-ace5-40c2f1efbfae,Spotify,Entertainment,Aaron Joshua Castillo,Unknown,2,2025-11-06 03:54:33,I was going to buy Student Premium. So I was going to verify that I am a student but then it told me to put my birth date but whatever year I put is considered 'Invalid birth date'?,i was going to buy student premium. so i was going to verify that i am a student but then it told me to put my birth date but whatever year i put is considered 'invalid birth date'?,1,38,181,0,0,0,0.7105263157894737,0,0,0.0,1,0,1,0.0,0,1,0,2.0,0.0
8e9a4fcb-1d55-4805-8ed1-2c72c82a25de,Spotify,Entertainment,Danika Choate,Unknown,2,2025-11-06 06:50:28,Can't listen to more than 15 minutes without the app shutting off my podcast or music. Very frustrating please fix ASAP.,can't listen to more than 15 minutes without the app shutting off my podcast or music. very frustrating please fix asap.,0,21,120,0,0,1,1.0,0,1,-0.1567,1,0,1,0.0,0,1,0,2.0,0.0
a368e833-def7-46d4-b666-c80514b655c9,Spotify,Entertainment,George Hlungwani,Unknown,2,2025-11-06 07:18:21,why you don't allow us to skip more than six times that's my concern,why you don't allow us to skip more than six times that's my concern,0,14,68,0,0,0,1.0,0,0,-0.1695,1,0,1,0.0,0,1,0,2.0,0.0
1937736c-8018-40a6-856a-b36019515319,Spotify,Entertainment,Rahul लाठ,Unknown,2,2025-11-06 07:35:53,Sound quality is best in all. Lots of ads. Not able to shuffle between songs and being forced to go for a premium subscription which I think is not fair.,sound quality is best in all. lots of ads. not able to shuffle between songs and being forced to go for a premium subscription which i think is not fair.,0,30,153,0,0,0,0.9,0,0,0.0613,1,0,1,0.0,0,1,0,2.0,0.0
49980416-7d22-4319-84e6-fb15d4418970,Spotify,Entertainment,Nico G,Unknown,2,2025-11-06 07:47:32,Just too greedy. Abusing their market position by extorting more money out of their customers for absolutely 0 added value. Try and find an alternative first,just too greedy. abusing their market position by extorting more money out of their customers for absolutely 0 added value. try and find an alternative first,0,26,157,0,0,0,0.9615384615384616,0,0,-0.3892,1,0,1,0.0,0,1,0,2.0,0.0
c5ad5eaf-3522-4573-a230-44ddf4c43d9a,Spotify,Entertainment,Domingo Acuña,Unknown,2,2025-11-06 07:52:45,i can't choose a song when i choose again and again it plays random songs,i can't choose a song when i choose again and again it plays random songs,0,15,73,0,0,0,0.8,0,0,0.25,1,0,1,0.0,0,1,0,2.0,0.0
54ffedaf-f4fe-448d-a5ee-57dfdb7154b2,Spotify,Entertainment,jovian 1016,Unknown,2,2025-11-06 08:28:05,"I can't login in my galaxy watch7, I already to uninstalled and install again and then I pair with my samsung a52 too, but I keep can't login. please help me","i can't login in my galaxy watch7, i already to uninstalled and install again and then i pair with my samsung a52 too, but i keep can't login. please help me",0,31,157,0,0,0,0.8064516129032258,1,0,-0.652,1,0,1,0.0,0,1,0,2.0,0.0
8247fdbc-59eb-4202-8997-99d3fb355a10,Spotify,Entertainment,Nola,Unknown,2,2025-11-06 09:20:15,fix your playlists! I can't even search my playlists when I need to add a song! It doesn't work even after reinstalling .,fix your playlists! i can't even search my playlists when i need to add a song! it doesn't work even after reinstalling .,0,23,121,0,0,0,0.9130434782608695,1,0,0.0,1,0,1,0.0,0,1,0,2.0,0.0
497ba486-e653-4106-880c-331a34a6aa38,Spotify,Entertainment,Jamiiro Khier Trinidad,Unknown,2,2025-11-06 09:53:08,All the lyrics of the songs is gone what is happening in spotify this an error or bug pls fix it,all the lyrics of the songs is gone what is happening in spotify this an error or bug pls fix it,0,21,96,0,0,0,0.9047619047619048,0,1,-0.34,1,0,1,0.0,0,1,0,2.0,0.0
85cd3ef6-51f6-4878-baa3-422938eeab3f,Spotify,Entertainment,Zairen Ros Namalata,Unknown,2,2025-11-06 09:56:45,too many ads eugh so money hungry 💩,too many ads eugh so money hungry 💩,0,8,35,1,0,0,1.0,0,0,0.0,1,0,1,0.0,0,1,0,2.0,0.0
3527093a-c773-4720-b541-a2aaec06a275,Spotify,Entertainment,Paras Kuchhal,Unknown,4,2025-11-06 10:27:52,too many ads!!,too many ads!!,0,3,14,0,0,0,1.0,0,0,0.0,1,0,1,0.0,0,1,0,4.0,0.0
3111b9c2-69ae-4fcc-86cd-5fbbd08ef17a,Spotify,Entertainment,Shivam Srivastava,Unknown,4,2025-11-06 10:31:25,yes it is actually good music aap,yes it is actually good music aap,0,7,33,0,0,0,1.0,0,0,0.6808,1,0,1,0.0,0,1,0,4.0,0.0
50cabe4b-5a89-4b77-b9f8-d2004484a423,Spotify,Entertainment,Arshia Sadia,Unknown,4,2025-11-06 10:48:32,nice sound I like it,nice sound i like it,0,5,20,0,0,0,1.0,0,0,0.6486,1,0,1,0.0,0,1,0,4.0,0.0
ffd6274c-108e-4723-be2d-22e7b9dd4c21,Spotify,Entertainment,Jessica.,Unknown,4,2025-11-06 10:57:19,why is my Spotify error,why is my spotify error,0,5,23,0,0,0,1.0,0,0,-0.4019,1,0,1,0.0,0,1,0,4.0,0.0
dd466f73-ca53-47a2-8126-810ceb13499e,Spotify,Entertainment,Malka Humera,Unknown,4,2025-11-06 11:03:00,it's not working offline,it's not working offline,0,4,24,0,0,0,1.0,0,0,0.0951,1,0,1,0.0,0,1,0,4.0,0.0
aa2edb24-217c-4605-a8aa-98130381655f,Spotify,Entertainment,itsmegav,Unknown,2,2025-11-06 11:08:44,i mean... its a good app and all.. but theres like almost so many ads. and i HATE!! LIKE GENIUENLY HSTE THE NEW LAYOUT OF SPOTIFY!! ITS SO CONFUSING!!! change it back to the old one PLEASEE...,i mean... its a good app and all.. but theres like almost so many ads. and i hate!! like geniuenly hste the new layout of spotify!! its so confusing!!! change it back to the old one pleasee...,0,37,192,0,0,13,0.8378378378378378,0,1,-0.4597,1,0,1,0.0,0,1,0,2.0,0.0
4b3595dd-7725-4b61-833c-26709a1b85bc,Spotify,Entertainment,stan copal,Unknown,4,2025-11-06 11:52:23,I like it just add kids podcasts to kids spotify please I'm begging you and your team because my grand kids unfortunately can't do that so they have to do it on mine 😢,i like it just add kids podcasts to kids spotify please i'm begging you and your team because my grand kids unfortunately can't do that so they have to do it on mine 😢,0,34,167,1,0,0,0.8529411764705882,0,0,0.3182,1,0,1,0.0,0,1,0,4.0,0.0
4bd5a31b-c2bb-4dc7-a69e-a79bfafcc2c9,Spotify,Entertainment,Mikaela Kristiene Salonga,Unknown,2,2025-11-06 11:57:09,Um.. Money hungry.,um.. money hungry.,0,3,18,0,0,0,1.0,0,0,0.0,1,0,1,0.0,0,1,0,2.0,0.0
b2011fe8-be34-4bc8-b6e6-5cedc19c1074,Spotify,Entertainment,Ram Kumar Pandey,Unknown,4,2025-11-06 12:11:50,This is very good,this is very good,0,4,17,0,0,0,1.0,0,0,0.4927,1,0,1,0.0,0,1,0,4.0,0.0
da6755ff-814d-470d-8e20-3bb7357c089e,Spotify,Entertainment,Suryam Markam,Unknown,2,2025-11-06 12:21:50,this is the worst update so far,this is the worst update so far,0,7,31,0,0,0,1.0,0,0,-0.6249,1,0,1,0.0,0,1,0,2.0,0.0
8e61503b-4528-4d76-bfa4-0f61ecad8228,Spotify,Entertainment,Cotton Candy,Unknown,2,2025-11-06 12:27:40,"why do you have to pay for a replay now? everything was fine untill you wanted more money ,Spotify. bring the old tablet Spotify back","why do you have to pay for a replay now? everything was fine untill you wanted more money ,spotify. bring the old tablet spotify back",4,25,133,0,0,0,0.96,0,0,0.1027,1,0,1,0.0,0,1,0,2.0,0.0
abf385f0-4dca-4650-a163-9615fc5b767d,Spotify,Entertainment,VANI GAJULA,Unknown,4,2025-11-06 12:34:58,good and nice,good and nice,0,3,13,0,0,0,1.0,0,0,0.6908,1,0,1,0.0,0,1,0,4.0,0.0
cac9a6cb-efb8-4912-9fb6-fa4e024b76af,Spotify,Entertainment,Riddhi Joshi,Unknown,4,2025-11-06 12:36:17,"everything is very good but too much ads, otherwise it's best","everything is very good but too much ads, otherwise it's best",0,11,61,0,0,0,1.0,0,0,0.8358,1,0,1,0.0,0,1,0,4.0,0.0
9199728c-2b11-4732-8595-d78bd80dccad,Spotify,Entertainment,Shyandmom,Unknown,4,2025-11-06 12:44:48,Too many ads and whenever it says enjoy the next 30 minutes of uninterrupted music I get an ad 10 minutes later,too many ads and whenever it says enjoy the next 30 minutes of uninterrupted music i get an ad 10 minutes later,0,22,111,0,0,0,0.9545454545454546,0,0,0.4939,1,0,1,0.0,0,1,0,4.0,0.0
ae8ff662-5373-4389-bc97-f558dee46458,Spotify,Entertainment,Tottal gaming Gaming,Unknown,4,2025-11-06 12:45:22,song app nice,song app nice,0,3,13,0,0,0,1.0,0,1,0.4215,1,0,1,0.0,0,1,0,4.0,0.0
820d75be-96eb-4573-acd6-b37564100506,Spotify,Entertainment,Bebe Rexxy,Unknown,4,2025-11-06 12:46:22,"i would give 4.5 but this is okay, it's worth it when you get premium but so expensive for students😢","i would give 4.5 but this is okay, it's worth it when you get premium but so expensive for students😢",0,20,100,1,0,0,0.95,0,0,-0.1154,1,0,1,0.0,0,1,0,4.0,0.0
78261b97-5230-47ba-969b-aeb15482d9e7,Spotify,Entertainment,Michael Jurkowski,Unknown,2,2025-11-06 13:08:32,instead of putting in new features fix the hudge lag when adding a song to likes/playlist and looking for songs in likes,instead of putting in new features fix the hudge lag when adding a song to likes/playlist and looking for songs in likes,0,22,120,0,0,0,0.9545454545454546,0,0,0.1027,1,0,1,0.0,0,1,0,2.0,0.0
c8b56791-ee85-4310-8e85-5208d172f588,Spotify,Entertainment,Vedanth Gowda,Unknown,4,2025-11-06 13:12:19,can you reduce yours ads soo we can also say it is best app but this is the great app for music,can you reduce yours ads soo we can also say it is best app but this is the great app for music,2,22,95,0,0,0,0.8636363636363636,0,1,0.85,1,0,1,0.0,0,1,0,4.0,0.0
25b3cbcb-ffc3-4d1f-95bd-38a82033f119,Spotify,Entertainment,Rheyella Green Palencia,Unknown,2,2025-11-06 13:51:22,IT SUDDENLY CHANGE. IT SAID NO REPLAY I HAVE THE LOOP BUTTON NOW IT'S GONE. UGHH. YOU NEED TO FIX THIS. I CAN'T EVEN GO BACK TO THE MUSIC.,it suddenly change. it said no replay i have the loop button now it's gone. ughh. you need to fix this. i can't even go back to the music.,2,29,138,0,0,27,0.8620689655172413,0,0,-0.296,1,0,1,0.0,0,1,0,2.0,0.0
2d81d3af-a202-4cd0-a9f4-b72dc1e15f8a,Spotify,Entertainment,Shaaijal Bishnoi,Unknown,4,2025-11-06 13:56:38,this app is ok 👌,this app is ok 👌,0,5,16,1,0,0,1.0,0,1,0.8091,1,0,1,0.0,0,1,0,4.0,0.0
92c007df-3224-4b27-b41f-c59c13932496,Spotify,Entertainment,Alex Sosa,Unknown,4,2025-11-06 14:16:51,I like but I wish that the song could keep going when I leave or turn off my phone,i like but i wish that the song could keep going when i leave or turn off my phone,0,19,82,0,0,0,0.8947368421052632,0,0,0.6124,1,0,1,0.0,0,1,0,4.0,0.0
81d603dc-fa70-46ac-858d-848202aee259,Spotify,Entertainment,Alyssa Lauritsen,Unknown,2,2025-11-06 14:18:58,"Need Yall To Pick A Struggle... Shuffle doesnt work half the time, apps buggy as hell, racist ads...","need yall to pick a struggle... shuffle doesnt work half the time, apps buggy as hell, racist ads...",0,18,100,0,0,0,1.0,0,1,-0.8979,1,0,1,0.0,0,1,0,2.0,0.0
5987f96f-c73c-4c96-927b-75d4c2a18fc1,Spotify,Entertainment,Subbu Subramanya,Unknown,2,2025-11-06 14:29:53,Super app. I love this app,super app. i love this app,0,6,26,0,0,0,1.0,0,1,0.8442,1,0,1,0.0,0,1,1,2.0,0.0
16a1e832-689c-4306-8552-46af132b3405,Spotify,Entertainment,Avadhesh Kumar,Unknown,2,2025-11-06 14:34:18,why you not giving download option,why you not giving download option,0,6,34,0,0,0,1.0,1,0,-0.2584,1,0,1,0.0,0,1,0,2.0,0.0
723d7d50-c340-4aaa-bd9f-579ac7ca107e,Spotify,Entertainment,Mita Rahmatia,Unknown,2,2025-11-06 14:45:19,"bruh... do you know what I've been going through? So many annoying ads while I'm listening to music, and Spotify is also like forcing me to buy premium, it's so weird...","bruh... do you know what i've been going through? so many annoying ads while i'm listening to music, and spotify is also like forcing me to buy premium, it's so weird...",0,31,169,0,0,0,0.9354838709677419,0,0,-0.4058,1,0,1,0.0,0,1,0,2.0,0.0
fe486c80-09df-4243-a537-b8a06b9bfc06,Spotify,Entertainment,Les,Unknown,2,2025-11-06 14:53:08,Great,great,0,1,5,0,0,0,1.0,0,0,0.6249,1,0,1,0.0,0,3,1,2.0,0.0
f6354a39-8a92-4afe-9b65-570cd5424855,Spotify,Entertainment,Wyatt Johns (zapy165),Unknown,2,2025-11-06 14:57:48,how did yall manage to break the add to playlist button? I can't even search for playlists now and the playlist art doesn't load,how did yall manage to break the add to playlist button? i can't even search for playlists now and the playlist art doesn't load,0,24,128,0,0,0,0.875,0,0,0.0,1,0,1,0.0,0,1,0,2.0,0.0
e856a305-d84a-46d6-8bde-9f09840d13ca,Spotify,Entertainment,Clown Yakov,Unknown,4,2025-11-06 15:05:03,"Пользуюсь много лет, лучше альтернативы не нашёл, спасибо, Спотик, за то, что ты есть.","пользуюсь много лет, лучше альтернативы не нашёл, спасибо, спотик, за то, что ты есть.",0,14,86,0,0,0,1.0,0,0,0.0,1,0,1,0.0,0,1,0,4.0,0.0
3df3ad4b-b81a-4e2a-8f21-edf4297c3577,Spotify,Entertainment,saket rahate,Unknown,2,2025-11-06 15:47:02,worst,worst,0,1,5,0,0,0,1.0,0,0,-0.6249,1,0,1,0.0,0,2,0,2.0,0.0
f0951088-5664-4801-8fad-57a72332e9a2,Spotify,Entertainment,Vaishnavi Divya,Unknown,4,2025-11-06 15:48:00,everything is good except these ads and premium things,everything is good except these ads and premium things,0,9,54,0,0,0,1.0,0,0,0.4404,1,0,1,0.0,0,1,0,4.0,0.0
959742a7-5217-4612-9d71-c4195049ee70,Spotify,Entertainment,Sam Oyinloye,Unknown,2,2025-11-06 15:59:26,the search function doesn't work on the add to playlist screen popup. I have to scroll to find the playlist I want to add the song to.,the search function doesn't work on the add to playlist screen popup. i have to scroll to find the playlist i want to add the song to.,0,27,134,0,0,0,0.6666666666666666,0,0,0.0772,1,0,1,0.0,0,1,0,2.0,0.0
92a34c1c-a4c3-4df4-be12-bbb74b5ae603,Spotify,Entertainment,Luis Javier Velázquez,Unknown,4,2025-11-06 16:01:51,"I need you to improve the quality of music such as Amazon Music, Apple Music and Tidal.","i need you to improve the quality of music such as amazon music, apple music and tidal.",0,17,87,0,0,0,0.9411764705882353,0,1,0.5574,1,0,1,0.0,0,1,0,4.0,0.0
2a4d4ea5-5523-4543-a66d-fad9b0ede8b0,Spotify,Entertainment,Andrew Williamson,Unknown,2,2025-11-06 16:04:15,too many adverts esp when im paying for a duo subscription,too many adverts esp when im paying for a duo subscription,0,11,58,0,0,0,1.0,0,0,0.0,1,0,1,0.0,0,1,0,2.0,0.0
a6a0c9f7-2716-42f8-a1dd-d8ae7f47d5ab,Spotify,Entertainment,Arika Pidgeon,Unknown,2,2025-11-06 16:15:49,"Bands keep leaving because the CEO is comically evil and the apps features are in a constant state of decay. Only recommends the most basic music choices. I listen to extreme metal, fills playlists with butt rock and nu metal.","bands keep leaving because the ceo is comically evil and the apps features are in a constant state of decay. only recommends the most basic music choices. i listen to extreme metal, fills playlists with butt rock and nu metal.",0,40,226,0,0,1,0.925,0,1,-0.7351,1,0,1,0.0,0,1,0,2.0,0.0
0cd3a829-fcc9-4474-8d74-5c8651da417c,Spotify,Entertainment,Lakshya Kumar,Unknown,4,2025-11-06 16:18:26,ads free🙄😥😥,ads free🙄😥😥,0,2,11,3,0,0,1.0,1,0,0.4118,1,0,1,0.0,0,1,0,4.0,0.0
a93ac4a1-6493-480e-8695-7ffbc373867c,Spotify,Entertainment,Jiovani Rivera,Unknown,4,2025-11-06 16:23:15,"Shuffle isn't random as it usually plays the same songs over and over again. Smart Shuffle sometimes plays in the exact same order. Otherwise, it's fine!","shuffle isn't random as it usually plays the same songs over and over again. smart shuffle sometimes plays in the exact same order. otherwise, it's fine!",0,26,153,0,0,0,0.8076923076923077,0,0,0.7777,1,0,1,0.0,0,1,0,4.0,0.0
5f381fd5-c95a-42bf-a2e4-6589c75b7b99,Spotify,Entertainment,Akku,Unknown,2,2025-11-06 16:25:37,now Spotify is very bad not recommend,now spotify is very bad not recommend,0,7,37,0,0,0,1.0,0,0,-0.7325,1,0,1,0.0,0,1,0,2.0,0.0
1332acb9-680e-4f3c-a979-36065b489e37,Spotify,Entertainment,Mi Ko,Unknown,2,2025-11-06 16:27:24,"what's with the playlist update? can't even select the song i want to play anymore. why's everything gotta be paid? were the three, 30 second ads per 15 minutes not enough..?","what's with the playlist update? can't even select the song i want to play anymore. why's everything gotta be paid? were the three, 30 second ads per 15 minutes not enough..?",1,31,174,0,0,0,0.9354838709677419,0,0,0.5007,1,0,1,0.0,0,1,1,2.0,0.0
09c73607-42c4-45a6-9ba4-59db933ae977,Spotify,Entertainment,Aadarsh _pro,Unknown,4,2025-11-06 16:29:13,amazing...but (show less ads please),amazing...but (show less ads please),0,5,36,0,0,0,1.0,0,0,0.2551,1,0,1,0.0,0,1,0,4.0,0.0
8f701df1-fd2e-469f-8c66-80eb9fa6a1f0,Spotify,Entertainment,Omod Wawar,Unknown,4,2025-11-06 16:55:23,thank you,thank you,0,2,9,0,0,0,1.0,0,0,0.3612,1,0,1,0.0,0,1,0,4.0,0.0
0efb87b9-6716-4111-9c0d-a65405e3b85f,Spotify,Entertainment,Seema Panday,Unknown,4,2025-11-06 17:15:14,just because of too much ads,just because of too much ads,0,6,28,0,0,0,1.0,0,0,0.0,1,0,1,0.0,0,1,0,4.0,0.0
935dde11-9f89-4c45-b501-e8eec10f2e15,Spotify,Entertainment,star,Unknown,4,2025-11-06 17:18:18,WHENEVER I DISLIKE THE AD IT GETS ME MORE ADS FSR😭🙏,whenever i dislike the ad it gets me more ads fsr😭🙏,1,11,51,2,0,10,1.0,0,0,-0.6908,1,0,1,0.0,0,1,1,4.0,0.0
74906f19-3524-4720-9d7a-28084fec0e65,Spotify,Entertainment,James Neerance,Unknown,4,2025-11-06 17:28:30,"Best streaming app ever, faultless","best streaming app ever, faultless",1,5,34,0,0,0,1.0,0,1,0.802,1,0,1,0.0,0,1,0,4.0,0.0
040cbf46-cebc-418a-bf40-fc4865f97fe9,Spotify,Entertainment,Sourav Husain (Sohrab),Unknown,4,2025-11-06 17:31:03,"Spotify has added a stats feature, which is great. I bought ""Stats FM"" to see my Spotify stats. I hope Spotify has the option to see lifetime stats like they do.","spotify has added a stats feature, which is great. i bought ""stats fm"" to see my spotify stats. i hope spotify has the option to see lifetime stats like they do.",0,31,161,0,0,1,0.7741935483870968,0,0,0.8591,1,0,1,0.0,0,1,0,4.0,0.0
1e47c1d8-5858-4d58-abdf-84f41dcc16f5,Spotify,Entertainment,Clayton Zak,Unknown,2,2025-11-06 17:36:20,Extremely laggy since last update,extremely laggy since last update,0,5,33,0,0,0,1.0,0,0,0.0,1,0,1,0.0,0,1,0,2.0,0.0
44bf7d9b-10aa-4d68-b01e-bdc3129ca0c9,Spotify,Entertainment,Angel Angel,Unknown,4,2025-11-06 17:49:10,luv this app,luv this app,0,3,12,0,0,0,1.0,0,1,0.0,1,0,1,0.0,0,1,0,4.0,0.0
ef1fae04-22a7-408e-8a8c-52bb0ae87309,Spotify,Entertainment,Optimus_Bull,Unknown,2,2025-11-06 17:54:48,It's 2025 and the app still lacks a true shuffle mode. It's extremely annoying and not particularly user-friendly. 😤,it's 2025 and the app still lacks a true shuffle mode. it's extremely annoying and not particularly user-friendly. 😤,0,19,116,1,0,0,0.8947368421052632,0,1,-0.0498,1,0,1,0.0,0,1,0,2.0,0.0
d8005562-6ebd-4907-992f-95a5152b8b9f,Spotify,Entertainment,Hamna Farooq,Unknown,4,2025-11-06 17:59:41,this was spo much good we are listening song with air pods and I just love this,this was spo much good we are listening song with air pods and i just love this,0,17,79,0,0,0,0.9411764705882353,0,0,0.7964,1,0,1,0.0,0,1,0,4.0,0.0
01acdb8d-3884-46cb-9319-b3ffed818092,Spotify,Entertainment,Daniel Houlie,Unknown,2,2025-11-06 18:03:17,only reason why I gave it 2 stars is because you have to get premium just to choose what songs you want to play,only reason why i gave it 2 stars is because you have to get premium just to choose what songs you want to play,0,24,111,0,0,0,0.875,0,0,0.4019,1,0,1,0.0,0,1,0,2.0,0.0
478e1d84-47c3-41aa-b39f-bf6533e2eef3,Spotify,Entertainment,Johannes Pieber,Unknown,2,2025-11-06 18:11:17,"funktioniert nicht mehr,bug bei der anmeldung. beim klick auf anmeldung springt es kurz auf die hauptseite und gleich darauf zurück zur anmeldung. Update.. funktioniert wieder einwandfrei. Update: funktioniet mit Home Assistant wieder nicht","funktioniert nicht mehr,bug bei der anmeldung. beim klick auf anmeldung springt es kurz auf die hauptseite und gleich darauf zurück zur anmeldung. update.. funktioniert wieder einwandfrei. update: funktioniet mit home assistant wieder nicht",0,33,240,0,0,0,0.8484848484848485,0,0,-0.5994,1,0,1,0.0,0,1,0,2.0,0.0
260fc81d-2339-4af7-b834-1cae4134ff64,Spotify,Entertainment,Ihekwoaba Chisomaga,Unknown,3,2025-11-06 18:30:30,I subscribed for one month as a new user and they said I got a 4 months free trial yet I can't play without my Data on why?,i subscribed for one month as a new user and they said i got a 4 months free trial yet i can't play without my data on why?,0,28,123,0,0,0,0.8928571428571429,1,0,0.3103,1,0,1,0.0,0,1,0,3.0,0.0
52563f84-c20f-45c1-95ee-1f80c5d0c89d,Spotify,Entertainment,Nhlamulo Mthembu,Unknown,3,2025-11-06 18:30:56,Best music app but everytime I try to play a song it takes me out of the app,best music app but everytime i try to play a song it takes me out of the app,0,18,76,0,0,0,0.9444444444444444,0,1,0.6908,1,0,1,0.0,0,1,0,3.0,0.0
8a099140-d8a9-4318-ae6b-6e4aa2d35089,Spotify,Entertainment,Mahesh Abeysekara,Unknown,3,2025-11-06 18:33:39,The app is great and all but recently I have been getting Ads too often and it would be amazing if we could get to play songs the way we like without always being forced to use shuffle.,the app is great and all but recently i have been getting ads too often and it would be amazing if we could get to play songs the way we like without always being forced to use shuffle.,0,38,185,0,0,0,0.8947368421052632,0,1,0.954,1,0,1,0.0,0,1,0,3.0,0.0
76581898-ceff-4e97-b368-e8a46acfa135,Spotify,Entertainment,Baqthiyar Madni,Unknown,2,2025-11-06 18:38:41,Changing my 5 star into 2 star because of their corporate greed nowadays.,changing my 5 star into 2 star because of their corporate greed nowadays.,0,13,73,0,0,0,0.9230769230769231,0,0,-0.4019,1,0,1,0.0,0,1,0,2.0,0.0
992c6af5-3904-4c40-b581-1f3ca0b010db,Spotify,Entertainment,Ben Aiyeki,Unknown,4,2025-11-06 18:48:43,it's an exceptional app.. I love the features.. the only issue is they should allow downloads,it's an exceptional app.. i love the features.. the only issue is they should allow downloads,0,16,93,0,0,0,0.9375,1,1,0.7479,1,0,1,0.0,0,1,0,4.0,0.0
5d617a62-339d-465a-8d8c-4a956f5f0264,Spotify,Entertainment,Hannah Chlebeck,Unknown,2,2025-11-06 18:54:54,what in the absolute hell is up with the new live events tab??? nothing is in chronological order anymore and there's no setting to make it dated most recent first.... 😐😐😐,what in the absolute hell is up with the new live events tab??? nothing is in chronological order anymore and there's no setting to make it dated most recent first.... 😐😐😐,0,31,171,3,0,0,0.9032258064516129,0,0,-0.8095,1,0,1,0.0,0,1,0,2.0,0.0
6588a8a2-f576-490a-91bb-bdfe77f15f14,Spotify,Entertainment,Martin,Unknown,3,2025-11-06 19:11:55,Happy,happy,0,1,5,0,0,0,1.0,0,1,0.5719,1,0,2,0.0,0,1,0,4.0,1.4142135623730951
a88f7d39-ca2f-44c2-bf81-a7412ca22b8f,Spotify,Entertainment,Jonathan Jaramillo,Unknown,1,2025-11-06 19:14:29,music playlist are trash,music playlist are trash,0,4,24,0,0,0,1.0,0,0,0.0,1,0,1,0.0,0,1,0,1.0,0.0
65e62463-33ab-40a2-a570-cbddd6f2e431,Spotify,Entertainment,Pradeep,Unknown,2,2025-11-06 19:16:24,hi Spotify india please fix the search feature when adding songs to a Playlist. it's not working when we search our playlist i have many i need to scroll to add a song to that particular playlist. @spotifycares,hi spotify india please fix the search feature when adding songs to a playlist. it's not working when we search our playlist i have many i need to scroll to add a song to that particular playlist. @spotifycares,0,38,210,0,0,0,0.7894736842105263,0,0,0.3182,1,0,1,0.0,0,1,0,2.0,0.0
d0986236-1771-4793-b537-1165ba44e036,Spotify,Entertainment,Samantha Rae Deutz,Unknown,1,2025-11-06 19:25:25,I love this app,i love this app,0,4,15,0,0,0,1.0,0,1,0.6369,1,0,1,0.0,0,2,1,1.0,0.0
4ea56aff-24fe-46f7-89cc-28f4b07e58d2,Spotify,Entertainment,Tanya,Unknown,2,2025-11-06 19:29:50,The app needs to stop just stopping and exiting on me just cause i open another app. It is suppose to continue playing in the background.,the app needs to stop just stopping and exiting on me just cause i open another app. it is suppose to continue playing in the background.,2,26,137,0,0,0,0.8846153846153846,0,1,-0.25,1,0,1,0.0,0,1,0,2.0,0.0
8cb160d5-5140-451f-8702-02c2d85e1f35,Spotify,Entertainment,Omnia,Unknown,1,2025-11-06 19:40:00,البرنامج النسخه المجانيه منه بقت مليانه قيود بشكل سيئ كانه ببسمعني الاغاني غصب كانه راديو بالظبط مش مشغل موسيقى,البرنامج النسخه المجانيه منه بقت مليانه قيود بشكل سيئ كانه ببسمعني الاغاني غصب كانه راديو بالظبط مش مشغل موسيقى,0,19,111,0,0,0,0.9473684210526315,0,0,0.0,1,0,1,0.0,0,1,0,1.0,0.0
95b42c9f-0064-4e60-b6a2-bc5771b6408e,Spotify,Entertainment,Lakshya Kaurani,Unknown,1,2025-11-06 19:42:13,gotten worse,gotten worse,0,2,12,0,0,0,1.0,0,0,-0.4767,1,0,1,0.0,0,1,0,1.0,0.0
4840e0b9-34a5-4b44-9837-3ea265732261,Spotify,Entertainment,Shirase Kino,Unknown,1,2025-11-06 19:49:53,I liked better spotify lite. it was more compact and had less ads. can you make a lite option available again?,i liked better spotify lite. it was more compact and had less ads. can you make a lite option available again?,0,21,110,0,0,0,1.0,0,0,0.6908,1,0,1,0.0,0,1,1,1.0,0.0
11877cc4-1ed8-4cd5-868f-ff36d8fcd909,Spotify,Entertainment,Angel Fernandez,Unknown,1,2025-11-06 19:50:35,Literally don't allow ANYTHING,literally don't allow anything,0,4,30,0,0,1,1.0,0,0,-0.1695,1,0,1,0.0,0,1,0,1.0,0.0
36d6cc8a-6f39-450d-9862-b25e819f4c8d,Spotify,Entertainment,Harshit Kharey,Unknown,3,2025-11-06 19:51:46,ads are too much,ads are too much,0,4,16,0,0,0,1.0,0,0,0.0,1,0,1,0.0,0,1,0,3.0,0.0
5ecf7e14-016f-4655-baa5-565e09c142ee,Spotify,Entertainment,Kanu Priya,Unknown,1,2025-11-06 19:54:19,since they put play in order in premium,since they put play in order in premium,0,8,39,0,0,0,0.875,0,0,0.34,1,0,1,0.0,0,1,0,1.0,0.0
66cc082d-5c6e-457c-9acc-fcf639ec16cd,Spotify,Entertainment,Jay biesebroek,Unknown,1,2025-11-06 20:00:30,Cannot even choose a specific song. Please fix it for the love of god... I have to listen to 6 different songs for a 10% chance to actually get he right song... Like BRO FIX YOUR APP,cannot even choose a specific song. please fix it for the love of god... i have to listen to 6 different songs for a 10% chance to actually get he right song... like bro fix your app,0,37,182,0,0,4,0.8648648648648649,0,1,0.9022,1,0,1,0.0,0,1,1,1.0,0.0
2f2c480c-93ff-407e-8499-4ff9810390fe,Spotify,Entertainment,Naledi Manuel,Unknown,1,2025-11-06 20:03:12,the fact that we have to pay to listen to music is ridiculous,the fact that we have to pay to listen to music is ridiculous,0,13,61,0,0,0,0.8461538461538461,0,0,-0.4404,1,0,1,0.0,0,1,0,1.0,0.0
62324534-7955-4cca-9bbc-5bfc211101c4,Spotify,Entertainment,rinku pramanick,Unknown,2,2025-11-06 20:09:03,youtube algorithm is better,youtube algorithm is better,0,4,27,0,0,0,1.0,0,0,0.4404,1,0,1,0.0,0,1,0,2.0,0.0
11f9ecb2-922d-4dea-b14f-6fffaa759726,Spotify,Entertainment,Beth M,Unknown,1,2025-11-06 20:12:51,Pushing ice ads,pushing ice ads,1,3,15,0,0,0,1.0,0,0,0.0,1,0,1,0.0,0,1,0,1.0,0.0
1dccea0b-f787-429b-a3ac-843abf179a6c,Spotify,Entertainment,Gautham S,Unknown,1,2025-11-06 20:17:13,too many ads and can't skip more than 6 times,too many ads and can't skip more than 6 times,0,10,45,0,0,0,1.0,0,0,0.0,1,0,1,0.0,0,1,0,1.0,0.0
c5d559d1-8245-4357-b6a9-f8a715cbbf2c,Spotify,Entertainment,Md Nisar Ashraf,Unknown,1,2025-11-06 20:28:37,Why are you even letting people download the app for free? If they can't even play the songs they like even after listening to ads constantly.,why are you even letting people download the app for free? if they can't even play the songs they like even after listening to ads constantly.,0,26,142,0,0,0,0.8461538461538461,1,1,0.5809,1,0,1,0.0,0,1,1,1.0,0.0
b120d618-cd85-4bc3-9d81-8f68c8473b66,Spotify,Entertainment,Benjamin James Taylor,Unknown,1,2025-11-06 20:31:05,Put my music playlist into shuffle,put my music playlist into shuffle,0,6,34,0,0,0,1.0,0,0,0.0,1,0,1,0.0,0,1,0,1.0,0.0
d371a31a-f6e1-4b8e-b8ff-b0df184d0d22,Spotify,Entertainment,Rj Duarte,Unknown,1,2025-11-06 20:33:56,STOP RUNNING ICE ADS,stop running ice ads,2,4,20,0,0,4,1.0,0,0,-0.296,1,0,1,0.0,0,1,0,1.0,0.0
66987a37-1a63-4a49-a4c8-a0e183f97da6,Spotify,Entertainment,Елизавета Власюк,Unknown,1,2025-11-06 20:38:52,"Ужастно много рекламы! Приложение тупит, долго запускаеться хотя на телефон новый! Куча недоступных треков вопрос почему не доступные?С каждым днём всё больше желание перейти на другие платформы для прослушивания музыки.","ужастно много рекламы! приложение тупит, долго запускаеться хотя на телефон новый! куча недоступных треков вопрос почему не доступные?с каждым днём всё больше желание перейти на другие платформы для прослушивания музыки.",56,30,220,0,0,0,0.9666666666666667,0,0,0.0,1,0,1,0.0,0,1,0,1.0,0.0
dfa200d6-582d-4e3e-9053-3b6ae838af37,Spotify,Entertainment,Allan,Unknown,2,2025-11-06 20:39:22,Gave us the ability to play any song on the free version just to take it away,gave us the ability to play any song on the free version just to take it away,0,17,77,0,0,0,0.8823529411764706,1,0,0.7906,1,0,1,0.0,0,1,1,2.0,0.0
375dc5c2-abbc-41da-b3e1-1e409646a2bb,Spotify,Entertainment,Ali Bader,Unknown,1,2025-11-06 20:45:02,"so many bugs lately; can't search for your playlists, songs being randomly auto added to playlists. losing all of my queued music randomly. it needs a serious update","so many bugs lately; can't search for your playlists, songs being randomly auto added to playlists. losing all of my queued music randomly. it needs a serious update",0,28,165,0,0,0,1.0,0,0,-0.4404,1,0,1,0.0,0,1,0,1.0,0.0
6a92ccd8-c37a-463d-8070-79587f45d701,Spotify,Entertainment,Jasper Elane,Unknown,1,2025-11-06 20:59:39,too bad,too bad,0,2,7,0,0,0,1.0,0,0,-0.5423,1,0,1,0.0,0,1,0,1.0,0.0
bda3782a-88ff-479e-93b1-8e26de54724d,Spotify,Entertainment,Ruqeyyah,Unknown,1,2025-11-06 21:03:00,"What the hell is this new update? It forces us to pay money to use the app freely, are you kidding me?","what the hell is this new update? it forces us to pay money to use the app freely, are you kidding me?",1,22,102,0,0,0,0.9090909090909091,1,1,-0.4696,1,0,1,0.0,0,1,0,1.0,0.0
fb7ca910-889f-42dd-bde1-4ec484d70720,Spotify,Entertainment,David García,Unknown,1,2025-11-06 21:06:57,Aun pagando te meten comerciales a lo bruto!,aun pagando te meten comerciales a lo bruto!,0,8,44,0,0,0,1.0,0,0,0.0,1,0,1,0.0,0,1,0,1.0,0.0
ad333774-66aa-4a44-b513-41c49ea2a4c9,Spotify,Entertainment,Allyssa Renee,Unknown,4,2025-11-06 21:14:24,"love it! don't really like the ads/premium, but it is a good app so👍🏻","love it! don't really like the ads/premium, but it is a good app so👍🏻",0,14,69,2,0,0,1.0,0,1,0.7251,1,0,1,0.0,0,1,0,4.0,0.0
4082a9f3-d97f-45a1-aa16-af44a77e975e,Spotify,Entertainment,Vijendra Singh Yadav,Unknown,1,2025-11-06 21:36:13,"Very very bad suggestion songs, what you're playing is of no use, the app will play next song veryyyy different from previous one, suggestions and random song selection is very L of this app, USE YOUTUBE MUSIC","very very bad suggestion songs, what you're playing is of no use, the app will play next song veryyyy different from previous one, suggestions and random song selection is very l of this app, use youtube music",0,37,209,0,0,3,0.8648648648648649,0,1,0.0571,1,0,1,0.0,0,1,0,1.0,0.0
59a8a3a0-f1d0-4b0e-affd-a11fd197ee69,Spotify,Entertainment,Pelolo770 Pelo,Unknown,2,2025-11-06 21:39:54,I missed the old Spotify. it was so easy to listen to music on it...,i missed the old spotify. it was so easy to listen to music on it...,0,15,68,0,0,0,0.9333333333333333,0,0,0.3697,1,0,1,0.0,0,1,0,2.0,0.0
02ba2231-4b9c-4ab7-af64-1e4d44cf0a47,Spotify,Entertainment,David Hassler,Unknown,4,2025-11-06 21:40:07,always has what i want to listen to,always has what i want to listen to,0,8,35,0,0,0,0.875,0,0,0.0772,1,0,1,0.0,0,1,0,4.0,0.0
31c7595e-08b3-43e3-a0a1-05748938a36d,Spotify,Entertainment,sweta manjulam,Unknown,4,2025-11-06 21:44:04,so very good aap 👍,so very good aap 👍,0,5,18,1,0,0,1.0,0,0,0.5379,1,0,1,0.0,0,1,0,4.0,0.0
f8636c20-bb97-43a5-ab97-308a71f3fb40,Spotify,Entertainment,A.R.R.,Unknown,1,2025-11-06 21:47:34,As is Premium is a waste and the free service is more ads than music. Just make it a paid app and improve premium service instead of nikle and diming customers.,as is premium is a waste and the free service is more ads than music. just make it a paid app and improve premium service instead of nikle and diming customers.,0,31,160,0,0,0,0.7741935483870968,1,1,0.5267,1,0,1,0.0,0,1,1,1.0,0.0
5e68dc74-6d4c-41ad-aad2-3785d270e53c,Spotify,Entertainment,Branded Yadav,Unknown,1,2025-11-06 21:48:54,Advertisement very,advertisement very,0,2,18,0,0,0,1.0,0,0,0.0,1,0,1,0.0,0,1,0,1.0,0.0
502231d9-6077-4927-ada0-ccab788fa869,Spotify,Entertainment,Kitty,Unknown,1,2025-11-06 21:51:12,worst app ever you can't chose what song you want to listen to.and you get a add every one song don't waste your time with this trash app,worst app ever you can't chose what song you want to listen to.and you get a add every one song don't waste your time with this trash app,0,28,137,0,0,0,0.8571428571428571,0,1,-0.3544,1,0,1,0.0,0,1,0,1.0,0.0
31007305-2f25-4094-b13e-cad6982b8b55,Spotify,Entertainment,Sweet Apple,Unknown,1,2025-11-06 21:58:35,the ICE support and rampant use of AI really kills the app,the ice support and rampant use of ai really kills the app,1,12,58,0,0,2,0.9166666666666666,0,1,-0.2716,1,0,1,0.0,0,1,0,1.0,0.0
bb89cd8c-1515-487c-99e5-e37458c55d32,Spotify,Entertainment,Denmark Ablid,Unknown,1,2025-11-06 22:03:22,"After the song you looked up finishes, it plays a random song from another country that I don’t understand.","after the song you looked up finishes, it plays a random song from another country that i don’t understand.",0,19,107,0,0,0,0.9473684210526315,0,0,0.25,1,0,1,0.0,0,1,0,1.0,0.0
74d0e6f7-327a-429e-883a-c9c748b3d95f,Spotify,Entertainment,Hillary Slater,Unknown,3,2025-11-06 22:08:03,"have fun if you want to add more than like 10 songs to playlist, the app progressively gets slower before it just full on crashes, rinse and repeat","have fun if you want to add more than like 10 songs to playlist, the app progressively gets slower before it just full on crashes, rinse and repeat",0,28,147,0,0,0,0.9642857142857143,0,1,0.749,1,0,1,0.0,0,1,0,3.0,0.0
ab538a0f-4082-42cb-80f5-c1beab109ac3,Spotify,Entertainment,Matt Durrant,Unknown,3,2025-11-06 22:09:10,needs to come with an up to date user guide. every update musses things up,needs to come with an up to date user guide. every update musses things up,0,15,74,0,0,0,0.8666666666666667,0,0,0.0,1,0,1,0.0,0,1,0,3.0,0.0
ec10bb73-6829-47e8-a5fd-d0714c616399,Spotify,Entertainment,Denver Docker,Unknown,1,2025-11-06 22:10:00,why can't I just download the lossless songs with the download button? instead I have to remove all my songs from every playlist except 1 then delete and redownload them,why can't i just download the lossless songs with the download button? instead i have to remove all my songs from every playlist except 1 then delete and redownload them,0,30,169,0,0,0,0.8666666666666667,1,0,0.0,1,0,1,0.0,0,1,0,1.0,0.0
0cf377ec-948a-4adf-aa3f-239a20992b31,Spotify,Entertainment,Doug Matosich,Unknown,1,2025-11-06 22:17:30,advertisement simulator,advertisement simulator,0,2,23,0,0,0,1.0,0,0,0.0,1,0,1,0.0,0,1,0,1.0,0.0
4de452ea-bb42-44e6-b4ba-d2380cc13413,Spotify,Entertainment,Penny,Unknown,1,2025-11-06 22:31:22,"I get an ad every 2 songs, which is really annoying. It also gets very laggy when I open up Chrome. Also almost everytime I shut down my computer I have to reinstall it","i get an ad every 2 songs, which is really annoying. it also gets very laggy when i open up chrome. also almost everytime i shut down my computer i have to reinstall it",0,34,168,0,0,0,0.8529411764705882,1,0,-0.4576,1,0,1,0.0,0,1,0,1.0,0.0
45ab444d-3609-48ae-9a4a-515a8a83ea4f,Spotify,Entertainment,Brian Harradine,Unknown,2,2025-11-06 22:33:26,subscription is too expensive 😔,subscription is too expensive 😔,0,5,31,1,0,0,1.0,0,0,0.0772,1,0,1,0.0,0,1,0,2.0,0.0
aacf3ea3-e942-4087-b2ca-806536798d12,Spotify,Entertainment,France Ayala,Unknown,1,2025-11-06 22:37:33,"removed choosing a any song in the free version, after they state will be able to choose songs on September 2025.","removed choosing a any song in the free version, after they state will be able to choose songs on september 2025.",0,21,113,0,0,0,1.0,1,0,0.5106,1,0,1,0.0,0,1,1,1.0,0.0
23ca3250-743a-4fad-b8c1-bdda4dd91636,Spotify,Entertainment,Adrian Thomas,Unknown,3,2025-11-06 22:41:28,hate the fact that you have to be premium to replay a song,hate the fact that you have to be premium to replay a song,0,13,58,0,0,0,0.9230769230769231,0,0,-0.5719,1,0,1,0.0,0,1,0,3.0,0.0
d8099629-bc86-4c60-bb50-157fd7b41da2,Spotify,Entertainment,Kieran Shalloo,Unknown,1,2025-11-06 22:54:15,Shocking UI. Awful user experience. Cancelled a subscription..,shocking ui. awful user experience. cancelled a subscription..,10,8,62,0,0,1,1.0,0,0,-0.7717,1,0,1,0.0,0,1,0,1.0,0.0
d7c0c528-4185-4010-bad7-31a8374b6b91,Spotify,Entertainment,"Nope, nope Nope, nope",Unknown,1,2025-11-06 23:05:49,"Done with having to constantly uninstall and fresh install the app, because playlists, artists and songs keep acting up by either ""not being found"" and artists ""not existing."" Yet meanwhile, everything works fine on the Playstation version 🤷🏻‍♂️🤦🏻‍♂️","done with having to constantly uninstall and fresh install the app, because playlists, artists and songs keep acting up by either ""not being found"" and artists ""not existing."" yet meanwhile, everything works fine on the playstation version 🤷🏻‍♂️🤦🏻‍♂️",10,38,250,4,0,0,0.868421052631579,1,1,0.4767,1,0,1,0.0,0,1,0,1.0,0.0
a82b7a2d-2bfe-4041-9f2b-286a5d4265a4,Spotify,Entertainment,Dana Rosenberger,Unknown,4,2025-11-06 23:07:53,like it so far,like it so far,0,4,14,0,0,0,1.0,0,0,0.3612,1,0,1,0.0,0,1,0,4.0,0.0
b4fa3360-5a41-455d-8a58-ac297e67d482,Spotify,Entertainment,Kerry Reardon,Unknown,1,2025-11-06 23:23:00,very bad service,very bad service,0,3,16,0,0,0,1.0,0,0,-0.5849,1,0,1,0.0,0,1,0,1.0,0.0
27932859-4738-4cbf-b7fe-a718525cc5f0,Spotify,Entertainment,Cali sOfia,Unknown,1,2025-11-06 23:33:49,Cannot listen offline even I have premium,cannot listen offline even i have premium,0,7,41,0,0,0,1.0,0,0,0.0951,1,0,1,0.0,0,1,0,1.0,0.0
6ac55389-ec17-4b84-b8be-a07957a115a5,Spotify,Entertainment,Julie Lasiter,Unknown,4,2025-11-06 23:49:36,Spotify let's me listen to the artists I love and introduces me to many new ones,spotify let's me listen to the artists i love and introduces me to many new ones,0,16,80,0,0,0,0.875,0,0,0.6369,1,0,1,0.0,0,1,0,4.0,0.0
0d4330d9-cfeb-488e-8985-82944cafc4bd,Spotify,Entertainment,Madeleine Karickhoff,Unknown,2,2025-11-06 23:54:49,loved the app. but recently found out about them advertising ice and promoting the racist hatred they inflict.,loved the app. but recently found out about them advertising ice and promoting the racist hatred they inflict.,1,18,110,0,0,0,0.9444444444444444,0,1,-0.8225,1,0,1,0.0,0,1,0,2.0,0.0
e696ecf3-d4b5-4957-9c80-45cb2a70b202,Spotify,Entertainment,Vincent Kho,Unknown,3,2025-11-07 00:05:48,Free 30 minutes no ads? Bro's lying,free 30 minutes no ads? bro's lying,0,7,35,0,0,0,1.0,1,0,-0.3182,1,0,1,0.0,0,1,0,3.0,0.0
739b3e96-a3d8-459c-9a36-ed47d20dc189,Spotify,Entertainment,Tristan Kundrat,Unknown,1,2025-11-07 00:09:43,"why am i paying for this app that crashes every time i try to search a song, sits idle trying to load for 5 minutes, sometimes leading to having to restart my phone entirely.","why am i paying for this app that crashes every time i try to search a song, sits idle trying to load for 5 minutes, sometimes leading to having to restart my phone entirely.",2,34,174,0,0,0,0.8529411764705882,0,1,0.0,1,0,1,0.0,0,1,0,1.0,0.0
a5e61920-73d5-4ac6-b801-a036cb115d7b,Spotify,Entertainment,clay ang,Unknown,4,2025-11-07 00:16:47,"good app! although I'm pretty sad that ""Oath by cher Lloyd ft Becky g"" isn't available here due to licensing","good app! although i'm pretty sad that ""oath by cher lloyd ft becky g"" isn't available here due to licensing",0,20,108,0,0,0,1.0,0,1,0.5093,1,0,1,0.0,0,1,0,4.0,0.0
466ad573-981d-4602-b061-ef36ef89d40a,Spotify,Entertainment,Peter Strapp,Unknown,1,2025-11-07 00:22:04,The app has stopped syncing podcasts under the follow tab. everything is at least two days old.,the app has stopped syncing podcasts under the follow tab. everything is at least two days old.,0,17,95,0,0,0,0.9411764705882353,0,1,-0.2263,1,0,1,0.0,0,1,0,1.0,0.0
5adc6eef-043a-4843-825e-6286c1e60b40,Spotify,Entertainment,Sewerslide Enthusiast,Unknown,1,2025-11-07 00:29:43,"so. many. ads. Used to not have to pay for very simple features, but now you do. If Im subscribing for premium music, YT music has better algorithms","so. many. ads. used to not have to pay for very simple features, but now you do. if im subscribing for premium music, yt music has better algorithms",0,28,148,0,0,1,0.9285714285714286,0,0,0.6121,1,0,1,0.0,0,1,1,1.0,0.0
54cdb10b-91df-4de1-8290-adc4f5233f92,Spotify,Entertainment,Muhammad Chairil Akbar,Unknown,1,2025-11-07 00:30:58,terlalu banyak iklan utk yg free. jeda 1 lagu ke lagu lain sampai 3 iklan.,terlalu banyak iklan utk yg free. jeda 1 lagu ke lagu lain sampai 3 iklan.,0,15,74,0,0,0,0.9333333333333333,1,0,0.5106,1,0,1,0.0,0,1,1,1.0,0.0
540eae49-00ad-4deb-af07-b0bb20f920dd,Spotify,Entertainment,CR Solis,Unknown,1,2025-11-07 00:46:32,I'm to broke to afford premium,i'm to broke to afford premium,1,6,30,0,0,0,0.8333333333333334,0,0,-0.4215,1,0,1,0.0,0,1,0,1.0,0.0
4f9a3cf8-1b51-42c1-8462-8896b82ff186,Spotify,Entertainment,onni CHEN,Unknown,1,2025-11-07 00:57:20,it wont srop playing random stuff in the libary and u cant repet songs all u guys do is make.the.app worse and worse.and wirse,it wont srop playing random stuff in the libary and u cant repet songs all u guys do is make.the.app worse and worse.and wirse,2,24,126,0,0,0,0.9166666666666666,0,1,-0.5707,1,0,1,0.0,0,1,0,1.0,0.0
beebf329-d136-41ca-9ed3-2994c917cc17,Spotify,Entertainment,Johnathan Sanchez,Unknown,2,2025-11-07 01:06:32,we need free user's have unlimited pick n play instead of having to wait for the song idk if it's daily but make it unlimited for free user's and more skips plz fix this,we need free user's have unlimited pick n play instead of having to wait for the song idk if it's daily but make it unlimited for free user's and more skips plz fix this,0,34,169,0,0,0,0.8823529411764706,1,0,0.8388,1,0,1,0.0,0,1,1,2.0,0.0
6f30d08e-1ac4-4bb6-8764-9e0a5f115c9b,Spotify,Entertainment,Dillon Ledwick,Unknown,1,2025-11-07 01:08:33,unsubscribing and undownloading because of the ICE ads,unsubscribing and undownloading because of the ice ads,2,8,54,0,0,1,1.0,1,0,0.0,1,0,1,0.0,0,1,0,1.0,0.0
705a2458-f6c3-446e-9760-e8676456518f,Spotify,Entertainment,Alvar Lagerlöf,Unknown,1,2025-11-07 01:09:24,Podcasts are showing the wrong total duration. Sometimes even an hour more than the actual duration.,podcasts are showing the wrong total duration. sometimes even an hour more than the actual duration.,1,16,100,0,0,0,0.875,0,0,-0.4767,1,0,1,0.0,0,1,0,1.0,0.0
70fdd9f2-783d-4818-8723-1a9ccff919e1,Spotify,Entertainment,Maria Gardon,Unknown,1,2025-11-07 01:19:59,I am getting kicked when im playing a song,i am getting kicked when im playing a song,0,9,42,0,0,0,1.0,0,0,0.2023,1,0,1,0.0,0,1,0,1.0,0.0
55684156-a60a-4757-a0ee-df59a6452a24,Spotify,Entertainment,Mariam Derbala,Unknown,1,2025-11-07 01:26:15,حاجه قرف يعني ايه اختار اغنيه تشغلي انت حاجه تانيه علي ذوقك انت مال امك انت يعم انا عايزه اسمع دي و كل حاجه بريميوم هو ايه دا والله 😭😭,حاجه قرف يعني ايه اختار اغنيه تشغلي انت حاجه تانيه علي ذوقك انت مال امك انت يعم انا عايزه اسمع دي و كل حاجه بريميوم هو ايه دا والله 😭😭,0,30,134,2,0,0,0.8333333333333334,0,0,-0.7351,1,0,1,0.0,0,1,0,1.0,0.0
6d1fc5be-71a9-4f03-b8bf-63b4a4a79918,Spotify,Entertainment,Sanjeiv J. A,Unknown,4,2025-11-07 01:26:47,app is all good but i get too many ad's,app is all good but i get too many ad's,0,10,39,0,0,0,1.0,0,1,0.2382,1,0,1,0.0,0,1,0,4.0,0.0
db37961c-126a-41b2-91f3-ebe49813c5dc,Spotify,Entertainment,Rachel Plank,Unknown,1,2025-11-07 01:47:15,Not sure what's going on. The search bar that appears when adding a song to a playlist has completely stopped working. Tried to send something to Support but just got some useless ai garbage.,not sure what's going on. the search bar that appears when adding a song to a playlist has completely stopped working. tried to send something to support but just got some useless ai garbage.,0,34,191,0,0,0,0.9117647058823529,0,1,-0.603,1,0,1,0.0,0,1,0,1.0,0.0
dce4659e-c058-40c6-9c59-fbf6a14a434e,Spotify,Entertainment,Star Torchlight,Unknown,1,2025-11-07 01:52:41,"Hiding the amount of times people can choose the song they want to listen to, and the randomized playlists play the same three or four songs over and over again. And the ads get more excessive by the day.","hiding the amount of times people can choose the song they want to listen to, and the randomized playlists play the same three or four songs over and over again. and the ads get more excessive by the day.",0,39,204,0,0,0,0.7948717948717948,0,0,0.128,1,0,1,0.0,0,1,0,1.0,0.0
9329bb12-cbad-4cf5-b8f3-4138c4b1d0bb,Spotify,Entertainment,Haiwachu kath,Unknown,1,2025-11-07 01:57:43,"ok but repeated ads,","ok but repeated ads,",0,4,20,0,0,0,1.0,0,0,0.1531,1,0,1,0.0,0,1,0,1.0,0.0
4640dc89-2764-4a7a-a5c1-18ef7cb07f76,Spotify,Entertainment,marice mendoza,Unknown,1,2025-11-07 02:14:45,"it's bugging really badly, whenever I click a song it redirects me to another one.","it's bugging really badly, whenever i click a song it redirects me to another one.",1,15,82,0,0,0,1.0,0,0,-0.5256,1,0,1,0.0,0,1,0,1.0,0.0
c1d6145a-f0ff-4bff-8d9c-e6e2ab38653c,Spotify,Entertainment,Henry Muller,Unknown,2,2025-11-07 02:15:53,Very hard to download it.,very hard to download it.,0,5,25,0,0,0,1.0,1,0,-0.1761,1,0,1,0.0,0,1,0,2.0,0.0
25db3de8-05cb-47e1-a47e-3afbc1719349,Spotify,Entertainment,Anne,Unknown,1,2025-11-07 02:38:51,They play fascist recruitment ads. Uninstalling is financially safer than wanting to smash my phone. And there are plenty of other alternatives for streaming music.,they play fascist recruitment ads. uninstalling is financially safer than wanting to smash my phone. and there are plenty of other alternatives for streaming music.,2,25,164,0,0,0,1.0,1,0,0.1531,1,0,1,0.0,0,1,0,1.0,0.0
7a8a3b13-22e5-40bd-97da-5053b99c5b9b,Spotify,Entertainment,Novikel,Unknown,4,2025-11-07 02:43:28,"Añadan audio de alta calidad, 320kbps en casi 2026 es un chiste.","añadan audio de alta calidad, 320kbps en casi 2026 es un chiste.",0,12,64,0,0,0,1.0,0,0,0.0,1,0,1,0.0,0,1,0,4.0,0.0
8ffc5607-9e5d-4759-8fd3-7da9231ea622,Spotify,Entertainment,Sona Shiju,Unknown,2,2025-11-07 02:45:32,more ads are problem,more ads are problem,0,4,20,0,0,0,1.0,0,0,-0.4522,1,0,1,0.0,0,1,0,2.0,0.0
40c3f41d-904f-488c-b862-0dfee6bf9209,Spotify,Entertainment,T Bone,Unknown,1,2025-11-07 02:50:23,it wont let me redownload old podcast epsiodes,it wont let me redownload old podcast epsiodes,0,8,46,0,0,0,1.0,1,0,0.0,1,0,1,0.0,0,1,0,1.0,0.0
c7cdbba4-1a02-443a-ae80-fe7622eae884,Spotify,Entertainment,Hayden Churchill,Unknown,1,2025-11-07 02:57:24,shockingly terrible. especially while offline,shockingly terrible. especially while offline,0,5,45,0,0,0,1.0,0,0,-0.6786,1,0,1,0.0,0,1,0,1.0,0.0
0660881a-0879-4984-8928-e0eac3ad99fb,Spotify,Entertainment,HIMENO AKIBA,Unknown,1,2025-11-07 03:09:24,"the new update is sucks, you have to pay if you want to choose your songs, In your own playlist. THEY JUST SHUFFLE THE SONGS LOL","the new update is sucks, you have to pay if you want to choose your songs, in your own playlist. they just shuffle the songs lol",1,26,128,0,0,6,0.8461538461538461,0,0,0.0516,1,0,1,0.0,0,1,0,1.0,0.0
331a1fd3-2b5d-4754-9dc9-094011beadbe,Spotify,Entertainment,MONIMA BHOWMICK,Unknown,1,2025-11-07 03:21:34,this is very bad app for primium the app experience is very bad I don't recommend any people😡😡🤬🤬🤮,this is very bad app for primium the app experience is very bad i don't recommend any people😡😡🤬🤬🤮,0,18,97,5,0,0,0.7777777777777778,0,1,-0.8656,1,0,1,0.0,0,1,0,1.0,0.0
005e15ab-38df-44e7-8efd-14103e043a8e,Spotify,Entertainment,nicole mota,Unknown,1,2025-11-07 03:36:50,it updated by itself. i cried.,it updated by itself. i cried.,0,6,30,0,0,0,1.0,0,0,-0.3818,1,0,1,0.0,0,1,0,1.0,0.0
660caf99-dfcb-458c-b71e-ead73badc7c8,Spotify,Entertainment,Dikshita Kalita,Unknown,3,2025-11-07 03:36:55,Spotify pehle thik tha...lekin ab Spotify vaale itna advertise dete hai ki tv channel walo ko piche choda hai...thoda advertise kam karo.. edit: Spotify walo ka problem kya hai skip karne ke bad bhi add dete ho,spotify pehle thik tha...lekin ab spotify vaale itna advertise dete hai ki tv channel walo ko piche choda hai...thoda advertise kam karo.. edit: spotify walo ka problem kya hai skip karne ke bad bhi add dete ho,1,37,210,0,0,0,0.8378378378378378,0,1,-0.7351,1,0,1,0.0,0,1,0,3.0,0.0
8356afb0-27f0-4255-be2b-135b080b18ca,Spotify,Entertainment,Zee,Unknown,1,2025-11-07 03:40:59,i don't like new update for tablet,i don't like new update for tablet,1,7,34,0,0,0,1.0,0,0,-0.2755,1,0,1,0.0,0,1,0,1.0,0.0
684dd2e7-1fd3-4534-a5e2-bffdba1b2ff6,Spotify,Entertainment,Michael Barberra Sr,Unknown,4,2025-11-07 03:49:40,app tends to crash for no reason but still works most times. otherwise everythings fine,app tends to crash for no reason but still works most times. otherwise everythings fine,1,15,87,0,0,0,1.0,0,1,-0.0644,1,0,1,0.0,0,1,0,4.0,0.0
25d58117-0338-48e3-a31f-d11196109193,Spotify,Entertainment,SRK BHATI,Unknown,1,2025-11-07 03:58:58,loda add bhot ata hai,loda add bhot ata hai,0,5,21,0,0,0,1.0,0,1,0.0,1,0,1,0.0,0,1,0,1.0,0.0
09abfaf5-5e30-4258-9ccb-4b0dce19562e,Spotify,Entertainment,Allison Sanchez,Unknown,4,2025-11-07 03:59:09,it's nice but it's not letting me put my playlist it only skips,it's nice but it's not letting me put my playlist it only skips,0,13,63,0,0,0,0.9230769230769231,0,0,0.2263,1,0,1,0.0,0,1,0,4.0,0.0
39d890f9-f447-451f-9996-abd5b201bac4,Spotify,Entertainment,Sangita Surwase,Unknown,4,2025-11-07 04:01:11,the app always conveys to download spotify premium,the app always conveys to download spotify premium,0,8,50,0,0,0,1.0,1,1,0.0,1,0,1,0.0,0,1,0,4.0,0.0
8fb55699-58fd-47b8-8377-a0c5ca0da84e,Spotify,Entertainment,Daniel,Unknown,4,2025-11-07 04:02:14,This app is fine. And please add select song options in playlists so it's easier to put some songs in one playlist into another.,this app is fine. and please add select song options in playlists so it's easier to put some songs in one playlist into another.,0,24,128,0,0,0,0.9583333333333334,0,1,0.7334,1,0,1,0.0,0,1,0,4.0,0.0
5f0d0cba-0836-4836-bf44-7ea5bb28158f,Spotify,Entertainment,Lavyansh Siddharth,Unknown,1,2025-11-07 04:06:27,worst with alexa,worst with alexa,0,3,16,0,0,0,1.0,0,0,-0.6249,1,0,1,0.0,0,1,0,1.0,0.0
21f918b6-1417-47b8-9678-e6a3d1efaf4c,Spotify,Entertainment,Melissa Tortolano,Unknown,4,2025-11-07 04:08:42,ok so I downloaded it yesterday and used it today but WHY do we have to pay to skip or play a song that we actually want to listen to? and in my opinion I don't like this new update,ok so i downloaded it yesterday and used it today but why do we have to pay to skip or play a song that we actually want to listen to? and in my opinion i don't like this new update,1,40,181,0,0,1,0.85,1,0,0.2228,1,0,1,0.0,0,1,0,4.0,0.0
20fb5190-fab4-45c4-9663-de3dbe4212f1,Spotify,Entertainment,Rell Rivers,Unknown,4,2025-11-07 04:18:14,great app,great app,0,2,9,0,0,0,1.0,0,1,0.6249,1,0,1,0.0,0,2,0,4.0,0.0
fa629edb-f5c9-4e32-81c7-d669700af256,Spotify,Entertainment,Ashley Ngxumza,Unknown,1,2025-11-07 04:27:09,I don't know why this app keeps on logging out on its own every time I play music 😭,i don't know why this app keeps on logging out on its own every time i play music 😭,1,19,83,1,0,0,0.8947368421052632,0,1,-0.1779,1,0,1,0.0,0,1,0,1.0,0.0
0c4c8a5f-e1cc-4a48-a67e-c7b2d4c484ea,Spotify,Entertainment,Alisha ST4R,Unknown,3,2025-11-07 04:29:19,sorryy don't like the new update🙏🏻😣 pls change it back like the old one🙏🏻🙏🏻 it makes me even hard to listen the music😭😭,sorryy don't like the new update🙏🏻😣 pls change it back like the old one🙏🏻🙏🏻 it makes me even hard to listen the music😭😭,1,23,119,9,0,0,0.8260869565217391,0,0,-0.7105,1,0,1,0.0,0,1,0,3.0,0.0
aeecbd34-ad19-4450-bd8b-65a4ee1a3127,Spotify,Entertainment,MD RAMEEZ,Unknown,1,2025-11-07 04:40:34,free version is trash and useless. switching,free version is trash and useless. switching,0,7,44,0,0,0,1.0,1,0,0.128,1,0,1,0.0,0,1,0,1.0,0.0
7704825a-6113-4329-a863-29f536879cd4,Spotify,Entertainment,Abdulatif Abdulatif pererea,Unknown,1,2025-11-07 04:45:18,I am a VIP and it still says Ur not and if I try to login it says password error fox it,i am a vip and it still says ur not and if i try to login it says password error fox it,0,22,87,0,0,1,0.7727272727272727,0,0,0.1531,1,0,1,0.0,0,1,0,1.0,0.0
f2afbe9c-5f9b-4690-a296-3589d2a97d55,Spotify,Entertainment,Sourav Kisan,Unknown,1,2025-11-07 04:52:40,i can't download the app please fix my problem,i can't download the app please fix my problem,0,9,46,0,0,0,1.0,1,1,-0.1027,1,0,1,0.0,0,1,0,1.0,0.0
42b82921-5fbb-4b8e-8cbf-f8ae41647972,Spotify,Entertainment,Trevor Onyango,Unknown,4,2025-11-07 04:53:33,not five stars because of the ads interrupting your music all the time,not five stars because of the ads interrupting your music all the time,0,13,70,0,0,0,0.9230769230769231,0,0,-0.296,1,0,1,0.0,0,1,0,4.0,0.0
bdfb9e80-b8b5-440d-a53c-1bddfb817c71,Spotify,Entertainment,Uno Fantilaga,Unknown,1,2025-11-07 05:02:01,enjoy your 30mins add free music scam hahaha 2 songs lang may adds na agad dalawa pa yung adds. deserve nyo ang 1 star di lang to isang beses nangyari.,enjoy your 30mins add free music scam hahaha 2 songs lang may adds na agad dalawa pa yung adds. deserve nyo ang 1 star di lang to isang beses nangyari.,0,30,151,0,0,0,0.9666666666666667,1,0,0.7506,1,0,1,0.0,0,1,1,1.0,0.0
459ad1d3-75e2-4fcf-b64a-c9d4e6f07b0a,Spotify,Entertainment,Shahani Patrick,Unknown,1,2025-11-07 05:12:02,it's playing songs that aren't on my playlist 1 star,it's playing songs that aren't on my playlist 1 star,0,10,52,0,0,0,1.0,0,0,0.2023,1,0,1,0.0,0,1,0,1.0,0.0
050a4e7a-239b-4f54-8e3e-67e28e7b9d05,Spotify,Entertainment,Basavaraj Mundaragi,Unknown,1,2025-11-07 05:17:32,only make payment asking worst appa,only make payment asking worst appa,0,6,35,0,0,0,1.0,0,1,-0.6249,1,0,1,0.0,0,1,0,1.0,0.0
e459e651-8c65-409d-8f3c-905f59871568,Spotify,Entertainment,Casper jeff,Unknown,3,2025-11-07 05:21:51,excellent buh some restrictions are not meant to be,excellent buh some restrictions are not meant to be,0,9,51,0,0,0,1.0,0,0,0.5719,1,0,1,0.0,0,1,0,3.0,0.0
2a285476-bdac-4210-8be1-80a3dfd57348,Spotify,Entertainment,Prateek rajniwal,Unknown,1,2025-11-07 05:27:12,year subscription kyu nhi de rahka ha subscription is too many high 1 month 140 whyyy year subscription de do sab se bekar aap,year subscription kyu nhi de rahka ha subscription is too many high 1 month 140 whyyy year subscription de do sab se bekar aap,0,24,126,0,0,0,0.8333333333333334,0,1,0.34,1,0,1,0.0,0,1,0,1.0,0.0
d5513ac5-7dea-4486-aa4b-9d0912e897f3,Spotify,Entertainment,Blue Gem,Unknown,1,2025-11-07 05:28:52,"Borderline unusable, even with premium. They increase the price every couple months, invest in a different music app","borderline unusable, even with premium. they increase the price every couple months, invest in a different music app",0,18,116,0,0,0,1.0,0,1,0.3182,1,0,1,0.0,0,1,0,1.0,0.0
ff7de8e9-8492-40a6-b901-e59b75bded71,Spotify,Entertainment,Paras Ghanekar,Unknown,1,2025-11-07 05:43:53,Worst app 🤮🤮 har Time Premium marnay ko Bolte he 😤😤😡🤬,worst app 🤮🤮 har time premium marnay ko bolte he 😤😤😡🤬,0,11,53,6,0,0,1.0,0,1,-0.6249,1,0,1,0.0,0,1,0,1.0,0.0
e49a055d-70b0-4935-a88d-be840c66eeba,Spotify,Entertainment,freaking._.looxer,Unknown,3,2025-11-07 05:45:51,"spotify is great! but sadly i can't hear every song in my playlists anymore,cause some get skiped,crash or won't play","spotify is great! but sadly i can't hear every song in my playlists anymore,cause some get skiped,crash or won't play",0,20,117,0,0,0,1.0,0,0,-0.6119,1,0,1,0.0,0,1,0,3.0,0.0
853b3d02-a602-499a-a479-d97e9b297b05,Spotify,Entertainment,Shreya Mishra,Unknown,3,2025-11-07 05:46:46,thik thak hi h jaada achha nhi h,thik thak hi h jaada achha nhi h,0,8,32,0,0,0,0.875,0,1,0.0,1,0,1,0.0,0,1,0,3.0,0.0
5f030fd8-c533-4df9-895d-1e2af5c4a301,Spotify,Entertainment,Rafinity Zia Herrera,Unknown,1,2025-11-07 05:47:02,girl you money hungry app I can't even listen to the whole song fix this,girl you money hungry app i can't even listen to the whole song fix this,1,15,72,0,0,0,1.0,0,1,0.0,1,0,1,0.0,0,1,0,1.0,0.0
a2b96811-d0a6-4cbc-be47-186b4a16442d,Spotify,Entertainment,Yuvraj Singh,Unknown,4,2025-11-07 05:47:31,"most useful app in free time. if you have a addiction with reels,so this is for you.👍","most useful app in free time. if you have a addiction with reels,so this is for you.👍",0,17,85,1,0,0,1.0,1,1,0.7574,1,0,1,0.0,0,1,0,4.0,0.0
8cb7fd09-173d-4d99-9a1d-1df9e953de1d,Spotify,Entertainment,Aaditya Pal,Unknown,1,2025-11-07 05:58:22,Spotify are useless app after updating.......,spotify are useless app after updating.......,0,6,45,0,0,0,1.0,0,1,-0.4215,1,0,1,0.0,0,1,0,1.0,0.0
c9de6cec-eaab-4f81-ac25-ce2784f40a56,Spotify,Entertainment,Lilly Ann,Unknown,1,2025-11-07 05:59:31,Fix your shuffle. FIX IT! NO ONE LIKES YOUR ALGORITHM AND THEY NEVER WILL! We are all tired of hearing the same 15 songs repeated. These idiots don't listen clearly. I have tried everything to prevent it from repeating songs.,fix your shuffle. fix it! no one likes your algorithm and they never will! we are all tired of hearing the same 15 songs repeated. these idiots don't listen clearly. i have tried everything to prevent it from repeating songs.,0,40,225,0,0,11,0.95,0,0,-0.8471,1,0,1,0.0,0,1,0,1.0,0.0
5d65e926-4d18-4104-819b-d51897732867,Spotify,Entertainment,Diviaana Sawhney,Unknown,1,2025-11-07 06:07:04,FROM WHEN DID WE AGREE TO HAVE TO PAY FOR EVERYTHING!?!?,from when did we agree to have to pay for everything!?!?,0,11,56,0,0,11,0.9090909090909091,0,0,0.4667,1,0,1,0.0,0,1,0,1.0,0.0
b73e3599-0cd4-4ed9-a3c7-2761df12c69e,Spotify,Entertainment,peter king,Unknown,3,2025-11-07 06:07:18,I don't like that I have to pay for listening to music and I know you need money but it makes me upset when my playlists does not play in order and when I run out of skips.,i don't like that i have to pay for listening to music and i know you need money but it makes me upset when my playlists does not play in order and when i run out of skips.,0,38,172,0,0,0,0.8421052631578947,0,0,-0.7723,1,0,1,0.0,0,1,0,3.0,0.0
d334c7a2-8814-45a4-88a7-dc8f69facab5,Spotify,Entertainment,Ramad Han,Unknown,4,2025-11-07 06:12:02,Boleh lahh 4 bintangg :)) Hehe kalian suka lagu apa yahhh btw...😉😉...,boleh lahh 4 bintangg :)) hehe kalian suka lagu apa yahhh btw...😉😉...,0,12,69,2,0,0,1.0,0,0,0.0,1,0,1,0.0,0,1,0,4.0,0.0
63f57bf4-c792-4444-8092-614a0a996338,Spotify,Entertainment,MrLRDADON,Unknown,3,2025-11-07 06:13:12,slow at times,slow at times,0,3,13,0,0,0,1.0,0,0,0.0,1,0,1,0.0,0,1,0,3.0,0.0
35597745-c192-4227-871b-234d943bc209,Spotify,Entertainment,Vinay M,Unknown,1,2025-11-07 06:22:35,the music app sucks,the music app sucks,1,4,19,0,0,0,1.0,0,1,-0.3612,1,0,1,0.0,0,1,0,1.0,0.0
2a8390a6-58ad-412e-a266-717bcb24e54f,Spotify,Entertainment,Amber Robiego,Unknown,1,2025-11-07 06:27:04,greedy,greedy,0,1,6,0,0,0,1.0,0,0,-0.3182,1,0,1,0.0,0,1,0,1.0,0.0
4a160039-9fcc-46b3-99fb-e6b96bea53a4,Spotify,Entertainment,Oliver T,Unknown,4,2025-11-07 06:32:05,"Even without premium, the app rarely has ads and a lot of features. The reason I didn't give 5 stars is because you can listen to albums in order on PC, but not on mobile.","even without premium, the app rarely has ads and a lot of features. the reason i didn't give 5 stars is because you can listen to albums in order on pc, but not on mobile.",0,35,171,0,0,1,0.9428571428571428,0,1,0.0,1,0,1,0.0,0,1,0,4.0,0.0
6b66c48d-3723-4233-b151-729bb980fafd,Spotify,Entertainment,Rachet Alisa,Unknown,3,2025-11-07 06:43:13,good music,good music,0,2,10,0,0,0,1.0,0,0,0.4404,1,0,1,0.0,0,1,0,3.0,0.0
02e029ae-7106-4b0d-8887-2ae16114b2a0,Spotify,Entertainment,Josiah “JoJo”,Unknown,1,2025-11-07 06:59:38,you can not pick Which Song to play. and the ads are excessive. it pushes you to buy the premium Version. it Wood be 5 stars if it didnt push you so hard to get the premium Version!,you can not pick which song to play. and the ads are excessive. it pushes you to buy the premium version. it wood be 5 stars if it didnt push you so hard to get the premium version!,2,38,181,0,0,0,0.7631578947368421,0,0,0.2085,1,0,1,0.0,0,1,0,1.0,0.0
2322d0c5-a8aa-4b9e-bbca-d8d8dbc3ffa8,Spotify,Entertainment,Irene Heart,Unknown,3,2025-11-07 07:00:47,I wasn't specific with my last review but what I meant is the Spotify on tv. There are a lot of ads which can be annoying but I hope this issue will be fixed in the future.,i wasn't specific with my last review but what i meant is the spotify on tv. there are a lot of ads which can be annoying but i hope this issue will be fixed in the future.,0,37,172,0,0,0,0.8648648648648649,0,0,0.0772,1,0,1,0.0,0,1,0,3.0,0.0
ba61d483-2e7b-4322-90ce-178e5c0b7645,Spotify,Entertainment,emperoralex-and,Unknown,3,2025-11-07 07:05:28,"""Rating: 3 stars for good features and benefits.""","""rating: 3 stars for good features and benefits.""",0,8,49,0,0,0,1.0,0,0,0.6705,1,0,1,0.0,0,1,0,3.0,0.0
8946f883-1918-445e-8f7b-ecc003c17151,Spotify,Entertainment,Harnek Singh,Unknown,1,2025-11-07 07:10:48,why do I have to pay q,why do i have to pay q,0,7,22,0,0,0,1.0,0,0,-0.1027,1,0,1,0.0,0,1,0,1.0,0.0
3a89503d-16a8-4964-abb3-248ee210e068,Spotify,Entertainment,Chris Simpson,Unknown,4,2025-11-07 07:13:13,getting better yet I can't figure out why the screen darkens so fast. after about 5 to 10 seconds I have to tap the power button to get a back on.,getting better yet i can't figure out why the screen darkens so fast. after about 5 to 10 seconds i have to tap the power button to get a back on.,0,31,146,0,0,0,0.8709677419354839,0,0,0.4404,1,0,1,0.0,0,1,0,4.0,0.0
e31dd576-e52e-4e1c-b53f-d46d53a15ffb,Spotify,Entertainment,Mustaqeem,Unknown,1,2025-11-07 07:17:40,why can't I control what order I listen in of I don't pay,why can't i control what order i listen in of i don't pay,0,13,57,0,0,0,0.8461538461538461,0,0,0.0762,1,0,1,0.0,0,1,0,1.0,0.0
2c05addb-53e9-4d81-aec1-79527d34e905,Spotify,Entertainment,Adekoya,Unknown,1,2025-11-07 07:23:08,"Spotify works well, but losing all my offline downloads the moment my subscription expires is frustrating. I have to re-download everything after paying again, which wastes time and data. This needs improvement.","spotify works well, but losing all my offline downloads the moment my subscription expires is frustrating. i have to re-download everything after paying again, which wastes time and data. this needs improvement.",1,32,211,0,0,0,0.96875,1,0,-0.5346,1,0,1,0.0,0,1,0,1.0,0.0
3774c74b-5e2a-426d-ab30-a4997ef644e5,Spotify,Entertainment,MR. s h a l i t h a,Unknown,1,2025-11-07 07:25:43,why they can't give podcast for sri lanka,why they can't give podcast for sri lanka,0,8,41,0,0,0,1.0,0,0,0.0,1,0,1,0.0,0,1,0,1.0,0.0
efbd4059-c57c-4261-96ca-aee80f6ca97c,Spotify,Entertainment,Brix Duque,Unknown,2,2025-11-07 07:25:51,"this app is now being constantly money hungry, I can't even listen to my added songs now, what's the point of my playlist oh my lorddd","this app is now being constantly money hungry, i can't even listen to my added songs now, what's the point of my playlist oh my lorddd",1,26,134,0,0,0,0.9230769230769231,0,1,0.0,1,0,1,0.0,0,1,0,2.0,0.0
a1e3756f-54a5-40e6-b971-5045531e1f44,Spotify,Entertainment,Dïxion Nio,Unknown,2,2025-11-07 07:27:45,I dislike the new update where I'm unable to pick which song to start on my playlist and probably needs premium. I'm not sticking up with your greediness so I'm deleting the app.,i dislike the new update where i'm unable to pick which song to start on my playlist and probably needs premium. i'm not sticking up with your greediness so i'm deleting the app.,0,33,178,0,0,0,0.8787878787878788,0,1,-0.6486,1,0,1,0.0,0,1,0,2.0,0.0
00c5e9d1-073f-4134-88ee-e35f300f2527,Spotify,Entertainment,fred,Unknown,2,2025-11-07 07:28:21,"it was great for awhile, after that it got vary inconsistent.i would be able to play music in any order I wanted for free but the next hour I needed premium.it was very disappointing.","it was great for awhile, after that it got vary inconsistent.i would be able to play music in any order i wanted for free but the next hour i needed premium.it was very disappointing.",2,34,183,0,0,0,0.8823529411764706,1,1,-0.0873,1,0,1,0.0,0,1,0,2.0,0.0
7572cb6f-d12e-42f9-a862-7be9609d9a5d,Spotify,Entertainment,Ricky smithurst,Unknown,3,2025-11-07 07:29:49,Need a way to block all the AI artists that have flooded this app. or at least tell us it's AI. so dissapointed. I'll change back to 5 stars if this happens,need a way to block all the ai artists that have flooded this app. or at least tell us it's ai. so dissapointed. i'll change back to 5 stars if this happens,3,32,156,0,0,2,0.9375,0,1,-0.4404,1,0,1,0.0,0,1,0,3.0,0.0
d5e3c07c-ad45-4626-bdab-2fe7b4e09d32,Spotify,Entertainment,Dhruv Desai,Unknown,1,2025-11-07 07:32:13,worst app constant adds n limited only 6 skips doesn't let u play any song you want,worst app constant adds n limited only 6 skips doesn't let u play any song you want,0,17,83,0,0,0,1.0,0,1,-0.7741,1,0,1,0.0,0,1,0,1.0,0.0
75e817db-148b-4c20-b7f2-6c6dd4e7437f,Spotify,Entertainment,skull boi,Unknown,4,2025-11-07 07:33:22,"A decent app, I just wish It didn't take soo much space","a decent app, i just wish it didn't take soo much space",0,12,55,0,0,0,1.0,0,1,0.4019,1,0,1,0.0,0,1,0,4.0,0.0
4686a8a6-727b-490b-ba6b-337238df3034,Spotify,Entertainment,heyitsme,Unknown,1,2025-11-07 07:49:02,new update is worst it couldn't let free users listen music of their own choice. SPOTIFY SUCKS,new update is worst it couldn't let free users listen music of their own choice. spotify sucks,0,17,94,0,0,2,1.0,1,0,-0.852,1,0,1,0.0,0,1,0,1.0,0.0
9baf8293-793c-49ac-bab6-0ad399cf548a,Spotify,Entertainment,Theodore McCaffrey,Unknown,4,2025-11-07 07:52:35,"For sheer convenience nothing beats it, as a student the premium discount is great. It sucks not being able to listen to audio books though. The lossless audio is really good. That being said they have some shady business practices.","for sheer convenience nothing beats it, as a student the premium discount is great. it sucks not being able to listen to audio books though. the lossless audio is really good. that being said they have some shady business practices.",0,40,232,0,0,0,0.875,1,0,0.6997,1,0,1,0.0,0,1,0,4.0,0.0
7906d590-2de7-4af0-ab9e-b4837e72b711,Spotify,Entertainment,Amirah Shona,Unknown,1,2025-11-07 07:54:48,masa gak bisa skip lagu masa cuma bisa 6 kali terus ulang lagi kalo udah 1 jam gak jelas kalo di pencet lagu nya gak ke stel,masa gak bisa skip lagu masa cuma bisa 6 kali terus ulang lagi kalo udah 1 jam gak jelas kalo di pencet lagu nya gak ke stel,0,27,124,0,0,0,0.7777777777777778,0,0,0.0,1,0,1,0.0,0,1,0,1.0,0.0
a5823d94-35a2-4cea-99f9-62cedb72b1f2,Spotify,Entertainment,Krishna Chaturvedi,Unknown,1,2025-11-07 08:02:30,this update is way too bad very dissapointing..,this update is way too bad very dissapointing..,0,8,47,0,0,0,1.0,0,0,-0.5423,1,0,1,0.0,0,1,0,1.0,0.0
81a0d92b-9565-46d0-b2ba-393d1b8a2d55,Spotify,Entertainment,Sittie Lauresta,Unknown,2,2025-11-07 08:05:46,don't like the new update.,don't like the new update.,0,5,26,0,0,0,1.0,0,0,-0.2755,1,0,1,0.0,0,1,0,2.0,0.0
3e675206-d3ae-48c4-a89a-cbdba97e7e15,Spotify,Entertainment,God's Child,Unknown,1,2025-11-07 08:05:58,new update is third class so much ads,new update is third class so much ads,0,8,37,0,0,0,1.0,0,0,0.0,1,0,1,0.0,0,1,0,1.0,0.0
a5077558-c264-4468-883c-ed93a1df8df0,Spotify,Entertainment,Marian Francheska Tandog,Unknown,1,2025-11-07 08:31:12,stop being so money hungry🫩,stop being so money hungry🫩,0,5,27,1,0,0,1.0,0,0,-0.296,1,0,1,0.0,0,1,0,1.0,0.0
b664b8d3-c491-49ec-bd49-2d4246c99d93,Spotify,Entertainment,SHIV BAHADUR YADAV,Unknown,4,2025-11-07 08:36:57,🫠 nice,🫠 nice,0,2,6,1,0,0,1.0,0,0,0.4215,1,0,1,0.0,0,1,0,4.0,0.0
074ef983-7cf6-40c8-a482-e61878b09fbf,Spotify,Entertainment,Yaya 97,Unknown,2,2025-11-07 08:38:39,good but don't like the new update,good but don't like the new update,0,7,34,0,0,0,1.0,0,0,-0.1815,1,0,1,0.0,0,1,0,2.0,0.0
bb23cd40-f2e4-471d-90f6-13c7e7a0232e,Spotify,Entertainment,Salvador Nuñez,Unknown,4,2025-11-07 08:44:43,"Remove the create button. Let me set the playlists tab as the default, yall trying to kill me with every update. REMOVE THE AI SHUFFLE EDIT: Thanks for listening. Keep that up.","remove the create button. let me set the playlists tab as the default, yall trying to kill me with every update. remove the ai shuffle edit: thanks for listening. keep that up.",1,32,176,0,0,5,0.84375,0,0,-0.1779,1,0,1,0.0,0,1,0,4.0,0.0
8725547a-5f45-411d-a001-42d53c32333a,Spotify,Entertainment,Arjun,Unknown,1,2025-11-07 08:56:39,bad without premium no skip option and very bad this option and lot of ads change this rule,bad without premium no skip option and very bad this option and lot of ads change this rule,0,18,91,0,0,0,0.7777777777777778,0,0,-0.751,1,0,1,0.0,0,1,0,1.0,0.0
16d91a0a-aef6-4cee-a39d-121928fca140,Spotify,Entertainment,Priyanshu Kushwaha,Unknown,1,2025-11-07 09:00:53,without primship useless app,without primship useless app,1,4,28,0,0,0,1.0,0,1,0.3252,1,0,1,0.0,0,1,0,1.0,0.0
11e588f5-f4e2-4253-ae61-971672abdfaf,Spotify,Entertainment,Sumaya Katun,Unknown,1,2025-11-07 09:06:49,I don't like this app,i don't like this app,1,5,21,0,0,0,1.0,0,1,-0.2755,1,0,1,0.0,0,1,0,1.0,0.0
20dce869-7e85-4a22-b2b2-9ad1a315e4ff,Spotify,Entertainment,June Ogunyanwo,Unknown,2,2025-11-07 09:10:49,I was basically bullied into getting premium,i was basically bullied into getting premium,1,7,44,0,0,0,1.0,0,0,-0.6249,1,0,1,0.0,0,1,0,2.0,0.0
24e181f2-113d-4dd0-a4b1-2a233d0b59b4,Spotify,Entertainment,Cameron Phin (Phinninit),Unknown,3,2025-11-07 09:11:54,glitchy as a mofo,glitchy as a mofo,0,4,17,0,0,0,1.0,0,0,-0.5267,1,0,1,0.0,0,1,0,3.0,0.0
38232036-287f-4842-9f01-1882eed1d34d,Spotify,Entertainment,ISxGAURAV THAKUR,Unknown,1,2025-11-07 09:13:09,"One of worst app I've ever seen... can't even choose fav. song as per our choices,dozens of ads after every 2 or 3 songs...to listening on this app it's better to download fav. songs on our phones","one of worst app i've ever seen... can't even choose fav. song as per our choices,dozens of ads after every 2 or 3 songs...to listening on this app it's better to download fav. songs on our phones",0,37,196,0,0,0,0.8648648648648649,1,1,-0.1729,1,0,1,0.0,0,1,0,1.0,0.0
5af20909-2bab-47a8-a7c8-4bfda0fcc0ea,Spotify,Entertainment,Sarth Velani,Unknown,1,2025-11-07 09:21:41,wrost update ever now you can't listen more song .If there was a zero star rating i would give that only,wrost update ever now you can't listen more song .if there was a zero star rating i would give that only,0,21,104,0,0,0,1.0,0,0,0.0,1,0,1,0.0,0,1,0,1.0,0.0
fcc9618a-c5da-4f3c-9fa7-8c8cf72b5291,Spotify,Entertainment,Steven Malako,Unknown,4,2025-11-07 09:23:38,best app for music,best app for music,0,4,18,0,0,0,1.0,0,1,0.6369,1,0,1,0.0,0,1,0,4.0,0.0
50b12ba4-e4f2-4faf-b40d-5f45fc89a9c9,Spotify,Entertainment,Filip R,Unknown,1,2025-11-07 09:32:18,nie da sie odsluchac calej ksiazki za jednym razem. przelacza po jednym fragmencie na cos innego. do bani.,nie da sie odsluchac calej ksiazki za jednym razem. przelacza po jednym fragmencie na cos innego. do bani.,0,18,106,0,0,0,0.9444444444444444,0,0,-0.5574,1,0,1,0.0,0,1,0,1.0,0.0
a44d85da-2d99-4262-b77a-2c94c2c764f8,Spotify,Entertainment,Ishank Goyal,Unknown,4,2025-11-07 09:36:39,too good...,too good...,0,2,11,0,0,0,1.0,0,0,0.4404,1,0,1,0.0,0,1,0,4.0,0.0
df2570b3-020e-4ebd-852c-1decb84c004b,Spotify,Entertainment,Mihir desai,Unknown,1,2025-11-07 09:43:51,worst experience,worst experience,1,2,16,0,0,0,1.0,0,0,-0.6249,1,0,1,0.0,0,2,0,1.0,0.0
510d91be-c5a1-4a77-b481-cb2a901e85f3,Spotify,Entertainment,Faiz Ahmed,Unknown,1,2025-11-07 09:47:15,worst don't go for it on 12 inch or bigger tabs and laptops hangs in between long sessions,worst don't go for it on 12 inch or bigger tabs and laptops hangs in between long sessions,0,18,90,0,0,0,1.0,0,0,-0.6249,1,0,1,0.0,0,1,0,1.0,0.0
42f76a14-68c7-4ebc-84ee-fa851a62bfad,Spotify,Entertainment,Subin John,Unknown,4,2025-11-07 09:51:18,Very good,very good,0,2,9,0,0,0,1.0,0,0,0.4927,1,0,1,0.0,0,2,0,4.0,0.0
09daf75e-3253-44cc-9bca-70f49f61de85,Spotify,Entertainment,Scott Brown,Unknown,1,2025-11-07 10:02:13,Not worth the money.,not worth the money.,1,4,20,0,0,0,1.0,0,0,-0.1695,1,0,1,0.0,0,1,0,1.0,0.0
458bd02c-9789-4b13-9e2e-fdcec2570247,Spotify,Entertainment,Prabin Raj,Unknown,1,2025-11-07 10:02:42,i really hate these guys named arya and visvariya who always popup and says sorry for interrupting your music and spams to watch crime story,i really hate these guys named arya and visvariya who always popup and says sorry for interrupting your music and spams to watch crime story,0,25,140,0,0,0,0.92,0,0,-0.8748,1,0,1,0.0,0,1,0,1.0,0.0
bf0ff726-a69b-4c2f-ab28-776f5f3566cd,Spotify,Entertainment,Rita Camba,Unknown,2,2025-11-07 10:11:42,Used to be free now lowky kinda way to expensive,used to be free now lowky kinda way to expensive,0,10,48,0,0,0,0.9,1,0,0.5106,1,0,1,0.0,0,1,1,2.0,0.0
ff433940-bec2-4db8-9212-b8f57e38c63e,Spotify,Entertainment,Study centre,Unknown,1,2025-11-07 10:26:43,waste app,waste app,0,2,9,0,0,0,1.0,0,1,-0.4215,1,0,1,0.0,0,1,0,1.0,0.0
dc54cd98-b0c3-4f8b-ac6f-1a383d0b6d74,Spotify,Entertainment,ABHIϟHΞK - 001,Unknown,1,2025-11-07 10:33:16,Only Ads!!!!!!,only ads!!!!!!,0,2,14,0,0,0,1.0,0,0,0.0,1,0,1,0.0,0,1,0,1.0,0.0
df5e9d99-7f0c-40d6-a9ed-63a4ecf0ab17,Spotify,Entertainment,Prince B,Unknown,1,2025-11-07 10:34:53,"its not no more a misic app,its an ad telecasting app","its not no more a misic app,its an ad telecasting app",0,11,53,0,0,0,1.0,0,1,0.2235,1,0,1,0.0,0,1,0,1.0,0.0
8c64e062-41f5-47e6-95be-a1fec4223b94,Spotify,Entertainment,luka nn,Unknown,3,2025-11-07 10:36:42,pls don't recommend me music which I don't like and don't listen to. have premium plan FYI,pls don't recommend me music which i don't like and don't listen to. have premium plan fyi,0,17,90,0,0,1,0.8823529411764706,0,0,-0.2778,1,0,1,0.0,0,1,0,3.0,0.0
372a629a-48bf-4840-a6eb-8c376cbdb0e4,Spotify,Entertainment,Ollie Price,Unknown,2,2025-11-07 10:41:08,Consistently crashes,consistently crashes,0,2,20,0,0,0,1.0,0,0,0.0,1,0,1,0.0,0,1,0,2.0,0.0
8c7aecc2-574a-406f-bcea-681289d69e38,Spotify,Entertainment,Aniruddha Vihol,Unknown,1,2025-11-07 10:41:38,This app is useless without premium.You can't even switch song after using sometime.,this app is useless without premium.you can't even switch song after using sometime.,0,13,84,0,0,0,1.0,0,1,-0.4215,1,0,1,0.0,0,1,0,1.0,0.0
dbedbd55-7f4b-4ec6-bd86-3d59803c156b,Spotify,Entertainment,Mohith R,Unknown,1,2025-11-07 10:42:44,stop putting ads on my face vro,stop putting ads on my face vro,0,7,31,0,0,0,1.0,0,0,-0.296,1,0,1,0.0,0,1,0,1.0,0.0
066a1e2d-17e1-415e-b9c5-74c27d6447b1,Spotify,Entertainment,Kadi Alrashedi,Unknown,1,2025-11-07 10:51:14,it doesn't let me play music when I click on a song it goes away,it doesn't let me play music when i click on a song it goes away,0,15,64,0,0,0,0.9333333333333333,0,0,-0.2584,1,0,1,0.0,0,1,0,1.0,0.0
6cb5cf8f-9fec-4365-b82d-c13a658bcd53,Spotify,Entertainment,Dharshan D,Unknown,1,2025-11-07 11:12:16,more ads,more ads,0,2,8,0,0,0,1.0,0,0,0.0,1,0,1,0.0,0,1,0,1.0,0.0
3afc8f40-7b59-4168-805d-a642a15c8f4b,Spotify,Entertainment,Vanna Ellis,Unknown,2,2025-11-07 11:16:43,"been using this for years, I hate the new update you can't tap the song you want without letting them change it, I miss the old one when u tap the music you want it will only automatically be played.","been using this for years, i hate the new update you can't tap the song you want without letting them change it, i miss the old one when u tap the music you want it will only automatically be played.",2,40,199,0,0,0,0.8,0,0,-0.3182,1,0,1,0.0,0,1,0,2.0,0.0
997a2df8-8a7b-48ec-b872-2b05270ac167,Spotify,Entertainment,Holo Person,Unknown,4,2025-11-07 11:21:45,"Plays music, lots of choice. Reliable (no drop outs). User interface is good, though some features that you come across accidentally can be hard to find the second time around.","plays music, lots of choice. reliable (no drop outs). user interface is good, though some features that you come across accidentally can be hard to find the second time around.",0,30,176,0,0,0,1.0,0,0,-0.0,1,0,1,0.0,0,1,0,4.0,0.0
103edc04-af86-4874-a1e7-2d1e4d19a0c1,Spotify,Entertainment,houryujin seng,Unknown,1,2025-11-07 11:30:36,"it's good for music but the new update is really bad to use for non premium, like shuffling playlists and needing premium to put it back to it's original position please fix it","it's good for music but the new update is really bad to use for non premium, like shuffling playlists and needing premium to put it back to it's original position please fix it",2,33,176,0,0,0,0.8484848484848485,0,0,0.6008,1,0,1,0.0,0,1,1,1.0,0.0
e7c2079f-86db-4f42-b23f-72cb75ab0cf4,Spotify,Entertainment,Dev gaming tutorial,Unknown,1,2025-11-07 11:36:23,Very irritating ads that voice just irritate me,very irritating ads that voice just irritate me,0,8,47,0,0,0,1.0,0,0,-0.7264,1,0,1,0.0,0,1,0,1.0,0.0
b7ec58b7-572b-4967-b46d-8efad6d7f399,Spotify,Entertainment,Remya kiran,Unknown,1,2025-11-07 11:36:34,worst app ever i have been using this for 2 yrs i think without premium there was no prblm and todayonwards spotify added a new update and after it i cant choose the song that i want 🫤,worst app ever i have been using this for 2 yrs i think without premium there was no prblm and todayonwards spotify added a new update and after it i cant choose the song that i want 🫤,0,38,184,1,0,0,0.8947368421052632,0,1,-0.3851,1,0,1,0.0,0,1,0,1.0,0.0
208c49e4-6e79-4fb9-be99-177c4e1c5d99,Spotify,Entertainment,Amal Tasawer,Unknown,4,2025-11-07 11:43:18,𝚂𝚙𝚘𝚝𝚒𝚏𝚢 𝚒𝚜 𝚊 𝚐𝚛𝚎𝚊𝚝 𝚊𝚙𝚙 𝚋𝚞𝚝 𝚊𝚏𝚝𝚎𝚛 𝚎𝚊𝚌𝚑 𝚜𝚘𝚗𝚐 𝚞 𝚕𝚒𝚜𝚝𝚎𝚗 𝚝𝚑𝚎𝚛𝚎'𝚜 𝚊𝚗 𝚊𝚍 𝚙𝚕𝚎𝚊𝚜𝚎 𝚏𝚒𝚡 𝚝𝚑𝚒𝚜 𝙸 𝚙𝚛𝚎𝚏𝚎𝚛 𝚕𝚒𝚜𝚝𝚎𝚗𝚒𝚗𝚐 𝚖𝚞𝚜𝚒𝚌 𝚘𝚗 𝙶𝚘𝚘𝚐𝚕𝚎 𝚝𝚑𝚊𝚗 𝚘𝚗 𝚂𝚙𝚘𝚝𝚒𝚏𝚢 𝚗𝚘 𝚘𝚏𝚏𝚎𝚗𝚌𝚎,𝚂𝚙𝚘𝚝𝚒𝚏𝚢 𝚒𝚜 𝚊 𝚐𝚛𝚎𝚊𝚝 𝚊𝚙𝚙 𝚋𝚞𝚝 𝚊𝚏𝚝𝚎𝚛 𝚎𝚊𝚌𝚑 𝚜𝚘𝚗𝚐 𝚞 𝚕𝚒𝚜𝚝𝚎𝚗 𝚝𝚑𝚎𝚛𝚎'𝚜 𝚊𝚗 𝚊𝚍 𝚙𝚕𝚎𝚊𝚜𝚎 𝚏𝚒𝚡 𝚝𝚑𝚒𝚜 𝙸 𝚙𝚛𝚎𝚏𝚎𝚛 𝚕𝚒𝚜𝚝𝚎𝚗𝚒𝚗𝚐 𝚖𝚞𝚜𝚒𝚌 𝚘𝚗 𝙶𝚘𝚘𝚐𝚕𝚎 𝚝𝚑𝚊𝚗 𝚘𝚗 𝚂𝚙𝚘𝚝𝚒𝚏𝚢 𝚗𝚘 𝚘𝚏𝚏𝚎𝚗𝚌𝚎,0,28,143,0,0,0,0.9285714285714286,0,0,0.0,1,0,1,0.0,0,1,0,4.0,0.0
8e4e1840-ef4a-4863-924e-4aed6bee376c,Spotify,Entertainment,G94-11-IMELDA SARICAL,Unknown,1,2025-11-07 11:43:27,The most Trashiest BRO I CANT EVEN PLAY PLAYLIST WITHOUT SHUFFLE AND DOESN'T LET ME SKIP YALL ARE GREEDY,the most trashiest bro i cant even play playlist without shuffle and doesn't let me skip yall are greedy,0,19,104,0,0,15,1.0,0,0,-0.5165,1,0,1,0.0,0,1,0,1.0,0.0
1df5a787-f0c5-4a5a-bc9f-d0d4fa41f39a,Spotify,Entertainment,Edman Wood,Unknown,4,2025-11-07 11:47:25,"Sometimes this app has issues, but the new features have me hooked. The ""lossless"" sound quality is AWESOME!!","sometimes this app has issues, but the new features have me hooked. the ""lossless"" sound quality is awesome!!",0,18,109,0,0,1,0.9444444444444444,0,1,0.8039,1,0,1,0.0,0,1,0,4.0,0.0
37470d7e-6670-4345-8f06-6de81ec9e42b,Spotify,Entertainment,Roshan,Unknown,3,2025-11-07 11:49:52,good but more ads,good but more ads,0,4,17,0,0,0,1.0,0,0,0.2382,1,0,1,0.0,0,1,0,3.0,0.0
523bc05a-d182-4cc3-975a-47a626435d16,Spotify,Entertainment,Pammy Tandan,Unknown,1,2025-11-07 11:51:17,ads infinite😂😂😂 worth app ever i used,ads infinite😂😂😂 worth app ever i used,0,7,37,3,0,0,1.0,0,1,0.8625,1,0,1,0.0,0,1,1,1.0,0.0
e852d24a-5321-4c26-b9d0-26afbcf06657,Spotify,Entertainment,C-58-Debangan Mukherjee,Unknown,1,2025-11-07 11:53:13,ab wo maza nahi raha spotify main 👎,ab wo maza nahi raha spotify main 👎,0,8,35,1,0,0,1.0,0,1,0.0,1,0,1,0.0,0,1,0,1.0,0.0
f5025145-b455-4d4b-a912-34775a46847a,Spotify,Entertainment,Ezequiel Werthein,Unknown,1,2025-11-07 11:55:58,"search on the ""add to playlist"" section does not work!!!!!!","search on the ""add to playlist"" section does not work!!!!!!",0,10,59,0,0,0,1.0,0,0,0.0,1,0,1,0.0,0,1,0,1.0,0.0
0f23a71b-e27f-4840-837a-3edbdae96d60,Spotify,Entertainment,Andrew Sturdee,Unknown,1,2025-11-07 12:05:06,Find a better alternarivr,find a better alternarivr,0,4,25,0,0,0,1.0,0,0,0.4404,1,0,1,0.0,0,1,0,1.0,0.0
34172f84-88dc-4d0d-84fb-807ece0de655,Spotify,Entertainment,Priyam Das,Unknown,1,2025-11-07 12:05:18,"when I listen to ads, suddenly music plays and distributed me. That's a huge problem. Plz I only want to listen ads🙏","when i listen to ads, suddenly music plays and distributed me. that's a huge problem. plz i only want to listen ads🙏",0,22,116,1,0,0,0.8636363636363636,0,0,0.296,1,0,1,0.0,0,1,0,1.0,0.0
c90ac4f5-55ed-4f03-9d27-5de2055d128a,Spotify,Entertainment,Hari Tharun,Unknown,3,2025-11-07 12:12:09,Average,average,0,1,7,0,0,0,1.0,0,0,0.0,1,0,1,0.0,0,1,0,3.0,0.0
4ba2b7b7-8590-4f06-9eb2-f2ccdb40dea4,Spotify,Entertainment,Anuj Kundal,Unknown,1,2025-11-07 12:16:49,its bad,its bad,0,2,7,0,0,0,1.0,0,0,-0.5423,1,0,1,0.0,0,1,0,1.0,0.0
93d6b76a-0f87-475e-ba24-79883b1b83f4,Spotify,Entertainment,Eli Chen,Unknown,3,2025-11-07 12:20:02,don't use laptop its anonnying,don't use laptop its anonnying,0,5,30,0,0,0,1.0,0,0,0.0,1,0,1,0.0,0,1,0,3.0,0.0
d5d069a0-297a-4c2e-afbd-3f3fc1b625a6,Spotify,Entertainment,Patrick Araga flezzy,Unknown,4,2025-11-07 12:27:07,Lovely,lovely,0,1,6,0,0,0,1.0,0,0,0.5859,1,0,1,0.0,0,1,0,4.0,0.0
4c4ecb1a-ea0a-4be4-b7a9-942f5dab5389,Spotify,Entertainment,channonjah edwards,Unknown,3,2025-11-07 12:35:15,over that last few weeks the search feature hasn't been responding when playlists are searched by name/letter. As a paid user this has impacted the quality of my experience.,over that last few weeks the search feature hasn't been responding when playlists are searched by name/letter. as a paid user this has impacted the quality of my experience.,0,29,173,0,0,0,0.9655172413793104,0,0,0.0,1,0,1,0.0,0,1,0,3.0,0.0
b262a789-ab82-4776-bfe3-5d20120a0d52,Spotify,Entertainment,Ifeoma Dorcas Uduaga,Unknown,4,2025-11-07 12:46:02,love it for it dimensional beat,love it for it dimensional beat,0,6,31,0,0,0,0.8333333333333334,0,0,0.6369,1,0,1,0.0,0,1,0,4.0,0.0
c8312490-f359-44ff-8e1b-bf9c45fdd76d,Spotify,Entertainment,Tribe P,Unknown,2,2025-11-07 12:52:08,so after 2 month the playlist you made it doesn't play the songs in that order,so after 2 month the playlist you made it doesn't play the songs in that order,0,16,78,0,0,0,0.9375,0,0,-0.2584,1,0,1,0.0,0,1,0,2.0,0.0
9d1825b2-0057-42b7-9262-95cc9c61ec90,Spotify,Entertainment,Biju E.V BIJU E.V,Unknown,1,2025-11-07 12:52:45,very ads 5 min come another ad,very ads 5 min come another ad,0,7,30,0,0,0,1.0,0,0,0.0,1,0,1,0.0,0,1,0,1.0,0.0
1fee996d-eaa3-4521-b6e0-136eec49cc76,Spotify,Entertainment,Faruk uddin sekh,Unknown,4,2025-11-07 12:54:13,this app is very good for all moments or vibe,this app is very good for all moments or vibe,0,10,45,0,0,0,1.0,0,1,0.4927,1,0,1,0.0,0,1,0,4.0,0.0
74629d95-7b22-4b96-a4a4-b9cdea257ce0,Spotify,Entertainment,Frank Codera,Unknown,1,2025-11-07 13:00:52,I Swear Everything is Free but now So many Premium Features😤,i swear everything is free but now so many premium features😤,0,11,60,1,0,0,1.0,1,0,0.2617,1,0,1,0.0,0,1,0,1.0,0.0
78d1e59c-0223-4e4d-8a2c-fb3b2fd7a186,Spotify,Entertainment,Vidhya “Shivakumar” Shivakumar,Unknown,4,2025-11-07 13:03:04,Really good but must have increased featured in free version,really good but must have increased featured in free version,0,10,60,0,0,0,1.0,1,0,0.848,1,0,1,0.0,0,1,0,4.0,0.0
56df46a9-a889-4aaa-bc78-19dfe65a2c21,Spotify,Entertainment,"A-RAMEL, CORNELIO III",Unknown,1,2025-11-07 13:03:24,Greediness at its finest I would say,greediness at its finest i would say,0,7,36,0,0,0,1.0,0,0,-0.4019,1,0,1,0.0,0,1,0,1.0,0.0
a96d18de-7cc4-47f7-8290-28f1bfe50c04,Spotify,Entertainment,Tanima Hansda,Unknown,1,2025-11-07 13:04:27,""" vijay"" (ad) can you plzz stayyyy awayyy...for god sake your ad is pissing me offf....whyyyyyy do you have to get in between my songsss when I'm having a rough dayyyy",""" vijay"" (ad) can you plzz stayyyy awayyy...for god sake your ad is pissing me offf....whyyyyyy do you have to get in between my songsss when i'm having a rough dayyyy",0,31,167,0,0,0,0.967741935483871,0,0,-0.1531,1,0,1,0.0,0,1,0,1.0,0.0
ec8526ee-284c-428f-a4ea-700780bff75a,Spotify,Entertainment,My melody,Unknown,3,2025-11-07 13:07:19,the app is annoying. sometimes I was almost slept. then the annoying ad. wake me up,the app is annoying. sometimes i was almost slept. then the annoying ad. wake me up,0,16,83,0,0,0,0.9375,0,1,-0.6597,1,0,1,0.0,0,1,0,3.0,0.0
9b4cb6a8-b45b-4b56-a43f-25e63411d1fa,Spotify,Entertainment,Fridolin Eckerd,Unknown,2,2025-11-07 13:14:00,they suck more and more,they suck more and more,0,5,23,0,0,0,0.8,0,0,-0.4404,1,0,1,0.0,0,1,0,2.0,0.0
5398aae7-89fd-48da-a212-d58582fa9336,Spotify,Entertainment,Prem Kumawat,Unknown,1,2025-11-07 13:15:23,they trigger you to buy premium subscription😔 by locked every thing you can't choice your music +lots of ads +no repete+rendom music +many more .,they trigger you to buy premium subscription😔 by locked every thing you can't choice your music +lots of ads +no repete+rendom music +many more .,0,25,145,1,0,0,0.92,0,0,0.0772,1,0,1,0.0,0,1,0,1.0,0.0
77088487-5afb-4198-8659-6a2525e2a7ed,Spotify,Entertainment,Mathan K,Unknown,4,2025-11-07 13:17:13,it is very peithpull,it is very peithpull,0,4,20,0,0,0,1.0,0,0,0.0,1,0,1,0.0,0,1,0,4.0,0.0
7b438a27-ed43-491b-855d-b2cb6cb0a365,Spotify,Entertainment,Nick Oomen,Unknown,1,2025-11-07 13:17:48,keeps freezing,keeps freezing,0,2,14,0,0,0,1.0,1,0,-0.1027,1,0,1,0.0,0,1,0,1.0,0.0
b269f3f5-65df-4d26-8fd3-bcf1d74f6ddb,Spotify,Entertainment,Suliman Awad (xo.slome),Unknown,1,2025-11-07 13:22:08,don't even download the app if u r not planning to buy the premium!,don't even download the app if u r not planning to buy the premium!,1,14,67,0,0,0,0.9285714285714286,1,1,0.0,1,0,1,0.0,0,1,0,1.0,0.0
d8d48ea2-8917-4f02-8b2f-95e59b0fb847,Spotify,Entertainment,Het Darji,Unknown,2,2025-11-07 13:26:00,now it is poor because premium demand in anything like u can choose songs limited per day and too much ads,now it is poor because premium demand in anything like u can choose songs limited per day and too much ads,0,21,106,0,0,0,1.0,0,0,-0.4588,1,0,1,0.0,0,1,0,2.0,0.0
5bf586f5-b1d3-45ea-97b1-e94aadeaf1c3,Spotify,Entertainment,Avishnaya Nadarajanmoorthi,Unknown,1,2025-11-07 13:27:38,"The recent updates have made u not even able to play the song u like without premium, LIKE WHT THE HELL😒😒😒","the recent updates have made u not even able to play the song u like without premium, like wht the hell😒😒😒",0,21,106,3,0,4,0.8095238095238095,0,0,-0.4234,1,0,1,0.0,0,1,0,1.0,0.0
198c9003-588a-435a-8903-d11f3278405b,Spotify,Entertainment,Audry C,Unknown,3,2025-11-07 13:33:54,Premium users could have features like seeing who views our profile or saves on our playlists,premium users could have features like seeing who views our profile or saves on our playlists,0,16,93,0,0,0,0.9375,0,0,0.3612,1,0,1,0.0,0,1,0,3.0,0.0
f745e156-0068-4f3e-9099-55f3cbb683f2,Spotify,Entertainment,Rudra Shinde,Unknown,1,2025-11-07 13:41:09,wrost app I ever seen..,wrost app i ever seen..,0,5,23,0,0,0,1.0,0,1,0.0,1,0,1,0.0,0,1,0,1.0,0.0
d94f4a5b-bf60-4ab3-a2ad-3bd4ca3d21b3,Spotify,Entertainment,Rajen Deori,Unknown,1,2025-11-07 13:47:54,showing location update problem,showing location update problem,0,4,31,0,0,0,1.0,0,0,-0.4019,1,0,1,0.0,0,1,0,1.0,0.0
a9344bcb-6afd-4101-99ef-b62aac53ccae,Spotify,Entertainment,Suhail ak,Unknown,1,2025-11-07 13:48:11,"can't select my favorite song while listening music, and it has so many ads","can't select my favorite song while listening music, and it has so many ads",0,14,75,0,0,0,1.0,0,0,-0.357,1,0,1,0.0,0,1,0,1.0,0.0
35c5c71c-db57-42f9-a620-a5cf110b550f,Spotify,Entertainment,Chirag Arora,Unknown,1,2025-11-07 13:49:16,Songs keep getting un-liked and go out of my library.,songs keep getting un-liked and go out of my library.,0,10,53,0,0,0,1.0,0,0,0.0,1,0,1,0.0,0,1,0,1.0,0.0
b03e3b64-4813-49ab-87fb-c3fc6a9403b5,Spotify,Entertainment,Sangeeta Kushwaha,Unknown,1,2025-11-07 13:50:25,"very bad experience, all time this app want premium or subscription, now i can't manage specific part of music according to me , i can't play song as my wish I feel very baddd 👎🏻👎🏻 and I uninstalled this app","very bad experience, all time this app want premium or subscription, now i can't manage specific part of music according to me , i can't play song as my wish i feel very baddd 👎🏻👎🏻 and i uninstalled this app",0,40,207,4,0,0,0.825,1,1,-0.427,1,0,1,0.0,0,1,0,1.0,0.0
8e916923-dcd9-491d-8847-10868306cf73,Spotify,Entertainment,Laf Fried,Unknown,1,2025-11-07 13:58:00,Spotify has stolen my lists and hijacked my bands.. holding them hostage until I play music outside of my liking. still charging my account every month. it's stealing from me and the moments in my life... done.,spotify has stolen my lists and hijacked my bands.. holding them hostage until i play music outside of my liking. still charging my account every month. it's stealing from me and the moments in my life... done.,0,37,210,0,0,0,0.8648648648648649,0,0,-0.4215,1,0,1,0.0,0,1,0,1.0,0.0
0210b730-92dd-4002-bff2-037116d0dcf8,Spotify,Entertainment,Calvin Gray,Unknown,5,2025-11-07 13:59:12,amazing songs and having premium is amazing dont need wifi and spotify after a while figures out what songs u like and would recommend them to you 10/10,amazing songs and having premium is amazing dont need wifi and spotify after a while figures out what songs u like and would recommend them to you 10/10,0,28,152,0,0,0,0.8571428571428571,0,0,0.9118,1,0,1,0.0,0,1,0,5.0,0.0
1120797f-647b-448f-8992-b7ab9536baed,Spotify,Entertainment,Marsha Weikel,Unknown,5,2025-11-07 13:59:50,now I can have my tunes in my car. :),now i can have my tunes in my car. :),0,10,37,0,0,0,0.9,0,0,0.4588,1,0,1,0.0,0,1,0,5.0,0.0
f08ede30-87ff-49d5-9248-159920f68363,Spotify,Entertainment,Muhammad Adli Zaky,Unknown,5,2025-11-07 14:02:07,"this is the best music app, cool","this is the best music app, cool",0,7,32,0,0,0,1.0,0,1,0.7579,1,0,1,0.0,0,1,0,5.0,0.0
bce48d80-063d-44d1-9907-fa15290ff346,Spotify,Entertainment,Saima,Unknown,5,2025-11-07 14:08:19,nothing is better than this lovely app... listing together by shubh currently,nothing is better than this lovely app... listing together by shubh currently,0,12,77,0,0,0,1.0,0,1,0.3387,1,0,1,0.0,0,1,0,5.0,0.0
184abbad-0670-413b-b50e-68816635bc0b,Spotify,Entertainment,Shahzad Anshari,Unknown,1,2025-11-07 14:13:02,1 song play 2 add,1 song play 2 add,0,5,17,0,0,0,1.0,0,0,0.34,1,0,1,0.0,0,1,0,1.0,0.0
cecf162a-b1b6-4b38-9592-4f3c5cda01cb,Spotify,Entertainment,Mark Raper,Unknown,4,2025-11-07 14:13:46,"I have tried others and they are not as good,","i have tried others and they are not as good,",0,10,45,0,0,0,1.0,0,0,-0.3412,1,0,1,0.0,0,1,0,4.0,0.0
a585a7d7-9a4e-4932-a597-fc3f20d2fe97,Spotify,Entertainment,Deborah Medina (Debby),Unknown,5,2025-11-07 14:13:51,"Been using for the last 11 years, will never change.","been using for the last 11 years, will never change.",0,10,52,0,0,0,1.0,0,0,0.0,1,0,1,0.0,0,1,0,5.0,0.0
5cb7c309-c485-4c48-92fd-152fc887a8eb,Spotify,Entertainment,Kunal Mehta,Unknown,1,2025-11-07 14:14:14,Trash App. Used to be a huge fan of this stupid app now its completely pay to use . Why keep an app free when everything inside is pay to unlock now can't even skip a song,trash app. used to be a huge fan of this stupid app now its completely pay to use . why keep an app free when everything inside is pay to unlock now can't even skip a song,0,37,171,0,0,0,0.8378378378378378,1,1,0.3415,1,0,1,0.0,0,1,0,1.0,0.0
f399ab22-006b-452e-82b4-df7824431a5e,Spotify,Entertainment,Bibin Rejo,Unknown,1,2025-11-07 14:14:30,ads are okay..but what's the point if they are not playing and stuck? better say the app only works in premium.,ads are okay..but what's the point if they are not playing and stuck? better say the app only works in premium.,0,21,111,0,0,0,0.9047619047619048,0,1,0.4675,1,0,1,0.0,0,1,0,1.0,0.0
222528f7-32af-4a82-b878-ebd103247298,Spotify,Entertainment,Ronit Halder,Unknown,1,2025-11-07 14:18:15,"very badddddddddddddddd,,🤬🤬🤬🤬🤬🤬🤬🤬😕😕😕😕😕😕🤬🤬🤬🤬🤬🤬🤬🤬🤬🤬🤬🤬🤬🤬😕🤬🤬🫤🙁🙁☹️🙁🙁😡😡😡😡😡🤬😠😡🫤🙁🫤🫤🫤😡🫤","very badddddddddddddddd,,🤬🤬🤬🤬🤬🤬🤬🤬😕😕😕😕😕😕🤬🤬🤬🤬🤬🤬🤬🤬🤬🤬🤬🤬🤬🤬😕🤬🤬🫤🙁🙁☹️🙁🙁😡😡😡😡😡🤬😠😡🫤🙁🫤🫤🫤😡🫤",0,2,78,51,0,0,1.0,0,0,-0.9778,1,0,1,0.0,0,1,0,1.0,0.0
dd1331d7-ed4f-4c27-bd8c-2c85835a9159,Spotify,Entertainment,Denis Gochev,Unknown,5,2025-11-07 14:20:20,The Jam option is amazing,the jam option is amazing,0,5,25,0,0,0,1.0,0,0,0.5859,1,0,1,0.0,0,1,0,5.0,0.0
fc4f7e03-ab54-4cd3-a9bd-94b6499c8231,Spotify,Entertainment,Lizzy John,Unknown,5,2025-11-07 14:20:35,"just amazing, and wonderful and amazing. thanks","just amazing, and wonderful and amazing. thanks",0,7,47,0,0,0,0.8571428571428571,0,0,0.9349,1,0,1,0.0,0,1,0,5.0,0.0
37579268-406d-4c8c-8e12-06d7d4b2eecf,Spotify,Entertainment,ElishaCollin elishacollin2013,Unknown,5,2025-11-07 14:22:38,I love it but sometimes it has a lot of ads that make me annoyed,i love it but sometimes it has a lot of ads that make me annoyed,0,15,64,0,0,0,0.9333333333333333,0,0,-0.2023,1,0,1,0.0,0,1,0,5.0,0.0
cb56fce9-24ce-424c-a178-dff8ad59c2f4,Spotify,Entertainment,Umang Pal,Unknown,5,2025-11-07 14:22:43,top music Spotify 💗,top music spotify 💗,0,4,19,1,0,0,1.0,0,0,0.7717,1,0,1,0.0,0,1,0,5.0,0.0
6092f25d-a645-477b-a7f9-5b17f1012743,Spotify,Entertainment,Arjun Sathyan,Unknown,5,2025-11-07 14:24:33,chupper 👌,chupper 👌,0,2,9,1,0,0,1.0,0,0,0.7297,1,0,1,0.0,0,1,0,5.0,0.0
3983edc4-6647-4a32-9491-f50b4e06b2b7,Spotify,Entertainment,Vikas Nemane,Unknown,1,2025-11-07 14:25:08,"terrible. they keep running their ads half the time, I can't even change songs without going through these ads. They even don't let me see lyrics anymore.","terrible. they keep running their ads half the time, i can't even change songs without going through these ads. they even don't let me see lyrics anymore.",0,27,154,0,0,0,0.9259259259259259,0,0,-0.4767,1,0,1,0.0,0,1,0,1.0,0.0
b9878e3f-4a2c-4625-8546-4a28c3e571b2,Spotify,Entertainment,Black Sheep,Unknown,5,2025-11-07 14:25:31,with the subscription it's excellent! And price is right,with the subscription it's excellent! and price is right,0,9,56,0,0,0,1.0,0,0,0.6114,1,0,1,0.0,0,1,0,5.0,0.0
b93a038a-03d6-4cd4-9cba-e9d7cec14f89,Spotify,Entertainment,Jon Rivero,Unknown,3,2025-11-07 14:28:27,I wish all my family members had access to the audiobook! that would seal the deal with confirming I don't have to look further for another family plan. the music portion is great,i wish all my family members had access to the audiobook! that would seal the deal with confirming i don't have to look further for another family plan. the music portion is great,0,33,179,0,0,0,0.8484848484848485,1,0,0.7959,1,0,1,0.0,0,1,0,3.0,0.0
9b7e9d28-5c54-4123-a403-b9d07cccef8a,Spotify,Entertainment,servaaja moi,Unknown,4,2025-11-07 14:28:41,Good but prices ain't for me,good but prices ain't for me,0,6,28,0,0,0,1.0,0,0,0.2382,1,0,1,0.0,0,1,0,4.0,0.0
9bb46c2d-83c1-4f42-8fad-5c61d5b42e05,Spotify,Entertainment,Arsh Chhari,Unknown,1,2025-11-07 14:28:46,very 😞😞 please do not install,very 😞😞 please do not install,0,6,29,2,0,0,1.0,1,0,-0.6659,1,0,1,0.0,0,1,0,1.0,0.0
15a9fa1b-3736-46d6-8707-d661e5028ef5,Spotify,Entertainment,Asanda Cekiso,Unknown,5,2025-11-07 14:29:07,"Great app, easy to found the songs you want","great app, easy to found the songs you want",0,9,43,0,0,0,1.0,0,1,0.8074,1,0,1,0.0,0,1,0,5.0,0.0
3ec2397b-c2cc-4ded-9769-9c95bd7bc6ce,Spotify,Entertainment,CADET NISHANT RAWAT,Unknown,1,2025-11-07 14:29:21,very bad app,very bad app,0,3,12,0,0,0,1.0,0,1,-0.5849,1,0,1,0.0,0,1,0,1.0,0.0
95967900-d107-4181-82e7-ac19ec943fdb,Spotify,Entertainment,Owen Wolever,Unknown,3,2025-11-07 14:29:28,my playlist is just words and its not even in the order I put them. I cant see any of the album covers either.,my playlist is just words and its not even in the order i put them. i cant see any of the album covers either.,0,24,110,0,0,0,0.9166666666666666,0,0,0.0,1,0,1,0.0,0,1,0,3.0,0.0
454b6322-beb8-48a1-9bb0-2fb4ea61030f,Spotify,Entertainment,Ellie Pardilla,Unknown,1,2025-11-07 14:29:53,What even happened with this app wth,what even happened with this app wth,1,7,36,0,0,0,1.0,0,1,-0.5267,1,0,1,0.0,0,1,0,1.0,0.0
d5985fea-7535-44a1-8115-e44d4088703a,Spotify,Entertainment,DILIP KUMAR,Unknown,1,2025-11-07 14:30:07,downfall of Spotify started....greed kills many,downfall of spotify started....greed kills many,0,6,47,0,0,0,1.0,0,0,-0.5423,1,0,1,0.0,0,1,0,1.0,0.0
d193719e-9e25-4a44-81b1-28b6564ea12d,Spotify,Entertainment,tux,Unknown,2,2025-11-07 14:30:46,Spotify is good but sometimes it likes to remove songs from my Playlist,spotify is good but sometimes it likes to remove songs from my playlist,0,13,71,0,0,0,1.0,0,0,0.6858,1,0,1,0.0,0,1,1,2.0,0.0
96d41229-fa58-4e7d-81c7-d71bb40db5f5,Spotify,Entertainment,SUJEET SINGH,Unknown,1,2025-11-07 14:31:02,remove the ads without any recharge options it will increase your speciality,remove the ads without any recharge options it will increase your speciality,0,12,76,0,0,0,1.0,0,0,0.3182,1,0,1,0.0,0,1,0,1.0,0.0
42d4ce4c-13fe-4efd-bcaf-642ce4fc49ad,Spotify,Entertainment,Lakhi Saha,Unknown,5,2025-11-07 14:32:21,so nice,so nice,0,2,7,0,0,0,1.0,0,0,0.4754,1,0,1,0.0,0,1,0,5.0,0.0
bf83b9ec-1a43-4f6f-b38e-e4c9f3c00489,Spotify,Entertainment,Kukku,Unknown,1,2025-11-07 14:33:36,worst app ever i used. after some time I heard a song we can't choose the song. spotify will decide what we wanna hear.,worst app ever i used. after some time i heard a song we can't choose the song. spotify will decide what we wanna hear.,0,24,119,0,0,0,0.9166666666666666,0,1,-0.6249,1,0,1,0.0,0,1,0,1.0,0.0
e39085be-645a-495a-98c8-e19c8947317a,Spotify,Entertainment,Aryan Sahu,Unknown,1,2025-11-07 14:35:21,"Spotify is only high rated by his maketing, otherwise there is 40-50 seconds ads after playing a full song, it is very irritating and disgusting.","spotify is only high rated by his maketing, otherwise there is 40-50 seconds ads after playing a full song, it is very irritating and disgusting.",0,25,145,0,0,0,0.92,0,0,-0.7316,1,0,1,0.0,0,1,0,1.0,0.0
ca150ab7-5254-4797-ad5d-ae706bbc5eac,Spotify,Entertainment,Rukmini Amadla,Unknown,5,2025-11-07 14:40:57,nice sound quality,nice sound quality,0,3,18,0,0,0,1.0,0,0,0.4215,1,0,1,0.0,0,1,0,5.0,0.0
37e12b2d-43cf-4556-ae75-d85352865aa2,Spotify,Entertainment,Luna,Unknown,5,2025-11-07 14:42:55,well Spotify is a really good app to use,well spotify is a really good app to use,0,9,40,0,0,0,1.0,0,1,0.6478,1,0,1,0.0,0,1,0,5.0,0.0
df5699dc-3ecf-4e62-ab97-9e6252372ed3,Spotify,Entertainment,Trilok Ranghar,Unknown,5,2025-11-07 14:45:35,it's good it makes me feel cool after anger issues,it's good it makes me feel cool after anger issues,0,10,50,0,0,0,1.0,0,0,0.128,1,0,1,0.0,0,1,0,5.0,0.0
7d66a14c-f33d-4619-b79f-b19097aeb256,Spotify,Entertainment,Raagavi SS,Unknown,5,2025-11-07 14:46:57,super 🥰,super 🥰,0,2,7,1,0,0,1.0,0,0,0.9042,1,0,1,0.0,0,1,0,5.0,0.0
47719fb6-15ce-4617-b359-cea6f32774b4,Spotify,Entertainment,Shilpa Taori,Unknown,5,2025-11-07 14:59:28,Wonderfulllllllll...🤩🤩🤩,wonderfulllllllll...🤩🤩🤩,0,1,23,3,0,0,1.0,0,0,0.0,1,0,1,0.0,0,1,0,5.0,0.0
c1b1c050-bea7-44d9-bec9-3f558fa23aed,Spotify,Entertainment,Abolaji Oluyede,Unknown,1,2025-11-07 14:59:48,"I hate the new layout. Also, why six skips per hour? And the ads are getting unbearable. I at least thought I was getting a good value out of the free plan. But I will probably be switching apps now.","i hate the new layout. also, why six skips per hour? and the ads are getting unbearable. i at least thought i was getting a good value out of the free plan. but i will probably be switching apps now.",0,40,199,0,0,0,0.85,1,1,0.3506,1,0,1,0.0,0,1,0,1.0,0.0
f51f5642-1f17-4bc4-9388-977e091dc45b,Spotify,Entertainment,Rae Hanzo —,Unknown,5,2025-11-07 15:02:27,"the college student option really saved me, amazing!","the college student option really saved me, amazing!",0,8,52,0,0,0,1.0,0,0,0.8151,1,0,1,0.0,0,1,0,5.0,0.0
67227beb-47fc-497d-909b-24341750d250,Spotify,Entertainment,Emmanuel Kingsley,Unknown,5,2025-11-07 15:05:17,my favorite ❤️🔥,my favorite ❤️🔥,0,3,15,1,0,0,1.0,0,0,0.1531,1,0,1,0.0,0,1,0,5.0,0.0
83f463c9-f910-438a-b8c9-f0a4a23909e4,Spotify,Entertainment,Meisya Andriana,Unknown,1,2025-11-07 15:07:57,why was the mini premium deal removed? please add it back and please remove the limit for selecting and skipping a song if you dont have premium,why was the mini premium deal removed? please add it back and please remove the limit for selecting and skipping a song if you dont have premium,0,27,144,0,0,0,0.8518518518518519,1,0,0.5574,1,0,1,0.0,0,1,1,1.0,0.0
3a02832b-ed29-4f87-8eea-82f002d3930f,Spotify,Entertainment,Due _Sky29,Unknown,1,2025-11-07 15:11:27,"very bad experiences,this all bcz only for premium","very bad experiences,this all bcz only for premium",0,8,50,0,0,0,1.0,0,0,-0.5849,1,0,1,0.0,0,1,0,1.0,0.0
53dfee23-b46c-47db-8bfc-38d383be3680,Spotify,Entertainment,Anju Kumari,Unknown,1,2025-11-07 15:11:45,hell app too much ads and everytime ask for premium it is of no use even it's library is also limited for musics and nothing to say this just bad,hell app too much ads and everytime ask for premium it is of no use even it's library is also limited for musics and nothing to say this just bad,0,30,145,0,0,0,0.9,0,1,-0.9042,1,0,1,0.0,0,1,0,1.0,0.0
f250322a-2b00-4be0-a3f6-c3b1690d4dde,Spotify,Entertainment,Noni Ngwane,Unknown,1,2025-11-07 15:13:41,I hate the new update,i hate the new update,1,5,21,0,0,0,1.0,0,0,-0.5719,1,0,1,0.0,0,1,0,1.0,0.0
3a2533c3-a2c8-4a9e-94f5-b2887456de59,Spotify,Entertainment,Tesla Barnett,Unknown,5,2025-11-07 15:14:31,love it! The best part is our library of music AND we can share our playlists!,love it! the best part is our library of music and we can share our playlists!,0,16,78,0,0,1,0.9375,0,0,0.9039,1,0,1,0.0,0,1,0,5.0,0.0
81ea62bb-01e4-4c63-87c8-21f90f63a7d0,Spotify,Entertainment,Yeltsin Bain,Unknown,5,2025-11-07 15:15:12,love it nice,love it nice,0,3,12,0,0,0,1.0,0,0,0.7906,1,0,1,0.0,0,1,0,5.0,0.0
60fb5a6a-9923-4195-b223-ed7a38ff6838,Spotify,Entertainment,Isha Nicole Tapia Carrillo,Unknown,5,2025-11-07 15:15:41,good 👍,good 👍,0,2,6,1,0,0,1.0,0,0,0.4404,1,0,1,0.0,0,2,0,5.0,0.0
3e016cc9-a86a-4cfd-a3e0-e0313b271dda,Spotify,Entertainment,Yashika Ajar,Unknown,1,2025-11-07 15:16:09,worst app ek gane ke baad hi ad ajata he hadd he or jo gane like kar rakhe he vo bhi pure nhi aate 😡😡😡15sec ke liye chalte he only,worst app ek gane ke baad hi ad ajata he hadd he or jo gane like kar rakhe he vo bhi pure nhi aate 😡😡😡15sec ke liye chalte he only,1,30,130,3,0,0,0.8333333333333334,0,1,-0.3818,1,0,1,0.0,0,1,0,1.0,0.0
5cef09c2-d7f9-41ce-868f-ae0cc7f1b208,Spotify,Entertainment,Sabir Khan,Unknown,5,2025-11-07 15:21:03,chita hi kede,chita hi kede,0,3,13,0,0,0,1.0,0,0,0.0,1,0,1,0.0,0,1,0,5.0,0.0
bfdfe66e-985c-44cb-8ba9-6ba314062796,Spotify,Entertainment,Alfred Kamz,Unknown,5,2025-11-07 15:25:34,it works good I really enjoy it,it works good i really enjoy it,0,7,31,0,0,0,0.8571428571428571,0,0,0.7501,1,0,1,0.0,0,1,0,5.0,0.0
c92961c1-3c88-475a-847f-828794f54e84,Spotify,Entertainment,Christian Stewart,Unknown,1,2025-11-07 15:28:53,it was good back then but now it is just pay to listen to you music it is mostly ads now. Just give us the old Spotify back.,it was good back then but now it is just pay to listen to you music it is mostly ads now. just give us the old spotify back.,0,28,124,0,0,0,0.8214285714285714,0,0,0.09,1,0,1,0.0,0,1,0,1.0,0.0
910271f0-4638-4e57-a3fe-81986dcfbead,Spotify,Entertainment,Jai SP,Unknown,1,2025-11-07 15:30:56,ICE ads. gross,ice ads. gross,14,3,14,0,0,1,1.0,0,0,-0.4767,1,0,1,0.0,0,1,0,1.0,0.0
3c64e5bb-9b34-4eba-b7c3-9c566fa5d35e,Spotify,Entertainment,Damian Koen,Unknown,5,2025-11-07 15:31:35,Awsome app,awsome app,0,2,10,0,0,0,1.0,0,1,0.0,1,0,1,0.0,0,1,0,5.0,0.0
ba491996-3625-4aca-9398-c85eac1941d4,Spotify,Entertainment,Melene French,Unknown,3,2025-11-07 15:31:46,"Pretty good. The playlist and DJ features can be quite repetitive. Uninstalling, clearing the cache, and all data haven't even helped. This seems to be a common issue across the board.","pretty good. the playlist and dj features can be quite repetitive. uninstalling, clearing the cache, and all data haven't even helped. this seems to be a common issue across the board.",0,31,184,0,0,1,0.8709677419354839,1,0,0.5868,1,0,1,0.0,0,1,0,3.0,0.0
f7956132-3e05-4786-9aba-eff4c1d2f4b1,Spotify,Entertainment,Nathalie Faith Nicoyco,Unknown,5,2025-11-07 15:32:49,good quality of music love it 😍,good quality of music love it 😍,0,7,31,1,0,0,1.0,0,0,0.8779,1,0,1,0.0,0,1,0,5.0,0.0
eb1496b1-900b-4008-80e9-50d99d0b9e8b,Spotify,Entertainment,Caitlyn Watson,Unknown,1,2025-11-07 15:35:44,I DON'T LIKE THE UPDATE IT DOESN'T EVEN LET ME CHOOSE SONGS,i don't like the update it doesn't even let me choose songs,2,12,59,0,0,11,1.0,0,0,-0.2755,1,0,1,0.0,0,1,0,1.0,0.0
7ebb5d69-fe68-4870-8a62-05fa91fe6070,Spotify,Entertainment,Sarika Nilajkar,Unknown,3,2025-11-07 15:38:41,open option of download the songs with out premium plz,open option of download the songs with out premium plz,0,10,54,0,0,0,1.0,1,0,0.0772,1,0,1,0.0,0,1,0,3.0,0.0
26cb4905-3cf7-45b8-baa8-a91be1a498c4,Spotify,Entertainment,Sharad Patil,Unknown,1,2025-11-07 15:38:55,There are too much add and it coming repeatedly😔. There is poor experience of ads. After each song ads come.,there are too much add and it coming repeatedly😔. there is poor experience of ads. after each song ads come.,0,20,108,1,0,0,0.95,0,0,-0.4215,1,0,1,0.0,0,1,0,1.0,0.0
2d234ff5-79fb-4fd5-97da-9efbcdc00655,Spotify,Entertainment,Randy Martin,Unknown,5,2025-11-07 15:39:07,awesome. switched from satilite radio,awesome. switched from satilite radio,0,5,37,0,0,0,1.0,0,0,0.6249,1,0,1,0.0,0,1,0,5.0,0.0
2f3f3e2c-67b4-4af9-ba9b-0c6dca536077,Spotify,Entertainment,Orlando dela cruz,Unknown,5,2025-11-07 15:40:22,Not bad,not bad,0,2,7,0,0,0,1.0,0,0,0.431,1,0,1,0.0,0,1,0,5.0,0.0
33aea29a-fdce-4f80-aec7-89c2174b0e69,Spotify,Entertainment,Anita Devi,Unknown,5,2025-11-07 15:43:18,bhai premium Le lunga to Bhai Tum bich mein se gana band kar doge very bad,bhai premium le lunga to bhai tum bich mein se gana band kar doge very bad,0,16,74,0,0,0,0.9375,0,1,-0.5849,1,0,1,0.0,0,1,1,5.0,0.0
83c7c289-1fa0-4af3-98ba-6fba36f9f718,Spotify,Entertainment,Dusthan Venzon,Unknown,1,2025-11-07 15:44:11,"Stupid update, i thought this was a free app but no! u can't do basic stuff like play the actual song u wanted even on ur playlist","stupid update, i thought this was a free app but no! u can't do basic stuff like play the actual song u wanted even on ur playlist",3,27,130,0,0,0,0.9629629629629629,1,1,0.7644,1,0,1,0.0,0,1,1,1.0,0.0
70225e6c-4139-4ad5-abe2-21b3c7fc8844,Spotify,Entertainment,Srini Prema,Unknown,5,2025-11-07 15:44:15,Super,super,0,1,5,0,0,0,1.0,0,0,0.5994,1,0,1,0.0,0,3,0,5.0,0.0
1a0b209f-9e35-401b-9868-a0644b8137b3,Spotify,Entertainment,Jasmitha Reddy Pallapolu,Unknown,4,2025-11-07 15:44:19,Many ads,many ads,0,2,8,0,0,0,1.0,0,0,0.0,1,0,1,0.0,0,3,0,4.0,0.0
126e8508-f620-450a-926d-ea54a86b6ac3,Spotify,Entertainment,BBQ,Unknown,5,2025-11-07 15:46:52,music is cool,music is cool,0,3,13,0,0,0,1.0,0,0,0.3182,1,0,1,0.0,0,1,0,5.0,0.0
1096f963-bf49-4595-91ca-c45a714717dc,Spotify,Entertainment,Charlaine La Marre,Unknown,5,2025-11-07 15:46:57,love Spotify who doesn't. Would always recommend.,love spotify who doesn't. would always recommend.,0,7,49,0,0,0,1.0,0,0,0.4749,1,0,1,0.0,0,1,0,5.0,0.0
d3bc0eb6-27e0-4cdf-9d2b-04b4d2be081f,Spotify,Entertainment,Abdul Ajeez,Unknown,4,2025-11-07 15:50:46,niceee,niceee,0,1,6,0,0,0,1.0,0,0,0.0,1,0,1,0.0,0,1,0,4.0,0.0
503799b7-9d75-4433-9921-3d5d1584cf5d,Spotify,Entertainment,Anmol Thind,Unknown,5,2025-11-07 15:51:39,Nice App,nice app,0,2,8,0,0,0,1.0,0,1,0.4215,1,0,1,0.0,0,3,0,5.0,0.0
480bc0aa-06ed-4dbb-b993-7636926fe4b3,Spotify,Entertainment,Murali Satish Kumar Bevara,Unknown,5,2025-11-07 15:52:12,this app is perfectly fine and there is no ads and I love it and we have all options and so many musics,this app is perfectly fine and there is no ads and i love it and we have all options and so many musics,0,23,103,0,0,0,0.8260869565217391,0,1,0.8402,1,0,1,0.0,0,1,0,5.0,0.0
286bd7e7-3a78-470c-ba0e-428ab1e3cd9d,Spotify,Entertainment,Saleema 786,Unknown,1,2025-11-07 15:53:01,it's good but sometimes we can't skip or do anything please stop doing that when the rating is bad you allow everything,it's good but sometimes we can't skip or do anything please stop doing that when the rating is bad you allow everything,0,22,119,0,0,0,1.0,0,0,-0.3182,1,0,1,0.0,0,1,0,1.0,0.0
eb898f0a-297a-40f1-97a6-9c1c238257bf,Spotify,Entertainment,Pavya,Unknown,1,2025-11-07 15:53:49,"This app making my day worst by playing too many ads .when open the app-ads ,play the song- ads, change the song- ads ,ads ads ads continuously popups the premium ads for Spotify.","this app making my day worst by playing too many ads .when open the app-ads ,play the song- ads, change the song- ads ,ads ads ads continuously popups the premium ads for spotify.",0,33,179,0,0,0,0.7575757575757576,0,1,-0.2263,1,0,1,0.0,0,1,0,1.0,0.0
1625d279-5711-4d29-803e-b854bb3d2938,Spotify,Entertainment,Hrikshesh Mehra,Unknown,5,2025-11-07 15:55:31,best option for music listening specially when bought subscription.,best option for music listening specially when bought subscription.,0,9,67,0,0,0,1.0,0,0,0.6369,1,0,1,0.0,0,1,0,5.0,0.0
542b2049-6d51-4486-92be-397facd68380,Spotify,Entertainment,Arunita CHOUHAN``,Unknown,5,2025-11-07 15:56:26,amazing mind blowing app,amazing mind blowing app,0,4,24,0,0,0,1.0,0,1,0.5859,1,0,1,0.0,0,1,0,5.0,0.0
0a60a2a7-3623-460f-b93d-220399940a38,Spotify,Entertainment,Cristian Vergara Acosta,Unknown,4,2025-11-07 15:57:24,"It doesn't let me share a song to my stories or status, pops up an error message and it closes. Please fix this. Greetings","it doesn't let me share a song to my stories or status, pops up an error message and it closes. please fix this. greetings",0,24,122,0,0,0,0.9583333333333334,0,0,0.1311,1,0,1,0.0,0,1,0,4.0,0.0
01d38fe5-75e5-40a9-bcd7-1ea297ef1d24,Spotify,Entertainment,Sri Nikesh,Unknown,5,2025-11-07 15:57:32,super 👍🏻,super 👍🏻,0,2,8,2,0,0,1.0,0,0,0.5994,1,0,1,0.0,0,1,0,5.0,0.0
56761ad5-0615-432c-9c47-ea822967bf06,Spotify,Entertainment,Lee Hisey,Unknown,1,2025-11-07 15:58:28,Still one star. It always thinks music is playing on a another device. I already have lossless turned on ...stop prompting me!! 1/10 execution.,still one star. it always thinks music is playing on a another device. i already have lossless turned on ...stop prompting me!! 1/10 execution.,0,24,143,0,0,0,0.9583333333333334,0,0,-0.2462,1,0,1,0.0,0,1,0,1.0,0.0
b6e44d5b-3403-445a-9197-4204b7b6bd8a,Spotify,Entertainment,Tom Lucas,Unknown,1,2025-11-07 15:59:13,Spotify routinely fails at several of the most rudimentary functions of a software media player. Its quality has been steadily declining for years.,spotify routinely fails at several of the most rudimentary functions of a software media player. its quality has been steadily declining for years.,0,23,147,0,0,0,0.9565217391304348,0,0,-0.4215,1,0,1,0.0,0,1,0,1.0,0.0
931c0c4a-ace6-4a04-9669-1be5991659ea,Spotify,Entertainment,Dev Chauhan,Unknown,5,2025-11-07 15:59:44,vibe match 👍,vibe match 👍,0,3,12,1,0,0,1.0,0,0,0.0,1,0,1,0.0,0,1,0,5.0,0.0
53959376-3ee4-41b6-b0df-dd479d4b5626,Spotify,Entertainment,Adhiraj Tiwari,Unknown,1,2025-11-07 16:00:33,asking for premium every time I like in watch one or two songs per day I request you to du the Spotify that was earlier,asking for premium every time i like in watch one or two songs per day i request you to du the spotify that was earlier,0,25,119,0,0,0,0.96,0,0,0.3612,1,0,1,0.0,0,1,0,1.0,0.0
8a60d280-1226-48ee-aa51-841f2b224cbf,Spotify,Entertainment,Aaron Malofy,Unknown,1,2025-11-07 16:00:36,Spotify nerds did something and the stupid app starts playing from my phone when I get out of my car. So now you gets the one star! I'll fix it myself but you can hold onto your star.,spotify nerds did something and the stupid app starts playing from my phone when i get out of my car. so now you gets the one star! i'll fix it myself but you can hold onto your star.,0,38,183,0,0,0,0.9210526315789473,0,1,-0.2714,1,0,1,0.0,0,1,0,1.0,0.0
31e082eb-6cf2-4f6b-885a-7f689e665347,Spotify,Entertainment,Karan Kumar,Unknown,5,2025-11-07 16:01:17,love this app,love this app,0,3,13,0,0,0,1.0,0,1,0.6369,1,0,1,0.0,0,1,0,5.0,0.0
843f9dad-33c8-4b4f-a97c-26da0ed9349d,Spotify,Entertainment,Mannan Chokshi,Unknown,5,2025-11-07 16:02:25,very good app forr music,very good app forr music,0,5,24,0,0,0,1.0,0,1,0.4927,1,0,1,0.0,0,1,0,5.0,0.0
1c9c4529-1c72-43fe-aae5-5bb0cf0fbaed,Spotify,Entertainment,ITS ME STRNGE FF,Unknown,1,2025-11-07 16:03:42,"would have given 0 Star if possible , worst app ever (unless you pay) I'm really pissed","would have given 0 star if possible , worst app ever (unless you pay) i'm really pissed",0,17,87,0,0,0,1.0,0,1,-0.8748,1,0,1,0.0,0,1,0,1.0,0.0
3bd3453e-9de8-4cdc-88c9-df483ac6c708,Spotify,Entertainment,Akarsh Tiwari,Unknown,4,2025-11-07 16:05:24,why you banned talha anjum's heartbreak kid and departure lane🙄,why you banned talha anjum's heartbreak kid and departure lane🙄,0,10,63,1,0,0,1.0,0,0,-0.7717,1,0,1,0.0,0,1,1,4.0,0.0
f4269b25-59ed-44b7-b163-171e8e6805e0,Spotify,Entertainment,sagem0degamer,Unknown,4,2025-11-07 16:06:30,looping should be free,looping should be free,0,4,22,0,0,0,1.0,1,0,0.5106,1,0,1,0.0,0,1,0,4.0,0.0
fb90a450-e68e-4c75-aa5c-249f91b518ad,Spotify,Entertainment,Kimi Gado,Unknown,5,2025-11-07 16:06:59,حب الأغاني,حب الأغاني,0,2,10,0,0,0,1.0,0,0,0.0,1,0,1,0.0,0,1,0,5.0,0.0
6296bbfd-565a-4e66-9639-17118d663dcf,Spotify,Entertainment,Nadine Graham,Unknown,3,2025-11-07 16:08:55,"Works well on thr phone, but constantly times out via android auto. VERY ANNOYING.","works well on thr phone, but constantly times out via android auto. very annoying.",0,14,82,0,0,2,1.0,0,0,-0.533,1,0,1,0.0,0,1,0,3.0,0.0
a3820cdf-c139-4d61-a50c-e239886f3e98,Spotify,Entertainment,Rekha Agarwal,Unknown,1,2025-11-07 16:10:52,very bad as we can't change songs,very bad as we can't change songs,0,7,33,0,0,0,1.0,0,0,-0.5849,1,0,1,0.0,0,1,0,1.0,0.0
3cf20d1e-1663-4dc2-adcc-d208c754462b,Spotify,Entertainment,Reigan Hann,Unknown,5,2025-11-07 16:12:10,this is the most amazing awesome beautiful gorgeous showstopping exotic entertaing interesting lovely kindhearted talented well spoken terrific astonishing stunning handsome great astounding superb fantastic wonderful,this is the most amazing awesome beautiful gorgeous showstopping exotic entertaing interesting lovely kindhearted talented well spoken terrific astonishing stunning handsome great astounding superb fantastic wonderful,0,26,217,0,0,0,1.0,0,0,0.9953,1,0,1,0.0,0,1,0,5.0,0.0
cc064c8b-6c7a-4a0f-9423-e3462ca63f65,Spotify,Entertainment,Masayoshi Keisuke,Unknown,5,2025-11-07 16:12:45,nice❤️,nice❤️,0,1,6,0,0,0,1.0,0,0,0.4215,1,0,1,0.0,0,1,0,5.0,0.0
bc4ccc88-3b74-4283-a2df-89de67da1488,Spotify,Entertainment,car gaming,Unknown,1,2025-11-07 16:12:45,cant choose the song that u want...,cant choose the song that u want...,0,7,35,0,0,0,1.0,0,0,0.0772,1,0,1,0.0,0,1,0,1.0,0.0
64b0ce06-86ab-4234-900f-8a4b1a31afe1,Spotify,Entertainment,Durai J,Unknown,5,2025-11-07 16:15:39,very good 👍,very good 👍,0,3,11,1,0,0,1.0,0,0,0.4927,1,0,1,0.0,0,1,0,5.0,0.0
bc98bf65-7437-4dc0-9da8-d9917f9a2810,Spotify,Entertainment,Dharmendra Kumar,Unknown,5,2025-11-07 16:17:12,very good 👍 experience 😍,very good 👍 experience 😍,0,5,24,2,0,0,1.0,0,0,0.7346,1,0,1,0.0,0,1,0,5.0,0.0
eef25ee6-c08c-4ec1-8ea7-cc64d302d7dc,Spotify,Entertainment,Keletso Maphatlalatsa,Unknown,5,2025-11-07 16:18:32,Dope app,dope app,0,2,8,0,0,0,1.0,0,1,0.0,1,0,1,0.0,0,1,0,5.0,0.0
aaa2d1b7-0d5b-4ea2-bc50-d5a522ada685,Spotify,Entertainment,Shreya,Unknown,5,2025-11-07 16:22:03,Good!,good!,0,1,5,0,0,0,1.0,0,0,0.4926,1,0,1,0.0,0,1,0,5.0,0.0
c7ed116f-aef0-4260-b318-3b45771f39c0,Spotify,Entertainment,Vandana Singh,Unknown,1,2025-11-07 16:22:23,"bad ,l am intrupted 7-8 times in 30 min by ads and now they are forcing me to get premium membership to listen songs l want.","bad ,l am intrupted 7-8 times in 30 min by ads and now they are forcing me to get premium membership to listen songs l want.",0,26,124,0,0,0,0.9615384615384616,0,0,-0.0516,1,0,1,0.0,0,1,0,1.0,0.0
9a4eee4e-c28b-4be6-b164-5c63358b9b83,Spotify,Entertainment,Prananthprananth123 Prananth,Unknown,5,2025-11-07 16:23:31,head phones dor better expirience,head phones dor better expirience,0,5,33,0,0,0,1.0,0,0,0.4404,1,0,1,0.0,0,1,0,5.0,0.0
8ca4f53b-af24-4920-923c-cfc6c06d7f64,Spotify,Entertainment,Ginger Golden,Unknown,4,2025-11-07 16:24:39,The app used to be better,the app used to be better,0,6,25,0,0,0,1.0,0,1,0.4404,1,0,1,0.0,0,1,0,4.0,0.0
15d0a9c3-1f3a-400b-93d6-463a9f9be5af,Spotify,Entertainment,Zarris Sofea Qaseh Zariman,Unknown,1,2025-11-07 16:25:34,sumpah aku benci update ni sebab dulu kat tablet aku boleh main lagu terus Sekarang takleh kat Fon pon aku tekan lagu lain keluar lagu lain I hate this apps for real,sumpah aku benci update ni sebab dulu kat tablet aku boleh main lagu terus sekarang takleh kat fon pon aku tekan lagu lain keluar lagu lain i hate this apps for real,1,32,165,0,0,0,0.8125,0,1,-0.5719,1,0,1,0.0,0,1,0,1.0,0.0
13e01bd2-cd0e-44ea-a606-f448601f69bf,Spotify,Entertainment,Snehal Singh,Unknown,1,2025-11-07 16:26:49,Worst app ever! Do one thing Spotify download krne k liye bhi premium lga lo.,worst app ever! do one thing spotify download krne k liye bhi premium lga lo.,0,15,77,0,0,0,1.0,1,1,-0.6588,1,0,1,0.0,0,1,0,1.0,0.0
57d79a4e-c296-435a-bbdd-832b083ae4d6,Spotify,Entertainment,OKROBE,Unknown,1,2025-11-07 16:27:24,make spotify without ads,make spotify without ads,0,4,24,0,0,0,1.0,0,0,0.0,1,0,1,0.0,0,1,0,1.0,0.0
6633955c-f8a5-49a6-b6e2-6b3c628e835a,Spotify,Entertainment,RAVI L,Unknown,4,2025-11-07 16:30:04,This app is ok,this app is ok,0,4,14,0,0,0,1.0,0,1,0.296,1,0,1,0.0,0,1,0,4.0,0.0
99dac3f1-f298-44f6-9f94-7fcedb009351,Spotify,Entertainment,Ganesh Hulawale,Unknown,5,2025-11-07 16:32:09,best app,best app,0,2,8,0,0,0,1.0,0,1,0.6369,1,0,1,0.0,0,1,0,5.0,0.0
31590480-642a-4020-9d17-b39c1aa317fd,Spotify,Entertainment,Raniel Balboa,Unknown,1,2025-11-07 16:35:03,As frustrating as a futurisic car that forgot its main purpose was just to get from A to B,as frustrating as a futurisic car that forgot its main purpose was just to get from a to b,0,19,90,0,0,0,0.8421052631578947,0,0,-0.4404,1,0,1,0.0,0,1,0,1.0,0.0
40ff9597-d9d0-4632-9e97-85d7c2d30f80,Spotify,Entertainment,Navid Pishro,Unknown,1,2025-11-07 16:42:22,This app is very bad. It doesn't play good music without the premium version 😡,this app is very bad. it doesn't play good music without the premium version 😡,0,15,78,1,0,0,1.0,0,1,-0.8039,1,0,1,0.0,0,1,0,1.0,0.0
a8a556f9-1b8d-4c00-a0e0-aa63e318843a,Spotify,Entertainment,Mackenzie Sutton,Unknown,1,2025-11-07 16:45:45,won't let u do some many stuff on the app (such as play the correct song or skipping a song u dont like),won't let u do some many stuff on the app (such as play the correct song or skipping a song u dont like),0,23,104,0,0,0,0.8695652173913043,0,1,0.0747,1,0,1,0.0,0,1,0,1.0,0.0
b455d736-8b7d-4b28-bbcc-cbc9091cba38,Spotify,Entertainment,Luke McDonladson,Unknown,2,2025-11-07 16:48:17,over priced ... and kinda dodgy ✌🏻💚,over priced ... and kinda dodgy ✌🏻💚,0,7,35,2,0,0,1.0,0,0,0.76,1,0,1,0.0,0,1,1,2.0,0.0
eb8d054a-2c68-4378-a7ab-a95133e63674,Spotify,Entertainment,Timothy Miller,Unknown,3,2025-11-07 16:54:41,I don't like how you have 5 ads in a row and only have like 3 songs that play before more ads,i don't like how you have 5 ads in a row and only have like 3 songs that play before more ads,0,22,93,0,0,0,0.8636363636363636,0,0,0.4195,1,0,1,0.0,0,1,0,3.0,0.0
b1194172-a3a4-4ce3-9fce-52fccf6414e3,Spotify,Entertainment,kartik,Unknown,1,2025-11-07 16:56:07,"too many ads can't even change order of playing songs, like shuffle for free and in lastest update, u can play any song manually from ur playlist","too many ads can't even change order of playing songs, like shuffle for free and in lastest update, u can play any song manually from ur playlist",1,27,145,0,0,0,1.0,1,0,0.8402,1,0,1,0.0,0,1,1,1.0,0.0
14fbf933-a292-403b-9a69-b6da6f68f6e5,Spotify,Entertainment,j k,Unknown,1,2025-11-07 16:57:12,Don't air ads for organizations that kidnap people,don't air ads for organizations that kidnap people,1,8,50,0,0,0,1.0,0,0,0.0,1,0,1,0.0,0,1,0,1.0,0.0
f06c3cd8-230f-4668-a99c-f62798bfa868,Spotify,Entertainment,Folarin Iyanuoluwa,Unknown,2,2025-11-07 16:58:19,Ads too much and no more switch to video option,ads too much and no more switch to video option,0,10,47,0,0,0,1.0,0,0,-0.296,1,0,1,0.0,0,1,0,2.0,0.0
65a40c92-9e75-4929-bace-126a389b777e,Spotify,Entertainment,BunnyKing101,Unknown,1,2025-11-07 17:03:04,Can't play the specific song you want with paying. They keep this free for a month and a half.,can't play the specific song you want with paying. they keep this free for a month and a half.,0,19,94,0,0,0,0.9473684210526315,1,0,0.4835,1,0,1,0.0,0,1,0,1.0,0.0
e656eae8-ef7e-4563-904f-bc28ed22eb27,Spotify,Entertainment,Chand Bhai,Unknown,3,2025-11-07 17:03:28,good music 🎶,good music 🎶,0,3,12,1,0,0,1.0,0,0,0.4404,1,0,1,0.0,0,1,0,3.0,0.0
bb37d08d-41c5-413c-9a1c-d87c62102df8,Spotify,Entertainment,Prajapati Rekhaben,Unknown,1,2025-11-07 17:03:28,It is not working correctly. Everytime I play song it just doesn't play. If I have choice i wound have given not even half.,it is not working correctly. everytime i play song it just doesn't play. if i have choice i wound have given not even half.,0,24,123,0,0,0,0.7916666666666666,0,0,0.0936,1,0,1,0.0,0,1,0,1.0,0.0
ef78263c-a02d-4baa-ab22-1225b2fde3c1,Spotify,Entertainment,Valen,Unknown,1,2025-11-07 17:04:59,GIVE ME BACK MY FREE SKIPS,give me back my free skips,1,6,26,0,0,6,1.0,1,0,0.5106,1,0,1,0.0,0,1,1,1.0,0.0
57a024fb-0105-4b6c-a9e9-404e1bb4e478,Spotify,Entertainment,Anmol Chandi,Unknown,1,2025-11-07 17:09:08,its too evil i font like it,its too evil i font like it,0,7,27,0,0,0,1.0,0,0,-0.4404,1,0,1,0.0,0,1,0,1.0,0.0
002d1569-94f2-45c2-823c-2c6cc9f6e996,Spotify,Entertainment,Chris Atik,Unknown,1,2025-11-07 17:11:52,The search in playlist is no longer working. I searched S&M and got no results including those characters. Too many garbage Ai features.,the search in playlist is no longer working. i searched s&m and got no results including those characters. too many garbage ai features.,1,23,136,0,0,1,0.9565217391304348,0,0,-0.5267,1,0,1,0.0,0,1,0,1.0,0.0
3d2b9678-a882-46a6-800a-a4c090934eb8,Spotify,Entertainment,Abhinav Chauhan,Unknown,1,2025-11-07 17:12:58,very bad experience.,very bad experience.,0,3,20,0,0,0,1.0,0,0,-0.5849,1,0,1,0.0,0,1,0,1.0,0.0
20fc8e54-9786-44fb-b756-6929d393a727,Spotify,Entertainment,HIMANSHU MEENA,Unknown,1,2025-11-07 17:18:08,Everywhere subscription,everywhere subscription,0,2,23,0,0,0,1.0,0,0,0.0,1,0,1,0.0,0,1,0,1.0,0.0
ab18f0b6-ea89-481a-8181-fa498f5a1be3,Spotify,Entertainment,Keshav Sharma,Unknown,1,2025-11-07 17:19:45,Very bad experience with premium just for people who spend money,very bad experience with premium just for people who spend money,0,11,64,0,0,0,1.0,0,0,-0.5849,1,0,1,0.0,0,1,0,1.0,0.0
64ba50f7-7a7a-479c-9dd6-a22eb47caa5a,Spotify,Entertainment,Jaicee Paglinawan,Unknown,1,2025-11-07 17:22:12,pay to play?? nahhh,pay to play?? nahhh,1,4,19,0,0,0,1.0,0,0,0.3313,1,0,1,0.0,0,1,0,1.0,0.0
2193e22d-e68f-44e7-a211-cacfbcb90d51,Spotify,Entertainment,Roge Peña,Unknown,3,2025-11-07 17:26:31,está bien la app pero para México no hay lossless dos meses después de anunciado,está bien la app pero para méxico no hay lossless dos meses después de anunciado,0,15,80,0,0,0,1.0,0,1,-0.296,1,0,1,0.0,0,1,0,3.0,0.0
001f1c2b-2213-4586-b2dc-1651cedd1f54,Spotify,Entertainment,Dheeraj kumar,Unknown,1,2025-11-07 17:28:48,worst aap,worst aap,0,2,9,0,0,0,1.0,0,0,-0.6249,1,0,1,0.0,0,1,0,1.0,0.0
6057de9d-5a61-457c-89e9-4941d6d1945e,Spotify,Entertainment,Hailakandi Block Mandal,Unknown,4,2025-11-07 17:33:46,this is so good app,this is so good app,0,5,19,0,0,0,1.0,0,1,0.5777,1,0,1,0.0,0,1,0,4.0,0.0
acabe7f5-2951-4b07-848f-fcaf8bbdaef7,Spotify,Entertainment,Kennedy Gitau,Unknown,4,2025-11-07 17:38:18,the best,the best,0,2,8,0,0,0,1.0,0,0,0.6369,1,0,1,0.0,0,2,0,4.0,0.0
c769123b-40f6-4828-af45-7e80941d8b3e,Spotify,Entertainment,Vijaya Gajapure,Unknown,5,2025-11-07 17:39:17,Best song app 💖💖🥰,best song app 💖💖🥰,0,4,17,3,0,0,1.0,0,1,0.9758,1,0,1,0.0,0,1,0,5.0,0.0
8e2538f8-eb82-4fbc-bda9-a514b6d5ae59,Spotify,Entertainment,Ramesh Pal,Unknown,5,2025-11-07 17:39:59,very nice 👍👍👍👍👍👍👍 best songs,very nice 👍👍👍👍👍👍👍 best songs,0,5,28,7,0,0,1.0,0,0,0.807,1,0,1,0.0,0,1,0,5.0,0.0
ed3345b9-aed4-4636-b184-056150d23331,Spotify,Entertainment,PRO_GAMERS_BG,Unknown,1,2025-11-07 17:44:42,"worst app , asks payment to fricking skip a song","worst app , asks payment to fricking skip a song",0,10,48,0,0,0,1.0,0,1,-0.6249,1,0,1,0.0,0,1,0,1.0,0.0
91de9548-9843-4b9e-b338-37458e5569f0,Spotify,Entertainment,Syarifah Nur Nur,Unknown,5,2025-11-07 17:44:53,Amazing music app with excellent sound quality. Love the personalized playlists — perfect for every mood! ❤️,amazing music app with excellent sound quality. love the personalized playlists — perfect for every mood! ❤️,0,17,108,0,0,0,1.0,0,1,0.9493,1,0,1,0.0,0,1,0,5.0,0.0
f54b94bc-b916-47ad-a209-3d0fa354854e,Spotify,Entertainment,Jack Gunderson,Unknown,1,2025-11-07 17:46:41,"New ""lossless"" music for premium! We won't play all the sounds in your songs unless you pay for premium!","new ""lossless"" music for premium! we won't play all the sounds in your songs unless you pay for premium!",0,19,104,0,0,0,0.8947368421052632,0,0,-0.4624,1,0,1,0.0,0,1,0,1.0,0.0
d4c2d907-793e-4d98-8ba7-a51a71cd09e0,Spotify,Entertainment,Honourebel Family,Unknown,5,2025-11-07 17:49:10,I love the premium version for the diverse features that it provides for it's paying customers.,i love the premium version for the diverse features that it provides for it's paying customers.,0,16,95,0,0,0,0.875,0,0,0.6369,1,0,1,0.0,0,1,0,5.0,0.0
f4c1d52c-ac7d-4c69-922f-c6af5dcbc5cc,Spotify,Entertainment,VIHAAN YADAV,Unknown,3,2025-11-07 17:49:21,Free User but restrictions are bit too extraordinary like can't change song and choose another one and constant adds,free user but restrictions are bit too extraordinary like can't change song and choose another one and constant adds,0,19,116,0,0,0,0.9473684210526315,1,0,0.6597,1,0,1,0.0,0,1,0,3.0,0.0
05d9d03f-5f5e-4c80-bff0-9819cf87bff7,Spotify,Entertainment,Olakunle Ayuba,Unknown,5,2025-11-07 17:50:03,it better than audiomark even premium self,it better than audiomark even premium self,0,7,42,0,0,0,1.0,0,0,0.4404,1,0,1,0.0,0,1,0,5.0,0.0
2da33606-2167-4712-8dda-1586474443cb,Spotify,Entertainment,Karan San,Unknown,5,2025-11-07 17:56:18,goat ♑,goat ♑,0,2,6,0,0,0,1.0,0,0,0.0,1,0,1,0.0,0,1,0,5.0,0.0
995c8b3a-eb3d-4d34-9dd5-f893caa09a14,Spotify,Entertainment,Preeti Kulhare,Unknown,5,2025-11-07 17:58:21,my favorite app,my favorite app,0,3,15,0,0,0,1.0,0,1,0.4588,1,0,1,0.0,0,1,0,5.0,0.0
ef73388c-07ab-4700-b6b8-a7b00e330af1,Spotify,Entertainment,Swapnil Sikdar,Unknown,1,2025-11-07 17:58:26,too much ad,too much ad,1,3,11,0,0,0,1.0,0,0,0.0,1,0,1,0.0,0,1,0,1.0,0.0
539110eb-80ba-4973-9c47-eff23d2ff8aa,Spotify,Entertainment,BASIT MOBIN,Unknown,1,2025-11-07 18:00:21,Worst listing experience,worst listing experience,0,3,24,0,0,0,1.0,0,0,-0.6249,1,0,1,0.0,0,1,0,1.0,0.0
f05a2349-3cd0-43c9-8898-d399cc87cbd2,Spotify,Entertainment,Glenn Bosire,Unknown,5,2025-11-07 18:10:01,"amazing ,guyz","amazing ,guyz",0,2,13,0,0,0,1.0,0,0,0.5859,1,0,1,0.0,0,1,0,5.0,0.0
575be07d-dfc4-42f3-9fa1-8af24550b1ca,Spotify,Entertainment,Jihad Sadeck,Unknown,5,2025-11-07 18:10:19,"Excellent music and podcast experience perfect for everyday listen an music app everybody can enjoy, thank you so much too awesome.","excellent music and podcast experience perfect for everyday listen an music app everybody can enjoy, thank you so much too awesome.",0,21,131,0,0,0,0.9523809523809523,0,1,0.955,1,0,1,0.0,0,1,0,5.0,0.0
3f00dcbc-5fc4-433d-9e8d-c9865e4fee46,Spotify,Entertainment,Rakshit Raj,Unknown,1,2025-11-07 18:17:37,"don't use it for free music . it's a waste of time ,only ads in free version and can't even change the music","don't use it for free music . it's a waste of time ,only ads in free version and can't even change the music",0,23,108,0,0,0,0.9130434782608695,1,0,0.5859,1,0,1,0.0,0,1,1,1.0,0.0
4483b333-773c-4e14-8b03-c5bddb94c9d9,Spotify,Entertainment,Ronalyn Bautista,Unknown,5,2025-11-07 18:18:09,I love it☺️,i love it☺️,0,3,11,0,0,0,1.0,0,0,0.802,1,0,1,0.0,0,1,0,5.0,0.0
693578b9-6420-4ca2-a30b-3f062a579165,Spotify,Entertainment,Настя,Unknown,1,2025-11-07 18:19:50,One of the worst apps in my life.,one of the worst apps in my life.,0,8,33,0,0,0,1.0,0,1,-0.6249,1,0,1,0.0,0,1,0,1.0,0.0
7d43f308-15a6-4f57-b463-b3e8d4a999e9,Spotify,Entertainment,Mihle Matanda,Unknown,5,2025-11-07 18:20:41,i love it,i love it,0,3,9,0,0,0,1.0,0,0,0.6369,1,0,1,0.0,0,3,0,5.0,0.0
10836fb9-0bff-49a3-aa19-181ef972bfd0,Spotify,Entertainment,Renzong Calvin Lepcha,Unknown,3,2025-11-07 18:22:01,why do you have to limit skips and choosing of songs from playlist like comeon. The lite version of the app was much better with no such restrictions yet you are shutting it down for some phones. What a bummer,why do you have to limit skips and choosing of songs from playlist like comeon. the lite version of the app was much better with no such restrictions yet you are shutting it down for some phones. what a bummer,0,40,209,0,0,0,0.925,0,1,0.1531,1,0,1,0.0,0,1,0,3.0,0.0
2bd4ea5b-daea-4137-b214-01b2298ca632,Spotify,Entertainment,Wael Tej,Unknown,5,2025-11-07 18:26:12,exceptionnel,exceptionnel,0,1,12,0,0,0,1.0,0,0,0.0,1,0,1,0.0,0,1,0,5.0,0.0
7aaf7c85-0db9-4d60-bf88-1d27c064ca2e,Spotify,Entertainment,Melissa Clifton,Unknown,4,2025-11-07 18:27:22,plays in the background at all times. if I am not using it I should be able to stop it running,plays in the background at all times. if i am not using it i should be able to stop it running,0,21,94,0,0,0,0.9047619047619048,0,0,-0.0516,1,0,1,0.0,0,1,0,4.0,0.0
4f596185-47de-469a-ac0a-d1b3d348d97c,Spotify,Entertainment,M*** Garrett,Unknown,1,2025-11-07 18:29:39,Melt ICE!,melt ice!,1,2,9,0,0,1,1.0,0,0,0.0,1,0,1,0.0,0,1,0,1.0,0.0
2bc37872-7480-4851-9b5a-85f5e93d16a4,Spotify,Entertainment,Juanita Nieves,Unknown,5,2025-11-07 18:30:37,wow 😮,wow 😮,0,2,5,1,0,0,1.0,0,0,0.5859,1,0,1,0.0,0,1,0,5.0,0.0
cad14c31-8526-4164-b9d8-2e79b2c2ecee,Spotify,Entertainment,nokwanda ndwandwe,Unknown,4,2025-11-07 18:33:23,superb,superb,0,1,6,0,0,0,1.0,0,0,0.6249,1,0,1,0.0,0,3,0,4.0,0.0
73a15670-0f8f-4c1c-bc31-d9897eee7e0b,Spotify,Entertainment,Alex,Unknown,1,2025-11-07 18:35:03,ICE ads? Really? Yikes. Bye! At least I won't be missing much. Spotify's attempts at AI integration were already ruining its usability.,ice ads? really? yikes. bye! at least i won't be missing much. spotify's attempts at ai integration were already ruining its usability.,1,22,135,0,0,2,0.9545454545454546,0,0,-0.1935,1,0,1,0.0,0,1,0,1.0,0.0
57d05993-af0c-453a-b535-1bcc7cbf3dce,Spotify,Entertainment,Aakash Srivastava,Unknown,3,2025-11-07 18:35:40,I am uninstalling Spotify after the new changes has been came into effect. See I don't mind watching ads between songs but now I can't choose my favourite song to play which is very wrong.,i am uninstalling spotify after the new changes has been came into effect. see i don't mind watching ads between songs but now i can't choose my favourite song to play which is very wrong.,0,35,188,0,0,0,0.9428571428571428,1,0,-0.359,1,0,1,0.0,0,1,0,3.0,0.0
0e3697a2-2060-4aa5-8b1b-d74f6002741c,Spotify,Entertainment,Angel Beluchi,Unknown,2,2025-11-07 18:37:10,the app chooses the song that I listen to which I hate and the ad are too much.aside from that it's a nice app,the app chooses the song that i listen to which i hate and the ad are too much.aside from that it's a nice app,0,24,110,0,0,0,0.7916666666666666,0,1,-0.2263,1,0,1,0.0,0,1,0,2.0,0.0
8f3e0d82-4695-4286-84e7-da1b6b6bf456,Spotify,Entertainment,ROBSTON,Unknown,5,2025-11-07 18:38:06,YES I RECOMMEND THIS .,yes i recommend this .,0,5,22,0,0,3,1.0,0,0,0.6369,1,0,1,0.0,0,1,0,5.0,0.0
28ecb1c6-64fa-4bff-87c7-7883b6b8ba1f,Spotify,Entertainment,Teko,Unknown,5,2025-11-07 18:42:34,switch to spotify from apple music best decision I've made.,switch to spotify from apple music best decision i've made.,0,10,59,0,0,0,1.0,0,1,0.6369,1,0,1,0.0,0,1,0,5.0,0.0
0cb9db77-76c4-41be-bdad-2dc710c88404,Spotify,Entertainment,Herbert Promise,Unknown,5,2025-11-07 18:44:10,Best ❤️❤️❤️,best ❤️❤️❤️,0,2,11,0,0,0,1.0,0,0,0.6369,1,0,1,0.0,0,1,0,5.0,0.0
a33683b0-3f3d-4ed8-bac2-640bb22411c4,Spotify,Entertainment,Júlia Takács,Unknown,1,2025-11-07 18:46:05,it used to be able to remember where I stopped a podcast episode but not anymore. it starts over every time i navigate to something else then come back.,it used to be able to remember where i stopped a podcast episode but not anymore. it starts over every time i navigate to something else then come back.,0,29,152,0,0,0,0.8620689655172413,0,0,-0.1154,1,0,1,0.0,0,1,0,1.0,0.0
098235dc-dc19-474c-9edc-eea10e333fa4,Spotify,Entertainment,Tavonga Tsikira,Unknown,5,2025-11-07 18:46:49,I just love spotify,i just love spotify,0,4,19,0,0,0,1.0,0,0,0.6369,1,0,1,0.0,0,1,0,5.0,0.0
46f9af26-90be-46d3-9d14-3260bd005f9c,Spotify,Entertainment,Syed Sami,Unknown,4,2025-11-07 18:47:54,Its been pretty good untill now,its been pretty good untill now,0,6,31,0,0,0,1.0,0,0,0.7269,1,0,1,0.0,0,1,0,4.0,0.0
907983a0-5b1a-4a7c-9962-339fc18dafd8,Spotify,Entertainment,Dennis Rowe,Unknown,5,2025-11-07 18:53:16,"A superb and getting better application, great music selection overall excellent product well done Spotify still the best, Hooray lossless is here well done spotif Dennis xxxx thanks","a superb and getting better application, great music selection overall excellent product well done spotify still the best, hooray lossless is here well done spotif dennis xxxx thanks",8,28,182,0,0,0,0.9285714285714286,0,1,0.9825,1,0,1,0.0,0,1,0,5.0,0.0
ae574a48-eb6f-4c0c-ad6b-8375df08ef3d,Spotify,Entertainment,Stephanie Ravenscroft,Unknown,2,2025-11-07 18:58:08,"meh, the algorithm doesn't really find new good music anymore and there are ads to open it which usually means I immediately close it","meh, the algorithm doesn't really find new good music anymore and there are ads to open it which usually means i immediately close it",1,24,133,0,0,0,0.9583333333333334,0,0,0.4336,1,0,1,0.0,0,1,0,2.0,0.0
2292f75d-9b81-4870-b24d-6b74ded7fb90,Spotify,Entertainment,Reaobaka Morwa,Unknown,5,2025-11-07 19:03:23,Top tier,top tier,0,2,8,0,0,0,1.0,0,0,0.2023,1,0,1,0.0,0,1,0,5.0,0.0
40249c33-ab03-4c37-b1a4-c784a0415e47,Spotify,Entertainment,Carlos Rodríguez,Unknown,5,2025-11-07 19:03:36,"good,","good,",0,1,5,0,0,0,1.0,0,0,0.4404,1,0,1,0.0,0,1,0,5.0,0.0
dc0fedb0-30e5-48bd-a368-2b3370e0d23b,Spotify,Entertainment,Eithan Maske,Unknown,5,2025-11-07 19:03:48,thank you so much,thank you so much,0,4,17,0,0,0,1.0,0,0,0.3612,1,0,1,0.0,0,1,0,5.0,0.0
80243348-f932-41bb-b4c0-e6d320e5c3e0,Spotify,Entertainment,Eammon Elphick,Unknown,5,2025-11-07 19:11:01,I just love the app.,i just love the app.,0,5,20,0,0,0,1.0,0,1,0.6369,1,0,1,0.0,0,1,0,5.0,0.0
bd630aec-1142-465e-92cd-e0d61ff4c530,Spotify,Entertainment,Ashley Munusami,Unknown,5,2025-11-07 19:20:36,"wonderfully app, love the A.I Algorithm behind it. wish it could be cheaper though.","wonderfully app, love the a.i algorithm behind it. wish it could be cheaper though.",0,14,83,0,0,1,1.0,1,1,0.8957,1,0,1,0.0,0,1,0,5.0,0.0
f67f8b8c-5d82-4767-b12f-1ef01d3633e0,Spotify,Entertainment,Adrian,Unknown,5,2025-11-07 19:24:43,Musical extravaganza. 👊🏿🫶🏿👊🏿,musical extravaganza. 👊🏿🫶🏿👊🏿,0,3,28,6,0,0,1.0,0,0,0.0,1,0,1,0.0,0,1,0,5.0,0.0
90169416-3aa0-443d-bfad-b650cd4ed9fc,Spotify,Entertainment,Junior Gwelana,Unknown,1,2025-11-07 19:26:53,The app is trash I can't even choose my next song to listen to,the app is trash i can't even choose my next song to listen to,1,14,62,0,0,0,0.9285714285714286,0,1,0.0,1,0,1,0.0,0,1,0,1.0,0.0
38472726-be11-4267-bbec-048781ed505b,Spotify,Entertainment,Bibek Das,Unknown,5,2025-11-07 19:29:50,one of the most best music app,one of the most best music app,0,7,30,0,0,0,1.0,0,1,0.6697,1,0,1,0.0,0,1,0,5.0,0.0
f2cfb3b0-393d-4f39-979e-704c125ebe6c,Spotify,Entertainment,Ugochukwu Emmanuel,Unknown,4,2025-11-07 19:36:43,Its a nice music streaming app,its a nice music streaming app,0,6,30,0,0,0,1.0,0,1,0.4215,1,0,1,0.0,0,1,0,4.0,0.0
e9d73a86-f63d-44eb-89e4-335d1612e453,Spotify,Entertainment,Chris,Unknown,4,2025-11-07 19:40:10,Updated from 3 to 4 stars. The music is still great. The app works much better over time and updates. The shuffle music mode is a fixed shuffle and never changes. No randomness to it.,updated from 3 to 4 stars. the music is still great. the app works much better over time and updates. the shuffle music mode is a fixed shuffle and never changes. no randomness to it.,0,35,183,0,0,0,0.8,0,1,0.8355,1,0,1,0.0,0,1,0,4.0,0.0
18ab6d37-6e5b-4d06-877c-a94e287f9ccf,Spotify,Entertainment,KB,Unknown,5,2025-11-07 19:43:42,🔥🔥🔥🔥😭,🔥🔥🔥🔥😭,0,1,5,5,0,0,1.0,0,0,-0.8934,1,0,1,0.0,0,1,1,5.0,0.0
9bc3fdf3-0001-4857-9465-f17af576bbd5,Spotify,Entertainment,Giovana,Unknown,4,2025-11-07 19:45:42,o aplicativo a todo momento está 30 minutos sem interrupções. Isso é algum erro na automação do app?,o aplicativo a todo momento está 30 minutos sem interrupções. isso é algum erro na automação do app?,0,18,100,0,0,0,1.0,0,1,0.0,1,0,1,0.0,0,1,0,4.0,0.0
658c96d5-8381-4c92-b79f-1f75dba05319,Spotify,Entertainment,_ Rage _,Unknown,1,2025-11-07 19:48:12,"Only pushing to pay premium, a casual user can't even listen what he desires because of those 3 pesky unskippable ads of 1:00 each.","only pushing to pay premium, a casual user can't even listen what he desires because of those 3 pesky unskippable ads of 1:00 each.",0,24,131,0,0,0,0.9583333333333334,0,0,-0.2023,1,0,1,0.0,0,1,0,1.0,0.0
1fc951a3-f0ea-42a8-a69b-884298d780dc,Spotify,Entertainment,Ayabonga Gumede,Unknown,5,2025-11-07 19:51:03,better than YouTube,better than youtube,0,3,19,0,0,0,1.0,0,0,0.4404,1,0,1,0.0,0,1,0,5.0,0.0
bda490aa-b484-42c9-be46-75819c3820c4,Spotify,Entertainment,chany kilambuey,Unknown,5,2025-11-07 19:53:56,"um excelente app, não tenho do que reclamar.","um excelente app, não tenho do que reclamar.",0,8,44,0,0,0,1.0,0,1,0.0,1,0,1,0.0,0,1,0,5.0,0.0
c1fe6066-2cfa-4768-9481-5b64e57cbb62,Spotify,Entertainment,tyrone biggums,Unknown,1,2025-11-07 19:54:03,I'm out Spotify I'm going to go be a pirate again,i'm out spotify i'm going to go be a pirate again,0,11,49,0,0,0,0.9090909090909091,0,0,0.0,1,0,1,0.0,0,1,0,1.0,0.0
4f42a620-995f-4db8-a165-8151c1f46b9b,Spotify,Entertainment,Altin Hyseni,Unknown,1,2025-11-07 19:59:47,bruh 600 million dollars invested in military equipment instead of making the app more friendly to newcomers lol.,bruh 600 million dollars invested in military equipment instead of making the app more friendly to newcomers lol.,1,18,113,0,0,0,1.0,0,1,0.7425,1,0,1,0.0,0,1,1,1.0,0.0
ac884227-d329-48a7-a88a-79903e5b6c68,Spotify,Entertainment,Caitlin Curtis,Unknown,1,2025-11-07 20:00:22,Low quality and treat their artists poorly so why bother with them anymore? There's multiple better apps out there now that are cheaper and have better sound quality.,low quality and treat their artists poorly so why bother with them anymore? there's multiple better apps out there now that are cheaper and have better sound quality.,0,28,166,0,0,0,0.9285714285714286,1,1,0.575,1,0,1,0.0,0,1,1,1.0,0.0
9e8fbdfa-f873-49d5-aeee-0ed0d8479ea1,Spotify,Entertainment,Simone Kuhn,Unknown,2,2025-11-07 20:09:35,My songs keep on disappearing after downloading will see if the update does anything,my songs keep on disappearing after downloading will see if the update does anything,0,14,84,0,0,0,1.0,1,1,0.0,1,0,1,0.0,0,1,0,2.0,0.0
6d5560c7-626c-4280-a712-a7628e7e625c,Spotify,Entertainment,Ofon Declear,Unknown,4,2025-11-07 20:11:49,cool music app,cool music app,0,3,14,0,0,0,1.0,0,1,0.3182,1,0,1,0.0,0,1,0,4.0,0.0
e97b8227-c556-464a-829f-39387dffa708,Spotify,Entertainment,Adeeb Ahemad,Unknown,1,2025-11-07 20:12:57,bycott Spotify because you are deleted songs of Sidhu Moose wala,bycott spotify because you are deleted songs of sidhu moose wala,1,11,64,0,0,0,1.0,0,0,0.0,1,0,1,0.0,0,1,0,1.0,0.0
4aaaf6dd-969f-4633-bc2e-734d5ed45a9a,Spotify,Entertainment,Ruth Kihumuro,Unknown,4,2025-11-07 20:14:38,it's good,it's good,0,2,9,0,0,0,1.0,0,0,0.4404,1,0,1,0.0,0,2,0,4.0,0.0
d35bae37-a6ae-4189-8f21-b10ddc91647f,Spotify,Entertainment,Nqubeko Ndlovu,Unknown,5,2025-11-07 20:25:37,amazing quality Really love the suggestions they feel so personal like am suggesting music to my self,amazing quality really love the suggestions they feel so personal like am suggesting music to my self,0,17,101,0,0,0,1.0,0,0,0.9016,1,0,1,0.0,0,1,0,5.0,0.0
1abb4507-a4f3-4f8f-8261-515d43658505,Spotify,Entertainment,Ronald Thompson,Unknown,1,2025-11-07 20:28:55,stop supporting ICE,stop supporting ice,2,3,19,0,0,1,1.0,0,0,0.1779,1,0,1,0.0,0,1,0,1.0,0.0
3a5a5865-27b3-474a-a5ea-cf719432dddd,Spotify,Entertainment,Pawan Ohri,Unknown,5,2025-11-07 20:30:34,refreshes my soul,refreshes my soul,0,3,17,0,0,0,1.0,0,0,0.0,1,0,1,0.0,0,1,0,5.0,0.0
59152b90-059d-4786-a9e2-c486a085fa3e,Spotify,Entertainment,Pamarthi Hima varsha,Unknown,5,2025-11-07 20:31:22,no more issues... Happy music happy life,no more issues... happy music happy life,0,7,40,0,0,0,0.8571428571428571,0,1,0.7564,1,0,1,0.0,0,1,0,5.0,0.0
02b24b7d-d39f-4710-8e94-5e6a9bb61653,Spotify,Entertainment,Aliyah Morrow,Unknown,5,2025-11-07 20:31:46,love it so much!,love it so much!,0,4,16,0,0,0,1.0,0,0,0.6696,1,0,1,0.0,0,1,0,5.0,0.0
c15928c3-43cc-45c7-a981-516acfbae172,Spotify,Entertainment,Luchiya Ela,Unknown,5,2025-11-07 20:33:53,I love it because it has all my favorite songs,i love it because it has all my favorite songs,0,10,46,0,0,0,0.9,0,0,0.802,1,0,1,0.0,0,1,0,5.0,0.0
9873e410-0495-4dab-9e15-188802d27a56,Spotify,Entertainment,Ranny Cellacay,Unknown,5,2025-11-07 20:34:47,very woww I Love it! and very easy to used perfect,very woww i love it! and very easy to used perfect,0,11,50,0,0,0,0.9090909090909091,0,0,0.9127,1,0,1,0.0,0,1,0,5.0,0.0
e3db17e5-c15a-423b-95c7-65ebad8ebe6f,Spotify,Entertainment,diyar ozgun,Unknown,5,2025-11-07 20:35:28,Spotify is the best app for music and it has tons of music to choose from and listen too it helps you to relax and clear your mind with wonderful and amazing song's,spotify is the best app for music and it has tons of music to choose from and listen too it helps you to relax and clear your mind with wonderful and amazing song's,0,33,164,0,0,0,0.8181818181818182,0,1,0.9628,1,0,1,0.0,0,1,0,5.0,0.0
7029b106-65a6-47ef-8d18-052c985e9613,Spotify,Entertainment,Arman Mohamadi,Unknown,5,2025-11-07 20:39:43,... عالیه,... عالیه,0,2,9,0,0,0,1.0,0,0,0.0,1,0,1,0.0,0,1,0,5.0,0.0
0c43083f-401c-4b14-a36a-7732fd5e1b6c,Spotify,Entertainment,Akorede Ismael,Unknown,5,2025-11-07 20:40:07,very interesting app,very interesting app,0,3,20,0,0,0,1.0,0,1,0.4576,1,0,1,0.0,0,1,0,5.0,0.0
61f23c56-0ea9-47fc-bfc6-0bb965d6495a,Spotify,Entertainment,Gwenyth Bendixsen,Unknown,5,2025-11-07 20:42:41,"I love Spotify, and its the only music app use. It's honestly really good, even without paying for premium. But when you get premium, it's even better.","i love spotify, and its the only music app use. it's honestly really good, even without paying for premium. but when you get premium, it's even better.",0,27,151,0,0,0,0.9259259259259259,0,1,0.8607,1,0,1,0.0,0,1,0,5.0,0.0
3023559d-f95c-4621-9d9a-a91d62ec3f51,Spotify,Entertainment,RYKER CLEMENTS,Unknown,1,2025-11-07 20:43:00,the new update is basically trying to force you to buy premium!,the new update is basically trying to force you to buy premium!,0,12,63,0,0,0,0.9166666666666666,0,0,0.0,1,0,1,0.0,0,1,0,1.0,0.0
8c219b5e-dd42-4ed7-b0cb-304e4a68cd4f,Spotify,Entertainment,Troian,Unknown,5,2025-11-07 20:45:55,I LUV ITTT,i luv ittt,0,3,10,0,0,2,1.0,0,0,0.0,1,0,1,0.0,0,1,0,5.0,0.0
79a07bf0-c033-4fb2-9cf9-35a2a5b507a4,Spotify,Entertainment,The Brat (ImOnlyTellinTheTruth),Unknown,5,2025-11-07 20:48:52,no interruptions your own library it's great!!!!,no interruptions your own library it's great!!!!,0,7,48,0,0,0,1.0,0,0,0.8189,1,0,1,0.0,0,1,0,5.0,0.0
e17720be-912d-4667-bcbe-453016b6cfa8,Spotify,Entertainment,Kathy Taylor,Unknown,1,2025-11-07 20:49:10,"I pay for Spotify, so I already don't like that there are ads on the podcast. but the ads aren't as bad as the fact that the ads are twice as loud as what I'm listening to. get that fixed.","i pay for spotify, so i already don't like that there are ads on the podcast. but the ads aren't as bad as the fact that the ads are twice as loud as what i'm listening to. get that fixed.",1,40,188,0,0,0,0.7,0,0,0.4624,1,0,1,0.0,0,1,0,1.0,0.0
cad19b38-123e-43df-9744-cab36b7b0dde,Spotify,Entertainment,Vincent Shendler,Unknown,5,2025-11-07 20:52:23,love the app. wish it was cheaper.,love the app. wish it was cheaper.,0,7,34,0,0,0,1.0,1,1,0.7845,1,0,1,0.0,0,1,0,5.0,0.0
ed6aa7ba-433b-4868-9bee-49f620f2a0a2,Spotify,Entertainment,Ellie Woodbine,Unknown,3,2025-11-07 20:53:09,when I'm listening to my playlist it just plays one song from the playlist then a random song,when i'm listening to my playlist it just plays one song from the playlist then a random song,0,18,93,0,0,0,0.8888888888888888,0,0,0.25,1,0,1,0.0,0,1,0,3.0,0.0
717fc8e2-a248-47f7-9a7c-389f03afdd12,Spotify,Entertainment,Daniel shishi,Unknown,5,2025-11-07 20:56:59,Unmatched,unmatched,0,1,9,0,0,0,1.0,0,0,-0.0772,1,0,1,0.0,0,1,0,5.0,0.0
a77a1f82-7b22-4190-b42a-7b12c72755f9,Spotify,Entertainment,Sebastian Zbrzyski,Unknown,5,2025-11-07 20:59:30,As a premium user I find this app to be the best way to listen to music when switching between multiple devices.,as a premium user i find this app to be the best way to listen to music when switching between multiple devices.,0,22,112,0,0,0,0.9090909090909091,0,1,0.6369,1,0,1,0.0,0,1,0,5.0,0.0
4996d00c-38f7-4643-9911-5adbab62229b,Spotify,Entertainment,Eric Nobles,Unknown,5,2025-11-07 21:02:36,it's freaking goated,it's freaking goated,0,3,20,0,0,0,1.0,0,0,-0.4215,1,0,1,0.0,0,1,0,5.0,0.0
f18e35dd-9823-483b-bcef-58a647e82d15,Spotify,Entertainment,Hassan Ahmadi,Unknown,5,2025-11-07 21:08:25,it's good,it's good,0,2,9,0,0,0,1.0,0,0,0.4404,1,0,1,0.0,0,2,0,5.0,0.0
5b5c8f7b-acfd-459c-802e-6456720f4bd3,Spotify,Entertainment,Adam,Unknown,4,2025-11-07 21:09:56,With the sub it's a excellent app,with the sub it's a excellent app,0,7,33,0,0,0,1.0,0,1,0.5719,1,0,1,0.0,0,1,0,4.0,0.0
ec4f8613-84cd-4c61-8735-5b505a81b8af,Spotify,Entertainment,Maria Arteaga,Unknown,5,2025-11-07 21:20:31,so love this app,so love this app,0,4,16,0,0,0,1.0,0,1,0.6697,1,0,1,0.0,0,1,0,5.0,0.0
5d56ff62-b4a0-4d74-9178-ba39258a8dcd,Spotify,Entertainment,Tsado Mohammed Ndaceko,Unknown,5,2025-11-07 21:22:06,continue your good work,continue your good work,0,4,23,0,0,0,1.0,0,0,0.4404,1,0,1,0.0,0,1,0,5.0,0.0
524c3b1c-7908-43c0-8f9d-4ba9fd4d2272,Spotify,Entertainment,delorisella,Unknown,2,2025-11-07 21:24:41,"I absolutely hate the new add to playlist interface. The menu doesn't drop down easily and it will not show a playlist when I search it, making me scroll through my many playlist to find the right one.","i absolutely hate the new add to playlist interface. the menu doesn't drop down easily and it will not show a playlist when i search it, making me scroll through my many playlist to find the right one.",0,38,201,0,0,0,0.8421052631578947,0,0,-0.6387,1,0,1,0.0,0,1,0,2.0,0.0
8daaea78-f313-4109-a71d-d536c6a608d4,Spotify,Entertainment,Steve Tierney,Unknown,5,2025-11-07 21:26:27,"lossless audio 5 years late but well done, ill actually rate the app now above 0 stars for finally making lossless audio available.","lossless audio 5 years late but well done, ill actually rate the app now above 0 stars for finally making lossless audio available.",0,23,131,0,0,0,0.9130434782608695,0,1,-0.2617,1,0,1,0.0,0,1,0,5.0,0.0
57df6e69-74e1-43b2-98c3-4233d9dd01b8,Spotify,Entertainment,Mishali Rajak,Unknown,3,2025-11-07 21:27:24,"it is a very good app But i didn't like the part that after a first 3 weeks, I couldn't revive songs and they were not playing in order","it is a very good app but i didn't like the part that after a first 3 weeks, i couldn't revive songs and they were not playing in order",0,29,135,0,0,0,0.9310344827586207,0,1,-0.6137,1,0,1,0.0,0,1,0,3.0,0.0
ace6eece-cc6e-47e3-9bd3-bd05f5788a34,Spotify,Entertainment,Oluwayanmife Israel,Unknown,5,2025-11-07 21:29:11,simply the best music app,simply the best music app,0,5,25,0,0,0,1.0,0,1,0.6369,1,0,1,0.0,0,1,0,5.0,0.0
60fe5f4d-0bd4-4262-a5fa-967d5f15714b,Spotify,Entertainment,Tristan Hartford,Unknown,1,2025-11-07 21:40:58,(4/2/24) It keeps auto adding songs that I don't like to my playlists. Very annoying. (11/7/25) App has become tremendously worse since original review was posted,(4/2/24) it keeps auto adding songs that i don't like to my playlists. very annoying. (11/7/25) app has become tremendously worse since original review was posted,2,26,162,0,0,0,1.0,0,1,-0.7125,1,0,1,0.0,0,1,0,1.0,0.0
aea2ba1b-5e87-4575-9d8b-cda3bd5f6b1c,Spotify,Entertainment,Jessica Navunicagi,Unknown,5,2025-11-07 21:50:44,really like these,really like these,0,3,17,0,0,0,1.0,0,0,0.4201,1,0,1,0.0,0,1,0,5.0,0.0
0bdea441-8524-44e2-baec-0c0ca0db16dc,Spotify,Entertainment,Jumila Sharp,Unknown,4,2025-11-07 21:52:20,"j'adore l'application je peu écouter de la musique comme je veux, c'est pratique parce qu'il y a plusieurs style","j'adore l'application je peu écouter de la musique comme je veux, c'est pratique parce qu'il y a plusieurs style",0,19,112,0,0,0,0.9473684210526315,0,1,0.0,1,0,1,0.0,0,1,0,4.0,0.0
71fa1e10-47d3-4221-ad02-61ce4bc24b57,Spotify,Entertainment,Kyler Vos,Unknown,1,2025-11-07 22:00:03,greddy How are you gonna add a feature then take it way to try and get people to by premium. loser stuff,greddy how are you gonna add a feature then take it way to try and get people to by premium. loser stuff,0,22,104,0,0,0,0.9545454545454546,0,0,-0.5267,1,0,1,0.0,0,1,0,1.0,0.0
deda0035-ef94-46a6-9412-3f0598826511,Spotify,Entertainment,Robert Rorebeck,Unknown,1,2025-11-07 22:09:50,"I have the free version, and I literally can't listen to music. I click on an album, no play button. I click on one of my playlists, no play button. I click a song, doesn't play. I'm on mobile.","i have the free version, and i literally can't listen to music. i click on an album, no play button. i click on one of my playlists, no play button. i click a song, doesn't play. i'm on mobile.",1,39,193,0,0,0,0.717948717948718,1,0,-0.2042,1,0,1,0.0,0,1,0,1.0,0.0
4abae65b-26d6-488b-a930-5f6d6ff0690e,Spotify,Entertainment,Lisabeth Naumburger,Unknown,3,2025-11-07 22:19:10,I actually really like everything I just want the eat the playlist feature for android. I dont get why I dont have it when I'm paying for premium doesn't make any sense.,i actually really like everything i just want the eat the playlist feature for android. i dont get why i dont have it when i'm paying for premium doesn't make any sense.,0,32,169,0,0,0,0.8125,0,0,0.4754,1,0,1,0.0,0,1,0,3.0,0.0
74cf395f-8c21-4b11-ae1e-a8a9569df0f1,Spotify,Entertainment,arul babu,Unknown,1,2025-11-07 22:21:32,become worst now we can't even select songs. if we don't have premium. just uninstalled,become worst now we can't even select songs. if we don't have premium. just uninstalled,3,15,87,0,0,0,0.9333333333333333,1,0,-0.6249,1,0,1,0.0,0,1,0,1.0,0.0
e0a8a05c-cf1c-4cdd-9e36-41941d2ac8d0,Spotify,Entertainment,Bianca Shelley,Unknown,4,2025-11-07 22:54:16,i love Spotify but I think you should be able to at least go back and skip as many times as you want,i love spotify but i think you should be able to at least go back and skip as many times as you want,0,23,100,0,0,0,0.8695652173913043,0,0,0.4678,1,0,1,0.0,0,1,0,4.0,0.0
d103a87b-7256-4354-8fa0-1456a2ce0fb1,Spotify,Entertainment,Anil Neha Kumar,Unknown,1,2025-11-07 23:04:38,too much adds,too much adds,0,3,13,0,0,0,1.0,0,0,0.0,1,0,1,0.0,0,1,0,1.0,0.0
4dde5284-0a66-408e-b84f-bb1cf76f6ab2,Spotify,Entertainment,Lloyd Christian Damalerio,Unknown,1,2025-11-07 23:06:12,I just don't like having smart shuffle. I just want to listen to what I love.,i just don't like having smart shuffle. i just want to listen to what i love.,0,16,77,0,0,0,0.75,0,0,0.2805,1,0,1,0.0,0,1,0,1.0,0.0
43ea93d9-d14b-4515-aaba-cea4c05f39f0,Spotify,Entertainment,Alec Northrup,Unknown,1,2025-11-07 23:10:53,why no scroll bar for podcasts??,why no scroll bar for podcasts??,1,6,32,0,0,0,1.0,0,0,-0.3736,1,0,1,0.0,0,1,0,1.0,0.0
82d018f5-7721-4a84-ae3d-3944f42d465a,Spotify,Entertainment,Tebatso Merika,Unknown,4,2025-11-07 23:27:28,it is a great app,it is a great app,0,5,17,0,0,0,1.0,0,1,0.6249,1,0,1,0.0,0,1,0,4.0,0.0
3c4a2491-3430-4f11-8657-5c9668a92495,Spotify,Entertainment,Naufal F,Unknown,1,2025-11-07 23:51:08,Looping when login,looping when login,0,3,18,0,0,0,1.0,0,0,0.0,1,0,1,0.0,0,1,0,1.0,0.0
c02e5b78-85cd-45ff-b1bc-aaa2488b85fa,Spotify,Entertainment,luCa Reginio,Unknown,1,2025-11-07 23:51:32,it doesn't let me add songs to playlist,it doesn't let me add songs to playlist,0,8,39,0,0,0,1.0,0,0,0.0,1,0,1,0.0,0,1,0,1.0,0.0
6fada0a4-0071-4bd8-85f0-dfe1f31b1b05,Spotify,Entertainment,KSENIIA POLADYCHEVA,Unknown,1,2025-11-07 23:59:14,Greed knows no bounds. Everything you want to do in the app leads to a mandatory premium purchase:(,greed knows no bounds. everything you want to do in the app leads to a mandatory premium purchase:(,0,18,99,0,0,0,0.9444444444444444,0,1,-0.5106,1,0,1,0.0,0,1,0,1.0,0.0
8bb340e7-b502-458f-86d6-2c1c25c37ed5,Spotify,Entertainment,Anjali Singh,Unknown,1,2025-11-08 00:00:51,I like the aap infact I love this app but uninstalling just because Dinesh lal nehrua bjp promotion ads too much yrrrrr,i like the aap infact i love this app but uninstalling just because dinesh lal nehrua bjp promotion ads too much yrrrrr,0,22,119,0,0,0,0.9545454545454546,1,1,0.5187,1,0,1,0.0,0,1,1,1.0,0.0
1a8c40c6-290c-4699-8c02-956ddd51fb86,Spotify,Entertainment,Tripple,Unknown,1,2025-11-08 00:09:35,"Spotify is terrible right now,like what the hell do you mean i only gwt 6 skips a hour,cant choose my songs and have tk wait tommorow to do that,at this point just make it a paid app.","spotify is terrible right now,like what the hell do you mean i only gwt 6 skips a hour,cant choose my songs and have tk wait tommorow to do that,at this point just make it a paid app.",0,37,183,0,0,0,0.9459459459459459,0,1,-0.8271,1,0,1,0.0,0,1,0,1.0,0.0
3acdfb52-2ef5-457d-ad9b-c03a1a176197,Spotify,Entertainment,Hazel Nunez,Unknown,2,2025-11-08 00:13:22,it's not letting me play music an it's not playing when I go off of it when the music is still playing it stops an yea it's really frustrating!,it's not letting me play music an it's not playing when i go off of it when the music is still playing it stops an yea it's really frustrating!,0,29,143,0,0,0,0.7241379310344828,0,0,-0.7107,1,0,1,0.0,0,1,0,2.0,0.0
9c34b3c6-ec42-407a-827d-28af9c442f83,Spotify,Entertainment,Discordzx,Unknown,1,2025-11-08 00:37:48,ad clutter and lack of free plan features,ad clutter and lack of free plan features,0,8,41,0,0,0,1.0,1,0,0.25,1,0,1,0.0,0,1,0,1.0,0.0
0e931acf-7fc0-45ed-9153-ed064ae7f194,Spotify,Entertainment,Maelin Srvn,Unknown,1,2025-11-08 01:02:09,"too much advertisment, There are more advertisment than songs I hear.","too much advertisment, there are more advertisment than songs i hear.",0,11,69,0,0,0,1.0,0,0,0.0,1,0,1,0.0,0,1,0,1.0,0.0
761930e9-707a-40aa-87d2-4fb97d5c57aa,Spotify,Entertainment,Hugs For Free,Unknown,3,2025-11-08 01:23:42,So many advertisements. I understand that there is a premium option but not every can have that luxury. for a free experience having five adds in a row after every song can make experiences very annoying.,so many advertisements. i understand that there is a premium option but not every can have that luxury. for a free experience having five adds in a row after every song can make experiences very annoying.,0,36,204,0,0,0,0.8611111111111112,1,0,0.1181,1,0,1,0.0,0,1,0,3.0,0.0
a07cd370-6666-417f-817e-e92275555b2e,Spotify,Entertainment,Bryanna Galley,Unknown,4,2025-11-08 01:29:54,Its amazing but it sucks u gotta pay for no ads but u have to almost everything nowadays,its amazing but it sucks u gotta pay for no ads but u have to almost everything nowadays,0,18,88,0,0,0,0.8888888888888888,0,0,-0.6428,1,0,1,0.0,0,1,1,4.0,0.0
bceaa1fa-4f22-4e1c-bf81-6c8a269722a3,Spotify,Entertainment,mohammed rafiq,Unknown,4,2025-11-08 01:48:14,I've subscribed to Spotify for the audiobooks but after subscription I'm looking at the audiobooks that are only a few books in English. I hope it will get added in the future.,i've subscribed to spotify for the audiobooks but after subscription i'm looking at the audiobooks that are only a few books in english. i hope it will get added in the future.,0,32,176,0,0,0,0.875,0,0,0.5927,1,0,1,0.0,0,1,0,4.0,0.0
47aad40b-379e-4d9b-ad92-2fc90fd05c5e,Spotify,Entertainment,zid,Unknown,1,2025-11-08 01:48:55,why would you update this app to be unusable after previously releasing your best update yet... i only use my tablet and i can't play anything :( greedy monster,why would you update this app to be unusable after previously releasing your best update yet... i only use my tablet and i can't play anything :( greedy monster,0,29,160,0,0,0,0.9310344827586207,0,1,0.5057,1,0,1,0.0,0,1,1,1.0,0.0
ab2aab3f-a104-42ea-8680-71dac97334a0,Spotify,Entertainment,Rishu Bagi,Unknown,1,2025-11-08 01:55:42,give long adds between interval of songs . that's why I switched.,give long adds between interval of songs . that's why i switched.,0,12,65,0,0,0,1.0,0,0,0.0,1,0,1,0.0,0,1,0,1.0,0.0
7a608a10-7c69-49c5-a2ac-557034bea41a,Spotify,Entertainment,Alejandro Hernández,Unknown,3,2025-11-08 01:57:02,"Con las últimas actualizaciones he estado presentando fallas, la música de repente deja de sonar o a veces se queda sin sonido, me dí cuenta que solo son en algunas canciones y es molesto.","con las últimas actualizaciones he estado presentando fallas, la música de repente deja de sonar o a veces se queda sin sonido, me dí cuenta que solo son en algunas canciones y es molesto.",0,34,188,0,0,0,0.9705882352941176,0,0,-0.5574,1,0,1,0.0,0,1,0,3.0,0.0
44cef14f-ca1e-4099-b008-b672c46b878c,Spotify,Entertainment,Karen,Unknown,2,2025-11-08 01:58:45,"THIS NEW UPDATE ACTUALLY JUST SUCKS, ITS SO BAD BRO, LIKE HOW ON EARTH DO I PLAY MY SONG I LOVE, SPOTIFY FIX THIS DUMB UPDATE, THE PREVIOUS UPDATE WAS BETTER THAT THIS INE PLSSS FIX IT 😭😭😭","this new update actually just sucks, its so bad bro, like how on earth do i play my song i love, spotify fix this dumb update, the previous update was better that this ine plsss fix it 😭😭😭",0,38,188,3,0,35,0.868421052631579,0,0,-0.8022,1,0,1,0.0,0,1,0,2.0,0.0
f7709383-2990-41f3-a184-f95f9ac3ab09,Spotify,Entertainment,BILL CHAPMAN,Unknown,5,2025-11-08 01:59:54,Cool found every song I was lookin4,cool found every song i was lookin4,0,7,35,0,0,0,1.0,0,0,0.3182,1,0,1,0.0,0,1,0,5.0,0.0
10250022-1687-4e7c-b649-ead791f2a21b,Spotify,Entertainment,김석민,Unknown,1,2025-11-08 02:01:26,too buch adds i think,too buch adds i think,0,5,21,0,0,0,1.0,0,0,0.0,1,0,1,0.0,0,1,0,1.0,0.0
3da56603-896a-49a3-a727-0c517af4836c,Spotify,Entertainment,ISHANT Asija,Unknown,1,2025-11-08 02:02:27,This app deleted my premium account and took my money. Never use this app.,this app deleted my premium account and took my money. never use this app.,0,14,74,0,0,0,0.8571428571428571,0,1,0.0,1,0,1,0.0,0,1,0,1.0,0.0
41c7ca0c-0094-4487-a825-bc835632b428,Spotify,Entertainment,Chris Strauss,Unknown,5,2025-11-08 02:03:56,Worth every penny to have music or podcasts whenever,worth every penny to have music or podcasts whenever,0,9,52,0,0,0,1.0,0,0,0.2263,1,0,1,0.0,0,1,0,5.0,0.0
a78fd16a-1811-4e9e-b648-fcbb7ed7596c,Spotify,Entertainment,Lewis Warrell,Unknown,5,2025-11-08 02:07:16,best music source apart from CDs that actually support artists,best music source apart from cds that actually support artists,0,10,62,0,0,0,1.0,0,0,0.7845,1,0,1,0.0,0,1,0,5.0,0.0
e50cb122-b690-43c8-be22-f3f55ed060d1,Spotify,Entertainment,Zylee A.,Unknown,4,2025-11-08 02:18:24,i would give this a five star but a bug happened i wanted to play my fav song then it plays another song if i press it again it still bugs can you pls fix this,i would give this a five star but a bug happened i wanted to play my fav song then it plays another song if i press it again it still bugs can you pls fix this,0,36,159,0,0,0,0.8055555555555556,0,1,0.8765,1,0,1,0.0,0,1,0,4.0,0.0
2b079dfe-0736-42f3-847a-6d12dc41b79f,Spotify,Entertainment,Naomi Bella Salim,Unknown,5,2025-11-08 02:19:48,"it's so cool, listen to music while singing in the bathroom","it's so cool, listen to music while singing in the bathroom",0,11,59,0,0,0,1.0,0,0,0.3804,1,0,1,0.0,0,1,0,5.0,0.0
16c94b5f-1c04-4449-b099-1f19393166c0,Spotify,Entertainment,Francesco Ramirez,Unknown,1,2025-11-08 02:22:24,"This app is super clunky and constantly crashing, or stuttering well playing. The only thing that does work is the ads, the last thing I want an app for.","this app is super clunky and constantly crashing, or stuttering well playing. the only thing that does work is the ads, the last thing i want an app for.",0,29,153,0,0,0,0.8275862068965517,0,1,0.7003,1,0,1,0.0,0,1,1,1.0,0.0
8b2cf4af-283d-47b0-8c62-e739c8d19401,Spotify,Entertainment,Ankur Garje,Unknown,1,2025-11-08 02:24:58,youtube music is the best.,youtube music is the best.,0,5,26,0,0,0,1.0,0,0,0.6369,1,0,1,0.0,0,1,1,1.0,0.0
25a1e1bd-6b31-4f82-8106-c17e56b8d4be,Spotify,Entertainment,Kyle Calsado,Unknown,1,2025-11-08 02:27:34,"Smart shuffle is so unnecessary and annoying, and you can't even turn it off if you aren't a premium user.","smart shuffle is so unnecessary and annoying, and you can't even turn it off if you aren't a premium user.",0,20,106,0,0,0,0.9,0,0,-0.0679,1,0,1,0.0,0,1,0,1.0,0.0
ef76bfc4-a80d-4745-933c-bc76bd700c17,Spotify,Entertainment,HARSH VISHWAKARMA,Unknown,1,2025-11-08 02:38:45,"the hell you mean , for free students like me. there is tons of ads pls daily limit","the hell you mean , for free students like me. there is tons of ads pls daily limit",0,18,83,0,0,0,1.0,1,0,0.128,1,0,1,0.0,0,1,0,1.0,0.0
cea6f154-b1a0-4e75-8ef4-7d2b154bcb8e,Spotify,Entertainment,inderpal singh,Unknown,5,2025-11-08 02:40:01,superb,superb,0,1,6,0,0,0,1.0,0,0,0.6249,1,0,1,0.0,0,3,0,5.0,0.0
a5de2a09-0299-4647-a63b-2deedfb03b84,Spotify,Entertainment,John Williams,Unknown,5,2025-11-08 02:48:44,Full extensive program to cover all tastes,full extensive program to cover all tastes,0,7,42,0,0,0,1.0,0,0,0.0,1,0,1,0.0,0,1,0,5.0,0.0
5dd1b308-9ae9-4022-90aa-6d1781e82dc5,Spotify,Entertainment,Danda Padma,Unknown,5,2025-11-08 02:57:12,good i think so because I am using it own,good i think so because i am using it own,0,10,41,0,0,0,0.9,0,0,0.4404,1,0,1,0.0,0,1,0,5.0,0.0
2fba932c-4bee-4b5a-905b-b14583f5cfe1,Spotify,Entertainment,Cheri Innis,Unknown,5,2025-11-08 02:57:42,love being able to make Playlist with my favorite songs I find,love being able to make playlist with my favorite songs i find,0,12,62,0,0,0,1.0,0,0,0.802,1,0,1,0.0,0,1,0,5.0,0.0
4ee0112e-a8bf-49ff-9c56-3ac5ac1dc601,Spotify,Entertainment,Hema Goyal,Unknown,4,2025-11-08 03:07:50,very nice 👍🙂,very nice 👍🙂,0,3,12,2,0,0,1.0,0,0,0.7003,1,0,1,0.0,0,1,0,4.0,0.0
2abb0309-cdeb-471f-95ee-062a964d3bd0,Spotify,Entertainment,David Kay,Unknown,5,2025-11-08 03:08:57,Loving the recent updates. keep it up,loving the recent updates. keep it up,0,7,37,0,0,0,1.0,0,0,0.5994,1,0,1,0.0,0,1,0,5.0,0.0
ebafa3d9-28c8-44d6-a7dc-7992d3de4fdb,Spotify,Entertainment,Jill,Unknown,5,2025-11-08 03:09:34,"wonderful being able to play anything i like, anywhere.","wonderful being able to play anything i like, anywhere.",0,9,55,0,0,0,1.0,0,0,0.8225,1,0,1,0.0,0,1,0,5.0,0.0
b0c5172b-0601-4196-bd6c-82dcd9b2141e,Spotify,Entertainment,Nirmal Mechaphile,Unknown,4,2025-11-08 03:14:22,"Why too much ads in last few months, It spoil the mood of listening the songs.","why too much ads in last few months, it spoil the mood of listening the songs.",0,16,78,0,0,0,0.9375,0,0,0.0,1,0,1,0.0,0,1,0,4.0,0.0
e78a3748-7719-4042-a59c-225bd020db7c,Spotify,Entertainment,Shwarma Feccouli,Unknown,3,2025-11-08 03:14:39,"Bug with playback when using equalizer. When proceeding to next track, equalizer becomes disabled and sound defaults to non-equalized sound, potentially damaging speakers or hearing","bug with playback when using equalizer. when proceeding to next track, equalizer becomes disabled and sound defaults to non-equalized sound, potentially damaging speakers or hearing",0,25,181,0,0,0,0.92,0,0,-0.5106,1,0,1,0.0,0,1,0,3.0,0.0
69c98b14-1969-4e9d-93cc-4e2dc2b836e2,Spotify,Entertainment,CHANDAN KUMAR GIRI,Unknown,1,2025-11-08 03:16:56,Such a bad app.,such a bad app.,0,4,15,0,0,0,1.0,0,1,-0.5423,1,0,1,0.0,0,1,0,1.0,0.0
d2ad5331-e34d-49ca-b9f3-a7876352a863,Spotify,Entertainment,Elizabeth Belló,Unknown,4,2025-11-08 03:17:45,I am learning this app and also it's professional artist sister app. It's mostly intuitive. I need to spend much more time to become fluent in it!,i am learning this app and also it's professional artist sister app. it's mostly intuitive. i need to spend much more time to become fluent in it!,0,27,146,0,0,0,0.8888888888888888,0,1,0.0,1,0,1,0.0,0,1,0,4.0,0.0
552fcc5e-3ad7-4987-8440-3879ecf9423b,Spotify,Entertainment,LYDIA Gempesaw,Unknown,5,2025-11-08 03:19:32,It's a Recommended Music-App I know but it's just haves Adds Like really embarrassing and Annoying but it's okay I Like it really really much,it's a recommended music-app i know but it's just haves adds like really embarrassing and annoying but it's okay i like it really really much,0,25,141,0,0,0,0.72,0,1,0.1192,1,0,1,0.0,0,1,0,5.0,0.0
a0cc0659-7a98-4215-8fc8-bd27196f464d,Spotify,Entertainment,Peli arachchige Sunera suwahas,Unknown,5,2025-11-08 03:29:15,spotify is verry nice and clear app.I listen song in spotify.I can best experience in spotify.I like this app,spotify is verry nice and clear app.i listen song in spotify.i can best experience in spotify.i like this app,0,19,109,0,0,0,0.8947368421052632,0,1,0.9022,1,0,1,0.0,0,1,0,5.0,0.0
13fffa76-4957-4406-b338-1a64c6332c11,Spotify,Entertainment,Ina,Unknown,5,2025-11-08 03:35:44,veri nice app 👍👍,veri nice app 👍👍,0,4,16,2,0,0,1.0,0,1,0.4215,1,0,1,0.0,0,1,0,5.0,0.0
8a1cf2ab-aa5b-4743-97dd-ad6b9760de6e,Spotify,Entertainment,Hunter White,Unknown,1,2025-11-08 03:36:53,won't let me back in,won't let me back in,0,5,20,0,0,0,1.0,0,0,0.0,1,0,1,0.0,0,1,0,1.0,0.0
68cd5592-1365-4900-8ccc-ebe1de36ad07,Spotify,Entertainment,Kat Rose,Unknown,4,2025-11-08 03:38:45,Good but requiring premium for being able to choose the song or go back is annoying and only seems to be for mobile,good but requiring premium for being able to choose the song or go back is annoying and only seems to be for mobile,1,23,115,0,0,0,0.9130434782608695,0,0,-0.3818,1,0,1,0.0,0,1,0,4.0,0.0
1b2bc3b0-30ae-4e74-b1e9-2bceb5e886c9,Spotify,Entertainment,Sai,Unknown,5,2025-11-08 03:41:03,super ra,super ra,0,2,8,0,0,0,1.0,0,0,0.5994,1,0,1,0.0,0,1,0,5.0,0.0
6c917286-fac5-42c0-8f8e-208ac13535c0,Spotify,Entertainment,Madan Mohan Chandrashekar,Unknown,5,2025-11-08 03:45:45,Good collection,good collection,0,2,15,0,0,0,1.0,0,0,0.4404,1,0,1,0.0,0,1,0,5.0,0.0
6b7c5d1b-c12b-4d18-bf17-0db09c0e42db,Spotify,Entertainment,Melo,Unknown,2,2025-11-08 03:48:42,I absolutely hate ads u should take that away before I put 1/10,i absolutely hate ads u should take that away before i put 1/10,1,13,63,0,0,0,0.9230769230769231,0,0,-0.6115,1,0,1,0.0,0,1,0,2.0,0.0
cd51ad85-e7a8-408d-a836-3d807f122263,Spotify,Entertainment,Jaron Viertel,Unknown,1,2025-11-08 03:55:36,Spotify recommendations for playlists are not working right now. I will give Spotify five stars when this is fixed,spotify recommendations for playlists are not working right now. i will give spotify five stars when this is fixed,1,19,114,0,0,0,0.9473684210526315,0,0,0.0,1,0,1,0.0,0,1,0,1.0,0.0
2afd162d-e140-4f84-bd85-fb275e7a62e5,Spotify,Entertainment,R G,Unknown,1,2025-11-08 03:56:39,worst music streaming app ever....,worst music streaming app ever....,1,5,34,0,0,0,1.0,0,1,-0.6249,1,0,1,0.0,0,1,0,1.0,0.0
968bd333-dbc2-4602-a9fa-f1eabab2311f,Spotify,Entertainment,Ewan Castillo,Unknown,4,2025-11-08 03:57:03,"Spotify is a normal a bit limited music app and not as free user frendly, it gets good on premium, but you could do the same thing on other apps","spotify is a normal a bit limited music app and not as free user frendly, it gets good on premium, but you could do the same thing on other apps",0,30,144,0,0,0,0.9333333333333333,1,1,-0.0903,1,0,1,0.0,0,1,0,4.0,0.0
c2abe019-0bda-4a31-ac4e-533d3e58af44,Spotify,Entertainment,Robert Till,Unknown,5,2025-11-08 03:57:12,"Great music, great quality and straight to my Bose sound bar","great music, great quality and straight to my bose sound bar",0,11,60,0,0,0,0.9090909090909091,0,0,0.8779,1,0,1,0.0,0,1,0,5.0,0.0
26acf818-671a-4771-9867-374f581da555,Spotify,Entertainment,Abhishek Vicky,Unknown,1,2025-11-08 03:59:02,not a good application.. I can't able to login my previous account. I have the email everything but they not allowing.,not a good application.. i can't able to login my previous account. i have the email everything but they not allowing.,1,21,118,0,0,0,0.9047619047619048,0,1,-0.1786,1,0,1,0.0,0,1,0,1.0,0.0
ce3a1b2a-70ae-487e-bed7-bad9059f3d03,Spotify,Entertainment,Adam Powell,Unknown,1,2025-11-08 04:01:54,running ice ads is absolutely disgusting and you won't be getting a single cent from me again,running ice ads is absolutely disgusting and you won't be getting a single cent from me again,4,17,93,0,0,0,1.0,0,0,-0.5709,1,0,1,0.0,0,1,0,1.0,0.0
e0b16ff4-c7e4-454c-a7bc-f0e7e32f20af,Spotify,Entertainment,Ellemaie Mclean,Unknown,2,2025-11-08 04:01:55,been SOO laggy lately for me and turning off ALOT,been soo laggy lately for me and turning off alot,1,10,49,0,0,2,1.0,0,0,0.0,1,0,1,0.0,0,1,0,2.0,0.0
53aeb713-d222-4d53-bb0c-4ded47e8bce8,Spotify,Entertainment,Dowel Nongrum,Unknown,5,2025-11-08 04:02:21,we get good music,we get good music,0,4,17,0,0,0,1.0,0,0,0.4404,1,0,1,0.0,0,1,0,5.0,0.0
c209a0a4-1787-4262-be58-a2770f118553,Spotify,Entertainment,chafarafa,Unknown,5,2025-11-08 04:02:34,the best song app really easy to use,the best song app really easy to use,0,8,36,0,0,0,1.0,0,1,0.8122,1,0,1,0.0,0,1,0,5.0,0.0
ae3448f2-01e1-46ea-9437-06a45c41de0e,Spotify,Entertainment,Jeremy Wahl,Unknown,1,2025-11-08 04:05:30,terrible new update to where I can't change to a song on my playlist after even going to another playlist. this app sucks cheecks,terrible new update to where i can't change to a song on my playlist after even going to another playlist. this app sucks cheecks,0,24,129,0,0,0,0.9166666666666666,0,1,-0.6808,1,0,1,0.0,0,1,0,1.0,0.0
8f094daa-728c-498f-a8d9-537f4f79bc14,Spotify,Entertainment,Piyush Rawat,Unknown,4,2025-11-08 04:15:05,Useful app.,useful app.,0,2,11,0,0,0,1.0,0,1,0.4404,1,0,1,0.0,0,1,0,4.0,0.0
33061c4a-e21a-42fe-a62e-6f15a6d0f47a,Spotify,Entertainment,Priya Chilana,Unknown,5,2025-11-08 04:20:06,vry nyc app,vry nyc app,0,3,11,0,0,0,1.0,0,1,0.0,1,0,1,0.0,0,1,0,5.0,0.0
140ebcbf-85c5-41a6-afce-b6933e2fde1d,Spotify,Entertainment,AMTcarsor jjjuser24,Unknown,5,2025-11-08 04:22:30,อยากลอง app นี้ครั้งแรกก็ไม่ผิดหวังเลย ครับ เพลงโปรดผมกองกันอยู่ที่ app นี้เลยโคตรชอบแถมยังฟังตอนปิดเครื่องได้ด้วยโคตรชอบๆๆ ให้ 5 ดาวเลย!!!,อยากลอง app นี้ครั้งแรกก็ไม่ผิดหวังเลย ครับ เพลงโปรดผมกองกันอยู่ที่ app นี้เลยโคตรชอบแถมยังฟังตอนปิดเครื่องได้ด้วยโคตรชอบๆๆ ให้ 5 ดาวเลย!!!,0,10,139,0,0,0,0.9,0,1,0.0,1,0,1,0.0,0,1,0,5.0,0.0
acc048fc-1326-4bc0-8878-459373335332,Spotify,Entertainment,Rita Ikhuoria,Unknown,5,2025-11-08 04:24:48,It's amazing and sometimes it can find songs that are very nostalgic that you missed or you're just looking for it.I definitely recommend.,it's amazing and sometimes it can find songs that are very nostalgic that you missed or you're just looking for it.i definitely recommend.,0,23,138,0,0,0,0.9565217391304348,0,0,0.7783,1,0,1,0.0,0,1,0,5.0,0.0
492d1ef2-74d3-457d-9521-805e03617389,Spotify,Entertainment,Harmony Lavallee,Unknown,5,2025-11-08 04:29:04,I love it it is the best thing ever,i love it it is the best thing ever,0,9,35,0,0,0,0.8888888888888888,0,0,0.8555,1,0,1,0.0,0,1,0,5.0,0.0
8581e3fb-c61a-4dd6-9c98-5152b0027315,Spotify,Entertainment,Mohit Singh,Unknown,3,2025-11-08 04:29:45,"Gane kam ads jyada, Spotify ka yahi hai vada. ads nhi kr paoge skip, kharab ho jayegi trip.","gane kam ads jyada, spotify ka yahi hai vada. ads nhi kr paoge skip, kharab ho jayegi trip.",0,18,91,0,0,0,0.9444444444444444,0,1,0.0,1,0,1,0.0,0,1,0,3.0,0.0
6af58024-bf8d-4095-b8f3-0b7c3e4716c7,Spotify,Entertainment,Ashokan C,Unknown,5,2025-11-08 04:30:28,Wonderful ui/ux in Spotify and excellent collection of songs.,wonderful ui/ux in spotify and excellent collection of songs.,0,9,61,0,0,0,1.0,0,0,0.8126,1,0,1,0.0,0,1,0,5.0,0.0
fa862b81-606a-4297-92f0-9c2956a30230,Spotify,Entertainment,Ritu,Unknown,5,2025-11-08 04:31:11,very nice,very nice,0,2,9,0,0,0,1.0,0,0,0.4754,1,0,1,0.0,0,1,0,5.0,0.0
9c3b8ad6-2caa-426d-ae26-337fa5bd4bb1,Spotify,Entertainment,Sudhir Kumar,Unknown,4,2025-11-08 04:32:00,good 👍 app,good 👍 app,0,3,10,1,0,0,1.0,0,1,0.4404,1,0,1,0.0,0,1,0,4.0,0.0
e189d1e1-ce0b-4fdf-91bd-475d6af98ff3,Spotify,Entertainment,Zach Huntzinger,Unknown,5,2025-11-08 04:32:28,love it for working on the go,love it for working on the go,0,7,29,0,0,0,1.0,0,0,0.6369,1,0,1,0.0,0,1,0,5.0,0.0
23eadc35-2c28-45e4-92b0-074d6f02a409,Spotify,Entertainment,J,Unknown,1,2025-11-08 04:35:41,"spotify kids is a joke. there is no such thing as controlled content. how does my young kid get access to "" how to get a woman in bed""?","spotify kids is a joke. there is no such thing as controlled content. how does my young kid get access to "" how to get a woman in bed""?",37,29,135,0,0,0,0.8275862068965517,0,0,0.0,1,0,3,245295.0,0,1,0,1.3333333333333333,0.5773502691896257
15351ea8-0e6e-44e3-9388-ac6341840225,Spotify,Entertainment,Tecno Plaza,Unknown,4,2025-11-08 04:38:49,beautiful,beautiful,0,1,9,0,0,0,1.0,0,0,0.5994,1,0,1,0.0,0,1,0,4.0,0.0
cd6c7c3b-122c-44be-aebb-771d15e3c5a8,Spotify,Entertainment,Roszaide Hashim,Unknown,5,2025-11-08 04:42:16,the quality of sound from sporify is the best.,the quality of sound from sporify is the best.,0,9,46,0,0,0,0.8888888888888888,0,0,0.6369,1,0,1,0.0,0,1,0,5.0,0.0
6947622c-6b79-4508-b673-686a83df5c9f,Spotify,Entertainment,Kamogelo Sepuru,Unknown,5,2025-11-08 04:42:31,just great 👍 😄,just great 👍 😄,0,4,14,2,0,0,1.0,0,0,0.8625,1,0,1,0.0,0,1,0,5.0,0.0
fbfc32d8-5b90-44e4-99ef-25077a6f97ba,Spotify,Entertainment,Awande Masinga,Unknown,5,2025-11-08 04:46:17,Ther3 is nothing else I can say.,ther3 is nothing else i can say.,0,7,32,0,0,0,1.0,0,0,0.0,1,0,1,0.0,0,1,0,5.0,0.0
e4c639ae-5b14-4765-99fd-40a21aafd5b2,Spotify,Entertainment,Yanna Aragon,Unknown,5,2025-11-08 04:48:02,Love it so much,love it so much,0,4,15,0,0,0,1.0,0,0,0.6369,1,0,1,0.0,0,1,0,5.0,0.0
aade0c55-60be-4de5-9347-15a88357e601,Spotify,Entertainment,Siva Goud,Unknown,4,2025-11-08 04:49:13,super app,super app,0,2,9,0,0,0,1.0,0,1,0.5994,1,0,1,0.0,0,1,0,4.0,0.0
bfe66299-1d33-4fbe-9393-1d8facc72d8c,Spotify,Entertainment,Ryoma Toyokawa,Unknown,3,2025-11-08 04:50:57,プレミアム料金払っているのに、ポッドキャストなどで広告が流れる。,プレミアム料金払っているのに、ポッドキャストなどで広告が流れる。,0,1,32,0,0,0,1.0,0,0,0.0,1,0,1,0.0,0,1,0,3.0,0.0
268b17bb-350f-47f1-9b8e-8bb3ebe64be6,Spotify,Entertainment,Monica Wanjiku,Unknown,5,2025-11-08 04:53:10,the best thing I ever downloaded,the best thing i ever downloaded,0,6,32,0,0,0,1.0,1,0,0.6369,1,0,1,0.0,0,1,0,5.0,0.0
da9da2d9-aa07-4f95-9cc3-aa423422ceaf,Spotify,Entertainment,wan hadiya ainn aisyah,Unknown,5,2025-11-08 04:54:23,I love this,i love this,0,3,11,0,0,0,1.0,0,0,0.6369,1,0,1,0.0,0,1,0,5.0,0.0
7971f21b-7f37-42cb-bbe1-32c68a2ae0e5,Spotify,Entertainment,Mehul Jain,Unknown,1,2025-11-08 04:56:28,"wth,this app has now crossed the limits for premium features we even can't play songs by searching very disappointed really got aggressive on thiss, worst thing ever!!","wth,this app has now crossed the limits for premium features we even can't play songs by searching very disappointed really got aggressive on thiss, worst thing ever!!",0,27,167,0,0,0,1.0,0,1,-0.8999,1,0,1,0.0,0,1,0,1.0,0.0
29e290ee-c7de-4d12-a6d4-e23e19db9ddb,Spotify,Entertainment,Sukeshkumar Senthilkumar,Unknown,5,2025-11-08 04:59:24,fantastic music,fantastic music,0,2,15,0,0,0,1.0,0,0,0.5574,1,0,1,0.0,0,1,0,5.0,0.0
3ae38b76-4cd2-4794-8297-ec236b2048c2,Spotify,Entertainment,Shama Sharotri,Unknown,1,2025-11-08 05:00:19,its worst app now,its worst app now,0,4,17,0,0,0,1.0,0,1,-0.6249,1,0,1,0.0,0,1,0,1.0,0.0
2029b64b-781a-4b15-8189-8d1de5543142,Spotify,Entertainment,hemakshi bharatbhai,Unknown,5,2025-11-08 05:02:20,excellent app in India good songs,excellent app in india good songs,0,6,33,0,0,0,1.0,0,1,0.765,1,0,1,0.0,0,1,0,5.0,0.0
ec7c9c36-9680-4a44-be57-edef15647d2b,Spotify,Entertainment,Skullwing,Unknown,3,2025-11-08 05:08:46,"Recently, my queue has been repeating the same songs over and over again, which is barely covering a portion of the playlist I am trying to listen to","recently, my queue has been repeating the same songs over and over again, which is barely covering a portion of the playlist i am trying to listen to",2,28,149,0,0,0,0.8928571428571429,0,0,0.0,1,0,1,0.0,0,1,0,3.0,0.0
f833f88e-e9cf-4f6e-844f-27ef334ff37e,Spotify,Entertainment,Henry Kamutumwa,Unknown,5,2025-11-08 05:10:38,it the best 😄,it the best 😄,0,4,13,1,0,0,1.0,0,0,0.8658,1,0,1,0.0,0,1,0,5.0,0.0
a86211de-c177-401a-aafa-f88cc2161003,Spotify,Entertainment,Kiara Vegas Fernando,Unknown,3,2025-11-08 05:11:38,it's nice but there's always adds,it's nice but there's always adds,0,6,33,0,0,0,1.0,0,0,0.2263,1,0,1,0.0,0,1,0,3.0,0.0
acc3086c-eafe-497e-ad40-856d25e8ca71,Spotify,Entertainment,balaji shanmugam,Unknown,5,2025-11-08 05:12:45,Super 👍,super 👍,0,2,7,1,0,0,1.0,0,0,0.5994,1,0,1,0.0,0,1,0,5.0,0.0
74a56216-0f09-47f2-8129-bc05f64fa3ee,Spotify,Entertainment,Heri Yaya,Unknown,5,2025-11-08 05:15:35,very nice kept it up,very nice kept it up,0,5,20,0,0,0,1.0,0,0,0.4754,1,0,1,0.0,0,1,0,5.0,0.0
726ee1cd-ef38-408d-980a-e8e7b595a379,Spotify,Entertainment,Sangam Magar,Unknown,5,2025-11-08 05:16:49,it's good 😊,it's good 😊,0,3,11,1,0,0,1.0,0,0,0.836,1,0,1,0.0,0,2,0,5.0,0.0
9707efc2-1300-463a-b0da-5d8019c9be08,Spotify,Entertainment,Joshua Smith,Unknown,5,2025-11-08 05:21:15,reviews music,reviews music,0,2,13,0,0,0,1.0,0,0,0.0,1,0,1,0.0,0,1,0,5.0,0.0
12168026-0c79-4653-8769-f92c2595d1ba,Spotify,Entertainment,Wena Omang,Unknown,4,2025-11-08 05:21:59,It's a good App. I can get almost all the music I like.,it's a good app. i can get almost all the music i like.,0,13,55,0,0,0,0.9230769230769231,0,1,0.6597,1,0,1,0.0,0,1,0,4.0,0.0
2244a948-9ae4-4670-a521-c144cdf8eca5,Spotify,Entertainment,Grace modupe,Unknown,5,2025-11-08 05:25:55,Good 100%,good 100%,0,2,9,0,0,0,1.0,0,0,0.4404,1,0,1,0.0,0,1,0,5.0,0.0
5c2b9d6b-8bbf-4685-98d5-8a527c1a7900,Spotify,Entertainment,Ryan,Unknown,2,2025-11-08 05:27:16,when I go to turn it off and then all of a sudden it turns back on even when put it to sleep,when i go to turn it off and then all of a sudden it turns back on even when put it to sleep,0,23,92,0,0,0,0.8260869565217391,0,0,0.0,1,0,1,0.0,0,1,0,2.0,0.0
d05d055e-9961-4582-a3d2-05c1fd451900,Spotify,Entertainment,Niafatima,Unknown,5,2025-11-08 05:29:44,waah my brain filled with muSic 🎶,waah my brain filled with music 🎶,0,7,33,1,0,0,1.0,0,0,0.0,1,0,1,0.0,0,1,0,5.0,0.0
92f42d7f-e276-450e-8a7a-843cba49adc6,Spotify,Entertainment,Rex Gonsalves,Unknown,5,2025-11-08 05:30:47,I love to Rock on new phonks from(2025-2050),i love to rock on new phonks from(2025-2050),0,8,44,0,0,0,1.0,0,0,0.6369,1,0,1,0.0,0,1,0,5.0,0.0
9ffd912c-c1fc-4823-a65d-1921de7641fa,Spotify,Entertainment,Ph Nathan Singh,Unknown,5,2025-11-08 05:31:05,great Music Search engine app of this generation,great music search engine app of this generation,0,8,48,0,0,0,1.0,0,1,0.6249,1,0,1,0.0,0,1,0,5.0,0.0
39fa2305-0e65-4418-997e-accc2da753c5,Spotify,Entertainment,HANSRAJ BHOI,Unknown,5,2025-11-08 05:32:00,best song ever app,best song ever app,0,4,18,0,0,0,1.0,0,1,0.6369,1,0,1,0.0,0,1,0,5.0,0.0
1a3d255c-d123-4c14-8bd6-b682897cb7a3,Spotify,Entertainment,Dhushyanth Dhushyanth,Unknown,5,2025-11-08 05:36:17,very usefull the listing song,very usefull the listing song,0,5,29,0,0,0,1.0,0,0,0.0,1,0,1,0.0,0,1,0,5.0,0.0
cf265842-4e68-4fb4-9e64-0a0da9912c0e,Spotify,Entertainment,Gaven Darlow,Unknown,3,2025-11-08 05:38:33,Stops songs conatantly for no reason,stops songs conatantly for no reason,0,6,36,0,0,0,1.0,0,0,-0.4215,1,0,1,0.0,0,1,0,3.0,0.0
b758db4e-25b6-4c44-9c1d-9e28a066a2d0,Spotify,Entertainment,MR ARAVIND,Unknown,1,2025-11-08 05:41:01,Don't download it bacause every song they gives add about premium subscription add even song change they want subscription,don't download it bacause every song they gives add about premium subscription add even song change they want subscription,0,19,122,0,0,0,0.7894736842105263,1,0,0.0772,1,0,1,0.0,0,1,0,1.0,0.0
ed5063ae-2345-4baa-bdc6-64583bd496de,Spotify,Entertainment,Subhadwip Barman,Unknown,1,2025-11-08 05:43:00,This is trash,this is trash,1,3,13,0,0,0,1.0,0,0,0.0,1,0,1,0.0,0,1,0,1.0,0.0
2e77fbfa-71c3-4d1f-990c-74c1576c7a04,Spotify,Entertainment,Andrew Thao,Unknown,1,2025-11-08 05:44:45,I had to listen to 7 ads in a row just to listen to my songs,i had to listen to 7 ads in a row just to listen to my songs,1,16,60,0,0,0,0.75,0,0,0.0,1,0,1,0.0,0,1,0,1.0,0.0
54d9139e-1ad1-47e2-9805-58317cb1c543,Spotify,Entertainment,Ywun,Unknown,5,2025-11-08 05:46:57,it's the best app for music,it's the best app for music,0,6,27,0,0,0,1.0,0,1,0.6369,1,0,1,0.0,0,1,0,5.0,0.0
34743a61-d31e-4c3d-a6cc-6146f661d515,Spotify,Entertainment,Pegleg Smitty,Unknown,1,2025-11-08 05:46:59,"For as big as Spotify is, one would expect that they could make a more accessible UI.... But apparently they'd rather focus on AI generated ""music.","for as big as spotify is, one would expect that they could make a more accessible ui.... but apparently they'd rather focus on ai generated ""music.",1,26,147,0,0,2,0.9615384615384616,0,1,0.0,1,0,1,0.0,0,1,0,1.0,0.0
0339af58-ad44-4718-b920-c639bbaa302a,Spotify,Entertainment,Ram Bhamare,Unknown,5,2025-11-08 05:48:48,op op ✅✅👍🏻👍🏻🌹,op op ✅✅👍🏻👍🏻🌹,0,3,13,5,0,0,0.6666666666666666,0,0,0.0,1,0,1,0.0,0,1,0,5.0,0.0
50698f99-d746-4076-9002-597498c2693e,Spotify,Entertainment,Varun Gupta,Unknown,1,2025-11-08 05:50:00,"The app has got worse day by day. It is too slow these days. Going to prev or next track, clicking on save button to add to Playlist, it takes couple of seconds to do action. its really annoying.","the app has got worse day by day. it is too slow these days. going to prev or next track, clicking on save button to add to playlist, it takes couple of seconds to do action. its really annoying.",16,39,195,0,0,0,0.8974358974358975,0,1,-0.4391,1,0,1,0.0,0,1,0,1.0,0.0
2021f83f-83e4-477f-a418-62a585cdb8ea,Spotify,Entertainment,VIJAYALAKSHMI J RAO,Unknown,5,2025-11-08 05:50:19,So nice as I am a singer it helps me a lot 💕,so nice as i am a singer it helps me a lot 💕,0,13,44,1,0,0,0.9230769230769231,0,0,0.8748,1,0,1,0.0,0,1,0,5.0,0.0
7be680a3-c808-4f03-92f7-6326a9e81932,Spotify,Entertainment,Thabiso Ndwandwe,Unknown,5,2025-11-08 05:54:39,I love Spotify so much,i love spotify so much,0,5,22,0,0,0,1.0,0,0,0.6369,1,0,1,0.0,0,1,0,5.0,0.0
326cc108-03a3-4611-80ac-3029d7c55b1e,Spotify,Entertainment,Jah Noes,Unknown,5,2025-11-08 06:00:02,"Indescribably benefit all aspects of my life with JC I bet someone witb the natural ability to do so, could, possibly, use this app to learn to play the piano with only high-quality sound alone.","indescribably benefit all aspects of my life with jc i bet someone witb the natural ability to do so, could, possibly, use this app to learn to play the piano with only high-quality sound alone.",0,35,194,0,0,1,0.8857142857142857,0,1,0.802,1,0,1,0.0,0,1,0,5.0,0.0
1eacefbf-570d-4887-9cbc-950fe58c7cf9,Spotify,Entertainment,William Burrows,Unknown,5,2025-11-08 06:05:35,"I.listen to stuff, I like being able to add the queue","i.listen to stuff, i like being able to add the queue",0,11,53,0,0,0,0.9090909090909091,0,0,0.3612,1,0,1,0.0,0,1,0,5.0,0.0
c5600d93-2779-455a-bfed-feae373722f5,Spotify,Entertainment,Nishant Kumar,Unknown,2,2025-11-08 06:12:07,after every music I have an ad. fix it then I will give 5 stars,after every music i have an ad. fix it then i will give 5 stars,0,15,63,0,0,0,0.9333333333333333,0,0,0.0,1,0,1,0.0,0,1,0,2.0,0.0
a7c5b3e7-6965-4665-94cc-ab53d77c746e,Spotify,Entertainment,Hiyam Ahammed,Unknown,1,2025-11-08 06:30:41,At this point we can't even listen to songs cuz they are forcing us to buy premium.,at this point we can't even listen to songs cuz they are forcing us to buy premium.,0,17,83,0,0,0,0.9411764705882353,0,0,0.0,1,0,1,0.0,0,1,0,1.0,0.0
24c6bc04-38ac-4b69-ba61-9cd6473b5e4e,Spotify,Entertainment,Dibyajyoti Lenka,Unknown,1,2025-11-08 06:31:54,Now you can't even tap on a song and listen it. wow. Now Spotify will play songs according to it and you have no option but listen to it,now you can't even tap on a song and listen it. wow. now spotify will play songs according to it and you have no option but listen to it,0,29,136,0,0,0,0.7931034482758621,0,0,0.3612,1,0,1,0.0,0,1,0,1.0,0.0
8cca5275-a5a2-43ae-b719-04fbb1eb2421,Spotify,Entertainment,Christopher Lastrella,Unknown,3,2025-11-08 06:49:52,your whats new feature us always telling me that i have no internet connection.,your whats new feature us always telling me that i have no internet connection.,0,14,79,0,0,0,1.0,0,0,-0.296,1,0,1,0.0,0,1,0,3.0,0.0
6a2552e5-8da5-4465-a432-1f1f43c0d730,Spotify,Entertainment,Shivam Ogre,Unknown,1,2025-11-08 06:50:18,everything is known as premium to choose a song take explore premium what the hell is this know I delete the Spotify,everything is known as premium to choose a song take explore premium what the hell is this know i delete the spotify,0,22,116,0,0,0,0.8636363636363636,0,0,-0.6808,1,0,1,0.0,0,1,0,1.0,0.0
d2b85a00-7ca3-4f86-a8c7-762044abc39e,Spotify,Entertainment,Gary Ratcliffe,Unknown,1,2025-11-08 06:51:27,When I try to play a song and then go to view the album the app crashes. Clearing the cache doesn't do anything.,when i try to play a song and then go to view the album the app crashes. clearing the cache doesn't do anything.,0,23,112,0,0,0,0.8695652173913043,0,1,0.34,1,0,1,0.0,0,1,0,1.0,0.0
716bfbdc-52d0-4e29-864f-567b02dbbd06,Spotify,Entertainment,Tonny Ceo,Unknown,4,2025-11-08 06:54:46,Best online streaming music app ever ❤️ 💜 💕 Love it 😀 ❤️,best online streaming music app ever ❤️ 💜 💕 love it 😀 ❤️,0,13,56,3,0,0,0.9230769230769231,0,1,0.9657,1,0,1,0.0,0,1,0,4.0,0.0
3cd5d4b0-6504-4fba-a0a1-e690977300db,Spotify,Entertainment,Gousiya Shaikh,Unknown,1,2025-11-08 07:05:33,Spotify is begging for premium from people nowadays lol soon people will stop using this app coz of adds and restriction on skipping music etc.,spotify is begging for premium from people nowadays lol soon people will stop using this app coz of adds and restriction on skipping music etc.,0,25,143,0,0,0,0.96,0,1,-0.128,1,0,1,0.0,0,1,0,1.0,0.0
567fe2d0-b9ab-4f6c-84e9-fb1ad7dbe23a,Spotify,Entertainment,Dim Ann,Unknown,1,2025-11-08 07:13:22,"this app is getting on my nerves, it pisses me off, yesterday I was about to play music but I cannot play my own playlist that I personally made by myself, please fix this.","this app is getting on my nerves, it pisses me off, yesterday i was about to play music but i cannot play my own playlist that i personally made by myself, please fix this.",0,34,172,0,0,0,0.8823529411764706,0,1,0.0505,1,0,1,0.0,0,1,0,1.0,0.0
7d0bf432-640d-4e57-83ef-ddfc588d1ec9,Spotify,Entertainment,Lerato Modise,Unknown,4,2025-11-08 07:20:34,Spotify is cool but I wish they could just do an offline streaming service.,spotify is cool but i wish they could just do an offline streaming service.,0,14,75,0,0,0,1.0,0,0,0.5346,1,0,1,0.0,0,1,0,4.0,0.0
76f7fdca-ed8d-42b1-ae49-356477ace02e,Spotify,Entertainment,Aydin Michael,Unknown,1,2025-11-08 07:23:17,"first of all when you make a playlist and the song is over, it goes to a completely different song and doesn't even follow the playlist. plus there is no loop button","first of all when you make a playlist and the song is over, it goes to a completely different song and doesn't even follow the playlist. plus there is no loop button",0,32,165,0,0,0,0.84375,0,0,-0.296,1,0,1,0.0,0,1,0,1.0,0.0
ebc8b154-76f3-45bc-8c38-52daa9c173c9,Spotify,Entertainment,Masonwabe Lubisi,Unknown,4,2025-11-08 07:26:04,great app so far,great app so far,0,4,16,0,0,0,1.0,0,1,0.6249,1,0,1,0.0,0,1,0,4.0,0.0
0ce6aa73-977c-4c5d-9ac6-bbdaa8d7c9a2,Spotify,Entertainment,MU Game hub,Unknown,1,2025-11-08 07:27:27,This app is not changing my music without premium subscription this is not fair and why we can't change our songs regularly this is a bad thing and it increase the number of ads with time.,this app is not changing my music without premium subscription this is not fair and why we can't change our songs regularly this is a bad thing and it increase the number of ads with time.,0,36,188,0,0,0,0.8333333333333334,0,1,-0.4333,1,0,1,0.0,0,1,0,1.0,0.0
96b740eb-87ed-4e3d-b760-d6846f6d34f4,Spotify,Entertainment,Wadzanai Kaba,Unknown,1,2025-11-08 07:33:58,removing the update to play any song was dead wtong💀💀 greedy app fr🙄🙄,removing the update to play any song was dead wtong💀💀 greedy app fr🙄🙄,0,13,69,4,0,0,1.0,0,1,-0.6369,1,0,1,0.0,0,1,0,1.0,0.0
b283f7ef-e246-4ad6-a314-506a6c8b0002,Spotify,Entertainment,Hargrim,Unknown,4,2025-11-08 07:40:36,👎👎👎👎👎👎👎👎👎👎,👎👎👎👎👎👎👎👎👎👎,0,1,10,10,0,0,1.0,0,0,0.0,1,0,1,0.0,0,1,0,4.0,0.0
25d7fbc6-3dc5-4fc2-be70-e4913afcc698,Spotify,Entertainment,meet.aaradhya Sharma,Unknown,4,2025-11-08 07:51:12,so many ads,so many ads,0,3,11,0,0,0,1.0,0,0,0.0,1,0,1,0.0,0,2,0,4.0,0.0
72734d3b-7610-4c4f-8a33-256cf741f992,Spotify,Entertainment,Richa Bansal,Unknown,4,2025-11-08 08:01:45,good app 👍,good app 👍,0,3,10,1,0,0,1.0,0,1,0.4404,1,0,1,0.0,0,1,0,4.0,0.0
ece4f8e3-2060-4d17-845d-3b503a5267e8,Spotify,Entertainment,Jaycob Casal,Unknown,1,2025-11-08 08:10:09,even the skip has a limit that's suck,even the skip has a limit that's suck,0,8,37,0,0,0,1.0,0,0,-0.4404,1,0,1,0.0,0,1,0,1.0,0.0
18297f98-e6c3-41a4-8564-f1d6a96b17e7,Spotify,Entertainment,Chidera Peter,Unknown,4,2025-11-08 08:14:49,very nice app ....it could be better if you add the listen to recognize music feature,very nice app ....it could be better if you add the listen to recognize music feature,0,16,85,0,0,0,1.0,0,1,0.7178,1,0,1,0.0,0,1,0,4.0,0.0
b86d5dd8-c6bf-4e44-8d85-c67c6b39cc1f,Spotify,Entertainment,Sarah Moshe,Unknown,5,2025-11-08 08:15:20,easy and perfect to use,easy and perfect to use,0,5,23,0,0,0,1.0,0,0,0.765,1,0,1,0.0,0,1,0,5.0,0.0
5d33bbf0-96a1-4f2b-99f3-7537e910a2ec,Spotify,Entertainment,Christopher Summerton,Unknown,5,2025-11-08 08:17:43,it is a really good app and I love the music,it is a really good app and i love the music,0,11,44,0,0,0,1.0,0,1,0.8122,1,0,1,0.0,0,1,0,5.0,0.0
0f06a2e1-6f32-4c76-8aa8-440b69079cdd,Spotify,Entertainment,Warren Slaughter,Unknown,4,2025-11-08 08:26:01,just what I want,just what i want,0,4,16,0,0,0,1.0,0,0,0.0772,1,0,1,0.0,0,1,0,4.0,0.0
4d9a043c-d6d6-4f48-853b-f9731b127b61,Spotify,Entertainment,Sandra Osama,Unknown,1,2025-11-08 08:31:49,مبحملش علي اغاني,مبحملش علي اغاني,0,3,16,0,0,0,1.0,0,0,0.0,1,0,1,0.0,0,1,0,1.0,0.0
149b99fe-f826-4c38-8643-3b7c135c2abe,Spotify,Entertainment,Shivangi Singh,Unknown,1,2025-11-08 08:35:37,we are literally forced to buy premium subscription.,we are literally forced to buy premium subscription.,0,8,52,0,0,0,1.0,0,0,-0.4588,1,0,1,0.0,0,1,0,1.0,0.0
86533030-8632-4b21-956b-317735f2e790,Spotify,Entertainment,Salapathi Viyasamoorthi,Unknown,5,2025-11-08 08:42:07,good quality outputs,good quality outputs,0,3,20,0,0,0,1.0,0,0,0.4404,1,0,1,0.0,0,1,0,5.0,0.0
798d6419-bed1-4914-b3ed-772e4f6b985c,Spotify,Entertainment,Prasad Anugolu,Unknown,5,2025-11-08 08:47:07,Superb,superb,0,1,6,0,0,0,1.0,0,0,0.6249,1,0,1,0.0,0,3,0,5.0,0.0
a14c188e-50d6-4098-bd0c-c3aeb037799d,Spotify,Entertainment,Robin Lamb,Unknown,5,2025-11-08 08:51:21,great music selection,great music selection,0,3,21,0,0,0,1.0,0,0,0.6249,1,0,1,0.0,0,1,0,5.0,0.0
0daa7145-0f2b-42be-b6c7-4b19d7f8622d,Spotify,Entertainment,Muhamed Ozegovic,Unknown,3,2025-11-08 08:52:24,You actually made a lot of improvement so I'm gladly going to increase my rate.,you actually made a lot of improvement so i'm gladly going to increase my rate.,0,15,79,0,0,0,1.0,0,0,0.7893,1,0,1,0.0,0,1,0,3.0,0.0
bcf5cc5c-2c1c-4003-9e3e-5bfc33a9450f,Spotify,Entertainment,Owais Khan,Unknown,4,2025-11-08 08:53:54,i will give 4 star because there is lot of ad thats why but now i have purchased spotify premium now i the whole app ie super good,i will give 4 star because there is lot of ad thats why but now i have purchased spotify premium now i the whole app ie super good,0,28,130,0,0,0,0.8928571428571429,0,1,0.8807,1,0,1,0.0,0,1,0,4.0,0.0
a775533d-3fe1-47cb-a1eb-039127180197,Spotify,Entertainment,NSD TAMIL HAPPY,Unknown,1,2025-11-08 08:54:17,worst player compare to 2022 version no optional to skip more then 6 skips for a hour unlimited ads,worst player compare to 2022 version no optional to skip more then 6 skips for a hour unlimited ads,0,19,99,0,0,0,0.9473684210526315,0,0,-0.743,1,0,1,0.0,0,1,0,1.0,0.0
d0ddd46c-a9c6-457f-a9ea-36b5c7b69b69,Spotify,Entertainment,Mr Rifat Islam,Unknown,5,2025-11-08 08:56:09,this is this music app,this is this music app,0,5,22,0,0,0,0.8,0,1,0.0,1,0,1,0.0,0,1,0,5.0,0.0
50f16696-a84a-4fcf-ab98-f5d792cb685e,Spotify,Entertainment,Sukhraj,Unknown,1,2025-11-08 09:02:23,after every 2 songs there is one add and forging us to buy premium very small limit to change songs 🤬,after every 2 songs there is one add and forging us to buy premium very small limit to change songs 🤬,0,21,101,1,0,0,0.9047619047619048,0,0,0.0,1,0,1,0.0,0,1,0,1.0,0.0
0a9021b1-90f9-4c99-b025-033261490f41,Spotify,Entertainment,sanskar awasthi,Unknown,1,2025-11-08 09:10:05,After Update only Premium users are allowed to listen so called Songs,after update only premium users are allowed to listen so called songs,0,12,69,0,0,0,1.0,0,0,0.0,1,0,1,0.0,0,1,0,1.0,0.0
8071b2fa-7718-4328-9d37-bf163295e5ee,Spotify,Entertainment,Adib Hakim Adib Hakim,Unknown,4,2025-11-08 09:10:12,I like it,i like it,0,3,9,0,0,0,1.0,0,0,0.3612,1,0,1,0.0,0,1,0,4.0,0.0
2a9a28fb-039f-43cf-94e7-0529b716fbed,Spotify,Entertainment,ben,Unknown,5,2025-11-08 09:11:31,"What can I say? Spotify is simply the best app for listening to music. Easy to use and play on the go, especially with Premium.","what can i say? spotify is simply the best app for listening to music. easy to use and play on the go, especially with premium.",0,25,127,0,0,0,0.92,0,1,0.8591,1,0,1,0.0,0,1,0,5.0,0.0
092b362d-4bbb-415f-a12c-e89f3b7d1622,Spotify,Entertainment,NETTO-OEZ,Unknown,1,2025-11-08 09:11:53,paying just to play your music in a specific order is just ridiculous. just download puretuber.,paying just to play your music in a specific order is just ridiculous. just download puretuber.,0,16,95,0,0,0,0.875,1,0,-0.0258,1,0,1,0.0,0,1,0,1.0,0.0
7b7c2d3a-d3eb-49ad-8c3b-0ffa3208d98f,Spotify,Entertainment,Ranjit Singh,Unknown,1,2025-11-08 09:11:54,2 gana chalne ke bad 1 minute ka add ata hai,2 gana chalne ke bad 1 minute ka add ata hai,0,11,44,0,0,0,1.0,0,1,-0.5423,1,0,1,0.0,0,1,0,1.0,0.0
df2dfc3d-ddfc-4d11-9e9f-d303ea869af0,Spotify,Entertainment,rajeesh ravi k,Unknown,5,2025-11-08 09:15:47,good but tooo much ad 🥹😭,good but tooo much ad 🥹😭,0,6,24,2,0,0,1.0,0,0,-0.4939,1,0,1,0.0,0,1,0,5.0,0.0
15cff73e-932e-4103-a9dd-9191fa940ea1,Spotify,Entertainment,Adityaa Pawar,Unknown,5,2025-11-08 09:16:32,i liket very much,i liket very much,0,4,17,0,0,0,1.0,0,0,0.0,1,0,1,0.0,0,1,0,5.0,0.0
1df8e99d-39b4-4335-a80c-087b5201d6be,Spotify,Entertainment,SB JS,Unknown,2,2025-11-08 09:17:07,ads entered,ads entered,0,2,11,0,0,0,1.0,0,0,0.0,1,0,1,0.0,0,1,0,2.0,0.0
3faa5efe-c0b4-4a98-ad36-3d268b795679,Spotify,Entertainment,Nomah Nocuza,Unknown,1,2025-11-08 09:27:48,"My app is not working And I don't know what to do, because it doesn't give me App information","my app is not working and i don't know what to do, because it doesn't give me app information",0,19,93,0,0,0,0.9473684210526315,0,1,0.0,1,0,1,0.0,0,1,0,1.0,0.0
3c447a4c-dfff-4ca7-a671-9c6f8de10ebb,Spotify,Entertainment,Allen negi,Unknown,5,2025-11-08 09:28:47,best music player in the world 🌎 👌 🙌 👏 ❤️ 💙 🌎 👌 🙌 👏,best music player in the world 🌎 👌 🙌 👏 ❤️ 💙 🌎 👌 🙌 👏,0,16,51,9,0,0,0.75,0,0,0.9669,1,0,1,0.0,0,1,0,5.0,0.0
0d4c53a0-495d-4142-a6a5-8b209dc40173,Spotify,Entertainment,Franklin Hampo,Unknown,5,2025-11-08 09:30:32,very good,very good,0,2,9,0,0,0,1.0,0,0,0.4927,1,0,1,0.0,0,2,0,5.0,0.0
7010c6ad-f9a0-4555-b90a-efe256e85971,Spotify,Entertainment,sajida zafar,Unknown,5,2025-11-08 09:35:21,it is a marvelous app to listen to songs,it is a marvelous app to listen to songs,0,9,40,0,0,0,0.8888888888888888,0,1,0.5994,1,0,1,0.0,0,1,0,5.0,0.0
4df52104-04aa-43ad-b319-68282c8389ca,Spotify,Entertainment,raju raju,Unknown,4,2025-11-08 09:36:22,it's good 😊,it's good 😊,0,3,11,1,0,0,1.0,0,0,0.836,1,0,1,0.0,0,2,0,4.0,0.0
5ef738f8-1f20-4150-b2c7-deb499019c4b,Spotify,Entertainment,Iri Wright,Unknown,1,2025-11-08 09:41:21,too expensive too many commercials,too expensive too many commercials,0,5,34,0,0,0,0.8,0,0,0.0,1,0,1,0.0,0,1,0,1.0,0.0
016f7c04-9526-479a-9426-3b0d5bb46322,Spotify,Entertainment,Petromawuae Matsong,Unknown,5,2025-11-08 09:41:28,yooo this app it's unbelievable,yooo this app it's unbelievable,0,5,31,0,0,0,1.0,0,1,0.2023,1,0,1,0.0,0,1,0,5.0,0.0
d512dc7f-78df-4acd-913f-5db62a3d280f,Spotify,Entertainment,Mankeerat Kaur,Unknown,5,2025-11-08 09:42:00,best music app ever in the world 🌎 but it should add more updates,best music app ever in the world 🌎 but it should add more updates,0,14,65,1,0,0,1.0,0,1,0.3818,1,0,1,0.0,0,1,0,5.0,0.0
4050eb12-75c5-42ef-8434-166ae7a8433b,Spotify,Entertainment,Kyi,Unknown,1,2025-11-08 09:43:22,"having to manually relike the songs on my computer that I liked on my phone because all this money and they can't put in a dedicated sync button or system, good job.","having to manually relike the songs on my computer that i liked on my phone because all this money and they can't put in a dedicated sync button or system, good job.",0,32,165,0,0,0,0.9375,0,0,0.8271,1,0,1,0.0,0,1,1,1.0,0.0
360ffdfd-e698-4ab1-9dc1-afe54fc36c4a,Spotify,Entertainment,Greg Powers,Unknown,5,2025-11-08 09:44:45,Great quality and variety,great quality and variety,0,4,25,0,0,0,1.0,0,0,0.6249,1,0,1,0.0,0,1,0,5.0,0.0
30cce228-0627-4497-a858-b962f6362ae9,Spotify,Entertainment,Manthan Thul,Unknown,1,2025-11-08 09:44:52,they made it worst by premium thing,they made it worst by premium thing,0,7,35,0,0,0,1.0,0,0,-0.6249,1,0,1,0.0,0,1,0,1.0,0.0
c3324f47-8f26-44e1-876a-b0a717b77f40,Spotify,Entertainment,Lindiwe Ncube,Unknown,5,2025-11-08 09:47:13,exceptional,exceptional,0,1,11,0,0,0,1.0,0,0,0.0,1,0,1,0.0,0,1,0,5.0,0.0
eb10b8c1-37bc-402f-a7a4-f03270823eb5,Spotify,Entertainment,Linda Pro Zitha,Unknown,5,2025-11-08 09:49:13,rapping skills from London,rapping skills from london,0,4,26,0,0,0,1.0,0,1,0.0,1,0,1,0.0,0,1,0,5.0,0.0
4b4b1a01-6a35-4565-a6e2-c32ae64467b9,Spotify,Entertainment,Martin,Unknown,5,2025-11-08 09:49:16,great music platform,great music platform,0,3,20,0,0,0,1.0,0,0,0.6249,1,0,2,139041.0,0,1,0,4.0,1.4142135623730951
4aaeefe5-4a30-41ee-8bbc-61a2a1f8d6f4,Spotify,Entertainment,Yun Xi,Unknown,4,2025-11-08 09:49:20,good but the ads.,good but the ads.,0,4,17,0,0,0,1.0,0,0,0.2382,1,0,1,0.0,0,1,0,4.0,0.0
6d670dad-d1fc-4c55-8264-9f35860923f4,Spotify,Entertainment,S.J. Dlamini,Unknown,5,2025-11-08 09:50:35,very good experience,very good experience,0,3,20,0,0,0,1.0,0,0,0.4927,1,0,1,0.0,0,1,0,5.0,0.0
6e0bb624-5df6-40d1-88de-3026da0393d0,Spotify,Entertainment,Balogun Idris,Unknown,5,2025-11-08 09:51:14,Literally the best music streaming app,literally the best music streaming app,0,6,38,0,0,0,1.0,0,1,0.6369,1,0,1,0.0,0,1,0,5.0,0.0
92c27065-0a33-4af1-acf7-c2992a1f7b34,Spotify,Entertainment,Soumya Ranjan Meher,Unknown,5,2025-11-08 09:53:37,this app made my day,this app made my day,0,5,20,0,0,0,1.0,0,1,0.0,1,0,1,0.0,0,1,0,5.0,0.0
c595344c-512f-437a-8bc1-3718f69af87c,Spotify,Entertainment,Srihari Kotagalla,Unknown,1,2025-11-08 09:53:52,It's back again with no skip no choose to play,it's back again with no skip no choose to play,1,10,46,0,0,0,0.9,0,0,0.2705,1,0,1,0.0,0,1,0,1.0,0.0
6df7b4a3-49fc-421c-a9ed-d306ed20cb8f,Spotify,Entertainment,ɢᴏᴅ・ᐯ Ꭵ ᑭ ᗴ ᖇ・,Unknown,1,2025-11-08 09:54:02,very bas,very bas,0,2,8,0,0,0,1.0,0,0,0.0,1,0,1,0.0,0,1,0,1.0,0.0
9f7593f0-1766-4cad-9d5b-0642ae648af6,Spotify,Entertainment,Kavish Sharma,Unknown,5,2025-11-08 09:54:14,best👌👌,best👌👌,0,1,6,2,0,0,1.0,0,0,0.9474,1,0,1,0.0,0,1,0,5.0,0.0
5dd9030c-88c8-4e4a-b45d-1fa4c614372e,Spotify,Entertainment,Ben Warren,Unknown,1,2025-11-08 09:56:06,"latest update horrible if not paid, playlists full of suggestions that okay before your selected songs, absolute rubbish","latest update horrible if not paid, playlists full of suggestions that okay before your selected songs, absolute rubbish",0,18,120,0,0,0,1.0,0,0,-0.3818,1,0,1,0.0,0,1,0,1.0,0.0
b2f4cb4f-58a7-4e94-802b-e5ef74b3a087,Spotify,Entertainment,AIDA,Unknown,5,2025-11-08 09:56:41,best listening app ngl but I recommend buying premium,best listening app ngl but i recommend buying premium,0,9,53,0,0,0,1.0,0,1,0.705,1,0,1,0.0,0,1,0,5.0,0.0
18bc0d0f-0274-44f4-9251-4796d62209eb,Spotify,Entertainment,Mncedisi Thole,Unknown,5,2025-11-08 09:59:45,Very good app 👌 👍,very good app 👌 👍,0,5,17,2,0,0,1.0,0,1,0.8621,1,0,1,0.0,0,1,0,5.0,0.0
8f9eae9e-c316-4d8b-8857-d9fe9edcee6a,Spotify,Entertainment,Siyabonga jr Ntombela,Unknown,1,2025-11-08 10:00:36,They only want you to pay premium 😭😞,they only want you to pay premium 😭😞,0,8,36,2,0,0,1.0,0,0,-0.743,1,0,1,0.0,0,1,0,1.0,0.0
b1d181ba-dc96-4225-81f9-be2d1889135a,Spotify,Entertainment,Kingsley Emmanuel,Unknown,5,2025-11-08 10:03:07,Amazing,amazing,0,1,7,0,0,0,1.0,0,0,0.5859,1,0,1,0.0,0,4,0,5.0,0.0
8abb28d4-50c1-423a-b545-76eed9a15151,Spotify,Entertainment,Mạnh Huỳnh,Unknown,1,2025-11-08 10:03:54,"còn quá nhiều hạn chế khi không mua premium, và một số bài hát không có lời ghi lại, bonus thêm là nhiều quảng cáo vãi cc, ngày càng quá đáng với người dùng chay","còn quá nhiều hạn chế khi không mua premium, và một số bài hát không có lời ghi lại, bonus thêm là nhiều quảng cáo vãi cc, ngày càng quá đáng với người dùng chay",67,35,161,0,0,0,0.9142857142857143,0,0,0.5423,1,0,1,0.0,0,1,1,1.0,0.0
5602ef2f-c0ec-4788-83b5-b83ea9d12bda,Spotify,Entertainment,Yash Raj Yaduvanshi,Unknown,1,2025-11-08 10:05:23,"Can't play liked songs, like wth is wrong with you guys can't even listen to my favourite song on free plan. Time to switch to old ways.","can't play liked songs, like wth is wrong with you guys can't even listen to my favourite song on free plan. time to switch to old ways.",0,27,136,0,0,0,0.8888888888888888,1,0,-0.6209,1,0,1,0.0,0,1,0,1.0,0.0
6ed6d293-268c-4832-89e2-ee2574cdc5fe,Spotify,Entertainment,Gurmanjot Singh,Unknown,5,2025-11-08 10:06:10,very amazing app but a little ads issue,very amazing app but a little ads issue,0,8,39,0,0,0,1.0,0,1,0.3708,1,0,1,0.0,0,1,0,5.0,0.0
fa0dd28d-f66d-48a0-b96b-180d7b4787bc,Spotify,Entertainment,DENZEL ALUBALA,Unknown,5,2025-11-08 10:07:29,very interesting and efficient,very interesting and efficient,0,4,30,0,0,0,1.0,0,0,0.7233,1,0,1,0.0,0,1,0,5.0,0.0
1beb2eb8-1650-4fcd-b0ee-8d7f871e73ab,Spotify,Entertainment,Suii king,Unknown,5,2025-11-08 10:10:26,amazing,amazing,0,1,7,0,0,0,1.0,0,0,0.5859,1,0,1,0.0,0,4,0,5.0,0.0
a90d7567-7411-4e02-9cd5-2ceea165fed0,Spotify,Entertainment,Exauser Sangany,Unknown,5,2025-11-08 10:13:19,very enjoyable 😍,very enjoyable 😍,0,3,16,1,0,0,1.0,0,0,0.7559,1,0,1,0.0,0,1,0,5.0,0.0
a396f6da-45aa-45c8-ad52-957535d91658,Spotify,Entertainment,deepika durgade,Unknown,1,2025-11-08 10:13:36,"Without a subscription, we cannot listen to music of our choice. They just keep playing random songs one after the other. What is the use of this music app then? Uninstalling this with so much frustration 🤨","without a subscription, we cannot listen to music of our choice. they just keep playing random songs one after the other. what is the use of this music app then? uninstalling this with so much frustration 🤨",0,37,206,1,0,0,0.8918918918918919,1,1,-0.3774,1,0,1,0.0,0,1,0,1.0,0.0
a0f60e8a-5c1a-40ef-8099-60ccd7009234,Spotify,Entertainment,Viktoria,Unknown,2,2025-11-08 10:15:04,it's good but it randomly put me on shuffle mode now I can't take it off,it's good but it randomly put me on shuffle mode now i can't take it off,0,16,72,0,0,0,0.9375,0,0,0.2382,1,0,1,0.0,0,1,0,2.0,0.0
90019984-8a00-4aa3-97f8-c4581aa472a2,Spotify,Entertainment,Mr JOYDIP,Unknown,5,2025-11-08 10:16:14,best platform,best platform,0,2,13,0,0,0,1.0,0,0,0.6369,1,0,1,0.0,0,1,0,5.0,0.0
afe73f8b-6e3a-464c-a5b9-8c406ab9d711,Spotify,Entertainment,Emmanuel Alex,Unknown,5,2025-11-08 10:18:01,love it!!!!!!!!,love it!!!!!!!!,0,2,15,0,0,0,1.0,0,0,0.7482,1,0,1,0.0,0,1,0,5.0,0.0
fcec5013-4496-4612-8dd3-3b5d377d86f6,Spotify,Entertainment,Jeremy Whimp,Unknown,5,2025-11-08 10:20:53,I love it,i love it,0,3,9,0,0,0,1.0,0,0,0.6369,1,0,1,0.0,0,3,0,5.0,0.0
f5c73f54-191a-4f6d-9cf3-1b52bf96004e,Spotify,Entertainment,Kenneth MUVARI,Unknown,5,2025-11-08 10:21:50,This is the best app I have ever come across for music discovery & exploration.,this is the best app i have ever come across for music discovery & exploration.,0,15,79,0,0,0,1.0,0,1,0.7269,1,0,1,0.0,0,1,0,5.0,0.0
ca714b76-9062-425e-9337-c0dd7bee8c1d,Spotify,Entertainment,Alex Wood,Unknown,5,2025-11-08 10:22:20,A great way to listen to music!,a great way to listen to music!,0,7,31,0,0,0,0.8571428571428571,0,0,0.6588,1,0,1,0.0,0,1,0,5.0,0.0
2c64505a-9fbd-4331-bef5-bc1539c3c4f1,Spotify,Entertainment,Skhanyiso Mthembu,Unknown,5,2025-11-08 10:23:50,I learned that how to upload my song,i learned that how to upload my song,0,8,36,0,0,0,1.0,0,0,0.0,1,0,1,0.0,0,1,0,5.0,0.0
68f53d9f-094f-472c-b7db-c9190ba448cf,Spotify,Entertainment,Cristhian Flores,Unknown,5,2025-11-08 10:25:38,music is at its best quality Loving it I no longer use youtube thanks Spotify,music is at its best quality loving it i no longer use youtube thanks spotify,0,15,77,0,0,0,1.0,0,0,0.8689,1,0,1,0.0,0,1,0,5.0,0.0
f3e956be-7d0b-400f-8e19-da6c38a404d2,Spotify,Entertainment,Adeniyi Obanla,Unknown,5,2025-11-08 10:27:47,nice music app,nice music app,0,3,14,0,0,0,1.0,0,1,0.4215,1,0,1,0.0,0,1,0,5.0,0.0
ff2fae39-d962-4289-8a8e-425b86f48ec0,Spotify,Entertainment,lynx !!!,Unknown,1,2025-11-08 10:28:19,GIVE US OUR SKIPS BACK UGGHHH,give us our skips back ugghhh,0,6,29,0,0,6,1.0,0,0,0.0,1,0,1,0.0,0,1,0,1.0,0.0
743f5e6a-d899-4ab0-a418-e5c7aa0d7d98,Spotify,Entertainment,Parth Rathod,Unknown,1,2025-11-08 10:28:54,great app for music lovers,great app for music lovers,0,5,26,0,0,0,1.0,0,1,0.8176,1,0,1,0.0,0,1,1,1.0,0.0
b31ae7ee-cb33-4df8-bd0d-7d9ab8ae845a,Spotify,Entertainment,Lana - لانا,Unknown,3,2025-11-08 10:30:09,The ads ruined everything.,the ads ruined everything.,0,4,26,0,0,0,1.0,0,0,-0.4767,1,0,1,0.0,0,1,0,3.0,0.0
109d1230-0cef-4982-af8b-9b2a3f8a7628,Spotify,Entertainment,Dev Tarafder,Unknown,4,2025-11-08 10:30:11,amazing,amazing,0,1,7,0,0,0,1.0,0,0,0.5859,1,0,1,0.0,0,4,0,4.0,0.0
50014e2d-c698-496d-8e00-e3af4118029b,Spotify,Entertainment,Krishna Gupta,Unknown,5,2025-11-08 10:40:32,Wonderful app,wonderful app,0,2,13,0,0,0,1.0,0,1,0.5719,1,0,1,0.0,0,1,0,5.0,0.0
c9e78f79-e36f-4c11-8329-62161e86316d,Spotify,Entertainment,Rafael Carballo,Unknown,5,2025-11-08 10:40:47,love it! 🤩🤩🤩🤩🤩,love it! 🤩🤩🤩🤩🤩,0,3,14,5,0,0,1.0,0,0,0.6696,1,0,1,0.0,0,1,0,5.0,0.0
7e78336d-6a7a-4147-991d-f11447fcac12,Spotify,Entertainment,Anant,Unknown,4,2025-11-08 10:44:25,needs for premium to download,needs for premium to download,0,5,29,0,0,0,1.0,1,0,0.0,1,0,1,0.0,0,1,0,4.0,0.0
3896d743-40f8-4b87-9c4d-d602299555c4,Spotify,Entertainment,Chinmay Ray,Unknown,1,2025-11-08 10:45:34,I don't see the lossless option.,i don't see the lossless option.,0,6,32,0,0,0,1.0,0,0,0.0,1,0,1,0.0,0,1,0,1.0,0.0
9b293806-595c-4a7a-880c-344c6e702306,Spotify,Entertainment,Mathew Andrei,Unknown,1,2025-11-08 10:46:17,DELETE PREMIUM.,delete premium.,0,2,15,0,0,2,1.0,0,0,0.0,1,0,1,0.0,0,1,0,1.0,0.0
2531e5b3-27ce-4436-bff2-7562161bace9,Spotify,Entertainment,Kalpana gogoi,Unknown,4,2025-11-08 10:50:35,ADS PROBLEM,ads problem,0,2,11,0,0,2,1.0,0,0,-0.4019,1,0,1,0.0,0,1,0,4.0,0.0
bc48dab2-1240-4921-9c0a-1f2902342e6f,Spotify,Entertainment,Sung Jin woo,Unknown,1,2025-11-08 10:54:12,"Removed pal pal, too many ads:/","removed pal pal, too many ads:/",0,6,31,0,0,0,1.0,0,0,0.0,1,0,1,0.0,0,1,0,1.0,0.0
fc37240e-11cc-40f7-9636-e60eb4abf17b,Spotify,Entertainment,Afiq Yuza,Unknown,5,2025-11-08 10:58:05,ilike,ilike,0,1,5,0,0,0,1.0,0,0,0.0,1,0,1,0.0,0,1,0,5.0,0.0
370f77c3-33d0-436f-8fed-3c3127a06840,Spotify,Entertainment,Kiwanuka .K. Charles,Unknown,5,2025-11-08 11:00:18,awesome app,awesome app,0,2,11,0,0,0,1.0,0,1,0.6249,1,0,1,0.0,0,1,0,5.0,0.0
530d59d9-b9a0-4167-b916-9cd802de8e9e,Spotify,Entertainment,Spin-u-up Rc,Unknown,5,2025-11-08 11:00:42,just brilliant 👏 thanks 😊,just brilliant 👏 thanks 😊,0,5,25,2,0,0,1.0,0,0,0.9136,1,0,1,0.0,0,1,0,5.0,0.0
7886909c-9479-49ae-a7f9-207a2bbd70be,Spotify,Entertainment,Avi M,Unknown,1,2025-11-08 11:01:34,Slow app,slow app,0,2,8,0,0,0,1.0,0,1,0.0,1,0,1,0.0,0,1,0,1.0,0.0
e3572537-8b4b-4a22-9e55-080bb05b7f4e,Spotify,Entertainment,Vijay Gopal,Unknown,5,2025-11-08 11:05:32,It's excellent and just keep it up!!!!!!!!!!!!!!!!!!!!!!!!!!.,it's excellent and just keep it up!!!!!!!!!!!!!!!!!!!!!!!!!!.,0,7,61,0,0,0,1.0,0,0,0.7067,1,0,1,0.0,0,1,0,5.0,0.0
74851a34-32c9-486d-9bb3-e3902efc8934,Spotify,Entertainment,Ronnie Cortado,Unknown,2,2025-11-08 11:06:07,bruh fix your gapless features! because sometimes the transition is not smooth!,bruh fix your gapless features! because sometimes the transition is not smooth!,0,12,79,0,0,0,1.0,0,0,0.0,1,0,1,0.0,0,1,0,2.0,0.0
865831ce-06fc-4ba5-99e6-232b84ac2805,Spotify,Entertainment,Katlego Katlego,Unknown,5,2025-11-08 11:06:56,ke di best fela lalas,ke di best fela lalas,0,5,21,0,0,0,1.0,0,0,0.6369,1,0,1,0.0,0,1,0,5.0,0.0
46462931-dae2-4c19-90c1-2ab3f442881f,Spotify,Entertainment,BASULUBE DANIEL,Unknown,5,2025-11-08 11:09:14,I think it's the best music streaming app ever.,i think it's the best music streaming app ever.,0,9,47,0,0,0,1.0,0,1,0.6369,1,0,1,0.0,0,1,0,5.0,0.0
289ef95c-b28c-472c-8bd5-47c679e8b79b,Spotify,Entertainment,Koko,Unknown,1,2025-11-08 11:11:02,For the moments when you can't get enought ADS,for the moments when you can't get enought ads,0,9,46,0,0,1,1.0,0,0,0.0,1,0,1,0.0,0,1,0,1.0,0.0
8e6c3677-5be8-4795-8dac-8827c2578d58,Spotify,Entertainment,Queenie Morales,Unknown,1,2025-11-08 11:11:03,we can't choose our own songs when we aren't PREMIUM,we can't choose our own songs when we aren't premium,0,10,52,0,0,1,0.9,0,0,0.0,1,0,1,0.0,0,1,0,1.0,0.0
809929a7-bc20-4af5-914d-bc09bc8c9ac2,Spotify,Entertainment,Jasvirsingh Johal,Unknown,5,2025-11-08 11:12:44,he is very good spotify,he is very good spotify,0,5,23,0,0,0,1.0,0,0,0.4927,1,0,1,0.0,0,1,0,5.0,0.0
88835f84-4099-4de1-8650-e6dee7772012,Spotify,Entertainment,Kersta Shahan,Unknown,5,2025-11-08 11:19:46,♡♡♡♡♡,♡♡♡♡♡,0,1,5,0,0,0,1.0,0,0,0.0,1,0,1,0.0,0,1,0,5.0,0.0
15fa751a-6cb5-46f9-8b5f-bece31529e24,Spotify,Entertainment,Hmd A,Unknown,1,2025-11-08 11:20:32,charging without authorisation .. this is scaming. I don't have you in my google subscription list and u keep chatging me even after I cancelled my account with you.,charging without authorisation .. this is scaming. i don't have you in my google subscription list and u keep chatging me even after i cancelled my account with you.,0,29,165,0,0,0,0.9310344827586207,0,0,-0.25,1,0,1,0.0,0,1,0,1.0,0.0
e7573fea-7cca-439a-8f44-b650ea5af924,Spotify,Entertainment,Sudha S,Unknown,1,2025-11-08 11:28:45,without any premium the app is not going to work and higher cost of premium better we can use youtube music are any other apps,without any premium the app is not going to work and higher cost of premium better we can use youtube music are any other apps,0,25,126,0,0,0,0.92,0,1,0.4404,1,0,1,0.0,0,1,0,1.0,0.0
eddb3c01-023c-40d6-abfb-be73e4ba559b,Spotify,Entertainment,Zuli Hashim,Unknown,5,2025-11-08 11:29:41,best app for music fr frr✨️😝,best app for music fr frr✨️😝,0,6,28,1,0,0,1.0,0,1,0.6369,1,0,1,0.0,0,1,0,5.0,0.0
3fec318c-76ab-4d60-884f-8b52b0859d05,Spotify,Entertainment,Zuko Raymond Mbulawa,Unknown,5,2025-11-08 11:31:47,Great music,great music,0,2,11,0,0,0,1.0,0,0,0.6249,1,0,1,0.0,0,1,0,5.0,0.0
adbfec08-36e4-4e9f-9441-d6eb9a204b15,Spotify,Entertainment,A. K. Madhwar,Unknown,5,2025-11-08 11:32:31,awesome,awesome,0,1,7,0,0,0,1.0,0,0,0.6249,1,0,1,0.0,0,2,0,5.0,0.0
f837057b-0a4b-4005-9f38-92b54ef0dbf8,Spotify,Entertainment,Mingma Rai,Unknown,4,2025-11-08 11:36:41,it is a good app to listen while working or sleeping but the ads keep on coming but Its overall good 👍🏻,it is a good app to listen while working or sleeping but the ads keep on coming but its overall good 👍🏻,0,22,103,2,0,0,0.9090909090909091,0,1,0.7003,1,0,1,0.0,0,1,0,4.0,0.0
972595b9-189b-4acf-b3c3-dccd27052450,Spotify,Entertainment,Davide Ricci,Unknown,3,2025-11-08 11:42:41,Vergogna a chi mette una stella perché vuole rubare.. pezzenti,vergogna a chi mette una stella perché vuole rubare.. pezzenti,1,10,62,0,0,0,1.0,0,0,0.0,1,0,1,0.0,0,1,0,3.0,0.0
cfbe0c19-58b1-4a4d-b84e-7f17178e3884,Spotify,Entertainment,Michelle Wanjiku,Unknown,4,2025-11-08 11:42:44,Amazing,amazing,0,1,7,0,0,0,1.0,0,0,0.5859,1,0,1,0.0,0,4,0,4.0,0.0
563ca191-85a9-4a00-a3c0-801fc0e8d886,Spotify,Entertainment,Javkhlantugs Baatar,Unknown,1,2025-11-08 11:50:28,I don't think it's an bad app but crashed instantly everytime,i don't think it's an bad app but crashed instantly everytime,0,11,61,0,0,0,1.0,0,1,-0.3071,1,0,1,0.0,0,1,0,1.0,0.0
d34a2158-c6e9-4c19-98e9-d4e3b8bc738e,Spotify,Entertainment,Bilkis Ara,Unknown,1,2025-11-08 11:58:47,Desterbing for premium,desterbing for premium,0,3,22,0,0,0,1.0,0,0,0.0,1,0,1,0.0,0,1,0,1.0,0.0
427e4410-b6b5-4c9e-8d54-c4c20ca3ca2f,Spotify,Entertainment,Verecia White,Unknown,1,2025-11-08 12:00:35,I can't get anything without premium this app is so stupid and money hungry now🥱,i can't get anything without premium this app is so stupid and money hungry now🥱,0,15,80,1,0,0,1.0,0,1,-0.656,1,0,1,0.0,0,1,0,1.0,0.0
9d037dec-eabe-48f8-80b0-0bb0161f426c,Spotify,Entertainment,Boddeti Anna purna,Unknown,4,2025-11-08 12:04:34,enjoying the songs,enjoying the songs,0,3,18,0,0,0,1.0,0,0,0.5267,1,0,1,0.0,0,1,0,4.0,0.0
fcee2e5e-ece3-409d-b813-9f511db929f7,Spotify,Entertainment,Remah Al-jaida Mababaya,Unknown,1,2025-11-08 12:05:40,I can't see my liked songs even though it says I have 1100 liked songs like what is this bro,i can't see my liked songs even though it says i have 1100 liked songs like what is this bro,0,20,92,0,0,0,0.85,0,0,0.453,1,0,1,0.0,0,1,0,1.0,0.0
b0a4204c-1b00-477b-b5bb-e73520b2ef5c,Spotify,Entertainment,Rosalinda Carreon,Unknown,1,2025-11-08 12:11:52,not good,not good,0,2,8,0,0,0,1.0,0,0,-0.3412,1,0,1,0.0,0,2,0,1.0,0.0
8e5938b8-3568-4330-9c6b-dd7c3ce3060e,Spotify,Entertainment,Erik Simo,Unknown,1,2025-11-08 12:12:49,Such dogwater features compared to tge ios ver. You can't even play the stuff you wanna listen to.,such dogwater features compared to tge ios ver. you can't even play the stuff you wanna listen to.,0,18,98,0,0,0,0.9444444444444444,0,0,-0.2584,1,0,1,0.0,0,1,0,1.0,0.0
ea3479cc-d4c3-4a02-9be2-0fe02aa62a50,Spotify,Entertainment,Mieuxquetout Water,Unknown,4,2025-11-08 12:16:55,why isn't swipe up from bottom player animate the player upwards and open it?,why isn't swipe up from bottom player animate the player upwards and open it?,0,14,77,0,0,0,0.9285714285714286,0,0,0.0,1,0,1,0.0,0,1,0,4.0,0.0
7e4e1ffc-1a45-412e-b873-c01bc03cc045,Spotify,Entertainment,Ayanda,Unknown,1,2025-11-08 12:23:27,hate how I can't play my songs without going premium,hate how i can't play my songs without going premium,0,10,52,0,0,0,1.0,0,0,-0.6943,1,0,1,0.0,0,1,0,1.0,0.0
1d832899-2fe7-42ee-ac98-1c22a263a68d,Spotify,Entertainment,Chantelle Mutizwa Kazingizi,Unknown,1,2025-11-08 12:25:53,"Good app for listening to music, not that great coz of e ads","good app for listening to music, not that great coz of e ads",0,13,60,0,0,0,1.0,0,1,-0.1012,1,0,1,0.0,0,1,0,1.0,0.0
96994b9b-0d32-4819-a11c-6e31f5aec391,Spotify,Entertainment,Irfan Naeem,Unknown,4,2025-11-08 12:29:42,it's very gud app give comfortable feeling describe the beauty of music like wow I appreciate Spotify my fav music app,it's very gud app give comfortable feeling describe the beauty of music like wow i appreciate spotify my fav music app,0,21,118,0,0,0,0.9047619047619048,0,1,0.9618,1,0,1,0.0,0,1,0,4.0,0.0
e0c964fd-6040-4d88-b130-ff5d9e76ac5f,Spotify,Entertainment,Kanishka Rao,Unknown,3,2025-11-08 12:30:26,I love the songs...but I just hate it as they always want premium. I can't even play my favorite songs in peace without they tell me to buy premium just to listen to my type of musics,i love the songs...but i just hate it as they always want premium. i can't even play my favorite songs in peace without they tell me to buy premium just to listen to my type of musics,0,37,183,0,0,0,0.8108108108108109,0,0,0.7402,1,0,1,0.0,0,1,0,3.0,0.0
2f524983-5fb8-4e31-be6f-cfbd765f6a67,Spotify,Entertainment,ciro kaneshiro,Unknown,3,2025-11-08 12:33:24,jangan kikir kikir amatlah,jangan kikir kikir amatlah,0,4,26,0,0,0,0.75,0,0,0.0,1,0,1,0.0,0,1,0,3.0,0.0
2cb3f3b2-c407-4477-a5f6-3a85a4167573,Spotify,Entertainment,blue night,Unknown,1,2025-11-08 12:33:38,it's gotten annoying af,it's gotten annoying af,0,4,23,0,0,0,1.0,0,0,-0.4019,1,0,1,0.0,0,1,0,1.0,0.0
c16978af-f801-4e49-b220-4463ab50445b,Spotify,Entertainment,Maria Edwards,Unknown,4,2025-11-08 12:35:37,I love this app 😁,i love this app 😁,0,5,17,1,0,0,1.0,0,1,0.802,1,0,1,0.0,0,1,0,4.0,0.0
6b0e0e1f-79d7-4b40-b17a-250d68f9240f,Spotify,Entertainment,Paige Lees,Unknown,1,2025-11-08 12:40:46,"Awful. God forbid you want to listen to music because guess what, without paying your weeks wages away you can only listen to a limited amount of songs a day, youtube music is better😒","awful. god forbid you want to listen to music because guess what, without paying your weeks wages away you can only listen to a limited amount of songs a day, youtube music is better😒",0,34,183,1,0,0,0.8235294117647058,0,0,-0.2263,1,0,1,0.0,0,1,0,1.0,0.0
b020ce26-5bfc-4635-9088-e700e5399f3c,Spotify,Entertainment,J. K.,Unknown,1,2025-11-08 12:42:50,cancelling subscribtion because of ice ads.,cancelling subscribtion because of ice ads.,1,6,43,0,0,0,1.0,0,0,-0.2023,1,0,1,0.0,0,1,0,1.0,0.0
81f6906f-0a04-473f-b855-206e4bc00bae,Spotify,Entertainment,Alexis Alimpia,Unknown,2,2025-11-08 12:43:17,"new update is so ahhh, you cant even pick what song you will pick in a playlist","new update is so ahhh, you cant even pick what song you will pick in a playlist",0,17,79,0,0,0,0.8823529411764706,0,0,0.0,1,0,1,0.0,0,1,0,2.0,0.0
0b8860cf-e56e-4a29-b524-665a30036cfc,Spotify,Entertainment,Sven Fibelkorn,Unknown,2,2025-11-08 12:48:11,"new bug in latest update: when you play a podcast it always plays from the beginning, no matter the progress into the episode","new bug in latest update: when you play a podcast it always plays from the beginning, no matter the progress into the episode",0,23,125,0,0,0,0.9130434782608695,0,0,0.7291,1,0,1,0.0,0,1,1,2.0,0.0
6e2e787c-cf32-428a-a0a7-f99c5ca112f4,Spotify,Entertainment,Raffa,Unknown,1,2025-11-08 12:49:46,"apa apa harus premium,masa mau ganti lagu aja harus premium😒","apa apa harus premium,masa mau ganti lagu aja harus premium😒",0,10,60,1,0,0,0.8,0,0,0.0,1,0,1,0.0,0,1,0,1.0,0.0
bee850a2-a50f-4b09-bceb-254f8a2de098,Spotify,Entertainment,Milorad Stevanović,Unknown,1,2025-11-08 12:50:08,Searching playlists to add a song to has been broken for a month...,searching playlists to add a song to has been broken for a month...,17,13,67,0,0,0,0.8461538461538461,0,0,-0.4767,1,0,1,0.0,0,1,0,1.0,0.0
afb927a6-36c9-4c74-a5ed-fa5d0b4b0c67,Spotify,Entertainment,Deniz,Unknown,1,2025-11-08 12:50:27,trash,trash,0,1,5,0,0,0,1.0,0,0,0.0,1,0,1,0.0,0,1,0,1.0,0.0
91cf2163-318f-40f4-8fa6-cafa28273f44,Spotify,Entertainment,Shubham Kumar,Unknown,1,2025-11-08 12:52:10,they are just seeking for money now previously we could listen to the songs completely with some ads but now we could only listen to the sample of that song which is very disappointing,they are just seeking for money now previously we could listen to the songs completely with some ads but now we could only listen to the sample of that song which is very disappointing,1,34,184,0,0,0,0.8235294117647058,0,1,-0.6946,1,0,2,272079.0,0,1,0,1.5,0.7071067811865476
d151333b-52a1-4fb9-8b50-de0369a11727,Spotify,Entertainment,Vivaan Nagpal,Unknown,1,2025-11-08 12:54:02,The new update is very very disappointing 😞 😕 😑 Not expected by spotify. I just deleted it.,the new update is very very disappointing 😞 😕 😑 not expected by spotify. i just deleted it.,0,18,91,3,0,0,0.9444444444444444,0,1,-0.8662,1,0,1,0.0,0,1,0,1.0,0.0
62dac874-dc1a-4efd-8aac-4ea527257c0c,Spotify,Entertainment,Vannesajean Deguzman,Unknown,2,2025-11-08 12:57:48,is it me? because the new update is making me crazy and when it's single song turn into like a playlist that I don't want! I love Spotify before,is it me? because the new update is making me crazy and when it's single song turn into like a playlist that i don't want! i love spotify before,0,29,144,0,0,0,0.9310344827586207,0,0,-0.5834,1,0,1,0.0,0,1,0,2.0,0.0
675d95ab-fcb7-4fdc-a9dc-2a850bb37de7,Spotify,Entertainment,Richa Ghimiray,Unknown,2,2025-11-08 12:58:02,It's a nice app but the adds between songs are too irritating.....soon after finishing one song there is an ad....😑,it's a nice app but the adds between songs are too irritating.....soon after finishing one song there is an ad....😑,0,20,115,1,0,0,1.0,0,1,0.2263,1,0,1,0.0,0,1,0,2.0,0.0
9aa983c9-5fb3-46c2-b52b-d43c23c3a73d,Spotify,Entertainment,SRYAS,Unknown,1,2025-11-08 13:01:00,trash app trash randomizere,trash app trash randomizere,0,4,27,0,0,0,0.75,0,1,0.0,1,0,1,0.0,0,1,0,1.0,0.0
f4d5caab-d9ad-493f-a929-1166bb4e584e,Spotify,Entertainment,saurabh singh,Unknown,4,2025-11-08 13:05:21,it does not show slowed and reverb other vise it is prefect compare to other app of music,it does not show slowed and reverb other vise it is prefect compare to other app of music,0,18,89,0,0,0,0.8888888888888888,0,1,0.0,1,0,1,0.0,0,1,0,4.0,0.0
faf95992-8b13-476e-9056-c15d5f4d5a60,Spotify,Entertainment,Shreya Patel,Unknown,1,2025-11-08 13:08:09,Beggers should take lessons from Spotify.,beggers should take lessons from spotify.,0,6,41,0,0,0,1.0,0,0,0.0,1,0,1,0.0,0,1,0,1.0,0.0
50394e55-406c-47d4-a70e-8b45ac5899da,Spotify,Entertainment,Sayantani,Unknown,1,2025-11-08 13:16:18,har bar bolata hai premium Lelo mujhe nahin lena bhai change karo please,har bar bolata hai premium lelo mujhe nahin lena bhai change karo please,1,13,72,0,0,0,1.0,0,1,0.3182,1,0,1,0.0,0,1,0,1.0,0.0
a7b6f127-02f3-4d74-8c37-9fd9aa981473,Spotify,Entertainment,56 Shirkar Mayur,Unknown,3,2025-11-08 13:19:52,music are of best quality,music are of best quality,0,5,25,0,0,0,1.0,0,0,0.6369,1,0,1,0.0,0,1,0,3.0,0.0
3a023b2b-a87f-4185-9d8c-93f5f37964e1,Spotify,Entertainment,VISHAL KATE,Unknown,1,2025-11-08 13:19:59,Bad experience the app is lot of ads 1 song play and 3 ads coming so bad experience,bad experience the app is lot of ads 1 song play and 3 ads coming so bad experience,0,18,83,0,0,0,0.8333333333333334,0,1,-0.7644,1,0,1,0.0,0,1,0,1.0,0.0
d9b8d97e-82b9-420a-b06d-c5b8d171778a,Spotify,Entertainment,Kuldeep Thakur,Unknown,2,2025-11-08 13:20:04,There are too much adds even youtube is better then this app. 2 adds after almost every single song,there are too much adds even youtube is better then this app. 2 adds after almost every single song,0,19,99,0,0,0,0.9473684210526315,0,1,0.4404,1,0,1,0.0,0,1,0,2.0,0.0
e1c48563-a72d-4dbb-9dd2-2a6511afbfdd,Spotify,Entertainment,Kyle vincent gicong,Unknown,1,2025-11-08 13:22:13,this app is greedy,this app is greedy,0,4,18,0,0,0,1.0,0,1,-0.3182,1,0,1,0.0,0,1,0,1.0,0.0
1bcdcf62-b008-499c-b2fb-8bab94dcd646,Spotify,Entertainment,Ashish Makwana,Unknown,2,2025-11-08 13:24:18,too much advertising,too much advertising,0,3,20,0,0,0,1.0,0,0,0.0,1,0,1,0.0,0,1,0,2.0,0.0
c371affc-e695-4642-a112-7ee5818323cd,Spotify,Entertainment,Siyabonga Ntuli,Unknown,5,2025-11-08 13:26:31,nice music,nice music,0,2,10,0,0,0,1.0,0,0,0.4215,1,0,1,0.0,0,1,0,5.0,0.0
e65e59d5-d625-4b7e-bb3e-7f13908cd0dc,Spotify,Entertainment,Tanvir Ahmed,Unknown,5,2025-11-08 13:27:16,Good apps for music.,good apps for music.,0,4,20,0,0,0,1.0,0,1,0.4404,1,0,1,0.0,0,1,0,5.0,0.0
c6f2a79e-7bdd-4523-ade9-8200480c3147,Spotify,Entertainment,Okpeke David04,Unknown,5,2025-11-08 13:27:17,"premium is the best experience.. but you guys need to work on payment methods,eg like using a specific given account to fund your premium package","premium is the best experience.. but you guys need to work on payment methods,eg like using a specific given account to fund your premium package",0,25,145,0,0,0,0.92,0,0,0.705,1,0,1,0.0,0,1,0,5.0,0.0
b02e6c89-f4e2-4830-af37-14ef6ffeeeb0,Spotify,Entertainment,Mayna Sur,Unknown,4,2025-11-08 13:27:40,Spotify is the best app.,spotify is the best app.,0,5,24,0,0,0,1.0,0,1,0.6369,1,0,1,0.0,0,1,0,4.0,0.0
3f843047-2b9c-479c-8a56-42bd1ac692a5,Spotify,Entertainment,Hanine Ghanem,Unknown,5,2025-11-08 13:28:26,best songs and lyrics ever,best songs and lyrics ever,0,5,26,0,0,0,1.0,0,0,0.6369,1,0,1,0.0,0,1,0,5.0,0.0
87c3c475-658b-4279-b3b5-dbae90b9023e,Spotify,Entertainment,lienski velinov,Unknown,5,2025-11-08 13:33:44,the songs are good,the songs are good,0,4,18,0,0,0,1.0,0,0,0.4404,1,0,1,0.0,0,1,0,5.0,0.0
78b596ac-4a56-40d7-a50a-e119e435f04a,Spotify,Entertainment,Sahib Shoker,Unknown,5,2025-11-08 13:34:07,it's good for listening to music,it's good for listening to music,0,6,32,0,0,0,1.0,0,0,0.4404,1,0,1,0.0,0,1,0,5.0,0.0
4f772b78-9ab8-4315-b2df-acb0e71afdaa,Spotify,Entertainment,Hamza Elqadi,Unknown,1,2025-11-08 13:37:10,I can't choose the song except being premium,i can't choose the song except being premium,1,8,44,0,0,0,1.0,0,0,0.0,1,0,1,0.0,0,1,0,1.0,0.0
7aa1ea7f-6e43-4979-a9a4-cc618ab849ab,Spotify,Entertainment,Jewel Peavy,Unknown,5,2025-11-08 13:37:12,Probably my favorite app. Great for discovering new music and podcasts,probably my favorite app. great for discovering new music and podcasts,0,11,70,0,0,0,1.0,0,1,0.7964,1,0,1,0.0,0,1,0,5.0,0.0
9da93359-4356-44b7-b3ab-9f098c85c8a8,Spotify,Entertainment,ANGELICA CASIMIRO,Unknown,1,2025-11-08 13:40:05,I love this app so bad but why the hell they have to be so greedy with this update like what the heck.,i love this app so bad but why the hell they have to be so greedy with this update like what the heck.,0,23,102,0,0,0,0.8695652173913043,0,1,-0.8512,1,0,1,0.0,0,1,0,1.0,0.0
68597a90-0ff9-4fe0-9291-844ab866658d,Spotify,Entertainment,Khushi Bansal,Unknown,1,2025-11-08 13:40:51,this app needs premium for everything like you can't play your favourite songs according to you even on shuffle and removed many trending/goat songs. You can find more songs on YT music than Spotify,this app needs premium for everything like you can't play your favourite songs according to you even on shuffle and removed many trending/goat songs. you can find more songs on yt music than spotify,0,34,198,0,0,1,0.8823529411764706,0,1,0.119,1,0,1,0.0,0,1,0,1.0,0.0
9ec0bcc4-1d15-4ab2-b32d-ec55fb66a8f8,Spotify,Entertainment,Michael Davis,Unknown,5,2025-11-08 13:42:20,Excellent service to enjoy your favorite music on repeat.,excellent service to enjoy your favorite music on repeat.,0,9,57,0,0,0,1.0,0,0,0.872,1,0,1,0.0,0,1,0,5.0,0.0
9cdff588-bb42-4781-8c9c-5e47b09964f6,Spotify,Entertainment,Karuna Bordoloi,Unknown,4,2025-11-08 13:42:38,nice 👍🏼,nice 👍🏼,0,2,7,2,0,0,1.0,0,0,0.4215,1,0,1,0.0,0,1,0,4.0,0.0
9e726861-cd33-4eae-b1b2-603a406329f3,Spotify,Entertainment,Shashank Mishra,Unknown,1,2025-11-08 13:42:49,"too much ads, very irritating😡😡😖","too much ads, very irritating😡😡😖",0,5,32,3,0,0,1.0,0,0,-0.5095,1,0,1,0.0,0,1,0,1.0,0.0
21169925-4190-471d-b935-22e0a01ccd8c,Spotify,Entertainment,Charles Tso,Unknown,5,2025-11-08 13:47:25,even though there is some ads but I enjoy my music,even though there is some ads but i enjoy my music,0,11,50,0,0,0,1.0,0,0,0.6486,1,0,1,0.0,0,1,0,5.0,0.0
008e3e69-2856-43b2-8144-0b26d46b6ef2,Spotify,Entertainment,Aarav Kaushik,Unknown,1,2025-11-08 13:47:36,very bad app it cannot allow you to breathe it request you to premium 🙃,very bad app it cannot allow you to breathe it request you to premium 🙃,0,15,71,1,0,0,0.8,0,1,-0.6661,1,0,1,0.0,0,1,0,1.0,0.0
a8cde22f-acd9-4586-b7f5-5f94206ab66b,Spotify,Entertainment,Prince Chindaliya,Unknown,5,2025-11-08 13:48:35,ameging thank you for your information,ameging thank you for your information,0,6,38,0,0,0,1.0,0,0,0.3612,1,0,1,0.0,0,1,0,5.0,0.0
c551aed3-9db0-40e6-9703-debc95cf66ab,Spotify,Entertainment,Donna Harris,Unknown,5,2025-11-08 13:51:15,love Spotify 💓,love spotify 💓,0,3,14,1,0,0,1.0,0,0,0.7506,1,0,1,0.0,0,1,0,5.0,0.0
17161185-e057-414d-b043-bbf40b4a392e,Spotify,Entertainment,Raju Rajbhar,Unknown,1,2025-11-08 13:52:54,can't play my favourite songs then whats the point. Worst experience,can't play my favourite songs then whats the point. worst experience,0,11,68,0,0,0,1.0,0,0,-0.7299,1,0,1,0.0,0,1,0,1.0,0.0
26b17d85-0543-4174-a089-82aeaa3ecb32,Spotify,Entertainment,iram hassan,Unknown,5,2025-11-08 13:55:18,Very great,very great,0,2,10,0,0,0,1.0,0,0,0.659,1,0,1,0.0,0,1,0,5.0,0.0
ad1540b9-d3e0-4fdf-a585-6391941c8891,Spotify,Entertainment,evie,Unknown,1,2025-11-08 13:58:56,oh my god this app annoys me stop trying to make me get premium,oh my god this app annoys me stop trying to make me get premium,0,14,63,0,0,0,0.9285714285714286,0,1,-0.4404,1,0,1,0.0,0,1,0,1.0,0.0
7087a21b-d4f4-4bfe-963d-d763cbd23cb0,Spotify,Entertainment,Frances Kean Ruby San Agustin,Unknown,1,2025-11-08 14:01:45,BRING BACK THE OLD UPDATE PLAYLIST WE ARE NOT POOPING MONEY BRO!!!!,bring back the old update playlist we are not pooping money bro!!!!,0,12,67,0,0,12,1.0,0,0,0.0,1,0,1,0.0,0,1,0,1.0,0.0
b3d64651-e1da-45ef-a242-0b93b2d187cd,Spotify,Entertainment,Errold Joseph Lahagan,Unknown,5,2025-11-08 14:02:36,Amazing app but lyrics doesn't show on landscape view on redmi pad pro EDIT: Thank you for listening devs! you actually fixed it.,amazing app but lyrics doesn't show on landscape view on redmi pad pro edit: thank you for listening devs! you actually fixed it.,0,23,129,0,0,1,0.9130434782608695,0,1,0.7133,1,0,1,0.0,0,1,0,5.0,0.0
a7c1ee1f-ea19-4a1e-80bd-1aacc512517e,Spotify,Entertainment,Ajit sahu,Unknown,5,2025-11-08 14:03:29,best of best,best of best,0,3,12,0,0,0,0.6666666666666666,0,0,0.8555,1,0,1,0.0,0,1,0,5.0,0.0
43cafd7b-d008-4235-82f2-4a02fc7b8e75,Spotify,Entertainment,Chadwick Rimmon,Unknown,5,2025-11-08 14:04:58,Sometimes you like a like bad otherwise you are a very very perfect,sometimes you like a like bad otherwise you are a very very perfect,0,13,67,0,0,0,0.6923076923076923,0,0,0.6976,1,0,1,0.0,0,1,0,5.0,0.0
ca3816ec-ec7c-46b3-8fd2-85158fc69706,Spotify,Entertainment,Aditya Manafiska Putra,Unknown,4,2025-11-08 14:05:39,"its great, the shuffle can be better, especially the smart shuffle. but for the price is a little bit expensive though. like compare to YouTube music where you get YouTube premium. but overall is great.","its great, the shuffle can be better, especially the smart shuffle. but for the price is a little bit expensive though. like compare to youtube music where you get youtube premium. but overall is great.",0,35,202,0,0,0,0.8571428571428571,0,0,0.937,1,0,1,0.0,0,1,0,4.0,0.0
0c3726b2-ceb0-47a9-a15c-5f1492017c4d,Spotify,Entertainment,Anthony Gonzalez,Unknown,5,2025-11-08 14:06:17,YOUR GREAT,your great,0,2,10,0,0,2,1.0,0,0,0.6249,1,0,1,0.0,0,1,0,5.0,0.0
08d18e26-9a85-44a2-92eb-5a18bee978df,Spotify,Entertainment,Silvia Lanz,Unknown,5,2025-11-08 14:08:00,Super buena experiencia! Miles de canciones de todo tipo en una sola aplicación.,super buena experiencia! miles de canciones de todo tipo en una sola aplicación.,0,13,80,0,0,0,0.9230769230769231,0,0,0.636,1,0,1,0.0,0,1,0,5.0,0.0
8a6fac51-dc2e-455e-977e-f8a3cc79653a,Spotify,Entertainment,Tapan Haldar,Unknown,5,2025-11-08 14:08:25,this app is good for music,this app is good for music,0,6,26,0,0,0,1.0,0,1,0.4404,1,0,1,0.0,0,1,0,5.0,0.0
bd412bb6-586f-4d41-8d3f-258ef9accf78,Spotify,Entertainment,Mirantrii Kivinen,Unknown,1,2025-11-08 14:11:55,Way too much restrictions on what you can listen to.,way too much restrictions on what you can listen to.,0,10,52,0,0,0,1.0,0,0,0.0,1,0,1,0.0,0,1,0,1.0,0.0
8560d552-26c3-47f5-9b41-f64e3c296bc7,Spotify,Entertainment,Lahima Malik,Unknown,5,2025-11-08 14:14:46,VRY GOOD FOR PLAYING SONGS,vry good for playing songs,0,5,26,0,0,5,1.0,0,0,0.5719,1,0,1,0.0,0,1,0,5.0,0.0
5653ae92-491d-48c7-a241-4271261b7fed,Spotify,Entertainment,pamela Naughton,Unknown,5,2025-11-08 14:14:52,lovely 😍😍🌹,lovely 😍😍🌹,0,2,10,3,0,0,1.0,0,0,0.8689,1,0,1,0.0,0,1,0,5.0,0.0
2ee20f08-bbb8-4fcf-8f5d-dd4f71e998c6,Spotify,Entertainment,Janet Johnson,Unknown,5,2025-11-08 14:16:03,great app listen to all types of music videos love it,great app listen to all types of music videos love it,0,11,53,0,0,0,1.0,0,1,0.8519,1,0,1,0.0,0,1,0,5.0,0.0
a90425d9-ced4-4c22-bd28-c2352117e9df,Spotify,Entertainment,Brenda Benton,Unknown,5,2025-11-08 14:16:36,love the it,love the it,0,3,11,0,0,0,1.0,0,0,0.6369,1,0,1,0.0,0,1,0,5.0,0.0
f1bccdc7-5ffb-4255-ab76-63f1414ab36a,Spotify,Entertainment,Maria Chrzanowska,Unknown,2,2025-11-08 14:18:11,Mid. Why is there so many ads,mid. why is there so many ads,0,7,29,0,0,0,1.0,0,0,0.0,1,0,1,0.0,0,1,0,2.0,0.0
465b85ee-c3ed-4ebb-a034-2d6c0e587ffd,Spotify,Entertainment,Meera Assudaney,Unknown,1,2025-11-08 14:18:30,many ads,many ads,0,2,8,0,0,0,1.0,0,0,0.0,1,0,1,0.0,0,3,0,1.0,0.0
3c1ee9b0-c3b1-410d-844e-c1e6c4bb4a80,Spotify,Entertainment,Lerato Mathiba,Unknown,5,2025-11-08 14:19:07,nice all music available,nice all music available,0,4,24,0,0,0,1.0,0,0,0.4215,1,0,1,0.0,0,1,0,5.0,0.0
eb87cfa4-7150-46de-93ba-bbbd17413035,Spotify,Entertainment,Darasimi Shoyemi,Unknown,4,2025-11-08 14:20:11,This is my first time of trying it App if I love it I will to know more about the app I will also be able to play my favorite song on it thanks,this is my first time of trying it app if i love it i will to know more about the app i will also be able to play my favorite song on it thanks,0,34,143,0,0,0,0.7647058823529411,0,1,0.91,1,0,1,0.0,0,1,0,4.0,0.0
91a0f65a-07de-4b71-a9a1-ea645d38f4d3,Spotify,Entertainment,Mini Nair,Unknown,5,2025-11-08 14:24:19,nice and user friendly,nice and user friendly,0,4,22,0,0,0,1.0,0,0,0.7184,1,0,1,0.0,0,1,0,5.0,0.0
1d4865f1-0372-4a1e-ae85-6b118f573024,Spotify,Entertainment,Surya Kiran,Unknown,4,2025-11-08 14:24:56,very good 👍 👏,very good 👍 👏,0,4,13,2,0,0,1.0,0,0,0.4927,1,0,1,0.0,0,1,0,4.0,0.0
cc2c7472-f901-4d66-bd1d-1a46cdcc3d11,Spotify,Entertainment,Sujoy Roy,Unknown,4,2025-11-08 14:28:41,very good app,very good app,0,3,13,0,0,0,1.0,0,1,0.4927,1,0,1,0.0,0,2,0,4.0,0.0
eee4ecb7-08c2-4108-a292-db229aacfb4a,Spotify,Entertainment,patience wilson,Unknown,1,2025-11-08 14:31:23,HORRIBLE THE NEW UPDATE MAKES YOU PAY TO LISTEN TO LIKED SONGS IN ORDER NOW AND EVEN SOME PREMIUM USERS ARE ANGRY AT IT MIGHT AS WELL STOP USING TS.,horrible the new update makes you pay to listen to liked songs in order now and even some premium users are angry at it might as well stop using ts.,0,30,148,0,0,30,0.9666666666666667,0,0,-0.6705,1,0,1,0.0,0,1,0,1.0,0.0
592f392a-d5bd-4e0e-965b-900e2ceb08fa,Spotify,Entertainment,Srikanta Balo,Unknown,5,2025-11-08 14:32:25,being a good quality of playlist we are enjoying better,being a good quality of playlist we are enjoying better,0,10,55,0,0,0,1.0,0,0,0.8481,1,0,1,0.0,0,1,0,5.0,0.0
c98934b5-611c-4cbd-beb6-f631a2f2bcb1,Spotify,Entertainment,Bryce Alfred,Unknown,5,2025-11-08 14:36:08,great,great,0,1,5,0,0,0,1.0,0,0,0.6249,1,0,1,0.0,0,3,0,5.0,0.0
101a197b-e06d-4ffd-9a99-653289866f3d,Spotify,Entertainment,SARMESH,Unknown,5,2025-11-08 14:36:33,yeeeeeeeee,yeeeeeeeee,0,1,10,0,0,0,1.0,0,0,0.0,1,0,1,0.0,0,1,0,5.0,0.0
fed7268d-3fe0-4fae-b120-ebb3ebf7f2e7,Spotify,Entertainment,Sudheerraju Kc,Unknown,5,2025-11-08 14:37:43,superrrbbb,superrrbbb,0,1,10,0,0,0,1.0,0,0,0.0,1,0,1,0.0,0,1,0,5.0,0.0
d4679ed1-88fd-42af-b3b2-aa6a6d14f42c,Spotify,Entertainment,Pinak Chincholkar,Unknown,3,2025-11-08 14:39:02,experience is good but nearly everything is for premium,experience is good but nearly everything is for premium,0,9,55,0,0,0,0.8888888888888888,0,0,0.2382,1,0,1,0.0,0,1,0,3.0,0.0
300cf7b3-e9c4-4567-8136-daa0382138fe,Spotify,Entertainment,Tarak Nath Yadav,Unknown,5,2025-11-08 14:43:09,very very nice Spotify music.,very very nice spotify music.,0,5,29,0,0,0,0.8,0,0,0.5222,1,0,1,0.0,0,1,0,5.0,0.0
30e7b218-64c9-40c8-9bbb-9446e60decd9,Spotify,Entertainment,KUNTOL SONOWAL,Unknown,1,2025-11-08 14:44:00,"After the new update, Spotify is ruined, you cannot skip in between the song, the names of the songs doesn't appear life before, it looks very boring.","after the new update, spotify is ruined, you cannot skip in between the song, the names of the songs doesn't appear life before, it looks very boring.",1,27,150,0,0,0,0.8888888888888888,0,1,-0.6901,1,0,1,0.0,0,1,0,1.0,0.0
f7f243fb-fb11-4a08-ab0f-61817f72abe3,Spotify,Entertainment,Benzia Josephraj,Unknown,4,2025-11-08 14:48:25,Easy to use and good clarity,easy to use and good clarity,0,6,28,0,0,0,1.0,0,0,0.8176,1,0,1,0.0,0,1,0,4.0,0.0
8422f391-4369-47fd-b214-9341ad5bdef9,Spotify,Entertainment,McMillan Mlambo,Unknown,5,2025-11-08 14:48:36,it's the best app where u can listen to music,it's the best app where u can listen to music,0,10,45,0,0,0,1.0,0,1,0.6369,1,0,1,0.0,0,1,0,5.0,0.0
48db4bab-8932-4cd0-828c-3a1ccef55ffc,Spotify,Entertainment,Reshma Kamble,Unknown,4,2025-11-08 14:49:09,It is good 👍👍😊,it is good 👍👍😊,0,4,14,3,0,0,1.0,0,0,0.836,1,0,1,0.0,0,1,0,4.0,0.0
825875eb-2329-42c7-9cc0-cb93b5f189b5,Spotify,Entertainment,Aryan Birwa,Unknown,5,2025-11-08 14:49:19,now it is the best musics player...ye hui na baat...👌,now it is the best musics player...ye hui na baat...👌,0,10,53,1,0,0,1.0,0,0,0.8842,1,0,1,0.0,0,1,0,5.0,0.0
be740a32-2833-44f0-a2cb-4c9482bf5758,Spotify,Entertainment,Sanyam Chopra,Unknown,5,2025-11-08 14:50:02,just let me hear songs with premium version with premium subscription thank you,just let me hear songs with premium version with premium subscription thank you,0,13,79,0,0,0,0.8461538461538461,0,0,0.3612,1,0,1,0.0,0,1,0,5.0,0.0
5d6bd0cf-4cb7-4e70-94e5-e111f7ee5b3f,Spotify,Entertainment,nati ig,Unknown,4,2025-11-08 14:51:27,kdyz už si platím to prémium tak by bylo fajn aby to fungovalo 24/7 a ne jen kdyz si aplikace řekne,kdyz už si platím to prémium tak by bylo fajn aby to fungovalo 24/7 a ne jen kdyz si aplikace řekne,0,21,99,0,0,0,0.8571428571428571,0,0,0.0,1,0,1,0.0,0,1,0,4.0,0.0
4be64ff2-a29f-4e8c-9275-32580b4083e0,Spotify,Entertainment,Bayron Mendiola,Unknown,5,2025-11-08 14:52:09,it's just good,it's just good,0,3,14,0,0,0,1.0,0,0,0.4404,1,0,1,0.0,0,1,0,5.0,0.0
39432f5b-21b3-4e97-9f78-476c1c4a8f3b,Spotify,Entertainment,Syed Tayyab,Unknown,1,2025-11-08 14:53:04,worst app ever,worst app ever,0,3,14,0,0,0,1.0,0,1,-0.6249,1,0,1,0.0,0,1,0,1.0,0.0
2763f278-c9c6-4a5d-8504-814647a471cd,Spotify,Entertainment,Penny Back,Unknown,5,2025-11-08 14:53:54,great app for sharing music with teams and family better than not being paid on other channels,great app for sharing music with teams and family better than not being paid on other channels,0,17,94,0,0,0,1.0,0,1,0.8689,1,0,1,0.0,0,1,0,5.0,0.0
d6d38eff-faf0-4b7d-ade4-43e4c68c8325,Spotify,Entertainment,Goku,Unknown,5,2025-11-08 14:55:13,😍 can find everything😃,😍 can find everything😃,0,4,22,2,0,0,1.0,0,0,0.6705,1,0,1,0.0,0,1,0,5.0,0.0
e668bf55-0073-4e34-a1b0-92dcd910964d,Spotify,Entertainment,Paul Walker,Unknown,5,2025-11-08 14:56:11,love it,love it,0,2,7,0,0,0,1.0,0,0,0.6369,1,0,1,0.0,0,3,0,5.0,0.0
418f3534-fb62-45eb-9989-ae14e4018857,Spotify,Entertainment,Pieter Smedema,Unknown,5,2025-11-08 14:58:16,Excellent!,excellent!,0,1,10,0,0,0,1.0,0,0,0.6114,1,0,1,0.0,0,1,0,5.0,0.0
458d88db-1e1b-4210-aab1-6c663d74f35c,Spotify,Entertainment,Devarshish H,Unknown,1,2025-11-08 15:00:47,worst guys pls dont use too much ads... not all songs are there in spotify,worst guys pls dont use too much ads... not all songs are there in spotify,0,15,74,0,0,0,1.0,0,0,-0.5859,1,0,1,0.0,0,1,0,1.0,0.0
0d52f046-2b08-4cad-9001-4f11ed4aad83,Spotify,Entertainment,jitendra kaushik,Unknown,5,2025-11-08 15:02:43,good app for lyrics,good app for lyrics,0,4,19,0,0,0,1.0,0,1,0.4404,1,0,1,0.0,0,1,0,5.0,0.0
93e061c9-e17e-4af5-a241-3efa8650e752,Spotify,Entertainment,Bhuyash Kumar Sahu,Unknown,5,2025-11-08 15:03:01,OUTSTANDING 👍👌,outstanding 👍👌,0,2,14,2,0,1,1.0,0,0,0.8788,1,0,1,0.0,0,1,0,5.0,0.0
aaa98a94-07ae-4649-8edc-f3378b9dc78f,Spotify,Entertainment,Shivam Kumar,Unknown,5,2025-11-08 15:03:07,best music listening app,best music listening app,0,4,24,0,0,0,1.0,0,1,0.6369,1,0,1,0.0,0,1,0,5.0,0.0
03ecd1b6-5fdc-4f52-99fb-4736f1880fd9,Spotify,Entertainment,Sahashra Kakarlapudi,Unknown,1,2025-11-08 15:03:40,Too many ads and even in premium I have to download them beforehand to listen to them offline. 💔💔🥀,too many ads and even in premium i have to download them beforehand to listen to them offline. 💔💔🥀,0,19,98,3,0,0,0.8421052631578947,1,0,0.4019,1,0,1,0.0,0,1,0,1.0,0.0
5590783a-195f-4174-b93a-4cc6ababd6fc,Spotify,Entertainment,Vangelis Mandikos,Unknown,5,2025-11-08 15:04:30,It is the perfect up for people that are into music 🎶,it is the perfect up for people that are into music 🎶,0,12,53,1,0,0,1.0,0,0,0.5719,1,0,1,0.0,0,1,0,5.0,0.0
5a3444fe-500f-4839-b52b-958cf2c02117,Spotify,Entertainment,Daniel Rogers,Unknown,1,2025-11-08 15:05:15,"Won't reconnect after disconnecting from casting. Just keeps blinking, signaling that it's connecting then nothing. One has to restart ALL their devices to get it to connect.","won't reconnect after disconnecting from casting. just keeps blinking, signaling that it's connecting then nothing. one has to restart all their devices to get it to connect.",0,27,174,0,0,1,0.9259259259259259,1,0,0.0,1,0,1,0.0,0,1,0,1.0,0.0
017c4cae-4875-41af-85de-de3eed214432,Spotify,Entertainment,Anthony Simoko,Unknown,5,2025-11-08 15:06:49,I love Spotify.,i love spotify.,0,3,15,0,0,0,1.0,0,0,0.6369,1,0,1,0.0,0,1,0,5.0,0.0
4fcf07a3-49cd-4021-8b3b-4130a271e391,Spotify,Entertainment,Daffi Dio,Unknown,1,2025-11-08 15:12:52,kenapa setiap mau denger harus beli paket premium???,kenapa setiap mau denger harus beli paket premium???,0,8,52,0,0,0,1.0,0,0,0.0,1,0,1,0.0,0,1,0,1.0,0.0
ffd0c58f-3bbd-4a69-8b9a-012c6386a745,Spotify,Entertainment,Ryan Bonono,Unknown,5,2025-11-08 15:13:59,excellent experience,excellent experience,0,2,20,0,0,0,1.0,0,0,0.5719,1,0,1,0.0,0,1,0,5.0,0.0
7a0b55bc-4b28-4f45-9f3b-c548ca752f0d,Spotify,Entertainment,Brian Akers,Unknown,5,2025-11-08 15:14:37,love the app... love the suggested playlists... look forward to new music Friday everyweek,love the app... love the suggested playlists... look forward to new music friday everyweek,0,14,90,0,0,0,0.8571428571428571,0,1,0.8555,1,0,1,0.0,0,1,0,5.0,0.0
8f6e37c8-1810-4157-8d1d-eb144daa82fb,Spotify,Entertainment,Maneesh Venkate,Unknown,5,2025-11-08 15:14:47,best app for musical,best app for musical,0,4,20,0,0,0,1.0,0,1,0.6369,1,0,1,0.0,0,1,0,5.0,0.0
e741f223-1922-4ffc-b930-9e5b84c5002a,Spotify,Entertainment,Kunal Jindal,Unknown,5,2025-11-08 15:15:59,well organized,well organized,0,2,14,0,0,0,1.0,0,0,0.2732,1,0,1,0.0,0,1,0,5.0,0.0
2dfb4727-83a3-4090-bc0c-9123fbf8bbab,Spotify,Entertainment,Rick Burchell,Unknown,5,2025-11-08 15:18:58,excellent selection of music and real variety in the mix,excellent selection of music and real variety in the mix,0,10,56,0,0,0,1.0,0,0,0.5719,1,0,1,0.0,0,1,0,5.0,0.0
99f9fe1a-6a52-4917-ae1b-4cf202bc432d,Spotify,Entertainment,Katelin Gross,Unknown,1,2025-11-08 15:19:37,It doesn't even let me listen to the playlist I want every time I click on a song in that playlist it plays it but then goes off of the playlist. Might as well make the whole app a subscription.,it doesn't even let me listen to the playlist i want every time i click on a song in that playlist it plays it but then goes off of the playlist. might as well make the whole app a subscription.,0,40,194,0,0,0,0.825,0,1,0.5106,1,0,1,0.0,0,1,1,1.0,0.0
febab978-d482-4411-88c7-bcf1875bfc27,Spotify,Entertainment,Kelly Wu,Unknown,5,2025-11-08 15:20:03,amazing.,amazing.,0,1,8,0,0,0,1.0,0,0,0.5859,1,0,1,0.0,0,1,0,5.0,0.0
6cb90b9d-de51-4e66-ba84-7a456348527e,Spotify,Entertainment,M. Klenk,Unknown,3,2025-11-08 15:21:08,"works ok, but Spotify censors certain songs","works ok, but spotify censors certain songs",0,7,43,0,0,0,1.0,0,0,-0.0387,1,0,1,0.0,0,1,0,3.0,0.0
8804e05b-bbeb-4879-8244-4f7b2219f2ad,Spotify,Entertainment,Jt Me,Unknown,2,2025-11-08 15:22:33,kebanyakan iklan dan masak kita harus premium klo mau pilih lagu sesuai yang kita mau?,kebanyakan iklan dan masak kita harus premium klo mau pilih lagu sesuai yang kita mau?,1,15,86,0,0,0,0.9333333333333333,0,0,0.0,1,0,1,0.0,0,1,0,2.0,0.0
07b25d47-4d98-42f3-bf60-57303ac19c2f,Spotify,Entertainment,Joel Brantley,Unknown,4,2025-11-08 15:23:20,likes 👍,likes 👍,0,2,7,1,0,0,1.0,0,0,0.4215,1,0,1,0.0,0,1,0,4.0,0.0
e74f9667-651a-459c-8177-897d54ce1fa5,Spotify,Entertainment,Rajan C. R,Unknown,1,2025-11-08 15:26:13,It's all good as long as you have premium(needs money). Otherwise you can't even choose which song you want to play. 😡,it's all good as long as you have premium(needs money). otherwise you can't even choose which song you want to play. 😡,0,22,118,1,0,0,0.8636363636363636,0,0,0.6808,1,0,1,0.0,0,1,1,1.0,0.0
2e4d2331-e5e1-4324-9939-08659990d7e0,Spotify,Entertainment,Sonal Bhadani,Unknown,5,2025-11-08 15:26:53,this app is great i really like to use this app,this app is great i really like to use this app,0,11,47,0,0,0,0.8181818181818182,0,1,0.7841,1,0,1,0.0,0,1,0,5.0,0.0
c1180641-09af-42c3-9408-e6adb0d58279,Spotify,Entertainment,Favour Nyambura,Unknown,1,2025-11-08 15:27:43,epic experience,epic experience,0,2,15,0,0,0,1.0,0,0,0.0,1,0,1,0.0,0,1,0,1.0,0.0
772009fa-37b6-4758-ae11-c7b8f025769d,Spotify,Entertainment,Elizabeth Salazar,Unknown,5,2025-11-08 15:27:45,love love love Spotify ❤️,love love love spotify ❤️,0,5,25,0,0,0,0.6,0,0,0.9274,1,0,1,0.0,0,1,0,5.0,0.0
6dd43dc1-9ce7-4b33-803c-3c9ebc1bd31f,Spotify,Entertainment,Fortune Fiderikumo,Unknown,2,2025-11-08 15:28:07,"This app keeps downloading my offline songs twice, taking up double the space","this app keeps downloading my offline songs twice, taking up double the space",0,13,77,0,0,0,1.0,1,1,-0.128,1,0,1,0.0,0,1,0,2.0,0.0
4c1ee464-278b-4f69-9ff8-0b5f114c0e5e,Spotify,Entertainment,A Google user,Unknown,1,2025-11-08 15:28:13,"used to be my go to music app..now performance problems every time I open it. will show offline when I'm on wifi. will lag and stutter, even tho on last year's flagship phone.","used to be my go to music app..now performance problems every time i open it. will show offline when i'm on wifi. will lag and stutter, even tho on last year's flagship phone.",0,33,175,0,0,0,0.9090909090909091,0,1,-0.7351,1,0,3,0.0,0,1,0,2.6666666666666665,2.0816659994661326
29ee51f7-f6a8-4cb6-a31c-ad70ae9bfd0d,Spotify,Entertainment,Mohamed iyed Kebsi,Unknown,4,2025-11-08 15:31:13,bon application mais beaucoup de publicité,bon application mais beaucoup de publicité,0,6,42,0,0,0,1.0,0,1,0.0,1,0,1,0.0,0,1,0,4.0,0.0
66345f5b-0108-40f3-9291-6e76c11c7f1c,Spotify,Entertainment,Ciara Palmieri,Unknown,1,2025-11-08 15:36:06,remettez la mise à jour où on pouvait choisir n'importe quelle musique c'est nul maintenant,remettez la mise à jour où on pouvait choisir n'importe quelle musique c'est nul maintenant,0,15,91,0,0,0,1.0,0,0,0.0,1,0,1,0.0,0,1,0,1.0,0.0
5e23f60a-3737-4e07-b077-2a24b2bc3b65,Spotify,Entertainment,RK RS,Unknown,3,2025-11-08 15:38:06,Lossless audio not listed in menu,lossless audio not listed in menu,0,6,33,0,0,0,1.0,0,0,0.0,1,0,1,0.0,0,1,0,3.0,0.0
3596c24f-9456-4b5f-88c1-caba873572cc,Spotify,Entertainment,himanshu sharma,Unknown,3,2025-11-08 15:38:21,Sound Quality is Very Bad,sound quality is very bad,0,5,25,0,0,0,1.0,0,0,-0.5849,1,0,1,0.0,0,1,0,3.0,0.0
77abaab0-fd3a-4f5f-896f-92ccd45edf4c,Spotify,Entertainment,Kriti Srivastava,Unknown,1,2025-11-08 15:46:21,it stops automatically in every 15 mins while running on background,it stops automatically in every 15 mins while running on background,0,11,67,0,0,0,1.0,0,0,-0.1531,1,0,1,0.0,0,1,0,1.0,0.0
1eb60937-1c38-4ad9-8911-e7ab598ccea1,Spotify,Entertainment,Ahmed Farah,Unknown,4,2025-11-08 15:47:07,Good but don't forget us poor one we can't afford purchase all the time,good but don't forget us poor one we can't afford purchase all the time,0,14,71,0,0,0,1.0,0,0,0.7415,1,0,1,0.0,0,1,0,4.0,0.0
3a9546cf-5f26-4acd-8478-de43f503edef,Spotify,Entertainment,Surya Octa Pratama,Unknown,4,2025-11-08 15:47:53,too much ads,too much ads,0,3,12,0,0,0,1.0,0,0,0.0,1,0,1,0.0,0,1,0,4.0,0.0
760c5623-8a7d-4724-bc4f-375b4120ea66,Spotify,Entertainment,Nova 100%,Unknown,1,2025-11-08 15:50:46,terrible paywall behind picking songs and skipping music. you can get other apps that have less adds and you can pick songs and skip as much as you like. don't use,terrible paywall behind picking songs and skipping music. you can get other apps that have less adds and you can pick songs and skip as much as you like. don't use,0,31,163,0,0,0,0.7741935483870968,0,1,-0.1531,1,0,1,0.0,0,1,0,1.0,0.0
ab22d6bb-0446-44ee-9819-15ac33f9f250,Spotify,Entertainment,Federico Morganti,Unknown,3,2025-11-08 15:54:58,"è improvvisamente diventato impossibile salvare i brani nelle playlist da mobile. Confermo che la funzione ""find playlist"", quando si cerca di aggiungere un brano a una lista, non funziona","è improvvisamente diventato impossibile salvare i brani nelle playlist da mobile. confermo che la funzione ""find playlist"", quando si cerca di aggiungere un brano a una lista, non funziona",0,29,188,0,0,0,1.0,0,0,0.0,1,0,1,0.0,0,1,0,3.0,0.0
941bf512-bef5-4d86-afc9-5a2e11e20fd5,Spotify,Entertainment,Pushpa Tiwari,Unknown,4,2025-11-08 15:56:31,if only there were less premium specified stuff 😭,if only there were less premium specified stuff 😭,0,9,49,1,0,0,1.0,0,0,-0.4767,1,0,1,0.0,0,1,0,4.0,0.0
603f1e3b-b1c4-4869-bb5a-69bc3a4e82c1,Spotify,Entertainment,Bahtiardo (チイアル),Unknown,1,2025-11-08 15:58:56,The monthly price has increased without a corresponding enhancement in quality. Will FLAC support be implemented in the near future?,the monthly price has increased without a corresponding enhancement in quality. will flac support be implemented in the near future?,0,20,132,0,0,1,0.9,0,0,0.5859,1,0,1,0.0,0,1,1,1.0,0.0
4c4748fa-efd5-477d-abe7-6e346d1acb1e,Spotify,Entertainment,Turf Wood Projekts,Unknown,4,2025-11-08 16:05:40,I have got nothing to complain about this application,i have got nothing to complain about this application,0,9,53,0,0,0,1.0,0,1,0.2755,1,0,1,0.0,0,1,0,4.0,0.0
0ad9bbfb-51de-4fb7-8699-3a5eeb81be51,Spotify,Entertainment,Jincy Joy,Unknown,1,2025-11-08 16:07:27,This is a perfect app,this is a perfect app,0,5,21,0,0,0,1.0,0,1,0.5719,1,0,1,0.0,0,1,1,1.0,0.0
ba36d69e-4e05-44d1-b499-02e39ccbe158,Spotify,Entertainment,Krish Gadara,Unknown,1,2025-11-08 16:08:08,limits to listen a song wow i quit this app thanks to give me a wonderful experience till today,limits to listen a song wow i quit this app thanks to give me a wonderful experience till today,0,19,95,0,0,0,0.8947368421052632,0,1,0.886,1,0,1,0.0,0,1,1,1.0,0.0
ec876b42-6cf1-4b93-99fd-1e82b49947a5,Spotify,Entertainment,CA Ajay Kumar,Unknown,1,2025-11-08 16:09:09,greddy people,greddy people,0,2,13,0,0,0,1.0,0,0,0.0,1,0,1,0.0,0,1,0,1.0,0.0
4841d1eb-0270-4526-b06b-342288eaaf57,Spotify,Entertainment,James Minyard,Unknown,1,2025-11-08 16:13:19,"app plays when i don't want it to. play when i hit play, not when i open. I can't open the app in peace in my car, especially when my kid is there.","app plays when i don't want it to. play when i hit play, not when i open. i can't open the app in peace in my car, especially when my kid is there.",0,33,147,0,0,0,0.7272727272727273,0,1,0.8433,1,0,1,0.0,0,1,1,1.0,0.0
69b7a380-9784-4e47-9b42-e5e6e699b537,Spotify,Entertainment,Devansh Saxena,Unknown,3,2025-11-08 16:13:40,just don't like smart shuffle,just don't like smart shuffle,0,5,29,0,0,0,1.0,0,0,-0.5216,1,0,1,0.0,0,1,0,3.0,0.0
e6b495c5-ae22-440a-a325-2438ef5ca21c,Spotify,Entertainment,DEVAL BADRAKIYA,Unknown,1,2025-11-08 16:33:30,"Very poor app, at the time when it was launched it was very good, but at the end to earn money now they are begging to the users to buy premium to play our choice's song👎🏻.","very poor app, at the time when it was launched it was very good, but at the end to earn money now they are begging to the users to buy premium to play our choice's song👎🏻.",0,36,172,2,0,0,0.75,0,1,0.5023,1,0,1,0.0,0,1,1,1.0,0.0
c697ea1b-7d0d-4ccc-a91a-f0be85a32a5d,Spotify,Entertainment,bilal khan,Unknown,4,2025-11-08 16:39:13,this is the best app,this is the best app,0,5,20,0,0,0,1.0,0,1,0.6369,1,0,1,0.0,0,1,0,4.0,0.0
c7d8ef37-3d38-484c-8110-7ec7bd441402,Spotify,Entertainment,Jupiter /ᐠ。ꞈ。ᐟ\,Unknown,1,2025-11-08 16:52:09,cant even listen to the song you want unless you pay 12 dollars a month and can't re wind the song replay it skip back skip forward more than 6 times.,cant even listen to the song you want unless you pay 12 dollars a month and can't re wind the song replay it skip back skip forward more than 6 times.,0,31,150,0,0,0,0.8709677419354839,0,0,-0.0258,1,0,1,0.0,0,1,0,1.0,0.0
c78f8116-a659-4e3a-9cef-cd5dfc795d67,Spotify,Entertainment,Himanshu Singh,Unknown,1,2025-11-08 16:52:29,Why Are You Annoying Your Customers Wrost Music App Ever Made,why are you annoying your customers wrost music app ever made,0,11,61,0,0,0,1.0,0,1,-0.4019,1,0,1,0.0,0,1,0,1.0,0.0
830e3b9b-2fb2-487f-b724-5a3869e74e3c,Spotify,Entertainment,Hehe hoho,Unknown,1,2025-11-08 16:58:35,pehle use krta tha to acha abhi yei bilkul sijju pelu ki trh hogya hei,pehle use krta tha to acha abhi yei bilkul sijju pelu ki trh hogya hei,0,15,70,0,0,0,1.0,0,1,0.0,1,0,1,0.0,0,1,0,1.0,0.0
2d5a391f-48bb-4141-92ac-0dd7ac3c9435,Spotify,Entertainment,Carl Tucker,Unknown,1,2025-11-08 17:15:08,"Was once my go to app. never disappoint. now so many restrictions ads and always crashing. Anyone Reading this review I highly recommend going to Deezer, Pandora or YouTube music. Spotify just money hungry now.🤬 Very disappointed","was once my go to app. never disappoint. now so many restrictions ads and always crashing. anyone reading this review i highly recommend going to deezer, pandora or youtube music. spotify just money hungry now.🤬 very disappointed",0,37,229,1,0,0,0.972972972972973,0,1,0.1675,1,0,1,0.0,0,1,0,1.0,0.0
fe13bac4-7a10-43b4-9ca5-454798a4eb12,Spotify,Entertainment,Toast,Unknown,5,2025-11-08 17:15:41,perfect,perfect,0,1,7,0,0,0,1.0,0,0,0.5719,1,0,1,0.0,0,1,0,5.0,0.0
86e0731b-5e62-4fdc-a0db-cdf0568b285a,Spotify,Entertainment,nomatter musiyapinda,Unknown,5,2025-11-08 17:15:55,Spotify music is the best it allows you to use your phone while the music is playing background lm in love 😍,spotify music is the best it allows you to use your phone while the music is playing background lm in love 😍,0,22,108,1,0,0,0.8636363636363636,0,0,0.9217,1,0,1,0.0,0,1,0,5.0,0.0
b91635b1-5ab4-4fac-88c0-771976dfc598,Spotify,Entertainment,Carissa,Unknown,5,2025-11-08 17:16:19,"It started working right again. I don't know what happened. Anyway, as long as it continues to work well, this will continue to be my favorite music app.","it started working right again. i don't know what happened. anyway, as long as it continues to work well, this will continue to be my favorite music app.",2,28,153,0,0,0,0.8928571428571429,0,1,0.6249,1,0,1,0.0,0,1,0,5.0,0.0
741601c2-225a-4da1-ab5a-8da1bca1e28c,Spotify,Entertainment,Daniela Xavier,Unknown,5,2025-11-08 17:18:08,"Muitas opções atuais e antigas, com grande variedade de artistas!!","muitas opções atuais e antigas, com grande variedade de artistas!!",0,10,66,0,0,0,1.0,0,0,0.0,1,0,1,0.0,0,1,0,5.0,0.0
4957c9d5-8bb6-47db-92d7-612712c10200,Spotify,Entertainment,Christine Shorty,Unknown,3,2025-11-08 17:18:19,a bunch of ads and I'm broke💔,a bunch of ads and i'm broke💔,0,7,29,1,0,0,1.0,0,0,-0.1779,1,0,1,0.0,0,1,0,3.0,0.0
c2e123e1-595a-4897-aedb-71231809946a,Spotify,Entertainment,Sanjay Misra,Unknown,1,2025-11-08 17:18:44,worst app ever it is having to many add in a minute very worst app,worst app ever it is having to many add in a minute very worst app,0,15,66,0,0,0,0.8666666666666667,0,1,-0.8588,1,0,1,0.0,0,1,0,1.0,0.0
dcb69923-8cd2-4b9c-b937-750d2dd488df,Spotify,Entertainment,Ver,Unknown,5,2025-11-08 17:18:45,I love all the music and phonk ngl. There are ads but still it's good!,i love all the music and phonk ngl. there are ads but still it's good!,0,15,70,0,0,0,1.0,0,0,0.7745,1,0,1,0.0,0,1,0,5.0,0.0
205f3cfc-58e5-449d-93a9-93c0b413a821,Spotify,Entertainment,Varun Kumar,Unknown,1,2025-11-08 17:23:47,if you have premium than it is good but if you don't have premium trash,if you have premium than it is good but if you don't have premium trash,0,15,71,0,0,0,0.7333333333333333,0,0,0.2382,1,0,1,0.0,0,1,0,1.0,0.0
94c54e00-8606-4057-9922-c5767d3fdf94,Spotify,Entertainment,Mike Mike,Unknown,2,2025-11-08 17:24:33,issue with ads,issue with ads,0,3,14,0,0,0,1.0,0,0,0.0,1,0,1,0.0,0,1,0,2.0,0.0
a33aa4f0-acca-42bb-9152-7a2c3477fbe8,Spotify,Entertainment,Anvar Ali,Unknown,5,2025-11-08 17:26:34,sounds quality is outstanding 👍,sounds quality is outstanding 👍,0,5,31,1,0,0,1.0,0,0,0.6124,1,0,1,0.0,0,1,0,5.0,0.0
78a93d58-365a-4da5-8fa5-d68ef1e163ed,Spotify,Entertainment,Ibrahim Adekola Mohammed,Unknown,5,2025-11-08 17:26:50,This is the best music app ever,this is the best music app ever,0,7,31,0,0,0,1.0,0,1,0.6369,1,0,1,0.0,0,1,0,5.0,0.0
e0c96eb9-0826-4841-9955-b7cad6b138a1,Spotify,Entertainment,Pratima Bele,Unknown,5,2025-11-08 17:27:12,very good app 😃👍,very good app 😃👍,0,4,16,2,0,0,1.0,0,1,0.7146,1,0,1,0.0,0,1,0,5.0,0.0
cf8a1050-76e1-450e-aac1-26695ba3cca3,Spotify,Entertainment,Solomon,Unknown,5,2025-11-08 17:28:23,great for people who want all music,great for people who want all music,0,7,35,0,0,0,1.0,0,0,0.6597,1,0,1,0.0,0,1,0,5.0,0.0
29812aa7-3124-4f4c-99c7-e12010d3102c,Spotify,Entertainment,Chidubem David,Unknown,5,2025-11-08 17:32:34,Best music app ever,best music app ever,0,4,19,0,0,0,1.0,0,1,0.6369,1,0,1,0.0,0,1,0,5.0,0.0
cd7caa33-6d5e-4eb5-a292-4c2233eb119f,Spotify,Entertainment,digu gurjar,Unknown,1,2025-11-08 17:33:07,worst app ever!,worst app ever!,0,3,15,0,0,0,1.0,0,1,-0.6588,1,0,1,0.0,0,1,0,1.0,0.0
6df6b2d5-182c-4aff-8cd6-2d0ae6ea19c9,Spotify,Entertainment,Amy Nornin,Unknown,1,2025-11-08 17:33:20,Too bad you play ICE ads and I deleted you.,too bad you play ice ads and i deleted you.,2,10,43,0,0,1,1.0,0,0,-0.2732,1,0,1,0.0,0,1,0,1.0,0.0
e742ed0c-b63a-4dd0-a2ff-b77dcafd405d,Spotify,Entertainment,Lyn Mcculloch,Unknown,5,2025-11-08 17:33:28,best music app by far 😀😀,best music app by far 😀😀,0,6,24,2,0,0,1.0,0,1,0.8481,1,0,1,0.0,0,1,0,5.0,0.0
6bf56817-f713-440e-9d4c-b8d7f2eee2cb,Spotify,Entertainment,Siddharth Gupta,Unknown,1,2025-11-08 17:34:47,They are making this app to pay to listen. Forcing users to take premium. Use yt music rather than spotify,they are making this app to pay to listen. forcing users to take premium. use yt music rather than spotify,0,20,106,0,0,0,0.9,0,1,-0.1027,1,0,1,0.0,0,1,0,1.0,0.0
4f88ae84-b19b-4afb-b452-416b63f0808f,Spotify,Entertainment,Mark Sunday,Unknown,5,2025-11-08 17:36:39,"it's a very sweet and good app..I really enjoyed my premium and updates in the app,best app ever","it's a very sweet and good app..i really enjoyed my premium and updates in the app,best app ever",0,18,96,0,0,0,0.9444444444444444,0,1,0.8764,1,0,1,0.0,0,1,0,5.0,0.0
ab7920bc-463b-4b6d-b03d-d283277585e1,Spotify,Entertainment,Harun Pathan,Unknown,5,2025-11-08 17:37:46,this app is so good 👍,this app is so good 👍,0,6,21,1,0,0,1.0,0,1,0.5777,1,0,1,0.0,0,1,0,5.0,0.0
9924d557-fd13-4c56-8214-2995dc2516bc,Spotify,Entertainment,Bosteers Wambua,Unknown,5,2025-11-08 17:39:21,This app is amazing. I love it and I recommend anyone and everyone to use it💯,this app is amazing. i love it and i recommend anyone and everyone to use it💯,0,16,77,1,0,0,0.875,0,1,0.8885,1,0,1,0.0,0,1,0,5.0,0.0
c9eeaa3e-e1b6-4278-af98-525802d4469a,Spotify,Entertainment,Pavitra Singh,Unknown,1,2025-11-08 17:43:28,To more adds are coming and distruing our peace full time please avoid adds so I given only 1 ⭐,to more adds are coming and distruing our peace full time please avoid adds so i given only 1 ⭐,0,20,95,0,0,0,0.95,0,0,0.5574,1,0,1,0.0,0,1,1,1.0,0.0
f5a173d4-3311-44e9-b57b-2b2fd490c80d,Spotify,Entertainment,AS Venugopal,Unknown,5,2025-11-08 17:44:48,"Able to find almost all songs from 50's to latest. can easily search using lyrics, without song names also.","able to find almost all songs from 50's to latest. can easily search using lyrics, without song names also.",0,19,107,0,0,0,0.9473684210526315,0,0,0.34,1,0,1,0.0,0,1,0,5.0,0.0
16507531-22b1-4652-8050-26da57abb78d,Spotify,Entertainment,Nomkhosi Narie,Unknown,2,2025-11-08 17:46:14,Not good,not good,0,2,8,0,0,0,1.0,0,0,-0.3412,1,0,1,0.0,0,2,0,2.0,0.0
b4c91275-e009-48af-85c8-8614ba418c93,Spotify,Entertainment,aria the uni gamer,Unknown,3,2025-11-08 17:49:11,they are literally SO greedy. cant even play a song from my search now like what the genuine hell 🥀,they are literally so greedy. cant even play a song from my search now like what the genuine hell 🥀,0,20,99,1,0,1,1.0,0,0,-0.7979,1,0,1,0.0,0,1,0,3.0,0.0
fece5359-a195-47d1-ba3d-71c12701207e,Spotify,Entertainment,Cooper's channel Official,Unknown,1,2025-11-08 17:51:22,"This app is terrible, honestly. Can't listen to anything and can't even see lyrics without premium. It's really sad that everything is being blocked by paywalls. Amount of ads I get sometimes is insane.","this app is terrible, honestly. can't listen to anything and can't even see lyrics without premium. it's really sad that everything is being blocked by paywalls. amount of ads i get sometimes is insane.",0,34,202,0,0,0,0.9117647058823529,0,1,-0.807,1,0,1,0.0,0,1,0,1.0,0.0
2b41f946-0490-41c6-aac1-cdf814cb4a9a,Spotify,Entertainment,Maisie Patterson,Unknown,4,2025-11-08 17:51:26,I think its a great music app however it can sometimes be slow,i think its a great music app however it can sometimes be slow,0,13,62,0,0,0,1.0,0,1,0.6249,1,0,1,0.0,0,1,0,4.0,0.0
036f64dc-d781-4478-a90a-36cb5e3c028c,Spotify,Entertainment,Rosie Wesley,Unknown,5,2025-11-08 17:53:35,pretty much good,pretty much good,0,3,16,0,0,0,1.0,0,0,0.7269,1,0,1,0.0,0,1,0,5.0,0.0
bfbdc326-46c1-4279-b072-c64caca9e0c4,Spotify,Entertainment,Eric “17” Saint,Unknown,5,2025-11-08 17:53:40,exceptional 🌟,exceptional 🌟,0,2,13,1,0,0,1.0,0,0,0.0,1,0,1,0.0,0,1,0,5.0,0.0
9d1579da-a683-4c55-8469-133cd0382ed1,Spotify,Entertainment,christian ramokone,Unknown,5,2025-11-08 17:53:41,its good,its good,0,2,8,0,0,0,1.0,0,0,0.4404,1,0,1,0.0,0,1,0,5.0,0.0
7ff361a4-b49c-4513-9aec-9746955f8a56,Spotify,Entertainment,Orin Nafsin,Unknown,4,2025-11-08 17:55:02,ts tuff,ts tuff,0,2,7,0,0,0,1.0,0,0,0.0,1,0,1,0.0,0,1,0,4.0,0.0
6ffb1b00-58f6-47b4-a1e8-93acd0df2d4a,Spotify,Entertainment,Saifullah ashraf,Unknown,5,2025-11-08 17:56:57,I love Allah,i love allah,0,3,12,0,0,0,1.0,0,0,0.6369,1,0,1,0.0,0,1,0,5.0,0.0
c1a8837a-3ab5-4bda-871b-0ae07aad3029,Spotify,Entertainment,Michael Chavula,Unknown,5,2025-11-08 17:59:08,exceptional ✨😁,exceptional ✨😁,0,2,14,1,0,0,1.0,0,0,0.6801,1,0,1,0.0,0,1,0,5.0,0.0
041b8a72-6795-4525-a2d9-188520fe4ba6,Spotify,Entertainment,Katherine Thornton,Unknown,5,2025-11-08 17:59:14,it's great and love it 💜💙💛💚❤🖤,it's great and love it 💜💙💛💚❤🖤,0,6,29,5,0,0,1.0,0,0,0.9887,1,0,1,0.0,0,1,0,5.0,0.0
761a8663-0b70-41d4-8f54-5163e7d1024e,Spotify,Entertainment,San D,Unknown,1,2025-11-08 18:02:46,uninstalled this app....Spotify becomes a worst app because because continuously crying for selling premium. now not able to switch any song and it said come tomorrow 😂 I uninstall this app,uninstalled this app....spotify becomes a worst app because because continuously crying for selling premium. now not able to switch any song and it said come tomorrow 😂 i uninstall this app,0,31,189,1,0,0,0.9032258064516129,1,1,-0.6486,1,0,1,0.0,0,1,0,1.0,0.0
a8704621-9965-4482-9cf5-ff5ffc02f982,Spotify,Entertainment,Kealeboga Modisane,Unknown,5,2025-11-08 18:04:28,"best 5 🌟 app that lets you to listen to every music only every day now and then all day ,makes your day to be special.","best 5 🌟 app that lets you to listen to every music only every day now and then all day ,makes your day to be special.",0,26,118,1,0,0,0.8076923076923077,0,1,0.7845,1,0,1,0.0,0,1,0,5.0,0.0
1d446ade-ab50-4465-86f3-4b2d3a9937d4,Spotify,Entertainment,KABITA TIMSINA,Unknown,3,2025-11-08 18:04:33,Repond to feedbacks don't show me ads which I have disliked,repond to feedbacks don't show me ads which i have disliked,0,11,59,0,0,0,1.0,0,0,-0.4019,1,0,1,0.0,0,1,0,3.0,0.0
a410210f-ace7-4462-9ddb-a5834f1c3bcf,Spotify,Entertainment,Odiakose Darrell,Unknown,5,2025-11-08 18:06:33,Very good app for music I would say the number 1 music app Really gives you some solid Christian Music,very good app for music i would say the number 1 music app really gives you some solid christian music,0,20,102,0,0,0,0.85,0,1,0.624,1,0,1,0.0,0,1,0,5.0,0.0
f537b619-d659-473b-aa56-15a5658aee01,Spotify,Entertainment,Adrija Ghosh,Unknown,1,2025-11-08 18:07:31,keeps begging(would give -1 stars if possible),keeps begging(would give -1 stars if possible),0,7,46,0,0,0,1.0,0,0,0.0,1,0,1,0.0,0,1,0,1.0,0.0
33bfd205-0226-4652-8ebd-5e0409b6b5a0,Spotify,Entertainment,vimal sadapal,Unknown,1,2025-11-08 18:07:40,terrible it doesn't even work I try playing a song the the app closes,terrible it doesn't even work i try playing a song the the app closes,0,14,69,0,0,0,0.9285714285714286,0,1,-0.3182,1,0,1,0.0,0,1,0,1.0,0.0
302079ce-943a-409d-b16f-ec5661ac64d3,Spotify,Entertainment,Tony Shen,Unknown,4,2025-11-08 18:13:44,Pretty good. I like it,pretty good. i like it,0,5,22,0,0,0,1.0,0,0,0.8225,1,0,1,0.0,0,1,0,4.0,0.0
ed7a8c95-0f96-424c-bbf0-249fff076ebc,Spotify,Entertainment,Me selim Reza,Unknown,5,2025-11-08 18:14:57,I like This app,i like this app,0,4,15,0,0,0,1.0,0,1,0.3612,1,0,1,0.0,0,1,0,5.0,0.0
fa29d79b-71e6-4a2c-89cd-bb19fdf708d4,Spotify,Entertainment,Jay Jindal,Unknown,1,2025-11-08 18:16:39,Ads are increasing day by day with every update. The ads are getting too often after one song there is a compulsory ad,ads are increasing day by day with every update. the ads are getting too often after one song there is a compulsory ad,0,23,118,0,0,0,0.8695652173913043,0,0,0.0,1,0,1,0.0,0,1,0,1.0,0.0
9dd2f13f-c4c8-43ba-af82-173be1c004f6,Spotify,Entertainment,Vinay verma,Unknown,1,2025-11-08 18:17:24,too many aids 3 aids in same time,too many aids 3 aids in same time,0,8,33,0,0,0,0.875,0,0,0.0,1,0,1,0.0,0,1,0,1.0,0.0
8c200eb8-fe64-4199-86e7-4b386938780e,Spotify,Entertainment,nithya prasanna,Unknown,3,2025-11-08 18:18:45,thous advertisement..🙏🏻🙏🏻🙏🏻,thous advertisement..🙏🏻🙏🏻🙏🏻,0,2,27,6,0,0,1.0,0,0,0.0,1,0,1,0.0,0,1,0,3.0,0.0
3d3cdb9d-cd58-409f-a74e-3d07df8ff120,Spotify,Entertainment,Dhanya Shaji,Unknown,5,2025-11-08 18:21:28,ada gommale,ada gommale,0,2,11,0,0,0,1.0,0,0,0.0,1,0,1,0.0,0,1,0,5.0,0.0
e2190e6e-fcf5-47cb-a27b-0772214d7fdf,Spotify,Entertainment,Moxxie Spunkie Swirl,Unknown,1,2025-11-08 18:22:08,literally you can't even pick songs anymore and NOW YOU GUYS HAVE 3-4 ADS WHEN WE LISTEN TO LIKE 3 SONGS. 3 songs that are like 2 minutes long 😐 give us free Spotify users a BREAKKKKKK,literally you can't even pick songs anymore and now you guys have 3-4 ads when we listen to like 3 songs. 3 songs that are like 2 minutes long 😐 give us free spotify users a breakkkkkk,1,37,184,1,0,12,0.8918918918918919,1,0,0.8074,1,0,1,0.0,0,1,1,1.0,0.0
67c25a38-8976-4c8e-8e1e-12c36cba6fd5,Spotify,Entertainment,shourya,Unknown,1,2025-11-08 18:25:30,recently there have been lots of adds,recently there have been lots of adds,0,7,37,0,0,0,1.0,0,0,0.0,1,0,1,0.0,0,1,0,1.0,0.0
fe39cbb0-a5a5-4046-95b7-253c981d91be,Spotify,Entertainment,Vishnu Morya,Unknown,5,2025-11-08 18:28:47,nice 🎧🎧,nice 🎧🎧,0,2,7,2,0,0,1.0,0,0,0.4215,1,0,1,0.0,0,1,0,5.0,0.0
27d10dda-d41f-431a-9412-2147b4b2d546,Spotify,Entertainment,RAYMOND NEMETZ,Unknown,5,2025-11-08 18:30:11,its gud 👍🏻,its gud 👍🏻,0,3,10,2,0,0,1.0,0,0,0.0,1,0,1,0.0,0,1,0,5.0,0.0
dec5d77b-8bc8-4437-bd5f-85da28b47867,Spotify,Entertainment,Akshyaya Kumar Pradhan,Unknown,1,2025-11-08 18:30:30,"worst app for songs if you dont have premium, so many ads on every 5 or 6 songs","worst app for songs if you dont have premium, so many ads on every 5 or 6 songs",0,18,79,0,0,0,0.9444444444444444,0,1,-0.6249,1,0,1,0.0,0,1,0,1.0,0.0
9375891f-3c44-44ce-b6a3-9485a41399dd,Spotify,Entertainment,Khan g Ff,Unknown,5,2025-11-08 18:30:35,best app love 💓 this app,best app love 💓 this app,0,6,24,1,0,0,0.8333333333333334,0,1,0.8979,1,0,1,0.0,0,1,0,5.0,0.0
96ee6cf5-f89a-4a07-b3c4-8af1168d8ef5,Spotify,Entertainment,antonio felix,Unknown,1,2025-11-08 18:31:18,POS APP,pos app,0,2,7,0,0,2,1.0,0,1,0.0,1,0,1,0.0,0,1,0,1.0,0.0
04749c84-f692-4b32-bb86-a8fb21caa645,Spotify,Entertainment,Michael Bones,Unknown,5,2025-11-08 18:32:48,5 stars now that lossless is here.,5 stars now that lossless is here.,0,7,34,0,0,0,1.0,0,0,0.0,1,0,1,0.0,0,1,0,5.0,0.0
f758dfb6-f494-4303-aa41-095114b84218,Spotify,Entertainment,Chris Chinaza,Unknown,5,2025-11-08 18:34:59,I like the app but is just that I can't add the list of the saved into my file.,i like the app but is just that i can't add the list of the saved into my file.,0,19,79,0,0,0,0.8421052631578947,0,1,0.6652,1,0,1,0.0,0,1,0,5.0,0.0
cec31b3d-291f-4ff5-b75d-618faa656015,Spotify,Entertainment,Zachary Gonzalez,Unknown,5,2025-11-08 18:41:51,"The best music streaming service, and it's not even close. Edit: 11/08/25 Spotify just put out an update for lossless audio, making Tidal pretty much DOA with a single update. Also enjoying Spotify Jams with friends a lot as well.","the best music streaming service, and it's not even close. edit: 11/08/25 spotify just put out an update for lossless audio, making tidal pretty much doa with a single update. also enjoying spotify jams with friends a lot as well.",0,40,230,0,0,1,0.925,0,0,0.9136,1,0,1,0.0,0,1,0,5.0,0.0
bd7ae913-1dac-4a95-9f4b-d8f445d2cac5,Spotify,Entertainment,Janice Vansteenburg,Unknown,5,2025-11-08 18:45:47,great music and a really good selection. All of my favorite artists and songs. It's unlimited entertainment.,great music and a really good selection. all of my favorite artists and songs. it's unlimited entertainment.,0,17,108,0,0,0,0.9411764705882353,0,0,0.92,1,0,1,0.0,0,1,0,5.0,0.0
f8e336ff-07e7-4438-a934-d535de27dd7a,Spotify,Entertainment,PINKI PRIYA,Unknown,5,2025-11-08 18:51:07,it is good,it is good,0,3,10,0,0,0,1.0,0,0,0.4404,1,0,1,0.0,0,1,0,5.0,0.0
50b8f12f-27a6-4643-aa2c-eb9b15737a62,Spotify,Entertainment,Eliz,Unknown,3,2025-11-08 18:52:13,this app is good but I can't choose my own songs which is a big no no to me,this app is good but i can't choose my own songs which is a big no no to me,0,19,75,0,0,0,0.8947368421052632,0,1,0.5076,1,0,1,0.0,0,1,0,3.0,0.0
8486b9f0-364b-45de-a323-5c00961728bb,Spotify,Entertainment,Gordon Sargon,Unknown,3,2025-11-08 19:01:16,please to see search option. to find a song on saved Playlists .need a fast forward and rewind options on songs on spofity. some songs don't play on Spotify new taylor Swift songs don't play on Spotify .,please to see search option. to find a song on saved playlists .need a fast forward and rewind options on songs on spofity. some songs don't play on spotify new taylor swift songs don't play on spotify .,0,38,203,0,0,0,0.7105263157894737,0,0,0.4268,1,0,1,0.0,0,1,0,3.0,0.0
c746ed02-2b0f-4a07-a4f4-b5171f26aa2e,Spotify,Entertainment,NADIM FF,Unknown,5,2025-11-08 19:03:47,visca barca,visca barca,0,2,11,0,0,0,1.0,0,0,0.0,1,0,1,0.0,0,1,0,5.0,0.0
e65c8b1f-48b5-449e-ab5c-4ea880fb2b38,Spotify,Entertainment,Anish,Unknown,4,2025-11-08 19:04:48,One think I don't like is that you can't use Google pay to buy the Spotify premium hope Spotify will accept Google pay soon as I want to purchase the premium,one think i don't like is that you can't use google pay to buy the spotify premium hope spotify will accept google pay soon as i want to purchase the premium,0,31,157,0,0,0,0.7741935483870968,0,0,0.5553,1,0,1,0.0,0,1,0,4.0,0.0
012dba4b-5c47-4e03-a9c1-365188cc0144,Spotify,Entertainment,Akash kr Singh,Unknown,1,2025-11-08 19:05:53,this is the worst app to listen songs.,this is the worst app to listen songs.,0,8,38,0,0,0,1.0,0,1,-0.6249,1,0,1,0.0,0,1,0,1.0,0.0
7677db59-29f1-4d18-a4d2-1807b6c66b25,Spotify,Entertainment,Jack Dowling,Unknown,2,2025-11-08 19:07:47,"Podcast experience poor. Buggy. Feed is now upside down, meaning you have to scroll for ages to the bottom to new episodes. Streaming to a Google speaker is laggy as hell. It's a long running issue that's not been fixed.","podcast experience poor. buggy. feed is now upside down, meaning you have to scroll for ages to the bottom to new episodes. streaming to a google speaker is laggy as hell. it's a long running issue that's not been fixed.",0,40,220,0,0,0,0.875,0,0,-0.8271,1,0,1,0.0,0,1,0,2.0,0.0
7b48853e-25c2-4e89-82bc-3683aea700ac,Spotify,Entertainment,Maharabam Milady,Unknown,1,2025-11-08 19:08:28,"seriously! it's very irritating, the ads and all. Not everyone can get premium","seriously! it's very irritating, the ads and all. not everyone can get premium",0,13,78,0,0,0,1.0,0,0,-0.6468,1,0,1,0.0,0,1,0,1.0,0.0
29fe0849-a514-4997-b595-e46ec2a2ec2d,Spotify,Entertainment,Eunice Titmus,Unknown,5,2025-11-08 19:15:45,What a pleasure!,what a pleasure!,0,3,16,0,0,0,1.0,0,0,0.6114,1,0,1,0.0,0,1,0,5.0,0.0
98b42164-98e4-4d66-9635-1c8a15ec7b03,Spotify,Entertainment,Anita Sable,Unknown,1,2025-11-08 19:18:40,very additve,very additve,0,2,12,0,0,0,1.0,0,0,0.0,1,0,1,0.0,0,1,0,1.0,0.0
aa7da524-c26a-401c-acd7-81a23d5c6314,Spotify,Entertainment,Jefflin Shiju,Unknown,1,2025-11-08 19:20:22,"They are not giving student concession for all college students they are giving it to some of the rich colleges only , they are not giving student concession even if I was studying,because of I am in small college","they are not giving student concession for all college students they are giving it to some of the rich colleges only , they are not giving student concession even if i was studying,because of i am in small college",0,39,213,0,0,0,0.6923076923076923,0,0,0.4456,1,0,1,0.0,0,1,0,1.0,0.0
57ea2aaf-03c9-463c-b89b-4e44bfdd2cff,Spotify,Entertainment,Ayanda Zamisa,Unknown,5,2025-11-08 19:22:02,good to use it,good to use it,0,4,14,0,0,0,1.0,0,0,0.4404,1,0,1,0.0,0,1,0,5.0,0.0
5f002ec6-50d9-4332-b7dc-0495cefb4f78,Spotify,Entertainment,Nkurisani,Unknown,1,2025-11-08 19:24:35,this app is the best music app but has a problem. when it comes to premium features everything is limited even choosing an app or scrolling your music is limited so that's why I rate it 1 star,this app is the best music app but has a problem. when it comes to premium features everything is limited even choosing an app or scrolling your music is limited so that's why i rate it 1 star,0,38,192,0,0,0,0.8157894736842105,0,1,-0.6858,1,0,1,0.0,0,1,0,1.0,0.0
75f04e8f-8328-40ba-a24b-7f6e784eaf76,Spotify,Entertainment,David Mukolwe Makanga,Unknown,5,2025-11-08 19:27:11,it is the most excellent and clear music app ive ever experienced,it is the most excellent and clear music app ive ever experienced,0,12,65,0,0,0,1.0,0,1,0.7818,1,0,1,0.0,0,1,0,5.0,0.0
e39220f0-b824-4bef-ab46-e2102b8d0abc,Spotify,Entertainment,catt (Pinkki Kettu),Unknown,1,2025-11-08 19:27:42,"used to use Spotify alot, but I can't control what I want to listen to,, I suggest using YouTube for music atp because atleast you have control over your full playlist, can control it, and LOOP the songs for FREE!!!","used to use spotify alot, but i can't control what i want to listen to,, i suggest using youtube for music atp because atleast you have control over your full playlist, can control it, and loop the songs for free!!!",0,40,215,0,0,2,0.85,1,0,0.7767,1,0,1,0.0,0,1,1,1.0,0.0
e16285e1-3278-4f86-ba9a-c2e410cf64c5,Spotify,Entertainment,Michelle K,Unknown,3,2025-11-08 19:34:10,"Why are my liked songs now in alphabetical order by artist? Also, the function for searching playlists to add songs to them is not working for me 🙁.","why are my liked songs now in alphabetical order by artist? also, the function for searching playlists to add songs to them is not working for me 🙁.",0,28,148,1,0,0,0.8928571428571429,0,0,0.1761,1,0,1,0.0,0,1,0,3.0,0.0
7eb5ab07-ffde-4bc6-8377-32dfb5e9c7db,Spotify,Entertainment,Dhruvika Prajapati,Unknown,5,2025-11-08 19:38:22,very nice song 😍,very nice song 😍,0,4,16,1,0,0,1.0,0,0,0.7474,1,0,1,0.0,0,1,0,5.0,0.0
4eba320f-9b3c-4321-aa23-440f5bc3a673,Spotify,Entertainment,Sonali Jadhav,Unknown,1,2025-11-08 19:41:27,ads...?,ads...?,0,1,7,0,0,0,1.0,0,0,0.0,1,0,1,0.0,0,1,0,1.0,0.0
111d2530-3c46-465e-b962-35a155523280,Spotify,Entertainment,Cooing Dash,Unknown,1,2025-11-08 19:45:15,you all can't be serious updating the app to be fully paid what's the point of the app if the user can't pick the songs they listen to,you all can't be serious updating the app to be fully paid what's the point of the app if the user can't pick the songs they listen to,0,28,134,0,0,0,0.7142857142857143,0,1,0.0572,1,0,1,0.0,0,1,0,1.0,0.0
98b771d2-0349-4b25-b4b4-3b7107e924b5,Spotify,Entertainment,Adam Piccolo,Unknown,5,2025-11-08 19:45:45,great love,great love,0,2,10,0,0,0,1.0,0,0,0.8519,1,0,1,0.0,0,1,0,5.0,0.0
6c40fe0a-1fc5-4734-b250-89c6b2d138a7,Spotify,Entertainment,Salma Ahmed,Unknown,5,2025-11-08 19:47:29,I love it too much,i love it too much,0,5,18,0,0,0,1.0,0,0,0.6369,1,0,1,0.0,0,1,0,5.0,0.0
d3b40ecb-461f-470b-b6d9-a4a212b05ef4,Spotify,Entertainment,myx,Unknown,5,2025-11-08 19:47:48,"I love this app so muchhh , it actually has every song pretty much ever of course. and it's just amazing.","i love this app so muchhh , it actually has every song pretty much ever of course. and it's just amazing.",0,21,105,0,0,0,1.0,0,1,0.9042,1,0,1,0.0,0,1,0,5.0,0.0
e4e0b857-6856-489c-9645-a3a327d65584,Spotify,Entertainment,Beom gyu,Unknown,4,2025-11-08 19:56:30,SO GOOD AND HELPFUL BUT YOU CANT DOWNLOAD AND ALSO GET ADS THAT ARE REALLY BORING SO YEAH,so good and helpful but you cant download and also get ads that are really boring so yeah,0,18,89,0,0,18,0.8888888888888888,1,0,0.6165,1,0,1,0.0,0,1,0,4.0,0.0
fc4fb114-b535-4334-bddb-edad5c37eca0,Spotify,Entertainment,Jose Ortiz,Unknown,5,2025-11-08 20:10:51,love the app,love the app,0,3,12,0,0,0,1.0,0,1,0.6369,1,0,1,0.0,0,1,0,5.0,0.0
a3bdd6a6-117b-4f1f-81e5-d4490151ac82,Spotify,Entertainment,Goldie,Unknown,4,2025-11-08 20:10:54,it's very great,it's very great,0,3,15,0,0,0,1.0,0,0,0.659,1,0,1,0.0,0,1,0,4.0,0.0
979ef193-6155-4f21-9948-b0fb351ccd7f,Spotify,Entertainment,Giselle Benitez,Unknown,5,2025-11-08 20:15:44,"I get to listen to Ivan cornejo, and my other favs, without ads?!!!","i get to listen to ivan cornejo, and my other favs, without ads?!!!",0,13,67,0,0,0,0.9230769230769231,0,0,0.0,1,0,1,0.0,0,1,0,5.0,0.0
2ce9db81-27b3-4783-b4eb-39dada999a5c,Spotify,Entertainment,Jofin Babu,Unknown,3,2025-11-08 20:17:27,best music app but on only one problem add very disturbing,best music app but on only one problem add very disturbing,0,11,58,0,0,0,1.0,0,1,-0.7808,1,0,1,0.0,0,1,0,3.0,0.0
8af27984-6bcc-4186-8081-cd9307a300cd,Spotify,Entertainment,Isabella Padron,Unknown,5,2025-11-08 20:19:45,"It's good. The AI thing sucks, though","it's good. the ai thing sucks, though",0,7,37,0,0,1,1.0,0,0,0.1027,1,0,1,0.0,0,1,0,5.0,0.0
823a2ae8-39da-48ce-b5ae-5de308ea6712,Spotify,Entertainment,Kyrylo Doe,Unknown,5,2025-11-08 20:20:37,nice app,nice app,0,2,8,0,0,0,1.0,0,1,0.4215,1,0,1,0.0,0,3,0,5.0,0.0
8bd41978-f7b8-4127-b3cb-ef6516565298,Spotify,Entertainment,Syeda Qazi,Unknown,2,2025-11-08 20:26:53,just gave to be little more fast,just gave to be little more fast,0,7,32,0,0,0,1.0,0,0,0.0,1,0,1,0.0,0,1,0,2.0,0.0
42004a6f-47e5-4632-9322-3e9b837571f3,Spotify,Entertainment,6ngellz,Unknown,1,2025-11-08 20:33:33,why you put double ads to Eleni all the time? not very swag of you 🫩,why you put double ads to eleni all the time? not very swag of you 🫩,0,16,68,1,0,0,0.9375,0,0,0.0,1,0,1,0.0,0,1,0,1.0,0.0
1530b764-58d7-4346-85f1-7ffdb81f783d,Spotify,Entertainment,Norbert Odhiambo,Unknown,5,2025-11-08 20:43:26,Good app,good app,0,2,8,0,0,0,1.0,0,1,0.4404,1,0,1,0.0,0,3,0,5.0,0.0
665c33d4-be0d-4502-8bb7-41687fe8d6ba,Spotify,Entertainment,madhura chandrasekar,Unknown,5,2025-11-08 20:44:16,Great app to listen to music and podcasts,great app to listen to music and podcasts,0,8,41,0,0,0,0.875,0,1,0.6249,1,0,1,0.0,0,1,0,5.0,0.0
111c7403-7cc1-4325-b53b-aea980209ab3,Spotify,Entertainment,Stephen Kita,Unknown,1,2025-11-08 20:44:40,my favorite part of paying $20 per month is when the app freezes every time i open it up,my favorite part of paying $20 per month is when the app freezes every time i open it up,34,19,88,0,0,0,1.0,1,1,0.4404,1,0,1,0.0,0,1,0,1.0,0.0
76f8b647-48a4-48d6-bd76-55d06a42b44b,Spotify,Entertainment,Yitkinaan Daniel,Unknown,5,2025-11-08 20:48:08,Yoo. The premium is the best,yoo. the premium is the best,0,6,28,0,0,0,0.8333333333333334,0,0,0.6369,1,0,1,0.0,0,1,0,5.0,0.0
b85f1f27-1df4-4a5c-a1ca-a21987f3dffa,Spotify,Entertainment,Gramma Willi,Unknown,2,2025-11-08 20:50:03,I don't have control over what songs play. I don't like Spotify choosing songs unless I ask it to.,i don't have control over what songs play. i don't like spotify choosing songs unless i ask it to.,0,19,98,0,0,0,0.7894736842105263,0,0,0.0747,1,0,1,0.0,0,1,0,2.0,0.0
ae72bc9f-452d-480f-9718-ee1f5221b82d,Spotify,Entertainment,Zachary T (Zac),Unknown,5,2025-11-08 20:57:36,Spotify Premium is amazing and used in my daily life. Best platform. Period. **Updated 11/08/25**,spotify premium is amazing and used in my daily life. best platform. period. **updated 11/08/25**,0,15,97,0,0,0,1.0,0,0,0.8402,1,0,1,0.0,0,1,0,5.0,0.0
919d449f-a28f-4071-8d59-95be34108095,Spotify,Entertainment,Stephan Gluth,Unknown,5,2025-11-08 20:58:55,s very well des / . 1 \ i good,s very well des / . 1 \ i good,0,10,30,0,0,0,1.0,0,0,0.6478,1,0,1,0.0,0,1,0,5.0,0.0
de0625d4-5e12-4936-8936-de05cf3bb262,Spotify,Entertainment,Pzxiel_Tzs,Unknown,1,2025-11-08 21:02:59,basically un usable without premium. gives free users features and takes them immediately. just a cash grab app of you ask me. YouTube works better than this!!!,basically un usable without premium. gives free users features and takes them immediately. just a cash grab app of you ask me. youtube works better than this!!!,0,27,160,0,0,0,1.0,1,1,0.2672,1,0,1,0.0,0,1,0,1.0,0.0
ee105403-9fc4-4553-a720-dd82c769608e,Spotify,Entertainment,philevian China,Unknown,4,2025-11-08 21:12:06,the best ever,the best ever,0,3,13,0,0,0,1.0,0,0,0.6369,1,0,1,0.0,0,1,0,4.0,0.0
3ebc6a35-0265-487a-a4b0-2d976ebb4d11,Spotify,Entertainment,wyatt brown,Unknown,1,2025-11-08 21:12:18,it does not let you listen to the music you want to listen to .,it does not let you listen to the music you want to listen to .,0,15,63,0,0,0,0.7333333333333333,0,0,0.0772,1,0,1,0.0,0,1,0,1.0,0.0
955c1251-c025-4fae-bd63-193a9c9495db,Spotify,Entertainment,Japh,Unknown,1,2025-11-08 21:13:46,6 skips per day!!No rewind!!!,6 skips per day!!no rewind!!!,0,5,29,0,0,0,1.0,0,0,0.0,1,0,1,0.0,0,1,0,1.0,0.0
ef9b90ec-00ca-4ad7-9c09-d719bbf401ec,Spotify,Entertainment,Calvin Blackrose Jr,Unknown,1,2025-11-08 21:39:08,useless,useless,0,1,7,0,0,0,1.0,0,0,-0.4215,1,0,1,0.0,0,1,0,1.0,0.0
355b7100-9a7d-4a51-a7dc-7267c58a8166,Spotify,Entertainment,Dawood Ali,Unknown,4,2025-11-08 21:42:46,BASICALLY LOVE THIS APP BUT ONLY ONE PROBLEM THAT NET DOES NOT WORK SOMETIMES,basically love this app but only one problem that net does not work sometimes,0,14,77,0,0,14,1.0,0,1,-0.2382,1,0,1,0.0,0,1,0,4.0,0.0
76562b6a-1c07-4f54-b613-13ff58e107cb,Spotify,Entertainment,Evans Murithi,Unknown,1,2025-11-08 21:52:37,poor no offline listening like before Spotify premium sucks alot plz make changes,poor no offline listening like before spotify premium sucks alot plz make changes,0,13,81,0,0,0,1.0,0,0,-0.3464,1,0,1,0.0,0,1,0,1.0,0.0
02d43dc5-002e-44bb-8bdf-29dd64941620,Spotify,Entertainment,William sanchez,Unknown,1,2025-11-08 21:54:44,Spotify supports ice with adds Boycott!,spotify supports ice with adds boycott!,0,6,39,0,0,0,1.0,0,0,0.126,1,0,1,0.0,0,1,0,1.0,0.0
c44df0e0-4549-4a6a-8896-c27d5ac789e7,Spotify,Entertainment,Ryan Offord,Unknown,2,2025-11-08 22:01:54,"Drains battery. Cleared cache, re-installed etc. Samsung S24 Ultra still complains that this is draining my battery. Most likely when used via Android Auto (wireless).","drains battery. cleared cache, re-installed etc. samsung s24 ultra still complains that this is draining my battery. most likely when used via android auto (wireless).",0,25,167,0,0,1,0.96,1,0,-0.296,1,0,1,0.0,0,1,0,2.0,0.0
d0458237-7988-478c-9889-1016ddda1f0b,Spotify,Entertainment,Codmgod Henderson,Unknown,3,2025-11-08 22:02:35,I love the app but one small problem anytime I go to use it my memory goes from 2.2 GB to 1.1 GB of memory cause it's from spotify so if yall can fix this please do so,i love the app but one small problem anytime i go to use it my memory goes from 2.2 gb to 1.1 gb of memory cause it's from spotify so if yall can fix this please do so,0,38,167,0,0,2,0.8421052631578947,0,1,0.3585,1,0,1,0.0,0,1,0,3.0,0.0
a89b0887-46c6-4800-95c5-bd80e0cf365e,Spotify,Entertainment,Mason Amore,Unknown,1,2025-11-08 22:04:30,Can no longer have a enjoyful experience no longer can no longer choose songs in playlist. not using Spotify anymore going to YouTube music,can no longer have a enjoyful experience no longer can no longer choose songs in playlist. not using spotify anymore going to youtube music,0,24,139,0,0,0,0.7916666666666666,0,0,-0.6808,1,0,1,0.0,0,1,0,1.0,0.0
a33f17ea-19b3-4c33-9584-d2adac2e5584,Spotify,Entertainment,Fropa,Unknown,1,2025-11-08 22:14:32,"this is the most unusable piece of garbage i have ever used on my phone, absolute trash with no subscription","this is the most unusable piece of garbage i have ever used on my phone, absolute trash with no subscription",0,20,108,0,0,0,1.0,0,0,-0.296,1,0,1,0.0,0,1,0,1.0,0.0
f03ca4ec-2a31-43e2-9edd-88d696402f34,Spotify,Entertainment,jet mundo,Unknown,3,2025-11-08 22:15:40,Songs you remove from taste or hide shouldn't show up in smart shuffle. And the new add to Playlist mechanic of swiping down from the top of the screen barely works on Samsung.,songs you remove from taste or hide shouldn't show up in smart shuffle. and the new add to playlist mechanic of swiping down from the top of the screen barely works on samsung.,0,33,176,0,0,0,0.8787878787878788,0,0,0.4215,1,0,1,0.0,0,1,0,3.0,0.0
b0c6bebf-37d7-4f21-8e9a-4d16604415d6,Spotify,Entertainment,Aspen Brady,Unknown,1,2025-11-08 22:28:32,Why is EVERY feature for premium?? Not everyone can pay for that. Like no I'm not going to get premium so I can look at the lyrics or choose a song. You literally suck.,why is every feature for premium?? not everyone can pay for that. like no i'm not going to get premium so i can look at the lyrics or choose a song. you literally suck.,0,34,168,0,0,1,0.9117647058823529,0,0,-0.3948,1,0,1,0.0,0,1,0,1.0,0.0
ccf00082-6c06-4840-bc41-c7ddfb18cdf5,Spotify,Entertainment,Colin,Unknown,1,2025-11-08 22:29:27,WORST MUSIC APP!!! I only got this app because I could listen to much on my home console but at this point just get APPLE MUSIC!,worst music app!!! i only got this app because i could listen to much on my home console but at this point just get apple music!,0,26,128,0,0,5,0.9230769230769231,0,1,-0.5744,1,0,1,0.0,0,1,0,1.0,0.0
d69df5d1-4ccd-401d-a049-86fdae4abde1,Spotify,Entertainment,Matias,Unknown,1,2025-11-08 22:35:51,Without premium is very bad when wanting to listen to your favorite songs right away,without premium is very bad when wanting to listen to your favorite songs right away,0,15,84,0,0,0,0.9333333333333333,0,0,-0.2006,1,0,1,0.0,0,1,0,1.0,0.0
a6100e2d-7b4b-4797-9ad9-c5aec73f8cdf,Spotify,Entertainment,jonathan teologia,Unknown,4,2025-11-08 22:55:07,"cool,,and relaxing while listening","cool,,and relaxing while listening",0,4,34,0,0,0,1.0,0,0,0.4939,1,0,1,0.0,0,1,0,4.0,0.0
c297a506-34fb-4197-ac1d-263f8849919d,Spotify,Entertainment,Elizabeth Rodriguez,Unknown,1,2025-11-08 22:57:14,This App Doesn't even let me in with The Same account I have,this app doesn't even let me in with the same account i have,0,13,60,0,0,0,1.0,0,1,0.0,1,0,1,0.0,0,1,0,1.0,0.0
055d512f-ea18-4e5e-8a15-3b3c19253f5b,Spotify,Entertainment,Cassie,Unknown,1,2025-11-08 23:03:30,since the lately update of this lossless sound I can't connect to my Bluetooth speakers anymore. there also a bug with Spotify settings.,since the lately update of this lossless sound i can't connect to my bluetooth speakers anymore. there also a bug with spotify settings.,0,23,136,0,0,0,1.0,0,0,0.0,1,0,1,0.0,0,1,0,1.0,0.0
5292896c-3766-443f-84b3-7fcc619ef08d,Spotify,Entertainment,Franchesca Bodin,Unknown,4,2025-11-08 23:19:56,Great app but too many ads,great app but too many ads,0,6,26,0,0,0,1.0,0,1,0.3716,1,0,1,0.0,0,1,0,4.0,0.0
89a5c9a2-547b-488a-9a3d-38763be1387d,Spotify,Entertainment,Subhajit Mandal,Unknown,1,2025-11-08 23:43:52,stupid adds,stupid adds,0,2,11,0,0,0,1.0,0,0,-0.5267,1,0,1,0.0,0,1,0,1.0,0.0
c3a72085-7ed3-4ae5-bd42-1d004886ca65,Spotify,Entertainment,Ct,Unknown,1,2025-11-08 23:50:09,"No, I will not turn on my location.","no, i will not turn on my location.",0,8,35,0,0,0,1.0,0,0,0.0,1,0,1,0.0,0,1,0,1.0,0.0
d4ee4376-f5b0-4cab-8e45-c4eb2570b509,Spotify,Entertainment,kerry mcneel,Unknown,5,2025-11-09 00:05:57,Fun way find new bands and to listen to your faves,fun way find new bands and to listen to your faves,0,11,50,0,0,0,0.9090909090909091,0,0,0.5106,1,0,1,0.0,0,1,0,5.0,0.0
737e94ff-69fc-46e4-84bd-29db9d39cdcd,Spotify,Entertainment,Ameta Koli,Unknown,5,2025-11-09 00:07:15,Great,great,0,1,5,0,0,0,1.0,0,0,0.6249,1,0,1,0.0,0,3,0,5.0,0.0
1c2fd1b5-67e5-48f5-87df-8fe00824f535,Spotify,Entertainment,Julius Mushi,Unknown,4,2025-11-09 00:18:40,good app for music,good app for music,0,4,18,0,0,0,1.0,0,1,0.4404,1,0,1,0.0,0,1,0,4.0,0.0
4458a16e-1f0a-466a-b526-70168634a19a,Spotify,Entertainment,Retage Ahmed,Unknown,1,2025-11-09 00:42:06,very bad without premium,very bad without premium,0,4,24,0,0,0,1.0,0,0,-0.5849,1,0,1,0.0,0,1,0,1.0,0.0
01d0bea1-72fd-4dad-b644-f837122722f2,Spotify,Entertainment,Justine james Caballes,Unknown,5,2025-11-09 00:47:32,20% music 80% ads 10/10,20% music 80% ads 10/10,0,5,23,0,0,0,1.0,0,0,0.0,1,0,1,0.0,0,1,0,5.0,0.0
214c46f8-b65d-4344-b339-a864f8589492,Spotify,Entertainment,Luchamonti,Unknown,3,2025-11-09 00:47:40,"I really don't like the ""similar to your playlist songs"" feature . It's ruining my mood.","i really don't like the ""similar to your playlist songs"" feature . it's ruining my mood.",0,16,88,0,0,0,1.0,0,0,-0.5249,1,0,1,0.0,0,1,0,3.0,0.0
188130b6-fb80-4882-9f44-a7742f2829f8,Spotify,Entertainment,Sutama Nengah,Unknown,2,2025-11-09 00:48:10,"Masih lebih bagus gotube. kalau aplikasi ini ...Kita tdk bisa pilih lagu sesuka hati Kita, malah Kita yg Di atur Sama aplikasi. sedikit"" Di arahkan ke premium yg berbayar...","masih lebih bagus gotube. kalau aplikasi ini ...kita tdk bisa pilih lagu sesuka hati kita, malah kita yg di atur sama aplikasi. sedikit"" di arahkan ke premium yg berbayar...",0,29,173,0,0,0,0.9310344827586207,0,0,0.0,1,0,1,0.0,0,1,0,2.0,0.0
3d786906-6f68-46f8-a24c-08815af5b4eb,Spotify,Entertainment,Zack Hernandez,Unknown,5,2025-11-09 00:51:25,i love it it has Lana Del Rey songs 💖,i love it it has lana del rey songs 💖,0,10,37,1,0,0,0.9,0,0,0.891,1,0,1,0.0,0,1,0,5.0,0.0
ad656d8c-65eb-422b-ac0e-c09b8f7b8b70,Spotify,Entertainment,Luka Yanaan,Unknown,5,2025-11-09 00:57:49,perfect and the best,perfect and the best,0,4,20,0,0,0,1.0,0,0,0.836,1,0,1,0.0,0,1,0,5.0,0.0
64edb6af-0a99-4a19-9315-87f0a634e9fd,Spotify,Entertainment,Ravi Shankar Shukla,Unknown,5,2025-11-09 01:06:15,not best 😭😭😞,not best 😭😭😞,0,3,12,3,0,0,1.0,0,0,-0.7914,1,0,1,0.0,0,1,1,5.0,0.0
f5c326cf-d5a4-40f1-b582-8a81130d6de7,Spotify,Entertainment,linda hadebe,Unknown,2,2025-11-09 01:07:10,Playlist search function to add songs is not working,playlist search function to add songs is not working,0,9,52,0,0,0,1.0,0,0,0.0,1,0,1,0.0,0,1,0,2.0,0.0
dd609ff2-bcef-448d-86e2-95cc33ac2514,Spotify,Entertainment,Kaylee,Unknown,5,2025-11-09 01:12:41,it's really good and it's free and if you do get premium it's not even that much decently recommended,it's really good and it's free and if you do get premium it's not even that much decently recommended,0,19,101,0,0,0,0.8421052631578947,1,0,0.807,1,0,1,0.0,0,1,0,5.0,0.0
d5ec65e5-95ba-464c-98e6-65dd1618d657,Spotify,Entertainment,Wayne Durant,Unknown,4,2025-11-09 01:13:27,amaizing,amaizing,0,1,8,0,0,0,1.0,0,0,0.0,1,0,1,0.0,0,1,0,4.0,0.0
85a0defa-5843-474e-a526-7705be8c3680,Spotify,Entertainment,Isaac Cleveland,Unknown,5,2025-11-09 01:13:35,the ads are long but if you have premium to remove them its really good,the ads are long but if you have premium to remove them its really good,0,15,71,0,0,0,1.0,0,0,0.6474,1,0,1,0.0,0,1,0,5.0,0.0
fe1e829d-afb5-4349-ac59-6005d633b6d3,Spotify,Entertainment,Cole Jackson,Unknown,1,2025-11-09 01:18:23,top 1 worst music apps oat.,top 1 worst music apps oat.,0,6,27,0,0,0,1.0,0,1,-0.5106,1,0,1,0.0,0,1,0,1.0,0.0
b724ff89-bfce-4b1d-83e9-6438744f7c33,Spotify,Entertainment,Walter Sibley III,Unknown,5,2025-11-09 01:21:38,all good 👍,all good 👍,0,3,10,1,0,0,1.0,0,0,0.4404,1,0,1,0.0,0,1,0,5.0,0.0
53b301bc-1c4a-4dac-89d9-e2642c981710,Spotify,Entertainment,Hiruna Batman,Unknown,4,2025-11-09 01:25:41,i don't like the advertisements,i don't like the advertisements,0,5,31,0,0,0,1.0,0,0,-0.2755,1,0,1,0.0,0,1,0,4.0,0.0
782f838d-abb6-40a8-96f3-58354efdb581,Spotify,Entertainment,Litzers,Unknown,1,2025-11-09 01:30:31,"sialan banget masaa sekarang iklan nya 3 mana setiap iklan 30 detik, ngebuang waktu 1 menit 30 detik gilaa.... udah bisa 1 lagu tuh","sialan banget masaa sekarang iklan nya 3 mana setiap iklan 30 detik, ngebuang waktu 1 menit 30 detik gilaa.... udah bisa 1 lagu tuh",0,24,131,0,0,0,0.875,0,0,0.0,1,0,1,0.0,0,1,0,1.0,0.0
10f40a54-4839-4880-831d-4f72b09c8d62,Spotify,Entertainment,Bob Evans,Unknown,5,2025-11-09 01:38:12,"Actually, the best streaming service! 😄","actually, the best streaming service! 😄",0,6,39,1,0,0,1.0,0,0,0.8748,1,0,1,0.0,0,1,0,5.0,0.0
65d5c488-662b-4876-9153-0ac69a8ce1d3,Spotify,Entertainment,DECI Net,Unknown,5,2025-11-09 01:41:24,amazing app,amazing app,0,2,11,0,0,0,1.0,0,1,0.5859,1,0,1,0.0,0,1,0,5.0,0.0
14208543-cd87-4f2e-9fff-7a6a3c52d47e,Spotify,Entertainment,Percy Selasi,Unknown,5,2025-11-09 01:42:14,best music app 🔥,best music app 🔥,0,4,16,1,0,0,1.0,0,1,0.4215,1,0,1,0.0,0,1,0,5.0,0.0
2d38bef6-8ef9-45c7-a8ba-7dc744b7eb98,Spotify,Entertainment,samsuddin khan,Unknown,5,2025-11-09 01:44:58,awsome,awsome,0,1,6,0,0,0,1.0,0,0,0.0,1,0,1,0.0,0,1,0,5.0,0.0
17341aed-afd3-439c-ac15-caf5fbc38e8a,Spotify,Entertainment,Daniel Fonseca,Unknown,5,2025-11-09 01:56:45,its lit,its lit,0,2,7,0,0,0,1.0,0,0,0.0,1,0,1,0.0,0,1,0,5.0,0.0
0e8e1402-e3f5-4e6d-901e-4a1ed3ab1a8b,Spotify,Entertainment,Shari Gonzalez,Unknown,5,2025-11-09 02:03:00,good app lots of.music to.choose from,good app lots of.music to.choose from,0,6,37,0,0,0,1.0,0,1,0.4404,1,0,1,0.0,0,1,0,5.0,0.0
2222bd82-9e13-4513-b4cb-da56fd5bf728,Spotify,Entertainment,Taureen Allan,Unknown,1,2025-11-09 02:09:26,I never get to listen to my music with out a add and if not a add it doesn't put my music on that I picked,i never get to listen to my music with out a add and if not a add it doesn't put my music on that i picked,0,26,106,0,0,0,0.7692307692307693,0,0,0.0,1,0,1,0.0,0,1,0,1.0,0.0
f6be50ea-2f99-4169-9a35-372239f7edd8,Spotify,Entertainment,George Dei,Unknown,1,2025-11-09 02:10:39,I had WiFi and didn't play music like hate this appp,i had wifi and didn't play music like hate this appp,0,11,52,0,0,0,1.0,0,1,-0.7812,1,0,1,0.0,0,1,0,1.0,0.0
63c1f326-503e-4de7-aa78-49aaa3e65b89,Spotify,Entertainment,Cameron Kuhn,Unknown,1,2025-11-09 02:14:37,ICE ads?!,ice ads?!,0,2,9,0,0,1,1.0,0,0,0.0,1,0,1,0.0,0,1,0,1.0,0.0
b82e8d2b-b543-473a-8bf2-3e50b286e4be,Spotify,Entertainment,A Google user,Unknown,2,2025-11-09 02:16:25,"Buggy, lack of integration with local files and limited queue options. Overwrites queue when changing devices and no available queue history to get it back. Unresponsive on mobile data and doesn't wait for signal to execute presses, just ignores them","buggy, lack of integration with local files and limited queue options. overwrites queue when changing devices and no available queue history to get it back. unresponsive on mobile data and doesn't wait for signal to execute presses, just ignores them",1,40,250,0,0,0,0.875,0,0,-0.7579,1,0,3,38892.0,0,1,0,2.6666666666666665,2.0816659994661326
a7e38775-1e14-41cb-8fcb-f0fef24f6631,Spotify,Entertainment,Maryvonne Menchavez,Unknown,5,2025-11-09 02:16:36,i can finally hear do you know da wae song,i can finally hear do you know da wae song,0,10,42,0,0,0,1.0,0,0,0.0,1,0,1,0.0,0,1,0,5.0,0.0
089e07d7-f2b1-47f8-a6f9-8b3342e3661c,Spotify,Entertainment,Angella Jean Louis,Unknown,5,2025-11-09 02:17:06,The music that l enjoy is always available for easy listening,the music that l enjoy is always available for easy listening,0,11,61,0,0,0,1.0,0,0,0.8442,1,0,1,0.0,0,1,0,5.0,0.0
09ef3504-7d42-47bb-84e2-f9b3332899c6,Spotify,Entertainment,Aaradhya Chhetri,Unknown,4,2025-11-09 02:17:52,love it,love it,0,2,7,0,0,0,1.0,0,0,0.6369,1,0,1,0.0,0,3,0,4.0,0.0
fad4c14d-db47-43b3-87c9-17e122c9997b,Spotify,Entertainment,Sangeeta Rawat,Unknown,1,2025-11-09 02:18:01,Download only if u can get PREMIUM . unrecommend songs hinder the joy and breaks within 3 or 4 songs won't let u enjoys the app in normal version.,download only if u can get premium . unrecommend songs hinder the joy and breaks within 3 or 4 songs won't let u enjoys the app in normal version.,1,29,146,0,0,1,0.896551724137931,1,1,0.2728,1,0,1,0.0,0,1,0,1.0,0.0
7390c874-6a6f-4234-8427-566c0a8fb99f,Spotify,Entertainment,lila lakshy,Unknown,5,2025-11-09 02:19:10,lovely song,lovely song,0,2,11,0,0,0,1.0,0,0,0.5859,1,0,1,0.0,0,1,0,5.0,0.0
4357c855-1e00-4464-aba7-909c310fb85f,Spotify,Entertainment,Annisa Nur Fadhilah,Unknown,1,2025-11-09 02:22:51,spotify ya ga jelas masa lagi dengerin lagu tiba tiba suruh bayar yang premium terus ga bisa pencet lagu apa yang kita pengen ih sebel banget,spotify ya ga jelas masa lagi dengerin lagu tiba tiba suruh bayar yang premium terus ga bisa pencet lagu apa yang kita pengen ih sebel banget,0,26,141,0,0,0,0.8461538461538461,0,0,0.0,1,0,1,0.0,0,1,0,1.0,0.0
f1230998-af05-4958-be7f-9a1cceb3273b,Spotify,Entertainment,Alan Strange,Unknown,4,2025-11-09 02:24:07,I appreciate the fact that I can actually close the screen off while I use the app.,i appreciate the fact that i can actually close the screen off while i use the app.,0,17,83,0,0,0,0.7647058823529411,0,1,0.4019,1,0,1,0.0,0,1,0,4.0,0.0
8d66f3ed-19cb-44ed-a7ba-026d50c3f7c7,Spotify,Entertainment,veer chauhan,Unknown,5,2025-11-09 02:27:36,I love it spotify very good song,i love it spotify very good song,0,7,32,0,0,0,1.0,0,0,0.8122,1,0,1,0.0,0,1,0,5.0,0.0
9b2246b7-1848-4af6-906a-5e3984a881b4,Spotify,Entertainment,Kai Cassar-Barbato,Unknown,4,2025-11-09 02:27:50,it's awesome but if u don't have premium it's annoying,it's awesome but if u don't have premium it's annoying,0,10,54,0,0,0,0.9,0,0,-0.25,1,0,1,0.0,0,1,0,4.0,0.0
defc5bbe-a09c-4de5-885c-7d349f711dc4,Spotify,Entertainment,Marcos Piérola,Unknown,1,2025-11-09 02:32:29,sorting and searching for playlists when choosing where to save a song stopped working after the last update. will correct review when this is fixed.,sorting and searching for playlists when choosing where to save a song stopped working after the last update. will correct review when this is fixed.,2,25,149,0,0,0,0.96,0,0,0.3182,1,0,1,0.0,0,1,0,1.0,0.0
6fa23958-9ea6-4858-b47f-713ad2cb4d7d,Spotify,Entertainment,Christoff Manuel,Unknown,5,2025-11-09 02:41:28,so good music,so good music,0,3,13,0,0,0,1.0,0,0,0.4927,1,0,1,0.0,0,1,0,5.0,0.0
48b8540c-64f6-4658-979a-ca1058fab886,Spotify,Entertainment,KellPRO,Unknown,5,2025-11-09 02:42:24,"it's cheap the premium versio , useful and no lag.","it's cheap the premium versio , useful and no lag.",0,10,50,0,0,0,1.0,1,0,0.6041,1,0,1,0.0,0,1,0,5.0,0.0
a1c5b0ea-9ada-4cf9-ab6b-523f91010a76,Spotify,Entertainment,Luca Pugliese,Unknown,5,2025-11-09 02:45:28,Absolutely awesome.,absolutely awesome.,0,2,19,0,0,0,1.0,0,0,0.659,1,0,1,0.0,0,1,0,5.0,0.0
dfc2e440-9013-48ed-882e-6a83cf8c111c,Spotify,Entertainment,Peach Incharoen,Unknown,4,2025-11-09 02:46:42,"Peak, but it is having copyright problem for many smaller music artist","peak, but it is having copyright problem for many smaller music artist",0,12,70,0,0,0,1.0,0,0,-0.5499,1,0,1,0.0,0,1,1,4.0,0.0
ba968a9d-6a31-45d6-b1bc-d4de32bff005,Spotify,Entertainment,Nagaraj M,Unknown,2,2025-11-09 02:50:20,Even I choose music language for playing music app will play always other language music the stupid algorithm make me to uninstall the application.....,even i choose music language for playing music app will play always other language music the stupid algorithm make me to uninstall the application.....,0,24,151,0,0,0,0.8333333333333334,1,1,-0.0516,1,0,1,0.0,0,1,0,2.0,0.0
141e1e4b-9f3b-4fc2-9352-c606de8e435a,Spotify,Entertainment,JV_NONHAKR,Unknown,2,2025-11-09 02:53:28,Too many ads after a few songs.,too many ads after a few songs.,0,7,31,0,0,0,1.0,0,0,0.0,1,0,1,0.0,0,1,0,2.0,0.0
550a7029-f28b-4a61-97de-d4950f2ec4e7,Spotify,Entertainment,Tracey,Unknown,5,2025-11-09 02:57:40,great app,great app,0,2,9,0,0,0,1.0,0,1,0.6249,1,0,1,0.0,0,2,0,5.0,0.0
10051270-17af-469c-8065-0f4dac9bcf2c,Spotify,Entertainment,Manisha Rajput,Unknown,5,2025-11-09 02:57:43,very nice aap,very nice aap,0,3,13,0,0,0,1.0,0,0,0.4754,1,0,1,0.0,0,1,0,5.0,0.0
b33abc03-4851-4867-a26e-ced14178e12b,Spotify,Entertainment,Tamjid Laskar,Unknown,5,2025-11-09 03:00:20,best app👍,best app👍,0,2,9,1,0,0,1.0,0,1,0.6369,1,0,1,0.0,0,1,0,5.0,0.0
2cd3836b-5ebb-4bea-8e66-b4c9a3d60847,Spotify,Entertainment,Keelan or V3RO,Unknown,1,2025-11-09 03:05:15,You're making us listen to every song we don't want to listen to whenever we press the song we want to I hate this app,you're making us listen to every song we don't want to listen to whenever we press the song we want to i hate this app,0,25,118,0,0,0,0.68,0,1,-0.5606,1,0,1,0.0,0,1,0,1.0,0.0
5e80b1ac-4a2b-4c4e-9869-46c24e73161c,Spotify,Entertainment,Klein Bonguyan,Unknown,1,2025-11-09 03:05:22,Every time I listen to music it randomly stops i dont know why please fix it.,every time i listen to music it randomly stops i dont know why please fix it.,0,16,77,0,0,0,0.9375,0,0,-0.374,1,0,1,0.0,0,1,0,1.0,0.0
c337f7cb-fd0e-4093-9d0d-ecdd8523b7d6,Spotify,Entertainment,Shahid Sardar,Unknown,1,2025-11-09 03:05:56,"worst app , playing adds more than songs and music","worst app , playing adds more than songs and music",1,10,50,0,0,0,1.0,0,1,-0.5106,1,0,1,0.0,0,1,0,1.0,0.0
6216810e-aee7-4e46-a1da-874a6fff6ef8,Spotify,Entertainment,Riaan Oosthuizen,Unknown,5,2025-11-09 03:09:08,The best of the best. We rank 8th in the world for using Spotify and they gave us our own DJ. Very cool.,the best of the best. we rank 8th in the world for using spotify and they gave us our own dj. very cool.,0,23,104,0,0,1,0.9130434782608695,0,0,0.8999,1,0,1,0.0,0,1,0,5.0,0.0
493b32b4-6b59-4102-aba5-f0d0894c31be,Spotify,Entertainment,Andrew S. Jones,Unknown,5,2025-11-09 03:09:31,Great and good!,great and good!,0,3,15,0,0,0,1.0,0,0,0.807,1,0,1,0.0,0,1,0,5.0,0.0
39ed14a7-1b9a-44dd-85db-d2a16716eeb1,Spotify,Entertainment,Apurva Raj,Unknown,4,2025-11-09 03:10:29,because of loss of best song,because of loss of best song,0,6,28,0,0,0,0.8333333333333334,0,0,0.4404,1,0,1,0.0,0,1,0,4.0,0.0
8c850392-782e-4186-96d7-6278857910a4,Spotify,Entertainment,cy,Unknown,2,2025-11-09 03:11:06,keeps logging me out???,keeps logging me out???,0,4,23,0,0,0,1.0,0,0,0.0,1,0,1,0.0,0,1,0,2.0,0.0
046f262f-77b1-40bf-bdf0-3b128ef71d36,Spotify,Entertainment,Minati Das,Unknown,5,2025-11-09 03:13:52,the best app I ever use,the best app i ever use,0,6,23,0,0,0,1.0,0,1,0.6369,1,0,1,0.0,0,1,0,5.0,0.0
e480bd05-3859-491b-9819-2139a6b51fc2,Spotify,Entertainment,Mohmmad Fazalan Bin Ahmad,Unknown,5,2025-11-09 03:14:15,"it's amazingly great,ìts fast respon make life super easy.","it's amazingly great,ìts fast respon make life super easy.",0,9,58,0,0,0,1.0,0,0,0.7783,1,0,1,0.0,0,1,0,5.0,0.0
08c276b2-c9e6-4d85-8ad4-7f3517498a0b,Spotify,Entertainment,Barsha Pal,Unknown,1,2025-11-09 03:15:47,before is good but after update not good and now paid app this and so many adds this is very bad app 👎🏻👎🏻,before is good but after update not good and now paid app this and so many adds this is very bad app 👎🏻👎🏻,1,23,105,4,0,0,0.782608695652174,0,1,-0.8099,1,0,1,0.0,0,1,0,1.0,0.0
64eac705-390c-4c44-867b-a99a4badcc76,Spotify,Entertainment,Ivan,Unknown,1,2025-11-09 03:16:53,I know my acc password but they keep saying that the password is incorrect??,i know my acc password but they keep saying that the password is incorrect??,0,14,76,0,0,0,0.9285714285714286,0,0,0.0,1,0,1,0.0,0,1,0,1.0,0.0
e739649f-f844-4195-9fdd-dba58e5e8545,Spotify,Entertainment,Arjun Pawar,Unknown,5,2025-11-09 03:17:09,this app is a very good much app,this app is a very good much app,0,8,32,0,0,0,0.875,0,1,0.4927,1,0,1,0.0,0,1,0,5.0,0.0
d4320f93-813f-4e52-8b4d-6e59d96a6f67,Spotify,Entertainment,Sk Almas,Unknown,1,2025-11-09 03:18:58,I give 1 star because Spotify band wishes and pal pal...😡,i give 1 star because spotify band wishes and pal pal...😡,0,11,57,1,0,0,1.0,0,0,0.1531,1,0,1,0.0,0,1,0,1.0,0.0
e86192f5-de82-434f-ba21-4396a5802e01,Spotify,Entertainment,Maila Domequil,Unknown,5,2025-11-09 03:21:13,I can listen to my old favorite music! Im very happy re living memories. Very useful to me.,i can listen to my old favorite music! im very happy re living memories. very useful to me.,0,18,91,0,0,0,0.8888888888888888,0,1,0.888,1,0,1,0.0,0,1,0,5.0,0.0
e257a8c0-b4f3-486a-b773-0d9db7869a6c,Spotify,Entertainment,Jian Chen,Unknown,5,2025-11-09 03:23:51,It's perfect for listening to music!,it's perfect for listening to music!,0,6,36,0,0,0,1.0,0,0,0.6114,1,0,1,0.0,0,1,0,5.0,0.0
c65c56db-b3f7-4c52-9fb5-404e19e757fc,Spotify,Entertainment,V S P K,Unknown,4,2025-11-09 03:25:07,Updated 09112025. Good Playlists 👍,updated 09112025. good playlists 👍,1,5,34,1,0,0,1.0,0,0,0.4404,1,0,1,0.0,0,1,0,4.0,0.0
d62689ab-c3e6-4c7a-9361-1e3802a65037,Spotify,Entertainment,Malik awais Malik awais,Unknown,5,2025-11-09 03:29:08,good experience,good experience,0,2,15,0,0,0,1.0,0,0,0.4404,1,0,1,0.0,0,1,0,5.0,0.0
2f9f04df-5283-4d0d-970e-034ad5dc7e26,Spotify,Entertainment,Anouk,Unknown,2,2025-11-09 03:29:53,aplicación en decadencia,aplicación en decadencia,0,3,24,0,0,0,1.0,0,0,0.0,1,0,1,0.0,0,1,0,2.0,0.0
e66ce88e-5f48-4118-baa6-30cfd2fb2565,Spotify,Entertainment,Ranoo Rathore,Unknown,1,2025-11-09 03:31:44,"it keeps pausing after sometime while playing in background, and I have to restart music again and again!!! very annoying thing","it keeps pausing after sometime while playing in background, and i have to restart music again and again!!! very annoying thing",0,21,127,0,0,0,0.9523809523809523,0,0,-0.4712,1,0,1,0.0,0,1,0,1.0,0.0
ac93a2f1-ea8c-4ddb-b749-c662eb4b24af,Spotify,Entertainment,Wanda Musgrove-Spearman,Unknown,5,2025-11-09 03:36:23,"Still the best music app ever I really mean it and I'm not taking it back, it!!! I said what I said","still the best music app ever i really mean it and i'm not taking it back, it!!! i said what i said",0,22,99,0,0,0,0.8181818181818182,0,1,0.7249,1,0,1,0.0,0,1,0,5.0,0.0
6090adfe-e353-4c4b-b41e-5b1485982cf8,Spotify,Entertainment,Luca Brant,Unknown,5,2025-11-09 03:37:39,Love it,love it,0,2,7,0,0,0,1.0,0,0,0.6369,1,0,1,0.0,0,3,0,5.0,0.0
a698f0d5-a13c-4168-8b9e-06e585856b94,Spotify,Entertainment,Pravallika Dasu,Unknown,4,2025-11-09 03:40:02,super,super,0,1,5,0,0,0,1.0,0,0,0.5994,1,0,1,0.0,0,3,0,4.0,0.0
c1ae9a65-3a31-4de0-a7c7-c7d678438f32,Spotify,Entertainment,Amrut,Unknown,5,2025-11-09 03:42:11,just good,just good,0,2,9,0,0,0,1.0,0,0,0.4404,1,0,1,0.0,0,1,0,5.0,0.0
9d97834d-f8c0-4eb2-8f67-93057ac56d70,Spotify,Entertainment,Tulja Bhawani Pandey,Unknown,3,2025-11-09 03:44:37,They're earning good money by torching us I guess,they're earning good money by torching us i guess,0,9,49,0,0,0,1.0,0,0,0.4404,1,0,1,0.0,0,1,0,3.0,0.0
0a1a92bd-c913-4496-95c1-e037c78dd0c6,Spotify,Entertainment,Sagnik Rajak,Unknown,5,2025-11-09 03:45:38,I got everything which I want to hear.,i got everything which i want to hear.,0,8,38,0,0,0,0.875,0,0,0.0772,1,0,1,0.0,0,1,0,5.0,0.0
c98bbf26-f982-430b-b1ed-780bb249af1e,Spotify,Entertainment,Sangeeta Ballurkar,Unknown,1,2025-11-09 03:47:29,Good 👍,good 👍,0,2,6,1,0,0,1.0,0,0,0.4404,1,0,1,0.0,0,2,0,1.0,0.0
f48c89fa-ccc8-4c23-920f-ce293ee4f1a7,Spotify,Entertainment,dr.chandresh shripal,Unknown,5,2025-11-09 03:48:05,amazing experience,amazing experience,0,2,18,0,0,0,1.0,0,0,0.5859,1,0,1,0.0,0,1,0,5.0,0.0
425b9b84-b4b1-42ae-8f1f-021e3e62e1bd,Spotify,Entertainment,Peter Morrison,Unknown,5,2025-11-09 03:50:47,The BEST app - brilliant 👏,the best app - brilliant 👏,0,6,26,1,0,1,1.0,0,1,0.8402,1,0,1,0.0,0,1,0,5.0,0.0
14ab5ae9-1433-4e60-826e-62181b7da9f0,Spotify,Entertainment,Ridge Gichini,Unknown,1,2025-11-09 03:51:46,it's a good app but there are many ads and after using for 1 or 2 week it's stats restraining you to listen to a song so you either listen the next day or you pay premium,it's a good app but there are many ads and after using for 1 or 2 week it's stats restraining you to listen to a song so you either listen the next day or you pay premium,0,37,170,0,0,0,0.8108108108108109,0,1,0.09,1,0,1,0.0,0,1,0,1.0,0.0
504074c4-e1d7-489b-a32c-5672ced7b35a,Spotify,Entertainment,balram sarkar,Unknown,5,2025-11-09 04:01:56,very easy to find any songs... awesome sound quality,very easy to find any songs... awesome sound quality,0,9,52,0,0,0,1.0,0,0,0.807,1,0,1,0.0,0,1,0,5.0,0.0
50faf506-f5da-4e1d-80e3-a58c3973dd8d,Spotify,Entertainment,AdityaNigam,Unknown,1,2025-11-09 04:03:56,It does not allow you to play songs according to you if you don't buy premium from Spotify,it does not allow you to play songs according to you if you don't buy premium from spotify,0,18,90,0,0,0,0.8333333333333334,0,0,0.1862,1,0,1,0.0,0,1,0,1.0,0.0
4b4d3114-8817-4cc9-a3cf-31bad92bb51d,Spotify,Entertainment,Uma Mishra,Unknown,5,2025-11-09 04:04:17,i love this app,i love this app,0,4,15,0,0,0,1.0,0,1,0.6369,1,0,1,0.0,0,2,0,5.0,0.0
8f7c0fc4-8b1b-4586-9e3a-688ab35ba733,Spotify,Entertainment,Amit Prasad,Unknown,5,2025-11-09 04:07:18,sounds are very clear and good,sounds are very clear and good,0,6,30,0,0,0,1.0,0,0,0.7233,1,0,1,0.0,0,1,0,5.0,0.0
0813a830-04d9-4a80-8cb5-8461dd13e45e,Spotify,Entertainment,Preety Bharara,Unknown,3,2025-11-09 04:11:53,many ads,many ads,0,2,8,0,0,0,1.0,0,0,0.0,1,0,1,0.0,0,3,0,3.0,0.0
6733f2d1-0a6c-4eaf-804f-661076e2d88c,Spotify,Entertainment,Harshali Gurav,Unknown,5,2025-11-09 04:13:35,Thnksspotifyy,thnksspotifyy,0,1,13,0,0,0,1.0,0,0,0.0,1,0,1,0.0,0,1,0,5.0,0.0
1aef82cf-8a72-4ea8-98c6-d2fde7f73a6e,Spotify,Entertainment,PRASENJIT ROY,Unknown,5,2025-11-09 04:18:29,like this,like this,0,2,9,0,0,0,1.0,0,0,0.3612,1,0,1,0.0,0,1,0,5.0,0.0
ff1459e9-a172-4b54-b783-233b98b65005,Spotify,Entertainment,Susan Moore,Unknown,5,2025-11-09 04:20:32,"Great to keep you going during work, chores and play!!","great to keep you going during work, chores and play!!",0,10,54,0,0,0,1.0,0,0,0.7955,1,0,1,0.0,0,1,0,5.0,0.0
0e93016c-e8b5-4519-b8c8-66fa4bdf5d3e,Spotify,Entertainment,Quamir Faulks,Unknown,5,2025-11-09 04:21:55,Spotify is awesome but the ads are long,spotify is awesome but the ads are long,0,8,39,0,0,0,1.0,0,0,0.3716,1,0,1,0.0,0,1,0,5.0,0.0
8a04fc34-6d18-4263-ab77-fbd9cbea4501,Spotify,Entertainment,Gabe Jurewicz,Unknown,5,2025-11-09 04:22:18,Having all my music in one place instead if a bunch of cd's or cassettes all over the place is great!,having all my music in one place instead if a bunch of cd's or cassettes all over the place is great!,0,21,101,0,0,0,0.9047619047619048,0,0,0.6588,1,0,1,0.0,0,1,0,5.0,0.0
ab5040d4-9ea0-4b3e-b2a5-77f9343371ee,Spotify,Entertainment,Shandra Miller,Unknown,5,2025-11-09 04:26:21,because this app is tuff and i gained so much music taste ok? ok,because this app is tuff and i gained so much music taste ok? ok,0,14,64,0,0,0,1.0,0,1,0.5859,1,0,1,0.0,0,1,0,5.0,0.0
5b59c227-29f4-4fc2-92e0-59e578c57f8e,Spotify,Entertainment,Adyn Mayo,Unknown,3,2025-11-09 04:31:27,it's good but its hell if you don't got premium,it's good but its hell if you don't got premium,0,10,47,0,0,0,1.0,0,0,-0.7543,1,0,1,0.0,0,1,0,3.0,0.0
0ef65a70-fe9d-4548-ba60-cb3f6ce99e4d,Spotify,Entertainment,Jobaer Ahmed,Unknown,5,2025-11-09 04:31:39,Sound low but good for us,sound low but good for us,0,6,25,0,0,0,1.0,0,0,0.5106,1,0,1,0.0,0,1,0,5.0,0.0
d3890e68-2119-4599-b9cc-35894459bd73,Spotify,Entertainment,Ayyappan Rm,Unknown,5,2025-11-09 04:31:47,amazing music experience,amazing music experience,0,3,24,0,0,0,1.0,0,0,0.5859,1,0,1,0.0,0,1,0,5.0,0.0
25bfd94d-c98f-4cbc-b34a-c78d38584dc1,Spotify,Entertainment,Kyle Mooney,Unknown,1,2025-11-09 04:33:31,ICE ads? Really?,ice ads? really?,0,3,16,0,0,1,1.0,0,0,0.0,1,0,1,0.0,0,1,0,1.0,0.0
16604e80-eaab-4c82-b6f0-bf9125e124aa,Spotify,Entertainment,sarah murtiza,Unknown,4,2025-11-09 04:35:10,this awesome app but im getting mpre addicted to it and due to low wifi it always glitches pls fix it thank u so much spotify,this awesome app but im getting mpre addicted to it and due to low wifi it always glitches pls fix it thank u so much spotify,0,26,125,0,0,0,0.8846153846153846,0,1,0.5574,1,0,1,0.0,0,1,0,4.0,0.0
de309a66-325d-4a25-a762-5113919a00e0,Spotify,Entertainment,Shiva Shivs,Unknown,4,2025-11-09 04:36:40,too many ads in between,too many ads in between,0,5,23,0,0,0,1.0,0,0,0.0,1,0,1,0.0,0,1,0,4.0,0.0
339e49a0-b131-4e3d-805a-ab5433af5611,Spotify,Entertainment,Clinton D. P.,Unknown,3,2025-11-09 04:40:29,exelent just need to be able to skip more,exelent just need to be able to skip more,0,9,41,0,0,0,0.8888888888888888,0,0,0.0,1,0,1,0.0,0,1,0,3.0,0.0
1dec96ac-fdbf-4101-9f99-e5dbc65e4f78,Spotify,Entertainment,Kimberly,Unknown,1,2025-11-09 04:47:53,Will return to the app/premium and update my review when you lose the ICE ads ✌️,will return to the app/premium and update my review when you lose the ice ads ✌️,0,16,80,0,0,1,0.9375,0,1,-0.4019,1,0,1,0.0,0,1,0,1.0,0.0
8bc7d71c-65ee-4107-ab77-56d38618cba8,Spotify,Entertainment,Doctor Family,Unknown,4,2025-11-09 04:58:15,Love it very much. Wish you had a setting to block video content on kids profiles. Don't love that Spotify has the ability to turn into YouTube for my kiddos.,love it very much. wish you had a setting to block video content on kids profiles. don't love that spotify has the ability to turn into youtube for my kiddos.,0,30,158,0,0,0,0.9333333333333333,0,0,0.4957,1,0,1,0.0,0,1,0,4.0,0.0
cb4b7685-a654-4216-b1ab-205b273a3387,Spotify,Entertainment,Joo Jaekyung,Unknown,1,2025-11-09 05:03:30,Spotify have I.C.E Ads btw.,spotify have i.c.e ads btw.,0,5,27,0,0,1,1.0,0,0,0.0,1,0,1,0.0,0,1,0,1.0,0.0
72558fe9-b478-48f7-aba7-1b8bb14aa641,Spotify,Entertainment,Carl jimmy Solomon,Unknown,4,2025-11-09 05:17:36,Brilliant,brilliant,0,1,9,0,0,0,1.0,0,0,0.5859,1,0,1,0.0,0,1,0,4.0,0.0
f8d6457b-8a09-4b73-8daa-7cb8cfbd8569,Spotify,Entertainment,Isaac Reynard,Unknown,2,2025-11-09 05:17:58,"I almost liked this app, but Spotify adds songs to my playlist without permission. (res: I did and someone with the same issue was told it can't be changed)","i almost liked this app, but spotify adds songs to my playlist without permission. (res: i did and someone with the same issue was told it can't be changed)",0,29,156,0,0,0,0.9655172413793104,0,1,0.191,1,0,1,0.0,0,1,0,2.0,0.0
86099b63-92b0-469c-9f78-d84e0b742b4a,Spotify,Entertainment,Morgan Mtambo,Unknown,3,2025-11-09 05:21:18,Good app,good app,0,2,8,0,0,0,1.0,0,1,0.4404,1,0,1,0.0,0,3,0,3.0,0.0
aaa5505a-1a98-4164-8623-e97c38faeef3,Spotify,Entertainment,Rishi Maid,Unknown,2,2025-11-09 05:23:09,Lots of ads..demanding for premium,lots of ads..demanding for premium,0,5,34,0,0,0,1.0,0,0,0.0,1,0,1,0.0,0,1,0,2.0,0.0
51aa9122-19a4-4d0e-b574-3a40b98d58f3,Spotify,Entertainment,pinaki Ranjan,Unknown,4,2025-11-09 05:29:25,nice app,nice app,0,2,8,0,0,0,1.0,0,1,0.4215,1,0,1,0.0,0,3,0,4.0,0.0
543b0290-9a85-4c04-a37f-bc93dd069f98,Spotify,Entertainment,Rajendra kumar Gupta,Unknown,4,2025-11-09 05:36:41,this is best app for singing,this is best app for singing,0,6,28,0,0,0,1.0,0,1,0.6369,1,0,1,0.0,0,1,0,4.0,0.0
5763da89-b635-48c9-823e-0148dd0508d9,Spotify,Entertainment,Habib Abdulkerim,Unknown,1,2025-11-09 05:37:24,no podcasts as advertised,no podcasts as advertised,0,4,25,0,0,0,1.0,0,0,-0.296,1,0,1,0.0,0,1,0,1.0,0.0
5b0e71a9-5e7d-49df-8482-ffa729f9763e,Spotify,Entertainment,Roxanne Clifton,Unknown,4,2025-11-09 05:39:34,"fun, but a lot of ads👍","fun, but a lot of ads👍",0,6,22,1,0,0,1.0,0,0,0.2846,1,0,1,0.0,0,1,0,4.0,0.0
5a84bbc9-7dfa-4d6f-ba96-575ad177fecc,Spotify,Entertainment,Yelly Belz,Unknown,1,2025-11-09 05:40:00,"everything is pay2use, Picking ur song is not even free anymore. Yes im to broke to buy the premium, im a student, i use ur app to relax, now its js not usable, and ur calling this a ""Free app""","everything is pay2use, picking ur song is not even free anymore. yes im to broke to buy the premium, im a student, i use ur app to relax, now its js not usable, and ur calling this a ""free app""",0,40,193,0,0,0,0.8,1,1,0.5264,1,0,1,0.0,0,1,1,1.0,0.0
12eeb8c5-15b4-4e5b-aeae-c8937bbccf32,Spotify,Entertainment,عالم سوني اللطيف,Unknown,4,2025-11-09 05:44:57,Cute 😌,cute 😌,0,2,6,1,0,0,1.0,0,0,0.6808,1,0,1,0.0,0,1,0,4.0,0.0
b38ce471-ca17-43b7-920e-2b9deb0a7f73,Spotify,Entertainment,Prasun Bagdi,Unknown,1,2025-11-09 05:49:55,The app is so generous. It sometimes plays music during my ad jams.,the app is so generous. it sometimes plays music during my ad jams.,0,13,67,0,0,0,1.0,0,1,0.7384,1,0,1,0.0,0,1,1,1.0,0.0
0cef987e-32ab-4dce-a8ee-8c37bf8171ad,Spotify,Entertainment,Joost Offringa,Unknown,2,2025-11-09 05:50:21,At this point Spotify is recommending an endless stream of AI slop podcasts to me which I cannot hide in any way.,at this point spotify is recommending an endless stream of ai slop podcasts to me which i cannot hide in any way.,0,22,113,0,0,1,1.0,0,0,0.1326,1,0,1,0.0,0,1,0,2.0,0.0
6c0dd823-87ec-412c-bbf2-add8342cf20f,Spotify,Entertainment,Reba Biswas,Unknown,1,2025-11-09 05:52:58,past I can play my songs which I want to hear but now I can't I have to buy Spotify premium why!!! I don't like that.!!!!!!,past i can play my songs which i want to hear but now i can't i have to buy spotify premium why!!! i don't like that.!!!!!!,0,26,123,0,0,0,0.8076923076923077,0,0,-0.4557,1,0,1,0.0,0,1,0,1.0,0.0
05c08333-38c4-43cb-935a-fd789eb46585,Spotify,Entertainment,Nikhil David,Unknown,1,2025-11-09 05:57:08,"too many Ads , Stupid app","too many ads , stupid app",0,6,25,0,0,0,1.0,0,1,-0.5267,1,0,1,0.0,0,1,0,1.0,0.0
be0e0227-d540-4550-8524-6a281398aa75,Spotify,Entertainment,Enitan Monday,Unknown,4,2025-11-09 05:57:26,it's good 👍,it's good 👍,0,3,11,1,0,0,1.0,0,0,0.4404,1,0,1,0.0,0,1,0,4.0,0.0
3fd6d66c-835c-4390-a2b3-32fc1036af0c,Spotify,Entertainment,Ashish Kumar,Unknown,1,2025-11-09 06:00:44,so many ads,so many ads,0,3,11,0,0,0,1.0,0,0,0.0,1,0,1,0.0,0,2,0,1.0,0.0
6ddc7367-a61c-45d0-86ff-fe46b406b06e,Spotify,Entertainment,Dwine Francis Jarabejo,Unknown,2,2025-11-09 06:05:11,"Bro. You're telling me. I can loop my songs on my tablet without premium and I can't on my phone that also doesn't have premium? WHAT IS HAPPENING. ALSO, STOP WITH THE DANG ADS, YOU'RE GETTING TOO GREEDY!","bro. you're telling me. i can loop my songs on my tablet without premium and i can't on my phone that also doesn't have premium? what is happening. also, stop with the dang ads, you're getting too greedy!",0,38,204,0,0,13,0.868421052631579,0,1,-0.5848,1,0,1,0.0,0,1,0,2.0,0.0
534a4071-8007-4ecf-9b67-cc2eb0b3b715,Spotify,Entertainment,Xuân Trường Nguyễn,Unknown,2,2025-11-09 06:08:38,"Good choice to listen to music, but they chose to develop military-technical. They also pay our fav artists at a freaking low rate :v","good choice to listen to music, but they chose to develop military-technical. they also pay our fav artists at a freaking low rate :v",0,24,133,0,0,0,0.875,0,0,-0.25,1,0,1,0.0,0,1,0,2.0,0.0
4d4605d3-4d52-4adf-be88-3efa0b9be007,Spotify,Entertainment,Nielson Jay Javier,Unknown,1,2025-11-09 06:11:37,"they limit the free version so much that it's not even usable, they just want to force us pay for the premium","they limit the free version so much that it's not even usable, they just want to force us pay for the premium",0,22,109,0,0,0,0.9090909090909091,1,0,0.4939,1,0,1,0.0,0,1,0,1.0,0.0
e14798fe-d8f1-4f24-85ca-db890198cfbc,Spotify,Entertainment,Phato Malikhanye,Unknown,3,2025-11-09 06:22:06,ads bro😐,ads bro😐,0,2,8,1,0,0,1.0,0,0,0.0,1,0,1,0.0,0,1,0,3.0,0.0
22137634-8f1b-43ea-9cd5-6b419f44ec3a,Spotify,Entertainment,aubrey samkelo,Unknown,1,2025-11-09 06:22:53,I can't seek slides when I play music,i can't seek slides when i play music,0,8,37,0,0,0,0.875,0,0,0.34,1,0,1,0.0,0,1,0,1.0,0.0
df0f390f-75fa-452d-b245-709e149d3b0d,Spotify,Entertainment,Asha,Unknown,4,2025-11-09 06:36:51,I want to cut one star because off the ads,i want to cut one star because off the ads,0,10,42,0,0,0,1.0,0,0,-0.2023,1,0,1,0.0,0,1,0,4.0,0.0
12f30681-7b05-427a-b4a5-f0ce775bf894,Spotify,Entertainment,Darakshan Anis,Unknown,4,2025-11-09 06:45:40,it's great but too many ads,it's great but too many ads,0,6,27,0,0,0,1.0,0,0,0.3716,1,0,1,0.0,0,1,0,4.0,0.0
a3ead682-c3c3-4a7f-b890-358b87c0737b,Spotify,Entertainment,Yash Paliwal,Unknown,1,2025-11-09 06:47:24,your 30th minutes free listining ad is very worth it .so please reduce it,your 30th minutes free listining ad is very worth it .so please reduce it,0,14,73,0,0,0,0.9285714285714286,1,0,0.7778,1,0,1,0.0,0,1,1,1.0,0.0
b2ffd4f7-e468-42b0-95a9-e5bdd3295713,Spotify,Entertainment,ASHIS Gaming,Unknown,4,2025-11-09 06:52:50,Ad problem,ad problem,0,2,10,0,0,0,1.0,0,0,-0.4019,1,0,1,0.0,0,1,0,4.0,0.0
42d26e96-869c-498a-ae1b-1f98e3742c9d,Spotify,Entertainment,Dimpho Moncho,Unknown,2,2025-11-09 06:56:04,"I don't like it much because it wants us to pay and if u don't pay it will say you can't choose the song u want,it will say u can choose tomorrow.","i don't like it much because it wants us to pay and if u don't pay it will say you can't choose the song u want,it will say u can choose tomorrow.",0,32,146,0,0,0,0.71875,0,0,-0.2991,1,0,1,0.0,0,1,0,2.0,0.0
1083fd03-02ed-4bfd-8a48-00115222fdd4,Spotify,Entertainment,Tony Ferrer,Unknown,5,2025-11-09 06:56:46,"Spotify increased the quality to lossless and I just have to say, WOW! It's incredible, the music sounds so good. Thank you","spotify increased the quality to lossless and i just have to say, wow! it's incredible, the music sounds so good. thank you",0,22,123,0,0,1,0.9090909090909091,0,0,0.9138,1,0,1,0.0,0,1,0,5.0,0.0
6140d5ae-0376-424f-a23d-ce422ea575cd,Spotify,Entertainment,Maze M,Unknown,3,2025-11-09 06:59:02,too much ads... i mean way too much 🙌,too much ads... i mean way too much 🙌,0,9,37,1,0,0,0.7777777777777778,0,0,0.0,1,0,1,0.0,0,1,0,3.0,0.0
79d7caba-6192-4f4e-b8a1-376ffb19bdc8,Spotify,Entertainment,Njoku Kingsley,Unknown,5,2025-11-09 06:59:21,Very nice and keeping up with track 🙂,very nice and keeping up with track 🙂,0,8,37,1,0,0,1.0,0,0,0.7003,1,0,1,0.0,0,1,0,5.0,0.0
5437d949-bc72-4c9a-b518-a45ba50fa97a,Spotify,Entertainment,Yodit Taye,Unknown,4,2025-11-09 06:59:38,more than u think,more than u think,0,4,17,0,0,0,1.0,0,0,0.0,1,0,1,0.0,0,1,0,4.0,0.0
27ca6e65-daf6-4df9-895d-d293359a4bf2,Spotify,Entertainment,RAFAEL FERIZKI Gaming,Unknown,1,2025-11-09 07:00:40,apalah semua lagu berbayar 😑,apalah semua lagu berbayar 😑,0,5,28,1,0,0,1.0,0,0,0.0,1,0,1,0.0,0,1,0,1.0,0.0
f9b4bd94-3cd5-4878-ab2c-952cb75c6c0f,Spotify,Entertainment,Sanjita Goala,Unknown,5,2025-11-09 07:01:45,It is good for songs,it is good for songs,0,5,20,0,0,0,1.0,0,0,0.4404,1,0,1,0.0,0,1,0,5.0,0.0
28a45225-1b5f-47c1-8e42-de7c07270a98,Spotify,Entertainment,Jane Wambui,Unknown,5,2025-11-09 07:02:17,Spotify is the best ❤️❤️❤️❤️🙏,spotify is the best ❤️❤️❤️❤️🙏,0,5,29,1,0,0,1.0,0,0,0.6369,1,0,1,0.0,0,1,0,5.0,0.0
1c626074-0281-43ca-9a85-24752b9851fd,Spotify,Entertainment,Turiho Daniel Kazooba,Unknown,5,2025-11-09 07:06:20,excellent with affordable rates,excellent with affordable rates,0,4,31,0,0,0,1.0,0,0,0.5719,1,0,1,0.0,0,1,0,5.0,0.0
4e8523c1-ddeb-4fa0-be74-9cfc490089c2,Spotify,Entertainment,Gearjammer 1957,Unknown,1,2025-11-09 07:06:34,The free app forcing many unwanted music on my Playlist is hardly short of extortion.,the free app forcing many unwanted music on my playlist is hardly short of extortion.,0,15,85,0,0,0,1.0,1,1,0.34,1,0,1,0.0,0,1,0,1.0,0.0
7f62f88d-f18b-4a32-bb4d-93a894974a95,Spotify,Entertainment,Karin,Unknown,1,2025-11-09 07:07:13,"I don't mind the ads actually, but lately this app is sucks. It wont let me play a song that I've just search but played random song instead, it's really annoying.","i don't mind the ads actually, but lately this app is sucks. it wont let me play a song that i've just search but played random song instead, it's really annoying.",0,31,163,0,0,0,0.9354838709677419,0,1,-0.7713,1,0,1,0.0,0,1,0,1.0,0.0
8b6cdfc1-2d0f-429f-b6b5-5dce9ca8f668,Spotify,Entertainment,Jaspreet Kaur,Unknown,1,2025-11-09 07:10:29,"Can't add my music to Spotify. Old remixes, no traces","can't add my music to spotify. old remixes, no traces",0,10,53,0,0,0,1.0,0,0,-0.296,1,0,1,0.0,0,1,0,1.0,0.0
d55ce9e3-f4c1-42ee-af2a-0947c256ccae,Spotify,Entertainment,Lokendra Rathore,Unknown,5,2025-11-09 07:12:50,good music app...🙂,good music app...🙂,0,3,18,1,0,0,1.0,0,1,0.6815,1,0,1,0.0,0,1,0,5.0,0.0
f3528c8a-d3e7-4351-aaf6-dfd988647b01,Spotify,Entertainment,Sarah,Unknown,5,2025-11-09 07:15:04,really good,really good,0,2,11,0,0,0,1.0,0,0,0.4927,1,0,1,0.0,0,1,0,5.0,0.0
a9b2f2d1-71dc-4394-823c-bd32fe0c4d2c,Spotify,Entertainment,Arnel Georpe,Unknown,4,2025-11-09 07:17:10,"I hope the next update includes a feature for universal vocal removal on all music tracks, effectively creating instant karaoke versions.","i hope the next update includes a feature for universal vocal removal on all music tracks, effectively creating instant karaoke versions.",0,21,137,0,0,0,1.0,0,0,0.7906,1,0,1,0.0,0,1,0,4.0,0.0
7e797392-3afb-44b0-87d1-bc28418a042a,Spotify,Entertainment,Divyansh,Unknown,5,2025-11-09 07:20:08,Best music listening app !,best music listening app !,0,5,26,0,0,0,1.0,0,1,0.6696,1,0,1,0.0,0,1,0,5.0,0.0
49959fdf-a3e8-46a9-b833-a97b08127d10,Spotify,Entertainment,Tavling Apa,Unknown,4,2025-11-09 07:29:19,Previous issues seem to have been fixed,previous issues seem to have been fixed,2,7,39,0,0,0,1.0,0,0,0.0,1,0,1,0.0,0,1,0,4.0,0.0
ba60c077-0369-4827-be94-4d0a85b4b31f,Spotify,Entertainment,David Mutie,Unknown,5,2025-11-09 07:30:08,It's been a good experience with the premium no ads and good music.,it's been a good experience with the premium no ads and good music.,0,13,67,0,0,0,0.9230769230769231,0,0,0.5574,1,0,1,0.0,0,1,0,5.0,0.0
ee5df1d9-8d05-4b32-9637-369177a05e78,Spotify,Entertainment,Karan Saini,Unknown,5,2025-11-09 07:30:33,nice app because when I use Spotify I didn't need to open youTube to listen music so thnx to spotify,nice app because when i use spotify i didn't need to open youtube to listen music so thnx to spotify,0,20,100,0,0,0,0.8,0,1,0.4215,1,0,1,0.0,0,1,0,5.0,0.0
df5a4cc0-cf55-4b1c-bc9f-8b880145ce71,Spotify,Entertainment,Choi Guevarra,Unknown,5,2025-11-09 07:31:18,PLEASE LET US ALL USE PREMIUM,please let us all use premium,0,6,29,0,0,6,1.0,0,0,0.3182,1,0,1,0.0,0,1,0,5.0,0.0
7de8ae09-0b54-4ca4-9516-6e9a00708c3c,Spotify,Entertainment,Dhruv Kumar Singh 16,Unknown,1,2025-11-09 07:35:30,it's treating it's free users as trash as we can't even play the song of our choice anymore well played by its owner,it's treating it's free users as trash as we can't even play the song of our choice anymore well played by its owner,0,23,116,0,0,0,0.9130434782608695,1,0,0.6969,1,0,1,0.0,0,1,1,1.0,0.0
17a8390e-f529-47ef-ae78-e06c98cb0dc2,Spotify,Entertainment,innovative securities,Unknown,5,2025-11-09 07:40:30,Very good app that's why im happy to give 5 stars,very good app that's why im happy to give 5 stars,0,11,49,0,0,0,1.0,0,1,0.7841,1,0,1,0.0,0,1,0,5.0,0.0
67b38070-9fe7-40b0-bc19-0acc5f3f6db7,Spotify,Entertainment,Mrithik Raj Senthilraj,Unknown,3,2025-11-09 07:45:27,"too much ads nowadays, the golden age of spotify is gone, but it's a good app with the best ui overall","too much ads nowadays, the golden age of spotify is gone, but it's a good app with the best ui overall",0,21,102,0,0,0,0.9523809523809523,0,1,0.8922,1,0,1,0.0,0,1,0,3.0,0.0
7991caa5-e7a1-4e90-ad16-5b707524572b,Spotify,Entertainment,Ryan Otieno,Unknown,5,2025-11-09 07:45:55,insane,insane,0,1,6,0,0,0,1.0,0,0,-0.4019,1,0,1,0.0,0,1,0,5.0,0.0
a176323d-a1ef-4080-8c6b-d8f8e1919770,Spotify,Entertainment,Aabhika Samantaray,Unknown,5,2025-11-09 07:49:18,My go to app forever,my go to app forever,0,5,20,0,0,0,1.0,0,1,0.0,1,0,1,0.0,0,1,0,5.0,0.0
7b288e1d-4c5e-4328-a488-1da9dbfc4b59,Spotify,Entertainment,Gomolemo Kgokong,Unknown,5,2025-11-09 07:50:36,Its so cool,its so cool,0,3,11,0,0,0,1.0,0,0,0.3804,1,0,1,0.0,0,1,0,5.0,0.0
e2c409ff-41e4-41c8-8f52-e8f9bb9f4273,Spotify,Entertainment,Jesus Dominguez,Unknown,1,2025-11-09 07:53:01,looking for alternative,looking for alternative,0,3,23,0,0,0,1.0,0,0,0.0,1,0,1,0.0,0,1,0,1.0,0.0
cd67757f-b0d8-4ec4-ace4-2f7c7e29f6e3,Spotify,Entertainment,R C,Unknown,1,2025-11-09 07:57:00,Searching for a playlist no longer works. Nov update. Reinstalled it didn't fix it. The playlist list only filters when I leave the app and return to it. P9PXL.,searching for a playlist no longer works. nov update. reinstalled it didn't fix it. the playlist list only filters when i leave the app and return to it. p9pxl.,0,29,160,0,0,1,0.896551724137931,1,1,-0.34,1,0,1,0.0,0,1,0,1.0,0.0
70f689dc-df0c-4632-8c0e-ec1437b730e4,Spotify,Entertainment,Reshma Ugalmugale,Unknown,5,2025-11-09 07:58:08,very nice 😊♥️,very nice 😊♥️,0,3,13,1,0,0,1.0,0,0,0.927,1,0,1,0.0,0,1,0,5.0,0.0
42ea6d6f-00d4-48f4-932f-9f2d57370f1a,Spotify,Entertainment,David Groove,Unknown,5,2025-11-09 07:58:28,all I need is here,all i need is here,0,5,18,0,0,0,1.0,0,0,0.0,1,0,1,0.0,0,1,0,5.0,0.0
5387b5a6-1f63-4a3b-8a27-33f878e5ec25,Spotify,Entertainment,Iyiola Victor,Unknown,5,2025-11-09 07:58:32,amazing Spotify 😌😘,amazing spotify 😌😘,0,3,18,2,0,0,1.0,0,0,0.8481,1,0,1,0.0,0,1,0,5.0,0.0
87f92692-302f-4f40-b880-b2790d55e811,Spotify,Entertainment,mansi goyal,Unknown,1,2025-11-09 08:01:43,not able to play our own songs Trash app,not able to play our own songs trash app,0,9,40,0,0,0,1.0,0,1,-0.2584,1,0,1,0.0,0,1,0,1.0,0.0
cd280250-0978-480b-8d4e-26725689eae4,Spotify,Entertainment,Lluvia Palacios,Unknown,1,2025-11-09 08:03:05,they are promoting ice on this app y'all should unstall this app for promoting ice,they are promoting ice on this app y'all should unstall this app for promoting ice,0,15,82,0,0,0,0.7333333333333333,0,1,0.6124,1,0,1,0.0,0,1,1,1.0,0.0
9e6e2cdc-41ec-4e32-9226-492a00065cd9,Spotify,Entertainment,Rida Fathima,Unknown,5,2025-11-09 08:04:57,it's very good,it's very good,0,3,14,0,0,0,1.0,0,0,0.4927,1,0,1,0.0,0,1,0,5.0,0.0
cb04de87-e6d7-402a-bbc0-a7b9dd840f01,Spotify,Entertainment,Vikash Kumar,Unknown,1,2025-11-09 08:05:50,Very Wost,very wost,0,2,9,0,0,0,1.0,0,0,0.0,1,0,1,0.0,0,1,0,1.0,0.0
095f44d9-104d-435b-82ed-90b2d39fa570,Spotify,Entertainment,Arhama Dima,Unknown,5,2025-11-09 08:07:05,I fell the sad song........,i fell the sad song........,0,5,27,0,0,0,1.0,0,0,-0.4767,1,0,1,0.0,0,1,0,5.0,0.0
5a91f13d-52cf-4b41-b94a-a8a906b593e5,Spotify,Entertainment,ST4R,Unknown,4,2025-11-09 08:08:01,its good and I like it but it's so annoying when you have to get premium just to tap on the song you want so you get limited witxh sucks but otherwise the app is still good,its good and i like it but it's so annoying when you have to get premium just to tap on the song you want so you get limited witxh sucks but otherwise the app is still good,0,37,172,0,0,0,0.7837837837837838,0,1,-0.5765,1,0,1,0.0,0,1,1,4.0,0.0
e260e56c-048e-4c77-b74a-0036615512dc,Spotify,Entertainment,Jesse Hurst,Unknown,5,2025-11-09 08:11:13,thank you so much for this app,thank you so much for this app,0,7,30,0,0,0,1.0,0,1,0.3612,1,0,1,0.0,0,1,0,5.0,0.0
9775b01e-1274-444f-91ec-67c7cfdd7820,Spotify,Entertainment,Sai Vishal Narvekar,Unknown,4,2025-11-09 08:15:23,I like Spotify but addss,i like spotify but addss,0,5,24,0,0,0,1.0,0,0,0.1901,1,0,1,0.0,0,1,0,4.0,0.0
572ea4c8-bbcb-41ce-b251-e7b7827a1042,Spotify,Entertainment,JhayPogi Domagtoy,Unknown,1,2025-11-09 08:15:47,"This app is to greedy, Wdym i have to pay to choose music? And spending money just to listen on music is never worth it.","this app is to greedy, wdym i have to pay to choose music? and spending money just to listen on music is never worth it.",0,25,120,0,0,0,0.84,0,1,-0.5213,1,0,1,0.0,0,1,0,1.0,0.0
3700970c-c59a-4c3b-9025-45a33f2783bd,Spotify,Entertainment,Aarush Sharma,Unknown,3,2025-11-09 08:20:18,too many ads and stuff to promote subscription. i mean there should be a limit to this I hear more ads than songs on free. they are basically forcing us to move from free,too many ads and stuff to promote subscription. i mean there should be a limit to this i hear more ads than songs on free. they are basically forcing us to move from free,0,34,170,0,0,0,0.8823529411764706,1,0,0.8481,1,0,1,0.0,0,1,0,3.0,0.0
62fb7a1a-ca45-48c3-b075-935aebb06ff6,Spotify,Entertainment,Lake Green,Unknown,5,2025-11-09 08:21:22,"Enjoyable, convenient, and Premium.","enjoyable, convenient, and premium.",0,4,35,0,0,0,1.0,0,0,0.4404,1,0,1,0.0,0,1,0,5.0,0.0
01746542-6555-4787-a1f1-cb1fef36cd09,Spotify,Entertainment,Nurul Hoque Talukdar,Unknown,2,2025-11-09 08:23:55,I like Spotify but the new features of a limit in playing add is not good for free users please change the system 🙏,i like spotify but the new features of a limit in playing add is not good for free users please change the system 🙏,0,24,115,1,0,0,0.9583333333333334,1,0,-0.193,1,0,1,0.0,0,1,0,2.0,0.0
e3349621-e83b-493e-8ed8-b370d62cacb5,Spotify,Entertainment,Chandna,Unknown,5,2025-11-09 08:24:37,amazing fabulous,amazing fabulous,0,2,16,0,0,0,1.0,0,0,0.802,1,0,1,0.0,0,1,0,5.0,0.0
090143cf-1aed-422b-ae7a-85e91a42752b,Spotify,Entertainment,Aarav,Unknown,5,2025-11-09 08:25:12,best music app. Works in background and does not crash. I will always recommend this app.,best music app. works in background and does not crash. i will always recommend this app.,0,16,89,0,0,0,0.9375,0,1,0.8384,1,0,1,0.0,0,1,0,5.0,0.0
181509ba-b027-499d-a8e4-2bb81745cb57,Spotify,Entertainment,Mohammed Ali,Unknown,5,2025-11-09 08:28:08,THE APP IS VERY GOOD 👍,the app is very good 👍,0,6,22,1,0,5,1.0,0,1,0.4927,1,0,1,0.0,0,1,0,5.0,0.0
6fc22cae-37c9-402a-bde8-7bf135bfbd0e,Spotify,Entertainment,wes bell,Unknown,5,2025-11-09 08:31:33,great.One one fault and that is the inability to remove podcasts you no longer listen to,great.one one fault and that is the inability to remove podcasts you no longer listen to,0,16,88,0,0,0,0.9375,0,0,-0.765,1,0,1,0.0,0,1,1,5.0,0.0
44ad866f-9f92-4542-846a-7268dad1787d,Spotify,Entertainment,Khyzziel Soriano,Unknown,1,2025-11-09 08:43:58,THIS SPOTIFY IS SUPER NICE,this spotify is super nice,0,5,26,0,0,5,1.0,0,0,0.7717,1,0,1,0.0,0,1,1,1.0,0.0
6005100a-d449-43e9-b7b4-d427c828bac2,Spotify,Entertainment,Dhiya Somaiya,Unknown,1,2025-11-09 08:44:52,uselesss app I was peacefully listening to adds and this stupid app added songs in between 🙄,uselesss app i was peacefully listening to adds and this stupid app added songs in between 🙄,0,17,92,1,0,0,0.9411764705882353,0,1,-0.1531,1,0,1,0.0,0,1,0,1.0,0.0
79fcd986-95a4-4998-ad91-5c980939208f,Spotify,Entertainment,Komal Rani,Unknown,2,2025-11-09 08:45:44,very nice 😀😀,very nice 😀😀,0,3,12,2,0,0,1.0,0,0,0.8111,1,0,1,0.0,0,1,1,2.0,0.0
cbf9443c-0419-4339-87ae-1763c7e1f080,Spotify,Entertainment,Abdul Careem,Unknown,5,2025-11-09 08:46:28,Absolutely top notch 👌 👏,absolutely top notch 👌 👏,0,5,24,2,0,0,1.0,0,0,0.8171,1,0,1,0.0,0,1,0,5.0,0.0
de9e7d71-7177-430c-916f-74173b04e1ed,Spotify,Entertainment,San J,Unknown,1,2025-11-09 08:46:58,"Ads are before ok after that update Ads was ""Annoying""","ads are before ok after that update ads was ""annoying""",0,10,54,0,0,0,0.9,0,0,-0.128,1,0,1,0.0,0,1,0,1.0,0.0
c33a4c50-dd79-4def-8a40-0b48df5d00d0,Spotify,Entertainment,gefgarev,Unknown,2,2025-11-09 08:49:09,"this app is wonderful, but why is the new update different, why cant i hear my playlist in the same order anymore listening to other songs just to hear one song, hope this changes🌸✨","this app is wonderful, but why is the new update different, why cant i hear my playlist in the same order anymore listening to other songs just to hear one song, hope this changes🌸✨",0,34,181,1,0,0,0.8235294117647058,0,1,0.8462,1,0,1,0.0,0,1,1,2.0,0.0
467f84ce-a833-43aa-af74-ee294d6c981d,Spotify,Entertainment,Gurudev Kumar,Unknown,5,2025-11-09 08:50:12,"it is perfect whenever no one gets me which is always, Spotify is always there for me ❤️","it is perfect whenever no one gets me which is always, spotify is always there for me ❤️",0,18,88,0,0,0,0.8333333333333334,0,0,0.3612,1,0,1,0.0,0,1,0,5.0,0.0
64fe0a99-d7c4-4f02-9c30-1688a8e920de,Spotify,Entertainment,Dimple Patel,Unknown,1,2025-11-09 08:51:57,"too many ads, too often , too long","too many ads, too often , too long",0,8,34,0,0,0,0.75,0,0,0.0,1,0,1,0.0,0,1,0,1.0,0.0
e27de856-9e9d-477b-9660-d4fca3a738b3,Spotify,Entertainment,Amb. willie workman oga,Unknown,5,2025-11-09 08:52:13,awesome 👍,awesome 👍,0,2,9,1,0,0,1.0,0,0,0.6249,1,0,1,0.0,0,1,0,5.0,0.0
8d1d6f2a-ab5d-460c-b81f-2b24ff135892,Spotify,Entertainment,Odoo Odoo29,Unknown,5,2025-11-09 08:53:13,"music to the fullest,sit back relax aaaand enjoy","music to the fullest,sit back relax aaaand enjoy",0,8,48,0,0,0,1.0,0,0,0.7269,1,0,1,0.0,0,1,0,5.0,0.0
ad294b27-f5db-4054-9a88-c13c8f368609,Spotify,Entertainment,Arbaj King,Unknown,5,2025-11-09 08:54:09,difficult app mast app new song is very best is new song app in fast,difficult app mast app new song is very best is new song app in fast,0,15,68,0,0,0,0.6666666666666666,0,1,0.4576,1,0,1,0.0,0,1,0,5.0,0.0
9e620109-05dd-4bd1-9ad7-38d79da8cb72,Spotify,Entertainment,madhuri moria,Unknown,5,2025-11-09 08:56:33,Spotify becomes my favourite app because I love songs it's audio is very good overall Spotify is a very good app I am so happy that Spotify exist in the world,spotify becomes my favourite app because i love songs it's audio is very good overall spotify is a very good app i am so happy that spotify exist in the world,0,31,158,0,0,0,0.7741935483870968,0,1,0.9462,1,0,1,0.0,0,1,0,5.0,0.0
cabbef8c-bb19-4c5a-b8e3-4f387070759d,Spotify,Entertainment,Ayub Khan,Unknown,5,2025-11-09 08:59:06,Excellent,excellent,0,1,9,0,0,0,1.0,0,0,0.5719,1,0,1,0.0,0,2,0,5.0,0.0
06730d47-ea72-43d2-acbf-7df9140a09e6,Spotify,Entertainment,Azaman Yahim,Unknown,5,2025-11-09 09:00:40,so good,so good,0,2,7,0,0,0,1.0,0,0,0.4927,1,0,1,0.0,0,1,0,5.0,0.0
dbfd0965-28cf-41a3-bf30-fce14514117d,Spotify,Entertainment,Pruthviraj Jadhav,Unknown,1,2025-11-09 09:01:24,Every thing needs premium in this app I can't even play the song I want to! And the Ads are 2 buisness days long.I thinks it's time to switch.,every thing needs premium in this app i can't even play the song i want to! and the ads are 2 buisness days long.i thinks it's time to switch.,0,29,142,0,0,0,0.9310344827586207,0,1,-0.2565,1,0,1,0.0,0,1,0,1.0,0.0
a609b18e-0e74-4388-bb62-9be33c35e718,Spotify,Entertainment,Maximilian Stockmeier,Unknown,1,2025-11-09 09:01:49,"bad advertising moderation, full of ai music and now full of bot farms that boost songs.","bad advertising moderation, full of ai music and now full of bot farms that boost songs.",0,16,88,0,0,0,0.875,0,0,-0.2023,1,0,1,0.0,0,1,0,1.0,0.0
4a9e11d1-bb61-49b1-93e7-066895ea49eb,Spotify,Entertainment,Felix Andromeda,Unknown,1,2025-11-09 09:03:07,What a useless app it has become!,what a useless app it has become!,0,7,33,0,0,0,1.0,0,1,-0.4753,1,0,1,0.0,0,1,0,1.0,0.0
d0f9d33f-6597-498d-a584-4e9c18b2162d,Spotify,Entertainment,Ali Nasir,Unknown,1,2025-11-09 09:04:17,Loading,loading,0,1,7,0,0,0,1.0,0,0,0.0,1,0,1,0.0,0,1,0,1.0,0.0
17fd3ed5-7b56-4404-984d-10efa42b6ca7,Spotify,Entertainment,Nicole Sidney.,Unknown,5,2025-11-09 09:04:41,great app loved it but so mang adds but other then that its perfect,great app loved it but so mang adds but other then that its perfect,0,14,67,0,0,0,0.9285714285714286,0,1,0.8765,1,0,1,0.0,0,1,0,5.0,0.0
d0539dcd-15c1-4e44-9be9-b382c40cf8ff,Spotify,Entertainment,S S,Unknown,1,2025-11-09 09:05:25,"last update ruined the resume function. the app now restarts every podcast from the beginning, even if it has 5 minutes left","last update ruined the resume function. the app now restarts every podcast from the beginning, even if it has 5 minutes left",1,22,124,0,0,0,0.9090909090909091,0,1,-0.4767,1,0,1,0.0,0,1,0,1.0,0.0
015aafe2-61ac-4521-92e8-a034692373c5,Spotify,Entertainment,Masoud Ghaf41,Unknown,5,2025-11-09 09:12:59,I like spotify because I love music.,i like spotify because i love music.,0,7,36,0,0,0,0.8571428571428571,0,0,0.7717,1,0,1,0.0,0,1,0,5.0,0.0
0af67359-db2c-4476-ba50-1881bb0b6b6f,Spotify,Entertainment,francis michael,Unknown,5,2025-11-09 09:13:03,Great listening experience,great listening experience,0,3,26,0,0,0,1.0,0,0,0.6249,1,0,1,0.0,0,1,0,5.0,0.0
646749e6-b36d-4cde-98df-4de6d89d16c9,Spotify,Entertainment,Abhishek Meena,Unknown,1,2025-11-09 09:18:17,too bad experience,too bad experience,0,3,18,0,0,0,1.0,0,0,-0.5423,1,0,1,0.0,0,1,0,1.0,0.0
992c322a-e4c0-4aab-b0c0-642d6ab9d025,Spotify,Entertainment,Srijita Saha,Unknown,5,2025-11-09 09:20:15,It's just way too good for use.Just perfect....no other words to describe it,it's just way too good for use.just perfect....no other words to describe it,0,13,76,0,0,0,1.0,0,0,0.4404,1,0,1,0.0,0,1,0,5.0,0.0
1d131c58-7e19-4d07-b29e-da1a085d4362,Spotify,Entertainment,Randall Cody,Unknown,5,2025-11-09 09:28:20,love this App!,love this app!,0,3,14,0,0,0,1.0,0,1,0.6696,1,0,1,0.0,0,1,0,5.0,0.0
39d4f6c2-f5e2-4dd1-9034-19c2ab73741a,Spotify,Entertainment,Idzayi Mukupe,Unknown,5,2025-11-09 09:28:33,every sing l want is here,every sing l want is here,0,6,25,0,0,0,1.0,0,0,0.5106,1,0,1,0.0,0,1,0,5.0,0.0
24fa3e39-5864-40d3-82b1-bd11ebdc14c0,Spotify,Entertainment,Julie Arita,Unknown,5,2025-11-09 09:28:52,enjoyable,enjoyable,0,1,9,0,0,0,1.0,0,0,0.4404,1,0,1,0.0,0,1,0,5.0,0.0
da43b1c6-0f86-495f-8513-b02423251139,Spotify,Entertainment,Swareet Singh,Unknown,1,2025-11-09 09:29:43,new update is worst 😔😔😔,new update is worst 😔😔😔,0,5,23,3,0,0,1.0,0,0,-0.4939,1,0,1,0.0,0,1,0,1.0,0.0
c0d09fbb-7275-4495-b697-8d6997eae943,Spotify,Entertainment,Arie Mukti,Unknown,5,2025-11-09 09:32:34,The best apps for your favorite music,the best apps for your favorite music,0,7,37,0,0,0,1.0,0,1,0.802,1,0,1,0.0,0,1,0,5.0,0.0
b68dd2ff-99be-4b7a-9458-65ba19394b10,Spotify,Entertainment,Hannen Mohamed Hassan Kariem,Unknown,5,2025-11-09 09:34:42,♥️♥️♥️♥️♥️♥️♥️,♥️♥️♥️♥️♥️♥️♥️,0,1,14,0,0,0,1.0,0,0,0.9854,1,0,1,0.0,0,1,0,5.0,0.0
ae465652-24e1-4c1a-bab1-bae9803bce85,Spotify,Entertainment,ARJUN Sp,Unknown,1,2025-11-09 09:40:32,very bad,very bad,0,2,8,0,0,0,1.0,0,0,-0.5849,1,0,1,0.0,0,1,0,1.0,0.0
42ef1aa0-d77e-4a96-b17a-cf0d8d044c59,Spotify,Entertainment,Nagesh Kamath,Unknown,5,2025-11-09 09:42:07,exceptional...,exceptional...,0,1,14,0,0,0,1.0,0,0,0.0,1,0,1,0.0,0,1,0,5.0,0.0
49738088-c91e-442f-9203-fa17185c1904,Spotify,Entertainment,Josh Wambsganss,Unknown,3,2025-11-09 09:43:10,app is slow and never loads when I need it to.,app is slow and never loads when i need it to.,0,11,46,0,0,0,1.0,0,1,0.0,1,0,1,0.0,0,1,0,3.0,0.0
83d127dc-94b0-40ca-89f8-ef5f6d283a43,Spotify,Entertainment,victoria adesanya,Unknown,5,2025-11-09 09:43:59,The best,the best,0,2,8,0,0,0,1.0,0,0,0.6369,1,0,1,0.0,0,2,0,5.0,0.0
89f962d4-f710-4422-836d-790a7e08ca0a,Spotify,Entertainment,Mary Grace Sardeniola,Unknown,5,2025-11-09 09:45:50,good 👍👍,good 👍👍,0,2,7,2,0,0,1.0,0,0,0.4404,1,0,1,0.0,0,1,0,5.0,0.0
ab3af0fb-2043-4b26-af5d-447fc62d9dec,Spotify,Entertainment,Kagiso Mathebula,Unknown,1,2025-11-09 09:49:34,I can't play songs,i can't play songs,0,4,18,0,0,0,1.0,0,0,-0.2584,1,0,1,0.0,0,1,0,1.0,0.0
3ccb1551-1848-4a1a-b707-305273356541,Spotify,Entertainment,Yesenia Tristan,Unknown,4,2025-11-09 09:50:48,thumbs 👍 up! smooth n user friendly!,thumbs 👍 up! smooth n user friendly!,0,7,36,1,0,0,1.0,0,0,0.5837,1,0,1,0.0,0,1,0,4.0,0.0
8c7a7473-f0bd-4839-ad96-ce188fedd022,Spotify,Entertainment,Lance StClair,Unknown,5,2025-11-09 09:51:15,Spotify is very cool it has advanced features and is one of the best if not the best music platform.,spotify is very cool it has advanced features and is one of the best if not the best music platform.,0,20,100,0,0,0,0.85,0,0,0.6625,1,0,1,0.0,0,1,0,5.0,0.0
21662c4a-330e-4d6c-8c68-ebf1cfcb1cf5,Spotify,Entertainment,Suzan Mashego,Unknown,5,2025-11-09 09:54:56,"I love Spotify, get everything I want in 1 app.","i love spotify, get everything i want in 1 app.",0,10,47,0,0,0,0.9,0,1,0.6705,1,0,1,0.0,0,1,0,5.0,0.0
5ea62ad7-099d-4209-8da5-c000c8ebc9ea,Spotify,Entertainment,Arnab Karmakar,Unknown,5,2025-11-09 09:55:48,It's very nice❤️,it's very nice❤️,0,3,16,0,0,0,1.0,0,0,0.4754,1,0,1,0.0,0,1,0,5.0,0.0
9a504fc5-491f-4be3-ac1a-46908356fce4,Spotify,Entertainment,Masa nabo,Unknown,5,2025-11-09 09:56:48,"interesting,more Joy and learning types of music.","interesting,more joy and learning types of music.",0,7,49,0,0,0,1.0,0,0,0.5859,1,0,1,0.0,0,1,0,5.0,0.0
0fbc42b2-9353-41e6-a610-bb8efc0485d1,Spotify,Entertainment,Tom,Unknown,1,2025-11-09 09:56:59,App is diabolical. Extremely slow and contantly crashing.,app is diabolical. extremely slow and contantly crashing.,0,8,57,0,0,0,1.0,0,1,0.0,1,0,1,0.0,0,1,0,1.0,0.0
c56efbe3-d71a-4bcd-b3ec-440e9cd61666,Spotify,Entertainment,Raymond Swartz,Unknown,1,2025-11-09 09:57:22,the ad's I hate so much,the ad's i hate so much,0,6,23,0,0,0,1.0,0,0,-0.5719,1,0,1,0.0,0,1,0,1.0,0.0
f503ab36-f204-40f5-8efb-f48a35db77b7,Spotify,Entertainment,Gowtham Gowthaman,Unknown,1,2025-11-09 10:17:40,"worst app i ever seen ,1 song plays after 2ads play and ads duration time minimum 2mins 👎🏻👎🏻","worst app i ever seen ,1 song plays after 2ads play and ads duration time minimum 2mins 👎🏻👎🏻",0,18,92,4,0,0,1.0,0,1,-0.1779,1,0,1,0.0,0,1,0,1.0,0.0
51f7144b-d896-4657-b076-b5a3371df3b7,Spotify,Entertainment,Dark Force,Unknown,1,2025-11-09 10:19:00,bad..... can't even change songs without premium,bad..... can't even change songs without premium,0,7,48,0,0,0,1.0,0,0,-0.5423,1,0,1,0.0,0,1,0,1.0,0.0
92240210-a7d6-44fb-8dba-46a953a6ee05,Spotify,Entertainment,Jaiveer Singh Salyal,Unknown,1,2025-11-09 10:23:17,this app sucks if u are not on premium,this app sucks if u are not on premium,0,9,38,0,0,0,1.0,0,1,-0.3612,1,0,1,0.0,0,1,0,1.0,0.0
caa9c154-8ab1-4095-9983-c56d4b3d41d8,Spotify,Entertainment,Shivin pratap singh,Unknown,1,2025-11-09 10:28:32,using this app for a while now but now it is has turned worse you can't even choose song,using this app for a while now but now it is has turned worse you can't even choose song,0,19,88,0,0,0,0.9473684210526315,0,1,-0.631,1,0,1,0.0,0,1,0,1.0,0.0
0185244b-f2bc-4d8e-ab10-86a73faa4818,Spotify,Entertainment,Atul Roy,Unknown,4,2025-11-09 10:29:57,this app very good song,this app very good song,0,5,23,0,0,0,1.0,0,1,0.4927,1,0,1,0.0,0,1,0,4.0,0.0
20c2c90e-c1ab-450e-91d6-900cf6db8aa7,Spotify,Entertainment,Hmr,Unknown,1,2025-11-09 10:55:34,I hv choosed Telugu language. but all r showing tamil songs,i hv choosed telugu language. but all r showing tamil songs,0,11,59,0,0,0,1.0,0,0,0.0,1,0,1,0.0,0,1,0,1.0,0.0
05ab378e-f844-4184-853d-548d572a7f01,Spotify,Entertainment,robi R,Unknown,4,2025-11-09 10:56:54,I'm not understanding the ringtone process. 😕 All else good,i'm not understanding the ringtone process. 😕 all else good,0,10,59,1,0,0,1.0,0,0,0.1531,1,0,1,0.0,0,1,0,4.0,0.0
c56f7590-e4ca-4af7-9f79-ab0d151cfcdc,Spotify,Entertainment,DEV PRAKASH,Unknown,4,2025-11-09 11:02:35,good experience but the ads pop up suddenly and are quiet long,good experience but the ads pop up suddenly and are quiet long,0,12,62,0,0,0,1.0,0,0,0.2382,1,0,1,0.0,0,1,0,4.0,0.0
01eb0a55-6d35-4f14-9f41-59e63064cfbf,Spotify,Entertainment,Mighty gaming,Unknown,1,2025-11-09 11:05:12,DISGUSTING LIMITATION BY THE COMPANY,disgusting limitation by the company,0,5,36,0,0,5,1.0,0,0,-0.6808,1,0,1,0.0,0,1,0,1.0,0.0
01170c83-36fc-4dd4-a2a9-3306d7a8bfa2,Spotify,Entertainment,ChrisPaolo Aberin,Unknown,1,2025-11-09 11:11:16,cmon spotify why would you do this to me i have no money now i cant even pick wht i want to play i need premium i cant afford it,cmon spotify why would you do this to me i have no money now i cant even pick wht i want to play i need premium i cant afford it,0,30,128,0,0,0,0.8,0,0,0.128,1,0,1,0.0,0,1,0,1.0,0.0
0172b730-a30b-49d1-a65d-213bc977fb31,Spotify,Entertainment,Osamu Dazai,Unknown,1,2025-11-09 11:12:27,"Spotify becomes worse, they don't even let us play our fav songs , now don't even let us skip which song we didn't like","spotify becomes worse, they don't even let us play our fav songs , now don't even let us skip which song we didn't like",0,24,119,0,0,0,0.8333333333333334,0,0,0.049,1,0,1,0.0,0,1,0,1.0,0.0
5d506e34-3ca6-4b0c-a866-24243f836647,Spotify,Entertainment,Yashdeep singh (Harman),Unknown,1,2025-11-09 11:13:07,"gaane rakhe hi kyu hai isme, ad Hi chla dia kro","gaane rakhe hi kyu hai isme, ad hi chla dia kro",0,11,47,0,0,0,0.9090909090909091,0,1,0.0,1,0,1,0.0,0,1,0,1.0,0.0
eb7160c3-92e6-4a13-a384-c0c2f050b550,Spotify,Entertainment,sumair hussain,Unknown,2,2025-11-09 11:13:54,Spotify has So So many ads it's irritated me Same ads show again and again i don't like it.,spotify has so so many ads it's irritated me same ads show again and again i don't like it.,0,19,91,0,0,0,0.8421052631578947,0,0,-0.6261,1,0,1,0.0,0,1,0,2.0,0.0
b2a64101-2b86-4b30-9caf-287d4714717a,Spotify,Entertainment,Jue Hian,Unknown,1,2025-11-09 11:15:17,keeps crashing my phone,keeps crashing my phone,0,4,23,0,0,0,1.0,0,0,0.0,1,0,1,0.0,0,1,0,1.0,0.0
03899d40-525e-4664-a135-4e846e0c2cce,Spotify,Entertainment,Alka Dwivedi,Unknown,3,2025-11-09 11:15:40,discovery mode is basically pay to play,discovery mode is basically pay to play,0,7,39,0,0,0,1.0,0,0,0.25,1,0,1,0.0,0,1,0,3.0,0.0
290af528-1edf-4479-bd15-cb9512a4414e,Spotify,Entertainment,Carolyn Rollins,Unknown,1,2025-11-09 11:29:12,As I read the other reviews it doesn't look like Spotify reads their own reviews. my issue wasn't resolved and doesn't look like anyone else's was either. so this is a terrible place to get answers.,as i read the other reviews it doesn't look like spotify reads their own reviews. my issue wasn't resolved and doesn't look like anyone else's was either. so this is a terrible place to get answers.,0,36,198,0,0,0,0.9166666666666666,0,0,-0.7807,1,0,1,0.0,0,1,0,1.0,0.0
85b17a90-0983-44af-8b27-59aa87619b6c,Spotify,Entertainment,Neil Whitehead,Unknown,2,2025-11-09 11:30:25,Love Spotify. Hate the 'Nanny State' of Spotify on some of my devices. I want to listen to what I want to listen to. I have several devices and I think Spotify has installed differently onto each one. Absolutely nonsensical.,love spotify. hate the 'nanny state' of spotify on some of my devices. i want to listen to what i want to listen to. i have several devices and i think spotify has installed differently onto each one. absolutely nonsensical.,1,40,224,0,0,0,0.775,1,0,0.2732,1,0,1,0.0,0,1,0,2.0,0.0
f503bc4f-cbe0-44eb-9ec4-601e0c435cdb,Spotify,Entertainment,Rochelle Gamutan,Unknown,1,2025-11-09 11:36:00,what happened to my Spotify 🥲why when I play or search a song it's becoming an album instead of the song being played,what happened to my spotify 🥲why when i play or search a song it's becoming an album instead of the song being played,0,23,117,1,0,0,0.9565217391304348,0,1,0.5859,1,0,1,0.0,0,1,1,1.0,0.0
0555fe70-3f73-4633-aaf3-e73bf0ce4571,Spotify,Entertainment,Yusuf Ali,Unknown,4,2025-11-09 11:42:51,sweet music experience,sweet music experience,0,3,22,0,0,0,1.0,0,0,0.4588,1,0,1,0.0,0,1,0,4.0,0.0
240485e0-b5b4-47bd-8123-c59f5d24985d,Spotify,Entertainment,Laila Elkady,Unknown,2,2025-11-09 11:47:07,good music but so many adds. and not chosing which part of the song you want to go to is bad );,good music but so many adds. and not chosing which part of the song you want to go to is bad );,0,22,95,0,0,0,0.9545454545454546,0,0,-0.5187,1,0,1,0.0,0,1,0,2.0,0.0
a62e6c06-8178-44f3-9544-260521286855,Spotify,Entertainment,spade1,Unknown,4,2025-11-09 11:48:31,"nice app, but please add multi-select! it can be helpful for organizing, adding & removing songs, etc. 🙏","nice app, but please add multi-select! it can be helpful for organizing, adding & removing songs, etc. 🙏",1,18,104,1,0,0,1.0,0,1,0.8335,1,0,1,0.0,0,1,0,4.0,0.0
3d66f762-0d57-4db6-8af5-2f947a0f2da6,Spotify,Entertainment,Kevin Andrews,Unknown,2,2025-11-09 11:49:31,Love Spotify but the new dynamic status bar icon (not an icon) is terrible. Such an unwanted distraction but you can't turn it off without also turning off lock screen functionality.,love spotify but the new dynamic status bar icon (not an icon) is terrible. such an unwanted distraction but you can't turn it off without also turning off lock screen functionality.,0,31,182,0,0,0,0.9032258064516129,0,0,-0.7579,1,0,1,0.0,0,1,0,2.0,0.0
f6a7b5ad-c06c-443f-97eb-46e7548f84b4,Spotify,Entertainment,DIXON LAI,Unknown,1,2025-11-09 11:52:44,Ad much as hell,ad much as hell,0,4,15,0,0,0,1.0,0,0,-0.6808,1,0,1,0.0,0,1,0,1.0,0.0
93212fa2-f25d-40a1-b1a2-9275427ab5d3,Spotify,Entertainment,lumiuko,Unknown,4,2025-11-09 11:59:03,"Canvas is still not available in Georgia, as well as other features like music videos, DJ, etc","canvas is still not available in georgia, as well as other features like music videos, dj, etc",0,17,94,0,0,1,0.9411764705882353,0,0,0.5574,1,0,1,0.0,0,1,0,4.0,0.0
f8563660-8b33-4b78-afa2-b166842ac121,Spotify,Entertainment,Ashwathamma N,Unknown,4,2025-11-09 12:04:51,I like it a lot much but there is one problem 😔 if I make a playlist and deleted it will be still in my followers layout,i like it a lot much but there is one problem 😔 if i make a playlist and deleted it will be still in my followers layout,0,27,120,1,0,0,0.8888888888888888,0,0,-0.3291,1,0,1,0.0,0,1,0,4.0,0.0
0646b715-9900-45d3-a085-a7f2f2a85b32,Spotify,Entertainment,Matthew Nordtvedt,Unknown,1,2025-11-09 12:11:51,"Slow, randomly starts playing music. I use it to play music for my child and it starts music in the middle of the night. What a terrible idea.","slow, randomly starts playing music. i use it to play music for my child and it starts music in the middle of the night. what a terrible idea.",0,28,142,0,0,0,0.8571428571428571,0,0,0.0258,1,0,1,0.0,0,1,0,1.0,0.0
ca2fa535-b32a-4ccd-8c0f-79480b7bd0a2,Spotify,Entertainment,Wilfred Bentil Arthur,Unknown,5,2025-11-09 12:24:14,Great app all around,great app all around,0,4,20,0,0,0,1.0,0,1,0.6249,1,0,1,0.0,0,1,0,5.0,0.0
21795c5f-56d7-4c33-902f-2b6bc77132bd,Spotify,Entertainment,Mwaka Sikwa,Unknown,5,2025-11-09 12:27:53,wonderful,wonderful,0,1,9,0,0,0,1.0,0,0,0.5719,1,0,1,0.0,0,1,0,5.0,0.0
70cc34bd-2199-4132-af39-ffe47cab0b6d,Spotify,Entertainment,Veer K,Unknown,1,2025-11-09 12:30:11,"too much, unnecessary ads. Won't recommend to anyone. plz don't take premium. it's useless","too much, unnecessary ads. won't recommend to anyone. plz don't take premium. it's useless",0,14,90,0,0,0,1.0,0,0,-0.5588,1,0,1,0.0,0,1,0,1.0,0.0
787be74f-6ffe-487e-bbe6-78f90f10889a,Spotify,Entertainment,KHALED MOHAMED,Unknown,1,2025-11-09 12:32:56,badddddddddddddddd,badddddddddddddddd,0,1,18,0,0,0,1.0,0,0,0.0,1,0,1,0.0,0,1,0,1.0,0.0
2188b1f2-9c4c-47de-99bd-936bf09f6e80,Spotify,Entertainment,Manvi Manhas,Unknown,5,2025-11-09 12:34:12,this app is amazing,this app is amazing,0,4,19,0,0,0,1.0,0,1,0.5859,1,0,1,0.0,0,1,0,5.0,0.0
fce08d87-3531-4fa0-be3f-73e586a8baed,Spotify,Entertainment,Krish Kumar,Unknown,1,2025-11-09 12:34:48,don't play music,don't play music,0,3,16,0,0,0,1.0,0,0,-0.2584,1,0,1,0.0,0,1,0,1.0,0.0
e7e37618-4675-48f9-9336-60370dd67396,Spotify,Entertainment,Eden Lee,Unknown,4,2025-11-09 12:36:41,"Wish we could replay a part of the song, Spotify premium too expensive. But love it overall.","wish we could replay a part of the song, spotify premium too expensive. but love it overall.",0,17,92,0,0,0,1.0,0,0,0.8248,1,0,1,0.0,0,1,0,4.0,0.0
e83638aa-e766-4c0a-af1c-da0443e44efe,Spotify,Entertainment,Danger Mouse,Unknown,1,2025-11-09 12:36:57,Spotify is pure garbage! 😂,spotify is pure garbage! 😂,1,5,26,1,0,0,1.0,0,0,0.4926,1,0,1,0.0,0,1,0,1.0,0.0
559de4a0-de5a-411e-90f1-0d4fc89e2d48,Spotify,Entertainment,12th results choudhary,Unknown,1,2025-11-09 12:37:17,worst music app everything asks for premium 💢💢💢💢💢💢,worst music app everything asks for premium 💢💢💢💢💢💢,0,8,50,6,0,0,1.0,0,1,-0.9805,1,0,1,0.0,0,1,0,1.0,0.0
1ac53854-2c05-4cc4-ac5a-77e86971baf9,Spotify,Entertainment,Muhammedsuhail,Unknown,3,2025-11-09 12:38:59,free preemium,free preemium,0,2,13,0,0,0,1.0,1,0,0.5106,1,0,1,0.0,0,1,0,3.0,0.0
a106a657-7f01-4562-b332-1a80562281e6,Spotify,Entertainment,Mary Lorie Joy Jadol Lapornina,Unknown,1,2025-11-09 12:40:04,"This app is selfish we cant choose music that we want to play,,, What the hell do you think everyone can afford the premium... If I could rate 0 then I would 🤨👎","this app is selfish we cant choose music that we want to play,,, what the hell do you think everyone can afford the premium... if i could rate 0 then i would 🤨👎",0,33,160,2,0,0,0.9090909090909091,0,1,-0.7184,1,0,1,0.0,0,1,0,1.0,0.0
ef8532a2-30d4-4e3b-87d4-45db58b41893,Spotify,Entertainment,Priyanshu Pandit2830,Unknown,5,2025-11-09 12:46:04,bhoot acha hai bhaii,bhoot acha hai bhaii,0,4,20,0,0,0,1.0,0,1,0.0,1,0,1,0.0,0,1,0,5.0,0.0
4fa28883-5ce5-4bdd-b486-9604023c4e00,Spotify,Entertainment,Om Pandey,Unknown,1,2025-11-09 12:46:30,it is good for those only who pays for membership. the free users have no choice For for playing their playlists in their order. lots of unwanted adds. very bad experience from Spotify nowadays...,it is good for those only who pays for membership. the free users have no choice for for playing their playlists in their order. lots of unwanted adds. very bad experience from spotify nowadays...,0,34,196,0,0,0,0.8823529411764706,1,0,0.0276,1,0,1,0.0,0,1,0,1.0,0.0
f05053df-9913-4c4d-bd7e-5ff6b70ebef6,Spotify,Entertainment,Faizal Mohammad,Unknown,5,2025-11-09 12:47:41,It's very good music listening app,it's very good music listening app,0,6,34,0,0,0,1.0,0,1,0.4927,1,0,1,0.0,0,1,0,5.0,0.0
02c52aeb-a85a-4a0d-b4ab-1c0f2558e69d,Spotify,Entertainment,YuLimYu,Unknown,5,2025-11-09 12:47:44,feel less stressed,feel less stressed,0,3,18,0,0,0,1.0,0,0,-0.2748,1,0,1,0.0,0,1,0,5.0,0.0
e5186360-8d68-4e63-8a65-bef2ebfa9a0c,Spotify,Entertainment,Asgar Ali,Unknown,5,2025-11-09 12:47:49,"very nice app ,beautiful because it gives options for your favourite singers .","very nice app ,beautiful because it gives options for your favourite singers .",0,13,78,0,0,0,1.0,0,1,0.8051,1,0,1,0.0,0,1,0,5.0,0.0
0f9b88a4-28e6-4315-ada7-a25b2a3a4427,Spotify,Entertainment,Allen Burns,Unknown,5,2025-11-09 12:49:22,loving it. THANKS,loving it. thanks,0,3,17,0,0,1,1.0,0,0,0.7783,1,0,1,0.0,0,1,0,5.0,0.0
34c85c0d-6a17-459e-ac00-f9d8695efaca,Spotify,Entertainment,KC H (KCH),Unknown,3,2025-11-09 12:49:46,there's always at least one problem with the app ://,there's always at least one problem with the app ://,0,10,52,0,0,0,1.0,0,1,-0.4019,1,0,1,0.0,0,1,0,3.0,0.0
c81847bc-12f1-4730-8f7a-dbcc1959bf8f,Spotify,Entertainment,Kulbeer Kaur,Unknown,5,2025-11-09 12:51:15,everyone should try this app who are music addicted I think this is the best app,everyone should try this app who are music addicted i think this is the best app,0,16,80,0,0,0,0.875,0,1,0.6369,1,0,1,0.0,0,1,0,5.0,0.0
8988f6ab-4a07-40a5-8cd0-1367d70278c6,Spotify,Entertainment,Adarsh Sharma,Unknown,4,2025-11-09 12:53:25,I gave this 4 star rating but they banned the pal pal and jhol song iam asking why did they do that,i gave this 4 star rating but they banned the pal pal and jhol song iam asking why did they do that,0,22,99,0,0,0,0.9090909090909091,0,0,-0.6124,1,0,1,0.0,0,1,1,4.0,0.0
e84f933b-526a-4138-a9a2-06b4b7c4819e,Spotify,Entertainment,Ankita Kumari,Unknown,5,2025-11-09 12:53:44,top quality music,top quality music,0,3,17,0,0,0,1.0,0,0,0.2023,1,0,1,0.0,0,1,0,5.0,0.0
15dd6d60-d2e0-4557-bf43-6f7df1106af1,Spotify,Entertainment,ashu ajay,Unknown,4,2025-11-09 12:55:20,best sound quality I really enjoy it,best sound quality i really enjoy it,0,7,36,0,0,0,1.0,0,0,0.8268,1,0,1,0.0,0,1,0,4.0,0.0
d97df84a-aff1-4b51-b5a7-96de4955b820,Spotify,Entertainment,Юрий,Unknown,5,2025-11-09 12:57:17,Amazing music app. Really appreciate the developer team.,amazing music app. really appreciate the developer team.,0,8,56,0,0,0,1.0,0,1,0.7778,1,0,1,0.0,0,1,0,5.0,0.0
d29086fe-e1d6-44fb-a37b-e910bbf66a40,Spotify,Entertainment,Yashraj Gautam,Unknown,2,2025-11-09 12:59:47,best app I've ever seen but some song came between which irritates me to listen the ads 😤 i hope developers can understand and remove some songs to listen the ads without any problem 🙂,best app i've ever seen but some song came between which irritates me to listen the ads 😤 i hope developers can understand and remove some songs to listen the ads without any problem 🙂,0,35,184,2,0,0,0.8571428571428571,0,1,0.8536,1,0,1,0.0,0,1,1,2.0,0.0
a71c027e-1a9b-471e-a0b4-2222219058e0,Spotify,Entertainment,Hope Jimmy,Unknown,5,2025-11-09 13:02:11,Having a very fantastic experience with the Spotify app🔥 it is indeed literally the best music 🎶 app out there if it's safe to say that.,having a very fantastic experience with the spotify app🔥 it is indeed literally the best music 🎶 app out there if it's safe to say that.,0,26,136,2,0,0,0.9615384615384616,0,1,0.8622,1,0,1,0.0,0,1,0,5.0,0.0
445c93b6-9789-44e9-b4a5-a599e3045d80,Spotify,Entertainment,Asefa mohsin Saiyed,Unknown,5,2025-11-09 13:06:34,best but remove adds,best but remove adds,0,4,20,0,0,0,1.0,0,0,0.3818,1,0,1,0.0,0,1,0,5.0,0.0
6f27f6a0-8af7-4660-ba40-e9926c7ed909,Spotify,Entertainment,Jonalyn Velchez,Unknown,5,2025-11-09 13:08:13,the sound is for relaxing 🔥🔥🔥🔥🔥,the sound is for relaxing 🔥🔥🔥🔥🔥,0,6,31,5,0,0,1.0,0,0,-0.7783,1,0,1,0.0,0,1,1,5.0,0.0
d13a5fd2-7985-47db-a93b-0357d624e0a9,Spotify,Entertainment,Josie Woo,Unknown,5,2025-11-09 13:11:07,NO ADS WOOHOO,no ads woohoo,0,3,13,0,0,3,1.0,0,0,-0.5996,1,0,1,0.0,0,1,1,5.0,0.0
37504a8c-3877-4ae7-ba14-1d8eca82e81b,Spotify,Entertainment,Igwurube Uchenna,Unknown,2,2025-11-09 13:11:40,"monthly subscription won't be a problem to access my Spotify music, but where am disappointed is not able to access my sporty app offline 🤦🤦🤦🤦","monthly subscription won't be a problem to access my spotify music, but where am disappointed is not able to access my sporty app offline 🤦🤦🤦🤦",0,25,142,4,0,0,0.88,0,1,-0.6452,1,0,1,0.0,0,1,0,2.0,0.0
bedd098f-9cce-4917-afa5-f6f9e66b7ae8,Spotify,Entertainment,Alan Dollery,Unknown,4,2025-11-09 13:11:57,gREAT FOR MUSIC ON MY PHONE BUT UNABLE TO GET IT WORKING ON MY GOOGL HOME DONT KNOW WHY!,great for music on my phone but unable to get it working on my googl home dont know why!,0,19,88,0,0,18,0.8947368421052632,0,0,0.4295,1,0,1,0.0,0,1,0,4.0,0.0
ca5ff2bb-1eda-482f-b8fb-03fcc836afb4,Spotify,Entertainment,Arti Arti,Unknown,5,2025-11-09 13:13:48,maza aya,maza aya,0,2,8,0,0,0,1.0,0,0,0.0,1,0,1,0.0,0,1,0,5.0,0.0
ee0e6bfa-b4db-4fb1-a97f-61d6b69746f5,Spotify,Entertainment,Md muzammil,Unknown,2,2025-11-09 13:13:49,worst app always force us to take premium does not even function basic needs,worst app always force us to take premium does not even function basic needs,0,14,76,0,0,0,1.0,0,1,-0.6249,1,0,1,0.0,0,1,0,2.0,0.0
102ba564-2221-47e5-b9ce-78447c34195a,Spotify,Entertainment,Aryan Randive,Unknown,5,2025-11-09 13:17:23,best 👍,best 👍,0,2,6,1,0,0,1.0,0,0,0.6369,1,0,1,0.0,0,1,0,5.0,0.0
1ec5921d-7e84-4c2b-933e-c56743c08ea0,Spotify,Entertainment,D Rodil,Unknown,1,2025-11-09 13:17:36,"App is 3GB on my phone, takes up more space than some mobile games. What gives???","app is 3gb on my phone, takes up more space than some mobile games. what gives???",0,16,81,0,0,1,1.0,0,1,0.0,1,0,1,0.0,0,1,0,1.0,0.0
8551ffe3-f1c4-422a-b98a-30178e80e344,Spotify,Entertainment,Amniya Darwisya Akmal,Unknown,5,2025-11-09 13:18:04,"love it, it helps approved my singing, and many favorite singers","love it, it helps approved my singing, and many favorite singers",0,11,64,0,0,0,1.0,0,1,0.9118,1,0,1,0.0,0,1,0,5.0,0.0
85d96ebb-0ac0-451e-a3ef-230a9387393d,Spotify,Entertainment,Montana Zent,Unknown,1,2025-11-09 13:18:20,the ads are out of control. the ad time to song time is like a 60-40 ratio. the radio gives you more of what you want for less ads. we have regressed.,the ads are out of control. the ad time to song time is like a 60-40 ratio. the radio gives you more of what you want for less ads. we have regressed.,0,32,150,0,0,0,0.84375,0,0,0.4215,1,0,1,0.0,0,1,0,1.0,0.0
b068e4e4-df3f-4458-866b-2d53aec59af8,Spotify,Entertainment,Ayush Singh,Unknown,5,2025-11-09 13:19:53,best app for listening 🎧🎶 song I enjoy everyone bet of song I think he is the best app for listening song and podcast ❤️,best app for listening 🎧🎶 song i enjoy everyone bet of song i think he is the best app for listening song and podcast ❤️,0,25,120,2,0,0,0.72,0,1,0.9118,1,0,1,0.0,0,1,0,5.0,0.0
f8fb584b-1239-407c-a78e-3a02410f1c4c,Spotify,Entertainment,Ravi Kumar,Unknown,3,2025-11-09 13:21:13,ok ok,ok ok,0,2,5,0,0,0,0.5,0,0,0.5267,1,0,1,0.0,0,1,0,3.0,0.0
f587bfb2-607f-41f1-a09e-cf789f80b4e3,Spotify,Entertainment,Maniac Tj,Unknown,5,2025-11-09 13:23:10,It's just perfect,it's just perfect,0,3,17,0,0,0,1.0,0,0,0.5719,1,0,1,0.0,0,1,0,5.0,0.0
e9c1abc0-4d1f-4948-8367-124305d8efb8,Spotify,Entertainment,Ankit Mishra,Unknown,5,2025-11-09 13:24:02,ek number company,ek number company,0,3,17,0,0,0,1.0,0,0,0.0772,1,0,1,0.0,0,1,0,5.0,0.0
f200cce8-7c84-4504-8c7f-d91b9de4c425,Spotify,Entertainment,Kartikey Pandey,Unknown,1,2025-11-09 13:25:13,Poor experience since 3 months. Earlier there were advertisement after 8-10 songs but now there is advertisement after every 2-4 songs and also advertisement are of poor quality. Even after disliking adds for hundred times it is repeating same adds.,poor experience since 3 months. earlier there were advertisement after 8-10 songs but now there is advertisement after every 2-4 songs and also advertisement are of poor quality. even after disliking adds for hundred times it is repeating same adds.,0,40,249,0,0,0,0.8,0,0,-0.8462,1,0,1,0.0,0,1,0,1.0,0.0
35455ff9-a862-42ee-aea5-82670968b5d8,Spotify,Entertainment,Adam macca,Unknown,5,2025-11-09 13:26:11,awesome no complaints,awesome no complaints,0,3,21,0,0,0,1.0,0,0,0.7475,1,0,1,0.0,0,1,0,5.0,0.0
00ee3289-18ea-4d65-a40d-0c701ddab265,Spotify,Entertainment,Analyn Saludaga,Unknown,5,2025-11-09 13:27:21,love this app while working or playing games ithas so much music and most of them are there,love this app while working or playing games ithas so much music and most of them are there,0,18,91,0,0,0,1.0,0,1,0.7184,1,0,1,0.0,0,1,0,5.0,0.0
0d8a9565-dc9e-4f68-8164-e2f42aea642f,Spotify,Entertainment,J,Unknown,1,2025-11-09 13:29:07,There's no rewind nor forward in the audio.,there's no rewind nor forward in the audio.,0,8,43,0,0,0,1.0,0,0,-0.296,1,0,3,118406.0,0,1,0,1.3333333333333333,0.5773502691896257
7d8b13f1-fe60-4915-86cf-ac7ded1bb6cf,Spotify,Entertainment,Bhupesh kumar,Unknown,1,2025-11-09 13:29:13,WORST APP I HAVE EVER USED 👎 3RD CLASS CONSOLE,worst app i have ever used 👎 3rd class console,0,10,46,1,0,8,1.0,0,1,-0.6249,1,0,1,0.0,0,1,0,1.0,0.0
72dea514-9c3f-4452-8de4-7a0cb7157daa,Spotify,Entertainment,Alferro Dewangga,Unknown,5,2025-11-09 13:31:53,Spotify,spotify,0,1,7,0,0,0,1.0,0,0,0.0,1,0,1,0.0,0,1,0,5.0,0.0
ae0d67b9-db47-4704-8f8a-fae9336fd1d1,Spotify,Entertainment,Pinki Soni,Unknown,5,2025-11-09 13:34:57,Brilliant 👏,brilliant 👏,0,2,11,1,0,0,1.0,0,0,0.5859,1,0,1,0.0,0,1,0,5.0,0.0
41aa24f1-6ac4-4f83-87c8-396da9e7687e,Spotify,Entertainment,Ashia Choudhary,Unknown,5,2025-11-09 13:36:08,still working nice,still working nice,0,3,18,0,0,0,1.0,0,0,0.4215,1,0,1,0.0,0,1,0,5.0,0.0
fa936ff4-08da-4637-a486-3442a78056ec,Spotify,Entertainment,kuburga k,Unknown,1,2025-11-09 13:36:31,Majority of your subscription fee goes to weapon industries through the CEO instead of artists.,majority of your subscription fee goes to weapon industries through the ceo instead of artists.,0,15,95,0,0,1,0.9333333333333333,0,0,-0.296,1,0,1,0.0,0,1,0,1.0,0.0
30ddc23e-d1a0-4c5c-89da-a45c68ea815f,Spotify,Entertainment,Suresh Koppa,Unknown,5,2025-11-09 13:36:46,excellent choice 👌👌,excellent choice 👌👌,0,3,19,2,0,0,1.0,0,0,0.9429,1,0,1,0.0,0,1,0,5.0,0.0
de471e01-6368-4dbf-b87b-a91e2c7ae0aa,Spotify,Entertainment,Mongoose,Unknown,5,2025-11-09 13:36:56,best music app I have ever used,best music app i have ever used,0,7,31,0,0,0,1.0,0,1,0.6369,1,0,1,0.0,0,1,0,5.0,0.0
30af447b-ef54-45a6-b8b4-242adb68fd71,Spotify,Entertainment,Michele,Unknown,5,2025-11-09 13:37:03,about to look nice,about to look nice,0,4,18,0,0,0,1.0,0,0,0.4215,1,0,1,0.0,0,1,0,5.0,0.0
d3541d44-e08c-453c-bda9-c3ae238ef8f9,Spotify,Entertainment,Makayla Morgan,Unknown,1,2025-11-09 13:39:41,the new update is terrible you cannot pick your own song the song keep changing and it doesn't go in order as you want it to it's absolutely terrible,the new update is terrible you cannot pick your own song the song keep changing and it doesn't go in order as you want it to it's absolutely terrible,0,29,149,0,0,0,0.8275862068965517,0,0,-0.7346,1,0,1,0.0,0,1,0,1.0,0.0
b7b062a2-5ddd-422a-8d9f-2fc4739f69ad,Spotify,Entertainment,Amanda,Unknown,1,2025-11-09 13:42:03,"Won't stop charging me!!! It has been YEARS. I try to cancel, and have even used other apps to cancel. TWICE a MONTH, they charge me. I am notifying my bank today.","won't stop charging me!!! it has been years. i try to cancel, and have even used other apps to cancel. twice a month, they charge me. i am notifying my bank today.",0,32,163,0,0,3,0.9375,0,1,-0.4567,1,0,1,0.0,0,1,0,1.0,0.0
8b52e138-a5bf-4f4d-9e96-4e29eca8df89,Spotify,Entertainment,Sai Kiran,Unknown,5,2025-11-09 13:42:50,"please helpme with the play,Yes! enjoying.✌🏼😇☺️🥰♥️♥️♥️♥️♥️","please helpme with the play,yes! enjoying.✌🏼😇☺️🥰♥️♥️♥️♥️♥️",0,6,58,3,0,0,1.0,0,0,0.9925,1,0,1,0.0,0,1,0,5.0,0.0
9a792ef4-3ca0-49cf-a1fe-e8a784a823af,Spotify,Entertainment,Ross Macduff,Unknown,1,2025-11-09 13:44:26,So apparently trying to play any song on the app is now a Premium feature. Absolute garbage,so apparently trying to play any song on the app is now a premium feature. absolute garbage,0,17,91,0,0,0,1.0,0,1,0.34,1,0,1,0.0,0,1,0,1.0,0.0
af56beda-3465-425f-986d-e4d640a79150,Spotify,Entertainment,Sujan Parida,Unknown,5,2025-11-09 13:44:33,excellent,excellent,0,1,9,0,0,0,1.0,0,0,0.5719,1,0,1,0.0,0,2,0,5.0,0.0
ccfda473-f397-4c8e-b901-aa0313737144,Spotify,Entertainment,Vijay Laxmi,Unknown,5,2025-11-09 13:45:38,for timepass it's so good,for timepass it's so good,0,5,25,0,0,0,1.0,0,0,0.5777,1,0,1,0.0,0,1,0,5.0,0.0
1f9faad3-87a6-4665-b2e7-0cfbb7a2b02f,Spotify,Entertainment,Ep INFROZA,Unknown,1,2025-11-09 13:46:05,"bro like the ads was ok,it's okay and its acceptable but now,we can't even choose the song we wish to play.Nahh I'm gonna delete this bro.Yt music is way better","bro like the ads was ok,it's okay and its acceptable but now,we can't even choose the song we wish to play.nahh i'm gonna delete this bro.yt music is way better",0,30,160,0,0,0,0.9666666666666667,0,0,0.882,1,0,1,0.0,0,1,1,1.0,0.0
58dd9077-f30e-4458-881d-f27e84f42929,Spotify,Entertainment,siva suriyan,Unknown,5,2025-11-09 13:48:29,wonderful product for the music and podcast,wonderful product for the music and podcast,0,7,43,0,0,0,1.0,0,0,0.5719,1,0,1,0.0,0,1,0,5.0,0.0
e9999578-b30b-4f09-b8cd-4cf5df37f31a,Spotify,Entertainment,Raj Chauhan,Unknown,5,2025-11-09 13:56:02,this app is best,this app is best,0,4,16,0,0,0,1.0,0,1,0.6369,1,0,1,0.0,0,1,0,5.0,0.0
b522bb96-28bd-4471-822a-7b5f9331c067,Spotify,Entertainment,Ssp,Unknown,5,2025-11-09 13:56:47,very much beautiful,very much beautiful,0,3,19,0,0,0,1.0,0,0,0.6344,1,0,1,0.0,0,1,0,5.0,0.0
fccc979f-b919-477a-8814-6487f196f194,Spotify,Entertainment,Ronav Poddar,Unknown,5,2025-11-09 13:58:49,best music app,best music app,0,3,14,0,0,0,1.0,0,1,0.6369,1,0,1,0.0,0,1,0,5.0,0.0
4f7b5e9a-fd3d-4367-93bf-96a32d0f194d,Spotify,Entertainment,A Google user,Unknown,5,2025-11-09 14:00:27,wow!this music app is amazing I listen thousands of song. i love it 👌😍🤩👌,wow!this music app is amazing i listen thousands of song. i love it 👌😍🤩👌,0,14,72,4,0,0,0.9285714285714286,0,1,0.9737,1,0,3,42242.0,0,1,0,2.6666666666666665,2.0816659994661326
fcd6bba5-4324-4422-9d7f-73a3a76d6bba,Spotify,Entertainment,Abhishek Savardekar,Unknown,1,2025-11-09 14:01:49,I can't even choose the song I want to listen . If I want then I have to pay for it.,i can't even choose the song i want to listen . if i want then i have to pay for it.,0,21,84,0,0,0,0.7619047619047619,0,0,0.0516,1,0,1,0.0,0,1,0,1.0,0.0
087435c5-fc12-4f5a-85af-c3b13054ea4d,Spotify,Entertainment,sem geerling,Unknown,3,2025-11-09 14:02:56,"I'm experiencing a problem when I'm adding a song to a new playlist. The app won't let you search or sort for playlists, so you have to scroll through everything until you find the appropriate playlist.","i'm experiencing a problem when i'm adding a song to a new playlist. the app won't let you search or sort for playlists, so you have to scroll through everything until you find the appropriate playlist.",0,36,202,0,0,0,0.7777777777777778,0,1,-0.4019,1,0,1,0.0,0,1,0,3.0,0.0
325e64f1-1f56-46a6-9d2f-23ce866328e0,Spotify,Entertainment,Aneeq Ahmad,Unknown,5,2025-11-09 14:03:09,1 word. amazing,1 word. amazing,0,3,15,0,0,0,1.0,0,0,0.5859,1,0,1,0.0,0,1,0,5.0,0.0
6816ff38-0db1-4191-8092-ddd0fb863c64,Spotify,Entertainment,Santosh ji Electric,Unknown,5,2025-11-09 14:03:22,I love this every time 😍💖💖😍,i love this every time 😍💖💖😍,0,6,27,4,0,0,1.0,0,0,0.9719,1,0,1,0.0,0,1,0,5.0,0.0
dd0e0981-e6d3-4b75-b7d9-d48b7310abea,Spotify,Entertainment,Ananya Saxena,Unknown,5,2025-11-09 14:06:01,just wow,just wow,0,2,8,0,0,0,1.0,0,0,0.5859,1,0,1,0.0,0,1,0,5.0,0.0
a19a9223-1013-4b48-9155-89c2f7c20a63,Spotify,Entertainment,Sahnah Majed Siddiqui,Unknown,1,2025-11-09 14:06:53,The new update that doesn’t allow skipping songs has really affected the experience—it’s honestly been the worst one so far.,the new update that doesn’t allow skipping songs has really affected the experience—it’s honestly been the worst one so far.,0,20,124,0,0,0,0.9,0,0,-0.2716,1,0,1,0.0,0,1,0,1.0,0.0
9b09e2bb-05d1-4044-901f-60a095ca1889,Spotify,Entertainment,Rizky Cepong,Unknown,5,2025-11-09 14:08:05,Uhh. .the ads really Annoying but cool ig,uhh. .the ads really annoying but cool ig,0,8,41,0,0,0,1.0,0,0,0.3289,1,0,1,0.0,0,1,0,5.0,0.0
8cb43df8-2a38-4b6e-ba5c-47edc30705d0,Spotify,Entertainment,Prabha Sumathy,Unknown,5,2025-11-09 14:10:56,My soulful companion...,my soulful companion...,0,3,23,0,0,0,1.0,0,0,0.0,1,0,1,0.0,0,1,0,5.0,0.0
14206053-274b-446a-b169-139545764793,Spotify,Entertainment,Yogendra Sharma,Unknown,3,2025-11-09 14:11:18,Nice but can't show lirics,nice but can't show lirics,0,5,26,0,0,0,1.0,0,0,0.2263,1,0,1,0.0,0,1,0,3.0,0.0
a1405037-6054-481c-b9b9-22af460b73f5,Spotify,Entertainment,Aarnav Singh,Unknown,5,2025-11-09 14:12:37,very good quality of sound and programming,very good quality of sound and programming,0,7,42,0,0,0,1.0,0,0,0.4927,1,0,1,0.0,0,1,0,5.0,0.0
ff44e17a-fc27-4427-880b-7d8370fd6d0d,Spotify,Entertainment,Mamello Motete,Unknown,5,2025-11-09 14:13:31,Awesome,awesome,0,1,7,0,0,0,1.0,0,0,0.6249,1,0,1,0.0,0,2,0,5.0,0.0
76f87ea3-af31-4a90-805f-5fb909d39f27,Spotify,Entertainment,Selvarani Selvarani,Unknown,5,2025-11-09 14:16:26,very nice 👍👍👍👍👍👍👍,very nice 👍👍👍👍👍👍👍,0,3,17,7,0,0,1.0,0,0,0.4754,1,0,1,0.0,0,1,0,5.0,0.0
1ae42021-6ad0-4095-b930-a7dcb2ee7956,Spotify,Entertainment,Chris Parks,Unknown,5,2025-11-09 14:18:38,Love this app. Best music app for me.,love this app. best music app for me.,0,8,37,0,0,0,1.0,0,1,0.8555,1,0,1,0.0,0,1,0,5.0,0.0
a971c204-a1e7-4d61-998f-44be3964237e,Spotify,Entertainment,Mukesh kumar Verma,Unknown,1,2025-11-09 14:19:15,so many ad's,so many ad's,0,3,12,0,0,0,1.0,0,0,0.0,1,0,1,0.0,0,1,0,1.0,0.0
546569eb-d289-4b64-baee-2bd445e64881,Spotify,Entertainment,Pravin Patil,Unknown,5,2025-11-09 14:19:43,I LOVE it,i love it,0,3,9,0,0,1,1.0,0,0,0.6369,1,0,1,0.0,0,3,0,5.0,0.0
bb1392f2-c649-411f-b777-cb68ad8f1666,Spotify,Entertainment,Zala Raghuvirsinh,Unknown,5,2025-11-09 14:19:44,I love spotify..😍,i love spotify..😍,0,3,17,1,0,0,1.0,0,0,0.802,1,0,1,0.0,0,1,0,5.0,0.0
9d702cdd-1d5d-427a-b729-03962e0312df,Spotify,Entertainment,Jharna Ghosh,Unknown,5,2025-11-09 14:24:15,this is app is best app for songs,this is app is best app for songs,0,8,33,0,0,0,0.75,0,1,0.6369,1,0,1,0.0,0,1,0,5.0,0.0
9b0a28e8-7f1f-4803-b0f7-be39ffbcbaa2,Spotify,Entertainment,Tejas,Unknown,4,2025-11-09 14:29:04,can be better but thanks for resetting the changes,can be better but thanks for resetting the changes,0,9,50,0,0,0,1.0,0,0,0.7003,1,0,1,0.0,0,1,0,4.0,0.0
1745b025-3104-4d8f-8be8-9dea45c0de88,Spotify,Entertainment,Sarthak Goykar,Unknown,1,2025-11-09 14:30:43,this is the bhangar app i have ever used they force you to take their premium.Disgusesting app,this is the bhangar app i have ever used they force you to take their premium.disgusesting app,0,17,94,0,0,0,0.9411764705882353,0,1,0.0,1,0,1,0.0,0,1,0,1.0,0.0
16ef95ae-e4af-4d73-abd3-91f1948f4f27,Spotify,Entertainment,Saroj sen,Unknown,5,2025-11-09 14:30:47,You should make lesser ads people started frustrating that ads interrupt between they will soon go to an non or less ad application and I know that you know this and your sound quality is perfect 👌,you should make lesser ads people started frustrating that ads interrupt between they will soon go to an non or less ad application and i know that you know this and your sound quality is perfect 👌,0,37,197,1,0,0,0.8648648648648649,0,1,0.6739,1,0,1,0.0,0,1,0,5.0,0.0
278cedf2-5981-4e8f-a7c6-d1649e3297c8,Spotify,Entertainment,Keith Dunnaway,Unknown,4,2025-11-09 14:34:21,"normally AWESOME, but now I can't turn it off completely. please fix!","normally awesome, but now i can't turn it off completely. please fix!",0,12,69,0,0,1,1.0,0,0,0.7377,1,0,1,0.0,0,1,0,4.0,0.0
0993acaa-53bb-432c-be2b-bbb5e7ca1fb9,Spotify,Entertainment,David Ferrell,Unknown,1,2025-11-09 14:49:06,a year later and still laggy and buggy AF when trying to do many thing... who TF pays for this service lmao,a year later and still laggy and buggy af when trying to do many thing... who tf pays for this service lmao,0,22,107,0,0,2,0.9545454545454546,0,0,0.5994,1,0,1,0.0,0,1,1,1.0,0.0
64b0f2a7-e4e8-4b8f-b5db-0f9744c14281,Spotify,Entertainment,Alicia Fox,Unknown,2,2025-11-09 14:49:23,what is the point in downloading things when you need some type of service to even get it to load! very inconvenient to go into settings each and every time to turn on the listen offline.,what is the point in downloading things when you need some type of service to even get it to load! very inconvenient to go into settings each and every time to turn on the listen offline.,0,36,187,0,0,0,0.8888888888888888,1,0,-0.54,1,0,1,0.0,0,1,0,2.0,0.0
60c99dc0-7f8d-4281-8aec-18c8b7582f80,Spotify,Entertainment,Sourish Bera,Unknown,4,2025-11-09 14:53:30,very smooth and huge collection,very smooth and huge collection,0,5,31,0,0,0,1.0,0,0,0.3744,1,0,1,0.0,0,1,0,4.0,0.0
1a2d69a8-24ed-4f3b-84a4-3cd9a1bf5483,Spotify,Entertainment,Joyce,Unknown,1,2025-11-09 14:57:25,the recent update is the worst please remove that,the recent update is the worst please remove that,0,9,49,0,0,0,0.8888888888888888,0,0,-0.4215,1,0,1,0.0,0,1,0,1.0,0.0
4179b11d-cba8-4953-981f-594a3fa87bac,Spotify,Entertainment,Kyra Angelique Ramos,Unknown,1,2025-11-09 15:05:46,"super duper money greedy, too much adds and has bad algorithm","super duper money greedy, too much adds and has bad algorithm",0,11,61,0,0,0,1.0,0,0,-0.2263,1,0,1,0.0,0,1,0,1.0,0.0
5932cb6e-5cb6-4189-99b6-207ebe187e88,Spotify,Entertainment,Crystal Paw,Unknown,3,2025-11-09 15:11:47,Spotify for free really actin' like YouTube isn't an option.,spotify for free really actin' like youtube isn't an option.,0,10,60,0,0,0,1.0,1,0,0.7251,1,0,1,0.0,0,1,0,3.0,0.0
f2ed5d36-8d89-4dba-b20c-39cd5197a99c,Spotify,Entertainment,Sultan Singh,Unknown,2,2025-11-09 15:16:45,some time good,some time good,0,3,14,0,0,0,1.0,0,0,0.4404,1,0,1,0.0,0,1,0,2.0,0.0
293de650-37b9-49ba-b6ea-22e8a4df69c5,Spotify,Entertainment,Calvin Mankge,Unknown,1,2025-11-09 15:28:36,i try to login it says wrong password and email whats going on with this app because i did register with that email and password is giving me headache please help me to fix that problem.,i try to login it says wrong password and email whats going on with this app because i did register with that email and password is giving me headache please help me to fix that problem.,0,36,186,0,0,0,0.7777777777777778,0,1,0.1531,1,0,1,0.0,0,1,0,1.0,0.0
fb244fea-71bf-4d64-b141-97c83cb2918a,Spotify,Entertainment,Terry H,Unknown,4,2025-11-09 15:29:42,I've had the best experience compared to other similar apps even though I'm using it for free. I definitely intend to up-date asap,i've had the best experience compared to other similar apps even though i'm using it for free. i definitely intend to up-date asap,0,23,130,0,0,0,0.9565217391304348,1,1,0.8807,1,0,1,0.0,0,1,0,4.0,0.0
a997e291-f19d-4e1f-936f-dc1bdc10f6ef,Spotify,Entertainment,Venu. A Venu A,Unknown,1,2025-11-09 15:30:09,"ads more than songs, 2 song 3 ads. very bad experience.","ads more than songs, 2 song 3 ads. very bad experience.",1,11,55,0,0,0,1.0,0,0,-0.5849,1,0,1,0.0,0,1,0,1.0,0.0
b8ecc14f-c354-40e9-9d09-9f3adc90efb5,Spotify,Entertainment,Amir Mostafa Khalili,Unknown,4,2025-11-09 15:32:38,"It has many music and good features but there are some problems like low volume and bad UI, The UI is so boring and old-fashioned. Spotify teams should really work on the UI and app appearance","it has many music and good features but there are some problems like low volume and bad ui, the ui is so boring and old-fashioned. spotify teams should really work on the ui and app appearance",0,36,192,0,0,3,0.8611111111111112,0,1,-0.8942,1,0,1,0.0,0,1,1,4.0,0.0
1961fd9c-1fc2-4764-9748-886d2f0738ee,Spotify,Entertainment,D RAHUL,Unknown,1,2025-11-09 15:35:00,"Most of my songs are here and I paid for pro yet all I get is a sub par experience, spotify greed. GoodBye.","most of my songs are here and i paid for pro yet all i get is a sub par experience, spotify greed. goodbye.",0,23,107,0,0,0,0.9565217391304348,0,0,-0.4019,1,0,1,0.0,0,1,0,1.0,0.0
bef37517-a00e-458f-b19e-e49556ae1b5f,Spotify,Entertainment,Khuram King,Unknown,1,2025-11-09 15:39:20,too low volume...... no more using Spotify,too low volume...... no more using spotify,0,7,42,0,0,0,1.0,0,0,-0.5106,1,0,1,0.0,0,1,0,1.0,0.0
eee71fb0-facd-46de-a818-90fd1c86d6db,Spotify,Entertainment,Ethan Mackey,Unknown,1,2025-11-09 15:43:16,Just download it if you live listening to music.,just download it if you live listening to music.,0,9,48,0,0,0,1.0,1,0,0.0,1,0,1,0.0,0,1,0,1.0,0.0
3fb5ba7b-4337-4fbc-bfb1-ef71fb7ff2b8,Spotify,Entertainment,Jina Callaway,Unknown,3,2025-11-09 15:46:27,"I had a rough experience because I had an add after every song, which was really annoying.","i had a rough experience because i had an add after every song, which was really annoying.",0,17,90,0,0,0,0.8823529411764706,0,0,-0.4576,1,0,1,0.0,0,1,0,3.0,0.0
7e5fa3f0-fb01-4c1c-9833-711fe4182810,Spotify,Entertainment,Simantini Shivgaje,Unknown,1,2025-11-09 15:47:13,it was previously a nice app but now it does not allow users to listen songs free of cost and forces us to buy premium So my experience is very bad,it was previously a nice app but now it does not allow users to listen songs free of cost and forces us to buy premium so my experience is very bad,0,31,147,0,0,0,0.9354838709677419,1,1,-0.2116,1,0,1,0.0,0,1,0,1.0,0.0
c1e242d0-2c18-4b73-9d14-5b19386cea1f,Spotify,Entertainment,Mahadev Sawant,Unknown,1,2025-11-09 15:48:14,Their is no other way than getting primum to listen to your Playlist in order and can't liston to our own music,their is no other way than getting primum to listen to your playlist in order and can't liston to our own music,1,22,111,0,0,0,0.9090909090909091,0,0,-0.296,1,0,1,0.0,0,1,0,1.0,0.0
4163a1e7-906e-4d8a-92b6-e12c4202a597,Spotify,Entertainment,Soujanya Ganguly,Unknown,1,2025-11-09 15:49:12,"terrible, absolutely awful app. you can't listen to music of your choice without premium.","terrible, absolutely awful app. you can't listen to music of your choice without premium.",0,14,89,0,0,0,1.0,0,1,-0.7501,1,0,1,0.0,0,1,0,1.0,0.0
f1896e79-aee5-42a8-858c-b813af2a9646,Spotify,Entertainment,Lucydee,Unknown,1,2025-11-09 15:52:39,I can't download liked songs 😕,i can't download liked songs 😕,0,6,30,1,0,0,1.0,1,0,-0.5621,1,0,1,0.0,0,1,0,1.0,0.0
045a97b8-aff2-425e-a2cb-b846324ca0e1,Spotify,Entertainment,Murthy Balla,Unknown,1,2025-11-09 15:57:25,chee wrost,chee wrost,0,2,10,0,0,0,1.0,0,0,0.0,1,0,1,0.0,0,1,0,1.0,0.0
2b0c8a95-b9db-4317-bd53-152b93b83e55,Spotify,Entertainment,Amuuna Tuwaga,Unknown,5,2025-11-09 15:57:33,happiness,happiness,0,1,9,0,0,0,1.0,0,1,0.5574,1,0,1,0.0,0,1,0,5.0,0.0
c2f8f5d4-c316-4d4e-8ffa-97d9b109ab87,Spotify,Entertainment,bhavadeep k,Unknown,1,2025-11-09 15:58:46,It's greedy and you can only listen to music for some time after that it will ask premium,it's greedy and you can only listen to music for some time after that it will ask premium,0,18,89,0,0,0,1.0,0,0,-0.3182,1,0,1,0.0,0,1,0,1.0,0.0
becb4381-ddbd-4484-8c35-ac0a83615117,Spotify,Entertainment,Jordan D,Unknown,1,2025-11-09 16:07:17,Offline mode never works well. Horribly inconvenient for a frequent flyer. Somehow offline mode has gotten worse. The queue button no longer works at all on my Pixel 7 Pro. This is becoming a waste of money.,offline mode never works well. horribly inconvenient for a frequent flyer. somehow offline mode has gotten worse. the queue button no longer works at all on my pixel 7 pro. this is becoming a waste of money.,0,37,207,0,0,0,0.8918918918918919,0,0,-0.8604,1,0,1,0.0,0,1,0,1.0,0.0
3e04b410-8674-4b86-9054-8ff7c41da159,Spotify,Entertainment,Kgaugelo Mokgabodi,Unknown,5,2025-11-09 16:08:21,great app for listening to music but don't like that you need premium to skip 6 plus times,great app for listening to music but don't like that you need premium to skip 6 plus times,0,18,90,0,0,0,0.9444444444444444,0,1,-0.0297,1,0,1,0.0,0,1,0,5.0,0.0
af02a6fd-2e50-4992-a7dc-536aabfbb903,Spotify,Entertainment,Roni Ghosh,Unknown,1,2025-11-09 16:08:45,"F premium, use mods 🤘🏻","f premium, use mods 🤘🏻",0,5,22,2,0,0,1.0,0,0,0.0,1,0,1,0.0,0,1,0,1.0,0.0
dc0bae11-9050-4687-a677-d0c245e9836a,Spotify,Entertainment,himanshi sharma,Unknown,5,2025-11-09 16:10:54,good aap❤️😌,good aap❤️😌,0,2,11,1,0,0,1.0,0,0,0.6705,1,0,1,0.0,0,1,0,5.0,0.0
b1102160-3f55-4dbd-9c68-706d7e439ef7,Spotify,Entertainment,Alex Barke,Unknown,5,2025-11-09 16:13:34,"most consistently positive app experience for 10 years, I've discovered thousands of new and new to me songs from their song radio, playlist enhance, and other features. Spotify the goat. It soundtracked my life so far, and I love itttt","most consistently positive app experience for 10 years, i've discovered thousands of new and new to me songs from their song radio, playlist enhance, and other features. spotify the goat. it soundtracked my life so far, and i love itttt",0,40,236,0,0,0,0.925,0,1,0.8434,1,0,1,0.0,0,1,0,5.0,0.0
487c5dc6-97de-4d09-9113-4c7c83052391,Spotify,Entertainment,Jeff Gerald Lao,Unknown,5,2025-11-09 16:20:05,good app,good app,0,2,8,0,0,0,1.0,0,1,0.4404,1,0,1,0.0,0,3,0,5.0,0.0
bb71cc1e-aaa6-4ac8-baf9-bf7ad4f5a566,Spotify,Entertainment,Reshma Qadri,Unknown,5,2025-11-09 16:22:37,"the best for song listener cuties like me 🥰 #finding her female version 😍, #blue( Yung Kai )","the best for song listener cuties like me 🥰 #finding her female version 😍, #blue( yung kai )",0,18,92,2,0,0,1.0,0,0,0.9648,1,0,1,0.0,0,1,0,5.0,0.0
8b1838b2-f0ed-4bb6-bdab-db9bde63be0c,Spotify,Entertainment,Rockers Sundar,Unknown,1,2025-11-09 16:23:06,so much of ads very very worst,so much of ads very very worst,0,7,30,0,0,0,0.8571428571428571,0,0,-0.688,1,0,1,0.0,0,1,0,1.0,0.0
21f114fd-0051-4121-91a4-a189bce682aa,Spotify,Entertainment,onyekachi josephin,Unknown,5,2025-11-09 16:23:07,"I,ve learnt songs through this app","i,ve learnt songs through this app",0,6,34,0,0,0,1.0,0,1,0.0,1,0,1,0.0,0,1,0,5.0,0.0
e4529663-4369-4c05-86f2-54476b3d7016,Spotify,Entertainment,MUHIDDIN BARAIL,Unknown,5,2025-11-09 16:23:40,"""The best streaming music platform! The extensive collection of songs from all genres, customized playlists to taste, and the audio quality is excellent. Easy to use, suitable for all moods and activities.""","""the best streaming music platform! the extensive collection of songs from all genres, customized playlists to taste, and the audio quality is excellent. easy to use, suitable for all moods and activities.""",0,32,206,0,0,0,0.875,0,0,0.902,1,0,1,0.0,0,1,0,5.0,0.0
3b864cd8-9ad4-48fd-9ffb-f7e79bf2b395,Spotify,Entertainment,Nathæn,Unknown,1,2025-11-09 16:25:41,have to pay to skip songs 😐,have to pay to skip songs 😐,0,7,27,1,0,0,0.8571428571428571,0,0,-0.1027,1,0,1,0.0,0,1,0,1.0,0.0
31415517-6b1e-4c15-b279-eec510da236c,Spotify,Entertainment,Luv sharma,Unknown,5,2025-11-09 16:25:58,my experience is very good,my experience is very good,0,5,26,0,0,0,1.0,0,0,0.4927,1,0,1,0.0,0,1,0,5.0,0.0
42ec227d-fb0e-4b7b-b3d0-57f18b7abb80,Spotify,Entertainment,Tim Schwab,Unknown,5,2025-11-09 16:26:57,I enjoy this app very much.,i enjoy this app very much.,0,6,27,0,0,0,1.0,0,1,0.4939,1,0,1,0.0,0,1,0,5.0,0.0
a8f0a089-f7a9-45d5-b8fd-7c8afdb3385a,Spotify,Entertainment,Sangeeth biju Vithayathil,Unknown,5,2025-11-09 16:27:41,excellent experience 🎵👍🏻🤍🤍🤍,excellent experience 🎵👍🏻🤍🤍🤍,0,3,27,6,0,0,1.0,0,0,0.5719,1,0,1,0.0,0,1,0,5.0,0.0
9d6eb469-0560-4cd6-9d4f-71eb9a21be48,Spotify,Entertainment,Aspen Dukes,Unknown,1,2025-11-09 16:30:16,having lots of issues the past few months. it would be nice to see my recent posted podcasts and not ones from 2 weeks prior consistently in my feed.,having lots of issues the past few months. it would be nice to see my recent posted podcasts and not ones from 2 weeks prior consistently in my feed.,0,29,149,0,0,0,0.9655172413793104,0,0,0.4215,1,0,1,0.0,0,1,0,1.0,0.0
b0380f00-c607-478a-8210-42b09b39e6ec,Spotify,Entertainment,Keegan Miller,Unknown,1,2025-11-09 16:31:01,the podcast feed has been a week behind for over a month. even when I uninstall and reinstall the app when I go to see the podcasts I follow it won't show the newest episodes,the podcast feed has been a week behind for over a month. even when i uninstall and reinstall the app when i go to see the podcasts i follow it won't show the newest episodes,0,35,174,0,0,0,0.8,1,1,0.0,1,0,1,0.0,0,1,0,1.0,0.0
e598d90c-9c35-48d5-8a71-c6fdba65bc72,Spotify,Entertainment,Scott Bump,Unknown,3,2025-11-09 16:35:53,"Might as well remove the ad ""enjoy the next 30 minutes of music"" cause that's not true. There's an ad after every 2 songs. This app use to be good 5 or 6 songs before an add.","might as well remove the ad ""enjoy the next 30 minutes of music"" cause that's not true. there's an ad after every 2 songs. this app use to be good 5 or 6 songs before an add.",0,37,174,0,0,0,0.918918918918919,0,1,0.7067,1,0,1,0.0,0,1,0,3.0,0.0
9d143a2e-8785-4e3d-b715-dd13e5e6af72,Spotify,Entertainment,Shibprasad Dhara,Unknown,4,2025-11-09 16:42:32,so good 👍,so good 👍,0,3,9,1,0,0,1.0,0,0,0.4927,1,0,1,0.0,0,1,0,4.0,0.0
37779230-a283-44a7-9b8e-12f12837addb,Spotify,Entertainment,Jewel Bretty Gimenez,Unknown,1,2025-11-09 16:42:55,"good music app, but what's with the new update? Why do I need to pay JUST to play a song from my playlist? This app is lowk greedy. I USED to love it but with all the updates? dissapointing.","good music app, but what's with the new update? why do i need to pay just to play a song from my playlist? this app is lowk greedy. i used to love it but with all the updates? dissapointing.",0,39,190,0,0,2,0.8461538461538461,0,1,0.8334,1,0,1,0.0,0,1,1,1.0,0.0
b17bb789-1a05-46a0-a612-a8267061bcba,Spotify,Entertainment,Andrew Everett,Unknown,4,2025-11-09 16:43:18,great music experience,great music experience,0,3,22,0,0,0,1.0,0,0,0.6249,1,0,1,0.0,0,1,0,4.0,0.0
f735e12a-c142-4c07-a881-75161b943c84,Spotify,Entertainment,Kavitha R P,Unknown,5,2025-11-09 16:44:30,super but some thing else,super but some thing else,0,5,25,0,0,0,1.0,0,0,0.3506,1,0,1,0.0,0,1,0,5.0,0.0
e29fab0e-f021-4ffe-b3bf-0a3aa2204386,Spotify,Entertainment,Punan Kashyap,Unknown,3,2025-11-09 16:45:29,Many songs aren't available like pal pal by talwinder and many more,many songs aren't available like pal pal by talwinder and many more,0,12,67,0,0,0,0.8333333333333334,0,0,-0.2755,1,0,1,0.0,0,1,0,3.0,0.0
e54e513b-bf22-4a74-949f-751b794440a0,Spotify,Entertainment,Armani Rivann Tesalona,Unknown,5,2025-11-09 16:47:47,No one can beat Spotify. I just hope I can get a cheaper deal.,no one can beat spotify. i just hope i can get a cheaper deal.,0,14,62,0,0,0,0.8571428571428571,1,0,0.1779,1,0,1,0.0,0,1,0,5.0,0.0
dd0d2b53-b5c9-4e3f-8421-5b55895889e3,Spotify,Entertainment,Kritika Joshi,Unknown,2,2025-11-09 16:47:49,"it just shows ads every 5 min, it's annoying at least give 45 minutes of uninterrupted music","it just shows ads every 5 min, it's annoying at least give 45 minutes of uninterrupted music",0,17,92,0,0,0,1.0,0,0,-0.4019,1,0,1,0.0,0,1,0,2.0,0.0
ed3cd599-7d81-4870-8628-91855ec61a3f,Spotify,Entertainment,ram deuri,Unknown,1,2025-11-09 16:48:01,my experience is very bad 😞 ads not skips option 👎👎👎👎,my experience is very bad 😞 ads not skips option 👎👎👎👎,0,11,53,5,0,0,1.0,0,0,-0.8004,1,0,1,0.0,0,1,0,1.0,0.0
76535940-6c2e-4e69-b79a-115da0756e90,Spotify,Entertainment,Joanne Watson,Unknown,5,2025-11-09 16:49:17,I don't have any problem with Spotify I love i can just download all different forms of music its great.b,i don't have any problem with spotify i love i can just download all different forms of music its great.b,0,20,105,0,0,0,0.9,1,0,0.7549,1,0,1,0.0,0,1,0,5.0,0.0
d555da49-0b08-40a3-b296-94fd6d61225e,Spotify,Entertainment,Sushilaparma,Unknown,5,2025-11-09 16:50:34,such a great app,such a great app,0,4,16,0,0,0,1.0,0,1,0.6249,1,0,1,0.0,0,1,0,5.0,0.0
9cd73564-8c0d-4110-a50e-fdb2fc8a6a57,Spotify,Entertainment,Loyiso Baskiti,Unknown,5,2025-11-09 16:52:19,sensational,sensational,0,1,11,0,0,0,1.0,0,0,0.0,1,0,1,0.0,0,1,0,5.0,0.0
70718a1c-40f5-43fb-8029-9c3508b7ca67,Spotify,Entertainment,Jayampathi Liyanagama,Unknown,5,2025-11-09 16:53:33,Best app for any kind of music,best app for any kind of music,0,7,30,0,0,0,1.0,0,1,0.6369,1,0,1,0.0,0,1,0,5.0,0.0
2dfc913f-a34b-4aec-b216-ca0fb2e502ff,Spotify,Entertainment,Niña Mei Opalla,Unknown,5,2025-11-09 16:53:41,Spotify helps my sadness gone,spotify helps my sadness gone,0,5,29,0,0,0,1.0,0,0,-0.0772,1,0,1,0.0,0,1,0,5.0,0.0
10640387-d78d-4684-8a4f-10e082ac7d39,Spotify,Entertainment,karrot,Unknown,4,2025-11-09 16:54:55,Would give 5 stars but the thing is when you add a song to an already made playlist it sends it to the bottom which really ruins it for me.,would give 5 stars but the thing is when you add a song to an already made playlist it sends it to the bottom which really ruins it for me.,0,30,139,0,0,0,0.8666666666666667,0,0,-0.6474,1,0,1,0.0,0,1,1,4.0,0.0
1b81695c-4f80-4aac-8ee9-2624b6084c23,Spotify,Entertainment,Ashley K,Unknown,3,2025-11-09 16:57:57,"The find playlist search bar when adding songs to a playlist stopped working. When ypu type in it, it doesn't do anything. It's very inconvenient","the find playlist search bar when adding songs to a playlist stopped working. when ypu type in it, it doesn't do anything. it's very inconvenient",1,25,145,0,0,0,0.92,0,0,-0.5563,1,0,1,0.0,0,1,0,3.0,0.0
7b23e6b5-a352-4070-a784-71345a71c46c,Spotify,Entertainment,Narayana Swamy V,Unknown,5,2025-11-09 16:59:36,super,super,0,1,5,0,0,0,1.0,0,0,0.5994,1,0,1,0.0,0,3,0,5.0,0.0
586a1a48-80e6-456b-8b9f-797f7cc8ac3a,Spotify,Entertainment,Shashank r n,Unknown,4,2025-11-09 17:02:48,more adds😡,more adds😡,0,2,10,1,0,0,1.0,0,0,0.0,1,0,1,0.0,0,1,0,4.0,0.0
6f02ad64-657a-44b3-b99c-2fcd886f1db9,Spotify,Entertainment,Avanthika K. S,Unknown,5,2025-11-09 17:04:14,very good for listening,very good for listening,0,4,23,0,0,0,1.0,0,0,0.4927,1,0,1,0.0,0,1,0,5.0,0.0
f1afab3c-66e4-469e-a61e-bd4ff01f6e1c,Spotify,Entertainment,Prasad Bandi,Unknown,5,2025-11-09 17:05:52,suprb,suprb,0,1,5,0,0,0,1.0,0,0,0.0,1,0,1,0.0,0,1,0,5.0,0.0
9e35010f-990b-404c-af8a-9eaed93abec7,Spotify,Entertainment,Manpreet Bassi,Unknown,3,2025-11-09 17:08:17,"The latest episodes on podcasts section are not appearing on top, one has to scroll down to find the latest episode","the latest episodes on podcasts section are not appearing on top, one has to scroll down to find the latest episode",0,21,115,0,0,0,0.8095238095238095,0,1,-0.1511,1,0,1,0.0,0,1,0,3.0,0.0
d830302b-c1bc-4b67-9925-540060430c57,Spotify,Entertainment,Raj kumar Kushwaha,Unknown,5,2025-11-09 17:10:37,impressive,impressive,0,1,10,0,0,0,1.0,0,0,0.5106,1,0,1,0.0,0,1,0,5.0,0.0
3636b751-36a0-4bef-b20e-46efabc676b2,Spotify,Entertainment,Sagar Khan,Unknown,5,2025-11-09 17:15:52,Best App For Music Lover....Sidhi Baat,best app for music lover....sidhi baat,0,6,38,0,0,0,1.0,0,1,0.6369,1,0,1,0.0,0,1,0,5.0,0.0
14ae7284-7c1c-49dd-9060-4969ada54fba,Spotify,Entertainment,Lazim Muhammad,Unknown,1,2025-11-09 17:15:53,The app was so better before but as a freemium user it's not sufficient anymore it's just so useless,the app was so better before but as a freemium user it's not sufficient anymore it's just so useless,0,19,100,0,0,0,0.8947368421052632,1,1,-0.5505,1,0,1,0.0,0,1,0,1.0,0.0
af00c7f0-8583-4b56-8327-1e9255abde5f,Spotify,Entertainment,Anushka Chaudhary,Unknown,5,2025-11-09 17:16:31,😄😄 great experience 😸,😄😄 great experience 😸,0,4,21,3,0,0,1.0,0,0,0.9618,1,0,1,0.0,0,1,0,5.0,0.0
d4bed500-9cb0-4577-a09e-3e56cb4062c2,Spotify,Entertainment,Ayush Chakraborty,Unknown,1,2025-11-09 17:22:15,so now i cannot even choose my next song that i wanna play u f... c... seriously?????? i cannot even stop a song and play a different one ?????,so now i cannot even choose my next song that i wanna play u f... c... seriously?????? i cannot even stop a song and play a different one ?????,0,29,143,0,0,0,0.7586206896551724,0,0,0.7139,1,0,1,0.0,0,1,1,1.0,0.0
c8360b95-02b5-4144-9cd5-fcca0cfa1d59,Spotify,Entertainment,richa taneja,Unknown,5,2025-11-09 17:25:59,I like the base of song in app,i like the base of song in app,0,8,30,0,0,0,1.0,0,1,0.3612,1,0,1,0.0,0,1,0,5.0,0.0
4fd43446-c9f1-41cf-9189-c71011fe47f0,Spotify,Entertainment,Jemil OULD MOHAMED MAHMOUD,Unknown,5,2025-11-09 17:29:24,very good app,very good app,0,3,13,0,0,0,1.0,0,1,0.4927,1,0,1,0.0,0,2,0,5.0,0.0
d011a075-8f17-48c5-9603-202f9610bf6d,Spotify,Entertainment,Rylee Joseph,Unknown,2,2025-11-09 17:29:26,"Whoever made it so that 5 ads play after EVERY. SINGLE. SONG, I genuinely hope they slip and fall into donkey dung.","whoever made it so that 5 ads play after every. single. song, i genuinely hope they slip and fall into donkey dung.",0,22,115,0,0,3,1.0,0,0,0.6486,1,0,1,0.0,0,1,1,2.0,0.0
9d419314-f186-402c-a293-e2c6c0886f99,Spotify,Entertainment,Theekshana Wijesinghe,Unknown,5,2025-11-09 17:32:22,Super music app ever,super music app ever,0,4,20,0,0,0,1.0,0,1,0.5994,1,0,1,0.0,0,1,0,5.0,0.0
cdbe3146-1b45-4fcc-b54d-fe475bc7db5e,Spotify,Entertainment,Zahida Khan,Unknown,5,2025-11-09 17:32:46,best app ever,best app ever,0,3,13,0,0,0,1.0,0,1,0.6369,1,0,1,0.0,0,1,0,5.0,0.0
30919e45-0d55-4d36-99cb-71ab22df5dfb,Spotify,Entertainment,Vikaspatil Patil,Unknown,4,2025-11-09 17:35:09,best song app but reduce some adds,best song app but reduce some adds,0,7,34,0,0,0,1.0,0,1,0.3818,1,0,1,0.0,0,1,0,4.0,0.0
639d8455-b70f-4659-9d9b-c0e1555ea2f9,Spotify,Entertainment,Harshit Batham,Unknown,5,2025-11-09 17:35:25,"very nice app it's just a aap everyone is finding where you vibe , chill and enjoy","very nice app it's just a aap everyone is finding where you vibe , chill and enjoy",0,17,82,0,0,0,1.0,0,1,0.7425,1,0,1,0.0,0,1,0,5.0,0.0
5393e0a9-8a89-4e5b-8aa4-357feb6add1f,Spotify,Entertainment,AVANI Kalotra,Unknown,5,2025-11-09 17:41:47,YES IN MAIND FRES AAP IN SPOTIFY,yes in maind fres aap in spotify,0,7,32,0,0,7,0.8571428571428571,0,0,0.4019,1,0,1,0.0,0,1,0,5.0,0.0
c5d0ad36-294b-45cb-a22d-a6e09cdc39da,Spotify,Entertainment,Mouse Cheese,Unknown,5,2025-11-09 17:41:58,good music app,good music app,1,3,14,0,0,0,1.0,0,1,0.4404,1,0,1,0.0,0,1,0,5.0,0.0
eada92c4-e929-4e1d-8c34-5388edcda2ee,Spotify,Entertainment,Abi,Unknown,4,2025-11-09 17:44:51,"really good platform, a lot of ads without premium.","really good platform, a lot of ads without premium.",0,9,51,0,0,0,1.0,0,0,0.4927,1,0,1,0.0,0,1,0,4.0,0.0
195f8db6-0e79-478b-af9a-c59c0a68fb80,Spotify,Entertainment,Kimberly Dotson,Unknown,1,2025-11-09 17:46:17,no longer using due to ICE ads,no longer using due to ice ads,0,7,30,0,0,1,1.0,0,0,-0.296,1,0,1,0.0,0,1,0,1.0,0.0
508394ed-f916-4cf1-9bc8-e20636f66ba9,Spotify,Entertainment,mnmntbrktrhrkz,Unknown,3,2025-11-09 17:50:18,not spotify lite,not spotify lite,0,3,16,0,0,0,1.0,0,0,0.0,1,0,1,0.0,0,1,0,3.0,0.0
cda4552c-8056-4330-9cca-0b55e1bea446,Spotify,Entertainment,Manish Soni,Unknown,5,2025-11-09 17:50:27,Spotify are the ones who brought a new revolution.,spotify are the ones who brought a new revolution.,1,9,50,0,0,0,1.0,0,0,0.0,1,0,1,0.0,0,1,0,5.0,0.0
766942f0-5180-4719-b77b-477e97a1ba7f,Spotify,Entertainment,Ankit Thakur,Unknown,1,2025-11-09 17:51:09,worst app,worst app,0,2,9,0,0,0,1.0,0,1,-0.6249,1,0,1,0.0,0,1,0,1.0,0.0
e3da0296-d2f4-46ba-a8ed-0c5726c04471,Spotify,Entertainment,malik Sajid,Unknown,5,2025-11-09 17:52:17,very nice app,very nice app,0,3,13,0,0,0,1.0,0,1,0.4754,1,0,1,0.0,0,1,0,5.0,0.0
1d49f5ea-9deb-4d2d-adff-24a0b16a8900,Spotify,Entertainment,Ryce May Florida,Unknown,5,2025-11-09 17:56:05,it's my comfort zone,it's my comfort zone,0,4,20,0,0,0,1.0,0,0,0.3612,1,0,1,0.0,0,1,0,5.0,0.0
e034f0be-595e-4463-b160-7008ab7d3a78,Spotify,Entertainment,Jason Sudbury,Unknown,1,2025-11-09 17:56:45,I'm a Premium customer and I expect better than this! There is a glitch in the Share feature and the Facebook app. Get it together fast Spotify! The app sucks!,i'm a premium customer and i expect better than this! there is a glitch in the share feature and the facebook app. get it together fast spotify! the app sucks!,8,30,159,0,0,0,0.8666666666666667,0,1,0.5386,1,0,1,0.0,0,1,1,1.0,0.0
e331e913-d02d-4f49-aabd-cba0b74a72e0,Spotify,Entertainment,Usman Doggar,Unknown,5,2025-11-09 17:56:52,v good 👍 nice,v good 👍 nice,0,4,13,1,0,0,1.0,0,0,0.6908,1,0,1,0.0,0,1,0,5.0,0.0
0dfda8f7-931e-4828-a99c-b6a5f2b72454,Spotify,Entertainment,Chinu Sharma,Unknown,1,2025-11-09 17:57:21,Worst experience,worst experience,0,2,16,0,0,0,1.0,0,0,-0.6249,1,0,1,0.0,0,2,0,1.0,0.0
f4638ab2-0d92-44b8-b4a3-a8c3111290be,Spotify,Entertainment,Sbtj Kbsjt,Unknown,5,2025-11-09 17:58:20,my fav music app🤩,my fav music app🤩,0,4,17,1,0,0,1.0,0,1,0.4588,1,0,1,0.0,0,1,0,5.0,0.0
a45bbe73-caca-41b5-8aba-99c263ad4071,Spotify,Entertainment,Justin Kerr,Unknown,1,2025-11-09 17:58:34,Spotify definitely didn't need to become a messenger app... It's bad enough already.,spotify definitely didn't need to become a messenger app... it's bad enough already.,73,13,84,0,0,0,1.0,0,1,-0.2023,1,0,1,0.0,0,1,0,1.0,0.0
e7d12a70-0c01-4c3d-9416-dc4a18e8876f,Spotify,Entertainment,Landon vo,Unknown,4,2025-11-09 17:58:53,"too many ads for me, and I can't choose what song I want to play, but overall, it's a good app to play your music","too many ads for me, and i can't choose what song i want to play, but overall, it's a good app to play your music",0,25,113,0,0,0,0.92,0,1,0.8316,1,0,1,0.0,0,1,0,4.0,0.0
6deaa762-a1b3-423e-a55a-f1b105b94d36,Spotify,Entertainment,Williams Manuel,Unknown,5,2025-11-09 17:59:42,like very much!,like very much!,0,3,15,0,0,0,1.0,0,0,0.4199,1,0,1,0.0,0,1,0,5.0,0.0
468f9dfd-d984-4456-8250-9e453910f47a,Spotify,Entertainment,kesavan K,Unknown,1,2025-11-09 18:00:23,worst,worst,0,1,5,0,0,0,1.0,0,0,-0.6249,1,0,1,0.0,0,2,0,1.0,0.0
3c83a4c5-51f3-4ea2-877d-ce24d40b9ade,Spotify,Entertainment,KittyCola,Unknown,1,2025-11-09 18:00:53,the one good thing they did was remove the skip limit and they ruined it again by bringing it back,the one good thing they did was remove the skip limit and they ruined it again by bringing it back,0,20,98,0,0,0,0.85,0,0,-0.0516,1,0,1,0.0,0,1,0,1.0,0.0
b0f2543c-6ed6-4f8e-9316-73efb6b6b7d9,Spotify,Entertainment,Hellon Wang,Unknown,5,2025-11-09 18:01:17,the best app ever,the best app ever,0,4,17,0,0,0,1.0,0,1,0.6369,1,0,1,0.0,0,1,0,5.0,0.0
31f2df15-e712-423b-b5ec-43f61e3d93b2,Spotify,Entertainment,rahul rahul,Unknown,4,2025-11-09 18:01:23,very good music app,very good music app,0,4,19,0,0,0,1.0,0,1,0.4927,1,0,1,0.0,0,1,0,4.0,0.0
153a6349-a21b-49b0-877c-2843e38590c4,Spotify,Entertainment,Abhay K,Unknown,1,2025-11-09 18:04:08,they are too stingy like just let me play the song I like why do u guys force me to get the premium,they are too stingy like just let me play the song i like why do u guys force me to get the premium,0,23,99,0,0,0,0.8695652173913043,0,0,0.5859,1,0,1,0.0,0,1,1,1.0,0.0
70c65a73-7e3d-4ff2-865b-9c74f5f643f0,Spotify,Entertainment,Saijeet Jagtap,Unknown,1,2025-11-09 18:05:46,"Worst app, always ask to get premium","worst app, always ask to get premium",0,7,36,0,0,0,1.0,0,1,-0.6249,1,0,1,0.0,0,1,0,1.0,0.0
49dc38f4-5234-41d7-94f9-f7a898fd62bf,Spotify,Entertainment,Kellen Hankins,Unknown,4,2025-11-09 18:10:48,all types of music,all types of music,0,4,18,0,0,0,1.0,0,0,0.0,1,0,1,0.0,0,1,0,4.0,0.0
1e9b216b-2462-4631-b6cf-c37731c1b5a3,Spotify,Entertainment,Patricia J Stanley,Unknown,1,2025-11-09 18:12:04,"won't support a company that advertises for ICE, shame on you!!","won't support a company that advertises for ice, shame on you!!",0,11,63,0,0,1,1.0,0,0,-0.7133,1,0,1,0.0,0,1,0,1.0,0.0
4603f24d-2543-4a3a-8c22-d9230d12d8f2,Spotify,Entertainment,Lipika Roy,Unknown,1,2025-11-09 18:15:36,being a non-premium user i expect better things.. you've switched everything to premium and this is frustrating. hope you improve,being a non-premium user i expect better things.. you've switched everything to premium and this is frustrating. hope you improve,0,20,129,0,0,0,1.0,0,0,0.7003,1,0,1,0.0,0,1,1,1.0,0.0
70735eb8-6793-4072-a2f9-2c3271014fa2,Spotify,Entertainment,Shreeshail jagalagond,Unknown,5,2025-11-09 18:19:28,very 👍,very 👍,0,2,6,1,0,0,1.0,0,0,0.0,1,0,1,0.0,0,1,0,5.0,0.0
e0e41115-449f-4895-b751-a3972f35df3e,Spotify,Entertainment,G3 Creation,Unknown,1,2025-11-09 18:21:15,You destroyed everyone's peace by updating!! gonna switch to another app...good bye Spotify!!,you destroyed everyone's peace by updating!! gonna switch to another app...good bye spotify!!,0,13,93,0,0,0,1.0,0,1,0.3544,1,0,1,0.0,0,1,0,1.0,0.0
6ea81e21-5b0f-48f4-b1a5-33efb2c33577,Spotify,Entertainment,Mark Stuckless,Unknown,1,2025-11-09 18:23:03,Can someone please tell me why my music keeps pausing?,can someone please tell me why my music keeps pausing?,0,10,54,0,0,0,1.0,0,0,0.3182,1,0,1,0.0,0,1,0,1.0,0.0
45a16406-5b31-4f36-88e5-f342d7296fb6,Spotify,Entertainment,Anjali Jyoti,Unknown,5,2025-11-09 18:24:49,very nice 👍🏻🤩😍,very nice 👍🏻🤩😍,0,3,14,4,0,0,1.0,0,0,0.7264,1,0,1,0.0,0,1,0,5.0,0.0
92385b07-e222-490b-b57c-5267dd9838df,Spotify,Entertainment,Kenny White,Unknown,5,2025-11-09 18:25:45,i luv music,i luv music,0,3,11,0,0,0,1.0,0,0,0.0,1,0,1,0.0,0,1,0,5.0,0.0
664d88b2-9ac4-4713-82f1-071d4e3badb0,Spotify,Entertainment,Yunes Hassan,Unknown,5,2025-11-09 18:26:44,my favourite app,my favourite app,0,3,16,0,0,0,1.0,0,1,0.0,1,0,1,0.0,0,1,0,5.0,0.0
a17e7cef-113d-432d-be3a-cfed80f86ca0,Spotify,Entertainment,Kian,Unknown,1,2025-11-09 18:27:14,wants me to pay to listen to albums in order,wants me to pay to listen to albums in order,0,10,44,0,0,0,0.8,0,0,-0.1027,1,0,1,0.0,0,1,0,1.0,0.0
80c77c25-189c-485f-bedd-ac7331ee90c5,Spotify,Entertainment,Abdul Karim,Unknown,1,2025-11-09 18:30:30,sidhu Moose wala is songs delete not,sidhu moose wala is songs delete not,0,7,36,0,0,0,1.0,0,0,0.0,1,0,1,0.0,0,1,0,1.0,0.0
c3fd7885-8b8d-4f27-8e91-b6544870254e,Spotify,Entertainment,Michael Blecich,Unknown,5,2025-11-09 18:31:02,"doesn't cost a fortune, worth it","doesn't cost a fortune, worth it",0,6,32,0,0,0,1.0,0,0,0.2263,1,0,1,0.0,0,1,0,5.0,0.0
673e0cd9-c8cd-436f-9eae-992d47df91cb,Spotify,Entertainment,Thabi Maserumule,Unknown,5,2025-11-09 18:31:52,I love this App.🙌🙂,i love this app.🙌🙂,0,4,18,2,0,0,1.0,0,1,0.785,1,0,1,0.0,0,1,0,5.0,0.0
55815112-dbeb-4965-a99e-1922677b5814,Spotify,Entertainment,Elisabeth Walker,Unknown,3,2025-11-09 18:36:54,"it's okay, I don't like how it doesn't work when my Internet is off. For me it has been quite slow. But the app still is good, when there is Internet.","it's okay, i don't like how it doesn't work when my internet is off. for me it has been quite slow. but the app still is good, when there is internet.",0,31,150,0,0,0,0.8709677419354839,0,1,0.5782,1,0,1,0.0,0,1,0,3.0,0.0
1e8a57a7-94c6-42ec-900c-81b2c3cb3a99,Spotify,Entertainment,Lisa C,Unknown,5,2025-11-09 18:40:33,I can always count on Spotify to hear some great old rock! My music of choice!,i can always count on spotify to hear some great old rock! my music of choice!,0,16,78,0,0,0,1.0,0,0,0.6892,1,0,1,0.0,0,1,0,5.0,0.0
f4baf7cc-ff2a-418b-b084-44dad7c0e939,Spotify,Entertainment,Aishwarjya ghosh,Unknown,1,2025-11-09 18:40:54,"it's not for normal users, it's good for premium users","it's not for normal users, it's good for premium users",0,10,54,0,0,0,0.8,0,0,0.4404,1,0,1,0.0,0,1,0,1.0,0.0
af63ef9d-e683-4451-9082-33da29f740dd,Spotify,Entertainment,Dakota Sarrazin,Unknown,1,2025-11-09 18:43:58,can't play my music on my laptop only my phone and then when the ads keep popping up it will freeze and juat close the app on me like what is going on,can't play my music on my laptop only my phone and then when the ads keep popping up it will freeze and juat close the app on me like what is going on,0,33,150,0,0,0,0.8181818181818182,1,1,0.169,1,0,1,0.0,0,1,0,1.0,0.0
bfb88a4a-65dc-401b-b022-92295d0e4276,Spotify,Entertainment,Samyla Martin (Sam),Unknown,5,2025-11-09 18:46:09,I rlly like Spotify cuz of the music,i rlly like spotify cuz of the music,0,8,36,0,0,0,1.0,0,0,0.3612,1,0,1,0.0,0,1,0,5.0,0.0
fee348d1-c817-47c2-9ffc-0fa3d217d90c,Spotify,Entertainment,Noah,Unknown,3,2025-11-09 18:46:36,it is great but you can't do basically anything without premium,it is great but you can't do basically anything without premium,0,11,63,0,0,0,1.0,0,0,0.3716,1,0,1,0.0,0,1,0,3.0,0.0
9d5f44d5-cfad-49b9-855d-b21478b615b3,Spotify,Entertainment,Philip Kitong,Unknown,5,2025-11-09 18:46:47,it has everything that I searched so far,it has everything that i searched so far,0,8,40,0,0,0,1.0,0,0,0.0,1,0,1,0.0,0,1,0,5.0,0.0
67927ec4-0190-49f7-a4e0-37cd292ed89e,Spotify,Entertainment,motebeloa Edward,Unknown,5,2025-11-09 18:50:02,"even though it's hard to download music, still love using this app because it has every song","even though it's hard to download music, still love using this app because it has every song",0,17,92,0,0,0,1.0,1,1,0.5859,1,0,1,0.0,0,1,0,5.0,0.0
7a24e5eb-d2c0-48d0-9e40-f5495412a75f,Spotify,Entertainment,Chidi Ibe,Unknown,3,2025-11-09 18:55:05,the app is really amazing,the app is really amazing,0,5,25,0,0,0,1.0,0,1,0.624,1,0,1,0.0,0,1,0,3.0,0.0
916b17b9-9993-45e5-ae96-952a4a2e33cd,Spotify,Entertainment,Sissythegod,Unknown,5,2025-11-09 19:00:44,this is probaly the best music app out there. besides the whole adds its amazing.,this is probaly the best music app out there. besides the whole adds its amazing.,0,15,81,0,0,0,0.9333333333333333,0,1,0.8402,1,0,1,0.0,0,1,0,5.0,0.0
229cc1bc-994d-441e-84b7-55f60d7fbee1,Spotify,Entertainment,A New Start,Unknown,1,2025-11-09 19:03:27,Playlist editing is not good. Newest update - using 'Recents' often crashes the app.,playlist editing is not good. newest update - using 'recents' often crashes the app.,1,14,84,0,0,0,1.0,0,1,-0.3412,1,0,1,0.0,0,1,0,1.0,0.0
93269f2c-b3ec-491d-85f4-c6563193e862,Spotify,Entertainment,Carol Ninow,Unknown,5,2025-11-09 19:03:39,love it 😀,love it 😀,0,3,9,1,0,0,1.0,0,0,0.7717,1,0,1,0.0,0,1,0,5.0,0.0
363cb4e5-3365-49ee-817f-d2a368482934,Spotify,Entertainment,Emad Kooti,Unknown,1,2025-11-09 19:08:34,cashgrab app,cashgrab app,0,2,12,0,0,0,1.0,0,1,0.0,1,0,1,0.0,0,1,0,1.0,0.0
092aa6eb-7575-4cb2-ac46-4d64734df5fd,Spotify,Entertainment,Adenauer,Unknown,1,2025-11-09 19:09:33,mundane,mundane,0,1,7,0,0,0,1.0,0,0,0.0,1,0,1,0.0,0,1,0,1.0,0.0
