review_id,app_name,category,username,device,rating,timestamp,text_original,text_cleaned,thumbs_up,token_count,char_count,num_emojis,num_urls,num_uppercase_words,unique_word_ratio,contains_promo_words,has_urdu_words,sentiment_score,device_missing,generic_username,user_total_reviews,time_diff_seconds,is_burst,same_text_count,rating_text_mismatch,user_avg_rating,user_rating_std
91297a5e-4b89-41fe-a356-525a772c5b58,WhatsApp,Social Media,লিপি রানী বনিক সংগীত শিল্পী,Unknown,2,2025-11-07 13:46:34,hey I can't using this app.please help me.I don't want update.App stopped for this.🥺🥺🥺🥺🥺It's again.,hey i can't using this app.please help me.i don't want update.app stopped for this.🥺🥺🥺🥺🥺it's again.,0,15,99,5,0,0,1.0,0,1,0.4843,1,0,1,0.0,0,1,0,2.0,0.0
b6842d3f-695e-4779-8a8a-afa61f8d3569,WhatsApp,Social Media,Dusmanta Polei,Unknown,2,2025-11-07 13:50:58,why individual call ringtone has not set. please update that.,why individual call ringtone has not set. please update that.,0,10,61,0,0,0,1.0,0,0,-0.2411,1,0,1,0.0,0,1,0,2.0,0.0
09fb44e6-7f69-4314-ba6c-1f4fdc696008,WhatsApp,Social Media,Vk Singh,Unknown,2,2025-11-07 14:29:04,nice 👍,nice 👍,0,2,6,1,0,0,1.0,0,0,0.4215,1,0,1,0.0,0,2,0,2.0,0.0
d18b6be3-1698-4e14-a156-9081397289f7,WhatsApp,Social Media,Rupali Kashyap,Unknown,2,2025-11-07 14:30:04,whatsapp par offline hote hue bi online dhika raha hai please isko thik karo,whatsapp par offline hote hue bi online dhika raha hai please isko thik karo,0,14,76,0,0,0,1.0,0,1,0.2023,1,0,1,0.0,0,1,0,2.0,0.0
b1d6e961-6f33-40f8-b408-076445859ff7,WhatsApp,Social Media,Neha Patil,Unknown,2,2025-11-07 14:30:43,bio is not permanent,bio is not permanent,0,4,20,0,0,0,1.0,0,0,0.0,1,0,1,0.0,0,1,0,2.0,0.0
3d9741e7-98ba-43e3-82e7-14b34802a0ea,WhatsApp,Social Media,Calvin Eimen (CEBKL),Unknown,2,2025-11-07 15:02:27,There a risk scammer message and call using WhatsApp and can you guys pls make anti scammer for whatapps or auto block it?,there a risk scammer message and call using whatsapp and can you guys pls make anti scammer for whatapps or auto block it?,0,23,122,0,0,0,0.9130434782608695,0,1,-0.7184,1,0,1,0.0,0,1,0,2.0,0.0
53321744-0d7a-4467-b6e1-be2169c126e8,WhatsApp,Social Media,Shaikh Faizan,Unknown,2,2025-11-07 15:13:47,stetus quality is very bad,stetus quality is very bad,0,5,26,0,0,0,1.0,0,0,-0.5849,1,0,1,0.0,0,1,0,2.0,0.0
cc1b3db6-0c09-4f86-8989-0c944dc48215,WhatsApp,Social Media,Tabiba Munir Ahmed,Unknown,2,2025-11-07 15:29:02,How possible ke khoi insan apke whatapps pr virus bhej kr whatapps hang krle,how possible ke khoi insan apke whatapps pr virus bhej kr whatapps hang krle,0,14,76,0,0,0,0.9285714285714286,0,1,0.0,1,0,1,0.0,0,1,0,2.0,0.0
841c8b4f-d5ae-4d81-9f89-5ed1490f876d,WhatsApp,Social Media,Nayzghi Tewelde,Unknown,2,2025-11-07 15:29:06,backup,backup,0,1,6,0,0,0,1.0,0,0,0.0,1,0,1,0.0,0,1,0,2.0,0.0
5af46a1f-3ff0-4bea-be3d-d8d89b3d04be,WhatsApp,Social Media,Unbound creation,Unknown,2,2025-11-07 15:29:50,vai block dille ktha bolar way nai kno,vai block dille ktha bolar way nai kno,1,8,38,0,0,0,1.0,0,0,-0.4404,1,0,1,0.0,0,1,0,2.0,0.0
3cb64d83-1661-4288-8de1-133f58a50fb8,WhatsApp,Social Media,SashenkahVianne,Unknown,2,2025-11-07 15:43:27,"I used to be able to share messages, suddenly, the option to share is no longer available, on anything. I have tried sending to diff ppl, even myself. The share option doesn't appear. What happened?","i used to be able to share messages, suddenly, the option to share is no longer available, on anything. i have tried sending to diff ppl, even myself. the share option doesn't appear. what happened?",1,35,198,0,0,0,0.7714285714285715,0,1,0.5267,1,0,1,0.0,0,1,1,2.0,0.0
f4127303-de81-49d7-a5e7-95fe988cf3f2,WhatsApp,Social Media,wahid zahid,Unknown,2,2025-11-07 15:52:21,think you,think you,0,2,9,0,0,0,1.0,0,0,0.0,1,0,1,0.0,0,1,0,2.0,0.0
052daf74-b6df-4d63-9088-f78d2b7db38d,WhatsApp,Social Media,sathish kumar,Unknown,2,2025-11-07 16:31:13,very poor this app.. installing is very slowly,very poor this app.. installing is very slowly,0,8,46,0,0,0,0.875,1,1,-0.5256,1,0,1,0.0,0,1,0,2.0,0.0
cf7eecd5-f151-4a08-a712-ba261b9275d9,WhatsApp,Social Media,Asanda Mgoqi,Unknown,2,2025-11-07 16:35:02,it was nice until I got banned now it's working,it was nice until i got banned now it's working,0,10,47,0,0,0,1.0,0,0,-0.0516,1,0,1,0.0,0,1,0,2.0,0.0
15f02cdf-a574-4081-814d-4bc42929ef1c,WhatsApp,Social Media,Sabelo maraba,Unknown,2,2025-11-07 17:03:27,Am unhappy I can't download WhatsApp,am unhappy i can't download whatsapp,0,6,36,0,0,0,1.0,1,1,-0.4215,1,0,1,0.0,0,1,0,2.0,0.0
5a94b281-1937-426c-8821-c77071846639,WhatsApp,Social Media,Zahid Afridi (Sheraz afridi),Unknown,2,2025-11-07 17:19:02,PLZ ADD WHATSAPP IN AppGallery... When I'm using an app downloaded from Chrome it's not working.... SO PLZ add.. Thank you,plz add whatsapp in appgallery... when i'm using an app downloaded from chrome it's not working.... so plz add.. thank you,1,21,122,0,0,6,0.9523809523809523,1,1,0.5866,1,0,1,0.0,0,1,1,2.0,0.0
b00d13ca-514f-411b-a9df-a0e63b08c6b4,WhatsApp,Social Media,joseph milan,Unknown,2,2025-11-07 17:28:05,stressful,stressful,0,1,9,0,0,0,1.0,0,0,-0.5106,1,0,1,0.0,0,1,0,2.0,0.0
3fb4d97b-62a2-430c-8a7a-d05f9b2dbec8,WhatsApp,Social Media,Kumail Abbas,Unknown,2,2025-11-07 17:30:00,Whatsapp not send a code 6 digits ?,whatsapp not send a code 6 digits ?,0,8,35,0,0,0,1.0,0,1,0.0,1,0,1,0.0,0,1,0,2.0,0.0
a10c9c48-31aa-41a8-b442-794aaccd708a,WhatsApp,Social Media,Primrose Bucie,Unknown,2,2025-11-07 17:52:35,my whatsapp account has been banned without a valuable reason i therefore ask for another chance to access whatsapp .please review my account .this app has a positive impact in my life,my whatsapp account has been banned without a valuable reason i therefore ask for another chance to access whatsapp .please review my account .this app has a positive impact in my life,1,32,184,0,0,0,0.8125,0,1,0.3283,1,0,1,0.0,0,1,0,2.0,0.0
a5b7ad74-cdbe-4830-9ee0-30943b53b84d,WhatsApp,Social Media,Suranjan Tudu,Unknown,2,2025-11-07 18:10:46,WhatsApp video calling issues?,whatsapp video calling issues?,0,4,30,0,0,0,1.0,0,1,0.0,1,0,1,0.0,0,1,0,2.0,0.0
c218f645-e4ff-4bd9-8531-fd24012e6153,WhatsApp,Social Media,Riya cheda,Unknown,2,2025-11-07 18:40:06,I don't get my new WhatsApp updates on time facing lots of issue while using Wierd app not working on since 4 days,i don't get my new whatsapp updates on time facing lots of issue while using wierd app not working on since 4 days,0,23,114,0,0,0,0.9565217391304348,0,1,0.0,1,0,1,0.0,0,1,0,2.0,0.0
44b656c3-8560-4def-b297-d812af1f774c,WhatsApp,Social Media,Eva Chama,Unknown,2,2025-11-07 19:55:00,Nice this App is simply Unique though l keep on finding my account locked everyday even though l have done no wrong.,nice this app is simply unique though l keep on finding my account locked everyday even though l have done no wrong.,0,22,116,0,0,0,0.9090909090909091,0,1,0.8848,1,0,1,0.0,0,1,1,2.0,0.0
472ba4c4-00bb-4a19-b446-08855615d228,WhatsApp,Social Media,Pearl Obajere,Unknown,2,2025-11-07 20:29:52,too slow 🦥🦥🦥,too slow 🦥🦥🦥,0,3,12,3,0,0,1.0,0,0,0.0,1,0,1,0.0,0,1,0,2.0,0.0
e3d31af5-0472-4187-886d-cc9c985e1f86,WhatsApp,Social Media,ALVIN SHEMA,Unknown,2,2025-11-07 20:42:34,Why can't I upload music on my status picture??,why can't i upload music on my status picture??,0,9,47,0,0,0,1.0,0,0,0.0,1,0,1,0.0,0,1,0,2.0,0.0
641b1202-66cf-4c40-9078-6c6298a2e06d,WhatsApp,Social Media,Motunrayo Ogunsakin,Unknown,2,2025-11-07 21:46:39,"I love WhatsApp, but I hate updating it","i love whatsapp, but i hate updating it",0,8,39,0,0,0,0.875,0,1,-0.5346,1,0,1,0.0,0,1,0,2.0,0.0
c22ecef6-b885-4442-80dd-b56adf9a7c61,WhatsApp,Social Media,Samuel Kheu,Unknown,2,2025-11-07 21:49:10,not happy with account and device info.,not happy with account and device info.,0,7,39,0,0,0,1.0,0,1,-0.4585,1,0,1,0.0,0,1,0,2.0,0.0
d8747694-435a-4235-8d89-5ee9a950b45f,WhatsApp,Social Media,Thembo Angelus,Unknown,2,2025-11-07 22:05:18,telling me to download the official what's app every time,telling me to download the official what's app every time,0,10,57,0,0,0,1.0,1,1,0.0,1,0,1,0.0,0,1,0,2.0,0.0
0b18d7cd-2586-402b-b6df-f42f165e3c11,WhatsApp,Social Media,David Asante,Unknown,2,2025-11-07 22:23:02,Better,better,0,1,6,0,0,0,1.0,0,0,0.4404,1,0,1,0.0,0,2,0,2.0,0.0
8d51fa8b-3c8b-4468-84a3-d605b18044f6,WhatsApp,Social Media,Gloria antony,Unknown,2,2025-11-07 22:45:33,very slow,very slow,0,2,9,0,0,0,1.0,0,0,0.0,1,0,1,0.0,0,1,0,2.0,0.0
71a2be50-e193-4cc5-9bac-a6e5869fa957,WhatsApp,Social Media,Muhammad Sani,Unknown,2,2025-11-07 22:51:22,Problem,problem,0,1,7,0,0,0,1.0,0,0,-0.4019,1,0,2,0.0,0,1,0,2.0,0.0
2b5602e3-5381-4fb8-910e-5c7eff508da5,WhatsApp,Social Media,Matome Mokoena,Unknown,2,2025-11-07 23:54:33,I don't like the fact that I can't respond to people's statuses with voice notes. Please look into that matter,i don't like the fact that i can't respond to people's statuses with voice notes. please look into that matter,0,20,110,0,0,0,0.9,0,0,0.0747,1,0,1,0.0,0,1,0,2.0,0.0
1048a4af-38b6-498e-a970-6ded85645d12,WhatsApp,Social Media,Shirin Akter,Unknown,2,2025-11-08 00:09:23,whats app is a 5 ★ star getting app.but the Meta AI has disappointed me,whats app is a 5 ★ star getting app.but the meta ai has disappointed me,0,15,71,0,0,1,1.0,0,1,-0.4767,1,0,1,0.0,0,1,0,2.0,0.0
a0830fb3-f10a-42c0-9e46-3eff4d4e0932,WhatsApp,Social Media,Syed rehan,Unknown,2,2025-11-08 00:19:31,please please unban my WhatsApp I don't have any Miss use please unban,please please unban my whatsapp i don't have any miss use please unban,0,13,70,0,0,0,0.7692307692307693,0,1,0.7464,1,0,1,0.0,0,1,1,2.0,0.0
78b707f3-994b-4a4c-b7ab-ad496a378725,WhatsApp,Social Media,Dinesh narad batloeya,Unknown,2,2025-11-08 02:10:55,nice aap,nice aap,0,2,8,0,0,0,1.0,0,0,0.4215,1,0,1,0.0,0,2,0,2.0,0.0
23c5df46-fdd3-49c9-aac8-3e40840f5d57,WhatsApp,Social Media,Imman,Unknown,2,2025-11-08 02:13:33,duttye,duttye,0,1,6,0,0,0,1.0,0,0,0.0,1,0,1,0.0,0,1,0,2.0,0.0
d48c9ff3-14d4-4464-9cc4-ea28b4b18709,WhatsApp,Social Media,Happy Smile,Unknown,2,2025-11-08 02:48:16,this app keeps connecting my account to my old phone and locking me out,this app keeps connecting my account to my old phone and locking me out,0,14,71,0,0,0,0.9285714285714286,0,1,0.0,1,0,1,0.0,0,1,0,2.0,0.0
8fd1e8f7-9d8b-4bbf-9309-1c02782512fd,WhatsApp,Social Media,Sagar Kakkar,Unknown,2,2025-11-08 03:37:18,Broadcast me 35 msg bhejne ki limit laga di h nov 2025 se esa ni hona chahiye problems aa rahi h pehle jaise ke dijiye,broadcast me 35 msg bhejne ki limit laga di h nov 2025 se esa ni hona chahiye problems aa rahi h pehle jaise ke dijiye,64,25,118,0,0,0,0.96,0,0,-0.4019,1,0,1,0.0,0,1,0,2.0,0.0
5ae9b5a8-b6ee-4feb-9a55-12dfaea974e1,WhatsApp,Social Media,Ayesha Rajpoot,Unknown,2,2025-11-08 03:50:04,not clear voice,not clear voice,0,3,15,0,0,0,1.0,0,0,-0.2924,1,0,1,0.0,0,1,0,2.0,0.0
5866d6cb-6697-422c-82c7-44569d9d37fd,WhatsApp,Social Media,Ahadul Amin,Unknown,2,2025-11-08 04:26:21,Even though I install WhatsApp from play store it says you have downloaded unofficial app version. Fix this to improve my rating.,even though i install whatsapp from play store it says you have downloaded unofficial app version. fix this to improve my rating.,0,22,129,0,0,0,1.0,1,1,0.6486,1,0,1,0.0,0,1,1,2.0,0.0
bb8c2c48-4e47-47bb-958b-0d88ac9c55ce,WhatsApp,Social Media,Kucing Gemok 1996,Unknown,2,2025-11-08 04:30:19,Whatsapp problem apps tak berapa bagus,whatsapp problem apps tak berapa bagus,0,6,38,0,0,0,1.0,0,1,-0.4019,1,0,1,0.0,0,1,0,2.0,0.0
8649165e-687c-433b-adff-2b86ace3393f,WhatsApp,Social Media,Betty Morrow,Unknown,2,2025-11-08 04:42:29,do not no how to unblock a accident. my husband got blocked how to open voice message,do not no how to unblock a accident. my husband got blocked how to open voice message,0,17,85,0,0,0,0.8823529411764706,0,0,-0.5126,1,0,1,0.0,0,1,0,2.0,0.0
9e421a09-d0c3-4a20-98dd-57734e75b154,WhatsApp,Social Media,Paul Derrick Gonsalves,Unknown,2,2025-11-08 04:51:49,"You cannot hear the ringtone when a msg is rec'd, all notifications are silent. why is it so?","you cannot hear the ringtone when a msg is rec'd, all notifications are silent. why is it so?",0,18,93,0,0,0,0.9444444444444444,0,0,0.0,1,0,1,0.0,0,1,0,2.0,0.0
0d23ae8b-6e56-4700-8bb7-315e30132721,WhatsApp,Social Media,Nikhil Mishra,Unknown,2,2025-11-08 05:28:53,that is great,that is great,0,3,13,0,0,0,1.0,0,0,0.6249,1,0,1,0.0,0,1,1,2.0,0.0
bff31892-7578-44ab-aac6-089beb67915c,WhatsApp,Social Media,Zohaib Ansari,Unknown,4,2025-11-08 05:29:42,my whatsapp problem,my whatsapp problem,0,3,19,0,0,0,1.0,0,1,-0.4019,1,0,1,0.0,0,1,0,4.0,0.0
9d069885-0844-407c-bdd4-e709b4f7baa1,WhatsApp,Social Media,Krishan Mitroo,Unknown,4,2025-11-08 05:32:05,very informative.,very informative.,0,2,17,0,0,0,1.0,0,0,0.0,1,0,1,0.0,0,1,0,4.0,0.0
929261bd-e453-4583-b157-ddd2ebe43caf,WhatsApp,Social Media,Suderp Mishra,Unknown,4,2025-11-08 05:32:06,outstanding,outstanding,0,1,11,0,0,0,1.0,0,0,0.6124,1,0,1,0.0,0,2,0,4.0,0.0
86ae976d-8450-4ecb-b54f-74b0b3733c5a,WhatsApp,Social Media,Lalitha Khara,Unknown,4,2025-11-08 05:43:24,ଚଢୈତି ମଣଗଜଣଭୀ,ଚଢୈତି ମଣଗଜଣଭୀ,0,2,13,0,0,0,1.0,0,0,0.0,1,0,1,0.0,0,1,0,4.0,0.0
603c3eac-d362-4baa-9363-2734549405d9,WhatsApp,Social Media,Alexis Roman,Unknown,2,2025-11-08 05:44:09,I cant change my pfp i dont know why,i cant change my pfp i dont know why,0,9,36,0,0,0,0.8888888888888888,0,0,0.0,1,0,1,0.0,0,1,0,2.0,0.0
cec64211-a495-4cce-84aa-0e982534e1e8,WhatsApp,Social Media,Dinesh kumar Upadhyay,Unknown,4,2025-11-08 05:45:28,it is very useful for all,it is very useful for all,0,6,25,0,0,0,1.0,0,0,0.4927,1,0,1,0.0,0,1,0,4.0,0.0
73d5dcff-ecea-4f8a-b0ea-ee8d3daaa914,WhatsApp,Social Media,Md: nuralom Islam,Unknown,4,2025-11-08 05:51:15,good apps my sms unlimited,good apps my sms unlimited,0,5,26,0,0,0,1.0,0,1,0.4404,1,0,1,0.0,0,1,0,4.0,0.0
8a5334ff-42ab-4477-bf62-0c582f549c83,WhatsApp,Social Media,Balaram k Mukhiyq,Unknown,4,2025-11-08 06:00:17,accha,accha,0,1,5,0,0,0,1.0,0,0,0.0,1,0,1,0.0,0,1,0,4.0,0.0
7f287051-187e-465a-b72b-86f43885290e,WhatsApp,Social Media,Pankaj yadav Pankaj,Unknown,2,2025-11-08 06:00:36,tui to tumhara,tui to tumhara,0,3,14,0,0,0,1.0,0,0,0.0,1,0,1,0.0,0,1,0,2.0,0.0
58b0b931-3b3d-47bd-a71e-fbdab40fabf5,WhatsApp,Social Media,yvonne ama,Unknown,4,2025-11-08 06:03:25,My Whatsapp has expired and tried to update it refusing to download,my whatsapp has expired and tried to update it refusing to download,2,12,67,0,0,0,0.9166666666666666,1,1,-0.4019,1,0,1,0.0,0,1,0,4.0,0.0
bea48a6e-874d-40c0-85ee-fdcf3fcf7250,WhatsApp,Social Media,Momo Tabby,Unknown,2,2025-11-08 06:05:00,"The mute function is useless. It disabled itself. I muted a chat set it to ""always"". When I exit the app, it reactivated. The function didn't work.","the mute function is useless. it disabled itself. i muted a chat set it to ""always"". when i exit the app, it reactivated. the function didn't work.",0,27,147,0,0,0,0.7777777777777778,0,1,-0.4215,1,0,1,0.0,0,1,0,2.0,0.0
98d78f10-e701-43e9-8f0e-4915f802594a,WhatsApp,Social Media,Rukia Erick,Unknown,4,2025-11-08 06:34:35,like this app,like this app,0,3,13,0,0,0,1.0,0,1,0.3612,1,0,1,0.0,0,1,0,4.0,0.0
2751b7c2-a409-4144-aac3-c55ed7d2405c,WhatsApp,Social Media,Nabaweesi Jane,Unknown,2,2025-11-08 06:35:17,sometimes it delays in sending messages,sometimes it delays in sending messages,0,6,39,0,0,0,1.0,0,0,0.0,1,0,1,0.0,0,1,0,2.0,0.0
8464b6f6-529c-4598-a573-3d7a4d64b172,WhatsApp,Social Media,Ankur Das,Unknown,4,2025-11-08 06:36:49,মাই whatsapp',মাই whatsapp',0,2,13,0,0,0,1.0,0,1,0.0,1,0,1,0.0,0,1,0,4.0,0.0
380ddef3-028d-46ed-9f2a-10234cd963e2,WhatsApp,Social Media,Glory Ogwu,Unknown,4,2025-11-08 06:44:33,this what Sapp when I want to put password it's not working and I would like if the matter is being attended to quickly,this what sapp when i want to put password it's not working and i would like if the matter is being attended to quickly,0,24,119,0,0,0,0.9166666666666666,0,1,0.4404,1,0,1,0.0,0,1,0,4.0,0.0
9a55a1e0-c9f2-4e91-83b0-afb0e6d614c2,WhatsApp,Social Media,nicole wamala,Unknown,2,2025-11-08 06:47:58,"my problem is when I want to post a photo with a song, the song doesn't play or even load at all","my problem is when i want to post a photo with a song, the song doesn't play or even load at all",0,22,96,0,0,0,0.9545454545454546,0,0,-0.5324,1,0,1,0.0,0,1,0,2.0,0.0
eab0259f-e92f-41a8-8d89-a8b1889d77cc,WhatsApp,Social Media,MUHAMMAD QASIM,Unknown,4,2025-11-08 06:55:51,Transcript languages hindi aur urdu yeh chahiye isliye kiu ke main deaf hun disable,transcript languages hindi aur urdu yeh chahiye isliye kiu ke main deaf hun disable,0,14,83,0,0,0,1.0,0,0,0.0,1,0,1,0.0,0,1,0,4.0,0.0
3b332c65-fa0d-4c42-adf3-364ac8c0f673,WhatsApp,Social Media,Anirban Pathak,Unknown,4,2025-11-08 07:01:35,BEST ONLINE CHATTING APP.,best online chatting app.,0,4,25,0,0,4,1.0,0,1,0.6369,1,0,1,0.0,0,1,0,4.0,0.0
a1740db6-11ae-4986-a00c-54d46b248817,WhatsApp,Social Media,Nipun Nimsara,Unknown,4,2025-11-08 07:06:31,Super,super,0,1,5,0,0,0,1.0,0,0,0.5994,1,0,1,0.0,0,4,0,4.0,0.0
f33a5ea9-642c-4a1a-a905-c234c2fa80ce,WhatsApp,Social Media,alamin raj,Unknown,4,2025-11-08 07:07:55,অফিসিয়া,অফিসিয়া,0,1,7,0,0,0,1.0,0,0,0.0,1,0,1,0.0,0,1,0,4.0,0.0
d9868de3-9ac8-4477-8bb3-8e7667db1efc,WhatsApp,Social Media,STONE NATION,Unknown,4,2025-11-08 07:11:00,I LIKE THIS APP,i like this app,0,4,15,0,0,3,1.0,0,1,0.3612,1,0,1,0.0,0,3,0,4.0,0.0
cc84be48-98e7-4ea2-a659-27f8d9515d59,WhatsApp,Social Media,Kazeryou_,Unknown,4,2025-11-08 07:17:46,semoga update depan ada fitur status wa dengan fitur status slide poto² banyak seperti di postan ig,semoga update depan ada fitur status wa dengan fitur status slide poto² banyak seperti di postan ig,0,17,99,0,0,0,0.8823529411764706,0,0,0.0,1,0,1,0.0,0,1,0,4.0,0.0
2fb526e6-5362-4888-bf6f-8b26b5d7c3af,WhatsApp,Social Media,BABA P PAEL,Unknown,4,2025-11-08 07:40:33,nice ☺️,nice ☺️,0,2,7,0,0,0,1.0,0,0,0.7003,1,0,1,0.0,0,1,0,4.0,0.0
58825f25-e849-4b2c-8877-f08048462d02,WhatsApp,Social Media,Rashmi V,Unknown,2,2025-11-08 07:42:41,its my personal number how it will spam,its my personal number how it will spam,0,8,39,0,0,0,1.0,0,0,-0.296,1,0,1,0.0,0,1,0,2.0,0.0
57363d2e-d093-4e67-af84-3174a94c9bc1,WhatsApp,Social Media,Okpala chiagozie,Unknown,4,2025-11-08 07:55:02,please add graphics to both photos and videos when received from contacts.Thanks you,please add graphics to both photos and videos when received from contacts.thanks you,0,13,84,0,0,0,1.0,0,0,0.3182,1,0,1,0.0,0,1,0,4.0,0.0
f1b0e9d7-571c-4a1f-993c-1aee4b569f11,WhatsApp,Social Media,Vikas Bhosale,Unknown,2,2025-11-08 07:58:13,App not working properly,app not working properly,0,4,24,0,0,0,1.0,0,1,0.0,1,0,1,0.0,0,1,0,2.0,0.0
c875ae31-a401-497b-9e53-f38ce3121654,WhatsApp,Social Media,Sudha Chandran,Unknown,4,2025-11-08 08:12:36,helpful,helpful,0,1,7,0,0,0,1.0,0,0,0.4215,1,0,1,0.0,0,3,0,4.0,0.0
57f37665-c356-42fc-b11d-44e3774e4164,WhatsApp,Social Media,MATEO MWILA,Unknown,4,2025-11-08 08:25:57,This is a really good experience,this is a really good experience,0,6,32,0,0,0,1.0,0,0,0.4927,1,0,1,0.0,0,1,0,4.0,0.0
f904ea80-e412-4d6a-b103-603a77dbfa7e,WhatsApp,Social Media,2nd Reskills NPO,Unknown,4,2025-11-08 08:26:22,great thanks,great thanks,0,2,12,0,0,0,1.0,0,0,0.7906,1,0,1,0.0,0,1,0,4.0,0.0
6edb9f32-c035-45f9-b54a-e37f2055d234,WhatsApp,Social Media,zaitun Ahmed,Unknown,2,2025-11-08 08:26:55,"is this the official WhatsApp , am unable to verify my number, am unable to verify my number help pls","is this the official whatsapp , am unable to verify my number, am unable to verify my number help pls",0,20,101,0,0,0,0.75,0,1,0.5574,1,0,1,0.0,0,1,1,2.0,0.0
23345af4-1ea8-41d1-9676-addc600cabfc,WhatsApp,Social Media,Faizan Faizan,Unknown,2,2025-11-08 08:27:37,I am happy,i am happy,0,3,10,0,0,0,1.0,0,1,0.5719,1,0,1,0.0,0,1,1,2.0,0.0
d43d6688-6b55-449f-8067-5b04765eec10,WhatsApp,Social Media,Olayemi Olubukola Idowu,Unknown,4,2025-11-08 08:32:19,"what happened? Not able to create new group today. I wish I could have sent screenshot. after typing name of new group it writes ""not found""","what happened? not able to create new group today. i wish i could have sent screenshot. after typing name of new group it writes ""not found""",0,26,140,0,0,0,0.8846153846153846,0,1,0.223,1,0,1,0.0,0,1,0,4.0,0.0
32909e66-6539-4268-a88e-e5abdbe0247f,WhatsApp,Social Media,Adesanya Favour,Unknown,4,2025-11-08 08:35:38,It's a pretty nice app buh it only chooses the certain devices to install in,it's a pretty nice app buh it only chooses the certain devices to install in,0,15,76,0,0,0,1.0,1,1,0.7964,1,0,1,0.0,0,1,0,4.0,0.0
91fed2ab-4719-4587-bf52-1e571dc9fdd6,WhatsApp,Social Media,MOHNISH GUPTA,Unknown,4,2025-11-08 08:39:53,Very good😊,very good😊,0,2,10,1,0,0,1.0,0,0,0.8581,1,0,1,0.0,0,1,0,4.0,0.0
8b0b2b4e-79d1-4186-b346-e86b3f7252c7,WhatsApp,Social Media,kimeli zachariah,Unknown,4,2025-11-08 08:42:51,could you put the flight mode feature in it,could you put the flight mode feature in it,0,9,43,0,0,0,1.0,0,0,0.0,1,0,1,0.0,0,1,0,4.0,0.0
4d49cbd9-a49e-48c3-8207-07754a0cb3d2,WhatsApp,Social Media,Rajabu Daffa,Unknown,4,2025-11-08 08:44:20,excellent app,excellent app,0,2,13,0,0,0,1.0,0,1,0.5719,1,0,1,0.0,0,1,0,4.0,0.0
5dd7614f-e35f-4ddb-a01d-fde6d8889bd1,WhatsApp,Social Media,Eduction Man,Unknown,4,2025-11-08 08:44:38,good information,good information,0,2,16,0,0,0,1.0,0,0,0.4404,1,0,1,0.0,0,1,0,4.0,0.0
22c7ddb6-3592-46e9-9d4c-e0f3571d20d8,WhatsApp,Social Media,Niomie Thomas,Unknown,4,2025-11-08 08:47:54,"I give this 4 stars, because I can't call people that don't have the app. I just didn't really like that, but other than that, it's a very wonderful app, and it helps, if you have an Android, honestly, lol","i give this 4 stars, because i can't call people that don't have the app. i just didn't really like that, but other than that, it's a very wonderful app, and it helps, if you have an android, honestly, lol",1,40,205,0,0,0,0.9,0,1,0.9511,1,0,1,0.0,0,1,0,4.0,0.0
0b38499d-fc62-4417-8183-0e8e47d52c3d,WhatsApp,Social Media,Mabun Olusegun,Unknown,4,2025-11-08 08:53:13,I love this app that I can rate it four stars,i love this app that i can rate it four stars,0,11,45,0,0,0,0.9090909090909091,0,1,0.6369,1,0,1,0.0,0,1,0,4.0,0.0
32be8edf-7b1b-4ffe-b5d0-dce17d48bb3a,WhatsApp,Social Media,kezracodes,Unknown,2,2025-11-08 08:54:42,Its nice thou slow sometimes,its nice thou slow sometimes,0,5,28,0,0,0,1.0,0,0,0.4215,1,0,1,0.0,0,1,0,2.0,0.0
77b83cae-10a7-476f-a0cd-e9b0867f3dab,WhatsApp,Social Media,Gaurav,Unknown,4,2025-11-08 08:57:31,acha hai,acha hai,0,2,8,0,0,0,1.0,0,1,0.0,1,0,1,0.0,0,2,0,4.0,0.0
fd44586f-a7e5-40e0-9abc-e73402cc67bb,WhatsApp,Social Media,Abu khaisar Ali,Unknown,4,2025-11-08 09:03:00,good experience after 7year ago,good experience after 7year ago,0,5,31,0,0,0,1.0,0,0,0.4404,1,0,1,0.0,0,1,0,4.0,0.0
55b5dc6c-c561-444d-aafa-b5c78030ed97,WhatsApp,Social Media,DIPAK Bose,Unknown,4,2025-11-08 09:13:03,it is good,it is good,0,3,10,0,0,0,1.0,0,0,0.4404,1,0,1,0.0,0,2,0,4.0,0.0
f2aa82d4-0183-40f3-85ad-f6fe6002f1d5,WhatsApp,Social Media,Natasha,Unknown,2,2025-11-08 09:17:32,don't really know how to use this app,don't really know how to use this app,0,8,37,0,0,0,1.0,0,1,0.0,1,0,1,0.0,0,1,0,2.0,0.0
f90aae6f-524c-49af-b95f-7119d2d12d78,WhatsApp,Social Media,Hashim Zahid,Unknown,2,2025-11-08 09:20:47,WhatsApp per sync contact a gaya hai,whatsapp per sync contact a gaya hai,0,7,36,0,0,0,1.0,0,1,0.0,1,0,1,0.0,0,1,0,2.0,0.0
580b8190-42d2-4147-b95c-f073a0007257,WhatsApp,Social Media,Fayaz Ali,Unknown,4,2025-11-08 09:36:49,please my WhatsApp open,please my whatsapp open,0,4,23,0,0,0,1.0,0,1,0.3182,1,0,1,0.0,0,1,0,4.0,0.0
10db606b-004d-4d45-b340-5cece27ae98a,WhatsApp,Social Media,Sammar Kumar,Unknown,4,2025-11-08 10:07:20,Samar,samar,0,1,5,0,0,0,1.0,0,0,0.0,1,0,1,0.0,0,1,0,4.0,0.0
1890a825-f25e-4768-9f64-7a572d187f65,WhatsApp,Social Media,John Heman,Unknown,2,2025-11-08 10:18:22,I don't know why they keep banning my account for no reason,i don't know why they keep banning my account for no reason,0,12,59,0,0,0,1.0,0,0,-0.296,1,0,1,0.0,0,1,0,2.0,0.0
2b3dc5d2-166d-41ca-a9c3-0ce3bb6204b8,WhatsApp,Social Media,Matthews Muyesa Butao,Unknown,4,2025-11-08 10:22:30,"Your whatsapp is good no more neede simple, cheap for communication everywhere. But you are banning my account most of time. for that am not feeling good. Please review my account 🙏","your whatsapp is good no more neede simple, cheap for communication everywhere. but you are banning my account most of time. for that am not feeling good. please review my account 🙏",0,32,181,1,0,0,0.90625,1,1,-0.6963,1,0,1,0.0,0,1,1,4.0,0.0
57d26272-d1d3-4422-8297-7e4ab633db92,WhatsApp,Social Media,raj kaloo,Unknown,1,2025-11-08 10:31:23,good.,good.,0,1,5,0,0,0,1.0,0,0,0.4404,1,0,1,0.0,0,1,0,1.0,0.0
89c032a0-2a56-4180-b721-2061c06c23b2,WhatsApp,Social Media,Lenghong Goh,Unknown,1,2025-11-08 10:37:43,icant login,icant login,0,2,11,0,0,0,1.0,0,0,0.0,1,0,1,0.0,0,1,0,1.0,0.0
f2f6bdb8-40ec-4ee2-b0a3-83b40897f2cd,WhatsApp,Social Media,Bunnty Akula,Unknown,1,2025-11-08 10:39:04,average,average,0,1,7,0,0,0,1.0,0,0,0.0,1,0,1,0.0,0,1,0,1.0,0.0
7eaada79-4142-4c61-aa1b-3e1be6ac87ab,WhatsApp,Social Media,Erin Yusrina,Unknown,1,2025-11-08 10:41:47,"Have been having issue with WhatsApp web, can't login after multiple tries. But the WhatsApp desktop is fine. And today the WhatsApp on my phone keep logging out and asked to log in again.","have been having issue with whatsapp web, can't login after multiple tries. but the whatsapp desktop is fine. and today the whatsapp on my phone keep logging out and asked to log in again.",0,34,188,0,0,0,0.8823529411764706,0,1,0.296,1,0,1,0.0,0,1,0,1.0,0.0
4cb6cf6c-3a73-488a-879c-bf0e7dbee5bc,WhatsApp,Social Media,Bayi Helena,Unknown,4,2025-11-08 10:43:03,not bad,not bad,0,2,7,0,0,0,1.0,0,0,0.431,1,0,1,0.0,0,1,0,4.0,0.0
17635052-bd0f-41a0-8155-5221322f60e5,WhatsApp,Social Media,Asilonu Ifeanyi john,Unknown,1,2025-11-08 10:44:08,This WhatsApp glitches to much and I don't like it,this whatsapp glitches to much and i don't like it,0,10,50,0,0,0,1.0,0,1,-0.2755,1,0,1,0.0,0,1,0,1.0,0.0
10c39e82-6d17-49e5-aa71-678bba0e6338,WhatsApp,Social Media,Tajudeen Akanbi,Unknown,4,2025-11-08 10:44:53,It OK,it ok,0,2,5,0,0,1,1.0,0,0,0.296,1,0,1,0.0,0,1,0,4.0,0.0
acc5efe1-7fc6-4a2a-a79b-5d4a1daa1df0,WhatsApp,Social Media,Zikry Rayyan,Unknown,1,2025-11-08 10:45:35,Bro why my account on your whatsap is locked?,bro why my account on your whatsap is locked?,0,9,45,0,0,0,1.0,0,0,0.0,1,0,1,0.0,0,1,0,1.0,0.0
2f619953-daec-4107-9980-528778150f62,WhatsApp,Social Media,Nirmal Saroj,Unknown,1,2025-11-08 10:48:55,broadcast not working,broadcast not working,0,3,21,0,0,0,1.0,0,0,0.0,1,0,1,0.0,0,1,0,1.0,0.0
c6067006-2f31-42a2-96d1-639f99696a0b,WhatsApp,Social Media,Alex Red,Unknown,1,2025-11-08 10:52:11,"They blocked my account for no reason. You can't rely on them, especially if you use messenger for the business.","they blocked my account for no reason. you can't rely on them, especially if you use messenger for the business.",0,20,112,0,0,0,0.9,0,0,-0.5106,1,0,1,0.0,0,1,0,1.0,0.0
430278be-a497-49a7-a021-0492494b8b7e,WhatsApp,Social Media,Mohammed Kapiel,Unknown,1,2025-11-08 10:54:35,"Something broke in their spam detection, it gives out false calls and locks me out of the account and the review process takes a full day. Worst part when its back, no explanation.","something broke in their spam detection, it gives out false calls and locks me out of the account and the review process takes a full day. worst part when its back, no explanation.",0,33,180,0,0,0,0.9090909090909091,0,0,-0.891,1,0,1,0.0,0,1,0,1.0,0.0
d4c54eb6-529d-47ad-b466-981cb5866e3b,WhatsApp,Social Media,Prince Okwudili,Unknown,4,2025-11-08 10:54:46,It helps you to chat with friends and family's far away,it helps you to chat with friends and family's far away,0,11,55,0,0,0,1.0,0,0,0.6908,1,0,1,0.0,0,1,0,4.0,0.0
c44fa4ef-a38d-40d7-8471-36670162ca3b,WhatsApp,Social Media,Bably Akter,Unknown,1,2025-11-08 10:56:27,Why I can't uploading story with my mobile data?,why i can't uploading story with my mobile data?,0,9,48,0,0,0,1.0,0,0,0.0,1,0,1,0.0,0,1,0,1.0,0.0
009d079e-bbfe-4698-8fa8-e90e21bed3cf,WhatsApp,Social Media,Anand,Unknown,1,2025-11-08 10:58:14,its not working properly in my phone with new number also.,its not working properly in my phone with new number also.,0,11,58,0,0,0,1.0,0,0,0.0772,1,0,1,0.0,0,1,0,1.0,0.0
b19ee31b-ad0e-41c2-9e97-d1a2af725351,WhatsApp,Social Media,Africa Mlungisi,Unknown,1,2025-11-08 11:07:34,Fail to upload whatsapp,fail to upload whatsapp,0,4,23,0,0,0,1.0,0,1,-0.5423,1,0,1,0.0,0,1,0,1.0,0.0
1d47fb1b-b8ba-4d7c-bac2-2fa866b926b9,WhatsApp,Social Media,Dhirendra pakari,Unknown,4,2025-11-08 11:08:59,Dhirendra Kumar,dhirendra kumar,0,2,15,0,0,0,1.0,0,0,0.0,1,0,1,0.0,0,1,0,4.0,0.0
12af21ff-e60c-4786-974c-dc11caf6a8fe,WhatsApp,Social Media,Austin Anesu,Unknown,1,2025-11-08 11:09:07,it's good app,it's good app,0,3,13,0,0,0,1.0,0,1,0.4404,1,0,1,0.0,0,2,0,1.0,0.0
1e72affc-3cc3-4fb2-860a-ff9a42151a14,WhatsApp,Social Media,Zclock YT,Unknown,4,2025-11-08 11:12:26,it would be a 5/5 to add a feature that allows us to crop a video before posting/sending it to friends and family. Just saying 😌,it would be a 5/5 to add a feature that allows us to crop a video before posting/sending it to friends and family. just saying 😌,0,26,128,1,0,0,0.8076923076923077,0,0,0.6908,1,0,1,0.0,0,1,0,4.0,0.0
37a5b7ff-343a-420b-911f-d9bb9ca9a6aa,WhatsApp,Social Media,Saleem Khan Khakhrani,Unknown,4,2025-11-08 11:16:16,Just looking like a wow. absolutely amazing updates in recent times.,just looking like a wow. absolutely amazing updates in recent times.,0,11,68,0,0,0,1.0,0,0,0.8858,1,0,1,0.0,0,1,0,4.0,0.0
ba6f4e79-6583-48df-afab-3608672e3ade,WhatsApp,Social Media,Asya Kombo,Unknown,2,2025-11-08 11:18:54,Long use app,long use app,0,3,12,0,0,0,1.0,0,1,0.0,1,0,1,0.0,0,1,0,2.0,0.0
5b55b29e-0f61-482b-8f33-58a614ddb7ca,WhatsApp,Social Media,Suraj Sahani,Unknown,4,2025-11-08 11:19:30,good aplication,good aplication,0,2,15,0,0,0,1.0,0,0,0.4404,1,0,1,0.0,0,1,0,4.0,0.0
359ba44e-0249-4dd9-bf39-48b1e08d84e5,WhatsApp,Social Media,DrSaj N,Unknown,2,2025-11-08 11:19:56,ver6 bad. keeps stopping. sharing things difficult,ver6 bad. keeps stopping. sharing things difficult,0,7,50,0,0,0,1.0,0,0,-0.5859,1,0,1,0.0,0,1,0,2.0,0.0
18b8b0d0-8220-40c1-894b-d559175ee18d,WhatsApp,Social Media,Junior Bro,Unknown,1,2025-11-08 11:25:22,Akun tetiba ke ban alasannya karna spam padahal tidak melakukan sama sekali. Bikin kesal mana kerjaan lagi banyak,akun tetiba ke ban alasannya karna spam padahal tidak melakukan sama sekali. bikin kesal mana kerjaan lagi banyak,0,18,113,0,0,0,1.0,0,0,-0.7269,1,0,1,0.0,0,1,0,1.0,0.0
bcfde427-01f5-413f-895b-b2a12c4c637a,WhatsApp,Social Media,Adedokun Tawfyq,Unknown,1,2025-11-08 11:25:27,"After updating this app i can't longer have acess to it again,always telling to get the official app","after updating this app i can't longer have acess to it again,always telling to get the official app",0,18,100,0,0,0,0.8888888888888888,0,1,0.0,1,0,1,0.0,0,1,0,1.0,0.0
244130ca-d923-4a1c-a41a-953c37b699b4,WhatsApp,Social Media,VIRAL VERMA,Unknown,1,2025-11-08 11:31:11,while video call the smaller floating screen is not showing it is very annoying... WhatsApp sucks,while video call the smaller floating screen is not showing it is very annoying... whatsapp sucks,0,16,97,0,0,0,0.9375,0,1,-0.6962,1,0,1,0.0,0,1,0,1.0,0.0
d0b1f002-5456-43eb-96cd-6274cbdc6654,WhatsApp,Social Media,A Google user,Unknown,1,2025-11-08 11:31:26,very problem,very problem,0,2,12,0,0,0,1.0,0,0,-0.4576,1,0,4,0.0,0,1,0,3.25,2.0615528128088303
2cff8af6-60ab-4c0c-a35b-14ddd9538102,WhatsApp,Social Media,Angela Watson,Unknown,2,2025-11-08 11:35:02,not good,not good,0,2,8,0,0,0,1.0,0,0,-0.3412,1,0,1,0.0,0,2,0,2.0,0.0
90b377a0-f23b-4319-aef7-821a4e7a2419,WhatsApp,Social Media,Munawar P,Unknown,4,2025-11-08 11:40:03,please unban my whatsapp account,please unban my whatsapp account,0,5,32,0,0,0,1.0,0,1,0.3182,1,0,1,0.0,0,1,0,4.0,0.0
27a3e40e-38da-44ee-9293-08db630cda88,WhatsApp,Social Media,Jibin Raj,Unknown,1,2025-11-08 11:41:08,new whatsapp version no good,new whatsapp version no good,0,5,28,0,0,0,1.0,0,1,-0.3412,1,0,1,0.0,0,1,0,1.0,0.0
ff5e5335-8b3a-475a-880d-36a52bb33822,WhatsApp,Social Media,Lindelwa Nzimande,Unknown,1,2025-11-08 11:41:56,I am so upset😡 it's been 3 weeks I can get access to my whatsapp. I had to download and register with a different number. I can't even get my account to be reviewed💔😓I am so not happy,i am so upset😡 it's been 3 weeks i can get access to my whatsapp. i had to download and register with a different number. i can't even get my account to be reviewed💔😓i am so not happy,0,38,183,3,0,0,0.7631578947368421,1,1,-0.7931,1,0,1,0.0,0,1,0,1.0,0.0
3f50a9dc-a52d-4137-b8da-536c67d16314,WhatsApp,Social Media,Moleboheng Lekhooa,Unknown,2,2025-11-08 11:44:18,It is just slow,it is just slow,0,4,15,0,0,0,1.0,0,0,0.0,1,0,1,0.0,0,1,0,2.0,0.0
fb8b6969-ceef-4a02-80d9-e8794efc61a1,WhatsApp,Social Media,Sumi Bargotra,Unknown,1,2025-11-08 11:48:06,just after first text in the morning I've been restricted for 6 hours without any reason. First they tell to use the WhatsApp and then thats how they control people's no more WhatsApp,just after first text in the morning i've been restricted for 6 hours without any reason. first they tell to use the whatsapp and then thats how they control people's no more whatsapp,1,33,183,0,0,0,0.8787878787878788,0,1,-0.5859,1,0,1,0.0,0,1,0,1.0,0.0
315d3796-0bc1-4c98-8c35-e741b582aee4,WhatsApp,Social Media,James Mwale,Unknown,2,2025-11-08 11:56:14,Not working,not working,0,2,11,0,0,0,1.0,0,0,0.0,1,0,1,0.0,0,2,0,2.0,0.0
4eadf9f7-4298-4b05-84a9-fe5c50877a84,WhatsApp,Social Media,Stanley Fernandes,Unknown,1,2025-11-08 11:57:46,Custom ringtone is no longer working for any contact...,custom ringtone is no longer working for any contact...,5,9,55,0,0,0,1.0,0,0,-0.296,1,0,1,0.0,0,1,0,1.0,0.0
ae11f895-641b-4d71-b209-dcd54e1edfa1,WhatsApp,Social Media,Salina Khatun,Unknown,1,2025-11-08 12:01:58,new update is worse why change about setting...why only 50 letter mean seriously about is my thinking how can it be limited like few letter also duration is just irritating 😕,new update is worse why change about setting...why only 50 letter mean seriously about is my thinking how can it be limited like few letter also duration is just irritating 😕,0,31,174,1,0,0,0.8709677419354839,0,0,-0.8176,1,0,1,0.0,0,1,0,1.0,0.0
93b97c35-6d02-40e0-a0af-317f1cac25df,WhatsApp,Social Media,Osikoya morufu adekoya,Unknown,4,2025-11-08 12:06:39,"I love and enjoy the Whatsapp, as a result keep doing the good job","i love and enjoy the whatsapp, as a result keep doing the good job",0,14,66,0,0,0,0.9285714285714286,0,1,0.8834,1,0,1,0.0,0,1,0,4.0,0.0
c1968eb0-ecb3-46be-92cc-8b6448a80760,WhatsApp,Social Media,UZAIR Khan Khattak,Unknown,1,2025-11-08 12:07:25,my WhatsApp account which is contains my personal educational information has been banned suddenly. I have review but final it's banned. I don't know the reason. please reopen it that I will can access to my information thanks,my whatsapp account which is contains my personal educational information has been banned suddenly. i have review but final it's banned. i don't know the reason. please reopen it that i will can access to my information thanks,0,38,226,0,0,0,0.868421052631579,0,1,0.2023,1,0,1,0.0,0,1,0,1.0,0.0
d33c099f-0d74-41b9-834e-6270a36cc6d5,WhatsApp,Social Media,Tsitsi Ruswa,Unknown,4,2025-11-08 12:08:24,better performance,better performance,0,2,18,0,0,0,1.0,0,0,0.4404,1,0,1,0.0,0,1,0,4.0,0.0
ab8e4e41-0949-4f68-bfd7-0e9bbb5591c3,WhatsApp,Social Media,Nazmul Hoque,Unknown,1,2025-11-08 12:08:34,I give five star review to whatsapp because my account should be ban due to some illegal activity and I happy to tell that whatsapp team can give my whatsapp back so thank you whatsapp.,i give five star review to whatsapp because my account should be ban due to some illegal activity and i happy to tell that whatsapp team can give my whatsapp back so thank you whatsapp.,0,35,185,0,0,0,0.8,0,1,-0.0667,1,0,1,0.0,0,1,0,1.0,0.0
bb0e4fee-1602-4766-918d-8a6704af98d9,WhatsApp,Social Media,Jesus is My Saviour,Unknown,1,2025-11-08 12:10:59,FULL OF SCAMMERS !,full of scammers !,0,4,18,0,0,3,1.0,0,0,0.0,1,0,1,0.0,0,1,0,1.0,0.0
79299a5e-0f5d-450f-ae41-7154954d3688,WhatsApp,Social Media,Rahul Sarkar,Unknown,1,2025-11-08 12:13:57,kya he bolu yrr itna gussa aya. ek friend ko video call krte he account ban ho gya🧐🧐,kya he bolu yrr itna gussa aya. ek friend ko video call krte he account ban ho gya🧐🧐,0,18,84,2,0,0,0.9444444444444444,0,1,-0.1027,1,0,1,0.0,0,1,0,1.0,0.0
25fe564b-2c01-459d-be99-3fb6f21c9b87,WhatsApp,Social Media,Bamidele Feyi,Unknown,4,2025-11-08 12:14:44,I've been trying to download this app for like 4 to 5 time and it's not installing,i've been trying to download this app for like 4 to 5 time and it's not installing,0,17,82,0,0,0,0.9411764705882353,1,1,0.3612,1,0,1,0.0,0,1,0,4.0,0.0
bc1e83c1-d284-408c-8e4d-e5ca2d6bf4c3,WhatsApp,Social Media,Hasyim As'Ari,Unknown,1,2025-11-08 12:15:59,getting ban without clear reason,getting ban without clear reason,0,5,32,0,0,0,1.0,0,0,-0.6988,1,0,1,0.0,0,1,0,1.0,0.0
31f4319a-c8b7-4318-ae85-604b8e9a623f,WhatsApp,Social Media,The Grateful,Unknown,1,2025-11-08 12:16:50,they banned my account without any reason,they banned my account without any reason,0,7,41,0,0,0,1.0,0,0,-0.4588,1,0,1,0.0,0,1,0,1.0,0.0
ef5338e7-9c2f-422f-9308-958ceb095085,WhatsApp,Social Media,Lucky lucky,Unknown,1,2025-11-08 12:22:20,No like this App,no like this app,0,4,16,0,0,0,1.0,0,1,-0.2755,1,0,1,0.0,0,1,0,1.0,0.0
28eedcb3-c6d4-4bee-99df-83541e053c5b,WhatsApp,Social Media,AMAN Kumar,Unknown,4,2025-11-08 12:23:55,Secure 🔐 chat apps,secure 🔐 chat apps,0,4,18,1,0,0,1.0,0,1,0.34,1,0,1,0.0,0,1,0,4.0,0.0
8277ef36-bfb3-4757-8d86-9ab21cb26230,WhatsApp,Social Media,Mustafa Mert,Unknown,1,2025-11-08 12:24:08,The AI changes should be OPT-IN !!!!. But there is no way of disabling that thing. I would suggest you to use Signal Messenger as it is both safer and better.,the ai changes should be opt-in !!!!. but there is no way of disabling that thing. i would suggest you to use signal messenger as it is both safer and better.,0,31,158,0,0,2,0.967741935483871,0,0,0.4153,1,0,1,0.0,0,1,0,1.0,0.0
281c17e6-f3eb-41f4-a9ec-1f06701a463c,WhatsApp,Social Media,Miriam Mirembe,Unknown,4,2025-11-08 12:25:44,I logged out of my desktop WhatsApp tried to put it back but the phone to link with the desktop. what can I do,i logged out of my desktop whatsapp tried to put it back but the phone to link with the desktop. what can i do,0,24,110,0,0,0,0.875,1,1,0.0,1,0,1,0.0,0,1,0,4.0,0.0
ab37a836-1af5-442d-bdee-3be62274a9c1,WhatsApp,Social Media,Melroy Mascarenhas,Unknown,1,2025-11-08 12:27:00,"Everytime, I think they can't fall to a new low. They surprise me. Voice chats in group getting automatically activated in groups due to gestures and now restricting me saying my usage was suspicious, hampering my professional communication. Congratulations!","everytime, i think they can't fall to a new low. they surprise me. voice chats in group getting automatically activated in groups due to gestures and now restricting me saying my usage was suspicious, hampering my professional communication. congratulations!",0,39,258,0,0,0,0.8974358974358975,0,0,-0.126,1,0,1,0.0,0,1,0,1.0,0.0
5798c596-9bd5-4dab-9b16-86328afab402,WhatsApp,Social Media,Rabiah Ravat,Unknown,1,2025-11-08 12:27:43,numbers that I add as contacts keep disappearing and become unsaved time and time again. it's been happening for months now. SORT IT OUT!!!! WOW!!!! No response on how I can sort this. EXTREMELY DISAPOINTING!!!!,numbers that i add as contacts keep disappearing and become unsaved time and time again. it's been happening for months now. sort it out!!!! wow!!!! no response on how i can sort this. extremely disapointing!!!!,2,35,211,0,0,6,0.8857142857142857,0,1,0.5815,1,0,1,0.0,0,1,1,1.0,0.0
56845536-b96c-4ac1-b20e-33d081195159,WhatsApp,Social Media,Cyprian Solomon,Unknown,1,2025-11-08 12:27:54,this app I can't use it for more than 3 days on the fourth day they say can't open due to spam ah so frustrating I hate this app,this app i can't use it for more than 3 days on the fourth day they say can't open due to spam ah so frustrating i hate this app,3,29,128,0,0,0,0.8620689655172413,0,1,-0.8643,1,0,1,0.0,0,1,0,1.0,0.0
2848a496-a777-4908-bdb1-92a0060bad52,WhatsApp,Social Media,Akshay Raaz,Unknown,1,2025-11-08 12:28:25,good aap,good aap,0,2,8,0,0,0,1.0,0,0,0.4404,1,0,1,0.0,0,2,0,1.0,0.0
afe66482-81e4-4fbc-b493-0c572b112cd1,WhatsApp,Social Media,Venkana Venkana,Unknown,1,2025-11-08 12:28:56,vanaka,vanaka,0,1,6,0,0,0,1.0,0,0,0.0,1,0,1,0.0,0,1,0,1.0,0.0
6bb1ec6d-6d61-46bd-9836-acf7dcfd1fc7,WhatsApp,Social Media,Uddika Pulle,Unknown,1,2025-11-08 12:35:46,Meka nam kisi vadakata na mokakda me vada karanneth na 😬😤😡 mekata eka tharuvak dunnath vadi,meka nam kisi vadakata na mokakda me vada karanneth na 😬😤😡 mekata eka tharuvak dunnath vadi,0,16,91,3,0,0,0.9375,0,0,-0.34,1,0,1,0.0,0,1,0,1.0,0.0
4ac59e98-d6ba-4e35-8c5f-aa1a62b569ba,WhatsApp,Social Media,Sylvie Momboy,Unknown,1,2025-11-08 12:37:06,keeps on disconnecting me out of call even though my wifi is good,keeps on disconnecting me out of call even though my wifi is good,0,13,65,0,0,0,1.0,0,0,0.4404,1,0,1,0.0,0,1,0,1.0,0.0
1a2df925-c12e-47cd-bfa3-e1ef11a00ac4,WhatsApp,Social Media,Chilaka Sneha,Unknown,1,2025-11-08 12:40:21,my wtspp account has been blocked I haven't done any thing wrong but got an email saying it's flagged wtspp is waste and doesn't look into the problem just ban and block the account very much disappointed,my wtspp account has been blocked i haven't done any thing wrong but got an email saying it's flagged wtspp is waste and doesn't look into the problem just ban and block the account very much disappointed,0,37,204,0,0,0,0.8918918918918919,0,1,-0.9755,1,0,1,0.0,0,1,0,1.0,0.0
fe6cc07d-3dd7-4838-ab68-a9de24752bee,WhatsApp,Social Media,Nazim Hashmi,Unknown,1,2025-11-08 12:44:46,my WhatsApp account is ban this equation is not mind and I mix match for please WhatsApp team and then my account,my whatsapp account is ban this equation is not mind and i mix match for please whatsapp team and then my account,0,22,113,0,0,0,0.7727272727272727,0,1,-0.3182,1,0,1,0.0,0,1,0,1.0,0.0
bc39925b-2d29-44a9-9f7f-c5eda1306454,WhatsApp,Social Media,Oguntuga Abiodun,Unknown,1,2025-11-08 12:48:37,why this app not working on my phone,why this app not working on my phone,0,8,36,0,0,0,1.0,0,1,0.0,1,0,1,0.0,0,1,0,1.0,0.0
555a889e-0935-4fe8-98fc-c4778e10124c,WhatsApp,Social Media,Sandeep Sokhal,Unknown,2,2025-11-08 12:54:39,lag experience in whatsapp chat menu in my device infinix note 50s . 2-3 minutes continuously use it starts lagging and after some time its works perfect but another 2 minutes later its start lagging again,lag experience in whatsapp chat menu in my device infinix note 50s . 2-3 minutes continuously use it starts lagging and after some time its works perfect but another 2 minutes later its start lagging again,0,36,205,0,0,0,0.8888888888888888,0,1,-0.3716,1,0,1,0.0,0,1,0,2.0,0.0
5806aaaa-3392-498b-8268-72f4ffad1c65,WhatsApp,Social Media,Tyrone Roper,Unknown,1,2025-11-08 12:54:53,someone else is in my account,someone else is in my account,0,6,29,0,0,0,1.0,0,0,0.0,1,0,1,0.0,0,1,0,1.0,0.0
443ed736-6326-4b3d-a32d-d3dace1c70c0,WhatsApp,Social Media,Kalimff,Unknown,1,2025-11-08 12:58:06,this app not open,this app not open,0,4,17,0,0,0,1.0,0,1,0.0,1,0,1,0.0,0,1,0,1.0,0.0
3069e912-7353-45f8-9d37-ce80cc7bb0f9,WhatsApp,Social Media,Dorcas emeka,Unknown,2,2025-11-08 12:59:50,First everything was good but later they log me out,first everything was good but later they log me out,0,10,51,0,0,0,1.0,0,0,0.2382,1,0,1,0.0,0,1,0,2.0,0.0
d2230ff0-8312-4fa1-8f8c-b10824bfc065,WhatsApp,Social Media,Divya Rathod,Unknown,1,2025-11-08 13:03:13,not apret this app this version is not good,not apret this app this version is not good,0,9,43,0,0,0,0.7777777777777778,0,1,-0.3412,1,0,1,0.0,0,1,0,1.0,0.0
003ed206-1b09-4cc6-9942-b3e62fe274a9,WhatsApp,Social Media,JRKing Low,Unknown,1,2025-11-08 13:03:16,I love this app is some information about the HTML5 player,i love this app is some information about the html5 player,0,11,58,0,0,1,1.0,0,1,0.6369,1,0,1,0.0,0,1,1,1.0,0.0
09ad5aee-7628-4d85-8312-9a5682604279,WhatsApp,Social Media,Prajwal Rajgure,Unknown,4,2025-11-08 13:04:29,this is nice,this is nice,0,3,12,0,0,0,1.0,0,0,0.4215,1,0,1,0.0,0,2,0,4.0,0.0
56555de8-5aa3-4c65-bc79-66141b3e8139,WhatsApp,Social Media,rohan verma,Unknown,1,2025-11-08 13:05:32,Does not work at all.,does not work at all.,0,5,21,0,0,0,1.0,0,0,0.0,1,0,1,0.0,0,1,0,1.0,0.0
02fb392c-c9ef-432a-92ed-ae329c5b84af,WhatsApp,Social Media,Manji Verengkat,Unknown,1,2025-11-08 13:05:53,My whatsApp could not open,my whatsapp could not open,0,5,26,0,0,0,1.0,0,1,0.0,1,0,1,0.0,0,1,0,1.0,0.0
8d0f5b4e-485a-49e2-9c75-3d6575db4e18,WhatsApp,Social Media,Thabang Maja,Unknown,1,2025-11-08 13:06:39,mogau maja,mogau maja,0,2,10,0,0,0,1.0,0,0,0.0,1,0,1,0.0,0,1,0,1.0,0.0
eff5fff0-30d4-44a6-a5c1-cc62653bd3aa,WhatsApp,Social Media,Sami Deju,Unknown,4,2025-11-08 13:10:33,Nice App I like it.,nice app i like it.,0,5,19,0,0,0,1.0,0,1,0.6486,1,0,1,0.0,0,1,0,4.0,0.0
b2ac8075-8e58-4165-849e-206e338ba863,WhatsApp,Social Media,Samaresh Pal,Unknown,2,2025-11-08 13:10:45,very good,very good,0,2,9,0,0,0,1.0,0,0,0.4927,1,0,1,0.0,0,7,0,2.0,0.0
81046ce6-0440-4243-9f42-1afadb0c29e1,WhatsApp,Social Media,rashid shah,Unknown,1,2025-11-08 13:12:08,account blocked,account blocked,0,2,15,0,0,0,1.0,0,0,-0.2732,1,0,1,0.0,0,1,0,1.0,0.0
eff728f4-7d66-43c0-acad-14b12a210e61,WhatsApp,Social Media,Sarath Aj,Unknown,1,2025-11-08 13:13:23,"suddenly my whatsapp is showing this account no longer available due to spam, i hadn't done anything against whatsapp policies or did anything which is considered as spam","suddenly my whatsapp is showing this account no longer available due to spam, i hadn't done anything against whatsapp policies or did anything which is considered as spam",0,28,170,0,0,0,0.8928571428571429,0,1,-0.7351,1,0,1,0.0,0,1,0,1.0,0.0
c76a93a1-4224-4ed2-8179-f44b2dee4062,WhatsApp,Social Media,Missmalti Missmalti,Unknown,1,2025-11-08 13:13:28,previous version better than new version app,previous version better than new version app,0,7,44,0,0,0,0.8571428571428571,0,1,0.4404,1,0,1,0.0,0,1,0,1.0,0.0
544be401-d65e-4c46-a8bb-77f1922873bc,WhatsApp,Social Media,Mohsen Kh,Unknown,1,2025-11-08 13:13:43,you can't compare telegram with WhatsApp really the telegram is the 1st communications app in the world,you can't compare telegram with whatsapp really the telegram is the 1st communications app in the world,0,17,103,0,0,0,0.8235294117647058,0,1,0.0,1,0,1,0.0,0,1,0,1.0,0.0
b6e0df77-cca8-40de-acf1-ced1e03af415,WhatsApp,Social Media,kunal sharma (Gunni),Unknown,1,2025-11-08 13:15:05,why my WhatsApp account blocked again and again I complaint you please check tha problem and solve or satart my WhatsApp now,why my whatsapp account blocked again and again i complaint you please check tha problem and solve or satart my whatsapp now,0,22,124,0,0,0,0.8181818181818182,0,1,-0.4404,1,0,1,0.0,0,1,0,1.0,0.0
7b12d73c-5da4-41ed-9f37-9d2f991f2961,WhatsApp,Social Media,Cold Ice,Unknown,1,2025-11-08 13:16:24,it erased whole data from my gallery . it's present in WhatsApp but eradicated from my gallery,it erased whole data from my gallery . it's present in whatsapp but eradicated from my gallery,0,17,94,0,0,0,0.8235294117647058,0,1,0.0,1,0,1,0.0,0,1,0,1.0,0.0
5469fdfb-ede0-42b0-b407-4ce029408d34,WhatsApp,Social Media,Samraz,Unknown,4,2025-11-08 13:16:41,in the view once media we reciver is not able to take screenshots of that but from others phone they are able too .. if that option also gets invisible 🫥 than the meaning of privacy comes truly appreciative,in the view once media we reciver is not able to take screenshots of that but from others phone they are able too .. if that option also gets invisible 🫥 than the meaning of privacy comes truly appreciative,0,39,206,1,0,0,0.8974358974358975,0,1,0.8674,1,0,1,0.0,0,1,0,4.0,0.0
8bb4ca14-16ea-487a-bf86-653f9dc8cec9,WhatsApp,Social Media,Rosemary Ndunduma,Unknown,4,2025-11-08 13:17:43,The app is not that bad.,the app is not that bad.,0,6,24,0,0,0,1.0,0,1,0.431,1,0,1,0.0,0,1,0,4.0,0.0
230493c9-34a0-48e6-9577-9c9462151769,WhatsApp,Social Media,Faustina Agyare,Unknown,1,2025-11-08 13:19:26,"Those who designed this app, motwaasidi🙏🙏🙏","those who designed this app, motwaasidi🙏🙏🙏",0,6,42,3,0,0,1.0,0,1,0.0,1,0,1,0.0,0,1,0,1.0,0.0
462019c5-dc4e-4a03-8bfe-4682cd0d48e9,WhatsApp,Social Media,Glenn Senarlo,Unknown,1,2025-11-08 13:20:08,can't Dow in my cellphone,can't dow in my cellphone,0,5,25,0,0,0,1.0,0,0,0.0,1,0,1,0.0,0,1,0,1.0,0.0
3b376b57-eed7-47c1-b007-f2c840b0074f,WhatsApp,Social Media,Natali Marin,Unknown,1,2025-11-08 13:21:09,"all the videos are received centered cut off) recorded full screen, why??","all the videos are received centered cut off) recorded full screen, why??",0,12,73,0,0,0,1.0,0,0,-0.3527,1,0,1,0.0,0,1,0,1.0,0.0
5ce605f7-0803-458a-bd4f-b98b6b164e92,WhatsApp,Social Media,Hendriator Makama,Unknown,4,2025-11-08 13:23:19,it's a very good app but when you put pictures on your status they be blurry,it's a very good app but when you put pictures on your status they be blurry,0,16,76,0,0,0,1.0,0,1,0.1272,1,0,1,0.0,0,1,0,4.0,0.0
832fe9db-c5a4-4148-b7a7-5371bda9de1d,WhatsApp,Social Media,Eman Aziz Sobh,Unknown,1,2025-11-08 13:24:00,dont open,dont open,0,2,9,0,0,0,1.0,0,0,0.0,1,0,1,0.0,0,1,0,1.0,0.0
0234f353-caad-496a-b21f-038c50938379,WhatsApp,Social Media,Thabo Rampai,Unknown,1,2025-11-08 13:27:53,the quality of the videos are not satisfying,the quality of the videos are not satisfying,1,8,44,0,0,0,0.875,0,0,-0.357,1,0,1,0.0,0,1,0,1.0,0.0
8efa188a-0fc5-4313-b12b-9094aa08e116,WhatsApp,Social Media,Kuppan Kuppan,Unknown,4,2025-11-08 13:32:02,good lm,good lm,1,2,7,0,0,0,1.0,0,0,0.4404,1,0,1,0.0,0,1,0,4.0,0.0
97038269-1088-4cee-941a-c0db0fca1d62,WhatsApp,Social Media,Mohammad Chokshi,Unknown,1,2025-11-08 13:32:23,I don't do anything but whatsapp banned 🚫 Me and not giving any reason What should I do,i don't do anything but whatsapp banned 🚫 me and not giving any reason what should i do,2,18,87,1,0,0,0.8888888888888888,0,1,-0.7618,1,0,1,0.0,0,1,0,1.0,0.0
0b68f140-e0a1-4165-aeb0-5f7efdad2858,WhatsApp,Social Media,Kamal Krisna Wiwekananda,Unknown,2,2025-11-08 13:36:38,Kenapa akun saya terdeteksi spam? Padahal saya hanya menggunakan WhatsApp untuk pekerjaan saya saja,kenapa akun saya terdeteksi spam? padahal saya hanya menggunakan whatsapp untuk pekerjaan saya saja,2,14,99,0,0,0,0.8571428571428571,0,1,-0.3612,1,0,1,0.0,0,1,0,2.0,0.0
b2e86a0a-8c42-4b47-8295-1fc61369587b,WhatsApp,Social Media,Venkateswarlu Mandava,Unknown,1,2025-11-08 13:36:40,very poor service,very poor service,1,3,17,0,0,0,1.0,0,0,-0.5256,1,0,1,0.0,0,1,0,1.0,0.0
dfb12eb5-460b-481a-ade1-704fde06bbd9,WhatsApp,Social Media,Arad Ahani,Unknown,1,2025-11-08 13:39:43,it says you have downloaded the unofficial app within me downloading it from here,it says you have downloaded the unofficial app within me downloading it from here,1,14,81,0,0,0,0.9285714285714286,1,1,0.0,1,0,1,0.0,0,1,0,1.0,0.0
4ef287b0-259e-4a84-8038-9764e3edb9da,WhatsApp,Social Media,KOMAL DHAYAL,Unknown,1,2025-11-08 13:41:41,bed chlu,bed chlu,0,2,8,0,0,0,1.0,0,0,0.0,1,0,1,0.0,0,1,0,1.0,0.0
bb9e89c6-4c39-4ee9-b22b-3a3850a8e4d2,WhatsApp,Social Media,Ghazanfar Ali Gaxnavi,Unknown,1,2025-11-08 13:42:05,what I should do my account has been suspended,what i should do my account has been suspended,1,9,46,0,0,0,1.0,0,0,-0.4767,1,0,1,0.0,0,1,0,1.0,0.0
a7806a1e-16db-4966-8844-507e41c74bbd,WhatsApp,Social Media,Manpreet Kaur,Unknown,2,2025-11-08 13:43:00,i can't get my msg even my net is on I am facing this msg too much,i can't get my msg even my net is on i am facing this msg too much,1,17,66,0,0,0,0.8235294117647058,0,0,0.0,1,0,1,0.0,0,1,0,2.0,0.0
15c3736f-6cda-487c-ad20-60c9a9ad5aab,WhatsApp,Social Media,Reena Verma7376,Unknown,4,2025-11-08 13:43:53,very good,very good,1,2,9,0,0,0,1.0,0,0,0.4927,1,0,1,0.0,0,7,0,4.0,0.0
96576574-01d2-4073-8b77-cb92a48d8020,WhatsApp,Social Media,Ali Kamran,Unknown,1,2025-11-08 13:44:09,ok app,ok app,1,2,6,0,0,0,1.0,0,1,0.296,1,0,1,0.0,0,2,0,1.0,0.0
f8ed50a3-748f-4ae5-a7a9-1741078e37d2,WhatsApp,Social Media,Blu (Blu),Unknown,4,2025-11-08 13:46:13,it's pretty aight.,it's pretty aight.,0,3,18,0,0,0,1.0,0,0,0.4939,1,0,1,0.0,0,1,0,4.0,0.0
786e0c9e-f828-44c5-8794-a1598373ce66,WhatsApp,Social Media,Mohammad Bilal,Unknown,1,2025-11-08 13:50:02,WhatsApp ban nhi rha ha OTP nhi aa raha ha pata nhi kyo,whatsapp ban nhi rha ha otp nhi aa raha ha pata nhi kyo,0,13,55,0,0,1,0.7692307692307693,0,1,0.0516,1,0,1,0.0,0,1,0,1.0,0.0
e44283c2-7ee9-4ca0-bacc-ace877cf0d3d,WhatsApp,Social Media,Praise Sani,Unknown,1,2025-11-08 13:50:34,you guys keep banning my account fof no reason please check what's wrong with you system It's frustrating me and you guys aren't doing anything about it when I message,you guys keep banning my account fof no reason please check what's wrong with you system it's frustrating me and you guys aren't doing anything about it when i message,1,30,167,0,0,0,0.9,0,0,-0.8467,1,0,1,0.0,0,1,0,1.0,0.0
fe53a285-e820-4691-85dc-c0221896e741,WhatsApp,Social Media,Kang Chao,Unknown,2,2025-11-08 13:52:30,"When ever I log in, after one day a message appears that you have been logged out of whatsApp.","when ever i log in, after one day a message appears that you have been logged out of whatsapp.",0,19,94,0,0,0,1.0,0,1,0.0,1,0,1,0.0,0,1,0,2.0,0.0
1d7519bf-61c1-4611-9c92-ec499f7ef2c1,WhatsApp,Social Media,bhojraj mewada mewada,Unknown,2,2025-11-08 13:53:57,my whatsapp account not open,my whatsapp account not open,0,5,28,0,0,0,1.0,0,1,0.0,1,0,1,0.0,0,1,0,2.0,0.0
ffdc5aa5-eb71-4eef-96ac-b51397e1b68e,WhatsApp,Social Media,Mietjie Visagie,Unknown,1,2025-11-08 13:54:49,this isn't working out well 😕,this isn't working out well 😕,0,6,29,1,0,0,1.0,0,0,-0.4791,1,0,1,0.0,0,1,0,1.0,0.0
8997d0bf-1d86-4d46-8d5d-beaf8b0ec562,WhatsApp,Social Media,Ashwani kumar,Unknown,1,2025-11-08 13:56:04,This is a very useless app. My WhatsApp has been blocked for the last 2 months but till now my WhatsApp has not opened even after mailing the support many times.,this is a very useless app. my whatsapp has been blocked for the last 2 months but till now my whatsapp has not opened even after mailing the support many times.,0,31,161,0,0,0,0.8709677419354839,0,1,0.2391,1,0,1,0.0,0,1,0,1.0,0.0
b93bf135-3013-4554-b004-7503efa77b57,WhatsApp,Social Media,Asad Ali,Unknown,1,2025-11-08 14:00:34,I can't reversed my code from UK,i can't reversed my code from uk,0,7,32,0,0,1,1.0,0,0,0.0,1,0,1,0.0,0,1,0,1.0,0.0
64cd32c8-41bc-4901-9c63-29cbc2e10aa0,WhatsApp,Social Media,Benson Polycarp,Unknown,4,2025-11-08 14:13:28,why can't I log into my account?,why can't i log into my account?,0,7,32,0,0,0,1.0,0,0,0.0,1,0,1,0.0,0,1,0,4.0,0.0
566c2af6-6956-4d70-bdc8-f75565c3c4e3,WhatsApp,Social Media,gurdas hassija,Unknown,4,2025-11-08 14:16:31,4.5 stars,4.5 stars,0,2,9,0,0,0,1.0,0,0,0.0,1,0,1,0.0,0,1,0,4.0,0.0
e7e1f925-9ec9-479a-a3c2-dfac7bb77a2e,WhatsApp,Social Media,Avineesh Kumar,Unknown,1,2025-11-08 14:18:13,avnish kumar,avnish kumar,0,2,12,0,0,0,1.0,0,0,0.0,1,0,1,0.0,0,1,0,1.0,0.0
75b2376c-1894-4889-b13f-c06e5d2a4153,WhatsApp,Social Media,Wilma Lg Padul,Unknown,1,2025-11-08 14:20:20,Did not recieve any code send by Facebook. Did not respond to any of my report,did not recieve any code send by facebook. did not respond to any of my report,0,16,78,0,0,0,0.8125,0,0,0.0,1,0,1,0.0,0,1,0,1.0,0.0
b55a166a-7636-4804-8560-c1c571c20e58,WhatsApp,Social Media,Bhakti Parmar,Unknown,1,2025-11-08 14:25:45,wort after updating recently. No new contacts are showing like saved,wort after updating recently. no new contacts are showing like saved,0,11,68,0,0,0,1.0,0,0,0.4767,1,0,1,0.0,0,1,0,1.0,0.0
2414d758-cf8e-4a5b-91d3-6b1868027bfd,WhatsApp,Social Media,dontwanna giveumyname,Unknown,4,2025-11-08 14:27:57,It's improved over the years.,it's improved over the years.,1,5,29,0,0,0,1.0,0,0,0.4767,1,0,1,0.0,0,1,0,4.0,0.0
dd29d9aa-14cd-4476-a895-b5b11b8ad05b,WhatsApp,Social Media,Maruf Munna,Unknown,2,2025-11-08 14:29:06,hoga marar app code asa na bal,hoga marar app code asa na bal,0,7,30,0,0,0,1.0,0,1,0.0,1,0,1,0.0,0,1,0,2.0,0.0
73626029-0fae-4311-911c-adcdfa73c781,WhatsApp,Social Media,Tsuri123 Godley,Unknown,1,2025-11-08 14:31:00,I was flagged as Spam randomly as I was trying to write a message and now my app doesn't work. I need this app to function in my place of work. no warning nothing absolutely disconnected,i was flagged as spam randomly as i was trying to write a message and now my app doesn't work. i need this app to function in my place of work. no warning nothing absolutely disconnected,0,36,186,0,0,0,0.7777777777777778,0,1,-0.119,1,0,1,0.0,0,1,0,1.0,0.0
f5d44fa9-f84f-48e0-b953-bfb5a3f0c3f6,WhatsApp,Social Media,Venkat Venkat,Unknown,1,2025-11-08 14:39:21,sir my whatsapp is banned.... i requested for review but still my number is in the ban list. it's very important to me sir can you unban my whatsapp number.. it's been already 2 months please sir try to understand,sir my whatsapp is banned.... i requested for review but still my number is in the ban list. it's very important to me sir can you unban my whatsapp number.. it's been already 2 months please sir try to understand,0,40,213,0,0,0,0.8,0,1,-0.1054,1,0,1,0.0,0,1,0,1.0,0.0
be8f9411-4aee-4d5e-b6cc-cd0e6595d8a7,WhatsApp,Social Media,Reynarda Linggayo Edao,Unknown,4,2025-11-08 14:39:48,satisfactory,satisfactory,0,1,12,0,0,0,1.0,0,0,0.3612,1,0,1,0.0,0,1,0,4.0,0.0
c7ddeb9a-301a-419f-8b6e-56dcfa42f0c9,WhatsApp,Social Media,Gimhani Chathurika,Unknown,2,2025-11-08 14:40:24,This app is valuable to chat with people,this app is valuable to chat with people,0,8,40,0,0,0,1.0,0,1,0.4767,1,0,1,0.0,0,1,0,2.0,0.0
c10e4964-de2c-42f5-a7e3-5238d7bd2f0d,WhatsApp,Social Media,Lynotte Cruickshank,Unknown,1,2025-11-08 14:42:49,have been trying for several hours to sync my contacts,have been trying for several hours to sync my contacts,0,10,54,0,0,0,1.0,0,0,0.0,1,0,1,0.0,0,1,0,1.0,0.0
0dc86af9-52b9-4dac-b794-f22136d005a6,WhatsApp,Social Media,Champak,Unknown,1,2025-11-08 14:43:33,wonderful,wonderful,0,1,9,0,0,0,1.0,0,0,0.5719,1,0,1,0.0,0,2,1,1.0,0.0
0c53f5c1-f2df-49b2-9f9e-8b078f82f6aa,WhatsApp,Social Media,pankaj patel,Unknown,1,2025-11-08 14:46:31,old is better,old is better,0,3,13,0,0,0,1.0,0,0,0.4404,1,0,1,0.0,0,1,0,1.0,0.0
0da5dc06-2fe3-4bff-9e19-d05675f87e18,WhatsApp,Social Media,Satranjan Kumar,Unknown,1,2025-11-08 14:49:59,Good for messaging but all the companies adds are coming even I Blocked them,good for messaging but all the companies adds are coming even i blocked them,0,14,76,0,0,0,1.0,0,0,-0.1779,1,0,1,0.0,0,1,0,1.0,0.0
2fe45a0f-a6fb-44b5-814b-188d8ee4fb95,WhatsApp,Social Media,anneke young,Unknown,1,2025-11-08 14:50:23,hi . whats app just blocked my account as spam for no reason. please fix it.,hi . whats app just blocked my account as spam for no reason. please fix it.,0,16,76,0,0,0,1.0,0,1,-0.7758,1,0,1,0.0,0,1,0,1.0,0.0
e2a8d62c-fe9f-44f3-b417-8bc3bb95a22f,WhatsApp,Social Media,Likitha Cholkar,Unknown,1,2025-11-08 14:52:48,"whatsapp not working properly while preparing song, not even one song playing for sample view","whatsapp not working properly while preparing song, not even one song playing for sample view",0,15,93,0,0,0,0.9333333333333333,0,1,0.2023,1,0,1,0.0,0,1,0,1.0,0.0
d9339d41-084f-464d-ba25-9b3a8ec5981f,WhatsApp,Social Media,Vidyanand Das,Unknown,1,2025-11-08 14:52:59,WhatsApp my WhatsApp number is ban please unban my number,whatsapp my whatsapp number is ban please unban my number,0,10,57,0,0,0,0.7,0,1,-0.1779,1,0,1,0.0,0,1,0,1.0,0.0
617469a1-212e-4c89-bd16-4d825b6783ef,WhatsApp,Social Media,Ketan Shinde,Unknown,1,2025-11-08 14:53:40,Search option is not available after new what's app update. I tried with clear data and reinstall still search option is not available.,search option is not available after new what's app update. i tried with clear data and reinstall still search option is not available.,0,23,135,0,0,0,0.8260869565217391,1,1,0.3818,1,0,1,0.0,0,1,0,1.0,0.0
708d9c9d-4f5d-4fa5-b777-b9e070d06518,WhatsApp,Social Media,Saikat,Unknown,1,2025-11-08 14:55:44,So many useless distractions inside the app.,so many useless distractions inside the app.,7,7,44,0,0,0,1.0,0,1,-0.6533,1,0,1,0.0,0,1,0,1.0,0.0
55af389a-8f82-4991-b46d-753a8e17acce,WhatsApp,Social Media,Jere nish,Unknown,2,2025-11-08 14:56:00,"why does my whatsApp account getting spamed and it is 4th time, will you give me an answer","why does my whatsapp account getting spamed and it is 4th time, will you give me an answer",0,18,90,0,0,0,1.0,0,1,0.0,1,0,1,0.0,0,1,0,2.0,0.0
9dcb8705-6bb2-4e80-86e2-68fe2d64b0d6,WhatsApp,Social Media,Wali Mohammad,Unknown,1,2025-11-08 14:57:03,i goro my account,i goro my account,0,4,17,0,0,0,1.0,0,0,0.0,1,0,1,0.0,0,1,0,1.0,0.0
b9eb382f-43ce-45cf-8d11-dcea4ef561a5,WhatsApp,Social Media,Tulsi Kumar,Unknown,1,2025-11-08 14:58:05,ghatiya WhatsApp,ghatiya whatsapp,1,2,16,0,0,0,1.0,0,1,0.0,1,0,1,0.0,0,1,0,1.0,0.0
9732ad11-f88d-4085-93e4-5efbe8ed8478,WhatsApp,Social Media,Youvaan Voolla,Unknown,1,2025-11-08 14:59:57,"whatsapp is banned to my number, no help .....","whatsapp is banned to my number, no help .....",0,9,46,0,0,0,1.0,0,1,-0.607,1,0,1,0.0,0,1,0,1.0,0.0
c078c676-67a0-42b2-8d72-975dea2cb70d,WhatsApp,Social Media,Okeareafor Chioma,Unknown,4,2025-11-08 15:00:44,the best messaging app I've used.....thumbs up👍👍👍,the best messaging app i've used.....thumbs up👍👍👍,0,7,49,3,0,0,1.0,0,1,0.6369,1,0,1,0.0,0,1,0,4.0,0.0
672d9a22-a097-411c-889c-3a047c6e1407,WhatsApp,Social Media,Musfirah Shazadi Mus,Unknown,1,2025-11-08 15:06:31,I have problem in sending OTPcode,i have problem in sending otpcode,0,6,33,0,0,0,1.0,0,0,-0.4019,1,0,1,0.0,0,1,0,1.0,0.0
9ddff02f-2419-4743-9cbc-95851c0a4201,WhatsApp,Social Media,Rakesh Kumar kanu Kanu,Unknown,3,2025-11-08 15:08:42,Har har Mahadev,har har mahadev,0,3,15,0,0,0,0.6666666666666666,0,0,0.0,1,0,1,0.0,0,1,0,3.0,0.0
c67b11f0-dbea-4dbe-99e1-895934b7b41d,WhatsApp,Social Media,Nouman Khan,Unknown,1,2025-11-08 15:14:42,"I had linked another account. when i logged out that new account. it removed all my data from the old account. now i have the old account, with no media attached. although, chats are available.","i had linked another account. when i logged out that new account. it removed all my data from the old account. now i have the old account, with no media attached. although, chats are available.",1,35,193,0,0,0,0.8285714285714286,1,0,-0.296,1,0,1,0.0,0,1,0,1.0,0.0
ab8b451e-0912-4878-83c7-72d15bfdad75,WhatsApp,Social Media,Umar Dar,Unknown,3,2025-11-08 15:17:07,5 star tab duga jab download features dou gay achay walay,5 star tab duga jab download features dou gay achay walay,0,11,57,0,0,0,1.0,1,1,0.0,1,0,1,0.0,0,1,0,3.0,0.0
bb9504ee-bfb1-47e9-9977-05d5dfa7180b,WhatsApp,Social Media,Veera Virat,Unknown,4,2025-11-08 15:19:23,super,super,0,1,5,0,0,0,1.0,0,0,0.5994,1,0,1,0.0,0,4,0,4.0,0.0
0f670dbb-99aa-4f03-967d-9cb9a0b15552,WhatsApp,Social Media,Christ aeron lee Aeron,Unknown,2,2025-11-08 15:21:24,apa masalah whatsap ni arh makin update makin teruk kita nak pin num ja pun dia buka pin balik tolong di perbetulkan,apa masalah whatsap ni arh makin update makin teruk kita nak pin num ja pun dia buka pin balik tolong di perbetulkan,10,22,116,0,0,0,0.9090909090909091,0,0,0.0,1,0,1,0.0,0,1,0,2.0,0.0
ccc9373e-a637-459d-b56c-ecdcf6c053ea,WhatsApp,Social Media,Akash Kumar,Unknown,1,2025-11-08 15:23:04,other apps provide video call zooming facility but what's app not🥲,other apps provide video call zooming facility but what's app not🥲,0,11,66,1,0,0,1.0,0,1,0.0,1,0,1,0.0,0,1,0,1.0,0.0
c48893e8-de85-4fce-ad38-6c8edc344bc2,WhatsApp,Social Media,Hamza Elkhayat,Unknown,1,2025-11-08 15:23:30,I have never seen a worse AI than meta,i have never seen a worse ai than meta,0,9,38,0,0,1,1.0,0,0,0.3724,1,0,1,0.0,0,1,0,1.0,0.0
4564f273-9672-4b15-9523-18269e72fbb5,WhatsApp,Social Media,Sarwat Riaz,Unknown,1,2025-11-08 15:24:11,no my type,no my type,0,3,10,0,0,0,1.0,0,0,-0.296,1,0,1,0.0,0,1,0,1.0,0.0
1ec1d720-83d9-49a1-9883-e410c8ed4044,WhatsApp,Social Media,Jabon Robert,Unknown,1,2025-11-08 15:24:21,back up Whatsapp chat,back up whatsapp chat,0,4,21,0,0,0,1.0,0,1,0.0,1,0,1,0.0,0,1,0,1.0,0.0
108453ea-8a0a-4ce8-9d54-7272e9c27c28,WhatsApp,Social Media,Nisar Modak,Unknown,1,2025-11-08 15:26:22,"just got blocked by whatsapp, it says my account is spam, need help guys. what is the matter with whatsapp.","just got blocked by whatsapp, it says my account is spam, need help guys. what is the matter with whatsapp.",0,20,107,0,0,0,0.95,0,1,-0.2023,1,0,1,0.0,0,1,0,1.0,0.0
6efc913e-c942-452d-be87-eea76b2eed7d,WhatsApp,Social Media,Kwabena Nyamekye,Unknown,3,2025-11-08 15:26:54,good💯💯💯,good💯💯💯,0,1,7,3,0,0,1.0,0,0,0.4404,1,0,1,0.0,0,1,0,3.0,0.0
f89e4c27-ff93-48a0-b9fd-c259c2447896,WhatsApp,Social Media,Dorcas Nwaigwe,Unknown,4,2025-11-08 15:27:33,"I can't see my WhatsApp again, what can I do now","i can't see my whatsapp again, what can i do now",0,11,48,0,0,0,0.9090909090909091,0,1,0.0,1,0,1,0.0,0,1,0,4.0,0.0
9daddbc6-9b33-4076-8141-bd017bc021ff,WhatsApp,Social Media,Monowara Begum,Unknown,4,2025-11-08 15:29:21,its a good app,its a good app,0,4,14,0,0,0,1.0,0,1,0.4404,1,0,1,0.0,0,1,0,4.0,0.0
3ac43284-6f64-4a68-a2b4-d98c50ece7d4,WhatsApp,Social Media,ddnl kim,Unknown,1,2025-11-08 15:32:42,end by itself and also sometimes i cant call a person and keep declined,end by itself and also sometimes i cant call a person and keep declined,0,14,71,0,0,0,0.9285714285714286,0,0,0.0,1,0,1,0.0,0,1,0,1.0,0.0
5ce15acd-f6f6-4614-a4c3-6a3392a55758,WhatsApp,Social Media,Chinyere,Unknown,2,2025-11-08 15:37:47,"My whatsapp has stop working for months without any notification, or what really happened","my whatsapp has stop working for months without any notification, or what really happened",1,14,89,0,0,0,1.0,0,1,-0.296,1,0,1,0.0,0,1,0,2.0,0.0
0d61747a-f147-4231-8b27-edb9ac4ca8d2,WhatsApp,Social Media,Devasenashripriya,Unknown,1,2025-11-08 15:39:12,worst app when I have the number in same phone it ask for another phone verification,worst app when i have the number in same phone it ask for another phone verification,0,16,84,0,0,0,0.9375,0,1,-0.5859,1,0,1,0.0,0,1,0,1.0,0.0
8cbcbee3-b3b6-4f71-acc8-84b9d5e05df1,WhatsApp,Social Media,TEJAS MEHAKAR,Unknown,1,2025-11-08 15:39:38,Don't Work,don't work,0,2,10,0,0,0,1.0,0,0,0.0,1,0,1,0.0,0,1,0,1.0,0.0
f874a5e6-42af-40b8-a49a-5e412168d8fe,WhatsApp,Social Media,Adeleke Victor,Unknown,1,2025-11-08 15:45:35,I want to restore my WhatsApp help me to restore it,i want to restore my whatsapp help me to restore it,0,11,51,0,0,0,0.8181818181818182,0,1,0.7506,1,0,1,0.0,0,1,1,1.0,0.0
63dfb8e1-a752-464d-906c-591bafb650cf,WhatsApp,Social Media,Timothy Takenouchi,Unknown,1,2025-11-08 15:48:26,still no cantonese transcript. iphone has it for ages.,still no cantonese transcript. iphone has it for ages.,0,9,54,0,0,0,1.0,0,0,-0.296,1,0,1,0.0,0,1,0,1.0,0.0
8bfe8168-1795-46ad-b8d3-4e594ad909f9,WhatsApp,Social Media,tone boy,Unknown,4,2025-11-08 15:51:33,I love this WhatsApp,i love this whatsapp,0,4,20,0,0,0,1.0,0,1,0.6369,1,0,1,0.0,0,1,0,4.0,0.0
a73fcd1b-3cc6-42a3-aa72-7998e5a83845,WhatsApp,Social Media,Muhd Izuddin,Unknown,1,2025-11-08 15:52:24,"When I want to update status with video/picture, my emoji keyboard will disappear.","when i want to update status with video/picture, my emoji keyboard will disappear.",0,13,82,0,0,0,1.0,0,1,-0.1531,1,0,1,0.0,0,1,0,1.0,0.0
e2009264-b77f-47c1-8851-505a89f75605,WhatsApp,Social Media,Oluwa Seyi,Unknown,1,2025-11-08 15:57:58,my account was blocked with out any offence what's app always tell me to go to official site just like that,my account was blocked with out any offence what's app always tell me to go to official site just like that,0,21,107,0,0,0,0.9523809523809523,0,1,-0.2023,1,0,1,0.0,0,1,0,1.0,0.0
449f7c07-0f3e-434e-b5a0-a641f2bbb5f6,WhatsApp,Social Media,Kiranmai Kancharla,Unknown,3,2025-11-08 15:58:14,when i am in archieve it is showing again archeive option on top if i click again it happens like a loop fix it.,when i am in archieve it is showing again archeive option on top if i click again it happens like a loop fix it.,0,24,112,0,0,0,0.875,0,1,0.5106,1,0,1,0.0,0,1,0,3.0,0.0
76f7e268-8646-49b6-9900-b79782218380,WhatsApp,Social Media,Juliet Malupande,Unknown,3,2025-11-08 15:59:22,this app is very slow at being updated,this app is very slow at being updated,0,8,38,0,0,0,1.0,0,1,0.0,1,0,1,0.0,0,1,0,3.0,0.0
bda0ec71-0c7b-44cc-867a-220b79665b15,WhatsApp,Social Media,Rajnikant Verma,Unknown,1,2025-11-08 15:59:44,My old phone me use nahi kar pa rha hu jabki mera phone update hai aur WhatsApp bhi Maine update kara hua hai,my old phone me use nahi kar pa rha hu jabki mera phone update hai aur whatsapp bhi maine update kara hua hai,0,23,109,0,0,0,0.8695652173913043,0,1,0.0,1,0,1,0.0,0,1,0,1.0,0.0
f3d94557-2f75-451d-9a12-c79ccbeff8f0,WhatsApp,Social Media,Muzamel Kirmani,Unknown,3,2025-11-08 15:59:46,please login to WhatsApp account 🙏🙏🙏,please login to whatsapp account 🙏🙏🙏,0,6,36,3,0,0,1.0,0,1,0.3182,1,0,1,0.0,0,1,0,3.0,0.0
577b5fda-e44f-4d9b-96e2-5d7f61e46c4a,WhatsApp,Social Media,Vivek G,Unknown,1,2025-11-08 16:02:53,banned my acc for no valid reason..,banned my acc for no valid reason..,0,7,35,0,0,0,1.0,0,0,-0.6369,1,0,1,0.0,0,1,0,1.0,0.0
d6696740-951b-4feb-969f-d58260b959f3,WhatsApp,Social Media,Rajesh Sahu,Unknown,3,2025-11-08 16:02:57,बेस्ट,बेस्ट,0,1,5,0,0,0,1.0,0,0,0.0,1,0,1,0.0,0,1,0,3.0,0.0
a0209313-d467-47c7-ba72-f1eeddf4752b,WhatsApp,Social Media,Suman Roy,Unknown,4,2025-11-08 16:03:26,Thank you,thank you,0,2,9,0,0,0,1.0,0,0,0.3612,1,0,1,0.0,0,4,0,4.0,0.0
9b7dfcc3-a575-4ff5-b98b-155ac1b421b7,WhatsApp,Social Media,MANISH RAWAT,Unknown,1,2025-11-08 16:05:19,My WhatsApp was banned in the morning. After that I had put a request for the restore. The verification code is not being received after the account is restored.,my whatsapp was banned in the morning. after that i had put a request for the restore. the verification code is not being received after the account is restored.,0,29,161,0,0,0,0.8275862068965517,0,1,0.1531,1,0,1,0.0,0,1,0,1.0,0.0
630eb00a-bec7-4662-a727-416c1866399b,WhatsApp,Social Media,Rayyan Shaikh,Unknown,1,2025-11-08 16:05:36,"Replies are a pain, waste feature please roll back. please remove this replies feature","replies are a pain, waste feature please roll back. please remove this replies feature",1,14,86,0,0,0,0.7857142857142857,0,0,-0.3612,1,0,1,0.0,0,1,0,1.0,0.0
32ce1421-057b-488c-954b-a2647e63600b,WhatsApp,Social Media,Divine Kelechi,Unknown,1,2025-11-08 16:07:57,"I would have given it a five, but I don't know why I am unable to log into my account. It keeps showing me to download an official WhatsApp","i would have given it a five, but i don't know why i am unable to log into my account. it keeps showing me to download an official whatsapp",0,29,139,0,0,0,0.8620689655172413,1,1,0.0,1,0,1,0.0,0,1,0,1.0,0.0
365e0c3c-8efd-4d8f-9cb1-4432c77ec281,WhatsApp,Social Media,Jess Mullins,Unknown,2,2025-11-08 16:09:43,not showing blue ticks when the person replies to messages or showing there online,not showing blue ticks when the person replies to messages or showing there online,0,14,82,0,0,0,0.9285714285714286,0,0,0.0,1,0,1,0.0,0,1,0,2.0,0.0
afcbcbf5-a6b9-456f-a99b-d802a17730dc,WhatsApp,Social Media,Obodai Obodai,Unknown,1,2025-11-08 16:15:02,is great,is great,0,2,8,0,0,0,1.0,0,0,0.6249,1,0,1,0.0,0,1,1,1.0,0.0
12af3406-cfda-43b1-ab26-0c3a2e11906b,WhatsApp,Social Media,Kushal Chettri,Unknown,1,2025-11-08 16:18:06,I totally hate this freaking once view please remove this unnecessary once view in this app im gradually frustrated i started hating what's app for this reason......,i totally hate this freaking once view please remove this unnecessary once view in this app im gradually frustrated i started hating what's app for this reason......,0,27,165,0,0,0,0.7407407407407407,0,1,-0.9181,1,0,1,0.0,0,1,0,1.0,0.0
0b90f3cc-59ca-4a70-9314-1db5def0821d,WhatsApp,Social Media,Martin Nikolov,Unknown,1,2025-11-08 16:18:41,unablrle to install it,unablrle to install it,0,4,22,0,0,0,1.0,1,0,0.0,1,0,1,0.0,0,1,0,1.0,0.0
04da078f-9361-485d-a123-cbea17bb76ee,WhatsApp,Social Media,ANAND KUMAR,Unknown,1,2025-11-08 16:20:07,very bad app,very bad app,0,3,12,0,0,0,1.0,0,1,-0.5849,1,0,1,0.0,0,2,0,1.0,0.0
0f008509-d91a-47bc-bebd-80adec644afc,WhatsApp,Social Media,Juliana Benjamin Surely,Unknown,3,2025-11-08 16:20:41,it is wonderful only that it likes to block and that's what I hate,it is wonderful only that it likes to block and that's what i hate,0,14,66,0,0,0,0.9285714285714286,0,0,-0.0258,1,0,1,0.0,0,1,0,3.0,0.0
705f9dd1-a923-4ac1-81f9-62bf0023633c,WhatsApp,Social Media,Gulkhan Mirha,Unknown,4,2025-11-08 16:20:46,Its a good app.easy to understand,its a good app.easy to understand,0,6,33,0,0,0,1.0,0,1,0.4404,1,0,1,0.0,0,1,0,4.0,0.0
65bf547e-66de-4b62-bcee-844954e4b890,WhatsApp,Social Media,Tomson,Unknown,1,2025-11-08 16:22:26,6 digit aadhar OTP is not receiving but receives in other UPI apps,6 digit aadhar otp is not receiving but receives in other upi apps,0,13,66,0,0,2,1.0,0,1,0.0,1,0,1,0.0,0,1,0,1.0,0.0
707ed04c-83bf-4113-827f-a4c09c2cdb92,WhatsApp,Social Media,reb,Unknown,3,2025-11-08 16:23:39,"Por favor, tirem essa limitação de 3 contatos fixados, não faz o menor sentido, e a accent color deveria mudar todo o app, não só dentro da conversa","por favor, tirem essa limitação de 3 contatos fixados, não faz o menor sentido, e a accent color deveria mudar todo o app, não só dentro da conversa",4,28,148,0,0,0,0.9285714285714286,0,1,0.4019,1,0,1,0.0,0,1,0,3.0,0.0
a037e579-c8b8-45e6-9e06-d108db9c5170,WhatsApp,Social Media,Ganesh khandagle,Unknown,4,2025-11-08 16:23:59,👍 Nice,👍 nice,0,2,6,1,0,0,1.0,0,0,0.4215,1,0,1,0.0,0,1,0,4.0,0.0
1e5d1495-852e-42f5-a3de-3241f0483e35,WhatsApp,Social Media,Aardhana Mandal,Unknown,1,2025-11-08 16:24:28,amejing,amejing,0,1,7,0,0,0,1.0,0,0,0.0,1,0,1,0.0,0,1,0,1.0,0.0
6dc5fb6b-fb03-4ffa-b98f-c7424e787f4b,WhatsApp,Social Media,Reachout Arena,Unknown,2,2025-11-08 16:25:16,"not able to send a message , pic or video .. why?","not able to send a message , pic or video .. why?",0,12,49,0,0,0,1.0,0,0,0.0,1,0,1,0.0,0,1,0,2.0,0.0
f3019423-1652-4aaa-a382-2172a0af8fc5,WhatsApp,Social Media,Masal Khan,Unknown,1,2025-11-08 16:29:29,every month update is very bad I don't like,every month update is very bad i don't like,0,9,43,0,0,0,1.0,0,0,-0.7098,1,0,1,0.0,0,1,0,1.0,0.0
63668028-7111-4f27-a5b5-6cb2e98c5dbc,WhatsApp,Social Media,rathanam r,Unknown,1,2025-11-08 16:33:57,service cut offen & offen. why?,service cut offen & offen. why?,0,6,31,0,0,0,1.0,0,0,-0.2732,1,0,1,0.0,0,1,0,1.0,0.0
2480dce2-9bac-4896-ac0b-b9a61bcb8748,WhatsApp,Social Media,Hyginus Maduka Ifeanyi,Unknown,1,2025-11-08 16:36:55,Great,great,0,1,5,0,0,0,1.0,0,0,0.6249,1,0,1,0.0,0,6,1,1.0,0.0
94f4eee4-1f9c-4940-8643-7c0d44361ba4,WhatsApp,Social Media,Prasanna Moholkar,Unknown,1,2025-11-08 16:37:11,such waste app. even app close in background when voice or video call arrived ringtone continously ringing until not taken call.,such waste app. even app close in background when voice or video call arrived ringtone continously ringing until not taken call.,1,21,128,0,0,0,1.0,0,1,-0.4215,1,0,1,0.0,0,1,0,1.0,0.0
9e202820-ad48-4c80-96b7-baf69dc47a8d,WhatsApp,Social Media,John Mathews,Unknown,1,2025-11-08 16:39:26,very much helpful,very much helpful,0,3,17,0,0,0,1.0,0,0,0.4728,1,0,1,0.0,0,1,0,1.0,0.0
cea9ff8a-5bd8-45b4-9830-6d99d2d8b4cc,WhatsApp,Social Media,Itamar Zafrani,Unknown,1,2025-11-08 16:40:23,"those bullies can block your account due to 'spam' with no explanation whatsoever, even though nothing at their spam related terms of service doesn't apply to my usage. god knows how and when they're gonna 'review' my appeal","those bullies can block your account due to 'spam' with no explanation whatsoever, even though nothing at their spam related terms of service doesn't apply to my usage. god knows how and when they're gonna 'review' my appeal",0,38,224,0,0,0,0.9473684210526315,0,1,-0.5252,1,0,1,0.0,0,1,0,1.0,0.0
15541d9c-b898-4e7c-976b-093a38d3c98c,WhatsApp,Social Media,Natasha Imran,Unknown,4,2025-11-08 16:47:52,"the custom notifications settings dont work anymore, can't really now tell who's calling till I check my phone, before it was easy by the ring tone only you could tell who's calling","the custom notifications settings dont work anymore, can't really now tell who's calling till i check my phone, before it was easy by the ring tone only you could tell who's calling",0,32,181,0,0,0,0.875,0,0,0.4404,1,0,1,0.0,0,1,0,4.0,0.0
3ac762e0-b884-48d0-bd13-e3b2ef57b10c,WhatsApp,Social Media,zaa,Unknown,1,2025-11-08 16:49:01,dah update tapi tak boleh call,dah update tapi tak boleh call,8,6,30,0,0,0,1.0,0,0,0.0,1,0,1,0.0,0,1,0,1.0,0.0
612d4589-6c3e-4db8-bbd5-70c270af78e8,WhatsApp,Social Media,Joyce Phiri,Unknown,1,2025-11-08 16:50:58,what can I do for my whatsapp account to be open,what can i do for my whatsapp account to be open,0,11,48,0,0,0,1.0,0,1,0.0,1,0,1,0.0,0,1,0,1.0,0.0
017e6a89-7d20-4814-9040-f4a5cd069cd3,WhatsApp,Social Media,Bandhan Giri,Unknown,1,2025-11-08 16:51:37,bad app hacked my number 😡,bad app hacked my number 😡,0,6,26,1,0,0,1.0,0,1,-0.7096,1,0,1,0.0,0,1,0,1.0,0.0
09b0feee-259b-4e75-9d07-c49b92895bfc,WhatsApp,Social Media,Afghan Rahmani,Unknown,2,2025-11-08 16:52:25,good app,good app,0,2,8,0,0,0,1.0,0,1,0.4404,1,0,1,0.0,0,6,0,2.0,0.0
4d333e34-ea2b-462e-a6fa-182077c3b521,WhatsApp,Social Media,Edema Henry,Unknown,1,2025-11-08 16:53:21,Why can't I access my messages on WhatsApp. I keep getting notifications on my phone but my WhatsApp keeps logging me out,why can't i access my messages on whatsapp. i keep getting notifications on my phone but my whatsapp keeps logging me out,0,22,121,0,0,0,0.8181818181818182,0,1,0.0,1,0,1,0.0,0,1,0,1.0,0.0
45ebc5de-fb9c-45f7-b1a2-1efef0ccdc3a,WhatsApp,Social Media,Sonu Kumar,Unknown,1,2025-11-08 16:56:58,Yadav,yadav,0,1,5,0,0,0,1.0,0,0,0.0,1,0,1,0.0,0,1,0,1.0,0.0
d0c0890e-a8f1-4507-ad25-e4c6f7538c37,WhatsApp,Social Media,Mamsa Mohamedy,Unknown,1,2025-11-08 17:01:28,"I used to love this app, but now I'm very disappointed with the app, my account stop working from nothing and I have to wait for 24 hours to re initiate the account and this is frequently.","i used to love this app, but now i'm very disappointed with the app, my account stop working from nothing and i have to wait for 24 hours to re initiate the account and this is frequently.",0,37,188,0,0,0,0.7837837837837838,0,1,-0.6994,1,0,1,0.0,0,1,0,1.0,0.0
b92901bf-d64a-4452-a071-0290cb303206,WhatsApp,Social Media,m0jtaba maleki,Unknown,1,2025-11-08 17:04:41,Why can't send live location from the second linked device? Learn from Telegram,why can't send live location from the second linked device? learn from telegram,1,13,79,0,0,0,0.9230769230769231,1,0,0.0,1,0,1,0.0,0,1,0,1.0,0.0
272c3932-aa6b-4d4a-a36b-59e3a7a56474,WhatsApp,Social Media,Elias Jackson,Unknown,2,2025-11-08 17:05:18,open whatsapp,open whatsapp,0,2,13,0,0,0,1.0,0,1,0.0,1,0,1,0.0,0,1,0,2.0,0.0
3e8cb7b2-cb3d-40d9-a9ef-b2be3ae015a1,WhatsApp,Social Media,Abed Khan,Unknown,1,2025-11-08 17:05:30,"Sir, OPD code is not coming on my WhatsApp and since 2 days WhatsApp is troubling me, it is not working.please help me","sir, opd code is not coming on my whatsapp and since 2 days whatsapp is troubling me, it is not working.please help me",0,23,118,0,0,1,0.8260869565217391,0,1,-0.6964,1,0,1,0.0,0,1,0,1.0,0.0
5c3b2961-d35f-4c5b-b6fb-c313b0766b27,WhatsApp,Social Media,Angel Mthembu,Unknown,1,2025-11-08 17:06:49,"why can't I unlock my locked chats ,or reply them ,the app keeps on crashing","why can't i unlock my locked chats ,or reply them ,the app keeps on crashing",0,15,76,0,0,0,1.0,0,1,0.0,1,0,1,0.0,0,1,0,1.0,0.0
8a5af806-bf74-4d4e-9387-ebf10a0c8f24,WhatsApp,Social Media,vinita ratnani,Unknown,1,2025-11-08 17:07:39,cannot install whatsapp on my phone,cannot install whatsapp on my phone,1,6,35,0,0,0,1.0,1,1,0.0,1,0,1,0.0,0,1,0,1.0,0.0
a6c94171-4155-4b20-a1eb-9f9072165791,WhatsApp,Social Media,Ritwik Halder,Unknown,1,2025-11-08 17:08:03,hello whatsapp my WhatsApp I'd is band please help me,hello whatsapp my whatsapp i'd is band please help me,0,10,53,0,0,0,0.9,0,1,0.6124,1,0,1,0.0,0,1,1,1.0,0.0
9aaf0e83-2094-46e5-a8c9-6d6a14cd9c09,WhatsApp,Social Media,Umeano Michael Okechukwu,Unknown,1,2025-11-08 17:11:40,it always appear at the top of the phone. this always cover up options of the phone operation.,it always appear at the top of the phone. this always cover up options of the phone operation.,0,18,94,0,0,0,0.7777777777777778,0,1,0.2023,1,0,1,0.0,0,1,0,1.0,0.0
1f7884c9-e19a-4d29-9d15-bf6cab780ada,WhatsApp,Social Media,Rehmat Qadeer,Unknown,4,2025-11-08 17:12:26,"Masha Allah, it is a very good app. I have been using it since 2018. It is a very good app, but I have a problem My WhatsApp has been closed for a month, please open my WhatsApp.","masha allah, it is a very good app. i have been using it since 2018. it is a very good app, but i have a problem my whatsapp has been closed for a month, please open my whatsapp.",0,38,178,0,0,0,0.6842105263157895,0,1,0.3804,1,0,1,0.0,0,1,0,4.0,0.0
d36334bf-24bf-4b1e-a8e8-85d64eb77983,WhatsApp,Social Media,hisham naef,Unknown,1,2025-11-08 17:13:03,stops responding suddenly when I enter number from contacts to send message WhatsApp stops responding and don't know why . this happened multiple times.,stops responding suddenly when i enter number from contacts to send message whatsapp stops responding and don't know why . this happened multiple times.,0,24,152,0,0,0,0.9166666666666666,0,1,-0.2263,1,0,1,0.0,0,1,0,1.0,0.0
ffe3de6c-c250-44cd-9d3a-7fdd66186a76,WhatsApp,Social Media,Luis Arias,Unknown,2,2025-11-08 17:19:41,U can't share ANYTHING RIGHT NOW YOU HAVE TO SYNC WHAT THE HELL DOES THAT MEAN????,u can't share anything right now you have to sync what the hell does that mean????,1,16,82,0,0,13,1.0,0,0,-0.815,1,0,1,0.0,0,1,0,2.0,0.0
c06f6f66-0e30-4b45-8d9e-b082c8a4d112,WhatsApp,Social Media,Leblanc Maximin,Unknown,1,2025-11-08 17:20:07,WhatsApp just shut down on my phone no explanation no problem just shut down,whatsapp just shut down on my phone no explanation no problem just shut down,0,14,76,0,0,0,0.7142857142857143,0,1,0.2373,1,0,1,0.0,0,1,0,1.0,0.0
85b6ca36-7910-426f-aff1-479777ebcb70,WhatsApp,Social Media,Sophie Hopkins,Unknown,3,2025-11-08 17:20:08,"good app overall, sometimes it lags though and wont let me send anything causing me to reinstall it.","good app overall, sometimes it lags though and wont let me send anything causing me to reinstall it.",0,18,100,0,0,0,0.9444444444444444,1,1,0.1027,1,0,1,0.0,0,1,0,3.0,0.0
826c694b-ea79-4174-a671-fe544f52154d,WhatsApp,Social Media,Omani Gulf,Unknown,1,2025-11-08 17:20:18,your is work king,your is work king,0,4,17,0,0,0,1.0,0,0,0.0,1,0,1,0.0,0,1,0,1.0,0.0
b8e1ea9a-d1de-4f31-a3c8-272ac54af1ec,WhatsApp,Social Media,Peter Bondi,Unknown,1,2025-11-08 17:23:10,blocked me for sending spam......which was my wedding invitations. ffs,blocked me for sending spam......which was my wedding invitations. ffs,0,10,70,0,0,0,1.0,0,0,-0.7096,1,0,1,0.0,0,1,0,1.0,0.0
d63d341b-da96-42cf-a48f-ac89d1dcc747,WhatsApp,Social Media,neha ali,Unknown,1,2025-11-08 17:23:56,my about is removing by itself please solve this problem and turn of duration option it's a request,my about is removing by itself please solve this problem and turn of duration option it's a request,0,18,99,0,0,0,1.0,0,0,0.1027,1,0,1,0.0,0,1,0,1.0,0.0
9ab8a29b-6700-4408-bc0a-5d0ee00f7a51,WhatsApp,Social Media,Dorica Tsvetayi,Unknown,4,2025-11-08 17:24:37,good service,good service,0,2,12,0,0,0,1.0,0,0,0.4404,1,0,1,0.0,0,1,0,4.0,0.0
16773bb6-59c1-4574-9566-ef17df87a962,WhatsApp,Social Media,Uros Dragar,Unknown,1,2025-11-08 17:25:10,why app needs my contacts??,why app needs my contacts??,1,5,27,0,0,0,1.0,0,1,0.0,1,0,1,0.0,0,1,0,1.0,0.0
55838232-e1a6-4873-8e60-09b0013e178a,WhatsApp,Social Media,Chinecherem Joseph,Unknown,1,2025-11-08 17:26:10,very poor,very poor,1,2,9,0,0,0,1.0,0,0,-0.5256,1,0,1,0.0,0,1,0,1.0,0.0
0987f0c9-0af8-402d-9bcf-b1b17171ca60,WhatsApp,Social Media,Gufraan Khan,Unknown,3,2025-11-08 17:27:09,thank you,thank you,0,2,9,0,0,0,1.0,0,0,0.3612,1,0,1,0.0,0,4,0,3.0,0.0
cbf065a1-4fef-4447-8d7c-e5ffb21cd2f0,WhatsApp,Social Media,Valentine Chukwujekwu,Unknown,1,2025-11-08 17:27:33,every time WhatsApp will be banning account why,every time whatsapp will be banning account why,0,8,47,0,0,0,1.0,0,1,0.0,1,0,1,0.0,0,1,0,1.0,0.0
4a84e6f3-6c8d-4225-bf2d-404a96fe1089,WhatsApp,Social Media,Nabakiibi Immaculate,Unknown,2,2025-11-08 17:31:08,So slow someone to help me,so slow someone to help me,0,6,26,0,0,0,1.0,0,0,0.4019,1,0,1,0.0,0,1,0,2.0,0.0
d833c903-9965-4b2f-8c8d-bfb132b5d355,WhatsApp,Social Media,Karuna Chhetri,Unknown,1,2025-11-08 17:31:24,Add QR on PC too,add qr on pc too,0,5,16,0,0,2,1.0,0,0,0.0,1,0,1,0.0,0,1,0,1.0,0.0
09c2bcd6-4803-4bbd-874e-a6525bde5d81,WhatsApp,Social Media,Ahmed Salim,Unknown,3,2025-11-08 17:34:01,It's time now Whatsapp should restrict status screen shots,it's time now whatsapp should restrict status screen shots,0,9,58,0,0,0,1.0,0,1,-0.3818,1,0,1,0.0,0,1,0,3.0,0.0
da196a6e-fe00-4d2c-824c-f5c4cb274508,WhatsApp,Social Media,Sora Shirou,Unknown,3,2025-11-08 17:34:48,"My account has been blocked and I don't know why 😭 Please help me, it's my main channel of communication.","my account has been blocked and i don't know why 😭 please help me, it's my main channel of communication.",0,20,105,1,0,0,0.95,0,0,-0.0516,1,0,1,0.0,0,1,0,3.0,0.0
54a4cab2-4402-43b9-abaa-e284aa0a34c0,WhatsApp,Social Media,"Ali, Izhar",Unknown,3,2025-11-08 17:36:29,"Status reply not sending, kindly rectify asap","status reply not sending, kindly rectify asap",0,7,45,0,0,0,1.0,0,0,-0.3875,1,0,1,0.0,0,1,0,3.0,0.0
ed905eee-3e95-47fe-b670-def3fabb207c,WhatsApp,Social Media,mani frotan,Unknown,1,2025-11-08 17:43:58,totally useless,totally useless,0,2,15,0,0,0,1.0,0,0,-0.4754,1,0,1,0.0,0,1,0,1.0,0.0
ebce6e12-bd8b-402c-aaa0-761c48215da3,WhatsApp,Social Media,Ndahura Solomon,Unknown,1,2025-11-08 17:44:11,"bogas app. trying to download but telling me I need an official app,have downloaded it 10 times buhh it's not working 😢","bogas app. trying to download but telling me i need an official app,have downloaded it 10 times buhh it's not working 😢",0,22,119,1,0,0,1.0,1,1,0.5157,1,0,1,0.0,0,1,1,1.0,0.0
c0bf3651-9c84-4adb-9c2a-c959c40eb89b,WhatsApp,Social Media,saisrinandagopal,Unknown,1,2025-11-08 17:52:03,waste experience continuously whatsapp banning without any reason,waste experience continuously whatsapp banning without any reason,0,8,65,0,0,0,1.0,0,1,-0.4215,1,0,1,0.0,0,1,0,1.0,0.0
547e4349-3aab-4450-bcd3-46a734211308,WhatsApp,Social Media,Anele Yamkela,Unknown,1,2025-11-08 17:52:48,I can't open reshare button,i can't open reshare button,0,5,27,0,0,0,1.0,0,0,0.0,1,0,1,0.0,0,1,0,1.0,0.0
96cc4ddc-f02e-4857-ab10-129aa24a51ce,WhatsApp,Social Media,Trudy Maphosa,Unknown,1,2025-11-08 17:55:49,poor I update it so many times but it doesn't want to show me the option to allow reshare,poor i update it so many times but it doesn't want to show me the option to allow reshare,0,19,89,0,0,0,0.8947368421052632,0,0,-0.0085,1,0,1,0.0,0,1,0,1.0,0.0
fa5c0604-ce60-4484-a622-7aea44d73dcd,WhatsApp,Social Media,Lilwan Musa,Unknown,1,2025-11-08 17:56:39,I went my account Back,i went my account back,0,5,22,0,0,0,1.0,0,0,0.0,1,0,1,0.0,0,1,0,1.0,0.0
f6cf6640-b7e1-4a0f-a61a-07494ac74578,WhatsApp,Social Media,Mehmood Mehmood,Unknown,4,2025-11-08 17:57:34,Sameer ali,sameer ali,0,2,10,0,0,0,1.0,0,0,0.0,1,0,1,0.0,0,1,0,4.0,0.0
9bac575b-dc88-4bdd-959b-10632c1ab6c6,WhatsApp,Social Media,Ewurama Willthia,Unknown,1,2025-11-08 17:58:09,My account has been blocked for a reason I do not know. I can't access WhatsApp with my number. Can I sue WhatsApp for logging me out of WhatsApp for a reason I do not know?,my account has been blocked for a reason i do not know. i can't access whatsapp with my number. can i sue whatsapp for logging me out of whatsapp for a reason i do not know?,0,36,173,0,0,0,0.6666666666666666,0,1,-0.2023,1,0,1,0.0,0,1,0,1.0,0.0
a69c1fd1-7aac-4085-af85-11c8c44d4eea,WhatsApp,Social Media,Vivek Sharma,Unknown,1,2025-11-08 18:03:26,must increase broadcast massage limit minimum 500 per month,must increase broadcast massage limit minimum 500 per month,0,9,59,0,0,0,1.0,0,0,0.3182,1,0,1,0.0,0,1,0,1.0,0.0
7e9518cc-4286-4bbe-afb1-6e97ecc9b5bb,WhatsApp,Social Media,Rubén José Molina Burguera,Unknown,1,2025-11-08 18:04:12,I got locked out of my WhatsApp account supposedly due to spam. I haven't sent any spam to anybody. Please reinstate my account.,i got locked out of my whatsapp account supposedly due to spam. i haven't sent any spam to anybody. please reinstate my account.,0,23,128,0,0,0,0.8695652173913043,0,1,0.2287,1,0,1,0.0,0,1,0,1.0,0.0
0fcd926c-5704-49dd-ac81-454fd6dc7b5d,WhatsApp,Social Media,Akweiwoh Cliff,Unknown,1,2025-11-08 18:05:40,Keeps saying download official WhatsApp,keeps saying download official whatsapp,0,5,39,0,0,0,1.0,1,1,0.0,1,0,1,0.0,0,1,0,1.0,0.0
ae74d667-f1ec-46fb-adca-4d40004f72f6,WhatsApp,Social Media,Mayimunah Nassaazi,Unknown,1,2025-11-08 18:07:09,Always updating I hate it,always updating i hate it,0,5,25,0,0,0,1.0,0,0,-0.5719,1,0,1,0.0,0,1,0,1.0,0.0
8eff5c07-0d43-48e1-8e53-fcbea7e9d880,WhatsApp,Social Media,Roseweb Spider,Unknown,4,2025-11-08 18:07:40,Love getting to chat with others,love getting to chat with others,0,6,32,0,0,0,1.0,0,0,0.6369,1,0,1,0.0,0,1,0,4.0,0.0
9f5dc125-7cad-4bfb-a3da-2b3fbe03d51b,WhatsApp,Social Media,Matthew Fowler,Unknown,3,2025-11-08 18:08:54,Messages are not sending after two hours also just been banned for spam for no reason.,messages are not sending after two hours also just been banned for spam for no reason.,0,16,86,0,0,0,0.9375,0,0,-0.7717,1,0,1,0.0,0,1,0,3.0,0.0
2bf3a260-571c-4d4b-88b1-d19c0a7052b3,WhatsApp,Social Media,Sonu Singh,Unknown,1,2025-11-08 18:10:52,the new duration of about is very bad it's maximum duration is one month only the old option was very good,the new duration of about is very bad it's maximum duration is one month only the old option was very good,0,21,106,0,0,0,0.8095238095238095,0,0,-0.1531,1,0,1,0.0,0,1,0,1.0,0.0
4ba59d5c-d35b-4d3e-b06e-df8986fa6cff,WhatsApp,Social Media,Basto_ the_guy_,Unknown,4,2025-11-08 18:11:51,"@WhatsApp, can you please add an option where one can separate chats and groups, please, because it doesn't look very appealing with both on one page.","@whatsapp, can you please add an option where one can separate chats and groups, please, because it doesn't look very appealing with both on one page.",86,26,150,0,0,0,0.9230769230769231,0,1,0.5574,1,0,1,0.0,0,1,0,4.0,0.0
c9ea21f5-a4a7-40d8-85d3-ce0362aefc0b,WhatsApp,Social Media,Marilyn Vickers,Unknown,1,2025-11-08 18:13:16,l DO NOT WANT TO UPDATE NOW,l do not want to update now,1,7,27,0,0,6,1.0,0,0,0.4172,1,0,1,0.0,0,1,0,1.0,0.0
ee698519-bf28-4cad-8df4-eb7b0b72c190,WhatsApp,Social Media,Salman Salman,Unknown,1,2025-11-08 18:13:29,I try lot of time not open feel upset not happy,i try lot of time not open feel upset not happy,0,11,47,0,0,0,0.9090909090909091,0,1,-0.2057,1,0,1,0.0,0,1,0,1.0,0.0
b0d48f86-6293-4084-80dd-da1e901da7cb,WhatsApp,Social Media,Sky Intu,Unknown,4,2025-11-08 18:14:40,good app,good app,0,2,8,0,0,0,1.0,0,1,0.4404,1,0,1,0.0,0,6,0,4.0,0.0
c68d43d6-9f39-48d6-8293-7c60c912938c,WhatsApp,Social Media,Ugochukwu Okonu,Unknown,3,2025-11-08 18:15:53,ma happy with dis app,ma happy with dis app,0,5,21,0,0,0,1.0,0,1,0.5719,1,0,1,0.0,0,1,0,3.0,0.0
4b44bbdc-3904-4fa7-a594-ca4a2cd5538d,WhatsApp,Social Media,Sibet Yy,Unknown,4,2025-11-08 18:16:28,my WhatsApp bio is deleting again and again please tell me how to fix it,my whatsapp bio is deleting again and again please tell me how to fix it,0,15,72,0,0,0,0.9333333333333333,0,1,0.3182,1,0,1,0.0,0,1,0,4.0,0.0
309a2314-f5b0-44fc-95db-91783894acb9,WhatsApp,Social Media,Nanono Sofia,Unknown,1,2025-11-08 18:17:07,whatsapp,whatsapp,0,1,8,0,0,0,1.0,0,1,0.0,1,0,1,0.0,0,11,0,1.0,0.0
140b22f8-4af3-44cf-83fd-c63020c7e088,WhatsApp,Social Media,Johnny x Orjj,Unknown,1,2025-11-08 18:17:45,Am having issues with my app it says I need the official whatsapp to log in how can I fix it please,am having issues with my app it says i need the official whatsapp to log in how can i fix it please,0,22,99,0,0,0,0.9090909090909091,0,1,0.3182,1,0,1,0.0,0,1,0,1.0,0.0
bdb9c4ec-354b-4430-a9b5-b20a25d4410b,WhatsApp,Social Media,Abdul ramoh,Unknown,1,2025-11-08 18:18:35,Whats app,whats app,0,2,9,0,0,0,1.0,0,1,0.0,1,0,1,0.0,0,1,0,1.0,0.0
bc234a72-67d5-4917-823c-8d5b6e5cca99,WhatsApp,Social Media,Afghan Talash,Unknown,3,2025-11-08 18:19:33,it's good 👍😊 and Whatsapp should get an AI function,it's good 👍😊 and whatsapp should get an ai function,0,10,51,2,0,1,1.0,0,1,0.836,1,0,1,0.0,0,1,0,3.0,0.0
f6758142-b89b-494f-8779-d961a6b9d78f,WhatsApp,Social Media,Kieron Cashin,Unknown,1,2025-11-08 18:19:43,After 12 years of totally normal use I was permanently banned today - apparently sharing 6 photos with a friend and my partner counts as spamming. Very unimpressed.,after 12 years of totally normal use i was permanently banned today - apparently sharing 6 photos with a friend and my partner counts as spamming. very unimpressed.,0,28,164,0,0,0,1.0,0,1,-0.4201,1,0,1,0.0,0,1,0,1.0,0.0
d9ec9918-828a-4e06-a7ce-bf8a87bd7395,WhatsApp,Social Media,Dee Moore,Unknown,1,2025-11-08 18:20:15,This app sent me upset to.amoyher person me crying .not bad. My son got this message via what's app .I want them off my mobile now.or this is a civil csse,this app sent me upset to.amoyher person me crying .not bad. my son got this message via what's app .i want them off my mobile now.or this is a civil csse,0,31,154,0,0,1,0.8387096774193549,0,1,-0.3716,1,0,1,0.0,0,1,0,1.0,0.0
ddb44689-ad9b-4d8d-9601-67ca7d606600,WhatsApp,Social Media,Hansh wambui,Unknown,1,2025-11-08 18:31:20,this app is nice🎇🎇🎇🎇🎇,this app is nice🎇🎇🎇🎇🎇,0,4,21,5,0,0,1.0,0,1,0.4215,1,0,1,0.0,0,1,0,1.0,0.0
597ecfba-f5a9-4cfe-ac89-24fa1739b55d,WhatsApp,Social Media,Aliyat Sanni,Unknown,3,2025-11-08 18:34:06,Can't back up,can't back up,0,3,13,0,0,0,1.0,0,0,0.0,1,0,1,0.0,0,1,0,3.0,0.0
36fe5ce1-837a-4cf0-baf4-a6b00b4f0200,WhatsApp,Social Media,rafeeque Makkah,Unknown,1,2025-11-08 18:35:53,No good,no good,0,2,7,0,0,0,1.0,0,0,-0.3412,1,0,1,0.0,0,1,0,1.0,0.0
40e0c99a-44b2-49d6-a68e-b4969ba96072,WhatsApp,Social Media,Pkliop,Unknown,4,2025-11-08 18:36:46,Does not want to install,does not want to install,0,5,24,0,0,0,1.0,1,0,-0.0572,1,0,1,0.0,0,1,0,4.0,0.0
fbd898fb-f3e7-4243-af24-6d70a7eac74f,WhatsApp,Social Media,Summiyah Akram,Unknown,1,2025-11-08 18:37:55,this was a good app but now it is becoming a mess n since last update it is not working well.. again the latest updates worsening,this was a good app but now it is becoming a mess n since last update it is not working well.. again the latest updates worsening,1,26,129,0,0,0,0.8846153846153846,0,1,-0.8187,1,0,1,0.0,0,1,0,1.0,0.0
c4ff7482-87f1-480f-be06-923efb0001d5,WhatsApp,Social Media,aarohi Thakkar,Unknown,1,2025-11-08 18:40:53,I try many time my contact chat unmute but I tried now that issues over of month can't unmute chat plz help me,i try many time my contact chat unmute but i tried now that issues over of month can't unmute chat plz help me,0,23,110,0,0,0,0.8695652173913043,0,0,0.4968,1,0,1,0.0,0,1,0,1.0,0.0
bc1e3987-136a-4f9e-8f17-9e1eb7a549a9,WhatsApp,Social Media,nathaniel nathan,Unknown,2,2025-11-08 18:41:50,Why my wassup not working,why my wassup not working,0,5,25,0,0,0,1.0,0,0,0.0,1,0,1,0.0,0,1,0,2.0,0.0
583bc79b-4b0a-4f6b-8561-cc8bf86d1a5e,WhatsApp,Social Media,Prathmesh,Unknown,1,2025-11-08 18:47:28,there is no any schedule message feature,there is no any schedule message feature,0,7,40,0,0,0,1.0,0,0,-0.296,1,0,1,0.0,0,1,0,1.0,0.0
fdc19d86-05bc-48ea-9b40-08f2993edf31,WhatsApp,Social Media,Orangedude,Unknown,1,2025-11-08 18:51:00,horrible ai integration on the app...👎what ever meta touches they ruin,horrible ai integration on the app...👎what ever meta touches they ruin,0,11,70,1,0,0,1.0,0,1,-0.8074,1,0,1,0.0,0,1,0,1.0,0.0
1fb4108a-b0dc-4c0d-ae0c-2e07d3a6c1d0,WhatsApp,Social Media,Esihle Phindiso,Unknown,1,2025-11-08 18:53:25,I want the share button on whtsapp,i want the share button on whtsapp,0,7,34,0,0,0,1.0,0,1,0.3612,1,0,1,0.0,0,1,0,1.0,0.0
10ac33ef-5073-4fc3-8d23-414ef556bc98,WhatsApp,Social Media,Usman Jr,Unknown,4,2025-11-08 18:53:30,So good,so good,0,2,7,0,0,0,1.0,0,0,0.4927,1,0,1,0.0,0,3,0,4.0,0.0
72cf9aa1-fef9-4fb4-bbbf-2a76c38d34f6,WhatsApp,Social Media,dhnay Murmu,Unknown,1,2025-11-08 18:54:48,nice apk,nice apk,1,2,8,0,0,0,1.0,0,0,0.4215,1,0,1,0.0,0,1,0,1.0,0.0
c6c42900-7d1f-4273-8520-31d3d7f134ce,WhatsApp,Social Media,Habiba Adamou,Unknown,4,2025-11-08 18:55:18,been there,been there,0,2,10,0,0,0,1.0,0,0,0.0,1,0,1,0.0,0,1,0,4.0,0.0
d7bbcc66-86c1-4c5b-927a-b268f548697a,WhatsApp,Social Media,Lorenc Kongoli,Unknown,1,2025-11-08 18:56:20,is not good,is not good,1,3,11,0,0,0,1.0,0,0,-0.3412,1,0,1,0.0,0,1,0,1.0,0.0
5b575352-4e2f-40ef-a1b7-8e3e35d25dca,WhatsApp,Social Media,Annamdas Laxmi,Unknown,1,2025-11-08 18:59:34,worst app delete first from play store,worst app delete first from play store,1,7,38,0,0,0,1.0,0,1,-0.4019,1,0,1,0.0,0,1,0,1.0,0.0
978b8ea0-ae95-4dd4-8a40-ae1613d269af,WhatsApp,Social Media,abdullah Hamdard,Unknown,1,2025-11-08 19:05:26,WhatsApp uninstall because not working WhatsApp code not received this is not helpful app,whatsapp uninstall because not working whatsapp code not received this is not helpful app,1,14,89,0,0,0,0.7857142857142857,1,1,-0.3252,1,0,1,0.0,0,1,0,1.0,0.0
70b520da-8212-4edb-8b96-249a557847fa,WhatsApp,Social Media,Moreen Gumbo,Unknown,1,2025-11-08 19:12:48,We can't even download the app,we can't even download the app,1,6,30,0,0,0,1.0,1,1,0.0,1,0,1,0.0,0,1,0,1.0,0.0
62f8c33d-8828-446d-babc-f874761c5f8f,WhatsApp,Social Media,Nwafor kingsley michael,Unknown,1,2025-11-08 19:16:34,open play well because i dont need new version,open play well because i dont need new version,1,9,46,0,0,0,1.0,0,0,0.5423,1,0,1,0.0,0,1,1,1.0,0.0
c4b5bdcc-548c-42de-bf75-53bef9e43d54,WhatsApp,Social Media,Mindaugas Motiejūnas,Unknown,1,2025-11-08 19:21:15,"Automatic translation does not work as it should. After enabling it in chat, I have to turn it on and on again every time I open the chat...","automatic translation does not work as it should. after enabling it in chat, i have to turn it on and on again every time i open the chat...",1,28,140,0,0,0,0.8571428571428571,0,0,0.0,1,0,1,0.0,0,1,0,1.0,0.0
d7199b52-d4e4-4ab6-b677-298fd2063fd0,WhatsApp,Social Media,Rolivhuwa Maake,Unknown,3,2025-11-08 19:21:38,It's been doing a good job,it's been doing a good job,0,6,26,0,0,0,1.0,0,0,0.4404,1,0,1,0.0,0,1,0,3.0,0.0
1895f30f-313c-4b9e-9d6a-b201f1656826,WhatsApp,Social Media,Ibrahim Samuel,Unknown,4,2025-11-08 19:24:45,very helpful,very helpful,0,2,12,0,0,0,1.0,0,0,0.4754,1,0,1,0.0,0,2,0,4.0,0.0
402b2bef-003f-4f55-a092-280cdd4f2c39,WhatsApp,Social Media,Jack Alufandika,Unknown,2,2025-11-08 19:25:42,They keep on spamming my account without a reason,they keep on spamming my account without a reason,0,9,49,0,0,0,1.0,0,0,-0.4767,1,0,1,0.0,0,1,0,2.0,0.0
32e1717f-6852-47b7-be40-a7d82f275ddd,WhatsApp,Social Media,Kelechi Ana's,Unknown,1,2025-11-08 19:27:08,very encouraging,very encouraging,1,2,16,0,0,0,1.0,0,0,0.5709,1,0,1,0.0,0,1,1,1.0,0.0
334b8d00-4f42-4dec-9f42-b77a8fdc883a,WhatsApp,Social Media,Gebhart Gebhart,Unknown,3,2025-11-08 19:27:46,best app,best app,0,2,8,0,0,0,1.0,0,1,0.6369,1,0,1,0.0,0,4,0,3.0,0.0
016f7af7-ee97-4cb6-9363-578e296cb167,WhatsApp,Social Media,angela baguio,Unknown,1,2025-11-08 19:30:07,i can't open it,i can't open it,1,4,15,0,0,0,1.0,0,0,0.0,1,0,1,0.0,0,1,0,1.0,0.0
753b6183-f2c8-423b-bd08-085abaad9e92,WhatsApp,Social Media,John Sikaubila,Unknown,3,2025-11-08 19:30:30,"what a great app ,👍👍😎","what a great app ,👍👍😎",0,5,21,3,0,0,1.0,0,1,0.7964,1,0,1,0.0,0,1,0,3.0,0.0
3c418a97-faeb-44bb-be11-e48019fc5fed,WhatsApp,Social Media,ChIdI,Unknown,4,2025-11-08 19:30:38,The app is nice and all but there should be a better way to search and join WhatsApp groups just like they have for channels not just through links,the app is nice and all but there should be a better way to search and join whatsapp groups just like they have for channels not just through links,0,29,147,0,0,0,0.9310344827586207,1,1,0.8957,1,0,1,0.0,0,1,0,4.0,0.0
edd5778e-50da-4f70-afcb-8313c767a255,WhatsApp,Social Media,Kondwani Bonface Mamba,Unknown,1,2025-11-08 19:30:48,poor network,poor network,1,2,12,0,0,0,1.0,0,0,-0.4767,1,0,1,0.0,0,1,0,1.0,0.0
6e63348f-7a5f-4954-91eb-2fc02887626e,WhatsApp,Social Media,Arthur Ribeiro,Unknown,4,2025-11-08 19:33:53,tiraram de mim o único ouro que eu tinha,tiraram de mim o único ouro que eu tinha,0,9,40,0,0,0,1.0,0,0,0.0,1,0,1,0.0,0,1,0,4.0,0.0
a14e69db-0675-497d-8b7f-5cabd2ea2164,WhatsApp,Social Media,prince ikechukwu,Unknown,4,2025-11-08 19:36:08,great and interesting with the improvements,great and interesting with the improvements,0,6,43,0,0,0,1.0,0,0,0.8442,1,0,1,0.0,0,1,0,4.0,0.0
5d05dc01-6c59-4816-90d3-423f3ef6af44,WhatsApp,Social Media,Aneke Sunday,Unknown,1,2025-11-08 19:44:07,This app is amazing,this app is amazing,1,4,19,0,0,0,1.0,0,1,0.5859,1,0,1,0.0,0,1,1,1.0,0.0
b6599a80-8768-4844-895d-c8b6160e1ef4,WhatsApp,Social Media,Ndumiso Ngwenya,Unknown,3,2025-11-08 19:44:17,WhatsApp,whatsapp,0,1,8,0,0,0,1.0,0,1,0.0,1,0,1,0.0,0,11,0,3.0,0.0
e2320ff8-45f0-4083-95ff-e3437375c848,WhatsApp,Social Media,Ken Lukoki,Unknown,2,2025-11-08 19:44:37,Mon whatsApp ne marche pas,mon whatsapp ne marche pas,0,5,26,0,0,0,1.0,0,1,0.0,1,0,1,0.0,0,1,0,2.0,0.0
0a163b3f-5e2b-4bb3-9fd8-d78b2d1efa75,WhatsApp,Social Media,Gabriel Mumbi,Unknown,1,2025-11-08 19:51:38,u are so bad why are u saying this account is not available,u are so bad why are u saying this account is not available,1,13,59,0,0,0,0.8461538461538461,0,0,-0.6696,1,0,1,0.0,0,1,0,1.0,0.0
60d2c235-84fa-4b0a-9264-0f777b3d69b8,WhatsApp,Social Media,Blessing Owolabi,Unknown,4,2025-11-08 19:55:34,"good, but I don't seem to have the reshare tap on my status","good, but i don't seem to have the reshare tap on my status",0,13,59,0,0,0,1.0,0,0,0.2382,1,0,1,0.0,0,1,0,4.0,0.0
ac964229-fcec-4ceb-8f71-676b6dfc2593,WhatsApp,Social Media,Imran khan,Unknown,1,2025-11-08 20:00:10,Way banded My account without any reason,way banded my account without any reason,1,7,40,0,0,0,1.0,0,0,0.0,1,0,1,0.0,0,1,0,1.0,0.0
c609f624-2e3d-4a78-b28d-0685c6cc4eb7,WhatsApp,Social Media,Noor Varkely,Unknown,1,2025-11-08 20:02:24,not great they keep login me out of my account for no reason,not great they keep login me out of my account for no reason,1,13,60,0,0,0,1.0,0,0,-0.6698,1,0,1,0.0,0,1,0,1.0,0.0
d3d3e0bf-0782-496e-b64b-b18dceb1cf2a,WhatsApp,Social Media,GORKHA GAMING,Unknown,1,2025-11-08 20:03:53,why not whatsapp giving code?,why not whatsapp giving code?,1,5,29,0,0,0,1.0,0,1,-0.2584,1,0,1,0.0,0,1,0,1.0,0.0
206ee9ab-7b9e-4265-b83e-270400921606,WhatsApp,Social Media,mireya ceniceros,Unknown,1,2025-11-08 20:07:01,I don't want messenger and what's up together,i don't want messenger and what's up together,1,8,45,0,0,0,1.0,0,0,-0.0572,1,0,1,0.0,0,1,0,1.0,0.0
5271a584-c0a7-458d-b66b-6b5dd6024c39,WhatsApp,Social Media,AvᎥ,Unknown,4,2025-11-08 20:11:16,Please add the feature of editing voice messages in the next update.......❣️❣️,please add the feature of editing voice messages in the next update.......❣️❣️,0,12,78,0,0,0,0.9166666666666666,0,0,0.8934,1,0,1,0.0,0,1,0,4.0,0.0
d7928cfa-8c6f-460f-88b3-02abdada7229,WhatsApp,Social Media,Charmain Charmain,Unknown,4,2025-11-08 20:11:54,because I don't have what's app now because my small sister delete it so I want to download it but I can't because my phone and I want a New phone now,because i don't have what's app now because my small sister delete it so i want to download it but i can't because my phone and i want a new phone now,0,32,150,0,0,0,0.6875,1,1,0.1875,1,0,1,0.0,0,1,0,4.0,0.0
8ea0594a-5b34-4f2c-995a-317b778fcae5,WhatsApp,Social Media,Saif Ullah,Unknown,1,2025-11-08 20:12:14,WhatsAppxxx groups,whatsappxxx groups,0,2,18,0,0,0,1.0,0,1,0.0,1,0,1,0.0,0,1,0,1.0,0.0
fc1d38ca-5e80-4715-947a-00082f12c9da,WhatsApp,Social Media,Flocie waVa Swera,Unknown,3,2025-11-08 20:13:53,good 👍,good 👍,0,2,6,1,0,0,1.0,0,0,0.4404,1,0,1,0.0,0,4,0,3.0,0.0
66c61d9f-5023-4ff6-8fc8-ed41ccfe69c8,WhatsApp,Social Media,sierrajuliette,Unknown,1,2025-11-08 20:13:55,Latest update forcing me to sync contacts to be able to send a photo. Hugely invasive and inappropriate. Please roll back this unconscionable disregard of privacy.,latest update forcing me to sync contacts to be able to send a photo. hugely invasive and inappropriate. please roll back this unconscionable disregard of privacy.,0,26,163,0,0,0,0.9230769230769231,0,1,0.0516,1,0,1,0.0,0,1,0,1.0,0.0
1b15db83-c8a3-4012-83cb-0e3d1e83a102,WhatsApp,Social Media,Edwin,Unknown,1,2025-11-08 20:14:49,Network error,network error,0,2,13,0,0,0,1.0,0,0,-0.4019,1,0,1,0.0,0,1,0,1.0,0.0
458b98e4-6bb3-4d4b-92be-972010941bba,WhatsApp,Social Media,Rushikesh Chaudhari,Unknown,1,2025-11-08 20:15:54,I updated the app to latest version still it is saying update whatsapp when I open whatsapp app,i updated the app to latest version still it is saying update whatsapp when i open whatsapp app,0,18,95,0,0,0,0.8333333333333334,0,1,0.0,1,0,1,0.0,0,1,0,1.0,0.0
43057ad4-6ebd-421c-83d4-485ead79a5b7,WhatsApp,Social Media,Anonymous Kumar,Unknown,1,2025-11-08 20:21:49,channels are the worst thing ever would've gave 0,channels are the worst thing ever would've gave 0,0,9,49,0,0,0,1.0,0,0,-0.6249,1,0,1,0.0,0,1,0,1.0,0.0
d479a67a-a75e-4b27-b298-cc921a8ae3f2,WhatsApp,Social Media,Mugarura Seth,Unknown,4,2025-11-08 20:22:44,Wowww,wowww,0,1,5,0,0,0,1.0,0,0,0.0,1,0,1,0.0,0,1,0,4.0,0.0
4e1a2256-4a57-497f-a6b1-1d6c96d7104c,WhatsApp,Social Media,Oyemolade Akinsola,Unknown,4,2025-11-08 20:22:49,"Your recent update has a bug When you reply someone's status update with a voice note, it doesn't deliver, it just dissappears and its nowhere to be found. Fix this.","your recent update has a bug when you reply someone's status update with a voice note, it doesn't deliver, it just dissappears and its nowhere to be found. fix this.",0,30,165,0,0,0,0.9,0,1,0.0,1,0,1,0.0,0,1,0,4.0,0.0
93f020d0-7d10-41e3-827b-deba7de8830a,WhatsApp,Social Media,Jeronald Fiddemon,Unknown,3,2025-11-08 20:26:27,it's ok,it's ok,0,2,7,0,0,0,1.0,0,0,0.296,1,0,1,0.0,0,1,0,3.0,0.0
bf3266f7-bb9e-4251-b1ac-911ba0fbb98c,WhatsApp,Social Media,rabin shahav,Unknown,1,2025-11-08 20:28:55,"after more than a decade of usage, suddenly im blocked due to ""spam""...","after more than a decade of usage, suddenly im blocked due to ""spam""...",0,13,71,0,0,0,1.0,0,0,-0.5574,1,0,1,0.0,0,1,0,1.0,0.0
3fa7947e-a74b-4153-ab19-e7e785cc60f9,WhatsApp,Social Media,Sami Najem,Unknown,4,2025-11-08 20:30:03,اتعلق فلاتنووا,اتعلق فلاتنووا,0,2,14,0,0,0,1.0,0,0,0.0,1,0,1,0.0,0,1,0,4.0,0.0
13dc07a9-63ef-41b6-9dfd-e7780f56d58a,WhatsApp,Social Media,Halimah Akorede,Unknown,1,2025-11-08 20:34:18,The app is nonsense 😞,the app is nonsense 😞,0,5,21,1,0,0,1.0,0,1,-0.7003,1,0,1,0.0,0,1,0,1.0,0.0
5b27c6d5-d7ae-4174-9f80-cd1f84d7f961,WhatsApp,Social Media,Peace Ezeh,Unknown,4,2025-11-08 20:37:58,awesome but you should improve your Al.,awesome but you should improve your al.,0,7,39,0,0,0,1.0,0,0,0.7506,1,0,1,0.0,0,1,0,4.0,0.0
f630dc0f-2dd5-4966-8734-3e5430ce3391,WhatsApp,Social Media,Tahera Farheen,Unknown,1,2025-11-08 20:39:19,thanku plz may God bless u my sun,thanku plz may god bless u my sun,0,8,33,0,0,0,1.0,0,0,0.6369,1,0,1,0.0,0,1,1,1.0,0.0
8e5ebc1f-2746-46dd-9206-74b5bb22f386,WhatsApp,Social Media,Adrian Isaacs,Unknown,3,2025-11-08 20:39:25,good 4 use,good 4 use,0,3,10,0,0,0,1.0,0,0,0.4404,1,0,1,0.0,0,1,0,3.0,0.0
6ea196f7-3937-43e8-b00c-e242dba3e7e9,WhatsApp,Social Media,syliva edwin,Unknown,2,2025-11-08 20:39:30,good but network issues,good but network issues,0,4,23,0,0,0,1.0,0,0,0.2382,1,0,1,0.0,0,1,0,2.0,0.0
50b883ac-be73-4bbf-9e56-9080d852f361,WhatsApp,Social Media,Hassan,Unknown,3,2025-11-08 20:40:52,nice app,nice app,0,2,8,0,0,0,1.0,0,1,0.4215,1,0,1,0.0,0,5,0,3.0,0.0
0134d4be-9fc9-47be-bf05-e1d8166d57d0,WhatsApp,Social Media,Pappu Thekedar,Unknown,1,2025-11-08 20:41:56,sir mera wattsapp pritbandh no longer hogya hai,sir mera wattsapp pritbandh no longer hogya hai,0,8,47,0,0,0,1.0,0,1,-0.296,1,0,1,0.0,0,1,0,1.0,0.0
c821f212-d812-4f8f-ad73-2284014ca908,WhatsApp,Social Media,Rajkumar Kumar,Unknown,1,2025-11-08 20:44:46,namaste,namaste,0,1,7,0,0,0,1.0,0,1,0.0,1,0,1,0.0,0,1,0,1.0,0.0
a872ef76-f45a-4c8f-91e7-7f716a9c4ade,WhatsApp,Social Media,Chichi Katebe,Unknown,4,2025-11-08 20:46:29,chatting with friends,chatting with friends,1,3,21,0,0,0,1.0,0,0,0.4767,1,0,1,0.0,0,1,0,4.0,0.0
0b36072a-80cb-420c-8ae1-f94df9c6dd36,WhatsApp,Social Media,Modou Badjie,Unknown,4,2025-11-08 20:49:06,Calls are slow,calls are slow,1,3,14,0,0,0,1.0,0,0,0.0,1,0,1,0.0,0,1,0,4.0,0.0
5f1ee22c-e765-4411-a9cc-9741fc3b2684,WhatsApp,Social Media,Dennis Prisca,Unknown,4,2025-11-08 20:50:59,Whatsapp is the most private and yet social communication apps to ever exist. It is the best. Keep it up!,whatsapp is the most private and yet social communication apps to ever exist. it is the best. keep it up!,0,20,105,0,0,0,0.85,0,1,0.6696,1,0,1,0.0,0,1,0,4.0,0.0
8b430080-fa7e-434e-aa0e-c7c565b80d60,WhatsApp,Social Media,Patra Manoj,Unknown,1,2025-11-08 20:51:38,arattai is best app my arattai app indian best message app,arattai is best app my arattai app indian best message app,0,11,58,0,0,0,0.6363636363636364,0,1,0.8555,1,0,1,0.0,0,1,1,1.0,0.0
0f66b351-d963-44fb-9a07-75b484875895,WhatsApp,Social Media,Emmanuel Alfred,Unknown,1,2025-11-08 20:52:07,I can't view status even when this enough network and again it doesn't hv a specific time to update unless i do so Help correct this error Thanks,i can't view status even when this enough network and again it doesn't hv a specific time to update unless i do so help correct this error thanks,0,28,145,0,0,0,0.9285714285714286,0,0,0.5706,1,0,1,0.0,0,1,1,1.0,0.0
4a9c854f-5fa7-48f5-870a-2b5f50c574bc,WhatsApp,Social Media,Shabanijuma Shabani juma49,Unknown,2,2025-11-08 20:54:21,I like this app,i like this app,0,4,15,0,0,0,1.0,0,1,0.3612,1,0,1,0.0,0,3,0,2.0,0.0
61ea9957-f827-4437-b1e5-50a2b3dd039a,WhatsApp,Social Media,Judth Niemandt,Unknown,1,2025-11-08 21:05:58,don't like it anymore,don't like it anymore,0,4,21,0,0,0,1.0,0,0,-0.2755,1,0,1,0.0,0,1,0,1.0,0.0
e93f3b19-e0b4-40f1-b563-e524401f711d,WhatsApp,Social Media,Tinus White,Unknown,1,2025-11-08 21:15:38,"My number was randomly banned without any reason whatsoever. As of now, the app just stays in a state of ""loading"" and there is no option to get my WhatsApp working again to communicate with friends and family.","my number was randomly banned without any reason whatsoever. as of now, the app just stays in a state of ""loading"" and there is no option to get my whatsapp working again to communicate with friends and family.",0,38,210,0,0,0,0.8947368421052632,0,1,-0.2023,1,0,1,0.0,0,1,0,1.0,0.0
1637f377-fd6d-4a91-b7ce-0f42e98e9717,WhatsApp,Social Media,elizabeth ola,Unknown,1,2025-11-08 21:21:04,"I am sooooo disappointed, for hours now I couldn't log in on my phone and tablet... it kept loading and loading without results. this is totally disappointing","i am sooooo disappointed, for hours now i couldn't log in on my phone and tablet... it kept loading and loading without results. this is totally disappointing",0,27,158,0,0,0,0.8888888888888888,0,1,-0.7645,1,0,1,0.0,0,1,0,1.0,0.0
cd1471a1-efae-4ef5-882f-ff6e0e38cdf1,WhatsApp,Social Media,Osae Agnes,Unknown,3,2025-11-08 21:25:20,I keep getting this message that my number has been blocked.,i keep getting this message that my number has been blocked.,0,11,60,0,0,0,1.0,0,0,-0.2023,1,0,1,0.0,0,1,0,3.0,0.0
edb0eebd-e2a7-4fba-80fc-06e32dc87e24,WhatsApp,Social Media,Young tizzy Amachree,Unknown,1,2025-11-08 21:38:49,young,young,0,1,5,0,0,0,1.0,0,0,0.0,1,0,1,0.0,0,1,0,1.0,0.0
7553b886-a9ba-43e9-8da3-998030ee11fc,WhatsApp,Social Media,Brian Tellez,Unknown,1,2025-11-08 21:40:59,I have been banned for no reason. I did not violate any term. I have had my account for 5 years and I only chat with kwown people,i have been banned for no reason. i did not violate any term. i have had my account for 5 years and i only chat with kwown people,0,28,129,0,0,0,0.8214285714285714,0,0,-0.3761,1,0,1,0.0,0,1,0,1.0,0.0
e1a570a9-e06d-4f71-a8f1-33796c08c74b,WhatsApp,Social Media,Frank Goodnews,Unknown,1,2025-11-08 21:45:30,"it's really horrible, why does it keep logging me out for no good reason.","it's really horrible, why does it keep logging me out for no good reason.",2,14,73,0,0,0,1.0,0,0,-0.7351,1,0,1,0.0,0,1,0,1.0,0.0
40af19ee-a56c-40cb-bc89-9bedf0e8dab1,WhatsApp,Social Media,Anthony obinna,Unknown,1,2025-11-08 21:46:12,love this app,love this app,0,3,13,0,0,0,1.0,0,1,0.6369,1,0,1,0.0,0,2,1,1.0,0.0
76254760-a03e-4774-84f3-0fe1132d5f55,WhatsApp,Social Media,Blessing Okeke,Unknown,1,2025-11-08 21:57:58,I've done everything possible to update my whatsapp but it won't be updated its so annoying and fustrating because am just wasting my data,i've done everything possible to update my whatsapp but it won't be updated its so annoying and fustrating because am just wasting my data,0,24,138,0,0,0,0.9583333333333334,0,1,-0.8514,1,0,1,0.0,0,1,0,1.0,0.0
51006747-9ad0-4900-8593-8351a26de4df,WhatsApp,Social Media,Gabriel H,Unknown,1,2025-11-08 21:58:21,need the option to disable meta ai from whatsapp entirely,need the option to disable meta ai from whatsapp entirely,0,10,57,0,0,0,1.0,0,1,0.0,1,0,1,0.0,0,1,0,1.0,0.0
1c6cecab-d13b-4b39-a07b-c7b22914f9c5,WhatsApp,Social Media,Youta Simo Franck Arthur,Unknown,4,2025-11-08 22:05:15,I can't add music to my WhatsApp status,i can't add music to my whatsapp status,0,8,39,0,0,0,1.0,0,1,0.0,1,0,1,0.0,0,1,0,4.0,0.0
32bd6b3e-9dec-4e78-8445-def9c4c20c12,WhatsApp,Social Media,Eloise Meades,Unknown,3,2025-11-08 22:08:35,"The app is great, but I can never hear my friend when I call them. I literally have to scream their name and even have to switch apps. (e.g. WhatsApp to Phone) This is so annoying!! FIX IT WHATSAPP. 😡😫","the app is great, but i can never hear my friend when i call them. i literally have to scream their name and even have to switch apps. (e.g. whatsapp to phone) this is so annoying!! fix it whatsapp. 😡😫",0,40,201,2,0,3,0.85,0,1,-0.9394,1,0,1,0.0,0,1,0,3.0,0.0
05661793-f487-43be-a6b5-9e9ab45bb97e,WhatsApp,Social Media,Riaz Meo,Unknown,1,2025-11-08 22:42:48,WhatsApp unbanned please halp me,whatsapp unbanned please halp me,0,5,32,0,0,0,1.0,0,1,0.3182,1,0,1,0.0,0,1,0,1.0,0.0
ef75e52c-17c2-4680-897d-97496bd1314e,WhatsApp,Social Media,Andrey Shcherbyna,Unknown,2,2025-11-08 22:43:26,forcing user to give the app permissions while trying to share to it is not appropriate . let the users decide. it's not clear what's being trried to achieve this way,forcing user to give the app permissions while trying to share to it is not appropriate . let the users decide. it's not clear what's being trried to achieve this way,0,31,166,0,0,0,0.8387096774193549,0,1,0.0041,1,0,1,0.0,0,1,0,2.0,0.0
06466148-e2a5-421e-a455-291e9b8cef1f,WhatsApp,Social Media,Houda Rejraj,Unknown,3,2025-11-08 22:44:49,can you please improve the status quality 🙏🏻🙏🏻🙏🏻🙏🏻 when i post a picture in the status the quality becomes really bad fix it please,can you please improve the status quality 🙏🏻🙏🏻🙏🏻🙏🏻 when i post a picture in the status the quality becomes really bad fix it please,0,24,131,8,0,0,0.7916666666666666,0,0,0.4033,1,0,1,0.0,0,1,0,3.0,0.0
5c750bb6-0e1d-4ba8-bc7a-a04b580b327a,WhatsApp,Social Media,rebecca ayoade,Unknown,3,2025-11-08 22:45:14,it great and I love it,it great and i love it,0,6,22,0,0,0,0.8333333333333334,0,0,0.8519,1,0,1,0.0,0,1,0,3.0,0.0
4c2db8a9-de02-4714-9b44-f6be4709f630,WhatsApp,Social Media,Scott Oconnor,Unknown,1,2025-11-08 22:59:29,"Hard to join-Login . Won,t let me give email and password!???","hard to join-login . won,t let me give email and password!???",0,11,61,0,0,0,1.0,0,0,-0.3031,1,0,1,0.0,0,1,0,1.0,0.0
072eee12-714f-4a2b-99d6-7b8069785ea5,WhatsApp,Social Media,Nkanyezi Ngwenga,Unknown,3,2025-11-08 23:09:30,I can't get my chats back,i can't get my chats back,0,6,25,0,0,0,1.0,0,0,0.0,1,0,1,0.0,0,1,0,3.0,0.0
4ae95657-b04c-46c6-babc-f9134d99a5bd,WhatsApp,Social Media,Panagiotis Sierros,Unknown,1,2025-11-08 23:10:17,I do not appreciate it when I contact you about a serious matter and I receive a response via AI.,i do not appreciate it when i contact you about a serious matter and i receive a response via ai.,0,20,97,0,0,1,0.85,0,1,-0.3523,1,0,1,0.0,0,1,0,1.0,0.0
53704ce3-beee-49a1-b474-d076b585aa42,WhatsApp,Social Media,Olayiwola Victoria,Unknown,4,2025-11-08 23:15:39,it's has really been amazing and lovely using WhatsApp. It is really a good social media,it's has really been amazing and lovely using whatsapp. it is really a good social media,0,16,88,0,0,0,0.9375,0,1,0.9013,1,0,1,0.0,0,1,0,4.0,0.0
d87f9cb1-8cae-4ef8-9095-06b050b63bb9,WhatsApp,Social Media,Lou Baucom,Unknown,3,2025-11-08 23:21:12,helpful,helpful,0,1,7,0,0,0,1.0,0,0,0.4215,1,0,1,0.0,0,3,0,3.0,0.0
24a0741e-b80a-4094-a8de-c65c4a00c7da,WhatsApp,Social Media,Vossa,Unknown,1,2025-11-08 23:21:56,"A meta deixa de explorar um potencial marcante, já era para o whatsapp ter virado o WeChat do Brasil há anos. integrar bancos, negócios e pagamentos só pela localização já receber a notificação de add o comércio business","a meta deixa de explorar um potencial marcante, já era para o whatsapp ter virado o wechat do brasil há anos. integrar bancos, negócios e pagamentos só pela localização já receber a notificação de add o comércio business",0,38,220,0,0,0,0.868421052631579,0,1,0.0,1,0,1,0.0,0,1,0,1.0,0.0
d8bc64ee-0014-4a1c-ae2a-be98563716e0,WhatsApp,Social Media,Derrick Toh,Unknown,1,2025-11-08 23:29:20,Never receive verification call or sms even after reinstalling and rebooting device and there is no function to request whatsapp support to call back.,never receive verification call or sms even after reinstalling and rebooting device and there is no function to request whatsapp support to call back.,0,24,150,0,0,0,0.875,1,1,0.128,1,0,1,0.0,0,1,0,1.0,0.0
c2187d5d-1389-4901-be59-9b17a5b09e7d,WhatsApp,Social Media,Ankur Verma,Unknown,1,2025-11-08 23:35:24,delete the rubbish channel thing from WhatsApp,delete the rubbish channel thing from whatsapp,0,7,46,0,0,0,1.0,0,1,0.0,1,0,1,0.0,0,1,0,1.0,0.0
58ca0888-feb5-412e-9ee7-057afba5b210,WhatsApp,Social Media,Ciera Green,Unknown,1,2025-11-08 23:37:00,My WhatsApp keeps saying u need official WhatsApp to login but I have the official WhatsApp and I can't enter can u help,my whatsapp keeps saying u need official whatsapp to login but i have the official whatsapp and i can't enter can u help,0,23,120,0,0,0,0.782608695652174,0,1,0.5499,1,0,1,0.0,0,1,1,1.0,0.0
0f40c8b0-5b33-4e4e-9044-b9b031c45681,WhatsApp,Social Media,favour uchenna,Unknown,2,2025-11-08 23:39:28,can you guys really work on the quality of the camera after I post a very clear video or pics on my status it becomes so blur,can you guys really work on the quality of the camera after i post a very clear video or pics on my status it becomes so blur,0,27,125,0,0,0,0.9259259259259259,0,0,0.4391,1,0,1,0.0,0,1,0,2.0,0.0
993091ae-7854-451b-82b3-a13ab09a4ba8,WhatsApp,Social Media,rozana Zana,Unknown,1,2025-11-08 23:40:47,whatsapp selalu kena banned sedangkan penting untuk kami siap kan kerja..dulu okay saja skrg harap ada yg lebih baik drpa app ni..kalau hari2 kena banned bagus whatsapp ni tk payah ada lagi..,whatsapp selalu kena banned sedangkan penting untuk kami siap kan kerja..dulu okay saja skrg harap ada yg lebih baik drpa app ni..kalau hari2 kena banned bagus whatsapp ni tk payah ada lagi..,0,32,191,0,0,0,0.875,0,1,-0.6249,1,0,1,0.0,0,1,0,1.0,0.0
dba1582b-d00a-4435-af6d-d67945f09a2a,WhatsApp,Social Media,Deewan Patel,Unknown,1,2025-11-08 23:51:24,whatsaap,whatsaap,0,1,8,0,0,0,1.0,0,0,0.0,1,0,1,0.0,0,1,0,1.0,0.0
cc90323d-2ce5-47fb-9926-2a6f5440344d,WhatsApp,Social Media,qi ren,Unknown,1,2025-11-08 23:56:32,"You need to sync your contacts to share something, must be kidding me","you need to sync your contacts to share something, must be kidding me",0,13,69,0,0,0,0.9230769230769231,0,0,0.3818,1,0,1,0.0,0,1,0,1.0,0.0
4ee67536-c588-4968-a4d1-908f2011d6d3,WhatsApp,Social Media,Gandhius Loh,Unknown,1,2025-11-09 00:09:49,terrible app,terrible app,0,2,12,0,0,0,1.0,0,1,-0.4767,1,0,1,0.0,0,1,0,1.0,0.0
26f31309-9d06-4f31-ae4f-4bce3f488a2d,WhatsApp,Social Media,Gaurav Singgh,Unknown,1,2025-11-09 00:10:25,application not working properly. after update application glitch pls fix it. any content when i copy. WhatsApp backout.,application not working properly. after update application glitch pls fix it. any content when i copy. whatsapp backout.,0,18,120,0,0,0,0.9444444444444444,0,1,0.0772,1,0,1,0.0,0,1,0,1.0,0.0
f0dcf261-7de8-4976-b534-d2e928db5174,WhatsApp,Social Media,Razan,Unknown,1,2025-11-09 00:10:36,"PLEASE UPDATE AGAIN. I CAN'T MUTE A CHAT OF MY CONTACT THAT I WANT. EVERY TIME I MUTE IT, IT WILL UNMUTE AUTOMATICALLY. PLEASE. UPDATE.","please update again. i can't mute a chat of my contact that i want. every time i mute it, it will unmute automatically. please. update.",0,25,135,0,0,21,0.88,0,0,0.5994,1,0,1,0.0,0,1,1,1.0,0.0
7212ad7c-00c7-4697-a74a-10ff8396cf6e,WhatsApp,Social Media,Sharma Hirushi,Unknown,3,2025-11-09 00:13:02,good but not working,good but not working,1,4,20,0,0,0,1.0,0,0,0.2382,1,0,1,0.0,0,1,0,3.0,0.0
2dfb4b01-681a-47fc-895c-c97246cc68a9,WhatsApp,Social Media,Muhammad Sani,Unknown,2,2025-11-09 00:13:36,I like it,i like it,0,3,9,0,0,0,1.0,0,0,0.3612,1,0,2,91334.0,0,2,0,2.0,0.0
d12f5b74-be61-4996-9b5e-9700aa3fc048,WhatsApp,Social Media,Kamble Sheetal,Unknown,4,2025-11-09 00:18:33,I like to use it good,i like to use it good,0,6,21,0,0,0,1.0,0,0,0.6597,1,0,1,0.0,0,1,0,4.0,0.0
e9b999e1-c3b3-489f-bc8d-e90a47bbb63a,WhatsApp,Social Media,Nesan Anthony Raj,Unknown,2,2025-11-09 00:25:42,Lately WhatsApp backup keeps freezing when backing up to Google Drive. It just gets stuck and won’t finish. Hope this bug can be fixed soon.,lately whatsapp backup keeps freezing when backing up to google drive. it just gets stuck and won’t finish. hope this bug can be fixed soon.,0,25,140,0,0,0,1.0,1,1,0.1531,1,0,1,0.0,0,1,0,2.0,0.0
3e791795-d5b6-4d77-a4fd-ed59ce6f5053,WhatsApp,Social Media,Kaushal Induwara,Unknown,1,2025-11-09 00:31:25,sum but good,sum but good,0,3,12,0,0,0,1.0,0,0,0.5927,1,0,1,0.0,0,1,1,1.0,0.0
9de81542-91ee-450f-ace5-e2d9aa319d57,WhatsApp,Social Media,"Ward P. Riggins, III",Unknown,1,2025-11-09 00:33:37,not interested,not interested,0,2,14,0,0,0,1.0,0,0,-0.3089,1,0,1,0.0,0,1,0,1.0,0.0
22eafb84-8332-4e19-8ec7-52b5c9a085b8,WhatsApp,Social Media,Gabriel Pius,Unknown,5,2025-11-09 00:36:18,Amazing 💯,amazing 💯,0,2,9,1,0,0,1.0,0,0,0.5859,1,0,1,0.0,0,1,0,5.0,0.0
397882f0-945d-4a2d-831c-38ef08f40d47,WhatsApp,Social Media,Mansir hamisu Hamisu,Unknown,3,2025-11-09 00:38:29,mAnsir you,mansir you,0,2,10,0,0,0,1.0,0,0,0.0,1,0,1,0.0,0,1,0,3.0,0.0
15b36a0c-8e3f-45ad-93df-f9902075c962,WhatsApp,Social Media,Sandeep Sandeep,Unknown,5,2025-11-09 00:43:05,satisfied and good experience,satisfied and good experience,0,4,29,0,0,0,1.0,0,0,0.6908,1,0,1,0.0,0,1,0,5.0,0.0
eaf74b0a-6045-4431-9761-b57a462a61ac,WhatsApp,Social Media,David Sarkodie,Unknown,5,2025-11-09 00:45:52,I'm happy to see my family and friends ❤️ I,i'm happy to see my family and friends ❤️ i,0,10,43,0,0,0,1.0,0,1,0.7783,1,0,1,0.0,0,1,0,5.0,0.0
3b386c0f-0780-4eaa-a130-f8a6561fc121,WhatsApp,Social Media,Chandana Sarkar,Unknown,2,2025-11-09 00:50:19,WhatsApp,whatsapp,0,1,8,0,0,0,1.0,0,1,0.0,1,0,1,0.0,0,11,0,2.0,0.0
e82b804e-49e7-4abc-b55b-bff0d71e6b97,WhatsApp,Social Media,Grace Kakele,Unknown,5,2025-11-09 00:50:22,"very good,this including all the services.","very good,this including all the services.",0,6,42,0,0,0,1.0,0,0,0.0,1,0,1,0.0,0,1,0,5.0,0.0
0d4aa43b-c73d-4a7c-8146-8cf224dd09a9,WhatsApp,Social Media,Jimmy Rizak,Unknown,5,2025-11-09 00:52:15,what's app does not downloaded need help send me sms thank you,what's app does not downloaded need help send me sms thank you,0,12,62,0,0,0,1.0,1,1,0.0624,1,0,1,0.0,0,1,0,5.0,0.0
fde779d7-a75b-4f87-99c9-3c3460056f27,WhatsApp,Social Media,Oluwatoyin Awopetu,Unknown,5,2025-11-09 00:52:27,I don't know why the app is crashing down it self,i don't know why the app is crashing down it self,0,11,49,0,0,0,1.0,0,1,0.0,1,0,1,0.0,0,1,0,5.0,0.0
0f9d95bd-8d88-49f2-8c5b-bf1e72b8ca6b,WhatsApp,Social Media,Jose rubio Joserubio,Unknown,5,2025-11-09 00:55:45,amazing,amazing,0,1,7,0,0,0,1.0,0,0,0.5859,1,0,1,0.0,0,3,0,5.0,0.0
0ebaebfd-505c-48e9-a1f0-b2c1ff9a9640,WhatsApp,Social Media,Rose Laure,Unknown,3,2025-11-09 00:56:23,I cannot download it,i cannot download it,0,4,20,0,0,0,1.0,1,0,0.0,1,0,1,0.0,0,1,0,3.0,0.0
5bafba58-25e0-46d9-b010-d4d5e539ea07,WhatsApp,Social Media,Ashokkumarjio,Unknown,5,2025-11-09 00:57:22,Very Good App,very good app,0,3,13,0,0,0,1.0,0,1,0.4927,1,0,1,0.0,0,4,0,5.0,0.0
a4a397bd-6ca5-4891-8aee-b96219cf050f,WhatsApp,Social Media,Usha R,Unknown,5,2025-11-09 01:00:12,I can get all information from my friends and relatives,i can get all information from my friends and relatives,0,10,55,0,0,0,1.0,0,0,0.4767,1,0,1,0.0,0,1,0,5.0,0.0
bbeb5490-5026-4134-869e-fe316876e237,WhatsApp,Social Media,Linda Nkosana,Unknown,5,2025-11-09 01:01:04,"I have a big problem, every time I open my whatsapp I had to delete my chats to have space it not right or me especially my photo's, can you please help me on that.","i have a big problem, every time i open my whatsapp i had to delete my chats to have space it not right or me especially my photo's, can you please help me on that.",0,35,164,0,0,0,0.8,0,1,0.3182,1,0,1,0.0,0,1,0,5.0,0.0
8c60d0b0-0281-4bd6-88a9-8b406ac9a244,WhatsApp,Social Media,Damodarareddy Anitha,Unknown,3,2025-11-09 01:01:15,"status not playing videos there was a problem ""there was an error playing the video ""","status not playing videos there was a problem ""there was an error playing the video """,0,16,85,0,0,0,0.875,0,0,-0.636,1,0,1,0.0,0,1,0,3.0,0.0
d338a6c2-321b-4d20-978f-f974839a9ac8,WhatsApp,Social Media,Ogazii Wami,Unknown,5,2025-11-09 01:02:58,I am understand WhatsApp more WhatsApp is good,i am understand whatsapp more whatsapp is good,0,8,46,0,0,0,0.875,0,1,0.4877,1,0,1,0.0,0,1,0,5.0,0.0
a079a7fb-b8d6-4c45-a08a-e4d2b2a4ea3e,WhatsApp,Social Media,A Google user,Unknown,5,2025-11-09 01:05:45,Is good to use yes is very good for use,is good to use yes is very good for use,0,10,39,0,0,0,0.7,0,0,0.8313,1,0,4,48859.0,0,1,0,3.25,2.0615528128088303
30a61534-2b96-477e-827b-5a0aa7238785,WhatsApp,Social Media,HODALLHODA GLEN,Unknown,5,2025-11-09 01:08:44,Very Helpful,very helpful,0,2,12,0,0,0,1.0,0,0,0.4754,1,0,1,0.0,0,2,0,5.0,0.0
43cdfcbc-5c7f-4343-81bc-895c1c5b64fb,WhatsApp,Social Media,jigo Ou,Unknown,5,2025-11-09 01:10:01,Very nice 👍,very nice 👍,0,3,11,1,0,0,1.0,0,0,0.4754,1,0,1,0.0,0,1,0,5.0,0.0
30638ad2-cb38-4c03-b3df-4fb53de2065e,WhatsApp,Social Media,Menuka Chhetri,Unknown,5,2025-11-09 01:16:47,very 👍😊😊😊😊,very 👍😊😊😊😊,0,2,10,5,0,0,1.0,0,0,0.9728,1,0,1,0.0,0,1,0,5.0,0.0
df556c6b-eca9-4ed6-9387-05af248a66e7,WhatsApp,Social Media,Sri Krishna Prasad Oruganti,Unknown,5,2025-11-09 01:21:34,very useful.,very useful.,0,2,12,0,0,0,1.0,0,0,0.4927,1,0,1,0.0,0,1,0,5.0,0.0
7625f227-c51a-4e93-a769-6934bdb729ce,WhatsApp,Social Media,Emmmanuel Precious,Unknown,2,2025-11-09 01:21:40,I like the app,i like the app,0,4,14,0,0,0,1.0,0,1,0.3612,1,0,1,0.0,0,1,0,2.0,0.0
5bcd4f14-5054-491f-8284-a77cb198e043,WhatsApp,Social Media,Intijar Alam,Unknown,1,2025-11-09 01:21:49,bhut kharab hai😭😭😭😭😭😭😭,bhut kharab hai😭😭😭😭😭😭😭,0,3,22,7,0,0,1.0,0,1,-0.967,1,0,1,0.0,0,1,0,1.0,0.0
d7efc566-358a-4409-9d20-67091f7e5108,WhatsApp,Social Media,Rafael Gomez,Unknown,5,2025-11-09 01:24:05,exselen t,exselen t,0,2,9,0,0,0,1.0,0,0,0.0,1,0,1,0.0,0,1,0,5.0,0.0
2a9c1510-b631-4d63-8e9c-8b3a21d081eb,WhatsApp,Social Media,Andi halliru,Unknown,5,2025-11-09 01:28:12,you are doing a world of good to humanity,you are doing a world of good to humanity,0,9,41,0,0,0,1.0,0,0,0.4404,1,0,1,0.0,0,1,0,5.0,0.0
7daf6bd6-c8e8-40af-b2e4-5f8cb2348462,WhatsApp,Social Media,Rakhi Rani,Unknown,5,2025-11-09 01:28:54,so beautiful WhatsApp,so beautiful whatsapp,0,3,21,0,0,0,1.0,0,1,0.6361,1,0,1,0.0,0,1,0,5.0,0.0
46033c74-5bf7-4915-b842-ac22a38be304,WhatsApp,Social Media,Nancy Galindo,Unknown,1,2025-11-09 01:29:17,i havent done anything wronge and it banned my account for no reason,i havent done anything wronge and it banned my account for no reason,1,13,68,0,0,0,1.0,0,0,-0.6369,1,0,1,0.0,0,1,0,1.0,0.0
cb605c22-07ff-47ad-b7b5-ea10ed23985d,WhatsApp,Social Media,BARINDRA,Unknown,5,2025-11-09 01:33:58,add extra small font size please,add extra small font size please,1,6,32,0,0,0,1.0,0,0,0.3182,1,0,1,0.0,0,1,0,5.0,0.0
c23a2b52-1883-445d-8f12-c4ff036e8034,WhatsApp,Social Media,Adebayo John gbenga,Unknown,5,2025-11-09 01:34:23,yo for the app it's a wonderful app,yo for the app it's a wonderful app,0,8,35,0,0,0,0.875,0,1,0.5719,1,0,1,0.0,0,1,0,5.0,0.0
4b310909-24ed-434a-8ea8-f87de813fc88,WhatsApp,Social Media,King Mass yadav,Unknown,1,2025-11-09 01:35:17,I have OTP and received call problem issue I buy new phone,i have otp and received call problem issue i buy new phone,0,12,58,0,0,1,0.9166666666666666,0,0,-0.4019,1,0,1,0.0,0,1,0,1.0,0.0
fa1881f1-c2e8-4b62-9b17-85ee23c3d10e,WhatsApp,Social Media,Vihangi dewumni,Unknown,1,2025-11-09 01:42:07,So good,so good,0,2,7,0,0,0,1.0,0,0,0.4927,1,0,1,0.0,0,3,0,1.0,0.0
c467ffaf-f7fc-471b-b5f1-02bcf9dbfc45,WhatsApp,Social Media,Ranjit Kumar,Unknown,5,2025-11-09 01:43:07,Ranjeet Kumar,ranjeet kumar,0,2,13,0,0,0,1.0,0,0,0.0,1,0,1,0.0,0,1,0,5.0,0.0
e48f2c08-57dd-45f2-9eb4-db4d9905239b,WhatsApp,Social Media,SaAD Baloch,Unknown,5,2025-11-09 01:44:28,Nice app but sometimes it hang up ;),nice app but sometimes it hang up ;),0,8,36,0,0,0,1.0,0,1,0.3291,1,0,1,0.0,0,1,0,5.0,0.0
9b955867-cd4a-4b53-b88b-caf6e3afce96,WhatsApp,Social Media,MD Ujjal Mia,Unknown,5,2025-11-09 01:46:14,what's up basically the best communication app,what's up basically the best communication app,1,7,46,0,0,0,1.0,0,1,0.6369,1,0,1,0.0,0,1,0,5.0,0.0
675f0c8c-0f2f-4445-9187-9ce8d3740e40,WhatsApp,Social Media,Ifeanyi Joseph,Unknown,5,2025-11-09 01:48:05,Due spam,due spam,0,2,8,0,0,0,1.0,0,0,-0.3612,1,0,1,0.0,0,1,0,5.0,0.0
f4713523-763d-4c68-8bf6-7d607f2eebae,WhatsApp,Social Media,Sonu Gautam,Unknown,5,2025-11-09 01:49:24,sonu kumar,sonu kumar,0,2,10,0,0,0,1.0,0,0,0.0,1,0,1,0.0,0,1,0,5.0,0.0
7064e39b-2b8d-4ff5-8923-db7f2dbae403,WhatsApp,Social Media,Nqobani Jama,Unknown,5,2025-11-09 01:50:16,it's faster than ever you release message and then they answer any time after that I received your message 🥺😊😜🥰😭,it's faster than ever you release message and then they answer any time after that i received your message 🥺😊😜🥰😭,0,20,112,5,0,0,0.95,0,0,0.8807,1,0,1,0.0,0,1,0,5.0,0.0
9e38b66e-3290-47a6-a5d1-4cb734176333,WhatsApp,Social Media,Lee Yong,Unknown,5,2025-11-09 01:52:47,All good and satisfactory,all good and satisfactory,0,4,25,0,0,0,1.0,0,0,0.6597,1,0,1,0.0,0,1,0,5.0,0.0
f42591f0-1062-46c2-b862-76c19d43202a,WhatsApp,Social Media,Gajendra Rajput,Unknown,5,2025-11-09 01:54:19,So.Lovely♥️❤️🥰♥️❤️,so.lovely♥️❤️🥰♥️❤️,0,1,18,1,0,0,1.0,0,0,0.9493,1,0,1,0.0,0,1,0,5.0,0.0
8c367aa6-29a8-49e1-9cb8-900931c7f92b,WhatsApp,Social Media,Arpita Das,Unknown,5,2025-11-09 01:56:06,fantastic 😍,fantastic 😍,0,2,11,1,0,0,1.0,0,0,0.765,1,0,1,0.0,0,1,0,5.0,0.0
54b43919-b6d2-4515-983f-6e7a1c6c00bd,WhatsApp,Social Media,Sajid Jani,Unknown,1,2025-11-09 01:57:29,"I am facing the problem of flashlight while making a video call. When I make a video call, there is no flashlight option. Should this be fixed sooner or is this an issue I only have?","i am facing the problem of flashlight while making a video call. when i make a video call, there is no flashlight option. should this be fixed sooner or is this an issue i only have?",0,36,182,0,0,0,0.8055555555555556,0,0,-0.5994,1,0,1,0.0,0,1,0,1.0,0.0
5942f5e9-49f0-4eea-a415-b3e5e1a8d6aa,WhatsApp,Social Media,Ali Murtaza,Unknown,1,2025-11-09 01:57:37,my wattsapp is not working plz check it and fix it,my wattsapp is not working plz check it and fix it,1,11,50,0,0,0,0.9090909090909091,0,1,-0.0572,1,0,1,0.0,0,1,0,1.0,0.0
8ce3e0ac-1264-4849-ac9e-1e35e37898aa,WhatsApp,Social Media,Usoro Treasure,Unknown,5,2025-11-09 01:58:33,please guys improve your status quality that's all whenever we post a clean pic or vid on our status it always get a little bit blurry,please guys improve your status quality that's all whenever we post a clean pic or vid on our status it always get a little bit blurry,1,26,134,0,0,0,0.9230769230769231,0,0,0.7769,1,0,1,0.0,0,1,0,5.0,0.0
b921c2ee-49b4-4e94-b460-de9d87e23b20,WhatsApp,Social Media,Maazu halidu,Unknown,2,2025-11-09 01:59:21,Open my wassup for me,open my wassup for me,0,5,21,0,0,0,1.0,0,0,0.0,1,0,1,0.0,0,1,0,2.0,0.0
2d0bbfe3-48f8-4bad-9f00-a297cf0e7716,WhatsApp,Social Media,Janet Crasta,Unknown,5,2025-11-09 01:59:54,its nice.....,its nice.....,0,2,13,0,0,0,1.0,0,0,0.4215,1,0,1,0.0,0,1,0,5.0,0.0
a39d67da-d2b7-49de-a50e-c20cc98d8e15,WhatsApp,Social Media,Plaxedes Benny,Unknown,5,2025-11-09 02:00:12,this is the best app,this is the best app,0,5,20,0,0,0,1.0,0,1,0.6369,1,0,1,0.0,0,1,0,5.0,0.0
5393f8c1-1059-45bf-8ac9-4b9379904000,WhatsApp,Social Media,SUDIP RUJ,Unknown,5,2025-11-09 02:01:56,very good ।,very good ।,0,3,11,0,0,0,1.0,0,0,0.4927,1,0,1,0.0,0,1,0,5.0,0.0
66da4bd6-7196-4d88-af10-ade5c6a94f91,WhatsApp,Social Media,Muhd Irfan,Unknown,5,2025-11-09 02:04:25,"whatsapp is great but dear please add option do more Pin Chat than just 3, tq","whatsapp is great but dear please add option do more pin chat than just 3, tq",1,16,77,0,0,0,1.0,0,1,0.836,1,0,1,0.0,0,1,0,5.0,0.0
1eba0166-769f-42cf-a10a-66eb0f5ade7d,WhatsApp,Social Media,Musheer Ahmed.G,Unknown,1,2025-11-09 02:05:08,Privacy shouldn’t mean hiding or cheating. WhatsApp’s idea of privacy feels wrong.,privacy shouldn’t mean hiding or cheating. whatsapp’s idea of privacy feels wrong.,1,12,82,0,0,0,0.9166666666666666,0,1,-0.836,1,0,1,0.0,0,1,0,1.0,0.0
1db8a231-d823-44d3-bdff-7827b7810a00,WhatsApp,Social Media,Brendan Kisten,Unknown,5,2025-11-09 02:07:32,I'm having a problem viewing status and viewing any likes on my status. Why is this. I updated the latest version and ever since then it's giving me issues. Please help,i'm having a problem viewing status and viewing any likes on my status. why is this. i updated the latest version and ever since then it's giving me issues. please help,0,31,168,0,0,0,0.9354838709677419,0,0,0.7579,1,0,1,0.0,0,1,0,5.0,0.0
3a43a325-20dd-4b60-a6a3-8d114838f847,WhatsApp,Social Media,Emenyu Benjamin,Unknown,5,2025-11-09 02:15:39,best communication app ever,best communication app ever,0,4,27,0,0,0,1.0,0,1,0.6369,1,0,1,0.0,0,1,0,5.0,0.0
a404852f-ca72-435a-993f-f4bcbb407beb,WhatsApp,Social Media,Kirti Dikshit,Unknown,1,2025-11-09 02:21:47,voice quality is poor,voice quality is poor,0,4,21,0,0,0,1.0,0,0,-0.4767,1,0,1,0.0,0,1,0,1.0,0.0
5e689fbe-5bfe-482b-b701-d069010cc133,WhatsApp,Social Media,sardar sudais,Unknown,5,2025-11-09 02:22:25,Love this app,love this app,0,3,13,0,0,0,1.0,0,1,0.6369,1,0,1,0.0,0,2,0,5.0,0.0
84df8822-d600-4e67-8622-b91d29162baf,WhatsApp,Social Media,Beauty ogiegbaen Uyigue,Unknown,5,2025-11-09 02:23:41,it's topnotch,it's topnotch,0,2,13,0,0,0,1.0,0,0,0.0,1,0,1,0.0,0,1,0,5.0,0.0
8fb5c1ab-1af4-4af3-9be0-dc978c457e3b,WhatsApp,Social Media,Rajkishor Bind,Unknown,5,2025-11-09 02:23:47,good cool,good cool,0,2,9,0,0,0,1.0,0,0,0.6369,1,0,1,0.0,0,1,0,5.0,0.0
8584080e-91dd-4bb0-a892-f6183bff8481,WhatsApp,Social Media,Govind Govind,Unknown,5,2025-11-09 02:23:53,govind kumar,govind kumar,0,2,12,0,0,0,1.0,0,0,0.0,1,0,1,0.0,0,1,0,5.0,0.0
ba95b036-0902-4123-a2a2-fbc1f6e6f4ee,WhatsApp,Social Media,Mufutau Yusuf Ade,Unknown,1,2025-11-09 02:24:12,It's so hard to open What's app and if it manage to open in 3 hours it will close down again I don't know what is happening,it's so hard to open what's app and if it manage to open in 3 hours it will close down again i don't know what is happening,1,27,123,0,0,0,0.8888888888888888,0,1,-0.1761,1,0,1,0.0,0,1,0,1.0,0.0
aa0141d1-1c1f-4fe2-a069-687905de5630,WhatsApp,Social Media,Rustam Ali,Unknown,5,2025-11-09 02:24:19,Best communication services,best communication services,0,3,27,0,0,0,1.0,0,0,0.6369,1,0,1,0.0,0,1,0,5.0,0.0
64096801-7b19-4e81-aa4e-0c61c2ab162f,WhatsApp,Social Media,Rajkapoor Singh,Unknown,3,2025-11-09 02:24:55,WhatsApp Goog But ai is Danger,whatsapp goog but ai is danger,0,6,30,0,0,0,1.0,0,1,-0.6808,1,0,1,0.0,0,1,0,3.0,0.0
f17b7e7b-7d60-4b18-99e4-ad230c548243,WhatsApp,Social Media,husna samsudin,Unknown,2,2025-11-09 02:25:18,"Please update the quality, everytime i post a status, it will be SO MUCH BLURRING AND LAGGING. So pls update the status quality.","please update the quality, everytime i post a status, it will be so much blurring and lagging. so pls update the status quality.",0,23,128,0,0,5,0.8695652173913043,0,0,0.2362,1,0,1,0.0,0,1,0,2.0,0.0
100b634a-f05c-4293-8272-5cb86dd25616,WhatsApp,Social Media,ABU HAMZA,Unknown,5,2025-11-09 02:25:28,vary good . make our life so esay,vary good . make our life so esay,0,8,33,0,0,0,1.0,0,0,0.4404,1,0,1,0.0,0,1,0,5.0,0.0
eef0c716-c4ac-4a99-9e34-de87eab9df34,WhatsApp,Social Media,Zeeshan bhtti Shan,Unknown,5,2025-11-09 02:26:35,watsap is the good nice chat,watsap is the good nice chat,0,6,28,0,0,0,1.0,0,0,0.6908,1,0,1,0.0,0,1,0,5.0,0.0
41598033-b48a-4769-8b08-75c9fe5574d2,WhatsApp,Social Media,Aravindu Aravindu,Unknown,5,2025-11-09 02:27:22,he is beautiful WhatsApp dear team,he is beautiful whatsapp dear team,0,6,34,0,0,0,1.0,0,1,0.7579,1,0,1,0.0,0,1,0,5.0,0.0
2172d566-9713-49cd-ae94-07c200ec7bb0,WhatsApp,Social Media,Mike Morgan,Unknown,1,2025-11-09 02:29:38,یه برنامه الکی که از سر اجبار به خاطر دیگران نصبش کردم وگرنه پاکش میکردم.,یه برنامه الکی که از سر اجبار به خاطر دیگران نصبش کردم وگرنه پاکش میکردم.,0,15,73,0,0,0,1.0,0,0,0.0,1,0,1,0.0,0,1,0,1.0,0.0
46de900f-a635-4b55-8a96-8e1da4b07d28,WhatsApp,Social Media,Munna Yadav,Unknown,3,2025-11-09 02:31:00,good app,good app,0,2,8,0,0,0,1.0,0,1,0.4404,1,0,1,0.0,0,6,0,3.0,0.0
c93989fe-fe24-4537-8b1f-a70fb94cea21,WhatsApp,Social Media,Ajay Guru,Unknown,5,2025-11-09 02:31:17,soo mitta,soo mitta,0,2,9,0,0,0,1.0,0,0,0.0,1,0,1,0.0,0,1,0,5.0,0.0
6845c1ea-dbb9-4728-9a22-a6d0c1b1b849,WhatsApp,Social Media,Wahaj Vird E HUSSAIN,Unknown,1,2025-11-09 02:32:14,Superb,superb,1,1,6,0,0,0,1.0,0,0,0.6249,1,0,1,0.0,0,4,1,1.0,0.0
a8f4c2ba-36e9-43c6-b2e3-0fdc22bddd39,WhatsApp,Social Media,Ali Ahmad,Unknown,5,2025-11-09 02:32:40,your data is safe,your data is safe,0,4,17,0,0,0,1.0,0,0,0.4404,1,0,1,0.0,0,1,0,5.0,0.0
b8784d3a-e55a-4646-a4fc-3f17d3667856,WhatsApp,Social Media,Chhotu Kharwar,Unknown,5,2025-11-09 02:33:01,WhatsApp chalu nahin ho raha please,whatsapp chalu nahin ho raha please,0,6,35,0,0,0,1.0,0,1,0.3182,1,0,1,0.0,0,1,0,5.0,0.0
0e8e4ec4-472d-4729-b1b1-8ba562d2c86a,WhatsApp,Social Media,Abdulhanan Hanan,Unknown,1,2025-11-09 02:35:58,The whatapp automatically stoped???,the whatapp automatically stoped???,1,4,35,0,0,0,1.0,0,1,0.0,1,0,1,0.0,0,1,0,1.0,0.0
211136ed-8114-4ed0-801d-d098f8556fac,WhatsApp,Social Media,Narinder Singh,Unknown,1,2025-11-09 02:36:19,broadcast limet,broadcast limet,0,2,15,0,0,0,1.0,0,0,0.0,1,0,1,0.0,0,1,0,1.0,0.0
4fdc37bb-07ee-4f4f-8d79-285963fa51f0,WhatsApp,Social Media,Fakhrul Islam,Unknown,5,2025-11-09 02:37:43,খুবই ভালো,খুবই ভালো,0,2,9,0,0,0,1.0,0,0,0.0,1,0,1,0.0,0,1,0,5.0,0.0
71ebc6fb-35ff-4b03-b4eb-39a493a0e3de,WhatsApp,Social Media,Shombhuraj Halam,Unknown,5,2025-11-09 02:37:45,excellent work,excellent work,0,2,14,0,0,0,1.0,0,0,0.5719,1,0,1,0.0,0,1,0,5.0,0.0
08e597f6-bc70-4032-aa3e-a42d862ca3ab,WhatsApp,Social Media,Deepak Yadav,Unknown,1,2025-11-09 02:39:27,yadav ji,yadav ji,0,2,8,0,0,0,1.0,0,0,0.0,1,0,1,0.0,0,1,0,1.0,0.0
9e46bdcc-a980-421a-aa08-4ea07ba8adc3,WhatsApp,Social Media,Falguni Bhardwaj,Unknown,1,2025-11-09 02:39:49,"is update m kya kr diya wh. ne yeh, call cut hone ka pta hi ni chlta, call cut ho ya recieve na ho dono pe no answer likha ata h, plz correct it whatsapp, btw all good 👍🏻","is update m kya kr diya wh. ne yeh, call cut hone ka pta hi ni chlta, call cut ho ya recieve na ho dono pe no answer likha ata h, plz correct it whatsapp, btw all good 👍🏻",0,39,170,2,0,0,0.9230769230769231,0,1,-0.296,1,0,1,0.0,0,1,0,1.0,0.0
bd9738ff-87b1-4a0d-9a46-f8bfcd7547d4,WhatsApp,Social Media,Anandhi.a Anandhi.a,Unknown,4,2025-11-09 02:40:23,my whatsapp bandad,my whatsapp bandad,0,3,18,0,0,0,1.0,0,1,0.0,1,0,1,0.0,0,1,0,4.0,0.0
be340698-56de-4645-bd6e-1d0f50589139,WhatsApp,Social Media,Sunita Devi,Unknown,1,2025-11-09 02:40:42,Not good,not good,0,2,8,0,0,0,1.0,0,0,-0.3412,1,0,1,0.0,0,2,0,1.0,0.0
fee0e631-4b0a-411e-b13b-4c73a36746e6,WhatsApp,Social Media,Andy Mensah,Unknown,1,2025-11-09 02:44:50,please people are complaining about linking device same here whiles I have good communication and WhatsApp is updated. work on linking device very well it's not working at all,please people are complaining about linking device same here whiles i have good communication and whatsapp is updated. work on linking device very well it's not working at all,0,29,175,0,0,0,0.9310344827586207,1,1,0.6997,1,0,1,0.0,0,1,1,1.0,0.0
be7fa161-7c58-4a46-9d23-f85bb646af18,WhatsApp,Social Media,Meeraa Krishnan,Unknown,1,2025-11-09 02:46:30,"keep on stopped working from a few chats, if I click the location it's being Stop","keep on stopped working from a few chats, if i click the location it's being stop",0,16,81,0,0,0,1.0,0,0,-0.4767,1,0,1,0.0,0,1,0,1.0,0.0
f61fb095-bdd5-4663-a363-886a140c7fda,WhatsApp,Social Media,Eugene Lionel,Unknown,4,2025-11-09 02:49:26,sometimes it doesn't callthe person I am calling,sometimes it doesn't callthe person i am calling,0,8,48,0,0,0,1.0,0,0,0.0,1,0,1,0.0,0,1,0,4.0,0.0
2e9abba7-cb33-4414-a3e8-2da7761992c3,WhatsApp,Social Media,Hoàng Nam,Unknown,1,2025-11-09 02:50:22,tải chỉ do bị ép nhận otp facebook,tải chỉ do bị ép nhận otp facebook,0,8,34,0,0,0,1.0,0,0,0.0,1,0,1,0.0,0,1,0,1.0,0.0
1f740a4a-865e-4d6a-a52a-fd1f2d6b2f93,WhatsApp,Social Media,Monica Kisweswe,Unknown,3,2025-11-09 02:51:08,whatsapp,whatsapp,0,1,8,0,0,0,1.0,0,1,0.0,1,0,1,0.0,0,11,0,3.0,0.0
483c2a9a-6aef-4525-82d8-454fc064630d,WhatsApp,Social Media,S RAHIM,Unknown,1,2025-11-09 02:52:27,very bad. because it is not syncing contacts,very bad. because it is not syncing contacts,0,8,44,0,0,0,1.0,0,0,-0.5849,1,0,1,0.0,0,1,0,1.0,0.0
b8d2fcbc-59b1-45bd-bd97-8554c6e7e5cf,WhatsApp,Social Media,Muhammad Siddique,Unknown,4,2025-11-09 02:57:10,Assalamualaikum how are you every buddy Whatsapp messenger the best app butt one problem it was hacked can Whatsapp solve it.......?,assalamualaikum how are you every buddy whatsapp messenger the best app butt one problem it was hacked can whatsapp solve it.......?,0,21,132,0,0,0,0.9523809523809523,0,1,0.1531,1,0,1,0.0,0,1,0,4.0,0.0
c6be20ac-1b42-4936-af91-7a3e98ae98f4,WhatsApp,Social Media,Kgatontle Makete,Unknown,1,2025-11-09 02:57:50,Ist say u are no longer with what app,ist say u are no longer with what app,1,9,37,0,0,0,1.0,0,1,-0.296,1,0,1,0.0,0,1,0,1.0,0.0
dc983698-26fe-4517-a946-600374764962,WhatsApp,Social Media,dorah Ngwagothu,Unknown,3,2025-11-09 03:04:30,I want to get my chat back,i want to get my chat back,0,7,26,0,0,0,1.0,0,0,0.0772,1,0,1,0.0,0,1,0,3.0,0.0
81abb3cb-25a5-44d4-b0b5-8d814497fe5b,WhatsApp,Social Media,Teresa Carter,Unknown,1,2025-11-09 03:04:45,Lovely,lovely,0,1,6,0,0,0,1.0,0,0,0.5859,1,0,1,0.0,0,1,1,1.0,0.0
6316092e-9393-47a7-a405-9b1245d9d59f,WhatsApp,Social Media,Jam's Margot (Jam's),Unknown,1,2025-11-09 03:04:58,"j'ai été banni de WhatsApp, alors que je respecte leur conditions d'utilisation et sans possibilité de me faire entendre","j'ai été banni de whatsapp, alors que je respecte leur conditions d'utilisation et sans possibilité de me faire entendre",0,19,120,0,0,0,0.9473684210526315,0,1,0.0,1,0,1,0.0,0,1,0,1.0,0.0
55845c8f-3010-49a2-9994-660c47cbc83f,WhatsApp,Social Media,tanu arora,Unknown,3,2025-11-09 03:08:56,I am not getting notification of calls and messages .. bcz of new update.what nonsense is this? Fix this problem.... in Portugal,i am not getting notification of calls and messages .. bcz of new update.what nonsense is this? fix this problem.... in portugal,3,22,128,0,0,0,0.9545454545454546,0,0,-0.7027,1,0,1,0.0,0,1,0,3.0,0.0
22e6aa0a-620a-45ef-b577-5d3eeeb35d28,WhatsApp,Social Media,Asoka Liyanage,Unknown,1,2025-11-09 03:21:23,worst customer support,worst customer support,1,3,22,0,0,0,1.0,0,0,-0.34,1,0,1,0.0,0,1,0,1.0,0.0
dbefe43d-a375-4d69-b7f6-682a38787554,WhatsApp,Social Media,Fani Fani,Unknown,1,2025-11-09 03:22:36,account unbaned,account unbaned,1,2,15,0,0,0,1.0,0,0,0.0,1,0,1,0.0,0,1,0,1.0,0.0
404ed2b4-dcd0-462b-8bf5-3ff701ddda91,WhatsApp,Social Media,Arjun Saini,Unknown,1,2025-11-09 03:23:24,my watsapp block please help note verification code..,my watsapp block please help note verification code..,1,8,53,0,0,0,1.0,0,1,0.2732,1,0,1,0.0,0,1,0,1.0,0.0
aacce88a-a409-4e55-b8d5-4b8a3db64fa9,WhatsApp,Social Media,Destiny Jackson,Unknown,3,2025-11-09 03:25:12,Nice app I. Love it,nice app i. love it,0,5,19,0,0,1,1.0,0,1,0.7906,1,0,1,0.0,0,1,0,3.0,0.0
04164c82-13de-4949-8100-078b61ed309d,WhatsApp,Social Media,Lily Jeon,Unknown,4,2025-11-09 03:28:16,the app is actually good,the app is actually good,0,5,24,0,0,0,1.0,0,1,0.4404,1,0,1,0.0,0,1,0,4.0,0.0
4f460d5b-3a58-4b54-9f30-237ac88755d0,WhatsApp,Social Media,Charlene Carlisle Rainier,Unknown,2,2025-11-09 03:32:02,"gtw, sering ngelag, avatarnya Aneh, jd kyk kekar bgt, ubah dong kyk dulu lg, tolong perbaiki bug.","gtw, sering ngelag, avatarnya aneh, jd kyk kekar bgt, ubah dong kyk dulu lg, tolong perbaiki bug.",0,17,97,0,0,0,0.9411764705882353,0,0,0.0,1,0,1,0.0,0,1,0,2.0,0.0
3a6d8030-6d79-4b9e-8440-061d7e140ef9,WhatsApp,Social Media,Vijay Kumar,Unknown,5,2025-11-09 03:32:04,WhatsApp did not login my number and device,whatsapp did not login my number and device,0,8,43,0,0,0,1.0,0,1,-0.0572,1,0,2,0.0,0,1,0,4.0,1.4142135623730951
8f25421e-5555-488c-ac50-1c8e69c455b2,WhatsApp,Social Media,Sbusiso Mthimkhulu2,Unknown,5,2025-11-09 03:32:08,My WhatsApp is not working,my whatsapp is not working,0,5,26,0,0,0,1.0,0,1,0.0,1,0,1,0.0,0,1,0,5.0,0.0
3ff260a0-abe9-41cf-8586-f57c1d09bf43,WhatsApp,Social Media,Shaha alom,Unknown,5,2025-11-09 03:32:25,just helpful,just helpful,0,2,12,0,0,0,1.0,0,0,0.4215,1,0,1,0.0,0,1,0,5.0,0.0
a06db1fb-030e-4ead-b20f-490572ca066d,WhatsApp,Social Media,NAMRUTYUNJAYA SAMARAT,Unknown,5,2025-11-09 03:32:53,"what's App message, chat, image send","what's app message, chat, image send",0,6,36,0,0,0,1.0,0,1,0.0,1,0,1,0.0,0,1,0,5.0,0.0
e44b4f74-2c66-4e44-a8b1-6a5d460edd32,WhatsApp,Social Media,Kailas Shinde,Unknown,1,2025-11-09 03:36:36,"My WhatsApp got disabled automatically, but not getting anable by pressing Anable button. please help.","my whatsapp got disabled automatically, but not getting anable by pressing anable button. please help.",0,15,102,0,0,0,0.9333333333333333,0,1,0.7579,1,0,1,0.0,0,1,1,1.0,0.0
e301ae94-5c4f-4ec5-987d-1c14747bfae7,WhatsApp,Social Media,Pranav Saktawat,Unknown,1,2025-11-09 03:36:56,very good app,very good app,0,3,13,0,0,0,1.0,0,1,0.4927,1,0,1,0.0,0,4,0,1.0,0.0
caa74ab5-e5b8-4fec-b91d-347f0b4beafb,WhatsApp,Social Media,mark Green,Unknown,4,2025-11-09 03:39:10,great connection,great connection,0,2,16,0,0,0,1.0,0,0,0.6249,1,0,1,0.0,0,1,0,4.0,0.0
468571e5-d126-4b58-972c-eca0813c76a5,WhatsApp,Social Media,Imran SSS,Unknown,5,2025-11-09 03:41:13,my WhatsApp account ristart plz,my whatsapp account ristart plz,0,5,31,0,0,0,1.0,0,1,0.0772,1,0,1,0.0,0,1,0,5.0,0.0
e9fdc627-9672-4cb8-9591-2294b71f267a,WhatsApp,Social Media,Gopal Bairwa,Unknown,5,2025-11-09 03:41:25,bahut achcha,bahut achcha,0,2,12,0,0,0,1.0,0,1,0.0,1,0,1,0.0,0,1,0,5.0,0.0
23456477-bc7d-4f0c-ab6e-748f899e77e6,WhatsApp,Social Media,Chando Devi,Unknown,5,2025-11-09 03:46:54,bohot badiya app,bohot badiya app,0,3,16,0,0,0,1.0,0,1,0.0,1,0,1,0.0,0,1,0,5.0,0.0
704a363e-a1d3-4027-8f46-a55162c8d629,WhatsApp,Social Media,Ramesh Sedhain,Unknown,5,2025-11-09 03:51:17,very helpful for long distances call and text.can use everywhere around the planet.,very helpful for long distances call and text.can use everywhere around the planet.,0,13,83,0,0,0,1.0,0,0,0.4754,1,0,1,0.0,0,1,0,5.0,0.0
e449395e-379a-49cc-a809-67e8be9c42a5,WhatsApp,Social Media,Quophi Clement,Unknown,5,2025-11-09 03:52:24,so lovely I love it,so lovely i love it,0,5,19,0,0,0,1.0,0,0,0.861,1,0,1,0.0,0,1,0,5.0,0.0
f9d7efd5-05d3-44e6-add0-f0b76d7e8d1f,WhatsApp,Social Media,Chandrajeet Yadav,Unknown,1,2025-11-09 03:52:42,not responding 😔,not responding 😔,0,3,16,1,0,0,1.0,0,0,-0.0572,1,0,1,0.0,0,1,0,1.0,0.0
045baba1-2cc5-4046-9706-125bfd682298,WhatsApp,Social Media,U Well,Unknown,5,2025-11-09 03:53:22,all is well,all is well,0,3,11,0,0,0,1.0,0,0,0.2732,1,0,1,0.0,0,1,0,5.0,0.0
bad165cb-93f1-4137-b094-dd3049f7db57,WhatsApp,Social Media,Eddie Hitler,Unknown,1,2025-11-09 03:55:06,It forces AI upon me. No option to disable it.,it forces ai upon me. no option to disable it.,0,10,46,0,0,1,1.0,0,0,-0.296,1,0,1,0.0,0,1,0,1.0,0.0
e44ea64c-9b3d-4fb9-bb31-b9156188ceb5,WhatsApp,Social Media,Elizabeth Maende,Unknown,1,2025-11-09 03:56:03,"Not official app ,can't verifying my phone numbers","not official app ,can't verifying my phone numbers",0,8,50,0,0,0,1.0,0,1,0.0,1,0,1,0.0,0,1,0,1.0,0.0
5921363b-15ed-44b3-9435-091224d37cd3,WhatsApp,Social Media,Neetu Kashyap,Unknown,1,2025-11-09 03:56:11,I don't like new update,i don't like new update,0,5,23,0,0,0,1.0,0,0,-0.2755,1,0,1,0.0,0,1,0,1.0,0.0
94128305-050d-42f9-9637-c6380e1df373,WhatsApp,Social Media,Craig,Unknown,1,2025-11-09 03:57:14,Just got banned for no reason whatsoever need my WhatsApp for family stuff 😡🤬,just got banned for no reason whatsoever need my whatsapp for family stuff 😡🤬,1,14,77,2,0,0,0.9285714285714286,0,1,-0.6369,1,0,1,0.0,0,1,0,1.0,0.0
12be8df2-2d7b-49bd-8672-60694351139f,WhatsApp,Social Media,krishna Nalwade,Unknown,5,2025-11-09 03:57:27,very good and excellent thanks,very good and excellent thanks,0,5,30,0,0,0,1.0,0,0,0.8766,1,0,1,0.0,0,1,0,5.0,0.0
8fd54c72-a01f-4e49-be5f-51281ce24933,WhatsApp,Social Media,Iqbal Khan,Unknown,5,2025-11-09 03:58:18,this app is so good,this app is so good,0,5,19,0,0,0,1.0,0,1,0.5777,1,0,1,0.0,0,1,0,5.0,0.0
77237cdd-2555-4d66-b5ac-3c1cfa1539d6,WhatsApp,Social Media,Habib Bladi,Unknown,5,2025-11-09 03:59:45,WhatsApp chatting,whatsapp chatting,0,2,17,0,0,0,1.0,0,1,0.0,1,0,1,0.0,0,1,0,5.0,0.0
ff7942bb-f4e6-4bc5-bb94-d3936673cde6,WhatsApp,Social Media,Uncle Sam1819 (aYaH PaN),Unknown,5,2025-11-09 03:59:57,add some app to scan contact stalker,add some app to scan contact stalker,0,7,36,0,0,0,1.0,0,1,0.0,1,0,1,0.0,0,1,0,5.0,0.0
f1e7f186-b303-4397-afa8-439b337e0341,WhatsApp,Social Media,Ganesh Ganesh prasad,Unknown,2,2025-11-09 04:00:40,very bad features,very bad features,0,3,17,0,0,0,1.0,0,0,-0.5849,1,0,1,0.0,0,1,0,2.0,0.0
95b92bed-7f18-48c2-9fb9-a13415214b48,WhatsApp,Social Media,Lino Oris,Unknown,5,2025-11-09 04:00:46,Guys I can't believe is there any other app more best than WhatsApp.,guys i can't believe is there any other app more best than whatsapp.,0,13,68,0,0,0,1.0,0,1,0.6697,1,0,1,0.0,0,1,0,5.0,0.0
d80862a9-2d10-4251-a18d-cb75013bf759,WhatsApp,Social Media,Anish Raj,Unknown,5,2025-11-09 04:03:11,nice update,nice update,0,2,11,0,0,0,1.0,0,0,0.4215,1,0,1,0.0,0,1,0,5.0,0.0
49d31652-65b2-487f-8e09-38e1d42bb4d0,WhatsApp,Social Media,Praveen Dwivedi,Unknown,1,2025-11-09 04:03:23,they are giving me repeated bans for no reason,they are giving me repeated bans for no reason,1,9,46,0,0,0,1.0,0,0,0.0516,1,0,1,0.0,0,1,0,1.0,0.0
b44e5131-9e30-4900-b9b5-ca088182d16e,WhatsApp,Social Media,Lila,Unknown,1,2025-11-09 04:04:17,"Worst update ever, it wasn't necessary for the bios to have temporality, y'all trying so hard to be like Discord.","worst update ever, it wasn't necessary for the bios to have temporality, y'all trying so hard to be like discord.",0,20,113,0,0,0,0.95,0,0,-0.7324,1,0,1,0.0,0,1,0,1.0,0.0
adee61c4-ade4-4bb4-bba6-8b5c849939a8,WhatsApp,Social Media,Krishna Jung,Unknown,1,2025-11-09 04:05:24,stupid app,stupid app,0,2,10,0,0,0,1.0,0,1,-0.5267,1,0,1,0.0,0,1,0,1.0,0.0
1be4373a-19c8-490a-8954-2efcbd1bb579,WhatsApp,Social Media,Raza Ahsan,Unknown,5,2025-11-09 04:06:52,Whatsapp is very very useful for me,whatsapp is very very useful for me,0,7,35,0,0,0,0.8571428571428571,0,1,0.5379,1,0,1,0.0,0,1,0,5.0,0.0
1df426bb-c6de-4433-b3a3-5ada03a2c795,WhatsApp,Social Media,Rozleyanah Ahmad,Unknown,5,2025-11-09 04:07:05,very easy to useful and simple app,very easy to useful and simple app,0,7,34,0,0,0,1.0,0,1,0.7474,1,0,1,0.0,0,1,0,5.0,0.0
c554f36e-98f4-44c2-b795-4fc9c146f14f,WhatsApp,Social Media,Nadeem rana,Unknown,5,2025-11-09 04:07:38,nice 👍,nice 👍,0,2,6,1,0,0,1.0,0,0,0.4215,1,0,1,0.0,0,2,0,5.0,0.0
9d0b063f-05ba-4204-b606-604cedbcfd20,WhatsApp,Social Media,h,Unknown,1,2025-11-09 04:08:03,no simple restore on android,no simple restore on android,0,5,28,0,0,0,1.0,0,0,-0.4745,1,0,1,0.0,0,1,0,1.0,0.0
4af742f8-9537-4efb-8903-fb93568bf5d3,WhatsApp,Social Media,Ronjon Basumatary,Unknown,5,2025-11-09 04:08:27,bad app,bad app,0,2,7,0,0,0,1.0,0,1,-0.5423,1,0,1,0.0,0,1,1,5.0,0.0
5c924bf9-aae2-4086-a40d-b6918a0cb035,WhatsApp,Social Media,Rahul Official,Unknown,5,2025-11-09 04:09:17,my favourite apps,my favourite apps,0,3,17,0,0,0,1.0,0,1,0.0,1,0,1,0.0,0,1,0,5.0,0.0
d17b5a27-77ac-4706-86e0-35935b36e065,WhatsApp,Social Media,Rabby Hasan,Unknown,1,2025-11-09 04:09:34,i am interested,i am interested,0,3,15,0,0,0,1.0,0,0,0.4019,1,0,1,0.0,0,1,0,1.0,0.0
51a53cc5-07c8-49d2-aae9-75b83562893e,WhatsApp,Social Media,Ayan Haider,Unknown,5,2025-11-09 04:11:54,nice whatsapp,nice whatsapp,0,2,13,0,0,0,1.0,0,1,0.4215,1,0,1,0.0,0,1,0,5.0,0.0
24d5de2c-5a33-4ab6-90f8-65f52bb7ac32,WhatsApp,Social Media,Samuel Okhankhuele,Unknown,4,2025-11-09 04:11:56,fine by me,fine by me,0,3,10,0,0,0,1.0,0,0,0.2023,1,0,1,0.0,0,1,0,4.0,0.0
1fc8f168-277f-47d5-a83f-318018b3ce59,WhatsApp,Social Media,Amisha,Unknown,1,2025-11-09 04:12:34,hey whatsapp I send confidential messages to stranger . how I can delete 4 days ago messages.,hey whatsapp i send confidential messages to stranger . how i can delete 4 days ago messages.,0,17,93,0,0,0,0.9411764705882353,0,1,0.0,1,0,1,0.0,0,1,0,1.0,0.0
14253fe9-3395-40b7-99db-669617303147,WhatsApp,Social Media,Bilal Tayyab,Unknown,1,2025-11-09 04:12:54,My what's up is blocked? why plz unblock.,my what's up is blocked? why plz unblock.,1,8,41,0,0,0,1.0,0,0,-0.2023,1,0,1,0.0,0,1,0,1.0,0.0
e226d080-93df-46af-9360-973276c497e3,WhatsApp,Social Media,Suthar Trikmaram,Unknown,1,2025-11-09 04:13:17,not received otp,not received otp,0,3,16,0,0,0,1.0,0,0,0.0,1,0,1,0.0,0,1,0,1.0,0.0
3c336abb-fe7c-4f98-b59d-86296f0b8685,WhatsApp,Social Media,Kajal Rani,Unknown,5,2025-11-09 04:15:34,Fabulous app,fabulous app,0,2,12,0,0,0,1.0,0,1,0.5267,1,0,1,0.0,0,1,0,5.0,0.0
db0a7b6f-4e1a-403b-b6c2-8bca260b3c76,WhatsApp,Social Media,Riaz Ahmad Bhatti 3ggg,Unknown,5,2025-11-09 04:15:38,my account have banned,my account have banned,0,4,22,0,0,0,1.0,0,0,-0.4588,1,0,1,0.0,0,1,0,5.0,0.0
281cc9b3-2ead-45cb-a323-3d4a96174114,WhatsApp,Social Media,Thabiso,Unknown,5,2025-11-09 04:16:44,It is nice because I can talk with my friend's Who are far away to me,it is nice because i can talk with my friend's who are far away to me,0,16,69,0,0,0,1.0,0,0,0.4215,1,0,1,0.0,0,1,0,5.0,0.0
52fb3257-151f-495a-a282-4902d1f4b34c,WhatsApp,Social Media,Tisha Gupta,Unknown,1,2025-11-09 04:18:25,my whatsapp official is login more than 10 days. they didn't solve my problem,my whatsapp official is login more than 10 days. they didn't solve my problem,1,14,77,0,0,0,0.9285714285714286,0,1,0.1695,1,0,1,0.0,0,1,0,1.0,0.0
edcc4dbc-527d-41c6-be9c-652890c67c54,WhatsApp,Social Media,Azha Tunyi,Unknown,1,2025-11-09 04:19:18,"Media doesn't exist on your internal storage"" even my memory card is ok. Problems in WhatsApp. Zero Rating","media doesn't exist on your internal storage"" even my memory card is ok. problems in whatsapp. zero rating",0,18,106,0,0,0,1.0,0,1,-0.4019,1,0,1,0.0,0,1,0,1.0,0.0
ee9702a9-632e-4cf6-9292-887c8f53480e,WhatsApp,Social Media,Sonal Shah,Unknown,5,2025-11-09 04:19:43,yes yes but beta tell Mera to make whatsapp lite app like fb n others,yes yes but beta tell mera to make whatsapp lite app like fb n others,0,15,69,0,0,0,0.9333333333333333,0,1,0.714,1,0,1,0.0,0,1,0,5.0,0.0
9e345e35-13f0-4657-aefb-a238decbb3c8,WhatsApp,Social Media,KIDDIE BIRDS PRE SCHOOL,Unknown,4,2025-11-09 04:20:33,good application,good application,0,2,16,0,0,0,1.0,0,1,0.4404,1,0,1,0.0,0,2,0,4.0,0.0
6ef6e99e-ca9e-4541-907d-3b70c71cf04d,WhatsApp,Social Media,Emmo Khan,Unknown,5,2025-11-09 04:22:17,Vary good App,vary good app,0,3,13,0,0,0,1.0,0,1,0.4404,1,0,1,0.0,0,1,0,5.0,0.0
cae8dab2-ec78-4ba7-895e-bb2fda009b6b,WhatsApp,Social Media,Peneyambeko Simon,Unknown,1,2025-11-09 04:22:41,Deleted my old app it was not sending nor receiving now it is a struggle to install the new app as it not downloading i dont even know how to fix this.,deleted my old app it was not sending nor receiving now it is a struggle to install the new app as it not downloading i dont even know how to fix this.,1,32,151,0,0,0,0.84375,1,1,-0.3182,1,0,1,0.0,0,1,0,1.0,0.0
6aa1cce7-e66d-4086-9603-f1529eb9dfad,WhatsApp,Social Media,Joy John,Unknown,5,2025-11-09 04:22:42,"fine ,","fine ,",0,2,6,0,0,0,1.0,0,0,0.2023,1,0,1,0.0,0,1,0,5.0,0.0
036b1ebe-712e-45b1-9564-f62e2da934fa,WhatsApp,Social Media,Shaik Quite,Unknown,5,2025-11-09 04:23:24,theek hai WhatsApp bhi acchi service de raha hai,theek hai whatsapp bhi acchi service de raha hai,0,9,48,0,0,0,0.8888888888888888,0,1,0.0,1,0,1,0.0,0,1,0,5.0,0.0
6dff8dc8-8925-46d6-83c0-00d09885c244,WhatsApp,Social Media,Susan Banda,Unknown,1,2025-11-09 04:24:37,"why is my account banned when I don't remember violating the rules,^🤔🤯😭😡","why is my account banned when i don't remember violating the rules,^🤔🤯😭😡",1,12,72,4,0,0,1.0,0,0,-0.5023,1,0,1,0.0,0,1,0,1.0,0.0
16c4a122-7666-416e-b060-343b5b9851ec,WhatsApp,Social Media,Aber Jackline,Unknown,1,2025-11-09 04:25:33,I wonder why WhatsApp keeps on banning my account with no reason am out of patience,i wonder why whatsapp keeps on banning my account with no reason am out of patience,1,16,83,0,0,0,1.0,0,1,-0.296,1,0,1,0.0,0,1,0,1.0,0.0
2237d64b-3f51-4cbd-860f-b3668ef9cec8,WhatsApp,Social Media,Sumathi Govindasamy,Unknown,5,2025-11-09 04:25:40,update please 🥰😘😭,update please 🥰😘😭,0,3,17,3,0,0,1.0,0,0,0.8519,1,0,1,0.0,0,1,0,5.0,0.0
487cd002-794c-48b3-a03c-d85134a41270,WhatsApp,Social Media,Sabir Babu,Unknown,4,2025-11-09 04:25:58,its really amazing charting the new experience,its really amazing charting the new experience,0,7,46,0,0,0,1.0,0,0,0.624,1,0,1,0.0,0,1,0,4.0,0.0
92601a61-a890-4de5-babe-d390245ab2af,WhatsApp,Social Media,Ema Edu,Unknown,5,2025-11-09 04:26:52,iko good,iko good,0,2,8,0,0,0,1.0,0,0,0.4404,1,0,1,0.0,0,1,0,5.0,0.0
02b8d6cd-010b-4e09-9317-c4b281d4afb7,WhatsApp,Social Media,Uday Yadav,Unknown,1,2025-11-09 04:26:57,search option is not showing,search option is not showing,0,5,28,0,0,0,1.0,0,0,0.0,1,0,1,0.0,0,1,0,1.0,0.0
443d9d21-f46b-4e57-a4ac-902cc6affbfe,WhatsApp,Social Media,Subash Barik,Unknown,5,2025-11-09 04:27:06,𝐍𝐨𝐫𝐦𝐚𝐥,𝐍𝐨𝐫𝐦𝐚𝐥,0,1,6,0,0,0,1.0,0,0,0.0,1,0,1,0.0,0,1,0,5.0,0.0
2e2b9043-2992-4d81-b7ad-9e8323e19633,WhatsApp,Social Media,Põĺõkö Ďòđõ,Unknown,5,2025-11-09 04:27:27,The app is not working,the app is not working,0,5,22,0,0,0,1.0,0,1,0.0,1,0,1,0.0,0,1,0,5.0,0.0
4e779684-9c24-48bc-832c-bec25e7d4d09,WhatsApp,Social Media,Galangga Sayoga Pratama,Unknown,1,2025-11-09 04:27:30,why always force close?,why always force close?,0,4,23,0,0,0,1.0,0,0,0.0,1,0,1,0.0,0,1,0,1.0,0.0
5f98f7eb-fc98-4efe-b44c-87f32d4c8c6a,WhatsApp,Social Media,Adam Law,Unknown,1,2025-11-09 04:28:00,"stupid whatsapp management, we as couriers couldn't chat with our customers due to this restriction ban.","stupid whatsapp management, we as couriers couldn't chat with our customers due to this restriction ban.",1,16,104,0,0,0,1.0,0,1,-0.8546,1,0,1,0.0,0,1,0,1.0,0.0
942eab4e-b761-4082-a357-6f6112ff92bc,WhatsApp,Social Media,Manesh Babu,Unknown,5,2025-11-09 04:28:46,unbanned problem solution please,unbanned problem solution please,0,4,32,0,0,0,1.0,0,0,0.2263,1,0,1,0.0,0,1,0,5.0,0.0
2f563d44-c630-4c4f-9cc5-2de7f642984e,WhatsApp,Social Media,RAVI SAHU,Unknown,1,2025-11-09 04:28:57,GB has always been behind WhatsApp but till date GB WhatsApp has not been banned.,gb has always been behind whatsapp but till date gb whatsapp has not been banned.,1,15,81,0,0,2,0.7333333333333333,0,1,0.4973,1,0,1,0.0,0,1,0,1.0,0.0
9a6ee6d2-8edb-4f72-b45b-5592d18792a9,WhatsApp,Social Media,siddula viran kumar,Unknown,1,2025-11-09 04:29:44,Don't understand why this WhatsApp gets banned unnecessarily and we need to be replaced by some other messenger apps,don't understand why this whatsapp gets banned unnecessarily and we need to be replaced by some other messenger apps,1,19,116,0,0,0,1.0,0,1,-0.4588,1,0,1,0.0,0,1,0,1.0,0.0
80e1930f-9136-4fa1-b770-0e6f30b55e53,WhatsApp,Social Media,Syahdani Nurmala,Unknown,5,2025-11-09 04:30:41,Best for Communication,best for communication,0,3,22,0,0,0,1.0,0,0,0.6369,1,0,1,0.0,0,1,0,5.0,0.0
c274a079-b699-4838-a46f-fda367294815,WhatsApp,Social Media,Wafa Rizvi,Unknown,5,2025-11-09 04:31:31,best aap in the world,best aap in the world,0,5,21,0,0,0,1.0,0,0,0.6369,1,0,1,0.0,0,1,0,5.0,0.0
05e7d0dc-859a-4fcc-96f7-171da6da206b,WhatsApp,Social Media,Gulam Haider,Unknown,5,2025-11-09 04:33:13,olam had that,olam had that,0,3,13,0,0,0,1.0,0,0,0.0,1,0,1,0.0,0,1,0,5.0,0.0
c07018ee-0165-48b1-8d21-f67ff3fea91c,WhatsApp,Social Media,Jaid Khan,Unknown,5,2025-11-09 04:34:13,lovly,lovly,0,1,5,0,0,0,1.0,0,0,0.0,1,0,1,0.0,0,1,0,5.0,0.0
d43d5eae-49e0-4565-812a-ed9b27378e71,WhatsApp,Social Media,Kamlesh Meena,Unknown,5,2025-11-09 04:34:21,super 👌,super 👌,0,2,7,1,0,0,1.0,0,0,0.876,1,0,1,0.0,0,1,0,5.0,0.0
67f5f21b-5e01-4c2f-99fe-766c2e182268,WhatsApp,Social Media,06_Lucky Arsya Nugraha,Unknown,1,2025-11-09 04:35:33,I have a suggestion about what you need to add in WhatsApp. You need to add a system that made user know who is not fill the vote.,i have a suggestion about what you need to add in whatsapp. you need to add a system that made user know who is not fill the vote.,1,28,130,0,0,0,0.8214285714285714,0,1,0.0,1,0,1,0.0,0,1,0,1.0,0.0
da20abd8-6d31-4c87-921f-77ffef870918,WhatsApp,Social Media,Illyani Adnan,Unknown,1,2025-11-09 04:36:29,Suddenly declare as spam while no spam action done. Use a private no for private used.,suddenly declare as spam while no spam action done. use a private no for private used.,1,16,86,0,0,0,0.8125,0,0,-0.3798,1,0,1,0.0,0,1,0,1.0,0.0
871b0e56-c304-40c0-9359-7931bed9b80c,WhatsApp,Social Media,Judas Bwoy,Unknown,5,2025-11-09 04:36:52,good application,good application,0,2,16,0,0,0,1.0,0,1,0.4404,1,0,1,0.0,0,2,0,5.0,0.0
5e4cec55-8d60-486b-b8d4-946168d2715d,WhatsApp,Social Media,Leo Lexie,Unknown,5,2025-11-09 04:38:27,Very good!!!! Quick and easy.,very good!!!! quick and easy.,0,5,29,0,0,0,1.0,0,0,0.8053,1,0,1,0.0,0,1,0,5.0,0.0
310da4ed-0679-4bf8-95e0-11aa3ca38220,WhatsApp,Social Media,Khumbulani Moyo,Unknown,5,2025-11-09 04:41:08,unban my number please,unban my number please,0,4,22,0,0,0,1.0,0,0,0.3818,1,0,1,0.0,0,1,0,5.0,0.0
a956b47d-f79b-42ef-9755-56f0c840d97e,WhatsApp,Social Media,Aleem Naseer,Unknown,5,2025-11-09 04:42:42,its not good you are not ise this app,its not good you are not ise this app,0,9,37,0,0,0,0.8888888888888888,0,1,-0.3412,1,0,1,0.0,0,1,0,5.0,0.0
3d0145d3-fcc0-48d8-862e-d705adfd95e9,WhatsApp,Social Media,Meera Bhise,Unknown,2,2025-11-09 04:44:30,sarthak,sarthak,0,1,7,0,0,0,1.0,0,0,0.0,1,0,1,0.0,0,1,0,2.0,0.0
69574023-848d-49b4-96d9-dabcd5d8c086,WhatsApp,Social Media,letitia,Unknown,4,2025-11-09 04:45:02,why update bios? those remnants from 2014 are now gone,why update bios? those remnants from 2014 are now gone,0,10,54,0,0,0,1.0,0,0,0.0,1,0,1,0.0,0,1,0,4.0,0.0
4dd832d5-5bd1-445b-9051-74c9a9b1c0c0,WhatsApp,Social Media,Sajal Saha,Unknown,4,2025-11-09 04:48:43,it is goo but some time I get bored 😴 😐,it is goo but some time i get bored 😴 😐,0,11,39,2,0,0,1.0,0,0,-0.3919,1,0,1,0.0,0,1,0,4.0,0.0
c2f7252f-a572-4d63-91b8-9cea4b287609,WhatsApp,Social Media,fredelina kaseh miku,Unknown,1,2025-11-09 04:49:05,"updated on 8/11, suddenly unable to pinned chat??! unable to set a notification on certain chat unable to set wallpaper to chat","updated on 8/11, suddenly unable to pinned chat??! unable to set a notification on certain chat unable to set wallpaper to chat",1,22,127,0,0,0,0.6363636363636364,0,0,0.4122,1,0,1,0.0,0,1,0,1.0,0.0
bef2b241-0e43-4d5a-be8b-fa57db104d6e,WhatsApp,Social Media,Jack Hadad,Unknown,2,2025-11-09 04:49:14,very difficult to transfwr from one phone to another,very difficult to transfwr from one phone to another,0,9,52,0,0,0,0.8888888888888888,0,0,-0.4201,1,0,1,0.0,0,1,0,2.0,0.0
5d54c4b6-8a0c-49d8-ae82-6ca5c09c1720,WhatsApp,Social Media,Abdul Ali,Unknown,5,2025-11-09 04:49:52,this is WhatsAppe,this is whatsappe,0,3,17,0,0,0,1.0,0,1,0.0,1,0,1,0.0,0,1,0,5.0,0.0
6d498c04-47c2-49b7-8ded-fb866e2816bc,WhatsApp,Social Media,ᴛʜᴇᴊᴀꜱ,Unknown,5,2025-11-09 04:52:47,Upload quality (both in status sharing and sending) is very poor,upload quality (both in status sharing and sending) is very poor,0,11,64,0,0,0,1.0,0,0,-0.1513,1,0,1,0.0,0,1,0,5.0,0.0
ff291e4e-39eb-4983-bed0-167d0b93a0f0,WhatsApp,Social Media,Anurag Kumar,Unknown,1,2025-11-09 04:53:12,not working,not working,0,2,11,0,0,0,1.0,0,0,0.0,1,0,1,0.0,0,2,0,1.0,0.0
780b3555-049a-4169-a444-0c9904014e3f,WhatsApp,Social Media,Jai Ram,Unknown,1,2025-11-09 04:57:20,I didn't not received verification code,i didn't not received verification code,0,6,39,0,0,0,1.0,0,0,0.0,1,0,1,0.0,0,1,0,1.0,0.0
1ce59596-63e2-41fc-8117-ec09dbcd2e66,WhatsApp,Social Media,Mukesh Ramani,Unknown,5,2025-11-09 04:57:51,good Morning 🌞,good morning 🌞,0,3,14,1,0,0,1.0,0,0,0.4404,1,0,1,0.0,0,1,0,5.0,0.0
0ee45f50-ce5e-4bb5-b856-34685c3bb3b0,WhatsApp,Social Media,Dogo Mopki,Unknown,4,2025-11-09 04:59:50,Im finding it difficult ro operate this app on my oppo A32,im finding it difficult ro operate this app on my oppo a32,0,12,58,0,0,1,1.0,0,1,-0.3612,1,0,1,0.0,0,1,0,4.0,0.0
1a23ec6a-1a85-49ee-86d0-5c953bffd705,WhatsApp,Social Media,Dinesh Jangid,Unknown,1,2025-11-09 05:03:01,bakwas saervis,bakwas saervis,0,2,14,0,0,0,1.0,0,1,0.0,1,0,1,0.0,0,1,0,1.0,0.0
4445bfac-9972-4065-8f4e-8a1acada8404,WhatsApp,Social Media,Tunnu Ahamad,Unknown,1,2025-11-09 05:03:08,"Bro, please fix this in the app first — whenever we send 4K photos or videos on WhatsApp, the quality gets ruined. The first photo especially becomes blurry or bad. Please make sure this issue is fixed in WhatsApp first.","bro, please fix this in the app first — whenever we send 4k photos or videos on whatsapp, the quality gets ruined. the first photo especially becomes blurry or bad. please make sure this issue is fixed in whatsapp first.",0,40,220,0,0,1,0.825,0,1,-0.3353,1,0,1,0.0,0,1,0,1.0,0.0
b9b29693-b1f4-4d59-b090-c40c83b47e03,WhatsApp,Social Media,Shijendran S,Unknown,4,2025-11-09 05:04:05,This is a very very good 👌👌👌 app,this is a very very good 👌👌👌 app,0,8,32,3,0,0,0.875,0,1,0.9708,1,0,1,0.0,0,1,0,4.0,0.0
74fcfb20-1429-491f-86c2-2cd5747fe1ed,WhatsApp,Social Media,Nakiyingi Loy,Unknown,5,2025-11-09 05:04:28,I can make video chat,i can make video chat,0,5,21,0,0,0,1.0,0,0,0.0,1,0,1,0.0,0,1,0,5.0,0.0
1726eeff-c97a-4258-8b31-260a03f2dfbb,WhatsApp,Social Media,Uttam,Unknown,1,2025-11-09 05:04:33,How can I get restore watsapp App,how can i get restore watsapp app,0,7,33,0,0,0,1.0,0,1,0.296,1,0,1,0.0,0,1,0,1.0,0.0
977abd68-64da-4e42-9768-1055470d3a62,WhatsApp,Social Media,Joe ang,Unknown,5,2025-11-09 05:04:53,is useful,is useful,0,2,9,0,0,0,1.0,0,0,0.4404,1,0,1,0.0,0,1,0,5.0,0.0
09a340b6-18f1-467e-86c2-382b621c2151,WhatsApp,Social Media,Khalil Shattering,Unknown,5,2025-11-09 05:06:31,Best App,best app,0,2,8,0,0,0,1.0,0,1,0.6369,1,0,1,0.0,0,4,0,5.0,0.0
2fced79d-6265-4859-a892-0f837234e7d8,WhatsApp,Social Media,Rakhi Saxena,Unknown,5,2025-11-09 05:07:37,Good ....,good ....,0,2,9,0,0,0,1.0,0,0,0.4404,1,0,1,0.0,0,1,0,5.0,0.0
db80dcd1-f62f-4f5e-8a0c-b5a5dcabc939,WhatsApp,Social Media,Hussein Daoud,Unknown,1,2025-11-09 05:07:43,became harder to use after every update,became harder to use after every update,0,7,39,0,0,0,1.0,0,0,0.0,1,0,1,0.0,0,1,0,1.0,0.0
ae278776-8892-4fa8-a656-d4b5324aeff8,WhatsApp,Social Media,Laxmi Devi,Unknown,1,2025-11-09 05:10:55,watsapp anlocked,watsapp anlocked,0,2,16,0,0,0,1.0,0,1,0.0,1,0,1,0.0,0,1,0,1.0,0.0
645dc717-867e-4764-ae7a-c9c0b3fd9f7b,WhatsApp,Social Media,Md Shahid Ansari,Unknown,4,2025-11-09 05:14:43,Facing lots of bugs in the latest update please fix those..,facing lots of bugs in the latest update please fix those..,0,11,59,0,0,0,1.0,0,0,0.3182,1,0,1,0.0,0,1,0,4.0,0.0
c526ba72-68b4-4f10-b3be-802a14a40612,WhatsApp,Social Media,Meer Muhammad,Unknown,1,2025-11-09 05:16:18,It's nice,it's nice,0,2,9,0,0,0,1.0,0,0,0.4215,1,0,1,0.0,0,1,0,1.0,0.0
f7750553-ac36-4791-ad7b-e9ec2176022b,WhatsApp,Social Media,Vijay Kumar,Unknown,3,2025-11-09 05:20:39,I have a bug on putting song in my status please fix it,i have a bug on putting song in my status please fix it,0,13,55,0,0,0,1.0,0,0,0.3182,1,0,2,6515.0,0,1,0,4.0,1.4142135623730951
44a575fa-f4cf-431b-81c1-866e33c538d2,WhatsApp,Social Media,Anup Ingale,Unknown,1,2025-11-09 05:22:37,"while doing a video call , not able to remove background.","while doing a video call , not able to remove background.",0,11,57,0,0,0,1.0,0,0,0.0,1,0,1,0.0,0,1,0,1.0,0.0
08af5a51-9a2a-4f1c-9d94-87be4146d523,WhatsApp,Social Media,anlin lita,Unknown,1,2025-11-09 05:26:11,"After downloading the lastest update, some important contacts can't use the customized ringtone when calling, it's dissapointing. Please fix this!","after downloading the lastest update, some important contacts can't use the customized ringtone when calling, it's dissapointing. please fix this!",0,20,146,0,0,0,0.95,1,0,0.5255,1,0,1,0.0,0,1,1,1.0,0.0
4bcf1b26-bb92-41b3-8037-5b0a8d0b040a,WhatsApp,Social Media,bhavan narayana,Unknown,1,2025-11-09 05:28:44,why is it not possible to disable in app Browser. it is truly an invasion of privacy.,why is it not possible to disable in app browser. it is truly an invasion of privacy.,0,17,85,0,0,0,0.8823529411764706,0,1,0.4404,1,0,1,0.0,0,1,0,1.0,0.0
5e5e8557-8ef5-4bb6-826a-c4e0a099578d,WhatsApp,Social Media,Itai Gadzikwa,Unknown,1,2025-11-09 05:29:55,it's know longer working on my phone,it's know longer working on my phone,0,7,36,0,0,0,1.0,0,0,0.0,1,0,1,0.0,0,1,0,1.0,0.0
3fa980e9-9540-47d3-935c-a47cc2bd2d7b,WhatsApp,Social Media,anas anas,Unknown,1,2025-11-09 05:32:13,my WhatsApp account was banned anyone help me to slove the problem and to get back my whatsapp account anyone help,my whatsapp account was banned anyone help me to slove the problem and to get back my whatsapp account anyone help,0,21,114,0,0,0,0.7142857142857143,0,1,-0.0772,1,0,1,0.0,0,1,0,1.0,0.0
879b30c7-b2b9-4f5e-aa23-f420ab7cda81,WhatsApp,Social Media,Toome Toome,Unknown,4,2025-11-09 05:33:36,it's fine better,it's fine better,0,3,16,0,0,0,1.0,0,0,0.5719,1,0,1,0.0,0,1,0,4.0,0.0
2adb692d-de09-4211-bab6-71da49262751,WhatsApp,Social Media,Mutemwa Namanga,Unknown,4,2025-11-09 05:33:59,great,great,0,1,5,0,0,0,1.0,0,0,0.6249,1,0,1,0.0,0,6,0,4.0,0.0
fdb18471-1e2a-49dd-b9ed-8b8773e975a7,WhatsApp,Social Media,apsara s,Unknown,1,2025-11-09 05:39:08,Not sure about the app Very bad,not sure about the app very bad,0,7,31,0,0,0,1.0,0,1,-0.6961,1,0,1,0.0,0,1,0,1.0,0.0
5242cb5e-d1b6-4f6e-b0bc-8813b7dbd4e5,WhatsApp,Social Media,dilbag pannu,Unknown,1,2025-11-09 05:40:12,what's app doesn't download in my mob..what is problem please help,what's app doesn't download in my mob..what is problem please help,0,11,66,0,0,0,1.0,1,1,0.3182,1,0,1,0.0,0,1,0,1.0,0.0
2250b46b-691c-4425-b474-d3d4764105d0,WhatsApp,Social Media,Ahmad,Unknown,2,2025-11-09 05:43:40,nice but mushy otp code nhi it's chal rha isly bagair wettsapp verified ho Jay please,nice but mushy otp code nhi it's chal rha isly bagair wettsapp verified ho jay please,0,16,85,0,0,0,1.0,0,1,0.5927,1,0,1,0.0,0,1,1,2.0,0.0
e5c50baf-cdd3-4797-807b-727c26a0ccbe,WhatsApp,Social Media,Kandie Bonnie,Unknown,1,2025-11-09 05:44:30,my meta Ai isn't workin',my meta ai isn't workin',0,5,24,0,0,0,1.0,0,0,0.0,1,0,1,0.0,0,1,0,1.0,0.0
4dcbeacc-be97-4241-b087-0042e67c4cce,WhatsApp,Social Media,Deepak Sharma,Unknown,1,2025-11-09 05:47:28,app no install my device,app no install my device,0,5,24,0,0,0,1.0,1,1,-0.296,1,0,1,0.0,0,1,0,1.0,0.0
661eb5be-f493-438a-bf72-a732b97cbb2c,WhatsApp,Social Media,Sachin Sachin,Unknown,5,2025-11-09 05:47:38,yeah very usfuill,yeah very usfuill,0,3,17,0,0,0,1.0,0,0,0.296,1,0,1,0.0,0,1,0,5.0,0.0
2a33aa85-d9c0-4186-a31e-3b84f71b0790,WhatsApp,Social Media,Danagogo Darling,Unknown,5,2025-11-09 05:47:47,Good and helpful WhatsApp takes you to the next level,good and helpful whatsapp takes you to the next level,0,10,53,0,0,0,1.0,0,1,0.6908,1,0,1,0.0,0,1,0,5.0,0.0
abd409ee-67c2-4bbc-9279-83190858355a,WhatsApp,Social Media,Iyabo eniola,Unknown,4,2025-11-09 05:49:32,it is not that bad considering the fact that it has been used by millions of people all over the world,it is not that bad considering the fact that it has been used by millions of people all over the world,0,21,102,0,0,0,0.8571428571428571,0,0,0.431,1,0,1,0.0,0,1,0,4.0,0.0
2ead058f-2cf9-4d1e-82b8-3f2a953dd281,WhatsApp,Social Media,Akparobore Oghenetega,Unknown,5,2025-11-09 05:49:40,please WhatsApp unban my accounts you have banned 3 of my accounts and I still believe it's a mistake please do something about it @whatsapp,please whatsapp unban my accounts you have banned 3 of my accounts and i still believe it's a mistake please do something about it @whatsapp,0,25,140,0,0,0,0.88,0,1,-0.2023,1,0,1,0.0,0,1,0,5.0,0.0
3f41eea1-1c96-42e7-8ae2-7f9d55ba14d3,WhatsApp,Social Media,Shreya Anil bhalerao Bhalerao,Unknown,5,2025-11-09 05:50:34,it really good....😉,it really good....😉,0,3,19,1,0,0,1.0,0,0,0.4927,1,0,1,0.0,0,1,0,5.0,0.0
eae5c513-f920-4cf2-bb87-a3cb778f9326,WhatsApp,Social Media,Vibhor taggar,Unknown,1,2025-11-09 05:51:11,chat transfer and media transfer into a new device is pathetic,chat transfer and media transfer into a new device is pathetic,0,11,62,0,0,0,0.9090909090909091,0,0,-0.5719,1,0,1,0.0,0,1,0,1.0,0.0
d93f9fdb-7421-4e69-93f1-27928ec4f775,WhatsApp,Social Media,Nur Nahar begum Letter name,Unknown,5,2025-11-09 05:51:18,Whatsapp,whatsapp,0,1,8,0,0,0,1.0,0,1,0.0,1,0,1,0.0,0,11,0,5.0,0.0
53649054-f552-4c1f-b564-54e58ccec2d0,WhatsApp,Social Media,iTrideMyBest,Unknown,1,2025-11-09 05:52:47,I had to reinstall to login to my account,i had to reinstall to login to my account,0,9,41,0,0,0,0.7777777777777778,1,0,0.0,1,0,1,0.0,0,1,0,1.0,0.0
02331a36-a4ba-4f88-995e-81f278ea6f38,WhatsApp,Social Media,Raghu Kumar,Unknown,1,2025-11-09 05:54:46,रघु ही ❤️❤️❤️❤️,रघु ही ❤️❤️❤️❤️,0,3,15,0,0,0,1.0,0,0,0.0,1,0,1,0.0,0,1,0,1.0,0.0
8835e064-0a5b-43f7-bd25-ee942e2622ec,WhatsApp,Social Media,Armourcar Brake,Unknown,5,2025-11-09 05:59:22,It is very good effective messaging,it is very good effective messaging,0,6,35,0,0,0,1.0,0,0,0.763,1,0,1,0.0,0,1,0,5.0,0.0
79e2d4aa-3508-4fff-948e-1f81ae377178,WhatsApp,Social Media,Hammad Ali,Unknown,5,2025-11-09 06:00:03,this is good app but I can't use this my account are not open 🚫 please help us,this is good app but i can't use this my account are not open 🚫 please help us,0,18,78,1,0,0,0.9444444444444444,0,1,0.4691,1,0,1,0.0,0,1,0,5.0,0.0
f87c7cce-5b9e-468b-8985-4ee3568ce927,WhatsApp,Social Media,Vikash Kumar,Unknown,3,2025-11-09 06:01:34,"This is not good , as compare to teleram","this is not good , as compare to teleram",0,9,40,0,0,0,1.0,0,0,-0.3412,1,0,1,0.0,0,1,0,3.0,0.0
9ac92bf3-6eae-4af9-b5c4-5ef7ce2f86cf,WhatsApp,Social Media,Awongo Precious Amakiri,Unknown,4,2025-11-09 06:01:44,I just updated the app and it keeps crashing. Please fix it,i just updated the app and it keeps crashing. please fix it,0,12,59,0,0,0,0.9166666666666666,0,1,0.3182,1,0,1,0.0,0,1,0,4.0,0.0
289845ad-3f65-45f3-837d-bdd6a4298130,WhatsApp,Social Media,Prisca. Mandu mandu 2004,Unknown,3,2025-11-09 06:02:24,Gift machala,gift machala,0,2,12,0,0,0,1.0,0,1,0.4404,1,0,1,0.0,0,1,0,3.0,0.0
432e95f5-cc97-41d6-a11f-9504b91d26bb,WhatsApp,Social Media,Aswath,Unknown,5,2025-11-09 06:02:32,ಡಿಲೀಟ್,ಡಿಲೀಟ್,0,1,6,0,0,0,1.0,0,0,0.0,1,0,1,0.0,0,1,0,5.0,0.0
c299b299-037c-4043-b359-c5005330b1b1,WhatsApp,Social Media,Mummy Joy,Unknown,5,2025-11-09 06:04:17,what makes me to like this app is that it I good for transferring messages making video call and voice call both for sharing screen it is good I rate this app 5 over 5,what makes me to like this app is that it i good for transferring messages making video call and voice call both for sharing screen it is good i rate this app 5 over 5,0,35,167,0,0,0,0.7428571428571429,0,1,0.8779,1,0,1,0.0,0,1,0,5.0,0.0
46a0c463-f43e-4b58-bca1-44b419990840,WhatsApp,Social Media,Jasmine Pacifico,Unknown,2,2025-11-09 06:04:51,"It's fun, with out it I would have not spoken to my family..for years now","it's fun, with out it i would have not spoken to my family..for years now",0,15,73,0,0,0,1.0,0,0,0.5106,1,0,1,0.0,0,1,1,2.0,0.0
a15f76a0-6e3b-4693-a576-0a74893ef943,WhatsApp,Social Media,basheer chungam,Unknown,5,2025-11-09 06:04:53,IT'S VEARY COOL MAN,it's veary cool man,0,4,19,0,0,4,1.0,0,0,0.3182,1,0,1,0.0,0,1,0,5.0,0.0
275728b3-8809-45f4-9412-b9de79e5d9fa,WhatsApp,Social Media,นางฟ้า มาเฟีย,Unknown,3,2025-11-09 06:05:33,"Great, but i turned off every auto download thing, it couldn't stop and my memories is full..","great, but i turned off every auto download thing, it couldn't stop and my memories is full..",0,17,93,0,0,0,1.0,1,0,0.597,1,0,1,0.0,0,1,0,3.0,0.0
97022335-3f40-40d3-ad98-003a1b27db75,WhatsApp,Social Media,Tazmul Islam Arafat,Unknown,5,2025-11-09 06:06:40,my business whatsapp account bannet problem no raning,my business whatsapp account bannet problem no raning,0,8,53,0,0,0,1.0,0,1,-0.5994,1,0,1,0.0,0,1,1,5.0,0.0
7dbe105e-e91b-4a85-a4c1-1602aaebc9d2,WhatsApp,Social Media,Jade Perks,Unknown,5,2025-11-09 06:08:00,Great messaging app,great messaging app,0,3,19,0,0,0,1.0,0,1,0.6249,1,0,1,0.0,0,1,0,5.0,0.0
3b1a16ba-9920-4260-a678-5836dfda5d44,WhatsApp,Social Media,Mounika Choudary,Unknown,5,2025-11-09 06:08:47,im unable to move to iphone due to not getting otp on new iphone please help,im unable to move to iphone due to not getting otp on new iphone please help,0,16,76,0,0,0,0.8125,0,0,0.6124,1,0,1,0.0,0,1,0,5.0,0.0
4d0f1c62-26b9-4f12-a3bd-0a7e698e73b8,WhatsApp,Social Media,Vicky Giri,Unknown,1,2025-11-09 06:10:07,app bar bar cress ho raha hai,app bar bar cress ho raha hai,0,7,29,0,0,0,0.8571428571428571,0,1,0.0,1,0,1,0.0,0,1,0,1.0,0.0
64793222-35ab-4a2d-a71d-31ea57193ec7,WhatsApp,Social Media,Shankarlal Panwar,Unknown,5,2025-11-09 06:11:08,Khushi,khushi,0,1,6,0,0,0,1.0,0,0,0.0,1,0,1,0.0,0,1,0,5.0,0.0
8575ff8a-022e-44c3-97a6-fa524f347a2e,WhatsApp,Social Media,Aditya Kamble,Unknown,5,2025-11-09 06:13:10,quality and quantity,quality and quantity,0,3,20,0,0,0,1.0,0,0,0.0,1,0,1,0.0,0,1,0,5.0,0.0
e7ffe187-0785-4ef6-bf62-4515e0ee246e,WhatsApp,Social Media,Armando Chimundo,Unknown,4,2025-11-09 06:15:51,beleza,beleza,0,1,6,0,0,0,1.0,0,0,0.0,1,0,1,0.0,0,1,0,4.0,0.0
62d446d4-db85-4ecb-a1e2-b2755c8d1eca,WhatsApp,Social Media,javed khan,Unknown,5,2025-11-09 06:16:48,nice 👍🙂,nice 👍🙂,0,2,7,2,0,0,1.0,0,0,0.6712,1,0,1,0.0,0,1,0,5.0,0.0
7fe16672-31ea-4d4e-9351-926249c9d41b,WhatsApp,Social Media,Xxbxbshsg Bzgsh,Unknown,5,2025-11-09 06:17:04,Vijay kumar,vijay kumar,0,2,11,0,0,0,1.0,0,0,0.0,1,0,1,0.0,0,1,0,5.0,0.0
2deadf81-97ee-4b4f-816b-fc2aaafda192,WhatsApp,Social Media,Utpal Kandar,Unknown,5,2025-11-09 06:17:47,l love this app,l love this app,0,4,15,0,0,0,1.0,0,1,0.802,1,0,1,0.0,0,1,0,5.0,0.0
4c7f34c4-c901-44f6-b693-b124572d350b,WhatsApp,Social Media,Vishal Bhandare,Unknown,5,2025-11-09 06:19:24,this your can not your so butifully ap,this your can not your so butifully ap,0,8,38,0,0,0,0.875,0,0,0.0,1,0,1,0.0,0,1,0,5.0,0.0
ef9039bf-d5e0-45ea-b253-4148efb47702,WhatsApp,Social Media,Khan Go,Unknown,1,2025-11-09 06:19:25,Whatsapp Uninstall Beacuse Not Working. Whatsapp Code Not Received . This is no Help full app,whatsapp uninstall beacuse not working. whatsapp code not received . this is no help full app,0,16,93,0,0,0,0.875,1,1,-0.3089,1,0,1,0.0,0,1,0,1.0,0.0
91a7d2a6-5341-42cb-a036-ad934330676e,WhatsApp,Social Media,Nuru Se lon,Unknown,5,2025-11-09 06:20:20,hamen WhatsApp ki Khoj karna ki kore to ho gai,hamen whatsapp ki khoj karna ki kore to ho gai,0,10,46,0,0,0,0.9,0,1,0.0,1,0,1,0.0,0,1,0,5.0,0.0
2c63ab2e-e9f4-449e-a72c-186e1a29623e,WhatsApp,Social Media,Khir Ullh,Unknown,5,2025-11-09 06:20:23,please wathspp problem,please wathspp problem,0,3,22,0,0,0,1.0,0,0,-0.1027,1,0,1,0.0,0,1,0,5.0,0.0
2b40de62-b866-4f0d-a09b-da2f3fd5cb45,WhatsApp,Social Media,Alf MV,Unknown,1,2025-11-09 06:20:32,My account was banned for absolutely no reason. I have never violated any policy whatsoever.,my account was banned for absolutely no reason. i have never violated any policy whatsoever.,0,15,92,0,0,0,1.0,0,0,-0.4053,1,0,1,0.0,0,1,0,1.0,0.0
54e53ee7-4a6e-4b1f-ba31-6c9f6792b576,WhatsApp,Social Media,Laldi Zidi,Unknown,4,2025-11-09 06:20:56,it's good app,it's good app,0,3,13,0,0,0,1.0,0,1,0.4404,1,0,1,0.0,0,2,0,4.0,0.0
9616f77b-1606-4313-b827-0c3bbd4ba602,WhatsApp,Social Media,Md Romim,Unknown,1,2025-11-09 06:20:59,Don’t Install App🙂😡,don’t install app🙂😡,0,3,19,2,0,0,1.0,1,1,0.4033,1,0,1,0.0,0,1,0,1.0,0.0
94db74d1-1b2c-41b4-9e5d-2d1c3263aecd,WhatsApp,Social Media,Mohitkumarbhagat Mohitkumarbhagat,Unknown,1,2025-11-09 06:22:01,"How did my WhatsApp get hacked when you people give so much personal information, then I have asked for Rs 10,000 lost from my family, my family members have paid it, who will compensate for this?","how did my whatsapp get hacked when you people give so much personal information, then i have asked for rs 10,000 lost from my family, my family members have paid it, who will compensate for this?",0,36,196,0,0,0,0.8888888888888888,0,1,-0.6124,1,0,1,0.0,0,1,0,1.0,0.0
07e5a453-4ef4-4fc1-9322-6283d0c81099,WhatsApp,Social Media,Navraj Thind,Unknown,2,2025-11-09 06:25:52,it is to poor app for class,it is to poor app for class,0,7,27,0,0,0,1.0,0,1,-0.4767,1,0,1,0.0,0,1,0,2.0,0.0
3de27aae-bdc2-41a8-beb9-2c14f7e58575,WhatsApp,Social Media,Mandisa Majozi,Unknown,5,2025-11-09 06:27:10,this app look good works good for me perfectly,this app look good works good for me perfectly,0,9,46,0,0,0,0.8888888888888888,0,1,0.875,1,0,1,0.0,0,1,0,5.0,0.0
9e4fc5a5-8e41-4a71-b7da-642f292572a3,WhatsApp,Social Media,Emaan Khan,Unknown,1,2025-11-09 06:27:13,please WhatsApp my about duration time off I am not satisfied😒 this new update,please whatsapp my about duration time off i am not satisfied😒 this new update,0,14,78,1,0,0,1.0,0,1,-0.0083,1,0,1,0.0,0,1,0,1.0,0.0
6f8a9d13-397b-4077-90f9-1581c19f86bf,WhatsApp,Social Media,Awf Ash,Unknown,1,2025-11-09 06:27:35,whatsapp is deleting my numbers,whatsapp is deleting my numbers,0,5,31,0,0,0,1.0,0,1,0.0,1,0,1,0.0,0,1,0,1.0,0.0
c4687bb6-4bb3-4e3e-9363-2e872d647e97,WhatsApp,Social Media,Joyce Mabusela,Unknown,5,2025-11-09 06:28:34,it's fun to use WhatsApp message u get to communicate with distance relatives 🫠🫠🥰🥰,it's fun to use whatsapp message u get to communicate with distance relatives 🫠🫠🥰🥰,0,14,82,4,0,0,0.9285714285714286,0,1,0.9578,1,0,1,0.0,0,1,0,5.0,0.0
4724eee3-9546-4af5-b5c7-7e19ff64260d,WhatsApp,Social Media,Upendra Sutar,Unknown,1,2025-11-09 06:30:34,why whatsapp account banned unban whatsap emidiatly,why whatsapp account banned unban whatsap emidiatly,0,7,51,0,0,0,1.0,0,1,-0.4588,1,0,1,0.0,0,1,0,1.0,0.0
f87ce417-3d87-431e-876a-0b398c216b2c,WhatsApp,Social Media,Usman Opeyemi,Unknown,5,2025-11-09 06:31:13,this app is very nice it help me download all app try this app and thank me later,this app is very nice it help me download all app try this app and thank me later,0,18,81,0,0,0,0.7777777777777778,1,1,0.8204,1,0,1,0.0,0,1,0,5.0,0.0
2d3a4e49-4fa6-47a5-95c8-84f0f1c73796,WhatsApp,Social Media,Mohammad Dawod Emalzai,Unknown,5,2025-11-09 06:31:57,The best social Form for connecting with people.,the best social form for connecting with people.,0,8,48,0,0,0,1.0,0,0,0.6369,1,0,1,0.0,0,1,0,5.0,0.0
dca0bc2d-98fa-4482-98ac-3ee32feac677,WhatsApp,Social Media,FEJUKU IDOWU,Unknown,2,2025-11-09 06:31:59,this WhatsApp is missing on my phone how do i install it back?,this whatsapp is missing on my phone how do i install it back?,0,13,62,0,0,0,1.0,1,1,-0.296,1,0,1,0.0,0,1,0,2.0,0.0
2126aadb-b13e-488a-a02b-3db461cb262d,WhatsApp,Social Media,NALEDZANI Netshiedeulu,Unknown,4,2025-11-09 06:34:09,I like bcz can chat with someone who is far away from my country and I can call him with video call and voice calls I like the quality of it,i like bcz can chat with someone who is far away from my country and i can call him with video call and voice calls i like the quality of it,0,31,140,0,0,0,0.7741935483870968,0,0,0.6124,1,0,1,0.0,0,1,0,4.0,0.0
d55247e5-d31c-4a2b-9ec0-a65bce0e06e7,WhatsApp,Social Media,Vrushabh Sable,Unknown,5,2025-11-09 06:35:22,very useful app,very useful app,0,3,15,0,0,0,1.0,0,1,0.4927,1,0,1,0.0,0,1,0,5.0,0.0
75161c35-4e7e-44fe-b9fe-da3db11ee634,WhatsApp,Social Media,Memakiy Nilesh,Unknown,5,2025-11-09 06:36:13,very good app,very good app,0,3,13,0,0,0,1.0,0,1,0.4927,1,0,1,0.0,0,4,0,5.0,0.0
8069d342-dd50-4870-80c2-0db900da3d96,WhatsApp,Social Media,HASSAN Abdullahi,Unknown,2,2025-11-09 06:36:19,I use my WhatsApp numbers,i use my whatsapp numbers,0,5,25,0,0,0,1.0,0,1,0.0,1,0,1,0.0,0,1,0,2.0,0.0
eb218bef-1443-42aa-a6db-a2ce7d4d7017,WhatsApp,Social Media,Nur Akmal,Unknown,5,2025-11-09 06:37:53,waiting for username feature,waiting for username feature,3,4,28,0,0,0,1.0,0,0,0.0,1,0,1,0.0,0,1,0,5.0,0.0
86084484-b39d-44d9-a796-29fc6e3ed95a,WhatsApp,Social Media,Michael Souza,Unknown,1,2025-11-09 06:38:33,why required all the permission from our PHONE,why required all the permission from our phone,0,8,46,0,0,1,1.0,0,0,0.0,1,0,1,0.0,0,1,0,1.0,0.0
b0fc74d7-45bf-4f18-ac42-295bedfec845,WhatsApp,Social Media,Freeman Williams,Unknown,5,2025-11-09 06:38:58,"with whatsapp I have been able to reach out with my families friends and relatives, and also you can go online without data, I love this app because it made me make new friends online, thank you 😊","with whatsapp i have been able to reach out with my families friends and relatives, and also you can go online without data, i love this app because it made me make new friends online, thank you 😊",0,38,196,1,0,0,0.868421052631579,0,1,0.8868,1,0,1,0.0,0,1,0,5.0,0.0
94732cb0-a127-4c1a-8e89-bc5d8207b95e,WhatsApp,Social Media,marty E,Unknown,3,2025-11-09 06:42:52,"With the the latest update I cannot send messages, it reads failed to send message.","with the the latest update i cannot send messages, it reads failed to send message.",0,15,83,0,0,0,0.8666666666666667,0,0,-0.5106,1,0,1,0.0,0,1,0,3.0,0.0
903867f6-7eae-47c3-808c-eea8e0df2cf9,WhatsApp,Social Media,Hassan ali Shahi,Unknown,1,2025-11-09 06:46:11,Best app in the world 🌎,best app in the world 🌎,0,6,23,1,0,0,1.0,0,1,0.6369,1,0,1,0.0,0,1,1,1.0,0.0
e3f2bede-9a59-4aad-8c87-38d9d027f01d,WhatsApp,Social Media,Gyan Singh,Unknown,5,2025-11-09 06:48:30,good morning,good morning,0,2,12,0,0,0,1.0,0,0,0.4404,1,0,1,0.0,0,1,0,5.0,0.0
bd067f6c-0ebe-45cc-a35c-20f7ae9c4320,WhatsApp,Social Media,Zarmina,Unknown,2,2025-11-09 06:50:36,this is not as well as telegram,this is not as well as telegram,0,7,31,0,0,0,0.8571428571428571,0,0,-0.2057,1,0,1,0.0,0,1,0,2.0,0.0
c91b2b13-5e4f-4499-84bd-f42a676eab73,WhatsApp,Social Media,Manju Ara,Unknown,5,2025-11-09 06:50:38,all is better but hd video sending vary slow plasse update and sat this problam,all is better but hd video sending vary slow plasse update and sat this problam,0,15,79,0,0,0,1.0,0,0,0.2382,1,0,1,0.0,0,1,0,5.0,0.0
890b4701-637a-48dc-b8f1-c690661d6f1d,WhatsApp,Social Media,Salman Khan,Unknown,1,2025-11-09 06:51:50,Unable to restore backup. Existing google accounts doesn't show when adding a google account.,unable to restore backup. existing google accounts doesn't show when adding a google account.,0,14,93,0,0,0,0.9285714285714286,0,0,0.296,1,0,1,0.0,0,1,0,1.0,0.0
aeb07e91-e93b-45af-8dea-03da66301b11,WhatsApp,Social Media,Dhuwaragesh,Unknown,5,2025-11-09 06:52:19,excellent 🏆🏆🏆🎗,excellent 🏆🏆🏆🎗,0,2,14,4,0,0,1.0,0,0,0.5719,1,0,1,0.0,0,1,0,5.0,0.0
73375a50-b136-4dca-bb85-1380ecbc42e5,WhatsApp,Social Media,Manula nimsara,Unknown,5,2025-11-09 06:52:37,supar,supar,0,1,5,0,0,0,1.0,0,0,0.0,1,0,1,0.0,0,1,0,5.0,0.0
4f8aa54e-f1c4-469f-80e5-b6be63c3910f,WhatsApp,Social Media,Osbert Mwiinga,Unknown,5,2025-11-09 06:52:58,How can I receive the code to open the app,how can i receive the code to open the app,0,10,42,0,0,0,0.9,0,1,0.0,1,0,1,0.0,0,1,0,5.0,0.0
b254ec51-b9ee-40d4-bc61-6590ca75cb9d,WhatsApp,Social Media,Ahmad muhammadahmed,Unknown,5,2025-11-09 06:53:13,You just close my whatsapp i don't know what do you want to me to do please because of this problem i change my phone vivo to oppo but why still like this.,you just close my whatsapp i don't know what do you want to me to do please because of this problem i change my phone vivo to oppo but why still like this.,1,33,155,0,0,0,0.8181818181818182,0,1,0.4566,1,0,1,0.0,0,1,0,5.0,0.0
f310cd04-b3af-4713-b23f-c65008119dd7,WhatsApp,Social Media,Anonymous Spectre,Unknown,5,2025-11-09 06:53:17,so amazing,so amazing,0,2,10,0,0,0,1.0,0,0,0.624,1,0,1,0.0,0,2,0,5.0,0.0
900e3972-4966-4e1d-91ce-db66b1954277,WhatsApp,Social Media,Ron Casper,Unknown,1,2025-11-09 06:53:20,sucks,sucks,0,1,5,0,0,0,1.0,0,0,-0.3612,1,0,1,0.0,0,1,0,1.0,0.0
d7ce72ea-5795-44dd-beea-396a2dc0a984,WhatsApp,Social Media,Imran Warraich,Unknown,1,2025-11-09 06:53:55,wtsup band,wtsup band,0,2,10,0,0,0,1.0,0,0,0.0,1,0,1,0.0,0,1,0,1.0,0.0
de99e03b-b3aa-45a0-9de7-d12dd870f8bc,WhatsApp,Social Media,Mayur Mahajan,Unknown,1,2025-11-09 06:54:56,very poor to sending a video or images,very poor to sending a video or images,0,8,38,0,0,0,1.0,0,0,-0.5256,1,0,1,0.0,0,1,0,1.0,0.0
f9b67bb3-25fc-43d4-bffd-f40dbd45672b,WhatsApp,Social Media,Anton Pflaum,Unknown,1,2025-11-09 06:54:56,I keep being asked to sync my contacts when I try to forward any messages since about a week. Can't forward anything anymore. Meta's compulsory data collection is cancerous.,i keep being asked to sync my contacts when i try to forward any messages since about a week. can't forward anything anymore. meta's compulsory data collection is cancerous.,0,29,173,0,0,0,0.896551724137931,0,0,0.0,1,0,1,0.0,0,1,0,1.0,0.0
7d66e243-ef63-4331-85be-fd82f51e82a9,WhatsApp,Social Media,Bamidele Ayobami,Unknown,5,2025-11-09 06:55:53,Whatsapp is the best chatting app,whatsapp is the best chatting app,0,6,33,0,0,0,1.0,0,1,0.6369,1,0,1,0.0,0,1,0,5.0,0.0
b160fb0b-61a2-4316-937e-b0776befe697,WhatsApp,Social Media,Sulaiman Mohammad,Unknown,1,2025-11-09 06:55:58,"My WhatsApp account now has been blocked because spam, it happen for 10 times in a month please do fix for this issues, I just use WhatsApp for chat and call there's nothing spam activity on it.","my whatsapp account now has been blocked because spam, it happen for 10 times in a month please do fix for this issues, i just use whatsapp for chat and call there's nothing spam activity on it.",0,37,194,0,0,0,0.918918918918919,0,1,-0.049,1,0,1,0.0,0,1,0,1.0,0.0
26ac3f71-c238-4cf8-a9fd-70ca1ed3ada4,WhatsApp,Social Media,Chahel Basima,Unknown,5,2025-11-09 06:56:06,Nice app,nice app,0,2,8,0,0,0,1.0,0,1,0.4215,1,0,1,0.0,0,5,0,5.0,0.0
7b13d4c6-304c-40c4-b8e3-378e55a6d588,WhatsApp,Social Media,seema kousar,Unknown,1,2025-11-09 06:57:00,bilkol baykar rooz Myra watsapp banded krtay ho😭 so I m so tired 😩,bilkol baykar rooz myra watsapp banded krtay ho😭 so i m so tired 😩,0,14,66,2,0,0,0.9285714285714286,0,1,-0.8489,1,0,1,0.0,0,1,0,1.0,0.0
cfaaf391-38c6-40d5-9ece-efbc083bfd8a,WhatsApp,Social Media,MORECK Mvaire sibanda,Unknown,5,2025-11-09 06:57:07,very gud,very gud,0,2,8,0,0,0,1.0,0,0,0.0,1,0,1,0.0,0,1,0,5.0,0.0
a49e8047-9f25-48d9-b048-bc9bff7c085c,WhatsApp,Social Media,Saheb Ram,Unknown,5,2025-11-09 06:57:31,this is very good,this is very good,0,4,17,0,0,0,1.0,0,0,0.4927,1,0,1,0.0,0,1,0,5.0,0.0
6d47adf4-7018-4989-91ed-9b2b8bf95151,WhatsApp,Social Media,Rajkumar Das,Unknown,5,2025-11-09 07:00:18,awesome,awesome,0,1,7,0,0,0,1.0,0,0,0.6249,1,0,1,0.0,0,1,0,5.0,0.0
e54b0b5b-9a65-4158-8b1b-815cc51de231,WhatsApp,Social Media,Haji Rafique,Unknown,5,2025-11-09 07:00:46,very nice App,very nice app,0,3,13,0,0,0,1.0,0,1,0.4754,1,0,1,0.0,0,2,0,5.0,0.0
10ec0e54-55fa-4c09-a197-c3c61979a130,WhatsApp,Social Media,Esther Amaka,Unknown,1,2025-11-09 07:00:52,I changed my device and am trying to restore chats for 8 hours its still at 96 percent,i changed my device and am trying to restore chats for 8 hours its still at 96 percent,0,18,86,0,0,0,1.0,0,0,0.296,1,0,1,0.0,0,1,0,1.0,0.0
c3082f86-712d-40fd-a186-497c7bdaeacc,WhatsApp,Social Media,sanaullahkhan aminzi,Unknown,5,2025-11-09 07:01:07,Dear my whatsApp account is not opening showing this account longer used please solve this problem l have very urgent on whatsAppsoon as possible,dear my whatsapp account is not opening showing this account longer used please solve this problem l have very urgent on whatsappsoon as possible,0,24,145,0,0,0,0.9166666666666666,0,1,0.796,1,0,1,0.0,0,1,0,5.0,0.0
a3674ca9-4bb4-4cb3-85db-02ce378b447a,WhatsApp,Social Media,Bonisile Nciki,Unknown,5,2025-11-09 07:01:44,no comment,no comment,0,2,10,0,0,0,1.0,0,0,-0.296,1,0,1,0.0,0,1,0,5.0,0.0
5d62ba11-ea05-4eb6-8bee-c8c15d7d0a47,WhatsApp,Social Media,Dishan Madubashana,Unknown,5,2025-11-09 07:02:06,Best..👍,best..👍,0,1,7,1,0,0,1.0,0,0,0.6369,1,0,1,0.0,0,1,0,5.0,0.0
9ac48e79-4d72-4dc5-a619-7dd57095c9a8,WhatsApp,Social Media,Tsietsi Dibate,Unknown,1,2025-11-09 07:02:32,I lost my account someone hacked me and they did not help,i lost my account someone hacked me and they did not help,0,12,57,0,0,0,1.0,0,0,-0.7398,1,0,1,0.0,0,1,0,1.0,0.0
160ea2e5-527a-4147-b97e-9fddff3ea594,WhatsApp,Social Media,Nainshi Navin Singh rajput,Unknown,1,2025-11-09 07:04:14,status quality is very poor,status quality is very poor,0,5,27,0,0,0,1.0,0,0,-0.5256,1,0,1,0.0,0,1,0,1.0,0.0
69655a55-70ec-4e3d-a600-87dfce54872a,WhatsApp,Social Media,abhishek soni,Unknown,5,2025-11-09 07:04:57,superb,superb,0,1,6,0,0,0,1.0,0,0,0.6249,1,0,1,0.0,0,4,0,5.0,0.0
15c95539-4f85-46ac-bd86-7ce1c8e328bf,WhatsApp,Social Media,Abass Conteh,Unknown,5,2025-11-09 07:05:49,"This app is so good, very very good","this app is so good, very very good",0,8,35,0,0,0,0.875,0,1,0.8027,1,0,1,0.0,0,1,0,5.0,0.0
31034121-1467-4a58-963e-10c1d94a8c08,WhatsApp,Social Media,আয়েশা বেগম,Unknown,1,2025-11-09 07:06:20,কোট আসেনা,কোট আসেনা,0,2,9,0,0,0,1.0,0,0,0.0,1,0,1,0.0,0,1,0,1.0,0.0
85d5ac29-c967-4994-b8cd-b5de4d9012ef,WhatsApp,Social Media,Princess Archibong,Unknown,5,2025-11-09 07:06:52,Whatsapp is literally the best communication app I've ever used I love this app!❤️,whatsapp is literally the best communication app i've ever used i love this app!❤️,0,14,82,0,0,0,1.0,0,1,0.8655,1,0,1,0.0,0,1,0,5.0,0.0
569fa454-6c9c-4534-b2b6-db0c535426c9,WhatsApp,Social Media,Jeja Samir,Unknown,5,2025-11-09 07:07:23,hi sar new update fir se download,hi sar new update fir se download,0,7,33,0,0,0,1.0,1,0,0.0,1,0,1,0.0,0,1,0,5.0,0.0
74de5361-8658-4df3-8bbe-7472ec61b78b,WhatsApp,Social Media,ALI Md najim,Unknown,5,2025-11-09 07:07:35,please my recording my chat return,please my recording my chat return,0,6,34,0,0,0,0.8333333333333334,0,0,0.3182,1,0,1,0.0,0,1,0,5.0,0.0
5cf46ef8-14cc-414e-bb93-07f917b3b0bd,WhatsApp,Social Media,Prasanth Vrr,Unknown,3,2025-11-09 07:13:19,please old whatsapp not download help me,please old whatsapp not download help me,0,7,40,0,0,0,1.0,1,1,0.0108,1,0,1,0.0,0,1,0,3.0,0.0
3486258c-3a86-4841-ac6e-5a3d0ecce4a7,WhatsApp,Social Media,Nalds Repalda,Unknown,4,2025-11-09 07:13:31,I can't used camera why?,i can't used camera why?,0,5,24,0,0,0,1.0,0,0,0.0,1,0,1,0.0,0,1,0,4.0,0.0
df100b85-658f-41d4-9f94-b4285c256137,WhatsApp,Social Media,Benson Lopuke Lotieng,Unknown,4,2025-11-09 07:15:32,what's app,what's app,0,2,10,0,0,0,1.0,0,1,0.0,1,0,1,0.0,0,1,0,4.0,0.0
97b58da0-a6f4-4739-86b3-8eadcde822b2,WhatsApp,Social Media,janice kennedy,Unknown,1,2025-11-09 07:18:31,can't get back in,can't get back in,0,4,17,0,0,0,1.0,0,0,0.0,1,0,1,0.0,0,1,0,1.0,0.0
63f3ae72-e114-446c-8c57-bd7706db6a70,WhatsApp,Social Media,Rahul Kalgutkar,Unknown,2,2025-11-09 07:22:19,After the new update all the contacts saved are showing without names.,after the new update all the contacts saved are showing without names.,22,12,70,0,0,0,0.9166666666666666,0,0,0.4215,1,0,1,0.0,0,1,0,2.0,0.0
9a79912b-4b60-496c-88bd-3b14ec09f3a6,WhatsApp,Social Media,Sulaiman Muhammad,Unknown,4,2025-11-09 07:26:05,more good,more good,0,2,9,0,0,0,1.0,0,0,0.4927,1,0,1,0.0,0,1,0,4.0,0.0
1037c322-9ca7-4af7-b7a3-591400990956,WhatsApp,Social Media,Manvik Sharma,Unknown,1,2025-11-09 07:26:41,because my app is not working,because my app is not working,0,6,29,0,0,0,1.0,0,1,0.0,1,0,1,0.0,0,1,0,1.0,0.0
9f8dd906-ff3f-496c-a688-7c1d25f0f58b,WhatsApp,Social Media,omolade ajibise,Unknown,4,2025-11-09 07:30:07,Not bad 😐,not bad 😐,0,3,9,1,0,0,1.0,0,0,0.431,1,0,1,0.0,0,1,0,4.0,0.0
770a4ece-07c9-41ea-8308-b0dd62030938,WhatsApp,Social Media,Carlos Ovando,Unknown,1,2025-11-09 07:34:12,Account banned incorrectly,account banned incorrectly,0,3,26,0,0,0,1.0,0,0,-0.4588,1,0,1,0.0,0,1,0,1.0,0.0
1b6a2d9b-ce2d-4775-aed1-776c20930c11,WhatsApp,Social Media,Aleksandr Tanas,Unknown,1,2025-11-09 07:35:00,"unable to use whatsapp on my tablet, it breaks the phone","unable to use whatsapp on my tablet, it breaks the phone",0,11,56,0,0,0,1.0,0,1,0.0,1,0,1,0.0,0,1,0,1.0,0.0
981caca1-85f7-4126-abb6-5bf55076190d,WhatsApp,Social Media,namubiru joweria,Unknown,1,2025-11-09 07:37:19,its not responding on my phone,its not responding on my phone,0,6,30,0,0,0,1.0,0,0,0.0,1,0,1,0.0,0,1,0,1.0,0.0
9b92c6dd-7b34-4066-b3f5-a6dd057adbca,WhatsApp,Social Media,Ni Luh Putu Awidiya Ratri Dewi,Unknown,2,2025-11-09 07:39:14,"help please, fitur broadcast ada masalah apa sih? kenapa tidak bisa terkirim? isi tanda seru berwarna merah terus, udah buat broadcast baru juga masih tetep sama masalah nya","help please, fitur broadcast ada masalah apa sih? kenapa tidak bisa terkirim? isi tanda seru berwarna merah terus, udah buat broadcast baru juga masih tetep sama masalah nya",0,28,173,0,0,0,0.9285714285714286,0,0,0.6553,1,0,1,0.0,0,1,1,2.0,0.0
47a5ff86-70a5-4a0b-a82a-fdd72ad8833c,WhatsApp,Social Media,Markala Ranjith,Unknown,1,2025-11-09 07:40:05,this account can no longer use of whats app due to spam how to solve this problem please tell me,this account can no longer use of whats app due to spam how to solve this problem please tell me,0,20,96,0,0,0,0.9,0,1,-0.5754,1,0,1,0.0,0,1,0,1.0,0.0
3d4ea4be-0de8-4b23-968e-20d56f25d021,WhatsApp,Social Media,naveen kumar,Unknown,1,2025-11-09 07:40:59,plz contact me my WhatsApp kisi aur phone mai open h / mai apne phone mai kaise open karu plz guide me,plz contact me my whatsapp kisi aur phone mai open h / mai apne phone mai kaise open karu plz guide me,0,22,102,0,0,0,0.7272727272727273,0,1,0.1531,1,0,1,0.0,0,1,0,1.0,0.0
11d4aae7-bf46-4128-8a10-78d341e2dbef,WhatsApp,Social Media,Faith,Unknown,3,2025-11-09 07:47:50,"Kindly add a color palette/color wheel 🎨 to the status option so that one can choose any color they want for their status without the limitations you've made. I need the color, ""black""","kindly add a color palette/color wheel 🎨 to the status option so that one can choose any color they want for their status without the limitations you've made. i need the color, ""black""",0,33,184,1,0,0,0.8787878787878788,0,0,0.5423,1,0,1,0.0,0,1,0,3.0,0.0
aba0f194-fe74-4f97-9a78-13d475ea7195,WhatsApp,Social Media,Sumit Kurade,Unknown,5,2025-11-09 07:48:43,I like this app,i like this app,0,4,15,0,0,0,1.0,0,1,0.3612,1,0,1,0.0,0,3,0,5.0,0.0
4c4ce2dd-21a8-4d9f-a2dd-c5b6359c90af,WhatsApp,Social Media,Alagappan Deivanai,Unknown,5,2025-11-09 07:49:28,very fine 🙂,very fine 🙂,0,3,11,1,0,0,1.0,0,0,0.6204,1,0,1,0.0,0,1,0,5.0,0.0
e9ed8a98-ae6f-4410-801e-e84f71083f7a,WhatsApp,Social Media,Aamir Khatri,Unknown,1,2025-11-09 07:50:06,OTP problem not coming OTP weast of time,otp problem not coming otp weast of time,0,8,40,0,0,2,0.875,0,0,-0.4019,1,0,1,0.0,0,1,0,1.0,0.0
9c9187bc-4408-4b99-90d3-b0eacea81e32,WhatsApp,Social Media,MAJID ABBASI,Unknown,5,2025-11-09 07:50:42,this Whatsapp is wari wari nice♥️♥️♥️♥️♥️♥️♥️♥️♥️♥️,this whatsapp is wari wari nice♥️♥️♥️♥️♥️♥️♥️♥️♥️♥️,0,6,51,0,0,0,0.8333333333333334,0,1,0.9935,1,0,1,0.0,0,1,0,5.0,0.0
b852f4ef-3a96-48dd-9b9c-b2b52987bbe9,WhatsApp,Social Media,Hyper Davinho,Unknown,5,2025-11-09 07:51:11,trusted application for everyone else to do it,trusted application for everyone else to do it,0,8,46,0,0,0,1.0,0,1,0.4767,1,0,1,0.0,0,1,0,5.0,0.0
982c81c7-bf9e-43d0-b286-da87cba13887,WhatsApp,Social Media,Alexander Makawa,Unknown,1,2025-11-09 07:52:48,They always ban me without any reason,they always ban me without any reason,0,7,37,0,0,0,1.0,0,0,-0.5574,1,0,1,0.0,0,1,0,1.0,0.0
5c3cd45a-0662-453c-92e8-4ad63a8a280f,WhatsApp,Social Media,Nonhlanhla Mabuza,Unknown,4,2025-11-09 07:54:21,am very excited about this app,am very excited about this app,0,6,30,0,0,0,1.0,0,1,0.4005,1,0,1,0.0,0,1,0,4.0,0.0
e31349af-4840-4f08-9d50-46b4c91746df,WhatsApp,Social Media,M,Unknown,5,2025-11-09 07:55:04,"ak suka, mksh yh, love u min.","ak suka, mksh yh, love u min.",0,7,29,0,0,0,1.0,0,0,0.6369,1,0,1,0.0,0,1,0,5.0,0.0
5fd87edc-6ecf-472f-a0f9-710ab4c2d7d8,WhatsApp,Social Media,Gouri Bharambe,Unknown,1,2025-11-09 07:55:56,this app is not good because of automatic log out without any reason,this app is not good because of automatic log out without any reason,0,13,68,0,0,0,1.0,0,1,-0.3412,1,0,1,0.0,0,1,0,1.0,0.0
10ad6d7c-dec8-4727-a5ca-318a4f580f8b,WhatsApp,Social Media,Swatilekha Mondal nandi,Unknown,1,2025-11-09 07:56:04,worst app in my life . contains adult content don't ever insta this app everyone. TMKC,worst app in my life . contains adult content don't ever insta this app everyone. tmkc,0,16,86,0,0,1,0.9375,0,1,-0.6249,1,0,1,0.0,0,1,0,1.0,0.0
8641c506-4070-4f33-bf5e-08ad7cc0f890,WhatsApp,Social Media,tharakeswari v thara,Unknown,1,2025-11-09 07:56:40,Worst,worst,0,1,5,0,0,0,1.0,0,0,-0.6249,1,0,1,0.0,0,2,0,1.0,0.0
ee48c3c4-1ad0-4416-9683-c3bee54c18c5,WhatsApp,Social Media,Kolaruabu,Unknown,2,2025-11-09 07:56:55,whatsapp call cut red button issue.... too much,whatsapp call cut red button issue.... too much,0,8,47,0,0,0,1.0,0,1,-0.2732,1,0,1,0.0,0,1,0,2.0,0.0
980e980c-c117-49e9-a396-0aa3672dd7a0,WhatsApp,Social Media,Owembabazi Peterson,Unknown,5,2025-11-09 07:56:59,very lovely,very lovely,0,2,11,0,0,0,1.0,0,0,0.624,1,0,1,0.0,0,1,0,5.0,0.0
4603eeb9-e091-42e4-92af-119b38dd37b0,WhatsApp,Social Media,Kolawole Olagboyega,Unknown,5,2025-11-09 07:59:31,The best,the best,0,2,8,0,0,0,1.0,0,0,0.6369,1,0,1,0.0,0,2,0,5.0,0.0
97d625f4-9a5b-422a-8022-71fd5d3eff8a,WhatsApp,Social Media,Kingkiss Goodvibes,Unknown,5,2025-11-09 08:02:18,I love WhatsApp,i love whatsapp,0,3,15,0,0,0,1.0,0,1,0.6369,1,0,1,0.0,0,1,0,5.0,0.0
995e3817-0f9b-46d9-90e3-91c752543f6e,WhatsApp,Social Media,Birungi Eve,Unknown,5,2025-11-09 08:04:11,"Well,for the past 3 years it has been a nice en reliable app but wats bothering me is every time I update I lose my contacts 😭","well,for the past 3 years it has been a nice en reliable app but wats bothering me is every time i update i lose my contacts 😭",1,27,126,1,0,0,0.9629629629629629,0,1,-0.8807,1,0,1,0.0,0,1,1,5.0,0.0
ca9caa43-6a66-4980-85a9-ba8292d0e4ed,WhatsApp,Social Media,Faruq Umar,Unknown,5,2025-11-09 08:04:56,hasbunallahu wa ni'imal wakiil,hasbunallahu wa ni'imal wakiil,0,4,30,0,0,0,1.0,0,0,0.0,1,0,1,0.0,0,1,0,5.0,0.0
63381b56-3fd1-4a49-8ff2-20a025a0bdab,WhatsApp,Social Media,JK Sidogi,Unknown,5,2025-11-09 08:05:45,I can not load electricity voucher Amount,i can not load electricity voucher amount,0,7,41,0,0,0,1.0,0,0,0.0,1,0,1,0.0,0,1,0,5.0,0.0
35e9eb61-76d5-4c04-af9b-0f49a50e1d97,WhatsApp,Social Media,Nataraj Channarayapatna Mahadevappa,Unknown,5,2025-11-09 08:06:31,very very use ful,very very use ful,0,4,17,0,0,0,0.75,0,0,0.0,1,0,1,0.0,0,1,0,5.0,0.0
1b401ebb-3a3d-40b3-9036-69054f33d968,WhatsApp,Social Media,Kesar Bhai,Unknown,1,2025-11-09 08:06:50,meta ai camera option is not showing solve my problem dear whatsapp team meta ai camera option is not showing solve this problem,meta ai camera option is not showing solve my problem dear whatsapp team meta ai camera option is not showing solve this problem,0,23,128,0,0,0,0.6086956521739131,0,1,-0.6607,1,0,1,0.0,0,1,0,1.0,0.0
648858d2-2919-405d-8f5f-94b587c0bd03,WhatsApp,Social Media,Chanda Jadhav,Unknown,1,2025-11-09 08:07:19,Dear whatsapp my whatsapp account cannot opening showing this account cannot be longer used please solve this problem I have very urgent on WhatsApp soon as possible,dear whatsapp my whatsapp account cannot opening showing this account cannot be longer used please solve this problem i have very urgent on whatsapp soon as possible,0,27,165,0,0,0,0.8148148148148148,0,1,0.624,1,0,1,0.0,0,1,1,1.0,0.0
5fcff858-999f-4973-a316-0e2be3265eb4,WhatsApp,Social Media,Johnny Chat,Unknown,5,2025-11-09 08:08:47,Wonderful,wonderful,0,1,9,0,0,0,1.0,0,0,0.5719,1,0,1,0.0,0,2,0,5.0,0.0
a1f07f7e-2375-4f66-ae57-166a06342bcf,WhatsApp,Social Media,Aashish Raghuwanshi semra,Unknown,5,2025-11-09 08:10:11,useful apps 😎,useful apps 😎,0,3,13,1,0,0,1.0,0,1,0.7096,1,0,1,0.0,0,1,0,5.0,0.0
253aed92-1e7f-43a0-9cd2-7b4a3b4ac43b,WhatsApp,Social Media,Harshil Hebbal,Unknown,5,2025-11-09 08:11:24,easy to use,easy to use,0,3,11,0,0,0,1.0,0,0,0.4404,1,0,1,0.0,0,1,0,5.0,0.0
fecbbd6c-19e0-4d04-b759-2b8e5604717b,WhatsApp,Social Media,Kartick patra,Unknown,5,2025-11-09 08:12:55,nice aaps me ilove me to,nice aaps me ilove me to,0,6,24,0,0,0,0.8333333333333334,0,0,0.4215,1,0,1,0.0,0,1,0,5.0,0.0
ec2dc224-dbfc-4ca5-a31f-7f370dc5205c,WhatsApp,Social Media,Jiarul Islam,Unknown,4,2025-11-09 08:14:05,This whatsapp is good,this whatsapp is good,0,4,21,0,0,0,1.0,0,1,0.4404,1,0,1,0.0,0,1,0,4.0,0.0
dbdbb91a-e2d5-490d-8ce8-aba490896925,WhatsApp,Social Media,Shagira khan,Unknown,5,2025-11-09 08:14:06,good aap,good aap,0,2,8,0,0,0,1.0,0,0,0.4404,1,0,1,0.0,0,2,0,5.0,0.0
0790b386-0b42-4423-bb4f-c8fcbb59ba26,WhatsApp,Social Media,Munies muni Munies,Unknown,1,2025-11-09 08:14:13,Ratethisapp,ratethisapp,0,1,11,0,0,0,1.0,0,1,0.0,1,0,1,0.0,0,1,0,1.0,0.0
38ccb0a8-7ced-41a6-bde3-e7269a1c306e,WhatsApp,Social Media,Sikhumbuzo Sithole,Unknown,4,2025-11-09 08:14:25,Excellent,excellent,0,1,9,0,0,0,1.0,0,0,0.5719,1,0,1,0.0,0,3,0,4.0,0.0
5bff3cc7-f024-46a4-83b9-f77f17ca13e4,WhatsApp,Social Media,Goddy Chime,Unknown,4,2025-11-09 08:14:32,It is very comfortable and cool,it is very comfortable and cool,0,6,31,0,0,0,1.0,0,0,0.7316,1,0,1,0.0,0,1,0,4.0,0.0
644450d9-c56c-4373-9e5f-103e71475bf5,WhatsApp,Social Media,Rahul Pramanik,Unknown,1,2025-11-09 08:16:47,"what's app It was good before, now it's bad. Earlier it was possible to do both English and Bengali, but now it can't be done. The app is very bad.","what's app it was good before, now it's bad. earlier it was possible to do both english and bengali, but now it can't be done. the app is very bad.",0,30,147,0,0,0,0.8,0,1,-0.7572,1,0,1,0.0,0,1,0,1.0,0.0
e43ee13f-4908-44fc-a69f-404308d069c5,WhatsApp,Social Media,Mintu Maity,Unknown,5,2025-11-09 08:16:59,frowd and scam,frowd and scam,1,3,14,0,0,0,1.0,0,0,-0.5719,1,0,1,0.0,0,1,1,5.0,0.0
69d0d5e9-75dc-43fa-bf4d-2aa7e0530bb1,WhatsApp,Social Media,Bhumi Kumari,Unknown,5,2025-11-09 08:17:12,satisfied,satisfied,0,1,9,0,0,0,1.0,0,0,0.4215,1,0,1,0.0,0,1,0,5.0,0.0
ac1040f3-fab1-4c2f-bdee-3f5ec54f3bcb,WhatsApp,Social Media,Priviledge Muhla,Unknown,5,2025-11-09 08:19:38,i like the video calls,i like the video calls,0,5,22,0,0,0,1.0,0,0,0.3612,1,0,1,0.0,0,1,0,5.0,0.0
0046b40e-2229-4259-94ac-347ce6ba5b78,WhatsApp,Social Media,Fiza Fiza,Unknown,5,2025-11-09 08:20:59,Owsom,owsom,0,1,5,0,0,0,1.0,0,0,0.0,1,0,1,0.0,0,1,0,5.0,0.0
d9bd009f-eeaa-4c81-ae03-42d00a7a581a,WhatsApp,Social Media,M kamru Jjaman,Unknown,3,2025-11-09 08:21:54,kamrul,kamrul,0,1,6,0,0,0,1.0,0,0,0.0,1,0,1,0.0,0,1,0,3.0,0.0
fde819d7-f1b7-486f-8825-7c27d2daced8,WhatsApp,Social Media,Amir Ali Amir ali,Unknown,5,2025-11-09 08:22:04,Great,great,0,1,5,0,0,0,1.0,0,0,0.6249,1,0,1,0.0,0,6,0,5.0,0.0
1245bce1-4649-4614-a749-15452eb3522f,WhatsApp,Social Media,Avi,Unknown,1,2025-11-09 08:22:40,wrost experience automatically logout and loding in process show...😡😠,wrost experience automatically logout and loding in process show...😡😠,0,9,69,2,0,0,1.0,0,0,-0.5106,1,0,1,0.0,0,1,0,1.0,0.0
3f02f44c-55b3-402b-917f-9fd53d7b5263,WhatsApp,Social Media,Dave Gill,Unknown,5,2025-11-09 08:23:01,"Brilliant, worlds getting smaller!","brilliant, worlds getting smaller!",0,4,34,0,0,0,1.0,0,0,0.6239,1,0,1,0.0,0,1,0,5.0,0.0
f4c4104c-ca58-417e-9bb6-56ac1fbecbc0,WhatsApp,Social Media,Success Usman,Unknown,4,2025-11-09 08:23:06,Good and suitable,good and suitable,0,3,17,0,0,0,1.0,0,0,0.4404,1,0,1,0.0,0,1,0,4.0,0.0
1ce8ec50-7d3e-4df5-bfb6-45518bca39bf,WhatsApp,Social Media,Sahil sk,Unknown,4,2025-11-09 08:24:37,very best,very best,0,2,9,0,0,0,1.0,0,0,0.6697,1,0,1,0.0,0,1,0,4.0,0.0
5012591e-2c8a-4cf0-bf00-c92dc5f24bc9,WhatsApp,Social Media,Bheki Jeromme Mbatha,Unknown,5,2025-11-09 08:24:47,"Up to so far,👌👌 Excellent","up to so far,👌👌 excellent",0,5,25,2,0,0,1.0,0,0,0.9478,1,0,1,0.0,0,1,0,5.0,0.0
9427282a-3c52-4bf4-ad68-92f0a922de17,WhatsApp,Social Media,Asiful Hamid,Unknown,1,2025-11-09 08:25:20,bekar hai spam or spam,bekar hai spam or spam,0,5,22,0,0,0,0.8,0,1,-0.6124,1,0,1,0.0,0,1,0,1.0,0.0
4d8634dd-90c0-4ea8-b464-af7e14b4f16f,WhatsApp,Social Media,Ndumiso Zondi,Unknown,5,2025-11-09 08:26:03,I liked this app a lot because it's friendly,i liked this app a lot because it's friendly,0,9,44,0,0,0,1.0,0,1,0.7184,1,0,1,0.0,0,1,0,5.0,0.0
3117049e-e630-473a-9117-078fa46222dd,WhatsApp,Social Media,Zilpahk Chongo,Unknown,5,2025-11-09 08:26:11,I love texting my friends and family,i love texting my friends and family,0,7,36,0,0,0,1.0,0,0,0.8074,1,0,1,0.0,0,1,0,5.0,0.0
6c72ecc9-8cf3-4f62-a1ff-72c25973e65b,WhatsApp,Social Media,Eman Yaqoob,Unknown,1,2025-11-09 08:26:23,please unlock my Whatsapp,please unlock my whatsapp,0,4,25,0,0,0,1.0,0,1,0.3182,1,0,1,0.0,0,1,0,1.0,0.0
0baf1110-cee1-4148-9955-60833f9007f9,WhatsApp,Social Media,Gopalakrishna Bhat,Unknown,5,2025-11-09 08:27:08,happy,happy,0,1,5,0,0,0,1.0,0,1,0.5719,1,0,1,0.0,0,1,0,5.0,0.0
9165c3fe-e9ff-4d7c-a3f7-8346d49992bf,WhatsApp,Social Media,Khumbulani Gumpo,Unknown,5,2025-11-09 08:27:12,I want the new version,i want the new version,0,5,22,0,0,0,1.0,0,0,0.0772,1,0,1,0.0,0,1,0,5.0,0.0
9847b383-fb39-41ff-b486-fa7c78c218a2,WhatsApp,Social Media,Kanha Malik,Unknown,5,2025-11-09 08:27:45,super app,super app,0,2,9,0,0,0,1.0,0,1,0.5994,1,0,1,0.0,0,1,0,5.0,0.0
0a4508c6-6075-4db4-abe5-d5209562c145,WhatsApp,Social Media,Mohammed Ali,Unknown,5,2025-11-09 08:28:30,THE APP IS VERY GOOD 👍,the app is very good 👍,0,6,22,1,0,5,1.0,0,1,0.4927,1,0,1,0.0,0,1,0,5.0,0.0
ccc8ba0e-c572-4015-b8ae-dbb623b100f8,WhatsApp,Social Media,Henry Potani,Unknown,2,2025-11-09 08:29:34,always block my number,always block my number,0,4,22,0,0,0,1.0,0,0,-0.3818,1,0,1,0.0,0,1,0,2.0,0.0
dfa94cca-6351-4947-ba98-09c81f21d6b0,WhatsApp,Social Media,Anjali Sharma,Unknown,5,2025-11-09 08:30:01,"HAIII, can you please give different categories to segregate chats in this chaotic world and the option to mute certain group for certain time period!!!!!","haiii, can you please give different categories to segregate chats in this chaotic world and the option to mute certain group for certain time period!!!!!",0,25,154,0,0,1,0.92,0,1,0.4438,1,0,1,0.0,0,1,0,5.0,0.0
7118cea9-ef54-43b7-8bdc-2ec72386e170,WhatsApp,Social Media,Okonkwo franklin chinaemelum,Unknown,1,2025-11-09 08:30:26,My WhatsApp keeps Stopping,my whatsapp keeps stopping,0,4,26,0,0,0,1.0,0,1,-0.1531,1,0,1,0.0,0,1,0,1.0,0.0
18fd2a78-3494-494f-b50c-85c78f7d642d,WhatsApp,Social Media,Texacking Businessess -,Unknown,5,2025-11-09 08:30:36,Interesting,interesting,0,1,11,0,0,0,1.0,0,0,0.4019,1,0,1,0.0,0,3,0,5.0,0.0
c0af3c5b-e398-4a41-8fca-1e7de07b5ea3,WhatsApp,Social Media,Sukamanchi Ammulu,Unknown,1,2025-11-09 08:31:09,worst,worst,0,1,5,0,0,0,1.0,0,0,-0.6249,1,0,1,0.0,0,2,0,1.0,0.0
4cb9a3ed-1c16-48d2-9da2-3f8bec52df3d,WhatsApp,Social Media,Ujwala Gavate,Unknown,5,2025-11-09 08:31:25,acha hai,acha hai,0,2,8,0,0,0,1.0,0,1,0.0,1,0,1,0.0,0,2,0,5.0,0.0
3ec8e731-1b15-4452-9a21-f4b273509d72,WhatsApp,Social Media,Abdul Wasay,Unknown,5,2025-11-09 08:31:45,Best app of the world 🌍😃,best app of the world 🌍😃,0,6,24,2,0,0,1.0,0,1,0.7717,1,0,1,0.0,0,1,0,5.0,0.0
c9694b6c-c9c5-40ee-a5b3-f321a891aabc,WhatsApp,Social Media,Mausam,Unknown,5,2025-11-09 08:32:25,very much good,very much good,0,3,14,0,0,0,1.0,0,0,0.4902,1,0,1,0.0,0,1,0,5.0,0.0
1065a1a7-c45f-43fa-86df-a47c0270bb82,WhatsApp,Social Media,Isreal Udoh,Unknown,1,2025-11-09 08:34:02,why can't I comment on someone statues with voice note,why can't i comment on someone statues with voice note,0,10,54,0,0,0,1.0,0,0,0.0,1,0,1,0.0,0,1,0,1.0,0.0
8f4f4d60-41b9-4d1c-9773-5d4c114c52ce,WhatsApp,Social Media,Pradeep Naidu,Unknown,5,2025-11-09 08:38:09,good for good service and bad bab service,good for good service and bad bab service,0,8,41,0,0,0,0.75,0,0,0.3182,1,0,1,0.0,0,1,0,5.0,0.0
457aed16-5ae5-4c13-a66a-778ff69020c3,WhatsApp,Social Media,Radheyshyam Rajput,Unknown,5,2025-11-09 08:38:26,it is very helpful,it is very helpful,0,4,18,0,0,0,1.0,0,0,0.4754,1,0,1,0.0,0,1,0,5.0,0.0
77201c92-5f86-414d-bfbd-eee40511550f,WhatsApp,Social Media,Chimezie chimezix Bright,Unknown,5,2025-11-09 08:39:32,little issue,little issue,0,2,12,0,0,0,1.0,0,0,0.0,1,0,1,0.0,0,1,0,5.0,0.0
7c043eca-ad99-4423-801d-baac22bf7686,WhatsApp,Social Media,D'Andre Leday,Unknown,5,2025-11-09 08:40:16,number not verified,number not verified,0,3,19,0,0,0,1.0,0,0,0.0772,1,0,1,0.0,0,1,0,5.0,0.0
87b95c85-cd31-4513-820e-6607c8dbddfb,WhatsApp,Social Media,Aisha Aliyu,Unknown,5,2025-11-09 08:40:26,fine with this app,fine with this app,0,4,18,0,0,0,1.0,0,1,0.2023,1,0,1,0.0,0,1,0,5.0,0.0
8102f691-dc85-4450-ae9e-8114576efe11,WhatsApp,Social Media,Ally Emir khan,Unknown,5,2025-11-09 08:40:30,always have to be there with friends and family members at once,always have to be there with friends and family members at once,0,12,63,0,0,0,1.0,0,0,0.4767,1,0,1,0.0,0,1,0,5.0,0.0
feb335e0-0471-4098-8b38-90dcf78812e1,WhatsApp,Social Media,Francis Makau,Unknown,1,2025-11-09 08:41:21,It's not opening..... Says I need the original whatsapp..... I download again it says so again and again,it's not opening..... says i need the original whatsapp..... i download again it says so again and again,0,18,104,0,0,0,0.7777777777777778,1,1,0.3182,1,0,1,0.0,0,1,0,1.0,0.0
78fc31bf-55a3-4108-90f5-89abc8bec892,WhatsApp,Social Media,Swastik Pradhan,Unknown,5,2025-11-09 08:43:19,poop app,poop app,0,2,8,0,0,0,1.0,0,1,0.0,1,0,1,0.0,0,1,0,5.0,0.0
c33f4a9d-e786-4984-982e-51b1fb6227c6,WhatsApp,Social Media,Sani Adam,Unknown,5,2025-11-09 08:43:20,Saniadam,saniadam,0,1,8,0,0,0,1.0,0,0,0.0,1,0,1,0.0,0,1,0,5.0,0.0
6b31449b-aba0-4ae2-a697-7812a9b63d88,WhatsApp,Social Media,Talha Rehman,Unknown,1,2025-11-09 08:44:25,Joking about Islam is not acceptable at any cost,joking about islam is not acceptable at any cost,0,9,48,0,0,0,1.0,0,0,-0.016,1,0,1,0.0,0,1,0,1.0,0.0
bafd29d4-b889-4fef-992a-9b1eac3cee7d,WhatsApp,Social Media,Bella Abubakar,Unknown,1,2025-11-09 08:45:15,very good,very good,0,2,9,0,0,0,1.0,0,0,0.4927,1,0,1,0.0,0,7,0,1.0,0.0
75392f80-5c52-4a00-9fe6-7329f12f91c3,WhatsApp,Social Media,Nafees Khan,Unknown,5,2025-11-09 08:45:18,sahi nhi chal,sahi nhi chal,0,3,13,0,0,0,1.0,0,1,0.0,1,0,1,0.0,0,1,0,5.0,0.0
87d18c2c-026c-4089-9d98-ac7e67b64d3f,WhatsApp,Social Media,Sunil Dhare,Unknown,3,2025-11-09 08:45:35,how to get whatsapp call details Voice and Video if I deleted,how to get whatsapp call details voice and video if i deleted,0,12,61,0,0,0,1.0,0,1,0.0,1,0,1,0.0,0,1,0,3.0,0.0
61d79ebd-7df3-443b-b91b-5a912bbc3405,WhatsApp,Social Media,Aru Sami,Unknown,5,2025-11-09 08:47:19,hey i am affefah from kashmir i want to tell that u should improve meta ai other wise all is good very improved thnks💕💖 and today is my birthday,hey i am affefah from kashmir i want to tell that u should improve meta ai other wise all is good very improved thnks💕💖 and today is my birthday,0,29,144,2,0,0,0.9310344827586207,0,0,0.9729,1,0,1,0.0,0,1,0,5.0,0.0
00cec5bc-fe81-42b3-af66-bbf22d129c00,WhatsApp,Social Media,Yei Ellie Sesay,Unknown,3,2025-11-09 08:49:11,Great,great,0,1,5,0,0,0,1.0,0,0,0.6249,1,0,1,0.0,0,6,0,3.0,0.0
e7e714f6-b676-4f5c-bea4-c97b198e4f00,WhatsApp,Social Media,Bob Struby,Unknown,1,2025-11-09 08:50:08,"it was made awkward and confusing on purpose , let's make it simple , do you want whatsup to hold information on you for corporate gains. Yes or no. that's it . simple","it was made awkward and confusing on purpose , let's make it simple , do you want whatsup to hold information on you for corporate gains. yes or no. that's it . simple",0,33,167,0,0,0,0.8181818181818182,0,0,0.4404,1,0,1,0.0,0,1,0,1.0,0.0
57dceec0-0819-40e6-a370-8f66d4c33eaf,WhatsApp,Social Media,Vikash Rawat,Unknown,1,2025-11-09 08:50:39,yrr ese ese channel allow kr rakkhe hai aapne itne gande² aap rok nhi sakte ye sab ko or aapko lgta hai isi sab se aapke user bdenge to mere me mat dikhao ye sab please 🙏🏻,yrr ese ese channel allow kr rakkhe hai aapne itne gande² aap rok nhi sakte ye sab ko or aapko lgta hai isi sab se aapke user bdenge to mere me mat dikhao ye sab please 🙏🏻,0,37,171,2,0,0,0.8648648648648649,0,1,0.4939,1,0,1,0.0,0,1,0,1.0,0.0
7034946f-c3b5-426c-beb6-7f68aaa41f6f,WhatsApp,Social Media,Tong Shenhui,Unknown,4,2025-11-09 08:50:40,"We are rather moving backwards instead of moving forward. Why the time has been rather reduced for ""Delete for all"" ? At least, it should be maintained or increased. That's what I like about the App.","we are rather moving backwards instead of moving forward. why the time has been rather reduced for ""delete for all"" ? at least, it should be maintained or increased. that's what i like about the app.",0,36,199,0,0,0,0.8888888888888888,0,1,0.5574,1,0,1,0.0,0,1,0,4.0,0.0
02dba7b2-75ec-4a0c-9798-bd8350c4160d,WhatsApp,Social Media,Sasha Zibanayi,Unknown,2,2025-11-09 08:51:03,"i have had no problem with Whatsapp until today. My Whatsapp is now ""stopping"" or crashing, it's not even opening. i have tried clearing the cache and restarting the phone but it's still crashing.","i have had no problem with whatsapp until today. my whatsapp is now ""stopping"" or crashing, it's not even opening. i have tried clearing the cache and restarting the phone but it's still crashing.",0,34,196,0,0,0,0.8529411764705882,0,1,0.0846,1,0,1,0.0,0,1,0,2.0,0.0
2dc222da-ce44-478b-9739-b512440aa788,WhatsApp,Social Media,Salah Picker,Unknown,5,2025-11-09 08:52:04,I like WhatsApp update,i like whatsapp update,0,4,22,0,0,0,1.0,0,1,0.3612,1,0,1,0.0,0,1,0,5.0,0.0
f03f27b9-4f57-4ed5-8692-155bf118e4be,WhatsApp,Social Media,syed faheem,Unknown,5,2025-11-09 08:54:29,whatsApp,whatsapp,0,1,8,0,0,0,1.0,0,1,0.0,1,0,1,0.0,0,11,0,5.0,0.0
91042fd6-e1eb-406b-b7b7-0dba2a44b57c,WhatsApp,Social Media,Franky Saputra,Unknown,1,2025-11-09 08:56:07,"It suddenly block my whatsapp without any notice and whenever I'm trying to contact support from the website, it always mention error and please try again","it suddenly block my whatsapp without any notice and whenever i'm trying to contact support from the website, it always mention error and please try again",0,26,154,0,0,0,0.9230769230769231,1,1,-0.1531,1,0,1,0.0,0,1,0,1.0,0.0
98891fdd-c3b9-40a0-9cdc-8deec1371150,WhatsApp,Social Media,Musturu Ganesh,Unknown,4,2025-11-09 08:56:44,thank you,thank you,0,2,9,0,0,0,1.0,0,0,0.3612,1,0,1,0.0,0,4,0,4.0,0.0
b6f4aa17-323c-44a7-b075-9aa77f896897,WhatsApp,Social Media,Tofik Tofik अंसारी,Unknown,5,2025-11-09 08:57:55,bahut badiya,bahut badiya,0,2,12,0,0,0,1.0,0,1,0.0,1,0,1,0.0,0,1,0,5.0,0.0
0d8d7671-a55a-4849-bebd-cf9a9513accb,WhatsApp,Social Media,danjuma musa,Unknown,3,2025-11-09 08:58:51,better,better,0,1,6,0,0,0,1.0,0,0,0.4404,1,0,1,0.0,0,2,0,3.0,0.0
1047827b-cb31-4c36-9f70-8feabc981990,WhatsApp,Social Media,Elizabeth Villasenor,Unknown,4,2025-11-09 09:01:39,no puedo mandar nada a mis contactos porque ?,no puedo mandar nada a mis contactos porque ?,0,9,45,0,0,0,1.0,0,0,-0.296,1,0,1,0.0,0,1,0,4.0,0.0
d9af378b-5d6f-4799-8e5f-1807eaae3256,WhatsApp,Social Media,mdJunaid Islam,Unknown,4,2025-11-09 09:01:40,mshira,mshira,0,1,6,0,0,0,1.0,0,0,0.0,1,0,1,0.0,0,1,0,4.0,0.0
47380a08-741e-4a39-a25b-b94afe063b52,WhatsApp,Social Media,Jeffrey Will,Unknown,5,2025-11-09 09:02:27,I love this except for the business account so then can chat with someone else also it's not right,i love this except for the business account so then can chat with someone else also it's not right,0,19,98,0,0,0,1.0,0,0,0.6369,1,0,1,0.0,0,1,0,5.0,0.0
3f205319-aa0d-4eaf-a51b-ea131054e1a5,WhatsApp,Social Media,Umair Abbasi,Unknown,5,2025-11-09 09:04:33,is very hard,is very hard,0,3,12,0,0,0,1.0,0,0,-0.1761,1,0,1,0.0,0,1,0,5.0,0.0
a9ccbc2d-cd5d-470d-b17e-c9a6cf403ac9,WhatsApp,Social Media,Muzammil Rajoka,Unknown,3,2025-11-09 09:05:03,Very good app,very good app,0,3,13,0,0,0,1.0,0,1,0.4927,1,0,1,0.0,0,4,0,3.0,0.0
aa3f94c1-5458-4d53-9dea-a57ba20d2d16,WhatsApp,Social Media,Siri Siri,Unknown,1,2025-11-09 09:06:54,your channel recommendation is very bad. why are showing us sexual things like ladies' photos deliberately? I have also reported related to this. still you are recommending me such worst channel.,your channel recommendation is very bad. why are showing us sexual things like ladies' photos deliberately? i have also reported related to this. still you are recommending me such worst channel.,0,31,195,0,0,0,0.967741935483871,0,0,-0.7501,1,0,1,0.0,0,1,0,1.0,0.0
76d3e80c-b569-4aa2-a4f6-2861f4e32341,WhatsApp,Social Media,Bridget Amugi,Unknown,4,2025-11-09 09:07:54,Helps in chatting,helps in chatting,0,3,17,0,0,0,1.0,0,0,0.3818,1,0,1,0.0,0,1,0,4.0,0.0
37b90e83-bac7-4a76-aef8-5153ec0dccfd,WhatsApp,Social Media,Sugurayya Swami,Unknown,1,2025-11-09 09:10:17,not happy 😁,not happy 😁,0,3,11,1,0,0,1.0,0,1,0.0005,1,0,1,0.0,0,1,0,1.0,0.0
a1d632b6-084e-4c46-b855-c103bd8a047c,WhatsApp,Social Media,eram shahid,Unknown,2,2025-11-09 09:11:32,I'm trying to install the app constantly but I'm enable to do it ... my Internet is working properly buy still the app is not installing,i'm trying to install the app constantly but i'm enable to do it ... my internet is working properly buy still the app is not installing,0,26,136,0,0,0,0.8076923076923077,1,1,0.0,1,0,1,0.0,0,1,0,2.0,0.0
043af51e-dc96-42e4-a10a-67b4b241427d,WhatsApp,Social Media,Sebastian,Unknown,1,2025-11-09 09:15:39,"my account got ban for nothing, i did nothing wrong.","my account got ban for nothing, i did nothing wrong.",0,10,52,0,0,0,1.0,0,0,-0.2607,1,0,1,0.0,0,1,0,1.0,0.0
915c60bf-4dbc-4a52-83da-933f6c1263a1,WhatsApp,Social Media,Dadu Singh,Unknown,1,2025-11-09 09:16:24,No opening whatsapp,no opening whatsapp,0,3,19,0,0,0,1.0,0,1,-0.296,1,0,1,0.0,0,1,0,1.0,0.0
5b9c9ef1-36d4-4747-9503-022207a9dd99,WhatsApp,Social Media,Mohit Agarwal,Unknown,3,2025-11-09 09:19:45,"somehow my account is not accessible anymore, I have sent a mail to whatsapp support team. please let me the probable solutions","somehow my account is not accessible anymore, i have sent a mail to whatsapp support team. please let me the probable solutions",0,22,127,0,0,0,1.0,0,1,0.6908,1,0,1,0.0,0,1,0,3.0,0.0
9c115800-1286-48f1-a2f0-1433b2381363,WhatsApp,Social Media,Farooq Walmart,Unknown,1,2025-11-09 09:22:22,WhatsApp block no,whatsapp block no,0,3,17,0,0,0,1.0,0,1,-0.6249,1,0,1,0.0,0,1,0,1.0,0.0
72f60817-b833-4292-ad96-6881ef0644ed,WhatsApp,Social Media,Joe Erkens,Unknown,1,2025-11-09 09:24:07,I do not need this thanks,i do not need this thanks,0,6,25,0,0,0,1.0,0,0,0.5228,1,0,1,0.0,0,1,1,1.0,0.0
4b99f38f-2dda-4431-b896-eeca753af951,WhatsApp,Social Media,Akmal Aabid,Unknown,3,2025-11-09 09:24:11,super,super,0,1,5,0,0,0,1.0,0,0,0.5994,1,0,1,0.0,0,4,0,3.0,0.0
c419fd2b-cdbd-4a9a-89d0-2be79f4cfe2b,WhatsApp,Social Media,Hanny Rifda,Unknown,1,2025-11-09 09:24:29,cant open chats. keep crashing idk what happened. please fix it,cant open chats. keep crashing idk what happened. please fix it,0,11,63,0,0,0,1.0,0,1,0.2263,1,0,1,0.0,0,1,0,1.0,0.0
93a6ed0f-013e-4928-a426-3b8d97ae08fa,WhatsApp,Social Media,N NIZAM UDHEEN,Unknown,3,2025-11-09 09:25:37,Very usefull and excellent social network.,very usefull and excellent social network.,0,6,42,0,0,0,1.0,0,0,0.6077,1,0,1,0.0,0,1,0,3.0,0.0
7a7079ca-6a6a-401f-933c-be549f9b5112,WhatsApp,Social Media,Jeevan Manavala,Unknown,1,2025-11-09 09:30:16,it is showing loading from last three days even after re install the app also showing the same ....,it is showing loading from last three days even after re install the app also showing the same ....,1,19,99,0,0,0,0.8947368421052632,1,1,0.0,1,0,1,0.0,0,1,0,1.0,0.0
2f52e0e2-f05d-474a-b05b-774666779f96,WhatsApp,Social Media,Ngozi Onunka,Unknown,3,2025-11-09 09:33:43,Always asking for an update,always asking for an update,0,5,27,0,0,0,1.0,0,0,0.0,1,0,1,0.0,0,1,0,3.0,0.0
71cf492f-2a7b-46ac-bb4b-3e7db24d881a,WhatsApp,Social Media,Suraj Naik,Unknown,1,2025-11-09 09:39:07,worst app was not downloading,worst app was not downloading,0,5,29,0,0,0,1.0,1,1,-0.6249,1,0,1,0.0,0,1,0,1.0,0.0
e3d699e5-15da-493c-92bf-7eb1370ecd68,WhatsApp,Social Media,Omkar Patil,Unknown,1,2025-11-09 09:40:16,west app,west app,0,2,8,0,0,0,1.0,0,1,0.0,1,0,1,0.0,0,1,0,1.0,0.0
8686af6f-115e-4d69-8a5f-b4806392c273,WhatsApp,Social Media,Balogun Alia,Unknown,1,2025-11-09 09:42:26,very poor I can't even login my WhatsApp this app is very very poor I'm really disappointed in this app,very poor i can't even login my whatsapp this app is very very poor i'm really disappointed in this app,0,20,103,0,0,0,0.75,0,1,-0.8875,1,0,1,0.0,0,1,0,1.0,0.0
3489e6f0-3bc8-4f9c-a7ee-38014f0196d1,WhatsApp,Social Media,Sanntosh Rao,Unknown,5,2025-11-09 09:53:12,WhatsApp is a fantastic app it helps the society in many ways. I highly appreciate n it's an excellent app in the daily life style. Thank you URS sincerely appreciate the services of,whatsapp is a fantastic app it helps the society in many ways. i highly appreciate n it's an excellent app in the daily life style. thank you urs sincerely appreciate the services of,0,33,182,0,0,1,0.8484848484848485,0,1,0.9647,1,0,1,0.0,0,1,0,5.0,0.0
91fdbe9a-667d-4673-9627-e6f701da48d8,WhatsApp,Social Media,remi lawal,Unknown,5,2025-11-09 09:54:13,Good 👍,good 👍,0,2,6,1,0,0,1.0,0,0,0.4404,1,0,1,0.0,0,4,0,5.0,0.0
53306a29-9133-4713-9da0-59591dd3c18e,WhatsApp,Social Media,Nishant Ekka,Unknown,5,2025-11-09 09:55:40,nice great 😃👍,nice great 😃👍,0,3,13,2,0,0,1.0,0,0,0.8555,1,0,1,0.0,0,1,0,5.0,0.0
9a41e1b1-bb32-40e1-b2a2-98c8ec835132,WhatsApp,Social Media,Darian le Roux,Unknown,1,2025-11-09 09:55:46,"I've been blocked with no warning I cannot access my account that I use for some work purposes and personal. There is not alternative for support to contact besides waiting, I have important work to do and I cannot.","i've been blocked with no warning i cannot access my account that i use for some work purposes and personal. there is not alternative for support to contact besides waiting, i have important work to do and i cannot.",0,39,215,0,0,0,0.8205128205128205,0,0,-0.1336,1,0,1,0.0,0,1,0,1.0,0.0
f17d6034-60a7-4d07-b0d8-e594c928c43b,WhatsApp,Social Media,Satyam Kumar,Unknown,5,2025-11-09 09:55:53,very important app with watsapp,very important app with watsapp,0,5,31,0,0,0,1.0,0,1,0.2716,1,0,1,0.0,0,1,0,5.0,0.0
9a81fbdd-6ece-4603-a40e-1d22e6f9c6f6,WhatsApp,Social Media,pandu Louis,Unknown,3,2025-11-09 09:56:05,Hi my whatsapp got blocked due to some unknown link got shared to me by someon I am receiving this,hi my whatsapp got blocked due to some unknown link got shared to me by someon i am receiving this,0,20,98,0,0,0,0.9,1,1,0.0772,1,0,1,0.0,0,1,0,3.0,0.0
65303725-39fa-40bb-a75f-4eb55b8d52be,WhatsApp,Social Media,Jalal Lashari,Unknown,5,2025-11-09 09:56:05,no sekur whatsapp,no sekur whatsapp,0,3,17,0,0,0,1.0,0,1,-0.296,1,0,1,0.0,0,1,0,5.0,0.0
94991464-62db-4d23-8352-8bed36e7dc9b,WhatsApp,Social Media,Nabil Yusoff,Unknown,1,2025-11-09 09:58:09,My account got suspended without any reason..,my account got suspended without any reason..,0,7,45,0,0,0,1.0,0,0,-0.4767,1,0,1,0.0,0,1,0,1.0,0.0
c391f686-27f9-49d1-a09d-18db325b977a,WhatsApp,Social Media,Sumaiya Yeasmin,Unknown,5,2025-11-09 09:58:15,too much good,too much good,0,3,13,0,0,0,1.0,0,0,0.4404,1,0,1,0.0,0,1,0,5.0,0.0
fc8c68be-431f-4746-b542-88f33e8f5ad3,WhatsApp,Social Media,muzammil zafar,Unknown,1,2025-11-09 09:59:20,request,request,0,1,7,0,0,0,1.0,0,0,0.0,1,0,1,0.0,0,1,0,1.0,0.0
98f07c42-13ea-4413-80c0-4d0b760dd8a0,WhatsApp,Social Media,Rafiya,Unknown,5,2025-11-09 09:59:23,this is Truecaller dad app very very nice app,this is truecaller dad app very very nice app,0,9,45,0,0,0,0.7777777777777778,0,1,0.5222,1,0,1,0.0,0,1,0,5.0,0.0
60c5e114-60ff-41e8-b3e3-7cc498c03d65,WhatsApp,Social Media,reddy surendra chinthakunta,Unknown,1,2025-11-09 10:00:09,"unable to install whatsapp, please fix it asap.","unable to install whatsapp, please fix it asap.",0,8,47,0,0,0,1.0,1,1,0.3182,1,0,1,0.0,0,1,0,1.0,0.0
3f4547d8-aa43-4aad-ad3f-cdd32effdafd,WhatsApp,Social Media,Sule hassan Sule,Unknown,5,2025-11-09 10:01:01,Tell you no duen whappess,tell you no duen whappess,0,5,25,0,0,0,1.0,0,1,-0.296,1,0,1,0.0,0,1,0,5.0,0.0
24e98910-899f-4410-94c6-1dd0c780b8ce,WhatsApp,Social Media,Maryam Adamu Muhammad,Unknown,5,2025-11-09 10:02:02,good app I love it,good app i love it,0,5,18,0,0,0,1.0,0,1,0.7964,1,0,1,0.0,0,1,0,5.0,0.0
d0c746da-631e-464a-92a6-929a64831422,WhatsApp,Social Media,Asha Mulla,Unknown,1,2025-11-09 10:02:51,Saha mulla,saha mulla,0,2,10,0,0,0,1.0,0,0,0.0,1,0,1,0.0,0,1,0,1.0,0.0
b58ee0e9-c96e-4ce8-ae10-91e69f3bd8cf,WhatsApp,Social Media,Edward Lalditsak,Unknown,1,2025-11-09 10:03:02,Banning whatsapp without any reason.,banning whatsapp without any reason.,0,5,36,0,0,0,1.0,0,1,0.0,1,0,1,0.0,0,1,0,1.0,0.0
cd4f6fcd-56ff-4e78-848e-9497a2007d36,WhatsApp,Social Media,Yarang Imchen,Unknown,5,2025-11-09 10:03:04,it's so alsome,it's so alsome,0,3,14,0,0,0,1.0,0,0,0.0,1,0,1,0.0,0,1,0,5.0,0.0
8b88262f-f86a-4542-bfa1-c93acf5f4f7c,WhatsApp,Social Media,Safiullah 160,Unknown,1,2025-11-09 10:03:21,plz Recover My WhatsApp Account,plz recover my whatsapp account,0,5,31,0,0,0,1.0,0,1,0.0772,1,0,1,0.0,0,1,0,1.0,0.0
01f8448e-82f7-4f28-a06c-069e1f08020b,WhatsApp,Social Media,Hadi Khan,Unknown,5,2025-11-09 10:03:47,awesome 😎👍,awesome 😎👍,0,2,10,2,0,0,1.0,0,0,0.7964,1,0,1,0.0,0,1,0,5.0,0.0
cfa7f676-7d92-488b-803e-41c9c0a8e40b,WhatsApp,Social Media,Zubair Khan,Unknown,1,2025-11-09 10:04:28,please sorry whatsapp block,please sorry whatsapp block,0,4,27,0,0,0,1.0,0,1,-0.2263,1,0,1,0.0,0,1,0,1.0,0.0
5c5fc2ca-da0c-4dda-b751-e2f6212af9b0,WhatsApp,Social Media,Umar hamisu Santuraki,Unknown,5,2025-11-09 10:04:43,Because i love it,because i love it,0,4,17,0,0,0,1.0,0,0,0.6369,1,0,1,0.0,0,1,0,5.0,0.0
ea6f73d1-421d-4bf6-ac4d-a74d7b13c0e8,WhatsApp,Social Media,Theresa Flity,Unknown,5,2025-11-09 10:06:06,the best app,the best app,0,3,12,0,0,0,1.0,0,1,0.6369,1,0,1,0.0,0,1,0,5.0,0.0
a6caa881-9e16-4c76-84d4-30e54034bca8,WhatsApp,Social Media,Oluwatosin Abdulahi,Unknown,3,2025-11-09 10:06:27,Have been banned for unknown reason,have been banned for unknown reason,0,6,35,0,0,0,1.0,0,0,-0.4588,1,0,1,0.0,0,1,0,3.0,0.0
ece8714d-6eb0-456a-9ea3-15e82667a97b,WhatsApp,Social Media,Rudranil Gorai,Unknown,5,2025-11-09 10:06:52,this app is very nice and very important .,this app is very nice and very important .,0,9,42,0,0,0,0.8888888888888888,0,1,0.6353,1,0,1,0.0,0,1,0,5.0,0.0
670cca21-80a8-45cf-9d22-feaafb4904c4,WhatsApp,Social Media,Tara Eman,Unknown,1,2025-11-09 10:07:02,hello sir apna mara Whatsapp ban Kiya tha ab mana wapis sa login Kiya ha per mare all chats delete ho gi ha ma Kay karo kasa apni chats ko wapis lo plzz help me,hello sir apna mara whatsapp ban kiya tha ab mana wapis sa login kiya ha per mare all chats delete ho gi ha ma kay karo kasa apni chats ko wapis lo plzz help me,0,35,160,0,0,0,0.8857142857142857,0,1,0.4404,1,0,1,0.0,0,1,0,1.0,0.0
4186241d-7aab-464e-8b71-dec7bb0ae17f,WhatsApp,Social Media,Fiza Naaz,Unknown,4,2025-11-09 10:08:21,my whatsapp number not verified nomber,my whatsapp number not verified nomber,0,6,38,0,0,0,1.0,0,1,0.0772,1,0,1,0.0,0,1,0,4.0,0.0
c484f983-fdf1-4efa-b2c2-f284d657250c,WhatsApp,Social Media,Williams A. Abanwai,Unknown,5,2025-11-09 10:11:09,"Very friendly, easy to use application","very friendly, easy to use application",0,6,38,0,0,0,1.0,0,1,0.7698,1,0,1,0.0,0,1,0,5.0,0.0
1629bf5c-b8d6-4058-863d-8f4e85054a12,WhatsApp,Social Media,Andrecious Kisakye,Unknown,5,2025-11-09 10:11:22,so fantastic,so fantastic,0,2,12,0,0,0,1.0,0,0,0.5984,1,0,1,0.0,0,1,0,5.0,0.0
1ae1333f-180d-49b9-a66b-282d6eb222cd,WhatsApp,Social Media,Nawaztt22 Nawaztt22,Unknown,1,2025-11-09 10:11:28,Waste status quality 😔 change status quality 👍 Please change status quality,waste status quality 😔 change status quality 👍 please change status quality,0,12,75,2,0,0,0.5833333333333334,0,0,-0.0516,1,0,1,0.0,0,1,0,1.0,0.0
bbe3d679-ce95-4ce0-a2c7-50d4b192165d,WhatsApp,Social Media,Molemo Letsele,Unknown,5,2025-11-09 10:13:18,Top Class🙌,top class🙌,0,2,10,1,0,0,1.0,0,0,0.2023,1,0,1,0.0,0,1,0,5.0,0.0
685994ec-a073-4738-b37d-277b7e25d3ac,WhatsApp,Social Media,Sunita kaswan Saran,Unknown,4,2025-11-09 10:13:59,WhatsApp,whatsapp,0,1,8,0,0,0,1.0,0,1,0.0,1,0,1,0.0,0,11,0,4.0,0.0
1309493d-44e7-4a04-8979-9de8ea8e6830,WhatsApp,Social Media,Ahmad Bukar Bulu,Unknown,5,2025-11-09 10:14:01,WhatsAp is the best way now,whatsap is the best way now,0,6,27,0,0,0,1.0,0,0,0.6369,1,0,1,0.0,0,1,0,5.0,0.0
d6524380-82cd-4699-90a8-cf3976803ef3,WhatsApp,Social Media,zain jaffer,Unknown,2,2025-11-09 10:14:21,ye vairification ke Liya bhot time leta ha,ye vairification ke liya bhot time leta ha,0,8,42,0,0,0,1.0,0,0,0.34,1,0,1,0.0,0,1,0,2.0,0.0
ebf73ec0-744c-4f4e-8d75-378d2c6f034f,WhatsApp,Social Media,Mohamed,Unknown,5,2025-11-09 10:14:50,very nice 👌,very nice 👌,0,3,11,1,0,0,1.0,0,0,0.8679,1,0,1,0.0,0,1,0,5.0,0.0
13cb2c84-b495-48e6-bdef-2be85b37aae1,WhatsApp,Social Media,Naina Kapil,Unknown,1,2025-11-09 10:15:06,bekar,bekar,0,1,5,0,0,0,1.0,0,1,0.0,1,0,1,0.0,0,1,0,1.0,0.0
cce9f12a-7a43-42d5-b1bf-7bd2e48c6b68,WhatsApp,Social Media,Simi Sahay,Unknown,4,2025-11-09 10:15:25,I don't know why it doesn't asks for two step authentication everytime I open the app and why does the chat theme and chat wallpaper is disappearing again and again 😕,i don't know why it doesn't asks for two step authentication everytime i open the app and why does the chat theme and chat wallpaper is disappearing again and again 😕,0,31,166,1,0,0,0.7741935483870968,0,1,-0.3182,1,0,1,0.0,0,1,0,4.0,0.0
2be2e57a-ce1d-4cc3-977e-af8b56cc8181,WhatsApp,Social Media,Precious Watira,Unknown,4,2025-11-09 10:17:47,so amazing,so amazing,0,2,10,0,0,0,1.0,0,0,0.624,1,0,1,0.0,0,2,0,4.0,0.0
3c60b667-effe-4a0c-bb9e-2ec43dc82704,WhatsApp,Social Media,Baji Baji,Unknown,5,2025-11-09 10:19:34,Please,please,0,1,6,0,0,0,1.0,0,0,0.3182,1,0,1,0.0,0,2,0,5.0,0.0
0392858f-80d1-4d7a-a2eb-d9a87e24112c,WhatsApp,Social Media,Nancy Malama,Unknown,1,2025-11-09 10:20:08,"when someone is calling i can not see the call and i can not see a missed call immediately, i will see the missed call maybe after 30 minutes","when someone is calling i can not see the call and i can not see a missed call immediately, i will see the missed call maybe after 30 minutes",0,29,141,0,0,0,0.6551724137931034,0,0,-0.0803,1,0,1,0.0,0,1,0,1.0,0.0
d3d7cba4-6e8f-491b-bea4-bd841b7d3b81,WhatsApp,Social Media,Rinki Agrawal,Unknown,5,2025-11-09 10:20:29,bestest app ever used,bestest app ever used,0,4,21,0,0,0,1.0,0,1,0.0,1,0,1,0.0,0,1,0,5.0,0.0
9492db3e-2955-4d6c-b136-e90752811709,WhatsApp,Social Media,Enoma Greg,Unknown,4,2025-11-09 10:21:37,everything is nice,everything is nice,0,3,18,0,0,0,1.0,0,0,0.4215,1,0,1,0.0,0,1,0,4.0,0.0
d0a2ac08-1c56-402a-80f1-f5813023f373,WhatsApp,Social Media,Rhythm Jain,Unknown,4,2025-11-09 10:21:42,Great app,great app,0,2,9,0,0,0,1.0,0,1,0.6249,1,0,1,0.0,0,3,0,4.0,0.0
e477e215-988b-4757-b60b-b5a149db9532,WhatsApp,Social Media,Samuel Mulongoti,Unknown,5,2025-11-09 10:22:01,so lovely and so friendly,so lovely and so friendly,0,5,25,0,0,0,0.8,0,0,0.8218,1,0,1,0.0,0,1,0,5.0,0.0
33550b9b-9a62-4f70-8fbd-7115e0cafeef,WhatsApp,Social Media,Dhananjay Chhotu,Unknown,5,2025-11-09 10:24:01,very very best quality,very very best quality,0,4,22,0,0,0,0.75,0,0,0.6976,1,0,1,0.0,0,1,0,5.0,0.0
9bfa6fb2-be7a-4a23-a235-c027e77be26b,WhatsApp,Social Media,Laxmi Narayan Reddy,Unknown,4,2025-11-09 10:24:10,there is a technical glitches in seeing status,there is a technical glitches in seeing status,0,8,46,0,0,0,1.0,0,0,0.0,1,0,1,0.0,0,1,0,4.0,0.0
5153584b-e5d8-43d0-bc97-31bcc323f651,WhatsApp,Social Media,Sharanya Sudha,Unknown,5,2025-11-09 10:24:16,rated,rated,0,1,5,0,0,0,1.0,0,0,0.0,1,0,1,0.0,0,1,0,5.0,0.0
807417c5-420e-43f6-ab7b-4cbffe1d2dfb,WhatsApp,Social Media,Marikannu Thangaraj,Unknown,1,2025-11-09 10:28:06,is not probably working,is not probably working,0,4,23,0,0,0,1.0,0,0,0.0,1,0,1,0.0,0,1,0,1.0,0.0
d3576134-b9cf-4b47-8ba5-ae9136cce6da,WhatsApp,Social Media,Alulutho Simanga,Unknown,5,2025-11-09 10:28:25,it is good,it is good,0,3,10,0,0,0,1.0,0,0,0.4404,1,0,1,0.0,0,2,0,5.0,0.0
8ca6cafd-0e39-405c-95d0-905bf5c11c6b,WhatsApp,Social Media,Renu Dhingra,Unknown,5,2025-11-09 10:28:33,very very very exilent I thankfull to you Radhe Radhe,very very very exilent i thankfull to you radhe radhe,0,10,53,0,0,0,0.7,0,0,0.0,1,0,1,0.0,0,1,0,5.0,0.0
7188907a-a980-4c51-acd7-8251a7514c0c,WhatsApp,Social Media,Zeeshan Khan,Unknown,5,2025-11-09 10:29:39,my WhatsApp unblock,my whatsapp unblock,0,3,19,0,0,0,1.0,0,1,0.0,1,0,1,0.0,0,1,0,5.0,0.0
a86536ef-4ba7-4683-8485-0ec2d6229bdc,WhatsApp,Social Media,Nurul Syahida,Unknown,5,2025-11-09 10:29:58,my Whatsapp doesn't open..please help me 🥲,my whatsapp doesn't open..please help me 🥲,0,7,42,1,0,0,1.0,0,1,-0.3089,1,0,1,0.0,0,1,0,5.0,0.0
3dacafa2-5ec7-4856-9c37-09f077e42954,WhatsApp,Social Media,Dheka and Malti,Unknown,5,2025-11-09 10:30:55,Yah app bhaut accha he jisse baat or videos call baat karte ha,yah app bhaut accha he jisse baat or videos call baat karte ha,0,13,62,0,0,0,0.9230769230769231,0,1,0.34,1,0,1,0.0,0,1,0,5.0,0.0
59f725d0-27c5-4da7-a7c6-1b2865150856,WhatsApp,Social Media,Moreh Cohen,Unknown,5,2025-11-09 10:31:22,Great Appp,great appp,0,2,10,0,0,0,1.0,0,1,0.6249,1,0,1,0.0,0,1,0,5.0,0.0
e0bd00fe-8fa5-4c74-8848-0862a5c112e4,WhatsApp,Social Media,Twinkle Treesa,Unknown,1,2025-11-09 10:32:19,The saved contact on WhatsApp is not appearing on my phone.,the saved contact on whatsapp is not appearing on my phone.,0,11,59,0,0,0,0.9090909090909091,0,1,0.4215,1,0,1,0.0,0,1,0,1.0,0.0
91d0e8c9-78af-4ea7-9411-d7003dea5a50,WhatsApp,Social Media,fredrick kipkoech,Unknown,5,2025-11-09 10:32:52,Awesome app. I get to check my projects progress kilometers away.,awesome app. i get to check my projects progress kilometers away.,0,11,65,0,0,0,1.0,0,1,0.7845,1,0,1,0.0,0,1,0,5.0,0.0
81f6bacc-66ce-4a7c-a914-949411e79aae,WhatsApp,Social Media,kutty Sivakumar,Unknown,5,2025-11-09 10:32:54,super message app,super message app,0,3,17,0,0,0,1.0,0,1,0.5994,1,0,1,0.0,0,1,0,5.0,0.0
39c9ffd1-fd4a-49b7-8795-debab517620c,WhatsApp,Social Media,Jowns Quirush Knuckey,Unknown,5,2025-11-09 10:34:41,The most accessible international app platform everyone is using it for their own benefit.,the most accessible international app platform everyone is using it for their own benefit.,0,14,90,0,0,0,1.0,0,1,0.4588,1,0,1,0.0,0,1,0,5.0,0.0
93df7bd9-8d80-4780-89fb-f22bcaac8cbc,WhatsApp,Social Media,Jafta Ngoepe,Unknown,5,2025-11-09 10:35:01,Please fix the connection problem,please fix the connection problem,0,5,33,0,0,0,1.0,0,0,-0.1027,1,0,1,0.0,0,1,0,5.0,0.0
bb06d1b6-acdc-48b9-8f51-d5c8a0896bb3,WhatsApp,Social Media,Mduduzi Nkosi,Unknown,3,2025-11-09 10:36:26,the app doesn't work anymore. like when you turn it on it shuts down 😭👎🏾 on it's own why does it do that? I can't even text someone 👎🏾👎🏾,the app doesn't work anymore. like when you turn it on it shuts down 😭👎🏾 on it's own why does it do that? i can't even text someone 👎🏾👎🏾,0,29,136,7,0,0,0.896551724137931,0,1,-0.6381,1,0,1,0.0,0,1,0,3.0,0.0
082b6b81-9a59-493c-8b0a-aaf03799c604,WhatsApp,Social Media,Ismaila Ganiu,Unknown,4,2025-11-09 10:37:12,is good but I don't like updates,is good but i don't like updates,0,7,32,0,0,0,1.0,0,0,-0.1815,1,0,1,0.0,0,1,0,4.0,0.0
d92a98d3-c222-4b5b-8045-9b1c6023c166,WhatsApp,Social Media,Feli Bubu,Unknown,5,2025-11-09 10:37:37,whatsapp,whatsapp,0,1,8,0,0,0,1.0,0,1,0.0,1,0,1,0.0,0,11,0,5.0,0.0
3eb4fb51-f995-4612-b6f9-c87c7e19b13c,WhatsApp,Social Media,Adekoya Olusegun,Unknown,5,2025-11-09 10:37:49,What happened to my WhatsApp messanger?,what happened to my whatsapp messanger?,0,6,39,0,0,0,1.0,0,1,0.0,1,0,1,0.0,0,1,0,5.0,0.0
2833ad5f-c1aa-4912-997d-288f21db66d9,WhatsApp,Social Media,Gibs Gab,Unknown,4,2025-11-09 10:37:54,Some problem keep coming too often and this app stop working ?,some problem keep coming too often and this app stop working ?,0,12,62,0,0,0,1.0,0,1,-0.5994,1,0,1,0.0,0,1,1,4.0,0.0
eba51fad-ac82-4413-94cf-e31b761ad25c,WhatsApp,Social Media,Naveena Sinha,Unknown,5,2025-11-09 10:38:18,This is a nice app just like wow 👌👌👌👌👌🌸🌸🌸🌸🌸,this is a nice app just like wow 👌👌👌👌👌🌸🌸🌸🌸🌸,0,9,43,10,0,0,1.0,0,1,0.9897,1,0,1,0.0,0,1,0,5.0,0.0
95a59fa1-d36a-484c-ae37-88b528395001,WhatsApp,Social Media,Rania Masicha,Unknown,5,2025-11-09 10:40:05,interesting,interesting,0,1,11,0,0,0,1.0,0,0,0.4019,1,0,1,0.0,0,3,0,5.0,0.0
f85f5580-79e2-4d96-9889-6e2fd845fdcf,WhatsApp,Social Media,Sinazo,Unknown,1,2025-11-09 10:40:11,poor and bad service,poor and bad service,0,4,20,0,0,0,1.0,0,0,-0.765,1,0,1,0.0,0,1,0,1.0,0.0
2c156224-e9fc-47a4-91cd-361640d6d647,WhatsApp,Social Media,Aidan Hodgers,Unknown,5,2025-11-09 10:41:14,top class service,top class service,0,3,17,0,0,0,1.0,0,0,0.2023,1,0,1,0.0,0,1,0,5.0,0.0
0ff35deb-073a-4b42-b0bd-10fafaffac4a,WhatsApp,Social Media,Bintu Isa,Unknown,5,2025-11-09 10:41:37,"Preferably, this app need to be up grade for better understanding and useble to the customer. More than 4good years ago am using this app.","preferably, this app need to be up grade for better understanding and useble to the customer. more than 4good years ago am using this app.",0,25,138,0,0,0,0.92,0,1,0.4404,1,0,1,0.0,0,1,0,5.0,0.0
3787821d-84cb-4de8-aa5c-b1cca65cefd7,WhatsApp,Social Media,Ukasha Chan,Unknown,5,2025-11-09 10:44:16,very good this app👍🏻,very good this app👍🏻,0,4,20,2,0,0,1.0,0,1,0.4927,1,0,1,0.0,0,1,0,5.0,0.0
5ca489b3-cde5-4151-98f7-3e3d3e6d59cb,WhatsApp,Social Media,Bianca MH,Unknown,1,2025-11-09 10:47:25,"the new icon for AI on screen is really blocking the view of screen. for new message in contact, once select the name, have tick the box then key the words. it is a double job for end users","the new icon for ai on screen is really blocking the view of screen. for new message in contact, once select the name, have tick the box then key the words. it is a double job for end users",12,39,189,0,0,1,0.7948717948717948,0,0,-0.4391,1,0,1,0.0,0,1,0,1.0,0.0
f12af7f2-b473-429a-b32c-d05a1c20dcee,WhatsApp,Social Media,Varun Dixit,Unknown,5,2025-11-09 10:48:58,it was a mistake to send the message it won't happen again please WhatsApp team unban my account.,it was a mistake to send the message it won't happen again please whatsapp team unban my account.,0,18,97,0,0,0,0.9444444444444444,0,1,-0.5207,1,0,1,0.0,0,1,1,5.0,0.0
61cc7646-2377-422b-b7c6-0e2fd118cfac,WhatsApp,Social Media,Razi Rahman,Unknown,1,2025-11-09 10:49:32,ایک مسلئہ ہے ۔ اس کو جلد از جلد ٹھیک کریں ۔ جب میں واٹس ایپ پر سٹیٹس دیکھتا ہوں اور اس پر وائس میسج فارورڈ کرتا ہوں تو وہ فارورڈ,ایک مسلئہ ہے ۔ اس کو جلد از جلد ٹھیک کریں ۔ جب میں واٹس ایپ پر سٹیٹس دیکھتا ہوں اور اس پر وائس میسج فارورڈ کرتا ہوں تو وہ فارورڈ,0,31,128,0,0,0,0.8064516129032258,0,0,0.0,1,0,1,0.0,0,1,0,1.0,0.0
99603a38-7b15-4c12-ab46-1943e49981e9,WhatsApp,Social Media,Shubham Das,Unknown,5,2025-11-09 10:50:41,it was good for chating.....,it was good for chating.....,0,5,28,0,0,0,1.0,0,0,0.4404,1,0,1,0.0,0,1,0,5.0,0.0
8f2956ab-b151-481d-affb-f5921aceba98,WhatsApp,Social Media,Rattan Singh,Unknown,5,2025-11-09 10:51:26,I have achieved good good knowlegde,i have achieved good good knowlegde,0,6,35,0,0,0,0.8333333333333334,0,0,0.7003,1,0,1,0.0,0,1,0,5.0,0.0
6ccfaada-af34-4936-b15c-13a635cc6820,WhatsApp,Social Media,Hauwa Garuba,Unknown,5,2025-11-09 10:52:05,This app is a very good app that helps to connect to others asap,this app is a very good app that helps to connect to others asap,0,14,64,0,0,0,0.8571428571428571,0,1,0.6997,1,0,1,0.0,0,1,0,5.0,0.0
b060ee1c-aa7d-4f36-babe-0311f0472646,WhatsApp,Social Media,Adebisi Nifemi,Unknown,5,2025-11-09 10:52:53,I can chat with anyone anywhere,i can chat with anyone anywhere,0,6,31,0,0,0,1.0,0,0,0.0,1,0,1,0.0,0,1,0,5.0,0.0
31fbc5ce-f4a3-42e9-95d7-4360414a32d4,WhatsApp,Social Media,Dimakatso Mokhuoane,Unknown,5,2025-11-09 10:53:10,it's my favourite app,it's my favourite app,0,4,21,0,0,0,1.0,0,1,0.0,1,0,1,0.0,0,1,0,5.0,0.0
58d724c1-5ff7-4f7c-91aa-21a3be1ac61b,WhatsApp,Social Media,Andini Dini,Unknown,3,2025-11-09 10:53:18,"mohon pulih kan akun saya, saya tidak pernah spam, mohon bantuan nya, terimakasih.","mohon pulih kan akun saya, saya tidak pernah spam, mohon bantuan nya, terimakasih.",0,13,82,0,0,0,0.9230769230769231,0,0,-0.3612,1,0,1,0.0,0,1,0,3.0,0.0
dee1fff0-82f1-4a7c-9818-730ce1fdf64b,WhatsApp,Social Media,hani elbeltagy,Unknown,5,2025-11-09 10:55:19,very very useful,very very useful,0,3,16,0,0,0,0.6666666666666666,0,0,0.5379,1,0,1,0.0,0,1,0,5.0,0.0
cbb644a1-efe2-49f5-914c-f897f202e0a0,WhatsApp,Social Media,Prawoto Woto,Unknown,5,2025-11-09 10:55:33,Biar bintang yb menentukan,biar bintang yb menentukan,0,4,26,0,0,0,1.0,0,0,0.0,1,0,1,0.0,0,1,0,5.0,0.0
b6119b73-e64c-4665-8403-ae4dd5dcfbfb,WhatsApp,Social Media,Hasnain Bahi,Unknown,5,2025-11-09 10:56:03,no words everything ok here,no words everything ok here,0,5,27,0,0,0,1.0,0,0,0.0,1,0,1,0.0,0,1,0,5.0,0.0
d67a387d-ca7c-4c2d-b40d-36e6a6d58df3,WhatsApp,Social Media,RK Shop,Unknown,2,2025-11-09 11:00:16,my account is restricted by mistake. please review,my account is restricted by mistake. please review,0,8,50,0,0,0,1.0,0,0,-0.4019,1,0,1,0.0,0,1,0,2.0,0.0
c3d6a3ee-b894-4817-af75-d1fb30d03517,WhatsApp,Social Media,Thandolwethu Phungulwa,Unknown,1,2025-11-09 11:04:17,its a bad idea,its a bad idea,0,4,14,0,0,0,1.0,0,0,-0.5423,1,0,1,0.0,0,1,0,1.0,0.0
7a88d216-7b1a-43b1-a06b-7ef269e4165a,WhatsApp,Social Media,Kumari Tamang,Unknown,1,2025-11-09 11:08:31,It is not opening in my phone,it is not opening in my phone,0,7,29,0,0,0,1.0,0,0,0.0,1,0,1,0.0,0,1,0,1.0,0.0
c07ba987-4393-497b-8f64-77104e17b58a,WhatsApp,Social Media,Sourav Roy,Unknown,4,2025-11-09 11:09:58,"goodd app , but should've kept features like teligram, like documents can kept forever","goodd app , but should've kept features like teligram, like documents can kept forever",0,14,86,0,0,0,0.8571428571428571,0,1,0.7579,1,0,1,0.0,0,1,0,4.0,0.0
749bb7ad-2bd1-41fc-bf33-346a76a28251,WhatsApp,Social Media,Dyyota Chaser JZX100,Unknown,3,2025-11-09 11:13:19,"Please add more Links inside Profile likely as Tik Tok, Facebook & YouTube to content creator Media Social...","please add more links inside profile likely as tik tok, facebook & youtube to content creator media social...",0,18,109,0,0,0,1.0,1,0,0.3182,1,0,1,0.0,0,1,0,3.0,0.0
66c1cd96-1a4a-4ae0-9cdb-afdbfbcd8398,WhatsApp,Social Media,HANNATU ELISHA,Unknown,1,2025-11-09 11:13:32,"When I want to put my number it tells me number not verified and if I update, or download again and again it says the same thing","when i want to put my number it tells me number not verified and if i update, or download again and again it says the same thing",0,27,128,0,0,0,0.8148148148148148,1,0,0.2263,1,0,1,0.0,0,1,0,1.0,0.0
4f7c91c5-3d7b-4fc9-9b20-69b8c5e7a3e1,WhatsApp,Social Media,Saro Ram12,Unknown,2,2025-11-09 11:13:50,status video not clear it's so bad 😞,status video not clear it's so bad 😞,0,8,36,1,0,0,1.0,0,0,-0.8539,1,0,1,0.0,0,1,0,2.0,0.0
90e0d7af-bfdc-4652-86cb-d07ee31055fa,WhatsApp,Social Media,Mansi Botre,Unknown,3,2025-11-09 11:21:17,we can talk together and grow together 😀,we can talk together and grow together 😀,0,8,40,1,0,0,0.875,0,0,0.3612,1,0,1,0.0,0,1,0,3.0,0.0
f636dc65-8391-4db9-90ed-543cf70821b2,WhatsApp,Social Media,khaja khan,Unknown,4,2025-11-09 11:23:07,whatsapp is best but please give the one switch off and on this is very important for all,whatsapp is best but please give the one switch off and on this is very important for all,0,18,89,0,0,0,0.9444444444444444,0,1,0.8014,1,0,1,0.0,0,1,0,4.0,0.0
265f924f-efdc-4aba-b27c-5515af36a8a5,WhatsApp,Social Media,Celine,Unknown,1,2025-11-09 11:24:38,you dont allow me to install,you dont allow me to install,0,6,28,0,0,0,1.0,1,0,-0.1695,1,0,1,0.0,0,1,0,1.0,0.0
a0050042-c313-44c0-af87-526ba22797d3,WhatsApp,Social Media,gofr gofrowy,Unknown,3,2025-11-09 11:25:47,"It's a good app, it works well, but I wish I could turn off the status and channel features.","it's a good app, it works well, but i wish i could turn off the status and channel features.",0,19,92,0,0,0,0.9473684210526315,0,1,0.7227,1,0,1,0.0,0,1,0,3.0,0.0
a3c1c6d6-5ccd-4d35-a3c1-2813ae085097,WhatsApp,Social Media,Nasim Ashraf,Unknown,4,2025-11-09 11:31:10,this app is very good,this app is very good,0,5,21,0,0,0,1.0,0,1,0.4927,1,0,1,0.0,0,2,0,4.0,0.0
4da17da8-ceff-4ca5-939a-3302ad1b67af,WhatsApp,Social Media,Arun Jaga,Unknown,3,2025-11-09 11:31:33,My account in blocked due to spam why Activate my account,my account in blocked due to spam why activate my account,0,11,57,0,0,0,0.8181818181818182,0,0,-0.5574,1,0,1,0.0,0,1,0,3.0,0.0
6a8aaebe-9e02-41fb-adc7-d7968fbbecda,WhatsApp,Social Media,Ahmad yusuf,Unknown,2,2025-11-09 11:33:26,Welldone,welldone,0,1,8,0,0,0,1.0,0,0,0.0,1,0,1,0.0,0,1,0,2.0,0.0
a47c316c-841e-42b6-9dce-ca0974f254ab,WhatsApp,Social Media,Violetta Smirnova,Unknown,3,2025-11-09 11:35:34,А МОЖНО КАК-ТО МНЕ НОМЕР ТО СВОЙ СКРЫТЬ?,а можно как-то мне номер то свой скрыть?,0,8,40,0,0,7,1.0,0,0,0.0,1,0,1,0.0,0,1,0,3.0,0.0
62be6d11-ab41-4b30-bfcc-178ed66deb47,WhatsApp,Social Media,Patient,Unknown,4,2025-11-09 11:37:14,superb,superb,0,1,6,0,0,0,1.0,0,0,0.6249,1,0,1,0.0,0,4,0,4.0,0.0
5ac1d246-e9cf-4ccc-9fce-78531b9ab40c,WhatsApp,Social Media,Nikki Nguyen,Unknown,2,2025-11-09 11:38:34,having issue unable to apply dark theme in chats regardless of chat,having issue unable to apply dark theme in chats regardless of chat,0,12,67,0,0,0,1.0,0,1,0.0,1,0,1,0.0,0,1,0,2.0,0.0
430e5597-d788-47de-9767-4daf7d62e229,WhatsApp,Social Media,Soulja Villaran,Unknown,4,2025-11-09 11:41:45,enjoy,enjoy,0,1,5,0,0,0,1.0,0,0,0.4939,1,0,1,0.0,0,1,0,4.0,0.0
918aec35-835b-4978-be14-7dbcf72f03c9,WhatsApp,Social Media,nk giri,Unknown,1,2025-11-09 11:42:34,video call is not good 👎👎👎,video call is not good 👎👎👎,0,6,26,3,0,0,1.0,0,0,-0.3412,1,0,1,0.0,0,1,0,1.0,0.0
c301cd39-bc0d-4eb4-9ded-cf2ed62feab5,WhatsApp,Social Media,Innocent Simango,Unknown,3,2025-11-09 11:44:40,superb,superb,0,1,6,0,0,0,1.0,0,0,0.6249,1,0,1,0.0,0,4,0,3.0,0.0
d4985379-29d6-426d-b05b-963540cd8ad1,WhatsApp,Social Media,Kiisaa T,Unknown,4,2025-11-09 11:51:25,amezing,amezing,0,1,7,0,0,0,1.0,0,0,0.0,1,0,1,0.0,0,1,0,4.0,0.0
16b86b92-304e-484f-b58d-3a88af56fa71,WhatsApp,Social Media,Marshet Gebremichael,Unknown,4,2025-11-09 11:54:07,hold many apps but use lot of data data,hold many apps but use lot of data data,0,9,39,0,0,0,0.8888888888888888,0,1,0.0,1,0,1,0.0,0,1,0,4.0,0.0
fa2dd594-eadf-4086-8fa3-e86adcbe3e9f,WhatsApp,Social Media,Vaseem shaikh,Unknown,1,2025-11-09 11:55:37,very poor... video call effect is not working,very poor... video call effect is not working,0,8,45,0,0,0,1.0,0,0,-0.5256,1,0,1,0.0,0,1,0,1.0,0.0
8695f000-21a0-450e-a874-a92664c997b4,WhatsApp,Social Media,Monalisha rout,Unknown,5,2025-11-09 11:59:02,business,business,0,1,8,0,0,0,1.0,0,0,0.0,1,0,1,0.0,0,1,0,5.0,0.0
02a54355-7c64-4aa7-b815-7dbdcac1c27a,WhatsApp,Social Media,Xavier Green,Unknown,4,2025-11-09 12:01:45,overall good but it would be even better if there was more languages to translate from,overall good but it would be even better if there was more languages to translate from,0,16,86,0,0,0,1.0,0,0,0.7003,1,0,1,0.0,0,1,0,4.0,0.0
62e152df-ae58-4edc-852b-671c0f6dd772,WhatsApp,Social Media,Picanini Makwela,Unknown,5,2025-11-09 12:03:30,Perfect app,perfect app,0,2,11,0,0,0,1.0,0,1,0.5719,1,0,1,0.0,0,1,0,5.0,0.0
cd7a37b6-9efb-4212-a3bd-f90a189ad48f,WhatsApp,Social Media,Gidijala Sirisha,Unknown,1,2025-11-09 12:05:46,not installing my whatsapp because why I can't understand please help,not installing my whatsapp because why i can't understand please help,0,11,69,0,0,0,1.0,1,1,-0.4973,1,0,1,0.0,0,1,0,1.0,0.0
2a0ceb9f-df8c-4676-858d-0e0993e320ed,WhatsApp,Social Media,Abubakar Khan,Unknown,5,2025-11-09 12:06:08,beautiful apps,beautiful apps,0,2,14,0,0,0,1.0,0,1,0.5994,1,0,1,0.0,0,1,0,5.0,0.0
5c9618ec-66bf-4995-862d-6197e53f9e87,WhatsApp,Social Media,Samuel Uzochukwu,Unknown,5,2025-11-09 12:08:04,It is so good,it is so good,0,4,13,0,0,0,1.0,0,0,0.5777,1,0,1,0.0,0,2,0,5.0,0.0
79b9b897-7991-4965-9661-313dc7bb3360,WhatsApp,Social Media,Samuel Mary,Unknown,5,2025-11-09 12:09:58,it is fast and secured,it is fast and secured,0,5,22,0,0,0,1.0,0,0,0.4019,1,0,1,0.0,0,1,0,5.0,0.0
eb3bd8be-61b0-410c-ad88-36cf2f21b187,WhatsApp,Social Media,Etina Mphoka,Unknown,5,2025-11-09 12:10:02,Love it,love it,0,2,7,0,0,0,1.0,0,0,0.6369,1,0,1,0.0,0,3,0,5.0,0.0
76e4cb92-55d3-47d3-b9a7-7ac79a61ada2,WhatsApp,Social Media,Favour Jackson,Unknown,5,2025-11-09 12:10:08,"the app is good but am having problem on sending messages or video on my status , please what may be the problem","the app is good but am having problem on sending messages or video on my status , please what may be the problem",0,23,112,0,0,0,0.8695652173913043,0,1,-0.4939,1,0,1,0.0,0,1,0,5.0,0.0
735ff468-62fb-406c-a8f0-30188a830b5a,WhatsApp,Social Media,Monowar Hussain,Unknown,5,2025-11-09 12:10:48,nice to hear from you and your family a great,nice to hear from you and your family a great,0,10,45,0,0,0,1.0,0,0,0.7845,1,0,1,0.0,0,1,0,5.0,0.0
e453835c-5c47-4360-8b21-6a7fe169ece2,WhatsApp,Social Media,Bilal Khan,Unknown,5,2025-11-09 12:10:53,outstanding,outstanding,0,1,11,0,0,0,1.0,0,0,0.6124,1,0,1,0.0,0,2,0,5.0,0.0
dd506b80-74ac-4378-be8d-45e7b26d26a1,WhatsApp,Social Media,Haseebullah Habibi,Unknown,5,2025-11-09 12:10:55,sounds goog i love it 😀 😍 😋 ❤️,sounds goog i love it 😀 😍 😋 ❤️,0,9,30,3,0,0,1.0,0,0,0.8658,1,0,1,0.0,0,1,0,5.0,0.0
3b1ae56b-1c15-4054-b090-5fbcebece6e3,WhatsApp,Social Media,Faisal Hemat,Unknown,5,2025-11-09 12:11:13,khobsh,khobsh,0,1,6,0,0,0,1.0,0,0,0.0,1,0,1,0.0,0,1,0,5.0,0.0
73c6a084-f1c0-4e04-b62e-f8fe9cfea79b,WhatsApp,Social Media,Abigail Mprah,Unknown,1,2025-11-09 12:11:24,Update,update,0,1,6,0,0,0,1.0,0,0,0.0,1,0,1,0.0,0,1,0,1.0,0.0
626233f6-fa53-48b0-8031-9fc336c2d1b3,WhatsApp,Social Media,Showrav Sheikh,Unknown,5,2025-11-09 12:11:41,Great app,great app,0,2,9,0,0,0,1.0,0,1,0.6249,1,0,1,0.0,0,3,0,5.0,0.0
486d5504-894a-47d8-8f1e-63ce54170064,WhatsApp,Social Media,Amir Hussain,Unknown,5,2025-11-09 12:13:08,very🥰 nice 👍 good 👍,very🥰 nice 👍 good 👍,0,5,19,3,0,0,0.8,0,0,0.923,1,0,1,0.0,0,1,0,5.0,0.0
fc0d3cb8-1970-43ff-8001-869274179669,WhatsApp,Social Media,Joseph Amah,Unknown,5,2025-11-09 12:13:16,WhatsApp account doesn't work or open for me,whatsapp account doesn't work or open for me,0,8,44,0,0,0,1.0,0,1,0.0,1,0,1,0.0,0,1,0,5.0,0.0
da5e1bbc-24db-41b5-83a6-a7f36f21b4ab,WhatsApp,Social Media,Chinyere Nheeme,Unknown,5,2025-11-09 12:16:22,it is a spectacular app,it is a spectacular app,0,5,23,0,0,0,1.0,0,1,0.0,1,0,1,0.0,0,1,0,5.0,0.0
f6304e13-cb61-4749-9d50-442facf465c3,WhatsApp,Social Media,Radha Krishan,Unknown,4,2025-11-09 12:17:19,🙂🙂🙂🙂🙂🙂🤠,🙂🙂🙂🙂🙂🙂🤠,0,1,7,7,0,0,1.0,0,0,0.9354,1,0,1,0.0,0,1,0,4.0,0.0
34a11f3a-415f-482a-9efe-55dea037d357,WhatsApp,Social Media,Innocent Walcide,Unknown,5,2025-11-09 12:17:25,fait plus vite stp,fait plus vite stp,0,4,18,0,0,0,1.0,0,0,0.0,1,0,1,0.0,0,1,0,5.0,0.0
5d102b78-1f55-4acb-92ca-4b6adad70243,WhatsApp,Social Media,Bonolo Mash,Unknown,5,2025-11-09 12:17:29,😜🙃👌👌👌👌👌👌,😜🙃👌👌👌👌👌👌,0,1,8,8,0,0,1.0,0,0,0.988,1,0,1,0.0,0,1,0,5.0,0.0
9ba9c75c-b0ce-410c-8ff2-c8ca5caa9c15,WhatsApp,Social Media,Benita Chizoba Agoh,Unknown,3,2025-11-09 12:19:19,Words are not enough to describe WhatsApp. It is more than a app,words are not enough to describe whatsapp. it is more than a app,0,13,64,0,0,0,1.0,0,1,0.0,1,0,1,0.0,0,1,0,3.0,0.0
4fc7cf0c-066c-4a7b-99bf-1ef7384959bb,WhatsApp,Social Media,Mpakiso Welcome Mokgapa,Unknown,5,2025-11-09 12:19:41,I love everything about this app,i love everything about this app,0,6,32,0,0,0,1.0,0,1,0.6369,1,0,1,0.0,0,1,0,5.0,0.0
291625b0-6d1e-4dd4-a627-22a5a2b010cc,WhatsApp,Social Media,Maryj1995 Oluwabukola,Unknown,1,2025-11-09 12:20:23,it says the app crashed,it says the app crashed,1,5,23,0,0,0,1.0,0,1,0.0,1,0,1,0.0,0,1,0,1.0,0.0
d4904dfc-e6bb-49e6-81fe-acc027074429,WhatsApp,Social Media,Josephine Kyei baffour,Unknown,1,2025-11-09 12:20:42,please my whatsapp is not working,please my whatsapp is not working,0,6,33,0,0,0,1.0,0,1,0.3182,1,0,1,0.0,0,1,0,1.0,0.0
84cb55b0-7336-4aba-a25b-eb4639fe15a1,WhatsApp,Social Media,Asemahle Mpontsane,Unknown,5,2025-11-09 12:20:46,This app you can communicate with your friends 🥺🥺,this app you can communicate with your friends 🥺🥺,0,9,49,2,0,0,1.0,0,1,0.4767,1,0,1,0.0,0,1,0,5.0,0.0
c8b3d042-fd96-473f-b107-dbd440c4a525,WhatsApp,Social Media,Enoth,Unknown,5,2025-11-09 12:21:06,Reliable,reliable,0,1,8,0,0,0,1.0,0,0,0.0,1,0,1,0.0,0,1,0,5.0,0.0
d2ea76f7-695b-4dc7-ae73-5d3bb85d7530,WhatsApp,Social Media,Queen Mother,Unknown,5,2025-11-09 12:21:55,splendid,splendid,0,1,8,0,0,0,1.0,0,0,0.5859,1,0,1,0.0,0,1,0,5.0,0.0
e3e2e2c3-eb43-4205-9480-00c44ed3a37c,WhatsApp,Social Media,Mukha Singh shahkotia,Unknown,5,2025-11-09 12:22:15,plz open My act,plz open my act,0,4,15,0,0,0,1.0,0,0,0.0772,1,0,1,0.0,0,1,0,5.0,0.0
fffdb36a-9fd7-4a3b-afe8-7345466a661d,WhatsApp,Social Media,Himanshu Pandey,Unknown,5,2025-11-09 12:23:38,whatsapp is a very interesting app,whatsapp is a very interesting app,0,6,34,0,0,0,1.0,0,1,0.4576,1,0,1,0.0,0,1,0,5.0,0.0
c7b3b90a-708e-49e4-bde1-6de3fd01e783,WhatsApp,Social Media,Nashra Batool,Unknown,5,2025-11-09 12:24:00,nashra batool please let me know what you think about it 🙏,nashra batool please let me know what you think about it 🙏,0,12,58,1,0,0,1.0,0,0,0.3182,1,0,1,0.0,0,1,0,5.0,0.0
caf5d970-8591-4a64-b712-9d36f8c2281d,WhatsApp,Social Media,Denis Mbilinyi,Unknown,5,2025-11-09 12:24:08,easy fast interconnetional 🤞🤞🤞🫵🫵,easy fast interconnetional 🤞🤞🤞🫵🫵,0,4,32,5,0,0,1.0,0,0,0.4404,1,0,1,0.0,0,1,0,5.0,0.0
180a8097-9c22-4c94-88d6-f20823927378,WhatsApp,Social Media,Chintu Sinha,Unknown,5,2025-11-09 12:24:34,best chatting app all over,best chatting app all over,0,5,26,0,0,0,1.0,0,1,0.6369,1,0,1,0.0,0,1,0,5.0,0.0
0701cc86-33e1-4575-bc65-62b8661e46e2,WhatsApp,Social Media,Hadi P,Unknown,5,2025-11-09 12:24:41,Super ............,super ............,0,2,18,0,0,0,1.0,0,0,0.5994,1,0,1,0.0,0,1,0,5.0,0.0
1a2815c9-4ca0-420f-ae3c-8b095662e2d3,WhatsApp,Social Media,Linda Josephine,Unknown,5,2025-11-09 12:25:08,it is the best,it is the best,0,4,14,0,0,0,1.0,0,0,0.6369,1,0,1,0.0,0,1,0,5.0,0.0
d8c6d987-e206-4e2b-8a7e-6b9c6853dcf9,WhatsApp,Social Media,chandrawadhani Sitham,Unknown,5,2025-11-09 12:28:20,the best,the best,0,2,8,0,0,0,1.0,0,0,0.6369,1,0,1,0.0,0,2,0,5.0,0.0
f4a0dc1a-b81f-48f6-9013-55cc70e53b24,WhatsApp,Social Media,Irfan ali Khan,Unknown,1,2025-11-09 12:28:34,what's app otp not received please solve this problem,what's app otp not received please solve this problem,0,9,53,0,0,0,1.0,0,1,-0.6433,1,0,1,0.0,0,1,0,1.0,0.0
1c72f9a6-e95e-433b-baa7-a814b9cd9d6e,WhatsApp,Social Media,Sk Monia,Unknown,1,2025-11-09 12:29:22,login problem,login problem,0,2,13,0,0,0,1.0,0,0,-0.4019,1,0,1,0.0,0,1,0,1.0,0.0
5a04ae11-3809-4c74-96e4-591c193fb1ee,WhatsApp,Social Media,Tonia fombo,Unknown,4,2025-11-09 12:29:27,When are you guys going to increase picture/video quality?,when are you guys going to increase picture/video quality?,0,9,58,0,0,0,1.0,0,0,0.3182,1,0,1,0.0,0,1,0,4.0,0.0
e0748962-6e20-40db-b48e-52e4e75cb2c9,WhatsApp,Social Media,Morgan Deborah,Unknown,5,2025-11-09 12:31:21,"A very reliable app, The app is actually nice and you can create stickers and chat with friends and families.","a very reliable app, the app is actually nice and you can create stickers and chat with friends and families.",0,20,109,0,0,0,0.9,0,1,0.7906,1,0,1,0.0,0,1,0,5.0,0.0
98ac602b-7c66-4f1b-a72e-67e2db812d99,WhatsApp,Social Media,Ally Daud,Unknown,5,2025-11-09 12:32:12,my account banned due to use number which most of my members has no,my account banned due to use number which most of my members has no,0,14,67,0,0,0,0.9285714285714286,0,0,-0.5994,1,0,1,0.0,0,1,1,5.0,0.0
f751845b-7278-4aae-8ce0-8b44c205a087,WhatsApp,Social Media,Prabhu Prabhu,Unknown,5,2025-11-09 12:32:15,so many years,so many years,0,3,13,0,0,0,1.0,0,0,0.0,1,0,1,0.0,0,1,0,5.0,0.0
b0b7c79b-e373-44dd-bc66-433d73ea3e1c,WhatsApp,Social Media,Sneha Das,Unknown,4,2025-11-09 12:33:47,This is a good app for us to be connected,this is a good app for us to be connected,0,10,41,0,0,0,1.0,0,1,0.4404,1,0,1,0.0,0,1,0,4.0,0.0
71f4be00-dc61-43ed-bcde-49cbdd99402e,WhatsApp,Social Media,baby kit,Unknown,5,2025-11-09 12:34:04,VERY VERY GOOD 😍🥰😎😘😋 WHATSAPP MESSENGER 🏵✈💡💞🇦🇽 APP,very very good 😍🥰😎😘😋 whatsapp messenger 🏵✈💡💞🇦🇽 app,0,8,50,10,0,6,0.875,0,1,0.9643,1,0,1,0.0,0,1,0,5.0,0.0
55783987-17f5-4baa-aab7-9b66bb99faa3,WhatsApp,Social Media,Jenffer V. Cabatic,Unknown,5,2025-11-09 12:34:06,I am very happy with my friend's here,i am very happy with my friend's here,0,8,37,0,0,0,1.0,0,1,0.6115,1,0,1,0.0,0,1,0,5.0,0.0
f1f90602-240e-4402-ad97-f89c3f1b5e47,WhatsApp,Social Media,Jonathan Ramlakhan,Unknown,1,2025-11-09 12:34:12,"After using Whatsapp for years... Got a message today, account can no longer use whatsapp due to spam.... I didn't spam anyone between yesterday and today I only sent a couple messages....","after using whatsapp for years... got a message today, account can no longer use whatsapp due to spam.... i didn't spam anyone between yesterday and today i only sent a couple messages....",157,32,188,0,0,0,0.90625,0,1,-0.3798,1,0,1,0.0,0,1,0,1.0,0.0
df806952-1d63-4ed9-804a-428ef0f20d67,WhatsApp,Social Media,Jai prakash Verma,Unknown,5,2025-11-09 12:34:34,बढिया,बढिया,0,1,5,0,0,0,1.0,0,0,0.0,1,0,1,0.0,0,1,0,5.0,0.0
23de1d69-593a-40f5-8723-59a8142dd580,WhatsApp,Social Media,Vidhi Rathod,Unknown,5,2025-11-09 12:35:48,this app is so so much best for everyone thank you ...❤❤❤❤❤❤❤,this app is so so much best for everyone thank you ...❤❤❤❤❤❤❤,1,12,61,0,0,0,0.9166666666666666,0,1,0.9903,1,0,1,0.0,0,1,0,5.0,0.0
02842aef-34da-4af5-aa80-bc2cb20c954c,WhatsApp,Social Media,Anna Paula,Unknown,5,2025-11-09 12:36:30,beautiful application,beautiful application,0,2,21,0,0,0,1.0,0,1,0.5994,1,0,1,0.0,0,1,0,5.0,0.0
e1c7d878-eddb-47d1-8171-dbe8c8174cb9,WhatsApp,Social Media,Rabbi Smith,Unknown,5,2025-11-09 12:37:28,nice apps,nice apps,0,2,9,0,0,0,1.0,0,1,0.4215,1,0,1,0.0,0,1,0,5.0,0.0
c8fd69d6-aefa-4a76-bba0-4441538687fb,WhatsApp,Social Media,Sanjoy Roy,Unknown,1,2025-11-09 12:38:03,WhatsApp is good because sometimes you share your feelings and problems your friends and family and many times solve the problems. So WhatsApp good app.,whatsapp is good because sometimes you share your feelings and problems your friends and family and many times solve the problems. so whatsapp good app.,5,25,152,0,0,0,0.8,0,1,0.7769,1,0,1,0.0,0,1,1,1.0,0.0
5a8bd7e2-b113-4ff9-9452-8851be43792c,WhatsApp,Social Media,Amri,Unknown,4,2025-11-09 12:39:22,after update my phone can't detect call..just get miscall..can help to solve my problem,after update my phone can't detect call..just get miscall..can help to solve my problem,0,14,87,0,0,0,0.9285714285714286,0,0,0.2023,1,0,1,0.0,0,1,0,4.0,0.0
be9cbc69-b265-4f24-81b7-fe55be9e5af8,WhatsApp,Social Media,Alamgir Warun,Unknown,5,2025-11-09 12:39:27,fayyaz I am so sorry 😔,fayyaz i am so sorry 😔,0,6,22,1,0,0,1.0,0,0,-0.042,1,0,1,0.0,0,1,0,5.0,0.0
6142e10f-e132-4b25-b47d-549cde9a3a26,WhatsApp,Social Media,Emmanuel Olorunshola,Unknown,5,2025-11-09 12:39:59,A reliable app of sending messages,a reliable app of sending messages,0,6,34,0,0,0,1.0,0,1,0.0,1,0,1,0.0,0,1,0,5.0,0.0
6149a3e5-b797-48a2-b85d-071ae8401805,WhatsApp,Social Media,Golu Lodhi,Unknown,5,2025-11-09 12:40:01,Dear WhatsApp i am facing a problem WhatsApp account is not opening my account please solve this problem I have facing this issue in my WhatsApp This account can no longer use WhatsApp,dear whatsapp i am facing a problem whatsapp account is not opening my account please solve this problem i have facing this issue in my whatsapp this account can no longer use whatsapp,0,33,184,0,0,0,0.6666666666666666,0,1,-0.2263,1,0,1,0.0,0,1,0,5.0,0.0
14f46deb-adc9-4b40-9f7f-9f1675728b04,WhatsApp,Social Media,Sanjay Rawte,Unknown,5,2025-11-09 12:40:51,very nice app,very nice app,0,3,13,0,0,0,1.0,0,1,0.4754,1,0,1,0.0,0,2,0,5.0,0.0
0e52b8b7-f876-4659-925a-63107e18ddbe,WhatsApp,Social Media,Official boyne fah Shuaibu,Unknown,5,2025-11-09 12:41:00,so that we can use our device without any problemsdomin musamu saki wajan amfani da na'urar mu,so that we can use our device without any problemsdomin musamu saki wajan amfani da na'urar mu,0,17,94,0,0,0,1.0,0,0,0.0,1,0,1,0.0,0,1,0,5.0,0.0
bf6bdd53-8810-4dab-9440-1ea0b38c6f15,WhatsApp,Social Media,Silent Manager,Unknown,4,2025-11-09 12:41:53,this app is good but,this app is good but,0,5,20,0,0,0,1.0,0,1,0.2382,1,0,1,0.0,0,1,0,4.0,0.0
fec7e03b-1732-4807-9491-d3906b356954,WhatsApp,Social Media,Awalson Awalbos,Unknown,5,2025-11-09 12:42:14,Easier for me to exist with friends,easier for me to exist with friends,0,7,35,0,0,0,1.0,0,0,0.7096,1,0,1,0.0,0,1,0,5.0,0.0
6ea1c39b-a497-41ce-bdfd-3291634d3908,WhatsApp,Social Media,Shah Gee,Unknown,2,2025-11-09 12:43:42,normal,normal,1,1,6,0,0,0,1.0,0,0,0.0,1,0,1,0.0,0,1,0,2.0,0.0
192143b7-756d-4fc5-8021-af705deb096c,WhatsApp,Social Media,JAPHET AMIEKHAMHE,Unknown,5,2025-11-09 12:43:46,"Whatsapp is the most fast and reliable app for messaging, viewing of status and very easy to use","whatsapp is the most fast and reliable app for messaging, viewing of status and very easy to use",0,18,96,0,0,0,0.9444444444444444,0,1,0.4927,1,0,1,0.0,0,1,0,5.0,0.0
dd85dcc5-5e2b-4b8f-b320-48becaac1f65,WhatsApp,Social Media,Pakan Basumatary,Unknown,5,2025-11-09 12:44:34,my favourite app,my favourite app,0,3,16,0,0,0,1.0,0,1,0.0,1,0,1,0.0,0,1,0,5.0,0.0
d8e0ee2e-3ec4-4fe3-b630-23adea59513d,WhatsApp,Social Media,Aseem Srivastava,Unknown,1,2025-11-09 12:46:08,useless app. takes forever to download pdf fwded to self,useless app. takes forever to download pdf fwded to self,0,10,56,0,0,0,0.9,1,1,-0.4215,1,0,1,0.0,0,1,0,1.0,0.0
65482d2f-87fb-43cc-b0de-ca29e3ae93e0,WhatsApp,Social Media,Saieb Sk,Unknown,5,2025-11-09 12:47:17,halp me,halp me,0,2,7,0,0,0,1.0,0,0,0.0,1,0,1,0.0,0,1,0,5.0,0.0
83fc72c2-5269-45f6-8147-d9dc5b5ea4a8,WhatsApp,Social Media,siva suriyan,Unknown,5,2025-11-09 12:50:21,"perfect to use,keep updating new features","perfect to use,keep updating new features",0,6,41,0,0,0,1.0,0,0,0.5719,1,0,1,0.0,0,1,0,5.0,0.0
bb46fcda-736a-42ce-943c-a865e2917d80,WhatsApp,Social Media,Emmanuel Otinga,Unknown,5,2025-11-09 12:50:39,wonderful experience,wonderful experience,0,2,20,0,0,0,1.0,0,0,0.5719,1,0,1,0.0,0,1,0,5.0,0.0
cd905bc3-47f7-45c4-b9ce-2b23cdaa80ca,WhatsApp,Social Media,april emmanuel,Unknown,5,2025-11-09 12:51:39,cool 😎,cool 😎,0,2,6,1,0,0,1.0,0,0,0.6486,1,0,1,0.0,0,1,0,5.0,0.0
3ae8d2e8-81db-480a-8cf7-5c030388974a,WhatsApp,Social Media,Bakari Mbembeni,Unknown,1,2025-11-09 12:52:45,it's good program,it's good program,0,3,17,0,0,0,1.0,0,0,0.4404,1,0,1,0.0,0,1,0,1.0,0.0
1bc91507-ccf7-4058-8dfd-af46eebce393,WhatsApp,Social Media,Joy Otu,Unknown,1,2025-11-09 12:55:21,the app is amazing,the app is amazing,0,4,18,0,0,0,1.0,0,1,0.5859,1,0,1,0.0,0,1,1,1.0,0.0
5511def7-2d14-4fd8-976b-c322ce94c384,WhatsApp,Social Media,Gusti Kharisma,Unknown,1,2025-11-09 12:55:26,"after several update, now Whatsapp getting so much bugs. for example when i open chat, it's randomly showing the chat in the middle of conversation, and i have to scroll it down to the recent chat","after several update, now whatsapp getting so much bugs. for example when i open chat, it's randomly showing the chat in the middle of conversation, and i have to scroll it down to the recent chat",0,36,196,0,0,0,0.8611111111111112,0,1,0.0,1,0,1,0.0,0,1,0,1.0,0.0
b5373b68-20ee-440b-88d0-8425c19c55c5,WhatsApp,Social Media,Atoke Lawal,Unknown,4,2025-11-09 12:55:39,Nice business,nice business,1,2,13,0,0,0,1.0,0,0,0.4215,1,0,1,0.0,0,1,0,4.0,0.0
69f94d81-3e07-43fc-8625-c80acd43db19,WhatsApp,Social Media,SUBRAMANIYAN S,Unknown,3,2025-11-09 12:57:18,it's ok but it make a little trouble,it's ok but it make a little trouble,0,8,36,0,0,0,1.0,0,0,-0.3634,1,0,1,0.0,0,1,0,3.0,0.0
cb30de50-f55d-43fa-b180-3dfef51e8f06,WhatsApp,Social Media,Andrew Rex,Unknown,4,2025-11-09 12:58:59,Limitation in broadcast list is irritating,limitation in broadcast list is irritating,2,6,42,0,0,0,1.0,0,0,-0.6369,1,0,1,0.0,0,1,1,4.0,0.0
cc7959d9-9d86-4ce5-a753-a6cc8ef7d266,WhatsApp,Social Media,Lebohang Ramakhanya,Unknown,1,2025-11-09 12:59:19,WhatsApp doesn't respond 😔,whatsapp doesn't respond 😔,1,4,26,1,0,0,1.0,0,1,-0.0572,1,0,1,0.0,0,1,0,1.0,0.0
6b2ebe70-1d12-4f34-a52c-dbd48cfdd885,WhatsApp,Social Media,Mustafa Dalal,Unknown,1,2025-11-09 12:59:47,some messages are not shown in some group members chats,some messages are not shown in some group members chats,0,10,55,0,0,0,0.9,0,0,0.0,1,0,1,0.0,0,1,0,1.0,0.0
99d9a6ee-5ba4-4bf8-8504-3e63ae7a8424,WhatsApp,Social Media,Sunday Yahaya,Unknown,3,2025-11-09 13:02:54,Very good,very good,0,2,9,0,0,0,1.0,0,0,0.4927,1,0,1,0.0,0,7,0,3.0,0.0
c480142b-adea-4bab-ad70-c1e09b7bc770,WhatsApp,Social Media,Saihou Jatta,Unknown,4,2025-11-09 13:04:56,very amazing App,very amazing app,0,3,16,0,0,0,1.0,0,1,0.624,1,0,1,0.0,0,1,0,4.0,0.0
c200e3a4-cc12-4f36-9b34-8360b1191ee5,WhatsApp,Social Media,sushant,Unknown,3,2025-11-09 13:06:16,too much glitches in this version,too much glitches in this version,0,6,33,0,0,0,1.0,0,0,0.0,1,0,1,0.0,0,1,0,3.0,0.0
8148f338-39a7-4281-9477-06b5bccb9bbf,WhatsApp,Social Media,Kapil Bist,Unknown,4,2025-11-09 13:06:40,nice app,nice app,0,2,8,0,0,0,1.0,0,1,0.4215,1,0,1,0.0,0,5,0,4.0,0.0
f0a0d2b0-fe3a-44fb-9083-c222a4b10332,WhatsApp,Social Media,Vijay baisoya,Unknown,1,2025-11-09 13:07:00,very bad,very bad,0,2,8,0,0,0,1.0,0,0,-0.5849,1,0,1,0.0,0,1,0,1.0,0.0
3b1fd352-cfbe-469c-8e13-760aff53d681,WhatsApp,Social Media,shivam singh,Unknown,1,2025-11-09 13:08:46,my no not use in whats app what is this,my no not use in whats app what is this,0,10,39,0,0,0,1.0,0,1,-0.296,1,0,1,0.0,0,1,0,1.0,0.0
0cdedf60-c178-4a93-878f-0613441e64d1,WhatsApp,Social Media,Temporary Mail,Unknown,3,2025-11-09 13:12:45,Whatsapp Thank,whatsapp thank,0,2,14,0,0,0,1.0,0,1,0.3612,1,0,1,0.0,0,1,0,3.0,0.0
6a1091cb-c742-4481-98a6-e4ce83bad0de,WhatsApp,Social Media,Mark Lovell,Unknown,4,2025-11-09 13:15:34,Well everything but I can not save this or anything else .,well everything but i can not save this or anything else .,0,12,58,0,0,0,1.0,0,0,-0.4389,1,0,1,0.0,0,1,0,4.0,0.0
c9dcef81-8cb0-4412-9a16-a34c49529d48,WhatsApp,Social Media,Kuda Victor,Unknown,1,2025-11-09 13:17:10,my whatsup is not working properly,my whatsup is not working properly,0,6,34,0,0,0,1.0,0,0,0.0,1,0,1,0.0,0,1,0,1.0,0.0
273af012-82f5-4db1-893c-61919c405792,WhatsApp,Social Media,mohd faisal,Unknown,4,2025-11-09 13:19:26,amazing,amazing,0,1,7,0,0,0,1.0,0,0,0.5859,1,0,1,0.0,0,3,0,4.0,0.0
fbde42f9-0be6-417d-9f2c-3d3f5f003c28,WhatsApp,Social Media,Pankaj,Unknown,1,2025-11-09 13:20:31,1 star for view once feature 😭🙏🏻,1 star for view once feature 😭🙏🏻,0,7,32,3,0,0,1.0,0,0,-0.4767,1,0,1,0.0,0,1,0,1.0,0.0
ac0c196c-30e9-4b4f-bf15-75aece236244,WhatsApp,Social Media,Dayaram Kumar,Unknown,4,2025-11-09 13:21:59,Ramraj,ramraj,0,1,6,0,0,0,1.0,0,0,0.0,1,0,1,0.0,0,1,0,4.0,0.0
adf6a164-3252-4156-a669-a2a68cf34b06,WhatsApp,Social Media,"M,Mahadevspoo. M,Devspoo.",Unknown,4,2025-11-09 13:23:01,"exalent app,super, mind-blowing.","exalent app,super, mind-blowing.",0,3,32,0,0,0,1.0,0,1,0.0,1,0,1,0.0,0,1,0,4.0,0.0
30532549-2aef-46d4-8954-248b4512e2ea,WhatsApp,Social Media,poonam shinde,Unknown,1,2025-11-09 13:23:45,This app can't update.,this app can't update.,0,4,22,0,0,0,1.0,0,1,0.0,1,0,1,0.0,0,1,0,1.0,0.0
7c313e4c-0bff-4db1-9370-d0c3a8ec7437,WhatsApp,Social Media,arash hadrami,Unknown,5,2025-11-09 13:24:52,I can talk my friend and my family. is so amazing not only talk to but it can call and voice,i can talk my friend and my family. is so amazing not only talk to but it can call and voice,0,21,92,0,0,0,0.8095238095238095,0,0,0.6166,1,0,1,0.0,0,1,0,5.0,0.0
02a07d9b-a7dc-41a7-99b1-efc613b9267b,WhatsApp,Social Media,A Google user,Unknown,2,2025-11-09 13:24:58,We need the ability to backup only chats without images,we need the ability to backup only chats without images,1,10,55,0,0,0,1.0,0,0,0.3182,1,0,4,44353.0,0,1,0,3.25,2.0615528128088303
47392e2a-b55b-460f-9538-a284f6d86e73,WhatsApp,Social Media,Rajan Sharma,Unknown,5,2025-11-09 13:25:16,My experience was good,my experience was good,0,4,22,0,0,0,1.0,0,0,0.4404,1,0,1,0.0,0,1,0,5.0,0.0
121e6b63-ced4-4f81-9a12-97c33b6416b5,WhatsApp,Social Media,soorya s,Unknown,5,2025-11-09 13:25:42,மிகவும் பயனுள்ள ஆப்,மிகவும் பயனுள்ள ஆப்,0,3,19,0,0,0,1.0,0,0,0.0,1,0,1,0.0,0,1,0,5.0,0.0
d096b49e-a1ae-4adb-b166-779b17195398,WhatsApp,Social Media,Paul Flasche,Unknown,4,2025-11-09 13:26:23,𝐴𝑚𝑎𝑧𝑖𝑛𝑔,𝐴𝑚𝑎𝑧𝑖𝑛𝑔,0,1,7,0,0,0,1.0,0,0,0.0,1,0,1,0.0,0,1,0,4.0,0.0
08e1a8af-5bb3-4580-b7d9-c92e506732dc,WhatsApp,Social Media,Cherry Jones,Unknown,5,2025-11-09 13:26:44,great,great,0,1,5,0,0,0,1.0,0,0,0.6249,1,0,1,0.0,0,6,0,5.0,0.0
36e4acf8-1df5-40b4-b95e-080eae7aad97,WhatsApp,Social Media,Kittu Prajapat,Unknown,5,2025-11-09 13:27:46,very nice 👍🙂,very nice 👍🙂,0,3,12,2,0,0,1.0,0,0,0.7003,1,0,1,0.0,0,1,0,5.0,0.0
5f6bfdb7-77a8-44f4-b2d6-15d71e51c4f6,WhatsApp,Social Media,Beepin Dc,Unknown,5,2025-11-09 13:27:57,good job,good job,0,2,8,0,0,0,1.0,0,0,0.4404,1,0,1,0.0,0,1,0,5.0,0.0
c386f26c-7a6e-45fd-a1f7-b5aef4e91089,WhatsApp,Social Media,Black Killer,Unknown,4,2025-11-09 13:28:00,No vay,no vay,0,2,6,0,0,0,1.0,0,0,-0.296,1,0,1,0.0,0,1,0,4.0,0.0
aef84500-48b4-4d22-80c7-1b7edd28ffd5,WhatsApp,Social Media,Patience Andrew,Unknown,5,2025-11-09 13:29:23,perfect network 🛜 in every way,perfect network 🛜 in every way,0,6,30,1,0,0,1.0,0,0,0.5719,1,0,1,0.0,0,1,0,5.0,0.0
c3c35348-948b-4735-8649-47dbe1b13e09,WhatsApp,Social Media,Masood Ahmad,Unknown,5,2025-11-09 13:30:46,Very good,very good,0,2,9,0,0,0,1.0,0,0,0.4927,1,0,1,0.0,0,7,0,5.0,0.0
350a3d3c-8f7f-455f-bd1c-5c1b917e6dec,WhatsApp,Social Media,Savita verma,Unknown,1,2025-11-09 13:31:36,wtsapp is not responding,wtsapp is not responding,0,4,24,0,0,0,1.0,0,1,0.0,1,0,1,0.0,0,1,0,1.0,0.0
c7675059-4fa1-49d4-8788-fe4f72a53bc8,WhatsApp,Social Media,arthur Crum,Unknown,1,2025-11-09 13:31:46,Is it so complicated ??,is it so complicated ??,0,5,23,0,0,0,1.0,0,0,0.0,1,0,1,0.0,0,1,0,1.0,0.0
e4bdf01b-3289-420c-a5c6-3bb8f85bb96c,WhatsApp,Social Media,La Chelley Andrea Espinosa,Unknown,5,2025-11-09 13:33:12,great goot,great goot,0,2,10,0,0,0,1.0,0,0,0.6249,1,0,1,0.0,0,1,0,5.0,0.0
624abc0d-242e-42c8-b4a0-ec88fc74aa17,WhatsApp,Social Media,Asogba Johnny,Unknown,5,2025-11-09 13:34:30,this is nice,this is nice,0,3,12,0,0,0,1.0,0,0,0.4215,1,0,1,0.0,0,2,0,5.0,0.0
822a0e2b-b7bc-44a3-b294-71300ecbd2c9,WhatsApp,Social Media,Neetu Singh,Unknown,5,2025-11-09 13:34:48,Smart point for WhatsApp,smart point for whatsapp,1,4,24,0,0,0,1.0,0,1,0.4019,1,0,1,0.0,0,1,0,5.0,0.0
045db4b6-a8e4-4423-8e96-aef207447176,WhatsApp,Social Media,Uwera M Grace,Unknown,5,2025-11-09 13:35:29,was good,was good,0,2,8,0,0,0,1.0,0,0,0.4404,1,0,1,0.0,0,1,0,5.0,0.0
2e302cb3-a3b6-4c6f-a455-b111d1c22710,WhatsApp,Social Media,FRANKLIN ODONGKARA,Unknown,5,2025-11-09 13:36:16,whatsaap is so amazing,whatsaap is so amazing,0,4,22,0,0,0,1.0,0,0,0.7065,1,0,1,0.0,0,1,0,5.0,0.0
f3b37064-17f2-4ebf-817c-48ea7accfeef,WhatsApp,Social Media,Vicki,Unknown,1,2025-11-09 13:36:44,I got suspended for absolutely no reason and now I have no way to contact my family and friends. This issue needs to be fixed.,i got suspended for absolutely no reason and now i have no way to contact my family and friends. this issue needs to be fixed.,0,25,126,0,0,0,0.84,0,0,-0.5709,1,0,1,0.0,0,1,0,1.0,0.0
fcf24dda-8fda-4a0b-b359-8be30ffb12e0,WhatsApp,Social Media,Goodness richard,Unknown,4,2025-11-09 13:36:48,l like it,l like it,0,3,9,0,0,0,1.0,0,0,0.6705,1,0,1,0.0,0,1,0,4.0,0.0
928e3f4b-c76c-4eaa-8982-d95d37d04207,WhatsApp,Social Media,Aayush Navale,Unknown,5,2025-11-09 13:36:55,Very very best,very very best,0,3,14,0,0,0,0.6666666666666666,0,0,0.6976,1,0,1,0.0,0,1,0,5.0,0.0
8a5a04fe-e8fe-4497-a0ae-3ec891b64839,WhatsApp,Social Media,Niranjan kumar,Unknown,5,2025-11-09 13:37:33,nhi thik hai,nhi thik hai,0,3,12,0,0,0,1.0,0,1,0.0,1,0,1,0.0,0,1,0,5.0,0.0
b729cf53-3cdd-4238-b4d8-6580f695ad10,WhatsApp,Social Media,Ajayi Cyril,Unknown,5,2025-11-09 13:37:46,it's okay and easy,it's okay and easy,0,4,18,0,0,0,1.0,0,0,0.5859,1,0,1,0.0,0,1,0,5.0,0.0
02637295-6733-4e9b-9651-091d006791b4,WhatsApp,Social Media,Md shiyik,Unknown,5,2025-11-09 13:37:46,Good app,good app,0,2,8,0,0,0,1.0,0,1,0.4404,1,0,1,0.0,0,6,0,5.0,0.0
17d88ade-a3f3-4e8a-b932-1b8ca71a31c3,WhatsApp,Social Media,Payal Kayasth,Unknown,5,2025-11-09 13:37:50,You should provide option of chat lock... It will provide more privacy...,you should provide option of chat lock... it will provide more privacy...,1,12,73,0,0,0,0.9166666666666666,0,0,0.0,1,0,1,0.0,0,1,0,5.0,0.0
521b123e-2862-4b20-99a0-a73c84de1d7b,WhatsApp,Social Media,Kowshik E,Unknown,1,2025-11-09 13:37:52,I did not get whatsapp otp.. pls solve the issue.,i did not get whatsapp otp.. pls solve the issue.,0,10,49,0,0,0,1.0,0,1,0.2732,1,0,1,0.0,0,1,0,1.0,0.0
4232eefe-a620-4b00-8b5e-5878ffe4d99e,WhatsApp,Social Media,Kimmy Lama,Unknown,1,2025-11-09 13:38:18,"I'm not able to open my WhatsApp in one time, I will have to go to WhatsApp twice than only it gets Open 😡","i'm not able to open my whatsapp in one time, i will have to go to whatsapp twice than only it gets open 😡",0,24,106,1,0,0,0.8333333333333334,0,1,0.0,1,0,1,0.0,0,1,0,1.0,0.0
c83c921a-7739-4085-8ae0-ea6252f8b77c,WhatsApp,Social Media,Nandkumar Pathari,Unknown,5,2025-11-09 13:38:19,Not best,not best,0,2,8,0,0,0,1.0,0,0,-0.5216,1,0,1,0.0,0,1,1,5.0,0.0
995c4a76-b895-4ff3-a697-6a1c0fc0c2f0,WhatsApp,Social Media,Qűęèñ Ņáìŕ,Unknown,5,2025-11-09 13:40:11,عالیست,عالیست,0,1,6,0,0,0,1.0,0,0,0.0,1,0,1,0.0,0,1,0,5.0,0.0
58f12be6-61ce-4e1e-b324-c38e81009ce9,WhatsApp,Social Media,Bmario Gh,Unknown,5,2025-11-09 13:40:24,allowed everything,allowed everything,0,2,18,0,0,0,1.0,0,0,0.0,1,0,1,0.0,0,1,0,5.0,0.0
6edb3483-8927-4fa4-b7e5-b101883b3934,WhatsApp,Social Media,Timera Naidoo,Unknown,1,2025-11-09 13:40:39,cant update my watsapp useless app,cant update my watsapp useless app,0,6,34,0,0,0,1.0,0,1,-0.4215,1,0,1,0.0,0,1,0,1.0,0.0
0960719f-06b7-456c-bbab-8e6beba90bad,WhatsApp,Social Media,Bukar Mshelia,Unknown,1,2025-11-09 13:41:25,very nice,very nice,0,2,9,0,0,0,1.0,0,0,0.4754,1,0,1,0.0,0,4,0,1.0,0.0
9fcc150d-34eb-40a1-a731-c4b202e10471,WhatsApp,Social Media,Maureen,Unknown,1,2025-11-09 13:41:53,bad in opening messanger,bad in opening messanger,0,4,24,0,0,0,1.0,0,0,-0.5423,1,0,1,0.0,0,1,0,1.0,0.0
3e976ab0-6734-4539-8e4b-3aef0004b004,WhatsApp,Social Media,Toheeb Ogunlade,Unknown,3,2025-11-09 13:42:06,Love this,love this,0,2,9,0,0,0,1.0,0,0,0.6369,1,0,1,0.0,0,1,0,3.0,0.0
a45f21c0-615f-41b7-b11b-865d4c2a3a47,WhatsApp,Social Media,Misty Sharma,Unknown,5,2025-11-09 13:42:17,best app for me,best app for me,0,4,15,0,0,0,1.0,0,1,0.6369,1,0,1,0.0,0,1,0,5.0,0.0
ba2b6b66-7a4e-467d-817d-2efd7876f9cc,WhatsApp,Social Media,Ketia Dushime,Unknown,5,2025-11-09 13:43:37,"I like this app, because it help you to communicate with your friends,so that you can not miss them so easy 😁🥰😁🥰","i like this app, because it help you to communicate with your friends,so that you can not miss them so easy 😁🥰😁🥰",0,22,112,4,0,0,0.9545454545454546,0,1,0.9825,1,0,1,0.0,0,1,0,5.0,0.0
f8b5c8d9-821e-42ce-9926-d7c3e057183b,WhatsApp,Social Media,Jaswinder Chahal,Unknown,5,2025-11-09 13:44:06,you can give the option to tag or mention the status to someone.,you can give the option to tag or mention the status to someone.,0,13,64,0,0,0,0.8461538461538461,0,0,0.0,1,0,1,0.0,0,1,0,5.0,0.0
4989a48e-e066-499a-9a0c-bd3c096728a7,WhatsApp,Social Media,Kwame Peprah,Unknown,5,2025-11-09 13:44:09,Fast data sharing...,fast data sharing...,0,3,20,0,0,0,1.0,0,0,0.4215,1,0,1,0.0,0,1,0,5.0,0.0
2aafb1c8-9bc7-401d-b89b-824b5a8d1463,WhatsApp,Social Media,warefa pereke,Unknown,5,2025-11-09 13:44:40,The only easy to use app without tutorials. I was amazed when it mirrored all my contacts on my system using whatsapp web. One other interesting aspect of this app is that..........................................(to be continued),the only easy to use app without tutorials. i was amazed when it mirrored all my contacts on my system using whatsapp web. one other interesting aspect of this app is that..........................................(to be continued),2,34,230,0,0,0,0.9411764705882353,0,1,0.8316,1,0,1,0.0,0,1,0,5.0,0.0
20c0b885-8f9b-4645-a3cf-da394081e34c,WhatsApp,Social Media,Yasmin Khatoon,Unknown,5,2025-11-09 13:45:09,I like it what's up,i like it what's up,0,5,19,0,0,0,1.0,0,0,0.3612,1,0,1,0.0,0,1,0,5.0,0.0
feb49409-8dbb-4f97-9d76-92976748f928,WhatsApp,Social Media,Tanja Wingenbach,Unknown,1,2025-11-09 13:46:19,"AI is intrusive and makes the app user unfriendly, especially the search bar. Needs disable option.","ai is intrusive and makes the app user unfriendly, especially the search bar. needs disable option.",0,16,99,0,0,1,0.9375,0,1,-0.3612,1,0,1,0.0,0,1,0,1.0,0.0
206434cb-a1b7-4fe6-ac0c-2308fea6d6f3,WhatsApp,Social Media,Saifullah saif,Unknown,5,2025-11-09 13:46:42,Excellent performance,excellent performance,0,2,21,0,0,0,1.0,0,0,0.5719,1,0,1,0.0,0,1,0,5.0,0.0
f7cb5b44-dbc1-4ee3-8857-447ef95d79eb,WhatsApp,Social Media,Neo Mashego,Unknown,5,2025-11-09 13:47:59,everything is amazing 👏 thank you 😊 WA❤️❤️❤️🤍💭,everything is amazing 👏 thank you 😊 wa❤️❤️❤️🤍💭,1,8,46,4,0,1,1.0,0,0,0.9062,1,0,1,0.0,0,1,0,5.0,0.0
6ad8343c-bb15-4125-95e7-4adad9c8dbc5,WhatsApp,Social Media,Massaret Massaret,Unknown,5,2025-11-09 13:48:47,Hadhaa koo mariyaa,hadhaa koo mariyaa,0,3,18,0,0,0,1.0,0,0,0.0,1,0,1,0.0,0,1,0,5.0,0.0
ea30ae80-64f8-4a0f-aac5-8cbc37a83c8d,WhatsApp,Social Media,M Yaseen Yaseen,Unknown,3,2025-11-09 13:49:15,ok app,ok app,1,2,6,0,0,0,1.0,0,1,0.296,1,0,1,0.0,0,2,0,3.0,0.0
c0d5c80c-668b-4477-a67d-c08f52c93ae3,WhatsApp,Social Media,Lwandle,Unknown,3,2025-11-09 13:50:06,I love it so much 😍😍😍😍😍👍💕👍👍👍,i love it so much 😍😍😍😍😍👍💕👍👍👍,1,6,28,10,0,0,1.0,0,0,0.9744,1,0,1,0.0,0,1,0,3.0,0.0
2a4c9153-1bf8-42fe-9d4e-fdda6beaf1a0,WhatsApp,Social Media,Sumon Mondal,Unknown,5,2025-11-09 13:50:48,this is best,this is best,0,3,12,0,0,0,1.0,0,0,0.6369,1,0,1,0.0,0,1,0,5.0,0.0
8540c23e-e7ef-4071-b7d7-f847e53f412a,WhatsApp,Social Media,Zipporah Antwi,Unknown,1,2025-11-09 13:51:10,whatsapp is insecure and unsafe my account is banned because someone hacked my account this morning 🌄,whatsapp is insecure and unsafe my account is banned because someone hacked my account this morning 🌄,1,17,101,1,0,0,0.8235294117647058,0,1,-0.8176,1,0,1,0.0,0,1,0,1.0,0.0
e250b46b-682b-41fb-9c2d-1f43c1ed1eee,WhatsApp,Social Media,Hichen Jemu,Unknown,1,2025-11-09 13:51:30,"never get a music we are looking for, the music/song option is very less.","never get a music we are looking for, the music/song option is very less.",1,14,73,0,0,0,1.0,0,0,0.0,1,0,1,0.0,0,1,0,1.0,0.0
5eaa6b07-736d-4930-a322-7e44fe4755c3,WhatsApp,Social Media,Manish Yadav,Unknown,5,2025-11-09 13:52:06,Why I can't registered my whatsapp,why i can't registered my whatsapp,1,6,34,0,0,0,1.0,0,1,0.0,1,0,1,0.0,0,1,0,5.0,0.0
7dad84d1-4cbd-4500-8fb8-d0b8e5d8ada1,WhatsApp,Social Media,Anshika Rana,Unknown,5,2025-11-09 13:52:26,this aap is very good in this app we can post anytype of story and we can make group message to any one and send any type of photos videos to our friend very good for all 😊☺️,this aap is very good in this app we can post anytype of story and we can make group message to any one and send any type of photos videos to our friend very good for all 😊☺️,0,38,174,1,0,0,0.7631578947368421,0,1,0.9558,1,0,1,0.0,0,1,0,5.0,0.0
b5ac3dae-ea3e-4fc4-a0b0-e61339d41d0f,WhatsApp,Social Media,Haruna Ibrahim,Unknown,5,2025-11-09 13:53:34,very nice,very nice,0,2,9,0,0,0,1.0,0,0,0.4754,1,0,1,0.0,0,4,0,5.0,0.0
b154b047-e423-4ebe-938c-ed79d229405f,WhatsApp,Social Media,Ajay Vishwakarma,Unknown,1,2025-11-09 13:54:03,very bad service your app is automatically disabled WhatsApp is not open 😒,very bad service your app is automatically disabled whatsapp is not open 😒,0,13,74,1,0,0,0.9230769230769231,0,1,-0.5849,1,0,1,0.0,0,1,0,1.0,0.0
d5b75240-7c98-4212-b085-a76ce775820b,WhatsApp,Social Media,Suresh Kushwah,Unknown,5,2025-11-09 13:54:34,bekar hai,bekar hai,0,2,9,0,0,0,1.0,0,1,0.0,1,0,1,0.0,0,1,0,5.0,0.0
2ab041f4-2882-4a40-b9fc-1b14260d2ba4,WhatsApp,Social Media,Adeshina Adeyemi,Unknown,5,2025-11-09 13:55:11,I need my Whatsapp back,i need my whatsapp back,0,5,23,0,0,0,1.0,0,1,0.0,1,0,1,0.0,0,1,0,5.0,0.0
10d80fa5-00c8-4e36-b370-a8dcf179b87d,WhatsApp,Social Media,Bhadanga ku ho,Unknown,3,2025-11-09 13:55:14,"This app is bad for me,because not support by customer service","this app is bad for me,because not support by customer service",0,11,62,0,0,0,1.0,0,1,-0.6964,1,0,1,0.0,0,1,0,3.0,0.0
30e19500-3cb6-4498-b54a-49281de1be29,WhatsApp,Social Media,arlenejoy delacruz,Unknown,1,2025-11-09 13:57:08,im on vacation here in 9hilippines i cannot open my whats up,im on vacation here in 9hilippines i cannot open my whats up,0,12,60,0,0,0,1.0,0,0,0.0,1,0,1,0.0,0,1,0,1.0,0.0
62db5396-3ea3-4682-ade4-0ed759c400d5,WhatsApp,Social Media,Sagufta Yasmin,Unknown,5,2025-11-09 13:57:18,it is a great app but I don't know why it is not working for 1 week please help,it is a great app but i don't know why it is not working for 1 week please help,0,19,79,0,0,0,0.8947368421052632,0,1,0.8422,1,0,1,0.0,0,1,0,5.0,0.0
a448bea9-dce3-45c1-b1a0-9b273de10df6,WhatsApp,Social Media,Ebube Alex,Unknown,5,2025-11-09 13:57:49,Always the best,always the best,0,3,15,0,0,0,1.0,0,0,0.6369,1,0,1,0.0,0,1,0,5.0,0.0
db39a369-9a35-4cfc-953d-adfe689cf098,WhatsApp,Social Media,Khalfan juma Viva,Unknown,5,2025-11-09 13:58:06,Fantastic,fantastic,0,1,9,0,0,0,1.0,0,0,0.5574,1,0,1,0.0,0,1,0,5.0,0.0
cf401045-8fb8-40f3-bf2e-8b2b4178aa5b,WhatsApp,Social Media,Arief Setyawan,Unknown,5,2025-11-09 13:58:12,bantu saya untuk login ke watsaap,bantu saya untuk login ke watsaap,0,6,33,0,0,0,1.0,0,0,0.0,1,0,1,0.0,0,1,0,5.0,0.0
98e0c1f4-2ce0-4be1-8d76-f9222c7d23d3,WhatsApp,Social Media,Mubarak Umar,Unknown,5,2025-11-09 13:58:13,Mubarak bado,mubarak bado,0,2,12,0,0,0,1.0,0,0,0.0,1,0,1,0.0,0,1,0,5.0,0.0
a728c2fa-cece-42a2-ab82-ed959ba4750b,WhatsApp,Social Media,Adebayo Junior,Unknown,5,2025-11-09 13:58:51,this is really good,this is really good,1,4,19,0,0,0,1.0,0,0,0.4927,1,0,1,0.0,0,1,0,5.0,0.0
0473a1af-b4d9-4519-badc-441319b82c1a,WhatsApp,Social Media,Dixit Dixit,Unknown,5,2025-11-09 13:59:12,good work,good work,1,2,9,0,0,0,1.0,0,0,0.4404,1,0,1,0.0,0,1,0,5.0,0.0
3718ea11-32ba-4ed0-8584-3564406fae6a,WhatsApp,Social Media,Reitumetse Chomane,Unknown,5,2025-11-09 13:59:32,I love you,i love you,1,3,10,0,0,0,1.0,0,0,0.6369,1,0,1,0.0,0,1,0,5.0,0.0
4a02c8a9-a96b-4f4e-b6ea-63e28df6ce9c,WhatsApp,Social Media,Khamala Kiden,Unknown,5,2025-11-09 13:59:40,Love u,love u,0,2,6,0,0,0,1.0,0,0,0.6369,1,0,1,0.0,0,1,0,5.0,0.0
fc0c6f9b-d99a-4aa7-97af-348d956c088b,WhatsApp,Social Media,Pooja S,Unknown,1,2025-11-09 13:59:43,not good if new updates are there in my phone not updating so please check what is the wrong with app and let me know my tomorrow this is want my problem,not good if new updates are there in my phone not updating so please check what is the wrong with app and let me know my tomorrow this is want my problem,1,32,153,0,0,0,0.875,0,1,-0.6013,1,0,1,0.0,0,1,0,1.0,0.0
1df5b5c8-dcfe-4a60-8de2-be4007e749af,WhatsApp,Social Media,Nirmal K Sharma,Unknown,5,2025-11-09 13:59:51,so nice,so nice,1,2,7,0,0,0,1.0,0,0,0.4754,1,0,1,0.0,0,1,0,5.0,0.0
b4ecfbaf-2e00-4d6c-8620-d7787671aa0d,WhatsApp,Social Media,Farida Usman,Unknown,3,2025-11-09 14:00:13,Whatsapp is the one of the most reliabe massage app,whatsapp is the one of the most reliabe massage app,0,10,51,0,0,0,0.9,0,1,0.0,1,0,1,0.0,0,1,0,3.0,0.0
6f123e17-191d-4103-9a63-0ffaff7a5847,WhatsApp,Social Media,Shaym Babbu,Unknown,5,2025-11-09 14:01:20,good 🌃,good 🌃,0,2,6,1,0,0,1.0,0,0,0.4404,1,0,1,0.0,0,1,0,5.0,0.0
6c149b08-1219-4d5a-bac5-71f713090231,WhatsApp,Social Media,Gresham Huncho,Unknown,5,2025-11-09 14:02:05,😊😊👌👌🚀,😊😊👌👌🚀,0,1,5,5,0,0,1.0,0,0,0.9728,1,0,1,0.0,0,1,0,5.0,0.0
3458f1b0-16c4-4bfd-9783-4de176021044,WhatsApp,Social Media,Ravindhar Madigela,Unknown,5,2025-11-09 14:03:23,whatsapp ok,whatsapp ok,1,2,11,0,0,0,1.0,0,1,0.296,1,0,1,0.0,0,1,0,5.0,0.0
77d1c2d0-a53b-444a-b6fa-c03f83f97b5d,WhatsApp,Social Media,Waiga Bashir,Unknown,5,2025-11-09 14:04:57,I need this app for android phone,i need this app for android phone,1,7,33,0,0,0,1.0,0,1,0.0,1,0,1,0.0,0,1,0,5.0,0.0
f7031f75-68b3-47bd-a108-1d72d608e3f9,WhatsApp,Social Media,Nthabiseng Matebane,Unknown,4,2025-11-09 14:05:37,"my video call doesn't have any filter icon but some people's phones do, can someone please explain this to me","my video call doesn't have any filter icon but some people's phones do, can someone please explain this to me",1,20,109,0,0,0,1.0,0,0,0.4497,1,0,1,0.0,0,1,0,4.0,0.0
d7a7c1ca-bebd-4f85-a550-d49b0b7abeb3,WhatsApp,Social Media,Nitish Singh,Unknown,1,2025-11-09 14:07:41,"unnecessary blocking my account I am not able to access for almost 6 hours now there are lot of critical message, waste hoping for a better indigenous options","unnecessary blocking my account i am not able to access for almost 6 hours now there are lot of critical message, waste hoping for a better indigenous options",1,28,158,0,0,0,0.9642857142857143,0,0,-0.25,1,0,1,0.0,0,1,0,1.0,0.0
3568ee4c-23fa-404f-909c-1c969fd5b61e,WhatsApp,Social Media,Enver Harmen,Unknown,3,2025-11-09 14:13:49,Is there any subscription to the user,is there any subscription to the user,1,7,37,0,0,0,1.0,0,0,0.0,1,0,1,0.0,0,1,0,3.0,0.0
9e036c29-9792-4204-8cb9-578e5a72d1ec,WhatsApp,Social Media,Dandu Soren,Unknown,2,2025-11-09 14:19:03,dular gate,dular gate,3,2,10,0,0,0,1.0,0,0,0.0,1,0,1,0.0,0,1,0,2.0,0.0
edbddc59-8d68-424f-8634-1b7bae4df32a,WhatsApp,Social Media,sathish rko,Unknown,1,2025-11-09 14:19:27,my whatup banned 🥹,my whatup banned 🥹,1,4,18,1,0,0,1.0,0,0,-0.4588,1,0,1,0.0,0,1,0,1.0,0.0
deecfa5c-5a84-4518-968d-1c728f959f52,WhatsApp,Social Media,2127 47 karan,Unknown,1,2025-11-09 14:19:30,whatsapp not open in my phone,whatsapp not open in my phone,1,6,29,0,0,0,1.0,0,1,0.0,1,0,1,0.0,0,1,0,1.0,0.0
3915329b-d14f-4d8b-bb4e-0784e99edf1e,WhatsApp,Social Media,Melissa Toribio López,Unknown,1,2025-11-09 14:24:18,"de la nada dejó de funcionar por un supuesto ""spam"" y no me dan soluciones.","de la nada dejó de funcionar por un supuesto ""spam"" y no me dan soluciones.",0,15,75,0,0,0,0.9333333333333333,0,0,-0.5719,1,0,1,0.0,0,1,0,1.0,0.0
a124fc0e-1b78-4230-afde-d1626633921e,WhatsApp,Social Media,Zar Shad,Unknown,1,2025-11-09 14:25:56,WhatsApp uninstall because not working. WhatsApp code not received . this is no help full app.,whatsapp uninstall because not working. whatsapp code not received . this is no help full app.,0,16,94,0,0,0,0.875,1,1,-0.3089,1,0,1,0.0,0,1,0,1.0,0.0
9c74f644-2c95-4354-adb6-1aa92fab9735,WhatsApp,Social Media,MARUF MAHAMUD,Unknown,1,2025-11-09 14:26:07,"Please add the ""scheduled message"" sent option...","please add the ""scheduled message"" sent option...",0,7,49,0,0,0,1.0,0,0,0.3182,1,0,1,0.0,0,1,0,1.0,0.0
aba80738-eeb7-4e2a-aedf-f03f2b879e72,WhatsApp,Social Media,Dj Fameye,Unknown,2,2025-11-09 14:31:18,whatsapp,whatsapp,0,1,8,0,0,0,1.0,0,1,0.0,1,0,1,0.0,0,11,0,2.0,0.0
f3e6ff89-d4bd-46e9-815a-4e58142def11,WhatsApp,Social Media,varsha bhatt,Unknown,3,2025-11-09 14:33:24,limitation of broadcast list not good.,limitation of broadcast list not good.,0,6,38,0,0,0,1.0,0,0,-0.5583,1,0,1,0.0,0,1,0,3.0,0.0
5c7bee86-5e3a-40ed-92c3-c27cc711ab77,WhatsApp,Social Media,Teboho Teboho,Unknown,4,2025-11-09 14:36:37,Good app,good app,0,2,8,0,0,0,1.0,0,1,0.4404,1,0,1,0.0,0,6,0,4.0,0.0
52e34057-05ae-4709-b28c-06258b19180c,WhatsApp,Social Media,Laxmi Laxmi,Unknown,3,2025-11-09 14:37:40,it is very use full,it is very use full,0,5,19,0,0,0,1.0,0,0,0.0,1,0,1,0.0,0,1,0,3.0,0.0
a474aecb-27b5-48c7-a200-478b62a9f2c6,WhatsApp,Social Media,Ehsan Sadat,Unknown,2,2025-11-09 14:38:45,i don't know why i am receiving calls and messages late,i don't know why i am receiving calls and messages late,0,11,55,0,0,0,0.9090909090909091,0,0,0.0,1,0,1,0.0,0,1,0,2.0,0.0
0071fdaf-cd09-40f5-94dd-21439bf85738,WhatsApp,Social Media,Sher Muhammad,Unknown,5,2025-11-09 14:45:11,Bad App Highly Bug Account Not Login problem Iam never use WhatsApp it's My last review,bad app highly bug account not login problem iam never use whatsapp it's my last review,0,16,87,0,0,0,1.0,0,1,-0.3054,1,0,1,0.0,0,1,0,5.0,0.0
09b290d8-8e03-4914-a3a3-05db15ab2a1d,WhatsApp,Social Media,Kashif Ali,Unknown,2,2025-11-09 14:46:32,"I have a problem while using whatsapp. I cannot send pics via gallery & camera. when I start sending pics, automatically, close the whatsapp app. kindly fix my problem.","i have a problem while using whatsapp. i cannot send pics via gallery & camera. when i start sending pics, automatically, close the whatsapp app. kindly fix my problem.",0,29,168,0,0,0,0.9310344827586207,0,1,-0.296,1,0,2,0.0,0,1,0,1.5,0.7071067811865476
600c6cd3-addf-4155-b59a-e0e493604b5a,WhatsApp,Social Media,ElumalaiSumathi SumathiElumalai,Unknown,1,2025-11-09 14:46:35,it was too bad 😖,it was too bad 😖,0,5,16,1,0,0,1.0,0,0,-0.5423,1,0,1,0.0,0,1,0,1.0,0.0
08eb99c4-5eca-4f4b-80b4-4fa83f5cb821,WhatsApp,Social Media,Mudassar Ali,Unknown,5,2025-11-09 14:46:35,King boss,king boss,0,2,9,0,0,0,1.0,0,0,0.0,1,0,1,0.0,0,1,0,5.0,0.0
8d114cbe-54ee-4bbf-81d9-02755babe34c,WhatsApp,Social Media,Ashwin Ashwin,Unknown,5,2025-11-09 14:48:41,ok super,ok super,0,2,8,0,0,0,1.0,0,0,0.7269,1,0,1,0.0,0,1,0,5.0,0.0
b1080bb9-6c15-416c-826c-872df97f0977,WhatsApp,Social Media,Yogesh Marandi,Unknown,5,2025-11-09 14:48:56,super apps,super apps,0,2,10,0,0,0,1.0,0,1,0.5994,1,0,1,0.0,0,1,0,5.0,0.0
9f71a019-d221-4167-adb1-bb1798274a69,WhatsApp,Social Media,Bimala Tamang,Unknown,5,2025-11-09 14:50:13,This app is very useful for everyone,this app is very useful for everyone,0,7,36,0,0,0,1.0,0,1,0.4927,1,0,1,0.0,0,1,0,5.0,0.0
d5863708-bfa3-4a0e-8fc6-0264733238c9,WhatsApp,Social Media,Gerald Kudzanai,Unknown,5,2025-11-09 14:51:52,excellent,excellent,0,1,9,0,0,0,1.0,0,0,0.5719,1,0,1,0.0,0,3,0,5.0,0.0
c7f308ad-5f91-463f-bab6-4c8460a66c6c,WhatsApp,Social Media,Muyugo Dahiya,Unknown,5,2025-11-09 14:52:19,great app,great app,0,2,9,0,0,0,1.0,0,1,0.6249,1,0,1,0.0,0,3,0,5.0,0.0
540ab9e2-ac08-456d-9e1c-65a8a6855d8b,WhatsApp,Social Media,Victor Chukwudi,Unknown,4,2025-11-09 14:53:19,it's a good app but not everyone has gotten the new feature even after updating several times I've not been able to get the repost feature since,it's a good app but not everyone has gotten the new feature even after updating several times i've not been able to get the repost feature since,0,27,144,0,0,0,0.8888888888888888,0,1,0.2382,1,0,1,0.0,0,1,0,4.0,0.0
a215028c-8f9b-48e0-b3a1-c31a2f694831,WhatsApp,Social Media,Ranjit Mall,Unknown,5,2025-11-09 14:54:08,mera WhatsApp chal nahin raha hai,mera whatsapp chal nahin raha hai,0,6,33,0,0,0,1.0,0,1,0.0,1,0,1,0.0,0,1,0,5.0,0.0
4e3917dc-0486-4eb9-8a7b-370838858482,WhatsApp,Social Media,Gopal Singh,Unknown,5,2025-11-09 14:54:51,my whatsapp started please,my whatsapp started please,0,4,26,0,0,0,1.0,0,1,0.3182,1,0,1,0.0,0,1,0,5.0,0.0
9f4d2c59-7e80-43d8-8d9e-613004a71ab4,WhatsApp,Social Media,Imran Allahrha,Unknown,5,2025-11-09 14:54:52,awesome 👌,awesome 👌,0,2,9,1,0,0,1.0,0,0,0.8816,1,0,1,0.0,0,1,0,5.0,0.0
1ada986e-07ca-4b77-a530-3f91ae12de6e,WhatsApp,Social Media,Rajendran kesavan,Unknown,2,2025-11-09 14:55:02,Not used yet,not used yet,0,3,12,0,0,0,1.0,0,0,0.0,1,0,1,0.0,0,1,0,2.0,0.0
a508ad93-325a-44bc-8eb2-30c559583397,WhatsApp,Social Media,Kxlhhlfgoi yourugd,Unknown,4,2025-11-09 14:55:53,The apps necessary impatain for me,the apps necessary impatain for me,0,6,34,0,0,0,1.0,0,1,0.0,1,0,1,0.0,0,1,0,4.0,0.0
a7eeb385-eb2a-452d-84ef-b0ed721fd2d2,WhatsApp,Social Media,Samuel Oghenetega,Unknown,5,2025-11-09 14:56:11,This is the best communication app ever,this is the best communication app ever,0,7,39,0,0,0,1.0,0,1,0.6369,1,0,1,0.0,0,1,0,5.0,0.0
bf652154-2636-4bbd-8929-847b12338a7b,WhatsApp,Social Media,Mohd Faris,Unknown,4,2025-11-09 14:56:25,I miss my old status look like😔💔🥀,i miss my old status look like😔💔🥀,0,7,33,3,0,0,1.0,0,0,0.5106,1,0,1,0.0,0,1,0,4.0,0.0
e3768884-61fd-4419-bc5e-71fc1e84267e,WhatsApp,Social Media,Maheshwari Devi,Unknown,2,2025-11-09 14:56:53,plz iss problem ko solve kijiye,plz iss problem ko solve kijiye,0,6,31,0,0,0,1.0,0,0,-0.1531,1,0,1,0.0,0,1,0,2.0,0.0
ea320106-fc11-47b9-a103-4d88235f3b87,WhatsApp,Social Media,mohdaqeelhussain mohdaqeelhussain,Unknown,5,2025-11-09 14:57:32,very good n excellent,very good n excellent,0,4,21,0,0,0,1.0,0,0,0.7996,1,0,1,0.0,0,1,0,5.0,0.0
65027732-558e-474d-add2-d11dcd4fcc93,WhatsApp,Social Media,Ghanshyam Bhavsar,Unknown,1,2025-11-09 14:58:02,adult channels are coming in suggestions in everyone's phone whether he is kids or old.,adult channels are coming in suggestions in everyone's phone whether he is kids or old.,1,15,87,0,0,0,0.9333333333333333,0,0,0.0,1,0,1,0.0,0,1,0,1.0,0.0
43e6604e-40ab-4065-b677-2b49bd8b0674,WhatsApp,Social Media,Mohit Raj 20,Unknown,5,2025-11-09 14:58:47,this application is very helpful and interesting this application is very easy to use other any person so thankful,this application is very helpful and interesting this application is very easy to use other any person so thankful,0,19,114,0,0,0,0.7894736842105263,0,1,0.9324,1,0,1,0.0,0,1,0,5.0,0.0
bba71c3f-478b-43f1-aa52-a8b6eda24fc4,WhatsApp,Social Media,beverly fhatuwani,Unknown,3,2025-11-09 14:59:02,Whatsapp no longer allows screen record while on the call?,whatsapp no longer allows screen record while on the call?,0,10,58,0,0,0,1.0,0,1,-0.296,1,0,1,0.0,0,1,0,3.0,0.0
c5bc897e-a179-438d-bf7f-d4334607ba3d,WhatsApp,Social Media,Zayyam Aliyan,Unknown,5,2025-11-09 14:59:23,this is very useful app,this is very useful app,0,5,23,0,0,0,1.0,0,1,0.4927,1,0,1,0.0,0,1,0,5.0,0.0
a653d46d-8757-4fa9-9dc0-66ee80e60c43,WhatsApp,Social Media,Emmanuel Teye,Unknown,1,2025-11-09 14:59:40,scams,scams,0,1,5,0,0,0,1.0,0,0,-0.5859,1,0,1,0.0,0,1,0,1.0,0.0
c908381e-9484-4e92-8e13-a6ed963d7975,WhatsApp,Social Media,Augustin Cîrjan,Unknown,2,2025-11-09 15:00:42,Cool mess app but bad when it comes to restore your chats on another device.,cool mess app but bad when it comes to restore your chats on another device.,0,15,76,0,0,0,1.0,0,1,-0.4678,1,0,1,0.0,0,1,0,2.0,0.0
439f7e3e-c7ba-46b7-af19-57690ef56fc9,WhatsApp,Social Media,Yorgo Kaneto,Unknown,1,2025-11-09 15:00:45,Terrible saving contacts is impossible. it keeps erasing them. also why cant delet the ai button?,terrible saving contacts is impossible. it keeps erasing them. also why cant delet the ai button?,1,16,97,0,0,0,1.0,0,0,-0.4767,1,0,1,0.0,0,1,0,1.0,0.0
0b757337-40ee-4c4a-874d-dcd257f436fc,WhatsApp,Social Media,Yekamu Zhimomi,Unknown,5,2025-11-09 15:00:46,excited,excited,0,1,7,0,0,0,1.0,0,0,0.34,1,0,1,0.0,0,1,0,5.0,0.0
1bdd8317-3e26-4a56-bf3c-ca1db7854562,WhatsApp,Social Media,Prakash Mishra,Unknown,5,2025-11-09 15:01:21,whatsaap cantinu plees open,whatsaap cantinu plees open,2,4,27,0,0,0,1.0,0,0,0.0,1,0,1,0.0,0,1,0,5.0,0.0
e08f63be-3642-456d-b853-67acd6a3a342,WhatsApp,Social Media,SANGUINE,Unknown,1,2025-11-09 15:02:04,Today my whatsapp account got banned all of a sudden. whatsapp team is requested to check this and unban my account please.,today my whatsapp account got banned all of a sudden. whatsapp team is requested to check this and unban my account please.,1,22,123,0,0,0,0.8636363636363636,0,1,-0.1779,1,0,1,0.0,0,1,0,1.0,0.0
93ab7138-0542-412a-8746-ed5aa048ddba,WhatsApp,Social Media,Mohsin ali,Unknown,5,2025-11-09 15:03:05,joiya sab,joiya sab,0,2,9,0,0,0,1.0,0,0,0.0,1,0,1,0.0,0,1,0,5.0,0.0
bbf2964b-78e8-44b3-a631-7e844e4ecf92,WhatsApp,Social Media,Juveriya Juveriya,Unknown,4,2025-11-09 15:03:50,my community info is not opening after I updated my watsapp,my community info is not opening after i updated my watsapp,0,11,59,0,0,0,0.9090909090909091,0,1,0.0,1,0,1,0.0,0,1,0,4.0,0.0
df2c87cc-b74b-4e65-8dc2-9e4bede1741f,WhatsApp,Social Media,Catikawa Richardson,Unknown,4,2025-11-09 15:03:57,Great,great,0,1,5,0,0,0,1.0,0,0,0.6249,1,0,1,0.0,0,6,0,4.0,0.0
58491cb5-0aff-4902-97a4-dd984701e919,WhatsApp,Social Media,Rehman Awan,Unknown,4,2025-11-09 15:04:54,So beautiful,so beautiful,0,2,12,0,0,0,1.0,0,0,0.6361,1,0,1,0.0,0,1,0,4.0,0.0
ef3ecfa4-9162-4f30-b827-7714cd6a96e3,WhatsApp,Social Media,Simon Kariuki,Unknown,3,2025-11-09 15:06:15,iñ time,iñ time,0,2,7,0,0,0,1.0,0,0,0.0,1,0,1,0.0,0,1,0,3.0,0.0
70c5ca32-7e45-4ea2-8199-4077f4c5b8aa,WhatsApp,Social Media,Nixo Vandroz,Unknown,1,2025-11-09 15:07:25,AAA it's coool here,aaa it's coool here,0,4,19,0,0,1,1.0,0,0,0.0,1,0,1,0.0,0,1,0,1.0,0.0
6d1dd524-b769-4955-a560-05b69f5819aa,WhatsApp,Social Media,Sunday Anaelechi,Unknown,5,2025-11-09 15:07:26,"It's a very nice and good app for communication, try to download this app","it's a very nice and good app for communication, try to download this app",0,14,73,0,0,0,0.9285714285714286,1,1,0.7397,1,0,1,0.0,0,1,0,5.0,0.0
4e33dbfc-3b41-4723-852b-2b8c255ee381,WhatsApp,Social Media,Bhagwan Swaroop,Unknown,5,2025-11-09 15:08:26,"very very nice,, and helpfull","very very nice,, and helpfull",0,5,29,0,0,0,0.8,0,0,0.5222,1,0,1,0.0,0,1,0,5.0,0.0
2da4b963-0494-467e-9474-8bf88dd3736c,WhatsApp,Social Media,Andiswa Shelembe,Unknown,5,2025-11-09 15:08:47,the allow share button just disappeared and i don't know how to bring it back . I tried updating but nothing still,the allow share button just disappeared and i don't know how to bring it back . i tried updating but nothing still,0,22,114,0,0,0,0.9545454545454546,0,1,0.1531,1,0,1,0.0,0,1,0,5.0,0.0
01d110c9-65a4-4e25-837f-657dd7730d64,WhatsApp,Social Media,Dharmandar Mali,Unknown,5,2025-11-09 15:09:25,Deposit problem,deposit problem,0,2,15,0,0,0,1.0,0,0,-0.4019,1,0,1,0.0,0,1,0,5.0,0.0
3736d2b6-a794-4fea-b9c0-6069028bcaf1,WhatsApp,Social Media,Anil Yadav,Unknown,5,2025-11-09 15:10:27,good app hai,good app hai,0,3,12,0,0,0,1.0,0,1,0.4404,1,0,1,0.0,0,1,0,5.0,0.0
05a9e3e5-54cf-4195-b31d-3f9bf7c12de9,WhatsApp,Social Media,Santu Adhikary,Unknown,1,2025-11-09 15:11:04,vare pore my account spam hoya jacha rat hola e,vare pore my account spam hoya jacha rat hola e,0,10,47,0,0,0,1.0,0,1,-0.3612,1,0,1,0.0,0,1,0,1.0,0.0
ddcc8bd1-1301-4479-b66f-da0df7978428,WhatsApp,Social Media,SAVITRI SAINI,Unknown,1,2025-11-09 15:12:16,automatic block my whatsapp account,automatic block my whatsapp account,0,5,35,0,0,0,1.0,0,1,-0.4404,1,0,1,0.0,0,1,0,1.0,0.0
edb1e66d-ad09-4515-b6f7-4095216113f7,WhatsApp,Social Media,Grace elaigwu,Unknown,1,2025-11-09 15:13:12,Whatsapp is a good app to communicate with family and friends.,whatsapp is a good app to communicate with family and friends.,0,11,62,0,0,0,1.0,0,1,0.7184,1,0,1,0.0,0,1,1,1.0,0.0
1574db1f-00d2-4cef-abc6-88c1be1de870,WhatsApp,Social Media,Mahesh Nagdeote,Unknown,5,2025-11-09 15:13:37,exilent,exilent,0,1,7,0,0,0,1.0,0,0,0.0,1,0,1,0.0,0,1,0,5.0,0.0
0a7648ca-0c37-4647-a9e6-dde15b33d399,WhatsApp,Social Media,Rajeshwarrao Karamcheti,Unknown,1,2025-11-09 15:14:17,not impressive,not impressive,0,2,14,0,0,0,1.0,0,0,-0.4023,1,0,1,0.0,0,1,0,1.0,0.0
c773385d-4f90-49eb-a884-8684c63a62ac,WhatsApp,Social Media,Brother Man,Unknown,4,2025-11-09 15:15:54,so helpful app for more than 99.9% of people,so helpful app for more than 99.9% of people,0,9,44,0,0,0,1.0,0,1,0.4754,1,0,1,0.0,0,1,0,4.0,0.0
f75cd724-425e-4669-8394-18e2b060e6fc,WhatsApp,Social Media,Rizwan Mushtaq,Unknown,5,2025-11-09 15:15:56,working good,working good,0,2,12,0,0,0,1.0,0,0,0.4404,1,0,1,0.0,0,1,0,5.0,0.0
f4fce01a-ac91-482e-839e-34f19c1993f5,WhatsApp,Social Media,Blitz0,Unknown,1,2025-11-09 15:16:31,I have a new phone and having an issue. It keeps telling me I need an official app. Even though I already have it. I contact support and they say they can't help me. Awful.,i have a new phone and having an issue. it keeps telling me i need an official app. even though i already have it. i contact support and they say they can't help me. awful.,0,35,172,0,0,0,0.8,0,1,0.4445,1,0,1,0.0,0,1,0,1.0,0.0
c56214a1-9c77-4a1c-aff4-dd2265b9b9df,WhatsApp,Social Media,racheal nifemi,Unknown,1,2025-11-09 15:17:08,This app is the vest app ever i love it it useful for me,this app is the vest app ever i love it it useful for me,0,14,56,0,0,0,0.8571428571428571,0,1,0.7964,1,0,1,0.0,0,1,1,1.0,0.0
a1f0afab-36c5-4a0b-8899-35edc48a20c9,WhatsApp,Social Media,Sutapa Jana,Unknown,4,2025-11-09 15:17:18,good good 👍👍,good good 👍👍,0,3,12,2,0,0,0.6666666666666666,0,0,0.7003,1,0,1,0.0,0,1,0,4.0,0.0
ed02cae5-a7d9-45e8-a6a8-dcb8330fd87e,WhatsApp,Social Media,Mahmuda Akter,Unknown,5,2025-11-09 15:18:15,nice app,nice app,0,2,8,0,0,0,1.0,0,1,0.4215,1,0,1,0.0,0,5,0,5.0,0.0
6709901a-9464-4d3e-9fa3-73125de67a18,WhatsApp,Social Media,Md.Shahjahan,Unknown,5,2025-11-09 15:20:22,24 hous open the my Whatsapp plise,24 hous open the my whatsapp plise,0,7,34,0,0,0,1.0,0,1,0.0,1,0,1,0.0,0,1,0,5.0,0.0
e7909413-1b1d-4f24-91c9-eebfa5d7f8bc,WhatsApp,Social Media,Alick Chimwala,Unknown,5,2025-11-09 15:20:48,please help me my watsapp does not allow to log,please help me my watsapp does not allow to log,0,10,47,0,0,0,1.0,0,1,0.5162,1,0,1,0.0,0,1,0,5.0,0.0
e1fc367b-5592-408b-9864-33d7172707a8,WhatsApp,Social Media,Sardar Luqman,Unknown,5,2025-11-09 15:21:54,Love it🤗✨,love it🤗✨,0,2,9,1,0,0,1.0,0,0,0.8519,1,0,1,0.0,0,1,0,5.0,0.0
6ce96df0-a70e-456c-a62e-8f6cec0695ef,WhatsApp,Social Media,Tselane Dora,Unknown,5,2025-11-09 15:22:22,best massage app,best massage app,0,3,16,0,0,0,1.0,0,1,0.6369,1,0,1,0.0,0,1,0,5.0,0.0
30609d4c-2b1c-4dd8-b15c-5b5456e67f18,WhatsApp,Social Media,Gabriel Phiri,Unknown,4,2025-11-09 15:24:42,It's good,it's good,0,2,9,0,0,0,1.0,0,0,0.4404,1,0,1,0.0,0,2,0,4.0,0.0
2709eb61-6bc2-4eff-b527-b349e3e3da45,WhatsApp,Social Media,Arun S Das,Unknown,2,2025-11-09 15:24:52,horrible bad experience for chat backup.,horrible bad experience for chat backup.,0,6,40,0,0,0,1.0,0,0,-0.7906,1,0,1,0.0,0,1,0,2.0,0.0
1250d281-2173-44d4-8cbb-a16816228e43,WhatsApp,Social Media,Gideon Ogbakiri,Unknown,1,2025-11-09 15:25:12,the massage I got are all learn more I want to see the clear writing on my WhatsApp,the massage i got are all learn more i want to see the clear writing on my whatsapp,0,18,83,0,0,0,0.8888888888888888,0,1,0.4902,1,0,1,0.0,0,1,0,1.0,0.0
1890f76c-d954-4fe3-b2ab-efc8b7a3e9b2,WhatsApp,Social Media,Md Kiyamu,Unknown,2,2025-11-09 15:25:57,all good 👍,all good 👍,0,3,10,1,0,0,1.0,0,0,0.4404,1,0,1,0.0,0,1,0,2.0,0.0
f258c316-71a5-4afb-9531-1349c98a82db,WhatsApp,Social Media,Susan,Unknown,1,2025-11-09 15:27:28,my what's app have been blocked,my what's app have been blocked,1,6,31,0,0,0,1.0,0,1,-0.2732,1,0,1,0.0,0,1,0,1.0,0.0
6598b38c-20c3-4124-bf1e-99f7123c9aec,WhatsApp,Social Media,Armando Chavez,Unknown,5,2025-11-09 15:28:42,perfect,perfect,0,1,7,0,0,0,1.0,0,0,0.5719,1,0,1,0.0,0,1,0,5.0,0.0
b7f2e14d-c29c-4fb4-8d5e-523ba012be47,WhatsApp,Social Media,Priyansh Saxena,Unknown,4,2025-11-09 15:28:57,tik hi h,tik hi h,0,3,8,0,0,0,1.0,0,0,0.0,1,0,1,0.0,0,1,0,4.0,0.0
0c9e830b-5fd9-49b4-8fc3-d4a5639a2c5b,WhatsApp,Social Media,Eluemunor Birch,Unknown,5,2025-11-09 15:29:39,Great app for messaging no.1 best overall,great app for messaging no.1 best overall,0,7,41,0,0,0,1.0,0,1,0.8519,1,0,1,0.0,0,1,0,5.0,0.0
841fd4ff-dfac-4ad1-a7d8-565b676a53a0,WhatsApp,Social Media,Hungi Vanjami,Unknown,5,2025-11-09 15:30:53,"so sweet, so good","so sweet, so good",0,4,17,0,0,0,0.75,0,0,0.8107,1,0,1,0.0,0,1,0,5.0,0.0
b5732e25-0659-4b74-aafe-13387d10eea4,WhatsApp,Social Media,Manda Naresh,Unknown,1,2025-11-09 15:31:16,worst backup chats not restore,worst backup chats not restore,0,5,30,0,0,0,1.0,0,0,-0.7174,1,0,1,0.0,0,1,0,1.0,0.0
c279cf39-bf0d-4b29-a12b-7cbbd32d98f5,WhatsApp,Social Media,Prabhadrananda Dada,Unknown,5,2025-11-09 15:33:32,very nice and running smoothly,very nice and running smoothly,0,5,30,0,0,0,1.0,0,0,0.4754,1,0,1,0.0,0,1,0,5.0,0.0
cb0f4806-6635-469a-940d-3b9d4964d78b,WhatsApp,Social Media,Faiz bhai Bhai,Unknown,5,2025-11-09 15:34:09,bahut accha app hai gf se baat karne ke liye,bahut accha app hai gf se baat karne ke liye,0,10,44,0,0,0,1.0,0,1,0.0,1,0,1,0.0,0,1,0,5.0,0.0
84b574d4-f156-49fa-9603-7c17c48c2027,WhatsApp,Social Media,Ohemaa Gyamfi,Unknown,1,2025-11-09 15:34:29,the app logs me out the tells me to download the official app even though it is the official app,the app logs me out the tells me to download the official app even though it is the official app,1,20,96,0,0,0,0.65,1,1,0.0,1,0,1,0.0,0,1,0,1.0,0.0
36e2e47e-4f27-491f-bb8f-9539f62acc0b,WhatsApp,Social Media,Hojaifa Prodhani,Unknown,5,2025-11-09 15:34:35,good night,good night,0,2,10,0,0,0,1.0,0,0,0.4404,1,0,1,0.0,0,1,0,5.0,0.0
566cd855-b8af-4575-b54e-b83377f7a723,WhatsApp,Social Media,Flourish Godwin,Unknown,1,2025-11-09 15:35:39,pls why am I having difficulties updating my WhatsApp.,pls why am i having difficulties updating my whatsapp.,0,9,54,0,0,0,1.0,0,1,-0.2263,1,0,1,0.0,0,1,0,1.0,0.0
f34a5ce5-d395-407a-9829-329912cfffa8,WhatsApp,Social Media,Debojit Das,Unknown,5,2025-11-09 15:35:55,best online chatting app,best online chatting app,0,4,24,0,0,0,1.0,0,1,0.6369,1,0,1,0.0,0,1,0,5.0,0.0
a636508d-d11c-43a1-9e36-8a371f47d2fc,WhatsApp,Social Media,Amandeep Singh,Unknown,4,2025-11-09 15:37:30,unable to download multiple videos when i got multiple videos to download it says error unable to download.,unable to download multiple videos when i got multiple videos to download it says error unable to download.,0,18,107,0,0,0,0.6666666666666666,1,0,-0.4019,1,0,1,0.0,0,1,0,4.0,0.0
1369f5e8-1be4-40d9-93bb-d27a939901d7,WhatsApp,Social Media,Ben Dover,Unknown,5,2025-11-09 15:37:59,really good this app got me a gf edit:she left me brooooo 😭😭😭,really good this app got me a gf edit:she left me brooooo 😭😭😭,2,13,61,3,0,0,0.9230769230769231,0,1,-0.7275,1,0,1,0.0,0,1,1,5.0,0.0
adaa9832-0019-4c72-a43c-98aa3b5550a6,WhatsApp,Social Media,DeNeZ 0808,Unknown,5,2025-11-09 15:38:50,iPhone,iphone,0,1,6,0,0,0,1.0,0,0,0.0,1,0,1,0.0,0,1,0,5.0,0.0
5850be88-d0c7-4df7-8c21-0f28709ce3e2,WhatsApp,Social Media,vidhya kale,Unknown,3,2025-11-09 15:40:31,It's good,it's good,0,2,9,0,0,0,1.0,0,0,0.4404,1,0,1,0.0,0,2,0,3.0,0.0
47501708-c421-40bb-9732-27f49a2bc77f,WhatsApp,Social Media,Madan Shrestha,Unknown,5,2025-11-09 15:40:36,my whatsapp id come back plz improten jost now,my whatsapp id come back plz improten jost now,0,9,46,0,0,0,1.0,0,1,0.0772,1,0,1,0.0,0,1,0,5.0,0.0
0a327cd5-98cd-4967-a752-9ae300843918,WhatsApp,Social Media,Darji Darmesh,Unknown,5,2025-11-09 15:40:43,સ્ટેટ્સ નોટ ઉપડૅટડ,સ્ટેટ્સ નોટ ઉપડૅટડ,0,3,18,0,0,0,1.0,0,0,0.0,1,0,1,0.0,0,1,0,5.0,0.0
4f9b9d0e-6ea7-40ea-a14a-c15a4011709d,WhatsApp,Social Media,Munni Khan,Unknown,5,2025-11-09 15:42:11,so good,so good,1,2,7,0,0,0,1.0,0,0,0.4927,1,0,1,0.0,0,3,0,5.0,0.0
2c583142-b91f-4e9e-bcdc-a8a4d2f76c71,WhatsApp,Social Media,Ashok Dabhi,Unknown,5,2025-11-09 15:46:32,good aep,good aep,0,2,8,0,0,0,1.0,0,0,0.4404,1,0,1,0.0,0,1,0,5.0,0.0
b81899e1-ded7-4f7a-b9ed-43da72522e05,WhatsApp,Social Media,Geoffrey Wanjala,Unknown,5,2025-11-09 15:46:50,so amazing and quick app for communicating important messages.,so amazing and quick app for communicating important messages.,0,9,62,0,0,0,1.0,0,1,0.7089,1,0,1,0.0,0,1,0,5.0,0.0
c0c0249e-fb2b-471d-b4dd-6c4ec0c5dfb9,WhatsApp,Social Media,Sunil Khatri,Unknown,5,2025-11-09 15:48:50,beautiful,beautiful,0,1,9,0,0,0,1.0,0,0,0.5994,1,0,1,0.0,0,1,0,5.0,0.0
ebd48e49-0436-4925-8239-4fb4a62c0628,WhatsApp,Social Media,krishna murari Tripathi,Unknown,1,2025-11-09 15:50:19,this app is very unuseful please low security,this app is very unuseful please low security,0,8,45,0,0,0,1.0,0,1,0.3848,1,0,1,0.0,0,1,0,1.0,0.0
f56909ea-4a43-427c-88d4-d3680019be45,WhatsApp,Social Media,krishna alaboni,Unknown,5,2025-11-09 15:51:04,super,super,0,1,5,0,0,0,1.0,0,0,0.5994,1,0,1,0.0,0,4,0,5.0,0.0
152084e3-7344-4a4c-a518-1a5415852e0f,WhatsApp,Social Media,L&L Jotham Jotham,Unknown,4,2025-11-09 15:51:30,it's OK good 👌🏻 👍🏻,it's ok good 👌🏻 👍🏻,0,5,18,4,0,1,1.0,0,0,0.8816,1,0,1,0.0,0,1,0,4.0,0.0
10a35c3a-a5bb-4413-b39c-63a6f5102fd4,WhatsApp,Social Media,Rasehid Malik,Unknown,1,2025-11-09 15:52:04,WhatsApp,whatsapp,0,1,8,0,0,0,1.0,0,1,0.0,1,0,1,0.0,0,11,0,1.0,0.0
20dbd7a1-844f-4aff-809f-614a0fce1aaa,WhatsApp,Social Media,Mahek Farhan,Unknown,1,2025-11-09 15:52:08,Ok I like this app but I can't change the icon photo 😞😞😭,ok i like this app but i can't change the icon photo 😞😞😭,0,13,56,3,0,0,0.9230769230769231,0,1,-0.9022,1,0,1,0.0,0,1,0,1.0,0.0
096f3b40-0310-4052-8e2f-86ecb6ed3ad4,WhatsApp,Social Media,Mehfooz Khan,Unknown,2,2025-11-09 15:52:42,mera what's app banned Ho gya ha please un banned kren,mera what's app banned ho gya ha please un banned kren,0,11,54,0,0,0,0.9090909090909091,0,1,-0.3182,1,0,1,0.0,0,1,0,2.0,0.0
3e045c51-69b7-4f95-8b4a-6d3c2294f104,WhatsApp,Social Media,Dr Arshad juneja,Unknown,1,2025-11-09 15:54:10,unable to login,unable to login,0,3,15,0,0,0,1.0,0,0,0.0,1,0,1,0.0,0,1,0,1.0,0.0
f083c4a9-5f21-4984-bfc9-8fc24113014c,WhatsApp,Social Media,Ahsnullah Sadat,Unknown,5,2025-11-09 15:54:38,وتساپ,وتساپ,0,1,5,0,0,0,1.0,0,0,0.0,1,0,1,0.0,0,1,0,5.0,0.0
2d5ebaf4-8afb-4bd0-a8aa-d4ab3e398d53,WhatsApp,Social Media,Darshan Nagaral,Unknown,5,2025-11-09 15:54:41,the app is very useful really every one want this app .....,the app is very useful really every one want this app .....,0,12,59,0,0,0,0.9166666666666666,0,1,0.5799,1,0,1,0.0,0,1,0,5.0,0.0
07e380c6-ac27-401f-8e3b-06ad9c1ed110,WhatsApp,Social Media,Anand Singh,Unknown,5,2025-11-09 15:54:45,this app is a live saver,this app is a live saver,0,6,24,0,0,0,1.0,0,1,0.0,1,0,1,0.0,0,1,0,5.0,0.0
72bd207d-134c-40ce-b719-760e56a01e6c,WhatsApp,Social Media,Oraib Jaghbeer,Unknown,1,2025-11-09 15:54:50,very bad...,very bad...,0,2,11,0,0,0,1.0,0,0,-0.5849,1,0,1,0.0,0,1,0,1.0,0.0
b79fb41c-1b0e-4761-b455-ec0230eaba72,WhatsApp,Social Media,Surajo Faruku,Unknown,1,2025-11-09 15:54:51,am giving it one star because they blocked my phone number from using WhatsApp if not I could have given them five star For sure because the app is very friendly and it support many features that a user want,am giving it one star because they blocked my phone number from using whatsapp if not i could have given them five star for sure because the app is very friendly and it support many features that a user want,1,40,207,0,0,0,0.925,0,1,0.8553,1,0,1,0.0,0,1,1,1.0,0.0
02840293-5ebc-4083-9de4-7897f37b56e4,WhatsApp,Social Media,Tavonga Chaplin,Unknown,5,2025-11-09 15:54:55,It is very excellent,it is very excellent,0,4,20,0,0,0,1.0,0,0,0.6115,1,0,1,0.0,0,1,0,5.0,0.0
e8e2d404-5fce-425f-8f51-6f8ca2073607,WhatsApp,Social Media,Bittu Bauri,Unknown,5,2025-11-09 15:55:07,Happy app hai,happy app hai,0,3,13,0,0,0,1.0,0,1,0.5719,1,0,1,0.0,0,1,0,5.0,0.0
56a8ff5a-d517-4724-8f30-879281d6022c,WhatsApp,Social Media,Dhan Singh,Unknown,1,2025-11-09 15:55:37,wonderful app,wonderful app,0,2,13,0,0,0,1.0,0,1,0.5719,1,0,1,0.0,0,1,1,1.0,0.0
461bede8-db3d-4f21-a9be-c7ab7e112bfc,WhatsApp,Social Media,Raziya Shah,Unknown,2,2025-11-09 15:56:32,because my chats timeing is note correct I just uninstall and back and nothing working 😔,because my chats timeing is note correct i just uninstall and back and nothing working 😔,0,16,88,1,0,0,0.9375,1,0,-0.0572,1,0,1,0.0,0,1,0,2.0,0.0
a683e4f8-5cc5-4c4a-82e7-cbdfceadb5af,WhatsApp,Social Media,Nurye Ali,Unknown,2,2025-11-09 15:56:54,Latest vertine,latest vertine,0,2,14,0,0,0,1.0,0,0,0.0,1,0,1,0.0,0,1,0,2.0,0.0
e3f7d898-1584-4846-9e0d-93d0a33d421e,WhatsApp,Social Media,Chandrakanth Hanchinal,Unknown,3,2025-11-09 15:57:49,My number is not verifying due to spam i dont knw wt i hve done so please remove it from spam nd verify my number,my number is not verifying due to spam i dont knw wt i hve done so please remove it from spam nd verify my number,0,25,113,0,0,0,0.84,0,0,-0.105,1,0,1,0.0,0,1,0,3.0,0.0
9a30df4c-9dfe-49ca-921d-ac86a5dcf4b8,WhatsApp,Social Media,Sahar Afridi,Unknown,1,2025-11-09 16:00:42,what'sapp have no security from one month my account has disabled and then no way to recovering,what'sapp have no security from one month my account has disabled and then no way to recovering,0,17,95,0,0,0,0.9411764705882353,0,1,-0.5,1,0,1,0.0,0,1,0,1.0,0.0
0f552012-37ed-474f-9b95-9485d7199118,WhatsApp,Social Media,Darla James,Unknown,4,2025-11-09 16:03:25,Easy to use.,easy to use.,0,3,12,0,0,0,1.0,0,0,0.4404,1,0,1,0.0,0,1,0,4.0,0.0
a33bea8f-2b8f-48ea-8390-aeeee8d49d0d,WhatsApp,Social Media,Rahimullah Chakari,Unknown,4,2025-11-09 16:04:10,spacial for communication,spacial for communication,0,3,25,0,0,0,1.0,0,0,0.0,1,0,1,0.0,0,1,0,4.0,0.0
72c09ab4-d013-423a-964f-2f6168b80a25,WhatsApp,Social Media,Sedjro Kossi Mandela,Unknown,1,2025-11-09 16:06:18,This app is very good,this app is very good,0,5,21,0,0,0,1.0,0,1,0.4927,1,0,1,0.0,0,2,0,1.0,0.0
37a71741-68f9-409b-9922-7a0f06f7f6ea,WhatsApp,Social Media,David Chitsinde,Unknown,1,2025-11-09 16:06:20,am just being blocked from WhatsApp from unknown reason,am just being blocked from whatsapp from unknown reason,1,9,55,0,0,0,0.8888888888888888,0,1,-0.2732,1,0,1,0.0,0,1,0,1.0,0.0
c97dfe6c-64ca-4a6e-ad92-35ad632a71f4,WhatsApp,Social Media,Saidi damilola Daramola,Unknown,1,2025-11-09 16:09:14,updates me new chat whatsapp,updates me new chat whatsapp,0,5,28,0,0,0,1.0,0,1,0.0,1,0,1,0.0,0,1,0,1.0,0.0
cd99f924-c820-4646-8a02-af6170f2fc54,WhatsApp,Social Media,Adora Tsang,Unknown,2,2025-11-09 16:10:45,"sometimes, when I try to send a picture, using the camera icon in this app. it wouldn't let me send it. the green ""send"" button stopped working.","sometimes, when i try to send a picture, using the camera icon in this app. it wouldn't let me send it. the green ""send"" button stopped working.",0,27,144,0,0,0,0.9259259259259259,0,1,-0.2263,1,0,1,0.0,0,1,0,2.0,0.0
5afe6978-25b0-4a7a-87b5-dfd51b7e0d62,WhatsApp,Social Media,Vera Nwankwo,Unknown,1,2025-11-09 16:11:49,I love this app,i love this app,0,4,15,0,0,0,1.0,0,1,0.6369,1,0,1,0.0,0,2,1,1.0,0.0
77796315-9f0d-4b5d-a604-24d6238b3b94,WhatsApp,Social Media,Ajayi crown Adetomiwa,Unknown,1,2025-11-09 16:11:51,It difficult to renew,it difficult to renew,0,4,21,0,0,0,1.0,0,0,-0.3612,1,0,1,0.0,0,1,0,1.0,0.0
d5c23458-b4d4-4d69-9b2a-7675548cd0a2,WhatsApp,Social Media,Neeraj Kumar,Unknown,1,2025-11-09 16:13:06,Whatsapp hangs while switching the accounts.,whatsapp hangs while switching the accounts.,23,6,44,0,0,0,1.0,0,1,0.0,1,0,1,0.0,0,1,0,1.0,0.0
e0bec2ff-ae76-4b27-96d2-47e3095f0d7f,WhatsApp,Social Media,Suber Cabdi,Unknown,1,2025-11-09 16:15:53,Rate this app,rate this app,0,3,13,0,0,0,1.0,0,1,0.0,1,0,1,0.0,0,1,0,1.0,0.0
a4192137-33cd-481b-83a7-4f2c1affe57b,WhatsApp,Social Media,Angel Kennedy,Unknown,4,2025-11-09 16:17:29,Please help me reach my old whatsapp please let me know please,please help me reach my old whatsapp please let me know please,0,12,62,0,0,0,0.75,0,1,0.8271,1,0,1,0.0,0,1,0,4.0,0.0
631841ae-f4f9-4d7d-852e-183ea6ffc4f2,WhatsApp,Social Media,shyamu mishra,Unknown,4,2025-11-09 16:17:55,Achha hai,achha hai,0,2,9,0,0,0,1.0,0,1,0.0,1,0,1,0.0,0,1,0,4.0,0.0
d6b3f6c2-0437-4bb3-bbe0-6c6b5abfe8ef,WhatsApp,Social Media,pawan Raj,Unknown,1,2025-11-09 16:18:02,please help me 0 mera WhatsApp block kyon ho chuka hai yah chalu kab tak hoga,please help me 0 mera whatsapp block kyon ho chuka hai yah chalu kab tak hoga,0,16,77,0,0,0,1.0,0,1,0.2732,1,0,1,0.0,0,1,0,1.0,0.0
cf75edff-3676-4d22-9b24-191d31c939d0,WhatsApp,Social Media,Best tordounmini Best,Unknown,1,2025-11-09 16:23:33,follow my place to get more updates,follow my place to get more updates,0,7,35,0,0,0,1.0,0,0,0.0,1,0,1,0.0,0,1,0,1.0,0.0
ec6cd7af-2002-421d-9a76-6b58d7f799ef,WhatsApp,Social Media,Aremu mosun,Unknown,1,2025-11-09 16:24:42,why does it take ages for it to update? the updates are always stressful. it's a big deal for me. I always hate updates.,why does it take ages for it to update? the updates are always stressful. it's a big deal for me. i always hate updates.,0,24,120,0,0,0,0.875,1,0,-0.7906,1,0,1,0.0,0,1,0,1.0,0.0
86aa7e1d-43b5-4b5e-bc91-ce08b723cea9,WhatsApp,Social Media,Hari Shankar,Unknown,1,2025-11-09 16:26:46,my WhatsApp number is banned by mistake please activate my number there is no response,my whatsapp number is banned by mistake please activate my number there is no response,1,15,86,0,0,0,0.8,0,1,-0.5719,1,0,1,0.0,0,1,0,1.0,0.0
1f9020ac-81ed-4a3e-9cdf-041b221c94a6,WhatsApp,Social Media,Coeur Gis,Unknown,4,2025-11-09 16:30:55,Letravail,letravail,0,1,9,0,0,0,1.0,0,0,0.0,1,0,1,0.0,0,1,0,4.0,0.0
4cc7ca56-11b1-45eb-aec9-d6dbe1a22855,WhatsApp,Social Media,ÑĪ MQØLŒÑ! (Mkoloni),Unknown,3,2025-11-09 16:31:46,improve on security settings,improve on security settings,0,4,28,0,0,0,1.0,0,0,0.6486,1,0,1,0.0,0,1,0,3.0,0.0
827b7a34-71e0-4643-80ce-4dea5abd4aa1,WhatsApp,Social Media,Fionah Nzuki,Unknown,4,2025-11-09 16:31:48,it's great,it's great,0,2,10,0,0,0,1.0,0,0,0.6249,1,0,1,0.0,0,1,0,4.0,0.0
2a974325-85f9-4a71-9c7c-06b771b07e76,WhatsApp,Social Media,Heena Sharma,Unknown,1,2025-11-09 16:34:05,I am not able to upload clear vision status on this app,i am not able to upload clear vision status on this app,0,12,55,0,0,0,1.0,0,1,0.5574,1,0,1,0.0,0,1,1,1.0,0.0
58cc975c-c7ff-47a9-b0d3-a0dd1235913f,WhatsApp,Social Media,Tytan,Unknown,1,2025-11-09 16:36:25,"apa-apa mencurigakan dikit-dikit diblokir aneh bgt malah mempersulit orang ini mah sma nyusahin org aneh bener-bener aneh, jangan menggunakan whatsapp aja skalian aneh bgt bikin org kesel ganti ke apk sebelah aja","apa-apa mencurigakan dikit-dikit diblokir aneh bgt malah mempersulit orang ini mah sma nyusahin org aneh bener-bener aneh, jangan menggunakan whatsapp aja skalian aneh bgt bikin org kesel ganti ke apk sebelah aja",0,32,212,0,0,0,0.84375,0,1,0.0,1,0,1,0.0,0,1,0,1.0,0.0
28e5b439-528e-4860-9c30-64ed7119aeb1,WhatsApp,Social Media,Halima Jerry,Unknown,3,2025-11-09 16:36:31,please add mirror effect on/off option for video call.,please add mirror effect on/off option for video call.,0,9,54,0,0,0,1.0,0,0,0.3182,1,0,1,0.0,0,1,0,3.0,0.0
3592e255-6329-4c0f-88e2-6c76bcbb071e,WhatsApp,Social Media,Munesh Rajpoot,Unknown,4,2025-11-09 16:37:40,"Love this app but ,now at the time I am facing many problems like my massagees are deleting automatically and many other problems thanks for you","love this app but ,now at the time i am facing many problems like my massagees are deleting automatically and many other problems thanks for you",0,26,144,0,0,0,0.9230769230769231,0,1,0.3818,1,0,1,0.0,0,1,0,4.0,0.0
38e62c0a-1092-4011-b5c8-b6f42e94ad48,WhatsApp,Social Media,Promise Alao,Unknown,3,2025-11-09 16:37:48,been good but some times your account gets spam unnecessarily,been good but some times your account gets spam unnecessarily,0,10,61,0,0,0,1.0,0,0,-0.3182,1,0,1,0.0,0,1,0,3.0,0.0
52852f5f-ae8a-4f68-82d6-60f1de0069de,WhatsApp,Social Media,kamala alavandi,Unknown,2,2025-11-09 16:37:56,It is useless,it is useless,0,3,13,0,0,0,1.0,0,0,-0.4215,1,0,1,0.0,0,1,0,2.0,0.0
3307c51e-759f-4b87-b89c-38339c01ca29,WhatsApp,Social Media,Izma,Unknown,5,2025-11-09 16:39:12,Like l personally enjoy using it,like l personally enjoy using it,0,6,32,0,0,0,1.0,0,0,0.8271,1,0,1,0.0,0,1,0,5.0,0.0
ab8ba9c0-0f3b-4bd3-9087-005f9e3ad219,WhatsApp,Social Media,Sakthivel M,Unknown,1,2025-11-09 16:39:56,not able to use whatsapp,not able to use whatsapp,0,5,24,0,0,0,1.0,0,1,0.0,1,0,1,0.0,0,1,0,1.0,0.0
8f353b6c-dd06-44de-b60a-7de6e68b0c7d,WhatsApp,Social Media,Md Jesan Alli,Unknown,5,2025-11-09 16:40:01,best apk,best apk,0,2,8,0,0,0,1.0,0,0,0.6369,1,0,1,0.0,0,1,0,5.0,0.0
14c665dd-b633-4224-8669-e6f2a1198e11,WhatsApp,Social Media,Beacky Pahlan,Unknown,5,2025-11-09 16:40:35,I like it but I'm didn't reach it,i like it but i'm didn't reach it,0,8,33,0,0,0,0.875,0,0,0.1628,1,0,1,0.0,0,1,0,5.0,0.0
739b9ada-ca1d-4bc9-96a4-1d4b1d20af7c,WhatsApp,Social Media,Sahar Debbarma,Unknown,5,2025-11-09 16:41:32,good 👍,good 👍,0,2,6,1,0,0,1.0,0,0,0.4404,1,0,1,0.0,0,4,0,5.0,0.0
990a6cf5-ce22-4339-8596-e9f3ac34d4ea,WhatsApp,Social Media,Trizz Jk,Unknown,5,2025-11-09 16:41:36,I love the app,i love the app,0,4,14,0,0,0,1.0,0,1,0.6369,1,0,1,0.0,0,1,0,5.0,0.0
2a8da692-c8a9-4148-9ca0-59f7db4e8de8,WhatsApp,Social Media,Selva Raj,Unknown,5,2025-11-09 16:42:18,good experience,good experience,0,2,15,0,0,0,1.0,0,0,0.4404,1,0,1,0.0,0,1,0,5.0,0.0
d59474e5-9c40-4f64-84a3-97eebc896b27,WhatsApp,Social Media,Tshepo Manyoni,Unknown,5,2025-11-09 16:42:20,I'm good,i'm good,0,2,8,0,0,0,1.0,0,0,0.4404,1,0,1,0.0,0,1,0,5.0,0.0
238d0ba4-dcdc-4d63-bb6f-c7ee357acb45,WhatsApp,Social Media,A Google user,Unknown,5,2025-11-09 16:43:23,osm app,osm app,0,2,7,0,0,0,1.0,0,1,0.0,1,0,4,11905.0,0,1,0,3.25,2.0615528128088303
b4842b94-6f75-40a1-bcb7-62a0985af9f5,WhatsApp,Social Media,Gladys Dansowa,Unknown,5,2025-11-09 16:43:47,fuigdsef the money back to you on this one but I have been a little more,fuigdsef the money back to you on this one but i have been a little more,0,16,72,0,0,0,1.0,0,0,0.0,1,0,1,0.0,0,1,0,5.0,0.0
735ade27-cadd-4ff1-9c67-d42918ea93a5,WhatsApp,Social Media,Tebello Chake,Unknown,5,2025-11-09 16:44:00,aesthetic 🙃,aesthetic 🙃,0,2,11,1,0,0,1.0,0,0,0.0,1,0,1,0.0,0,1,0,5.0,0.0
a4ee3c8d-9b94-4388-af99-146916b9456e,WhatsApp,Social Media,Baby Baby,Unknown,5,2025-11-09 16:44:16,very good,very good,0,2,9,0,0,0,1.0,0,0,0.4927,1,0,1,0.0,0,7,0,5.0,0.0
d8bdf936-2f44-4bc3-a03d-33f116e95673,WhatsApp,Social Media,Vincent Akankwasa,Unknown,5,2025-11-09 16:45:00,so far so good,so far so good,0,4,14,0,0,0,0.75,0,0,0.6213,1,0,1,0.0,0,1,0,5.0,0.0
cdc9dd17-19b6-42c9-b469-90e1ed46b104,WhatsApp,Social Media,Muhammad Irfan,Unknown,5,2025-11-09 16:45:14,m Irfan jazz cash account,m irfan jazz cash account,0,5,25,0,0,0,1.0,0,0,0.0,1,0,1,0.0,0,1,0,5.0,0.0
6ee09caf-49a3-4135-abce-5725a9e64111,WhatsApp,Social Media,Galadima Isyaka,Unknown,5,2025-11-09 16:45:15,You block my whatapp,you block my whatapp,0,4,20,0,0,0,1.0,0,1,-0.4404,1,0,1,0.0,0,1,0,5.0,0.0
0fd6d41d-e46a-4330-9ae9-c1756d23edbf,WhatsApp,Social Media,Papu Abba,Unknown,5,2025-11-09 16:45:32,nice app WhatsApp to mojja hoi 💗,nice app whatsapp to mojja hoi 💗,0,7,32,1,0,0,1.0,0,1,0.8271,1,0,1,0.0,0,1,0,5.0,0.0
32d965c8-b402-4f97-ba45-6023db95cb5c,WhatsApp,Social Media,SUMAYYA AYUBA,Unknown,5,2025-11-09 16:45:36,My message,my message,0,2,10,0,0,0,1.0,0,0,0.0,1,0,1,0.0,0,1,0,5.0,0.0
2f0e90e1-3c41-4c14-a185-659ae9ee0b43,WhatsApp,Social Media,Plawo Cummings,Unknown,5,2025-11-09 16:45:44,"my account is on spam, please open it","my account is on spam, please open it",0,8,37,0,0,0,1.0,0,0,-0.0516,1,0,1,0.0,0,1,0,5.0,0.0
579d95ad-85ee-41e9-94a8-5753f5a0e445,WhatsApp,Social Media,Madinia Sylvester,Unknown,5,2025-11-09 16:45:51,im trying to install my WhatsApp account and it says Beta program full .Can someone please tell me what to do .Thank you,im trying to install my whatsapp account and it says beta program full .can someone please tell me what to do .thank you,0,23,120,0,0,0,0.9565217391304348,1,1,0.5859,1,0,1,0.0,0,1,0,5.0,0.0
6d671b07-5009-4e84-8b88-71f4c0362a83,WhatsApp,Social Media,Kasumba Raymond,Unknown,3,2025-11-09 16:46:11,Fix the hide status feature. I don't want to see status especially if non contact individuals that have mentioned groups I am part of. You broke the feature with a recent update,fix the hide status feature. i don't want to see status especially if non contact individuals that have mentioned groups i am part of. you broke the feature with a recent update,0,32,177,0,0,0,0.90625,0,0,-0.575,1,0,1,0.0,0,1,0,3.0,0.0
541aa66d-6f66-4dae-bffa-6afb330e5fe7,WhatsApp,Social Media,RakEsh RazBnc,Unknown,3,2025-11-09 16:47:34,कल उठाउदा वा फाेन गर्दा फाेन स्क्रिन कालाे हुन्छ । सवधान गरिदिनुु हाेला।,कल उठाउदा वा फाेन गर्दा फाेन स्क्रिन कालाे हुन्छ । सवधान गरिदिनुु हाेला।,0,13,72,0,0,0,0.9230769230769231,0,0,0.0,1,0,1,0.0,0,1,0,3.0,0.0
7163c2a2-807a-44f3-b75f-f7336df9a292,WhatsApp,Social Media,DURJOY BISWAS,Unknown,1,2025-11-09 16:48:26,Whats app banned problem,whats app banned problem,0,4,24,0,0,0,1.0,0,1,-0.6908,1,0,1,0.0,0,1,0,1.0,0.0
f0994cb4-ef2a-4490-b742-ee0dc22bb542,WhatsApp,Social Media,Naga Satyanarayana,Unknown,4,2025-11-09 16:49:15,Give me Schedule message Option..,give me schedule message option..,0,5,33,0,0,0,1.0,0,0,0.0,1,0,1,0.0,0,1,0,4.0,0.0
0bd227e6-7847-40f7-8585-324641ae1040,WhatsApp,Social Media,raj kumar,Unknown,3,2025-11-09 16:49:20,This version is good,this version is good,0,4,20,0,0,0,1.0,0,0,0.4404,1,0,1,0.0,0,1,0,3.0,0.0
95846a1a-ddda-4028-b85e-96448e955963,WhatsApp,Social Media,Monir Hossan,Unknown,5,2025-11-09 16:49:24,monir hajari,monir hajari,0,2,12,0,0,0,1.0,0,0,0.0,1,0,1,0.0,0,1,0,5.0,0.0
ff36b6d9-0f65-44a1-bf45-3f14767681c8,WhatsApp,Social Media,sanket patil,Unknown,1,2025-11-09 16:49:56,Frequnet compulsary updates are irritable now a days blue tick appears sometimes sometime not. please guide,frequnet compulsary updates are irritable now a days blue tick appears sometimes sometime not. please guide,0,16,107,0,0,0,1.0,0,1,-0.6202,1,0,1,0.0,0,1,0,1.0,0.0
095f20f0-4155-4a5d-a6c6-a56c222629b5,WhatsApp,Social Media,kaunghtut ko,Unknown,1,2025-11-09 16:50:40,no bad,no bad,0,2,6,0,0,0,1.0,0,0,0.431,1,0,1,0.0,0,1,0,1.0,0.0
5ed6b179-aaa1-48b2-8b9a-b6dbc83e636b,WhatsApp,Social Media,Victor Olomo,Unknown,2,2025-11-09 16:51:15,Search isn't highlighting content searched for.,search isn't highlighting content searched for.,0,6,47,0,0,0,1.0,0,0,0.0,1,0,1,0.0,0,1,0,2.0,0.0
9ce266ec-924e-45e4-abef-eb4dd7576861,WhatsApp,Social Media,devendra Satyabola,Unknown,1,2025-11-09 16:51:18,Mai ne video status upload hone k bad bhi chal nhi Raha hai ..............,mai ne video status upload hone k bad bhi chal nhi raha hai ..............,1,14,74,0,0,0,1.0,0,1,-0.5423,1,0,1,0.0,0,1,0,1.0,0.0
311e7105-42d8-4a23-bafa-36e16250e67d,WhatsApp,Social Media,Raquel Geografia,Unknown,5,2025-11-09 16:51:19,Good to use and hope you fix it I can't open,good to use and hope you fix it i can't open,0,11,44,0,0,0,1.0,0,0,0.7003,1,0,1,0.0,0,1,0,5.0,0.0
74881d34-083a-418a-adc3-706fc7e8c985,WhatsApp,Social Media,Arun Pandey,Unknown,5,2025-11-09 16:52:46,nice🤩,nice🤩,0,1,5,1,0,0,1.0,0,0,0.4215,1,0,1,0.0,0,1,0,5.0,0.0
f31348b3-1850-4e7b-b3da-4b23a082ad16,WhatsApp,Social Media,Ankit Kumar,Unknown,5,2025-11-09 16:56:23,AnkitKumar,ankitkumar,0,1,10,0,0,0,1.0,0,0,0.0,1,0,1,0.0,0,1,0,5.0,0.0
b1f12f4d-ea1a-4077-89f3-927ab822d048,WhatsApp,Social Media,mohan varala,Unknown,1,2025-11-09 16:56:32,whatsup,whatsup,0,1,7,0,0,0,1.0,0,0,0.0,1,0,1,0.0,0,1,0,1.0,0.0
861e630d-d623-4d69-a694-b5e415ac5098,WhatsApp,Social Media,Pooja Kadolkar,Unknown,1,2025-11-09 16:56:50,Very Bad app,very bad app,0,3,12,0,0,0,1.0,0,1,-0.5849,1,0,1,0.0,0,2,0,1.0,0.0
368728d8-64ef-4318-867f-de59fc7b8b30,WhatsApp,Social Media,Ramjeevan Suthar,Unknown,1,2025-11-09 16:57:55,no like,no like,0,2,7,0,0,0,1.0,0,0,-0.2755,1,0,1,0.0,0,1,0,1.0,0.0
9f442131-112c-47a3-b94d-9a5a22ead600,WhatsApp,Social Media,Madhu Mahesh,Unknown,5,2025-11-09 16:58:06,love it,love it,0,2,7,0,0,0,1.0,0,0,0.6369,1,0,1,0.0,0,3,0,5.0,0.0
6a3b6d3c-4b64-4496-8350-c5fa3bca48c8,WhatsApp,Social Media,Wisdom Mulinga,Unknown,5,2025-11-09 16:58:59,the app is good,the app is good,0,4,15,0,0,0,1.0,0,1,0.4404,1,0,1,0.0,0,1,0,5.0,0.0
fdab9bfb-8546-494e-a76e-ce638fb4da5e,WhatsApp,Social Media,Collince Odhiambo,Unknown,5,2025-11-09 16:59:43,v.okay,v.okay,0,1,6,0,0,0,1.0,0,0,0.0,1,0,1,0.0,0,1,0,5.0,0.0
8d55c83f-9a38-4db3-9174-11f2c86eb156,WhatsApp,Social Media,Lamptey Edward lamtey,Unknown,1,2025-11-09 17:00:03,is a nice app,is a nice app,0,4,13,0,0,0,1.0,0,1,0.4215,1,0,1,0.0,0,1,0,1.0,0.0
629bdaad-2b37-40bb-852d-3791640295e2,WhatsApp,Social Media,Raju Yadav,Unknown,3,2025-11-09 17:00:13,very good,very good,0,2,9,0,0,0,1.0,0,0,0.4927,1,0,1,0.0,0,7,0,3.0,0.0
1023a9ef-434d-424d-8094-2c2aa97c5090,WhatsApp,Social Media,Malik Ramzan,Unknown,5,2025-11-09 17:01:03,storage full issue ???,storage full issue ???,0,4,22,0,0,0,1.0,0,0,0.0,1,0,1,0.0,0,1,0,5.0,0.0
f4961a5c-402b-458c-8e1f-e9a8a79979dd,WhatsApp,Social Media,Lynell Nkatha,Unknown,5,2025-11-09 17:03:57,BEST APP EVER!!!!!!,best app ever!!!!!!,0,3,19,0,0,3,1.0,0,1,0.7482,1,0,1,0.0,0,1,0,5.0,0.0
e86312e9-0275-471d-bf06-bce374950403,WhatsApp,Social Media,Ibnu Maxamed,Unknown,5,2025-11-09 17:04:05,is this times for for evary,is this times for for evary,0,6,27,0,0,0,0.8333333333333334,0,0,0.0,1,0,1,0.0,0,1,0,5.0,0.0
6aaab446-6c5a-440f-a9b0-ab7d4617b168,WhatsApp,Social Media,Jahanara Begum,Unknown,5,2025-11-09 17:04:11,"Address: Street, Apt, City, Country/Region, Province, Postal code","address: street, apt, city, country/region, province, postal code",0,8,65,0,0,0,1.0,0,0,0.0,1,0,1,0.0,0,1,0,5.0,0.0
0dbd809c-2f16-4a66-a81a-ddf18686d76e,WhatsApp,Social Media,Sachin Baniwal,Unknown,5,2025-11-09 17:04:44,good 😊,good 😊,0,2,6,1,0,0,1.0,0,0,0.836,1,0,1,0.0,0,1,0,5.0,0.0
d95be2db-3f6d-46f6-ba0e-6f15d1bb4116,WhatsApp,Social Media,sorath clinic,Unknown,5,2025-11-09 17:05:56,jakkas,jakkas,0,1,6,0,0,0,1.0,0,0,0.0,1,0,1,0.0,0,1,0,5.0,0.0
d8be858c-ac6e-4d70-8967-4662081c5514,WhatsApp,Social Media,Model Sannu,Unknown,5,2025-11-09 17:06:44,nice 🙂,nice 🙂,0,2,6,1,0,0,1.0,0,0,0.6712,1,0,1,0.0,0,1,0,5.0,0.0
f09b3f25-9c3c-44ca-addb-bac46e7ad797,WhatsApp,Social Media,QUEEN Friday Effiong,Unknown,5,2025-11-09 17:06:44,fast and easy to use,fast and easy to use,0,5,20,0,0,0,1.0,0,0,0.4404,1,0,1,0.0,0,1,0,5.0,0.0
19df65f3-0a9c-4856-932b-4bc2e3e4efc2,WhatsApp,Social Media,Tamanna Tabassum Toma,Unknown,5,2025-11-09 17:08:05,"good app for communication with family, friend and others.","good app for communication with family, friend and others.",0,9,58,0,0,0,1.0,0,1,0.7269,1,0,1,0.0,0,1,0,5.0,0.0
8635eeeb-60fa-468f-92a2-e5b0b30ad28d,WhatsApp,Social Media,David,Unknown,2,2025-11-09 17:08:19,shows incorrect contacts images and initials in the notifications.,shows incorrect contacts images and initials in the notifications.,0,9,66,0,0,0,1.0,0,0,0.0,1,0,1,0.0,0,1,0,2.0,0.0
28c4f548-88bd-46d5-b86e-f24ca1e15e48,WhatsApp,Social Media,Nancy Kerry,Unknown,5,2025-11-09 17:08:52,I love what's app,i love what's app,0,4,17,0,0,0,1.0,0,1,0.6369,1,0,1,0.0,0,1,0,5.0,0.0
bb667cc5-788a-47c0-aa6b-32f5664c48ce,WhatsApp,Social Media,Nicholas Nnadi Muoegbulam,Unknown,5,2025-11-09 17:09:23,please help me install my WhatsApp.,please help me install my whatsapp.,0,6,35,0,0,0,1.0,1,1,0.6124,1,0,1,0.0,0,1,0,5.0,0.0
3515fd2a-d502-4930-8ce7-c153c80b878e,WhatsApp,Social Media,Tawanda Chahweta,Unknown,5,2025-11-09 17:11:00,how do you sync contacts,how do you sync contacts,0,5,24,0,0,0,1.0,0,0,0.0,1,0,1,0.0,0,1,0,5.0,0.0
15034350-ebc1-4d50-926a-1cd5cd6d9ea9,WhatsApp,Social Media,Smitha Nair,Unknown,5,2025-11-09 17:11:22,not getting WhatsApp don't know what happened,not getting whatsapp don't know what happened,0,7,45,0,0,0,1.0,0,1,0.0,1,0,1,0.0,0,1,0,5.0,0.0
1d4d061c-437b-4adf-bd32-d40bf0a5417b,WhatsApp,Social Media,Majyambere Elisa,Unknown,5,2025-11-09 17:13:41,good one,good one,0,2,8,0,0,0,1.0,0,0,0.4404,1,0,1,0.0,0,1,0,5.0,0.0
0724dae7-b0d2-4ec8-8196-78d34e53ad5a,WhatsApp,Social Media,Siteva Rosalia,Unknown,3,2025-11-09 17:14:45,my experience of using whatsup is good,my experience of using whatsup is good,0,7,38,0,0,0,1.0,0,0,0.4404,1,0,1,0.0,0,1,0,3.0,0.0
0eb586d0-7697-4c91-ae37-1ce0febe31e7,WhatsApp,Social Media,Kashinath Pal,Unknown,5,2025-11-09 17:15:12,thank you so much,thank you so much,0,4,17,0,0,0,1.0,0,0,0.3612,1,0,1,0.0,0,1,0,5.0,0.0
2065a440-1c90-4815-bada-a9908a314967,WhatsApp,Social Media,Liberty Kabaira,Unknown,1,2025-11-09 17:16:55,"facing a little problem with my account on several cell phones,it keeps on saying you can't log in because you are using an unofficial WhatsApp.....it only wants me to use a Samsung phone only.......uuuuuu","facing a little problem with my account on several cell phones,it keeps on saying you can't log in because you are using an unofficial whatsapp.....it only wants me to use a samsung phone only.......uuuuuu",0,34,205,0,0,0,0.9117647058823529,0,1,-0.3415,1,0,1,0.0,0,1,0,1.0,0.0
6731f567-c6ad-4551-b11f-a95b3f8d8851,WhatsApp,Social Media,Gulsameen Sameen,Unknown,1,2025-11-09 17:18:04,kindly open another call system,kindly open another call system,0,5,31,0,0,0,1.0,0,0,0.4939,1,0,1,0.0,0,1,0,1.0,0.0
3a8e7b08-1b62-4865-b244-f221d4d6640c,WhatsApp,Social Media,Jobah Kula,Unknown,1,2025-11-09 17:18:30,waste of time too many bugs,waste of time too many bugs,0,6,27,0,0,0,1.0,0,0,-0.4215,1,0,1,0.0,0,1,0,1.0,0.0
f426dbf5-5fc7-430f-bd58-f327c4c4e636,WhatsApp,Social Media,Mrswaqas,Unknown,1,2025-11-09 17:19:15,when someone is an another call the other one is calling the same person it show on screen ( calling ) not show that it another call.. kindly show another call,when someone is an another call the other one is calling the same person it show on screen ( calling ) not show that it another call.. kindly show another call,0,31,159,0,0,0,0.7096774193548387,0,0,0.4939,1,0,1,0.0,0,1,0,1.0,0.0
9c3db903-a916-42a7-96ea-bbcf8535514e,WhatsApp,Social Media,Tanu Sharma,Unknown,4,2025-11-09 17:19:36,nice aap,nice aap,0,2,8,0,0,0,1.0,0,0,0.4215,1,0,1,0.0,0,2,0,4.0,0.0
75a3786c-85d9-48ad-a0ca-60d4469ee3d7,WhatsApp,Social Media,Zamer Aman,Unknown,1,2025-11-09 17:21:27,Simply block without any reason,simply block without any reason,0,5,31,0,0,0,1.0,0,0,-0.4404,1,0,1,0.0,0,1,0,1.0,0.0
ab188df7-025c-461b-b582-b93e73c62c9f,WhatsApp,Social Media,Badboy Frenzy,Unknown,5,2025-11-09 17:21:29,Very nice,very nice,0,2,9,0,0,0,1.0,0,0,0.4754,1,0,1,0.0,0,4,0,5.0,0.0
58265f67-cf53-4131-8ba3-c63002abf503,WhatsApp,Social Media,Dr.Narendra Lakhani,Unknown,1,2025-11-09 17:22:02,Worst experiences the feature like broadcast which were extremely convient they have limited it to 35 which is really annoying I was using it since time of inception now planning to uninstall.,worst experiences the feature like broadcast which were extremely convient they have limited it to 35 which is really annoying i was using it since time of inception now planning to uninstall.,0,32,192,0,0,0,0.90625,1,0,-0.7574,1,0,1,0.0,0,1,0,1.0,0.0
13cb6002-0674-4951-931f-4e9ac7acad49,WhatsApp,Social Media,Anisur Rahman,Unknown,5,2025-11-09 17:22:23,gd app,gd app,0,2,6,0,0,0,1.0,0,1,0.0,1,0,1,0.0,0,1,0,5.0,0.0
0ee468d0-c1f9-48b2-b837-19542fcc9dde,WhatsApp,Social Media,Sheikh Nawaz,Unknown,5,2025-11-09 17:22:33,No words everything is excellent,no words everything is excellent,0,5,32,0,0,0,1.0,0,0,0.3612,1,0,1,0.0,0,1,0,5.0,0.0
9f972b4d-4ab0-4bde-a03f-a8ebbefb98d7,WhatsApp,Social Media,Prince Upadhyay,Unknown,4,2025-11-09 17:23:17,it is useful for our daily work,it is useful for our daily work,0,7,31,0,0,0,1.0,0,0,0.4404,1,0,1,0.0,0,1,0,4.0,0.0
49110e43-3b08-4414-972b-27ad56551251,WhatsApp,Social Media,Ankita Parija,Unknown,5,2025-11-09 17:23:28,Very Good experience with WhatsApp,very good experience with whatsapp,0,5,34,0,0,0,1.0,0,1,0.4927,1,0,1,0.0,0,1,0,5.0,0.0
ee6a39b4-39c0-4009-8b80-b28e8ce813a2,WhatsApp,Social Media,Asghar Ali,Unknown,5,2025-11-09 17:23:36,asgharali,asgharali,0,1,9,0,0,0,1.0,0,0,0.0,1,0,1,0.0,0,1,0,5.0,0.0
a525fc33-da7a-4be4-82c7-a53cc612f134,WhatsApp,Social Media,Golden Chimaobi,Unknown,1,2025-11-09 17:24:32,why will u people block my whatsapp what I the meaning of that 🥺😭😠😭🥺😠😭😠🙏🥺🙏🥺,why will u people block my whatsapp what i the meaning of that 🥺😭😠😭🥺😠😭😠🙏🥺🙏🥺,0,14,75,12,0,0,1.0,0,1,-0.9686,1,0,1,0.0,0,1,0,1.0,0.0
4807dcbb-8fca-4a76-a302-9324f88e9f1b,WhatsApp,Social Media,Austin Walker,Unknown,5,2025-11-09 17:24:55,I love this app,i love this app,0,4,15,0,0,0,1.0,0,1,0.6369,1,0,1,0.0,0,2,0,5.0,0.0
f1f2f6d5-7638-4612-82d6-5219be5d99d6,WhatsApp,Social Media,Dinesh Devipujak,Unknown,5,2025-11-09 17:24:58,denesh devipujak,denesh devipujak,0,2,16,0,0,0,1.0,0,0,0.0,1,0,1,0.0,0,1,0,5.0,0.0
cb511dc4-880f-4b76-aa69-bf8a90a5e37d,WhatsApp,Social Media,Patrick Zucchini,Unknown,5,2025-11-09 17:25:04,it's so good for keeping my.data safe from hackers,it's so good for keeping my.data safe from hackers,0,9,50,0,0,0,1.0,0,0,0.7264,1,0,1,0.0,0,1,0,5.0,0.0
9132cc95-6eb2-4186-b92f-f8a231fc1f05,WhatsApp,Social Media,Emmanuel Uchendu,Unknown,5,2025-11-09 17:25:29,best app so ever,best app so ever,0,4,16,0,0,0,1.0,0,1,0.6369,1,0,1,0.0,0,1,0,5.0,0.0
d9fc29c0-4184-4e48-b9bf-8729696b784f,WhatsApp,Social Media,Indarjeet Singh Khalsa Kashmiri,Unknown,5,2025-11-09 17:25:42,Best service,best service,0,2,12,0,0,0,1.0,0,0,0.6369,1,0,1,0.0,0,1,0,5.0,0.0
a953438b-21e1-4ddb-beb6-aebac79b139e,WhatsApp,Social Media,Alexander Bond,Unknown,1,2025-11-09 17:28:20,Had zero issues until today. Got banned for no reason. Disgusted,had zero issues until today. got banned for no reason. disgusted,0,11,64,0,0,0,1.0,0,0,-0.3451,1,0,1,0.0,0,1,0,1.0,0.0
55566221-ceb3-4126-b398-fb3c181dcba8,WhatsApp,Social Media,Angela Omenye,Unknown,1,2025-11-09 17:28:53,"The voice notes I send as reply to status doesn't send. I don't know where it disappears to. it just says ""sending reply"" and that's all. It never sends.","the voice notes i send as reply to status doesn't send. i don't know where it disappears to. it just says ""sending reply"" and that's all. it never sends.",0,29,153,0,0,0,0.896551724137931,0,1,-0.34,1,0,1,0.0,0,1,0,1.0,0.0
9563216f-88e3-4199-a7f5-634aae480078,WhatsApp,Social Media,Darshan Gowda,Unknown,3,2025-11-09 17:33:48,creepy WhatsApp.. but can't do anything without it 😭,creepy whatsapp.. but can't do anything without it 😭,0,9,52,1,0,0,1.0,0,1,0.5157,1,0,1,0.0,0,1,0,3.0,0.0
28d29fd8-8672-461b-8210-9465a81b81df,WhatsApp,Social Media,Ronnet Murungi,Unknown,1,2025-11-09 17:34:31,I love my WhatsApp but the problem is it takes longer to respond to my actions,i love my whatsapp but the problem is it takes longer to respond to my actions,0,16,78,0,0,0,0.875,0,1,-0.2382,1,0,1,0.0,0,1,0,1.0,0.0
71511edd-527c-47d2-a9f4-e083c36ad834,WhatsApp,Social Media,simran Simarn,Unknown,4,2025-11-09 17:35:31,buhut amazing hai Bs update karien thori chats ma,buhut amazing hai bs update karien thori chats ma,0,9,49,0,0,0,1.0,0,1,0.5859,1,0,1,0.0,0,1,0,4.0,0.0
bc89b093-f397-44cb-b39f-61b256701b0f,WhatsApp,Social Media,Mark Galubale,Unknown,1,2025-11-09 17:35:31,Why do you keep asking me to download the official whatsapp,why do you keep asking me to download the official whatsapp,0,11,59,0,0,0,1.0,1,1,0.0,1,0,1,0.0,0,1,0,1.0,0.0
5d8b37d8-c69d-4070-ac1d-53bac2623295,WhatsApp,Social Media,DHRUV SHARMA,Unknown,3,2025-11-09 17:38:37,multi account option is there but what about widget ?,multi account option is there but what about widget ?,1,10,53,0,0,0,1.0,0,0,0.0,1,0,1,0.0,0,1,0,3.0,0.0
99706aa2-6748-4af6-b552-979b41801034,WhatsApp,Social Media,Liam Solomons,Unknown,2,2025-11-09 17:42:09,love it,love it,0,2,7,0,0,0,1.0,0,0,0.6369,1,0,1,0.0,0,3,1,2.0,0.0
082c0fbc-d822-4385-b3f4-c47d4444bcc0,WhatsApp,Social Media,Krishna Kumar,Unknown,4,2025-11-09 17:49:03,"There should be an option to turn off auto download for specific chats. Right now this is in the main settings, which enables it for all the chats.","there should be an option to turn off auto download for specific chats. right now this is in the main settings, which enables it for all the chats.",0,28,147,0,0,0,0.8928571428571429,1,0,0.0,1,0,1,0.0,0,1,0,4.0,0.0
4546c443-8182-411e-837e-f52c0bf1405c,WhatsApp,Social Media,Mpho Rasalanavho,Unknown,1,2025-11-09 17:49:23,I cannot see my update,i cannot see my update,0,5,22,0,0,0,1.0,0,0,0.0,1,0,1,0.0,0,1,0,1.0,0.0
5ced82bf-3e06-4aaf-a976-91673e15f0b5,WhatsApp,Social Media,Pavithra Pavi,Unknown,4,2025-11-09 17:52:46,ANM 2years,anm 2years,0,2,10,0,0,1,1.0,0,0,0.0,1,0,1,0.0,0,1,0,4.0,0.0
a908189f-eb7e-44a2-af73-91e958174793,WhatsApp,Social Media,Anuj Prashant Gite,Unknown,1,2025-11-09 17:52:48,It's giving problem to update and getting direct uninstalled,it's giving problem to update and getting direct uninstalled,0,9,60,0,0,0,1.0,1,0,-0.0772,1,0,1,0.0,0,1,0,1.0,0.0
85dcd2f2-307b-4d35-8acd-28e57b5a7c5e,WhatsApp,Social Media,Mart Jeffery,Unknown,2,2025-11-09 17:53:14,Was very good till October update. Now have to sync contacts to be able to quickly share photos.,was very good till october update. now have to sync contacts to be able to quickly share photos.,0,18,96,0,0,0,0.8888888888888888,0,0,0.659,1,0,1,0.0,0,1,1,2.0,0.0
4577667e-e93e-4dc3-bd05-5c331a8002f5,WhatsApp,Social Media,Thembeka Thomo,Unknown,1,2025-11-09 17:53:47,interesting,interesting,0,1,11,0,0,0,1.0,0,0,0.4019,1,0,1,0.0,0,3,0,1.0,0.0
072db931-1722-47b2-b420-4da326a2478f,WhatsApp,Social Media,Adekunle Dasilva,Unknown,4,2025-11-09 17:57:02,My best messaging app gives hope on my chatting family and friends very good,my best messaging app gives hope on my chatting family and friends very good,0,14,76,0,0,0,0.9285714285714286,0,1,0.9245,1,0,1,0.0,0,1,0,4.0,0.0
770feab7-2dc7-4db4-912f-0e57d61cfa09,WhatsApp,Social Media,Moiz,Unknown,2,2025-11-09 17:58:55,Flash light on on video call.jab call karay to flash light on ho.,flash light on on video call.jab call karay to flash light on ho.,0,13,65,0,0,0,0.6923076923076923,0,0,0.0,1,0,1,0.0,0,1,0,2.0,0.0
85dfd22d-7c1a-46bd-a8dd-f35860278fbc,WhatsApp,Social Media,Kevin Bot,Unknown,1,2025-11-09 18:00:08,Number has been blocked without reason,number has been blocked without reason,1,6,38,0,0,0,1.0,0,0,-0.2023,1,0,1,0.0,0,1,0,1.0,0.0
eec3ee6f-ad85-4020-9363-b8ea5665217f,WhatsApp,Social Media,Remas Hasan,Unknown,1,2025-11-09 18:02:07,بجد لو في اقل من كدا كنت اديته,بجد لو في اقل من كدا كنت اديته,0,8,30,0,0,0,1.0,0,0,0.0,1,0,1,0.0,0,1,0,1.0,0.0
785f0389-c337-4419-98d1-6004f024f954,WhatsApp,Social Media,Abba Abba,Unknown,3,2025-11-09 18:02:21,abdullhai,abdullhai,0,1,9,0,0,0,1.0,0,1,0.0,1,0,1,0.0,0,1,0,3.0,0.0
a12e3e08-a3de-4508-981a-0a3b48704b77,WhatsApp,Social Media,Ajid Ansari,Unknown,4,2025-11-09 18:03:52,good 👍,good 👍,0,2,6,1,0,0,1.0,0,0,0.4404,1,0,1,0.0,0,4,0,4.0,0.0
8fe052d2-1228-445d-8138-566fd475d549,WhatsApp,Social Media,Kashif Ali,Unknown,1,2025-11-09 18:05:11,don't watasap block plz plz,don't watasap block plz plz,1,5,27,0,0,0,0.8,0,0,0.3578,1,0,2,11919.0,0,1,0,1.5,0.7071067811865476
966e8bde-2567-4aac-a57a-52af4ebe7ecc,WhatsApp,Social Media,Bolanle Awe,Unknown,5,2025-11-09 18:07:13,it is so good,it is so good,0,4,13,0,0,0,1.0,0,0,0.5777,1,0,1,0.0,0,2,0,5.0,0.0
99a3399e-3ad5-408b-8e96-be2adf6c4aa8,WhatsApp,Social Media,ebrahim Elsalmawy,Unknown,5,2025-11-09 18:07:15,الريبوست نفسى يظهر,الريبوست نفسى يظهر,1,3,18,0,0,0,1.0,0,0,0.0,1,0,1,0.0,0,1,0,5.0,0.0
e22fe8f7-3fa5-499a-98a0-f86221ea9029,WhatsApp,Social Media,Vaq Khan,Unknown,1,2025-11-09 18:07:21,randomly my account has been banned and now I can access WhatsApp as all I get is the loading screen.....please fix asap.,randomly my account has been banned and now i can access whatsapp as all i get is the loading screen.....please fix asap.,2,22,121,0,0,0,0.9545454545454546,0,1,-0.4588,1,0,1,0.0,0,1,0,1.0,0.0
0b7edbdd-673f-4e4e-a1c3-a2bfea8f45ea,WhatsApp,Social Media,Shamila Ahnaf,Unknown,5,2025-11-09 18:07:31,good app for everyone,good app for everyone,0,4,21,0,0,0,1.0,0,1,0.4404,1,0,1,0.0,0,1,0,5.0,0.0
409d8535-5cc3-45a9-82c8-be4609dcfcb3,WhatsApp,Social Media,Soban Sobanrajpoot,Unknown,2,2025-11-09 18:09:05,very good👍,very good👍,1,2,10,1,0,0,1.0,0,0,0.4927,1,0,1,0.0,0,1,0,2.0,0.0
021d2233-c00d-4ad6-a106-f138a27e5abc,WhatsApp,Social Media,Parray Danish,Unknown,5,2025-11-09 18:09:19,Best app,best app,0,2,8,0,0,0,1.0,0,1,0.6369,1,0,1,0.0,0,4,0,5.0,0.0
d6ff6a17-99c4-440e-8fc8-82508669a000,WhatsApp,Social Media,Sami ullah Khan Niazi,Unknown,5,2025-11-09 18:10:11,so good 👍👍👍👍👍,so good 👍👍👍👍👍,0,3,13,5,0,0,1.0,0,0,0.4927,1,0,1,0.0,0,1,0,5.0,0.0
d2d4e963-2baf-4d5b-92ad-8ae27afea4c5,WhatsApp,Social Media,Puja Jha,Unknown,5,2025-11-09 18:11:39,Excellent,excellent,0,1,9,0,0,0,1.0,0,0,0.5719,1,0,1,0.0,0,3,0,5.0,0.0
1357fa84-74ef-43ce-86a5-ea1e8aff5d8f,WhatsApp,Social Media,okunlola ayomide,Unknown,1,2025-11-09 18:12:45,This app is very bad cuz I can be able to login my WhatsApp account again,this app is very bad cuz i can be able to login my whatsapp account again,2,16,73,0,0,0,1.0,0,1,-0.5849,1,0,1,0.0,0,1,0,1.0,0.0
a09d3a4e-8080-4dbe-8385-8afb26db5765,WhatsApp,Social Media,Adán Josué Ortiz,Unknown,5,2025-11-09 18:14:55,Favorite app and most important for me,favorite app and most important for me,1,7,38,0,0,0,1.0,0,1,0.624,1,0,1,0.0,0,1,0,5.0,0.0
6fccf077-7720-4875-9377-4f5b3047064f,WhatsApp,Social Media,Precious Maluleke,Unknown,5,2025-11-09 18:14:56,perfect 👌🏿,perfect 👌🏿,0,2,10,2,0,0,1.0,0,0,0.87,1,0,1,0.0,0,1,0,5.0,0.0
b844d584-33e1-4c8f-a0b1-4a64528b2446,WhatsApp,Social Media,Inkar,Unknown,5,2025-11-09 18:15:13,Жалгас,жалгас,0,1,6,0,0,0,1.0,0,0,0.0,1,0,1,0.0,0,1,0,5.0,0.0
ccd214a4-2483-4612-91d5-680b3b2ea907,WhatsApp,Social Media,Deepesh Prajapati,Unknown,2,2025-11-09 18:17:21,"Every 1-2 days the account is banned without any reason. Even after reporting many times, no solution was found and WhatsApp support is of no use.","every 1-2 days the account is banned without any reason. even after reporting many times, no solution was found and whatsapp support is of no use.",1,26,146,0,0,0,0.9230769230769231,0,1,-0.5365,1,0,1,0.0,0,1,0,2.0,0.0
95063e4d-79cd-4d4a-b743-cc28855ed369,WhatsApp,Social Media,Salman Khan sm,Unknown,5,2025-11-09 18:18:46,please,please,0,1,6,0,0,0,1.0,0,0,0.3182,1,0,1,0.0,0,2,0,5.0,0.0
21981d98-009d-4eb6-a1ac-35d47bf7392d,WhatsApp,Social Media,Ofonuwem Edward,Unknown,5,2025-11-09 18:19:50,Magnificant app,magnificant app,0,2,15,0,0,0,1.0,0,1,0.0,1,0,1,0.0,0,1,0,5.0,0.0
feda6c8c-1dcb-4d1d-b0bf-47cd2c8cfa6b,WhatsApp,Social Media,Alone Vani Ammu,Unknown,1,2025-11-09 18:22:13,WhatsApp is not working on my phone.,whatsapp is not working on my phone.,0,7,36,0,0,0,1.0,0,1,0.0,1,0,1,0.0,0,1,0,1.0,0.0
2925e1fe-f55c-44a4-a99d-5b521813f6d6,WhatsApp,Social Media,flancea Alade,Unknown,5,2025-11-09 18:22:35,you name,you name,0,2,8,0,0,0,1.0,0,0,0.0,1,0,1,0.0,0,1,0,5.0,0.0
0ac723aa-d457-4c71-a780-b936d6dbfdce,WhatsApp,Social Media,Victory Moses,Unknown,1,2025-11-09 18:22:36,It makes u to know people more and have fun ☺️☺️,it makes u to know people more and have fun ☺️☺️,0,11,48,0,0,0,1.0,0,0,0.8612,1,0,1,0.0,0,1,1,1.0,0.0
a29a7ebb-4475-4a0c-968b-9ac82590c10b,WhatsApp,Social Media,Usman Abdulwahab,Unknown,5,2025-11-09 18:22:39,wow what a user-friendly,wow what a user-friendly,0,4,24,0,0,0,1.0,0,0,0.5859,1,0,1,0.0,0,1,0,5.0,0.0
b99016d1-82f5-4147-844c-572ef7b93c5f,WhatsApp,Social Media,Fai Oliver,Unknown,4,2025-11-09 18:22:47,One of the best communication apps I've ever used. But the issue of voice mail pausing every now and then is quite annoying,one of the best communication apps i've ever used. but the issue of voice mail pausing every now and then is quite annoying,0,23,123,0,0,0,0.9130434782608695,0,1,-0.3377,1,0,1,0.0,0,1,0,4.0,0.0
a14ea762-0c20-4fbb-aabe-04ea0874236b,WhatsApp,Social Media,Abdul Abu,Unknown,1,2025-11-09 18:23:20,very useful,very useful,0,2,11,0,0,0,1.0,0,0,0.4927,1,0,1,0.0,0,1,0,1.0,0.0
df5220ec-f747-489f-8bc7-7f4e0a0927ad,WhatsApp,Social Media,Eliza Muyunda,Unknown,5,2025-11-09 18:23:43,This app has helped me a lot to chat and explore with my friends. I highly recommend it to others if haven't downloaded it yet.👍👍✌️,this app has helped me a lot to chat and explore with my friends. i highly recommend it to others if haven't downloaded it yet.👍👍✌️,0,25,131,2,0,0,0.92,1,1,0.7089,1,0,1,0.0,0,1,0,5.0,0.0
9d052307-aa31-439d-bb6e-f9ca90ec0ca4,WhatsApp,Social Media,Komrabai Kamara,Unknown,5,2025-11-09 18:23:51,WhatsApp,whatsapp,0,1,8,0,0,0,1.0,0,1,0.0,1,0,1,0.0,0,11,0,5.0,0.0
3820f14c-38d2-4ed2-b72c-c6ab8d226a40,WhatsApp,Social Media,Somya ranjan swain,Unknown,5,2025-11-09 18:24:00,somyarain swain,somyarain swain,0,2,15,0,0,0,1.0,0,0,0.0,1,0,1,0.0,0,1,0,5.0,0.0
7ed4bbda-ffa1-4506-940a-a4d643d6b046,WhatsApp,Social Media,Carlos Lemayian,Unknown,5,2025-11-09 18:24:18,helpful,helpful,0,1,7,0,0,0,1.0,0,0,0.4215,1,0,1,0.0,0,3,0,5.0,0.0
d8ebcecb-70ca-48ea-8edc-c54e2faa55f3,WhatsApp,Social Media,Joshua Mulenga,Unknown,5,2025-11-09 18:25:13,amazing app,amazing app,0,2,11,0,0,0,1.0,0,1,0.5859,1,0,1,0.0,0,1,0,5.0,0.0
a31600d5-169d-4690-852c-9c8ad8809d62,WhatsApp,Social Media,Samsam Official,Unknown,5,2025-11-09 18:25:17,zu BA,zu ba,0,2,5,0,0,1,1.0,0,0,0.0,1,0,1,0.0,0,1,0,5.0,0.0
c04daa6e-206f-445b-8f44-a1c64abda1e4,WhatsApp,Social Media,Jessica Dyke,Unknown,5,2025-11-09 18:25:28,Fast and reliable,fast and reliable,0,3,17,0,0,0,1.0,0,0,0.0,1,0,1,0.0,0,1,0,5.0,0.0
212ca496-4fee-4b41-adc7-dce69a7daa5f,WhatsApp,Social Media,Trinity Edith,Unknown,3,2025-11-09 18:26:53,Nice app,nice app,0,2,8,0,0,0,1.0,0,1,0.4215,1,0,1,0.0,0,5,0,3.0,0.0
d07fe6e0-b614-47e6-b5de-497ce45665b4,WhatsApp,Social Media,Greg Dana,Unknown,5,2025-11-09 18:27:57,been very good,been very good,0,3,14,0,0,0,1.0,0,0,0.4927,1,0,1,0.0,0,1,0,5.0,0.0
a2f8c6e5-5601-4ac5-aa55-b85f30044f9e,WhatsApp,Social Media,Mahad Khan,Unknown,5,2025-11-09 18:29:51,so much,so much,0,2,7,0,0,0,1.0,0,0,0.0,1,0,1,0.0,0,1,0,5.0,0.0
878de160-72c9-43ec-8029-281e1f1d99f2,WhatsApp,Social Media,Strike Mkandla,Unknown,4,2025-11-09 18:30:31,good morning f,good morning f,0,3,14,0,0,0,1.0,0,0,0.4404,1,0,1,0.0,0,1,0,4.0,0.0
b0945444-c03b-4b82-8929-64c70ab4ffea,WhatsApp,Social Media,Blessings Gangata,Unknown,1,2025-11-09 18:30:33,Smooth 😏😏😏,smooth 😏😏😏,0,2,10,3,0,0,1.0,0,0,0.0,1,0,1,0.0,0,1,0,1.0,0.0
0a084543-a148-464c-a04d-e09c3cd96809,WhatsApp,Social Media,Mohammed Konneh,Unknown,1,2025-11-09 18:32:47,Good Application 👍,good application 👍,0,3,18,1,0,0,1.0,0,1,0.4404,1,0,1,0.0,0,1,0,1.0,0.0
69854c6e-2328-46da-b7e8-cc5585a16275,WhatsApp,Social Media,Akshay Kumar,Unknown,1,2025-11-09 18:33:50,WhatsApp call volume is very low. it is very hard to hear another person's voice. Fix it.,whatsapp call volume is very low. it is very hard to hear another person's voice. fix it.,0,17,89,0,0,0,0.8823529411764706,0,1,-0.4742,1,0,1,0.0,0,1,0,1.0,0.0
a6f4beb9-bbba-4809-9f4e-4948ee21c9b1,WhatsApp,Social Media,niesie Smit,Unknown,2,2025-11-09 18:34:20,WhatsApp is a very reliable and private app thanks for everything watsapp,whatsapp is a very reliable and private app thanks for everything watsapp,0,12,73,0,0,0,1.0,0,1,0.4404,1,0,1,0.0,0,1,0,2.0,0.0
62b803ff-429d-4c80-9007-1e06695d2700,WhatsApp,Social Media,pawni jain,Unknown,3,2025-11-09 18:34:35,time is not correct on WhatsApp so please check this problem and solute....,time is not correct on whatsapp so please check this problem and solute....,0,13,75,0,0,0,1.0,0,1,0.075,1,0,1,0.0,0,1,0,3.0,0.0
2b0da5b4-a772-4511-9f02-c271238c7c1f,WhatsApp,Social Media,Muhammad Abdul Rahman,Unknown,1,2025-11-09 18:35:15,I'm not enjoying WhatsApp again the always log me out when I send message to a stranger number,i'm not enjoying whatsapp again the always log me out when i send message to a stranger number,1,18,94,0,0,0,1.0,0,1,-0.3561,1,0,1,0.0,0,1,0,1.0,0.0
c69248c8-615d-46b5-9ec9-b89b8e043bf1,WhatsApp,Social Media,Patrick antony,Unknown,5,2025-11-09 18:35:49,"9, 11, 2025 9, 11, 2030","9, 11, 2025 9, 11, 2030",0,6,23,0,0,0,0.6666666666666666,0,0,0.0,1,0,1,0.0,0,1,0,5.0,0.0
7bb2d148-b4cf-4845-86fb-4b2781f4fab4,WhatsApp,Social Media,Hasna Sk,Unknown,5,2025-11-09 18:36:56,bapie,bapie,0,1,5,0,0,0,1.0,0,0,0.0,1,0,1,0.0,0,1,0,5.0,0.0
86f7ccff-7e13-4489-ab94-fdc086325446,WhatsApp,Social Media,abu bakka,Unknown,5,2025-11-09 18:37:06,good luck,good luck,0,2,9,0,0,0,1.0,0,0,0.7096,1,0,1,0.0,0,1,0,5.0,0.0
b401b99c-2beb-4c84-a902-a943a4e17d34,WhatsApp,Social Media,Jonathan Ekpa,Unknown,5,2025-11-09 18:37:14,awesome 👌 👏,awesome 👌 👏,0,3,11,2,0,0,1.0,0,0,0.8816,1,0,1,0.0,0,1,0,5.0,0.0
be71c1c6-8a6c-4079-a199-86aa5b41a65e,WhatsApp,Social Media,mahesh chavan fan club,Unknown,1,2025-11-09 18:37:17,useless app of 2025 november,useless app of 2025 november,0,5,28,0,0,0,1.0,0,1,-0.4215,1,0,1,0.0,0,1,0,1.0,0.0
497a5384-4333-483b-856e-200106fc23c8,WhatsApp,Social Media,Tony Victor,Unknown,5,2025-11-09 18:37:47,WhatsApp messenger is the best app,whatsapp messenger is the best app,0,6,34,0,0,0,1.0,0,1,0.6369,1,0,1,0.0,0,1,0,5.0,0.0
e4b17da0-a5ae-473b-b046-12dfa3205ceb,WhatsApp,Social Media,Zanele Mkhize,Unknown,5,2025-11-09 18:37:50,9PM has,9pm has,0,2,7,0,0,1,1.0,0,0,0.0,1,0,1,0.0,0,1,0,5.0,0.0
16b19153-1771-4013-9c59-39d566d294b9,WhatsApp,Social Media,Vishnu bairagi,Unknown,1,2025-11-09 18:38:07,Prem thakur,prem thakur,0,2,11,0,0,0,1.0,0,0,0.0,1,0,1,0.0,0,1,0,1.0,0.0
6ef624e7-066b-4dda-9bbf-60800a0321fb,WhatsApp,Social Media,Rose Fields,Unknown,5,2025-11-09 18:38:21,"vet on Whatsapp l',m payed till Aug 1 2035","vet on whatsapp l',m payed till aug 1 2035",0,9,42,0,0,0,1.0,0,1,0.0,1,0,1,0.0,0,1,0,5.0,0.0
422c9d3d-5458-4081-a2c6-734ca4c76c4d,WhatsApp,Social Media,Agyeman Dua Kwame,Unknown,5,2025-11-09 18:38:47,Very cool app It's just that the AI sometimes makes mistakes,very cool app it's just that the ai sometimes makes mistakes,0,11,60,0,0,1,1.0,0,1,0.024,1,0,1,0.0,0,1,0,5.0,0.0
021b7c71-03d8-4fff-b842-9cb14e8ce437,WhatsApp,Social Media,David Sunday,Unknown,5,2025-11-09 18:39:30,Amazing,amazing,0,1,7,0,0,0,1.0,0,0,0.5859,1,0,1,0.0,0,3,0,5.0,0.0
4b2397c5-3959-46ae-8db9-549c3653111a,WhatsApp,Social Media,Agripina Ponsian,Unknown,5,2025-11-09 18:40:12,my wondering application,my wondering application,0,3,24,0,0,0,1.0,0,1,0.0,1,0,1,0.0,0,1,0,5.0,0.0
f283e540-aad3-4ae6-90c7-7c679fc833bc,WhatsApp,Social Media,Titilayo Adenusi,Unknown,5,2025-11-09 18:40:18,good app,good app,0,2,8,0,0,0,1.0,0,1,0.4404,1,0,1,0.0,0,6,0,5.0,0.0
b8908167-7b2d-42fd-9bc6-7e0a7df3d2e1,WhatsApp,Social Media,taofiki aderoju,Unknown,5,2025-11-09 18:40:36,WhatsApp is very good I do enjoy it,whatsapp is very good i do enjoy it,0,8,35,0,0,0,1.0,0,1,0.7501,1,0,1,0.0,0,1,0,5.0,0.0
0403fcd6-b2dd-4a50-a76b-f77620c9709d,WhatsApp,Social Media,Anus syad,Unknown,1,2025-11-09 18:42:40,Hyeee,hyeee,0,1,5,0,0,0,1.0,0,0,0.0,1,0,1,0.0,0,1,0,1.0,0.0
12c9e819-6f42-4b5e-bd83-1e1bc182e06f,WhatsApp,Social Media,Humayon Kobir,Unknown,5,2025-11-09 18:43:00,best app,best app,0,2,8,0,0,0,1.0,0,1,0.6369,1,0,1,0.0,0,4,0,5.0,0.0
9929264c-a4c8-45ab-be3c-170acb33377e,WhatsApp,Social Media,Jabdbsjssj Jsjsbdbd,Unknown,1,2025-11-09 18:43:06,marufa,marufa,0,1,6,0,0,0,1.0,0,0,0.0,1,0,1,0.0,0,1,0,1.0,0.0
806cbaa5-87e8-44cd-9e70-a37942b65538,WhatsApp,Social Media,Farook Ansari,Unknown,1,2025-11-09 18:43:12,ekadam bekar Hai WhatsApp,ekadam bekar hai whatsapp,0,4,25,0,0,0,1.0,0,1,0.0,1,0,1,0.0,0,1,0,1.0,0.0
37260d59-abaf-463f-a8a8-964dd397ee69,WhatsApp,Social Media,Raduhan Rafi,Unknown,4,2025-11-09 18:43:37,"good , but hard to use","good , but hard to use",0,6,22,0,0,0,1.0,0,0,0.09,1,0,1,0.0,0,1,0,4.0,0.0
cb56d0a5-2976-4b39-aa92-f26bd7998787,WhatsApp,Social Media,Vijaya Vijaya,Unknown,1,2025-11-09 18:43:54,விஜிமா,விஜிமா,0,1,6,0,0,0,1.0,0,0,0.0,1,0,1,0.0,0,1,0,1.0,0.0
b073e637-75f3-4f2f-a7dd-a7e884d1402a,WhatsApp,Social Media,Dvada Mobile,Unknown,1,2025-11-09 18:45:57,loding stock my whatsapp loss my data uninstall but same problem facing reinstall after same problem 😕 new Virson phone new update bt same issue please resolve my problem,loding stock my whatsapp loss my data uninstall but same problem facing reinstall after same problem 😕 new virson phone new update bt same issue please resolve my problem,0,29,170,1,0,0,0.7586206896551724,1,1,-0.836,1,0,1,0.0,0,1,0,1.0,0.0
c134e974-38a9-4144-8d4c-9f2ad5ccb61c,WhatsApp,Social Media,kirabo Claire,Unknown,4,2025-11-09 18:47:25,Ts a nice app to use,ts a nice app to use,0,6,20,0,0,0,1.0,0,1,0.4215,1,0,1,0.0,0,1,0,4.0,0.0
ac008cc7-b61f-45cd-b3e6-46aba96ca2ef,WhatsApp,Social Media,Sanjay Prasad,Unknown,2,2025-11-09 18:47:35,the ader person can see me,the ader person can see me,0,6,26,0,0,0,1.0,0,0,0.0,1,0,1,0.0,0,1,0,2.0,0.0
994f4bdf-e1ba-42a9-8344-768a268c9d2a,WhatsApp,Social Media,Akhaya Biro,Unknown,5,2025-11-09 18:47:52,akhayabiro,akhayabiro,0,1,10,0,0,0,1.0,0,0,0.0,1,0,1,0.0,0,1,0,5.0,0.0
3f1b3902-dd79-4b4f-9628-94e4d9ed8234,WhatsApp,Social Media,Md Shamsad123,Unknown,1,2025-11-09 18:48:01,WhatsApp account bending,whatsapp account bending,0,3,24,0,0,0,1.0,0,1,0.0,1,0,1,0.0,0,1,0,1.0,0.0
e24b8718-ecdd-43fa-af36-cd116bdb1b53,WhatsApp,Social Media,Luqman Abubakar Utono,Unknown,5,2025-11-09 18:49:03,thank you,thank you,0,2,9,0,0,0,1.0,0,0,0.3612,1,0,1,0.0,0,4,0,5.0,0.0
137da1e8-587e-4ffa-af7b-eb44ee798686,WhatsApp,Social Media,Haider Abbas,Unknown,1,2025-11-09 18:49:31,not install,not install,0,2,11,0,0,0,1.0,1,0,0.0,1,0,1,0.0,0,1,0,1.0,0.0
c62528d5-e61f-4f79-8c5c-caacf2d9fa98,WhatsApp,Social Media,Haruna Sasita,Unknown,5,2025-11-09 18:50:17,Saitaharuna,saitaharuna,0,1,11,0,0,0,1.0,0,0,0.0,1,0,1,0.0,0,1,0,5.0,0.0
98d8c837-f594-453f-8ab6-d495901effe6,WhatsApp,Social Media,Sana Rajput,Unknown,5,2025-11-09 18:50:48,Whatsapp OTP not received please slove this problem,whatsapp otp not received please slove this problem,0,8,51,0,0,1,1.0,0,1,-0.5664,1,0,1,0.0,0,1,1,5.0,0.0
91d10316-3e28-4bfc-b4b7-1000acf3d410,WhatsApp,Social Media,Vijay Pratap Singh,Unknown,5,2025-11-09 18:51:44,best ever app and best ever features,best ever app and best ever features,0,7,36,0,0,0,0.7142857142857143,0,1,0.8555,1,0,1,0.0,0,1,0,5.0,0.0
a0de7cd2-dd9f-4a89-b2fa-6444554f401d,WhatsApp,Social Media,Aamir Janan.606,Unknown,5,2025-11-09 18:51:59,helping me,helping me,0,2,10,0,0,0,1.0,0,0,0.296,1,0,1,0.0,0,1,0,5.0,0.0
797a59bf-9afb-4247-9b58-8dc70f807b04,WhatsApp,Social Media,Qazi Rehman,Unknown,1,2025-11-09 18:52:18,request opt problem,request opt problem,0,3,19,0,0,0,1.0,0,0,-0.4019,1,0,1,0.0,0,1,0,1.0,0.0
d6160f19-ed58-4fc8-8408-2a278e9e203c,WhatsApp,Social Media,Aishat Toyosi,Unknown,5,2025-11-09 18:54:30,it's so awesome 👍👍,it's so awesome 👍👍,0,4,18,2,0,0,1.0,0,0,0.659,1,0,1,0.0,0,1,0,5.0,0.0
f56b3330-d1ff-403f-ab2b-4bc7d7571e15,WhatsApp,Social Media,Michael Parry,Unknown,2,2025-11-09 18:55:04,"cannot get rid of unwanted people , on WhatsApp or blocked numbers ? the blocked numbers 🚫 , are still there and are taking up space from scam artists .","cannot get rid of unwanted people , on whatsapp or blocked numbers ? the blocked numbers 🚫 , are still there and are taking up space from scam artists .",0,30,152,1,0,0,0.8666666666666667,0,1,-0.8316,1,0,1,0.0,0,1,0,2.0,0.0
a4c45029-1d46-40e5-b0f6-b69e713fe6db,WhatsApp,Social Media,Earl Keating,Unknown,1,2025-11-09 18:55:25,My WhatsApp account has been terminated for no reason today. I try to log a complaint to find out a reason for this but this does not work either.,my whatsapp account has been terminated for no reason today. i try to log a complaint to find out a reason for this but this does not work either.,0,29,146,0,0,0,0.8275862068965517,0,1,-0.296,1,0,1,0.0,0,1,0,1.0,0.0
6fd7ed3f-fa6f-4af1-a56b-1ef8ce96ba95,WhatsApp,Social Media,Tadar Tatung,Unknown,4,2025-11-09 18:55:28,we need edit-text option for uploaded status. 🙏,we need edit-text option for uploaded status. 🙏,1,8,47,1,0,0,1.0,0,0,0.0,1,0,1,0.0,0,1,0,4.0,0.0
34be75b5-cd19-4fee-973f-e8847a5c56c9,WhatsApp,Social Media,Jeremiah Ayuba John,Unknown,5,2025-11-09 18:56:20,Love it so much,love it so much,0,4,15,0,0,0,1.0,0,0,0.6369,1,0,1,0.0,0,1,0,5.0,0.0
327f0182-685f-4b1a-b83f-379f26583d47,WhatsApp,Social Media,Adama Sesay,Unknown,5,2025-11-09 18:56:28,I want to danload WhatsApp,i want to danload whatsapp,0,5,26,0,0,0,1.0,0,1,0.0772,1,0,1,0.0,0,1,0,5.0,0.0
be31ba26-abb8-468a-949c-feceffc9650d,WhatsApp,Social Media,Arman,Unknown,5,2025-11-09 18:57:51,very good 👍 👏 👌 😀 ☺️,very good 👍 👏 👌 😀 ☺️,0,7,20,4,0,0,1.0,0,0,0.9303,1,0,1,0.0,0,1,0,5.0,0.0
0642e2d4-f00a-4699-9154-8d54388e3a28,WhatsApp,Social Media,Olebogeng Lekalakala,Unknown,5,2025-11-09 18:58:07,"this app is more interesting ,good vibing","this app is more interesting ,good vibing",0,7,41,0,0,0,1.0,0,1,0.7328,1,0,1,0.0,0,1,0,5.0,0.0
7fa8dc5a-8067-42cf-8635-5d82c2d80fc1,WhatsApp,Social Media,Mr. GIRI (Samir),Unknown,1,2025-11-09 18:58:16,loading issue,loading issue,0,2,13,0,0,0,1.0,0,0,0.0,1,0,1,0.0,0,1,0,1.0,0.0
41c4f113-d70f-45d0-ace8-6bbfd2ce1ec5,WhatsApp,Social Media,Safiya Farman,Unknown,4,2025-11-09 18:58:17,very nice,very nice,0,2,9,0,0,0,1.0,0,0,0.4754,1,0,1,0.0,0,4,0,4.0,0.0
7318a338-c7a9-4d94-9503-67561e8e0246,WhatsApp,Social Media,Arpita Shaw,Unknown,1,2025-11-09 18:59:37,I can't able to view anyone's bio. that's ridiculous. hope you fix it soon.,i can't able to view anyone's bio. that's ridiculous. hope you fix it soon.,0,14,75,0,0,0,1.0,0,0,0.1027,1,0,1,0.0,0,1,0,1.0,0.0
4f72acb9-a248-4247-ab43-29fc15072f80,WhatsApp,Social Media,Azhar iqbal GM,Unknown,1,2025-11-09 18:59:46,Data doesn't get recovered. Farig app.,data doesn't get recovered. farig app.,0,6,38,0,0,0,1.0,0,1,0.0,1,0,1,0.0,0,1,0,1.0,0.0
0c2b7fb4-f3ee-4c62-bb03-78a1274a4000,WhatsApp,Social Media,Merlise Jaftha,Unknown,5,2025-11-09 19:00:01,it's better then Whatsapp Business,it's better then whatsapp business,0,5,34,0,0,0,1.0,0,1,0.4404,1,0,1,0.0,0,1,0,5.0,0.0
004c535d-3392-49b0-b0ff-78c75429070c,WhatsApp,Social Media,Allan Boyd,Unknown,1,2025-11-09 19:00:41,Full of scammers!!!,full of scammers!!!,0,3,19,0,0,0,1.0,0,0,0.0,1,0,1,0.0,0,1,0,1.0,0.0
21012090-cfb4-4d9d-872b-966be95084b6,WhatsApp,Social Media,Mohd Rizwan,Unknown,3,2025-11-09 19:00:49,MOHDRIZWAN,mohdrizwan,0,1,10,0,0,1,1.0,0,0,0.0,1,0,1,0.0,0,1,0,3.0,0.0
44b71cd5-ba25-4758-9aaa-ccaa1ff97a95,WhatsApp,Social Media,Serrr Jammeh,Unknown,5,2025-11-09 19:01:13,Ebrima jfatjo,ebrima jfatjo,0,2,13,0,0,0,1.0,0,0,0.0,1,0,1,0.0,0,1,0,5.0,0.0
6626f45c-44d9-4d8b-a03b-17f824e3fbf7,WhatsApp,Social Media,Rhaphel Nyaruai,Unknown,5,2025-11-09 19:01:25,I like it,i like it,0,3,9,0,0,0,1.0,0,0,0.3612,1,0,1,0.0,0,2,0,5.0,0.0
e382b526-251d-4163-88c6-94491a8f9fe3,WhatsApp,Social Media,Abdullahi Sani,Unknown,3,2025-11-09 19:01:41,aeqgopuy hb hssaz,aeqgopuy hb hssaz,0,3,17,0,0,0,1.0,0,0,0.0,1,0,1,0.0,0,1,0,3.0,0.0
a4e4edf8-58b0-4c24-bc37-8e4bf00f5bd3,WhatsApp,Social Media,Mustapha Muktar,Unknown,5,2025-11-09 19:02:45,Please my WhatsApp number is not working properly and I want to chat pls Make it clear My WhatsApp number is not working properly,please my whatsapp number is not working properly and i want to chat pls make it clear my whatsapp number is not working properly,0,24,129,0,0,0,0.7083333333333334,0,1,0.7269,1,0,1,0.0,0,1,0,5.0,0.0
